ID1	ID2	Name1	Name2	Separation	ATC_Codes1	ATC_Codes2	Reported_Interaction	Reported_Combination
DB04599	DB07080	Aniracetam	TO-901317	1.2999999999999998	N		False	False
DB04599	DB08175	Aniracetam	(2E,4E)-11-METHOXY-3,7,11-TRIMETHYLDODECA-2,4-DIENOIC ACID	1.2619047619047619	N		False	False
DB04599	DB01388	Aniracetam	Mibefradil	1.193939393939394	N	C	False	False
DB04149	DB02659	(R)-Rolipram	Cholic Acid	1.1853002070393375		A	False	False
DB04599	DB07996	Aniracetam	5-(2-methylpiperazine-1-sulfonyl)isoquinoline	1.1666666666666665	N		False	False
DB04599	DB07997	Aniracetam	N-[2-(METHYLAMINO)ETHYL]-5-ISOQUINOLINESULFONAMIDE	1.1666666666666665	N		False	False
DB04599	DB02659	Aniracetam	Cholic Acid	1.1609523809523807	N	A	False	False
DB00694	DB00622	Daunorubicin	Nicardipine	1.1529411764705884	L	C	False	False
DB00380	DB00622	Dexrazoxane	Nicardipine	1.1529411764705884	V	C	False	False
DB00773	DB00622	Etoposide	Nicardipine	1.1529411764705884	L	C	False	False
DB07863	DB04599	2-chloro-5-nitro-N-phenylbenzamide	Aniracetam	1.1428571428571428		N	False	False
DB08073	DB04599	(2S)-1-(1H-INDOL-3-YL)-3-{[5-(3-METHYL-1H-INDAZOL-5-YL)PYRIDIN-3-YL]OXY}PROPAN-2-AMINE	Aniracetam	1.125		N	False	False
DB07859	DB04599	4-(4-CHLOROPHENYL)-4-[4-(1H-PYRAZOL-4-YL)PHENYL]PIPERIDINE	Aniracetam	1.125		N	False	False
DB08756	DB04599	Y-27632	Aniracetam	1.125		N	False	False
DB04599	DB07995	Aniracetam	H-89	1.119047619047619	N		False	False
DB04599	DB00459	Aniracetam	Acitretin	1.1103896103896103	N	D	False	False
DB04599	DB00393	Aniracetam	Nimodipine	1.1071428571428572	N	C	False	False
DB04599	DB03756	Aniracetam	Doconexent	1.1	N		False	False
DB00694	DB02659	Daunorubicin	Cholic Acid	1.098343685300207	L	A	False	False
DB00380	DB02659	Dexrazoxane	Cholic Acid	1.098343685300207	V	A	False	False
DB00773	DB02659	Etoposide	Cholic Acid	1.098343685300207	L	A	False	False
DB04149	DB00622	(R)-Rolipram	Nicardipine	1.0941176470588234		C	False	False
DB04149	DB00281	(R)-Rolipram	Lidocaine	1.0873015873015874		C, S, R, N, D	False	False
DB04149	DB00818	(R)-Rolipram	Propofol	1.0857142857142856		N	False	False
DB00773	DB00818	Etoposide	Propofol	1.0857142857142856	L	N	False	False
DB00380	DB00818	Dexrazoxane	Propofol	1.0857142857142856	V	N	False	False
DB00694	DB00818	Daunorubicin	Propofol	1.0857142857142856	L	N	False	False
DB00694	DB00393	Daunorubicin	Nimodipine	1.0833333333333335	L	C	False	False
DB00773	DB00393	Etoposide	Nimodipine	1.0833333333333335	L	C	False	False
DB00380	DB00393	Dexrazoxane	Nimodipine	1.0833333333333335	V	C	False	False
DB15399	DB02659	BMS-754807	Cholic Acid	1.0548654244306417		A	False	False
DB04599	DB01645	Aniracetam	Genistein	1.0407239819004526	N		False	False
DB00380	DB01268	Dexrazoxane	Sunitinib	1.0375	V	L	True	False
DB00773	DB01268	Etoposide	Sunitinib	1.0375	L	L	False	False
DB00694	DB01268	Daunorubicin	Sunitinib	1.0375	L	L	False	False
DB00380	DB01388	Dexrazoxane	Mibefradil	1.0349650349650348	V	C	False	False
DB00694	DB01388	Daunorubicin	Mibefradil	1.0349650349650348	L	C	False	False
DB00773	DB01388	Etoposide	Mibefradil	1.0349650349650348	L	C	False	False
DB00773	DB06589	Etoposide	Pazopanib	1.0333333333333334	L	L	False	False
DB00694	DB06589	Daunorubicin	Pazopanib	1.0333333333333334	L	L	False	False
DB00380	DB06589	Dexrazoxane	Pazopanib	1.0333333333333334	V	L	True	False
DB04599	DB06589	Aniracetam	Pazopanib	1.0214285714285716	N	L	False	False
DB02659	DB07996	Cholic Acid	5-(2-methylpiperazine-1-sulfonyl)isoquinoline	1.0113871635610767	A		False	False
DB02659	DB07997	Cholic Acid	N-[2-(METHYLAMINO)ETHYL]-5-ISOQUINOLINESULFONAMIDE	1.0113871635610767	A		False	False
DB04599	DB01234	Aniracetam	Dexamethasone	1.011111111111111	N	C, A, S, R, H, D	False	False
DB04599	DB14649	Aniracetam	Dexamethasone acetate	1.011111111111111	N		False	False
DB15399	DB04149	BMS-754807	(R)-Rolipram	1.0			False	False
DB15399	DB08073	BMS-754807	(2S)-1-(1H-INDOL-3-YL)-3-{[5-(3-METHYL-1H-INDAZOL-5-YL)PYRIDIN-3-YL]OXY}PROPAN-2-AMINE	1.0			False	False
DB15399	DB00694	BMS-754807	Daunorubicin	1.0		L	False	False
DB15399	DB07080	BMS-754807	TO-901317	1.0			False	False
DB15399	DB04599	BMS-754807	Aniracetam	1.0		N	False	False
DB04149	DB07080	(R)-Rolipram	TO-901317	1.0			False	False
DB07863	DB01092	2-chloro-5-nitro-N-phenylbenzamide	Ouabain	1.0		C	False	False
DB07863	DB00619	2-chloro-5-nitro-N-phenylbenzamide	Imatinib	1.0		L	False	False
DB08073	DB08877	(2S)-1-(1H-INDOL-3-YL)-3-{[5-(3-METHYL-1H-INDAZOL-5-YL)PYRIDIN-3-YL]OXY}PROPAN-2-AMINE	Ruxolitinib	1.0		L	False	False
DB07557	DB04599	3,20-Pregnanedione	Aniracetam	1.0		N	False	False
DB01092	DB07594	Ouabain	CCT-018159	1.0	C		False	False
DB08073	DB08895	(2S)-1-(1H-INDOL-3-YL)-3-{[5-(3-METHYL-1H-INDAZOL-5-YL)PYRIDIN-3-YL]OXY}PROPAN-2-AMINE	Tofacitinib	1.0		L	False	False
DB08073	DB07080	(2S)-1-(1H-INDOL-3-YL)-3-{[5-(3-METHYL-1H-INDAZOL-5-YL)PYRIDIN-3-YL]OXY}PROPAN-2-AMINE	TO-901317	1.0			False	False
DB07863	DB15399	2-chloro-5-nitro-N-phenylbenzamide	BMS-754807	1.0			False	False
DB00694	DB03496	Daunorubicin	Alvocidib	1.0	L		False	False
DB04599	DB00619	Aniracetam	Imatinib	1.0	N	L	False	False
DB08756	DB08877	Y-27632	Ruxolitinib	1.0		L	False	False
DB08756	DB08895	Y-27632	Tofacitinib	1.0		L	False	False
DB00380	DB01259	Dexrazoxane	Lapatinib	1.0	V	L	False	False
DB00380	DB07594	Dexrazoxane	CCT-018159	1.0	V		False	False
DB07080	DB00619	TO-901317	Imatinib	1.0		L	False	False
DB01092	DB08877	Ouabain	Ruxolitinib	1.0	C	L	False	False
DB01092	DB04599	Ouabain	Aniracetam	1.0	C	N	False	False
DB04149	DB01259	(R)-Rolipram	Lapatinib	1.0		L	False	False
DB04149	DB03756	(R)-Rolipram	Doconexent	1.0			False	False
DB01092	DB07080	Ouabain	TO-901317	1.0	C		False	False
DB04149	DB01393	(R)-Rolipram	Bezafibrate	1.0		C	False	False
DB04149	DB08916	(R)-Rolipram	Afatinib	1.0		L	False	False
DB01393	DB00619	Bezafibrate	Imatinib	1.0	C	L	False	False
DB00773	DB07594	Etoposide	CCT-018159	1.0	L		False	False
DB15399	DB00773	BMS-754807	Etoposide	1.0		L	False	False
DB00380	DB08895	Dexrazoxane	Tofacitinib	1.0	V	L	False	False
DB05134	DB01092	Tanespimycin	Ouabain	1.0		C	False	False
DB05134	DB00773	Tanespimycin	Etoposide	1.0		L	False	False
DB05134	DB00694	Tanespimycin	Daunorubicin	1.0		L	False	False
DB05134	DB04149	Tanespimycin	(R)-Rolipram	1.0			False	False
DB07080	DB08895	TO-901317	Tofacitinib	1.0		L	False	False
DB00773	DB07996	Etoposide	5-(2-methylpiperazine-1-sulfonyl)isoquinoline	1.0	L		False	False
DB00380	DB03496	Dexrazoxane	Alvocidib	1.0	V		False	False
DB00380	DB07996	Dexrazoxane	5-(2-methylpiperazine-1-sulfonyl)isoquinoline	1.0	V		False	False
DB08756	DB07080	Y-27632	TO-901317	1.0			False	False
DB00380	DB08916	Dexrazoxane	Afatinib	1.0	V	L	False	False
DB00380	DB04599	Dexrazoxane	Aniracetam	1.0	V	N	False	False
DB00380	DB01092	Dexrazoxane	Ouabain	1.0	V	C	False	False
DB00380	DB08756	Dexrazoxane	Y-27632	1.0	V		False	False
DB07080	DB08877	TO-901317	Ruxolitinib	1.0		L	False	False
DB00380	DB08877	Dexrazoxane	Ruxolitinib	1.0	V	L	True	False
DB00694	DB07594	Daunorubicin	CCT-018159	1.0	L		False	False
DB00694	DB08916	Daunorubicin	Afatinib	1.0	L	L	False	False
DB00773	DB08916	Etoposide	Afatinib	1.0	L	L	False	False
DB00773	DB01259	Etoposide	Lapatinib	1.0	L	L	False	False
DB00619	DB03756	Imatinib	Doconexent	1.0	L		False	False
DB00380	DB04149	Dexrazoxane	(R)-Rolipram	1.0	V		False	False
DB00694	DB07997	Daunorubicin	N-[2-(METHYLAMINO)ETHYL]-5-ISOQUINOLINESULFONAMIDE	1.0	L		False	False
DB00773	DB04599	Etoposide	Aniracetam	1.0	L	N	False	False
DB00773	DB01092	Etoposide	Ouabain	1.0	L	C	False	False
DB00773	DB08756	Etoposide	Y-27632	1.0	L		False	False
DB00773	DB07080	Etoposide	TO-901317	1.0	L		False	False
DB00773	DB07997	Etoposide	N-[2-(METHYLAMINO)ETHYL]-5-ISOQUINOLINESULFONAMIDE	1.0	L		False	False
DB07863	DB08877	2-chloro-5-nitro-N-phenylbenzamide	Ruxolitinib	1.0		L	False	False
DB07863	DB08895	2-chloro-5-nitro-N-phenylbenzamide	Tofacitinib	1.0		L	False	False
DB15399	DB00380	BMS-754807	Dexrazoxane	1.0		V	False	False
DB15399	DB01393	BMS-754807	Bezafibrate	1.0		C	False	False
DB08877	DB07996	Ruxolitinib	5-(2-methylpiperazine-1-sulfonyl)isoquinoline	1.0	L		False	False
DB08877	DB03756	Ruxolitinib	Doconexent	1.0	L		False	False
DB08877	DB07997	Ruxolitinib	N-[2-(METHYLAMINO)ETHYL]-5-ISOQUINOLINESULFONAMIDE	1.0	L		False	False
DB08895	DB07997	Tofacitinib	N-[2-(METHYLAMINO)ETHYL]-5-ISOQUINOLINESULFONAMIDE	1.0	L		False	False
DB00380	DB07997	Dexrazoxane	N-[2-(METHYLAMINO)ETHYL]-5-ISOQUINOLINESULFONAMIDE	1.0	V		False	False
DB08895	DB07996	Tofacitinib	5-(2-methylpiperazine-1-sulfonyl)isoquinoline	1.0	L		False	False
DB04599	DB01393	Aniracetam	Bezafibrate	1.0	N	C	False	False
DB07080	DB07996	TO-901317	5-(2-methylpiperazine-1-sulfonyl)isoquinoline	1.0			False	False
DB05134	DB04599	Tanespimycin	Aniracetam	1.0		N	False	False
DB07080	DB07997	TO-901317	N-[2-(METHYLAMINO)ETHYL]-5-ISOQUINOLINESULFONAMIDE	1.0			False	False
DB00380	DB07080	Dexrazoxane	TO-901317	1.0	V		False	False
DB04149	DB07594	(R)-Rolipram	CCT-018159	1.0			False	False
DB01092	DB08895	Ouabain	Tofacitinib	1.0	C	L	False	False
DB05134	DB00380	Tanespimycin	Dexrazoxane	1.0		V	False	False
DB04599	DB07594	Aniracetam	CCT-018159	1.0	N		False	False
DB15399	DB08756	BMS-754807	Y-27632	1.0			False	False
DB01092	DB03756	Ouabain	Doconexent	1.0	C		False	False
DB07859	DB07080	4-(4-CHLOROPHENYL)-4-[4-(1H-PYRAZOL-4-YL)PHENYL]PIPERIDINE	TO-901317	1.0			False	False
DB07859	DB08877	4-(4-CHLOROPHENYL)-4-[4-(1H-PYRAZOL-4-YL)PHENYL]PIPERIDINE	Ruxolitinib	1.0		L	False	False
DB07859	DB08895	4-(4-CHLOROPHENYL)-4-[4-(1H-PYRAZOL-4-YL)PHENYL]PIPERIDINE	Tofacitinib	1.0		L	False	False
DB00694	DB04599	Daunorubicin	Aniracetam	1.0	L	N	False	False
DB00694	DB01092	Daunorubicin	Ouabain	1.0	L	C	False	False
DB00694	DB08756	Daunorubicin	Y-27632	1.0	L		False	False
DB00694	DB04149	Daunorubicin	(R)-Rolipram	1.0	L		False	False
DB00694	DB08877	Daunorubicin	Ruxolitinib	1.0	L	L	False	False
DB00694	DB08895	Daunorubicin	Tofacitinib	1.0	L	L	False	False
DB00773	DB04149	Etoposide	(R)-Rolipram	1.0	L		False	False
DB15399	DB01092	BMS-754807	Ouabain	1.0		C	False	False
DB00694	DB07080	Daunorubicin	TO-901317	1.0	L		False	False
DB15399	DB03756	BMS-754807	Doconexent	1.0			False	False
DB07863	DB04149	2-chloro-5-nitro-N-phenylbenzamide	(R)-Rolipram	1.0			False	False
DB15399	DB07997	BMS-754807	N-[2-(METHYLAMINO)ETHYL]-5-ISOQUINOLINESULFONAMIDE	1.0			False	False
DB08895	DB01393	Tofacitinib	Bezafibrate	1.0	L	C	False	False
DB04149	DB04599	(R)-Rolipram	Aniracetam	1.0		N	False	False
DB04149	DB01092	(R)-Rolipram	Ouabain	1.0		C	False	False
DB08877	DB01393	Ruxolitinib	Bezafibrate	1.0	L	C	False	False
DB15399	DB07996	BMS-754807	5-(2-methylpiperazine-1-sulfonyl)isoquinoline	1.0			False	False
DB08895	DB03756	Tofacitinib	Doconexent	1.0	L		False	False
DB01092	DB01393	Ouabain	Bezafibrate	1.0	C	C	False	False
DB00773	DB03496	Etoposide	Alvocidib	1.0	L		False	False
DB00694	DB01259	Daunorubicin	Lapatinib	1.0	L	L	False	False
DB04149	DB08877	(R)-Rolipram	Ruxolitinib	1.0		L	False	False
DB04149	DB08895	(R)-Rolipram	Tofacitinib	1.0		L	False	False
DB00773	DB08877	Etoposide	Ruxolitinib	1.0	L	L	True	False
DB00773	DB08895	Etoposide	Tofacitinib	1.0	L	L	False	False
DB00694	DB07996	Daunorubicin	5-(2-methylpiperazine-1-sulfonyl)isoquinoline	1.0	L		False	False
DB15399	DB07859	BMS-754807	4-(4-CHLOROPHENYL)-4-[4-(1H-PYRAZOL-4-YL)PHENYL]PIPERIDINE	1.0			False	False
DB04149	DB01645	(R)-Rolipram	Genistein	0.98974358974359			False	False
DB00380	DB11800	Dexrazoxane	Tivozanib	0.9860139860139863	V	L	False	False
DB00694	DB11800	Daunorubicin	Tivozanib	0.9860139860139863	L	L	False	False
DB00773	DB11800	Etoposide	Tivozanib	0.9860139860139863	L	L	False	False
DB00694	DB00281	Daunorubicin	Lidocaine	0.9761904761904763	L	C, S, R, N, D	False	False
DB00773	DB00281	Etoposide	Lidocaine	0.9761904761904763	L	C, S, R, N, D	False	False
DB00380	DB00281	Dexrazoxane	Lidocaine	0.9761904761904763	V	C, S, R, N, D	False	False
DB04599	DB04216	Aniracetam	Quercetin	0.9719235364396654	N		False	False
DB04149	DB13956	(R)-Rolipram	Estradiol valerate	0.9666666666666666			False	False
DB04149	DB13954	(R)-Rolipram	Estradiol cypionate	0.9666666666666666			False	False
DB04599	DB08896	Aniracetam	Regorafenib	0.9621212121212119	N	L	False	False
DB15399	DB01388	BMS-754807	Mibefradil	0.9580419580419581		C	False	False
DB04599	DB12695	Aniracetam	Phenethyl Isothiocyanate	0.9537414965986393	N		False	False
DB02659	DB00818	Cholic Acid	Propofol	0.9501831501831501	A	N	False	False
DB05266	DB02659	Ibudilast	Cholic Acid	0.9501831501831501	R	A	True	False
DB15399	DB06589	BMS-754807	Pazopanib	0.95		L	False	False
DB07863	DB06589	2-chloro-5-nitro-N-phenylbenzamide	Pazopanib	0.95		L	False	False
DB06589	DB07997	Pazopanib	N-[2-(METHYLAMINO)ETHYL]-5-ISOQUINOLINESULFONAMIDE	0.95	L		False	False
DB06589	DB07996	Pazopanib	5-(2-methylpiperazine-1-sulfonyl)isoquinoline	0.95	L		False	False
DB01092	DB06589	Ouabain	Pazopanib	0.95	C	L	False	False
DB07859	DB06589	4-(4-CHLOROPHENYL)-4-[4-(1H-PYRAZOL-4-YL)PHENYL]PIPERIDINE	Pazopanib	0.95		L	False	False
DB08073	DB06589	(2S)-1-(1H-INDOL-3-YL)-3-{[5-(3-METHYL-1H-INDAZOL-5-YL)PYRIDIN-3-YL]OXY}PROPAN-2-AMINE	Pazopanib	0.95		L	False	False
DB04149	DB06589	(R)-Rolipram	Pazopanib	0.95		L	False	False
DB08756	DB06589	Y-27632	Pazopanib	0.95		L	False	False
DB04599	DB00436	Aniracetam	Bendroflumethiazide	0.9444444444444446	N	C, G	False	False
DB07080	DB00622	TO-901317	Nicardipine	0.9428571428571428		C	False	False
DB07863	DB01388	2-chloro-5-nitro-N-phenylbenzamide	Mibefradil	0.9415584415584417		C	False	False
DB07080	DB01268	TO-901317	Sunitinib	0.9375		L	False	False
DB04599	DB01268	Aniracetam	Sunitinib	0.9375	N	L	False	False
DB04149	DB01268	(R)-Rolipram	Sunitinib	0.9375		L	False	False
DB01092	DB01268	Ouabain	Sunitinib	0.9375	C	L	False	False
DB07859	DB01268	4-(4-CHLOROPHENYL)-4-[4-(1H-PYRAZOL-4-YL)PHENYL]PIPERIDINE	Sunitinib	0.9375		L	False	False
DB07080	DB06486	TO-901317	Enzastaurin	0.9375			False	False
DB01393	DB01268	Bezafibrate	Sunitinib	0.9375	C	L	False	False
DB15399	DB01268	BMS-754807	Sunitinib	0.9375		L	False	False
DB01268	DB07996	Sunitinib	5-(2-methylpiperazine-1-sulfonyl)isoquinoline	0.9375	L		False	False
DB04599	DB01115	Aniracetam	Nifedipine	0.9375	N	C	False	False
DB01268	DB07997	Sunitinib	N-[2-(METHYLAMINO)ETHYL]-5-ISOQUINOLINESULFONAMIDE	0.9375	L		False	False
DB08756	DB01268	Y-27632	Sunitinib	0.9375		L	False	False
DB01268	DB03756	Sunitinib	Doconexent	0.9375	L		False	False
DB07863	DB01268	2-chloro-5-nitro-N-phenylbenzamide	Sunitinib	0.9375		L	False	False
DB08073	DB01268	(2S)-1-(1H-INDOL-3-YL)-3-{[5-(3-METHYL-1H-INDAZOL-5-YL)PYRIDIN-3-YL]OXY}PROPAN-2-AMINE	Sunitinib	0.9375		L	False	False
DB04599	DB00132	Aniracetam	alpha-Linolenic acid	0.9303030303030306	N		False	False
DB04599	DB00412	Aniracetam	Rosiglitazone	0.9285714285714286	N	A	False	False
DB00380	DB00836	Dexrazoxane	Loperamide	0.9285714285714286	V	A	False	False
DB08895	DB00459	Tofacitinib	Acitretin	0.9285714285714286	L	D	False	False
DB08895	DB00412	Tofacitinib	Rosiglitazone	0.9285714285714286	L	A	False	False
DB05134	DB00459	Tanespimycin	Acitretin	0.9285714285714286		D	False	False
DB00459	DB07594	Acitretin	CCT-018159	0.9285714285714286	D		False	False
DB04149	DB00836	(R)-Rolipram	Loperamide	0.9285714285714286		A	False	False
DB01092	DB00412	Ouabain	Rosiglitazone	0.9285714285714286	C	A	False	False
DB01092	DB00459	Ouabain	Acitretin	0.9285714285714286	C	D	False	False
DB00459	DB00619	Acitretin	Imatinib	0.9285714285714286	D	L	False	False
DB01092	DB00836	Ouabain	Loperamide	0.9285714285714286	C	A	False	False
DB00694	DB00836	Daunorubicin	Loperamide	0.9285714285714286	L	A	False	False
DB00773	DB00836	Etoposide	Loperamide	0.9285714285714286	L	A	False	False
DB04149	DB00412	(R)-Rolipram	Rosiglitazone	0.9285714285714286		A	False	False
DB00412	DB00619	Rosiglitazone	Imatinib	0.9285714285714286	A	L	False	False
DB04149	DB00459	(R)-Rolipram	Acitretin	0.9285714285714286		D	False	False
DB00836	DB00619	Loperamide	Imatinib	0.9285714285714286	A	L	False	False
DB08877	DB00412	Ruxolitinib	Rosiglitazone	0.9285714285714286	L	A	False	False
DB15399	DB00459	BMS-754807	Acitretin	0.9285714285714286		D	False	False
DB15399	DB00412	BMS-754807	Rosiglitazone	0.9285714285714286		A	False	False
DB08877	DB00459	Ruxolitinib	Acitretin	0.9285714285714286	L	D	False	False
DB04599	DB06195	Aniracetam	Seliciclib	0.9285714285714286	N		False	False
DB08895	DB01388	Tofacitinib	Mibefradil	0.9272727272727275	L	C	False	False
DB08877	DB01388	Ruxolitinib	Mibefradil	0.9272727272727275	L	C	False	False
DB07863	DB00818	2-chloro-5-nitro-N-phenylbenzamide	Propofol	0.925		N	False	False
DB01092	DB00818	Ouabain	Propofol	0.925	C	N	False	False
DB05134	DB02659	Tanespimycin	Cholic Acid	0.9244306418219463		A	False	False
DB02659	DB07594	Cholic Acid	CCT-018159	0.9244306418219463	A		False	False
DB08756	DB02659	Y-27632	Cholic Acid	0.920952380952381		A	False	False
DB08073	DB02659	(2S)-1-(1H-INDOL-3-YL)-3-{[5-(3-METHYL-1H-INDAZOL-5-YL)PYRIDIN-3-YL]OXY}PROPAN-2-AMINE	Cholic Acid	0.920952380952381		A	False	False
DB07859	DB02659	4-(4-CHLOROPHENYL)-4-[4-(1H-PYRAZOL-4-YL)PHENYL]PIPERIDINE	Cholic Acid	0.920952380952381		A	False	False
DB07080	DB08896	TO-901317	Regorafenib	0.9166666666666665		L	False	False
DB07557	DB04149	3,20-Pregnanedione	(R)-Rolipram	0.9166666666666665			False	False
DB04599	DB01016	Aniracetam	Glyburide	0.9166666666666665	N	A	False	False
DB15399	DB00393	BMS-754807	Nimodipine	0.9166666666666665		C	False	False
DB15399	DB07557	BMS-754807	3,20-Pregnanedione	0.9166666666666665			False	False
DB04599	DB01054	Aniracetam	Nitrendipine	0.9155844155844157	N	C	False	False
DB04599	DB05266	Aniracetam	Ibudilast	0.9111111111111112	N	R	False	False
DB04599	DB00210	Aniracetam	Adapalene	0.9102564102564106	N	D	False	False
DB01092	DB11800	Ouabain	Tivozanib	0.9090909090909092	C	L	False	False
DB04149	DB11800	(R)-Rolipram	Tivozanib	0.9090909090909092		L	False	False
DB04599	DB11800	Aniracetam	Tivozanib	0.9090909090909092	N	L	False	False
DB07080	DB11800	TO-901317	Tivozanib	0.9090909090909092		L	False	False
DB08756	DB11800	Y-27632	Tivozanib	0.9090909090909092		L	False	False
DB15399	DB11800	BMS-754807	Tivozanib	0.9090909090909092		L	False	False
DB11800	DB07996	Tivozanib	5-(2-methylpiperazine-1-sulfonyl)isoquinoline	0.9090909090909092	L		False	False
DB11800	DB07997	Tivozanib	N-[2-(METHYLAMINO)ETHYL]-5-ISOQUINOLINESULFONAMIDE	0.9090909090909092	L		False	False
DB04599	DB00622	Aniracetam	Nicardipine	0.9052631578947368	N	C	False	False
DB01092	DB00393	Ouabain	Nimodipine	0.9038461538461537	C	C	False	False
DB07080	DB01388	TO-901317	Mibefradil	0.9037433155080212		C	False	False
DB00818	DB01388	Propofol	Mibefradil	0.9022727272727273	N	C	True	False
DB04149	DB14649	(R)-Rolipram	Dexamethasone acetate	0.8999999999999999			False	False
DB00380	DB14649	Dexrazoxane	Dexamethasone acetate	0.8999999999999999	V		False	False
DB04149	DB01234	(R)-Rolipram	Dexamethasone	0.8999999999999999		C, A, S, R, H, D	False	False
DB04149	DB02546	(R)-Rolipram	Vorinostat	0.8999999999999999		L	False	False
DB15399	DB14649	BMS-754807	Dexamethasone acetate	0.8999999999999999			False	False
DB04149	DB00675	(R)-Rolipram	Tamoxifen	0.8999999999999999		L	False	False
DB00694	DB01234	Daunorubicin	Dexamethasone	0.8999999999999999	L	C, A, S, R, H, D	True	False
DB00694	DB14649	Daunorubicin	Dexamethasone acetate	0.8999999999999999	L		False	False
DB08877	DB14649	Ruxolitinib	Dexamethasone acetate	0.8999999999999999	L		False	False
DB00773	DB01234	Etoposide	Dexamethasone	0.8999999999999999	L	C, A, S, R, H, D	False	False
DB08895	DB01234	Tofacitinib	Dexamethasone	0.8999999999999999	L	C, A, S, R, H, D	False	False
DB00773	DB14649	Etoposide	Dexamethasone acetate	0.8999999999999999	L		False	False
DB00380	DB01234	Dexrazoxane	Dexamethasone	0.8999999999999999	V	C, A, S, R, H, D	True	False
DB15399	DB01234	BMS-754807	Dexamethasone	0.8999999999999999		C, A, S, R, H, D	False	False
DB07080	DB02546	TO-901317	Vorinostat	0.8999999999999999		L	False	False
DB04599	DB02546	Aniracetam	Vorinostat	0.8999999999999999	N	L	False	False
DB08877	DB01234	Ruxolitinib	Dexamethasone	0.8999999999999999	L	C, A, S, R, H, D	False	False
DB08895	DB14649	Tofacitinib	Dexamethasone acetate	0.8999999999999999	L		False	False
DB04149	DB00783	(R)-Rolipram	Estradiol	0.8968253968253967		G	False	False
DB07557	DB01092	3,20-Pregnanedione	Ouabain	0.8928571428571428		C	False	False
DB00818	DB03756	Propofol	Doconexent	0.8909090909090909	N		False	False
DB00773	DB01115	Etoposide	Nifedipine	0.8875000000000002	L	C	False	False
DB00380	DB01115	Dexrazoxane	Nifedipine	0.8875000000000002	V	C	False	False
DB00694	DB01115	Daunorubicin	Nifedipine	0.8875000000000002	L	C	False	False
DB02659	DB01268	Cholic Acid	Sunitinib	0.8874178981937604	A	L	False	False
DB04599	DB02010	Aniracetam	Staurosporine	0.8846153846153846	N		False	False
DB04149	DB01388	(R)-Rolipram	Mibefradil	0.881118881118881		C	False	False
DB08895	DB02659	Tofacitinib	Cholic Acid	0.8809523809523809	L	A	False	False
DB02659	DB01259	Cholic Acid	Lapatinib	0.8809523809523809	A	L	False	False
DB08877	DB02659	Ruxolitinib	Cholic Acid	0.8809523809523809	L	A	False	False
DB12500	DB02659	Fedratinib	Cholic Acid	0.8809523809523809	L	A	False	False
DB02659	DB08916	Cholic Acid	Afatinib	0.8809523809523809	A	L	False	False
DB02659	DB00619	Cholic Acid	Imatinib	0.8809523809523809	A	L	False	False
DB00459	DB06589	Acitretin	Pazopanib	0.8785714285714286	D	L	False	False
DB00694	DB00588	Daunorubicin	Fluticasone propionate	0.875	L		True	False
DB02587	DB01393	Colforsin	Bezafibrate	0.875		C	False	False
DB00619	DB00588	Imatinib	Fluticasone propionate	0.875	L		True	False
DB08059	DB07594	Wortmannin	CCT-018159	0.875			False	False
DB04149	DB11886	(R)-Rolipram	Infigratinib	0.875			False	False
DB00773	DB11886	Etoposide	Infigratinib	0.875	L		False	False
DB04599	DB03374	Aniracetam	3,5-Diiodotyrosine	0.875	N		False	False
DB02587	DB01092	Colforsin	Ouabain	0.875		C	False	False
DB04149	DB02587	(R)-Rolipram	Colforsin	0.875			False	False
DB01092	DB11886	Ouabain	Infigratinib	0.875	C		False	False
DB00773	DB00588	Etoposide	Fluticasone propionate	0.875	L		False	False
DB08059	DB01092	Wortmannin	Ouabain	0.875		C	False	False
DB04149	DB00588	(R)-Rolipram	Fluticasone propionate	0.875			False	False
DB02587	DB07080	Colforsin	TO-901317	0.875			False	False
DB05134	DB08059	Tanespimycin	Wortmannin	0.875			False	False
DB08756	DB11886	Y-27632	Infigratinib	0.875			False	False
DB00380	DB00588	Dexrazoxane	Fluticasone propionate	0.875	V		True	False
DB00380	DB11886	Dexrazoxane	Infigratinib	0.875	V		False	False
DB15399	DB02587	BMS-754807	Colforsin	0.875			False	False
DB08059	DB07080	Wortmannin	TO-901317	0.875			False	False
DB08059	DB04599	Wortmannin	Aniracetam	0.875		N	True	False
DB02587	DB03756	Colforsin	Doconexent	0.875			False	False
DB04599	DB01088	Aniracetam	Iloprost	0.875	N	B	False	False
DB00694	DB11886	Daunorubicin	Infigratinib	0.875	L		False	False
DB11886	DB07997	Infigratinib	N-[2-(METHYLAMINO)ETHYL]-5-ISOQUINOLINESULFONAMIDE	0.875			False	False
DB04599	DB11886	Aniracetam	Infigratinib	0.875	N		False	False
DB07859	DB11886	4-(4-CHLOROPHENYL)-4-[4-(1H-PYRAZOL-4-YL)PHENYL]PIPERIDINE	Infigratinib	0.875			False	False
DB11886	DB07996	Infigratinib	5-(2-methylpiperazine-1-sulfonyl)isoquinoline	0.875			False	False
DB15399	DB00588	BMS-754807	Fluticasone propionate	0.875			False	False
DB04599	DB00588	Aniracetam	Fluticasone propionate	0.875	N		True	False
DB07863	DB02587	2-chloro-5-nitro-N-phenylbenzamide	Colforsin	0.875			False	False
DB08073	DB11886	(2S)-1-(1H-INDOL-3-YL)-3-{[5-(3-METHYL-1H-INDAZOL-5-YL)PYRIDIN-3-YL]OXY}PROPAN-2-AMINE	Infigratinib	0.875			False	False
DB04149	DB04216	(R)-Rolipram	Quercetin	0.8729246487867177			False	False
DB04599	DB00396	Aniracetam	Progesterone	0.8714285714285717	N	G	False	False
DB04599	DB13954	Aniracetam	Estradiol cypionate	0.8714285714285717	N		False	False
DB04599	DB13956	Aniracetam	Estradiol valerate	0.8714285714285717	N		False	False
DB01092	DB01388	Ouabain	Mibefradil	0.8701298701298701	C	C	False	False
DB00773	DB12695	Etoposide	Phenethyl Isothiocyanate	0.8695035460992908	L		False	False
DB00380	DB12695	Dexrazoxane	Phenethyl Isothiocyanate	0.8695035460992908	V		False	False
DB00694	DB12695	Daunorubicin	Phenethyl Isothiocyanate	0.8695035460992908	L		False	False
DB04599	DB03496	Aniracetam	Alvocidib	0.8666666666666667	N		False	False
DB00412	DB01268	Rosiglitazone	Sunitinib	0.8660714285714286	A	L	True	False
DB01268	DB00836	Sunitinib	Loperamide	0.8660714285714286	L	A	False	False
DB00459	DB01268	Acitretin	Sunitinib	0.8660714285714286	D	L	False	False
DB00773	DB01054	Etoposide	Nitrendipine	0.8650793650793651	L	C	False	False
DB00694	DB01054	Daunorubicin	Nitrendipine	0.8650793650793651	L	C	False	False
DB00380	DB01054	Dexrazoxane	Nitrendipine	0.8650793650793651	V	C	False	False
DB15399	DB00132	BMS-754807	alpha-Linolenic acid	0.8636363636363638			False	False
DB04149	DB00132	(R)-Rolipram	alpha-Linolenic acid	0.8636363636363638			False	False
DB04599	DB00162	Aniracetam	Vitamin A	0.8631578947368421	N	A, S, R, D, V	False	False
DB00773	DB00280	Etoposide	Disopyramide	0.8624999999999998	L	C	False	False
DB00694	DB00280	Daunorubicin	Disopyramide	0.8624999999999998	L	C	False	False
DB00380	DB00280	Dexrazoxane	Disopyramide	0.8624999999999998	V	C	False	False
DB08175	DB06589	(2E,4E)-11-METHOXY-3,7,11-TRIMETHYLDODECA-2,4-DIENOIC ACID	Pazopanib	0.8602564102564103		L	False	False
DB15399	DB00622	BMS-754807	Nicardipine	0.8588235294117645		C	False	False
DB07863	DB00622	2-chloro-5-nitro-N-phenylbenzamide	Nicardipine	0.8555555555555554		C	False	False
DB04599	DB06486	Aniracetam	Enzastaurin	0.8541666666666667	N		False	False
DB00694	DB01023	Daunorubicin	Felodipine	0.8538461538461539	L	C	False	False
DB00380	DB01023	Dexrazoxane	Felodipine	0.8538461538461539	V	C	False	False
DB00773	DB01023	Etoposide	Felodipine	0.8538461538461539	L	C	False	False
DB01268	DB12695	Sunitinib	Phenethyl Isothiocyanate	0.8519654088050315	L		False	False
DB01234	DB06589	Dexamethasone	Pazopanib	0.8500000000000001	C, A, S, R, H, D	L	False	False
DB06589	DB14649	Pazopanib	Dexamethasone acetate	0.8500000000000001	L		False	False
DB07080	DB03374	TO-901317	3,5-Diiodotyrosine	0.8500000000000001			False	False
DB01092	DB12695	Ouabain	Phenethyl Isothiocyanate	0.8500000000000001	C		False	False
DB02546	DB06589	Vorinostat	Pazopanib	0.8500000000000001	L	L	True	False
DB04149	DB01016	(R)-Rolipram	Glyburide	0.8500000000000001		A	False	False
DB12695	DB07997	Phenethyl Isothiocyanate	N-[2-(METHYLAMINO)ETHYL]-5-ISOQUINOLINESULFONAMIDE	0.84822695035461			False	False
DB12695	DB07996	Phenethyl Isothiocyanate	5-(2-methylpiperazine-1-sulfonyl)isoquinoline	0.84822695035461			False	False
DB04149	DB12695	(R)-Rolipram	Phenethyl Isothiocyanate	0.84822695035461			False	False
DB08175	DB01388	(2E,4E)-11-METHOXY-3,7,11-TRIMETHYLDODECA-2,4-DIENOIC ACID	Mibefradil	0.8463203463203461		C	False	False
DB03496	DB07996	Alvocidib	5-(2-methylpiperazine-1-sulfonyl)isoquinoline	0.8461538461538463			False	False
DB04149	DB03496	(R)-Rolipram	Alvocidib	0.8461538461538463			False	False
DB03496	DB07997	Alvocidib	N-[2-(METHYLAMINO)ETHYL]-5-ISOQUINOLINESULFONAMIDE	0.8461538461538463			False	False
DB02052	DB00836	Indirubin-3'-monoxime	Loperamide	0.8452380952380953		A	False	False
DB03756	DB01388	Doconexent	Mibefradil	0.8449197860962567		C	False	False
DB01092	DB04216	Ouabain	Quercetin	0.8407407407407408	C		False	False
DB07995	DB02659	H-89	Cholic Acid	0.8392857142857144		A	False	False
DB08895	DB00836	Tofacitinib	Loperamide	0.8376623376623378	L	A	False	False
DB08877	DB00836	Ruxolitinib	Loperamide	0.8376623376623378	L	A	False	False
DB11800	DB00836	Tivozanib	Loperamide	0.8376623376623376	L	A	False	False
DB02546	DB01268	Vorinostat	Sunitinib	0.8374999999999999	L	L	True	False
DB08896	DB01393	Regorafenib	Bezafibrate	0.8366666666666664	L	C	False	False
DB08175	DB01259	(2E,4E)-11-METHOXY-3,7,11-TRIMETHYLDODECA-2,4-DIENOIC ACID	Lapatinib	0.8333333333333335		L	False	False
DB08175	DB00619	(2E,4E)-11-METHOXY-3,7,11-TRIMETHYLDODECA-2,4-DIENOIC ACID	Imatinib	0.8333333333333335		L	False	False
DB08895	DB00659	Tofacitinib	Acamprosate	0.8333333333333335	L	N	False	False
DB05134	DB00659	Tanespimycin	Acamprosate	0.8333333333333335		N	False	False
DB07997	DB00659	N-[2-(METHYLAMINO)ETHYL]-5-ISOQUINOLINESULFONAMIDE	Acamprosate	0.8333333333333335		N	False	False
DB08175	DB07996	(2E,4E)-11-METHOXY-3,7,11-TRIMETHYLDODECA-2,4-DIENOIC ACID	5-(2-methylpiperazine-1-sulfonyl)isoquinoline	0.8333333333333335			False	False
DB08175	DB07997	(2E,4E)-11-METHOXY-3,7,11-TRIMETHYLDODECA-2,4-DIENOIC ACID	N-[2-(METHYLAMINO)ETHYL]-5-ISOQUINOLINESULFONAMIDE	0.8333333333333335			False	False
DB08175	DB08916	(2E,4E)-11-METHOXY-3,7,11-TRIMETHYLDODECA-2,4-DIENOIC ACID	Afatinib	0.8333333333333335		L	False	False
DB00380	DB00717	Dexrazoxane	Norethisterone	0.8333333333333335	V	G	False	False
DB00717	DB04599	Norethisterone	Aniracetam	0.8333333333333335	G	N	False	False
DB04149	DB00749	(R)-Rolipram	Etodolac	0.8333333333333335		M	False	False
DB04149	DB12500	(R)-Rolipram	Fedratinib	0.8333333333333335		L	False	False
DB07863	DB00659	2-chloro-5-nitro-N-phenylbenzamide	Acamprosate	0.8333333333333335		N	False	False
DB15399	DB08175	BMS-754807	(2E,4E)-11-METHOXY-3,7,11-TRIMETHYLDODECA-2,4-DIENOIC ACID	0.8333333333333335			False	False
DB00717	DB08877	Norethisterone	Ruxolitinib	0.8333333333333335	G	L	False	False
DB00717	DB08895	Norethisterone	Tofacitinib	0.8333333333333335	G	L	False	False
DB15399	DB07995	BMS-754807	H-89	0.8333333333333335			False	False
DB08073	DB00659	(2S)-1-(1H-INDOL-3-YL)-3-{[5-(3-METHYL-1H-INDAZOL-5-YL)PYRIDIN-3-YL]OXY}PROPAN-2-AMINE	Acamprosate	0.8333333333333335		N	False	False
DB08073	DB08175	(2S)-1-(1H-INDOL-3-YL)-3-{[5-(3-METHYL-1H-INDAZOL-5-YL)PYRIDIN-3-YL]OXY}PROPAN-2-AMINE	(2E,4E)-11-METHOXY-3,7,11-TRIMETHYLDODECA-2,4-DIENOIC ACID	0.8333333333333335			False	False
DB12500	DB01393	Fedratinib	Bezafibrate	0.8333333333333335	L	C	False	False
DB00694	DB08175	Daunorubicin	(2E,4E)-11-METHOXY-3,7,11-TRIMETHYLDODECA-2,4-DIENOIC ACID	0.8333333333333335	L		False	False
DB11781	DB04599	Tosedostat	Aniracetam	0.8333333333333335		N	False	False
DB02424	DB00694	Geldanamycin	Daunorubicin	0.8333333333333335		L	False	False
DB08175	DB08877	(2E,4E)-11-METHOXY-3,7,11-TRIMETHYLDODECA-2,4-DIENOIC ACID	Ruxolitinib	0.8333333333333335		L	False	False
DB00380	DB12500	Dexrazoxane	Fedratinib	0.8333333333333335	V	L	False	False
DB08756	DB12500	Y-27632	Fedratinib	0.8333333333333335		L	False	False
DB01092	DB12500	Ouabain	Fedratinib	0.8333333333333335	C	L	False	False
DB01092	DB08175	Ouabain	(2E,4E)-11-METHOXY-3,7,11-TRIMETHYLDODECA-2,4-DIENOIC ACID	0.8333333333333335	C		False	False
DB01092	DB00749	Ouabain	Etodolac	0.8333333333333335	C	M	False	False
DB04149	DB00659	(R)-Rolipram	Acamprosate	0.8333333333333335		N	False	False
DB00749	DB08877	Etodolac	Ruxolitinib	0.8333333333333335	M	L	False	False
DB00749	DB08895	Etodolac	Tofacitinib	0.8333333333333335	M	L	False	False
DB07080	DB00659	TO-901317	Acamprosate	0.8333333333333335		N	False	False
DB01013	DB00380	Clobetasol propionate	Dexrazoxane	0.8333333333333335		V	True	False
DB02424	DB00380	Geldanamycin	Dexrazoxane	0.8333333333333335		V	False	False
DB02424	DB00773	Geldanamycin	Etoposide	0.8333333333333335		L	False	False
DB00380	DB07995	Dexrazoxane	H-89	0.8333333333333335	V		False	False
DB08756	DB00659	Y-27632	Acamprosate	0.8333333333333335		N	False	False
DB01259	DB00659	Lapatinib	Acamprosate	0.8333333333333335	L	N	False	False
DB02424	DB01092	Geldanamycin	Ouabain	0.8333333333333335		C	False	False
DB01013	DB00773	Clobetasol propionate	Etoposide	0.8333333333333335		L	False	False
DB01013	DB04599	Clobetasol propionate	Aniracetam	0.8333333333333335		N	False	False
DB00380	DB00749	Dexrazoxane	Etodolac	0.8333333333333335	V	M	False	False
DB00773	DB00659	Etoposide	Acamprosate	0.8333333333333335	L	N	False	False
DB00773	DB08175	Etoposide	(2E,4E)-11-METHOXY-3,7,11-TRIMETHYLDODECA-2,4-DIENOIC ACID	0.8333333333333335	L		False	False
DB00694	DB00659	Daunorubicin	Acamprosate	0.8333333333333335	L	N	False	False
DB07080	DB07995	TO-901317	H-89	0.8333333333333335			False	False
DB01013	DB08895	Clobetasol propionate	Tofacitinib	0.8333333333333335		L	False	False
DB01013	DB15399	Clobetasol propionate	BMS-754807	0.8333333333333335			False	False
DB03756	DB00659	Doconexent	Acamprosate	0.8333333333333335		N	False	False
DB01013	DB00694	Clobetasol propionate	Daunorubicin	0.8333333333333335		L	True	False
DB01013	DB08877	Clobetasol propionate	Ruxolitinib	0.8333333333333335		L	False	False
DB12500	DB07996	Fedratinib	5-(2-methylpiperazine-1-sulfonyl)isoquinoline	0.8333333333333335	L		False	False
DB00749	DB00619	Etodolac	Imatinib	0.8333333333333335	M	L	False	False
DB00749	DB07594	Etodolac	CCT-018159	0.8333333333333335	M		False	False
DB07859	DB12500	4-(4-CHLOROPHENYL)-4-[4-(1H-PYRAZOL-4-YL)PHENYL]PIPERIDINE	Fedratinib	0.8333333333333335		L	False	False
DB12500	DB07080	Fedratinib	TO-901317	0.8333333333333335	L		False	False
DB15399	DB00659	BMS-754807	Acamprosate	0.8333333333333335		N	False	False
DB00717	DB04149	Norethisterone	(R)-Rolipram	0.8333333333333335	G		False	False
DB02424	DB04149	Geldanamycin	(R)-Rolipram	0.8333333333333335			False	False
DB02424	DB04599	Geldanamycin	Aniracetam	0.8333333333333335		N	False	False
DB15399	DB00210	BMS-754807	Adapalene	0.8333333333333335		D	False	False
DB07859	DB00659	4-(4-CHLOROPHENYL)-4-[4-(1H-PYRAZOL-4-YL)PHENYL]PIPERIDINE	Acamprosate	0.8333333333333335		N	False	False
DB00694	DB07995	Daunorubicin	H-89	0.8333333333333335	L		False	False
DB08073	DB12500	(2S)-1-(1H-INDOL-3-YL)-3-{[5-(3-METHYL-1H-INDAZOL-5-YL)PYRIDIN-3-YL]OXY}PROPAN-2-AMINE	Fedratinib	0.8333333333333335		L	False	False
DB00380	DB00659	Dexrazoxane	Acamprosate	0.8333333333333335	V	N	False	False
DB07996	DB00659	5-(2-methylpiperazine-1-sulfonyl)isoquinoline	Acamprosate	0.8333333333333335		N	False	False
DB12500	DB07997	Fedratinib	N-[2-(METHYLAMINO)ETHYL]-5-ISOQUINOLINESULFONAMIDE	0.8333333333333335	L		False	False
DB08175	DB08895	(2E,4E)-11-METHOXY-3,7,11-TRIMETHYLDODECA-2,4-DIENOIC ACID	Tofacitinib	0.8333333333333335		L	False	False
DB00380	DB08175	Dexrazoxane	(2E,4E)-11-METHOXY-3,7,11-TRIMETHYLDODECA-2,4-DIENOIC ACID	0.8333333333333335	V		False	False
DB05134	DB00749	Tanespimycin	Etodolac	0.8333333333333335		M	False	False
DB08756	DB08175	Y-27632	(2E,4E)-11-METHOXY-3,7,11-TRIMETHYLDODECA-2,4-DIENOIC ACID	0.8333333333333335			False	False
DB04149	DB00393	(R)-Rolipram	Nimodipine	0.8333333333333335		C	False	False
DB00773	DB00717	Etoposide	Norethisterone	0.8333333333333335	L	G	False	False
DB00773	DB07995	Etoposide	H-89	0.8333333333333335	L		False	False
DB07594	DB00659	CCT-018159	Acamprosate	0.8333333333333335		N	False	False
DB01013	DB04149	Clobetasol propionate	(R)-Rolipram	0.8333333333333335			False	False
DB01393	DB00659	Bezafibrate	Acamprosate	0.8333333333333335	C	N	False	False
DB00773	DB00749	Etoposide	Etodolac	0.8333333333333335	L	M	False	False
DB00773	DB12500	Etoposide	Fedratinib	0.8333333333333335	L	L	False	False
DB00631	DB04599	Clofarabine	Aniracetam	0.8333333333333335	L	N	False	False
DB15399	DB00717	BMS-754807	Norethisterone	0.8333333333333335		G	False	False
DB07859	DB08175	4-(4-CHLOROPHENYL)-4-[4-(1H-PYRAZOL-4-YL)PHENYL]PIPERIDINE	(2E,4E)-11-METHOXY-3,7,11-TRIMETHYLDODECA-2,4-DIENOIC ACID	0.8333333333333335			False	False
DB04599	DB00749	Aniracetam	Etodolac	0.8333333333333335	N	M	False	False
DB01092	DB00659	Ouabain	Acamprosate	0.8333333333333335	C	N	False	False
DB04149	DB08175	(R)-Rolipram	(2E,4E)-11-METHOXY-3,7,11-TRIMETHYLDODECA-2,4-DIENOIC ACID	0.8333333333333335			False	False
DB04149	DB00210	(R)-Rolipram	Adapalene	0.8333333333333335		D	False	False
DB07863	DB12500	2-chloro-5-nitro-N-phenylbenzamide	Fedratinib	0.8333333333333335		L	False	False
DB15399	DB00749	BMS-754807	Etodolac	0.8333333333333335		M	False	False
DB00694	DB00717	Daunorubicin	Norethisterone	0.8333333333333335	L	G	False	False
DB00694	DB00749	Daunorubicin	Etodolac	0.8333333333333335	L	M	False	False
DB00694	DB12500	Daunorubicin	Fedratinib	0.8333333333333335	L	L	False	False
DB08877	DB07995	Ruxolitinib	H-89	0.8333333333333335	L		False	False
DB12500	DB03756	Fedratinib	Doconexent	0.8333333333333335	L		False	False
DB08877	DB00659	Ruxolitinib	Acamprosate	0.8333333333333335	L	N	False	False
DB08895	DB07995	Tofacitinib	H-89	0.8333333333333335	L		False	False
DB08896	DB03756	Regorafenib	Doconexent	0.8333333333333333	L		False	False
DB11886	DB00622	Infigratinib	Nicardipine	0.8328947368421054		C	False	False
DB01393	DB06589	Bezafibrate	Pazopanib	0.8323529411764705	C	L	False	False
DB02546	DB00836	Vorinostat	Loperamide	0.8285714285714287	L	A	True	False
DB02659	DB01388	Cholic Acid	Mibefradil	0.8269751082251082	A	C	False	False
DB00694	DB01088	Daunorubicin	Iloprost	0.8250000000000002	L	B	True	False
DB00773	DB01088	Etoposide	Iloprost	0.8250000000000002	L	B	True	False
DB00380	DB01088	Dexrazoxane	Iloprost	0.8250000000000002	V	B	True	False
DB06589	DB03756	Pazopanib	Doconexent	0.825	L		False	False
DB07080	DB06589	TO-901317	Pazopanib	0.825		L	False	False
DB06589	DB00588	Pazopanib	Fluticasone propionate	0.825	L		False	False
DB02587	DB06589	Colforsin	Pazopanib	0.825		L	False	False
DB00393	DB02659	Nimodipine	Cholic Acid	0.824500768049155	C	A	False	False
DB01268	DB01388	Sunitinib	Mibefradil	0.8226674641148326	L	C	False	False
DB00459	DB01388	Acitretin	Mibefradil	0.8225108225108224	D	C	False	False
DB07863	DB02010	2-chloro-5-nitro-N-phenylbenzamide	Staurosporine	0.8221153846153846			False	False
DB08877	DB00393	Ruxolitinib	Nimodipine	0.8214285714285716	L	C	False	False
DB08895	DB00393	Tofacitinib	Nimodipine	0.8214285714285716	L	C	False	False
DB07863	DB08896	2-chloro-5-nitro-N-phenylbenzamide	Regorafenib	0.8214285714285712		L	False	False
DB01645	DB00659	Genistein	Acamprosate	0.8189102564102564		N	False	False
DB03496	DB02659	Alvocidib	Cholic Acid	0.8184523809523809		A	False	False
DB08756	DB01393	Y-27632	Bezafibrate	0.8181818181818181		C	False	False
DB00619	DB07997	Imatinib	N-[2-(METHYLAMINO)ETHYL]-5-ISOQUINOLINESULFONAMIDE	0.8181818181818181	L		False	False
DB00619	DB07996	Imatinib	5-(2-methylpiperazine-1-sulfonyl)isoquinoline	0.8181818181818181	L		False	False
DB00380	DB02010	Dexrazoxane	Staurosporine	0.8179487179487179	V		False	False
DB00773	DB02010	Etoposide	Staurosporine	0.8179487179487179	L		False	False
DB00694	DB02010	Daunorubicin	Staurosporine	0.8179487179487179	L		False	False
DB00818	DB06589	Propofol	Pazopanib	0.8166666666666669	N	L	False	False
DB00393	DB00818	Nimodipine	Propofol	0.8166666666666667	C	N	True	False
DB04149	DB00313	(R)-Rolipram	Valproic acid	0.8131313131313131		N	False	False
DB01268	DB00588	Sunitinib	Fluticasone propionate	0.8125	L		True	False
DB02587	DB01268	Colforsin	Sunitinib	0.8125		L	False	False
DB01268	DB01016	Sunitinib	Glyburide	0.8125	L	A	False	False
DB01234	DB11800	Dexamethasone	Tivozanib	0.8090909090909091	C, A, S, R, H, D	L	False	False
DB11800	DB14649	Tivozanib	Dexamethasone acetate	0.8090909090909091	L		False	False
DB04599	DB08901	Aniracetam	Ponatinib	0.8087719298245615	N	L	False	False
DB15399	DB12695	BMS-754807	Phenethyl Isothiocyanate	0.8056737588652483			False	False
DB07594	DB01388	CCT-018159	Mibefradil	0.8041958041958044		C	False	False
DB01259	DB01388	Lapatinib	Mibefradil	0.8041958041958044	L	C	True	False
DB05134	DB01388	Tanespimycin	Mibefradil	0.8041958041958044		C	False	False
DB01393	DB06486	Bezafibrate	Enzastaurin	0.8041666666666667	C		False	False
DB04216	DB07997	Quercetin	N-[2-(METHYLAMINO)ETHYL]-5-ISOQUINOLINESULFONAMIDE	0.8039591315453385			False	False
DB04216	DB07996	Quercetin	5-(2-methylpiperazine-1-sulfonyl)isoquinoline	0.8039591315453385			False	False
DB02587	DB00459	Colforsin	Acitretin	0.8035714285714286		D	False	False
DB02587	DB06195	Colforsin	Seliciclib	0.8035714285714286			False	False
DB11886	DB01388	Infigratinib	Mibefradil	0.8022727272727275		C	False	False
DB00132	DB01268	alpha-Linolenic acid	Sunitinib	0.8011363636363638		L	False	False
DB05266	DB00622	Ibudilast	Nicardipine	0.8000000000000003	R	C	True	False
DB07863	DB08912	2-chloro-5-nitro-N-phenylbenzamide	Dabrafenib	0.8		L	False	False
DB15399	DB00818	BMS-754807	Propofol	0.8		N	False	False
DB07863	DB05266	2-chloro-5-nitro-N-phenylbenzamide	Ibudilast	0.8		R	False	False
DB15399	DB05266	BMS-754807	Ibudilast	0.8		R	False	False
DB00773	DB05266	Etoposide	Ibudilast	0.8	L	R	True	False
DB04599	DB08912	Aniracetam	Dabrafenib	0.8	N	L	False	False
DB04149	DB00396	(R)-Rolipram	Progesterone	0.8		G	False	False
DB00694	DB08912	Daunorubicin	Dabrafenib	0.8	L	L	False	False
DB08877	DB05266	Ruxolitinib	Ibudilast	0.8	L	R	True	False
DB08912	DB03756	Dabrafenib	Doconexent	0.8	L		False	False
DB01393	DB00818	Bezafibrate	Propofol	0.8	C	N	True	False
DB07080	DB05266	TO-901317	Ibudilast	0.8		R	False	False
DB07080	DB00818	TO-901317	Propofol	0.8		N	False	False
DB08877	DB00818	Ruxolitinib	Propofol	0.8	L	N	False	False
DB08756	DB03496	Y-27632	Alvocidib	0.8			False	False
DB05134	DB00818	Tanespimycin	Propofol	0.8		N	False	False
DB00773	DB05294	Etoposide	Vandetanib	0.8	L	L	False	False
DB07080	DB05294	TO-901317	Vandetanib	0.8		L	False	False
DB07080	DB08912	TO-901317	Dabrafenib	0.8		L	False	False
DB05266	DB01393	Ibudilast	Bezafibrate	0.8	R	C	False	False
DB03496	DB00818	Alvocidib	Propofol	0.8		N	False	False
DB00380	DB05294	Dexrazoxane	Vandetanib	0.8	V	L	False	False
DB08912	DB01393	Dabrafenib	Bezafibrate	0.8	L	C	False	False
DB01092	DB05266	Ouabain	Ibudilast	0.8	C	R	False	False
DB00818	DB00619	Propofol	Imatinib	0.8	N	L	True	False
DB08895	DB00818	Tofacitinib	Propofol	0.8	L	N	False	False
DB08895	DB05266	Tofacitinib	Ibudilast	0.8	L	R	True	False
DB00622	DB00619	Nicardipine	Imatinib	0.8	C	L	False	False
DB05266	DB07594	Ibudilast	CCT-018159	0.8	R		False	False
DB05266	DB03756	Ibudilast	Doconexent	0.8	R		False	False
DB01092	DB08901	Ouabain	Ponatinib	0.8	C	L	False	False
DB01393	DB00622	Bezafibrate	Nicardipine	0.8	C	C	False	False
DB05134	DB05266	Tanespimycin	Ibudilast	0.8		R	False	False
DB00818	DB07594	Propofol	CCT-018159	0.8	N		False	False
DB00818	DB01259	Propofol	Lapatinib	0.8	N	L	True	False
DB00818	DB08916	Propofol	Afatinib	0.8	N	L	False	False
DB00380	DB08912	Dexrazoxane	Dabrafenib	0.8	V	L	False	False
DB00694	DB05266	Daunorubicin	Ibudilast	0.8	L	R	True	False
DB00694	DB05294	Daunorubicin	Vandetanib	0.8	L	L	False	False
DB00773	DB08912	Etoposide	Dabrafenib	0.8	L	L	False	False
DB00380	DB05266	Dexrazoxane	Ibudilast	0.8	V	R	True	False
DB05266	DB08916	Ibudilast	Afatinib	0.8	R	L	False	False
DB04599	DB00818	Aniracetam	Propofol	0.8	N	N	True	False
DB04149	DB08912	(R)-Rolipram	Dabrafenib	0.8		L	False	False
DB04149	DB05294	(R)-Rolipram	Vandetanib	0.8		L	False	False
DB05266	DB01259	Ibudilast	Lapatinib	0.8	R	L	False	False
DB08175	DB00622	(2E,4E)-11-METHOXY-3,7,11-TRIMETHYLDODECA-2,4-DIENOIC ACID	Nicardipine	0.7999999999999998		C	False	False
DB04599	DB00313	Aniracetam	Valproic acid	0.7991452991452994	N	N	True	False
DB01388	DB08916	Mibefradil	Afatinib	0.7987012987012989	C	L	False	False
DB02659	DB06589	Cholic Acid	Pazopanib	0.7986943164362519	A	L	False	False
DB11800	DB01393	Tivozanib	Bezafibrate	0.797979797979798	L	C	False	False
DB01092	DB02659	Ouabain	Cholic Acid	0.7976190476190477	C	A	False	False
DB07863	DB02659	2-chloro-5-nitro-N-phenylbenzamide	Cholic Acid	0.7976190476190477		A	False	False
DB08896	DB02659	Regorafenib	Cholic Acid	0.7976190476190474	L	A	False	False
DB02587	DB02659	Colforsin	Cholic Acid	0.795952380952381		A	False	False
DB06486	DB03756	Enzastaurin	Doconexent	0.7946428571428572			False	False
DB04599	DB00421	Aniracetam	Spironolactone	0.7928571428571427	N	C	False	False
DB04149	DB00608	(R)-Rolipram	Chloroquine	0.7916666666666665		P	False	False
DB15399	DB00608	BMS-754807	Chloroquine	0.7916666666666665		P	False	False
DB02587	DB02052	Colforsin	Indirubin-3'-monoxime	0.7916666666666665			False	False
DB08059	DB01016	Wortmannin	Glyburide	0.7916666666666665		A	False	False
DB11800	DB03756	Tivozanib	Doconexent	0.7914438502673797	L		False	False
DB01782	DB02659	Pyrazolanthrone	Cholic Acid	0.7909523809523811		A	False	False
DB08756	DB12695	Y-27632	Phenethyl Isothiocyanate	0.7904761904761906			False	False
DB11800	DB02659	Tivozanib	Cholic Acid	0.7900432900432901	L	A	False	False
DB04149	DB01115	(R)-Rolipram	Nifedipine	0.7875000000000001		C	False	False
DB13956	DB00659	Estradiol valerate	Acamprosate	0.787179487179487		N	False	False
DB13954	DB00659	Estradiol cypionate	Acamprosate	0.787179487179487		N	False	False
DB00380	DB00243	Dexrazoxane	Ranolazine	0.7857142857142856	V	C	False	False
DB15399	DB00436	BMS-754807	Bendroflumethiazide	0.7857142857142856		C, G	False	False
DB00773	DB00243	Etoposide	Ranolazine	0.7857142857142856	L	C	False	False
DB04599	DB08080	Aniracetam	Latrunculin B	0.7857142857142856	N		False	False
DB04149	DB00436	(R)-Rolipram	Bendroflumethiazide	0.7857142857142856		C, G	False	False
DB00694	DB00243	Daunorubicin	Ranolazine	0.7857142857142856	L	C	False	False
DB04599	DB00783	Aniracetam	Estradiol	0.7857142857142856	N	G	False	False
DB04149	DB00243	(R)-Rolipram	Ranolazine	0.7857142857142856		C	False	False
DB11800	DB00588	Tivozanib	Fluticasone propionate	0.7840909090909092	L		False	False
DB02587	DB11800	Colforsin	Tivozanib	0.7840909090909092		L	False	False
DB04149	DB01244	(R)-Rolipram	Bepridil	0.7833333333333334		C	False	False
DB00380	DB01244	Dexrazoxane	Bepridil	0.7833333333333334	V	C	False	False
DB00773	DB01244	Etoposide	Bepridil	0.7833333333333334	L	C	False	False
DB00694	DB01244	Daunorubicin	Bepridil	0.7833333333333334	L	C	False	False
DB06589	DB00659	Pazopanib	Acamprosate	0.7833333333333332	L	N	False	False
DB07995	DB06589	H-89	Pazopanib	0.7833333333333332		L	False	False
DB01013	DB06589	Clobetasol propionate	Pazopanib	0.7833333333333332		L	False	False
DB00717	DB06589	Norethisterone	Pazopanib	0.7833333333333332	G	L	False	False
DB00749	DB06589	Etodolac	Pazopanib	0.7833333333333332	M	L	False	False
DB01393	DB01388	Bezafibrate	Mibefradil	0.7828282828282827	C	C	False	False
DB08175	DB02010	(2E,4E)-11-METHOXY-3,7,11-TRIMETHYLDODECA-2,4-DIENOIC ACID	Staurosporine	0.7804487179487181			False	False
DB02010	DB03756	Staurosporine	Doconexent	0.7793522267206476			False	False
DB00773	DB01393	Etoposide	Bezafibrate	0.7777777777777777	L	C	False	False
DB00380	DB01393	Dexrazoxane	Bezafibrate	0.7777777777777777	V	C	False	False
DB01393	DB07997	Bezafibrate	N-[2-(METHYLAMINO)ETHYL]-5-ISOQUINOLINESULFONAMIDE	0.7777777777777777	C		False	False
DB01393	DB07996	Bezafibrate	5-(2-methylpiperazine-1-sulfonyl)isoquinoline	0.7777777777777777	C		False	False
DB01092	DB00608	Ouabain	Chloroquine	0.7777777777777777	C	P	False	False
DB07080	DB08916	TO-901317	Afatinib	0.7777777777777777		L	False	False
DB00694	DB01393	Daunorubicin	Bezafibrate	0.7777777777777777	L	C	False	False
DB00773	DB00162	Etoposide	Vitamin A	0.776470588235294	L	A, S, R, D, V	False	False
DB00694	DB00162	Daunorubicin	Vitamin A	0.776470588235294	L	A, S, R, D, V	False	False
DB00380	DB00162	Dexrazoxane	Vitamin A	0.776470588235294	V	A, S, R, D, V	False	False
DB04149	DB00162	(R)-Rolipram	Vitamin A	0.776470588235294		A, S, R, D, V	False	False
DB08073	DB11800	(2S)-1-(1H-INDOL-3-YL)-3-{[5-(3-METHYL-1H-INDAZOL-5-YL)PYRIDIN-3-YL]OXY}PROPAN-2-AMINE	Tivozanib	0.7757575757575759		L	False	False
DB07859	DB11800	4-(4-CHLOROPHENYL)-4-[4-(1H-PYRAZOL-4-YL)PHENYL]PIPERIDINE	Tivozanib	0.7757575757575759		L	False	False
DB11886	DB14649	Infigratinib	Dexamethasone acetate	0.7749999999999999			False	False
DB11886	DB01234	Infigratinib	Dexamethasone	0.7749999999999999		C, A, S, R, H, D	False	False
DB11886	DB02546	Infigratinib	Vorinostat	0.7749999999999999		L	False	False
DB12500	DB01388	Fedratinib	Mibefradil	0.774891774891775	L	C	False	False
DB01388	DB00659	Mibefradil	Acamprosate	0.774891774891775	C	N	False	False
DB00459	DB00622	Acitretin	Nicardipine	0.7740259740259741	D	C	False	False
DB01092	DB08896	Ouabain	Regorafenib	0.7738095238095237	C	L	False	False
DB06589	DB01388	Pazopanib	Mibefradil	0.7725108225108226	L	C	False	False
DB07557	DB00818	3,20-Pregnanedione	Propofol	0.7722222222222224		N	False	False
DB04599	DB01023	Aniracetam	Felodipine	0.7714932126696832	N	C	False	False
DB01268	DB00210	Sunitinib	Adapalene	0.7708333333333335	L	D	False	False
DB07995	DB01268	H-89	Sunitinib	0.7708333333333335		L	False	False
DB01268	DB00659	Sunitinib	Acamprosate	0.7708333333333335	L	N	False	False
DB01013	DB01268	Clobetasol propionate	Sunitinib	0.7708333333333335		L	True	False
DB00749	DB01268	Etodolac	Sunitinib	0.7708333333333335	M	L	False	False
DB08175	DB06486	(2E,4E)-11-METHOXY-3,7,11-TRIMETHYLDODECA-2,4-DIENOIC ACID	Enzastaurin	0.7708333333333335			False	False
DB08175	DB01268	(2E,4E)-11-METHOXY-3,7,11-TRIMETHYLDODECA-2,4-DIENOIC ACID	Sunitinib	0.7708333333333335		L	False	False
DB00717	DB01268	Norethisterone	Sunitinib	0.7708333333333335	G	L	False	False
DB00380	DB04216	Dexrazoxane	Quercetin	0.7694763729246488	V		False	False
DB00773	DB04216	Etoposide	Quercetin	0.7694763729246488	L		False	False
DB00694	DB04216	Daunorubicin	Quercetin	0.7694763729246488	L		False	False
DB00694	DB08896	Daunorubicin	Regorafenib	0.7666666666666666	L	L	False	False
DB00773	DB08896	Etoposide	Regorafenib	0.7666666666666666	L	L	False	False
DB04599	DB00608	Aniracetam	Chloroquine	0.7666666666666666	N	P	False	False
DB00380	DB08896	Dexrazoxane	Regorafenib	0.7666666666666666	V	L	False	False
DB07863	DB11800	2-chloro-5-nitro-N-phenylbenzamide	Tivozanib	0.7662337662337664		L	False	False
DB08896	DB00412	Regorafenib	Rosiglitazone	0.7652380952380953	L	A	False	False
DB08896	DB00836	Regorafenib	Loperamide	0.7652380952380953	L	A	False	False
DB01016	DB00659	Glyburide	Acamprosate	0.7651515151515151	A	N	False	False
DB00412	DB02010	Rosiglitazone	Staurosporine	0.7631868131868131	A		False	False
DB04149	DB00280	(R)-Rolipram	Disopyramide	0.7625000000000002		C	False	False
DB12500	DB00459	Fedratinib	Acitretin	0.7619047619047619	L	D	False	False
DB06195	DB00659	Seliciclib	Acamprosate	0.7619047619047619		N	False	False
DB00412	DB00659	Rosiglitazone	Acamprosate	0.7619047619047619	A	N	False	False
DB00459	DB00659	Acitretin	Acamprosate	0.7619047619047619	D	N	False	False
DB03496	DB00836	Alvocidib	Loperamide	0.7619047619047619		A	False	False
DB12500	DB00412	Fedratinib	Rosiglitazone	0.7619047619047619	L	A	False	False
DB00412	DB06589	Rosiglitazone	Pazopanib	0.7609243697478991	A	L	False	False
DB00836	DB06589	Loperamide	Pazopanib	0.7609243697478991	A	L	False	False
DB07557	DB00622	3,20-Pregnanedione	Nicardipine	0.7605263157894739		C	False	False
DB08896	DB00818	Regorafenib	Propofol	0.7601449275362322	L	N	False	False
DB04149	DB00159	(R)-Rolipram	Icosapent	0.7587412587412588			False	False
DB08912	DB02659	Dabrafenib	Cholic Acid	0.7578754578754581	L	A	False	False
DB04599	DB00675	Aniracetam	Tamoxifen	0.7571428571428571	N	L	False	False
DB07080	DB12695	TO-901317	Phenethyl Isothiocyanate	0.7568627450980392			False	False
DB06589	DB12695	Pazopanib	Phenethyl Isothiocyanate	0.7560606060606061	L		False	False
DB02659	DB00659	Cholic Acid	Acamprosate	0.7559523809523809	A	N	False	False
DB08059	DB02659	Wortmannin	Cholic Acid	0.7559523809523809		A	False	False
DB07863	DB06486	2-chloro-5-nitro-N-phenylbenzamide	Enzastaurin	0.7556818181818181			False	False
DB06589	DB01016	Pazopanib	Glyburide	0.7555555555555553	L	A	False	False
DB00622	DB03756	Nicardipine	Doconexent	0.7523809523809524	C		False	False
DB00694	DB03374	Daunorubicin	3,5-Diiodotyrosine	0.75	L		False	False
DB01092	DB00619	Ouabain	Imatinib	0.75	C	L	False	False
DB04149	DB03758	(R)-Rolipram	Radicicol	0.75			False	False
DB08877	DB01782	Ruxolitinib	Pyrazolanthrone	0.75	L		False	False
DB04599	DB01782	Aniracetam	Pyrazolanthrone	0.75	N		False	False
DB08756	DB01782	Y-27632	Pyrazolanthrone	0.75			False	False
DB07557	DB08877	3,20-Pregnanedione	Ruxolitinib	0.75		L	False	False
DB00393	DB03496	Nimodipine	Alvocidib	0.75	C		False	False
DB07557	DB02587	3,20-Pregnanedione	Colforsin	0.75			False	False
DB00694	DB07557	Daunorubicin	3,20-Pregnanedione	0.75	L		False	False
DB00694	DB03758	Daunorubicin	Radicicol	0.75	L		False	False
DB04599	DB14544	Aniracetam	Hydrocortisone valerate	0.75	N		False	False
DB00773	DB03758	Etoposide	Radicicol	0.75	L		False	False
DB00773	DB03374	Etoposide	3,5-Diiodotyrosine	0.75	L		False	False
DB00773	DB03756	Etoposide	Doconexent	0.75	L		False	False
DB00380	DB03374	Dexrazoxane	3,5-Diiodotyrosine	0.75	V		False	False
DB00380	DB07557	Dexrazoxane	3,20-Pregnanedione	0.75	V		False	False
DB01782	DB07997	Pyrazolanthrone	N-[2-(METHYLAMINO)ETHYL]-5-ISOQUINOLINESULFONAMIDE	0.75			False	False
DB01782	DB03756	Pyrazolanthrone	Doconexent	0.75			False	False
DB07863	DB01782	2-chloro-5-nitro-N-phenylbenzamide	Pyrazolanthrone	0.75			False	False
DB00393	DB08916	Nimodipine	Afatinib	0.75	C	L	False	False
DB00675	DB06589	Tamoxifen	Pazopanib	0.75	L	L	False	False
DB15399	DB01016	BMS-754807	Glyburide	0.75		A	False	False
DB04149	DB01782	(R)-Rolipram	Pyrazolanthrone	0.75			False	False
DB08895	DB01782	Tofacitinib	Pyrazolanthrone	0.75	L		False	False
DB04599	DB08877	Aniracetam	Ruxolitinib	0.75	N	L	False	False
DB04599	DB08895	Aniracetam	Tofacitinib	0.75	N	L	False	False
DB04599	DB03758	Aniracetam	Radicicol	0.75	N		False	False
DB01782	DB07996	Pyrazolanthrone	5-(2-methylpiperazine-1-sulfonyl)isoquinoline	0.75			False	False
DB07080	DB01259	TO-901317	Lapatinib	0.75		L	False	False
DB00380	DB03758	Dexrazoxane	Radicicol	0.75	V		False	False
DB01092	DB03758	Ouabain	Radicicol	0.75	C		False	False
DB12500	DB02052	Fedratinib	Indirubin-3'-monoxime	0.75	L		False	False
DB07080	DB01782	TO-901317	Pyrazolanthrone	0.75			False	False
DB15399	DB03374	BMS-754807	3,5-Diiodotyrosine	0.75			False	False
DB00393	DB00619	Nimodipine	Imatinib	0.75	C	L	True	False
DB01782	DB01393	Pyrazolanthrone	Bezafibrate	0.75		C	False	False
DB00393	DB01259	Nimodipine	Lapatinib	0.75	C	L	True	False
DB08059	DB00588	Wortmannin	Fluticasone propionate	0.75			True	False
DB00380	DB03756	Dexrazoxane	Doconexent	0.75	V		False	False
DB01092	DB01782	Ouabain	Pyrazolanthrone	0.75	C		False	False
DB00393	DB03756	Nimodipine	Doconexent	0.75	C		False	False
DB05266	DB06589	Ibudilast	Pazopanib	0.75	R	L	False	False
DB08175	DB08896	(2E,4E)-11-METHOXY-3,7,11-TRIMETHYLDODECA-2,4-DIENOIC ACID	Regorafenib	0.75		L	False	False
DB15399	DB01782	BMS-754807	Pyrazolanthrone	0.75			False	False
DB00396	DB06589	Progesterone	Pazopanib	0.75	G	L	False	False
DB02587	DB11886	Colforsin	Infigratinib	0.75			False	False
DB00380	DB01782	Dexrazoxane	Pyrazolanthrone	0.75	V		False	False
DB07557	DB08895	3,20-Pregnanedione	Tofacitinib	0.75		L	False	False
DB07557	DB00619	3,20-Pregnanedione	Imatinib	0.75		L	False	False
DB08877	DB03374	Ruxolitinib	3,5-Diiodotyrosine	0.75	L		False	False
DB08895	DB03374	Tofacitinib	3,5-Diiodotyrosine	0.75	L		False	False
DB00773	DB07557	Etoposide	3,20-Pregnanedione	0.75	L		False	False
DB00694	DB03756	Daunorubicin	Doconexent	0.75	L		False	False
DB00773	DB01782	Etoposide	Pyrazolanthrone	0.75	L		False	False
DB00694	DB01782	Daunorubicin	Pyrazolanthrone	0.75	L		False	False
DB04599	DB00159	Aniracetam	Icosapent	0.7484848484848485	N		False	False
DB08895	DB00622	Tofacitinib	Nicardipine	0.7473684210526317	L	C	False	False
DB08877	DB00622	Ruxolitinib	Nicardipine	0.7473684210526317	L	C	False	False
DB08756	DB00412	Y-27632	Rosiglitazone	0.7467532467532467		A	False	False
DB08756	DB00836	Y-27632	Loperamide	0.7467532467532467		A	False	False
DB08756	DB06195	Y-27632	Seliciclib	0.7467532467532467			False	False
DB08073	DB00836	(2S)-1-(1H-INDOL-3-YL)-3-{[5-(3-METHYL-1H-INDAZOL-5-YL)PYRIDIN-3-YL]OXY}PROPAN-2-AMINE	Loperamide	0.7467532467532467		A	False	False
DB07859	DB00836	4-(4-CHLOROPHENYL)-4-[4-(1H-PYRAZOL-4-YL)PHENYL]PIPERIDINE	Loperamide	0.7467532467532467		A	False	False
DB08756	DB01645	Y-27632	Genistein	0.746606334841629			False	False
DB08895	DB04216	Tofacitinib	Quercetin	0.7461170848267622	L		False	False
DB08877	DB04216	Ruxolitinib	Quercetin	0.7461170848267622	L		False	False
DB07863	DB12695	2-chloro-5-nitro-N-phenylbenzamide	Phenethyl Isothiocyanate	0.7458333333333333			False	False
DB07863	DB08901	2-chloro-5-nitro-N-phenylbenzamide	Ponatinib	0.7444444444444445		L	False	False
DB07863	DB00280	2-chloro-5-nitro-N-phenylbenzamide	Disopyramide	0.7443181818181817		C	False	False
DB00393	DB01268	Nimodipine	Sunitinib	0.7430555555555554	C	L	True	False
DB07863	DB01054	2-chloro-5-nitro-N-phenylbenzamide	Nitrendipine	0.7428571428571429		C	False	False
DB02546	DB02659	Vorinostat	Cholic Acid	0.7424908424908423	L	A	False	False
DB08175	DB11800	(2E,4E)-11-METHOXY-3,7,11-TRIMETHYLDODECA-2,4-DIENOIC ACID	Tivozanib	0.7424242424242424		L	False	False
DB01013	DB11800	Clobetasol propionate	Tivozanib	0.7424242424242424		L	False	False
DB07995	DB11800	H-89	Tivozanib	0.7424242424242424		L	False	False
DB11800	DB00659	Tivozanib	Acamprosate	0.7424242424242424	L	N	False	False
DB04216	DB00659	Quercetin	Acamprosate	0.7407407407407409		N	False	False
DB02587	DB00132	Colforsin	alpha-Linolenic acid	0.7386363636363638			False	False
DB06195	DB02659	Seliciclib	Cholic Acid	0.7380952380952381		A	False	False
DB01054	DB02659	Nitrendipine	Cholic Acid	0.7380952380952381	C	A	False	False
DB01268	DB00818	Sunitinib	Propofol	0.7375	L	N	False	False
DB00396	DB01268	Progesterone	Sunitinib	0.7375	G	L	False	False
DB05266	DB01268	Ibudilast	Sunitinib	0.7375	R	L	False	False
DB04149	DB06486	(R)-Rolipram	Enzastaurin	0.7375			False	False
DB07863	DB00201	2-chloro-5-nitro-N-phenylbenzamide	Caffeine	0.7373949579831931		R, V, N	False	False
DB12695	DB03756	Phenethyl Isothiocyanate	Doconexent	0.7372549019607844			False	False
DB00393	DB00659	Nimodipine	Acamprosate	0.7371794871794872	C	N	False	False
DB02587	DB08901	Colforsin	Ponatinib	0.7364035087719298		L	False	False
DB02659	DB02010	Cholic Acid	Staurosporine	0.7361560008618833	A		False	False
DB01393	DB02010	Bezafibrate	Staurosporine	0.7346153846153847	C		False	False
DB12500	DB01234	Fedratinib	Dexamethasone	0.7333333333333334	L	C, A, S, R, H, D	False	False
DB08175	DB02546	(2E,4E)-11-METHOXY-3,7,11-TRIMETHYLDODECA-2,4-DIENOIC ACID	Vorinostat	0.7333333333333334		L	False	False
DB12500	DB14649	Fedratinib	Dexamethasone acetate	0.7333333333333334	L		False	False
DB01234	DB00659	Dexamethasone	Acamprosate	0.7333333333333334	C, A, S, R, H, D	N	False	False
DB13956	DB05266	Estradiol valerate	Ibudilast	0.7333333333333334		R	False	False
DB04149	DB00421	(R)-Rolipram	Spironolactone	0.7333333333333334		C	False	False
DB14649	DB00659	Dexamethasone acetate	Acamprosate	0.7333333333333334		N	False	False
DB02546	DB00659	Vorinostat	Acamprosate	0.7333333333333334	L	N	False	False
DB05266	DB13954	Ibudilast	Estradiol cypionate	0.7333333333333334	R		False	False
DB00412	DB06486	Rosiglitazone	Enzastaurin	0.7327380952380953	A		False	False
DB04149	DB08901	(R)-Rolipram	Ponatinib	0.7313725490196079		L	False	False
DB00380	DB08901	Dexrazoxane	Ponatinib	0.7313725490196079	V	L	True	False
DB00694	DB08901	Daunorubicin	Ponatinib	0.7313725490196079	L	L	False	False
DB08901	DB07997	Ponatinib	N-[2-(METHYLAMINO)ETHYL]-5-ISOQUINOLINESULFONAMIDE	0.7313725490196079	L		False	False
DB08901	DB07996	Ponatinib	5-(2-methylpiperazine-1-sulfonyl)isoquinoline	0.7313725490196079	L		False	False
DB00773	DB08901	Etoposide	Ponatinib	0.7313725490196079	L	L	False	False
DB08877	DB00132	Ruxolitinib	alpha-Linolenic acid	0.7303030303030305	L		False	False
DB08895	DB00132	Tofacitinib	alpha-Linolenic acid	0.7303030303030305	L		False	False
DB08877	DB12695	Ruxolitinib	Phenethyl Isothiocyanate	0.7292517006802721	L		False	False
DB08895	DB12695	Tofacitinib	Phenethyl Isothiocyanate	0.7292517006802721	L		False	False
DB04599	DB00280	Aniracetam	Disopyramide	0.7291666666666665	N	C	False	False
DB00459	DB08916	Acitretin	Afatinib	0.7285714285714286	D	L	False	False
DB06195	DB00818	Seliciclib	Propofol	0.7285714285714286		N	False	False
DB08912	DB00412	Dabrafenib	Rosiglitazone	0.7285714285714286	L	A	False	False
DB00459	DB00818	Acitretin	Propofol	0.7285714285714286	D	N	False	False
DB05266	DB00836	Ibudilast	Loperamide	0.7285714285714286	R	A	False	False
DB08912	DB00459	Dabrafenib	Acitretin	0.7285714285714286	L	D	False	False
DB05266	DB00412	Ibudilast	Rosiglitazone	0.7285714285714286	R	A	False	False
DB05266	DB00459	Ibudilast	Acitretin	0.7285714285714286	R	D	False	False
DB00412	DB00818	Rosiglitazone	Propofol	0.7285714285714286	A	N	False	False
DB07080	DB00201	TO-901317	Caffeine	0.7285714285714284		R, V, N	False	False
DB08073	DB01393	(2S)-1-(1H-INDOL-3-YL)-3-{[5-(3-METHYL-1H-INDAZOL-5-YL)PYRIDIN-3-YL]OXY}PROPAN-2-AMINE	Bezafibrate	0.7272727272727273		C	False	False
DB00619	DB01388	Imatinib	Mibefradil	0.7272727272727273	L	C	True	False
DB03496	DB01388	Alvocidib	Mibefradil	0.7272727272727273		C	False	False
DB07859	DB01393	4-(4-CHLOROPHENYL)-4-[4-(1H-PYRAZOL-4-YL)PHENYL]PIPERIDINE	Bezafibrate	0.7272727272727273		C	False	False
DB07080	DB02010	TO-901317	Staurosporine	0.7267206477732793			False	False
DB11800	DB00412	Tivozanib	Rosiglitazone	0.7265512265512264	L	A	False	False
DB00675	DB01268	Tamoxifen	Sunitinib	0.7263888888888888	L	L	False	False
DB08175	DB03374	(2E,4E)-11-METHOXY-3,7,11-TRIMETHYLDODECA-2,4-DIENOIC ACID	3,5-Diiodotyrosine	0.7261904761904763			False	False
DB00749	DB01782	Etodolac	Pyrazolanthrone	0.7261904761904763	M		False	False
DB03374	DB00659	3,5-Diiodotyrosine	Acamprosate	0.7261904761904763		N	False	False
DB07557	DB00659	3,20-Pregnanedione	Acamprosate	0.7261904761904763		N	False	False
DB00201	DB01393	Caffeine	Bezafibrate	0.726190476190476	R, V, N	C	False	False
DB00132	DB00818	alpha-Linolenic acid	Propofol	0.7261363636363636		N	False	False
DB08896	DB00459	Regorafenib	Acitretin	0.7252380952380952	L	D	False	False
DB01088	DB01259	Iloprost	Lapatinib	0.7250000000000001	B	L	False	False
DB15399	DB01088	BMS-754807	Iloprost	0.7250000000000001		B	False	False
DB12695	DB00659	Phenethyl Isothiocyanate	Acamprosate	0.7249999999999999		N	False	False
DB02052	DB02659	Indirubin-3'-monoxime	Cholic Acid	0.7235449735449733		A	False	False
DB01645	DB07997	Genistein	N-[2-(METHYLAMINO)ETHYL]-5-ISOQUINOLINESULFONAMIDE	0.7230769230769232			False	False
DB01645	DB07996	Genistein	5-(2-methylpiperazine-1-sulfonyl)isoquinoline	0.7230769230769232			False	False
DB01645	DB00818	Genistein	Propofol	0.7230769230769232		N	False	False
DB08756	DB00313	Y-27632	Valproic acid	0.7222222222222223		N	False	False
DB08073	DB00313	(2S)-1-(1H-INDOL-3-YL)-3-{[5-(3-METHYL-1H-INDAZOL-5-YL)PYRIDIN-3-YL]OXY}PROPAN-2-AMINE	Valproic acid	0.7222222222222223		N	False	False
DB07859	DB00313	4-(4-CHLOROPHENYL)-4-[4-(1H-PYRAZOL-4-YL)PHENYL]PIPERIDINE	Valproic acid	0.7222222222222223		N	False	False
DB00313	DB07996	Valproic acid	5-(2-methylpiperazine-1-sulfonyl)isoquinoline	0.7222222222222223	N		False	False
DB00313	DB07997	Valproic acid	N-[2-(METHYLAMINO)ETHYL]-5-ISOQUINOLINESULFONAMIDE	0.7222222222222223	N		False	False
DB15399	DB00313	BMS-754807	Valproic acid	0.7222222222222223		N	False	False
DB08895	DB00313	Tofacitinib	Valproic acid	0.7222222222222223	L	N	False	False
DB04599	DB00482	Aniracetam	Celecoxib	0.7222222222222223	N	M, C, G, L	False	False
DB08877	DB00313	Ruxolitinib	Valproic acid	0.7222222222222223	L	N	False	False
DB01092	DB00132	Ouabain	alpha-Linolenic acid	0.720779220779221	C		False	False
DB04149	DB01023	(R)-Rolipram	Felodipine	0.7205128205128206		C	False	False
DB01054	DB03756	Nitrendipine	Doconexent	0.7197802197802199	C		False	False
DB00783	DB00659	Estradiol	Acamprosate	0.7190476190476192	G	N	False	False
DB00313	DB01268	Valproic acid	Sunitinib	0.7185457516339868	N	L	False	False
DB00132	DB06589	alpha-Linolenic acid	Pazopanib	0.7183982683982681		L	False	False
DB15399	DB00162	BMS-754807	Vitamin A	0.7176470588235295		A, S, R, D, V	False	False
DB06486	DB01388	Enzastaurin	Mibefradil	0.7174043062200959		C	False	False
DB02052	DB00818	Indirubin-3'-monoxime	Propofol	0.7166666666666668		N	False	False
DB02052	DB00622	Indirubin-3'-monoxime	Nicardipine	0.7166666666666668		C	False	False
DB08895	DB02052	Tofacitinib	Indirubin-3'-monoxime	0.7166666666666666	L		False	False
DB08877	DB02052	Ruxolitinib	Indirubin-3'-monoxime	0.7166666666666666	L		False	False
DB04599	DB02052	Aniracetam	Indirubin-3'-monoxime	0.7166666666666666	N		False	False
DB04149	DB08896	(R)-Rolipram	Regorafenib	0.7166666666666666		L	False	False
DB11886	DB02659	Infigratinib	Cholic Acid	0.7159523809523809		A	False	False
DB01092	DB01088	Ouabain	Iloprost	0.7159090909090908	C	B	False	False
DB01088	DB08916	Iloprost	Afatinib	0.7159090909090908	B	L	False	False
DB01393	DB00836	Bezafibrate	Loperamide	0.7142857142857144	C	A	False	False
DB00749	DB02659	Etodolac	Cholic Acid	0.7142857142857144	M	A	False	False
DB06195	DB00836	Seliciclib	Loperamide	0.7142857142857144		A	False	False
DB04599	DB08916	Aniracetam	Afatinib	0.7142857142857142	N	L	False	False
DB07859	DB01092	4-(4-CHLOROPHENYL)-4-[4-(1H-PYRAZOL-4-YL)PHENYL]PIPERIDINE	Ouabain	0.7142857142857142		C	False	False
DB07863	DB08756	2-chloro-5-nitro-N-phenylbenzamide	Y-27632	0.7142857142857142			False	False
DB08073	DB01092	(2S)-1-(1H-INDOL-3-YL)-3-{[5-(3-METHYL-1H-INDAZOL-5-YL)PYRIDIN-3-YL]OXY}PROPAN-2-AMINE	Ouabain	0.7142857142857142		C	False	False
DB01092	DB03496	Ouabain	Alvocidib	0.7142857142857142	C		False	False
DB08756	DB01092	Y-27632	Ouabain	0.7142857142857142		C	False	False
DB08756	DB04216	Y-27632	Quercetin	0.7138590203106332			False	False
DB00132	DB00619	alpha-Linolenic acid	Imatinib	0.7136363636363638		L	False	False
DB00836	DB02010	Loperamide	Staurosporine	0.7131868131868131	A		False	False
DB02659	DB01088	Cholic Acid	Iloprost	0.7128489326765188	A	B	True	False
DB00412	DB01388	Rosiglitazone	Mibefradil	0.7113997113997113	A	C	True	False
DB02052	DB01268	Indirubin-3'-monoxime	Sunitinib	0.7113095238095237		L	False	False
DB03374	DB02659	3,5-Diiodotyrosine	Cholic Acid	0.710952380952381		A	False	False
DB00622	DB06589	Nicardipine	Pazopanib	0.71	C	L	False	False
DB00380	DB00132	Dexrazoxane	alpha-Linolenic acid	0.70979020979021	V		False	False
DB00773	DB00132	Etoposide	alpha-Linolenic acid	0.70979020979021	L		False	False
DB00694	DB00132	Daunorubicin	alpha-Linolenic acid	0.70979020979021	L		False	False
DB11800	DB05266	Tivozanib	Ibudilast	0.709090909090909	L	R	False	False
DB11800	DB00818	Tivozanib	Propofol	0.709090909090909	L	N	False	False
DB02587	DB00749	Colforsin	Etodolac	0.7083333333333335		M	False	False
DB08895	DB01088	Tofacitinib	Iloprost	0.7083333333333335	L	B	True	False
DB00588	DB00659	Fluticasone propionate	Acamprosate	0.7083333333333335		N	False	False
DB02587	DB00210	Colforsin	Adapalene	0.7083333333333335		D	False	False
DB08877	DB01088	Ruxolitinib	Iloprost	0.7083333333333335	L	B	True	False
DB01013	DB08059	Clobetasol propionate	Wortmannin	0.7083333333333335			True	False
DB01013	DB11886	Clobetasol propionate	Infigratinib	0.7083333333333335			False	False
DB11886	DB07995	Infigratinib	H-89	0.7083333333333335			False	False
DB11886	DB00659	Infigratinib	Acamprosate	0.7083333333333335		N	False	False
DB01016	DB00588	Glyburide	Fluticasone propionate	0.7083333333333335	A		True	False
DB08059	DB08175	Wortmannin	(2E,4E)-11-METHOXY-3,7,11-TRIMETHYLDODECA-2,4-DIENOIC ACID	0.7083333333333335			False	False
DB02587	DB00659	Colforsin	Acamprosate	0.7083333333333335		N	False	False
DB02587	DB08175	Colforsin	(2E,4E)-11-METHOXY-3,7,11-TRIMETHYLDODECA-2,4-DIENOIC ACID	0.7083333333333335			False	False
DB08175	DB11886	(2E,4E)-11-METHOXY-3,7,11-TRIMETHYLDODECA-2,4-DIENOIC ACID	Infigratinib	0.7083333333333335			False	False
DB02424	DB08059	Geldanamycin	Wortmannin	0.7083333333333335			False	False
DB15399	DB00836	BMS-754807	Loperamide	0.7063492063492063		A	False	False
DB00380	DB00412	Dexrazoxane	Rosiglitazone	0.7063492063492063	V	A	False	False
DB06195	DB07997	Seliciclib	N-[2-(METHYLAMINO)ETHYL]-5-ISOQUINOLINESULFONAMIDE	0.7063492063492063			False	False
DB00380	DB00459	Dexrazoxane	Acitretin	0.7063492063492063	V	D	False	False
DB00836	DB07996	Loperamide	5-(2-methylpiperazine-1-sulfonyl)isoquinoline	0.7063492063492063	A		False	False
DB00412	DB07996	Rosiglitazone	5-(2-methylpiperazine-1-sulfonyl)isoquinoline	0.7063492063492063	A		False	False
DB00459	DB01259	Acitretin	Lapatinib	0.7063492063492063	D	L	False	False
DB00412	DB07997	Rosiglitazone	N-[2-(METHYLAMINO)ETHYL]-5-ISOQUINOLINESULFONAMIDE	0.7063492063492063	A		False	False
DB00773	DB00412	Etoposide	Rosiglitazone	0.7063492063492063	L	A	False	False
DB06195	DB07996	Seliciclib	5-(2-methylpiperazine-1-sulfonyl)isoquinoline	0.7063492063492063			False	False
DB00773	DB00459	Etoposide	Acitretin	0.7063492063492063	L	D	False	False
DB00694	DB00412	Daunorubicin	Rosiglitazone	0.7063492063492063	L	A	False	False
DB00694	DB00459	Daunorubicin	Acitretin	0.7063492063492063	L	D	False	False
DB00836	DB07997	Loperamide	N-[2-(METHYLAMINO)ETHYL]-5-ISOQUINOLINESULFONAMIDE	0.7063492063492063	A		False	False
DB07080	DB03496	TO-901317	Alvocidib	0.7058823529411764			False	False
DB00818	DB01016	Propofol	Glyburide	0.7038461538461538	N	A	False	False
DB00749	DB01388	Etodolac	Mibefradil	0.7034632034632033	M	C	False	False
DB15399	DB04216	BMS-754807	Quercetin	0.7005108556832695			False	False
DB02546	DB05266	Vorinostat	Ibudilast	0.7000000000000002	L	R	True	False
DB02546	DB00622	Vorinostat	Nicardipine	0.7000000000000002	L	C	True	False
DB05266	DB14649	Ibudilast	Dexamethasone acetate	0.7000000000000002	R		False	False
DB00818	DB14649	Propofol	Dexamethasone acetate	0.7000000000000002	N		False	False
DB00773	DB08080	Etoposide	Latrunculin B	0.7000000000000002	L		False	False
DB08912	DB00818	Dabrafenib	Propofol	0.7000000000000002	L	N	False	False
DB01234	DB05266	Dexamethasone	Ibudilast	0.7000000000000002	C, A, S, R, H, D	R	False	False
DB00694	DB08080	Daunorubicin	Latrunculin B	0.7000000000000002	L		False	False
DB02546	DB00818	Vorinostat	Propofol	0.7000000000000002	L	N	True	False
DB01234	DB00818	Dexamethasone	Propofol	0.7000000000000002	C, A, S, R, H, D	N	True	False
DB00380	DB08080	Dexrazoxane	Latrunculin B	0.7000000000000002	V		False	False
DB07080	DB01244	TO-901317	Bepridil	0.7		C	False	False
DB08756	DB03756	Y-27632	Doconexent	0.7			False	False
DB05134	DB00630	Tanespimycin	Alendronic acid	0.7		M	False	False
DB00630	DB07996	Alendronic acid	5-(2-methylpiperazine-1-sulfonyl)isoquinoline	0.7	M		False	False
DB00630	DB07594	Alendronic acid	CCT-018159	0.7	M		False	False
DB00630	DB07997	Alendronic acid	N-[2-(METHYLAMINO)ETHYL]-5-ISOQUINOLINESULFONAMIDE	0.7	M		False	False
DB00630	DB01393	Alendronic acid	Bezafibrate	0.7	M	C	True	False
DB03374	DB06589	3,5-Diiodotyrosine	Pazopanib	0.7		L	False	False
DB01782	DB06589	Pyrazolanthrone	Pazopanib	0.7		L	False	False
DB00630	DB08895	Alendronic acid	Tofacitinib	0.7	M	L	False	False
DB00818	DB00436	Propofol	Bendroflumethiazide	0.7	N	C, G	False	False
DB00630	DB08877	Alendronic acid	Ruxolitinib	0.7	M	L	False	False
DB00630	DB07080	Alendronic acid	TO-901317	0.7	M		False	False
DB00630	DB08756	Alendronic acid	Y-27632	0.7	M		False	False
DB07863	DB00630	2-chloro-5-nitro-N-phenylbenzamide	Alendronic acid	0.7		M	False	False
DB00630	DB08073	Alendronic acid	(2S)-1-(1H-INDOL-3-YL)-3-{[5-(3-METHYL-1H-INDAZOL-5-YL)PYRIDIN-3-YL]OXY}PROPAN-2-AMINE	0.7	M		False	False
DB00630	DB04149	Alendronic acid	(R)-Rolipram	0.7	M		False	False
DB00393	DB06589	Nimodipine	Pazopanib	0.7	C	L	True	False
DB07557	DB06589	3,20-Pregnanedione	Pazopanib	0.7		L	False	False
DB00630	DB03756	Alendronic acid	Doconexent	0.7	M		False	False
DB00630	DB04599	Alendronic acid	Aniracetam	0.7	M	N	False	False
DB00630	DB00694	Alendronic acid	Daunorubicin	0.7	M	L	False	False
DB00630	DB00773	Alendronic acid	Etoposide	0.7	M	L	False	False
DB00630	DB00380	Alendronic acid	Dexrazoxane	0.7	M	V	False	False
DB00630	DB07859	Alendronic acid	4-(4-CHLOROPHENYL)-4-[4-(1H-PYRAZOL-4-YL)PHENYL]PIPERIDINE	0.7	M		False	False
DB01393	DB08916	Bezafibrate	Afatinib	0.7	C	L	False	False
DB01645	DB06589	Genistein	Pazopanib	0.6991638795986621		L	False	False
DB07080	DB00836	TO-901317	Loperamide	0.6978021978021978		A	False	False
DB00836	DB03756	Loperamide	Doconexent	0.6978021978021978	A		False	False
DB01092	DB02010	Ouabain	Staurosporine	0.6971153846153846	C		False	False
DB11886	DB00393	Infigratinib	Nimodipine	0.6964285714285716		C	False	False
DB02587	DB00393	Colforsin	Nimodipine	0.6964285714285716		C	False	False
DB00132	DB06486	alpha-Linolenic acid	Enzastaurin	0.6958732057416268			False	False
DB07080	DB02659	TO-901317	Cholic Acid	0.6957671957671958		A	False	False
DB07080	DB00162	TO-901317	Vitamin A	0.6952380952380954		A, S, R, D, V	False	False
DB01092	DB02052	Ouabain	Indirubin-3'-monoxime	0.6944444444444442	C		False	False
DB01268	DB00622	Sunitinib	Nicardipine	0.6940217391304349	L	C	False	False
DB00818	DB12695	Propofol	Phenethyl Isothiocyanate	0.6933333333333334	N		False	False
DB01115	DB06589	Nifedipine	Pazopanib	0.6930555555555553	C	L	False	False
DB15399	DB03496	BMS-754807	Alvocidib	0.6923076923076923			False	False
DB08073	DB00619	(2S)-1-(1H-INDOL-3-YL)-3-{[5-(3-METHYL-1H-INDAZOL-5-YL)PYRIDIN-3-YL]OXY}PROPAN-2-AMINE	Imatinib	0.6923076923076923		L	False	False
DB07859	DB00619	4-(4-CHLOROPHENYL)-4-[4-(1H-PYRAZOL-4-YL)PHENYL]PIPERIDINE	Imatinib	0.6923076923076923		L	False	False
DB00393	DB01393	Nimodipine	Bezafibrate	0.6911764705882353	C	C	False	False
DB03496	DB07995	Alvocidib	H-89	0.6904761904761907			False	False
DB03496	DB00659	Alvocidib	Acamprosate	0.6904761904761907		N	False	False
DB01092	DB00622	Ouabain	Nicardipine	0.6888888888888889	C	C	False	False
DB00459	DB12695	Acitretin	Phenethyl Isothiocyanate	0.6888278388278388	D		False	False
DB11886	DB00280	Infigratinib	Disopyramide	0.6875		C	False	False
DB03374	DB01268	3,5-Diiodotyrosine	Sunitinib	0.6875		L	False	False
DB07557	DB01268	3,20-Pregnanedione	Sunitinib	0.6875		L	False	False
DB01092	DB01115	Ouabain	Nifedipine	0.6875	C	C	False	False
DB01115	DB01268	Nifedipine	Sunitinib	0.6875	C	L	False	False
DB00393	DB06486	Nimodipine	Enzastaurin	0.6875	C		False	False
DB01782	DB01268	Pyrazolanthrone	Sunitinib	0.6875		L	False	False
DB06486	DB01016	Enzastaurin	Glyburide	0.6875		A	False	False
DB01115	DB00619	Nifedipine	Imatinib	0.6875	C	L	True	False
DB08756	DB00675	Y-27632	Tamoxifen	0.6857142857142857		L	False	False
DB04297	DB02659	Trichostatin A	Cholic Acid	0.6853002070393375		A	False	False
DB11781	DB02659	Tosedostat	Cholic Acid	0.6853002070393375		A	False	False
DB00631	DB02659	Clofarabine	Cholic Acid	0.6853002070393375	L	A	False	False
DB00280	DB02659	Disopyramide	Cholic Acid	0.6848316912972083	C	A	False	False
DB03496	DB00622	Alvocidib	Nicardipine	0.6846153846153846		C	False	False
DB00818	DB02010	Propofol	Staurosporine	0.6846153846153846	N		False	False
DB01234	DB01268	Dexamethasone	Sunitinib	0.6836538461538462	C, A, S, R, H, D	L	True	False
DB01268	DB14649	Sunitinib	Dexamethasone acetate	0.6836538461538462	L		True	False
DB00749	DB12695	Etodolac	Phenethyl Isothiocyanate	0.6833333333333333	M		False	False
DB12500	DB12695	Fedratinib	Phenethyl Isothiocyanate	0.6833333333333333	L		False	False
DB07995	DB12695	H-89	Phenethyl Isothiocyanate	0.6833333333333333			False	False
DB01393	DB12695	Bezafibrate	Phenethyl Isothiocyanate	0.6833333333333333	C		False	False
DB00412	DB00622	Rosiglitazone	Nicardipine	0.6831168831168832	A	C	False	False
DB00622	DB07594	Nicardipine	CCT-018159	0.6823529411764706	C		False	False
DB05134	DB00622	Tanespimycin	Nicardipine	0.6823529411764706		C	False	False
DB11800	DB00132	Tivozanib	alpha-Linolenic acid	0.6818181818181819	L		False	False
DB00380	DB00159	Dexrazoxane	Icosapent	0.6818181818181817	V		False	False
DB00694	DB00159	Daunorubicin	Icosapent	0.6818181818181817	L		False	False
DB15399	DB00159	BMS-754807	Icosapent	0.6818181818181817			False	False
DB00773	DB00159	Etoposide	Icosapent	0.6818181818181817	L		False	False
DB11800	DB01388	Tivozanib	Mibefradil	0.6818181818181817	L	C	False	False
DB05294	DB02659	Vandetanib	Cholic Acid	0.680952380952381	L	A	False	False
DB02659	DB08901	Cholic Acid	Ponatinib	0.680952380952381	A	L	False	False
DB07080	DB08901	TO-901317	Ponatinib	0.680952380952381		L	False	False
DB02587	DB01645	Colforsin	Genistein	0.6804298642533937			False	False
DB08877	DB00210	Ruxolitinib	Adapalene	0.6794871794871797	L	D	False	False
DB08895	DB00210	Tofacitinib	Adapalene	0.6794871794871797	L	D	False	False
DB01782	DB00836	Pyrazolanthrone	Loperamide	0.6785714285714286		A	False	False
DB00201	DB08877	Caffeine	Ruxolitinib	0.6785714285714286	R, V, N	L	False	False
DB00393	DB06195	Nimodipine	Seliciclib	0.6785714285714286	C		False	False
DB00393	DB00459	Nimodipine	Acitretin	0.6785714285714286	C	D	False	False
DB00201	DB08895	Caffeine	Tofacitinib	0.6785714285714286	R, V, N	L	False	False
DB01782	DB00412	Pyrazolanthrone	Rosiglitazone	0.6785714285714286		A	False	False
DB00393	DB02010	Nimodipine	Staurosporine	0.67809364548495	C		False	False
DB00210	DB06589	Adapalene	Pazopanib	0.6780701754385963	D	L	False	False
DB08895	DB02546	Tofacitinib	Vorinostat	0.6777777777777776	L	L	False	False
DB08877	DB02546	Ruxolitinib	Vorinostat	0.6777777777777776	L	L	True	False
DB00281	DB00659	Lidocaine	Acamprosate	0.6761904761904765	C, S, R, N, D	N	False	False
DB05266	DB04216	Ibudilast	Quercetin	0.6761574074074075	R		False	False
DB00818	DB04216	Propofol	Quercetin	0.6761574074074075	N		False	False
DB02659	DB00588	Cholic Acid	Fluticasone propionate	0.6759523809523809	A		False	False
DB02587	DB00818	Colforsin	Propofol	0.675		N	False	False
DB02587	DB05266	Colforsin	Ibudilast	0.675		R	False	False
DB11886	DB00818	Infigratinib	Propofol	0.675		N	False	False
DB03496	DB05266	Alvocidib	Ibudilast	0.675		R	False	False
DB02587	DB13956	Colforsin	Estradiol valerate	0.675			False	False
DB00818	DB00588	Propofol	Fluticasone propionate	0.675	N		False	False
DB02587	DB13954	Colforsin	Estradiol cypionate	0.675			False	False
DB08059	DB00818	Wortmannin	Propofol	0.675		N	True	False
DB07080	DB11886	TO-901317	Infigratinib	0.675			False	False
DB11886	DB05266	Infigratinib	Ibudilast	0.675		R	False	False
DB05266	DB00588	Ibudilast	Fluticasone propionate	0.675	R		False	False
DB01092	DB01645	Ouabain	Genistein	0.6730769230769231	C		False	False
DB00608	DB00459	Chloroquine	Acitretin	0.6721611721611724	P	D	False	False
DB11800	DB00459	Tivozanib	Acitretin	0.6709956709956708	L	D	False	False
DB01645	DB01268	Genistein	Sunitinib	0.6701007326007327		L	False	False
DB00836	DB12695	Loperamide	Phenethyl Isothiocyanate	0.6695970695970697	A		False	False
DB01092	DB00675	Ouabain	Tamoxifen	0.6692307692307691	C	L	False	False
DB05266	DB00783	Ibudilast	Estradiol	0.6690476190476193	R	G	False	False
DB00588	DB01388	Fluticasone propionate	Mibefradil	0.6689393939393942		C	False	False
DB02587	DB01388	Colforsin	Mibefradil	0.6689393939393942		C	False	False
DB07859	DB12695	4-(4-CHLOROPHENYL)-4-[4-(1H-PYRAZOL-4-YL)PHENYL]PIPERIDINE	Phenethyl Isothiocyanate	0.6680272108843537			False	False
DB08073	DB12695	(2S)-1-(1H-INDOL-3-YL)-3-{[5-(3-METHYL-1H-INDAZOL-5-YL)PYRIDIN-3-YL]OXY}PROPAN-2-AMINE	Phenethyl Isothiocyanate	0.6680272108843537			False	False
DB05266	DB01645	Ibudilast	Genistein	0.6675213675213676	R		False	False
DB02424	DB00749	Geldanamycin	Etodolac	0.6666666666666667		M	False	False
DB00619	DB00659	Imatinib	Acamprosate	0.6666666666666667	L	N	False	False
DB02424	DB00659	Geldanamycin	Acamprosate	0.6666666666666667		N	False	False
DB00717	DB00619	Norethisterone	Imatinib	0.6666666666666667	G	L	False	False
DB00380	DB07859	Dexrazoxane	4-(4-CHLOROPHENYL)-4-[4-(1H-PYRAZOL-4-YL)PHENYL]PIPERIDINE	0.6666666666666667	V		False	False
DB08756	DB01016	Y-27632	Glyburide	0.6666666666666667		A	False	False
DB12500	DB00210	Fedratinib	Adapalene	0.6666666666666667	L	D	False	False
DB12500	DB07995	Fedratinib	H-89	0.6666666666666667	L		False	False
DB07859	DB03496	4-(4-CHLOROPHENYL)-4-[4-(1H-PYRAZOL-4-YL)PHENYL]PIPERIDINE	Alvocidib	0.6666666666666667			False	False
DB12500	DB00659	Fedratinib	Acamprosate	0.6666666666666667	L	N	False	False
DB01013	DB00619	Clobetasol propionate	Imatinib	0.6666666666666667		L	True	False
DB01013	DB00659	Clobetasol propionate	Acamprosate	0.6666666666666667		N	False	False
DB00773	DB08073	Etoposide	(2S)-1-(1H-INDOL-3-YL)-3-{[5-(3-METHYL-1H-INDAZOL-5-YL)PYRIDIN-3-YL]OXY}PROPAN-2-AMINE	0.6666666666666667	L		False	False
DB02659	DB01393	Cholic Acid	Bezafibrate	0.6666666666666667	A	C	False	False
DB07995	DB00659	H-89	Acamprosate	0.6666666666666667		N	False	False
DB12500	DB00749	Fedratinib	Etodolac	0.6666666666666667	L	M	False	False
DB00749	DB00659	Etodolac	Acamprosate	0.6666666666666667	M	N	False	False
DB00694	DB08073	Daunorubicin	(2S)-1-(1H-INDOL-3-YL)-3-{[5-(3-METHYL-1H-INDAZOL-5-YL)PYRIDIN-3-YL]OXY}PROPAN-2-AMINE	0.6666666666666667	L		False	False
DB03756	DB08916	Doconexent	Afatinib	0.6666666666666667		L	False	False
DB04599	DB01259	Aniracetam	Lapatinib	0.6666666666666667	N	L	False	False
DB12500	DB08175	Fedratinib	(2E,4E)-11-METHOXY-3,7,11-TRIMETHYLDODECA-2,4-DIENOIC ACID	0.6666666666666667	L		False	False
DB00773	DB07859	Etoposide	4-(4-CHLOROPHENYL)-4-[4-(1H-PYRAZOL-4-YL)PHENYL]PIPERIDINE	0.6666666666666667	L		False	False
DB00717	DB00659	Norethisterone	Acamprosate	0.6666666666666667	G	N	False	False
DB08877	DB01016	Ruxolitinib	Glyburide	0.6666666666666667	L	A	False	False
DB00694	DB07859	Daunorubicin	4-(4-CHLOROPHENYL)-4-[4-(1H-PYRAZOL-4-YL)PHENYL]PIPERIDINE	0.6666666666666667	L		False	False
DB08073	DB03496	(2S)-1-(1H-INDOL-3-YL)-3-{[5-(3-METHYL-1H-INDAZOL-5-YL)PYRIDIN-3-YL]OXY}PROPAN-2-AMINE	Alvocidib	0.6666666666666667			False	False
DB01092	DB00210	Ouabain	Adapalene	0.6666666666666667	C	D	False	False
DB00210	DB00659	Adapalene	Acamprosate	0.6666666666666667	D	N	False	False
DB08895	DB01016	Tofacitinib	Glyburide	0.6666666666666667	L	A	False	False
DB02546	DB08901	Vorinostat	Ponatinib	0.6666666666666667	L	L	True	False
DB07995	DB00619	H-89	Imatinib	0.6666666666666667		L	False	False
DB08175	DB00659	(2E,4E)-11-METHOXY-3,7,11-TRIMETHYLDODECA-2,4-DIENOIC ACID	Acamprosate	0.6666666666666667		N	False	False
DB01393	DB01259	Bezafibrate	Lapatinib	0.6666666666666667	C	L	False	False
DB00619	DB00210	Imatinib	Adapalene	0.6666666666666667	L	D	False	False
DB08175	DB07995	(2E,4E)-11-METHOXY-3,7,11-TRIMETHYLDODECA-2,4-DIENOIC ACID	H-89	0.6666666666666667			False	False
DB00717	DB12500	Norethisterone	Fedratinib	0.6666666666666667	G	L	False	False
DB00380	DB08073	Dexrazoxane	(2S)-1-(1H-INDOL-3-YL)-3-{[5-(3-METHYL-1H-INDAZOL-5-YL)PYRIDIN-3-YL]OXY}PROPAN-2-AMINE	0.6666666666666667	V		False	False
DB01013	DB12500	Clobetasol propionate	Fedratinib	0.6666666666666667		L	False	False
DB12742	DB01393	Amuvatinib	Bezafibrate	0.6666666666666665		C	False	False
DB00380	DB12742	Dexrazoxane	Amuvatinib	0.6666666666666665	V		False	False
DB12742	DB03756	Amuvatinib	Doconexent	0.6666666666666665			False	False
DB00773	DB01248	Etoposide	Docetaxel	0.6666666666666665	L	L	False	False
DB00773	DB01229	Etoposide	Paclitaxel	0.6666666666666665	L	L	False	False
DB04599	DB01229	Aniracetam	Paclitaxel	0.6666666666666665	N	L	False	False
DB00694	DB01229	Daunorubicin	Paclitaxel	0.6666666666666665	L	L	False	False
DB00694	DB01248	Daunorubicin	Docetaxel	0.6666666666666665	L	L	False	False
DB01092	DB01229	Ouabain	Paclitaxel	0.6666666666666665	C	L	False	False
DB02052	DB07997	Indirubin-3'-monoxime	N-[2-(METHYLAMINO)ETHYL]-5-ISOQUINOLINESULFONAMIDE	0.6666666666666665			False	False
DB02052	DB07996	Indirubin-3'-monoxime	5-(2-methylpiperazine-1-sulfonyl)isoquinoline	0.6666666666666665			False	False
DB00694	DB12742	Daunorubicin	Amuvatinib	0.6666666666666665	L		False	False
DB07863	DB12742	2-chloro-5-nitro-N-phenylbenzamide	Amuvatinib	0.6666666666666665			False	False
DB04149	DB12742	(R)-Rolipram	Amuvatinib	0.6666666666666665			False	False
DB04149	DB01248	(R)-Rolipram	Docetaxel	0.6666666666666665		L	False	False
DB01092	DB01248	Ouabain	Docetaxel	0.6666666666666665	C	L	False	False
DB08896	DB07996	Regorafenib	5-(2-methylpiperazine-1-sulfonyl)isoquinoline	0.6666666666666665	L		False	False
DB04599	DB01248	Aniracetam	Docetaxel	0.6666666666666665	N	L	False	False
DB04599	DB12742	Aniracetam	Amuvatinib	0.6666666666666665	N		False	False
DB01092	DB12742	Ouabain	Amuvatinib	0.6666666666666665	C		False	False
DB00773	DB02052	Etoposide	Indirubin-3'-monoxime	0.6666666666666665	L		False	False
DB04149	DB01229	(R)-Rolipram	Paclitaxel	0.6666666666666665		L	False	False
DB00393	DB08896	Nimodipine	Regorafenib	0.6666666666666665	C	L	False	False
DB00694	DB02052	Daunorubicin	Indirubin-3'-monoxime	0.6666666666666665	L		False	False
DB15399	DB02052	BMS-754807	Indirubin-3'-monoxime	0.6666666666666665			False	False
DB08901	DB00818	Ponatinib	Propofol	0.6666666666666665	L	N	False	False
DB08896	DB07997	Regorafenib	N-[2-(METHYLAMINO)ETHYL]-5-ISOQUINOLINESULFONAMIDE	0.6666666666666665	L		False	False
DB08901	DB00622	Ponatinib	Nicardipine	0.6666666666666665	L	C	False	False
DB15399	DB01248	BMS-754807	Docetaxel	0.6666666666666665		L	False	False
DB15399	DB01229	BMS-754807	Paclitaxel	0.6666666666666665		L	False	False
DB02052	DB01016	Indirubin-3'-monoxime	Glyburide	0.6666666666666665		A	False	False
DB08756	DB00608	Y-27632	Chloroquine	0.6666666666666665		P	False	False
DB00608	DB07996	Chloroquine	5-(2-methylpiperazine-1-sulfonyl)isoquinoline	0.6666666666666665	P		False	False
DB00608	DB07997	Chloroquine	N-[2-(METHYLAMINO)ETHYL]-5-ISOQUINOLINESULFONAMIDE	0.6666666666666665	P		False	False
DB00380	DB01248	Dexrazoxane	Docetaxel	0.6666666666666665	V	L	True	False
DB00380	DB01229	Dexrazoxane	Paclitaxel	0.6666666666666665	V	L	True	False
DB00380	DB02052	Dexrazoxane	Indirubin-3'-monoxime	0.6666666666666665	V		False	False
DB00773	DB12742	Etoposide	Amuvatinib	0.6666666666666665	L		False	False
DB07080	DB12742	TO-901317	Amuvatinib	0.6666666666666665			False	False
DB06486	DB00836	Enzastaurin	Loperamide	0.6660714285714286		A	False	False
DB11886	DB12695	Infigratinib	Phenethyl Isothiocyanate	0.6654761904761906			False	False
DB01092	DB06486	Ouabain	Enzastaurin	0.6647727272727273	C		False	False
DB08756	DB00132	Y-27632	alpha-Linolenic acid	0.6636363636363638			False	False
DB08912	DB00132	Dabrafenib	alpha-Linolenic acid	0.6636363636363636	L		False	False
DB05266	DB00132	Ibudilast	alpha-Linolenic acid	0.6636363636363636	R		False	False
DB00280	DB01259	Disopyramide	Lapatinib	0.6625000000000001	C	L	True	False
DB08175	DB12695	(2E,4E)-11-METHOXY-3,7,11-TRIMETHYLDODECA-2,4-DIENOIC ACID	Phenethyl Isothiocyanate	0.6624999999999999			False	False
DB12500	DB00836	Fedratinib	Loperamide	0.6619047619047618	L	A	False	False
DB07557	DB05266	3,20-Pregnanedione	Ibudilast	0.6611111111111112		R	False	False
DB07557	DB08912	3,20-Pregnanedione	Dabrafenib	0.6611111111111112		L	False	False
DB02587	DB00783	Colforsin	Estradiol	0.6607142857142856		G	False	False
DB12500	DB00393	Fedratinib	Nimodipine	0.6602564102564106	L	C	False	False
DB01782	DB11800	Pyrazolanthrone	Tivozanib	0.6590909090909092		L	False	False
DB00393	DB11800	Nimodipine	Tivozanib	0.6590909090909092	C	L	False	False
DB11800	DB01016	Tivozanib	Glyburide	0.6590909090909092	L	A	False	False
DB01092	DB01016	Ouabain	Glyburide	0.6590909090909092	C	A	False	False
DB11800	DB03374	Tivozanib	3,5-Diiodotyrosine	0.6590909090909092	L		False	False
DB07863	DB01016	2-chloro-5-nitro-N-phenylbenzamide	Glyburide	0.6590909090909092		A	False	False
DB00162	DB07997	Vitamin A	N-[2-(METHYLAMINO)ETHYL]-5-ISOQUINOLINESULFONAMIDE	0.6588235294117646	A, S, R, D, V		False	False
DB00162	DB07996	Vitamin A	5-(2-methylpiperazine-1-sulfonyl)isoquinoline	0.6588235294117646	A, S, R, D, V		False	False
DB02659	DB03756	Cholic Acid	Doconexent	0.6587301587301586	A		False	False
DB08877	DB13954	Ruxolitinib	Estradiol cypionate	0.6571428571428573	L		False	False
DB08877	DB00396	Ruxolitinib	Progesterone	0.6571428571428573	L	G	False	False
DB08895	DB00396	Tofacitinib	Progesterone	0.6571428571428573	L	G	False	False
DB08895	DB13954	Tofacitinib	Estradiol cypionate	0.6571428571428573	L		False	False
DB08756	DB13956	Y-27632	Estradiol valerate	0.6571428571428573			False	False
DB08895	DB13956	Tofacitinib	Estradiol valerate	0.6571428571428573	L		False	False
DB08877	DB13956	Ruxolitinib	Estradiol valerate	0.6571428571428573	L		False	False
DB08756	DB13954	Y-27632	Estradiol cypionate	0.6571428571428573			False	False
DB07859	DB00412	4-(4-CHLOROPHENYL)-4-[4-(1H-PYRAZOL-4-YL)PHENYL]PIPERIDINE	Rosiglitazone	0.6558441558441559		A	False	False
DB08756	DB00459	Y-27632	Acitretin	0.6558441558441559		D	False	False
DB04599	DB00836	Aniracetam	Loperamide	0.6558441558441559	N	A	False	False
DB08073	DB00412	(2S)-1-(1H-INDOL-3-YL)-3-{[5-(3-METHYL-1H-INDAZOL-5-YL)PYRIDIN-3-YL]OXY}PROPAN-2-AMINE	Rosiglitazone	0.6558441558441559		A	False	False
DB06195	DB01388	Seliciclib	Mibefradil	0.6558441558441559		C	False	False
DB00818	DB01088	Propofol	Iloprost	0.6557692307692309	N	B	True	False
DB00162	DB00659	Vitamin A	Acamprosate	0.6555555555555557	A, S, R, D, V	N	False	False
DB01092	DB00162	Ouabain	Vitamin A	0.6555555555555554	C	A, S, R, D, V	False	False
DB07863	DB00162	2-chloro-5-nitro-N-phenylbenzamide	Vitamin A	0.6555555555555554		A, S, R, D, V	False	False
DB02587	DB08896	Colforsin	Regorafenib	0.65530303030303		L	False	False
DB00749	DB08896	Etodolac	Regorafenib	0.6547619047619047	M	L	False	False
DB08896	DB00659	Regorafenib	Acamprosate	0.6547619047619047	L	N	False	False
DB01092	DB01023	Ouabain	Felodipine	0.6538461538461537	C	C	False	False
DB02010	DB01388	Staurosporine	Mibefradil	0.6535547785547784		C	False	False
DB00280	DB08916	Disopyramide	Afatinib	0.6534090909090908	C	L	False	False
DB04297	DB00622	Trichostatin A	Nicardipine	0.6529411764705884		C	False	False
DB08756	DB00162	Y-27632	Vitamin A	0.6526315789473687		A, S, R, D, V	False	False
DB08895	DB00162	Tofacitinib	Vitamin A	0.6526315789473687	L	A, S, R, D, V	False	False
DB08877	DB00162	Ruxolitinib	Vitamin A	0.6526315789473687	L	A, S, R, D, V	False	False
DB05266	DB01388	Ibudilast	Mibefradil	0.6522727272727273	R	C	False	False
DB08073	DB08901	(2S)-1-(1H-INDOL-3-YL)-3-{[5-(3-METHYL-1H-INDAZOL-5-YL)PYRIDIN-3-YL]OXY}PROPAN-2-AMINE	Ponatinib	0.6508771929824562		L	False	False
DB07859	DB08901	4-(4-CHLOROPHENYL)-4-[4-(1H-PYRAZOL-4-YL)PHENYL]PIPERIDINE	Ponatinib	0.6508771929824562		L	False	False
DB01016	DB07997	Glyburide	N-[2-(METHYLAMINO)ETHYL]-5-ISOQUINOLINESULFONAMIDE	0.6499999999999999	A		False	False
DB13956	DB06589	Estradiol valerate	Pazopanib	0.6499999999999999		L	False	False
DB00773	DB01016	Etoposide	Glyburide	0.6499999999999999	L	A	False	False
DB00380	DB01016	Dexrazoxane	Glyburide	0.6499999999999999	V	A	False	False
DB01016	DB07996	Glyburide	5-(2-methylpiperazine-1-sulfonyl)isoquinoline	0.6499999999999999	A		False	False
DB06589	DB13954	Pazopanib	Estradiol cypionate	0.6499999999999999	L		False	False
DB00622	DB00818	Nicardipine	Propofol	0.6499999999999999	C	N	False	False
DB01092	DB01234	Ouabain	Dexamethasone	0.6499999999999999	C	C, A, S, R, H, D	False	False
DB01234	DB01782	Dexamethasone	Pyrazolanthrone	0.6499999999999999	C, A, S, R, H, D		False	False
DB01092	DB14649	Ouabain	Dexamethasone acetate	0.6499999999999999	C		False	False
DB00694	DB00421	Daunorubicin	Spironolactone	0.6499999999999999	L	C	False	False
DB00773	DB00421	Etoposide	Spironolactone	0.6499999999999999	L	C	False	False
DB00675	DB07996	Tamoxifen	5-(2-methylpiperazine-1-sulfonyl)isoquinoline	0.6499999999999999	L		False	False
DB00675	DB07997	Tamoxifen	N-[2-(METHYLAMINO)ETHYL]-5-ISOQUINOLINESULFONAMIDE	0.6499999999999999	L		False	False
DB01092	DB02546	Ouabain	Vorinostat	0.6499999999999999	C	L	False	False
DB00694	DB01016	Daunorubicin	Glyburide	0.6499999999999999	L	A	False	False
DB01782	DB14649	Pyrazolanthrone	Dexamethasone acetate	0.6499999999999999			False	False
DB00393	DB02546	Nimodipine	Vorinostat	0.6499999999999999	C	L	True	False
DB00380	DB00421	Dexrazoxane	Spironolactone	0.6499999999999999	V	C	False	False
DB08877	DB00421	Ruxolitinib	Spironolactone	0.6499999999999999	L	C	False	False
DB08895	DB00421	Tofacitinib	Spironolactone	0.6499999999999999	L	C	False	False
DB08073	DB04216	(2S)-1-(1H-INDOL-3-YL)-3-{[5-(3-METHYL-1H-INDAZOL-5-YL)PYRIDIN-3-YL]OXY}PROPAN-2-AMINE	Quercetin	0.6493428912783752			False	False
DB07859	DB04216	4-(4-CHLOROPHENYL)-4-[4-(1H-PYRAZOL-4-YL)PHENYL]PIPERIDINE	Quercetin	0.6493428912783752			False	False
DB00162	DB03756	Vitamin A	Doconexent	0.6476190476190475	A, S, R, D, V		False	True
DB01092	DB13954	Ouabain	Estradiol cypionate	0.6461538461538463	C		False	False
DB01092	DB13956	Ouabain	Estradiol valerate	0.6461538461538463	C		False	False
DB02659	DB06486	Cholic Acid	Enzastaurin	0.6460385878489328	A		False	False
DB11800	DB12695	Tivozanib	Phenethyl Isothiocyanate	0.6459956709956709	L		False	False
DB11886	DB01115	Infigratinib	Nifedipine	0.6458333333333335		C	False	False
DB00393	DB00280	Nimodipine	Disopyramide	0.6458333333333335	C	C	False	False
DB06486	DB00588	Enzastaurin	Fluticasone propionate	0.6458333333333333			False	False
DB01393	DB00162	Bezafibrate	Vitamin A	0.6454545454545455	C	A, S, R, D, V	False	False
DB00836	DB00818	Loperamide	Propofol	0.6452380952380954	A	N	True	False
DB08896	DB01388	Regorafenib	Mibefradil	0.643939393939394	L	C	False	False
DB02052	DB01388	Indirubin-3'-monoxime	Mibefradil	0.643939393939394		C	False	False
DB00421	DB01268	Spironolactone	Sunitinib	0.6430555555555553	C	L	False	False
DB01054	DB00459	Nitrendipine	Acitretin	0.6428571428571432	C	D	False	False
DB00412	DB00836	Rosiglitazone	Loperamide	0.642857142857143	A	A	False	False
DB00380	DB00482	Dexrazoxane	Celecoxib	0.6428571428571428	V	M, C, G, L	False	False
DB05134	DB01054	Tanespimycin	Nitrendipine	0.6428571428571428		C	False	False
DB00436	DB07996	Bendroflumethiazide	5-(2-methylpiperazine-1-sulfonyl)isoquinoline	0.6428571428571428	C, G		False	False
DB07080	DB00281	TO-901317	Lidocaine	0.6428571428571428		C, S, R, N, D	False	False
DB04149	DB01054	(R)-Rolipram	Nitrendipine	0.6428571428571428		C	False	False
DB01259	DB00436	Lapatinib	Bendroflumethiazide	0.6428571428571428	L	C, G	False	False
DB15399	DB01054	BMS-754807	Nitrendipine	0.6428571428571428		C	False	False
DB15399	DB00243	BMS-754807	Ranolazine	0.6428571428571428		C	False	False
DB01054	DB08877	Nitrendipine	Ruxolitinib	0.6428571428571428	C	L	False	False
DB01054	DB03496	Nitrendipine	Alvocidib	0.6428571428571428	C		False	False
DB01054	DB01259	Nitrendipine	Lapatinib	0.6428571428571428	C	L	True	False
DB04599	DB00281	Aniracetam	Lidocaine	0.6428571428571428	N	C, S, R, N, D	True	False
DB00694	DB00482	Daunorubicin	Celecoxib	0.6428571428571428	L	M, C, G, L	False	False
DB01054	DB08916	Nitrendipine	Afatinib	0.6428571428571428	C	L	False	False
DB04149	DB01119	(R)-Rolipram	Diazoxide	0.6428571428571428		C, V, G	False	False
DB01054	DB01393	Nitrendipine	Bezafibrate	0.6428571428571428	C	C	False	False
DB01092	DB01054	Ouabain	Nitrendipine	0.6428571428571428	C	C	False	False
DB04149	DB00482	(R)-Rolipram	Celecoxib	0.6428571428571428		M, C, G, L	False	False
DB01054	DB08895	Nitrendipine	Tofacitinib	0.6428571428571428	C	L	False	False
DB00773	DB00482	Etoposide	Celecoxib	0.6428571428571428	L	M, C, G, L	False	False
DB01054	DB07594	Nitrendipine	CCT-018159	0.6428571428571428	C		False	False
DB00694	DB00436	Daunorubicin	Bendroflumethiazide	0.6428571428571428	L	C, G	True	False
DB00393	DB01782	Nimodipine	Pyrazolanthrone	0.6428571428571428	C		False	False
DB00773	DB00436	Etoposide	Bendroflumethiazide	0.6428571428571428	L	C, G	True	False
DB15399	DB01119	BMS-754807	Diazoxide	0.6428571428571428		C, V, G	False	False
DB00436	DB07997	Bendroflumethiazide	N-[2-(METHYLAMINO)ETHYL]-5-ISOQUINOLINESULFONAMIDE	0.6428571428571428	C, G		False	False
DB00380	DB00436	Dexrazoxane	Bendroflumethiazide	0.6428571428571428	V	C, G	False	False
DB07080	DB01054	TO-901317	Nitrendipine	0.6428571428571428		C	False	False
DB08073	DB00622	(2S)-1-(1H-INDOL-3-YL)-3-{[5-(3-METHYL-1H-INDAZOL-5-YL)PYRIDIN-3-YL]OXY}PROPAN-2-AMINE	Nicardipine	0.6421052631578947		C	False	False
DB08756	DB00622	Y-27632	Nicardipine	0.6421052631578947		C	False	False
DB07859	DB00622	4-(4-CHLOROPHENYL)-4-[4-(1H-PYRAZOL-4-YL)PHENYL]PIPERIDINE	Nicardipine	0.6421052631578947		C	False	False
DB11886	DB00608	Infigratinib	Chloroquine	0.6416666666666666		P	False	False
DB07995	DB04216	H-89	Quercetin	0.6407407407407408			False	False
DB00630	DB02010	Alendronic acid	Staurosporine	0.6401709401709399	M		False	False
DB08175	DB01088	(2E,4E)-11-METHOXY-3,7,11-TRIMETHYLDODECA-2,4-DIENOIC ACID	Iloprost	0.6401515151515151		B	False	False
DB06195	DB00622	Seliciclib	Nicardipine	0.6376623376623378		C	False	False
DB12500	DB00421	Fedratinib	Spironolactone	0.6371794871794871	L	C	False	False
DB15399	DB00619	BMS-754807	Imatinib	0.6363636363636365		L	False	False
DB04149	DB00619	(R)-Rolipram	Imatinib	0.6363636363636365		L	False	False
DB00773	DB00619	Etoposide	Imatinib	0.6363636363636365	L	L	False	False
DB00380	DB00619	Dexrazoxane	Imatinib	0.6363636363636365	V	L	True	False
DB00694	DB00619	Daunorubicin	Imatinib	0.6363636363636365	L	L	True	False
DB00280	DB03756	Disopyramide	Doconexent	0.6339285714285716	C		False	False
DB07080	DB00280	TO-901317	Disopyramide	0.6339285714285716		C	False	False
DB07995	DB01393	H-89	Bezafibrate	0.6333333333333335		C	False	False
DB08901	DB03756	Ponatinib	Doconexent	0.6333333333333335	L		False	False
DB08175	DB08901	(2E,4E)-11-METHOXY-3,7,11-TRIMETHYLDODECA-2,4-DIENOIC ACID	Ponatinib	0.6333333333333333		L	False	False
DB08175	DB00818	(2E,4E)-11-METHOXY-3,7,11-TRIMETHYLDODECA-2,4-DIENOIC ACID	Propofol	0.6333333333333333		N	False	False
DB05266	DB00659	Ibudilast	Acamprosate	0.6333333333333333	R	N	False	False
DB05266	DB00210	Ibudilast	Adapalene	0.6333333333333333	R	D	False	False
DB08175	DB05294	(2E,4E)-11-METHOXY-3,7,11-TRIMETHYLDODECA-2,4-DIENOIC ACID	Vandetanib	0.6333333333333333		L	False	False
DB02424	DB05266	Geldanamycin	Ibudilast	0.6333333333333333		R	False	False
DB00749	DB05266	Etodolac	Ibudilast	0.6333333333333333	M	R	True	False
DB13956	DB07997	Estradiol valerate	N-[2-(METHYLAMINO)ETHYL]-5-ISOQUINOLINESULFONAMIDE	0.6333333333333333			False	False
DB13954	DB07997	Estradiol cypionate	N-[2-(METHYLAMINO)ETHYL]-5-ISOQUINOLINESULFONAMIDE	0.6333333333333333			False	False
DB01013	DB05266	Clobetasol propionate	Ibudilast	0.6333333333333333		R	False	False
DB01013	DB00818	Clobetasol propionate	Propofol	0.6333333333333333		N	False	False
DB12500	DB05266	Fedratinib	Ibudilast	0.6333333333333333	L	R	False	False
DB00717	DB05266	Norethisterone	Ibudilast	0.6333333333333333	G	R	False	False
DB00818	DB00210	Propofol	Adapalene	0.6333333333333333	N	D	False	False
DB00749	DB00818	Etodolac	Propofol	0.6333333333333333	M	N	True	False
DB13954	DB07996	Estradiol cypionate	5-(2-methylpiperazine-1-sulfonyl)isoquinoline	0.6333333333333333			False	False
DB00749	DB08912	Etodolac	Dabrafenib	0.6333333333333333	M	L	False	False
DB08175	DB08912	(2E,4E)-11-METHOXY-3,7,11-TRIMETHYLDODECA-2,4-DIENOIC ACID	Dabrafenib	0.6333333333333333		L	False	False
DB08175	DB05266	(2E,4E)-11-METHOXY-3,7,11-TRIMETHYLDODECA-2,4-DIENOIC ACID	Ibudilast	0.6333333333333333		R	False	False
DB12500	DB00622	Fedratinib	Nicardipine	0.6333333333333333	L	C	False	False
DB12500	DB00818	Fedratinib	Propofol	0.6333333333333333	L	N	False	False
DB08912	DB00659	Dabrafenib	Acamprosate	0.6333333333333333	L	N	False	False
DB13956	DB07996	Estradiol valerate	5-(2-methylpiperazine-1-sulfonyl)isoquinoline	0.6333333333333333			False	False
DB05294	DB00659	Vandetanib	Acamprosate	0.6333333333333333	L	N	False	False
DB00622	DB08916	Nicardipine	Afatinib	0.6333333333333333	C	L	False	False
DB00818	DB00659	Propofol	Acamprosate	0.6333333333333333	N	N	False	False
DB00396	DB00659	Progesterone	Acamprosate	0.6333333333333333	G	N	False	False
DB00717	DB00818	Norethisterone	Propofol	0.6333333333333333	G	N	False	False
DB00132	DB07997	alpha-Linolenic acid	N-[2-(METHYLAMINO)ETHYL]-5-ISOQUINOLINESULFONAMIDE	0.6328671328671329			False	False
DB00132	DB07996	alpha-Linolenic acid	5-(2-methylpiperazine-1-sulfonyl)isoquinoline	0.6328671328671329			False	False
DB11800	DB00622	Tivozanib	Nicardipine	0.6321678321678321	L	C	False	False
DB11886	DB00675	Infigratinib	Tamoxifen	0.6321428571428571		L	False	False
DB00717	DB01388	Norethisterone	Mibefradil	0.6320346320346322	G	C	False	False
DB02424	DB01388	Geldanamycin	Mibefradil	0.6320346320346322		C	False	False
DB08175	DB02659	(2E,4E)-11-METHOXY-3,7,11-TRIMETHYLDODECA-2,4-DIENOIC ACID	Cholic Acid	0.6309523809523812		A	False	False
DB01013	DB02659	Clobetasol propionate	Cholic Acid	0.6309523809523812		A	False	False
DB08175	DB00201	(2E,4E)-11-METHOXY-3,7,11-TRIMETHYLDODECA-2,4-DIENOIC ACID	Caffeine	0.6295518207282913		R, V, N	False	False
DB00749	DB00201	Etodolac	Caffeine	0.6295518207282913	M	R, V, N	False	False
DB12500	DB00201	Fedratinib	Caffeine	0.6295518207282913	L	R, V, N	False	False
DB00280	DB01393	Disopyramide	Bezafibrate	0.6291666666666669	C	C	False	False
DB08895	DB01645	Tofacitinib	Genistein	0.6289592760180995	L		False	False
DB08877	DB01645	Ruxolitinib	Genistein	0.6289592760180995	L		False	False
DB00201	DB03756	Caffeine	Doconexent	0.6285714285714286	R, V, N		False	False
DB04599	DB01244	Aniracetam	Bepridil	0.6285714285714286	N	C	False	False
DB08877	DB01244	Ruxolitinib	Bepridil	0.6285714285714286	L	C	False	False
DB08895	DB01244	Tofacitinib	Bepridil	0.6285714285714286	L	C	False	False
DB00630	DB00412	Alendronic acid	Rosiglitazone	0.6285714285714286	M	A	False	False
DB00630	DB00459	Alendronic acid	Acitretin	0.6285714285714286	M	D	False	False
DB00836	DB08916	Loperamide	Afatinib	0.6285714285714286	A	L	False	False
DB00412	DB08916	Rosiglitazone	Afatinib	0.6285714285714286	A	L	False	False
DB06195	DB08916	Seliciclib	Afatinib	0.6285714285714286		L	False	False
DB00630	DB00836	Alendronic acid	Loperamide	0.6285714285714286	M	A	False	False
DB01234	DB01388	Dexamethasone	Mibefradil	0.6272727272727274	C, A, S, R, H, D	C	False	False
DB14649	DB01388	Dexamethasone acetate	Mibefradil	0.6272727272727274		C	False	False
DB02546	DB01388	Vorinostat	Mibefradil	0.6272727272727274	L	C	True	False
DB01234	DB02659	Dexamethasone	Cholic Acid	0.6271062271062271	C, A, S, R, H, D	A	False	False
DB02659	DB14649	Cholic Acid	Dexamethasone acetate	0.6271062271062271	A		False	False
DB05266	DB01016	Ibudilast	Glyburide	0.6269230769230771	R	A	False	False
DB13956	DB01268	Estradiol valerate	Sunitinib	0.6263888888888889		L	False	False
DB01268	DB13954	Sunitinib	Estradiol cypionate	0.6263888888888889	L		False	False
DB00132	DB00659	alpha-Linolenic acid	Acamprosate	0.6255411255411256		N	False	False
DB02659	DB00622	Cholic Acid	Nicardipine	0.6253968253968254	A	C	False	False
DB08895	DB14544	Tofacitinib	Hydrocortisone valerate	0.625	L		False	False
DB08059	DB03758	Wortmannin	Radicicol	0.625			False	False
DB03756	DB07997	Doconexent	N-[2-(METHYLAMINO)ETHYL]-5-ISOQUINOLINESULFONAMIDE	0.625			False	False
DB08756	DB00588	Y-27632	Fluticasone propionate	0.625			False	False
DB11886	DB03374	Infigratinib	3,5-Diiodotyrosine	0.625			False	False
DB08877	DB00588	Ruxolitinib	Fluticasone propionate	0.625	L		False	False
DB01782	DB00588	Pyrazolanthrone	Fluticasone propionate	0.625			False	False
DB08059	DB00393	Wortmannin	Nimodipine	0.625		C	False	False
DB08895	DB00588	Tofacitinib	Fluticasone propionate	0.625	L		False	False
DB03756	DB01259	Doconexent	Lapatinib	0.625		L	False	False
DB11886	DB08877	Infigratinib	Ruxolitinib	0.625		L	False	False
DB11886	DB01782	Infigratinib	Pyrazolanthrone	0.625			False	False
DB11886	DB01016	Infigratinib	Glyburide	0.625		A	False	False
DB11886	DB08895	Infigratinib	Tofacitinib	0.625		L	False	False
DB02587	DB01782	Colforsin	Pyrazolanthrone	0.625			False	False
DB02587	DB04599	Colforsin	Aniracetam	0.625		N	False	False
DB01088	DB07594	Iloprost	CCT-018159	0.625	B		False	False
DB03756	DB07996	Doconexent	5-(2-methylpiperazine-1-sulfonyl)isoquinoline	0.625			False	False
DB07080	DB01088	TO-901317	Iloprost	0.625		B	False	False
DB05134	DB01088	Tanespimycin	Iloprost	0.625		B	False	False
DB00436	DB08916	Bendroflumethiazide	Afatinib	0.625	C, G	L	False	False
DB08059	DB08756	Wortmannin	Y-27632	0.625			False	False
DB07863	DB01119	2-chloro-5-nitro-N-phenylbenzamide	Diazoxide	0.625		C, V, G	False	False
DB07557	DB08756	3,20-Pregnanedione	Y-27632	0.625			False	False
DB07863	DB00436	2-chloro-5-nitro-N-phenylbenzamide	Bendroflumethiazide	0.625		C, G	False	False
DB08877	DB14544	Ruxolitinib	Hydrocortisone valerate	0.625	L		False	False
DB00622	DB07997	Nicardipine	N-[2-(METHYLAMINO)ETHYL]-5-ISOQUINOLINESULFONAMIDE	0.6235294117647059	C		False	False
DB00622	DB07996	Nicardipine	5-(2-methylpiperazine-1-sulfonyl)isoquinoline	0.6235294117647059	C		False	False
DB00622	DB01259	Nicardipine	Lapatinib	0.6235294117647059	C	L	False	False
DB04599	DB00201	Aniracetam	Caffeine	0.623015873015873	N	R, V, N	False	False
DB08059	DB00622	Wortmannin	Nicardipine	0.6223684210526317		C	False	False
DB11886	DB00836	Infigratinib	Loperamide	0.6217532467532467		A	False	False
DB02587	DB00412	Colforsin	Rosiglitazone	0.6217532467532467		A	False	False
DB08059	DB00836	Wortmannin	Loperamide	0.6217532467532467		A	False	False
DB12742	DB02659	Amuvatinib	Cholic Acid	0.6216931216931214		A	False	False
DB11800	DB02546	Tivozanib	Vorinostat	0.6215909090909091	L	L	False	False
DB00836	DB01088	Loperamide	Iloprost	0.6202380952380955	A	B	False	False
DB00393	DB00412	Nimodipine	Rosiglitazone	0.6197478991596639	C	A	True	False
DB06486	DB00159	Enzastaurin	Icosapent	0.6193181818181817			False	False
DB01268	DB00159	Sunitinib	Icosapent	0.6193181818181817	L		False	False
DB00749	DB03496	Etodolac	Alvocidib	0.6190476190476193	M		False	False
DB08175	DB03496	(2E,4E)-11-METHOXY-3,7,11-TRIMETHYLDODECA-2,4-DIENOIC ACID	Alvocidib	0.6190476190476193			False	False
DB06589	DB00783	Pazopanib	Estradiol	0.6180672268907563	L	G	False	False
DB04149	DB02010	(R)-Rolipram	Staurosporine	0.617948717948718			False	False
DB08901	DB01388	Ponatinib	Mibefradil	0.617016317016317	L	C	False	False
DB00393	DB05266	Nimodipine	Ibudilast	0.6166666666666669	C	R	False	False
DB00393	DB08912	Nimodipine	Dabrafenib	0.6166666666666669	C	L	True	False
DB02052	DB06589	Indirubin-3'-monoxime	Pazopanib	0.6166666666666667		L	False	False
DB01248	DB06589	Docetaxel	Pazopanib	0.6166666666666667	L	L	False	False
DB15399	DB01244	BMS-754807	Bepridil	0.6166666666666667		C	False	False
DB01393	DB01016	Bezafibrate	Glyburide	0.6166666666666667	C	A	True	False
DB01229	DB06589	Paclitaxel	Pazopanib	0.6166666666666667	L	L	False	False
DB00630	DB02052	Alendronic acid	Indirubin-3'-monoxime	0.6166666666666667	M		False	False
DB15399	DB08896	BMS-754807	Regorafenib	0.6166666666666665		L	False	False
DB00773	DB00201	Etoposide	Caffeine	0.6160714285714286	L	R, V, N	False	False
DB00380	DB00201	Dexrazoxane	Caffeine	0.6160714285714286	V	R, V, N	False	False
DB00694	DB00201	Daunorubicin	Caffeine	0.6160714285714286	L	R, V, N	False	False
DB08756	DB00619	Y-27632	Imatinib	0.6153846153846154		L	False	False
DB08877	DB00675	Ruxolitinib	Tamoxifen	0.6142857142857141	L	L	False	False
DB02546	DB00619	Vorinostat	Imatinib	0.6142857142857141	L	L	True	False
DB08895	DB00675	Tofacitinib	Tamoxifen	0.6142857142857141	L	L	False	False
DB00619	DB14649	Imatinib	Dexamethasone acetate	0.6142857142857141	L		False	False
DB01234	DB00619	Dexamethasone	Imatinib	0.6142857142857141	C, A, S, R, H, D	L	False	False
DB13956	DB11800	Estradiol valerate	Tivozanib	0.6138528138528137		L	False	False
DB11800	DB13954	Tivozanib	Estradiol cypionate	0.6138528138528137	L		False	False
DB00396	DB11800	Progesterone	Tivozanib	0.6138528138528137	G	L	False	False
DB15399	DB08901	BMS-754807	Ponatinib	0.6137254901960785		L	False	False
DB01782	DB00132	Pyrazolanthrone	alpha-Linolenic acid	0.6136363636363638			False	False
DB04297	DB01388	Trichostatin A	Mibefradil	0.6118881118881119		C	False	False
DB02659	DB00436	Cholic Acid	Bendroflumethiazide	0.6117216117216118	A	C, G	False	False
DB01782	DB08901	Pyrazolanthrone	Ponatinib	0.6114035087719298		L	False	False
DB08877	DB00436	Ruxolitinib	Bendroflumethiazide	0.6111111111111112	L	C, G	False	False
DB04599	DB01119	Aniracetam	Diazoxide	0.6111111111111112	N	C, V, G	False	False
DB08756	DB00436	Y-27632	Bendroflumethiazide	0.6111111111111112		C, G	False	False
DB00608	DB00659	Chloroquine	Acamprosate	0.6111111111111112	P	N	False	False
DB08895	DB01119	Tofacitinib	Diazoxide	0.6111111111111112	L	C, V, G	False	False
DB08895	DB00436	Tofacitinib	Bendroflumethiazide	0.6111111111111112	L	C, G	False	False
DB00749	DB00608	Etodolac	Chloroquine	0.6111111111111112	M	P	False	False
DB08877	DB01119	Ruxolitinib	Diazoxide	0.6111111111111112	L	C, V, G	False	False
DB01782	DB01388	Pyrazolanthrone	Mibefradil	0.6106060606060606		C	False	False
DB07557	DB01388	3,20-Pregnanedione	Mibefradil	0.6106060606060606		C	False	False
DB00210	DB01388	Adapalene	Mibefradil	0.6106060606060604	D	C	False	False
DB05266	DB00281	Ibudilast	Lidocaine	0.6095238095238096	R	C, S, R, N, D	False	False
DB12742	DB00622	Amuvatinib	Nicardipine	0.6095238095238096		C	False	False
DB01645	DB01388	Genistein	Mibefradil	0.6086829836829837		C	False	False
DB04216	DB01388	Quercetin	Mibefradil	0.6083643452064504		C	False	False
DB02587	DB03496	Colforsin	Alvocidib	0.6083333333333334			False	False
DB01016	DB03756	Glyburide	Doconexent	0.6071428571428572	A		False	False
DB00201	DB00412	Caffeine	Rosiglitazone	0.6071428571428572	R, V, N	A	False	False
DB00818	DB00159	Propofol	Icosapent	0.6068181818181819	N		True	False
DB01645	DB00619	Genistein	Imatinib	0.604895104895105		L	False	False
DB08895	DB01115	Tofacitinib	Nifedipine	0.6041666666666667	L	C	False	False
DB08877	DB01115	Ruxolitinib	Nifedipine	0.6041666666666667	L	C	False	False
DB01229	DB01268	Paclitaxel	Sunitinib	0.6041666666666665	L	L	False	False
DB01248	DB01268	Docetaxel	Sunitinib	0.6041666666666665	L	L	False	False
DB00608	DB06486	Chloroquine	Enzastaurin	0.6041666666666665	P		False	False
DB08877	DB00783	Ruxolitinib	Estradiol	0.6038961038961037	L	G	False	False
DB08756	DB00783	Y-27632	Estradiol	0.6038961038961037		G	False	False
DB08895	DB00783	Tofacitinib	Estradiol	0.6038961038961037	L	G	False	False
DB08756	DB00210	Y-27632	Adapalene	0.6025641025641026		D	False	False
DB08059	DB01388	Wortmannin	Mibefradil	0.6022727272727273		C	False	False
DB08059	DB01393	Wortmannin	Bezafibrate	0.6022727272727273		C	False	False
DB03374	DB12695	3,5-Diiodotyrosine	Phenethyl Isothiocyanate	0.6017006802721088			False	False
DB07859	DB03756	4-(4-CHLOROPHENYL)-4-[4-(1H-PYRAZOL-4-YL)PHENYL]PIPERIDINE	Doconexent	0.6000000000000001			False	False
DB00396	DB05266	Progesterone	Ibudilast	0.6000000000000001	G	R	False	False
DB00630	DB01234	Alendronic acid	Dexamethasone	0.6000000000000001	M	C, A, S, R, H, D	True	False
DB05134	DB00162	Tanespimycin	Vitamin A	0.6000000000000001		A, S, R, D, V	False	False
DB01092	DB07996	Ouabain	5-(2-methylpiperazine-1-sulfonyl)isoquinoline	0.6000000000000001	C		False	False
DB00162	DB07594	Vitamin A	CCT-018159	0.6000000000000001	A, S, R, D, V		False	False
DB05294	DB05266	Vandetanib	Ibudilast	0.6000000000000001	L	R	False	False
DB07863	DB00694	2-chloro-5-nitro-N-phenylbenzamide	Daunorubicin	0.6000000000000001		L	False	False
DB00396	DB00818	Progesterone	Propofol	0.6000000000000001	G	N	False	False
DB07863	DB07996	2-chloro-5-nitro-N-phenylbenzamide	5-(2-methylpiperazine-1-sulfonyl)isoquinoline	0.6000000000000001			False	False
DB01092	DB07997	Ouabain	N-[2-(METHYLAMINO)ETHYL]-5-ISOQUINOLINESULFONAMIDE	0.6000000000000001	C		False	False
DB08073	DB03756	(2S)-1-(1H-INDOL-3-YL)-3-{[5-(3-METHYL-1H-INDAZOL-5-YL)PYRIDIN-3-YL]OXY}PROPAN-2-AMINE	Doconexent	0.6000000000000001			False	False
DB08912	DB05266	Dabrafenib	Ibudilast	0.6000000000000001	L	R	False	False
DB07863	DB07997	2-chloro-5-nitro-N-phenylbenzamide	N-[2-(METHYLAMINO)ETHYL]-5-ISOQUINOLINESULFONAMIDE	0.6000000000000001			False	False
DB00630	DB00818	Alendronic acid	Propofol	0.6000000000000001	M	N	True	False
DB00630	DB14649	Alendronic acid	Dexamethasone acetate	0.6000000000000001	M		False	False
DB00421	DB06589	Spironolactone	Pazopanib	0.6000000000000001	C	L	False	False
DB05266	DB00818	Ibudilast	Propofol	0.6000000000000001	R	N	True	False
DB07863	DB00380	2-chloro-5-nitro-N-phenylbenzamide	Dexrazoxane	0.6000000000000001		V	False	False
DB07863	DB00773	2-chloro-5-nitro-N-phenylbenzamide	Etoposide	0.6000000000000001		L	False	False
DB05294	DB00818	Vandetanib	Propofol	0.6000000000000001	L	N	False	False
DB06589	DB01244	Pazopanib	Bepridil	0.5999999999999999	L	C	True	False
DB00608	DB00619	Chloroquine	Imatinib	0.5999999999999999	P	L	False	False
DB00749	DB11800	Etodolac	Tivozanib	0.5995670995670996	M	L	False	False
DB00717	DB11800	Norethisterone	Tivozanib	0.5995670995670996	G	L	False	False
DB06195	DB01268	Seliciclib	Sunitinib	0.599404761904762		L	False	False
DB00459	DB06486	Acitretin	Enzastaurin	0.599404761904762	D		False	False
DB08756	DB08901	Y-27632	Ponatinib	0.5982456140350878		L	False	False
DB00588	DB00436	Fluticasone propionate	Bendroflumethiazide	0.5972222222222223		C, G	True	False
DB07859	DB00132	4-(4-CHLOROPHENYL)-4-[4-(1H-PYRAZOL-4-YL)PHENYL]PIPERIDINE	alpha-Linolenic acid	0.5969696969696972			False	False
DB08073	DB00132	(2S)-1-(1H-INDOL-3-YL)-3-{[5-(3-METHYL-1H-INDAZOL-5-YL)PYRIDIN-3-YL]OXY}PROPAN-2-AMINE	alpha-Linolenic acid	0.5969696969696972			False	False
DB01115	DB11800	Nifedipine	Tivozanib	0.5965909090909092	C	L	False	False
DB01782	DB00619	Pyrazolanthrone	Imatinib	0.5961538461538463		L	False	False
DB07863	DB00393	2-chloro-5-nitro-N-phenylbenzamide	Nimodipine	0.5961538461538463		C	False	False
DB03374	DB00619	3,5-Diiodotyrosine	Imatinib	0.5961538461538463		L	False	False
DB08896	DB00622	Regorafenib	Nicardipine	0.5954545454545457	L	C	False	False
DB12742	DB00412	Amuvatinib	Rosiglitazone	0.5952380952380953		A	False	False
DB00412	DB01259	Rosiglitazone	Lapatinib	0.5952380952380953	A	L	False	False
DB02659	DB00836	Cholic Acid	Loperamide	0.5952380952380953	A	A	False	False
DB06195	DB01259	Seliciclib	Lapatinib	0.5952380952380953		L	False	False
DB03496	DB00412	Alvocidib	Rosiglitazone	0.5952380952380953		A	False	False
DB00836	DB01259	Loperamide	Lapatinib	0.5952380952380953	A	L	False	False
DB00459	DB07997	Acitretin	N-[2-(METHYLAMINO)ETHYL]-5-ISOQUINOLINESULFONAMIDE	0.5952380952380953	D		False	False
DB12742	DB00836	Amuvatinib	Loperamide	0.5952380952380953		A	False	False
DB00459	DB07996	Acitretin	5-(2-methylpiperazine-1-sulfonyl)isoquinoline	0.5952380952380953	D		False	False
DB12742	DB00459	Amuvatinib	Acitretin	0.5952380952380953		D	False	False
DB08895	DB01023	Tofacitinib	Felodipine	0.595022624434389	L	C	False	False
DB08877	DB01023	Ruxolitinib	Felodipine	0.595022624434389	L	C	False	False
DB00631	DB00622	Clofarabine	Nicardipine	0.5941176470588234	L	C	True	False
DB05266	DB12695	Ibudilast	Phenethyl Isothiocyanate	0.5933333333333335	R		False	False
DB00749	DB02010	Etodolac	Staurosporine	0.5929487179487181	M		False	False
DB07557	DB02659	3,20-Pregnanedione	Cholic Acid	0.5909523809523809		A	False	False
DB00132	DB01388	alpha-Linolenic acid	Mibefradil	0.5909090909090908		C	False	False
DB07080	DB00243	TO-901317	Ranolazine	0.5909090909090908		C	False	False
DB11800	DB00159	Tivozanib	Icosapent	0.5909090909090908	L		False	False
DB01268	DB00783	Sunitinib	Estradiol	0.5898809523809523	L	G	False	False
DB05294	DB01388	Vandetanib	Mibefradil	0.5897727272727273	L	C	False	False
DB08912	DB01388	Dabrafenib	Mibefradil	0.5897727272727273	L	C	False	False
DB15399	DB01645	BMS-754807	Genistein	0.5897435897435899			False	False
DB08896	DB01016	Regorafenib	Glyburide	0.5897435897435896	L	A	False	False
DB00608	DB01393	Chloroquine	Bezafibrate	0.5897435897435896	P	C	True	False
DB00396	DB00619	Progesterone	Imatinib	0.5894736842105264	G	L	False	False
DB08080	DB02659	Latrunculin B	Cholic Acid	0.5892857142857144		A	False	False
DB00717	DB02659	Norethisterone	Cholic Acid	0.5892857142857144	G	A	False	False
DB07863	DB11886	2-chloro-5-nitro-N-phenylbenzamide	Infigratinib	0.5892857142857142			False	False
DB01092	DB00588	Ouabain	Fluticasone propionate	0.5892857142857142	C		False	False
DB12695	DB01388	Phenethyl Isothiocyanate	Mibefradil	0.5891774891774892		C	False	False
DB00749	DB06486	Etodolac	Enzastaurin	0.5890151515151516	M		False	False
DB01115	DB02546	Nifedipine	Vorinostat	0.5874999999999999	C	L	True	False
DB15399	DB01115	BMS-754807	Nifedipine	0.5874999999999999		C	False	False
DB15399	DB01023	BMS-754807	Felodipine	0.5871794871794871		C	False	False
DB07859	DB13956	4-(4-CHLOROPHENYL)-4-[4-(1H-PYRAZOL-4-YL)PHENYL]PIPERIDINE	Estradiol valerate	0.5857142857142859			False	False
DB08912	DB00619	Dabrafenib	Imatinib	0.5857142857142859	L	L	False	False
DB08073	DB13954	(2S)-1-(1H-INDOL-3-YL)-3-{[5-(3-METHYL-1H-INDAZOL-5-YL)PYRIDIN-3-YL]OXY}PROPAN-2-AMINE	Estradiol cypionate	0.5857142857142859			False	False
DB07859	DB13954	4-(4-CHLOROPHENYL)-4-[4-(1H-PYRAZOL-4-YL)PHENYL]PIPERIDINE	Estradiol cypionate	0.5857142857142859			False	False
DB08073	DB13956	(2S)-1-(1H-INDOL-3-YL)-3-{[5-(3-METHYL-1H-INDAZOL-5-YL)PYRIDIN-3-YL]OXY}PROPAN-2-AMINE	Estradiol valerate	0.5857142857142859			False	False
DB01092	DB00783	Ouabain	Estradiol	0.5857142857142856	C	G	False	False
DB01248	DB02659	Docetaxel	Cholic Acid	0.5846560846560847	L	A	False	False
DB01229	DB02659	Paclitaxel	Cholic Acid	0.5846560846560847	L	A	False	False
DB00608	DB02659	Chloroquine	Cholic Acid	0.5846560846560847	P	A	False	False
DB00201	DB00818	Caffeine	Propofol	0.5838345864661654	R, V, N	N	False	False
DB11800	DB00783	Tivozanib	Estradiol	0.5836940836940836	L	G	False	False
DB06486	DB00818	Enzastaurin	Propofol	0.5836538461538463		N	False	False
DB01782	DB07995	Pyrazolanthrone	H-89	0.5833333333333335			False	False
DB00749	DB03758	Etodolac	Radicicol	0.5833333333333335	M		False	False
DB07557	DB12500	3,20-Pregnanedione	Fedratinib	0.5833333333333335		L	False	False
DB00749	DB00436	Etodolac	Bendroflumethiazide	0.5833333333333335	M	C, G	False	False
DB12500	DB01782	Fedratinib	Pyrazolanthrone	0.5833333333333335	L		False	False
DB08175	DB01782	(2E,4E)-11-METHOXY-3,7,11-TRIMETHYLDODECA-2,4-DIENOIC ACID	Pyrazolanthrone	0.5833333333333335			False	False
DB01013	DB01782	Clobetasol propionate	Pyrazolanthrone	0.5833333333333335			False	False
DB03758	DB00659	Radicicol	Acamprosate	0.5833333333333335		N	False	False
DB00717	DB01016	Norethisterone	Glyburide	0.5833333333333335	G	A	False	False
DB11886	DB01088	Infigratinib	Iloprost	0.5833333333333335		B	False	False
DB07557	DB00436	3,20-Pregnanedione	Bendroflumethiazide	0.5833333333333335		C, G	False	False
DB00717	DB01782	Norethisterone	Pyrazolanthrone	0.5833333333333335	G		False	False
DB01782	DB00659	Pyrazolanthrone	Acamprosate	0.5833333333333335		N	False	False
DB12500	DB03374	Fedratinib	3,5-Diiodotyrosine	0.5833333333333335	L		False	False
DB00436	DB00659	Bendroflumethiazide	Acamprosate	0.5833333333333335	C, G	N	False	False
DB12500	DB00436	Fedratinib	Bendroflumethiazide	0.5833333333333335	L	C, G	False	False
DB01088	DB00588	Iloprost	Fluticasone propionate	0.5833333333333335	B		False	False
DB07080	DB00608	TO-901317	Chloroquine	0.5833333333333333		P	False	False
DB07557	DB07997	3,20-Pregnanedione	N-[2-(METHYLAMINO)ETHYL]-5-ISOQUINOLINESULFONAMIDE	0.5833333333333333			False	False
DB07557	DB07996	3,20-Pregnanedione	5-(2-methylpiperazine-1-sulfonyl)isoquinoline	0.5833333333333333			False	False
DB00608	DB03756	Chloroquine	Doconexent	0.5833333333333333	P		False	False
DB11886	DB02010	Infigratinib	Staurosporine	0.5831447963800904			False	False
DB02587	DB02010	Colforsin	Staurosporine	0.5831447963800904			False	False
DB01393	DB01244	Bezafibrate	Bepridil	0.5823529411764705	C	C	False	False
DB01268	DB01244	Sunitinib	Bepridil	0.5819444444444444	L	C	True	False
DB00132	DB02010	alpha-Linolenic acid	Staurosporine	0.5815850815850816			False	False
DB00630	DB02659	Alendronic acid	Cholic Acid	0.5809523809523809	M	A	False	False
DB01054	DB06486	Nitrendipine	Enzastaurin	0.5803571428571428	C		False	False
DB08059	DB00162	Wortmannin	Vitamin A	0.5802631578947368		A, S, R, D, V	False	False
DB11886	DB00162	Infigratinib	Vitamin A	0.5802631578947368		A, S, R, D, V	False	False
DB02587	DB00162	Colforsin	Vitamin A	0.5802631578947368		A, S, R, D, V	False	False
DB08912	DB01088	Dabrafenib	Iloprost	0.5788461538461538	L	B	False	False
DB04599	DB05294	Aniracetam	Vandetanib	0.5777777777777777	N	L	False	False
DB00749	DB00622	Etodolac	Nicardipine	0.5777777777777777	M	C	False	False
DB07995	DB08901	H-89	Ponatinib	0.5777777777777777		L	False	False
DB08901	DB00659	Ponatinib	Acamprosate	0.5777777777777777	L	N	False	False
DB01054	DB02010	Nitrendipine	Staurosporine	0.5774725274725272	C		False	False
DB08901	DB00836	Ponatinib	Loperamide	0.577056277056277	L	A	False	False
DB00459	DB08901	Acitretin	Ponatinib	0.577056277056277	D	L	False	False
DB06152	DB02659	Nylidrin	Cholic Acid	0.5766045548654244	C, G	A	False	False
DB00749	DB01054	Etodolac	Nitrendipine	0.5761904761904764	M	C	False	False
DB08175	DB01054	(2E,4E)-11-METHOXY-3,7,11-TRIMETHYLDODECA-2,4-DIENOIC ACID	Nitrendipine	0.5761904761904764		C	False	False
DB01248	DB11800	Docetaxel	Tivozanib	0.5757575757575757	L	L	False	False
DB07557	DB08896	3,20-Pregnanedione	Regorafenib	0.5757575757575757		L	False	False
DB01229	DB11800	Paclitaxel	Tivozanib	0.5757575757575757	L	L	False	False
DB00630	DB02587	Alendronic acid	Colforsin	0.575	M		False	False
DB00630	DB00588	Alendronic acid	Fluticasone propionate	0.575	M		False	False
DB03756	DB01244	Doconexent	Bepridil	0.575		C	False	False
DB11886	DB01244	Infigratinib	Bepridil	0.575		C	False	False
DB13956	DB01388	Estradiol valerate	Mibefradil	0.5748917748917748		C	False	False
DB13954	DB01388	Estradiol cypionate	Mibefradil	0.5748917748917748		C	False	False
DB01054	DB01782	Nitrendipine	Pyrazolanthrone	0.5746753246753245	C		False	False
DB12500	DB04216	Fedratinib	Quercetin	0.5740740740740742	L		False	False
DB00459	DB00162	Acitretin	Vitamin A	0.5740259740259739	D	A, S, R, D, V	True	False
DB00412	DB00162	Rosiglitazone	Vitamin A	0.5740259740259739	A	A, S, R, D, V	False	False
DB02659	DB00243	Cholic Acid	Ranolazine	0.5732600732600734	A	C	False	False
DB01054	DB00412	Nitrendipine	Rosiglitazone	0.5714285714285716	C	A	False	False
DB01054	DB06195	Nitrendipine	Seliciclib	0.5714285714285716	C		False	False
DB07863	DB07859	2-chloro-5-nitro-N-phenylbenzamide	4-(4-CHLOROPHENYL)-4-[4-(1H-PYRAZOL-4-YL)PHENYL]PIPERIDINE	0.5714285714285714			False	False
DB00459	DB00836	Acitretin	Loperamide	0.5714285714285714	D	A	False	False
DB07863	DB08073	2-chloro-5-nitro-N-phenylbenzamide	(2S)-1-(1H-INDOL-3-YL)-3-{[5-(3-METHYL-1H-INDAZOL-5-YL)PYRIDIN-3-YL]OXY}PROPAN-2-AMINE	0.5714285714285714			False	False
DB00675	DB11800	Tamoxifen	Tivozanib	0.570995670995671	L	L	False	False
DB00132	DB00836	alpha-Linolenic acid	Loperamide	0.5699855699855698		A	False	False
DB00622	DB00588	Nicardipine	Fluticasone propionate	0.5697368421052631	C		False	False
DB00393	DB00281	Nimodipine	Lidocaine	0.5693277310924367	C	C, S, R, N, D	False	False
DB01092	DB00396	Ouabain	Progesterone	0.5692307692307692	C	G	False	False
DB07995	DB01645	H-89	Genistein	0.5689102564102564			False	False
DB03374	DB01393	3,5-Diiodotyrosine	Bezafibrate	0.5681818181818181		C	False	False
DB00630	DB01645	Alendronic acid	Genistein	0.5675213675213675	M		False	False
DB02587	DB00619	Colforsin	Imatinib	0.5673076923076923		L	False	False
DB00313	DB06589	Valproic acid	Pazopanib	0.5669590643274851	N	L	False	False
DB00675	DB05266	Tamoxifen	Ibudilast	0.5666666666666669	L	R	False	False
DB05266	DB01244	Ibudilast	Bepridil	0.5666666666666669	R	C	False	False
DB00694	DB00675	Daunorubicin	Tamoxifen	0.5666666666666667	L	L	False	False
DB12742	DB14649	Amuvatinib	Dexamethasone acetate	0.5666666666666667			False	False
DB00380	DB00675	Dexrazoxane	Tamoxifen	0.5666666666666667	V	L	False	False
DB08756	DB01234	Y-27632	Dexamethasone	0.5666666666666667		C, A, S, R, H, D	False	False
DB00773	DB00675	Etoposide	Tamoxifen	0.5666666666666667	L	L	False	False
DB01234	DB12742	Dexamethasone	Amuvatinib	0.5666666666666667	C, A, S, R, H, D		False	False
DB08756	DB02546	Y-27632	Vorinostat	0.5666666666666667		L	False	False
DB08756	DB14649	Y-27632	Dexamethasone acetate	0.5666666666666667			False	False
DB08073	DB00459	(2S)-1-(1H-INDOL-3-YL)-3-{[5-(3-METHYL-1H-INDAZOL-5-YL)PYRIDIN-3-YL]OXY}PROPAN-2-AMINE	Acitretin	0.5649350649350651		D	False	False
DB07859	DB00459	4-(4-CHLOROPHENYL)-4-[4-(1H-PYRAZOL-4-YL)PHENYL]PIPERIDINE	Acitretin	0.5649350649350651		D	False	False
DB06152	DB00622	Nylidrin	Nicardipine	0.564705882352941	C, G	C	False	False
DB01115	DB05266	Nifedipine	Ibudilast	0.5644230769230771	C	R	True	False
DB08896	DB00588	Regorafenib	Fluticasone propionate	0.5643939393939392	L		False	False
DB00630	DB00132	Alendronic acid	alpha-Linolenic acid	0.5636363636363635	M		False	False
DB06486	DB00622	Enzastaurin	Nicardipine	0.5635869565217391		C	False	False
DB00783	DB07996	Estradiol	5-(2-methylpiperazine-1-sulfonyl)isoquinoline	0.5634920634920633	G		False	False
DB00783	DB07997	Estradiol	N-[2-(METHYLAMINO)ETHYL]-5-ISOQUINOLINESULFONAMIDE	0.5634920634920633	G		False	False
DB01023	DB00619	Felodipine	Imatinib	0.5629370629370629	C	L	False	False
DB02587	DB06486	Colforsin	Enzastaurin	0.5625			False	False
DB08895	DB00280	Tofacitinib	Disopyramide	0.5625	L	C	False	False
DB15399	DB00280	BMS-754807	Disopyramide	0.5625		C	False	False
DB07080	DB00393	TO-901317	Nimodipine	0.5625		C	False	False
DB01092	DB00280	Ouabain	Disopyramide	0.5625	C	C	False	False
DB08877	DB00280	Ruxolitinib	Disopyramide	0.5625	L	C	False	False
DB07557	DB00280	3,20-Pregnanedione	Disopyramide	0.5625		C	False	False
DB05294	DB00836	Vandetanib	Loperamide	0.5619047619047619	L	A	False	False
DB08912	DB00836	Dabrafenib	Loperamide	0.5619047619047619	L	A	False	False
DB02424	DB00459	Geldanamycin	Acitretin	0.5619047619047619		D	False	False
DB00836	DB00659	Loperamide	Acamprosate	0.5619047619047619	A	N	False	False
DB00749	DB00836	Etodolac	Loperamide	0.5619047619047619	M	A	True	False
DB07995	DB00412	H-89	Rosiglitazone	0.5619047619047619		A	False	False
DB08175	DB00836	(2E,4E)-11-METHOXY-3,7,11-TRIMETHYLDODECA-2,4-DIENOIC ACID	Loperamide	0.5619047619047619		A	False	False
DB07995	DB00836	H-89	Loperamide	0.5619047619047619		A	False	False
DB07995	DB06195	H-89	Seliciclib	0.5619047619047619			False	False
DB05294	DB00459	Vandetanib	Acitretin	0.5619047619047619	L	D	False	False
DB01092	DB00201	Ouabain	Caffeine	0.5609243697478992	C	R, V, N	False	False
DB03374	DB04216	3,5-Diiodotyrosine	Quercetin	0.5606332138590204			False	False
DB00210	DB07997	Adapalene	N-[2-(METHYLAMINO)ETHYL]-5-ISOQUINOLINESULFONAMIDE	0.5606060606060608	D		False	False
DB00210	DB07996	Adapalene	5-(2-methylpiperazine-1-sulfonyl)isoquinoline	0.5606060606060608	D		False	False
DB01013	DB01388	Clobetasol propionate	Mibefradil	0.5606060606060606		C	False	False
DB01023	DB06589	Felodipine	Pazopanib	0.5603678929765887	C	L	False	False
DB00421	DB00659	Spironolactone	Acamprosate	0.5602564102564105	C	N	False	False
DB02659	DB00459	Cholic Acid	Acitretin	0.5595238095238095	A	D	False	False
DB00201	DB00459	Caffeine	Acitretin	0.5595238095238095	R, V, N	D	False	False
DB01054	DB02052	Nitrendipine	Indirubin-3'-monoxime	0.5595238095238095	C		False	False
DB12742	DB01016	Amuvatinib	Glyburide	0.5595238095238093		A	False	False
DB00280	DB00412	Disopyramide	Rosiglitazone	0.5577380952380955	C	A	True	False
DB00608	DB00818	Chloroquine	Propofol	0.5575757575757576	P	N	True	False
DB08912	DB00608	Dabrafenib	Chloroquine	0.5575757575757576	L	P	False	False
DB00608	DB05266	Chloroquine	Ibudilast	0.5575757575757576	P	R	False	False
DB01393	DB08901	Bezafibrate	Ponatinib	0.5575757575757576	C	L	False	False
DB00132	DB02659	alpha-Linolenic acid	Cholic Acid	0.5570887445887447		A	False	False
DB08059	DB00159	Wortmannin	Icosapent	0.5568181818181817			False	False
DB00393	DB08901	Nimodipine	Ponatinib	0.5566666666666669	C	L	False	False
DB08912	DB01645	Dabrafenib	Genistein	0.5564102564102564	L		False	False
DB08896	DB14649	Regorafenib	Dexamethasone acetate	0.5557971014492753	L		False	False
DB01234	DB08896	Dexamethasone	Regorafenib	0.5557971014492753	C, A, S, R, H, D	L	False	False
DB00313	DB00659	Valproic acid	Acamprosate	0.5555555555555556	N	N	False	False
DB03496	DB01393	Alvocidib	Bezafibrate	0.5555555555555556		C	False	False
DB07995	DB00313	H-89	Valproic acid	0.5555555555555556		N	False	False
DB01092	DB00313	Ouabain	Valproic acid	0.5555555555555556	C	N	False	False
DB12500	DB00313	Fedratinib	Valproic acid	0.5555555555555556	L	N	False	False
DB00608	DB08916	Chloroquine	Afatinib	0.5555555555555554	P	L	False	False
DB00393	DB01016	Nimodipine	Glyburide	0.5555555555555554	C	A	True	False
DB07863	DB00608	2-chloro-5-nitro-N-phenylbenzamide	Chloroquine	0.5555555555555554		P	False	False
DB05984	DB02659	RAF-265	Cholic Acid	0.5548654244306417		A	False	False
DB00836	DB00159	Loperamide	Icosapent	0.5548340548340549	A		True	False
DB00412	DB12695	Rosiglitazone	Phenethyl Isothiocyanate	0.5542124542124542	A		False	False
DB00608	DB06589	Chloroquine	Pazopanib	0.5541666666666667	P	L	False	False
DB12500	DB00132	Fedratinib	alpha-Linolenic acid	0.5541125541125542	L		False	False
DB01023	DB02546	Felodipine	Vorinostat	0.5538461538461539	C	L	True	False
DB15399	DB00201	BMS-754807	Caffeine	0.5535714285714286		R, V, N	False	False
DB00201	DB11886	Caffeine	Infigratinib	0.5535714285714286	R, V, N		False	False
DB08756	DB08896	Y-27632	Regorafenib	0.553030303030303		L	False	False
DB08073	DB08896	(2S)-1-(1H-INDOL-3-YL)-3-{[5-(3-METHYL-1H-INDAZOL-5-YL)PYRIDIN-3-YL]OXY}PROPAN-2-AMINE	Regorafenib	0.553030303030303		L	False	False
DB07859	DB08896	4-(4-CHLOROPHENYL)-4-[4-(1H-PYRAZOL-4-YL)PHENYL]PIPERIDINE	Regorafenib	0.553030303030303		L	False	False
DB08059	DB14649	Wortmannin	Dexamethasone acetate	0.5527777777777776			False	False
DB08059	DB01234	Wortmannin	Dexamethasone	0.5527777777777776		C, A, S, R, H, D	True	False
DB15399	DB02010	BMS-754807	Staurosporine	0.5512820512820513			False	False
DB02010	DB07997	Staurosporine	N-[2-(METHYLAMINO)ETHYL]-5-ISOQUINOLINESULFONAMIDE	0.5512820512820513			False	False
DB02010	DB07996	Staurosporine	5-(2-methylpiperazine-1-sulfonyl)isoquinoline	0.5512820512820513			False	False
DB08912	DB04216	Dabrafenib	Quercetin	0.5511574074074075	L		False	False
DB01234	DB00622	Dexamethasone	Nicardipine	0.5500000000000003	C, A, S, R, H, D	C	False	False
DB00622	DB14649	Nicardipine	Dexamethasone acetate	0.5500000000000003	C		False	False
DB03496	DB03374	Alvocidib	3,5-Diiodotyrosine	0.55			False	False
DB00773	DB13954	Etoposide	Estradiol cypionate	0.55	L		False	False
DB00380	DB00396	Dexrazoxane	Progesterone	0.55	V	G	False	False
DB01782	DB00818	Pyrazolanthrone	Propofol	0.55		N	False	False
DB03758	DB05266	Radicicol	Ibudilast	0.55		R	False	False
DB01092	DB05294	Ouabain	Vandetanib	0.55	C	L	False	False
DB01782	DB00622	Pyrazolanthrone	Nicardipine	0.55		C	False	False
DB00773	DB00396	Etoposide	Progesterone	0.55	L	G	False	False
DB00694	DB13956	Daunorubicin	Estradiol valerate	0.55	L		False	False
DB00773	DB13956	Etoposide	Estradiol valerate	0.55	L		False	False
DB00622	DB00436	Nicardipine	Bendroflumethiazide	0.55	C	C, G	False	False
DB01782	DB05266	Pyrazolanthrone	Ibudilast	0.55		R	False	False
DB00694	DB13954	Daunorubicin	Estradiol cypionate	0.55	L		False	False
DB07557	DB03496	3,20-Pregnanedione	Alvocidib	0.55			False	False
DB05294	DB01393	Vandetanib	Bezafibrate	0.55	L	C	False	False
DB01092	DB08912	Ouabain	Dabrafenib	0.55	C	L	False	False
DB05294	DB00393	Vandetanib	Nimodipine	0.55	L	C	True	False
DB00622	DB00210	Nicardipine	Adapalene	0.55	C	D	False	False
DB08912	DB06589	Dabrafenib	Pazopanib	0.55	L	L	False	False
DB00694	DB00396	Daunorubicin	Progesterone	0.55	L	G	False	False
DB08080	DB00818	Latrunculin B	Propofol	0.55		N	False	False
DB00380	DB13956	Dexrazoxane	Estradiol valerate	0.55	V		False	False
DB00380	DB13954	Dexrazoxane	Estradiol cypionate	0.55	V		False	False
DB00630	DB00622	Alendronic acid	Nicardipine	0.5499999999999998	M	C	False	False
DB02546	DB00162	Vorinostat	Vitamin A	0.5499999999999998	L	A, S, R, D, V	False	False
DB00818	DB00162	Propofol	Vitamin A	0.5499999999999998	N	A, S, R, D, V	False	False
DB05266	DB00162	Ibudilast	Vitamin A	0.5499999999999998	R	A, S, R, D, V	False	False
DB00162	DB12695	Vitamin A	Phenethyl Isothiocyanate	0.5499999999999998	A, S, R, D, V		False	False
DB01013	DB01088	Clobetasol propionate	Iloprost	0.5492424242424243		B	False	False
DB00717	DB01088	Norethisterone	Iloprost	0.5492424242424243	G	B	False	False
DB12500	DB01088	Fedratinib	Iloprost	0.5492424242424243	L	B	False	False
DB01023	DB03756	Felodipine	Doconexent	0.5485829959514168	C		False	False
DB08877	DB00159	Ruxolitinib	Icosapent	0.5484848484848484	L		False	False
DB08756	DB00159	Y-27632	Icosapent	0.5484848484848484			False	False
DB07859	DB00159	4-(4-CHLOROPHENYL)-4-[4-(1H-PYRAZOL-4-YL)PHENYL]PIPERIDINE	Icosapent	0.5484848484848484			False	False
DB08895	DB00159	Tofacitinib	Icosapent	0.5484848484848484	L		False	False
DB08073	DB00159	(2S)-1-(1H-INDOL-3-YL)-3-{[5-(3-METHYL-1H-INDAZOL-5-YL)PYRIDIN-3-YL]OXY}PROPAN-2-AMINE	Icosapent	0.5484848484848484			False	False
DB00132	DB00622	alpha-Linolenic acid	Nicardipine	0.5482517482517482		C	False	False
DB01645	DB01088	Genistein	Iloprost	0.5480769230769231		B	False	False
DB12500	DB03496	Fedratinib	Alvocidib	0.5476190476190477	L		False	False
DB00717	DB08756	Norethisterone	Y-27632	0.5476190476190477	G		False	False
DB04599	DB12500	Aniracetam	Fedratinib	0.5476190476190477	N	L	False	False
DB08756	DB00749	Y-27632	Etodolac	0.5476190476190477		M	False	False
DB04599	DB00659	Aniracetam	Acamprosate	0.5476190476190477	N	N	False	False
DB07859	DB00162	4-(4-CHLOROPHENYL)-4-[4-(1H-PYRAZOL-4-YL)PHENYL]PIPERIDINE	Vitamin A	0.5473684210526317		A, S, R, D, V	False	False
DB08073	DB00162	(2S)-1-(1H-INDOL-3-YL)-3-{[5-(3-METHYL-1H-INDAZOL-5-YL)PYRIDIN-3-YL]OXY}PROPAN-2-AMINE	Vitamin A	0.5473684210526317		A, S, R, D, V	False	False
DB07863	DB01244	2-chloro-5-nitro-N-phenylbenzamide	Bepridil	0.5461538461538462		C	False	False
DB00459	DB01016	Acitretin	Glyburide	0.5452380952380953	D	A	False	False
DB00201	DB06589	Caffeine	Pazopanib	0.5452380952380953	R, V, N	L	False	False
DB00836	DB01016	Loperamide	Glyburide	0.5452380952380953	A	A	False	False
DB06195	DB01016	Seliciclib	Glyburide	0.5452380952380953		A	False	False
DB00421	DB00619	Spironolactone	Imatinib	0.544736842105263	C	L	False	False
DB01645	DB00622	Genistein	Nicardipine	0.5445054945054946		C	False	False
DB08175	DB00162	(2E,4E)-11-METHOXY-3,7,11-TRIMETHYLDODECA-2,4-DIENOIC ACID	Vitamin A	0.5444444444444445		A, S, R, D, V	False	False
DB00162	DB08916	Vitamin A	Afatinib	0.5444444444444445	A, S, R, D, V	L	False	False
DB00749	DB00162	Etodolac	Vitamin A	0.5444444444444445	M	A, S, R, D, V	False	False
DB12500	DB00162	Fedratinib	Vitamin A	0.5444444444444445	L	A, S, R, D, V	False	False
DB05266	DB00159	Ibudilast	Icosapent	0.5443181818181819	R		True	False
DB08912	DB00159	Dabrafenib	Icosapent	0.5443181818181819	L		False	False
DB03758	DB01388	Radicicol	Mibefradil	0.5439393939393942		C	False	False
DB01023	DB01268	Felodipine	Sunitinib	0.5437271062271061	C	L	False	False
DB12695	DB00588	Phenethyl Isothiocyanate	Fluticasone propionate	0.5430272108843537			False	False
DB01054	DB01234	Nitrendipine	Dexamethasone	0.5428571428571429	C	C, A, S, R, H, D	False	False
DB01054	DB02546	Nitrendipine	Vorinostat	0.5428571428571429	C	L	True	False
DB01054	DB14649	Nitrendipine	Dexamethasone acetate	0.5428571428571429	C		False	False
DB01092	DB00281	Ouabain	Lidocaine	0.5428571428571427	C	C, S, R, N, D	False	False
DB08896	DB05266	Regorafenib	Ibudilast	0.5427536231884058	L	R	False	False
DB11800	DB00210	Tivozanib	Adapalene	0.5424242424242425	L	D	False	False
DB00836	DB04216	Loperamide	Quercetin	0.5418611889200124	A		False	False
DB00773	DB02587	Etoposide	Colforsin	0.5416666666666667	L		False	False
DB08059	DB00694	Wortmannin	Daunorubicin	0.5416666666666667		L	True	False
DB08059	DB07997	Wortmannin	N-[2-(METHYLAMINO)ETHYL]-5-ISOQUINOLINESULFONAMIDE	0.5416666666666667			False	False
DB00588	DB07996	Fluticasone propionate	5-(2-methylpiperazine-1-sulfonyl)isoquinoline	0.5416666666666667			False	False
DB08059	DB00773	Wortmannin	Etoposide	0.5416666666666667		L	True	False
DB08059	DB00380	Wortmannin	Dexrazoxane	0.5416666666666667		V	True	False
DB15399	DB11886	BMS-754807	Infigratinib	0.5416666666666667			False	False
DB00694	DB02587	Daunorubicin	Colforsin	0.5416666666666667	L		False	False
DB08059	DB07996	Wortmannin	5-(2-methylpiperazine-1-sulfonyl)isoquinoline	0.5416666666666667			False	False
DB00380	DB02587	Dexrazoxane	Colforsin	0.5416666666666667	V		False	False
DB00588	DB07997	Fluticasone propionate	N-[2-(METHYLAMINO)ETHYL]-5-ISOQUINOLINESULFONAMIDE	0.5416666666666667			False	False
DB05134	DB00608	Tanespimycin	Chloroquine	0.5416666666666665		P	False	False
DB00608	DB01259	Chloroquine	Lapatinib	0.5416666666666665	P	L	True	False
DB01248	DB11886	Docetaxel	Infigratinib	0.5416666666666665	L		False	False
DB04149	DB02052	(R)-Rolipram	Indirubin-3'-monoxime	0.5416666666666665			False	False
DB02052	DB01259	Indirubin-3'-monoxime	Lapatinib	0.5416666666666665		L	False	False
DB02587	DB12742	Colforsin	Amuvatinib	0.5416666666666665			False	False
DB00608	DB07594	Chloroquine	CCT-018159	0.5416666666666665	P		False	False
DB01229	DB11886	Paclitaxel	Infigratinib	0.5416666666666665	L		False	False
DB12742	DB00588	Amuvatinib	Fluticasone propionate	0.5416666666666665			False	False
DB00162	DB01259	Vitamin A	Lapatinib	0.5411764705882354	A, S, R, D, V	L	False	False
DB00749	DB04216	Etodolac	Quercetin	0.540740740740741	M		False	False
DB00132	DB00162	alpha-Linolenic acid	Vitamin A	0.5405594405594407		A, S, R, D, V	False	False
DB11800	DB01645	Tivozanib	Genistein	0.5405011655011653	L		False	False
DB11781	DB00836	Tosedostat	Loperamide	0.5396825396825398		A	False	False
DB03496	DB01016	Alvocidib	Glyburide	0.5394736842105263		A	False	False
DB01092	DB00159	Ouabain	Icosapent	0.5389610389610389	C		False	False
DB08896	DB00132	Regorafenib	alpha-Linolenic acid	0.5389237199582027	L		False	False
DB08059	DB00132	Wortmannin	alpha-Linolenic acid	0.5386363636363638			False	False
DB06486	DB07997	Enzastaurin	N-[2-(METHYLAMINO)ETHYL]-5-ISOQUINOLINESULFONAMIDE	0.5375000000000001			False	False
DB00380	DB06486	Dexrazoxane	Enzastaurin	0.5375000000000001	V		False	False
DB06486	DB07996	Enzastaurin	5-(2-methylpiperazine-1-sulfonyl)isoquinoline	0.5375000000000001			False	False
DB00773	DB06486	Etoposide	Enzastaurin	0.5375000000000001	L		False	False
DB00694	DB06486	Daunorubicin	Enzastaurin	0.5375000000000001	L		False	False
DB00619	DB13954	Imatinib	Estradiol cypionate	0.536842105263158	L		False	False
DB13956	DB00619	Estradiol valerate	Imatinib	0.536842105263158		L	False	False
DB00281	DB01388	Lidocaine	Mibefradil	0.5367965367965368	C, S, R, N, D	C	False	False
DB06589	DB00159	Pazopanib	Icosapent	0.5365800865800865	L		False	False
DB02546	DB03756	Vorinostat	Doconexent	0.5363636363636364	L		False	False
DB13956	DB01088	Estradiol valerate	Iloprost	0.5361111111111112		B	False	False
DB01088	DB13954	Iloprost	Estradiol cypionate	0.5361111111111112	B		False	False
DB07859	DB00393	4-(4-CHLOROPHENYL)-4-[4-(1H-PYRAZOL-4-YL)PHENYL]PIPERIDINE	Nimodipine	0.5357142857142858		C	False	False
DB08073	DB00393	(2S)-1-(1H-INDOL-3-YL)-3-{[5-(3-METHYL-1H-INDAZOL-5-YL)PYRIDIN-3-YL]OXY}PROPAN-2-AMINE	Nimodipine	0.5357142857142858		C	False	False
DB11781	DB00622	Tosedostat	Nicardipine	0.5352941176470589		C	False	False
DB01088	DB00281	Iloprost	Lidocaine	0.5345238095238094	B	C, S, R, N, D	False	False
DB07863	DB01088	2-chloro-5-nitro-N-phenylbenzamide	Iloprost	0.5340909090909092		B	False	False
DB01054	DB06589	Nitrendipine	Pazopanib	0.5340336134453783	C	L	True	False
DB04297	DB00749	Trichostatin A	Etodolac	0.5333333333333337		M	False	False
DB00631	DB06589	Clofarabine	Pazopanib	0.5333333333333334	L	L	True	False
DB08877	DB03496	Ruxolitinib	Alvocidib	0.5333333333333334	L		False	False
DB00818	DB13954	Propofol	Estradiol cypionate	0.5333333333333334	N		False	False
DB13956	DB00818	Estradiol valerate	Propofol	0.5333333333333334		N	False	False
DB08895	DB03496	Tofacitinib	Alvocidib	0.5333333333333334	L		False	False
DB02424	DB00630	Geldanamycin	Alendronic acid	0.5333333333333332		M	False	False
DB01013	DB00630	Clobetasol propionate	Alendronic acid	0.5333333333333332		M	False	False
DB00630	DB07995	Alendronic acid	H-89	0.5333333333333332	M		False	False
DB00630	DB00749	Alendronic acid	Etodolac	0.5333333333333332	M	M	True	False
DB00630	DB12500	Alendronic acid	Fedratinib	0.5333333333333332	M	L	False	False
DB00630	DB00659	Alendronic acid	Acamprosate	0.5333333333333332	M	N	False	False
DB08175	DB01244	(2E,4E)-11-METHOXY-3,7,11-TRIMETHYLDODECA-2,4-DIENOIC ACID	Bepridil	0.5333333333333332		C	False	False
DB00630	DB08175	Alendronic acid	(2E,4E)-11-METHOXY-3,7,11-TRIMETHYLDODECA-2,4-DIENOIC ACID	0.5333333333333332	M		False	False
DB00608	DB01268	Chloroquine	Sunitinib	0.5327380952380951	P	L	False	False
DB00675	DB01388	Tamoxifen	Mibefradil	0.5320346320346321	L	C	False	False
DB00281	DB07997	Lidocaine	N-[2-(METHYLAMINO)ETHYL]-5-ISOQUINOLINESULFONAMIDE	0.5317460317460316	C, S, R, N, D		False	False
DB07996	DB00281	5-(2-methylpiperazine-1-sulfonyl)isoquinoline	Lidocaine	0.5317460317460316		C, S, R, N, D	False	False
DB08877	DB02010	Ruxolitinib	Staurosporine	0.5316742081447963	L		False	False
DB08895	DB02010	Tofacitinib	Staurosporine	0.5316742081447963	L		False	False
DB00412	DB08901	Rosiglitazone	Ponatinib	0.5316017316017316	A	L	False	False
DB11800	DB00313	Tivozanib	Valproic acid	0.5313131313131312	L	N	False	False
DB08059	DB00412	Wortmannin	Rosiglitazone	0.5308441558441559		A	False	False
DB11886	DB00459	Infigratinib	Acitretin	0.5308441558441559		D	False	False
DB00836	DB00588	Loperamide	Fluticasone propionate	0.5308441558441559	A		False	False
DB02587	DB00836	Colforsin	Loperamide	0.5308441558441559		A	False	False
DB00393	DB00210	Nimodipine	Adapalene	0.5307017543859651	C	D	False	False
DB01268	DB04216	Sunitinib	Quercetin	0.5306216931216932	L		False	False
DB12742	DB00132	Amuvatinib	alpha-Linolenic acid	0.5303030303030303			False	False
DB01016	DB01388	Glyburide	Mibefradil	0.5299043062200959	A	C	False	False
DB01234	DB06486	Dexamethasone	Enzastaurin	0.5298076923076922	C, A, S, R, H, D		False	False
DB06486	DB14649	Enzastaurin	Dexamethasone acetate	0.5298076923076922			False	False
DB08896	DB00159	Regorafenib	Icosapent	0.5295193312434692	L		False	False
DB03496	DB03756	Alvocidib	Doconexent	0.5294117647058822			False	False
DB11886	DB01023	Infigratinib	Felodipine	0.5288461538461537		C	False	False
DB07863	DB00836	2-chloro-5-nitro-N-phenylbenzamide	Loperamide	0.5285714285714287		A	False	False
DB00159	DB07996	Icosapent	5-(2-methylpiperazine-1-sulfonyl)isoquinoline	0.5279720279720279			False	False
DB00159	DB07997	Icosapent	N-[2-(METHYLAMINO)ETHYL]-5-ISOQUINOLINESULFONAMIDE	0.5279720279720279			False	False
DB02052	DB00659	Indirubin-3'-monoxime	Acamprosate	0.5277777777777777		N	False	False
DB08175	DB02052	(2E,4E)-11-METHOXY-3,7,11-TRIMETHYLDODECA-2,4-DIENOIC ACID	Indirubin-3'-monoxime	0.5277777777777777			False	False
DB07995	DB02052	H-89	Indirubin-3'-monoxime	0.5277777777777777			False	False
DB00162	DB00588	Vitamin A	Fluticasone propionate	0.5276315789473687	A, S, R, D, V		False	False
DB05294	DB03756	Vandetanib	Doconexent	0.5272727272727273	L		False	False
DB01115	DB08896	Nifedipine	Regorafenib	0.5272435897435896	C	L	False	False
DB01054	DB08912	Nitrendipine	Dabrafenib	0.5261904761904765	C	L	True	False
DB01054	DB00818	Nitrendipine	Propofol	0.5261904761904765	C	N	True	False
DB00313	DB00836	Valproic acid	Loperamide	0.5257936507936507	N	A	True	False
DB07557	DB11800	3,20-Pregnanedione	Tivozanib	0.5257575757575759		L	False	False
DB06195	DB06589	Seliciclib	Pazopanib	0.5256302521008402		L	False	False
DB01234	DB01088	Dexamethasone	Iloprost	0.5249999999999999	C, A, S, R, H, D	B	True	False
DB02546	DB01088	Vorinostat	Iloprost	0.5249999999999999	L	B	True	False
DB01088	DB14649	Iloprost	Dexamethasone acetate	0.5249999999999999	B		False	False
DB00393	DB00313	Nimodipine	Valproic acid	0.5248538011695909	C	N	False	False
DB02659	DB00281	Cholic Acid	Lidocaine	0.5238095238095237	A	C, S, R, N, D	False	False
DB00694	DB01645	Daunorubicin	Genistein	0.5230769230769232	L		False	False
DB00380	DB01645	Dexrazoxane	Genistein	0.5230769230769232	V		False	False
DB00773	DB01645	Etoposide	Genistein	0.5230769230769232	L		False	False
DB00749	DB08901	Etodolac	Ponatinib	0.5222222222222224	M	L	False	False
DB00818	DB14544	Propofol	Hydrocortisone valerate	0.5222222222222224	N		False	False
DB01013	DB00622	Clobetasol propionate	Nicardipine	0.5222222222222221		C	False	False
DB05266	DB00313	Ibudilast	Valproic acid	0.5222222222222221	R	N	False	False
DB00313	DB00818	Valproic acid	Propofol	0.5222222222222221	N	N	False	False
DB00622	DB00659	Nicardipine	Acamprosate	0.5222222222222221	C	N	False	False
DB01054	DB04216	Nitrendipine	Quercetin	0.520852785558668	C		False	False
DB01115	DB01782	Nifedipine	Pyrazolanthrone	0.5208333333333335	C		False	False
DB01115	DB00659	Nifedipine	Acamprosate	0.5208333333333335	C	N	False	False
DB01268	DB14544	Sunitinib	Hydrocortisone valerate	0.5208333333333335	L		True	False
DB08895	DB06486	Tofacitinib	Enzastaurin	0.5208333333333333	L		False	False
DB07557	DB06486	3,20-Pregnanedione	Enzastaurin	0.5208333333333333			False	False
DB08877	DB06486	Ruxolitinib	Enzastaurin	0.5208333333333333	L		False	False
DB00421	DB01388	Spironolactone	Mibefradil	0.5201298701298702	C	C	True	False
DB07557	DB12695	3,20-Pregnanedione	Phenethyl Isothiocyanate	0.5200680272108844			False	False
DB03496	DB01088	Alvocidib	Iloprost	0.519736842105263		B	False	False
DB00393	DB00132	Nimodipine	alpha-Linolenic acid	0.5183982683982684	C		False	False
DB00608	DB00412	Chloroquine	Rosiglitazone	0.5183150183150185	P	A	False	False
DB08059	DB01054	Wortmannin	Nitrendipine	0.5178571428571428		C	False	False
DB01054	DB11886	Nitrendipine	Infigratinib	0.5178571428571428	C		False	False
DB11886	DB00281	Infigratinib	Lidocaine	0.5178571428571428		C, S, R, N, D	False	False
DB01054	DB00619	Nitrendipine	Imatinib	0.5178571428571428	C	L	True	False
DB02587	DB01054	Colforsin	Nitrendipine	0.5178571428571428		C	False	False
DB01054	DB00588	Nitrendipine	Fluticasone propionate	0.5178571428571428	C		False	False
DB11800	DB00608	Tivozanib	Chloroquine	0.516934046345811	L	P	False	False
DB00421	DB00818	Spironolactone	Propofol	0.516666666666667	C	N	False	False
DB06589	DB00436	Pazopanib	Bendroflumethiazide	0.5166666666666668	L	C, G	False	False
DB00619	DB00162	Imatinib	Vitamin A	0.5166666666666668	L	A, S, R, D, V	False	False
DB07557	DB00608	3,20-Pregnanedione	Chloroquine	0.5166666666666666		P	False	False
DB00393	DB00436	Nimodipine	Bendroflumethiazide	0.5166666666666666	C	C, G	False	False
DB00393	DB01234	Nimodipine	Dexamethasone	0.5166666666666666	C	C, A, S, R, H, D	False	False
DB05266	DB08901	Ibudilast	Ponatinib	0.5166666666666666	R	L	True	False
DB00393	DB14649	Nimodipine	Dexamethasone acetate	0.5166666666666666	C		False	False
DB08901	DB14649	Ponatinib	Dexamethasone acetate	0.5166666666666666	L		False	False
DB02052	DB00619	Indirubin-3'-monoxime	Imatinib	0.5166666666666666		L	False	False
DB01234	DB08901	Dexamethasone	Ponatinib	0.5166666666666666	C, A, S, R, H, D	L	False	False
DB01782	DB00608	Pyrazolanthrone	Chloroquine	0.5166666666666666		P	False	False
DB03496	DB01268	Alvocidib	Sunitinib	0.5164473684210527		L	False	False
DB00280	DB00818	Disopyramide	Propofol	0.5163461538461538	C	N	False	False
DB01054	DB01645	Nitrendipine	Genistein	0.5159340659340661	C		False	False
DB00159	DB00659	Icosapent	Acamprosate	0.5151515151515151		N	False	False
DB00619	DB01016	Imatinib	Glyburide	0.5147058823529411	L	A	False	False
DB01268	DB01119	Sunitinib	Diazoxide	0.5144230769230771	L	C, V, G	False	False
DB01268	DB00243	Sunitinib	Ranolazine	0.5144230769230771	L	C	False	False
DB01268	DB00436	Sunitinib	Bendroflumethiazide	0.5144230769230771	L	C, G	False	False
DB08756	DB00396	Y-27632	Progesterone	0.5142857142857142		G	False	False
DB05266	DB00619	Ibudilast	Imatinib	0.5142857142857142	R	L	True	False
DB11800	DB01244	Tivozanib	Bepridil	0.5138528138528136	L	C	False	False
DB04216	DB03756	Quercetin	Doconexent	0.5134680134680134			False	False
DB07080	DB04216	TO-901317	Quercetin	0.5134680134680134			False	False
DB00459	DB02010	Acitretin	Staurosporine	0.5131868131868131	D		False	False
DB00783	DB01388	Estradiol	Mibefradil	0.5129870129870131	G	C	False	False
DB08073	DB00783	(2S)-1-(1H-INDOL-3-YL)-3-{[5-(3-METHYL-1H-INDAZOL-5-YL)PYRIDIN-3-YL]OXY}PROPAN-2-AMINE	Estradiol	0.5129870129870129		G	False	False
DB07859	DB00783	4-(4-CHLOROPHENYL)-4-[4-(1H-PYRAZOL-4-YL)PHENYL]PIPERIDINE	Estradiol	0.5129870129870129		G	False	False
DB00630	DB03496	Alendronic acid	Alvocidib	0.5125	M		False	False
DB00459	DB04216	Acitretin	Quercetin	0.5124494242141302	D		False	False
DB00459	DB00436	Acitretin	Bendroflumethiazide	0.5119047619047621	D	C, G	False	False
DB00836	DB00436	Loperamide	Bendroflumethiazide	0.5119047619047621	A	C, G	False	False
DB00836	DB01119	Loperamide	Diazoxide	0.5119047619047621	A	C, V, G	False	False
DB07995	DB08896	H-89	Regorafenib	0.5119047619047619		L	False	False
DB00836	DB00210	Loperamide	Adapalene	0.5119047619047619	A	D	False	False
DB01229	DB01388	Paclitaxel	Mibefradil	0.5115864527629235	L	C	False	False
DB01248	DB01388	Docetaxel	Mibefradil	0.5115864527629235	L	C	False	False
DB11800	DB00421	Tivozanib	Spironolactone	0.5114718614718614	L	C	False	False
DB11886	DB01393	Infigratinib	Bezafibrate	0.5113636363636365		C	False	False
DB08073	DB01645	(2S)-1-(1H-INDOL-3-YL)-3-{[5-(3-METHYL-1H-INDAZOL-5-YL)PYRIDIN-3-YL]OXY}PROPAN-2-AMINE	Genistein	0.5113122171945701			False	False
DB07859	DB01645	4-(4-CHLOROPHENYL)-4-[4-(1H-PYRAZOL-4-YL)PHENYL]PIPERIDINE	Genistein	0.5113122171945701			False	False
DB00412	DB01244	Rosiglitazone	Bepridil	0.5109243697478991	A	C	True	False
DB00459	DB01244	Acitretin	Bepridil	0.5109243697478991	D	C	False	False
DB01088	DB01388	Iloprost	Mibefradil	0.5101674641148326	B	C	False	False
DB06589	DB00162	Pazopanib	Vitamin A	0.5099999999999998	L	A, S, R, D, V	False	False
DB01023	DB05266	Felodipine	Ibudilast	0.5094017094017094	C	R	False	False
DB11800	DB00162	Tivozanib	Vitamin A	0.509090909090909	L	A, S, R, D, V	False	False
DB07557	DB00162	3,20-Pregnanedione	Vitamin A	0.5078947368421054		A, S, R, D, V	False	False
DB08756	DB00421	Y-27632	Spironolactone	0.5071428571428571		C	False	False
DB08912	DB01268	Dabrafenib	Sunitinib	0.5067307692307692	L	L	False	False
DB00132	DB08916	alpha-Linolenic acid	Afatinib	0.5064935064935066		L	False	False
DB01054	DB00132	Nitrendipine	alpha-Linolenic acid	0.5064935064935066	C		False	False
DB00749	DB00393	Etodolac	Nimodipine	0.5064102564102566	M	C	False	False
DB08175	DB00393	(2E,4E)-11-METHOXY-3,7,11-TRIMETHYLDODECA-2,4-DIENOIC ACID	Nimodipine	0.5064102564102566		C	False	False
DB12500	DB01645	Fedratinib	Genistein	0.5064102564102564	L		False	False
DB03374	DB08901	3,5-Diiodotyrosine	Ponatinib	0.5061403508771931		L	False	False
DB07557	DB08901	3,20-Pregnanedione	Ponatinib	0.5061403508771931		L	False	False
DB06589	DB04216	Pazopanib	Quercetin	0.5060560560560561	L		False	False
DB02659	DB01103	Cholic Acid	Quinacrine	0.5059523809523807	A	P	False	False
DB01115	DB08916	Nifedipine	Afatinib	0.5056818181818181	C	L	False	False
DB11886	DB01645	Infigratinib	Genistein	0.5039592760180995			False	False
DB01023	DB01393	Felodipine	Bezafibrate	0.5038461538461538	C	C	False	False
DB04216	DB01088	Quercetin	Iloprost	0.503835978835979		B	False	False
DB08059	DB01244	Wortmannin	Bepridil	0.5035714285714286		C	False	False
DB00675	DB00659	Tamoxifen	Acamprosate	0.5025641025641026	L	N	False	False
DB00675	DB07995	Tamoxifen	H-89	0.5025641025641026	L		False	False
DB12500	DB00675	Fedratinib	Tamoxifen	0.5025641025641026	L	L	False	False
DB05294	DB01088	Vandetanib	Iloprost	0.5019230769230771	L	B	False	False
DB01645	DB00836	Genistein	Loperamide	0.5016483516483516		A	False	False
DB00393	DB12695	Nimodipine	Phenethyl Isothiocyanate	0.5015151515151515	C		False	False
DB01234	DB08912	Dexamethasone	Dabrafenib	0.5000000000000002	C, A, S, R, H, D	L	False	False
DB07863	DB07995	2-chloro-5-nitro-N-phenylbenzamide	H-89	0.5000000000000002			False	False
DB00436	DB13954	Bendroflumethiazide	Estradiol cypionate	0.5000000000000002	C, G		False	False
DB01013	DB01092	Clobetasol propionate	Ouabain	0.5000000000000002		C	False	False
DB08912	DB14649	Dabrafenib	Dexamethasone acetate	0.5000000000000002	L		False	False
DB00818	DB00482	Propofol	Celecoxib	0.5000000000000002	N	M, C, G, L	False	False
DB08912	DB02546	Dabrafenib	Vorinostat	0.5000000000000002	L	L	True	False
DB00818	DB01119	Propofol	Diazoxide	0.5000000000000002	N	C, V, G	False	False
DB03496	DB00132	Alvocidib	alpha-Linolenic acid	0.5000000000000002			False	False
DB00717	DB01092	Norethisterone	Ouabain	0.5000000000000002	G	C	False	False
DB00675	DB00818	Tamoxifen	Propofol	0.5000000000000002	L	N	False	False
DB07995	DB03756	H-89	Doconexent	0.5000000000000002			False	False
DB01092	DB07995	Ouabain	H-89	0.5000000000000002	C		False	False
DB13956	DB00436	Estradiol valerate	Bendroflumethiazide	0.5000000000000002		C, G	False	False
DB00659	DB08916	Acamprosate	Afatinib	0.5000000000000002	N	L	False	False
DB00459	DB00281	Acitretin	Lidocaine	0.5000000000000002	D	C, S, R, N, D	False	False
DB05266	DB00436	Ibudilast	Bendroflumethiazide	0.5000000000000002	R	C, G	False	False
DB01092	DB00243	Ouabain	Ranolazine	0.5	C	C	False	False
DB08877	DB00288	Ruxolitinib	Amcinonide	0.5	L	D	False	False
DB08877	DB00243	Ruxolitinib	Ranolazine	0.5	L	C	False	False
DB07863	DB08080	2-chloro-5-nitro-N-phenylbenzamide	Latrunculin B	0.5			False	False
DB08073	DB01016	(2S)-1-(1H-INDOL-3-YL)-3-{[5-(3-METHYL-1H-INDAZOL-5-YL)PYRIDIN-3-YL]OXY}PROPAN-2-AMINE	Glyburide	0.5		A	False	False
DB08895	DB00482	Tofacitinib	Celecoxib	0.5	L	M, C, G, L	False	False
DB01222	DB00694	Budesonide	Daunorubicin	0.5	A, R, D	L	True	False
DB11781	DB01092	Tosedostat	Ouabain	0.5		C	False	False
DB02587	DB08756	Colforsin	Y-27632	0.5			False	False
DB01092	DB00436	Ouabain	Bendroflumethiazide	0.5	C	C, G	False	False
DB00380	DB11781	Dexrazoxane	Tosedostat	0.5	V		False	False
DB01222	DB04599	Budesonide	Aniracetam	0.5	A, R, D	N	False	False
DB01222	DB00773	Budesonide	Etoposide	0.5	A, R, D	L	False	False
DB01222	DB00380	Budesonide	Dexrazoxane	0.5	A, R, D	V	True	False
DB07863	DB00243	2-chloro-5-nitro-N-phenylbenzamide	Ranolazine	0.5		C	False	False
DB05984	DB01092	RAF-265	Ouabain	0.5		C	False	False
DB05984	DB00694	RAF-265	Daunorubicin	0.5		L	False	False
DB05984	DB00773	RAF-265	Etoposide	0.5		L	False	False
DB11781	DB07080	Tosedostat	TO-901317	0.5			False	False
DB00313	DB00619	Valproic acid	Imatinib	0.5	N	L	True	False
DB00773	DB14544	Etoposide	Hydrocortisone valerate	0.5	L		False	False
DB00773	DB01119	Etoposide	Diazoxide	0.5	L	C, V, G	False	False
DB00380	DB04297	Dexrazoxane	Trichostatin A	0.5	V		False	False
DB04149	DB01380	(R)-Rolipram	Cortisone acetate	0.5			False	False
DB04149	DB14544	(R)-Rolipram	Hydrocortisone valerate	0.5			False	False
DB03756	DB00243	Doconexent	Ranolazine	0.5		C	False	False
DB03756	DB00436	Doconexent	Bendroflumethiazide	0.5		C, G	False	False
DB03758	DB01782	Radicicol	Pyrazolanthrone	0.5			False	False
DB00773	DB01380	Etoposide	Cortisone acetate	0.5	L		False	False
DB08080	DB07594	Latrunculin B	CCT-018159	0.5			False	False
DB08080	DB07996	Latrunculin B	5-(2-methylpiperazine-1-sulfonyl)isoquinoline	0.5			False	False
DB04297	DB00619	Trichostatin A	Imatinib	0.5		L	False	False
DB00773	DB04297	Etoposide	Trichostatin A	0.5	L		False	False
DB05984	DB00380	RAF-265	Dexrazoxane	0.5		V	False	False
DB08080	DB03756	Latrunculin B	Doconexent	0.5			False	False
DB07863	DB00482	2-chloro-5-nitro-N-phenylbenzamide	Celecoxib	0.5		M, C, G, L	False	False
DB08073	DB01782	(2S)-1-(1H-INDOL-3-YL)-3-{[5-(3-METHYL-1H-INDAZOL-5-YL)PYRIDIN-3-YL]OXY}PROPAN-2-AMINE	Pyrazolanthrone	0.5			False	False
DB04297	DB07080	Trichostatin A	TO-901317	0.5			False	False
DB08080	DB01393	Latrunculin B	Bezafibrate	0.5		C	False	False
DB01782	DB03374	Pyrazolanthrone	3,5-Diiodotyrosine	0.5			False	False
DB00773	DB00288	Etoposide	Amcinonide	0.5	L	D	False	False
DB05134	DB01119	Tanespimycin	Diazoxide	0.5		C, V, G	False	False
DB04149	DB08756	(R)-Rolipram	Y-27632	0.5			False	False
DB00380	DB01380	Dexrazoxane	Cortisone acetate	0.5	V		True	False
DB11781	DB07594	Tosedostat	CCT-018159	0.5			False	False
DB11781	DB03756	Tosedostat	Doconexent	0.5			False	False
DB11781	DB01259	Tosedostat	Lapatinib	0.5		L	False	False
DB11781	DB08916	Tosedostat	Afatinib	0.5		L	False	False
DB11781	DB07996	Tosedostat	5-(2-methylpiperazine-1-sulfonyl)isoquinoline	0.5			False	False
DB07859	DB02587	4-(4-CHLOROPHENYL)-4-[4-(1H-PYRAZOL-4-YL)PHENYL]PIPERIDINE	Colforsin	0.5			False	False
DB00694	DB00288	Daunorubicin	Amcinonide	0.5	L	D	False	False
DB00694	DB01380	Daunorubicin	Cortisone acetate	0.5	L		True	False
DB04149	DB08080	(R)-Rolipram	Latrunculin B	0.5			False	False
DB00530	DB00694	Erlotinib	Daunorubicin	0.5	L	L	False	False
DB05984	DB08895	RAF-265	Tofacitinib	0.5		L	False	False
DB05984	DB08877	RAF-265	Ruxolitinib	0.5		L	False	False
DB07594	DB01119	CCT-018159	Diazoxide	0.5		C, V, G	False	False
DB07557	DB01782	3,20-Pregnanedione	Pyrazolanthrone	0.5			False	False
DB05984	DB04599	RAF-265	Aniracetam	0.5		N	False	False
DB07080	DB08080	TO-901317	Latrunculin B	0.5			False	False
DB03496	DB00243	Alvocidib	Ranolazine	0.5		C	False	False
DB15399	DB00288	BMS-754807	Amcinonide	0.5		D	False	False
DB15399	DB14544	BMS-754807	Hydrocortisone valerate	0.5			False	False
DB01259	DB00243	Lapatinib	Ranolazine	0.5	L	C	False	False
DB03496	DB00482	Alvocidib	Celecoxib	0.5		M, C, G, L	False	False
DB11781	DB07997	Tosedostat	N-[2-(METHYLAMINO)ETHYL]-5-ISOQUINOLINESULFONAMIDE	0.5			False	False
DB04599	DB00288	Aniracetam	Amcinonide	0.5	N	D	False	False
DB05984	DB07080	RAF-265	TO-901317	0.5			False	False
DB04149	DB00288	(R)-Rolipram	Amcinonide	0.5		D	False	False
DB07995	DB00608	H-89	Chloroquine	0.5		P	False	False
DB07594	DB00243	CCT-018159	Ranolazine	0.5		C	False	False
DB00530	DB04149	Erlotinib	(R)-Rolipram	0.5	L		False	False
DB08059	DB02587	Wortmannin	Colforsin	0.5			False	False
DB00530	DB00773	Erlotinib	Etoposide	0.5	L	L	False	False
DB00530	DB00380	Erlotinib	Dexrazoxane	0.5	L	V	False	False
DB01092	DB08080	Ouabain	Latrunculin B	0.5	C		False	False
DB07080	DB00482	TO-901317	Celecoxib	0.5		M, C, G, L	False	False
DB12742	DB00659	Amuvatinib	Acamprosate	0.5		N	False	False
DB00380	DB00834	Dexrazoxane	Mifepristone	0.5	V	G	False	False
DB00380	DB14544	Dexrazoxane	Hydrocortisone valerate	0.5	V		False	False
DB05134	DB11781	Tanespimycin	Tosedostat	0.5			False	False
DB05134	DB08080	Tanespimycin	Latrunculin B	0.5			False	False
DB05134	DB00243	Tanespimycin	Ranolazine	0.5		C	False	False
DB00436	DB14649	Bendroflumethiazide	Dexamethasone acetate	0.5	C, G		True	False
DB00380	DB00288	Dexrazoxane	Amcinonide	0.5	V	D	False	False
DB04297	DB04149	Trichostatin A	(R)-Rolipram	0.5			False	False
DB05134	DB00631	Tanespimycin	Clofarabine	0.5		L	False	False
DB05134	DB07080	Tanespimycin	TO-901317	0.5			False	False
DB00619	DB00243	Imatinib	Ranolazine	0.5	L	C	False	False
DB00619	DB00436	Imatinib	Bendroflumethiazide	0.5	L	C, G	True	False
DB00380	DB01119	Dexrazoxane	Diazoxide	0.5	V	C, V, G	False	False
DB07080	DB00436	TO-901317	Bendroflumethiazide	0.5		C, G	False	False
DB07080	DB07594	TO-901317	CCT-018159	0.5			False	False
DB00243	DB08916	Ranolazine	Afatinib	0.5	C	L	False	False
DB05134	DB00393	Tanespimycin	Nimodipine	0.5		C	False	False
DB00834	DB08877	Mifepristone	Ruxolitinib	0.5	G	L	False	False
DB00631	DB08916	Clofarabine	Afatinib	0.5	L	L	False	False
DB04297	DB08877	Trichostatin A	Ruxolitinib	0.5		L	False	False
DB04297	DB00393	Trichostatin A	Nimodipine	0.5		C	False	False
DB08080	DB07997	Latrunculin B	N-[2-(METHYLAMINO)ETHYL]-5-ISOQUINOLINESULFONAMIDE	0.5			False	False
DB12500	DB01248	Fedratinib	Docetaxel	0.5	L	L	False	False
DB01234	DB00436	Dexamethasone	Bendroflumethiazide	0.5	C, A, S, R, H, D	C, G	True	False
DB00631	DB07997	Clofarabine	N-[2-(METHYLAMINO)ETHYL]-5-ISOQUINOLINESULFONAMIDE	0.5	L		False	False
DB00631	DB03756	Clofarabine	Doconexent	0.5	L		False	False
DB00631	DB01259	Clofarabine	Lapatinib	0.5	L	L	False	False
DB00631	DB07996	Clofarabine	5-(2-methylpiperazine-1-sulfonyl)isoquinoline	0.5	L		False	False
DB04297	DB04599	Trichostatin A	Aniracetam	0.5		N	False	False
DB00773	DB00834	Etoposide	Mifepristone	0.5	L	G	False	False
DB00694	DB01119	Daunorubicin	Diazoxide	0.5	L	C, V, G	False	False
DB00773	DB00631	Etoposide	Clofarabine	0.5	L	L	True	False
DB00773	DB11781	Etoposide	Tosedostat	0.5	L		False	False
DB07863	DB04297	2-chloro-5-nitro-N-phenylbenzamide	Trichostatin A	0.5			False	False
DB07863	DB11781	2-chloro-5-nitro-N-phenylbenzamide	Tosedostat	0.5			False	False
DB08895	DB08080	Tofacitinib	Latrunculin B	0.5	L		False	False
DB08895	DB00288	Tofacitinib	Amcinonide	0.5	L	D	False	False
DB08895	DB00243	Tofacitinib	Ranolazine	0.5	L	C	False	False
DB00630	DB05266	Alendronic acid	Ibudilast	0.5	M	R	False	False
DB08877	DB08080	Ruxolitinib	Latrunculin B	0.5	L		False	False
DB08895	DB01380	Tofacitinib	Cortisone acetate	0.5	L		False	False
DB00631	DB01393	Clofarabine	Bezafibrate	0.5	L	C	False	False
DB01393	DB00243	Bezafibrate	Ranolazine	0.5	C	C	False	False
DB04599	DB00243	Aniracetam	Ranolazine	0.5	N	C	False	False
DB01782	DB01016	Pyrazolanthrone	Glyburide	0.5		A	False	False
DB12500	DB08080	Fedratinib	Latrunculin B	0.5	L		False	False
DB07080	DB01119	TO-901317	Diazoxide	0.5		C, V, G	False	False
DB15399	DB11781	BMS-754807	Tosedostat	0.5			False	False
DB00717	DB12742	Norethisterone	Amuvatinib	0.5	G		False	False
DB15399	DB08080	BMS-754807	Latrunculin B	0.5			False	False
DB00280	DB06486	Disopyramide	Enzastaurin	0.5	C		False	False
DB04599	DB01380	Aniracetam	Cortisone acetate	0.5	N		False	False
DB00834	DB00619	Mifepristone	Imatinib	0.5	G	L	False	False
DB03756	DB01119	Doconexent	Diazoxide	0.5		C, V, G	False	False
DB01393	DB00436	Bezafibrate	Bendroflumethiazide	0.5	C	C, G	False	False
DB05984	DB04149	RAF-265	(R)-Rolipram	0.5			False	False
DB01393	DB01119	Bezafibrate	Diazoxide	0.5	C	C, V, G	False	False
DB00631	DB07080	Clofarabine	TO-901317	0.5	L		False	False
DB08073	DB00436	(2S)-1-(1H-INDOL-3-YL)-3-{[5-(3-METHYL-1H-INDAZOL-5-YL)PYRIDIN-3-YL]OXY}PROPAN-2-AMINE	Bendroflumethiazide	0.5		C, G	False	False
DB06152	DB04599	Nylidrin	Aniracetam	0.5	C, G	N	False	False
DB00631	DB08895	Clofarabine	Tofacitinib	0.5	L	L	False	False
DB00631	DB08877	Clofarabine	Ruxolitinib	0.5	L	L	True	False
DB08756	DB08080	Y-27632	Latrunculin B	0.5			False	False
DB04297	DB08895	Trichostatin A	Tofacitinib	0.5		L	False	False
DB04297	DB01092	Trichostatin A	Ouabain	0.5		C	False	False
DB11886	DB00588	Infigratinib	Fluticasone propionate	0.5			False	False
DB05984	DB03756	RAF-265	Doconexent	0.5			False	False
DB01013	DB12742	Clobetasol propionate	Amuvatinib	0.5			False	False
DB00631	DB07594	Clofarabine	CCT-018159	0.5	L		False	False
DB00631	DB08756	Clofarabine	Y-27632	0.5	L		False	False
DB00631	DB01092	Clofarabine	Ouabain	0.5	L	C	False	False
DB08175	DB12742	(2E,4E)-11-METHOXY-3,7,11-TRIMETHYLDODECA-2,4-DIENOIC ACID	Amuvatinib	0.5			False	False
DB00631	DB04149	Clofarabine	(R)-Rolipram	0.5	L		False	False
DB15399	DB00631	BMS-754807	Clofarabine	0.5		L	False	False
DB00380	DB00631	Dexrazoxane	Clofarabine	0.5	V	L	True	False
DB01222	DB08895	Budesonide	Tofacitinib	0.5	A, R, D	L	False	False
DB01222	DB08877	Budesonide	Ruxolitinib	0.5	A, R, D	L	False	False
DB01222	DB04149	Budesonide	(R)-Rolipram	0.5	A, R, D		False	False
DB05294	DB00622	Vandetanib	Nicardipine	0.5	L	C	False	False
DB15399	DB01380	BMS-754807	Cortisone acetate	0.5			False	False
DB11781	DB08877	Tosedostat	Ruxolitinib	0.5		L	False	False
DB00749	DB12742	Etodolac	Amuvatinib	0.5	M		False	False
DB00834	DB08895	Mifepristone	Tofacitinib	0.5	G	L	False	False
DB02587	DB00588	Colforsin	Fluticasone propionate	0.5			False	False
DB08059	DB07859	Wortmannin	4-(4-CHLOROPHENYL)-4-[4-(1H-PYRAZOL-4-YL)PHENYL]PIPERIDINE	0.5			False	False
DB08059	DB08073	Wortmannin	(2S)-1-(1H-INDOL-3-YL)-3-{[5-(3-METHYL-1H-INDAZOL-5-YL)PYRIDIN-3-YL]OXY}PROPAN-2-AMINE	0.5			False	False
DB08877	DB00482	Ruxolitinib	Celecoxib	0.5	L	M, C, G, L	False	False
DB08877	DB01380	Ruxolitinib	Cortisone acetate	0.5	L		False	False
DB06152	DB00243	Nylidrin	Ranolazine	0.5	C, G	C	False	False
DB04297	DB03756	Trichostatin A	Doconexent	0.5			False	False
DB11781	DB04149	Tosedostat	(R)-Rolipram	0.5			False	False
DB11781	DB08756	Tosedostat	Y-27632	0.5			False	False
DB11781	DB08895	Tosedostat	Tofacitinib	0.5		L	False	False
DB00630	DB08912	Alendronic acid	Dabrafenib	0.5	M	L	False	False
DB12500	DB01229	Fedratinib	Paclitaxel	0.5	L	L	False	False
DB05984	DB01393	RAF-265	Bezafibrate	0.5		C	False	False
DB01092	DB08916	Ouabain	Afatinib	0.5	C	L	False	False
DB04599	DB00834	Aniracetam	Mifepristone	0.5	N	G	False	False
DB07859	DB01016	4-(4-CHLOROPHENYL)-4-[4-(1H-PYRAZOL-4-YL)PHENYL]PIPERIDINE	Glyburide	0.5		A	False	False
DB04149	DB00834	(R)-Rolipram	Mifepristone	0.5		G	False	False
DB00694	DB04297	Daunorubicin	Trichostatin A	0.5	L		False	False
DB00694	DB11781	Daunorubicin	Tosedostat	0.5	L		False	False
DB00694	DB00631	Daunorubicin	Clofarabine	0.5	L	L	True	False
DB00694	DB00834	Daunorubicin	Mifepristone	0.5	L	G	False	False
DB07859	DB01782	4-(4-CHLOROPHENYL)-4-[4-(1H-PYRAZOL-4-YL)PHENYL]PIPERIDINE	Pyrazolanthrone	0.5			False	False
DB08912	DB00622	Dabrafenib	Nicardipine	0.5	L	C	False	False
DB08073	DB02587	(2S)-1-(1H-INDOL-3-YL)-3-{[5-(3-METHYL-1H-INDAZOL-5-YL)PYRIDIN-3-YL]OXY}PROPAN-2-AMINE	Colforsin	0.5			False	False
DB00393	DB07594	Nimodipine	CCT-018159	0.5	C		False	False
DB00393	DB07997	Nimodipine	N-[2-(METHYLAMINO)ETHYL]-5-ISOQUINOLINESULFONAMIDE	0.5	C		False	False
DB11781	DB01393	Tosedostat	Bezafibrate	0.5		C	False	False
DB00694	DB14544	Daunorubicin	Hydrocortisone valerate	0.5	L		False	False
DB07863	DB05984	2-chloro-5-nitro-N-phenylbenzamide	RAF-265	0.5			False	False
DB07863	DB00631	2-chloro-5-nitro-N-phenylbenzamide	Clofarabine	0.5		L	False	False
DB07863	DB08916	2-chloro-5-nitro-N-phenylbenzamide	Afatinib	0.5		L	False	False
DB01222	DB15399	Budesonide	BMS-754807	0.5	A, R, D		False	False
DB01092	DB00482	Ouabain	Celecoxib	0.5	C	M, C, G, L	False	False
DB00393	DB07996	Nimodipine	5-(2-methylpiperazine-1-sulfonyl)isoquinoline	0.5	C		False	False
DB15399	DB00834	BMS-754807	Mifepristone	0.5		G	False	False
DB07859	DB00436	4-(4-CHLOROPHENYL)-4-[4-(1H-PYRAZOL-4-YL)PHENYL]PIPERIDINE	Bendroflumethiazide	0.5		C, G	False	False
DB07080	DB02052	TO-901317	Indirubin-3'-monoxime	0.4999999999999998			False	False
DB01782	DB12695	Pyrazolanthrone	Phenethyl Isothiocyanate	0.49965986394557826			False	False
DB00313	DB01388	Valproic acid	Mibefradil	0.4994949494949492	N	C	True	False
DB01115	DB02659	Nifedipine	Cholic Acid	0.4994868637110017	C	A	False	False
DB01054	DB12695	Nitrendipine	Phenethyl Isothiocyanate	0.4992673992673995	C		False	False
DB01782	DB00159	Pyrazolanthrone	Icosapent	0.49848484848484853			False	False
DB01782	DB06195	Pyrazolanthrone	Seliciclib	0.4967532467532467			False	False
DB03374	DB00412	3,5-Diiodotyrosine	Rosiglitazone	0.4967532467532467		A	False	False
DB03758	DB00459	Radicicol	Acitretin	0.4967532467532467		D	False	False
DB06195	DB03374	Seliciclib	3,5-Diiodotyrosine	0.4967532467532467			False	False
DB03374	DB00836	3,5-Diiodotyrosine	Loperamide	0.4967532467532467		A	False	False
DB03374	DB01645	3,5-Diiodotyrosine	Genistein	0.49660633484162897			False	False
DB01092	DB00421	Ouabain	Spironolactone	0.49615384615384617	C	C	False	False
DB01016	DB14649	Glyburide	Dexamethasone acetate	0.49615384615384617	A		True	False
DB01234	DB01016	Dexamethasone	Glyburide	0.49615384615384617	C, A, S, R, H, D	A	True	False
DB01782	DB04216	Pyrazolanthrone	Quercetin	0.4961170848267622			False	False
DB07080	DB01023	TO-901317	Felodipine	0.49595141700404843		C	False	False
DB01013	DB12695	Clobetasol propionate	Phenethyl Isothiocyanate	0.49583333333333335			False	False
DB01268	DB00162	Sunitinib	Vitamin A	0.4940217391304349	L	A, S, R, D, V	False	False
DB00132	DB12695	alpha-Linolenic acid	Phenethyl Isothiocyanate	0.4933982683982683			False	False
DB07995	DB01016	H-89	Glyburide	0.49242424242424265		A	False	False
DB12500	DB01016	Fedratinib	Glyburide	0.49242424242424265	L	A	False	False
DB00749	DB01016	Etodolac	Glyburide	0.49242424242424265	M	A	False	False
DB08175	DB01016	(2E,4E)-11-METHOXY-3,7,11-TRIMETHYLDODECA-2,4-DIENOIC ACID	Glyburide	0.49242424242424265		A	False	False
DB11886	DB04216	Infigratinib	Quercetin	0.4920848267622462			False	False
DB02010	DB01016	Staurosporine	Glyburide	0.4917582417582418		A	False	False
DB01393	DB01088	Bezafibrate	Iloprost	0.4916666666666667	C	B	True	False
DB00280	DB00459	Disopyramide	Acitretin	0.4910714285714286	C	D	False	False
DB00608	DB08901	Chloroquine	Ponatinib	0.4904761904761905	P	L	False	False
DB08912	DB00210	Dabrafenib	Adapalene	0.4904761904761905	L	D	False	False
DB11886	DB00619	Infigratinib	Imatinib	0.4903846153846154		L	False	False
DB03496	DB00608	Alvocidib	Chloroquine	0.49019607843137236		P	False	False
DB01103	DB01388	Quinacrine	Mibefradil	0.48917748917748893	P	C	False	False
DB07995	DB00162	H-89	Vitamin A	0.4888888888888887		A, S, R, D, V	False	False
DB01013	DB00162	Clobetasol propionate	Vitamin A	0.4888888888888887		A, S, R, D, V	False	False
DB00717	DB00162	Norethisterone	Vitamin A	0.4888888888888887	G	A, S, R, D, V	False	False
DB02659	DB00412	Cholic Acid	Rosiglitazone	0.48809523809523814	A	A	False	False
DB03496	DB08912	Alvocidib	Dabrafenib	0.48750000000000004		L	False	False
DB01115	DB00818	Nifedipine	Propofol	0.48750000000000004	C	N	True	False
DB01115	DB01259	Nifedipine	Lapatinib	0.48750000000000004	C	L	True	False
DB12500	DB00280	Fedratinib	Disopyramide	0.4867424242424243	L	C	False	False
DB08175	DB00280	(2E,4E)-11-METHOXY-3,7,11-TRIMETHYLDODECA-2,4-DIENOIC ACID	Disopyramide	0.4867424242424243		C	False	False
DB00280	DB00659	Disopyramide	Acamprosate	0.4867424242424243	C	N	False	False
DB00749	DB00280	Etodolac	Disopyramide	0.4867424242424243	M	C	False	False
DB12695	DB07594	Phenethyl Isothiocyanate	CCT-018159	0.4865248226950354			False	False
DB05134	DB12695	Tanespimycin	Phenethyl Isothiocyanate	0.4865248226950354			False	False
DB00393	DB01088	Nimodipine	Iloprost	0.48611111111111116	C	B	False	False
DB00280	DB01645	Disopyramide	Genistein	0.48557692307692313	C		False	False
DB01782	DB08896	Pyrazolanthrone	Regorafenib	0.48484848484848464		L	False	False
DB00132	DB08901	alpha-Linolenic acid	Ponatinib	0.48414918414918406		L	False	False
DB03496	DB00459	Alvocidib	Acitretin	0.4841269841269842		D	False	False
DB00380	DB06195	Dexrazoxane	Seliciclib	0.4841269841269842	V		False	False
DB00773	DB06195	Etoposide	Seliciclib	0.4841269841269842	L		False	False
DB00694	DB06195	Daunorubicin	Seliciclib	0.4841269841269842	L		False	False
DB05134	DB00836	Tanespimycin	Loperamide	0.4841269841269842		A	False	False
DB00836	DB07594	Loperamide	CCT-018159	0.4841269841269842	A		False	False
DB06152	DB00459	Nylidrin	Acitretin	0.4841269841269842	C, G	D	False	False
DB15399	DB06195	BMS-754807	Seliciclib	0.4841269841269842			False	False
DB07557	DB00201	3,20-Pregnanedione	Caffeine	0.48412698412698396		R, V, N	False	False
DB00630	DB06486	Alendronic acid	Enzastaurin	0.4836538461538462	M		False	False
DB12500	DB02546	Fedratinib	Vorinostat	0.4833333333333334	L	L	False	False
DB00421	DB07996	Spironolactone	5-(2-methylpiperazine-1-sulfonyl)isoquinoline	0.48333333333333317	C		False	False
DB00421	DB07997	Spironolactone	N-[2-(METHYLAMINO)ETHYL]-5-ISOQUINOLINESULFONAMIDE	0.48333333333333317	C		False	False
DB15399	DB00675	BMS-754807	Tamoxifen	0.48333333333333317		L	False	False
DB15399	DB00421	BMS-754807	Spironolactone	0.48333333333333317		C	False	False
DB02010	DB00159	Staurosporine	Icosapent	0.483100233100233			False	False
DB12695	DB01088	Phenethyl Isothiocyanate	Iloprost	0.4828616352201258		B	False	False
DB07995	DB00132	H-89	alpha-Linolenic acid	0.4826839826839828			False	False
DB01023	DB00459	Felodipine	Acitretin	0.4824175824175825	C	D	False	False
DB12742	DB12695	Amuvatinib	Phenethyl Isothiocyanate	0.48235294117647065			False	False
DB01088	DB03756	Iloprost	Doconexent	0.4821428571428572	B		False	False
DB00619	DB00159	Imatinib	Icosapent	0.4818181818181817	L		False	False
DB00396	DB01088	Progesterone	Iloprost	0.4805555555555554	G	B	False	False
DB00201	DB01268	Caffeine	Sunitinib	0.47970779220779214	R, V, N	L	False	False
DB01023	DB11800	Felodipine	Tivozanib	0.47960372960372966	C	L	False	False
DB01054	DB08896	Nitrendipine	Regorafenib	0.47952380952380946	C	L	False	False
DB13956	DB07995	Estradiol valerate	H-89	0.47948717948717956			False	False
DB12500	DB13954	Fedratinib	Estradiol cypionate	0.47948717948717956	L		False	False
DB12500	DB13956	Fedratinib	Estradiol valerate	0.47948717948717956	L		False	False
DB12500	DB00396	Fedratinib	Progesterone	0.47948717948717956	L	G	False	False
DB07995	DB13954	H-89	Estradiol cypionate	0.47948717948717956			False	False
DB01229	DB00393	Paclitaxel	Nimodipine	0.4791666666666665	L	C	True	False
DB01248	DB00393	Docetaxel	Nimodipine	0.4791666666666665	L	C	False	False
DB00393	DB00608	Nimodipine	Chloroquine	0.4791666666666665	C	P	True	False
DB05134	DB00132	Tanespimycin	alpha-Linolenic acid	0.4790209790209792			False	False
DB00132	DB01259	alpha-Linolenic acid	Lapatinib	0.4790209790209792		L	False	False
DB00132	DB07594	alpha-Linolenic acid	CCT-018159	0.4790209790209792			False	False
DB00783	DB00588	Estradiol	Fluticasone propionate	0.4788961038961037	G		False	False
DB00630	DB01088	Alendronic acid	Iloprost	0.4788461538461537	M	B	True	False
DB01645	DB00436	Genistein	Bendroflumethiazide	0.4786324786324785		C, G	False	False
DB05294	DB00412	Vandetanib	Rosiglitazone	0.47857142857142865	L	A	False	False
DB00783	DB01088	Estradiol	Iloprost	0.47738095238095246	G	B	False	False
DB01016	DB08916	Glyburide	Afatinib	0.4772727272727273	A	L	False	False
DB02424	DB01054	Geldanamycin	Nitrendipine	0.4761904761904763		C	False	False
DB01013	DB03496	Clobetasol propionate	Alvocidib	0.4761904761904763			False	False
DB12500	DB01054	Fedratinib	Nitrendipine	0.4761904761904763	L	C	False	False
DB00749	DB00281	Etodolac	Lidocaine	0.4761904761904763	M	C, S, R, N, D	False	False
DB08175	DB00281	(2E,4E)-11-METHOXY-3,7,11-TRIMETHYLDODECA-2,4-DIENOIC ACID	Lidocaine	0.4761904761904763		C, S, R, N, D	False	False
DB00717	DB01054	Norethisterone	Nitrendipine	0.4761904761904763	G	C	False	False
DB01013	DB01054	Clobetasol propionate	Nitrendipine	0.4761904761904763		C	False	False
DB12500	DB14544	Fedratinib	Hydrocortisone valerate	0.4761904761904763	L		False	False
DB01054	DB00210	Nitrendipine	Adapalene	0.4761904761904763	C	D	False	False
DB04599	DB01103	Aniracetam	Quinacrine	0.47619047619047605	N	P	False	False
DB01023	DB02659	Felodipine	Cholic Acid	0.47597500538676996	C	A	False	False
DB00608	DB14649	Chloroquine	Dexamethasone acetate	0.4757575757575758	P		False	False
DB01234	DB00608	Dexamethasone	Chloroquine	0.4757575757575758	C, A, S, R, H, D	P	False	False
DB11886	DB03756	Infigratinib	Doconexent	0.4750000000000001			False	False
DB03496	DB00588	Alvocidib	Fluticasone propionate	0.4750000000000001			False	False
DB08059	DB03756	Wortmannin	Doconexent	0.4750000000000001			False	False
DB07863	DB04216	2-chloro-5-nitro-N-phenylbenzamide	Quercetin	0.4740740740740741			False	False
DB08073	DB06195	(2S)-1-(1H-INDOL-3-YL)-3-{[5-(3-METHYL-1H-INDAZOL-5-YL)PYRIDIN-3-YL]OXY}PROPAN-2-AMINE	Seliciclib	0.474025974025974			False	False
DB07859	DB06195	4-(4-CHLOROPHENYL)-4-[4-(1H-PYRAZOL-4-YL)PHENYL]PIPERIDINE	Seliciclib	0.474025974025974			False	False
DB08901	DB00588	Ponatinib	Fluticasone propionate	0.4732456140350878	L		False	False
DB00619	DB00783	Imatinib	Estradiol	0.4732142857142856	L	G	False	False
DB08912	DB01016	Dabrafenib	Glyburide	0.4730769230769232	L	A	False	False
DB08756	DB02010	Y-27632	Staurosporine	0.47285067873303155			False	False
DB02052	DB11800	Indirubin-3'-monoxime	Tivozanib	0.4728163992869874		L	False	False
DB07557	DB01119	3,20-Pregnanedione	Diazoxide	0.4722222222222223		C, V, G	False	False
DB00313	DB03374	Valproic acid	3,5-Diiodotyrosine	0.4722222222222223	N		False	False
DB11886	DB00132	Infigratinib	alpha-Linolenic acid	0.47196969696969715			False	False
DB11800	DB01119	Tivozanib	Diazoxide	0.47159090909090917	L	C, V, G	False	False
DB11800	DB00436	Tivozanib	Bendroflumethiazide	0.47159090909090917	L	C, G	False	False
DB00608	DB00132	Chloroquine	alpha-Linolenic acid	0.47147950089126556	P		False	False
DB07996	DB14649	5-(2-methylpiperazine-1-sulfonyl)isoquinoline	Dexamethasone acetate	0.4714285714285713			False	False
DB02546	DB07997	Vorinostat	N-[2-(METHYLAMINO)ETHYL]-5-ISOQUINOLINESULFONAMIDE	0.4714285714285713	L		False	False
DB01234	DB07997	Dexamethasone	N-[2-(METHYLAMINO)ETHYL]-5-ISOQUINOLINESULFONAMIDE	0.4714285714285713	C, A, S, R, H, D		False	False
DB14649	DB07997	Dexamethasone acetate	N-[2-(METHYLAMINO)ETHYL]-5-ISOQUINOLINESULFONAMIDE	0.4714285714285713			False	False
DB02546	DB07996	Vorinostat	5-(2-methylpiperazine-1-sulfonyl)isoquinoline	0.4714285714285713	L		False	False
DB15399	DB02546	BMS-754807	Vorinostat	0.4714285714285713		L	False	False
DB01234	DB07996	Dexamethasone	5-(2-methylpiperazine-1-sulfonyl)isoquinoline	0.4714285714285713	C, A, S, R, H, D		False	False
DB00622	DB02010	Nicardipine	Staurosporine	0.47032967032967044	C		False	False
DB08059	DB01023	Wortmannin	Felodipine	0.470022624434389		C	False	False
DB00393	DB00162	Nimodipine	Vitamin A	0.4700000000000002	C	A, S, R, D, V	False	False
DB00380	DB00210	Dexrazoxane	Adapalene	0.46969696969696995	V	D	False	False
DB00694	DB00210	Daunorubicin	Adapalene	0.46969696969696995	L	D	False	False
DB05134	DB00210	Tanespimycin	Adapalene	0.46969696969696995		D	False	False
DB00210	DB07594	Adapalene	CCT-018159	0.46969696969696995	D		False	False
DB00773	DB00210	Etoposide	Adapalene	0.46969696969696995	L	D	False	False
DB02546	DB08896	Vorinostat	Regorafenib	0.4688405797101449	L	L	False	False
DB00622	DB01088	Nicardipine	Iloprost	0.46847826086956545	C	B	False	False
DB02010	DB00659	Staurosporine	Acamprosate	0.46794871794871806		N	False	False
DB00396	DB07996	Progesterone	5-(2-methylpiperazine-1-sulfonyl)isoquinoline	0.4666666666666668	G		False	False
DB01229	DB00818	Paclitaxel	Propofol	0.4666666666666668	L	N	False	False
DB01013	DB08901	Clobetasol propionate	Ponatinib	0.4666666666666668		L	False	False
DB02546	DB01244	Vorinostat	Bepridil	0.4666666666666668	L	C	True	False
DB08912	DB13954	Dabrafenib	Estradiol cypionate	0.4666666666666668	L		False	False
DB08895	DB08912	Tofacitinib	Dabrafenib	0.4666666666666668	L	L	False	False
DB00631	DB08901	Clofarabine	Ponatinib	0.4666666666666668	L	L	True	False
DB13956	DB08912	Estradiol valerate	Dabrafenib	0.4666666666666668		L	False	False
DB07859	DB00818	4-(4-CHLOROPHENYL)-4-[4-(1H-PYRAZOL-4-YL)PHENYL]PIPERIDINE	Propofol	0.4666666666666668		N	False	False
DB01248	DB05266	Docetaxel	Ibudilast	0.4666666666666668	L	R	True	False
DB00396	DB07997	Progesterone	N-[2-(METHYLAMINO)ETHYL]-5-ISOQUINOLINESULFONAMIDE	0.4666666666666668	G		False	False
DB01248	DB00622	Docetaxel	Nicardipine	0.4666666666666668	L	C	False	False
DB08901	DB00436	Ponatinib	Bendroflumethiazide	0.4666666666666668	L	C, G	True	False
DB08756	DB00818	Y-27632	Propofol	0.4666666666666668		N	False	False
DB01229	DB00622	Paclitaxel	Nicardipine	0.4666666666666668	L	C	False	False
DB08877	DB08912	Ruxolitinib	Dabrafenib	0.4666666666666668	L	L	False	False
DB12742	DB05266	Amuvatinib	Ibudilast	0.4666666666666668		R	False	False
DB04297	DB08901	Trichostatin A	Ponatinib	0.4666666666666668		L	False	False
DB01229	DB05266	Paclitaxel	Ibudilast	0.4666666666666668	L	R	True	False
DB08073	DB00818	(2S)-1-(1H-INDOL-3-YL)-3-{[5-(3-METHYL-1H-INDAZOL-5-YL)PYRIDIN-3-YL]OXY}PROPAN-2-AMINE	Propofol	0.4666666666666668		N	False	False
DB01248	DB00818	Docetaxel	Propofol	0.4666666666666668	L	N	False	False
DB11781	DB08901	Tosedostat	Ponatinib	0.4666666666666668		L	False	False
DB12742	DB00818	Amuvatinib	Propofol	0.4666666666666668		N	False	False
DB02424	DB00622	Geldanamycin	Nicardipine	0.46666666666666656		C	False	False
DB01229	DB08877	Paclitaxel	Ruxolitinib	0.46666666666666656	L	L	False	False
DB01229	DB08895	Paclitaxel	Tofacitinib	0.46666666666666656	L	L	False	False
DB02052	DB03374	Indirubin-3'-monoxime	3,5-Diiodotyrosine	0.46666666666666656			False	False
DB08901	DB00162	Ponatinib	Vitamin A	0.46666666666666656	L	A, S, R, D, V	False	False
DB01248	DB08895	Docetaxel	Tofacitinib	0.46666666666666656	L	L	False	False
DB00717	DB00622	Norethisterone	Nicardipine	0.46666666666666656	G	C	False	False
DB08756	DB12742	Y-27632	Amuvatinib	0.46666666666666656			False	False
DB01248	DB08877	Docetaxel	Ruxolitinib	0.46666666666666656	L	L	False	False
DB07995	DB00622	H-89	Nicardipine	0.46666666666666656		C	False	False
DB01023	DB08916	Felodipine	Afatinib	0.46634615384615374	C	L	False	False
DB07863	DB01023	2-chloro-5-nitro-N-phenylbenzamide	Felodipine	0.46634615384615374		C	False	False
DB02659	DB12695	Cholic Acid	Phenethyl Isothiocyanate	0.4658008658008659	A		False	False
DB00210	DB01016	Adapalene	Glyburide	0.46568627450980404	D	A	False	False
DB01023	DB02052	Felodipine	Indirubin-3'-monoxime	0.46524966261808354	C		False	False
DB02587	DB00622	Colforsin	Nicardipine	0.46447368421052637		C	False	False
DB02424	DB02659	Geldanamycin	Cholic Acid	0.4642857142857144		A	False	False
DB01092	DB03374	Ouabain	3,5-Diiodotyrosine	0.4642857142857142	C		False	False
DB07863	DB03374	2-chloro-5-nitro-N-phenylbenzamide	3,5-Diiodotyrosine	0.4642857142857142			False	False
DB07863	DB03758	2-chloro-5-nitro-N-phenylbenzamide	Radicicol	0.4642857142857142			False	False
DB01013	DB08896	Clobetasol propionate	Regorafenib	0.4642857142857142		L	False	False
DB06589	DB01088	Pazopanib	Iloprost	0.4638888888888888	L	B	False	False
DB00622	DB01016	Nicardipine	Glyburide	0.46304347826086967	C	A	False	False
DB01023	DB01782	Felodipine	Pyrazolanthrone	0.46266968325791824	C		False	False
DB03496	DB14649	Alvocidib	Dexamethasone acetate	0.4624999999999999			False	False
DB00280	DB14649	Disopyramide	Dexamethasone acetate	0.4624999999999999	C		True	False
DB01234	DB03496	Dexamethasone	Alvocidib	0.4624999999999999	C, A, S, R, H, D		False	False
DB02546	DB00280	Vorinostat	Disopyramide	0.4624999999999999	L	C	False	False
DB01234	DB00280	Dexamethasone	Disopyramide	0.4624999999999999	C, A, S, R, H, D	C	True	False
DB05266	DB02010	Ibudilast	Staurosporine	0.4623931623931623	R		False	False
DB01013	DB00836	Clobetasol propionate	Loperamide	0.4619047619047618		A	False	False
DB07995	DB00459	H-89	Acitretin	0.4619047619047618		D	False	False
DB12500	DB06195	Fedratinib	Seliciclib	0.4619047619047618	L		False	False
DB01023	DB02010	Felodipine	Staurosporine	0.46153846153846145	C		False	False
DB11886	DB00396	Infigratinib	Progesterone	0.46071428571428585		G	False	False
DB02052	DB00412	Indirubin-3'-monoxime	Rosiglitazone	0.46062271062271076		A	False	False
DB02052	DB00459	Indirubin-3'-monoxime	Acitretin	0.46062271062271076		D	False	False
DB08073	DB01388	(2S)-1-(1H-INDOL-3-YL)-3-{[5-(3-METHYL-1H-INDAZOL-5-YL)PYRIDIN-3-YL]OXY}PROPAN-2-AMINE	Mibefradil	0.4606060606060607		C	False	False
DB07859	DB01388	4-(4-CHLOROPHENYL)-4-[4-(1H-PYRAZOL-4-YL)PHENYL]PIPERIDINE	Mibefradil	0.4606060606060607		C	False	False
DB08756	DB01388	Y-27632	Mibefradil	0.4606060606060607		C	False	False
DB02587	DB04216	Colforsin	Quercetin	0.4598267622461172			False	False
DB13956	DB06486	Estradiol valerate	Enzastaurin	0.45972222222222237			False	False
DB06486	DB13954	Enzastaurin	Estradiol cypionate	0.45972222222222237			False	False
DB08912	DB11800	Dabrafenib	Tivozanib	0.459090909090909	L	L	False	False
DB02659	DB01016	Cholic Acid	Glyburide	0.45853858784893275	A	A	False	False
DB01119	DB00659	Diazoxide	Acamprosate	0.4583333333333335	C, V, G	N	False	False
DB02424	DB01088	Geldanamycin	Iloprost	0.4583333333333335		B	False	False
DB08175	DB00243	(2E,4E)-11-METHOXY-3,7,11-TRIMETHYLDODECA-2,4-DIENOIC ACID	Ranolazine	0.4583333333333335		C	False	False
DB03758	DB01088	Radicicol	Iloprost	0.4583333333333335		B	False	False
DB01013	DB00436	Clobetasol propionate	Bendroflumethiazide	0.4583333333333335		C, G	True	False
DB01782	DB01088	Pyrazolanthrone	Iloprost	0.4583333333333335		B	False	False
DB07995	DB00436	H-89	Bendroflumethiazide	0.4583333333333335		C, G	False	False
DB12500	DB01119	Fedratinib	Diazoxide	0.4583333333333335	L	C, V, G	False	False
DB00749	DB01119	Etodolac	Diazoxide	0.4583333333333335	M	C, V, G	False	False
DB00608	DB08896	Chloroquine	Regorafenib	0.45833333333333326	P	L	False	False
DB07557	DB02010	3,20-Pregnanedione	Staurosporine	0.4581447963800904			False	False
DB02659	DB00482	Cholic Acid	Celecoxib	0.457875457875458	A	M, C, G, L	False	False
DB02659	DB01119	Cholic Acid	Diazoxide	0.457875457875458	A	C, V, G	False	False
DB00280	DB06589	Disopyramide	Pazopanib	0.4569444444444444	C	L	True	False
DB12500	DB01244	Fedratinib	Bepridil	0.45641025641025634	L	C	False	False
DB01244	DB00659	Bepridil	Acamprosate	0.45641025641025634	C	N	False	False
DB00749	DB01244	Etodolac	Bepridil	0.45641025641025634	M	C	False	False
DB08901	DB01016	Ponatinib	Glyburide	0.45579710144927543	L	A	False	False
DB07859	DB01234	4-(4-CHLOROPHENYL)-4-[4-(1H-PYRAZOL-4-YL)PHENYL]PIPERIDINE	Dexamethasone	0.4555555555555555		C, A, S, R, H, D	False	False
DB08073	DB01234	(2S)-1-(1H-INDOL-3-YL)-3-{[5-(3-METHYL-1H-INDAZOL-5-YL)PYRIDIN-3-YL]OXY}PROPAN-2-AMINE	Dexamethasone	0.4555555555555555		C, A, S, R, H, D	False	False
DB08073	DB14649	(2S)-1-(1H-INDOL-3-YL)-3-{[5-(3-METHYL-1H-INDAZOL-5-YL)PYRIDIN-3-YL]OXY}PROPAN-2-AMINE	Dexamethasone acetate	0.4555555555555555			False	False
DB07859	DB14649	4-(4-CHLOROPHENYL)-4-[4-(1H-PYRAZOL-4-YL)PHENYL]PIPERIDINE	Dexamethasone acetate	0.4555555555555555			False	False
DB01782	DB00162	Pyrazolanthrone	Vitamin A	0.4552631578947368		A, S, R, D, V	False	False
DB00132	DB04216	alpha-Linolenic acid	Quercetin	0.4552542973595606			False	False
DB03496	DB00159	Alvocidib	Icosapent	0.45454545454545436			False	False
DB01023	DB00818	Felodipine	Propofol	0.453846153846154	C	N	False	False
DB01023	DB01259	Felodipine	Lapatinib	0.4538461538461538	C	L	False	False
DB08896	DB00210	Regorafenib	Adapalene	0.4537037037037037	L	D	False	False
DB08896	DB00313	Regorafenib	Valproic acid	0.4537037037037037	L	N	False	False
DB00412	DB04216	Rosiglitazone	Quercetin	0.4536258948023655	A		False	False
DB00201	DB00659	Caffeine	Acamprosate	0.45308123249299714	R, V, N	N	False	False
DB08912	DB00588	Dabrafenib	Fluticasone propionate	0.4527777777777777	L		False	False
DB05294	DB00588	Vandetanib	Fluticasone propionate	0.4527777777777777	L		False	False
DB02587	DB08912	Colforsin	Dabrafenib	0.4527777777777777		L	False	False
DB00608	DB01388	Chloroquine	Mibefradil	0.45276292335115853	P	C	True	False
DB00783	DB00436	Estradiol	Bendroflumethiazide	0.4523809523809521	G	C, G	False	False
DB02659	DB01645	Cholic Acid	Genistein	0.45108812755871575	A		False	False
DB00421	DB05266	Spironolactone	Ibudilast	0.4500000000000002	C	R	True	False
DB00631	DB01016	Clofarabine	Glyburide	0.4500000000000002	L	A	False	False
DB03374	DB03756	3,5-Diiodotyrosine	Doconexent	0.44999999999999996			False	False
DB00630	DB07557	Alendronic acid	3,20-Pregnanedione	0.44999999999999996	M		False	False
DB01234	DB00162	Dexamethasone	Vitamin A	0.44999999999999996	C, A, S, R, H, D	A, S, R, D, V	False	False
DB00630	DB00393	Alendronic acid	Nimodipine	0.44999999999999996	M	C	False	False
DB01016	DB01259	Glyburide	Lapatinib	0.44999999999999996	A	L	False	False
DB06589	DB01380	Pazopanib	Cortisone acetate	0.44999999999999996	L		False	False
DB01016	DB07594	Glyburide	CCT-018159	0.44999999999999996	A		False	False
DB00162	DB14649	Vitamin A	Dexamethasone acetate	0.44999999999999996	A, S, R, D, V		False	False
DB07557	DB01244	3,20-Pregnanedione	Bepridil	0.44999999999999996		C	False	False
DB00630	DB01782	Alendronic acid	Pyrazolanthrone	0.44999999999999996	M		False	False
DB01782	DB01244	Pyrazolanthrone	Bepridil	0.44999999999999996		C	False	False
DB06589	DB01119	Pazopanib	Diazoxide	0.44999999999999996	L	C, V, G	False	False
DB06589	DB00243	Pazopanib	Ranolazine	0.44999999999999996	L	C	False	False
DB06589	DB00288	Pazopanib	Amcinonide	0.44999999999999996	L	D	False	False
DB00630	DB01016	Alendronic acid	Glyburide	0.44999999999999996	M	A	False	False
DB08877	DB06589	Ruxolitinib	Pazopanib	0.44999999999999996	L	L	False	False
DB01222	DB06589	Budesonide	Pazopanib	0.44999999999999996	A, R, D	L	False	False
DB07594	DB01244	CCT-018159	Bepridil	0.44999999999999996		C	False	False
DB11781	DB06589	Tosedostat	Pazopanib	0.44999999999999996		L	False	False
DB05134	DB01244	Tanespimycin	Bepridil	0.44999999999999996		C	False	False
DB00630	DB03758	Alendronic acid	Radicicol	0.44999999999999996	M		False	False
DB00630	DB06589	Alendronic acid	Pazopanib	0.44999999999999996	M	L	False	False
DB00630	DB08916	Alendronic acid	Afatinib	0.44999999999999996	M	L	False	False
DB04297	DB06589	Trichostatin A	Pazopanib	0.44999999999999996		L	False	False
DB05134	DB01016	Tanespimycin	Glyburide	0.44999999999999996		A	False	False
DB08895	DB06589	Tofacitinib	Pazopanib	0.44999999999999996	L	L	False	False
DB07859	DB00210	4-(4-CHLOROPHENYL)-4-[4-(1H-PYRAZOL-4-YL)PHENYL]PIPERIDINE	Adapalene	0.4487179487179489		D	False	False
DB08073	DB00210	(2S)-1-(1H-INDOL-3-YL)-3-{[5-(3-METHYL-1H-INDAZOL-5-YL)PYRIDIN-3-YL]OXY}PROPAN-2-AMINE	Adapalene	0.4487179487179489		D	False	False
DB00280	DB01388	Disopyramide	Mibefradil	0.4476674641148326	C	C	False	False
DB02659	DB00210	Cholic Acid	Adapalene	0.4476190476190478	A	D	False	False
DB01054	DB01268	Nitrendipine	Sunitinib	0.4470238095238095	C	L	False	False
DB01268	DB00281	Sunitinib	Lidocaine	0.4470238095238095	L	C, S, R, N, D	False	False
DB02587	DB08916	Colforsin	Afatinib	0.4464285714285714		L	False	False
DB07863	DB08059	2-chloro-5-nitro-N-phenylbenzamide	Wortmannin	0.4464285714285714			False	False
DB01023	DB03496	Felodipine	Alvocidib	0.4455128205128205	C		False	False
DB03758	DB00622	Radicicol	Nicardipine	0.4447368421052631		C	False	False
DB02052	DB08912	Indirubin-3'-monoxime	Dabrafenib	0.4439393939393941		L	False	False
DB02052	DB05266	Indirubin-3'-monoxime	Ibudilast	0.4439393939393941		R	False	False
DB11886	DB00313	Infigratinib	Valproic acid	0.4433760683760686		N	False	False
DB02587	DB00313	Colforsin	Valproic acid	0.4433760683760686		N	False	False
DB00393	DB00836	Nimodipine	Loperamide	0.4432773109243697	C	A	False	False
DB01054	DB05294	Nitrendipine	Vandetanib	0.44285714285714306	C	L	True	False
DB01054	DB05266	Nitrendipine	Ibudilast	0.44285714285714306	C	R	False	False
DB11781	DB00818	Tosedostat	Propofol	0.44285714285714284		N	False	False
DB00631	DB00818	Clofarabine	Propofol	0.44285714285714284	L	N	True	False
DB05984	DB00818	RAF-265	Propofol	0.44285714285714284		N	False	False
DB04297	DB00818	Trichostatin A	Propofol	0.44285714285714284		N	False	False
DB00162	DB01388	Vitamin A	Mibefradil	0.4426573426573426	A, S, R, D, V	C	False	False
DB00631	DB04216	Clofarabine	Quercetin	0.44189016602809694	L		False	False
DB02587	DB02546	Colforsin	Vorinostat	0.44166666666666665		L	False	False
DB08080	DB01388	Latrunculin B	Mibefradil	0.4415584415584417		C	False	False
DB01023	DB08896	Felodipine	Regorafenib	0.44148056244830425	C	L	False	False
DB00608	DB00836	Chloroquine	Loperamide	0.4413919413919416	P	A	False	False
DB01268	DB02010	Sunitinib	Staurosporine	0.44116300366300365	L		False	False
DB08059	DB12695	Wortmannin	Phenethyl Isothiocyanate	0.4409863945578232			False	False
DB01054	DB11800	Nitrendipine	Tivozanib	0.4408369408369408	C	L	False	False
DB08175	DB04216	(2E,4E)-11-METHOXY-3,7,11-TRIMETHYLDODECA-2,4-DIENOIC ACID	Quercetin	0.4407407407407409			False	False
DB01013	DB04216	Clobetasol propionate	Quercetin	0.4407407407407409			False	False
DB00631	DB00132	Clofarabine	alpha-Linolenic acid	0.44055944055944085	L		False	False
DB11781	DB00132	Tosedostat	alpha-Linolenic acid	0.44055944055944085			False	False
DB05984	DB00132	RAF-265	alpha-Linolenic acid	0.44055944055944085			False	False
DB07557	DB07995	3,20-Pregnanedione	H-89	0.4404761904761907			False	False
DB00622	DB13954	Nicardipine	Estradiol cypionate	0.44000000000000017	C		False	False
DB13956	DB00622	Estradiol valerate	Nicardipine	0.44000000000000017		C	False	False
DB11886	DB00412	Infigratinib	Rosiglitazone	0.43993506493506507		A	False	False
DB08059	DB06195	Wortmannin	Seliciclib	0.43993506493506507			False	False
DB05294	DB00280	Vandetanib	Disopyramide	0.43942307692307714	L	C	True	False
DB00280	DB05266	Disopyramide	Ibudilast	0.43942307692307714	C	R	False	False
DB08896	DB03374	Regorafenib	3,5-Diiodotyrosine	0.4393939393939392	L		False	False
DB00313	DB00622	Valproic acid	Nicardipine	0.4388888888888889	N	C	False	False
DB07557	DB05294	3,20-Pregnanedione	Vandetanib	0.4388888888888889		L	False	False
DB00280	DB00588	Disopyramide	Fluticasone propionate	0.4375	C		True	False
DB08756	DB01115	Y-27632	Nifedipine	0.4375		C	False	False
DB01115	DB06486	Nifedipine	Enzastaurin	0.4375	C		False	False
DB00834	DB01268	Mifepristone	Sunitinib	0.4375	G	L	False	False
DB07859	DB01115	4-(4-CHLOROPHENYL)-4-[4-(1H-PYRAZOL-4-YL)PHENYL]PIPERIDINE	Nifedipine	0.4375		C	False	False
DB01115	DB01088	Nifedipine	Iloprost	0.4375	C	B	True	False
DB01222	DB01268	Budesonide	Sunitinib	0.4375	A, R, D	L	True	False
DB01268	DB01088	Sunitinib	Iloprost	0.4375	L	B	False	False
DB08756	DB06486	Y-27632	Enzastaurin	0.4375			False	False
DB08073	DB01115	(2S)-1-(1H-INDOL-3-YL)-3-{[5-(3-METHYL-1H-INDAZOL-5-YL)PYRIDIN-3-YL]OXY}PROPAN-2-AMINE	Nifedipine	0.4375		C	False	False
DB01268	DB00288	Sunitinib	Amcinonide	0.4375	L	D	True	False
DB15399	DB06486	BMS-754807	Enzastaurin	0.4375			False	False
DB01268	DB01380	Sunitinib	Cortisone acetate	0.4375	L		True	False
DB06486	DB00436	Enzastaurin	Bendroflumethiazide	0.4375		C, G	False	False
DB00631	DB01268	Clofarabine	Sunitinib	0.4375	L	L	True	False
DB08059	DB00280	Wortmannin	Disopyramide	0.4375		C	False	False
DB11781	DB01268	Tosedostat	Sunitinib	0.4375		L	False	False
DB06486	DB01088	Enzastaurin	Iloprost	0.4375		B	False	False
DB06486	DB00243	Enzastaurin	Ranolazine	0.4375		C	False	False
DB01088	DB01016	Iloprost	Glyburide	0.4375	B	A	False	False
DB00280	DB01268	Disopyramide	Sunitinib	0.4375	C	L	True	False
DB04297	DB01268	Trichostatin A	Sunitinib	0.4375		L	False	False
DB00162	DB01016	Vitamin A	Glyburide	0.43695652173913047	A, S, R, D, V	A	False	False
DB00619	DB01244	Imatinib	Bepridil	0.4368421052631579	L	C	True	False
DB01393	DB04216	Bezafibrate	Quercetin	0.4368191721132897	C		False	False
DB01115	DB08901	Nifedipine	Ponatinib	0.4367753623188406	C	L	False	False
DB00313	DB02659	Valproic acid	Cholic Acid	0.4365079365079365	N	A	False	False
DB08080	DB00132	Latrunculin B	alpha-Linolenic acid	0.4350649350649354			False	False
DB00421	DB02659	Spironolactone	Cholic Acid	0.43417818740399383	C	A	False	False
DB00836	DB01388	Loperamide	Mibefradil	0.4336219336219336	A	C	False	False
DB00717	DB07996	Norethisterone	5-(2-methylpiperazine-1-sulfonyl)isoquinoline	0.43333333333333357	G		False	False
DB12695	DB14649	Phenethyl Isothiocyanate	Dexamethasone acetate	0.43333333333333357			False	False
DB00717	DB07997	Norethisterone	N-[2-(METHYLAMINO)ETHYL]-5-ISOQUINOLINESULFONAMIDE	0.43333333333333357	G		False	False
DB00749	DB07997	Etodolac	N-[2-(METHYLAMINO)ETHYL]-5-ISOQUINOLINESULFONAMIDE	0.43333333333333357	M		False	False
DB00749	DB07996	Etodolac	5-(2-methylpiperazine-1-sulfonyl)isoquinoline	0.43333333333333357	M		False	False
DB01234	DB12695	Dexamethasone	Phenethyl Isothiocyanate	0.43333333333333357	C, A, S, R, H, D		False	False
DB08912	DB12695	Dabrafenib	Phenethyl Isothiocyanate	0.43333333333333335	L		False	False
DB00630	DB13956	Alendronic acid	Estradiol valerate	0.43333333333333335	M		False	False
DB00630	DB13954	Alendronic acid	Estradiol cypionate	0.43333333333333335	M		False	False
DB01023	DB00412	Felodipine	Rosiglitazone	0.43241758241758266	C	A	False	False
DB00396	DB01388	Progesterone	Mibefradil	0.432034632034632	G	C	False	False
DB00393	DB00159	Nimodipine	Icosapent	0.43181818181818166	C		False	False
DB08175	DB01115	(2E,4E)-11-METHOXY-3,7,11-TRIMETHYLDODECA-2,4-DIENOIC ACID	Nifedipine	0.42992424242424265		C	False	False
DB12500	DB01115	Fedratinib	Nifedipine	0.42992424242424265	L	C	False	False
DB05266	DB06486	Ibudilast	Enzastaurin	0.42980769230769234	R		False	False
DB11800	DB01088	Tivozanib	Iloprost	0.4288277511961722	L	B	False	False
DB01054	DB00836	Nitrendipine	Loperamide	0.4285714285714288	C	A	False	False
DB08080	DB00412	Latrunculin B	Rosiglitazone	0.4285714285714286		A	False	False
DB08080	DB00459	Latrunculin B	Acitretin	0.4285714285714286		D	False	False
DB08080	DB00836	Latrunculin B	Loperamide	0.4285714285714286		A	False	False
DB03758	DB00393	Radicicol	Nimodipine	0.4285714285714286		C	False	False
DB00412	DB01119	Rosiglitazone	Diazoxide	0.4285714285714286	A	C, V, G	False	False
DB00412	DB00436	Rosiglitazone	Bendroflumethiazide	0.4285714285714286	A	C, G	False	False
DB00836	DB00482	Loperamide	Celecoxib	0.4285714285714286	A	M, C, G, L	False	False
DB11781	DB00412	Tosedostat	Rosiglitazone	0.4285714285714286		A	False	False
DB00201	DB07996	Caffeine	5-(2-methylpiperazine-1-sulfonyl)isoquinoline	0.4285714285714286	R, V, N		False	False
DB11781	DB00459	Tosedostat	Acitretin	0.4285714285714286		D	False	False
DB04297	DB00459	Trichostatin A	Acitretin	0.4285714285714286		D	False	False
DB05984	DB00412	RAF-265	Rosiglitazone	0.4285714285714286		A	False	False
DB05984	DB00459	RAF-265	Acitretin	0.4285714285714286		D	False	False
DB08756	DB08916	Y-27632	Afatinib	0.4285714285714286		L	False	False
DB00631	DB00459	Clofarabine	Acitretin	0.4285714285714286	L	D	False	False
DB00631	DB00412	Clofarabine	Rosiglitazone	0.4285714285714286	L	A	False	False
DB00631	DB00836	Clofarabine	Loperamide	0.4285714285714286	L	A	False	False
DB01393	DB00281	Bezafibrate	Lidocaine	0.4285714285714286	C	C, S, R, N, D	False	False
DB00836	DB00783	Loperamide	Estradiol	0.4285714285714286	A	G	False	False
DB00201	DB07594	Caffeine	CCT-018159	0.4285714285714286	R, V, N		False	False
DB00459	DB00243	Acitretin	Ranolazine	0.4285714285714286	D	C	False	False
DB04297	DB00836	Trichostatin A	Loperamide	0.4285714285714286		A	False	False
DB00412	DB00243	Rosiglitazone	Ranolazine	0.4285714285714286	A	C	False	False
DB05134	DB00201	Tanespimycin	Caffeine	0.4285714285714286		R, V, N	False	False
DB00459	DB00482	Acitretin	Celecoxib	0.4285714285714286	D	M, C, G, L	False	False
DB00459	DB01119	Acitretin	Diazoxide	0.4285714285714286	D	C, V, G	False	False
DB00201	DB07997	Caffeine	N-[2-(METHYLAMINO)ETHYL]-5-ISOQUINOLINESULFONAMIDE	0.4285714285714286	R, V, N		False	False
DB01092	DB06195	Ouabain	Seliciclib	0.4285714285714286	C		False	False
DB07863	DB03496	2-chloro-5-nitro-N-phenylbenzamide	Alvocidib	0.4285714285714286			False	False
DB05984	DB00836	RAF-265	Loperamide	0.4285714285714286		A	False	False
DB06195	DB00243	Seliciclib	Ranolazine	0.4285714285714286		C	False	False
DB01054	DB08901	Nitrendipine	Ponatinib	0.4277056277056277	C	L	False	False
DB00201	DB11800	Caffeine	Tivozanib	0.42766233766233763	R, V, N	L	False	False
DB02052	DB00132	Indirubin-3'-monoxime	alpha-Linolenic acid	0.42736185383244196			False	False
DB00630	DB01388	Alendronic acid	Mibefradil	0.42727272727272725	M	C	False	False
DB00675	DB00619	Tamoxifen	Imatinib	0.4263157894736842	L	L	False	False
DB00280	DB00132	Disopyramide	alpha-Linolenic acid	0.42613636363636376	C		False	False
DB07863	DB05294	2-chloro-5-nitro-N-phenylbenzamide	Vandetanib	0.42500000000000004		L	False	False
DB12500	DB01023	Fedratinib	Felodipine	0.4246794871794872	L	C	False	False
DB01023	DB00659	Felodipine	Acamprosate	0.4246794871794872	C	N	False	False
DB08175	DB01023	(2E,4E)-11-METHOXY-3,7,11-TRIMETHYLDODECA-2,4-DIENOIC ACID	Felodipine	0.4246794871794872		C	False	False
DB00749	DB01023	Etodolac	Felodipine	0.4246794871794872	M	C	False	False
DB11886	DB00159	Infigratinib	Icosapent	0.42348484848484835			False	False
DB02587	DB00159	Colforsin	Icosapent	0.42348484848484835			False	False
DB00631	DB01645	Clofarabine	Genistein	0.42307692307692313	L		False	False
DB08059	DB07995	Wortmannin	H-89	0.42261904761904767			False	False
DB00749	DB11886	Etodolac	Infigratinib	0.42261904761904767	M		False	False
DB08059	DB00659	Wortmannin	Acamprosate	0.42261904761904767		N	False	False
DB08059	DB00717	Wortmannin	Norethisterone	0.42261904761904767		G	False	False
DB07995	DB00588	H-89	Fluticasone propionate	0.42261904761904767			False	False
DB02587	DB12500	Colforsin	Fedratinib	0.42261904761904767		L	False	False
DB00717	DB11886	Norethisterone	Infigratinib	0.42261904761904767	G		False	False
DB12500	DB00588	Fedratinib	Fluticasone propionate	0.42261904761904767	L		False	False
DB12500	DB11886	Fedratinib	Infigratinib	0.42261904761904767	L		False	False
DB02052	DB00159	Indirubin-3'-monoxime	Icosapent	0.42201426024955424			False	False
DB06152	DB01054	Nylidrin	Nitrendipine	0.4206349206349205	C, G	C	False	False
DB15399	DB00281	BMS-754807	Lidocaine	0.4206349206349205		C, S, R, N, D	False	False
DB00412	DB01088	Rosiglitazone	Iloprost	0.4202380952380953	A	B	False	False
DB00459	DB01088	Acitretin	Iloprost	0.4202380952380953	D	B	False	False
DB00675	DB00622	Tamoxifen	Nicardipine	0.42000000000000015	L	C	False	False
DB02659	DB01244	Cholic Acid	Bepridil	0.41966205837173565	A	C	False	False
DB07996	DB01388	5-(2-methylpiperazine-1-sulfonyl)isoquinoline	Mibefradil	0.4195804195804196		C	False	False
DB07997	DB01388	N-[2-(METHYLAMINO)ETHYL]-5-ISOQUINOLINESULFONAMIDE	Mibefradil	0.4195804195804196		C	False	False
DB00818	DB00783	Propofol	Estradiol	0.4190476190476191	N	G	False	False
DB07995	DB00783	H-89	Estradiol	0.4190476190476191		G	False	False
DB08912	DB00783	Dabrafenib	Estradiol	0.4190476190476191	L	G	False	False
DB12500	DB00783	Fedratinib	Estradiol	0.4190476190476191	L	G	False	False
DB00608	DB00622	Chloroquine	Nicardipine	0.4190476190476191	P	C	False	False
DB01013	DB00783	Clobetasol propionate	Estradiol	0.4190476190476191		G	False	False
DB08073	DB01023	(2S)-1-(1H-INDOL-3-YL)-3-{[5-(3-METHYL-1H-INDAZOL-5-YL)PYRIDIN-3-YL]OXY}PROPAN-2-AMINE	Felodipine	0.41855203619909487		C	False	False
DB08756	DB01023	Y-27632	Felodipine	0.41855203619909487		C	False	False
DB07859	DB01023	4-(4-CHLOROPHENYL)-4-[4-(1H-PYRAZOL-4-YL)PHENYL]PIPERIDINE	Felodipine	0.41855203619909487		C	False	False
DB05984	DB00622	RAF-265	Nicardipine	0.4176470588235295		C	False	False
DB00210	DB08916	Adapalene	Afatinib	0.41666666666666674	D	L	False	False
DB00749	DB02052	Etodolac	Indirubin-3'-monoxime	0.41666666666666674	M		False	False
DB00201	DB02659	Caffeine	Cholic Acid	0.41666666666666674	R, V, N	A	False	False
DB00608	DB12742	Chloroquine	Amuvatinib	0.41666666666666674	P		False	False
DB03758	DB07996	Radicicol	5-(2-methylpiperazine-1-sulfonyl)isoquinoline	0.41666666666666674			False	False
DB00717	DB08896	Norethisterone	Regorafenib	0.41666666666666674	G	L	False	False
DB07995	DB00210	H-89	Adapalene	0.41666666666666674		D	False	False
DB03758	DB07997	Radicicol	N-[2-(METHYLAMINO)ETHYL]-5-ISOQUINOLINESULFONAMIDE	0.41666666666666674			False	False
DB00608	DB03374	Chloroquine	3,5-Diiodotyrosine	0.4166666666666665	P		False	False
DB00393	DB02052	Nimodipine	Indirubin-3'-monoxime	0.4166666666666665	C		False	False
DB00393	DB12742	Nimodipine	Amuvatinib	0.4166666666666665	C		False	False
DB08896	DB00436	Regorafenib	Bendroflumethiazide	0.4166666666666665	L	C, G	False	False
DB02052	DB08896	Indirubin-3'-monoxime	Regorafenib	0.4166666666666665		L	False	False
DB02052	DB12742	Indirubin-3'-monoxime	Amuvatinib	0.4166666666666665			False	False
DB08756	DB02052	Y-27632	Indirubin-3'-monoxime	0.4166666666666665			False	False
DB05984	DB07557	RAF-265	3,20-Pregnanedione	0.4166666666666665			False	False
DB06152	DB00393	Nylidrin	Nimodipine	0.4166666666666665	C, G	C	False	False
DB08896	DB00243	Regorafenib	Ranolazine	0.4166666666666665	L	C	False	False
DB12742	DB07997	Amuvatinib	N-[2-(METHYLAMINO)ETHYL]-5-ISOQUINOLINESULFONAMIDE	0.4166666666666665			False	False
DB15399	DB12742	BMS-754807	Amuvatinib	0.4166666666666665			False	False
DB04297	DB08896	Trichostatin A	Regorafenib	0.4166666666666665		L	False	False
DB04297	DB02052	Trichostatin A	Indirubin-3'-monoxime	0.4166666666666665			False	False
DB00380	DB00608	Dexrazoxane	Chloroquine	0.4166666666666665	V	P	False	False
DB08895	DB08896	Tofacitinib	Regorafenib	0.4166666666666665	L	L	False	False
DB00421	DB00436	Spironolactone	Bendroflumethiazide	0.4166666666666665	C	C, G	True	False
DB02052	DB00243	Indirubin-3'-monoxime	Ranolazine	0.4166666666666665		C	False	False
DB07557	DB12742	3,20-Pregnanedione	Amuvatinib	0.4166666666666665			False	False
DB02052	DB03756	Indirubin-3'-monoxime	Doconexent	0.4166666666666665			False	False
DB01782	DB12742	Pyrazolanthrone	Amuvatinib	0.4166666666666665			False	False
DB00773	DB00608	Etoposide	Chloroquine	0.4166666666666665	L	P	False	False
DB11781	DB00393	Tosedostat	Nimodipine	0.4166666666666665		C	False	False
DB08877	DB08896	Ruxolitinib	Regorafenib	0.4166666666666665	L	L	False	False
DB12742	DB07996	Amuvatinib	5-(2-methylpiperazine-1-sulfonyl)isoquinoline	0.4166666666666665			False	False
DB00694	DB00608	Daunorubicin	Chloroquine	0.4166666666666665	L	P	False	False
DB08912	DB08901	Dabrafenib	Ponatinib	0.4166666666666665	L	L	False	False
DB02052	DB00436	Indirubin-3'-monoxime	Bendroflumethiazide	0.4166666666666665		C, G	False	False
DB06486	DB01244	Enzastaurin	Bepridil	0.41527777777777763		C	False	False
DB07863	DB01115	2-chloro-5-nitro-N-phenylbenzamide	Nifedipine	0.4147727272727273		C	False	False
DB00482	DB01388	Celecoxib	Mibefradil	0.4147727272727273	M, C, G, L	C	False	False
DB00630	DB01259	Alendronic acid	Lapatinib	0.41428571428571415	M	L	False	False
DB00675	DB01088	Tamoxifen	Iloprost	0.41388888888888875	L	B	False	False
DB03758	DB00132	Radicicol	alpha-Linolenic acid	0.4136363636363638			False	False
DB00132	DB03374	alpha-Linolenic acid	3,5-Diiodotyrosine	0.4136363636363638			False	False
DB00280	DB04216	Disopyramide	Quercetin	0.4127645502645503	C		False	False
DB03756	DB00281	Doconexent	Lidocaine	0.41208791208791196		C, S, R, N, D	False	False
DB00631	DB12695	Clofarabine	Phenethyl Isothiocyanate	0.4120567375886526	L		False	False
DB11781	DB12695	Tosedostat	Phenethyl Isothiocyanate	0.4120567375886526			False	False
DB00412	DB01016	Rosiglitazone	Glyburide	0.411904761904762	A	A	False	False
DB05294	DB01115	Vandetanib	Nifedipine	0.4105769230769232	L	C	False	False
DB01054	DB00421	Nitrendipine	Spironolactone	0.41050420168067236	C	C	False	False
DB01222	DB11800	Budesonide	Tivozanib	0.40909090909090917	A, R, D	L	False	False
DB04297	DB11800	Trichostatin A	Tivozanib	0.40909090909090917		L	False	False
DB11800	DB01380	Tivozanib	Cortisone acetate	0.40909090909090917	L		False	False
DB00159	DB01388	Icosapent	Mibefradil	0.40909090909090917		C	False	False
DB11800	DB14544	Tivozanib	Hydrocortisone valerate	0.40909090909090917	L		False	False
DB00834	DB11800	Mifepristone	Tivozanib	0.40909090909090917	G	L	False	False
DB11800	DB00243	Tivozanib	Ranolazine	0.40909090909090917	L	C	False	False
DB11800	DB00288	Tivozanib	Amcinonide	0.40909090909090917	L	D	False	False
DB00631	DB11800	Clofarabine	Tivozanib	0.40909090909090917	L	L	False	False
DB11781	DB11800	Tosedostat	Tivozanib	0.40909090909090917		L	False	False
DB06486	DB00659	Enzastaurin	Acamprosate	0.40719696969696995		N	False	False
DB12500	DB06486	Fedratinib	Enzastaurin	0.40719696969696995	L		False	False
DB01013	DB06486	Clobetasol propionate	Enzastaurin	0.40719696969696995			False	False
DB03374	DB13954	3,5-Diiodotyrosine	Estradiol cypionate	0.40714285714285725			False	False
DB01782	DB13954	Pyrazolanthrone	Estradiol cypionate	0.40714285714285725			False	False
DB13956	DB03374	Estradiol valerate	3,5-Diiodotyrosine	0.40714285714285725			False	False
DB13956	DB01782	Estradiol valerate	Pyrazolanthrone	0.40714285714285725			False	False
DB00630	DB01268	Alendronic acid	Sunitinib	0.4067307692307691	M	L	False	False
DB02010	DB00588	Staurosporine	Fluticasone propionate	0.40667420814479627			False	False
DB01023	DB08901	Felodipine	Ponatinib	0.40622710622710634	C	L	False	False
DB03374	DB00459	3,5-Diiodotyrosine	Acitretin	0.4058441558441559		D	False	False
DB01782	DB00459	Pyrazolanthrone	Acitretin	0.4058441558441559		D	False	False
DB07995	DB02010	H-89	Staurosporine	0.40544871794871806			False	False
DB01013	DB02010	Clobetasol propionate	Staurosporine	0.40544871794871806			False	False
DB00622	DB00159	Nicardipine	Icosapent	0.40489510489510505	C		False	False
DB07859	DB00749	4-(4-CHLOROPHENYL)-4-[4-(1H-PYRAZOL-4-YL)PHENYL]PIPERIDINE	Etodolac	0.4047619047619049		M	False	False
DB01013	DB08756	Clobetasol propionate	Y-27632	0.4047619047619049			False	False
DB08073	DB00749	(2S)-1-(1H-INDOL-3-YL)-3-{[5-(3-METHYL-1H-INDAZOL-5-YL)PYRIDIN-3-YL]OXY}PROPAN-2-AMINE	Etodolac	0.4047619047619049		M	False	False
DB00622	DB00783	Nicardipine	Estradiol	0.403896103896104	C	G	False	False
DB01016	DB00482	Glyburide	Celecoxib	0.40384615384615374	A	M, C, G, L	False	False
DB01016	DB00436	Glyburide	Bendroflumethiazide	0.40384615384615374	A	C, G	False	False
DB00132	DB06195	alpha-Linolenic acid	Seliciclib	0.4033189033189033			False	False
DB03758	DB00162	Radicicol	Vitamin A	0.4026315789473687		A, S, R, D, V	False	False
DB03374	DB00162	3,5-Diiodotyrosine	Vitamin A	0.4026315789473687		A, S, R, D, V	False	False
DB00630	DB00783	Alendronic acid	Estradiol	0.4023809523809525	M	G	False	False
DB01013	DB01016	Clobetasol propionate	Glyburide	0.4015151515151516		A	True	False
DB01054	DB01088	Nitrendipine	Iloprost	0.4011904761904761	C	B	False	False
DB01023	DB06486	Felodipine	Enzastaurin	0.4008699633699633	C		False	False
DB05266	DB00243	Ibudilast	Ranolazine	0.40000000000000013	R	C	False	False
DB05266	DB00482	Ibudilast	Celecoxib	0.40000000000000013	R	M, C, G, L	True	False
DB00622	DB00482	Nicardipine	Celecoxib	0.40000000000000013	C	M, C, G, L	False	False
DB00630	DB00675	Alendronic acid	Tamoxifen	0.40000000000000013	M	L	False	False
DB00630	DB02546	Alendronic acid	Vorinostat	0.40000000000000013	M	L	False	False
DB08912	DB00243	Dabrafenib	Ranolazine	0.40000000000000013	L	C	False	False
DB05266	DB01119	Ibudilast	Diazoxide	0.40000000000000013	R	C, V, G	False	False
DB05294	DB00436	Vandetanib	Bendroflumethiazide	0.40000000000000013	L	C, G	False	False
DB00396	DB08912	Progesterone	Dabrafenib	0.40000000000000013	G	L	False	False
DB14649	DB08916	Dexamethasone acetate	Afatinib	0.3999999999999999		L	False	False
DB07863	DB02546	2-chloro-5-nitro-N-phenylbenzamide	Vorinostat	0.3999999999999999		L	False	False
DB05984	DB14649	RAF-265	Dexamethasone acetate	0.3999999999999999			False	False
DB00631	DB01234	Clofarabine	Dexamethasone	0.3999999999999999	L	C, A, S, R, H, D	True	False
DB05134	DB07863	Tanespimycin	2-chloro-5-nitro-N-phenylbenzamide	0.3999999999999999			False	False
DB00482	DB14649	Celecoxib	Dexamethasone acetate	0.3999999999999999	M, C, G, L		True	False
DB01234	DB00243	Dexamethasone	Ranolazine	0.3999999999999999	C, A, S, R, H, D	C	False	False
DB11781	DB14649	Tosedostat	Dexamethasone acetate	0.3999999999999999			False	False
DB00421	DB01016	Spironolactone	Glyburide	0.3999999999999999	C	A	False	False
DB07996	DB08916	5-(2-methylpiperazine-1-sulfonyl)isoquinoline	Afatinib	0.3999999999999999		L	False	False
DB01782	DB00421	Pyrazolanthrone	Spironolactone	0.3999999999999999		C	False	False
DB11781	DB02546	Tosedostat	Vorinostat	0.3999999999999999		L	False	False
DB04297	DB14649	Trichostatin A	Dexamethasone acetate	0.3999999999999999			False	False
DB02546	DB00436	Vorinostat	Bendroflumethiazide	0.3999999999999999	L	C, G	True	False
DB07863	DB01259	2-chloro-5-nitro-N-phenylbenzamide	Lapatinib	0.3999999999999999		L	False	False
DB01092	DB01259	Ouabain	Lapatinib	0.3999999999999999	C	L	False	False
DB11781	DB01234	Tosedostat	Dexamethasone	0.3999999999999999		C, A, S, R, H, D	False	False
DB00631	DB00675	Clofarabine	Tamoxifen	0.3999999999999999	L	L	False	False
DB00243	DB14649	Ranolazine	Dexamethasone acetate	0.3999999999999999	C		False	False
DB06152	DB01092	Nylidrin	Ouabain	0.3999999999999999	C, G	C	False	False
DB01234	DB08916	Dexamethasone	Afatinib	0.3999999999999999	C, A, S, R, H, D	L	False	False
DB00631	DB02546	Clofarabine	Vorinostat	0.3999999999999999	L	L	True	False
DB01234	DB00482	Dexamethasone	Celecoxib	0.3999999999999999	C, A, S, R, H, D	M, C, G, L	True	False
DB08901	DB12695	Ponatinib	Phenethyl Isothiocyanate	0.3999999999999999	L		False	False
DB00631	DB14649	Clofarabine	Dexamethasone acetate	0.3999999999999999	L		False	False
DB02546	DB00243	Vorinostat	Ranolazine	0.3999999999999999	L	C	True	False
DB05984	DB00421	RAF-265	Spironolactone	0.3999999999999999		C	False	False
DB07863	DB07594	2-chloro-5-nitro-N-phenylbenzamide	CCT-018159	0.3999999999999999			False	False
DB02546	DB01393	Vorinostat	Bezafibrate	0.3999999999999999	L	C	False	False
DB05984	DB01234	RAF-265	Dexamethasone	0.3999999999999999		C, A, S, R, H, D	False	False
DB00243	DB00436	Ranolazine	Bendroflumethiazide	0.3999999999999999	C	C, G	False	False
DB04297	DB01234	Trichostatin A	Dexamethasone	0.3999999999999999		C, A, S, R, H, D	False	False
DB07997	DB08916	N-[2-(METHYLAMINO)ETHYL]-5-ISOQUINOLINESULFONAMIDE	Afatinib	0.3999999999999999		L	False	False
DB02052	DB01088	Indirubin-3'-monoxime	Iloprost	0.3988095238095237		B	False	False
DB12500	DB06589	Fedratinib	Pazopanib	0.39871794871794863	L	L	False	False
DB00622	DB04216	Nicardipine	Quercetin	0.39788359788359795	C		False	False
DB00313	DB08901	Valproic acid	Ponatinib	0.39722222222222214	N	L	False	False
DB00619	DB12695	Imatinib	Phenethyl Isothiocyanate	0.39629629629629637	L		False	False
DB00717	DB00280	Norethisterone	Disopyramide	0.3958333333333335	G	C	False	False
DB00280	DB00210	Disopyramide	Adapalene	0.3958333333333335	C	D	False	False
DB01013	DB00280	Clobetasol propionate	Disopyramide	0.3958333333333335		C	True	False
DB01782	DB00280	Pyrazolanthrone	Disopyramide	0.3958333333333335		C	False	False
DB08059	DB01115	Wortmannin	Nifedipine	0.39583333333333326		C	False	False
DB11886	DB06486	Infigratinib	Enzastaurin	0.39583333333333326			False	False
DB01115	DB00588	Nifedipine	Fluticasone propionate	0.39583333333333326	C		False	False
DB11886	DB01268	Infigratinib	Sunitinib	0.39583333333333326		L	False	False
DB08896	DB00162	Regorafenib	Vitamin A	0.3954545454545455	L	A, S, R, D, V	False	False
DB11800	DB04216	Tivozanib	Quercetin	0.39544568491936927	L		False	False
DB04216	DB00588	Quercetin	Fluticasone propionate	0.39531063321385895			False	False
DB08059	DB04216	Wortmannin	Quercetin	0.39531063321385895			False	False
DB08912	DB06195	Dabrafenib	Seliciclib	0.3952380952380954	L		False	False
DB00396	DB08896	Progesterone	Regorafenib	0.3952380952380954	G	L	False	False
DB13956	DB08896	Estradiol valerate	Regorafenib	0.3952380952380954		L	False	False
DB08896	DB13954	Regorafenib	Estradiol cypionate	0.3952380952380954	L		False	False
DB12742	DB01388	Amuvatinib	Mibefradil	0.39393939393939403		C	False	False
DB00630	DB12695	Alendronic acid	Phenethyl Isothiocyanate	0.3933333333333333	M		False	False
DB11800	DB06195	Tivozanib	Seliciclib	0.39321789321789313	L		False	False
DB00436	DB00281	Bendroflumethiazide	Lidocaine	0.3928571428571428	C, G	C, S, R, N, D	False	False
DB07080	DB01016	TO-901317	Glyburide	0.3928571428571428		A	False	False
DB07557	DB08080	3,20-Pregnanedione	Latrunculin B	0.3928571428571428			False	False
DB07557	DB01054	3,20-Pregnanedione	Nitrendipine	0.3928571428571428		C	False	False
DB03758	DB01054	Radicicol	Nitrendipine	0.3928571428571428		C	False	False
DB07557	DB00281	3,20-Pregnanedione	Lidocaine	0.3928571428571428		C, S, R, N, D	False	False
DB01054	DB01016	Nitrendipine	Glyburide	0.3928571428571428	C	A	False	False
DB02659	DB04216	Cholic Acid	Quercetin	0.3925264550264551	A		False	False
DB06195	DB00162	Seliciclib	Vitamin A	0.392207792207792		A, S, R, D, V	False	False
DB00836	DB00162	Loperamide	Vitamin A	0.392207792207792	A	A, S, R, D, V	False	False
DB03374	DB00622	3,5-Diiodotyrosine	Nicardipine	0.39210526315789473		C	False	False
DB01268	DB08916	Sunitinib	Afatinib	0.3920454545454546	L	L	False	False
DB11886	DB02052	Infigratinib	Indirubin-3'-monoxime	0.3916666666666666			False	False
DB00393	DB01103	Nimodipine	Quinacrine	0.39102564102564075	C	P	False	False
DB00396	DB02659	Progesterone	Cholic Acid	0.3906298003072197	G	A	False	False
DB00630	DB00210	Alendronic acid	Adapalene	0.3904761904761904	M	D	False	False
DB07080	DB06195	TO-901317	Seliciclib	0.39010989010989006			False	False
DB06486	DB00783	Enzastaurin	Estradiol	0.38988095238095233		G	False	False
DB01645	DB01259	Genistein	Lapatinib	0.3897435897435897		L	False	False
DB05134	DB01645	Tanespimycin	Genistein	0.3897435897435897			False	False
DB01645	DB07594	Genistein	CCT-018159	0.3897435897435897			False	False
DB11886	DB13956	Infigratinib	Estradiol valerate	0.38928571428571423			False	False
DB02587	DB00396	Colforsin	Progesterone	0.38928571428571423		G	False	False
DB11886	DB13954	Infigratinib	Estradiol cypionate	0.38928571428571423			False	False
DB08059	DB00396	Wortmannin	Progesterone	0.38928571428571423		G	False	False
DB00313	DB08916	Valproic acid	Afatinib	0.38888888888888906	N	L	False	False
DB08175	DB00608	(2E,4E)-11-METHOXY-3,7,11-TRIMETHYLDODECA-2,4-DIENOIC ACID	Chloroquine	0.38888888888888884		P	False	False
DB01013	DB00608	Clobetasol propionate	Chloroquine	0.38888888888888884		P	False	False
DB08756	DB01119	Y-27632	Diazoxide	0.38888888888888884		C, V, G	False	False
DB04297	DB01115	Trichostatin A	Nifedipine	0.3875000000000002		C	False	False
DB11781	DB01115	Tosedostat	Nifedipine	0.3875000000000002		C	False	False
DB01115	DB07996	Nifedipine	5-(2-methylpiperazine-1-sulfonyl)isoquinoline	0.38749999999999996	C		False	False
DB00630	DB01115	Alendronic acid	Nifedipine	0.38749999999999996	M	C	False	False
DB01115	DB07997	Nifedipine	N-[2-(METHYLAMINO)ETHYL]-5-ISOQUINOLINESULFONAMIDE	0.38749999999999996	C		False	False
DB01023	DB07594	Felodipine	CCT-018159	0.38717948717948714	C		False	False
DB01023	DB07997	Felodipine	N-[2-(METHYLAMINO)ETHYL]-5-ISOQUINOLINESULFONAMIDE	0.38717948717948714	C		False	False
DB01023	DB07996	Felodipine	5-(2-methylpiperazine-1-sulfonyl)isoquinoline	0.38717948717948714	C		False	False
DB05134	DB01023	Tanespimycin	Felodipine	0.38717948717948714		C	False	False
DB00201	DB00393	Caffeine	Nimodipine	0.38690476190476186	R, V, N	C	False	False
DB01054	DB00608	Nitrendipine	Chloroquine	0.38644688644688663	C	P	True	False
DB08059	DB01645	Wortmannin	Genistein	0.3863122171945701			False	False
DB02546	DB00608	Vorinostat	Chloroquine	0.3848484848484848	L	P	True	False
DB02010	DB00243	Staurosporine	Ranolazine	0.3846153846153846		C	False	False
DB02010	DB00436	Staurosporine	Bendroflumethiazide	0.3846153846153846		C, G	False	False
DB01054	DB13954	Nitrendipine	Estradiol cypionate	0.38403361344537834	C		False	False
DB01054	DB13956	Nitrendipine	Estradiol valerate	0.38403361344537834	C		False	False
DB00132	DB01088	alpha-Linolenic acid	Iloprost	0.3833732057416268		B	False	False
DB05984	DB13954	RAF-265	Estradiol cypionate	0.3833333333333335			False	False
DB05984	DB13956	RAF-265	Estradiol valerate	0.3833333333333335			False	False
DB15399	DB13956	BMS-754807	Estradiol valerate	0.3833333333333333			False	False
DB13956	DB07594	Estradiol valerate	CCT-018159	0.3833333333333333			False	False
DB05134	DB13956	Tanespimycin	Estradiol valerate	0.3833333333333333			False	False
DB00393	DB01119	Nimodipine	Diazoxide	0.3833333333333333	C	C, V, G	False	False
DB00749	DB05294	Etodolac	Vandetanib	0.3833333333333333	M	L	False	False
DB15399	DB13954	BMS-754807	Estradiol cypionate	0.3833333333333333			False	False
DB15399	DB00396	BMS-754807	Progesterone	0.3833333333333333		G	False	False
DB13956	DB01259	Estradiol valerate	Lapatinib	0.3833333333333333		L	False	False
DB01259	DB13954	Lapatinib	Estradiol cypionate	0.3833333333333333	L		False	False
DB07594	DB13954	CCT-018159	Estradiol cypionate	0.3833333333333333			False	False
DB01013	DB08912	Clobetasol propionate	Dabrafenib	0.3833333333333333		L	False	False
DB02424	DB00818	Geldanamycin	Propofol	0.3833333333333333		N	False	False
DB05134	DB13954	Tanespimycin	Estradiol cypionate	0.3833333333333333			False	False
DB08877	DB06195	Ruxolitinib	Seliciclib	0.3831168831168832	L		False	False
DB08895	DB06195	Tofacitinib	Seliciclib	0.3831168831168832	L		False	False
DB01023	DB06195	Felodipine	Seliciclib	0.3824175824175826	C		False	False
DB00201	DB00132	Caffeine	alpha-Linolenic acid	0.3822077922077922	R, V, N		False	False
DB08059	DB00421	Wortmannin	Spironolactone	0.3821428571428571		C	False	False
DB11886	DB00421	Infigratinib	Spironolactone	0.3821428571428571		C	False	False
DB00630	DB00159	Alendronic acid	Icosapent	0.38181818181818183	M		True	False
DB01115	DB02010	Nifedipine	Staurosporine	0.3816391941391941	C		False	False
DB11781	DB01388	Tosedostat	Mibefradil	0.38111888111888104		C	False	False
DB05984	DB01388	RAF-265	Mibefradil	0.38111888111888104		C	False	False
DB00530	DB01388	Erlotinib	Mibefradil	0.38111888111888104	L	C	False	False
DB00530	DB02659	Erlotinib	Cholic Acid	0.38095238095238093	L	A	False	False
DB02659	DB00783	Cholic Acid	Estradiol	0.3809523809523807	A	G	False	False
DB01088	DB01244	Iloprost	Bepridil	0.3805555555555553	B	C	False	False
DB01054	DB00159	Nitrendipine	Icosapent	0.38023088023088003	C		False	False
DB00313	DB02010	Valproic acid	Staurosporine	0.3795648795648796	N		False	False
DB08912	DB00313	Dabrafenib	Valproic acid	0.37936507936507935	L	N	False	False
DB12742	DB01645	Amuvatinib	Genistein	0.3792172739541162			False	False
DB12742	DB00421	Amuvatinib	Spironolactone	0.37916666666666665		C	False	False
DB00210	DB01259	Adapalene	Lapatinib	0.3787878787878789	D	L	False	False
DB00630	DB06195	Alendronic acid	Seliciclib	0.37857142857142856	M		False	False
DB00630	DB00201	Alendronic acid	Caffeine	0.37857142857142856	M	R, V, N	False	False
DB03496	DB06589	Alvocidib	Pazopanib	0.37857142857142856		L	False	False
DB02052	DB01393	Indirubin-3'-monoxime	Bezafibrate	0.37820512820512797		C	False	False
DB02424	DB00162	Geldanamycin	Vitamin A	0.37777777777777777		A, S, R, D, V	False	False
DB00162	DB02010	Vitamin A	Staurosporine	0.37747252747252746	A, S, R, D, V		False	False
DB01054	DB00659	Nitrendipine	Acamprosate	0.3761904761904762	C	N	False	False
DB07995	DB00281	H-89	Lidocaine	0.3761904761904762		C, S, R, N, D	False	False
DB05294	DB00608	Vandetanib	Chloroquine	0.37575757575757596	L	P	True	False
DB08895	DB11800	Tofacitinib	Tivozanib	0.37575757575757573	L	L	False	False
DB08877	DB11800	Ruxolitinib	Tivozanib	0.37575757575757573	L	L	False	False
DB07859	DB00588	4-(4-CHLOROPHENYL)-4-[4-(1H-PYRAZOL-4-YL)PHENYL]PIPERIDINE	Fluticasone propionate	0.375			False	False
DB04297	DB00588	Trichostatin A	Fluticasone propionate	0.375			False	False
DB00631	DB11886	Clofarabine	Infigratinib	0.375	L		False	False
DB11781	DB00588	Tosedostat	Fluticasone propionate	0.375			False	False
DB07557	DB03374	3,20-Pregnanedione	3,5-Diiodotyrosine	0.375			False	False
DB08059	DB00631	Wortmannin	Clofarabine	0.375		L	True	False
DB04297	DB02587	Trichostatin A	Colforsin	0.375			False	False
DB01222	DB11886	Budesonide	Infigratinib	0.375	A, R, D		False	False
DB07594	DB03756	CCT-018159	Doconexent	0.375			False	False
DB11886	DB00243	Infigratinib	Ranolazine	0.375		C	False	False
DB11886	DB00436	Infigratinib	Bendroflumethiazide	0.375		C, G	False	False
DB05134	DB03756	Tanespimycin	Doconexent	0.375			False	False
DB11886	DB00288	Infigratinib	Amcinonide	0.375		D	False	False
DB03496	DB00436	Alvocidib	Bendroflumethiazide	0.375		C, G	False	False
DB00631	DB02587	Clofarabine	Colforsin	0.375	L		False	False
DB03374	DB00588	3,5-Diiodotyrosine	Fluticasone propionate	0.375			False	False
DB08059	DB14544	Wortmannin	Hydrocortisone valerate	0.375			False	False
DB04297	DB11886	Trichostatin A	Infigratinib	0.375			False	False
DB02587	DB08080	Colforsin	Latrunculin B	0.375			False	False
DB08059	DB01119	Wortmannin	Diazoxide	0.375		C, V, G	False	False
DB00631	DB00588	Clofarabine	Fluticasone propionate	0.375	L		True	False
DB08756	DB03758	Y-27632	Radicicol	0.375			False	False
DB07557	DB11886	3,20-Pregnanedione	Infigratinib	0.375			False	False
DB05984	DB00588	RAF-265	Fluticasone propionate	0.375			False	False
DB11886	DB01119	Infigratinib	Diazoxide	0.375		C, V, G	False	False
DB02587	DB07997	Colforsin	N-[2-(METHYLAMINO)ETHYL]-5-ISOQUINOLINESULFONAMIDE	0.375			False	False
DB08756	DB01088	Y-27632	Iloprost	0.375		B	False	False
DB08059	DB00834	Wortmannin	Mifepristone	0.375		G	False	False
DB02587	DB01259	Colforsin	Lapatinib	0.375		L	False	False
DB02587	DB00243	Colforsin	Ranolazine	0.375		C	False	False
DB02587	DB00436	Colforsin	Bendroflumethiazide	0.375		C, G	False	False
DB02587	DB08895	Colforsin	Tofacitinib	0.375		L	False	False
DB02587	DB08877	Colforsin	Ruxolitinib	0.375		L	False	False
DB08059	DB00243	Wortmannin	Ranolazine	0.375		C	False	False
DB07859	DB07557	4-(4-CHLOROPHENYL)-4-[4-(1H-PYRAZOL-4-YL)PHENYL]PIPERIDINE	3,20-Pregnanedione	0.375			False	False
DB08059	DB01380	Wortmannin	Cortisone acetate	0.375			True	False
DB11781	DB11886	Tosedostat	Infigratinib	0.375			False	False
DB08073	DB07557	(2S)-1-(1H-INDOL-3-YL)-3-{[5-(3-METHYL-1H-INDAZOL-5-YL)PYRIDIN-3-YL]OXY}PROPAN-2-AMINE	3,20-Pregnanedione	0.375			False	False
DB01222	DB08059	Budesonide	Wortmannin	0.375	A, R, D		True	False
DB11886	DB01380	Infigratinib	Cortisone acetate	0.375			False	False
DB02587	DB07996	Colforsin	5-(2-methylpiperazine-1-sulfonyl)isoquinoline	0.375			False	False
DB02587	DB01119	Colforsin	Diazoxide	0.375		C, V, G	False	False
DB08059	DB00288	Wortmannin	Amcinonide	0.375		D	False	False
DB08059	DB01782	Wortmannin	Pyrazolanthrone	0.375			False	False
DB02587	DB00482	Colforsin	Celecoxib	0.375		M, C, G, L	False	False
DB08059	DB03374	Wortmannin	3,5-Diiodotyrosine	0.375			False	False
DB03756	DB00588	Doconexent	Fluticasone propionate	0.375			False	False
DB00588	DB00243	Fluticasone propionate	Ranolazine	0.375		C	False	False
DB08073	DB00588	(2S)-1-(1H-INDOL-3-YL)-3-{[5-(3-METHYL-1H-INDAZOL-5-YL)PYRIDIN-3-YL]OXY}PROPAN-2-AMINE	Fluticasone propionate	0.375			False	False
DB00280	DB01016	Disopyramide	Glyburide	0.375	C	A	True	False
DB08059	DB00436	Wortmannin	Bendroflumethiazide	0.375		C, G	False	False
DB02052	DB00162	Indirubin-3'-monoxime	Vitamin A	0.3738095238095238		A, S, R, D, V	False	False
DB02546	DB12695	Vorinostat	Phenethyl Isothiocyanate	0.3733333333333335	L		False	False
DB12695	DB00243	Phenethyl Isothiocyanate	Ranolazine	0.3733333333333333		C	False	False
DB00201	DB08912	Caffeine	Dabrafenib	0.3733082706766917	R, V, N	L	False	False
DB00412	DB07594	Rosiglitazone	CCT-018159	0.373015873015873	A		False	False
DB05134	DB00412	Tanespimycin	Rosiglitazone	0.373015873015873		A	False	False
DB04149	DB06195	(R)-Rolipram	Seliciclib	0.373015873015873			False	False
DB12500	DB00159	Fedratinib	Icosapent	0.37229437229437234	L		False	False
DB07995	DB00159	H-89	Icosapent	0.37229437229437234			False	False
DB02052	DB00313	Indirubin-3'-monoxime	Valproic acid	0.37222222222222223		N	False	False
DB00280	DB12742	Disopyramide	Amuvatinib	0.3720238095238093	C		False	False
DB15399	DB05294	BMS-754807	Vandetanib	0.37142857142857144		L	False	False
DB00818	DB07997	Propofol	N-[2-(METHYLAMINO)ETHYL]-5-ISOQUINOLINESULFONAMIDE	0.37142857142857144	N		False	False
DB00818	DB07996	Propofol	5-(2-methylpiperazine-1-sulfonyl)isoquinoline	0.37142857142857144	N		False	False
DB06152	DB00818	Nylidrin	Propofol	0.37142857142857144	C, G	N	True	False
DB05294	DB07997	Vandetanib	N-[2-(METHYLAMINO)ETHYL]-5-ISOQUINOLINESULFONAMIDE	0.37142857142857144	L		False	False
DB05294	DB07996	Vandetanib	5-(2-methylpiperazine-1-sulfonyl)isoquinoline	0.37142857142857144	L		False	False
DB00717	DB12695	Norethisterone	Phenethyl Isothiocyanate	0.37083333333333335	G		False	False
DB00280	DB00436	Disopyramide	Bendroflumethiazide	0.3701923076923075	C	C, G	False	False
DB08877	DB00281	Ruxolitinib	Lidocaine	0.3701298701298701	L	C, S, R, N, D	False	False
DB07859	DB00281	4-(4-CHLOROPHENYL)-4-[4-(1H-PYRAZOL-4-YL)PHENYL]PIPERIDINE	Lidocaine	0.3701298701298701		C, S, R, N, D	False	False
DB08756	DB00281	Y-27632	Lidocaine	0.3701298701298701		C, S, R, N, D	False	False
DB08895	DB00281	Tofacitinib	Lidocaine	0.3701298701298701	L	C, S, R, N, D	False	False
DB08073	DB00281	(2S)-1-(1H-INDOL-3-YL)-3-{[5-(3-METHYL-1H-INDAZOL-5-YL)PYRIDIN-3-YL]OXY}PROPAN-2-AMINE	Lidocaine	0.3701298701298701		C, S, R, N, D	False	False
DB00421	DB00622	Spironolactone	Nicardipine	0.3700000000000001	C	C	False	False
DB02659	DB00162	Cholic Acid	Vitamin A	0.36984126984126986	A	A, S, R, D, V	False	False
DB00201	DB14649	Caffeine	Dexamethasone acetate	0.36804511278195506	R, V, N		False	False
DB00201	DB01234	Caffeine	Dexamethasone	0.36804511278195506	R, V, N	C, A, S, R, H, D	False	False
DB07557	DB04216	3,20-Pregnanedione	Quercetin	0.3670848267622462			False	False
DB02010	DB01088	Staurosporine	Iloprost	0.3667582417582418		B	False	False
DB00675	DB08912	Tamoxifen	Dabrafenib	0.3666666666666669	L	L	False	False
DB00396	DB00436	Progesterone	Bendroflumethiazide	0.3666666666666669	G	C, G	False	False
DB12742	DB00210	Amuvatinib	Adapalene	0.3666666666666667		D	False	False
DB06589	DB07594	Pazopanib	CCT-018159	0.3666666666666667	L		False	False
DB05134	DB06589	Tanespimycin	Pazopanib	0.3666666666666667		L	False	False
DB00818	DB01244	Propofol	Bepridil	0.3666666666666667	N	C	True	False
DB08896	DB01244	Regorafenib	Bepridil	0.3666666666666667	L	C	False	False
DB02052	DB01244	Indirubin-3'-monoxime	Bepridil	0.3666666666666667		C	False	False
DB08912	DB01244	Dabrafenib	Bepridil	0.3666666666666667	L	C	True	False
DB00630	DB01229	Alendronic acid	Paclitaxel	0.3666666666666667	M	L	True	False
DB00630	DB12742	Alendronic acid	Amuvatinib	0.3666666666666667	M		False	False
DB00622	DB12695	Nicardipine	Phenethyl Isothiocyanate	0.3666666666666667	C		False	False
DB00630	DB01248	Alendronic acid	Docetaxel	0.3666666666666667	M	L	True	False
DB08901	DB00243	Ponatinib	Ranolazine	0.3666666666666667	L	C	False	False
DB00630	DB08901	Alendronic acid	Ponatinib	0.3666666666666665	M	L	False	False
DB08877	DB00608	Ruxolitinib	Chloroquine	0.3666666666666665	L	P	False	False
DB08895	DB00608	Tofacitinib	Chloroquine	0.3666666666666665	L	P	False	False
DB00622	DB00162	Nicardipine	Vitamin A	0.3666666666666665	C	A, S, R, D, V	False	False
DB08059	DB00313	Wortmannin	Valproic acid	0.3664529914529915		N	True	False
DB01054	DB00675	Nitrendipine	Tamoxifen	0.36638655462184877	C	L	False	False
DB11800	DB00280	Tivozanib	Disopyramide	0.3663277511961722	L	C	False	False
DB04149	DB00201	(R)-Rolipram	Caffeine	0.3660714285714286		R, V, N	False	False
DB11781	DB00201	Tosedostat	Caffeine	0.3660714285714286		R, V, N	False	False
DB00201	DB01388	Caffeine	Mibefradil	0.36584415584415586	R, V, N	C	False	False
DB00631	DB00281	Clofarabine	Lidocaine	0.3650793650793651	L	C, S, R, N, D	False	False
DB04297	DB01054	Trichostatin A	Nitrendipine	0.3650793650793651		C	False	False
DB01054	DB00313	Nitrendipine	Valproic acid	0.3650793650793651	C	N	True	False
DB11781	DB01054	Tosedostat	Nitrendipine	0.3650793650793651		C	False	False
DB11781	DB00281	Tosedostat	Lidocaine	0.3650793650793651		C, S, R, N, D	False	False
DB00313	DB00162	Valproic acid	Vitamin A	0.3638888888888887	N	A, S, R, D, V	False	False
DB03496	DB11800	Alvocidib	Tivozanib	0.36363636363636376		L	False	False
DB00132	DB00243	alpha-Linolenic acid	Ranolazine	0.36363636363636376		C	False	False
DB01229	DB01088	Paclitaxel	Iloprost	0.36309523809523814	L	B	True	False
DB00608	DB01088	Chloroquine	Iloprost	0.36309523809523814	P	B	True	False
DB01248	DB01088	Docetaxel	Iloprost	0.36309523809523814	L	B	True	False
DB00280	DB13954	Disopyramide	Estradiol cypionate	0.36250000000000004	C		False	False
DB13956	DB00280	Estradiol valerate	Disopyramide	0.36250000000000004		C	False	False
DB08912	DB00280	Dabrafenib	Disopyramide	0.36250000000000004	L	C	False	False
DB00631	DB00280	Clofarabine	Disopyramide	0.3624999999999998	L	C	False	False
DB01645	DB01244	Genistein	Bepridil	0.36220735785953173		C	False	False
DB00717	DB00836	Norethisterone	Loperamide	0.36190476190476195	G	A	False	False
DB08175	DB06195	(2E,4E)-11-METHOXY-3,7,11-TRIMETHYLDODECA-2,4-DIENOIC ACID	Seliciclib	0.36190476190476195			False	False
DB00608	DB00162	Chloroquine	Vitamin A	0.36190476190476195	P	A, S, R, D, V	False	False
DB07557	DB00243	3,20-Pregnanedione	Ranolazine	0.36111111111111116		C	False	False
DB07557	DB00482	3,20-Pregnanedione	Celecoxib	0.36111111111111116		M, C, G, L	False	False
DB01782	DB00436	Pyrazolanthrone	Bendroflumethiazide	0.36111111111111116		C, G	False	False
DB02052	DB08916	Indirubin-3'-monoxime	Afatinib	0.36111111111111094		L	False	False
DB00588	DB01244	Fluticasone propionate	Bepridil	0.36071428571428577		C	False	False
DB02587	DB01244	Colforsin	Bepridil	0.36071428571428577		C	False	False
DB01645	DB08916	Genistein	Afatinib	0.36057692307692313		L	False	False
DB00201	DB00159	Caffeine	Icosapent	0.3603896103896105	R, V, N		False	False
DB06589	DB01103	Pazopanib	Quinacrine	0.3602564102564103	L	P	False	False
DB00393	DB04216	Nimodipine	Quercetin	0.36011011011011007	C		False	False
DB00396	DB00622	Progesterone	Nicardipine	0.3600000000000001	G	C	False	False
DB02052	DB08901	Indirubin-3'-monoxime	Ponatinib	0.3595238095238096		L	False	False
DB00393	DB00783	Nimodipine	Estradiol	0.35924369747899143	C	G	False	False
DB12695	DB01259	Phenethyl Isothiocyanate	Lapatinib	0.3588652482269503		L	False	False
DB00773	DB00313	Etoposide	Valproic acid	0.3585858585858588	L	N	False	False
DB00380	DB00313	Dexrazoxane	Valproic acid	0.3585858585858588	V	N	False	False
DB00694	DB00313	Daunorubicin	Valproic acid	0.3585858585858588	L	N	False	False
DB00313	DB01259	Valproic acid	Lapatinib	0.3585858585858588	N	L	True	False
DB07995	DB02546	H-89	Vorinostat	0.3583333333333334		L	False	False
DB07995	DB14649	H-89	Dexamethasone acetate	0.3583333333333334			False	False
DB01234	DB07995	Dexamethasone	H-89	0.3583333333333334	C, A, S, R, H, D		False	False
DB06589	DB00281	Pazopanib	Lidocaine	0.3575630252100841	L	C, S, R, N, D	False	False
DB00630	DB04216	Alendronic acid	Quercetin	0.3574074074074074	M		False	False
DB00412	DB00281	Rosiglitazone	Lidocaine	0.35714285714285743	A	C, S, R, N, D	False	False
DB01054	DB00281	Nitrendipine	Lidocaine	0.35714285714285743	C	C, S, R, N, D	False	False
DB01119	DB07997	Diazoxide	N-[2-(METHYLAMINO)ETHYL]-5-ISOQUINOLINESULFONAMIDE	0.3571428571428572	C, V, G		False	False
DB07996	DB01119	5-(2-methylpiperazine-1-sulfonyl)isoquinoline	Diazoxide	0.3571428571428572		C, V, G	False	False
DB00619	DB01119	Imatinib	Diazoxide	0.3571428571428572	L	C, V, G	False	False
DB06195	DB00412	Seliciclib	Rosiglitazone	0.3571428571428572		A	False	False
DB01054	DB00783	Nitrendipine	Estradiol	0.3571428571428572	C	G	False	False
DB01092	DB14544	Ouabain	Hydrocortisone valerate	0.3571428571428572	C		False	False
DB01115	DB12695	Nifedipine	Phenethyl Isothiocyanate	0.356682389937107	C		False	False
DB01088	DB00436	Iloprost	Bendroflumethiazide	0.35576923076923084	B	C, G	False	False
DB04216	DB01259	Quercetin	Lapatinib	0.35568326947637297		L	False	False
DB08756	DB05294	Y-27632	Vandetanib	0.3555555555555556		L	False	False
DB00717	DB08901	Norethisterone	Ponatinib	0.3555555555555556	G	L	False	False
DB05294	DB08895	Vandetanib	Tofacitinib	0.3555555555555556	L	L	False	False
DB05294	DB08877	Vandetanib	Ruxolitinib	0.3555555555555556	L	L	False	False
DB00210	DB02010	Adapalene	Staurosporine	0.3543123543123545	D		False	False
DB08895	DB01268	Tofacitinib	Sunitinib	0.35416666666666674	L	L	False	False
DB08877	DB01268	Ruxolitinib	Sunitinib	0.35416666666666674	L	L	True	False
DB03374	DB06486	3,5-Diiodotyrosine	Enzastaurin	0.35416666666666674			False	False
DB01115	DB12742	Nifedipine	Amuvatinib	0.3541666666666665	C		False	False
DB03374	DB00783	3,5-Diiodotyrosine	Estradiol	0.3538961038961037		G	False	False
DB04297	DB01023	Trichostatin A	Felodipine	0.3538461538461539		C	False	False
DB11781	DB01023	Tosedostat	Felodipine	0.3538461538461539		C	False	False
DB00630	DB01023	Alendronic acid	Felodipine	0.3538461538461539	M	C	False	False
DB12695	DB00436	Phenethyl Isothiocyanate	Bendroflumethiazide	0.3533333333333333		C, G	False	False
DB08059	DB00630	Wortmannin	Alendronic acid	0.35277777777777763		M	False	False
DB00630	DB11886	Alendronic acid	Infigratinib	0.35277777777777763	M		False	False
DB00393	DB07995	Nimodipine	H-89	0.35256410256410264	C		False	False
DB03374	DB00210	3,5-Diiodotyrosine	Adapalene	0.35256410256410264		D	False	False
DB02424	DB00393	Geldanamycin	Nimodipine	0.35256410256410264		C	False	False
DB02587	DB01023	Colforsin	Felodipine	0.3523755656108596		C	False	False
DB00436	DB01388	Bendroflumethiazide	Mibefradil	0.3522727272727273	C, G	C	False	False
DB03496	DB00280	Alvocidib	Disopyramide	0.3519736842105263		C	False	False
DB08912	DB02010	Dabrafenib	Staurosporine	0.35128205128205137	L		False	False
DB02010	DB01259	Staurosporine	Lapatinib	0.35128205128205114		L	False	False
DB05294	DB00132	Vandetanib	alpha-Linolenic acid	0.3511363636363636	L		False	False
DB01023	DB00210	Felodipine	Adapalene	0.35081585081585076	C	D	False	False
DB01023	DB00132	Felodipine	alpha-Linolenic acid	0.35081585081585076	C		False	False
DB00132	DB01016	alpha-Linolenic acid	Glyburide	0.3504784688995217		A	False	False
DB04297	DB01016	Trichostatin A	Glyburide	0.3500000000000001		A	False	False
DB00393	DB13954	Nimodipine	Estradiol cypionate	0.3500000000000001	C		False	False
DB05984	DB01016	RAF-265	Glyburide	0.3500000000000001		A	False	False
DB00393	DB13956	Nimodipine	Estradiol valerate	0.3500000000000001	C		False	False
DB02052	DB00210	Indirubin-3'-monoxime	Adapalene	0.3500000000000001		D	False	False
DB08912	DB00162	Dabrafenib	Vitamin A	0.34999999999999987	L	A, S, R, D, V	False	False
DB00622	DB01119	Nicardipine	Diazoxide	0.34999999999999987	C	C, V, G	False	False
DB05294	DB00162	Vandetanib	Vitamin A	0.34999999999999987	L	A, S, R, D, V	False	False
DB00393	DB00675	Nimodipine	Tamoxifen	0.34999999999999987	C	L	True	False
DB00630	DB00162	Alendronic acid	Vitamin A	0.34999999999999964	M	A, S, R, D, V	False	False
DB01115	DB00459	Nifedipine	Acitretin	0.349404761904762	C	D	False	False
DB08059	DB00459	Wortmannin	Acitretin	0.349025974025974		D	False	False
DB00459	DB00588	Acitretin	Fluticasone propionate	0.349025974025974	D		False	False
DB00749	DB00675	Etodolac	Tamoxifen	0.3487179487179488	M	L	False	False
DB12742	DB00159	Amuvatinib	Icosapent	0.3484848484848484			False	False
DB00280	DB00783	Disopyramide	Estradiol	0.3482142857142856	C	G	False	False
DB00313	DB01088	Valproic acid	Iloprost	0.3472222222222223	N	B	False	False
DB08901	DB01244	Ponatinib	Bepridil	0.34666666666666646	L	C	False	False
DB08059	DB00675	Wortmannin	Tamoxifen	0.3464285714285713		L	False	False
DB02587	DB00675	Colforsin	Tamoxifen	0.3464285714285713		L	False	False
DB00619	DB14544	Imatinib	Hydrocortisone valerate	0.34615384615384626	L		False	False
DB11781	DB03496	Tosedostat	Alvocidib	0.34615384615384626			False	False
DB08756	DB00201	Y-27632	Caffeine	0.34523809523809534		R, V, N	False	False
DB00608	DB01016	Chloroquine	Glyburide	0.3452380952380951	P	A	False	False
DB04216	DB01119	Quercetin	Diazoxide	0.34490740740740744		C, V, G	False	False
DB04216	DB00243	Quercetin	Ranolazine	0.34490740740740744		C	False	False
DB04216	DB00436	Quercetin	Bendroflumethiazide	0.34490740740740744		C, G	False	False
DB07859	DB02546	4-(4-CHLOROPHENYL)-4-[4-(1H-PYRAZOL-4-YL)PHENYL]PIPERIDINE	Vorinostat	0.34444444444444433		L	False	False
DB08073	DB02546	(2S)-1-(1H-INDOL-3-YL)-3-{[5-(3-METHYL-1H-INDAZOL-5-YL)PYRIDIN-3-YL]OXY}PROPAN-2-AMINE	Vorinostat	0.34444444444444433		L	False	False
DB00421	DB00836	Spironolactone	Loperamide	0.34327731092436986	C	A	False	False
DB12500	DB02010	Fedratinib	Staurosporine	0.34294871794871806	L		False	False
DB00630	DB01054	Alendronic acid	Nitrendipine	0.34285714285714297	M	C	False	False
DB07863	DB00281	2-chloro-5-nitro-N-phenylbenzamide	Lidocaine	0.34285714285714275		C, S, R, N, D	False	False
DB01023	DB08912	Felodipine	Dabrafenib	0.34273504273504285	C	L	False	False
DB05294	DB01023	Vandetanib	Felodipine	0.34273504273504285	L	C	True	False
DB12695	DB01244	Phenethyl Isothiocyanate	Bepridil	0.3424242424242423		C	False	False
DB08896	DB00783	Regorafenib	Estradiol	0.34238095238095223	L	G	False	False
DB02546	DB01016	Vorinostat	Glyburide	0.3423076923076922	L	A	False	False
DB00396	DB12742	Progesterone	Amuvatinib	0.3416666666666668	G		False	False
DB13956	DB02052	Estradiol valerate	Indirubin-3'-monoxime	0.3416666666666668			False	False
DB02587	DB05294	Colforsin	Vandetanib	0.3416666666666668		L	False	False
DB05294	DB11886	Vandetanib	Infigratinib	0.3416666666666668	L		False	False
DB02052	DB13954	Indirubin-3'-monoxime	Estradiol cypionate	0.3416666666666668			False	False
DB02587	DB01229	Colforsin	Paclitaxel	0.34166666666666656		L	False	False
DB00608	DB00588	Chloroquine	Fluticasone propionate	0.34166666666666656	P		False	False
DB08059	DB00608	Wortmannin	Chloroquine	0.34166666666666656		P	False	False
DB02587	DB00608	Colforsin	Chloroquine	0.34166666666666656		P	False	False
DB01229	DB00588	Paclitaxel	Fluticasone propionate	0.34166666666666656	L		False	False
DB08059	DB03496	Wortmannin	Alvocidib	0.34166666666666656			False	False
DB01248	DB00588	Docetaxel	Fluticasone propionate	0.34166666666666656	L		False	False
DB02587	DB01248	Colforsin	Docetaxel	0.34166666666666656		L	False	False
DB00380	DB00783	Dexrazoxane	Estradiol	0.34126984126984117	V	G	False	False
DB15399	DB00783	BMS-754807	Estradiol	0.34126984126984117		G	False	False
DB00694	DB00783	Daunorubicin	Estradiol	0.34126984126984117	L	G	False	False
DB00773	DB00783	Etoposide	Estradiol	0.34126984126984117	L	G	False	False
DB08080	DB01016	Latrunculin B	Glyburide	0.34090909090909083		A	False	False
DB08901	DB00159	Ponatinib	Icosapent	0.34079254079254073	L		False	False
DB00210	DB01088	Adapalene	Iloprost	0.34068627450980404	D	B	False	False
DB03374	DB02010	3,5-Diiodotyrosine	Staurosporine	0.340497737556561			False	False
DB01013	DB00132	Clobetasol propionate	alpha-Linolenic acid	0.3398268398268398			False	False
DB02424	DB00132	Geldanamycin	alpha-Linolenic acid	0.3398268398268398			False	False
DB00630	DB00280	Alendronic acid	Disopyramide	0.33942307692307705	M	C	False	False
DB00749	DB01115	Etodolac	Nifedipine	0.3390151515151516	M	C	True	False
DB01013	DB01115	Clobetasol propionate	Nifedipine	0.3390151515151516		C	False	False
DB01016	DB01244	Glyburide	Bepridil	0.3388888888888888	A	C	True	False
DB02546	DB04216	Vorinostat	Quercetin	0.33865740740740735	L		False	False
DB13956	DB08916	Estradiol valerate	Afatinib	0.3384615384615386		L	False	False
DB13954	DB08916	Estradiol cypionate	Afatinib	0.3384615384615386		L	False	False
DB11781	DB04216	Tosedostat	Quercetin	0.3384418901660282			False	False
DB00201	DB00210	Caffeine	Adapalene	0.3379917184265009	R, V, N	D	False	False
DB00201	DB01016	Caffeine	Glyburide	0.3376623376623378	R, V, N	A	False	False
DB00675	DB06486	Tamoxifen	Enzastaurin	0.3374999999999999	L		False	False
DB01268	DB01259	Sunitinib	Lapatinib	0.3374999999999999	L	L	False	False
DB00201	DB00436	Caffeine	Bendroflumethiazide	0.3364661654135339	R, V, N	C, G	False	False
DB00201	DB00482	Caffeine	Celecoxib	0.3364661654135339	R, V, N	M, C, G, L	False	False
DB01023	DB04216	Felodipine	Quercetin	0.3362535612535611	C		False	False
DB00588	DB00281	Fluticasone propionate	Lidocaine	0.3360389610389609		C, S, R, N, D	True	False
DB01782	DB00396	Pyrazolanthrone	Progesterone	0.33571428571428585		G	False	False
DB11781	DB00159	Tosedostat	Icosapent	0.3356643356643354			False	False
DB01013	DB00201	Clobetasol propionate	Caffeine	0.3354341736694677		R, V, N	False	False
DB08895	DB08901	Tofacitinib	Ponatinib	0.33508771929824577	L	L	False	False
DB08877	DB08901	Ruxolitinib	Ponatinib	0.33508771929824577	L	L	True	False
DB01115	DB08912	Nifedipine	Dabrafenib	0.3336538461538463	C	L	False	False
DB00717	DB07995	Norethisterone	H-89	0.3333333333333335	G		False	False
DB00717	DB00436	Norethisterone	Bendroflumethiazide	0.3333333333333335	G	C, G	False	False
DB00717	DB00243	Norethisterone	Ranolazine	0.3333333333333335	G	C	False	False
DB01222	DB00659	Budesonide	Acamprosate	0.3333333333333335	A, R, D	N	False	False
DB00631	DB12500	Clofarabine	Fedratinib	0.3333333333333335	L	L	False	False
DB01013	DB08916	Clobetasol propionate	Afatinib	0.3333333333333335		L	False	False
DB08080	DB00659	Latrunculin B	Acamprosate	0.3333333333333335		N	False	False
DB04297	DB08175	Trichostatin A	(2E,4E)-11-METHOXY-3,7,11-TRIMETHYLDODECA-2,4-DIENOIC ACID	0.3333333333333335			False	False
DB00717	DB08080	Norethisterone	Latrunculin B	0.3333333333333335	G		False	False
DB04297	DB00659	Trichostatin A	Acamprosate	0.3333333333333335		N	False	False
DB00717	DB01393	Norethisterone	Bezafibrate	0.3333333333333335	G	C	False	False
DB00631	DB00717	Clofarabine	Norethisterone	0.3333333333333335	L	G	False	False
DB00482	DB00659	Celecoxib	Acamprosate	0.3333333333333335	M, C, G, L	N	False	False
DB00631	DB08175	Clofarabine	(2E,4E)-11-METHOXY-3,7,11-TRIMETHYLDODECA-2,4-DIENOIC ACID	0.3333333333333335	L		False	False
DB14544	DB00659	Hydrocortisone valerate	Acamprosate	0.3333333333333335		N	False	False
DB02424	DB07863	Geldanamycin	2-chloro-5-nitro-N-phenylbenzamide	0.3333333333333335			False	False
DB00243	DB00659	Ranolazine	Acamprosate	0.3333333333333335	C	N	False	False
DB02424	DB08080	Geldanamycin	Latrunculin B	0.3333333333333335			False	False
DB02424	DB01119	Geldanamycin	Diazoxide	0.3333333333333335		C, V, G	False	False
DB00530	DB00659	Erlotinib	Acamprosate	0.3333333333333335	L	N	False	False
DB01013	DB00631	Clobetasol propionate	Clofarabine	0.3333333333333335		L	True	False
DB11781	DB00749	Tosedostat	Etodolac	0.3333333333333335		M	False	False
DB12500	DB00243	Fedratinib	Ranolazine	0.3333333333333335	L	C	False	False
DB11781	DB12500	Tosedostat	Fedratinib	0.3333333333333335		L	False	False
DB00631	DB00659	Clofarabine	Acamprosate	0.3333333333333335	L	N	False	False
DB00749	DB07995	Etodolac	H-89	0.3333333333333335	M		False	False
DB04297	DB00210	Trichostatin A	Adapalene	0.3333333333333335		D	False	False
DB11781	DB00717	Tosedostat	Norethisterone	0.3333333333333335		G	False	False
DB12500	DB00288	Fedratinib	Amcinonide	0.3333333333333335	L	D	False	False
DB12500	DB00482	Fedratinib	Celecoxib	0.3333333333333335	L	M, C, G, L	False	False
DB12500	DB00834	Fedratinib	Mifepristone	0.3333333333333335	L	G	False	False
DB08175	DB01119	(2E,4E)-11-METHOXY-3,7,11-TRIMETHYLDODECA-2,4-DIENOIC ACID	Diazoxide	0.3333333333333335		C, V, G	False	False
DB12500	DB01380	Fedratinib	Cortisone acetate	0.3333333333333335	L		False	False
DB01222	DB12500	Budesonide	Fedratinib	0.3333333333333335	A, R, D	L	False	False
DB01234	DB01244	Dexamethasone	Bepridil	0.3333333333333335	C, A, S, R, H, D	C	False	False
DB08175	DB00436	(2E,4E)-11-METHOXY-3,7,11-TRIMETHYLDODECA-2,4-DIENOIC ACID	Bendroflumethiazide	0.3333333333333335		C, G	False	False
DB08175	DB08080	(2E,4E)-11-METHOXY-3,7,11-TRIMETHYLDODECA-2,4-DIENOIC ACID	Latrunculin B	0.3333333333333335			False	False
DB11781	DB00659	Tosedostat	Acamprosate	0.3333333333333335		N	False	False
DB05984	DB00659	RAF-265	Acamprosate	0.3333333333333335		N	False	False
DB00288	DB00659	Amcinonide	Acamprosate	0.3333333333333335	D	N	False	False
DB05984	DB00393	RAF-265	Nimodipine	0.3333333333333335		C	False	False
DB01380	DB00659	Cortisone acetate	Acamprosate	0.3333333333333335		N	False	False
DB00530	DB00393	Erlotinib	Nimodipine	0.3333333333333335	L	C	True	False
DB01013	DB00243	Clobetasol propionate	Ranolazine	0.3333333333333335		C	False	False
DB00834	DB00659	Mifepristone	Acamprosate	0.3333333333333335	G	N	False	False
DB00834	DB01016	Mifepristone	Glyburide	0.3333333333333335	G	A	False	False
DB00210	DB00243	Adapalene	Ranolazine	0.3333333333333335	D	C	False	False
DB00631	DB07995	Clofarabine	H-89	0.3333333333333335	L		False	False
DB02424	DB00243	Geldanamycin	Ranolazine	0.3333333333333335		C	False	False
DB01013	DB04297	Clobetasol propionate	Trichostatin A	0.3333333333333335			False	False
DB01013	DB05984	Clobetasol propionate	RAF-265	0.3333333333333335			False	False
DB02424	DB00631	Geldanamycin	Clofarabine	0.3333333333333335		L	False	False
DB01244	DB14649	Bepridil	Dexamethasone acetate	0.3333333333333335	C		False	False
DB04297	DB12500	Trichostatin A	Fedratinib	0.3333333333333335		L	False	False
DB11781	DB08175	Tosedostat	(2E,4E)-11-METHOXY-3,7,11-TRIMETHYLDODECA-2,4-DIENOIC ACID	0.3333333333333335			False	False
DB08175	DB00482	(2E,4E)-11-METHOXY-3,7,11-TRIMETHYLDODECA-2,4-DIENOIC ACID	Celecoxib	0.3333333333333335		M, C, G, L	False	False
DB02424	DB11781	Geldanamycin	Tosedostat	0.3333333333333335			False	False
DB00749	DB00243	Etodolac	Ranolazine	0.3333333333333335	M	C	False	False
DB08080	DB00210	Latrunculin B	Adapalene	0.3333333333333335		D	False	False
DB05984	DB00717	RAF-265	Norethisterone	0.3333333333333335		G	False	False
DB05984	DB08175	RAF-265	(2E,4E)-11-METHOXY-3,7,11-TRIMETHYLDODECA-2,4-DIENOIC ACID	0.3333333333333335			False	False
DB01013	DB00482	Clobetasol propionate	Celecoxib	0.3333333333333335		M, C, G, L	True	False
DB11781	DB07995	Tosedostat	H-89	0.3333333333333335			False	False
DB07995	DB08916	H-89	Afatinib	0.3333333333333335		L	False	False
DB05984	DB00749	RAF-265	Etodolac	0.3333333333333335		M	False	False
DB05984	DB12500	RAF-265	Fedratinib	0.3333333333333335		L	False	False
DB05984	DB00210	RAF-265	Adapalene	0.3333333333333335		D	False	False
DB00749	DB08080	Etodolac	Latrunculin B	0.3333333333333335	M		False	False
DB00631	DB00749	Clofarabine	Etodolac	0.3333333333333335	L	M	False	False
DB01013	DB11781	Clobetasol propionate	Tosedostat	0.3333333333333335			False	False
DB01013	DB01393	Clobetasol propionate	Bezafibrate	0.3333333333333335		C	False	False
DB08080	DB07995	Latrunculin B	H-89	0.3333333333333335			False	False
DB00380	DB01103	Dexrazoxane	Quinacrine	0.33333333333333326	V	P	False	False
DB01103	DB07594	Quinacrine	CCT-018159	0.33333333333333326	P		False	False
DB07863	DB01248	2-chloro-5-nitro-N-phenylbenzamide	Docetaxel	0.33333333333333326		L	False	False
DB07863	DB01229	2-chloro-5-nitro-N-phenylbenzamide	Paclitaxel	0.33333333333333326		L	False	False
DB08073	DB04149	(2S)-1-(1H-INDOL-3-YL)-3-{[5-(3-METHYL-1H-INDAZOL-5-YL)PYRIDIN-3-YL]OXY}PROPAN-2-AMINE	(R)-Rolipram	0.33333333333333326			False	False
DB01103	DB01259	Quinacrine	Lapatinib	0.33333333333333326	P	L	False	False
DB00694	DB01103	Daunorubicin	Quinacrine	0.33333333333333326	L	P	False	False
DB05134	DB01393	Tanespimycin	Bezafibrate	0.33333333333333326		C	False	False
DB01103	DB08916	Quinacrine	Afatinib	0.33333333333333326	P	L	False	False
DB05134	DB01103	Tanespimycin	Quinacrine	0.33333333333333326		P	False	False
DB08073	DB01259	(2S)-1-(1H-INDOL-3-YL)-3-{[5-(3-METHYL-1H-INDAZOL-5-YL)PYRIDIN-3-YL]OXY}PROPAN-2-AMINE	Lapatinib	0.33333333333333326		L	False	False
DB08073	DB01103	(2S)-1-(1H-INDOL-3-YL)-3-{[5-(3-METHYL-1H-INDAZOL-5-YL)PYRIDIN-3-YL]OXY}PROPAN-2-AMINE	Quinacrine	0.33333333333333326		P	False	False
DB02587	DB01088	Colforsin	Iloprost	0.33333333333333326		B	False	False
DB01103	DB07996	Quinacrine	5-(2-methylpiperazine-1-sulfonyl)isoquinoline	0.33333333333333326	P		False	False
DB03374	DB01016	3,5-Diiodotyrosine	Glyburide	0.33333333333333326		A	False	False
DB01393	DB00482	Bezafibrate	Celecoxib	0.33333333333333326	C	M, C, G, L	False	False
DB01229	DB08916	Paclitaxel	Afatinib	0.33333333333333326	L	L	False	False
DB01393	DB07594	Bezafibrate	CCT-018159	0.33333333333333326	C		False	False
DB07859	DB01103	4-(4-CHLOROPHENYL)-4-[4-(1H-PYRAZOL-4-YL)PHENYL]PIPERIDINE	Quinacrine	0.33333333333333326		P	False	False
DB07859	DB04149	4-(4-CHLOROPHENYL)-4-[4-(1H-PYRAZOL-4-YL)PHENYL]PIPERIDINE	(R)-Rolipram	0.33333333333333326			False	False
DB04149	DB01103	(R)-Rolipram	Quinacrine	0.33333333333333326		P	False	False
DB00619	DB01103	Imatinib	Quinacrine	0.33333333333333326	L	P	False	False
DB15399	DB08895	BMS-754807	Tofacitinib	0.33333333333333326		L	False	False
DB15399	DB01103	BMS-754807	Quinacrine	0.33333333333333326		P	False	False
DB08756	DB01259	Y-27632	Lapatinib	0.33333333333333326		L	False	False
DB07859	DB01259	4-(4-CHLOROPHENYL)-4-[4-(1H-PYRAZOL-4-YL)PHENYL]PIPERIDINE	Lapatinib	0.33333333333333326		L	False	False
DB15399	DB08877	BMS-754807	Ruxolitinib	0.33333333333333326		L	False	False
DB01248	DB08916	Docetaxel	Afatinib	0.33333333333333326	L	L	False	False
DB01229	DB12742	Paclitaxel	Amuvatinib	0.33333333333333326	L		False	False
DB07863	DB01103	2-chloro-5-nitro-N-phenylbenzamide	Quinacrine	0.33333333333333326		P	False	False
DB01092	DB01103	Ouabain	Quinacrine	0.33333333333333326	C	P	False	False
DB08756	DB01103	Y-27632	Quinacrine	0.33333333333333326		P	False	False
DB07080	DB01103	TO-901317	Quinacrine	0.33333333333333326		P	False	False
DB01248	DB12742	Docetaxel	Amuvatinib	0.33333333333333326	L		False	False
DB08756	DB07594	Y-27632	CCT-018159	0.33333333333333326			False	False
DB00773	DB01103	Etoposide	Quinacrine	0.33333333333333326	L	P	False	False
DB05134	DB08756	Tanespimycin	Y-27632	0.33333333333333326			False	False
DB01229	DB00619	Paclitaxel	Imatinib	0.33333333333333326	L	L	False	False
DB01103	DB07997	Quinacrine	N-[2-(METHYLAMINO)ETHYL]-5-ISOQUINOLINESULFONAMIDE	0.33333333333333326	P		False	False
DB01248	DB00619	Docetaxel	Imatinib	0.33333333333333326	L	L	False	False
DB00608	DB04216	Chloroquine	Quercetin	0.33164983164983153	P		False	False
DB01023	DB14649	Felodipine	Dexamethasone acetate	0.33162393162393156	C		False	False
DB01234	DB01023	Dexamethasone	Felodipine	0.33162393162393156	C, A, S, R, H, D	C	False	False
DB00201	DB00588	Caffeine	Fluticasone propionate	0.3313492063492063	R, V, N		False	False
DB03496	DB00162	Alvocidib	Vitamin A	0.3307692307692309		A, S, R, D, V	False	False
DB02587	DB01234	Colforsin	Dexamethasone	0.3305555555555555		C, A, S, R, H, D	False	False
DB02587	DB14649	Colforsin	Dexamethasone acetate	0.3305555555555555			False	False
DB00421	DB01088	Spironolactone	Iloprost	0.33055555555555527	C	B	True	False
DB01115	DB03756	Nifedipine	Doconexent	0.3303571428571428	C		False	False
DB08896	DB01119	Regorafenib	Diazoxide	0.32971014492753614	L	C, V, G	False	False
DB07995	DB00421	H-89	Spironolactone	0.32948717948717965		C	False	False
DB00396	DB01393	Progesterone	Bezafibrate	0.3294117647058823	G	C	False	False
DB12695	DB08916	Phenethyl Isothiocyanate	Afatinib	0.3291666666666666		L	False	False
DB02546	DB00412	Vorinostat	Rosiglitazone	0.32857142857142874	L	A	False	False
DB02546	DB00459	Vorinostat	Acitretin	0.32857142857142874	L	D	False	False
DB01234	DB00836	Dexamethasone	Loperamide	0.32857142857142874	C, A, S, R, H, D	A	False	False
DB00836	DB14649	Loperamide	Dexamethasone acetate	0.32857142857142874	A		False	False
DB08073	DB00675	(2S)-1-(1H-INDOL-3-YL)-3-{[5-(3-METHYL-1H-INDAZOL-5-YL)PYRIDIN-3-YL]OXY}PROPAN-2-AMINE	Tamoxifen	0.3285714285714285		L	False	False
DB01234	DB01259	Dexamethasone	Lapatinib	0.3285714285714285	C, A, S, R, H, D	L	False	False
DB07859	DB00675	4-(4-CHLOROPHENYL)-4-[4-(1H-PYRAZOL-4-YL)PHENYL]PIPERIDINE	Tamoxifen	0.3285714285714285		L	False	False
DB01259	DB14649	Lapatinib	Dexamethasone acetate	0.3285714285714285	L		False	False
DB01023	DB12695	Felodipine	Phenethyl Isothiocyanate	0.32855879752431494	C		False	False
DB00132	DB01645	alpha-Linolenic acid	Genistein	0.3283799533799534			False	False
DB00396	DB01016	Progesterone	Glyburide	0.3277777777777777	G	A	False	False
DB03758	DB00818	Radicicol	Propofol	0.3277777777777777		N	False	False
DB01016	DB13954	Glyburide	Estradiol cypionate	0.3277777777777777	A		False	False
DB13956	DB01016	Estradiol valerate	Glyburide	0.3277777777777777		A	False	False
DB01782	DB08912	Pyrazolanthrone	Dabrafenib	0.3277777777777777		L	False	False
DB03374	DB00818	3,5-Diiodotyrosine	Propofol	0.3277777777777777		N	False	False
DB00280	DB00619	Disopyramide	Imatinib	0.3272058823529411	C	L	True	False
DB01016	DB00243	Glyburide	Ranolazine	0.3269230769230771	A	C	False	False
DB00608	DB01645	Chloroquine	Genistein	0.32658569500674783	P		False	False
DB01023	DB01088	Felodipine	Iloprost	0.3264652014652012	C	B	False	False
DB04216	DB00159	Quercetin	Icosapent	0.32606769448874706			False	False
DB00749	DB13956	Etodolac	Estradiol valerate	0.3256410256410256	M		False	False
DB00396	DB07995	Progesterone	H-89	0.3256410256410256	G		False	False
DB00749	DB13954	Etodolac	Estradiol cypionate	0.3256410256410256	M		False	False
DB00132	DB01244	alpha-Linolenic acid	Bepridil	0.32554112554112535		C	False	False
DB00393	DB01645	Nimodipine	Genistein	0.3252508361204014	C		False	False
DB01054	DB00396	Nitrendipine	Progesterone	0.3252100840336136	C	G	False	False
DB04297	DB01088	Trichostatin A	Iloprost	0.3250000000000002		B	False	False
DB01088	DB07997	Iloprost	N-[2-(METHYLAMINO)ETHYL]-5-ISOQUINOLINESULFONAMIDE	0.32499999999999996	B		False	False
DB01088	DB07996	Iloprost	5-(2-methylpiperazine-1-sulfonyl)isoquinoline	0.32499999999999996	B		False	False
DB00159	DB08916	Icosapent	Afatinib	0.32467532467532445		L	False	False
DB11886	DB00210	Infigratinib	Adapalene	0.3237179487179489		D	False	False
DB08896	DB01645	Regorafenib	Genistein	0.32361455748552537	L		False	False
DB00210	DB01244	Adapalene	Bepridil	0.32280701754385954	D	C	False	False
DB01054	DB00201	Nitrendipine	Caffeine	0.3214285714285716	C	R, V, N	False	False
DB07557	DB08916	3,20-Pregnanedione	Afatinib	0.3214285714285714		L	False	False
DB08756	DB00393	Y-27632	Nimodipine	0.3214285714285714		C	False	False
DB01782	DB01645	Pyrazolanthrone	Genistein	0.3201357466063348			False	False
DB06486	DB00162	Enzastaurin	Vitamin A	0.3201086956521739		A, S, R, D, V	False	False
DB00622	DB00836	Nicardipine	Loperamide	0.3194805194805195	C	A	False	False
DB05294	DB01016	Vandetanib	Glyburide	0.3192307692307692	L	A	False	False
DB01115	DB03496	Nifedipine	Alvocidib	0.319078947368421	C		False	False
DB03496	DB01244	Alvocidib	Bepridil	0.319047619047619		C	False	False
DB01013	DB01645	Clobetasol propionate	Genistein	0.3189102564102564			False	False
DB00749	DB01645	Etodolac	Genistein	0.3189102564102564	M		False	False
DB01115	DB02052	Nifedipine	Indirubin-3'-monoxime	0.3184523809523807	C		False	False
DB00619	DB00288	Imatinib	Amcinonide	0.3181818181818181	L	D	False	False
DB00482	DB03756	Celecoxib	Doconexent	0.3181818181818181	M, C, G, L		False	False
DB00619	DB01380	Imatinib	Cortisone acetate	0.3181818181818181	L		True	False
DB01222	DB00619	Budesonide	Imatinib	0.3181818181818181	A, R, D	L	True	False
DB05984	DB00619	RAF-265	Imatinib	0.3181818181818181		L	False	False
DB04297	DB02010	Trichostatin A	Staurosporine	0.31794871794871793			False	False
DB13956	DB00588	Estradiol valerate	Fluticasone propionate	0.31785714285714284			False	False
DB08059	DB13956	Wortmannin	Estradiol valerate	0.31785714285714284			False	False
DB08059	DB13954	Wortmannin	Estradiol cypionate	0.31785714285714284			False	False
DB00588	DB13954	Fluticasone propionate	Estradiol cypionate	0.31785714285714284			False	False
DB02052	DB00783	Indirubin-3'-monoxime	Estradiol	0.31776556776556775		G	False	False
DB03758	DB00201	Radicicol	Caffeine	0.31746031746031744		R, V, N	False	False
DB00836	DB13954	Loperamide	Estradiol cypionate	0.3168067226890756	A		False	False
DB13956	DB00836	Estradiol valerate	Loperamide	0.3168067226890756		A	False	False
DB08912	DB00421	Dabrafenib	Spironolactone	0.3166666666666669	L	C	False	False
DB08901	DB01119	Ponatinib	Diazoxide	0.3166666666666669	L	C, V, G	False	False
DB00393	DB00482	Nimodipine	Celecoxib	0.3166666666666669	C	M, C, G, L	False	False
DB00675	DB01016	Tamoxifen	Glyburide	0.31666666666666665	L	A	False	False
DB01782	DB02546	Pyrazolanthrone	Vorinostat	0.31666666666666665		L	False	False
DB07557	DB02546	3,20-Pregnanedione	Vorinostat	0.31666666666666665		L	False	False
DB00675	DB01259	Tamoxifen	Lapatinib	0.31666666666666665	L	L	False	False
DB01234	DB03374	Dexamethasone	3,5-Diiodotyrosine	0.31666666666666665	C, A, S, R, H, D		False	False
DB06589	DB00482	Pazopanib	Celecoxib	0.31666666666666665	L	M, C, G, L	False	False
DB08896	DB00421	Regorafenib	Spironolactone	0.31666666666666665	L	C	False	False
DB00675	DB08896	Tamoxifen	Regorafenib	0.31666666666666665	L	L	False	False
DB02546	DB03374	Vorinostat	3,5-Diiodotyrosine	0.31666666666666665	L		False	False
DB03374	DB14649	3,5-Diiodotyrosine	Dexamethasone acetate	0.31666666666666665			False	False
DB01092	DB01244	Ouabain	Bepridil	0.3153846153846154	C	C	False	False
DB01244	DB08916	Bepridil	Afatinib	0.3153846153846154	C	L	False	False
DB03758	DB00836	Radicicol	Loperamide	0.31493506493506507		A	False	False
DB01229	DB00162	Paclitaxel	Vitamin A	0.31428571428571406	L	A, S, R, D, V	False	False
DB01248	DB00162	Docetaxel	Vitamin A	0.31428571428571406	L	A, S, R, D, V	False	False
DB00201	DB00313	Caffeine	Valproic acid	0.3138371290545203	R, V, N	N	False	False
DB06195	DB03756	Seliciclib	Doconexent	0.3131868131868132			False	False
DB00631	DB00313	Clofarabine	Valproic acid	0.31313131313131315	L	N	False	False
DB00201	DB00162	Caffeine	Vitamin A	0.31305418719211797	R, V, N	A, S, R, D, V	False	False
DB03496	DB08901	Alvocidib	Ponatinib	0.31282051282051304		L	False	False
DB00280	DB01088	Disopyramide	Iloprost	0.3125	C	B	False	False
DB07859	DB00280	4-(4-CHLOROPHENYL)-4-[4-(1H-PYRAZOL-4-YL)PHENYL]PIPERIDINE	Disopyramide	0.3125		C	False	False
DB08756	DB00280	Y-27632	Disopyramide	0.3125		C	False	False
DB02587	DB01115	Colforsin	Nifedipine	0.3125		C	False	False
DB03758	DB00280	Radicicol	Disopyramide	0.3125		C	False	False
DB08073	DB00280	(2S)-1-(1H-INDOL-3-YL)-3-{[5-(3-METHYL-1H-INDAZOL-5-YL)PYRIDIN-3-YL]OXY}PROPAN-2-AMINE	Disopyramide	0.3125		C	False	False
DB01115	DB01016	Nifedipine	Glyburide	0.3125	C	A	False	False
DB12695	DB00159	Phenethyl Isothiocyanate	Icosapent	0.3115800865800866			False	False
DB08896	DB01088	Regorafenib	Iloprost	0.3108974358974357	L	B	False	False
DB02587	DB00421	Colforsin	Spironolactone	0.3107142857142857		C	False	False
DB04216	DB01244	Quercetin	Bepridil	0.31011011011011		C	False	False
DB01229	DB01054	Paclitaxel	Nitrendipine	0.30952380952380953	L	C	False	False
DB05134	DB00281	Tanespimycin	Lidocaine	0.30952380952380953		C, S, R, N, D	False	False
DB01248	DB01054	Docetaxel	Nitrendipine	0.30952380952380953	L	C	False	False
DB07594	DB00281	CCT-018159	Lidocaine	0.30952380952380953		C, S, R, N, D	False	False
DB01054	DB00436	Nitrendipine	Bendroflumethiazide	0.3095238095238093	C	C, G	False	False
DB01023	DB01016	Felodipine	Glyburide	0.3086080586080584	C	A	False	False
DB00210	DB00162	Adapalene	Vitamin A	0.30833333333333335	D	A, S, R, D, V	False	False
DB04216	DB08916	Quercetin	Afatinib	0.30740740740740735		L	False	False
DB00834	DB06589	Mifepristone	Pazopanib	0.30714285714285716	G	L	False	False
DB03758	DB01244	Radicicol	Bepridil	0.30714285714285716		C	False	False
DB06589	DB14544	Pazopanib	Hydrocortisone valerate	0.30714285714285716	L		False	False
DB08080	DB01088	Latrunculin B	Iloprost	0.30681818181818166		B	False	False
DB00313	DB06486	Valproic acid	Enzastaurin	0.306781045751634	N		False	False
DB06152	DB00162	Nylidrin	Vitamin A	0.3058823529411767	C, G	A, S, R, D, V	False	False
DB12742	DB01244	Amuvatinib	Bepridil	0.3041666666666667		C	False	False
DB00608	DB01244	Chloroquine	Bepridil	0.3041666666666667	P	C	False	False
DB05984	DB04216	RAF-265	Quercetin	0.3039591315453385			False	False
DB00588	DB08916	Fluticasone propionate	Afatinib	0.3035714285714286		L	False	False
DB01013	DB01244	Clobetasol propionate	Bepridil	0.3025641025641024		C	False	False
DB00132	DB00436	alpha-Linolenic acid	Bendroflumethiazide	0.30113636363636376		C, G	False	False
DB02659	DB14544	Cholic Acid	Hydrocortisone valerate	0.30095238095238086	A		False	False
DB00834	DB02659	Mifepristone	Cholic Acid	0.30095238095238086	G	A	False	False
DB00717	DB00159	Norethisterone	Icosapent	0.30086580086580095	G		False	False
DB01013	DB00159	Clobetasol propionate	Icosapent	0.30086580086580095			True	False
DB00608	DB00280	Chloroquine	Disopyramide	0.30059523809523814	P	C	True	False
DB01229	DB00280	Paclitaxel	Disopyramide	0.30059523809523814	L	C	False	False
DB01248	DB00280	Docetaxel	Disopyramide	0.30059523809523814	L	C	False	False
DB00201	DB08901	Caffeine	Ponatinib	0.3004105090311986	R, V, N	L	False	False
DB13956	DB02546	Estradiol valerate	Vorinostat	0.30000000000000027		L	False	False
DB05294	DB14649	Vandetanib	Dexamethasone acetate	0.30000000000000027	L		False	False
DB02546	DB13954	Vorinostat	Estradiol cypionate	0.30000000000000027	L		False	False
DB05294	DB01234	Vandetanib	Dexamethasone	0.30000000000000027	L	C, A, S, R, H, D	False	False
DB11781	DB05266	Tosedostat	Ibudilast	0.30000000000000004		R	False	False
DB05294	DB03496	Vandetanib	Alvocidib	0.30000000000000004	L		False	False
DB00631	DB00396	Clofarabine	Progesterone	0.30000000000000004	L	G	False	False
DB08912	DB00482	Dabrafenib	Celecoxib	0.30000000000000004	L	M, C, G, L	False	False
DB00530	DB05266	Erlotinib	Ibudilast	0.30000000000000004	L	R	False	False
DB08912	DB00436	Dabrafenib	Bendroflumethiazide	0.30000000000000004	L	C, G	False	False
DB01222	DB05266	Budesonide	Ibudilast	0.30000000000000004	A, R, D	R	False	False
DB05266	DB00288	Ibudilast	Amcinonide	0.30000000000000004	R	D	False	False
DB05984	DB00396	RAF-265	Progesterone	0.30000000000000004		G	False	False
DB00631	DB13954	Clofarabine	Estradiol cypionate	0.30000000000000004	L		False	False
DB05294	DB08912	Vandetanib	Dabrafenib	0.30000000000000004	L	L	False	False
DB00631	DB05294	Clofarabine	Vandetanib	0.30000000000000004	L	L	False	False
DB05266	DB14544	Ibudilast	Hydrocortisone valerate	0.30000000000000004	R		False	False
DB00631	DB13956	Clofarabine	Estradiol valerate	0.30000000000000004	L		False	False
DB00393	DB01244	Nimodipine	Bepridil	0.30000000000000004	C	C	False	False
DB11781	DB08912	Tosedostat	Dabrafenib	0.30000000000000004		L	False	False
DB00630	DB05294	Alendronic acid	Vandetanib	0.30000000000000004	M	L	False	False
DB04297	DB05266	Trichostatin A	Ibudilast	0.30000000000000004		R	False	False
DB00630	DB00396	Alendronic acid	Progesterone	0.30000000000000004	M	G	False	False
DB11781	DB05294	Tosedostat	Vandetanib	0.30000000000000004		L	False	False
DB05984	DB05266	RAF-265	Ibudilast	0.30000000000000004		R	False	False
DB08080	DB05266	Latrunculin B	Ibudilast	0.30000000000000004		R	False	False
DB08912	DB01119	Dabrafenib	Diazoxide	0.30000000000000004	L	C, V, G	False	False
DB00818	DB00288	Propofol	Amcinonide	0.30000000000000004	N	D	False	False
DB00818	DB00243	Propofol	Ranolazine	0.30000000000000004	N	C	True	False
DB13956	DB00482	Estradiol valerate	Celecoxib	0.30000000000000004		M, C, G, L	False	False
DB00818	DB01380	Propofol	Cortisone acetate	0.30000000000000004	N		False	False
DB03496	DB00619	Alvocidib	Imatinib	0.30000000000000004		L	False	False
DB08080	DB13954	Latrunculin B	Estradiol cypionate	0.30000000000000004			False	False
DB08080	DB00622	Latrunculin B	Nicardipine	0.30000000000000004		C	False	False
DB04297	DB08912	Trichostatin A	Dabrafenib	0.30000000000000004		L	False	False
DB05294	DB00243	Vandetanib	Ranolazine	0.30000000000000004	L	C	False	False
DB08080	DB08912	Latrunculin B	Dabrafenib	0.30000000000000004		L	False	False
DB01222	DB00818	Budesonide	Propofol	0.30000000000000004	A, R, D	N	False	False
DB05266	DB01380	Ibudilast	Cortisone acetate	0.30000000000000004	R		False	False
DB00631	DB08912	Clofarabine	Dabrafenib	0.30000000000000004	L	L	False	False
DB00631	DB05266	Clofarabine	Ibudilast	0.30000000000000004	L	R	True	False
DB08912	DB08916	Dabrafenib	Afatinib	0.30000000000000004	L	L	False	False
DB00482	DB13954	Celecoxib	Estradiol cypionate	0.30000000000000004	M, C, G, L		False	False
DB13956	DB08080	Estradiol valerate	Latrunculin B	0.30000000000000004			False	False
DB00530	DB00818	Erlotinib	Propofol	0.30000000000000004	L	N	False	False
DB00834	DB05266	Mifepristone	Ibudilast	0.30000000000000004	G	R	False	False
DB00834	DB00818	Mifepristone	Propofol	0.30000000000000004	G	N	False	False
DB13956	DB01244	Estradiol valerate	Bepridil	0.30000000000000004		C	False	False
DB01244	DB13954	Bepridil	Estradiol cypionate	0.30000000000000004	C		False	False
DB01119	DB14649	Diazoxide	Dexamethasone acetate	0.2999999999999998	C, V, G		False	False
DB01234	DB01119	Dexamethasone	Diazoxide	0.2999999999999998	C, A, S, R, H, D	C, V, G	False	False
DB00675	DB00836	Tamoxifen	Loperamide	0.2991596638655465	L	A	False	False
DB03374	DB00159	3,5-Diiodotyrosine	Icosapent	0.29848484848484835			False	False
DB08080	DB01645	Latrunculin B	Genistein	0.29807692307692313			False	False
DB03496	DB01645	Alvocidib	Genistein	0.29807692307692313			False	False
DB00749	DB03374	Etodolac	3,5-Diiodotyrosine	0.29761904761904767	M		False	False
DB00717	DB03374	Norethisterone	3,5-Diiodotyrosine	0.29761904761904767	G		False	False
DB00159	DB07594	Icosapent	CCT-018159	0.2972027972027971			False	False
DB05134	DB00159	Tanespimycin	Icosapent	0.2972027972027971			False	False
DB00159	DB01259	Icosapent	Lapatinib	0.2972027972027971		L	False	False
DB00675	DB02659	Tamoxifen	Cholic Acid	0.29708141321044534	L	A	False	False
DB11886	DB00783	Infigratinib	Estradiol	0.29707792207792205		G	False	False
DB00280	DB00159	Disopyramide	Icosapent	0.29694976076555024	C		False	False
DB00630	DB11800	Alendronic acid	Tivozanib	0.2965909090909089	M	L	False	False
DB08073	DB02010	(2S)-1-(1H-INDOL-3-YL)-3-{[5-(3-METHYL-1H-INDAZOL-5-YL)PYRIDIN-3-YL]OXY}PROPAN-2-AMINE	Staurosporine	0.2963800904977376			False	False
DB07859	DB02010	4-(4-CHLOROPHENYL)-4-[4-(1H-PYRAZOL-4-YL)PHENYL]PIPERIDINE	Staurosporine	0.2963800904977376			False	False
DB08080	DB06589	Latrunculin B	Pazopanib	0.2961538461538462		L	False	False
DB00201	DB02052	Caffeine	Indirubin-3'-monoxime	0.2952380952380953	R, V, N		False	False
DB01248	DB00132	Docetaxel	alpha-Linolenic acid	0.2950089126559714	L		False	False
DB01229	DB00132	Paclitaxel	alpha-Linolenic acid	0.2950089126559714	L		False	False
DB05294	DB00159	Vandetanib	Icosapent	0.2943181818181819	L		False	False
DB02659	DB01380	Cholic Acid	Cortisone acetate	0.29399585921325055	A		False	False
DB01222	DB02659	Budesonide	Cholic Acid	0.29399585921325055	A, R, D	A	False	False
DB02659	DB00288	Cholic Acid	Amcinonide	0.29399585921325055	A	D	False	False
DB01388	DB14544	Mibefradil	Hydrocortisone valerate	0.29393939393939417	C		False	False
DB02546	DB12742	Vorinostat	Amuvatinib	0.29393939393939394	L		False	False
DB02659	DB13954	Cholic Acid	Estradiol cypionate	0.2938556067588325	A		False	False
DB13956	DB02659	Estradiol valerate	Cholic Acid	0.2938556067588325		A	False	False
DB00313	DB00436	Valproic acid	Bendroflumethiazide	0.29365079365079394	N	C, G	False	False
DB13956	DB02010	Estradiol valerate	Staurosporine	0.2933110367892977			False	False
DB02010	DB13954	Staurosporine	Estradiol cypionate	0.2933110367892977			False	False
DB00280	DB01119	Disopyramide	Diazoxide	0.29326923076923084	C	C, V, G	False	False
DB00675	DB03374	Tamoxifen	3,5-Diiodotyrosine	0.2928571428571427	L		False	False
DB01645	DB01016	Genistein	Glyburide	0.2921245421245422		A	False	False
DB07557	DB01088	3,20-Pregnanedione	Iloprost	0.29166666666666674		B	False	False
DB02587	DB01016	Colforsin	Glyburide	0.29166666666666674		A	False	False
DB07859	DB01088	4-(4-CHLOROPHENYL)-4-[4-(1H-PYRAZOL-4-YL)PHENYL]PIPERIDINE	Iloprost	0.29166666666666674		B	False	False
DB08073	DB01088	(2S)-1-(1H-INDOL-3-YL)-3-{[5-(3-METHYL-1H-INDAZOL-5-YL)PYRIDIN-3-YL]OXY}PROPAN-2-AMINE	Iloprost	0.29166666666666674		B	False	False
DB00631	DB00608	Clofarabine	Chloroquine	0.2916666666666665	L	P	False	False
DB05984	DB00608	RAF-265	Chloroquine	0.2916666666666665		P	False	False
DB01248	DB01259	Docetaxel	Lapatinib	0.2916666666666665	L	L	False	False
DB11781	DB00608	Tosedostat	Chloroquine	0.2916666666666665		P	False	False
DB04297	DB00608	Trichostatin A	Chloroquine	0.2916666666666665		P	False	False
DB08059	DB02052	Wortmannin	Indirubin-3'-monoxime	0.2916666666666665			False	False
DB01229	DB01259	Paclitaxel	Lapatinib	0.2916666666666665	L	L	False	False
DB01645	DB03756	Genistein	Doconexent	0.2914979757085021			False	False
DB00280	DB00836	Disopyramide	Loperamide	0.29107142857142865	C	A	False	False
DB11781	DB01645	Tosedostat	Genistein	0.2897435897435898			False	False
DB05984	DB01645	RAF-265	Genistein	0.2897435897435898			False	False
DB00608	DB00159	Chloroquine	Icosapent	0.2896613190730837	P		False	False
DB01645	DB06486	Genistein	Enzastaurin	0.28914835164835173			False	False
DB01054	DB00162	Nitrendipine	Vitamin A	0.2883116883116883	C	A, S, R, D, V	False	False
DB00280	DB12695	Disopyramide	Phenethyl Isothiocyanate	0.28828616352201264	C		False	False
DB01115	DB00132	Nifedipine	alpha-Linolenic acid	0.2879784688995217	C		False	False
DB01229	DB00836	Paclitaxel	Loperamide	0.28754578754578763	L	A	False	False
DB01248	DB00836	Docetaxel	Loperamide	0.28754578754578763	L	A	False	False
DB06152	DB01115	Nylidrin	Nifedipine	0.2875000000000001	C, G	C	False	False
DB05984	DB01115	RAF-265	Nifedipine	0.2875000000000001		C	False	False
DB08901	DB01088	Ponatinib	Iloprost	0.28731884057971024	L	B	True	False
DB13956	DB08901	Estradiol valerate	Ponatinib	0.2866666666666666		L	False	False
DB00396	DB08901	Progesterone	Ponatinib	0.2866666666666666	G	L	False	False
DB08901	DB13954	Ponatinib	Estradiol cypionate	0.2866666666666666	L		False	False
DB00159	DB01244	Icosapent	Bepridil	0.2865800865800865		C	False	False
DB06486	DB12695	Enzastaurin	Phenethyl Isothiocyanate	0.28592767295597477			False	False
DB06195	DB01393	Seliciclib	Bezafibrate	0.2857142857142858		C	False	False
DB08877	DB08916	Ruxolitinib	Afatinib	0.2857142857142858	L	L	False	False
DB07557	DB00393	3,20-Pregnanedione	Nimodipine	0.2857142857142858		C	False	False
DB06195	DB00459	Seliciclib	Acitretin	0.2857142857142858		D	False	False
DB00393	DB03374	Nimodipine	3,5-Diiodotyrosine	0.2857142857142858	C		False	False
DB08895	DB08916	Tofacitinib	Afatinib	0.2857142857142858	L	L	False	False
DB00631	DB00783	Clofarabine	Estradiol	0.2857142857142856	L	G	False	False
DB00783	DB00482	Estradiol	Celecoxib	0.2857142857142856	G	M, C, G, L	False	False
DB00631	DB00243	Clofarabine	Ranolazine	0.2857142857142856	L	C	False	False
DB08080	DB00783	Latrunculin B	Estradiol	0.2857142857142856		G	False	False
DB00631	DB00436	Clofarabine	Bendroflumethiazide	0.2857142857142856	L	C, G	False	False
DB04297	DB00436	Trichostatin A	Bendroflumethiazide	0.2857142857142856		C, G	False	False
DB00631	DB01119	Clofarabine	Diazoxide	0.2857142857142856	L	C, V, G	True	False
DB05984	DB00783	RAF-265	Estradiol	0.2857142857142856		G	False	False
DB11781	DB00482	Tosedostat	Celecoxib	0.2857142857142856		M, C, G, L	False	False
DB00631	DB00482	Clofarabine	Celecoxib	0.2857142857142856	L	M, C, G, L	False	False
DB04297	DB00243	Trichostatin A	Ranolazine	0.2857142857142856		C	False	False
DB01023	DB00313	Felodipine	Valproic acid	0.28515928515928524	C	N	True	False
DB00280	DB00313	Disopyramide	Valproic acid	0.2847222222222223	C	N	True	False
DB02546	DB02010	Vorinostat	Staurosporine	0.2846153846153845	L		False	False
DB01234	DB02010	Dexamethasone	Staurosporine	0.2846153846153845	C, A, S, R, H, D		False	False
DB02010	DB14649	Staurosporine	Dexamethasone acetate	0.2846153846153845			False	False
DB00675	DB08916	Tamoxifen	Afatinib	0.2846153846153845	L	L	False	False
DB07863	DB00675	2-chloro-5-nitro-N-phenylbenzamide	Tamoxifen	0.2846153846153845		L	False	False
DB00201	DB00243	Caffeine	Ranolazine	0.28383458646616533	R, V, N	C	False	False
DB01268	DB00482	Sunitinib	Celecoxib	0.28365384615384626	L	M, C, G, L	False	False
DB06152	DB06589	Nylidrin	Pazopanib	0.28333333333333366	C, G	L	False	False
DB00631	DB01244	Clofarabine	Bepridil	0.28333333333333344	L	C	True	False
DB00630	DB00421	Alendronic acid	Spironolactone	0.28333333333333344	M	C	False	False
DB05984	DB01244	RAF-265	Bepridil	0.28333333333333344		C	False	False
DB04297	DB01244	Trichostatin A	Bepridil	0.28333333333333344		C	False	False
DB01782	DB03496	Pyrazolanthrone	Alvocidib	0.28333333333333344			False	False
DB00630	DB00717	Alendronic acid	Norethisterone	0.2833333333333332	M	G	False	False
DB06589	DB01259	Pazopanib	Lapatinib	0.2833333333333332	L	L	False	False
DB01259	DB01244	Lapatinib	Bepridil	0.2833333333333332	L	C	True	False
DB00421	DB00243	Spironolactone	Ranolazine	0.2833333333333332	C	C	False	False
DB01645	DB08901	Genistein	Ponatinib	0.2826007326007325		L	False	False
DB04216	DB00482	Quercetin	Celecoxib	0.28240740740740744		M, C, G, L	False	False
DB02010	DB01244	Staurosporine	Bepridil	0.280267558528428		C	False	False
DB08059	DB00749	Wortmannin	Etodolac	0.2797619047619049		M	False	False
DB02587	DB07995	Colforsin	H-89	0.2797619047619049			False	False
DB07859	DB01054	4-(4-CHLOROPHENYL)-4-[4-(1H-PYRAZOL-4-YL)PHENYL]PIPERIDINE	Nitrendipine	0.27922077922077926		C	False	False
DB08756	DB01054	Y-27632	Nitrendipine	0.27922077922077926		C	False	False
DB08073	DB01054	(2S)-1-(1H-INDOL-3-YL)-3-{[5-(3-METHYL-1H-INDAZOL-5-YL)PYRIDIN-3-YL]OXY}PROPAN-2-AMINE	Nitrendipine	0.27922077922077926		C	False	False
DB01088	DB00243	Iloprost	Ranolazine	0.27884615384615374	B	C	False	False
DB00201	DB03496	Caffeine	Alvocidib	0.2785714285714287	R, V, N		False	False
DB08896	DB12695	Regorafenib	Phenethyl Isothiocyanate	0.2785714285714287	L		False	False
DB08080	DB01115	Latrunculin B	Nifedipine	0.27840909090909083		C	False	False
DB01013	DB03756	Clobetasol propionate	Doconexent	0.2777777777777779			False	False
DB04297	DB01393	Trichostatin A	Bezafibrate	0.2777777777777777		C	False	False
DB00749	DB01229	Etodolac	Paclitaxel	0.2777777777777777	M	L	False	False
DB00749	DB01248	Etodolac	Docetaxel	0.2777777777777777	M	L	False	False
DB12500	DB00608	Fedratinib	Chloroquine	0.2777777777777777	L	P	False	False
DB01248	DB00659	Docetaxel	Acamprosate	0.2777777777777777	L	N	False	False
DB01013	DB01229	Clobetasol propionate	Paclitaxel	0.2777777777777777		L	False	False
DB01013	DB01248	Clobetasol propionate	Docetaxel	0.2777777777777777		L	False	False
DB01229	DB00659	Paclitaxel	Acamprosate	0.2777777777777777	L	N	False	False
DB08073	DB01119	(2S)-1-(1H-INDOL-3-YL)-3-{[5-(3-METHYL-1H-INDAZOL-5-YL)PYRIDIN-3-YL]OXY}PROPAN-2-AMINE	Diazoxide	0.2777777777777777		C, V, G	False	False
DB00717	DB01229	Norethisterone	Paclitaxel	0.2777777777777777	G	L	False	False
DB08080	DB00608	Latrunculin B	Chloroquine	0.2777777777777777		P	False	False
DB00717	DB01248	Norethisterone	Docetaxel	0.2777777777777777	G	L	False	False
DB07859	DB01119	4-(4-CHLOROPHENYL)-4-[4-(1H-PYRAZOL-4-YL)PHENYL]PIPERIDINE	Diazoxide	0.2777777777777777		C, V, G	False	False
DB02424	DB00608	Geldanamycin	Chloroquine	0.2777777777777777		P	False	False
DB02587	DB12695	Colforsin	Phenethyl Isothiocyanate	0.27772108843537424			False	False
DB06195	DB00159	Seliciclib	Icosapent	0.2770562770562772			False	False
DB00201	DB07995	Caffeine	H-89	0.276610644257703	R, V, N		False	False
DB02424	DB00201	Geldanamycin	Caffeine	0.276610644257703		R, V, N	False	False
DB01088	DB00659	Iloprost	Acamprosate	0.2765151515151516	B	N	False	False
DB12500	DB00281	Fedratinib	Lidocaine	0.2761904761904763	L	C, S, R, N, D	False	False
DB02587	DB00201	Colforsin	Caffeine	0.2757936507936509		R, V, N	False	False
DB00630	DB00608	Alendronic acid	Chloroquine	0.27575757575757587	M	P	True	False
DB00717	DB00393	Norethisterone	Nimodipine	0.27564102564102577	G	C	False	False
DB07080	DB00132	TO-901317	alpha-Linolenic acid	0.2754010695187168			False	False
DB03496	DB02546	Alvocidib	Vorinostat	0.2749999999999999		L	False	False
DB11886	DB03496	Infigratinib	Alvocidib	0.2749999999999999			False	False
DB07995	DB01388	H-89	Mibefradil	0.27489177489177474		C	False	False
DB08080	DB04216	Latrunculin B	Quercetin	0.27407407407407414			False	False
DB01016	DB00159	Glyburide	Icosapent	0.27392344497607635	A		False	False
DB12500	DB08896	Fedratinib	Regorafenib	0.2738095238095237	L	L	False	False
DB00619	DB01259	Imatinib	Lapatinib	0.2727272727272727	L	L	True	False
DB00619	DB01088	Imatinib	Iloprost	0.2720588235294117	L	B	True	False
DB01054	DB00280	Nitrendipine	Disopyramide	0.27202380952380967	C	C	False	False
DB00132	DB00588	alpha-Linolenic acid	Fluticasone propionate	0.2719696969696972			False	False
DB01013	DB00675	Clobetasol propionate	Tamoxifen	0.27179487179487194		L	False	False
DB08175	DB00675	(2E,4E)-11-METHOXY-3,7,11-TRIMETHYLDODECA-2,4-DIENOIC ACID	Tamoxifen	0.27179487179487194		L	False	False
DB08756	DB01244	Y-27632	Bepridil	0.27142857142857135		C	False	False
DB07859	DB01244	4-(4-CHLOROPHENYL)-4-[4-(1H-PYRAZOL-4-YL)PHENYL]PIPERIDINE	Bepridil	0.27142857142857135		C	False	False
DB08073	DB01244	(2S)-1-(1H-INDOL-3-YL)-3-{[5-(3-METHYL-1H-INDAZOL-5-YL)PYRIDIN-3-YL]OXY}PROPAN-2-AMINE	Bepridil	0.27142857142857135		C	False	False
DB02052	DB02546	Indirubin-3'-monoxime	Vorinostat	0.27121212121212124		L	False	False
DB02052	DB14649	Indirubin-3'-monoxime	Dexamethasone acetate	0.27121212121212124			False	False
DB01234	DB02052	Dexamethasone	Indirubin-3'-monoxime	0.27121212121212124	C, A, S, R, H, D		False	False
DB02587	DB00280	Colforsin	Disopyramide	0.27083333333333326		C	False	False
DB01268	DB01103	Sunitinib	Quinacrine	0.27083333333333326	L	P	False	False
DB08073	DB06486	(2S)-1-(1H-INDOL-3-YL)-3-{[5-(3-METHYL-1H-INDAZOL-5-YL)PYRIDIN-3-YL]OXY}PROPAN-2-AMINE	Enzastaurin	0.27083333333333326			False	False
DB07859	DB06486	4-(4-CHLOROPHENYL)-4-[4-(1H-PYRAZOL-4-YL)PHENYL]PIPERIDINE	Enzastaurin	0.27083333333333326			False	False
DB00834	DB06486	Mifepristone	Enzastaurin	0.27083333333333326	G		False	False
DB00834	DB12695	Mifepristone	Phenethyl Isothiocyanate	0.2700680272108844	G		False	False
DB04297	DB04216	Trichostatin A	Quercetin	0.26947637292464877			False	False
DB01023	DB01645	Felodipine	Genistein	0.2692307692307694	C		False	False
DB00783	DB01016	Estradiol	Glyburide	0.269047619047619	G	A	False	False
DB01645	DB00588	Genistein	Fluticasone propionate	0.2686651583710409			False	False
DB00619	DB04216	Imatinib	Quercetin	0.2685185185185186	L		False	False
DB00162	DB01088	Vitamin A	Iloprost	0.2684782608695655	A, S, R, D, V	B	False	False
DB00717	DB00132	Norethisterone	alpha-Linolenic acid	0.2683982683982684	G		False	False
DB08175	DB00132	(2E,4E)-11-METHOXY-3,7,11-TRIMETHYLDODECA-2,4-DIENOIC ACID	alpha-Linolenic acid	0.2683982683982684			False	False
DB00280	DB08901	Disopyramide	Ponatinib	0.26829710144927543	C	L	False	False
DB01023	DB00608	Felodipine	Chloroquine	0.2678812415654521	C	P	False	False
DB01023	DB12742	Felodipine	Amuvatinib	0.2678812415654521	C		False	False
DB00393	DB00588	Nimodipine	Fluticasone propionate	0.2678571428571428	C		False	False
DB00619	DB00281	Imatinib	Lidocaine	0.2678571428571428	L	C, S, R, N, D	False	False
DB02546	DB01645	Vorinostat	Genistein	0.2675213675213677	L		False	False
DB05294	DB13956	Vandetanib	Estradiol valerate	0.26666666666666683	L		False	False
DB00482	DB01244	Celecoxib	Bepridil	0.26666666666666683	M, C, G, L	C	False	False
DB05294	DB13954	Vandetanib	Estradiol cypionate	0.26666666666666683	L		False	False
DB07859	DB00608	4-(4-CHLOROPHENYL)-4-[4-(1H-PYRAZOL-4-YL)PHENYL]PIPERIDINE	Chloroquine	0.2666666666666666		P	False	False
DB00675	DB00436	Tamoxifen	Bendroflumethiazide	0.2666666666666666	L	C, G	False	False
DB00631	DB08896	Clofarabine	Regorafenib	0.2666666666666666	L	L	False	False
DB08073	DB00608	(2S)-1-(1H-INDOL-3-YL)-3-{[5-(3-METHYL-1H-INDAZOL-5-YL)PYRIDIN-3-YL]OXY}PROPAN-2-AMINE	Chloroquine	0.2666666666666666		P	False	False
DB12742	DB14544	Amuvatinib	Hydrocortisone valerate	0.2666666666666666			False	False
DB11781	DB08896	Tosedostat	Regorafenib	0.2666666666666666		L	False	False
DB08073	DB12742	(2S)-1-(1H-INDOL-3-YL)-3-{[5-(3-METHYL-1H-INDAZOL-5-YL)PYRIDIN-3-YL]OXY}PROPAN-2-AMINE	Amuvatinib	0.2666666666666666			False	False
DB07859	DB12742	4-(4-CHLOROPHENYL)-4-[4-(1H-PYRAZOL-4-YL)PHENYL]PIPERIDINE	Amuvatinib	0.2666666666666666			False	False
DB00675	DB08901	Tamoxifen	Ponatinib	0.2666666666666666	L	L	False	False
DB02424	DB12695	Geldanamycin	Phenethyl Isothiocyanate	0.2666666666666666			False	False
DB08756	DB01229	Y-27632	Paclitaxel	0.2666666666666666		L	False	False
DB08756	DB01248	Y-27632	Docetaxel	0.2666666666666666		L	False	False
DB01782	DB02052	Pyrazolanthrone	Indirubin-3'-monoxime	0.2666666666666666			False	False
DB00630	DB01244	Alendronic acid	Bepridil	0.2666666666666666	M	C	False	False
DB01645	DB00281	Genistein	Lidocaine	0.2659340659340661		C, S, R, N, D	False	False
DB01115	DB00436	Nifedipine	Bendroflumethiazide	0.2644230769230771	C	C, G	False	False
DB00396	DB03374	Progesterone	3,5-Diiodotyrosine	0.26428571428571423	G		False	False
DB00588	DB01119	Fluticasone propionate	Diazoxide	0.26388888888888884		C, V, G	False	False
DB00132	DB14649	alpha-Linolenic acid	Dexamethasone acetate	0.26363636363636367			False	False
DB02546	DB00132	Vorinostat	alpha-Linolenic acid	0.26363636363636367	L		False	False
DB01234	DB00132	Dexamethasone	alpha-Linolenic acid	0.26363636363636367	C, A, S, R, H, D		False	False
DB01782	DB00783	Pyrazolanthrone	Estradiol	0.2629870129870129		G	False	False
DB04297	DB00280	Trichostatin A	Disopyramide	0.2625000000000002		C	False	False
DB00280	DB07997	Disopyramide	N-[2-(METHYLAMINO)ETHYL]-5-ISOQUINOLINESULFONAMIDE	0.26249999999999996	C		False	False
DB00280	DB07594	Disopyramide	CCT-018159	0.26249999999999996	C		False	False
DB00280	DB07996	Disopyramide	5-(2-methylpiperazine-1-sulfonyl)isoquinoline	0.26249999999999996	C		False	False
DB05134	DB00280	Tanespimycin	Disopyramide	0.26249999999999996		C	False	False
DB05294	DB02052	Vandetanib	Indirubin-3'-monoxime	0.2621212121212122	L		False	False
DB06152	DB00836	Nylidrin	Loperamide	0.2619047619047623	C, G	A	False	False
DB00210	DB00436	Adapalene	Bendroflumethiazide	0.2619047619047621	D	C, G	False	False
DB01013	DB08073	Clobetasol propionate	(2S)-1-(1H-INDOL-3-YL)-3-{[5-(3-METHYL-1H-INDAZOL-5-YL)PYRIDIN-3-YL]OXY}PROPAN-2-AMINE	0.2619047619047621			False	False
DB02424	DB08756	Geldanamycin	Y-27632	0.2619047619047621			False	False
DB01013	DB07859	Clobetasol propionate	4-(4-CHLOROPHENYL)-4-[4-(1H-PYRAZOL-4-YL)PHENYL]PIPERIDINE	0.2619047619047621			False	False
DB00201	DB01782	Caffeine	Pyrazolanthrone	0.26190476190476186	R, V, N		False	False
DB00412	DB00482	Rosiglitazone	Celecoxib	0.26190476190476186	A	M, C, G, L	False	False
DB00459	DB01103	Acitretin	Quinacrine	0.26190476190476186	D	P	False	False
DB00717	DB00459	Norethisterone	Acitretin	0.26190476190476186	G	D	False	False
DB01013	DB06195	Clobetasol propionate	Seliciclib	0.26190476190476186			False	False
DB01013	DB00459	Clobetasol propionate	Acitretin	0.26190476190476186		D	False	False
DB00749	DB06195	Etodolac	Seliciclib	0.26190476190476186	M		False	False
DB02424	DB00836	Geldanamycin	Loperamide	0.26190476190476186		A	False	False
DB06195	DB00436	Seliciclib	Bendroflumethiazide	0.26190476190476186		C, G	False	False
DB03496	DB08896	Alvocidib	Regorafenib	0.2614942528735631		L	False	False
DB08901	DB07594	Ponatinib	CCT-018159	0.2607843137254904	L		False	False
DB05134	DB08901	Tanespimycin	Ponatinib	0.2607843137254904		L	False	False
DB00132	DB00783	alpha-Linolenic acid	Estradiol	0.2604617604617605		G	False	False
DB00630	DB00281	Alendronic acid	Lidocaine	0.2595238095238097	M	C, S, R, N, D	False	False
DB07080	DB01115	TO-901317	Nifedipine	0.2589285714285714		C	False	False
DB05984	DB00159	RAF-265	Icosapent	0.25874125874125875			False	False
DB00631	DB00159	Clofarabine	Icosapent	0.25874125874125875	L		False	False
DB00818	DB01103	Propofol	Quinacrine	0.2583333333333333	N	P	False	False
DB12500	DB05294	Fedratinib	Vandetanib	0.2583333333333333	L	L	False	False
DB12500	DB08912	Fedratinib	Dabrafenib	0.2583333333333333	L	L	False	False
DB08901	DB00210	Ponatinib	Adapalene	0.2583333333333333	L	D	False	False
DB01013	DB05294	Clobetasol propionate	Vandetanib	0.2583333333333333		L	False	False
DB05294	DB07995	Vandetanib	H-89	0.2583333333333333	L		False	False
DB07995	DB00818	H-89	Propofol	0.2583333333333333		N	False	False
DB00717	DB08912	Norethisterone	Dabrafenib	0.2583333333333333	G	L	False	False
DB06195	DB00588	Seliciclib	Fluticasone propionate	0.2581168831168832			False	False
DB06589	DB08916	Pazopanib	Afatinib	0.25769230769230766	L	L	False	False
DB00608	DB00482	Chloroquine	Celecoxib	0.25757575757575735	P	M, C, G, L	False	False
DB01229	DB00243	Paclitaxel	Ranolazine	0.25757575757575735	L	C	False	False
DB12742	DB01119	Amuvatinib	Diazoxide	0.25757575757575735		C, V, G	False	False
DB12742	DB00436	Amuvatinib	Bendroflumethiazide	0.25757575757575735		C, G	False	False
DB00608	DB00243	Chloroquine	Ranolazine	0.25757575757575735	P	C	False	False
DB00608	DB01119	Chloroquine	Diazoxide	0.25757575757575735	P	C, V, G	False	False
DB01248	DB00243	Docetaxel	Ranolazine	0.25757575757575735	L	C	False	False
DB00608	DB00436	Chloroquine	Bendroflumethiazide	0.25757575757575735	P	C, G	False	False
DB00421	DB03374	Spironolactone	3,5-Diiodotyrosine	0.2571428571428571	C		False	False
DB00717	DB01645	Norethisterone	Genistein	0.2564102564102564	G		False	False
DB01645	DB00482	Genistein	Celecoxib	0.2564102564102564		M, C, G, L	False	False
DB01645	DB00243	Genistein	Ranolazine	0.2564102564102564		C	False	False
DB08080	DB01268	Latrunculin B	Sunitinib	0.2556818181818181		L	False	False
DB12742	DB00313	Amuvatinib	Valproic acid	0.25555555555555554		N	False	False
DB08901	DB04216	Ponatinib	Quercetin	0.25502645502645516	L		False	False
DB03496	DB12742	Alvocidib	Amuvatinib	0.2549019607843135			False	False
DB03758	DB12695	Radicicol	Phenethyl Isothiocyanate	0.25476190476190474			False	False
DB00675	DB02052	Tamoxifen	Indirubin-3'-monoxime	0.25416666666666665	L		False	False
DB05984	DB00281	RAF-265	Lidocaine	0.25396825396825395		C, S, R, N, D	False	False
DB06152	DB01023	Nylidrin	Felodipine	0.25384615384615383	C, G	C	False	False
DB12695	DB00482	Phenethyl Isothiocyanate	Celecoxib	0.2533333333333334		M, C, G, L	False	False
DB12695	DB01119	Phenethyl Isothiocyanate	Diazoxide	0.2533333333333334		C, V, G	False	False
DB01229	DB08901	Paclitaxel	Ponatinib	0.2523809523809524	L	L	False	False
DB01248	DB08901	Docetaxel	Ponatinib	0.2523809523809524	L	L	False	False
DB08901	DB00783	Ponatinib	Estradiol	0.2523809523809524	L	G	False	False
DB01023	DB00159	Felodipine	Icosapent	0.25233100233100236	C		False	False
DB11800	DB02010	Tivozanib	Staurosporine	0.252039627039627	L		False	False
DB02052	DB00281	Indirubin-3'-monoxime	Lidocaine	0.2518315018315018		C, S, R, N, D	False	False
DB01645	DB00412	Genistein	Rosiglitazone	0.25164835164835164		A	False	False
DB00396	DB00280	Progesterone	Disopyramide	0.2513888888888889	G	C	False	False
DB00783	DB01244	Estradiol	Bepridil	0.2504201680672269	G	C	False	False
DB02659	DB00159	Cholic Acid	Icosapent	0.2502705627705626	A		False	False
DB06152	DB07996	Nylidrin	5-(2-methylpiperazine-1-sulfonyl)isoquinoline	0.25	C, G		False	False
DB01782	DB14544	Pyrazolanthrone	Hydrocortisone valerate	0.25			False	False
DB11781	DB01782	Tosedostat	Pyrazolanthrone	0.25			False	False
DB03758	DB11886	Radicicol	Infigratinib	0.25			False	False
DB01782	DB00243	Pyrazolanthrone	Ranolazine	0.25		C	False	False
DB08080	DB03374	Latrunculin B	3,5-Diiodotyrosine	0.25			False	False
DB07557	DB03758	3,20-Pregnanedione	Radicicol	0.25			False	False
DB03758	DB03374	Radicicol	3,5-Diiodotyrosine	0.25			False	False
DB00631	DB01782	Clofarabine	Pyrazolanthrone	0.25	L		False	False
DB07557	DB00631	3,20-Pregnanedione	Clofarabine	0.25		L	False	False
DB05134	DB15399	Tanespimycin	BMS-754807	0.25			False	False
DB03758	DB03756	Radicicol	Doconexent	0.25			False	False
DB03758	DB00482	Radicicol	Celecoxib	0.25		M, C, G, L	False	False
DB03758	DB01016	Radicicol	Glyburide	0.25		A	False	False
DB00631	DB00393	Clofarabine	Nimodipine	0.25	L	C	True	False
DB01782	DB01380	Pyrazolanthrone	Cortisone acetate	0.25			False	False
DB05984	DB01782	RAF-265	Pyrazolanthrone	0.25			False	False
DB05134	DB07996	Tanespimycin	5-(2-methylpiperazine-1-sulfonyl)isoquinoline	0.25			False	False
DB08080	DB01782	Latrunculin B	Pyrazolanthrone	0.25			False	False
DB11781	DB03758	Tosedostat	Radicicol	0.25			False	False
DB03758	DB00436	Radicicol	Bendroflumethiazide	0.25		C, G	False	False
DB03758	DB00243	Radicicol	Ranolazine	0.25		C	False	False
DB15399	DB07594	BMS-754807	CCT-018159	0.25			False	False
DB03758	DB08877	Radicicol	Ruxolitinib	0.25		L	False	False
DB00619	DB08916	Imatinib	Afatinib	0.25	L	L	False	False
DB06152	DB07080	Nylidrin	TO-901317	0.25	C, G		False	False
DB01222	DB01782	Budesonide	Pyrazolanthrone	0.25	A, R, D		False	False
DB01782	DB01119	Pyrazolanthrone	Diazoxide	0.25		C, V, G	False	False
DB01782	DB00288	Pyrazolanthrone	Amcinonide	0.25		D	False	False
DB06152	DB07997	Nylidrin	N-[2-(METHYLAMINO)ETHYL]-5-ISOQUINOLINESULFONAMIDE	0.25	C, G		False	False
DB03758	DB08895	Radicicol	Tofacitinib	0.25		L	False	False
DB03758	DB08080	Radicicol	Latrunculin B	0.25			False	False
DB01248	DB08896	Docetaxel	Regorafenib	0.25	L	L	False	False
DB04149	DB07996	(R)-Rolipram	5-(2-methylpiperazine-1-sulfonyl)isoquinoline	0.25			False	False
DB04149	DB03374	(R)-Rolipram	3,5-Diiodotyrosine	0.25			False	False
DB02587	DB03374	Colforsin	3,5-Diiodotyrosine	0.25			False	False
DB04149	DB07997	(R)-Rolipram	N-[2-(METHYLAMINO)ETHYL]-5-ISOQUINOLINESULFONAMIDE	0.25			False	False
DB11781	DB07557	Tosedostat	3,20-Pregnanedione	0.25			False	False
DB08756	DB00834	Y-27632	Mifepristone	0.25		G	False	False
DB03374	DB07594	3,5-Diiodotyrosine	CCT-018159	0.25			False	False
DB03374	DB00436	3,5-Diiodotyrosine	Bendroflumethiazide	0.25		C, G	False	False
DB05134	DB01782	Tanespimycin	Pyrazolanthrone	0.25			False	False
DB15399	DB03758	BMS-754807	Radicicol	0.25			False	False
DB01259	DB07996	Lapatinib	5-(2-methylpiperazine-1-sulfonyl)isoquinoline	0.25	L		False	False
DB01259	DB07997	Lapatinib	N-[2-(METHYLAMINO)ETHYL]-5-ISOQUINOLINESULFONAMIDE	0.25	L		False	False
DB00834	DB01782	Mifepristone	Pyrazolanthrone	0.25	G		False	False
DB01782	DB07594	Pyrazolanthrone	CCT-018159	0.25			False	False
DB08896	DB01103	Regorafenib	Quinacrine	0.25	L	P	False	False
DB05134	DB07997	Tanespimycin	N-[2-(METHYLAMINO)ETHYL]-5-ISOQUINOLINESULFONAMIDE	0.25			False	False
DB07557	DB01259	3,20-Pregnanedione	Lapatinib	0.25		L	False	False
DB05134	DB07557	Tanespimycin	3,20-Pregnanedione	0.25			False	False
DB01119	DB08916	Diazoxide	Afatinib	0.25	C, V, G	L	False	False
DB07594	DB07996	CCT-018159	5-(2-methylpiperazine-1-sulfonyl)isoquinoline	0.25			False	False
DB03758	DB01119	Radicicol	Diazoxide	0.25		C, V, G	False	False
DB01248	DB00608	Docetaxel	Chloroquine	0.25	L	P	False	False
DB02052	DB00608	Indirubin-3'-monoxime	Chloroquine	0.25		P	False	False
DB00162	DB01119	Vitamin A	Diazoxide	0.25	A, S, R, D, V	C, V, G	False	False
DB08059	DB07557	Wortmannin	3,20-Pregnanedione	0.25			False	False
DB00482	DB08916	Celecoxib	Afatinib	0.25	M, C, G, L	L	False	False
DB01229	DB00608	Paclitaxel	Chloroquine	0.25	L	P	False	False
DB11781	DB03374	Tosedostat	3,5-Diiodotyrosine	0.25			False	False
DB00631	DB03758	Clofarabine	Radicicol	0.25	L		False	False
DB08059	DB11886	Wortmannin	Infigratinib	0.25			False	False
DB07080	DB03758	TO-901317	Radicicol	0.25			False	False
DB05134	DB03374	Tanespimycin	3,5-Diiodotyrosine	0.25			False	False
DB04297	DB07557	Trichostatin A	3,20-Pregnanedione	0.25			False	False
DB01229	DB08896	Paclitaxel	Regorafenib	0.25	L	L	False	False
DB03496	DB01119	Alvocidib	Diazoxide	0.25		C, V, G	False	False
DB00631	DB03374	Clofarabine	3,5-Diiodotyrosine	0.25	L		False	False
DB07557	DB07594	3,20-Pregnanedione	CCT-018159	0.25			False	False
DB07557	DB01016	3,20-Pregnanedione	Glyburide	0.25		A	False	False
DB08059	DB08877	Wortmannin	Ruxolitinib	0.25		L	True	False
DB08059	DB08895	Wortmannin	Tofacitinib	0.25		L	False	False
DB07594	DB07997	CCT-018159	N-[2-(METHYLAMINO)ETHYL]-5-ISOQUINOLINESULFONAMIDE	0.25			False	False
DB01023	DB00675	Felodipine	Tamoxifen	0.24949832775919734	C	L	False	False
DB00280	DB00162	Disopyramide	Vitamin A	0.24945652173913047	C	A, S, R, D, V	False	False
DB01013	DB13954	Clobetasol propionate	Estradiol cypionate	0.24871794871794872			False	False
DB01013	DB13956	Clobetasol propionate	Estradiol valerate	0.24871794871794872			False	False
DB00280	DB08896	Disopyramide	Regorafenib	0.24839743589743568	C	L	False	False
DB06152	DB00132	Nylidrin	alpha-Linolenic acid	0.24825174825174834	C, G		False	False
DB00619	DB02010	Imatinib	Staurosporine	0.24825174825174812	L		False	False
DB00313	DB12695	Valproic acid	Phenethyl Isothiocyanate	0.248148148148148	N		False	False
DB01115	DB07995	Nifedipine	H-89	0.24810606060606077	C		False	False
DB00717	DB01115	Norethisterone	Nifedipine	0.24810606060606077	G	C	False	False
DB00608	DB12695	Chloroquine	Phenethyl Isothiocyanate	0.24705882352941178	P		False	False
DB00836	DB14544	Loperamide	Hydrocortisone valerate	0.24675324675324672	A		False	False
DB08901	DB00281	Ponatinib	Lidocaine	0.24588744588744604	L	C, S, R, N, D	False	False
DB01234	DB06195	Dexamethasone	Seliciclib	0.24523809523809548	C, A, S, R, H, D		False	False
DB00459	DB14649	Acitretin	Dexamethasone acetate	0.24523809523809548	D		False	False
DB06195	DB14649	Seliciclib	Dexamethasone acetate	0.24523809523809548			False	False
DB01234	DB00459	Dexamethasone	Acitretin	0.24523809523809548	C, A, S, R, H, D	D	False	False
DB01229	DB00201	Paclitaxel	Caffeine	0.24523809523809526	L	R, V, N	False	False
DB01248	DB00201	Docetaxel	Caffeine	0.24523809523809526	L	R, V, N	False	False
DB08896	DB06195	Regorafenib	Seliciclib	0.24523809523809526	L		False	False
DB02587	DB00281	Colforsin	Lidocaine	0.2451298701298701		C, S, R, N, D	False	False
DB01234	DB04216	Dexamethasone	Quercetin	0.24490740740740735	C, A, S, R, H, D		False	False
DB04216	DB14649	Quercetin	Dexamethasone acetate	0.24490740740740735			False	False
DB00201	DB04216	Caffeine	Quercetin	0.24451542134468962	R, V, N		False	False
DB08756	DB05266	Y-27632	Ibudilast	0.24444444444444446		R	False	False
DB00622	DB01103	Nicardipine	Quinacrine	0.24444444444444446	C	P	False	False
DB01115	DB00162	Nifedipine	Vitamin A	0.2440217391304349	C	A, S, R, D, V	False	False
DB00396	DB00159	Progesterone	Icosapent	0.24372294372294379	G		False	False
DB00162	DB00159	Vitamin A	Icosapent	0.2433566433566432	A, S, R, D, V		False	True
DB11800	DB01103	Tivozanib	Quinacrine	0.2424242424242422	L	P	False	False
DB02052	DB12695	Indirubin-3'-monoxime	Phenethyl Isothiocyanate	0.24215686274509807			False	False
DB01229	DB01244	Paclitaxel	Bepridil	0.2416666666666667	L	C	True	False
DB01248	DB01244	Docetaxel	Bepridil	0.2416666666666667	L	C	False	False
DB08059	DB01248	Wortmannin	Docetaxel	0.24166666666666647		L	True	False
DB08059	DB01229	Wortmannin	Paclitaxel	0.24166666666666647		L	True	False
DB01782	DB00313	Pyrazolanthrone	Valproic acid	0.24145299145299148		N	False	False
DB06486	DB00210	Enzastaurin	Adapalene	0.24142156862745123		D	False	False
DB06195	DB00619	Seliciclib	Imatinib	0.2410714285714286		L	False	False
DB04297	DB00201	Trichostatin A	Caffeine	0.2410714285714286		R, V, N	False	False
DB00631	DB00201	Clofarabine	Caffeine	0.2410714285714286	L	R, V, N	False	False
DB00201	DB01259	Caffeine	Lapatinib	0.2410714285714286	R, V, N	L	False	False
DB00717	DB04216	Norethisterone	Quercetin	0.24074074074074092	G		False	False
DB00675	DB00412	Tamoxifen	Rosiglitazone	0.24033613445378177	L	A	False	False
DB01023	DB00783	Felodipine	Estradiol	0.2395604395604396	C	G	False	False
DB00201	DB12695	Caffeine	Phenethyl Isothiocyanate	0.23902340597255867	R, V, N		False	False
DB00132	DB00482	alpha-Linolenic acid	Celecoxib	0.23863636363636376		M, C, G, L	False	False
DB01393	DB00588	Bezafibrate	Fluticasone propionate	0.23863636363636354	C		False	False
DB00396	DB03756	Progesterone	Doconexent	0.23750000000000004	G		False	False
DB11781	DB06486	Tosedostat	Enzastaurin	0.23750000000000004			False	False
DB06486	DB01259	Enzastaurin	Lapatinib	0.23750000000000004		L	False	False
DB05134	DB01268	Tanespimycin	Sunitinib	0.23750000000000004		L	False	False
DB00631	DB06486	Clofarabine	Enzastaurin	0.23750000000000004	L		False	False
DB01268	DB07594	Sunitinib	CCT-018159	0.23750000000000004	L		False	False
DB01645	DB00162	Genistein	Vitamin A	0.23736263736263719		A, S, R, D, V	False	False
DB01023	DB07995	Felodipine	H-89	0.23717948717948723	C		False	False
DB00717	DB01023	Norethisterone	Felodipine	0.23717948717948723	G	C	False	False
DB00313	DB01016	Valproic acid	Glyburide	0.23692810457516345	N	A	False	False
DB05294	DB00313	Vandetanib	Valproic acid	0.23650793650793633	L	N	False	False
DB13956	DB00132	Estradiol valerate	alpha-Linolenic acid	0.23506493506493498			False	False
DB00132	DB13954	alpha-Linolenic acid	Estradiol cypionate	0.23506493506493498			False	False
DB02052	DB00482	Indirubin-3'-monoxime	Celecoxib	0.23484848484848464		M, C, G, L	False	False
DB02052	DB01119	Indirubin-3'-monoxime	Diazoxide	0.23484848484848464		C, V, G	False	False
DB07995	DB01259	H-89	Lapatinib	0.2333333333333334		L	False	False
DB06152	DB08175	Nylidrin	(2E,4E)-11-METHOXY-3,7,11-TRIMETHYLDODECA-2,4-DIENOIC ACID	0.2333333333333334	C, G		False	False
DB01013	DB07996	Clobetasol propionate	5-(2-methylpiperazine-1-sulfonyl)isoquinoline	0.2333333333333334			False	False
DB01013	DB07997	Clobetasol propionate	N-[2-(METHYLAMINO)ETHYL]-5-ISOQUINOLINESULFONAMIDE	0.2333333333333334			False	False
DB06152	DB00675	Nylidrin	Tamoxifen	0.2333333333333334	C, G	L	False	False
DB02546	DB00210	Vorinostat	Adapalene	0.2333333333333334	L	D	False	False
DB00608	DB00210	Chloroquine	Adapalene	0.2333333333333334	P	D	False	False
DB01013	DB01259	Clobetasol propionate	Lapatinib	0.2333333333333334		L	False	False
DB11781	DB00421	Tosedostat	Spironolactone	0.2333333333333334		C	False	False
DB03496	DB00210	Alvocidib	Adapalene	0.2333333333333334		D	False	False
DB08175	DB07594	(2E,4E)-11-METHOXY-3,7,11-TRIMETHYLDODECA-2,4-DIENOIC ACID	CCT-018159	0.2333333333333334			False	False
DB05134	DB08175	Tanespimycin	(2E,4E)-11-METHOXY-3,7,11-TRIMETHYLDODECA-2,4-DIENOIC ACID	0.2333333333333334			False	False
DB06152	DB00749	Nylidrin	Etodolac	0.2333333333333334	C, G	M	True	False
DB01013	DB02546	Clobetasol propionate	Vorinostat	0.2333333333333334		L	True	False
DB00749	DB14649	Etodolac	Dexamethasone acetate	0.2333333333333334	M		True	False
DB05294	DB01244	Vandetanib	Bepridil	0.2333333333333334	L	C	True	False
DB00749	DB02546	Etodolac	Vorinostat	0.2333333333333334	M	L	False	False
DB00749	DB01234	Etodolac	Dexamethasone	0.2333333333333334	M	C, A, S, R, H, D	True	False
DB04149	DB07995	(R)-Rolipram	H-89	0.2333333333333334			False	False
DB00631	DB00421	Clofarabine	Spironolactone	0.2333333333333334	L	C	False	False
DB02424	DB07997	Geldanamycin	N-[2-(METHYLAMINO)ETHYL]-5-ISOQUINOLINESULFONAMIDE	0.2333333333333334			False	False
DB02424	DB07996	Geldanamycin	5-(2-methylpiperazine-1-sulfonyl)isoquinoline	0.2333333333333334			False	False
DB02546	DB01103	Vorinostat	Quinacrine	0.2333333333333334	L	P	False	False
DB11781	DB00675	Tosedostat	Tamoxifen	0.23333333333333317		L	False	False
DB03496	DB00675	Alvocidib	Tamoxifen	0.23333333333333317		L	False	False
DB05984	DB00675	RAF-265	Tamoxifen	0.23333333333333317		L	False	False
DB00608	DB00281	Chloroquine	Lidocaine	0.23260073260073266	P	C, S, R, N, D	False	False
DB03758	DB00159	Radicicol	Icosapent	0.2318181818181817			False	False
DB00201	DB01119	Caffeine	Diazoxide	0.2312030075187972	R, V, N	C, V, G	False	False
DB03758	DB02659	Radicicol	Cholic Acid	0.23095238095238102		A	False	False
DB05134	DB03496	Tanespimycin	Alvocidib	0.23076923076923084			False	False
DB08895	DB00619	Tofacitinib	Imatinib	0.23076923076923084	L	L	False	False
DB03496	DB01259	Alvocidib	Lapatinib	0.23076923076923084		L	False	False
DB08877	DB00619	Ruxolitinib	Imatinib	0.23076923076923084	L	L	False	False
DB03496	DB07594	Alvocidib	CCT-018159	0.23076923076923084			False	False
DB11886	DB08912	Infigratinib	Dabrafenib	0.23055555555555562		L	False	False
DB08059	DB08912	Wortmannin	Dabrafenib	0.23055555555555562		L	False	False
DB00783	DB01259	Estradiol	Lapatinib	0.23015873015873	G	L	False	False
DB01645	DB00159	Genistein	Icosapent	0.229895104895105			False	False
DB04216	DB01016	Quercetin	Glyburide	0.22883597883597884		A	False	False
DB00132	DB00281	alpha-Linolenic acid	Lidocaine	0.22871572871572887		C, S, R, N, D	False	False
DB05266	DB06195	Ibudilast	Seliciclib	0.22857142857142865	R		False	False
DB07863	DB06195	2-chloro-5-nitro-N-phenylbenzamide	Seliciclib	0.22857142857142865			False	False
DB08912	DB01259	Dabrafenib	Lapatinib	0.22857142857142865	L	L	False	False
DB15399	DB08912	BMS-754807	Dabrafenib	0.22857142857142865		L	False	False
DB07859	DB00396	4-(4-CHLOROPHENYL)-4-[4-(1H-PYRAZOL-4-YL)PHENYL]PIPERIDINE	Progesterone	0.22857142857142865		G	False	False
DB08073	DB00396	(2S)-1-(1H-INDOL-3-YL)-3-{[5-(3-METHYL-1H-INDAZOL-5-YL)PYRIDIN-3-YL]OXY}PROPAN-2-AMINE	Progesterone	0.22857142857142865		G	False	False
DB05294	DB06195	Vandetanib	Seliciclib	0.22857142857142865	L		False	False
DB00630	DB03374	Alendronic acid	3,5-Diiodotyrosine	0.22777777777777763	M		False	False
DB07557	DB01023	3,20-Pregnanedione	Felodipine	0.2273755656108596		C	False	False
DB00564	DB01388	Carbamazepine	Mibefradil	0.22727272727272751	N	C	False	False
DB11781	DB00619	Tosedostat	Imatinib	0.2272727272727273		L	False	False
DB00834	DB01388	Mifepristone	Mibefradil	0.2272727272727273	G	C	True	False
DB01380	DB01388	Cortisone acetate	Mibefradil	0.2272727272727273		C	False	False
DB00288	DB01388	Amcinonide	Mibefradil	0.2272727272727273	D	C	False	False
DB00631	DB00619	Clofarabine	Imatinib	0.2272727272727273	L	L	True	False
DB01119	DB01388	Diazoxide	Mibefradil	0.2272727272727273	C, V, G	C	False	False
DB01222	DB01388	Budesonide	Mibefradil	0.2272727272727273	A, R, D	C	False	False
DB00631	DB01388	Clofarabine	Mibefradil	0.2272727272727273	L	C	False	False
DB01115	DB00210	Nifedipine	Adapalene	0.2267156862745099	C	D	False	False
DB00201	DB00836	Caffeine	Loperamide	0.22619047619047628	R, V, N	A	False	False
DB00201	DB06195	Caffeine	Seliciclib	0.22619047619047628	R, V, N		False	False
DB03374	DB01103	3,5-Diiodotyrosine	Quinacrine	0.22619047619047605		P	False	False
DB00717	DB01244	Norethisterone	Bepridil	0.2256410256410255	G	C	False	False
DB02424	DB01244	Geldanamycin	Bepridil	0.2256410256410255		C	False	False
DB07995	DB06486	H-89	Enzastaurin	0.22537878787878807			False	False
DB00630	DB08896	Alendronic acid	Regorafenib	0.22536231884057978	M	L	False	False
DB11781	DB01088	Tosedostat	Iloprost	0.2250000000000001		B	False	False
DB01222	DB01088	Budesonide	Iloprost	0.2250000000000001	A, R, D	B	False	False
DB00631	DB01088	Clofarabine	Iloprost	0.2250000000000001	L	B	True	False
DB01088	DB00288	Iloprost	Amcinonide	0.2250000000000001	B	D	False	False
DB00530	DB01088	Erlotinib	Iloprost	0.2250000000000001	L	B	False	False
DB01088	DB01380	Iloprost	Cortisone acetate	0.2250000000000001	B		False	False
DB05984	DB01088	RAF-265	Iloprost	0.2250000000000001		B	False	False
DB03758	DB00412	Radicicol	Rosiglitazone	0.22402597402597402		A	False	False
DB07557	DB06195	3,20-Pregnanedione	Seliciclib	0.22402597402597402			False	False
DB01115	DB04216	Nifedipine	Quercetin	0.223478835978836	C		False	False
DB05294	DB01645	Vandetanib	Genistein	0.22307692307692317	L		False	False
DB01782	DB02010	Pyrazolanthrone	Staurosporine	0.22285067873303155			False	False
DB11781	DB00313	Tosedostat	Valproic acid	0.22222222222222232		N	False	False
DB03496	DB00313	Alvocidib	Valproic acid	0.22222222222222232		N	False	False
DB08080	DB00313	Latrunculin B	Valproic acid	0.22222222222222232		N	False	False
DB00436	DB14544	Bendroflumethiazide	Hydrocortisone valerate	0.22222222222222232	C, G		True	False
DB00162	DB04216	Vitamin A	Quercetin	0.22169312169312172	A, S, R, D, V		False	False
DB11800	DB00482	Tivozanib	Celecoxib	0.22159090909090917	L	M, C, G, L	False	False
DB00459	DB00159	Acitretin	Icosapent	0.22150072150072164	D		False	False
DB07859	DB00421	4-(4-CHLOROPHENYL)-4-[4-(1H-PYRAZOL-4-YL)PHENYL]PIPERIDINE	Spironolactone	0.2214285714285713		C	False	False
DB08073	DB00421	(2S)-1-(1H-INDOL-3-YL)-3-{[5-(3-METHYL-1H-INDAZOL-5-YL)PYRIDIN-3-YL]OXY}PROPAN-2-AMINE	Spironolactone	0.2214285714285713		C	False	False
DB05984	DB12695	RAF-265	Phenethyl Isothiocyanate	0.22056737588652475			False	False
DB04297	DB12695	Trichostatin A	Phenethyl Isothiocyanate	0.22056737588652475			False	False
DB05984	DB01023	RAF-265	Felodipine	0.22051282051282062		C	False	False
DB00631	DB01023	Clofarabine	Felodipine	0.22051282051282062	L	C	True	False
DB00783	DB02010	Estradiol	Staurosporine	0.2203296703296702	G		False	False
DB00201	DB08896	Caffeine	Regorafenib	0.22023809523809534	R, V, N	L	False	False
DB02424	DB01016	Geldanamycin	Glyburide	0.21969696969696995		A	False	False
DB00749	DB00783	Etodolac	Estradiol	0.21904761904761916	M	G	False	False
DB12742	DB00162	Amuvatinib	Vitamin A	0.21904761904761894		A, S, R, D, V	False	False
DB11800	DB00281	Tivozanib	Lidocaine	0.2186147186147187	L	C, S, R, N, D	False	False
DB01023	DB00162	Felodipine	Vitamin A	0.21813186813186802	C	A, S, R, D, V	False	False
DB02010	DB01119	Staurosporine	Diazoxide	0.21794871794871784		C, V, G	False	False
DB00717	DB00201	Norethisterone	Caffeine	0.21778711484593827	G	R, V, N	False	False
DB05984	DB00162	RAF-265	Vitamin A	0.21764705882352953		A, S, R, D, V	False	False
DB00631	DB00162	Clofarabine	Vitamin A	0.21764705882352953	L	A, S, R, D, V	False	False
DB11781	DB00162	Tosedostat	Vitamin A	0.21764705882352953		A, S, R, D, V	False	False
DB05134	DB11800	Tanespimycin	Tivozanib	0.21678321678321688		L	False	False
DB11800	DB07594	Tivozanib	CCT-018159	0.21678321678321688	L		False	False
DB12742	DB13954	Amuvatinib	Estradiol cypionate	0.21666666666666679			False	False
DB05294	DB01782	Vandetanib	Pyrazolanthrone	0.21666666666666679	L		False	False
DB00421	DB08901	Spironolactone	Ponatinib	0.21666666666666679	C	L	False	False
DB13956	DB12742	Estradiol valerate	Amuvatinib	0.21666666666666679			False	False
DB08896	DB07594	Regorafenib	CCT-018159	0.21666666666666656	L		False	False
DB05134	DB08896	Tanespimycin	Regorafenib	0.21666666666666656		L	False	False
DB06152	DB13956	Nylidrin	Estradiol valerate	0.21666666666666634	C, G		False	False
DB06152	DB13954	Nylidrin	Estradiol cypionate	0.21666666666666634	C, G		False	False
DB00280	DB00482	Disopyramide	Celecoxib	0.21634615384615374	C	M, C, G, L	False	False
DB01115	DB00412	Nifedipine	Rosiglitazone	0.2160714285714287	C	A	False	False
DB01115	DB06195	Nifedipine	Seliciclib	0.2160714285714287	C		False	False
DB00622	DB00281	Nicardipine	Lidocaine	0.21558441558441577	C	C, S, R, N, D	False	False
DB00201	DB05266	Caffeine	Ibudilast	0.2154135338345866	R, V, N	R	False	False
DB00201	DB05294	Caffeine	Vandetanib	0.2154135338345866	R, V, N	L	False	False
DB01248	DB01023	Docetaxel	Felodipine	0.21524966261808354	L	C	False	False
DB01229	DB01023	Paclitaxel	Felodipine	0.21524966261808354	L	C	False	False
DB00836	DB00281	Loperamide	Lidocaine	0.2142857142857144	A	C, S, R, N, D	False	False
DB06195	DB00281	Seliciclib	Lidocaine	0.2142857142857144		C, S, R, N, D	False	False
DB06152	DB00436	Nylidrin	Bendroflumethiazide	0.2142857142857144	C, G	C, G	False	False
DB05134	DB00436	Tanespimycin	Bendroflumethiazide	0.2142857142857142		C, G	False	False
DB05134	DB00482	Tanespimycin	Celecoxib	0.2142857142857142		M, C, G, L	False	False
DB03496	DB08916	Alvocidib	Afatinib	0.2142857142857142		L	False	False
DB07859	DB08080	4-(4-CHLOROPHENYL)-4-[4-(1H-PYRAZOL-4-YL)PHENYL]PIPERIDINE	Latrunculin B	0.2142857142857142			False	False
DB08080	DB03496	Latrunculin B	Alvocidib	0.2142857142857142			False	False
DB00619	DB00482	Imatinib	Celecoxib	0.2142857142857142	L	M, C, G, L	False	False
DB00482	DB07594	Celecoxib	CCT-018159	0.2142857142857142	M, C, G, L		False	False
DB07594	DB00436	CCT-018159	Bendroflumethiazide	0.2142857142857142		C, G	False	False
DB00482	DB01259	Celecoxib	Lapatinib	0.2142857142857142	M, C, G, L	L	False	False
DB01092	DB00834	Ouabain	Mifepristone	0.2142857142857142	C	G	False	False
DB00482	DB07996	Celecoxib	5-(2-methylpiperazine-1-sulfonyl)isoquinoline	0.2142857142857142	M, C, G, L		False	False
DB00482	DB07997	Celecoxib	N-[2-(METHYLAMINO)ETHYL]-5-ISOQUINOLINESULFONAMIDE	0.2142857142857142	M, C, G, L		False	False
DB08073	DB08080	(2S)-1-(1H-INDOL-3-YL)-3-{[5-(3-METHYL-1H-INDAZOL-5-YL)PYRIDIN-3-YL]OXY}PROPAN-2-AMINE	Latrunculin B	0.2142857142857142			False	False
DB01259	DB01119	Lapatinib	Diazoxide	0.2142857142857142	L	C, V, G	False	False
DB05294	DB12695	Vandetanib	Phenethyl Isothiocyanate	0.21333333333333337	L		False	False
DB00280	DB00421	Disopyramide	Spironolactone	0.2124999999999999	C	C	False	False
DB00675	DB03756	Tamoxifen	Doconexent	0.2124999999999999	L		False	False
DB00313	DB01244	Valproic acid	Bepridil	0.21169590643274838	N	C	True	False
DB01115	DB00608	Nifedipine	Chloroquine	0.21130952380952372	C	P	False	False
DB02052	DB06486	Indirubin-3'-monoxime	Enzastaurin	0.21130952380952372			False	False
DB08080	DB00162	Latrunculin B	Vitamin A	0.21111111111111125		A, S, R, D, V	False	False
DB03374	DB00281	3,5-Diiodotyrosine	Lidocaine	0.21103896103896091		C, S, R, N, D	False	False
DB01782	DB00281	Pyrazolanthrone	Lidocaine	0.21103896103896091		C, S, R, N, D	False	False
DB01229	DB00459	Paclitaxel	Acitretin	0.21062271062271076	L	D	False	False
DB01248	DB00459	Docetaxel	Acitretin	0.21062271062271076	L	D	False	False
DB12742	DB06195	Amuvatinib	Seliciclib	0.21062271062271076			False	False
DB03374	DB01388	3,5-Diiodotyrosine	Mibefradil	0.21060606060606069		C	False	False
DB12742	DB04216	Amuvatinib	Quercetin	0.21043771043771042			False	False
DB13956	DB01103	Estradiol valerate	Quinacrine	0.2102564102564104		P	False	False
DB01103	DB13954	Quinacrine	Estradiol cypionate	0.2102564102564104	P		False	False
DB06486	DB08916	Enzastaurin	Afatinib	0.2102272727272727		L	False	False
DB00201	DB02546	Caffeine	Vorinostat	0.21015037593984975	R, V, N	L	False	False
DB04297	DB00132	Trichostatin A	alpha-Linolenic acid	0.20979020979021			False	False
DB00281	DB14649	Lidocaine	Dexamethasone acetate	0.20952380952380967	C, S, R, N, D		False	False
DB01234	DB00281	Dexamethasone	Lidocaine	0.20952380952380967	C, A, S, R, H, D	C, S, R, N, D	False	True
DB02546	DB00281	Vorinostat	Lidocaine	0.20952380952380967	L	C, S, R, N, D	False	False
DB01023	DB00436	Felodipine	Bendroflumethiazide	0.2094017094017091	C	C, G	False	False
DB01023	DB00482	Felodipine	Celecoxib	0.2094017094017091	C	M, C, G, L	False	False
DB00834	DB01088	Mifepristone	Iloprost	0.20833333333333348	G	B	False	False
DB01013	DB01119	Clobetasol propionate	Diazoxide	0.20833333333333348		C, V, G	False	False
DB07995	DB01119	H-89	Diazoxide	0.20833333333333348		C, V, G	False	False
DB02587	DB06152	Colforsin	Nylidrin	0.20833333333333348		C, G	False	False
DB06152	DB11886	Nylidrin	Infigratinib	0.20833333333333348	C, G		False	False
DB01088	DB14544	Iloprost	Hydrocortisone valerate	0.20833333333333348	B		False	False
DB11886	DB01103	Infigratinib	Quinacrine	0.20833333333333326		P	False	False
DB05134	DB11886	Tanespimycin	Infigratinib	0.20833333333333326			False	False
DB11886	DB07594	Infigratinib	CCT-018159	0.20833333333333326			False	False
DB02587	DB01103	Colforsin	Quinacrine	0.20833333333333326		P	False	False
DB02587	DB07594	Colforsin	CCT-018159	0.20833333333333326			False	False
DB08059	DB01103	Wortmannin	Quinacrine	0.20833333333333326		P	False	False
DB08059	DB15399	Wortmannin	BMS-754807	0.20833333333333326			False	False
DB01259	DB00588	Lapatinib	Fluticasone propionate	0.20833333333333326	L		False	False
DB05134	DB02587	Tanespimycin	Colforsin	0.20833333333333326			False	False
DB02052	DB01645	Indirubin-3'-monoxime	Genistein	0.20816464237516885			False	False
DB06195	DB12695	Seliciclib	Phenethyl Isothiocyanate	0.2080586080586082			False	False
DB00630	DB00313	Alendronic acid	Valproic acid	0.20793650793650786	M	N	False	False
DB13956	DB00281	Estradiol valerate	Lidocaine	0.20756302521008418		C, S, R, N, D	False	False
DB13954	DB00281	Estradiol cypionate	Lidocaine	0.20756302521008418		C, S, R, N, D	False	False
DB02546	DB00159	Vorinostat	Icosapent	0.2068181818181818	L		False	False
DB06486	DB01119	Enzastaurin	Diazoxide	0.20673076923076916		C, V, G	False	False
DB00201	DB03374	Caffeine	3,5-Diiodotyrosine	0.20634920634920628	R, V, N		False	False
DB00530	DB00836	Erlotinib	Loperamide	0.20634920634920628	L	A	False	False
DB04297	DB06195	Trichostatin A	Seliciclib	0.20634920634920628			False	False
DB11781	DB06195	Tosedostat	Seliciclib	0.20634920634920628			False	False
DB04297	DB00412	Trichostatin A	Rosiglitazone	0.20634920634920628		A	False	False
DB08059	DB00783	Wortmannin	Estradiol	0.206168831168831		G	False	False
DB00162	DB14544	Vitamin A	Hydrocortisone valerate	0.20526315789473681	A, S, R, D, V		False	False
DB05294	DB00210	Vandetanib	Adapalene	0.2047619047619047	L	D	False	False
DB03758	DB01393	Radicicol	Bezafibrate	0.20454545454545459		C	False	False
DB12695	DB01103	Phenethyl Isothiocyanate	Quinacrine	0.2041666666666666		P	False	False
DB08080	DB12695	Latrunculin B	Phenethyl Isothiocyanate	0.2041666666666666			False	False
DB00675	DB00588	Tamoxifen	Fluticasone propionate	0.20357142857142851	L		False	False
DB01088	DB01119	Iloprost	Diazoxide	0.2019230769230771	B	C, V, G	False	False
DB01645	DB00459	Genistein	Acitretin	0.20164835164835182		D	False	False
DB06195	DB01645	Seliciclib	Genistein	0.20164835164835182			False	False
DB01088	DB00159	Iloprost	Icosapent	0.2015550239234447	B		True	False
DB01645	DB01119	Genistein	Diazoxide	0.2008547008547008		C, V, G	False	False
DB00201	DB00619	Caffeine	Imatinib	0.2003105590062113	R, V, N	L	False	False
DB06152	DB01244	Nylidrin	Bepridil	0.20000000000000018	C, G	C	False	False
DB07863	DB06152	2-chloro-5-nitro-N-phenylbenzamide	Nylidrin	0.20000000000000018		C, G	False	False
DB05294	DB02546	Vandetanib	Vorinostat	0.20000000000000018	L	L	True	False
DB04149	DB00564	(R)-Rolipram	Carbamazepine	0.20000000000000018		N	False	False
DB00162	DB00436	Vitamin A	Bendroflumethiazide	0.20000000000000018	A, S, R, D, V	C, G	False	False
DB00482	DB00243	Celecoxib	Ranolazine	0.20000000000000018	M, C, G, L	C	False	False
DB00162	DB00482	Vitamin A	Celecoxib	0.20000000000000018	A, S, R, D, V	M, C, G, L	False	False
DB00162	DB00243	Vitamin A	Ranolazine	0.20000000000000018	A, S, R, D, V	C	False	False
DB00630	DB08080	Alendronic acid	Latrunculin B	0.19999999999999996	M		False	False
DB02546	DB01119	Vorinostat	Diazoxide	0.19999999999999996	L	C, V, G	False	False
DB01222	DB00630	Budesonide	Alendronic acid	0.19999999999999996	A, R, D	M	False	False
DB03758	DB06589	Radicicol	Pazopanib	0.19999999999999996		L	False	False
DB05294	DB01119	Vandetanib	Diazoxide	0.19999999999999996	L	C, V, G	False	False
DB02546	DB14649	Vorinostat	Dexamethasone acetate	0.19999999999999996	L		False	False
DB00630	DB01092	Alendronic acid	Ouabain	0.19999999999999996	M	C	False	False
DB01244	DB07997	Bepridil	N-[2-(METHYLAMINO)ETHYL]-5-ISOQUINOLINESULFONAMIDE	0.19999999999999996	C		False	False
DB11781	DB01244	Tosedostat	Bepridil	0.19999999999999996		C	False	False
DB01234	DB02546	Dexamethasone	Vorinostat	0.19999999999999996	C, A, S, R, H, D	L	True	False
DB00630	DB00482	Alendronic acid	Celecoxib	0.19999999999999996	M	M, C, G, L	True	False
DB01244	DB07996	Bepridil	5-(2-methylpiperazine-1-sulfonyl)isoquinoline	0.19999999999999996	C		False	False
DB15399	DB08916	BMS-754807	Afatinib	0.19999999999999996		L	False	False
DB00630	DB05984	Alendronic acid	RAF-265	0.19999999999999996	M		False	False
DB00630	DB14544	Alendronic acid	Hydrocortisone valerate	0.19999999999999996	M		False	False
DB00675	DB02546	Tamoxifen	Vorinostat	0.19999999999999996	L	L	True	False
DB00630	DB01380	Alendronic acid	Cortisone acetate	0.19999999999999996	M		False	False
DB00630	DB00436	Alendronic acid	Bendroflumethiazide	0.19999999999999996	M	C, G	False	False
DB00630	DB00834	Alendronic acid	Mifepristone	0.19999999999999996	M	G	False	False
DB00630	DB04297	Alendronic acid	Trichostatin A	0.19999999999999996	M		False	False
DB00162	DB13954	Vitamin A	Estradiol cypionate	0.19999999999999996	A, S, R, D, V		False	False
DB00396	DB01244	Progesterone	Bepridil	0.19999999999999996	G	C	False	False
DB13956	DB00162	Estradiol valerate	Vitamin A	0.19999999999999996		A, S, R, D, V	False	False
DB00630	DB00288	Alendronic acid	Amcinonide	0.19999999999999996	M	D	False	False
DB00630	DB00243	Alendronic acid	Ranolazine	0.19999999999999996	M	C	False	False
DB08080	DB01244	Latrunculin B	Bepridil	0.19999999999999996		C	False	False
DB08896	DB00482	Regorafenib	Celecoxib	0.19927536231884035	L	M, C, G, L	False	False
DB00396	DB00459	Progesterone	Acitretin	0.1991596638655464	G	D	False	False
DB00396	DB00412	Progesterone	Rosiglitazone	0.1991596638655464	G	A	False	False
DB01013	DB00393	Clobetasol propionate	Nimodipine	0.1987179487179489		C	False	False
DB01782	DB00210	Pyrazolanthrone	Adapalene	0.1987179487179489		D	False	False
DB01054	DB07996	Nitrendipine	5-(2-methylpiperazine-1-sulfonyl)isoquinoline	0.19841269841269837	C		False	False
DB01259	DB00281	Lapatinib	Lidocaine	0.19841269841269837	L	C, S, R, N, D	False	False
DB03496	DB00281	Alvocidib	Lidocaine	0.19841269841269837		C, S, R, N, D	False	False
DB01054	DB07997	Nitrendipine	N-[2-(METHYLAMINO)ETHYL]-5-ISOQUINOLINESULFONAMIDE	0.19841269841269837	C		False	False
DB02010	DB08916	Staurosporine	Afatinib	0.19711538461538458		L	False	False
DB08080	DB11800	Latrunculin B	Tivozanib	0.19480519480519498		L	False	False
DB00834	DB00622	Mifepristone	Nicardipine	0.1947368421052631	G	C	False	False
DB00622	DB14544	Nicardipine	Hydrocortisone valerate	0.1947368421052631	C		False	False
DB01013	DB02052	Clobetasol propionate	Indirubin-3'-monoxime	0.19444444444444442			False	False
DB00201	DB01645	Caffeine	Genistein	0.1942409442409443	R, V, N		False	False
DB01248	DB05294	Docetaxel	Vandetanib	0.19393939393939408	L	L	False	False
DB08912	DB12742	Dabrafenib	Amuvatinib	0.19393939393939408	L		False	False
DB01229	DB05294	Paclitaxel	Vandetanib	0.19393939393939408	L	L	False	False
DB02424	DB01645	Geldanamycin	Genistein	0.1939102564102564			False	False
DB02052	DB00280	Indirubin-3'-monoxime	Disopyramide	0.1934523809523807		C	False	False
DB13956	DB01023	Estradiol valerate	Felodipine	0.19297658862876266		C	False	False
DB01023	DB13954	Felodipine	Estradiol cypionate	0.19297658862876266	C		False	False
DB08912	DB00281	Dabrafenib	Lidocaine	0.19285714285714306	L	C, S, R, N, D	False	False
DB00818	DB00281	Propofol	Lidocaine	0.19285714285714306	N	C, S, R, N, D	True	False
DB01016	DB00281	Glyburide	Lidocaine	0.19285714285714284	A	C, S, R, N, D	False	False
DB00201	DB02010	Caffeine	Staurosporine	0.19281644281644272	R, V, N		False	False
DB04297	DB03496	Trichostatin A	Alvocidib	0.1923076923076923			False	False
DB05984	DB03496	RAF-265	Alvocidib	0.1923076923076923			False	False
DB00675	DB00608	Tamoxifen	Chloroquine	0.19166666666666665	L	P	False	False
DB00675	DB12742	Tamoxifen	Amuvatinib	0.19166666666666665	L		False	False
DB02052	DB00588	Indirubin-3'-monoxime	Fluticasone propionate	0.19166666666666643			False	False
DB03496	DB01103	Alvocidib	Quinacrine	0.19047619047619047		P	False	False
DB03758	DB08901	Radicicol	Ponatinib	0.1903508771929825		L	False	False
DB00783	DB00159	Estradiol	Icosapent	0.1897546897546898	G		False	False
DB06152	DB01645	Nylidrin	Genistein	0.18974358974358996	C, G		False	False
DB00834	DB08896	Mifepristone	Regorafenib	0.18939393939393923	G	L	False	False
DB08080	DB08901	Latrunculin B	Ponatinib	0.1888888888888891		L	False	False
DB00608	DB00313	Chloroquine	Valproic acid	0.18888888888888888	P	N	True	False
DB08901	DB01103	Ponatinib	Quinacrine	0.18888888888888866	L	P	False	False
DB06152	DB01388	Nylidrin	Mibefradil	0.1888111888111892	C, G	C	False	False
DB00421	DB08916	Spironolactone	Afatinib	0.18846153846153846	C	L	False	False
DB12695	DB14544	Phenethyl Isothiocyanate	Hydrocortisone valerate	0.18843537414965983			False	False
DB06486	DB04216	Enzastaurin	Quercetin	0.1877645502645502			False	False
DB03758	DB01268	Radicicol	Sunitinib	0.1875		L	False	False
DB00631	DB01115	Clofarabine	Nifedipine	0.1875	L	C	True	False
DB05134	DB01115	Tanespimycin	Nifedipine	0.1875		C	False	False
DB01115	DB00482	Nifedipine	Celecoxib	0.1875	C	M, C, G, L	False	False
DB01782	DB06486	Pyrazolanthrone	Enzastaurin	0.1875			False	False
DB01115	DB07594	Nifedipine	CCT-018159	0.1875	C		False	False
DB01115	DB01119	Nifedipine	Diazoxide	0.1875	C	C, V, G	True	False
DB01115	DB03374	Nifedipine	3,5-Diiodotyrosine	0.1875	C		False	False
DB00396	DB00132	Progesterone	alpha-Linolenic acid	0.1874458874458873	G		False	False
DB05134	DB01234	Tanespimycin	Dexamethasone	0.18571428571428572		C, A, S, R, H, D	False	False
DB01234	DB07594	Dexamethasone	CCT-018159	0.18571428571428572	C, A, S, R, H, D		False	False
DB00773	DB02546	Etoposide	Vorinostat	0.18571428571428572	L	L	True	False
DB00380	DB02546	Dexrazoxane	Vorinostat	0.18571428571428572	V	L	True	False
DB07594	DB14649	CCT-018159	Dexamethasone acetate	0.18571428571428572			False	False
DB02546	DB00783	Vorinostat	Estradiol	0.18571428571428572	L	G	False	False
DB00694	DB02546	Daunorubicin	Vorinostat	0.18571428571428572	L	L	True	False
DB05134	DB14649	Tanespimycin	Dexamethasone acetate	0.18571428571428572			False	False
DB07863	DB00783	2-chloro-5-nitro-N-phenylbenzamide	Estradiol	0.1857142857142855		G	False	False
DB00783	DB08916	Estradiol	Afatinib	0.1857142857142855	G	L	False	False
DB00749	DB01088	Etodolac	Iloprost	0.18560606060606077	M	B	True	False
DB07995	DB01088	H-89	Iloprost	0.18560606060606077		B	False	False
DB00631	DB02010	Clofarabine	Staurosporine	0.18461538461538463	L		False	False
DB00421	DB12695	Spironolactone	Phenethyl Isothiocyanate	0.18333333333333357	C		False	False
DB05294	DB00421	Vandetanib	Spironolactone	0.18333333333333357	L	C	False	False
DB00608	DB02010	Chloroquine	Staurosporine	0.18286099865047212	P		False	False
DB06589	DB02010	Pazopanib	Staurosporine	0.18244147157190627	L		False	False
DB01023	DB00836	Felodipine	Loperamide	0.18241758241758266	C	A	False	False
DB00622	DB00288	Nicardipine	Amcinonide	0.1823529411764706	C	D	False	False
DB00530	DB00622	Erlotinib	Nicardipine	0.1823529411764706	L	C	False	False
DB00622	DB01380	Nicardipine	Cortisone acetate	0.1823529411764706	C		False	False
DB01222	DB00622	Budesonide	Nicardipine	0.1823529411764706	A, R, D	C	False	False
DB00619	DB07594	Imatinib	CCT-018159	0.18181818181818188	L		False	False
DB05134	DB00619	Tanespimycin	Imatinib	0.18181818181818188		L	False	False
DB00159	DB00436	Icosapent	Bendroflumethiazide	0.18181818181818166		C, G	False	False
DB00159	DB00243	Icosapent	Ranolazine	0.18181818181818166		C	False	False
DB08080	DB00159	Latrunculin B	Icosapent	0.18181818181818166			False	False
DB07863	DB00159	2-chloro-5-nitro-N-phenylbenzamide	Icosapent	0.18181818181818166			False	False
DB00675	DB00459	Tamoxifen	Acitretin	0.18151260504201705	L	D	False	False
DB13956	DB03496	Estradiol valerate	Alvocidib	0.18095238095238098			False	False
DB03496	DB00396	Alvocidib	Progesterone	0.18095238095238098		G	False	False
DB03496	DB13954	Alvocidib	Estradiol cypionate	0.18095238095238098			False	False
DB01229	DB04216	Paclitaxel	Quercetin	0.18013468013467993	L		False	False
DB01248	DB04216	Docetaxel	Quercetin	0.18013468013467993	L		False	False
DB02010	DB12695	Staurosporine	Phenethyl Isothiocyanate	0.18001768346595926			False	False
DB00162	DB01244	Vitamin A	Bepridil	0.17999999999999972	A, S, R, D, V	C	False	False
DB08073	DB00201	(2S)-1-(1H-INDOL-3-YL)-3-{[5-(3-METHYL-1H-INDAZOL-5-YL)PYRIDIN-3-YL]OXY}PROPAN-2-AMINE	Caffeine	0.1785714285714286		R, V, N	False	False
DB03374	DB08916	3,5-Diiodotyrosine	Afatinib	0.1785714285714286		L	False	False
DB00201	DB08080	Caffeine	Latrunculin B	0.1785714285714286	R, V, N		False	False
DB01782	DB08916	Pyrazolanthrone	Afatinib	0.1785714285714286		L	False	False
DB00836	DB00243	Loperamide	Ranolazine	0.1785714285714286	A	C	False	False
DB07859	DB00201	4-(4-CHLOROPHENYL)-4-[4-(1H-PYRAZOL-4-YL)PHENYL]PIPERIDINE	Caffeine	0.1785714285714286		R, V, N	False	False
DB08080	DB08896	Latrunculin B	Regorafenib	0.17857142857142838		L	False	False
DB12695	DB00288	Phenethyl Isothiocyanate	Amcinonide	0.1780141843971632		D	False	False
DB12695	DB01380	Phenethyl Isothiocyanate	Cortisone acetate	0.1780141843971632			False	False
DB01222	DB12695	Budesonide	Phenethyl Isothiocyanate	0.1780141843971632	A, R, D		False	False
DB00313	DB07594	Valproic acid	CCT-018159	0.1767676767676769	N		False	False
DB05134	DB00313	Tanespimycin	Valproic acid	0.1767676767676769		N	False	False
DB01054	DB01103	Nitrendipine	Quinacrine	0.17619047619047645	C	P	False	False
DB01013	DB00281	Clobetasol propionate	Lidocaine	0.17619047619047623		C, S, R, N, D	False	False
DB00717	DB00281	Norethisterone	Lidocaine	0.17619047619047623	G	C, S, R, N, D	False	False
DB01023	DB00588	Felodipine	Fluticasone propionate	0.17590497737556543	C		False	False
DB00749	DB00421	Etodolac	Spironolactone	0.17564102564102568	M	C	True	False
DB07080	DB00396	TO-901317	Progesterone	0.17500000000000004		G	False	False
DB13956	DB03756	Estradiol valerate	Doconexent	0.17500000000000004			False	False
DB07080	DB00588	TO-901317	Fluticasone propionate	0.17500000000000004			False	False
DB03756	DB13954	Doconexent	Estradiol cypionate	0.17500000000000004			False	False
DB02424	DB01023	Geldanamycin	Felodipine	0.17467948717948723		C	False	False
DB01115	DB00313	Nifedipine	Valproic acid	0.17442810457516345	C	N	False	False
DB01103	DB01016	Quinacrine	Glyburide	0.1742424242424241	P	A	False	False
DB07863	DB01645	2-chloro-5-nitro-N-phenylbenzamide	Genistein	0.17307692307692313			False	False
DB01645	DB01393	Genistein	Bezafibrate	0.17307692307692313		C	False	False
DB00393	DB08080	Nimodipine	Latrunculin B	0.17307692307692313	C		False	False
DB06486	DB00619	Enzastaurin	Imatinib	0.17279411764705888		L	False	False
DB01222	DB08901	Budesonide	Ponatinib	0.1725490196078432	A, R, D	L	False	False
DB08901	DB00288	Ponatinib	Amcinonide	0.1725490196078432	L	D	False	False
DB08901	DB01380	Ponatinib	Cortisone acetate	0.1725490196078432	L		False	False
DB01248	DB00159	Docetaxel	Icosapent	0.17201426024955424	L		False	False
DB01229	DB00159	Paclitaxel	Icosapent	0.17201426024955424	L		False	False
DB00749	DB00396	Etodolac	Progesterone	0.17179487179487185	M	G	False	False
DB08059	DB00210	Wortmannin	Adapalene	0.16987179487179493		D	False	False
DB00210	DB00588	Adapalene	Fluticasone propionate	0.16987179487179493	D		False	False
DB08080	DB00675	Latrunculin B	Tamoxifen	0.16923076923076907		L	False	False
DB05294	DB00783	Vandetanib	Estradiol	0.1690476190476191	L	G	False	False
DB03758	DB01023	Radicicol	Felodipine	0.16855203619909487		C	False	False
DB01023	DB03374	Felodipine	3,5-Diiodotyrosine	0.16855203619909487	C		False	False
DB06195	DB08901	Seliciclib	Ponatinib	0.16796536796536787		L	False	False
DB08895	DB07594	Tofacitinib	CCT-018159	0.16666666666666674	L		False	False
DB05134	DB07859	Tanespimycin	4-(4-CHLOROPHENYL)-4-[4-(1H-PYRAZOL-4-YL)PHENYL]PIPERIDINE	0.16666666666666674			False	False
DB08877	DB07594	Ruxolitinib	CCT-018159	0.16666666666666674	L		False	False
DB08877	DB01259	Ruxolitinib	Lapatinib	0.16666666666666674	L	L	False	False
DB08073	DB00631	(2S)-1-(1H-INDOL-3-YL)-3-{[5-(3-METHYL-1H-INDAZOL-5-YL)PYRIDIN-3-YL]OXY}PROPAN-2-AMINE	Clofarabine	0.16666666666666674		L	False	False
DB00717	DB00608	Norethisterone	Chloroquine	0.16666666666666674	G	P	False	False
DB00749	DB08916	Etodolac	Afatinib	0.16666666666666674	M	L	False	False
DB00717	DB00210	Norethisterone	Adapalene	0.16666666666666674	G	D	False	False
DB00717	DB00749	Norethisterone	Etodolac	0.16666666666666674	G	M	False	False
DB05134	DB08073	Tanespimycin	(2S)-1-(1H-INDOL-3-YL)-3-{[5-(3-METHYL-1H-INDAZOL-5-YL)PYRIDIN-3-YL]OXY}PROPAN-2-AMINE	0.16666666666666674			False	False
DB05134	DB08877	Tanespimycin	Ruxolitinib	0.16666666666666674		L	False	False
DB05134	DB08895	Tanespimycin	Tofacitinib	0.16666666666666674		L	False	False
DB02424	DB07080	Geldanamycin	TO-901317	0.16666666666666674			False	False
DB08080	DB00619	Latrunculin B	Imatinib	0.16666666666666674		L	False	False
DB01013	DB07995	Clobetasol propionate	H-89	0.16666666666666674			False	False
DB00396	DB00482	Progesterone	Celecoxib	0.16666666666666674	G	M, C, G, L	False	False
DB00530	DB04599	Erlotinib	Aniracetam	0.16666666666666674	L	N	False	False
DB04297	DB07859	Trichostatin A	4-(4-CHLOROPHENYL)-4-[4-(1H-PYRAZOL-4-YL)PHENYL]PIPERIDINE	0.16666666666666674			False	False
DB04297	DB08073	Trichostatin A	(2S)-1-(1H-INDOL-3-YL)-3-{[5-(3-METHYL-1H-INDAZOL-5-YL)PYRIDIN-3-YL]OXY}PROPAN-2-AMINE	0.16666666666666674			False	False
DB04297	DB08756	Trichostatin A	Y-27632	0.16666666666666674			False	False
DB08080	DB08916	Latrunculin B	Afatinib	0.16666666666666674		L	False	False
DB07859	DB00631	4-(4-CHLOROPHENYL)-4-[4-(1H-PYRAZOL-4-YL)PHENYL]PIPERIDINE	Clofarabine	0.16666666666666674		L	False	False
DB00834	DB07997	Mifepristone	N-[2-(METHYLAMINO)ETHYL]-5-ISOQUINOLINESULFONAMIDE	0.16666666666666674	G		False	False
DB13956	DB01119	Estradiol valerate	Diazoxide	0.16666666666666674		C, V, G	False	False
DB00749	DB07080	Etodolac	TO-901317	0.16666666666666674	M		False	False
DB00717	DB03756	Norethisterone	Doconexent	0.16666666666666674	G		False	False
DB00749	DB08175	Etodolac	(2E,4E)-11-METHOXY-3,7,11-TRIMETHYLDODECA-2,4-DIENOIC ACID	0.16666666666666674	M		False	False
DB08059	DB01088	Wortmannin	Iloprost	0.16666666666666674		B	False	False
DB08895	DB01259	Tofacitinib	Lapatinib	0.16666666666666674	L	L	False	False
DB00834	DB07996	Mifepristone	5-(2-methylpiperazine-1-sulfonyl)isoquinoline	0.16666666666666674	G		False	False
DB03496	DB14544	Alvocidib	Hydrocortisone valerate	0.16666666666666674			False	False
DB07859	DB07594	4-(4-CHLOROPHENYL)-4-[4-(1H-PYRAZOL-4-YL)PHENYL]PIPERIDINE	CCT-018159	0.16666666666666674			False	False
DB02424	DB00210	Geldanamycin	Adapalene	0.16666666666666674		D	False	False
DB01013	DB00749	Clobetasol propionate	Etodolac	0.16666666666666674		M	True	False
DB01013	DB07080	Clobetasol propionate	TO-901317	0.16666666666666674			False	False
DB05984	DB08756	RAF-265	Y-27632	0.16666666666666674			False	False
DB08073	DB07594	(2S)-1-(1H-INDOL-3-YL)-3-{[5-(3-METHYL-1H-INDAZOL-5-YL)PYRIDIN-3-YL]OXY}PROPAN-2-AMINE	CCT-018159	0.16666666666666674			False	False
DB13954	DB01119	Estradiol cypionate	Diazoxide	0.16666666666666674		C, V, G	False	False
DB00834	DB12742	Mifepristone	Amuvatinib	0.16666666666666652	G		False	False
DB08896	DB01259	Regorafenib	Lapatinib	0.16666666666666652	L	L	False	False
DB05984	DB01248	RAF-265	Docetaxel	0.16666666666666652		L	False	False
DB08073	DB06152	(2S)-1-(1H-INDOL-3-YL)-3-{[5-(3-METHYL-1H-INDAZOL-5-YL)PYRIDIN-3-YL]OXY}PROPAN-2-AMINE	Nylidrin	0.16666666666666652		C, G	False	False
DB01229	DB07997	Paclitaxel	N-[2-(METHYLAMINO)ETHYL]-5-ISOQUINOLINESULFONAMIDE	0.16666666666666652	L		False	False
DB00631	DB01248	Clofarabine	Docetaxel	0.16666666666666652	L	L	True	False
DB01229	DB07996	Paclitaxel	5-(2-methylpiperazine-1-sulfonyl)isoquinoline	0.16666666666666652	L		False	False
DB01229	DB00436	Paclitaxel	Bendroflumethiazide	0.16666666666666652	L	C, G	True	False
DB08756	DB06152	Y-27632	Nylidrin	0.16666666666666652		C, G	False	False
DB04297	DB01229	Trichostatin A	Paclitaxel	0.16666666666666652		L	False	False
DB01229	DB01119	Paclitaxel	Diazoxide	0.16666666666666652	L	C, V, G	True	False
DB04297	DB01248	Trichostatin A	Docetaxel	0.16666666666666652		L	False	False
DB07995	DB01103	H-89	Quinacrine	0.16666666666666652		P	False	False
DB06152	DB08896	Nylidrin	Regorafenib	0.16666666666666652	C, G	L	False	False
DB07557	DB02052	3,20-Pregnanedione	Indirubin-3'-monoxime	0.16666666666666652			False	False
DB00631	DB01229	Clofarabine	Paclitaxel	0.16666666666666652	L	L	True	False
DB01248	DB01119	Docetaxel	Diazoxide	0.16666666666666652	L	C, V, G	False	False
DB04297	DB12742	Trichostatin A	Amuvatinib	0.16666666666666652			False	False
DB11781	DB12742	Tosedostat	Amuvatinib	0.16666666666666652			False	False
DB11781	DB14544	Tosedostat	Hydrocortisone valerate	0.16666666666666652			False	False
DB01248	DB07996	Docetaxel	5-(2-methylpiperazine-1-sulfonyl)isoquinoline	0.16666666666666652	L		False	False
DB07859	DB06152	4-(4-CHLOROPHENYL)-4-[4-(1H-PYRAZOL-4-YL)PHENYL]PIPERIDINE	Nylidrin	0.16666666666666652		C, G	False	False
DB01248	DB07997	Docetaxel	N-[2-(METHYLAMINO)ETHYL]-5-ISOQUINOLINESULFONAMIDE	0.16666666666666652	L		False	False
DB01248	DB00436	Docetaxel	Bendroflumethiazide	0.16666666666666652	L	C, G	True	False
DB08895	DB12742	Tofacitinib	Amuvatinib	0.16666666666666652	L		False	False
DB12742	DB00288	Amuvatinib	Amcinonide	0.16666666666666652		D	False	False
DB08877	DB12742	Ruxolitinib	Amuvatinib	0.16666666666666652	L		False	False
DB12742	DB01380	Amuvatinib	Cortisone acetate	0.16666666666666652			False	False
DB05984	DB01229	RAF-265	Paclitaxel	0.16666666666666652		L	False	False
DB01222	DB12742	Budesonide	Amuvatinib	0.16666666666666652	A, R, D		False	False
DB01103	DB00659	Quinacrine	Acamprosate	0.16666666666666652	P	N	False	False
DB08175	DB01103	(2E,4E)-11-METHOXY-3,7,11-TRIMETHYLDODECA-2,4-DIENOIC ACID	Quinacrine	0.16666666666666652		P	False	False
DB12742	DB00243	Amuvatinib	Ranolazine	0.16666666666666652		C	False	False
DB00631	DB14544	Clofarabine	Hydrocortisone valerate	0.16666666666666652	L		False	False
DB02424	DB01103	Geldanamycin	Quinacrine	0.16666666666666652		P	False	False
DB03758	DB02052	Radicicol	Indirubin-3'-monoxime	0.16666666666666652			False	False
DB03496	DB12695	Alvocidib	Phenethyl Isothiocyanate	0.16547619047619055			False	False
DB06486	DB06589	Enzastaurin	Pazopanib	0.16527777777777763		L	False	False
DB07557	DB00159	3,20-Pregnanedione	Icosapent	0.16515151515151505			False	False
DB08080	DB06486	Latrunculin B	Enzastaurin	0.1647727272727273			False	False
DB00210	DB00281	Adapalene	Lidocaine	0.16369047619047628	D	C, S, R, N, D	False	False
DB00396	DB02010	Progesterone	Staurosporine	0.16287625418060192	G		False	False
DB05984	DB00280	RAF-265	Disopyramide	0.1625000000000001		C	False	False
DB11781	DB00280	Tosedostat	Disopyramide	0.1625000000000001		C	False	False
DB00201	DB00675	Caffeine	Tamoxifen	0.161904761904762	R, V, N	L	False	False
DB01013	DB00412	Clobetasol propionate	Rosiglitazone	0.16190476190476177		A	True	False
DB00717	DB00412	Norethisterone	Rosiglitazone	0.16190476190476177	G	A	False	False
DB04297	DB00162	Trichostatin A	Vitamin A	0.15882352941176459		A, S, R, D, V	False	False
DB00162	DB01380	Vitamin A	Cortisone acetate	0.15882352941176459	A, S, R, D, V		False	False
DB01222	DB00162	Budesonide	Vitamin A	0.15882352941176459	A, R, D	A, S, R, D, V	False	False
DB00162	DB00288	Vitamin A	Amcinonide	0.15882352941176459	A, S, R, D, V	D	False	False
DB01115	DB00159	Nifedipine	Icosapent	0.15879186602870798	C		True	False
DB00162	DB00783	Vitamin A	Estradiol	0.15844155844155838	A, S, R, D, V	G	False	False
DB02424	DB00159	Geldanamycin	Icosapent	0.15800865800865793			False	False
DB00159	DB00281	Icosapent	Lidocaine	0.15800865800865793		C, S, R, N, D	False	False
DB08175	DB00159	(2E,4E)-11-METHOXY-3,7,11-TRIMETHYLDODECA-2,4-DIENOIC ACID	Icosapent	0.15800865800865793			False	False
DB06195	DB01244	Seliciclib	Bepridil	0.1579831932773108		C	False	False
DB02052	DB04216	Indirubin-3'-monoxime	Quercetin	0.15740740740740722			False	False
DB00159	DB00588	Icosapent	Fluticasone propionate	0.15681818181818175			True	False
DB04297	DB01645	Trichostatin A	Genistein	0.15641025641025652			False	False
DB00834	DB00836	Mifepristone	Loperamide	0.1558441558441559	G	A	False	False
DB01054	DB12742	Nitrendipine	Amuvatinib	0.1556776556776558	C		False	False
DB00717	DB02010	Norethisterone	Staurosporine	0.15544871794871806	G		False	False
DB02010	DB01103	Staurosporine	Quinacrine	0.15544871794871784		P	False	False
DB03758	DB07995	Radicicol	H-89	0.15476190476190488			False	False
DB12500	DB03758	Fedratinib	Radicicol	0.15476190476190488	L		False	False
DB02424	DB07557	Geldanamycin	3,20-Pregnanedione	0.15476190476190488			False	False
DB02424	DB01782	Geldanamycin	Pyrazolanthrone	0.15476190476190488			False	False
DB02424	DB03374	Geldanamycin	3,5-Diiodotyrosine	0.15476190476190488			False	False
DB01013	DB03374	Clobetasol propionate	3,5-Diiodotyrosine	0.15476190476190488			False	False
DB08896	DB08916	Regorafenib	Afatinib	0.15476190476190466	L	L	False	False
DB08059	DB00281	Wortmannin	Lidocaine	0.15422077922077926		C, S, R, N, D	True	False
DB13956	DB00608	Estradiol valerate	Chloroquine	0.15416666666666679		P	False	False
DB01115	DB00396	Nifedipine	Progesterone	0.15416666666666679	C	G	False	False
DB00608	DB13954	Chloroquine	Estradiol cypionate	0.15416666666666679	P		False	False
DB01248	DB00396	Docetaxel	Progesterone	0.15416666666666679	L	G	False	False
DB00396	DB02052	Progesterone	Indirubin-3'-monoxime	0.15416666666666679	G		False	False
DB01229	DB00396	Paclitaxel	Progesterone	0.15416666666666679	L	G	False	False
DB01645	DB02010	Genistein	Staurosporine	0.15384615384615397			False	False
DB06152	DB03496	Nylidrin	Alvocidib	0.15384615384615374	C, G		False	False
DB08080	DB00280	Latrunculin B	Disopyramide	0.15340909090909083		C	False	False
DB00675	DB00159	Tamoxifen	Icosapent	0.1532467532467532	L		False	False
DB00482	DB00588	Celecoxib	Fluticasone propionate	0.15277777777777768	M, C, G, L		True	False
DB11886	DB00482	Infigratinib	Celecoxib	0.15277777777777768		M, C, G, L	False	False
DB00834	DB00162	Mifepristone	Vitamin A	0.15263157894736867	G	A, S, R, D, V	False	False
DB07080	DB00159	TO-901317	Icosapent	0.1524064171122994			False	False
DB00162	DB00281	Vitamin A	Lidocaine	0.15194805194805205	A, S, R, D, V	C, S, R, N, D	False	False
DB00631	DB00210	Clofarabine	Adapalene	0.1515151515151516	L	D	False	False
DB11781	DB00210	Tosedostat	Adapalene	0.1515151515151516		D	False	False
DB08912	DB08896	Dabrafenib	Regorafenib	0.1514492753623189	L	L	False	False
DB02010	DB07594	Staurosporine	CCT-018159	0.1512820512820512			False	False
DB05134	DB02010	Tanespimycin	Staurosporine	0.1512820512820512			False	False
DB00313	DB00482	Valproic acid	Celecoxib	0.15079365079365092	N	M, C, G, L	False	False
DB00313	DB00459	Valproic acid	Acitretin	0.1507936507936507	N	D	False	False
DB00421	DB01244	Spironolactone	Bepridil	0.15000000000000013	C	C	True	False
DB06152	DB00421	Nylidrin	Spironolactone	0.1499999999999999	C, G	C	False	False
DB00421	DB01259	Spironolactone	Lapatinib	0.1499999999999999	C	L	False	False
DB08080	DB14649	Latrunculin B	Dexamethasone acetate	0.1499999999999999			False	False
DB01234	DB08080	Dexamethasone	Latrunculin B	0.1499999999999999	C, A, S, R, H, D		False	False
DB06152	DB01016	Nylidrin	Glyburide	0.1499999999999999	C, G	A	False	False
DB04297	DB00421	Trichostatin A	Spironolactone	0.1499999999999999		C	False	False
DB00675	DB07594	Tamoxifen	CCT-018159	0.1499999999999999	L		False	False
DB04297	DB00675	Trichostatin A	Tamoxifen	0.1499999999999999		L	False	False
DB05134	DB00675	Tanespimycin	Tamoxifen	0.1499999999999999		L	False	False
DB01645	DB12695	Genistein	Phenethyl Isothiocyanate	0.14951370468611858			False	False
DB01115	DB00836	Nifedipine	Loperamide	0.14940476190476204	C	A	False	False
DB04216	DB14544	Quercetin	Hydrocortisone valerate	0.1493428912783752			False	False
DB00201	DB08916	Caffeine	Afatinib	0.14915966386554635	R, V, N	L	False	False
DB01248	DB12695	Docetaxel	Phenethyl Isothiocyanate	0.1490196078431374	L		False	False
DB01229	DB12695	Paclitaxel	Phenethyl Isothiocyanate	0.1490196078431374	L		False	False
DB12742	DB01088	Amuvatinib	Iloprost	0.14880952380952372		B	False	False
DB05134	DB04216	Tanespimycin	Quercetin	0.14878671775223506			False	False
DB04216	DB07594	Quercetin	CCT-018159	0.14878671775223506			False	False
DB06152	DB04216	Nylidrin	Quercetin	0.14878671775223484	C, G		False	False
DB13956	DB00159	Estradiol valerate	Icosapent	0.14848484848484866			False	False
DB00159	DB13954	Icosapent	Estradiol cypionate	0.14848484848484866			False	False
DB03496	DB06486	Alvocidib	Enzastaurin	0.14802631578947367			False	False
DB08080	DB00396	Latrunculin B	Progesterone	0.1461538461538463		G	False	False
DB06152	DB12695	Nylidrin	Phenethyl Isothiocyanate	0.14609929078014217	C, G		False	False
DB00201	DB12742	Caffeine	Amuvatinib	0.1452380952380954	R, V, N		False	False
DB05294	DB04216	Vandetanib	Quercetin	0.14490740740740748	L		False	False
DB12742	DB00783	Amuvatinib	Estradiol	0.14468864468864462		G	False	False
DB00675	DB00132	Tamoxifen	alpha-Linolenic acid	0.1445887445887446	L		False	False
DB01234	DB00159	Dexamethasone	Icosapent	0.1443181818181818	C, A, S, R, H, D		True	False
DB00159	DB14649	Icosapent	Dexamethasone acetate	0.1443181818181818			True	False
DB03496	DB04216	Alvocidib	Quercetin	0.1442495126705654			False	False
DB08901	DB01259	Ponatinib	Lapatinib	0.14313725490196094	L	L	False	False
DB00412	DB00783	Rosiglitazone	Estradiol	0.14285714285714302	A	G	False	False
DB00783	DB00281	Estradiol	Lidocaine	0.1428571428571428	G	C, S, R, N, D	False	False
DB01054	DB14544	Nitrendipine	Hydrocortisone valerate	0.1428571428571428	C		False	False
DB01222	DB00436	Budesonide	Bendroflumethiazide	0.1428571428571428	A, R, D	C, G	True	False
DB01054	DB00288	Nitrendipine	Amcinonide	0.1428571428571428	C	D	False	False
DB01054	DB01380	Nitrendipine	Cortisone acetate	0.1428571428571428	C		False	False
DB01119	DB00281	Diazoxide	Lidocaine	0.1428571428571428	C, V, G	C, S, R, N, D	False	False
DB08073	DB08916	(2S)-1-(1H-INDOL-3-YL)-3-{[5-(3-METHYL-1H-INDAZOL-5-YL)PYRIDIN-3-YL]OXY}PROPAN-2-AMINE	Afatinib	0.1428571428571428		L	False	False
DB05984	DB01119	RAF-265	Diazoxide	0.1428571428571428		C, V, G	False	False
DB04297	DB01119	Trichostatin A	Diazoxide	0.1428571428571428		C, V, G	False	False
DB07859	DB08916	4-(4-CHLOROPHENYL)-4-[4-(1H-PYRAZOL-4-YL)PHENYL]PIPERIDINE	Afatinib	0.1428571428571428		L	False	False
DB04599	DB00564	Aniracetam	Carbamazepine	0.1428571428571428	N	N	True	False
DB00281	DB08916	Lidocaine	Afatinib	0.1428571428571428	C, S, R, N, D	L	False	False
DB00288	DB00436	Amcinonide	Bendroflumethiazide	0.1428571428571428	D	C, G	True	False
DB05984	DB01054	RAF-265	Nitrendipine	0.1428571428571428		C	False	False
DB00436	DB01380	Bendroflumethiazide	Cortisone acetate	0.1428571428571428	C, G		True	False
DB00243	DB00281	Ranolazine	Lidocaine	0.1428571428571428	C	C, S, R, N, D	False	False
DB01054	DB00482	Nitrendipine	Celecoxib	0.1428571428571428	C	M, C, G, L	False	False
DB00530	DB01054	Erlotinib	Nitrendipine	0.1428571428571428	L	C	False	False
DB04297	DB00281	Trichostatin A	Lidocaine	0.1428571428571428		C, S, R, N, D	False	False
DB00482	DB00281	Celecoxib	Lidocaine	0.1428571428571428	M, C, G, L	C, S, R, N, D	False	True
DB11781	DB00243	Tosedostat	Ranolazine	0.1428571428571428		C	False	False
DB01054	DB08080	Nitrendipine	Latrunculin B	0.1428571428571428	C		False	False
DB01222	DB01054	Budesonide	Nitrendipine	0.1428571428571428	A, R, D	C	False	False
DB00631	DB01054	Clofarabine	Nitrendipine	0.1428571428571428	L	C	True	False
DB11781	DB00436	Tosedostat	Bendroflumethiazide	0.1428571428571428		C, G	False	False
DB05984	DB00436	RAF-265	Bendroflumethiazide	0.1428571428571428		C, G	False	False
DB05984	DB00243	RAF-265	Ranolazine	0.1428571428571428		C	False	False
DB00530	DB00436	Erlotinib	Bendroflumethiazide	0.1428571428571428	L	C, G	False	False
DB00834	DB01054	Mifepristone	Nitrendipine	0.1428571428571428	G	C	True	False
DB11886	DB12742	Infigratinib	Amuvatinib	0.1416666666666666			False	False
DB04216	DB01103	Quercetin	Quinacrine	0.1407407407407406		P	False	False
DB13956	DB00412	Estradiol valerate	Rosiglitazone	0.14033613445378168		A	False	False
DB13956	DB00459	Estradiol valerate	Acitretin	0.14033613445378168		D	False	False
DB00459	DB13954	Acitretin	Estradiol cypionate	0.14033613445378168	D		False	False
DB00412	DB13954	Rosiglitazone	Estradiol cypionate	0.14033613445378168	A		False	False
DB00675	DB00162	Tamoxifen	Vitamin A	0.1399999999999999	L	A, S, R, D, V	False	False
DB11800	DB01259	Tivozanib	Lapatinib	0.13986013986014	L	L	False	False
DB06152	DB11800	Nylidrin	Tivozanib	0.13986013986014	C, G	L	False	False
DB01013	DB00313	Clobetasol propionate	Valproic acid	0.13888888888888884		N	False	False
DB03374	DB00482	3,5-Diiodotyrosine	Celecoxib	0.13888888888888884		M, C, G, L	False	False
DB01782	DB00482	Pyrazolanthrone	Celecoxib	0.13888888888888884		M, C, G, L	False	False
DB00749	DB00313	Etodolac	Valproic acid	0.13888888888888884	M	N	False	False
DB07863	DB02052	2-chloro-5-nitro-N-phenylbenzamide	Indirubin-3'-monoxime	0.13888888888888884			False	False
DB06152	DB01268	Nylidrin	Sunitinib	0.13750000000000018	C, G	L	True	False
DB05134	DB06486	Tanespimycin	Enzastaurin	0.13749999999999996			False	False
DB00530	DB01268	Erlotinib	Sunitinib	0.13749999999999996	L	L	False	False
DB06486	DB07594	Enzastaurin	CCT-018159	0.13749999999999996			False	False
DB00717	DB02587	Norethisterone	Colforsin	0.13690476190476208	G		False	False
DB08059	DB12500	Wortmannin	Fedratinib	0.13690476190476208		L	False	False
DB01013	DB02587	Clobetasol propionate	Colforsin	0.13690476190476208			False	False
DB02424	DB11886	Geldanamycin	Infigratinib	0.13690476190476208			False	False
DB06195	DB00210	Seliciclib	Adapalene	0.13690476190476186		D	False	False
DB01393	DB14544	Bezafibrate	Hydrocortisone valerate	0.13636363636363646	C		False	False
DB00675	DB01393	Tamoxifen	Bezafibrate	0.1352941176470588	L	C	False	False
DB00393	DB00564	Nimodipine	Carbamazepine	0.13461538461538458	C	N	False	False
DB03496	DB02010	Alvocidib	Staurosporine	0.13461538461538458			False	False
DB00717	DB06486	Norethisterone	Enzastaurin	0.13446969696969702	G		False	False
DB00608	DB06195	Chloroquine	Seliciclib	0.1336996336996339	P		False	False
DB05294	DB00396	Vandetanib	Progesterone	0.13333333333333353	L	G	False	False
DB08901	DB08916	Ponatinib	Afatinib	0.13333333333333353	L	L	False	False
DB08073	DB05266	(2S)-1-(1H-INDOL-3-YL)-3-{[5-(3-METHYL-1H-INDAZOL-5-YL)PYRIDIN-3-YL]OXY}PROPAN-2-AMINE	Ibudilast	0.1333333333333333		R	False	False
DB00717	DB05294	Norethisterone	Vandetanib	0.1333333333333333	G	L	False	False
DB11781	DB00396	Tosedostat	Progesterone	0.1333333333333333		G	False	False
DB11781	DB13956	Tosedostat	Estradiol valerate	0.1333333333333333			False	False
DB07859	DB05294	4-(4-CHLOROPHENYL)-4-[4-(1H-PYRAZOL-4-YL)PHENYL]PIPERIDINE	Vandetanib	0.1333333333333333		L	False	False
DB05266	DB01103	Ibudilast	Quinacrine	0.1333333333333333	R	P	False	False
DB04297	DB13956	Trichostatin A	Estradiol valerate	0.1333333333333333			False	False
DB05294	DB01103	Vandetanib	Quinacrine	0.1333333333333333	L	P	False	False
DB11781	DB13954	Tosedostat	Estradiol cypionate	0.1333333333333333			False	False
DB00396	DB01259	Progesterone	Lapatinib	0.1333333333333333	G	L	False	False
DB00675	DB00243	Tamoxifen	Ranolazine	0.1333333333333333	L	C	False	False
DB00675	DB01119	Tamoxifen	Diazoxide	0.1333333333333333	L	C, V, G	False	False
DB01393	DB01103	Bezafibrate	Quinacrine	0.1333333333333333	C	P	False	False
DB08912	DB01103	Dabrafenib	Quinacrine	0.1333333333333333	L	P	False	False
DB08073	DB05294	(2S)-1-(1H-INDOL-3-YL)-3-{[5-(3-METHYL-1H-INDAZOL-5-YL)PYRIDIN-3-YL]OXY}PROPAN-2-AMINE	Vandetanib	0.1333333333333333		L	False	False
DB07859	DB05266	4-(4-CHLOROPHENYL)-4-[4-(1H-PYRAZOL-4-YL)PHENYL]PIPERIDINE	Ibudilast	0.1333333333333333		R	False	False
DB00436	DB01244	Bendroflumethiazide	Bepridil	0.1333333333333333	C, G	C	False	False
DB04297	DB13954	Trichostatin A	Estradiol cypionate	0.1333333333333333			False	False
DB00675	DB02010	Tamoxifen	Staurosporine	0.13244147157190622	L		False	False
DB04216	DB01380	Quercetin	Cortisone acetate	0.1315453384418901			False	False
DB04216	DB00288	Quercetin	Amcinonide	0.1315453384418901		D	False	False
DB01222	DB04216	Budesonide	Quercetin	0.1315453384418901	A, R, D		False	False
DB01645	DB01103	Genistein	Quinacrine	0.1314102564102564		P	False	False
DB05984	DB00313	RAF-265	Valproic acid	0.1313131313131315		N	False	False
DB00675	DB00281	Tamoxifen	Lidocaine	0.1310924369747899	L	C, S, R, N, D	False	False
DB01248	DB01016	Docetaxel	Glyburide	0.1309523809523807	L	A	False	False
DB01229	DB01016	Paclitaxel	Glyburide	0.1309523809523807	L	A	False	False
DB01248	DB02010	Docetaxel	Staurosporine	0.13022941970310375	L		False	False
DB01229	DB02010	Paclitaxel	Staurosporine	0.13022941970310375	L		False	False
DB06195	DB04216	Seliciclib	Quercetin	0.13009648303765964			False	False
DB00421	DB00162	Spironolactone	Vitamin A	0.1299999999999999	C	A, S, R, D, V	False	False
DB06486	DB00482	Enzastaurin	Celecoxib	0.1298076923076923		M, C, G, L	False	False
DB00313	DB04216	Valproic acid	Quercetin	0.12962962962962976	N		False	False
DB00201	DB01103	Caffeine	Quinacrine	0.1295518207282913	R, V, N	P	False	False
DB00608	DB00421	Chloroquine	Spironolactone	0.12916666666666665	P	C	False	False
DB00630	DB00619	Alendronic acid	Imatinib	0.12857142857142856	M	L	False	False
DB00630	DB06152	Alendronic acid	Nylidrin	0.12857142857142856	M	C, G	False	False
DB15399	DB00630	BMS-754807	Alendronic acid	0.12857142857142856		M	False	False
DB03758	DB11800	Radicicol	Tivozanib	0.12575757575757573		L	False	False
DB00132	DB01103	alpha-Linolenic acid	Quinacrine	0.1255411255411254		P	False	False
DB08073	DB03758	(2S)-1-(1H-INDOL-3-YL)-3-{[5-(3-METHYL-1H-INDAZOL-5-YL)PYRIDIN-3-YL]OXY}PROPAN-2-AMINE	Radicicol	0.125			False	False
DB02587	DB03758	Colforsin	Radicicol	0.125			False	False
DB11886	DB14544	Infigratinib	Hydrocortisone valerate	0.125			False	False
DB02587	DB00834	Colforsin	Mifepristone	0.125		G	False	False
DB03374	DB01088	3,5-Diiodotyrosine	Iloprost	0.125		B	False	False
DB08756	DB14544	Y-27632	Hydrocortisone valerate	0.125			False	False
DB08080	DB00243	Latrunculin B	Ranolazine	0.125		C	False	False
DB07859	DB03758	4-(4-CHLOROPHENYL)-4-[4-(1H-PYRAZOL-4-YL)PHENYL]PIPERIDINE	Radicicol	0.125			False	False
DB06152	DB03756	Nylidrin	Doconexent	0.125	C, G		False	False
DB08896	DB02010	Regorafenib	Staurosporine	0.12386269644334136	L		False	False
DB11800	DB08916	Tivozanib	Afatinib	0.12337662337662336	L	L	False	False
DB02424	DB00280	Geldanamycin	Disopyramide	0.12310606060606077		C	False	False
DB07995	DB00280	H-89	Disopyramide	0.12310606060606077		C	False	False
DB00675	DB06195	Tamoxifen	Seliciclib	0.12268907563025233	L		False	False
DB07080	DB00313	TO-901317	Valproic acid	0.12222222222222223		N	False	False
DB00201	DB00421	Caffeine	Spironolactone	0.12023809523809548	R, V, N	C	False	False
DB08896	DB00281	Regorafenib	Lidocaine	0.11952380952380959	L	C, S, R, N, D	False	False
DB08059	DB05266	Wortmannin	Ibudilast	0.11944444444444446		R	False	False
DB00159	DB01119	Icosapent	Diazoxide	0.11931818181818166		C, V, G	False	False
DB02424	DB08877	Geldanamycin	Ruxolitinib	0.11904761904761929		L	False	False
DB00210	DB01119	Adapalene	Diazoxide	0.11904761904761929	D	C, V, G	False	False
DB08073	DB00717	(2S)-1-(1H-INDOL-3-YL)-3-{[5-(3-METHYL-1H-INDAZOL-5-YL)PYRIDIN-3-YL]OXY}PROPAN-2-AMINE	Norethisterone	0.11904761904761929		G	False	False
DB00210	DB00482	Adapalene	Celecoxib	0.11904761904761929	D	M, C, G, L	False	False
DB07859	DB00717	4-(4-CHLOROPHENYL)-4-[4-(1H-PYRAZOL-4-YL)PHENYL]PIPERIDINE	Norethisterone	0.11904761904761929		G	False	False
DB02424	DB08895	Geldanamycin	Tofacitinib	0.11904761904761929		L	False	False
DB00783	DB01103	Estradiol	Quinacrine	0.11904761904761907	G	P	False	False
DB06152	DB00783	Nylidrin	Estradiol	0.11904761904761907	C, G	G	False	False
DB00717	DB00783	Norethisterone	Estradiol	0.11904761904761907	G	G	False	True
DB08175	DB00783	(2E,4E)-11-METHOXY-3,7,11-TRIMETHYLDODECA-2,4-DIENOIC ACID	Estradiol	0.11904761904761907		G	False	False
DB03496	DB00783	Alvocidib	Estradiol	0.11904761904761885		G	False	False
DB05134	DB00783	Tanespimycin	Estradiol	0.11904761904761885		G	False	False
DB00783	DB01119	Estradiol	Diazoxide	0.11904761904761885	G	C, V, G	False	False
DB00783	DB07594	Estradiol	CCT-018159	0.11904761904761885	G		False	False
DB05984	DB02010	RAF-265	Staurosporine	0.11794871794871797			False	False
DB11781	DB02010	Tosedostat	Staurosporine	0.11794871794871797			False	False
DB12695	DB01016	Phenethyl Isothiocyanate	Glyburide	0.11729559748427665		A	False	False
DB08896	DB01380	Regorafenib	Cortisone acetate	0.11666666666666647	L		False	False
DB08073	DB02052	(2S)-1-(1H-INDOL-3-YL)-3-{[5-(3-METHYL-1H-INDAZOL-5-YL)PYRIDIN-3-YL]OXY}PROPAN-2-AMINE	Indirubin-3'-monoxime	0.11666666666666647			False	False
DB07859	DB02052	4-(4-CHLOROPHENYL)-4-[4-(1H-PYRAZOL-4-YL)PHENYL]PIPERIDINE	Indirubin-3'-monoxime	0.11666666666666647			False	False
DB08896	DB00288	Regorafenib	Amcinonide	0.11666666666666647	L	D	False	False
DB01222	DB08896	Budesonide	Regorafenib	0.11666666666666647	A, R, D	L	False	False
DB00421	DB00281	Spironolactone	Lidocaine	0.11638655462184877	C	C, S, R, N, D	False	False
DB06152	DB00201	Nylidrin	Caffeine	0.11607142857142883	C, G	R, V, N	True	False
DB00201	DB06486	Caffeine	Enzastaurin	0.1160714285714286	R, V, N		False	False
DB05984	DB00201	RAF-265	Caffeine	0.1160714285714286		R, V, N	False	False
DB01222	DB03496	Budesonide	Alvocidib	0.11538461538461542	A, R, D		False	False
DB03496	DB00288	Alvocidib	Amcinonide	0.11538461538461542		D	False	False
DB00631	DB03496	Clofarabine	Alvocidib	0.11538461538461542	L		False	False
DB03496	DB01380	Alvocidib	Cortisone acetate	0.11538461538461542			False	False
DB00313	DB00281	Valproic acid	Lidocaine	0.11507936507936511	N	C, S, R, N, D	True	False
DB05984	DB02546	RAF-265	Vorinostat	0.1142857142857141		L	False	False
DB06486	DB00281	Enzastaurin	Lidocaine	0.11369047619047623		C, S, R, N, D	False	False
DB00132	DB01119	alpha-Linolenic acid	Diazoxide	0.11363636363636376		C, V, G	False	False
DB01013	DB01023	Clobetasol propionate	Felodipine	0.11217948717948723		C	False	False
DB01229	DB02546	Paclitaxel	Vorinostat	0.11212121212121207	L	L	True	False
DB01248	DB02546	Docetaxel	Vorinostat	0.11212121212121207	L	L	True	False
DB01115	DB01103	Nifedipine	Quinacrine	0.11174242424242409	C	P	False	False
DB06152	DB01393	Nylidrin	Bezafibrate	0.11111111111111116	C, G	C	False	False
DB00834	DB00436	Mifepristone	Bendroflumethiazide	0.11111111111111116	G	C, G	False	False
DB00482	DB14544	Celecoxib	Hydrocortisone valerate	0.11111111111111116	M, C, G, L		False	False
DB00243	DB14544	Ranolazine	Hydrocortisone valerate	0.11111111111111116	C		False	False
DB00608	DB01103	Chloroquine	Quinacrine	0.11111111111111116	P	P	False	False
DB01103	DB03756	Quinacrine	Doconexent	0.11111111111111094	P		False	False
DB08059	DB06589	Wortmannin	Pazopanib	0.11071428571428577		L	True	False
DB03758	DB04216	Radicicol	Quercetin	0.10902031063321393			False	False
DB08175	DB14649	(2E,4E)-11-METHOXY-3,7,11-TRIMETHYLDODECA-2,4-DIENOIC ACID	Dexamethasone acetate	0.10833333333333339			False	False
DB08175	DB01234	(2E,4E)-11-METHOXY-3,7,11-TRIMETHYLDODECA-2,4-DIENOIC ACID	Dexamethasone	0.10833333333333339		C, A, S, R, H, D	False	False
DB02546	DB00588	Vorinostat	Fluticasone propionate	0.10833333333333317	L		True	False
DB00421	DB00459	Spironolactone	Acitretin	0.10798319327731098	C	D	False	False
DB07863	DB13956	2-chloro-5-nitro-N-phenylbenzamide	Estradiol valerate	0.10769230769230775			False	False
DB00396	DB08916	Progesterone	Afatinib	0.10769230769230775	G	L	False	False
DB07863	DB13954	2-chloro-5-nitro-N-phenylbenzamide	Estradiol cypionate	0.10769230769230775			False	False
DB07863	DB00396	2-chloro-5-nitro-N-phenylbenzamide	Progesterone	0.10769230769230775		G	False	False
DB00393	DB14544	Nimodipine	Hydrocortisone valerate	0.1071428571428572	C		False	False
DB00834	DB00393	Mifepristone	Nimodipine	0.1071428571428572	G	C	True	False
DB06152	DB00210	Nylidrin	Adapalene	0.10606060606060641	C, G	D	False	False
DB05294	DB03374	Vandetanib	3,5-Diiodotyrosine	0.10555555555555562	L		False	False
DB04297	DB00159	Trichostatin A	Icosapent	0.10489510489510478			False	False
DB00201	DB00280	Caffeine	Disopyramide	0.10470779220779214	R, V, N	C	False	False
DB07557	DB01115	3,20-Pregnanedione	Nifedipine	0.10416666666666674		C	False	False
DB06486	DB14544	Enzastaurin	Hydrocortisone valerate	0.10416666666666674			False	False
DB03758	DB01115	Radicicol	Nifedipine	0.10416666666666674		C	False	False
DB00783	DB14544	Estradiol	Hydrocortisone valerate	0.10389610389610371	G		False	False
DB00201	DB13956	Caffeine	Estradiol valerate	0.10357142857142865	R, V, N		False	False
DB00201	DB13954	Caffeine	Estradiol cypionate	0.10357142857142865	R, V, N		False	False
DB00201	DB00396	Caffeine	Progesterone	0.10357142857142865	R, V, N	G	False	False
DB01229	DB08912	Paclitaxel	Dabrafenib	0.10303030303030325	L	L	False	False
DB01248	DB08912	Docetaxel	Dabrafenib	0.10303030303030325	L	L	False	False
DB00396	DB00243	Progesterone	Ranolazine	0.10000000000000009	G	C	False	False
DB00530	DB01092	Erlotinib	Ouabain	0.10000000000000009	L	C	False	False
DB00393	DB00396	Nimodipine	Progesterone	0.10000000000000009	C	G	False	False
DB01222	DB01092	Budesonide	Ouabain	0.10000000000000009	A, R, D	C	False	False
DB01092	DB01380	Ouabain	Cortisone acetate	0.10000000000000009	C		False	False
DB03756	DB14544	Doconexent	Hydrocortisone valerate	0.10000000000000009			False	False
DB00834	DB03496	Mifepristone	Alvocidib	0.10000000000000009	G		False	False
DB05294	DB00675	Vandetanib	Tamoxifen	0.10000000000000009	L	L	False	False
DB00396	DB02546	Progesterone	Vorinostat	0.10000000000000009	G	L	False	False
DB00396	DB01119	Progesterone	Diazoxide	0.10000000000000009	G	C, V, G	False	False
DB13956	DB00243	Estradiol valerate	Ranolazine	0.10000000000000009		C	False	False
DB08080	DB01259	Latrunculin B	Lapatinib	0.10000000000000009		L	False	False
DB05984	DB08916	RAF-265	Afatinib	0.10000000000000009		L	False	False
DB05294	DB00482	Vandetanib	Celecoxib	0.10000000000000009	L	M, C, G, L	False	False
DB00675	DB01244	Tamoxifen	Bepridil	0.10000000000000009	L	C	False	False
DB00243	DB01119	Ranolazine	Diazoxide	0.10000000000000009	C	C, V, G	False	False
DB00243	DB13954	Ranolazine	Estradiol cypionate	0.10000000000000009	C		False	False
DB01092	DB00288	Ouabain	Amcinonide	0.10000000000000009	C	D	False	False
DB00210	DB12695	Adapalene	Phenethyl Isothiocyanate	0.09999999999999987	D		False	False
DB00393	DB00421	Nimodipine	Spironolactone	0.09999999999999987	C	C	True	False
DB00162	DB01103	Vitamin A	Quinacrine	0.09999999999999964	A, S, R, D, V	P	False	False
DB08901	DB14544	Ponatinib	Hydrocortisone valerate	0.0982456140350878	L		False	False
DB00132	DB14544	alpha-Linolenic acid	Hydrocortisone valerate	0.09696969696969715			False	False
DB12695	DB00281	Phenethyl Isothiocyanate	Lidocaine	0.09542124542124553		C, S, R, N, D	False	False
DB00836	DB01380	Loperamide	Cortisone acetate	0.09523809523809534	A		False	False
DB01222	DB00836	Budesonide	Loperamide	0.09523809523809534	A, R, D	A	False	False
DB00836	DB00288	Loperamide	Amcinonide	0.09523809523809534	A	D	False	False
DB00201	DB00608	Caffeine	Chloroquine	0.09523809523809534	R, V, N	P	False	False
DB00717	DB13956	Norethisterone	Estradiol valerate	0.09487179487179476	G		False	False
DB02424	DB13956	Geldanamycin	Estradiol valerate	0.09487179487179476			False	False
DB00717	DB13954	Norethisterone	Estradiol cypionate	0.09487179487179476	G		False	False
DB02424	DB13954	Geldanamycin	Estradiol cypionate	0.09487179487179476			False	False
DB01244	DB01388	Bepridil	Mibefradil	0.09393939393939399	C	C	False	False
DB00421	DB00159	Spironolactone	Icosapent	0.09372294372294365	C		True	False
DB00783	DB03756	Estradiol	Doconexent	0.0934065934065933	G		False	False
DB07080	DB00783	TO-901317	Estradiol	0.0934065934065933		G	False	False
DB00280	DB06195	Disopyramide	Seliciclib	0.09107142857142869	C		False	False
DB02424	DB06589	Geldanamycin	Pazopanib	0.09102564102564092		L	False	False
DB06152	DB00619	Nylidrin	Imatinib	0.09090909090909083	C, G	L	False	False
DB08896	DB04216	Regorafenib	Quercetin	0.09074074074074057	L		False	False
DB02010	DB14544	Staurosporine	Hydrocortisone valerate	0.09049773755656099			False	False
DB00564	DB02659	Carbamazepine	Cholic Acid	0.08928571428571441	N	A	False	False
DB08059	DB08080	Wortmannin	Latrunculin B	0.08928571428571419			False	False
DB08080	DB00588	Latrunculin B	Fluticasone propionate	0.08928571428571419			False	False
DB11886	DB08080	Infigratinib	Latrunculin B	0.08928571428571419			False	False
DB06486	DB01103	Enzastaurin	Quinacrine	0.08901515151515138		P	False	False
DB00313	DB06195	Valproic acid	Seliciclib	0.0882936507936507	N		False	False
DB07557	DB00313	3,20-Pregnanedione	Valproic acid	0.08760683760683774		N	False	False
DB07080	DB00675	TO-901317	Tamoxifen	0.08749999999999991		L	False	False
DB00421	DB06486	Spironolactone	Enzastaurin	0.08749999999999991	C		False	False
DB01115	DB01393	Nifedipine	Bezafibrate	0.08749999999999991	C	C	False	False
DB06152	DB00281	Nylidrin	Lidocaine	0.08730158730158744	C, G	C, S, R, N, D	False	False
DB06195	DB01088	Seliciclib	Iloprost	0.08690476190476204		B	False	False
DB01115	DB01645	Nifedipine	Genistein	0.0867673992673994	C		False	False
DB08912	DB07997	Dabrafenib	N-[2-(METHYLAMINO)ETHYL]-5-ISOQUINOLINESULFONAMIDE	0.08571428571428585	L		False	False
DB08912	DB07996	Dabrafenib	5-(2-methylpiperazine-1-sulfonyl)isoquinoline	0.08571428571428585	L		False	False
DB05266	DB07996	Ibudilast	5-(2-methylpiperazine-1-sulfonyl)isoquinoline	0.08571428571428585	R		False	False
DB05266	DB07997	Ibudilast	N-[2-(METHYLAMINO)ETHYL]-5-ISOQUINOLINESULFONAMIDE	0.08571428571428585	R		False	False
DB06152	DB08912	Nylidrin	Dabrafenib	0.08571428571428541	C, G	L	False	False
DB03758	DB01645	Radicicol	Genistein	0.08484162895927616			False	False
DB06152	DB08901	Nylidrin	Ponatinib	0.08431372549019622	C, G	L	False	False
DB12500	DB00619	Fedratinib	Imatinib	0.08333333333333348	L	L	False	False
DB00717	DB01119	Norethisterone	Diazoxide	0.08333333333333348	G	C, V, G	False	False
DB00201	DB00281	Caffeine	Lidocaine	0.08333333333333348	R, V, N	C, S, R, N, D	False	True
DB02546	DB00421	Vorinostat	Spironolactone	0.08333333333333348	L	C	False	False
DB07995	DB00482	H-89	Celecoxib	0.08333333333333348		M, C, G, L	False	False
DB07557	DB06152	3,20-Pregnanedione	Nylidrin	0.08333333333333348		C, G	False	False
DB00201	DB00783	Caffeine	Estradiol	0.08333333333333348	R, V, N	G	False	False
DB02424	DB00482	Geldanamycin	Celecoxib	0.08333333333333348		M, C, G, L	False	False
DB00717	DB00482	Norethisterone	Celecoxib	0.08333333333333348	G	M, C, G, L	False	False
DB02424	DB00436	Geldanamycin	Bendroflumethiazide	0.08333333333333348		C, G	False	False
DB06152	DB03374	Nylidrin	3,5-Diiodotyrosine	0.08333333333333348	C, G		True	False
DB01782	DB01103	Pyrazolanthrone	Quinacrine	0.08333333333333326		P	False	False
DB03374	DB01259	3,5-Diiodotyrosine	Lapatinib	0.08333333333333326		L	False	False
DB01782	DB01259	Pyrazolanthrone	Lapatinib	0.08333333333333326		L	False	False
DB01248	DB03756	Docetaxel	Doconexent	0.08333333333333326	L		False	False
DB03758	DB01103	Radicicol	Quinacrine	0.08333333333333326		P	False	False
DB03758	DB03496	Radicicol	Alvocidib	0.08333333333333326			False	False
DB07557	DB01103	3,20-Pregnanedione	Quinacrine	0.08333333333333326		P	False	False
DB00393	DB01380	Nimodipine	Cortisone acetate	0.08333333333333326	C		False	False
DB01222	DB00393	Budesonide	Nimodipine	0.08333333333333326	A, R, D	C	False	False
DB00421	DB00482	Spironolactone	Celecoxib	0.08333333333333326	C	M, C, G, L	False	False
DB00393	DB00288	Nimodipine	Amcinonide	0.08333333333333326	C	D	False	False
DB01016	DB14544	Glyburide	Hydrocortisone valerate	0.08333333333333326	A		True	False
DB01229	DB03756	Paclitaxel	Doconexent	0.08333333333333326	L		False	False
DB01103	DB00436	Quinacrine	Bendroflumethiazide	0.08333333333333304	P	C, G	False	False
DB06195	DB13954	Seliciclib	Estradiol cypionate	0.08151260504201696			False	False
DB13956	DB06195	Estradiol valerate	Seliciclib	0.08151260504201696			False	False
DB00396	DB00162	Progesterone	Vitamin A	0.07999999999999985	G	A, S, R, D, V	False	False
DB00313	DB01119	Valproic acid	Diazoxide	0.07936507936507953	N	C, V, G	False	False
DB01248	DB00281	Docetaxel	Lidocaine	0.0787545787545787	L	C, S, R, N, D	False	False
DB01229	DB00281	Paclitaxel	Lidocaine	0.0787545787545787	L	C, S, R, N, D	False	False
DB02546	DB06195	Vorinostat	Seliciclib	0.07857142857142874	L		False	False
DB01782	DB00675	Pyrazolanthrone	Tamoxifen	0.07857142857142851		L	False	False
DB01229	DB03496	Paclitaxel	Alvocidib	0.07843137254901955	L		False	False
DB01248	DB03496	Docetaxel	Alvocidib	0.07843137254901955	L		False	False
DB00834	DB05294	Mifepristone	Vandetanib	0.07777777777777772	G	L	False	False
DB00834	DB08912	Mifepristone	Dabrafenib	0.07777777777777772	G	L	False	False
DB00412	DB00588	Rosiglitazone	Fluticasone propionate	0.07629870129870131	A		True	False
DB11886	DB06195	Infigratinib	Seliciclib	0.07629870129870131			False	False
DB01054	DB07995	Nitrendipine	H-89	0.07619047619047636	C		False	False
DB02424	DB00281	Geldanamycin	Lidocaine	0.07619047619047636		C, S, R, N, D	False	False
DB01229	DB00482	Paclitaxel	Celecoxib	0.07575757575757569	L	M, C, G, L	False	False
DB01248	DB00482	Docetaxel	Celecoxib	0.07575757575757569	L	M, C, G, L	False	False
DB00675	DB00280	Tamoxifen	Disopyramide	0.07361111111111107	L	C	True	False
DB01023	DB00280	Felodipine	Disopyramide	0.07348901098901095	C	C	False	False
DB08080	DB02010	Latrunculin B	Staurosporine	0.07211538461538458			False	False
DB07995	DB01244	H-89	Bepridil	0.07179487179487176		C	False	False
DB06152	DB01119	Nylidrin	Diazoxide	0.07142857142857162	C, G	C, V, G	False	False
DB06152	DB00482	Nylidrin	Celecoxib	0.07142857142857162	C, G	M, C, G, L	True	False
DB00459	DB00783	Acitretin	Estradiol	0.07142857142857162	D	G	False	False
DB14544	DB08916	Hydrocortisone valerate	Afatinib	0.0714285714285714		L	False	False
DB15399	DB00482	BMS-754807	Celecoxib	0.0714285714285714		M, C, G, L	False	False
DB00396	DB06486	Progesterone	Enzastaurin	0.0708333333333333	G		False	False
DB01645	DB14544	Genistein	Hydrocortisone valerate	0.07013574660633481			False	False
DB00393	DB00622	Nimodipine	Nicardipine	0.07000000000000006	C	C	False	False
DB00132	DB00459	alpha-Linolenic acid	Acitretin	0.06998556998556982		D	False	False
DB00675	DB12695	Tamoxifen	Phenethyl Isothiocyanate	0.06969696969696981	L		False	False
DB00608	DB00783	Chloroquine	Estradiol	0.06776556776556775	P	G	False	False
DB00675	DB00482	Tamoxifen	Celecoxib	0.06666666666666665	L	M, C, G, L	False	False
DB08073	DB01248	(2S)-1-(1H-INDOL-3-YL)-3-{[5-(3-METHYL-1H-INDAZOL-5-YL)PYRIDIN-3-YL]OXY}PROPAN-2-AMINE	Docetaxel	0.06666666666666643		L	False	False
DB07859	DB01229	4-(4-CHLOROPHENYL)-4-[4-(1H-PYRAZOL-4-YL)PHENYL]PIPERIDINE	Paclitaxel	0.06666666666666643		L	False	False
DB08073	DB01229	(2S)-1-(1H-INDOL-3-YL)-3-{[5-(3-METHYL-1H-INDAZOL-5-YL)PYRIDIN-3-YL]OXY}PROPAN-2-AMINE	Paclitaxel	0.06666666666666643		L	False	False
DB00608	DB14544	Chloroquine	Hydrocortisone valerate	0.06666666666666643	P		False	False
DB07859	DB01248	4-(4-CHLOROPHENYL)-4-[4-(1H-PYRAZOL-4-YL)PHENYL]PIPERIDINE	Docetaxel	0.06666666666666643		L	False	False
DB06152	DB00159	Nylidrin	Icosapent	0.06643356643356624	C, G		True	False
DB00280	DB02010	Disopyramide	Staurosporine	0.06616300366300365	C		False	False
DB06195	DB06486	Seliciclib	Enzastaurin	0.06607142857142856			False	False
DB00622	DB01388	Nicardipine	Mibefradil	0.06573426573426588	C	C	False	False
DB08901	DB02010	Ponatinib	Staurosporine	0.06556776556776556	L		False	False
DB00210	DB00159	Adapalene	Icosapent	0.06515151515151518	D		False	False
DB00459	DB14544	Acitretin	Hydrocortisone valerate	0.06493506493506507	D		False	False
DB02052	DB02010	Indirubin-3'-monoxime	Staurosporine	0.06443994601889314			False	False
DB11886	DB08896	Infigratinib	Regorafenib	0.06439393939393923		L	False	False
DB01115	DB00281	Nifedipine	Lidocaine	0.06369047619047619	C	C, S, R, N, D	False	False
DB00783	DB01380	Estradiol	Cortisone acetate	0.06349206349206327	G		False	False
DB00783	DB00288	Estradiol	Amcinonide	0.06349206349206327	G	D	False	False
DB01222	DB00783	Budesonide	Estradiol	0.06349206349206327	A, R, D	G	False	False
DB04297	DB00783	Trichostatin A	Estradiol	0.06349206349206327		G	False	False
DB11781	DB00783	Tosedostat	Estradiol	0.06349206349206327		G	False	False
DB00280	DB00288	Disopyramide	Amcinonide	0.0625	C	D	True	False
DB00280	DB03374	Disopyramide	3,5-Diiodotyrosine	0.0625	C		False	False
DB06486	DB01268	Enzastaurin	Sunitinib	0.0625		L	False	False
DB00834	DB00280	Mifepristone	Disopyramide	0.0625	G	C	True	False
DB00280	DB00243	Disopyramide	Ranolazine	0.0625	C	C	True	False
DB00280	DB01380	Disopyramide	Cortisone acetate	0.0625	C		True	False
DB00280	DB14544	Disopyramide	Hydrocortisone valerate	0.0625	C		True	False
DB00530	DB00280	Erlotinib	Disopyramide	0.0625	L	C	True	False
DB06152	DB00280	Nylidrin	Disopyramide	0.0625	C, G	C	False	False
DB01222	DB00280	Budesonide	Disopyramide	0.0625	A, R, D	C	True	False
DB02424	DB00412	Geldanamycin	Rosiglitazone	0.06190476190476191		A	False	False
DB00412	DB01103	Rosiglitazone	Quinacrine	0.06190476190476191	A	P	False	False
DB00836	DB01103	Loperamide	Quinacrine	0.06190476190476191	A	P	False	False
DB12695	DB13954	Phenethyl Isothiocyanate	Estradiol cypionate	0.060606060606060774			False	False
DB13956	DB12695	Estradiol valerate	Phenethyl Isothiocyanate	0.060606060606060774			False	False
DB01054	DB01119	Nitrendipine	Diazoxide	0.059523809523809534	C	C, V, G	False	False
DB00313	DB00588	Valproic acid	Fluticasone propionate	0.058760683760683774	N		True	False
DB01248	DB00412	Docetaxel	Rosiglitazone	0.0567765567765568	L	A	False	False
DB01229	DB00412	Paclitaxel	Rosiglitazone	0.0567765567765568	L	A	False	False
DB00132	DB00288	alpha-Linolenic acid	Amcinonide	0.05594405594405605		D	False	False
DB01222	DB00132	Budesonide	alpha-Linolenic acid	0.05594405594405605	A, R, D		False	False
DB00132	DB01380	alpha-Linolenic acid	Cortisone acetate	0.05594405594405605			False	False
DB00717	DB07080	Norethisterone	TO-901317	0.0555555555555558	G		False	False
DB02424	DB03756	Geldanamycin	Doconexent	0.0555555555555558			False	False
DB02424	DB00313	Geldanamycin	Valproic acid	0.05555555555555558		N	False	False
DB01248	DB07995	Docetaxel	H-89	0.05555555555555558	L		False	False
DB07995	DB12742	H-89	Amuvatinib	0.05555555555555558			False	False
DB08756	DB00243	Y-27632	Ranolazine	0.05555555555555558		C	False	False
DB08756	DB00482	Y-27632	Celecoxib	0.05555555555555558		M, C, G, L	False	False
DB01229	DB08175	Paclitaxel	(2E,4E)-11-METHOXY-3,7,11-TRIMETHYLDODECA-2,4-DIENOIC ACID	0.05555555555555558	L		False	False
DB01248	DB08175	Docetaxel	(2E,4E)-11-METHOXY-3,7,11-TRIMETHYLDODECA-2,4-DIENOIC ACID	0.05555555555555558	L		False	False
DB01393	DB01380	Bezafibrate	Cortisone acetate	0.05555555555555558	C		False	False
DB08175	DB00313	(2E,4E)-11-METHOXY-3,7,11-TRIMETHYLDODECA-2,4-DIENOIC ACID	Valproic acid	0.05555555555555558		N	False	False
DB07859	DB00243	4-(4-CHLOROPHENYL)-4-[4-(1H-PYRAZOL-4-YL)PHENYL]PIPERIDINE	Ranolazine	0.05555555555555558		C	False	False
DB07859	DB00482	4-(4-CHLOROPHENYL)-4-[4-(1H-PYRAZOL-4-YL)PHENYL]PIPERIDINE	Celecoxib	0.05555555555555558		M, C, G, L	False	False
DB01222	DB01393	Budesonide	Bezafibrate	0.05555555555555558	A, R, D	C	False	False
DB01229	DB00313	Paclitaxel	Valproic acid	0.05555555555555558	L	N	False	False
DB01229	DB07995	Paclitaxel	H-89	0.05555555555555558	L		False	False
DB01393	DB00288	Bezafibrate	Amcinonide	0.05555555555555558	C	D	False	False
DB08073	DB00243	(2S)-1-(1H-INDOL-3-YL)-3-{[5-(3-METHYL-1H-INDAZOL-5-YL)PYRIDIN-3-YL]OXY}PROPAN-2-AMINE	Ranolazine	0.05555555555555558		C	False	False
DB08073	DB00482	(2S)-1-(1H-INDOL-3-YL)-3-{[5-(3-METHYL-1H-INDAZOL-5-YL)PYRIDIN-3-YL]OXY}PROPAN-2-AMINE	Celecoxib	0.05555555555555558		M, C, G, L	False	False
DB01248	DB00313	Docetaxel	Valproic acid	0.05555555555555558	L	N	False	False
DB00717	DB00313	Norethisterone	Valproic acid	0.05555555555555558	G	N	False	False
DB05984	DB08901	RAF-265	Ponatinib	0.05490196078431375		L	False	False
DB00396	DB00210	Progesterone	Adapalene	0.05438596491228065	G	D	False	False
DB00749	DB00132	Etodolac	alpha-Linolenic acid	0.05411255411255422	M		False	False
DB08896	DB14544	Regorafenib	Hydrocortisone valerate	0.05303030303030298	L		False	False
DB00834	DB04216	Mifepristone	Quercetin	0.05256869772998818	G		False	False
DB00834	DB00281	Mifepristone	Lidocaine	0.051948051948051965	G	C, S, R, N, D	False	False
DB01222	DB02010	Budesonide	Staurosporine	0.05128205128205132	A, R, D		False	False
DB02010	DB01380	Staurosporine	Cortisone acetate	0.05128205128205132			False	False
DB02010	DB00288	Staurosporine	Amcinonide	0.05128205128205132		D	False	False
DB11886	DB11800	Infigratinib	Tivozanib	0.05075757575757578		L	False	False
DB04216	DB00281	Quercetin	Lidocaine	0.050264550264550234		C, S, R, N, D	False	False
DB05134	DB00396	Tanespimycin	Progesterone	0.050000000000000044		G	False	False
DB04297	DB00396	Trichostatin A	Progesterone	0.050000000000000044		G	False	False
DB11781	DB01016	Tosedostat	Glyburide	0.050000000000000044		A	False	False
DB01016	DB00288	Glyburide	Amcinonide	0.050000000000000044	A	D	True	False
DB01016	DB01380	Glyburide	Cortisone acetate	0.050000000000000044	A		True	False
DB00396	DB07594	Progesterone	CCT-018159	0.050000000000000044	G		False	False
DB01222	DB01016	Budesonide	Glyburide	0.050000000000000044	A, R, D	A	True	False
DB05294	DB08080	Vandetanib	Latrunculin B	0.050000000000000044	L		False	False
DB03758	DB13956	Radicicol	Estradiol valerate	0.050000000000000044			False	False
DB03758	DB13954	Radicicol	Estradiol cypionate	0.050000000000000044			False	False
DB06152	DB00396	Nylidrin	Progesterone	0.04999999999999982	C, G	G	False	False
DB01023	DB01103	Felodipine	Quinacrine	0.049679487179487225	C	P	False	False
DB00675	DB00210	Tamoxifen	Adapalene	0.04912280701754401	L	D	False	True
DB01115	DB14649	Nifedipine	Dexamethasone acetate	0.049038461538461364	C		False	False
DB01234	DB01115	Dexamethasone	Nifedipine	0.049038461538461364	C, A, S, R, H, D	C	False	False
DB00201	DB01115	Caffeine	Nifedipine	0.04788961038961048	R, V, N	C	False	False
DB00834	DB07995	Mifepristone	H-89	0.04761904761904767	G		False	False
DB02424	DB03496	Geldanamycin	Alvocidib	0.04761904761904767			False	False
DB00717	DB03496	Norethisterone	Alvocidib	0.04761904761904767	G		False	False
DB00749	DB14544	Etodolac	Hydrocortisone valerate	0.04761904761904767	M		False	False
DB08895	DB01103	Tofacitinib	Quinacrine	0.04761904761904745	L	P	False	False
DB08877	DB01103	Ruxolitinib	Quinacrine	0.04761904761904745	L	P	False	False
DB01023	DB00281	Felodipine	Lidocaine	0.04670329670329676	C	C, S, R, N, D	False	False
DB08896	DB06486	Regorafenib	Enzastaurin	0.04647435897435881	L		False	False
DB03758	DB02010	Radicicol	Staurosporine	0.046380090497737614			False	False
DB00834	DB08901	Mifepristone	Ponatinib	0.04561403508771944	G	L	False	False
DB01234	DB01645	Dexamethasone	Genistein	0.04529914529914558	C, A, S, R, H, D		False	False
DB01645	DB14649	Genistein	Dexamethasone acetate	0.04529914529914558			False	False
DB08912	DB06486	Dabrafenib	Enzastaurin	0.045192307692307754	L		False	False
DB05294	DB01268	Vandetanib	Sunitinib	0.045192307692307754	L	L	True	False
DB03758	DB00210	Radicicol	Adapalene	0.044871794871794934		D	False	False
DB01023	DB00421	Felodipine	Spironolactone	0.042976588628762524	C	C	False	False
DB06152	DB14649	Nylidrin	Dexamethasone acetate	0.042857142857142705	C, G		False	False
DB08080	DB00281	Latrunculin B	Lidocaine	0.042857142857142705		C, S, R, N, D	False	False
DB05134	DB02546	Tanespimycin	Vorinostat	0.042857142857142705		L	False	False
DB02546	DB01259	Vorinostat	Lapatinib	0.042857142857142705	L	L	True	False
DB00675	DB14544	Tamoxifen	Hydrocortisone valerate	0.042857142857142705	L		False	False
DB02546	DB07594	Vorinostat	CCT-018159	0.042857142857142705	L		False	False
DB06152	DB01234	Nylidrin	Dexamethasone	0.042857142857142705	C, G	C, A, S, R, H, D	False	False
DB01023	DB01119	Felodipine	Diazoxide	0.04273504273504258	C	C, V, G	False	False
DB07557	DB00836	3,20-Pregnanedione	Loperamide	0.04220779220779214		A	False	False
DB03758	DB06195	Radicicol	Seliciclib	0.04220779220779214			False	False
DB08059	DB04149	Wortmannin	(R)-Rolipram	0.04166666666666674			False	False
DB11781	DB02587	Tosedostat	Colforsin	0.04166666666666674			False	False
DB05134	DB00588	Tanespimycin	Fluticasone propionate	0.04166666666666674			False	False
DB07594	DB00588	CCT-018159	Fluticasone propionate	0.04166666666666674			False	False
DB00530	DB11886	Erlotinib	Infigratinib	0.04166666666666674	L		False	False
DB08059	DB04297	Wortmannin	Trichostatin A	0.04166666666666674			False	False
DB05984	DB02587	RAF-265	Colforsin	0.04166666666666674			False	False
DB08059	DB01259	Wortmannin	Lapatinib	0.04166666666666674		L	False	False
DB00530	DB00588	Erlotinib	Fluticasone propionate	0.04166666666666674	L		False	False
DB05984	DB11886	RAF-265	Infigratinib	0.04166666666666674			False	False
DB05134	DB01229	Tanespimycin	Paclitaxel	0.04166666666666652		L	False	False
DB00608	DB00288	Chloroquine	Amcinonide	0.04166666666666652	P	D	False	False
DB06152	DB01248	Nylidrin	Docetaxel	0.04166666666666652	C, G	L	False	False
DB01229	DB07594	Paclitaxel	CCT-018159	0.04166666666666652	L		False	False
DB06152	DB02052	Nylidrin	Indirubin-3'-monoxime	0.04166666666666652	C, G		False	False
DB01222	DB00608	Budesonide	Chloroquine	0.04166666666666652	A, R, D	P	False	False
DB06152	DB01229	Nylidrin	Paclitaxel	0.04166666666666652	C, G	L	False	False
DB01248	DB07594	Docetaxel	CCT-018159	0.04166666666666652	L		False	False
DB06152	DB00588	Nylidrin	Fluticasone propionate	0.04166666666666652	C, G		False	False
DB00530	DB00608	Erlotinib	Chloroquine	0.04166666666666652	L	P	False	False
DB00608	DB01380	Chloroquine	Cortisone acetate	0.04166666666666652	P		False	False
DB05134	DB01248	Tanespimycin	Docetaxel	0.04166666666666652		L	False	False
DB00530	DB00162	Erlotinib	Vitamin A	0.04117647058823537	L	A, S, R, D, V	False	False
DB00717	DB00675	Norethisterone	Tamoxifen	0.0410256410256411	G	L	False	False
DB04297	DB00313	Trichostatin A	Valproic acid	0.04040404040404044		N	False	False
DB06152	DB06195	Nylidrin	Seliciclib	0.039682539682539986	C, G		False	False
DB06152	DB00412	Nylidrin	Rosiglitazone	0.039682539682539986	C, G	A	True	False
DB11886	DB06589	Infigratinib	Pazopanib	0.039285714285714146		L	False	False
DB01222	DB06486	Budesonide	Enzastaurin	0.03750000000000009	A, R, D		False	False
DB06486	DB00288	Enzastaurin	Amcinonide	0.03750000000000009		D	False	False
DB06486	DB01380	Enzastaurin	Cortisone acetate	0.03750000000000009			False	False
DB00783	DB00243	Estradiol	Ranolazine	0.03571428571428559	G	C	False	False
DB13956	DB01393	Estradiol valerate	Bezafibrate	0.03529411764705892		C	False	False
DB01393	DB13954	Bezafibrate	Estradiol cypionate	0.03529411764705892	C		False	False
DB07863	DB00421	2-chloro-5-nitro-N-phenylbenzamide	Spironolactone	0.03461538461538449		C	False	False
DB06152	DB07995	Nylidrin	H-89	0.03333333333333366	C, G		False	False
DB00717	DB06152	Norethisterone	Nylidrin	0.03333333333333366	G	C, G	False	False
DB15399	DB12500	BMS-754807	Fedratinib	0.03333333333333344		L	False	False
DB02424	DB01393	Geldanamycin	Bezafibrate	0.03333333333333344		C	False	False
DB05134	DB01013	Tanespimycin	Clobetasol propionate	0.03333333333333344			False	False
DB01013	DB07594	Clobetasol propionate	CCT-018159	0.03333333333333344			False	False
DB00396	DB14649	Progesterone	Dexamethasone acetate	0.03333333333333344	G		False	False
DB05134	DB07995	Tanespimycin	H-89	0.03333333333333344			False	False
DB02424	DB15399	Geldanamycin	BMS-754807	0.03333333333333344			False	False
DB01234	DB00396	Dexamethasone	Progesterone	0.03333333333333344	C, A, S, R, H, D	G	False	False
DB00749	DB01259	Etodolac	Lapatinib	0.03333333333333344	M	L	False	False
DB07995	DB07594	H-89	CCT-018159	0.03333333333333344			False	False
DB05984	DB01103	RAF-265	Quinacrine	0.033333333333333215		P	False	False
DB00530	DB06589	Erlotinib	Pazopanib	0.033333333333333215	L	L	False	False
DB00630	DB01103	Alendronic acid	Quinacrine	0.033333333333333215	M	P	False	False
DB01229	DB06486	Paclitaxel	Enzastaurin	0.03273809523809512	L		False	False
DB01248	DB06486	Docetaxel	Enzastaurin	0.03273809523809512	L		False	False
DB00834	DB02010	Mifepristone	Staurosporine	0.03167420814479627	G		False	False
DB03496	DB00421	Alvocidib	Spironolactone	0.030952380952380842		C	False	False
DB00201	DB01088	Caffeine	Iloprost	0.030844155844155896	R, V, N	B	False	False
DB01054	DB03374	Nitrendipine	3,5-Diiodotyrosine	0.02922077922077926	C		False	False
DB03758	DB00281	Radicicol	Lidocaine	0.02922077922077926		C, S, R, N, D	False	False
DB00396	DB00608	Progesterone	Chloroquine	0.029166666666666785	G	P	False	False
DB08080	DB01023	Latrunculin B	Felodipine	0.028846153846153744		C	False	False
DB00564	DB01268	Carbamazepine	Sunitinib	0.02840909090909083	N	L	False	False
DB12500	DB11800	Fedratinib	Tivozanib	0.02813852813852824	L	L	False	False
DB03374	DB01119	3,5-Diiodotyrosine	Diazoxide	0.02777777777777768		C, V, G	False	False
DB02052	DB01103	Indirubin-3'-monoxime	Quinacrine	0.02777777777777768		P	False	False
DB02010	DB00281	Staurosporine	Lidocaine	0.027472527472527375		C, S, R, N, D	False	False
DB00564	DB06589	Carbamazepine	Pazopanib	0.02692307692307727	N	L	False	False
DB00783	DB12695	Estradiol	Phenethyl Isothiocyanate	0.026739926739926867	G		False	False
DB05294	DB00281	Vandetanib	Lidocaine	0.02619047619047632	L	C, S, R, N, D	False	False
DB07557	DB01645	3,20-Pregnanedione	Genistein	0.026018099547511442			False	False
DB07863	DB14649	2-chloro-5-nitro-N-phenylbenzamide	Dexamethasone acetate	0.02499999999999991			False	False
DB02546	DB08916	Vorinostat	Afatinib	0.02499999999999991	L	L	False	False
DB07863	DB01234	2-chloro-5-nitro-N-phenylbenzamide	Dexamethasone	0.02499999999999991		C, A, S, R, H, D	False	False
DB08080	DB02546	Latrunculin B	Vorinostat	0.02499999999999991		L	False	False
DB00421	DB03756	Spironolactone	Doconexent	0.02499999999999991	C		False	False
DB01222	DB01645	Budesonide	Genistein	0.023076923076923217	A, R, D		False	False
DB01645	DB01380	Genistein	Cortisone acetate	0.023076923076923217			False	False
DB01645	DB00288	Genistein	Amcinonide	0.023076923076923217		D	False	False
DB00396	DB06195	Progesterone	Seliciclib	0.022689075630252242	G		False	False
DB00396	DB00836	Progesterone	Loperamide	0.022689075630252242	G	A	False	False
DB07859	DB08912	4-(4-CHLOROPHENYL)-4-[4-(1H-PYRAZOL-4-YL)PHENYL]PIPERIDINE	Dabrafenib	0.022222222222222365		L	False	False
DB08756	DB08912	Y-27632	Dabrafenib	0.022222222222222365		L	False	False
DB08073	DB08912	(2S)-1-(1H-INDOL-3-YL)-3-{[5-(3-METHYL-1H-INDAZOL-5-YL)PYRIDIN-3-YL]OXY}PROPAN-2-AMINE	Dabrafenib	0.022222222222222365		L	False	False
DB12500	DB08901	Fedratinib	Ponatinib	0.022222222222222365	L	L	False	False
DB02424	DB08901	Geldanamycin	Ponatinib	0.022222222222222365		L	False	False
DB03374	DB01244	3,5-Diiodotyrosine	Bepridil	0.021428571428571352		C	False	False
DB01115	DB14544	Nifedipine	Hydrocortisone valerate	0.02083333333333326	C		False	False
DB03758	DB06486	Radicicol	Enzastaurin	0.02083333333333326			False	False
DB00530	DB01023	Erlotinib	Felodipine	0.02051282051282044	L	C	False	False
DB01023	DB00396	Felodipine	Progesterone	0.019063545150501904	C	G	False	False
DB01234	DB00210	Dexamethasone	Adapalene	0.019047619047619202	C, A, S, R, H, D	D	False	False
DB00210	DB14649	Adapalene	Dexamethasone acetate	0.019047619047619202	D		False	False
DB01234	DB00783	Dexamethasone	Estradiol	0.01904761904761898	C, A, S, R, H, D	G	False	False
DB00783	DB14649	Estradiol	Dexamethasone acetate	0.01904761904761898	G		False	False
DB00210	DB04216	Adapalene	Quercetin	0.0185185185185186	D		False	False
DB08175	DB13954	(2E,4E)-11-METHOXY-3,7,11-TRIMETHYLDODECA-2,4-DIENOIC ACID	Estradiol cypionate	0.017948717948717885			False	False
DB08175	DB13956	(2E,4E)-11-METHOXY-3,7,11-TRIMETHYLDODECA-2,4-DIENOIC ACID	Estradiol valerate	0.017948717948717885			False	False
DB05294	DB02010	Vandetanib	Staurosporine	0.017948717948717885	L		False	False
DB07863	DB00588	2-chloro-5-nitro-N-phenylbenzamide	Fluticasone propionate	0.017857142857142794			False	False
DB11886	DB08916	Infigratinib	Afatinib	0.017857142857142794		L	False	False
DB04216	DB02010	Quercetin	Staurosporine	0.01702279202279211			False	False
DB08901	DB00482	Ponatinib	Celecoxib	0.01666666666666683	L	M, C, G, L	False	False
DB00421	DB01119	Spironolactone	Diazoxide	0.016666666666666607	C	C, V, G	True	False
DB01229	DB03374	Paclitaxel	3,5-Diiodotyrosine	0.016666666666666607	L		False	False
DB12742	DB03374	Amuvatinib	3,5-Diiodotyrosine	0.016666666666666607			False	False
DB05294	DB06589	Vandetanib	Pazopanib	0.016666666666666607	L	L	False	False
DB03758	DB00608	Radicicol	Chloroquine	0.016666666666666607		P	False	False
DB01229	DB03758	Paclitaxel	Radicicol	0.016666666666666607	L		False	False
DB01248	DB03758	Docetaxel	Radicicol	0.016666666666666607	L		False	False
DB01248	DB03374	Docetaxel	3,5-Diiodotyrosine	0.016666666666666607	L		False	False
DB13954	DB14544	Estradiol cypionate	Hydrocortisone valerate	0.014285714285714235			False	False
DB08912	DB00288	Dabrafenib	Amcinonide	0.014285714285714235	L	D	False	False
DB08912	DB01380	Dabrafenib	Cortisone acetate	0.014285714285714235	L		False	False
DB13956	DB14544	Estradiol valerate	Hydrocortisone valerate	0.014285714285714235			False	False
DB01222	DB08912	Budesonide	Dabrafenib	0.014285714285714235	A, R, D	L	False	False
DB00421	DB02010	Spironolactone	Staurosporine	0.012876254180601787	C		False	False
DB08175	DB03758	(2E,4E)-11-METHOXY-3,7,11-TRIMETHYLDODECA-2,4-DIENOIC ACID	Radicicol	0.011904761904762085			False	False
DB01013	DB07557	Clobetasol propionate	3,20-Pregnanedione	0.011904761904762085			False	False
DB06195	DB00482	Seliciclib	Celecoxib	0.011904761904761862		M, C, G, L	False	False
DB00201	DB14544	Caffeine	Hydrocortisone valerate	0.011904761904761862	R, V, N		False	False
DB03758	DB00313	Radicicol	Valproic acid	0.010683760683760868		N	False	False
DB00421	DB00210	Spironolactone	Adapalene	0.009649122807017685	C	D	False	False
DB00313	DB01645	Valproic acid	Genistein	0.008935508935508762	N		False	False
DB07995	DB08912	H-89	Dabrafenib	0.008333333333333304		L	False	False
DB07995	DB05266	H-89	Ibudilast	0.008333333333333304		R	False	False
DB07557	DB00675	3,20-Pregnanedione	Tamoxifen	0.0071428571428571175		L	False	False
DB07863	DB00132	2-chloro-5-nitro-N-phenylbenzamide	alpha-Linolenic acid	0.006493506493506551			False	False
DB08175	DB01645	(2E,4E)-11-METHOXY-3,7,11-TRIMETHYLDODECA-2,4-DIENOIC ACID	Genistein	0.0064102564102563875			False	False
DB00675	DB01103	Tamoxifen	Quinacrine	0.002564102564102555	L	P	False	False
DB12742	DB00281	Amuvatinib	Lidocaine	0.001831501831501825		C, S, R, N, D	False	False
DB13956	DB00210	Estradiol valerate	Adapalene	0.0017543859649122862		D	False	False
DB00210	DB13954	Adapalene	Estradiol cypionate	0.0017543859649122862	D		False	False
DB01013	DB07863	Clobetasol propionate	2-chloro-5-nitro-N-phenylbenzamide	2.220446049250313e-16			False	False
DB06195	DB00783	Seliciclib	Estradiol	2.220446049250313e-16		G	False	False
DB00717	DB08916	Norethisterone	Afatinib	2.220446049250313e-16	G	L	False	False
DB12500	DB08916	Fedratinib	Afatinib	2.220446049250313e-16	L	L	False	False
DB08877	DB00564	Ruxolitinib	Carbamazepine	0.0	L	N	False	False
DB00834	DB00243	Mifepristone	Ranolazine	0.0	G	C	False	False
DB06152	DB08916	Nylidrin	Afatinib	0.0	C, G	L	False	False
DB00530	DB08756	Erlotinib	Y-27632	0.0	L		False	False
DB00530	DB00243	Erlotinib	Ranolazine	0.0	L	C	False	False
DB01234	DB00675	Dexamethasone	Tamoxifen	0.0	C, A, S, R, H, D	L	False	False
DB02424	DB07995	Geldanamycin	H-89	0.0			False	False
DB00530	DB00631	Erlotinib	Clofarabine	0.0	L	L	False	False
DB00564	DB08916	Carbamazepine	Afatinib	0.0	N	L	False	False
DB00530	DB07997	Erlotinib	N-[2-(METHYLAMINO)ETHYL]-5-ISOQUINOLINESULFONAMIDE	0.0	L		False	False
DB00530	DB07996	Erlotinib	5-(2-methylpiperazine-1-sulfonyl)isoquinoline	0.0	L		False	False
DB00564	DB07996	Carbamazepine	5-(2-methylpiperazine-1-sulfonyl)isoquinoline	0.0	N		False	False
DB00834	DB03374	Mifepristone	3,5-Diiodotyrosine	0.0	G		False	False
DB08895	DB00564	Tofacitinib	Carbamazepine	0.0	L	N	False	False
DB00288	DB00243	Amcinonide	Ranolazine	0.0	D	C	False	False
DB01259	DB14544	Lapatinib	Hydrocortisone valerate	0.0	L		False	False
DB00564	DB07997	Carbamazepine	N-[2-(METHYLAMINO)ETHYL]-5-ISOQUINOLINESULFONAMIDE	0.0	N		False	False
DB04297	DB00288	Trichostatin A	Amcinonide	0.0		D	False	False
DB04297	DB07594	Trichostatin A	CCT-018159	0.0			False	False
DB11781	DB06152	Tosedostat	Nylidrin	0.0		C, G	False	False
DB11781	DB00631	Tosedostat	Clofarabine	0.0		L	False	False
DB04297	DB07996	Trichostatin A	5-(2-methylpiperazine-1-sulfonyl)isoquinoline	0.0			False	False
DB11781	DB08073	Tosedostat	(2S)-1-(1H-INDOL-3-YL)-3-{[5-(3-METHYL-1H-INDAZOL-5-YL)PYRIDIN-3-YL]OXY}PROPAN-2-AMINE	0.0			False	False
DB04297	DB01380	Trichostatin A	Cortisone acetate	0.0			False	False
DB11781	DB07859	Tosedostat	4-(4-CHLOROPHENYL)-4-[4-(1H-PYRAZOL-4-YL)PHENYL]PIPERIDINE	0.0			False	False
DB04297	DB07997	Trichostatin A	N-[2-(METHYLAMINO)ETHYL]-5-ISOQUINOLINESULFONAMIDE	0.0			False	False
DB08073	DB00564	(2S)-1-(1H-INDOL-3-YL)-3-{[5-(3-METHYL-1H-INDAZOL-5-YL)PYRIDIN-3-YL]OXY}PROPAN-2-AMINE	Carbamazepine	0.0		N	False	False
DB04297	DB14544	Trichostatin A	Hydrocortisone valerate	0.0			False	False
DB07859	DB00834	4-(4-CHLOROPHENYL)-4-[4-(1H-PYRAZOL-4-YL)PHENYL]PIPERIDINE	Mifepristone	0.0		G	False	False
DB04297	DB00834	Trichostatin A	Mifepristone	0.0		G	False	False
DB08073	DB00834	(2S)-1-(1H-INDOL-3-YL)-3-{[5-(3-METHYL-1H-INDAZOL-5-YL)PYRIDIN-3-YL]OXY}PROPAN-2-AMINE	Mifepristone	0.0		G	False	False
DB05134	DB06152	Tanespimycin	Nylidrin	0.0		C, G	False	False
DB04297	DB11781	Trichostatin A	Tosedostat	0.0			False	False
DB02546	DB00482	Vorinostat	Celecoxib	0.0	L	M, C, G, L	False	False
DB00243	DB01380	Ranolazine	Cortisone acetate	0.0	C		False	False
DB07996	DB14544	5-(2-methylpiperazine-1-sulfonyl)isoquinoline	Hydrocortisone valerate	0.0			False	False
DB01222	DB05984	Budesonide	RAF-265	0.0	A, R, D		False	False
DB05134	DB01259	Tanespimycin	Lapatinib	0.0		L	False	False
DB05134	DB14544	Tanespimycin	Hydrocortisone valerate	0.0			False	False
DB11781	DB01119	Tosedostat	Diazoxide	0.0		C, V, G	False	False
DB07859	DB14544	4-(4-CHLOROPHENYL)-4-[4-(1H-PYRAZOL-4-YL)PHENYL]PIPERIDINE	Hydrocortisone valerate	0.0			False	False
DB00530	DB15399	Erlotinib	BMS-754807	0.0	L		False	False
DB00564	DB00436	Carbamazepine	Bendroflumethiazide	0.0	N	C, G	True	False
DB01248	DB01103	Docetaxel	Quinacrine	0.0	L	P	False	False
DB07997	DB14544	N-[2-(METHYLAMINO)ETHYL]-5-ISOQUINOLINESULFONAMIDE	Hydrocortisone valerate	0.0			False	False
DB00694	DB00564	Daunorubicin	Carbamazepine	0.0	L	N	False	False
DB05984	DB01259	RAF-265	Lapatinib	0.0		L	False	False
DB00631	DB00834	Clofarabine	Mifepristone	0.0	L	G	False	False
DB07557	DB00588	3,20-Pregnanedione	Fluticasone propionate	0.0			False	False
DB04297	DB00631	Trichostatin A	Clofarabine	0.0		L	False	False
DB00380	DB00564	Dexrazoxane	Carbamazepine	0.0	V	N	True	False
DB00482	DB01380	Celecoxib	Cortisone acetate	0.0	M, C, G, L		True	False
DB11781	DB00834	Tosedostat	Mifepristone	0.0		G	False	False
DB05984	DB08080	RAF-265	Latrunculin B	0.0			False	False
DB07859	DB00564	4-(4-CHLOROPHENYL)-4-[4-(1H-PYRAZOL-4-YL)PHENYL]PIPERIDINE	Carbamazepine	0.0		N	False	False
DB11781	DB00288	Tosedostat	Amcinonide	0.0		D	False	False
DB00482	DB00288	Celecoxib	Amcinonide	0.0	M, C, G, L	D	False	False
DB00530	DB00482	Erlotinib	Celecoxib	0.0	L	M, C, G, L	False	False
DB08756	DB00564	Y-27632	Carbamazepine	0.0		N	False	False
DB08756	DB00288	Y-27632	Amcinonide	0.0		D	False	False
DB08756	DB01380	Y-27632	Cortisone acetate	0.0			False	False
DB01092	DB00564	Ouabain	Carbamazepine	0.0	C	N	False	False
DB06152	DB07594	Nylidrin	CCT-018159	0.0	C, G		False	False
DB11781	DB08080	Tosedostat	Latrunculin B	0.0			False	False
DB00243	DB01244	Ranolazine	Bepridil	0.0	C	C	False	False
DB11781	DB01380	Tosedostat	Cortisone acetate	0.0			False	False
DB05134	DB08916	Tanespimycin	Afatinib	0.0		L	False	False
DB07594	DB01259	CCT-018159	Lapatinib	0.0		L	False	False
DB12742	DB01103	Amuvatinib	Quinacrine	0.0		P	False	False
DB00675	DB14649	Tamoxifen	Dexamethasone acetate	0.0	L		False	False
DB05134	DB04297	Tanespimycin	Trichostatin A	0.0			False	False
DB00834	DB00482	Mifepristone	Celecoxib	0.0	G	M, C, G, L	False	False
DB08073	DB14544	(2S)-1-(1H-INDOL-3-YL)-3-{[5-(3-METHYL-1H-INDAZOL-5-YL)PYRIDIN-3-YL]OXY}PROPAN-2-AMINE	Hydrocortisone valerate	0.0			False	False
DB01222	DB08756	Budesonide	Y-27632	0.0	A, R, D		False	False
DB03758	DB00588	Radicicol	Fluticasone propionate	0.0			False	False
DB01222	DB00243	Budesonide	Ranolazine	0.0	A, R, D	C	False	False
DB01222	DB04297	Budesonide	Trichostatin A	0.0	A, R, D		False	False
DB01222	DB11781	Budesonide	Tosedostat	0.0	A, R, D		False	False
DB00380	DB06152	Dexrazoxane	Nylidrin	0.0	V	C, G	False	False
DB00773	DB00564	Etoposide	Carbamazepine	0.0	L	N	False	False
DB00773	DB06152	Etoposide	Nylidrin	0.0	L	C, G	False	False
DB00694	DB06152	Daunorubicin	Nylidrin	0.0	L	C, G	False	False
DB01222	DB00631	Budesonide	Clofarabine	0.0	A, R, D	L	True	False
DB03756	DB00288	Doconexent	Amcinonide	0.0		D	False	False
DB03756	DB01380	Doconexent	Cortisone acetate	0.0			False	False
DB01013	DB00210	Clobetasol propionate	Adapalene	0.0		D	False	False
DB00530	DB11781	Erlotinib	Tosedostat	0.0	L		False	False
DB05984	DB00834	RAF-265	Mifepristone	0.0		G	False	False
DB01119	DB14544	Diazoxide	Hydrocortisone valerate	0.0	C, V, G		False	False
DB15399	DB04297	BMS-754807	Trichostatin A	0.0			False	False
DB15399	DB06152	BMS-754807	Nylidrin	0.0		C, G	False	False
DB06152	DB01259	Nylidrin	Lapatinib	0.0	C, G	L	False	False
DB15399	DB01259	BMS-754807	Lapatinib	0.0		L	False	False
DB15399	DB00564	BMS-754807	Carbamazepine	0.0		N	False	False
DB15399	DB05984	BMS-754807	RAF-265	0.0			False	False
DB08080	DB00482	Latrunculin B	Celecoxib	0.0		M, C, G, L	False	False
DB08080	DB00436	Latrunculin B	Bendroflumethiazide	0.0		C, G	False	False
DB00630	DB01119	Alendronic acid	Diazoxide	0.0	M	C, V, G	False	False
DB05984	DB04297	RAF-265	Trichostatin A	0.0			False	False
DB05984	DB11781	RAF-265	Tosedostat	0.0			False	False
DB05984	DB00482	RAF-265	Celecoxib	0.0		M, C, G, L	False	False
DB05984	DB00631	RAF-265	Clofarabine	0.0		L	False	False
DB08080	DB01119	Latrunculin B	Diazoxide	0.0		C, V, G	False	False
DB00631	DB08080	Clofarabine	Latrunculin B	0.0	L		False	False
DB00631	DB00288	Clofarabine	Amcinonide	0.0	L	D	False	False
DB05984	DB00288	RAF-265	Amcinonide	0.0		D	False	False
DB05984	DB07996	RAF-265	5-(2-methylpiperazine-1-sulfonyl)isoquinoline	0.0			False	False
DB05984	DB01380	RAF-265	Cortisone acetate	0.0			False	False
DB05984	DB07997	RAF-265	N-[2-(METHYLAMINO)ETHYL]-5-ISOQUINOLINESULFONAMIDE	0.0			False	False
DB04149	DB06152	(R)-Rolipram	Nylidrin	0.0		C, G	False	False
DB00631	DB01380	Clofarabine	Cortisone acetate	0.0	L		True	False
DB07594	DB08916	CCT-018159	Afatinib	0.0		L	False	False
DB00834	DB08080	Mifepristone	Latrunculin B	0.0	G		False	False
DB00564	DB00619	Carbamazepine	Imatinib	0.0	N	L	False	False
DB01222	DB00482	Budesonide	Celecoxib	0.0	A, R, D	M, C, G, L	True	False
DB01222	DB03756	Budesonide	Doconexent	0.0	A, R, D		False	False
DB00530	DB07859	Erlotinib	4-(4-CHLOROPHENYL)-4-[4-(1H-PYRAZOL-4-YL)PHENYL]PIPERIDINE	0.0	L		False	False
DB00530	DB08073	Erlotinib	(2S)-1-(1H-INDOL-3-YL)-3-{[5-(3-METHYL-1H-INDAZOL-5-YL)PYRIDIN-3-YL]OXY}PROPAN-2-AMINE	0.0	L		False	False
DB07594	DB14544	CCT-018159	Hydrocortisone valerate	0.0			False	False
DB00564	DB01259	Carbamazepine	Lapatinib	0.0	N	L	False	False
DB01229	DB01103	Paclitaxel	Quinacrine	0.0	L	P	False	False
DB07080	DB14544	TO-901317	Hydrocortisone valerate	0.0			False	False
DB12742	DB08916	Amuvatinib	Afatinib	-2.220446049250313e-16		L	False	False
DB00210	DB01103	Adapalene	Quinacrine	-2.220446049250313e-16	D	P	False	False
DB01229	DB07080	Paclitaxel	TO-901317	-2.220446049250313e-16	L		False	False
DB01393	DB00783	Bezafibrate	Estradiol	-2.220446049250313e-16	C	G	False	False
DB01248	DB07080	Docetaxel	TO-901317	-2.220446049250313e-16	L		False	False
DB08059	DB00201	Wortmannin	Caffeine	-0.001984126984126977		R, V, N	False	False
DB00132	DB00210	alpha-Linolenic acid	Adapalene	-0.003030303030302939		D	False	False
DB08080	DB00421	Latrunculin B	Spironolactone	-0.0038461538461538325		C	False	False
DB02010	DB00482	Staurosporine	Celecoxib	-0.004273504273504258		M, C, G, L	False	False
DB00412	DB14649	Rosiglitazone	Dexamethasone acetate	-0.004761904761904523	A		True	False
DB01234	DB00412	Dexamethasone	Rosiglitazone	-0.004761904761904523	C, A, S, R, H, D	A	True	False
DB06152	DB00313	Nylidrin	Valproic acid	-0.00505050505050475	C, G	N	False	False
DB05266	DB03374	Ibudilast	3,5-Diiodotyrosine	-0.005555555555555536	R		False	False
DB08912	DB03374	Dabrafenib	3,5-Diiodotyrosine	-0.005555555555555536	L		False	False
DB02424	DB02587	Geldanamycin	Colforsin	-0.005952380952380709			False	False
DB00749	DB00588	Etodolac	Fluticasone propionate	-0.005952380952380709	M		True	False
DB06486	DB08901	Enzastaurin	Ponatinib	-0.008876811594202838		L	False	False
DB00201	DB01380	Caffeine	Cortisone acetate	-0.008928571428571397	R, V, N		False	False
DB00201	DB00288	Caffeine	Amcinonide	-0.008928571428571397	R, V, N	D	False	False
DB01222	DB00201	Budesonide	Caffeine	-0.008928571428571397	A, R, D	R, V, N	False	False
DB07080	DB01234	TO-901317	Dexamethasone	-0.00909090909090926		C, A, S, R, H, D	False	False
DB07080	DB14649	TO-901317	Dexamethasone acetate	-0.00909090909090926			False	False
DB03756	DB14649	Doconexent	Dexamethasone acetate	-0.00909090909090926			False	False
DB01234	DB03756	Dexamethasone	Doconexent	-0.00909090909090926	C, A, S, R, H, D		False	False
DB00675	DB00313	Tamoxifen	Valproic acid	-0.009356725146198785	L	N	False	False
DB00421	DB00412	Spironolactone	Rosiglitazone	-0.009663865546218231	C	A	False	False
DB07557	DB00783	3,20-Pregnanedione	Estradiol	-0.009740259740259827		G	False	False
DB00421	DB00132	Spironolactone	alpha-Linolenic acid	-0.010173160173160056	C		False	False
DB02424	DB08896	Geldanamycin	Regorafenib	-0.011904761904761862		L	False	False
DB01115	DB00288	Nifedipine	Amcinonide	-0.012499999999999956	C	D	False	False
DB01115	DB13954	Nifedipine	Estradiol cypionate	-0.012499999999999956	C		False	False
DB01222	DB01115	Budesonide	Nifedipine	-0.012499999999999956	A, R, D	C	False	False
DB13956	DB01115	Estradiol valerate	Nifedipine	-0.012499999999999956		C	False	False
DB01115	DB01380	Nifedipine	Cortisone acetate	-0.012499999999999956	C		False	False
DB00280	DB01103	Disopyramide	Quinacrine	-0.013257575757576134	C	P	False	False
DB01244	DB14544	Bepridil	Hydrocortisone valerate	-0.014285714285714235	C		False	False
DB00834	DB01244	Mifepristone	Bepridil	-0.014285714285714235	G	C	True	False
DB03758	DB08896	Radicicol	Regorafenib	-0.01515151515151536		L	False	False
DB05984	DB06195	RAF-265	Seliciclib	-0.015873015873015817			False	False
DB01222	DB00459	Budesonide	Acitretin	-0.015873015873015817	A, R, D	D	False	False
DB00631	DB06195	Clofarabine	Seliciclib	-0.015873015873015817	L		False	False
DB00459	DB00288	Acitretin	Amcinonide	-0.015873015873015817	D	D	False	False
DB00459	DB01380	Acitretin	Cortisone acetate	-0.015873015873015817	D		False	False
DB01645	DB00210	Genistein	Adapalene	-0.01631701631701632		D	False	False
DB02424	DB14649	Geldanamycin	Dexamethasone acetate	-0.016666666666666607			False	False
DB02424	DB01234	Geldanamycin	Dexamethasone	-0.016666666666666607		C, A, S, R, H, D	False	False
DB01222	DB00675	Budesonide	Tamoxifen	-0.01666666666666683	A, R, D	L	False	False
DB00675	DB00288	Tamoxifen	Amcinonide	-0.01666666666666683	L	D	False	False
DB05134	DB00421	Tanespimycin	Spironolactone	-0.01666666666666683		C	False	False
DB00421	DB07594	Spironolactone	CCT-018159	-0.01666666666666683	C		False	False
DB00675	DB01380	Tamoxifen	Cortisone acetate	-0.01666666666666683	L		False	False
DB00159	DB14544	Icosapent	Hydrocortisone valerate	-0.0181818181818183			False	False
DB00836	DB01244	Loperamide	Bepridil	-0.018487394957983128	A	C	False	False
DB03758	DB00619	Radicicol	Imatinib	-0.019230769230769162		L	False	False
DB01234	DB00313	Dexamethasone	Valproic acid	-0.02063492063492056	C, A, S, R, H, D	N	False	False
DB00313	DB14649	Valproic acid	Dexamethasone acetate	-0.02063492063492056	N		False	False
DB07557	DB13954	3,20-Pregnanedione	Estradiol cypionate	-0.021428571428571352			False	False
DB07557	DB13956	3,20-Pregnanedione	Estradiol valerate	-0.021428571428571352			False	False
DB01023	DB14544	Felodipine	Hydrocortisone valerate	-0.022624434389140413	C		False	False
DB00834	DB01023	Mifepristone	Felodipine	-0.022624434389140413	G	C	True	False
DB02424	DB07859	Geldanamycin	4-(4-CHLOROPHENYL)-4-[4-(1H-PYRAZOL-4-YL)PHENYL]PIPERIDINE	-0.023809523809523725			False	False
DB02424	DB08073	Geldanamycin	(2S)-1-(1H-INDOL-3-YL)-3-{[5-(3-METHYL-1H-INDAZOL-5-YL)PYRIDIN-3-YL]OXY}PROPAN-2-AMINE	-0.023809523809523725			False	False
DB01103	DB00281	Quinacrine	Lidocaine	-0.023809523809523725	P	C, S, R, N, D	False	False
DB02424	DB01115	Geldanamycin	Nifedipine	-0.024621212121211933		C	False	False
DB02424	DB04216	Geldanamycin	Quercetin	-0.025925925925925686			False	False
DB00412	DB14544	Rosiglitazone	Hydrocortisone valerate	-0.025974025974025983	A		True	False
DB06195	DB14544	Seliciclib	Hydrocortisone valerate	-0.025974025974025983			False	False
DB12742	DB02010	Amuvatinib	Staurosporine	-0.027665317139001555			False	False
DB07863	DB00313	2-chloro-5-nitro-N-phenylbenzamide	Valproic acid	-0.02777777777777768		N	False	False
DB08080	DB02052	Latrunculin B	Indirubin-3'-monoxime	-0.0277777777777779			False	False
DB01088	DB00482	Iloprost	Celecoxib	-0.028846153846153744	B	M, C, G, L	True	False
DB00396	DB12695	Progesterone	Phenethyl Isothiocyanate	-0.030303030303030276	G		False	False
DB05294	DB06486	Vandetanib	Enzastaurin	-0.03173076923076912	L		False	False
DB02424	DB02010	Geldanamycin	Staurosporine	-0.03205128205128194			False	False
DB13956	DB14649	Estradiol valerate	Dexamethasone acetate	-0.033333333333333215			False	False
DB05294	DB14544	Vandetanib	Hydrocortisone valerate	-0.033333333333333215	L		False	False
DB01234	DB13956	Dexamethasone	Estradiol valerate	-0.033333333333333215	C, A, S, R, H, D		False	False
DB13956	DB00288	Estradiol valerate	Amcinonide	-0.033333333333333215		D	False	False
DB13956	DB01380	Estradiol valerate	Cortisone acetate	-0.033333333333333215			False	False
DB01234	DB13954	Dexamethasone	Estradiol cypionate	-0.033333333333333215	C, A, S, R, H, D		False	False
DB00288	DB13954	Amcinonide	Estradiol cypionate	-0.033333333333333215	D		False	False
DB01222	DB13956	Budesonide	Estradiol valerate	-0.033333333333333215	A, R, D		False	False
DB01222	DB13954	Budesonide	Estradiol cypionate	-0.033333333333333215	A, R, D		False	False
DB13954	DB14649	Estradiol cypionate	Dexamethasone acetate	-0.033333333333333215			False	False
DB13954	DB01380	Estradiol cypionate	Cortisone acetate	-0.033333333333333215			False	False
DB00834	DB00608	Mifepristone	Chloroquine	-0.03333333333333344	G	P	False	False
DB01248	DB14544	Docetaxel	Hydrocortisone valerate	-0.03333333333333344	L		False	False
DB01248	DB00210	Docetaxel	Adapalene	-0.03333333333333344	L	D	False	False
DB01229	DB14544	Paclitaxel	Hydrocortisone valerate	-0.03333333333333344	L		False	False
DB01229	DB00210	Paclitaxel	Adapalene	-0.03333333333333344	L	D	False	False
DB00564	DB00622	Carbamazepine	Nicardipine	-0.03333333333333366	N	C	False	False
DB06486	DB02010	Enzastaurin	Staurosporine	-0.035027472527472625			False	False
DB00834	DB00132	Mifepristone	alpha-Linolenic acid	-0.036363636363636154	G		False	False
DB06195	DB02010	Seliciclib	Staurosporine	-0.036813186813186904			False	False
DB00749	DB00459	Etodolac	Acitretin	-0.03809523809523818	M	D	False	False
DB01103	DB01088	Quinacrine	Iloprost	-0.04166666666666696	P	B	False	False
DB01103	DB01119	Quinacrine	Diazoxide	-0.04166666666666696	P	C, V, G	False	False
DB01103	DB00243	Quinacrine	Ranolazine	-0.04166666666666696	P	C	False	False
DB01229	DB01645	Paclitaxel	Genistein	-0.04183535762483115	L		False	False
DB01248	DB01645	Docetaxel	Genistein	-0.04183535762483115	L		False	False
DB02424	DB11800	Geldanamycin	Tivozanib	-0.04329004329004338		L	False	False
DB00834	DB00201	Mifepristone	Caffeine	-0.04365079365079372	G	R, V, N	False	False
DB00530	DB00619	Erlotinib	Imatinib	-0.045454545454545414	L	L	False	False
DB01023	DB00288	Felodipine	Amcinonide	-0.04615384615384621	C	D	False	False
DB01023	DB01380	Felodipine	Cortisone acetate	-0.04615384615384621	C		False	False
DB01222	DB01023	Budesonide	Felodipine	-0.04615384615384621	A, R, D	C	False	False
DB02424	DB01268	Geldanamycin	Sunitinib	-0.04734848484848464		L	False	False
DB12500	DB01268	Fedratinib	Sunitinib	-0.04734848484848464	L	L	False	False
DB02424	DB06486	Geldanamycin	Enzastaurin	-0.04734848484848464			False	False
DB08059	DB00619	Wortmannin	Imatinib	-0.04807692307692313		L	True	False
DB11800	DB06486	Tivozanib	Enzastaurin	-0.04814593301435388	L		False	False
DB04216	DB12695	Quercetin	Phenethyl Isothiocyanate	-0.04814814814814805			False	False
DB06152	DB02010	Nylidrin	Staurosporine	-0.048717948717948545	C, G		False	False
DB00421	DB00313	Spironolactone	Valproic acid	-0.04883040935672511	C	N	False	False
DB00159	DB00288	Icosapent	Amcinonide	-0.04895104895104918		D	False	False
DB00159	DB01380	Icosapent	Cortisone acetate	-0.04895104895104918			True	False
DB01222	DB00159	Budesonide	Icosapent	-0.04895104895104918	A, R, D		True	False
DB00619	DB06589	Imatinib	Pazopanib	-0.050000000000000044	L	L	False	False
DB00288	DB01244	Amcinonide	Bepridil	-0.050000000000000044	D	C	False	False
DB00530	DB01016	Erlotinib	Glyburide	-0.050000000000000044	L	A	False	False
DB01222	DB01244	Budesonide	Bepridil	-0.050000000000000044	A, R, D	C	False	False
DB01244	DB01380	Bepridil	Cortisone acetate	-0.050000000000000044	C		False	False
DB01115	DB00421	Nifedipine	Spironolactone	-0.05138888888888893	C	C	False	False
DB00530	DB11800	Erlotinib	Tivozanib	-0.05244755244755228	L	L	False	False
DB07557	DB00132	3,20-Pregnanedione	alpha-Linolenic acid	-0.05303030303030298			False	False
DB00313	DB00783	Valproic acid	Estradiol	-0.05456349206349209	N	G	False	False
DB00749	DB03756	Etodolac	Doconexent	-0.05555555555555536	M		False	False
DB00313	DB00210	Valproic acid	Adapalene	-0.05555555555555558	N	D	False	False
DB01229	DB08080	Paclitaxel	Latrunculin B	-0.0555555555555558	L		False	False
DB08080	DB12742	Latrunculin B	Amuvatinib	-0.0555555555555558			False	False
DB01248	DB08080	Docetaxel	Latrunculin B	-0.0555555555555558	L		False	False
DB00421	DB01393	Spironolactone	Bezafibrate	-0.055882352941176494	C	C	False	False
DB13956	DB00313	Estradiol valerate	Valproic acid	-0.05672514619883051		N	False	False
DB00396	DB00313	Progesterone	Valproic acid	-0.05672514619883051	G	N	False	False
DB00313	DB13954	Valproic acid	Estradiol cypionate	-0.05672514619883051	N		False	False
DB05294	DB07594	Vandetanib	CCT-018159	-0.05714285714285716	L		False	False
DB05294	DB00619	Vandetanib	Imatinib	-0.05714285714285716	L	L	False	False
DB08912	DB07594	Dabrafenib	CCT-018159	-0.05714285714285716	L		False	False
DB05134	DB05294	Tanespimycin	Vandetanib	-0.05714285714285716		L	False	False
DB05134	DB08912	Tanespimycin	Dabrafenib	-0.05714285714285716		L	False	False
DB06152	DB05266	Nylidrin	Ibudilast	-0.057142857142857384	C, G	R	False	False
DB06152	DB05294	Nylidrin	Vandetanib	-0.057142857142857384	C, G	L	False	False
DB01229	DB00421	Paclitaxel	Spironolactone	-0.05833333333333335	L	C	False	False
DB02052	DB00421	Indirubin-3'-monoxime	Spironolactone	-0.05833333333333335		C	False	False
DB01248	DB00421	Docetaxel	Spironolactone	-0.05833333333333335	L	C	False	False
DB08175	DB00396	(2E,4E)-11-METHOXY-3,7,11-TRIMETHYLDODECA-2,4-DIENOIC ACID	Progesterone	-0.05897435897435899		G	False	False
DB01115	DB00783	Nifedipine	Estradiol	-0.06011904761904785	C	G	False	False
DB04297	DB06486	Trichostatin A	Enzastaurin	-0.0625			False	False
DB05984	DB06486	RAF-265	Enzastaurin	-0.0625			False	False
DB00530	DB06486	Erlotinib	Enzastaurin	-0.0625	L		False	False
DB00564	DB06486	Carbamazepine	Enzastaurin	-0.0625	N		False	False
DB01115	DB00280	Nifedipine	Disopyramide	-0.0625	C	C	False	False
DB00530	DB08901	Erlotinib	Ponatinib	-0.06274509803921546	L	L	False	False
DB00313	DB00243	Valproic acid	Ranolazine	-0.06349206349206349	N	C	True	False
DB08059	DB02010	Wortmannin	Staurosporine	-0.06391402714932126			False	False
DB03758	DB00675	Radicicol	Tamoxifen	-0.06428571428571428		L	False	False
DB00530	DB07995	Erlotinib	H-89	-0.06666666666666643	L		False	False
DB00749	DB00288	Etodolac	Amcinonide	-0.06666666666666643	M	D	False	False
DB00749	DB01380	Etodolac	Cortisone acetate	-0.06666666666666643	M		True	False
DB02424	DB04297	Geldanamycin	Trichostatin A	-0.06666666666666643			False	False
DB04297	DB00717	Trichostatin A	Norethisterone	-0.06666666666666643		G	False	False
DB04297	DB07995	Trichostatin A	H-89	-0.06666666666666643			False	False
DB05984	DB07995	RAF-265	H-89	-0.06666666666666643			False	False
DB01222	DB00749	Budesonide	Etodolac	-0.06666666666666643	A, R, D	M	True	False
DB06152	DB01103	Nylidrin	Quinacrine	-0.06666666666666687	C, G	P	False	False
DB00564	DB01016	Carbamazepine	Glyburide	-0.06818181818181834	N	A	False	False
DB00210	DB00783	Adapalene	Estradiol	-0.06845238095238093	D	G	False	False
DB00421	DB06195	Spironolactone	Seliciclib	-0.06848739495798295	C		False	False
DB01244	DB00281	Bepridil	Lidocaine	-0.06890756302521006	C	C, S, R, N, D	False	False
DB08059	DB00482	Wortmannin	Celecoxib	-0.06944444444444442		M, C, G, L	False	False
DB01229	DB14649	Paclitaxel	Dexamethasone acetate	-0.06969696969696981	L		False	False
DB01248	DB01234	Docetaxel	Dexamethasone	-0.06969696969696981	L	C, A, S, R, H, D	False	False
DB01248	DB14649	Docetaxel	Dexamethasone acetate	-0.06969696969696981	L		False	False
DB01229	DB01234	Paclitaxel	Dexamethasone	-0.06969696969696981	L	C, A, S, R, H, D	False	False
DB07863	DB14544	2-chloro-5-nitro-N-phenylbenzamide	Hydrocortisone valerate	-0.0714285714285714			False	False
DB05134	DB06195	Tanespimycin	Seliciclib	-0.0714285714285714			False	False
DB00834	DB08916	Mifepristone	Afatinib	-0.0714285714285714	G	L	False	False
DB06195	DB07594	Seliciclib	CCT-018159	-0.0714285714285714			False	False
DB08080	DB06195	Latrunculin B	Seliciclib	-0.0714285714285714			False	False
DB00243	DB07996	Ranolazine	5-(2-methylpiperazine-1-sulfonyl)isoquinoline	-0.0714285714285714	C		False	False
DB00243	DB07997	Ranolazine	N-[2-(METHYLAMINO)ETHYL]-5-ISOQUINOLINESULFONAMIDE	-0.0714285714285714	C		False	False
DB08059	DB08896	Wortmannin	Regorafenib	-0.07196969696969702		L	False	False
DB01229	DB01115	Paclitaxel	Nifedipine	-0.07440476190476208	L	C	False	False
DB01248	DB01115	Docetaxel	Nifedipine	-0.07440476190476208	L	C	False	False
DB07080	DB13956	TO-901317	Estradiol valerate	-0.07499999999999996			False	False
DB04149	DB01088	(R)-Rolipram	Iloprost	-0.07499999999999996		B	False	False
DB07080	DB13954	TO-901317	Estradiol cypionate	-0.07499999999999996			False	False
DB06152	DB01088	Nylidrin	Iloprost	-0.07500000000000018	C, G	B	False	False
DB07080	DB01645	TO-901317	Genistein	-0.07692307692307687			False	False
DB00530	DB12695	Erlotinib	Phenethyl Isothiocyanate	-0.07730496453900715	L		False	False
DB01115	DB00675	Nifedipine	Tamoxifen	-0.07916666666666683	C	L	False	False
DB02424	DB00783	Geldanamycin	Estradiol	-0.08095238095238089		G	False	False
DB08059	DB11800	Wortmannin	Tivozanib	-0.08257575757575752		L	False	False
DB02424	DB00619	Geldanamycin	Imatinib	-0.08333333333333326		L	False	False
DB05134	DB03758	Tanespimycin	Radicicol	-0.08333333333333326			False	False
DB04297	DB01782	Trichostatin A	Pyrazolanthrone	-0.08333333333333326			False	False
DB05984	DB03374	RAF-265	3,5-Diiodotyrosine	-0.08333333333333326			False	False
DB03758	DB07594	Radicicol	CCT-018159	-0.08333333333333326			False	False
DB04297	DB03374	Trichostatin A	3,5-Diiodotyrosine	-0.08333333333333326			False	False
DB03758	DB01259	Radicicol	Lapatinib	-0.08333333333333326		L	False	False
DB12742	DB01259	Amuvatinib	Lapatinib	-0.08333333333333348		L	False	False
DB03758	DB12742	Radicicol	Amuvatinib	-0.08333333333333348			False	False
DB01222	DB01229	Budesonide	Paclitaxel	-0.08333333333333348	A, R, D	L	False	False
DB01229	DB01380	Paclitaxel	Cortisone acetate	-0.08333333333333348	L		False	False
DB05134	DB12742	Tanespimycin	Amuvatinib	-0.08333333333333348			False	False
DB12742	DB07594	Amuvatinib	CCT-018159	-0.08333333333333348			False	False
DB05984	DB12742	RAF-265	Amuvatinib	-0.08333333333333348			False	False
DB00631	DB12742	Clofarabine	Amuvatinib	-0.08333333333333348	L		False	False
DB01222	DB01248	Budesonide	Docetaxel	-0.08333333333333348	A, R, D	L	False	False
DB01229	DB00288	Paclitaxel	Amcinonide	-0.08333333333333348	L	D	False	False
DB01229	DB01782	Paclitaxel	Pyrazolanthrone	-0.08333333333333348	L		False	False
DB07557	DB01229	3,20-Pregnanedione	Paclitaxel	-0.08333333333333348		L	False	False
DB07557	DB01248	3,20-Pregnanedione	Docetaxel	-0.08333333333333348		L	False	False
DB11781	DB01248	Tosedostat	Docetaxel	-0.08333333333333348		L	False	False
DB02052	DB14544	Indirubin-3'-monoxime	Hydrocortisone valerate	-0.08333333333333348			False	False
DB02052	DB07594	Indirubin-3'-monoxime	CCT-018159	-0.08333333333333348			False	False
DB06152	DB03758	Nylidrin	Radicicol	-0.08333333333333348	C, G		False	False
DB00564	DB08896	Carbamazepine	Regorafenib	-0.08333333333333348	N	L	False	False
DB06152	DB00608	Nylidrin	Chloroquine	-0.08333333333333348	C, G	P	False	False
DB11781	DB01229	Tosedostat	Paclitaxel	-0.08333333333333348		L	False	False
DB01248	DB00288	Docetaxel	Amcinonide	-0.08333333333333348	L	D	False	False
DB05984	DB02052	RAF-265	Indirubin-3'-monoxime	-0.08333333333333348			False	False
DB01248	DB01782	Docetaxel	Pyrazolanthrone	-0.08333333333333348	L		False	False
DB01248	DB01380	Docetaxel	Cortisone acetate	-0.08333333333333348	L		False	False
DB11781	DB02052	Tosedostat	Indirubin-3'-monoxime	-0.08333333333333348			False	False
DB05134	DB02052	Tanespimycin	Indirubin-3'-monoxime	-0.08333333333333348			False	False
DB00243	DB01388	Ranolazine	Mibefradil	-0.08522727272727271	C	C	False	False
DB02546	DB06486	Vorinostat	Enzastaurin	-0.08557692307692322	L		False	False
DB00630	DB00631	Alendronic acid	Clofarabine	-0.08571428571428585	M	L	False	False
DB00630	DB11781	Alendronic acid	Tosedostat	-0.08571428571428585	M		False	False
DB00530	DB00630	Erlotinib	Alendronic acid	-0.08571428571428585	L	M	False	False
DB00564	DB12695	Carbamazepine	Phenethyl Isothiocyanate	-0.08749999999999969	N		False	False
DB11800	DB00564	Tivozanib	Carbamazepine	-0.09090909090909083	L	N	False	False
DB07557	DB00396	3,20-Pregnanedione	Progesterone	-0.09285714285714275		G	False	False
DB00421	DB00783	Spironolactone	Estradiol	-0.09369747899159653	C	G	False	False
DB08175	DB14544	(2E,4E)-11-METHOXY-3,7,11-TRIMETHYLDODECA-2,4-DIENOIC ACID	Hydrocortisone valerate	-0.09523809523809512			False	False
DB07995	DB14544	H-89	Hydrocortisone valerate	-0.09523809523809512			False	False
DB00749	DB00834	Etodolac	Mifepristone	-0.09523809523809512	M	G	False	False
DB01229	DB06195	Paclitaxel	Seliciclib	-0.09706959706959695	L		False	False
DB01248	DB06195	Docetaxel	Seliciclib	-0.09706959706959695	L		False	False
DB00396	DB01103	Progesterone	Quinacrine	-0.09743589743589753	G	P	False	False
DB07080	DB00421	TO-901317	Spironolactone	-0.10000000000000009		C	False	False
DB01222	DB08916	Budesonide	Afatinib	-0.10000000000000009	A, R, D	L	False	False
DB04297	DB08916	Trichostatin A	Afatinib	-0.10000000000000009		L	False	False
DB01234	DB01393	Dexamethasone	Bezafibrate	-0.10000000000000009	C, A, S, R, H, D	C	False	False
DB06152	DB02546	Nylidrin	Vorinostat	-0.10000000000000009	C, G	L	False	False
DB00288	DB08916	Amcinonide	Afatinib	-0.10000000000000009	D	L	False	False
DB01380	DB08916	Cortisone acetate	Afatinib	-0.10000000000000009		L	False	False
DB00564	DB02546	Carbamazepine	Vorinostat	-0.10000000000000009	N	L	True	False
DB01393	DB14649	Bezafibrate	Dexamethasone acetate	-0.10000000000000009	C		False	False
DB06152	DB08080	Nylidrin	Latrunculin B	-0.10000000000000009	C, G		False	False
DB03758	DB00783	Radicicol	Estradiol	-0.10064935064935088		G	False	False
DB01229	DB01393	Paclitaxel	Bezafibrate	-0.10256410256410264	L	C	False	False
DB01248	DB01393	Docetaxel	Bezafibrate	-0.10256410256410264	L	C	True	False
DB08059	DB05294	Wortmannin	Vandetanib	-0.10277777777777763		L	False	False
DB08059	DB01268	Wortmannin	Sunitinib	-0.10416666666666674		L	True	False
DB08059	DB08901	Wortmannin	Ponatinib	-0.10570175438596485		L	True	False
DB01054	DB00243	Nitrendipine	Ranolazine	-0.1071428571428572	C	C	True	False
DB00564	DB03374	Carbamazepine	3,5-Diiodotyrosine	-0.1071428571428572	N		False	False
DB03758	DB08916	Radicicol	Afatinib	-0.1071428571428572		L	False	False
DB00201	DB00622	Caffeine	Nicardipine	-0.10763546798029555	R, V, N	C	False	False
DB00834	DB01119	Mifepristone	Diazoxide	-0.11111111111111116	G	C, V, G	False	False
DB00313	DB01103	Valproic acid	Quinacrine	-0.11111111111111138	N	P	False	False
DB02424	DB00675	Geldanamycin	Tamoxifen	-0.11282051282051286		L	False	False
DB08059	DB02546	Wortmannin	Vorinostat	-0.11388888888888893		L	True	False
DB00530	DB03496	Erlotinib	Alvocidib	-0.11538461538461542	L		False	False
DB03758	DB08912	Radicicol	Dabrafenib	-0.1166666666666667		L	False	False
DB03758	DB05294	Radicicol	Vandetanib	-0.1166666666666667		L	False	False
DB00530	DB00396	Erlotinib	Progesterone	-0.1166666666666667	L	G	False	False
DB00834	DB06195	Mifepristone	Seliciclib	-0.11688311688311681	G		False	False
DB00834	DB00459	Mifepristone	Acitretin	-0.11688311688311681	G	D	False	False
DB01103	DB01244	Quinacrine	Bepridil	-0.12051282051282053	P	C	False	False
DB01023	DB00243	Felodipine	Ranolazine	-0.12393162393162394	C	C	True	False
DB08059	DB11781	Wortmannin	Tosedostat	-0.125			False	False
DB07080	DB00288	TO-901317	Amcinonide	-0.125		D	False	False
DB11886	DB01259	Infigratinib	Lapatinib	-0.125		L	False	False
DB07557	DB14544	3,20-Pregnanedione	Hydrocortisone valerate	-0.125			False	False
DB11886	DB00564	Infigratinib	Carbamazepine	-0.125		N	False	False
DB08059	DB00564	Wortmannin	Carbamazepine	-0.125		N	True	False
DB01222	DB07080	Budesonide	TO-901317	-0.125	A, R, D		False	False
DB01092	DB01119	Ouabain	Diazoxide	-0.125	C	C, V, G	False	False
DB08059	DB08916	Wortmannin	Afatinib	-0.125		L	False	False
DB00530	DB02587	Erlotinib	Colforsin	-0.125	L		False	False
DB00834	DB11886	Mifepristone	Infigratinib	-0.125	G		False	False
DB07859	DB08756	4-(4-CHLOROPHENYL)-4-[4-(1H-PYRAZOL-4-YL)PHENYL]PIPERIDINE	Y-27632	-0.125			False	False
DB08073	DB08756	(2S)-1-(1H-INDOL-3-YL)-3-{[5-(3-METHYL-1H-INDAZOL-5-YL)PYRIDIN-3-YL]OXY}PROPAN-2-AMINE	Y-27632	-0.125			False	False
DB02587	DB00564	Colforsin	Carbamazepine	-0.125		N	False	False
DB02587	DB14544	Colforsin	Hydrocortisone valerate	-0.125			False	False
DB07080	DB01380	TO-901317	Cortisone acetate	-0.125			False	False
DB08059	DB06152	Wortmannin	Nylidrin	-0.125		C, G	False	False
DB00564	DB00588	Carbamazepine	Fluticasone propionate	-0.125	N		False	False
DB03374	DB14544	3,5-Diiodotyrosine	Hydrocortisone valerate	-0.125			False	False
DB06195	DB00288	Seliciclib	Amcinonide	-0.12698412698412698		D	False	False
DB06195	DB01380	Seliciclib	Cortisone acetate	-0.12698412698412698			False	False
DB01222	DB00412	Budesonide	Rosiglitazone	-0.12698412698412698	A, R, D	A	True	False
DB01222	DB06195	Budesonide	Seliciclib	-0.12698412698412698	A, R, D		False	False
DB00412	DB00288	Rosiglitazone	Amcinonide	-0.12698412698412698	A	D	True	False
DB00530	DB00459	Erlotinib	Acitretin	-0.12698412698412698	L	D	False	False
DB00530	DB06195	Erlotinib	Seliciclib	-0.12698412698412698	L		False	False
DB00412	DB01380	Rosiglitazone	Cortisone acetate	-0.12698412698412698	A		True	False
DB01103	DB00159	Quinacrine	Icosapent	-0.12770562770562766	P		False	False
DB07557	DB14649	3,20-Pregnanedione	Dexamethasone acetate	-0.12777777777777777			False	False
DB03758	DB01234	Radicicol	Dexamethasone	-0.12777777777777777		C, A, S, R, H, D	False	False
DB03758	DB14649	Radicicol	Dexamethasone acetate	-0.12777777777777777			False	False
DB07557	DB01234	3,20-Pregnanedione	Dexamethasone	-0.12777777777777777		C, A, S, R, H, D	False	False
DB00530	DB08912	Erlotinib	Dabrafenib	-0.12857142857142856	L	L	False	False
DB05294	DB00288	Vandetanib	Amcinonide	-0.12857142857142856	L	D	False	False
DB05294	DB01380	Vandetanib	Cortisone acetate	-0.12857142857142856	L		False	False
DB01222	DB05294	Budesonide	Vandetanib	-0.12857142857142856	A, R, D	L	False	False
DB04297	DB05294	Trichostatin A	Vandetanib	-0.12857142857142856		L	False	False
DB00281	DB14544	Lidocaine	Hydrocortisone valerate	-0.1298701298701299	C, S, R, N, D		False	False
DB00482	DB00159	Celecoxib	Icosapent	-0.13068181818181834	M, C, G, L		True	False
DB07557	DB00749	3,20-Pregnanedione	Etodolac	-0.1309523809523807		M	False	False
DB00717	DB03758	Norethisterone	Radicicol	-0.1309523809523807	G		False	False
DB08175	DB00421	(2E,4E)-11-METHOXY-3,7,11-TRIMETHYLDODECA-2,4-DIENOIC ACID	Spironolactone	-0.13205128205128203		C	False	False
DB00530	DB01244	Erlotinib	Bepridil	-0.1333333333333333	L	C	False	False
DB05984	DB06589	RAF-265	Pazopanib	-0.1333333333333333		L	False	False
DB00530	DB08896	Erlotinib	Regorafenib	-0.13333333333333353	L	L	False	False
DB00530	DB00201	Erlotinib	Caffeine	-0.1339285714285714	L	R, V, N	False	False
DB01016	DB01119	Glyburide	Diazoxide	-0.13461538461538458	A	C, V, G	False	False
DB02424	DB00396	Geldanamycin	Progesterone	-0.13589743589743586		G	False	False
DB00717	DB06195	Norethisterone	Seliciclib	-0.13809523809523805	G		False	False
DB06195	DB01103	Seliciclib	Quinacrine	-0.13809523809523805		P	False	False
DB00749	DB00412	Etodolac	Rosiglitazone	-0.13809523809523805	M	A	False	False
DB00717	DB02052	Norethisterone	Indirubin-3'-monoxime	-0.13888888888888884	G		False	False
DB00622	DB01244	Nicardipine	Bepridil	-0.1399999999999999	C	C	False	False
DB00717	DB14649	Norethisterone	Dexamethasone acetate	-0.1416666666666666	G		False	False
DB00717	DB01234	Norethisterone	Dexamethasone	-0.1416666666666666	G	C, A, S, R, H, D	False	False
DB02424	DB02546	Geldanamycin	Vorinostat	-0.1416666666666666		L	False	False
DB00717	DB02546	Norethisterone	Vorinostat	-0.1416666666666666	G	L	False	False
DB00288	DB01119	Amcinonide	Diazoxide	-0.1428571428571428	D	C, V, G	False	False
DB03496	DB00564	Alvocidib	Carbamazepine	-0.1428571428571428		N	False	False
DB00530	DB01119	Erlotinib	Diazoxide	-0.1428571428571428	L	C, V, G	False	False
DB01380	DB01119	Cortisone acetate	Diazoxide	-0.1428571428571428		C, V, G	False	False
DB01222	DB01119	Budesonide	Diazoxide	-0.1428571428571428	A, R, D	C, V, G	False	False
DB00564	DB08901	Carbamazepine	Ponatinib	-0.14444444444444438	N	L	False	False
DB08912	DB14544	Dabrafenib	Hydrocortisone valerate	-0.14444444444444438	L		False	False
DB00201	DB00564	Caffeine	Carbamazepine	-0.14495798319327724	R, V, N	N	False	False
DB00421	DB04216	Spironolactone	Quercetin	-0.14529529529529528	C		False	False
DB00396	DB00281	Progesterone	Lidocaine	-0.1453781512605039	G	C, S, R, N, D	False	False
DB01054	DB00622	Nitrendipine	Nicardipine	-0.14805194805194777	C	C	False	False
DB07080	DB00459	TO-901317	Acitretin	-0.14835164835164827		D	False	False
DB07080	DB00412	TO-901317	Rosiglitazone	-0.14835164835164827		A	False	False
DB02424	DB00588	Geldanamycin	Fluticasone propionate	-0.14880952380952372			False	False
DB08175	DB00588	(2E,4E)-11-METHOXY-3,7,11-TRIMETHYLDODECA-2,4-DIENOIC ACID	Fluticasone propionate	-0.14880952380952372			False	False
DB00421	DB13954	Spironolactone	Estradiol cypionate	-0.1499999999999999	C		False	False
DB13956	DB00421	Estradiol valerate	Spironolactone	-0.1499999999999999		C	False	False
DB00834	DB00159	Mifepristone	Icosapent	-0.1515151515151516	G		False	False
DB06195	DB01119	Seliciclib	Diazoxide	-0.15476190476190466		C, V, G	False	False
DB02546	DB14544	Vorinostat	Hydrocortisone valerate	-0.15555555555555567	L		False	False
DB01054	DB00564	Nitrendipine	Carbamazepine	-0.15714285714285703	C	N	False	False
DB01229	DB13954	Paclitaxel	Estradiol cypionate	-0.15833333333333321	L		False	False
DB01248	DB13956	Docetaxel	Estradiol valerate	-0.15833333333333321	L		False	False
DB01248	DB13954	Docetaxel	Estradiol cypionate	-0.15833333333333321	L		False	False
DB01229	DB13956	Paclitaxel	Estradiol valerate	-0.15833333333333321	L		False	False
DB11886	DB08901	Infigratinib	Ponatinib	-0.15833333333333321		L	False	False
DB00313	DB14544	Valproic acid	Hydrocortisone valerate	-0.16239316239316226	N		False	False
DB00201	DB01244	Caffeine	Bepridil	-0.16309523809523818	R, V, N	C	False	False
DB02546	DB00313	Vorinostat	Valproic acid	-0.16349206349206358	L	N	True	False
DB03758	DB00396	Radicicol	Progesterone	-0.16428571428571415		G	False	False
DB00564	DB00280	Carbamazepine	Disopyramide	-0.16477272727272707	N	C	False	False
DB00421	DB01645	Spironolactone	Genistein	-0.16605351170568539	C		False	False
DB02424	DB08175	Geldanamycin	(2E,4E)-11-METHOXY-3,7,11-TRIMETHYLDODECA-2,4-DIENOIC ACID	-0.16666666666666652			False	False
DB07995	DB00243	H-89	Ranolazine	-0.16666666666666652		C	False	False
DB00717	DB07594	Norethisterone	CCT-018159	-0.16666666666666652	G		False	False
DB00717	DB01259	Norethisterone	Lapatinib	-0.16666666666666652	G	L	False	False
DB05134	DB12500	Tanespimycin	Fedratinib	-0.16666666666666652		L	False	False
DB12500	DB01259	Fedratinib	Lapatinib	-0.16666666666666652	L	L	False	False
DB00749	DB01393	Etodolac	Bezafibrate	-0.16666666666666652	M	C	False	False
DB00749	DB00210	Etodolac	Adapalene	-0.16666666666666652	M	D	False	False
DB00717	DB00564	Norethisterone	Carbamazepine	-0.16666666666666652	G	N	False	False
DB02424	DB08916	Geldanamycin	Afatinib	-0.16666666666666652		L	False	False
DB01013	DB08175	Clobetasol propionate	(2E,4E)-11-METHOXY-3,7,11-TRIMETHYLDODECA-2,4-DIENOIC ACID	-0.16666666666666652			False	False
DB02424	DB01259	Geldanamycin	Lapatinib	-0.16666666666666652		L	False	False
DB12500	DB07594	Fedratinib	CCT-018159	-0.16666666666666652	L		False	False
DB01013	DB00564	Clobetasol propionate	Carbamazepine	-0.16666666666666652		N	False	False
DB01013	DB08080	Clobetasol propionate	Latrunculin B	-0.16666666666666652			False	False
DB01013	DB06152	Clobetasol propionate	Nylidrin	-0.16666666666666652		C, G	False	False
DB07863	DB00210	2-chloro-5-nitro-N-phenylbenzamide	Adapalene	-0.16666666666666652		D	False	False
DB07863	DB00717	2-chloro-5-nitro-N-phenylbenzamide	Norethisterone	-0.16666666666666652		G	False	False
DB07863	DB00749	2-chloro-5-nitro-N-phenylbenzamide	Etodolac	-0.16666666666666652		M	False	False
DB07080	DB00210	TO-901317	Adapalene	-0.16666666666666652		D	False	False
DB12500	DB00564	Fedratinib	Carbamazepine	-0.16666666666666652	L	N	False	False
DB06152	DB14544	Nylidrin	Hydrocortisone valerate	-0.16666666666666652	C, G		False	False
DB06152	DB00659	Nylidrin	Acamprosate	-0.16666666666666652	C, G	N	False	False
DB00564	DB00659	Carbamazepine	Acamprosate	-0.16666666666666652	N	N	False	False
DB07995	DB00564	H-89	Carbamazepine	-0.16666666666666652		N	False	False
DB02424	DB01013	Geldanamycin	Clobetasol propionate	-0.16666666666666652			False	False
DB02424	DB12500	Geldanamycin	Fedratinib	-0.16666666666666652		L	False	False
DB02424	DB06152	Geldanamycin	Nylidrin	-0.16666666666666652		C, G	False	False
DB05134	DB00717	Tanespimycin	Norethisterone	-0.16666666666666652		G	False	False
DB07080	DB03756	TO-901317	Doconexent	-0.16666666666666663			False	False
DB08073	DB01380	(2S)-1-(1H-INDOL-3-YL)-3-{[5-(3-METHYL-1H-INDAZOL-5-YL)PYRIDIN-3-YL]OXY}PROPAN-2-AMINE	Cortisone acetate	-0.16666666666666674			False	False
DB02424	DB01248	Geldanamycin	Docetaxel	-0.16666666666666674		L	False	False
DB12500	DB01103	Fedratinib	Quinacrine	-0.16666666666666674	L	P	False	False
DB00717	DB01103	Norethisterone	Quinacrine	-0.16666666666666674	G	P	False	False
DB07859	DB01380	4-(4-CHLOROPHENYL)-4-[4-(1H-PYRAZOL-4-YL)PHENYL]PIPERIDINE	Cortisone acetate	-0.16666666666666674			False	False
DB01222	DB08073	Budesonide	(2S)-1-(1H-INDOL-3-YL)-3-{[5-(3-METHYL-1H-INDAZOL-5-YL)PYRIDIN-3-YL]OXY}PROPAN-2-AMINE	-0.16666666666666674	A, R, D		False	False
DB00530	DB08895	Erlotinib	Tofacitinib	-0.16666666666666674	L	L	False	False
DB00530	DB08877	Erlotinib	Ruxolitinib	-0.16666666666666674	L	L	False	False
DB07859	DB00288	4-(4-CHLOROPHENYL)-4-[4-(1H-PYRAZOL-4-YL)PHENYL]PIPERIDINE	Amcinonide	-0.16666666666666674		D	False	False
DB08073	DB00288	(2S)-1-(1H-INDOL-3-YL)-3-{[5-(3-METHYL-1H-INDAZOL-5-YL)PYRIDIN-3-YL]OXY}PROPAN-2-AMINE	Amcinonide	-0.16666666666666674		D	False	False
DB01222	DB07859	Budesonide	4-(4-CHLOROPHENYL)-4-[4-(1H-PYRAZOL-4-YL)PHENYL]PIPERIDINE	-0.16666666666666674	A, R, D		False	False
DB00749	DB01103	Etodolac	Quinacrine	-0.16666666666666674	M	P	False	False
DB01229	DB02052	Paclitaxel	Indirubin-3'-monoxime	-0.16666666666666674	L		False	False
DB01248	DB02052	Docetaxel	Indirubin-3'-monoxime	-0.16666666666666674	L		False	False
DB00834	DB01259	Mifepristone	Lapatinib	-0.16666666666666674	G	L	False	False
DB02424	DB01229	Geldanamycin	Paclitaxel	-0.16666666666666674		L	False	False
DB05984	DB07859	RAF-265	4-(4-CHLOROPHENYL)-4-[4-(1H-PYRAZOL-4-YL)PHENYL]PIPERIDINE	-0.16666666666666674			False	False
DB05984	DB08073	RAF-265	(2S)-1-(1H-INDOL-3-YL)-3-{[5-(3-METHYL-1H-INDAZOL-5-YL)PYRIDIN-3-YL]OXY}PROPAN-2-AMINE	-0.16666666666666674			False	False
DB00530	DB01103	Erlotinib	Quinacrine	-0.16666666666666696	L	P	False	False
DB08080	DB01103	Latrunculin B	Quinacrine	-0.16666666666666696		P	False	False
DB00631	DB01103	Clofarabine	Quinacrine	-0.16666666666666696	L	P	False	False
DB04297	DB01103	Trichostatin A	Quinacrine	-0.16666666666666696		P	False	False
DB11781	DB01103	Tosedostat	Quinacrine	-0.16666666666666696		P	False	False
DB01115	DB01244	Nifedipine	Bepridil	-0.16805555555555562	C	C	False	False
DB00421	DB01103	Spironolactone	Quinacrine	-0.17051282051282035	C	P	False	False
DB07863	DB00459	2-chloro-5-nitro-N-phenylbenzamide	Acitretin	-0.17142857142857137		D	False	False
DB02546	DB01380	Vorinostat	Cortisone acetate	-0.17142857142857149	L		True	False
DB07557	DB00421	3,20-Pregnanedione	Spironolactone	-0.17142857142857149		C	False	False
DB03758	DB00421	Radicicol	Spironolactone	-0.17142857142857149		C	False	False
DB02546	DB00288	Vorinostat	Amcinonide	-0.17142857142857149	L	D	False	False
DB01222	DB02546	Budesonide	Vorinostat	-0.17142857142857149	A, R, D	L	True	False
DB00530	DB00132	Erlotinib	alpha-Linolenic acid	-0.1748251748251748	L		False	False
DB00564	DB02010	Carbamazepine	Staurosporine	-0.17788461538461542	N		False	False
DB00396	DB00783	Progesterone	Estradiol	-0.17899159663865527	G	G	False	True
DB01248	DB00675	Docetaxel	Tamoxifen	-0.18333333333333335	L	L	False	False
DB01229	DB00675	Paclitaxel	Tamoxifen	-0.18333333333333335	L	L	False	False
DB05294	DB08901	Vandetanib	Ponatinib	-0.18333333333333335	L	L	False	False
DB00834	DB02052	Mifepristone	Indirubin-3'-monoxime	-0.18333333333333357	G		False	False
DB04216	DB13954	Quercetin	Estradiol cypionate	-0.1844844844844844			False	False
DB13956	DB04216	Estradiol valerate	Quercetin	-0.1844844844844844			False	False
DB00201	DB01023	Caffeine	Felodipine	-0.18610093610093603	R, V, N	C	False	False
DB01054	DB01244	Nitrendipine	Bepridil	-0.18655462184873928	C	C	False	False
DB01222	DB00281	Budesonide	Lidocaine	-0.19047619047619047	A, R, D	C, S, R, N, D	False	False
DB00288	DB00281	Amcinonide	Lidocaine	-0.19047619047619047	D	C, S, R, N, D	False	False
DB01380	DB00281	Cortisone acetate	Lidocaine	-0.19047619047619047		C, S, R, N, D	False	False
DB11800	DB00619	Tivozanib	Imatinib	-0.1909090909090908	L	L	False	False
DB00675	DB04216	Tamoxifen	Quercetin	-0.19259259259259265	L		False	False
DB00564	DB01088	Carbamazepine	Iloprost	-0.19318181818181834	N	B	True	False
DB03374	DB00243	3,5-Diiodotyrosine	Ranolazine	-0.19444444444444442		C	False	False
DB00132	DB03756	alpha-Linolenic acid	Doconexent	-0.19518716577540096			False	True
DB12742	DB00482	Amuvatinib	Celecoxib	-0.19696969696969702		M, C, G, L	False	False
DB00482	DB00436	Celecoxib	Bendroflumethiazide	-0.19999999999999996	M, C, G, L	C, G	False	False
DB00834	DB03756	Mifepristone	Doconexent	-0.19999999999999996	G		False	False
DB01244	DB01119	Bepridil	Diazoxide	-0.19999999999999996	C	C, V, G	False	False
DB13956	DB00396	Estradiol valerate	Progesterone	-0.19999999999999996		G	False	False
DB00396	DB13954	Progesterone	Estradiol cypionate	-0.19999999999999996	G		False	False
DB00564	DB05266	Carbamazepine	Ibudilast	-0.20000000000000018	N	R	True	False
DB08912	DB00564	Dabrafenib	Carbamazepine	-0.20000000000000018	L	N	False	False
DB05294	DB00564	Vandetanib	Carbamazepine	-0.20000000000000018	L	N	False	False
DB00159	DB03756	Icosapent	Doconexent	-0.2005347593582889			False	True
DB03496	DB02052	Alvocidib	Indirubin-3'-monoxime	-0.20098039215686292			False	False
DB00530	DB00159	Erlotinib	Icosapent	-0.20279720279720292	L		False	False
DB00210	DB14544	Adapalene	Hydrocortisone valerate	-0.20512820512820507	D		False	False
DB05984	DB11800	RAF-265	Tivozanib	-0.20629370629370625		L	False	False
DB00564	DB00132	Carbamazepine	alpha-Linolenic acid	-0.20779220779220764	N		False	False
DB00530	DB02052	Erlotinib	Indirubin-3'-monoxime	-0.20833333333333348	L		False	False
DB02052	DB00288	Indirubin-3'-monoxime	Amcinonide	-0.20833333333333348		D	False	False
DB00631	DB02052	Clofarabine	Indirubin-3'-monoxime	-0.20833333333333348	L		False	False
DB02052	DB01380	Indirubin-3'-monoxime	Cortisone acetate	-0.20833333333333348			False	False
DB01222	DB02052	Budesonide	Indirubin-3'-monoxime	-0.20833333333333348	A, R, D		False	False
DB01013	DB00421	Clobetasol propionate	Spironolactone	-0.2089743589743589		C	False	False
DB02424	DB00421	Geldanamycin	Spironolactone	-0.2089743589743589		C	False	False
DB00313	DB03756	Valproic acid	Doconexent	-0.21111111111111103	N		False	False
DB00396	DB04216	Progesterone	Quercetin	-0.21151151151151137	G		False	False
DB01013	DB00396	Clobetasol propionate	Progesterone	-0.21282051282051295		G	False	False
DB00564	DB14544	Carbamazepine	Hydrocortisone valerate	-0.2142857142857144	N		False	False
DB00530	DB02010	Erlotinib	Staurosporine	-0.2153846153846155	L		False	False
DB00393	DB00243	Nimodipine	Ranolazine	-0.21666666666666656	C	C	True	False
DB07863	DB07080	2-chloro-5-nitro-N-phenylbenzamide	TO-901317	-0.2222222222222222			False	False
DB00564	DB00608	Carbamazepine	Chloroquine	-0.22222222222222232	N	P	False	False
DB00834	DB01645	Mifepristone	Genistein	-0.22398190045248856	G		False	False
DB00313	DB00288	Valproic acid	Amcinonide	-0.23232323232323226	N	D	False	False
DB00313	DB01380	Valproic acid	Cortisone acetate	-0.23232323232323226	N		False	False
DB01222	DB00313	Budesonide	Valproic acid	-0.23232323232323226	A, R, D	N	False	False
DB05984	DB08896	RAF-265	Regorafenib	-0.2333333333333334		L	False	False
DB02424	DB14544	Geldanamycin	Hydrocortisone valerate	-0.23809523809523792			False	False
DB02424	DB06195	Geldanamycin	Seliciclib	-0.23809523809523814			False	False
DB03758	DB02546	Radicicol	Vorinostat	-0.23888888888888893		L	False	False
DB01248	DB00783	Docetaxel	Estradiol	-0.23992673992673996	L	G	False	False
DB01229	DB00783	Paclitaxel	Estradiol	-0.23992673992673996	L	G	False	False
DB02424	DB08912	Geldanamycin	Dabrafenib	-0.2416666666666667		L	False	False
DB02424	DB05294	Geldanamycin	Vandetanib	-0.2416666666666667		L	False	False
DB01645	DB04216	Genistein	Quercetin	-0.2445156695156694			False	False
DB00280	DB00622	Disopyramide	Nicardipine	-0.24619565217391304	C	C	False	False
DB00530	DB04216	Erlotinib	Quercetin	-0.24776500638569599	L		False	False
DB04216	DB00783	Quercetin	Estradiol	-0.24805477746654225		G	False	False
DB07594	DB01380	CCT-018159	Cortisone acetate	-0.25			False	False
DB02424	DB02052	Geldanamycin	Indirubin-3'-monoxime	-0.25			False	False
DB04297	DB01259	Trichostatin A	Lapatinib	-0.25		L	False	False
DB01782	DB00564	Pyrazolanthrone	Carbamazepine	-0.25		N	False	False
DB07594	DB00288	CCT-018159	Amcinonide	-0.25		D	False	False
DB00530	DB01782	Erlotinib	Pyrazolanthrone	-0.25	L		False	False
DB00530	DB07557	Erlotinib	3,20-Pregnanedione	-0.25	L		False	False
DB01222	DB07594	Budesonide	CCT-018159	-0.25	A, R, D		False	False
DB07557	DB00288	3,20-Pregnanedione	Amcinonide	-0.25		D	False	False
DB07557	DB01380	3,20-Pregnanedione	Cortisone acetate	-0.25			False	False
DB00631	DB06152	Clofarabine	Nylidrin	-0.25	L	C, G	False	False
DB07557	DB03756	3,20-Pregnanedione	Doconexent	-0.25			False	False
DB05984	DB03758	RAF-265	Radicicol	-0.25			False	False
DB01222	DB01259	Budesonide	Lapatinib	-0.25	A, R, D	L	False	False
DB06152	DB01782	Nylidrin	Pyrazolanthrone	-0.25	C, G		False	False
DB08756	DB03374	Y-27632	3,5-Diiodotyrosine	-0.25			False	False
DB01222	DB07996	Budesonide	5-(2-methylpiperazine-1-sulfonyl)isoquinoline	-0.25	A, R, D		False	False
DB01222	DB07997	Budesonide	N-[2-(METHYLAMINO)ETHYL]-5-ISOQUINOLINESULFONAMIDE	-0.25	A, R, D		False	False
DB01222	DB03374	Budesonide	3,5-Diiodotyrosine	-0.25	A, R, D		False	False
DB01222	DB07557	Budesonide	3,20-Pregnanedione	-0.25	A, R, D		False	False
DB00530	DB03374	Erlotinib	3,5-Diiodotyrosine	-0.25	L		False	False
DB03374	DB00288	3,5-Diiodotyrosine	Amcinonide	-0.25		D	False	False
DB03374	DB01380	3,5-Diiodotyrosine	Cortisone acetate	-0.25			False	False
DB04297	DB03758	Trichostatin A	Radicicol	-0.25			False	False
DB05134	DB00288	Tanespimycin	Amcinonide	-0.25		D	False	False
DB05134	DB01380	Tanespimycin	Cortisone acetate	-0.25			False	False
DB04297	DB06152	Trichostatin A	Nylidrin	-0.25		C, G	False	False
DB07996	DB01380	5-(2-methylpiperazine-1-sulfonyl)isoquinoline	Cortisone acetate	-0.25			False	False
DB05134	DB01222	Tanespimycin	Budesonide	-0.25		A, R, D	False	False
DB01380	DB07997	Cortisone acetate	N-[2-(METHYLAMINO)ETHYL]-5-ISOQUINOLINESULFONAMIDE	-0.25			False	False
DB00288	DB07997	Amcinonide	N-[2-(METHYLAMINO)ETHYL]-5-ISOQUINOLINESULFONAMIDE	-0.25	D		False	False
DB00288	DB07996	Amcinonide	5-(2-methylpiperazine-1-sulfonyl)isoquinoline	-0.25	D		False	False
DB01259	DB00288	Lapatinib	Amcinonide	-0.25	L	D	False	False
DB01259	DB01380	Lapatinib	Cortisone acetate	-0.25	L		False	False
DB00564	DB00482	Carbamazepine	Celecoxib	-0.25	N	M, C, G, L	False	False
DB12742	DB06486	Amuvatinib	Enzastaurin	-0.2529761904761907			False	False
DB12742	DB06589	Amuvatinib	Pazopanib	-0.2583333333333333		L	False	False
DB00834	DB00783	Mifepristone	Estradiol	-0.2597402597402598	G	G	False	False
DB06152	DB06486	Nylidrin	Enzastaurin	-0.26249999999999996	C, G		False	False
DB05984	DB01268	RAF-265	Sunitinib	-0.26249999999999996		L	False	False
DB00313	DB00132	Valproic acid	alpha-Linolenic acid	-0.26414141414141423	N		False	False
DB00530	DB12500	Erlotinib	Fedratinib	-0.2666666666666666	L	L	False	False
DB01234	DB01103	Dexamethasone	Quinacrine	-0.2666666666666666	C, A, S, R, H, D	P	False	False
DB00530	DB00749	Erlotinib	Etodolac	-0.2666666666666666	L	M	False	False
DB00530	DB00717	Erlotinib	Norethisterone	-0.2666666666666666	L	G	False	False
DB07995	DB01380	H-89	Cortisone acetate	-0.2666666666666666			False	False
DB01103	DB14649	Quinacrine	Dexamethasone acetate	-0.2666666666666666	P		False	False
DB01222	DB07995	Budesonide	H-89	-0.2666666666666666	A, R, D		False	False
DB00530	DB08175	Erlotinib	(2E,4E)-11-METHOXY-3,7,11-TRIMETHYLDODECA-2,4-DIENOIC ACID	-0.2666666666666666	L		False	False
DB07995	DB00288	H-89	Amcinonide	-0.2666666666666666		D	False	False
DB01013	DB00530	Clobetasol propionate	Erlotinib	-0.2666666666666666		L	False	False
DB00834	DB02546	Mifepristone	Vorinostat	-0.26666666666666683	G	L	False	False
DB08896	DB00619	Regorafenib	Imatinib	-0.2685185185185187	L	L	False	False
DB08059	DB06486	Wortmannin	Enzastaurin	-0.27083333333333337			False	False
DB00564	DB06195	Carbamazepine	Seliciclib	-0.27142857142857113	N		False	False
DB00564	DB00836	Carbamazepine	Loperamide	-0.27142857142857113	N	A	False	False
DB00396	DB14544	Progesterone	Hydrocortisone valerate	-0.27142857142857135	G		False	False
DB05984	DB05294	RAF-265	Vandetanib	-0.27142857142857135		L	False	False
DB07557	DB00717	3,20-Pregnanedione	Norethisterone	-0.2738095238095237		G	False	False
DB07557	DB08175	3,20-Pregnanedione	(2E,4E)-11-METHOXY-3,7,11-TRIMETHYLDODECA-2,4-DIENOIC ACID	-0.2738095238095237			False	False
DB01013	DB03758	Clobetasol propionate	Radicicol	-0.2738095238095237			False	False
DB01115	DB00243	Nifedipine	Ranolazine	-0.27403846153846145	C	C	False	False
DB00421	DB14544	Spironolactone	Hydrocortisone valerate	-0.2785714285714287	C		False	False
DB00834	DB00210	Mifepristone	Adapalene	-0.28205128205128194	G	D	False	False
DB08901	DB06589	Ponatinib	Pazopanib	-0.28333333333333344	L	L	False	False
DB01023	DB00564	Felodipine	Carbamazepine	-0.28365384615384626	C	N	False	False
DB08080	DB14544	Latrunculin B	Hydrocortisone valerate	-0.2857142857142858			False	False
DB04297	DB00482	Trichostatin A	Celecoxib	-0.2857142857142858		M, C, G, L	False	False
DB00749	DB00482	Etodolac	Celecoxib	-0.2916666666666665	M	M, C, G, L	True	False
DB12742	DB08896	Amuvatinib	Regorafenib	-0.29166666666666674		L	False	False
DB02587	DB00288	Colforsin	Amcinonide	-0.29166666666666674		D	False	False
DB02587	DB01380	Colforsin	Cortisone acetate	-0.29166666666666674			False	False
DB08059	DB05984	Wortmannin	RAF-265	-0.29166666666666674			False	False
DB01222	DB02587	Budesonide	Colforsin	-0.29166666666666674	A, R, D		False	False
DB00530	DB08059	Erlotinib	Wortmannin	-0.29166666666666674	L		False	False
DB00280	DB01244	Disopyramide	Bepridil	-0.2930555555555556	C	C	False	False
DB01115	DB00622	Nifedipine	Nicardipine	-0.2951086956521738	C	C	False	False
DB01268	DB00619	Sunitinib	Imatinib	-0.2977941176470589	L	L	False	False
DB00834	DB00412	Mifepristone	Rosiglitazone	-0.2987012987012987	G	A	False	False
DB04297	DB00564	Trichostatin A	Carbamazepine	-0.2999999999999998		N	False	False
DB00631	DB00564	Clofarabine	Carbamazepine	-0.2999999999999998	L	N	True	False
DB00630	DB00564	Alendronic acid	Carbamazepine	-0.2999999999999998	M	N	False	False
DB05984	DB00564	RAF-265	Carbamazepine	-0.2999999999999998		N	False	False
DB00396	DB00675	Progesterone	Tamoxifen	-0.2999999999999998	G	L	False	False
DB07863	DB00288	2-chloro-5-nitro-N-phenylbenzamide	Amcinonide	-0.30000000000000004		D	False	False
DB07863	DB01222	2-chloro-5-nitro-N-phenylbenzamide	Budesonide	-0.30000000000000004		A, R, D	False	False
DB00622	DB00243	Nicardipine	Ranolazine	-0.30000000000000004	C	C	False	False
DB07863	DB01380	2-chloro-5-nitro-N-phenylbenzamide	Cortisone acetate	-0.30000000000000004			False	False
DB00530	DB00281	Erlotinib	Lidocaine	-0.3015873015873016	L	C, S, R, N, D	False	False
DB00132	DB01393	alpha-Linolenic acid	Bezafibrate	-0.30303030303030287		C	False	False
DB00210	DB01380	Adapalene	Cortisone acetate	-0.303030303030303	D		False	False
DB01222	DB00210	Budesonide	Adapalene	-0.303030303030303	A, R, D	D	False	False
DB00210	DB00288	Adapalene	Amcinonide	-0.303030303030303	D	D	False	False
DB02052	DB00564	Indirubin-3'-monoxime	Carbamazepine	-0.3055555555555558		N	False	False
DB07080	DB01393	TO-901317	Bezafibrate	-0.3076923076923077		C	False	False
DB02052	DB06195	Indirubin-3'-monoxime	Seliciclib	-0.3086080586080585			False	False
DB08756	DB07995	Y-27632	H-89	-0.3095238095238094			False	False
DB00834	DB01115	Mifepristone	Nifedipine	-0.3125	G	C	True	False
DB00530	DB01115	Erlotinib	Nifedipine	-0.3125	L	C	False	False
DB08901	DB01268	Ponatinib	Sunitinib	-0.31322463768115927	L	L	False	False
DB00675	DB00783	Tamoxifen	Estradiol	-0.3142857142857143	L	G	False	False
DB00834	DB00675	Mifepristone	Tamoxifen	-0.3142857142857143	G	L	False	False
DB00530	DB02546	Erlotinib	Vorinostat	-0.3142857142857143	L	L	True	False
DB00834	DB00313	Mifepristone	Valproic acid	-0.3162393162393162	G	N	False	False
DB01234	DB00421	Dexamethasone	Spironolactone	-0.31666666666666665	C, A, S, R, H, D	C	False	False
DB00421	DB14649	Spironolactone	Dexamethasone acetate	-0.31666666666666665	C		False	False
DB00564	DB00159	Carbamazepine	Icosapent	-0.31818181818181834	N		False	False
DB01393	DB00159	Bezafibrate	Icosapent	-0.31818181818181834	C		False	False
DB00132	DB00412	alpha-Linolenic acid	Rosiglitazone	-0.318903318903319		A	False	False
DB00396	DB01645	Progesterone	Genistein	-0.320401337792642	G		False	False
DB07557	DB00412	3,20-Pregnanedione	Rosiglitazone	-0.3214285714285714		A	False	False
DB07557	DB00459	3,20-Pregnanedione	Acitretin	-0.3214285714285714		D	False	False
DB00530	DB00313	Erlotinib	Valproic acid	-0.3232323232323231	L	N	False	False
DB05294	DB08916	Vandetanib	Afatinib	-0.32499999999999996	L	L	False	False
DB05294	DB08896	Vandetanib	Regorafenib	-0.3268115942028984	L	L	False	False
DB00717	DB08175	Norethisterone	(2E,4E)-11-METHOXY-3,7,11-TRIMETHYLDODECA-2,4-DIENOIC ACID	-0.33333333333333326	G		False	False
DB00834	DB07594	Mifepristone	CCT-018159	-0.33333333333333326	G		False	False
DB01013	DB00717	Clobetasol propionate	Norethisterone	-0.33333333333333326		G	False	False
DB05984	DB14544	RAF-265	Hydrocortisone valerate	-0.33333333333333326			False	False
DB08175	DB00210	(2E,4E)-11-METHOXY-3,7,11-TRIMETHYLDODECA-2,4-DIENOIC ACID	Adapalene	-0.33333333333333326		D	False	False
DB05134	DB00834	Tanespimycin	Mifepristone	-0.33333333333333326		G	False	False
DB06152	DB08895	Nylidrin	Tofacitinib	-0.33333333333333326	C, G	L	False	False
DB06152	DB08877	Nylidrin	Ruxolitinib	-0.33333333333333326	C, G	L	False	False
DB02424	DB00717	Geldanamycin	Norethisterone	-0.33333333333333326		G	False	False
DB08756	DB07997	Y-27632	N-[2-(METHYLAMINO)ETHYL]-5-ISOQUINOLINESULFONAMIDE	-0.33333333333333337			False	False
DB08756	DB07996	Y-27632	5-(2-methylpiperazine-1-sulfonyl)isoquinoline	-0.33333333333333337			False	False
DB00564	DB12742	Carbamazepine	Amuvatinib	-0.3333333333333335	N		False	False
DB06152	DB12742	Nylidrin	Amuvatinib	-0.3333333333333335	C, G		False	False
DB01013	DB01103	Clobetasol propionate	Quinacrine	-0.3333333333333335		P	False	False
DB00530	DB12742	Erlotinib	Amuvatinib	-0.3333333333333335	L		False	False
DB01234	DB00588	Dexamethasone	Fluticasone propionate	-0.33611111111111125	C, A, S, R, H, D		True	False
DB00588	DB14649	Fluticasone propionate	Dexamethasone acetate	-0.33611111111111125			False	False
DB08175	DB00459	(2E,4E)-11-METHOXY-3,7,11-TRIMETHYLDODECA-2,4-DIENOIC ACID	Acitretin	-0.3380952380952381		D	False	False
DB08175	DB00412	(2E,4E)-11-METHOXY-3,7,11-TRIMETHYLDODECA-2,4-DIENOIC ACID	Rosiglitazone	-0.3380952380952381		A	False	False
DB08896	DB01268	Regorafenib	Sunitinib	-0.33814102564102577	L	L	False	False
DB07557	DB00210	3,20-Pregnanedione	Adapalene	-0.33974358974358965		D	False	False
DB07557	DB01393	3,20-Pregnanedione	Bezafibrate	-0.34090909090909094		C	False	False
DB00749	DB00159	Etodolac	Icosapent	-0.34199134199134207	M		True	False
DB00834	DB13956	Mifepristone	Estradiol valerate	-0.34285714285714275	G		False	False
DB00834	DB13954	Mifepristone	Estradiol cypionate	-0.34285714285714275	G		False	False
DB05294	DB01259	Vandetanib	Lapatinib	-0.34285714285714286	L	L	False	False
DB00564	DB00162	Carbamazepine	Vitamin A	-0.34444444444444455	N	A, S, R, D, V	False	False
DB00530	DB00412	Erlotinib	Rosiglitazone	-0.3492063492063491	L	A	False	False
DB03496	DB06195	Alvocidib	Seliciclib	-0.3492063492063492			False	False
DB00675	DB00421	Tamoxifen	Spironolactone	-0.34999999999999987	L	C	False	False
DB07557	DB07080	3,20-Pregnanedione	TO-901317	-0.35			False	False
DB00530	DB00421	Erlotinib	Spironolactone	-0.3500000000000001	L	C	False	False
DB00421	DB01380	Spironolactone	Cortisone acetate	-0.3500000000000001	C		False	False
DB00421	DB00288	Spironolactone	Amcinonide	-0.3500000000000001	C	D	False	False
DB01222	DB00421	Budesonide	Spironolactone	-0.3500000000000001	A, R, D	C	False	False
DB00396	DB00564	Progesterone	Carbamazepine	-0.3538461538461539	G	N	False	False
DB00564	DB00281	Carbamazepine	Lidocaine	-0.3571428571428572	N	C, S, R, N, D	False	False
DB00564	DB04216	Carbamazepine	Quercetin	-0.35925925925925917	N		False	False
DB06152	DB12500	Nylidrin	Fedratinib	-0.3666666666666665	C, G	L	False	False
DB08175	DB01393	(2E,4E)-11-METHOXY-3,7,11-TRIMETHYLDODECA-2,4-DIENOIC ACID	Bezafibrate	-0.3666666666666665		C	False	False
DB08901	DB00619	Ponatinib	Imatinib	-0.3666666666666666	L	L	False	False
DB00396	DB00288	Progesterone	Amcinonide	-0.3666666666666667	G	D	False	False
DB00396	DB01380	Progesterone	Cortisone acetate	-0.3666666666666667	G		False	False
DB01222	DB00396	Budesonide	Progesterone	-0.3666666666666667	A, R, D	G	False	False
DB07863	DB00412	2-chloro-5-nitro-N-phenylbenzamide	Rosiglitazone	-0.37142857142857144		A	False	False
DB00564	DB01119	Carbamazepine	Diazoxide	-0.375	N	C, V, G	False	False
DB00530	DB07080	Erlotinib	TO-901317	-0.375	L		False	False
DB03758	DB14544	Radicicol	Hydrocortisone valerate	-0.375			False	False
DB00530	DB03756	Erlotinib	Doconexent	-0.375	L		False	False
DB07859	DB03374	4-(4-CHLOROPHENYL)-4-[4-(1H-PYRAZOL-4-YL)PHENYL]PIPERIDINE	3,5-Diiodotyrosine	-0.375			False	False
DB00834	DB03758	Mifepristone	Radicicol	-0.375	G		False	False
DB08073	DB03374	(2S)-1-(1H-INDOL-3-YL)-3-{[5-(3-METHYL-1H-INDAZOL-5-YL)PYRIDIN-3-YL]OXY}PROPAN-2-AMINE	3,5-Diiodotyrosine	-0.375			False	False
DB00564	DB01244	Carbamazepine	Bepridil	-0.3769230769230767	N	C	False	False
DB00530	DB01645	Erlotinib	Genistein	-0.3769230769230769	L		False	False
DB00459	DB03756	Acitretin	Doconexent	-0.3791208791208791	D		False	False
DB00717	DB14544	Norethisterone	Hydrocortisone valerate	-0.3809523809523807	G		False	False
DB01013	DB00834	Clobetasol propionate	Mifepristone	-0.3809523809523807		G	False	False
DB08896	DB06589	Regorafenib	Pazopanib	-0.3833333333333333	L	L	False	False
DB08175	DB03756	(2E,4E)-11-METHOXY-3,7,11-TRIMETHYLDODECA-2,4-DIENOIC ACID	Doconexent	-0.38888888888888873			False	False
DB12500	DB12742	Fedratinib	Amuvatinib	-0.38888888888888884	L		False	False
DB02424	DB12742	Geldanamycin	Amuvatinib	-0.38888888888888884			False	False
DB07863	DB07557	2-chloro-5-nitro-N-phenylbenzamide	3,20-Pregnanedione	-0.3928571428571429			False	False
DB00530	DB00210	Erlotinib	Adapalene	-0.3939393939393938	L	D	False	False
DB00675	DB01645	Tamoxifen	Genistein	-0.3943143812709028	L		False	False
DB00280	DB00281	Disopyramide	Lidocaine	-0.3946428571428573	C	C, S, R, N, D	False	False
DB00313	DB00159	Valproic acid	Icosapent	-0.39595959595959607	N		False	False
DB04297	DB08080	Trichostatin A	Latrunculin B	-0.3999999999999999			False	False
DB00482	DB01119	Celecoxib	Diazoxide	-0.3999999999999999	M, C, G, L	C, V, G	False	False
DB00530	DB08080	Erlotinib	Latrunculin B	-0.3999999999999999	L		False	False
DB08080	DB01380	Latrunculin B	Cortisone acetate	-0.3999999999999999			False	False
DB06152	DB00564	Nylidrin	Carbamazepine	-0.3999999999999999	C, G	N	False	False
DB01222	DB08080	Budesonide	Latrunculin B	-0.3999999999999999	A, R, D		False	False
DB08080	DB00288	Latrunculin B	Amcinonide	-0.3999999999999999		D	False	False
DB07863	DB01393	2-chloro-5-nitro-N-phenylbenzamide	Bezafibrate	-0.4		C	False	False
DB00313	DB01393	Valproic acid	Bezafibrate	-0.4027777777777777	N	C	False	False
DB00834	DB01393	Mifepristone	Bezafibrate	-0.40909090909090917	G	C	False	False
DB00313	DB00412	Valproic acid	Rosiglitazone	-0.4117063492063493	N	A	False	False
DB01393	DB00210	Bezafibrate	Adapalene	-0.4166666666666665	C	D	False	False
DB01103	DB00482	Quinacrine	Celecoxib	-0.41666666666666696	P	M, C, G, L	False	False
DB00412	DB00210	Rosiglitazone	Adapalene	-0.42559523809523814	A	D	False	False
DB00459	DB01393	Acitretin	Bezafibrate	-0.4285714285714285	D	C	False	False
DB00459	DB00412	Acitretin	Rosiglitazone	-0.4285714285714285	D	A	False	False
DB00210	DB03756	Adapalene	Doconexent	-0.43333333333333324	D		False	False
DB00530	DB00675	Erlotinib	Tamoxifen	-0.43333333333333335	L	L	False	False
DB01248	DB00834	Docetaxel	Mifepristone	-0.43333333333333357	L	G	False	False
DB01229	DB00834	Paclitaxel	Mifepristone	-0.43333333333333357	L	G	False	False
DB05294	DB12742	Vandetanib	Amuvatinib	-0.4424242424242424	L		False	False
DB07863	DB03756	2-chloro-5-nitro-N-phenylbenzamide	Doconexent	-0.4444444444444444			False	False
DB00675	DB13954	Tamoxifen	Estradiol cypionate	-0.44999999999999984	L		False	False
DB13956	DB00675	Estradiol valerate	Tamoxifen	-0.44999999999999984		L	False	False
DB00530	DB13954	Erlotinib	Estradiol cypionate	-0.44999999999999996	L		False	False
DB00530	DB13956	Erlotinib	Estradiol valerate	-0.44999999999999996	L		False	False
DB00564	DB00818	Carbamazepine	Propofol	-0.4500000000000002	N	N	False	False
DB07859	DB07995	4-(4-CHLOROPHENYL)-4-[4-(1H-PYRAZOL-4-YL)PHENYL]PIPERIDINE	H-89	-0.4523809523809522			False	False
DB08073	DB07995	(2S)-1-(1H-INDOL-3-YL)-3-{[5-(3-METHYL-1H-INDAZOL-5-YL)PYRIDIN-3-YL]OXY}PROPAN-2-AMINE	H-89	-0.4523809523809522			False	False
DB01103	DB14544	Quinacrine	Hydrocortisone valerate	-0.45238095238095277	P		False	False
DB00834	DB01103	Mifepristone	Quinacrine	-0.45238095238095277	G	P	False	False
DB08059	DB12742	Wortmannin	Amuvatinib	-0.4583333333333335			False	False
DB01222	DB08175	Budesonide	(2E,4E)-11-METHOXY-3,7,11-TRIMETHYLDODECA-2,4-DIENOIC ACID	-0.46666666666666656	A, R, D		False	False
DB08175	DB00288	(2E,4E)-11-METHOXY-3,7,11-TRIMETHYLDODECA-2,4-DIENOIC ACID	Amcinonide	-0.46666666666666656		D	False	False
DB02424	DB01380	Geldanamycin	Cortisone acetate	-0.46666666666666656			False	False
DB02424	DB01222	Geldanamycin	Budesonide	-0.46666666666666656		A, R, D	False	False
DB08175	DB01380	(2E,4E)-11-METHOXY-3,7,11-TRIMETHYLDODECA-2,4-DIENOIC ACID	Cortisone acetate	-0.46666666666666656			False	False
DB02424	DB00288	Geldanamycin	Amcinonide	-0.46666666666666656		D	False	False
DB00396	DB00588	Progesterone	Fluticasone propionate	-0.46785714285714286	G		False	False
DB00564	DB00459	Carbamazepine	Acitretin	-0.4714285714285711	N	D	False	False
DB05294	DB11800	Vandetanib	Tivozanib	-0.478409090909091	L	L	False	False
DB04149	DB05266	(R)-Rolipram	Ibudilast	-0.48571428571428565		R	False	False
DB00749	DB00564	Etodolac	Carbamazepine	-0.4999999999999998	M	N	False	False
DB00564	DB00210	Carbamazepine	Adapalene	-0.4999999999999998	N	D	False	False
DB07863	DB08175	2-chloro-5-nitro-N-phenylbenzamide	(2E,4E)-11-METHOXY-3,7,11-TRIMETHYLDODECA-2,4-DIENOIC ACID	-0.4999999999999999			False	False
DB07859	DB07997	4-(4-CHLOROPHENYL)-4-[4-(1H-PYRAZOL-4-YL)PHENYL]PIPERIDINE	N-[2-(METHYLAMINO)ETHYL]-5-ISOQUINOLINESULFONAMIDE	-0.5			False	False
DB11781	DB00564	Tosedostat	Carbamazepine	-0.5		N	False	False
DB00588	DB14544	Fluticasone propionate	Hydrocortisone valerate	-0.5			False	False
DB01222	DB06152	Budesonide	Nylidrin	-0.5	A, R, D	C, G	False	False
DB00834	DB14544	Mifepristone	Hydrocortisone valerate	-0.5	G		True	False
DB00530	DB14544	Erlotinib	Hydrocortisone valerate	-0.5	L		False	False
DB01222	DB00564	Budesonide	Carbamazepine	-0.5	A, R, D	N	False	False
DB05984	DB06152	RAF-265	Nylidrin	-0.5		C, G	False	False
DB00530	DB07863	Erlotinib	2-chloro-5-nitro-N-phenylbenzamide	-0.5	L		False	False
DB00564	DB01380	Carbamazepine	Cortisone acetate	-0.5	N		False	False
DB00530	DB05984	Erlotinib	RAF-265	-0.5	L		False	False
DB08080	DB00564	Latrunculin B	Carbamazepine	-0.5		N	False	False
DB05984	DB07594	RAF-265	CCT-018159	-0.5			False	False
DB07557	DB00834	3,20-Pregnanedione	Mifepristone	-0.5		G	False	False
DB08073	DB07997	(2S)-1-(1H-INDOL-3-YL)-3-{[5-(3-METHYL-1H-INDAZOL-5-YL)PYRIDIN-3-YL]OXY}PROPAN-2-AMINE	N-[2-(METHYLAMINO)ETHYL]-5-ISOQUINOLINESULFONAMIDE	-0.5			False	False
DB06152	DB00288	Nylidrin	Amcinonide	-0.5	C, G	D	False	False
DB06152	DB01380	Nylidrin	Cortisone acetate	-0.5	C, G		False	False
DB07863	DB00564	2-chloro-5-nitro-N-phenylbenzamide	Carbamazepine	-0.5		N	False	False
DB07863	DB00834	2-chloro-5-nitro-N-phenylbenzamide	Mifepristone	-0.5		G	False	False
DB07859	DB07996	4-(4-CHLOROPHENYL)-4-[4-(1H-PYRAZOL-4-YL)PHENYL]PIPERIDINE	5-(2-methylpiperazine-1-sulfonyl)isoquinoline	-0.5			False	False
DB00530	DB06152	Erlotinib	Nylidrin	-0.5	L	C, G	False	False
DB00564	DB00288	Carbamazepine	Amcinonide	-0.5	N	D	False	False
DB00530	DB07594	Erlotinib	CCT-018159	-0.5	L		False	False
DB08073	DB07996	(2S)-1-(1H-INDOL-3-YL)-3-{[5-(3-METHYL-1H-INDAZOL-5-YL)PYRIDIN-3-YL]OXY}PROPAN-2-AMINE	5-(2-methylpiperazine-1-sulfonyl)isoquinoline	-0.5			False	False
DB06152	DB00834	Nylidrin	Mifepristone	-0.5	C, G	G	True	False
DB05134	DB05984	Tanespimycin	RAF-265	-0.5			False	False
DB05134	DB00530	Tanespimycin	Erlotinib	-0.5		L	False	False
DB01103	DB00588	Quinacrine	Fluticasone propionate	-0.5059523809523809	P		False	False
DB01013	DB01234	Clobetasol propionate	Dexamethasone	-0.5166666666666666		C, A, S, R, H, D	True	False
DB01013	DB14649	Clobetasol propionate	Dexamethasone acetate	-0.5166666666666666			False	False
DB00717	DB00421	Norethisterone	Spironolactone	-0.5166666666666666	G	C	False	False
DB00717	DB00396	Norethisterone	Progesterone	-0.5205128205128206	G	G	False	False
DB02424	DB00834	Geldanamycin	Mifepristone	-0.5238095238095237		G	False	False
DB01023	DB01388	Felodipine	Mibefradil	-0.5355477855477855	C	C	False	False
DB03758	DB00564	Radicicol	Carbamazepine	-0.5357142857142858		N	False	False
DB07557	DB00564	3,20-Pregnanedione	Carbamazepine	-0.5357142857142858		N	False	False
DB01645	DB13954	Genistein	Estradiol cypionate	-0.5377926421404682			False	False
DB13956	DB01645	Estradiol valerate	Genistein	-0.5377926421404682			False	False
DB12742	DB01268	Amuvatinib	Sunitinib	-0.5386904761904764		L	False	False
DB01645	DB00783	Genistein	Estradiol	-0.5412087912087911		G	False	False
DB00421	DB00588	Spironolactone	Fluticasone propionate	-0.5464285714285715	C		False	False
DB00393	DB01023	Nimodipine	Felodipine	-0.5526755852842811	C	C	False	False
DB00564	DB03756	Carbamazepine	Doconexent	-0.5555555555555556	N		False	False
DB00412	DB00159	Rosiglitazone	Icosapent	-0.5562770562770561	A		False	False
DB00834	DB00396	Mifepristone	Progesterone	-0.5571428571428572	G	G	False	False
DB05984	DB08912	RAF-265	Dabrafenib	-0.5571428571428572		L	False	False
DB00530	DB05294	Erlotinib	Vandetanib	-0.5571428571428572	L	L	False	False
DB07995	DB03374	H-89	3,5-Diiodotyrosine	-0.5595238095238094			False	False
DB08896	DB08901	Regorafenib	Ponatinib	-0.5712121212121213	L	L	False	False
DB00564	DB00412	Carbamazepine	Rosiglitazone	-0.5714285714285712	N	A	False	False
DB00564	DB01645	Carbamazepine	Genistein	-0.5769230769230766	N		False	False
DB00564	DB00421	Carbamazepine	Spironolactone	-0.5807692307692309	N	C	False	False
DB01023	DB00622	Felodipine	Nicardipine	-0.5818681318681317	C	C	False	False
DB03758	DB01380	Radicicol	Cortisone acetate	-0.5833333333333333			False	False
DB03758	DB00288	Radicicol	Amcinonide	-0.5833333333333333		D	False	False
DB00530	DB03758	Erlotinib	Radicicol	-0.5833333333333333	L		False	False
DB01222	DB03758	Budesonide	Radicicol	-0.5833333333333333	A, R, D		False	False
DB03374	DB07996	3,5-Diiodotyrosine	5-(2-methylpiperazine-1-sulfonyl)isoquinoline	-0.5833333333333334			False	False
DB03374	DB07997	3,5-Diiodotyrosine	N-[2-(METHYLAMINO)ETHYL]-5-ISOQUINOLINESULFONAMIDE	-0.5833333333333334			False	False
DB01115	DB00564	Nifedipine	Carbamazepine	-0.5852272727272727	C	N	False	False
DB11800	DB08901	Tivozanib	Ponatinib	-0.5857808857808858	L	L	False	False
DB11800	DB08896	Tivozanib	Regorafenib	-0.5880355276907002	L	L	False	False
DB12500	DB08895	Fedratinib	Tofacitinib	-0.5952380952380951	L	L	False	False
DB12500	DB08877	Fedratinib	Ruxolitinib	-0.5952380952380951	L	L	False	False
DB07080	DB00834	TO-901317	Mifepristone	-0.6		G	False	False
DB14649	DB14544	Dexamethasone acetate	Hydrocortisone valerate	-0.6000000000000001			False	False
DB01234	DB14544	Dexamethasone	Hydrocortisone valerate	-0.6000000000000001	C, A, S, R, H, D		False	False
DB00564	DB07594	Carbamazepine	CCT-018159	-0.6000000000000001	N		False	False
DB05134	DB00564	Tanespimycin	Carbamazepine	-0.6000000000000001		N	False	False
DB11800	DB12742	Tivozanib	Amuvatinib	-0.6007130124777185	L		False	False
DB00530	DB00783	Erlotinib	Estradiol	-0.6031746031746033	L	G	False	False
DB12742	DB08901	Amuvatinib	Ponatinib	-0.6047619047619048		L	False	False
DB00530	DB01393	Erlotinib	Bezafibrate	-0.6111111111111112	L	C	False	False
DB01268	DB06589	Sunitinib	Pazopanib	-0.6125	L	L	False	False
DB11800	DB06589	Tivozanib	Pazopanib	-0.6170995670995673	L	L	False	False
DB00393	DB01115	Nimodipine	Nifedipine	-0.6180555555555556	C	C	False	False
DB00675	DB00564	Tamoxifen	Carbamazepine	-0.6384615384615386	L	N	False	False
DB05266	DB01088	Ibudilast	Iloprost	-0.6519230769230768	R	B	False	False
DB01115	DB01023	Nifedipine	Felodipine	-0.6586538461538463	C	C	False	False
DB01054	DB00393	Nitrendipine	Nimodipine	-0.6659663865546219	C	C	False	False
DB00834	DB08175	Mifepristone	(2E,4E)-11-METHOXY-3,7,11-TRIMETHYLDODECA-2,4-DIENOIC ACID	-0.6666666666666665	G		False	False
DB08175	DB00564	(2E,4E)-11-METHOXY-3,7,11-TRIMETHYLDODECA-2,4-DIENOIC ACID	Carbamazepine	-0.6666666666666665		N	False	False
DB02424	DB05984	Geldanamycin	RAF-265	-0.6666666666666665			False	False
DB01222	DB00717	Budesonide	Norethisterone	-0.6666666666666665	A, R, D	G	False	False
DB02424	DB00530	Geldanamycin	Erlotinib	-0.6666666666666665		L	False	False
DB00717	DB00288	Norethisterone	Amcinonide	-0.6666666666666665	G	D	False	False
DB00717	DB01380	Norethisterone	Cortisone acetate	-0.6666666666666665	G		False	False
DB02424	DB00564	Geldanamycin	Carbamazepine	-0.6666666666666665		N	False	False
DB00834	DB01380	Mifepristone	Cortisone acetate	-0.6666666666666667	G		False	False
DB01222	DB00834	Budesonide	Mifepristone	-0.6666666666666667	A, R, D	G	False	False
DB00834	DB00288	Mifepristone	Amcinonide	-0.6666666666666667	G	D	True	False
DB12742	DB00619	Amuvatinib	Imatinib	-0.6666666666666669		L	False	False
DB00564	DB01103	Carbamazepine	Quinacrine	-0.666666666666667	N	P	False	False
DB00132	DB00159	alpha-Linolenic acid	Icosapent	-0.6818181818181819			False	True
DB00530	DB08916	Erlotinib	Afatinib	-0.7	L	L	False	False
DB02424	DB03758	Geldanamycin	Radicicol	-0.7023809523809522			False	False
DB00530	DB01248	Erlotinib	Docetaxel	-0.7083333333333335	L	L	False	False
DB00530	DB01229	Erlotinib	Paclitaxel	-0.7083333333333335	L	L	False	False
DB01013	DB00588	Clobetasol propionate	Fluticasone propionate	-0.7202380952380951			True	False
DB00564	DB14649	Carbamazepine	Dexamethasone acetate	-0.7250000000000001	N		False	False
DB01234	DB00564	Dexamethasone	Carbamazepine	-0.7250000000000001	C, A, S, R, H, D	N	False	False
DB00459	DB00210	Acitretin	Adapalene	-0.7380952380952381	D	D	False	False
DB00530	DB14649	Erlotinib	Dexamethasone acetate	-0.742857142857143	L		False	False
DB04297	DB02546	Trichostatin A	Vorinostat	-0.742857142857143		L	False	False
DB00530	DB01234	Erlotinib	Dexamethasone	-0.742857142857143	L	C, A, S, R, H, D	False	False
DB00530	DB04297	Erlotinib	Trichostatin A	-0.75	L		False	False
DB00530	DB00288	Erlotinib	Amcinonide	-0.75	L	D	False	False
DB00530	DB01380	Erlotinib	Cortisone acetate	-0.75	L		False	False
DB00530	DB01222	Erlotinib	Budesonide	-0.75	L	A, R, D	False	False
DB00530	DB01259	Erlotinib	Lapatinib	-0.75	L	L	False	False
DB00412	DB03756	Rosiglitazone	Doconexent	-0.7637362637362637	A		False	False
DB07995	DB07996	H-89	5-(2-methylpiperazine-1-sulfonyl)isoquinoline	-0.7666666666666665			False	False
DB02424	DB07594	Geldanamycin	CCT-018159	-0.7666666666666665			False	False
DB05134	DB02424	Tanespimycin	Geldanamycin	-0.7666666666666665			False	False
DB07995	DB07997	H-89	N-[2-(METHYLAMINO)ETHYL]-5-ISOQUINOLINESULFONAMIDE	-0.7666666666666665			False	False
DB01222	DB01103	Budesonide	Quinacrine	-0.766666666666667	A, R, D	P	False	False
DB01103	DB00288	Quinacrine	Amcinonide	-0.766666666666667	P	D	False	False
DB01103	DB01380	Quinacrine	Cortisone acetate	-0.766666666666667	P		False	False
DB01393	DB03756	Bezafibrate	Doconexent	-0.7692307692307692	C		False	False
DB07080	DB00564	TO-901317	Carbamazepine	-0.7777777777777777		N	False	False
DB00564	DB00313	Carbamazepine	Valproic acid	-0.7777777777777777	N	N	False	False
DB01229	DB00564	Paclitaxel	Carbamazepine	-0.7777777777777779	L	N	False	False
DB01248	DB00564	Docetaxel	Carbamazepine	-0.7777777777777779	L	N	False	False
DB00588	DB00288	Fluticasone propionate	Amcinonide	-0.7916666666666666		D	False	False
DB01222	DB00588	Budesonide	Fluticasone propionate	-0.7916666666666666	A, R, D		True	False
DB00588	DB01380	Fluticasone propionate	Cortisone acetate	-0.7916666666666666			True	False
DB01115	DB01388	Nifedipine	Mibefradil	-0.7957535885167464	C	C	False	False
DB01259	DB08916	Lapatinib	Afatinib	-0.8	L	L	False	False
DB00564	DB01393	Carbamazepine	Bezafibrate	-0.8	N	C	False	False
DB01054	DB01115	Nitrendipine	Nifedipine	-0.8029761904761905	C	C	False	False
DB01023	DB01244	Felodipine	Bepridil	-0.8200668896321069	C	C	False	False
DB00834	DB01234	Mifepristone	Dexamethasone	-0.8222222222222223	G	C, A, S, R, H, D	False	False
DB00834	DB14649	Mifepristone	Dexamethasone acetate	-0.8222222222222223	G		False	False
DB07080	DB08175	TO-901317	(2E,4E)-11-METHOXY-3,7,11-TRIMETHYLDODECA-2,4-DIENOIC ACID	-0.8333333333333333			False	False
DB11800	DB01268	Tivozanib	Sunitinib	-0.8376196172248803	L	L	False	False
DB00396	DB00421	Progesterone	Spironolactone	-0.8499999999999999	G	C	False	False
DB01054	DB01388	Nitrendipine	Mibefradil	-0.8520923520923519	C	C	False	False
DB00412	DB01393	Rosiglitazone	Bezafibrate	-0.8571428571428571	A	C	False	False
DB00717	DB00588	Norethisterone	Fluticasone propionate	-0.8630952380952379	G		False	False
DB00834	DB00588	Mifepristone	Fluticasone propionate	-0.875	G		False	False
DB01222	DB01234	Budesonide	Dexamethasone	-0.8857142857142858	A, R, D	C, A, S, R, H, D	True	False
DB01222	DB14649	Budesonide	Dexamethasone acetate	-0.8857142857142858	A, R, D		False	False
DB01234	DB01380	Dexamethasone	Cortisone acetate	-0.8857142857142858	C, A, S, R, H, D		True	False
DB00288	DB14649	Amcinonide	Dexamethasone acetate	-0.8857142857142858	D		False	False
DB01380	DB14649	Cortisone acetate	Dexamethasone acetate	-0.8857142857142858			False	False
DB01234	DB00288	Dexamethasone	Amcinonide	-0.8857142857142858	C, A, S, R, H, D	D	False	False
DB00834	DB00421	Mifepristone	Spironolactone	-0.9214285714285715	G	C	False	False
DB01013	DB14544	Clobetasol propionate	Hydrocortisone valerate	-0.9523809523809522			False	False
DB00773	DB00380	Etoposide	Dexrazoxane	-1.0	L	V	True	False
DB00564	DB00243	Carbamazepine	Ranolazine	-1.0	N	C	False	False
DB00530	DB00834	Erlotinib	Mifepristone	-1.0	L	G	False	False
DB08895	DB08877	Tofacitinib	Ruxolitinib	-1.0	L	L	False	False
DB00694	DB00773	Daunorubicin	Etoposide	-1.0	L	L	False	False
DB07996	DB07997	5-(2-methylpiperazine-1-sulfonyl)isoquinoline	N-[2-(METHYLAMINO)ETHYL]-5-ISOQUINOLINESULFONAMIDE	-1.0			False	False
DB05134	DB07594	Tanespimycin	CCT-018159	-1.0			False	False
DB00694	DB00380	Daunorubicin	Dexrazoxane	-1.0	L	V	True	False
DB07859	DB08073	4-(4-CHLOROPHENYL)-4-[4-(1H-PYRAZOL-4-YL)PHENYL]PIPERIDINE	(2S)-1-(1H-INDOL-3-YL)-3-{[5-(3-METHYL-1H-INDAZOL-5-YL)PYRIDIN-3-YL]OXY}PROPAN-2-AMINE	-1.0			False	False
DB13956	DB00564	Estradiol valerate	Carbamazepine	-1.0461538461538464		N	False	False
DB00564	DB13954	Carbamazepine	Estradiol cypionate	-1.0461538461538464	N		False	False
DB00393	DB01388	Nimodipine	Mibefradil	-1.0465367965367967	C	C	False	False
DB00834	DB00564	Mifepristone	Carbamazepine	-1.0714285714285714	G	N	False	False
DB00717	DB00834	Norethisterone	Mifepristone	-1.0952380952380951	G	G	False	False
DB01054	DB01023	Nitrendipine	Felodipine	-1.1032967032967034	C	C	False	False
DB13956	DB00783	Estradiol valerate	Estradiol	-1.1201680672268906		G	False	False
DB00783	DB13954	Estradiol	Estradiol cypionate	-1.1201680672268906	G		False	False
DB00436	DB01119	Bendroflumethiazide	Diazoxide	-1.2	C, G	C, V, G	False	False
DB01234	DB14649	Dexamethasone	Dexamethasone acetate	-1.2	C, A, S, R, H, D		False	False
DB00564	DB00783	Carbamazepine	Estradiol	-1.2142857142857144	N	G	False	False
DB00530	DB00564	Erlotinib	Carbamazepine	-1.3	L	N	False	False
DB00288	DB14544	Amcinonide	Hydrocortisone valerate	-1.3333333333333335	D		False	False
DB01222	DB14544	Budesonide	Hydrocortisone valerate	-1.3333333333333335	A, R, D		False	False
DB01380	DB14544	Cortisone acetate	Hydrocortisone valerate	-1.3333333333333335			False	False
DB13956	DB13954	Estradiol valerate	Estradiol cypionate	-1.4			False	False
DB01013	DB01222	Clobetasol propionate	Budesonide	-1.4666666666666666		A, R, D	True	False
DB01013	DB01380	Clobetasol propionate	Cortisone acetate	-1.4666666666666666			True	False
DB01013	DB00288	Clobetasol propionate	Amcinonide	-1.4666666666666666		D	False	False
DB01248	DB01229	Docetaxel	Paclitaxel	-1.6666666666666667	L	L	False	False
DB00288	DB01380	Amcinonide	Cortisone acetate	-2.0	D		False	False
DB01222	DB00288	Budesonide	Amcinonide	-2.0	A, R, D	D	False	False
DB01222	DB01380	Budesonide	Cortisone acetate	-2.0	A, R, D		True	False
