GO_ID	Name	Gene Count	Gene Ratio	Fold Enrichment	p-value	FDR	-log10 FDR	FWER	Associated Genes
GO:0030904	retromer complex	14	0.004375	4.096392045454546	4.286477474691479e-07	1.373125835113033e-05	4.86228966160442	0.0008101442427166895	RAB7A, SNX1, VPS35, VPS26A, VPS29, DENND4C, SNX3, SNX2, SNX27, SNX6, TBC1D5, SNX5, ANKFY1, DENND5A
GO:0000118	histone deacetylase complex	22	0.006875	3.1470694444444445	1.6068806724361585e-07	5.521826310735163e-06	5.257917258232003	0.00030370044709043397	ZNF217, TBL1X, HDAC4, HDAC2, NRIP1, TBL1XR1, HDAC8, SIN3A, KDM3B, MBD2, RCOR1, RCOR3, RBBP4, KDM3A, TRERF1, HDAC9, CBX5, RERE, NCOR1, JMJD1C, PHF21A, MIER1
GO:0036464	cytoplasmic ribonucleoprotein granule	30	0.009375	2.925994318181818	8.189520540377707e-09	3.599579958445085e-07	6.443748174891773	1.5478193821313867e-05	TDRD7, AGO3, IQGAP1, AGO4, ROCK2, HNRNPU, RPS6, TUBB, ACTB, DHX9, RPL6, LSM14A, SMG5, CDC42, ZC3H12C, FMR1, RAC1, DCP2, RPLP0, FXR1, NCL, STAU1, PABPC1, CAPRIN1, DCP1A, DDX6, BTBD1, RPL28, TUT4, AGO2
GO:0016605	PML body	48	0.015	2.8609722222222222	8.381554290839009e-13	7.920568804842864e-11	10.101243629024863	1.5841137609685727e-09	CHEK2, SP3, NR2C1, ZBTB16, ATRX, MRE11, CSNK2A1, TCF7L2, SMC6, PTEN, MORC3, PIAS2, USP7, SP100, CASP8AP2, EIF3E, SKIL, NSMCE2, SQSTM1, NBN, SIMC1, ZMYM2, SLF2, HIPK1, ZNF451, RNF111, HIPK3, RPA1, RPA2, RB1, N4BP1, UBN1, SMC5, RFWD3, WDFY3, MTOR, TOPBP1, CBX5, CIITA, HMBOX1, CALCOCO2, BASP1, PIAS1, ATR, HIPK2, CHFR, TENM2, KAT6A
GO:0031252	cell leading edge	28	0.00875	2.8162695312500006	7.089085662770293e-08	2.627131745614873e-06	5.580518147633083	0.00013398371902635853	IQGAP1, DST, DDX3X, MACF1, BCAS3, CDC42, PAFAH1B1, CFL1, CD2AP, SHTN1, DOCK8, MYH9, GBF1, SSH1, CYFIP1, CLASP2, PABPC1, CAPRIN1, AAK1, ARPC2, NDEL1, CDC42BPB, ABI1, CCDC88A, ABL1, RAPH1, IQGAP2, SLK
GO:0022626	cytosolic ribosome	43	0.0134375	2.7959501262626265	3.242086143178364e-11	2.3567472348488877e-09	8.627686993800193	6.127542810607108e-08	NEMF, EIF2AK4, HBS1L, USP10, RPS6, RPL7A, RPS16, RPS19, ETF1, GSPT1, RPL36, RPL18, RPS24, RPL6, RPSA, RPL34, RPS3, RPS11, RPLP0, RPL37, RPS2, RPS9, RPL37A, RPL35, UBA52, RPL13A, RPL9, RPL17, RPL5, RPS29, RPL13, ABCE1, RPLP1, RPL21, RPL27A, ASCC3, RPS18, RPS5, RPS8, LTN1, RPL3, RPL28, RPS28
GO:0030136	clathrin-coated vesicle	33	0.0103125	2.7950945723684213	6.216025141544755e-09	2.7972113136951393e-07	6.55327472386615	1.1748287517519587e-05	CLTC, ADAM10, DENND1A, SNX3, GAS7, VTI1A, SCAMP1, LMBRD1, EPN2, STX6, SCYL2, SNX18, SNX9, EPS15, SORT1, SYNRG, CLINT1, DNM2, PICALM, FCHO1, HIP1, NUMB, RNF216, MYO1E, FCHO2, VPS41, AAK1, PIK3C2A, AFTPH, HEATR5B, GGA2, AP1G1, DENND1B
GO:0035861	site of double-strand break	44	0.01375	2.749866504854369	3.77174424771827e-11	2.6402209734027892e-09	8.5783597233145	7.128596628187531e-08	SMCHD1, XRCC4, SMC6, MRE11, PARP1, ZGRF1, EPC1, ARPC5, ATF2, NBN, RAD50, RIF1, SLF2, SLF1, RNF169, RNF168, SHLD2, WDR70, RPA1, RPA2, ACTR2, SMC5, RFWD3, UIMC1, REV1, RNF138, TOPBP1, ATM, SAMHD1, ARPC2, MBTD1, ACTR3, MMS22L, STK38, PELI1, SMARCAD1, ARPC3, ZBTB7A, SMARCA5, SHLD1, RAD18, CGAS, UFL1, HELLS
GO:0045335	phagocytic vesicle	35	0.0109375	2.7475800304878044	3.783324860165268e-09	1.7876209964280892e-07	6.747724552993941	7.150483985712357e-06	CYBB, RAB8B, LRRK2, RAB22A, PDIA3, SNX3, APPL1, APPL2, STX12, CTSS, RAP1A, STX8, SYT11, LAMP1, GSN, RAB14, SRGAP2, CDC42, STX6, ITGAV, RAB20, NOD1, KIF5B, TRIM14, ITGB5, FMNL1, RAB31, PIK3C3, MTOR, UVRAG, ABCA1, RAB7A, CLCN3, STXBP4, STXBP3
GO:0010494	cytoplasmic stress granule	41	0.0128125	2.7208730670103094	2.5788420726872983e-10	1.4335327992291159e-08	7.843592365946477	4.874011517378993e-07	PUM2, G3BP1, QKI, GIGYF2, ROCK1, C9orf72, LARP1B, PUM1, CSDE1, RC3H2, LARP4B, DDX3X, MBNL1, LSM14A, PABPC4, FMR1, G3BP2, CELF1, STAU2, RBM4, RBFOX1, LARP1, NUFIP2, HNRNPK, EIF4A1, FXR1, STAU1, PABPC1, CAPRIN1, KPNB1, YTHDF3, RPTOR, DHX36, ATXN2, RC3H1, PRRC2C, DDX6, DDX1, HIPK2, TIAL1, LARP4
GO:0001726	ruffle	43	0.0134375	2.5394409403669727	1.2981930320487883e-09	6.815513418256138e-08	7.166501422834898	2.45358483057221e-06	MTMR14, SAMSN1, ITGB1, ROCK1, IQGAP1, RAB22A, MTM1, FGD3, C2CD5, ARAP1, APPL1, APPL2, TLN1, TMEM87A, ARHGAP18, WIPF1, EZR, CDK6, PIP5K1A, CD2AP, SNX9, BLOC1S6, MYH9, RASA1, TRPM7, ACAP2, SNX5, CYFIP1, MYO5A, ARHGEF7, CLIP1, GNAS, FGD4, ATP6V1B2, PAK1, RDX, ABL1, TLR4, LCP1, MYO9B, FRMD4B, MKLN1, WASF2
GO:0005925	focal adhesion	158	0.049375	2.49895730958231	1.7987662090487365e-30	6.799336270204225e-28	27.167533479684433	3.399668135102112e-27	HACD3, ITGB1, CD46, RPLP2, NRP1, PPP1R12A, CAP1, RPL7A, RHOG, ARPC5, RPS19, ITGB8, JAK1, CYBA, LIMD1, CD81, LIMS1, CDC42, CFL1, PIP5K1A, RSU1, LAP3, RPS2, HSPB1, NPM1, ITGB5, SORBS2, HCK, ADAM17, HNRNPK, ATP6V0C, ARHGEF7, ARPC2, ACTR3, RPS29, APBB1IP, YWHAE, RPS5, HSPA8, TPM4, STX16, G3BP1, PTPN12, DCTN4, ADAM10, MAP2K1, YWHAG, SSH2, PEAK1, RAB21, NEDD9, DST, RHOA, SDCBP, RPL18, PARVG, PTK2, ARHGAP26, MAPRE2, LRP1, LPP, ITGAV, MRC2, ACTR2, MYH9, P4HB, MSN, PFN1, CLASP1, CASK, PABPC1, YWHAZ, PCBP2, DOCK7, PPP1CB, GNA13, CALR, ARPC3, HSPA9, RPS18, RPS8, RPL3, ARHGAP22, MPZL1, CLTC, MAPK1, IQGAP1, PDCD6IP, PTK2B, YWHAB, RPS16, PTPRC, GNA12, GIT2, CTNNA1, PACSIN2, GSN, YWHAQ, FLOT2, RAC1, RPS3, RPLP0, ARHGAP31, MARCKS, ARPC1B, LPXN, PTPRA, PI4KA, ANXA5, GDI2, LASP1, ALCAM, CLASP2, RPL13A, RPL9, ADAM9, RPL5, PLAUR, RDX, MPRIP, RALA, SCARB2, ACTN4, PDIA3, EPB41L2, ITGB2, RAB10, CTNNB1, PPFIA1, SNAP23, ACTB, TLN1, MAP4K4, RPL6, EZR, CBL, RPS11, DNM2, IGF2R, BLOC1S6, RPS9, NUMB, ARHGAP24, RPL37A, PRKAR2A, HSP90B1, CYFIP1, TNS3, CORO1C, PGM5, RPLP1, SH3KBP1, PAK1, KRAS, LCP1, PTPN11, HSPA1A, ADD1
GO:0005905	clathrin-coated pit	28	0.00875	2.4690582191780823	1.8453083652524934e-06	5.4494262661362695e-05	4.263649219295346	0.0034876328103272125	CLTC, AP2A2, GAS7, DGKD, AP1S2, ARRB2, HSPD1, ITSN1, TF, AP2B1, LRP1, INPP5F, FCHSD2, SNX9, EPS15, SORT1, DNM2, PICALM, FCHO1, NUMB, DNM1L, BMPR2, FCHO2, AAK1, ARRB1, FNBP1, REPS1, AP1G1
GO:0030666	endocytic vesicle membrane	29	0.0090625	2.4562952302631578	1.376682067968479e-06	4.130046203905437e-05	4.384045089750638	0.0026019291084604253	CAMK2G, SCARB2, WLS, MSR1, AP2A2, HLA-DRA, ARRB2, HLA-DRB5, DYNC1LI1, HLA-DQA1, CD74, AP2B1, LRP1, CD163, GRIA3, GRIA4, DNM2, STAB1, HLA-DRB1, GRIA2, WNT5A, UBA52, ARRB1, GRIA1, CAMK2D, LYN, HLA-DPB1, HLA-DQB1, WASL
GO:0000151	ubiquitin ligase complex	43	0.0134375	2.3457547669491525	2.3660874095703035e-08	9.51469192359122e-07	6.02160526917942	4.471905204087874e-05	RNF19A, ANKIB1, ARMC8, RNF2, RMND5A, USP7, ARIH2, ARIH1, BMI1, RNF217, CAND1, KCMF1, FBXL5, BRCA1, FBXO9, PRKN, FBXL7, UBR3, UBE2N, UBR2, FBXW11, SUGT1, DCUN1D1, UBR4, RNF168, DCUN1D4, TRAF3, UBE3D, WDR26, UBE4B, WWP2, FBXO11, MYCBP2, SMURF2, FBXL4, BARD1, UBE4A, RANBP9, RNF144B, UBR1, UBE2E1, MKLN1, FBXW4
GO:0098794	postsynapse	84	0.02625	2.320702789699571	1.6633178832246428e-14	1.849218117232103e-12	11.73301186032622	3.143670799294575e-11	SRGAP3, PUM2, DOCK4, C9orf72, CAP1, RHOG, ARRB2, PRKN, RAB3GAP1, VPS35, CDC42, ATAD1, STRN3, ERBIN, ARHGEF7, ARPC2, GRIA1, TRIO, SYT17, ABL1, GPHN, DOCK10, CPSF2, C1QC, PSEN1, MKLN1, VAPB, EPHB2, DNAJB1, GSK3B, CBLB, ZNF804A, RHOA, CUL3, FMR1, PDLIM5, CPEB3, HIP1, SNCA, SNX27, ELMO1, GNA13, PARN, CALR, ARFGEF2, PPP3R1, OPHN1, LRRK2, DGKI, GRK3, ATXN1, DOCK1, SLC8A1, RAC1, RNF220, CPEB4, RPLP0, STRN, PURA, JAK2, GRIA2, P2RX7, LASP1, LATS1, EPB41L3, RTN4, AP2A2, FRMPD4, MECP2, MEF2C, C1QB, PRNP, STAU2, ABI3, PIK3C3, WNT5A, FXR1, CYFIP1, ATG5, SNX14, BRAF, C1QA, SWAP70, AGO2
GO:0016363	nuclear matrix	45	0.0140625	2.2455305232558143	5.5122307679855746e-08	2.0836232302985474e-06	5.681180809266682	0.00010418116151492737	AHCTF1, PPIG, SMC3, ARFGEF1, MORC3, HNRNPU, SCAF8, SRRM1, ATXN1, ARID2, ATXN7, RAD21, SRPK1, ACTB, PBRM1, HLTF, POLA1, CFL1, THOC1, DNMT3A, ATXN3, PSPC1, FIGN, PRPF40A, RGS12, ALOX5, HAT1, SMC1A, HNRNPA2B1, BRD7, NCOR2, CASK, HLCS, PRKCD, ZNF326, SFPQ, BASP1, YY1, STAG1, STAG2, SMARCC1, SNW1, DCAF7, HNRNPM, NUMA1
GO:0005769	early endosome	112	0.035	2.1847424242424243	9.632980719097542e-17	1.4004871968534119e-14	13.853720857109124	1.8206333559094352e-13	VPS26A, SNX3, NRP1, APPL1, ZFYVE16, AP1S2, SNX1, VPS35, INPP5F, VPS29, RAB20, EPS15, TM9SF4, HPS3, RABEP1, RPS6KC1, MAPKAP1, SNX5, VPS41, GRIA1, ANKFY1, CNTNAP2, VPS8, CD4, HMGB1, TBC1D2B, SORL1, TLR4, PSEN1, AP1G1, SLC9A9, WASHC1, PPP1R21, WLS, CHMP3, MAP2K1, RAB22A, NIPA2, EEA1, TBCK, RAB21, RASGEF1B, HSPD1, RAP1A, TF, LRP1, KIF16B, SNX30, SNX27, ITCH, WASHC5, HPS5, SNX6, RABGEF1, ECPAS, MAPK1, HTT, LRP6, ARAP1, EHD4, CYTIP, CCDC93, SAMD9L, AP3S1, ATP11A, DIAPH2, STX8, PACSIN2, RAB14, SNX4, AP3S2, SGK3, WASHC4, SNX13, COMMD1, RIN3, RAB31, RUBCN, PTP4A2, CLCN3, USP8, FKBP15, HAVCR2, MVB12B, STX7, WASF2, AP3B1, USP10, RAB1A, STX6, SORT1, IGF2R, PICALM, ATP11B, KCNQ1, NUMB, APOE, WDFY2, UVRAG, MYO5A, MYO1D, ASAH1, TRAK2, RABGAP1L, RCSD1, RAPGEF1, CLCN5, WDFY4, TRAK1, DNAJC13, SLC11A2, SLC2A13
GO:0005770	late endosome	58	0.018125	2.1581322254335262	4.282144273527979e-09	1.9739640675531415e-07	6.704660757140254	8.09325267696788e-06	WASHC1, ECPAS, CHMP3, MAPK1, HTT, BST2, MAP2K1, RAB22A, MTM1, DYNC1LI2, KCMF1, RASGEF1B, NPC2, CTSS, MVB12B, VOPP1, RAP1A, SQSTM1, TF, STX8, VPS35, CD74, VPS29, LAMP1, PSAP, RAPGEF2, RAB14, SPG11, SPPL2A, NEGR1, CD2AP, IGF2R, KCNQ1, RAB31, PIK3C3, IFNAR1, VPS13C, MAPKAP1, KIDINS220, LAMP2, MYO5A, UVRAG, VPS41, RUBCN, RAB27A, OSBPL1A, RAB7A, VPS8, CLCN3, CLEC16A, SNX14, SLC38A9, SLC11A2, STX7, VPS39, INSR, GRIN2B, TMEM163
GO:0032588	trans-Golgi network membrane	38	0.011875	2.145729166666667	2.8392173380061116e-06	8.009135475867987e-05	4.096414360110915	0.005366120768831551	CLTC, ST3GAL1, RIC1, RHOBTB3, AP1G1, ARFIP1, KIF13A, AP1S2, VTI1A, HLA-DRA, KIAA0319L, AP4E1, VPS54, HLA-DRB5, RAB6A, HLA-DQA1, SCAMP1, CD74, USP6NL, VPS13B, STX6, CD2AP, COG5, STX16, IGF2R, HLA-DRB1, CALN1, ASAP1, RAB31, SCAMP2, SLC30A6, COG3, AFTPH, GNAS, TMEM165, VPS53, HLA-DPB1, HLA-DQB1
GO:0031901	early endosome membrane	69	0.0215625	2.1354131610576923	2.2867727543567555e-10	1.343290894174572e-08	7.871829929211517	4.322000505734268e-07	PIKFYVE, WASHC1, PPP1R21, STAM2, RABGEF1, LRP6, WLS, EHD4, SNX3, TMEM30A, HLA-E, GPR65, APPL1, EEA1, LITAF, ZFYVE16, RAB21, HLA-DRA, SNX2, APPL2, STX12, ATP11C, MON2, TMEM163, SNX1, TPCN1, INPP5F, CMTM6, RCC2, KIF16B, VPS13B, RAB14, RAC1, ATP13A3, SNX4, EPS15, HLA-B, ARL8B, SNX19, SNX30, ATP11B, RABEP1, WASHC4, DOP1B, SNX13, RAB31, LDLRAD4, SNX27, MAPKAP1, RUFY1, SNX5, MTMR2, VPS41, GRIA1, ITCH, VAC14, CLCN3, FIG4, WASHC5, STAM, SORL1, INPP4A, DNAJC13, GGA2, SNX6, SLC11A2, PSEN1, STX7, SLC9A9
GO:0043197	dendritic spine	49	0.0153125	2.1312309966216216	1.289504209601146e-07	4.598420671973897e-06	5.337391301192003	0.00024371629561461658	DIP2A, OPHN1, ITGB1, EPHB2, PTEN, FARP1, DGKI, DTNBP1, PPP3CA, DNAJB1, FRMPD4, ARHGAP32, GRM5, ZMYND8, KCND2, ITSN1, ZNF804A, RHOA, SYT11, ASIC2, ANKS1B, SRGAP2, GRIA3, FMR1, CFL1, NEGR1, GRIA4, CPEB4, GABRB3, STRN, CTTNBP2, ABI3, GRIA2, ABR, FXR1, SEPTIN11, MTMR2, TANC2, GRIA1, SIPA1L1, ABHD17B, LPAR1, GPHN, DOCK10, ARFGEF2, SRGAP2B, APBA1, TENM2, SRGAP2C
GO:0030027	lamellipodium	63	0.0196875	2.1232607984293193	2.0414787028071907e-09	1.015367039027787e-07	6.993376938824551	3.85839474830559e-06	ITGB1, ROCK1, FGD3, SNX2, PTK2B, CTNNB1, CAPZB, ARPC5, ACTB, NEDD9, ITSN1, RHOA, CTNNA1, SNX1, DDX3X, GSN, TSC1, SRGAP2, FLOT2, RAC1, PKN2, CFL1, PIP5K1A, RUFY3, ARHGAP31, SHTN1, FER, P4HB, SORBS2, PIK3CA, ABI3, ARHGEF6, PTPRM, SSH1, CYFIP1, PABPC1, CAPRIN1, ARHGEF7, ARPC2, ACTR3, APC, CORO1C, CTTNBP2NL, CASP8, CDC42BPB, FGD4, ABI1, CCDC88A, PAK1, PKD2, RDX, SPATA13, ARPC3, RAPH1, APBB1IP, TIAM2, IQGAP2, MYO9B, SH3RF1, PHACTR4, SWAP70, WASF2, WASL
GO:0005938	cell cortex	62	0.019375	2.1116699735449735	3.2798643172808444e-09	1.5894727076053323e-07	6.7987469248351875	6.198943559660796e-06	RYR1, DCTN4, GRM7, MAP2K1, IQGAP1, C2CD5, EPB41L2, ARHGAP32, CYTIP, PTK2B, CTNNB1, GRB2, PPFIA1, NEDD9, ITPR2, RHOA, DST, CD302, DYNC1H1, CLIP2, PTK2, KANK1, EZR, TSC1, NUMA1, RAC1, PAFAH1B1, SPIRE1, FER, ACTR2, MYH9, EPB41, MARCKS, CTTNBP2, FMNL1, CLASP1, PFN1, SEPTIN2, CLIP4, FRYL, SNCA, ADD3, LASP1, NCL, CLASP2, ARHGEF7, MYO1D, CLIP1, ITCH, FNBP1, CORO1C, AKAP13, ENO1, NDFIP1, TRAK1, FNBP1L, IQGAP2, MYO9B, EPS8, PSEN1, MKLN1, CTSZ
GO:0016607	nuclear speck	131	0.0409375	2.0976904539800993	9.666550865902037e-18	1.826978113655485e-15	14.738266655261357	1.826978113655485e-14	RBM27, CDC5L, PIAS2, PPP4R3A, CDK12, TCF12, HNRNPU, HDAC4, THOC2, SRPK1, CDK13, PRKN, ILRUN, HBP1, BAZ2A, NRIP1, RBM25, WRN, MAPK14, PIP5K1A, THOC1, NPM1, SFMBT2, RSRC1, EAF2, ASCC1, FBXL4, DHX36, TCERG1, WTAP, SNW1, SREK1, CDYL, DACH1, SCAPER, BANP, MRTFB, CSNK1A1, ZNF217, NEK6, PPIG, SMC6, DHX15, DYRK1A, SRRM1, SON, RSBN1L, SPOP, SF3B1, ZNF638, CACNB4, HIPK1, PSME4, LUC7L2, WAC, ACIN1, SRPK2, DDX39B, MAML2, CDC40, TRIP12, ZC3H13, SRSF10, SMURF2, BARD1, PARN, BASP1, PIAS1, BRD2, RAD18, THRAP3, GPATCH2, COP1, IL15, RREB1, ZBTB16, FTO, KAZN, MAPK9, NSRP1, SRSF3, KMT2E, USP36, RBM4, YTHDC1, SMC5, S100PBP, LPXN, SRSF11, BNIP3L, IFI16, NR3C1, LUC7L3, GATAD2B, CPSF6, SARNP, PPP4R3B, SFPQ, DDX42, ASCC3, STK17A, MAML3, BCLAF1, DDX17, BMP2K, NSL1, MORF4L1, SRRM2, PRKAA1, ZC3H14, MEF2C, EFTUD2, PSPC1, PRPF40A, EP400, GRK5, ZNF106, CCNL1, PAK2, API5, DDX46, RBM39, YLPM1, HP1BP3, HIF1A, MTREX, GATAD2A, SRSF4, HSPA1A, DENND1B, KAT6A
GO:0014069	postsynaptic density	84	0.02625	2.0877364864864862	9.08819000367346e-12	7.15694962789285e-10	9.145272039430624	1.717667910694284e-08	RTN3, RPS19, PRKN, VPS35, CNKSR2, TSC1, RHEB, ITPR1, MIB1, DLGAP1, GOPC, SYT1, ADD3, BMPR2, MTMR2, GRIA1, ABL1, GPHN, DLG1, ADAM10, MAP2K1, DNAJB1, CAPZB, EIF3E, SHISA9, HNRNPD, ANKS1B, SRGAP2, LRRC7, FMR1, SOS1, PDLIM5, ATP1A1, CPEB3, SIPA1L1, CAMK2D, RPS18, GRIP1, GRIN2B, CAMK2G, DGKI, DTNBP1, DISC1, ARHGAP32, DLGAP2, PTK2B, SLC8A1, PJA2, RPS3, NEGR1, CPEB4, RPLP0, EGLN1, STRN, KALRN, GRIA2, ARHGEF9, STAT3, NPTN, USP8, DROSHA, GRIK2, EIF3A, PTEN, RTN4, ZDHHC2, CACNA1C, NETO2, SYT11, RPL6, PRNP, DNM2, SYN3, ABI3, KPNA1, PAK2, ABHD17B, SH3KBP1, ABI1, INPP4A, TANC1, CLSTN1, EPS8, ADD1
GO:0000781	chromosome, telomeric region	51	0.0159375	2.026521990740741	3.12873479091064e-07	1.037422588565107e-05	4.98404430002628	0.000591330875482111	SMCHD1, CHEK2, CHD4, ATRX, ORC3, MRE11, SMC6, MSH2, PRKDC, XRCC5, PARP1, TNKS, SP100, THOC2, PTGES3, HDAC2, NSMCE2, NBN, RAD50, RIF1, SLF2, ORC2, SLF1, WRN, TERF2, THOC1, ATF7, RPA1, RPA2, SMG6, ORC5, POT1, CBX3, SMC5, RBBP4, PURA, ORC4, HAT1, HNRNPA2B1, MCM5, ATM, CBX5, TNKS2, HMBOX1, POLR2B, DHX36, GATAD2B, PPP1CB, ATR, CDC73, SETX
GO:0005802	trans-Golgi network	62	0.019375	1.9955281249999999	3.512379217384814e-08	1.3829993168452707e-06	5.859178034417372	6.638396720857299e-05	CLTC, OSBPL9, ECPAS, WLS, TRAPPC9, LRRK2, ATP8B4, EIPR1, RELCH, ARFGEF1, GSAP, RAB21, ARAP1, RAB10, TGOLN2, YIPF4, VPS54, AP4E1, RAB6A, OSBPL11, GCC2, STX8, SCAMP1, SYT11, CCDC91, RAB14, STX6, BICD1, RAC1, BIRC6, ATP9B, PCSK7, STX16, IGF2R, SNX9, LAP3, RBFOX1, GBF1, GOLPH3, RAB31, LAMP2, CLASP2, MS4A6A, WDR11, DOP1A, PIK3C2A, MYO18A, ATXN2, ATP2C1, SYT17, PCSK5, SORL1, ARFGEF2, B4GALT5, GGA2, FAM91A1, ARL5A, SLC11A2, DOP1B, TGFBI, AP1G1, DENND5A
GO:0090575	RNA polymerase II transcription regulator complex	46	0.014375	1.9873196308724832	2.1499702210153394e-06	6.156732905634835e-05	4.2106496867731495	0.004063443717718992	CHD4, NCOA2, LIN54, TCF12, WWOX, STAT5B, NFYC, HNRNPU, ADNP, CTNNB1, NCOA1, ATF2, DR1, SMAD4, JDP2, HLTF, THRB, STAT1, POU2F1, PPARA, E2F3, ATF7, ATF6, RB1, PSPC1, CBX3, CREB1, MAF, MAX, ATF1, RBBP4, MXI1, GTF2F2, BACH1, LIN52, STAT3, ARNT, SFPQ, NFE2L2, CEBPD, STAT6, HIF1A, JUND, HIPK2, PPARG, PPARD
GO:0010008	endosome membrane	98	0.030625	1.9775685736677115	7.539352032702197e-12	6.195380583394414e-10	9.20793200967674	1.4249375341807154e-08	VPS26A, ITGB1, SNX3, APPL1, ATP6V0E1, STX12, STEAP3, SNX1, VPS35, VPS29, GOLIM4, VPS35L, ATP6V0C, LAMP2, SNX5, SBF2, MTMR2, VPS41, ANKFY1, SORL1, NDFIP1, TLR4, PIKFYVE, VPS13A, RAB22A, SNX2, APPL2, RAP1A, HLA-DQA1, TPCN1, TF, ARHGAP26, UBAP1, WDR44, ACAP2, UBA52, ITCH, VAC14, MAP3K7, VPS53, VPS45, SNX6, CD164, RAB8B, DTNBP1, ARHGAP32, CCDC93, LITAF, COMMD10, VTA1, HLA-DRB5, TAB3, VPS37B, TM9SF2, VPS37A, COMMD1, ITM2B, RAB7A, ATP6V1A, ATP6V0A1, CLCN3, CLEC16A, USP8, SNX25, HLA-DPB1, MVB12B, VPS39, INSR, SCARB2, ATP6V1H, VPS4B, KIF13A, RFFL, ATP6AP2, RAB10, TBC1D5, LAMP1, SCYL2, SNX18, ABCC5, SORT1, UBE2D3, IGF2R, TRAF3, SNX10, NUMB, AQP4, CORO1C, FIG4, TMEM165, CLCN5, ZNRF2, ABHD17B, TAB2, GGA2, DNAJC13, SLC11A2, HLA-DQB1
GO:0031965	nuclear membrane	66	0.020625	1.966918402777778	2.326269639092846e-08	9.51469192359122e-07	6.02160526917942	4.396649617885479e-05	AHCTF1, NUP93, BCL2L1, NUP153, TOR1AIP2, TPR, LEMD3, RANBP2, C9orf72, RANGAP1, POM121, TNKS, TAF3, BCL2, NUP42, CCND1, EPC1, NUP210, MTDH, ALOX5, NUP58, XPO1, RIF1, SDCBP, POM121C, PAFAH1B1, MINDY3, SORT1, STAU2, NUP98, MYOF, CLK1, DNAJC1, OSBPL8, MAD1L1, TMPO, WDFY3, ZBTB1, TOR1AIP1, TNRC18, GRK5, LBR, CCNI, ERBIN, MACO1, SPAST, NUP107, LYPLA1, KPNB1, VAPA, PHF20, NUP205, NUP54, NDC1, CANX, PAK1, ABL1, OSBPL3, INPP4A, GNAQ, CPNE1, WTAP, TMEM168, PSEN1, DNAJB14, CEPT1
GO:0016604	nuclear body	93	0.0290625	1.9436962256493506	6.254048082903152e-11	3.8129518957054705e-09	8.418738673761592	1.1820150876686958e-07	AHCTF1, RNF2, TCF7L2, PAPOLG, SP100, ZBTB4, RAD50, TPP2, ZBTB20, PLXDC2, RPA2, ATF7IP, UBN1, EPB41, BNC2, UIMC1, INO80, RERE, HMBOX1, INTS7, RGS10, YY1, CABLES1, ABL1, PSMA1, SAFB2, CGAS, PARG, SETX, BANP, ATRX, PPME1, HDLBP, ARIH1, EPC1, ELF2, USP15, MTDH, SUGT1, RNF168, NUFIP2, MAML2, NCOR2, TOPBP1, FLI1, PPP2R3C, STAG1, RAD18, MED14, TRIP4, CENPC, SMCHD1, TCF20, RREB1, ZBTB16, XRRA1, NCOA2, NAA15, AFF4, THRB, CREBBP, TERF2, RNF169, EHMT1, CREBRF, NPAT, LYRM4, ICE2, ZBTB1, STK4, ERCC6, HIPK2, PLAGL1, SUZ12, GON4L, KDM5A, USP7, BMI1, ZFHX3, ICE1, DHX9, BRCA1, SLTM, NSMCE2, HIPK3, SCAF11, NUP98, CBX3, SUGP2, CCNL1, ARNT, RANBP9, HIF1A
GO:0032991	protein-containing complex	221	0.0690625	1.9146950706594887	2.836287759194837e-23	7.65797694982606e-21	20.11588594519366	5.3605838648782415e-20	PRAM1, XPO6, SCP2, CAMKMT, IKZF1, MGA, HNRNPU, C3, TRA2B, CHD8, PRKN, OSBPL11, RAB3GAP1, RAB3GAP2, SNX1, NUP58, XPO1, STAT1, TSC1, SIN3A, ITPR1, STT3B, RBMX, PEX14, CDC42, PEX3, NASP, MBP, HSP90AA1, RYR2, STRN3, RASSF2, NPM1, RABEP1, EPB41, GOPC, DNM1L, HAT1, PECAM1, KIDINS220, KSR1, ARHGEF7, KPNB1, GRIA1, CDK8, PXK, FBXW7, UGGT2, ABL1, METTL21A, DCAF7, UTRN, SSBP3, PSEN1, TANK, NUMA1, KHDRBS1, NEK6, POLB, AKAP7, PARP1, SNX2, BCL2, UGGT1, UBQLN1, EIF3E, B4GALT1, BIRC2, HSPD1, CRK, PTGES3, MTMR9, SMAD4, UBR5, SEM1, UBE2N, SUGT1, RNF168, CALM1, APAF1, FER, MALT1, MYH9, P4HB, ATP1A1, EP300, RBBP4, DTNA, TRPS1, LAPTM5, SNCA, NCOR2, STAU1, WNK1, UBE2D2, PRKCA, STK3, ITCH, CAB39, CALR, FOXO3, FYB1, RPL3, SMAD2, BTBD1, MLLT10, RFC1, JUND, MAGED1, UFL1, TRIP4, CEP290, CLTC, HTT, ZBTB16, ERCC6L2, GIGYF2, NCOA2, DGKI, PRKDC, PLEKHA2, RBM17, YWHAB, ATXN1, CARD8, TUBB, HDAC2, SKIL, KMT2E, CD74, MAP3K5, YWHAQ, KHDRBS3, SASH1, TFCP2, CD2AP, CCP110, ESR1, RNF220, SNX4, SPATS2L, RFC3, RIPK2, UBA3, CRYBG3, HSPH1, CLU, ATP2B4, STAT3, NR3C1, PARP9, RPL5, GATAD2B, CXADR, CASP8, STK4, URI1, PDSS2, STRADA, HIPK2, FKBP4, WASF2, MT-CYB, OSBPL9, EIF3A, NCOA3, CHD4, RIC1, ACTN4, XRCC5, KRIT1, CALM2, FRMPD4, USP7, USP10, NCOA1, CTNNB1, KAT2B, ACTB, DHX9, BRCA1, HSP90AB1, PRKAA1, CKAP5, SMAD5, MYSM1, MITF, EZR, RAPGEF2, MEF2C, PKN2, SYK, RNF111, MBD2, STAU2, OGT, PCM1, WIPI2, HNRNPC, ADGRV1, VRK2, SH3GLB1, PRKAR2A, HSP90B1, STIP1, UVRAG, CBX5, RBM39, ATG12, ATG5, DAZAP1, ZNRF2, LYN, PAK1, HIF1A, MFF, SMARCC1, PTPN11, AKAP10, MIER1, HSPA1A
GO:0005635	nuclear envelope	66	0.020625	1.9137584459459462	1.0530226952326471e-07	3.827332488441737e-06	5.41710380805946	0.0001990212893989703	CYBB, AHCTF1, PCYT1A, CSE1L, NUP93, NUP153, TPR, MGST3, LEMD3, RANBP2, RTN4, RANGAP1, PARP1, POM121, TNKS, NUP214, NUP42, OTULINL, PARP8, NUP210, ITSN1, DST, NUP58, XPO1, POM121C, POLA1, ITPR1, FBXW11, PAFAH1B1, AGPAT5, TMEM33, ATF6, NUP98, MYOF, AGPAT3, IPO9, CBX3, UBXN4, MAD1L1, VRK2, TMPO, WDFY3, MTOR, IPO7, IPO8, TOR1AIP1, ALOX5, FXR1, CBX5, BNIP3L, NUP107, TNKS2, KPNB1, IST1, TNPO3, NUP205, CALR, FANCL, NUP54, NDC1, IPO11, ATR, PLA2G4A, FAF1, INSR, LBR
GO:0098978	glutamatergic synapse	166	0.051875	1.9047649286987522	1.3814877222384705e-17	2.3736470863915537e-15	14.624583851441301	2.6110117950307092e-14	PUM2, DOCK4, ITGB1, C9orf72, FARP1, FUS, NRP1, APPL1, CAP1, USP14, RHOG, ARRB2, PRKN, ITSN1, SQSTM1, NRP2, VPS35, CNKSR2, YWHAH, MAPK14, ATAD1, CDC42, CFL1, MIB1, EPS15, DLGAP1, RABEP1, PDE10A, PPP3CB, SYT1, WDR1, ABR, ERBIN, RGS7, EFR3A, ARPC2, GRIA1, TRIO, CNTNAP2, SYT17, TENM4, ABL1, DOCK10, CPSF2, DLG1, C1QC, PSEN1, SLC1A2, WASL, VAPB, NRG1, SLC17A5, EPHB2, ADAM10, MAP2K1, DNAJB1, GSK3B, EEA1, CBLB, SHISA9, RAP1A, RHOA, CUL3, HNRNPD, ANKS1B, RYK, SRGAP2, CACNB4, PAFAH1B1, SOS1, IL1RAP, CTTNBP2, PFN1, HIP1, SNX27, STAU1, YWHAZ, ELMO1, RAP1B, PARN, CALR, PIAS1, ARFGEF2, SNX6, PPP3R1, AKAP9, ARHGAP22, SRGAP2C, OPHN1, LRRK2, DGKI, DTNBP1, PPP3CA, DISC1, ARHGAP32, RPS6KB1, DLGAP2, PTK2B, DOCK1, KCND2, SIPA1L3, ADAM23, NF1, PACSIN2, PJA2, FLOT2, RAC1, RNF220, EGLN1, PPM1H, PURA, JAK2, LATS1, CLASP2, ATP2B4, STAT3, SPARCL1, CLCN3, ZDHHC17, LPAR1, USP8, DROSHA, SRGAP2B, GRIK2, UBE3A, EPB41L3, RTN4, GRM5, CTNNB1, GUCY1A1, ZDHHC2, ACTB, ATP2B1, NETO2, AP2B1, CADPS, LRP8, PPP2R2A, STAU2, OGT, SYN3, ABI3, LRRTM3, NTRK3, KPNA1, FBXL20, NUMB, APOE, PIK3C3, PAK2, PPP3CC, WNT5A, FXR1, DAAM1, SACM1L, ATG5, ABHD17B, SH3KBP1, LYN, BRAF, TANC1, CLSTN1, EPS8, APBA1, C1QA, AGO2
GO:0005768	endosome	105	0.0328125	1.8723121537396124	5.269080231580436e-11	3.4339867716162153e-09	8.464201382158546	9.958561637687024e-08	VPS26A, RAB11FIP2, C9orf72, APPL1, RAB12, STEAP3, ITSN1, VOPP1, SNX1, VPS35, VPS29, JAK1, VPS35L, CYBA, BIRC6, ATP9B, STAMBPL1, RABEP1, PDCD6, RPS6KC1, LAMP2, SNX5, SLA, ABCA1, GAPVD1, ARPC2, ANKFY1, VPS8, HMGB1, SORL1, CHMP3, OPRM1, TGOLN2, EEA1, RAB21, SNX2, VTI1A, APPL2, RHOA, TPCN1, KIF16B, UBAP1, EPN2, CLINT1, PLD1, SNX27, SPAST, VAC14, WASHC5, ARFGEF2, SNX6, DOP1B, CLTC, IL15, ECPAS, CD164, RAB8B, LRRK2, GIGYF2, ARAP1, PDCD6IP, EHBP1, RNF13, STX8, CD74, VPS37B, PACSIN2, FLOT2, UBR4, SNX4, TM9SF2, WASHC4, COMMD1, JAK2, RUFY1, DOP1A, CLCN3, LPAR1, USP8, SNX25, FKBP15, MVB12B, STX7, OCIAD1, VPS4B, RAB10, GRB2, LAMP1, EZR, DNM2, IGF2R, TRAF3, BLOC1S6, SNX10, TBC1D12, GOLPH3, PIK3C3, WDFY2, UVRAG, MYO1D, OSBPL1A, CLCN5, TGFBR1, TRAK1, SLC11A2
GO:0005813	centrosome	168	0.0525	1.8329618644067796	6.204412774609019e-16	8.375957245722176e-14	13.07696554813847	1.1726340144011047e-12	CDK5RAP2, POC1B, MTUS1, PPP4R3A, PIBF1, USP9X, PPP2R5A, HNRNPU, PPP1R12A, CCDC146, CCT8, CDC16, DYNC1H1, TUBGCP3, IFT80, C10orf90, WRN, FBXW11, SLF1, CDC42, CDK6, BIRC6, KIF20B, MIB1, CSPP1, CYLD, CEP152, FIGN, NPM1, CEP135, TAPT1, USP33, SCLT1, ERC1, POC5, RABGAP1, ARHGEF7, APC, HOOK3, PSEN1, NUMA1, CEP350, CSNK1A1, NEK6, DCTN4, MAP2K1, CEP85L, NEK1, ALMS1, CCDC14, GSK3B, NEK9, AKNA, BBS9, MCPH1, EXOC4, CEP170, NSFL1C, FBXL7, PTK2, CUL3, DDX3X, INTS6L, SDCCAG8, PAFAH1B1, TACC1, CDC27, CALM1, TCP1, CEP162, PCGF5, CLASP1, GNAI2, TOPBP1, ATM, SPAST, SLMAP, CLIP1, PPP2R3C, OFD1, STK3, NDEL1, ARFGEF2, PRKACB, RAD18, CCDC66, AKAP9, TRIP4, IQCB1, CEP290, LUZP1, ECPAS, BCL2L1, ERCC6L2, NUP93, MAPK1, DISC1, ROCK2, PDCD6IP, DYNC1LI2, CEP128, KMT2E, CEP295, TTLL5, FAM110B, PJA2, ORC2, KIZ, CNTLN, CCP110, MTUS2, AKAP11, DIAPH1, MARCKS, TUBGCP5, RBX1, MAD1L1, RMDN1, CCT4, UBXN2B, CDC14A, LATS1, CLASP2, NEK7, NR3C1, PPP4R3B, ITSN2, MPHOSPH9, CNTRL, CHD4, DYNC1I2, RNF19A, CEP192, CALM2, VPS4B, KIF13A, TNKS, CEP57, CTNNB1, KAT2B, DHX9, MECP2, CEP83, DYNC1LI1, RTTN, RAP1GAP2, CKAP5, NIN, KIAA0586, KIF2A, CEP95, BICD1, GNAI3, DNM2, PCM1, SNX10, CAMSAP2, PRKAR2A, UVRAG, CEP63, EVI5, SLAIN2, IST1, CCDC88A, PAK1, PPP4R2, HSPA1A, C2CD3
GO:0005819	spindle	68	0.02125	1.8163018672199172	5.838292369050615e-07	1.8390620962509438e-05	4.735403606485774	0.0011034372577505662	RPS6KA2, CEP350, CSNK1A1, CLTC, MAP2K5, LUZP1, KNTC1, MAPK1, TPR, MTUS1, INVS, CALM2, RANGAP1, HNRNPU, TBCK, ZNF207, CDC16, NEDD9, CEP170, CEP295, TUBGCP3, ANAPC5, CUL3, RIF1, CKAP5, RCC2, KIF16B, PARP4, LSM14A, KIF2A, NUMA1, CDC42, DIDO1, PAFAH1B1, RPS3, KIF20B, CSPP1, CDC27, CALM1, ARL8B, RB1, CYLD, MYH9, CEP162, DIAPH1, CBX3, RMDN1, HSPB1, MAD1L1, CLASP1, SEPTIN2, SPIN1, INO80, SPECC1L, CDC14A, LATS1, ATM, SPAST, EVI5, CLASP2, EML4, WNK1, NR3C1, NDEL1, NUDC, SEPTIN7, SEPTIN6, CCDC66
GO:0005765	lysosomal membrane	116	0.03625	1.8124120145631066	5.5036365798832345e-11	3.467291045326438e-09	8.46000970201995	1.0401873135979313e-07	FNIP2, WDR59, ATP6V0E1, AP1S2, RAB12, OSBPL11, MIOS, VOPP1, DNAJC5, VPS35, TSC1, RHEB, SPG11, LNPEP, RAB2A, ARL8B, GOPC, ATP6V0C, HGSNAT, MAPKAP1, LAMP2, VPS41, PIP4P2, ANKFY1, WDR41, GNAQ, HSPA8, GPR155, PSEN1, AP1G1, SLC17A5, VPS13A, CHMP3, RICTOR, HLA-DQA1, TPCN1, LRP1, PLD1, ATP6V1C1, MTOR, LAPTM5, VPS13C, LRBA, UBA52, MFSD1, TFEB, RPTOR, SLC49A4, LAPTM4A, TMEM163, SPAG9, CD164, GDAP2, LITAF, HLA-DRA, SLC36A4, HLA-DRB5, RNF13, ATP11A, CD74, PSAP, VPS13B, RAB14, OSTM1, TM6SF1, HLA-DRB1, GNB4, DAGLB, TRAF3IP3, FNIP1, ARRB1, RAB7A, ATP6V1A, ATP6V0A1, CLCN3, CLEC16A, SLC38A9, HLA-DPB1, STX7, VPS39, OSBPL9, SCARB2, SLC7A5, NSF, DEPDC5, ATP6V1H, AP3B1, ATP6AP2, ATP11C, LMBRD1, AP2B1, SYT11, GPR137C, LAMP1, MITF, SPPL2A, SORT1, GNAI3, KIF5B, ATXN3, GNB1, CYBRD1, PPT1, WDR11, TMEM165, CLCN5, ZNRF2, LYN, ATP6V1B2, SNX14, TAB2, STX17, DNAJC13, SLC11A2, NAPG, HLA-DQB1
GO:0012505	endomembrane system	79	0.0246875	1.7843432017543859	1.423635918656284e-07	4.982725715296994e-06	5.302533018831661	0.0002690671886260377	TMCC1, TOR1AIP2, YIPF4, STX12, ITSN1, JAK1, FRS2, RHEB, PIP5K1B, RAB20, TMX1, PCSK7, AIG1, DNM1L, PRKCD, PCSK5, ATP2C1, STX16, RHBDF2, WLS, RAB22A, RNF145, RAB21, VTI1A, RAB18, LMAN1, CLINT1, DNAJC1, OSBPL8, PLD1, HIP1, MTOR, SFT2D2, FNDC3B, CHPT1, CALR, DOCK2, LCLAT1, LAPTM4A, FAF1, VPS45, GRIP1, CEPT1, RAB6A, ATP11A, STX8, RAB14, AGPAT5, RUFY3, AGPAT3, JAK2, SEC31A, RAB31, STX7, VPS39, AVEN, ATP8B4, RAP2A, ATP11C, AP2B1, RAB1A, LPGAT1, MCF2L, STX6, SYTL3, SNX18, USP32, VMP1, DNM2, IGF2R, PICALM, ATP11B, KCNQ1, TOR1AIP1, FNDC3A, RAB28, KRAS, TMCC3, STX17
GO:1990904	ribonucleoprotein complex	109	0.0340625	1.7763378164556964	6.385401467452098e-10	3.448116792424133e-08	7.462418032451065	1.2068408773484467e-06	RPLP2, DAP3, RNF2, HNRNPU, RPS6, RPL7A, NOP58, RPS19, XPO1, LSM14A, RPSA, RPL34, RBMX, LRPPRC, RPL37, RPS2, ZFP36L1, NPM1, HNRNPK, MRPL1, NFATC2, MRPS27, RPS29, YY1, RPL27A, RPS5, HSPA8, RPL28, AGO4, DYRK1A, ILF3, RPL18, ZFP36L2, HNRNPD, PABPC4, FMR1, LSM8, HNRNPR, TOP2B, HNRNPA3, HNRNPUL1, UBA52, PABPC1, PCBP2, CELF2, RPS18, DDX1, RPS8, RPL3, AGO3, LRRK2, IQGAP1, NSRP1, RPS16, EFL1, MRPS28, RO60, RPL36, RPS24, PARP4, RPS3, CELF1, RPLP0, SYNCRIP, RBMS1, HNRNPA2B1, NCL, MRPS6, RPL13A, RPL9, EEFSEC, RPL17, HNRNPF, RPL5, CPSF6, JARID2, RPL21, HNRNPH1, RPS4Y1, HNRNPM, RPS28, SUZ12, ACTN4, XRCC5, DDX17, SECISBP2, ACTB, DHX9, BRCA1, PTCD3, RPL6, SECISBP2L, ZC3H14, RPS11, NUP98, HNRNPH3, HNRNPC, RPS9, RPL37A, RALY, RPL35, CBX5, DAZAP1, RPL13, ATXN2, HNRNPLL, RPLP1, HSPA1A, AGO2
GO:0005694	chromosome	138	0.043125	1.7660673459244531	5.789878301357361e-12	4.974031813438824e-10	9.303291441350613	1.0942869989565412e-08	MRE11, RNF2, MPHOSPH8, HNRNPU, ADNP, MSL2, SRPK1, ZBTB4, PDS5A, WAPL, RAD50, SETD5, CTCF, SIN3A, WRN, SLF1, USP37, NFAT5, SETDB2, PDS5B, PHF14, ZEB2, UHRF2, INO80, SAMHD1, KDM1B, MBTD1, STK38, MMS22L, HMGB1, INTS7, KDM2A, NSD1, FBXW7, NUCKS1, SLFN11, ATR, MLH1, CDYL, CGAS, NUMA1, SETX, MBD5, SMC6, TET2, PARP1, PUM3, ASH1L, NBN, NSFL1C, CLOCK, UBR2, FMR1, ZBTB38, POGZ, SHLD2, DNMT3A, GLYR1, MCM9, EP300, SRPK2, TMPO, SMC1A, NSD2, TOPBP1, FBXO11, ATM, SETD2, BRD4, TRIM37, NIPBL, SMARCA5, STAG1, BRD2, RAD18, RFC1, QSER1, UFL1, SUPT16H, SMCHD1, SMC3, MSH2, AFF4, KMT2E, SETD7, TOP1, PPP2CA, RIF1, RCC2, KDM2B, INTS6, RNF169, FAM111A, EHMT1, PPHLN1, RFC3, SMC5, BRD7, NSD3, NCL, NR3C1, GATAD2B, SMARCAD1, ZNF618, ERCC6, EED, STAG2, MYT1L, KMT5B, XRCC4, XRCC5, ORC3, MORC3, USP7, RAD21, ZMYND8, BRCA1, PBRM1, HDAC8, ZMYND11, MBD2, RECQL, ORC5, RNF138, MCM5, CBX5, DDI2, PELI1, ZRANB3, PAK1, ZFR, HP1BP3, SHLD1, UBAP2, RTF2, TASOR, GATAD2A, TET3
GO:0015629	actin cytoskeleton	70	0.021875	1.76016845703125	1.299077284389806e-06	3.960090431446345e-05	4.402294896541733	0.0024552560674967333	LUZP1, MPRIP, OPHN1, ACTN4, MYO19, AUTS2, RAB22A, PEAK1, IQGAP1, PPP1R12A, CAPZB, CAPZA1, CRK, ARPC5, ACTB, DHX9, DST, CTNNA1, PARVG, ARHGAP21, WIPF1, GSN, C10orf90, EZR, MACF1, CFL1, TTC17, CD2AP, PDLIM5, FER, ACTR2, MYH9, SORBS2, MARCKS, ARPC1B, HNRNPC, KALRN, ADAM17, CASK, SPECC1L, ABL2, WDR1, MYO1E, ARHGAP35, SNCA, MYO5A, MYO1D, ARHGAP6, ARPC2, MYO18A, PRKRIP1, CORO1C, AKAP13, ACTR3, SIPA1L1, CTTNBP2NL, CAPZA2, ARPC3, SEPTIN7, FKBP15, ABL1, FYB1, LCP1, STK38L, IQGAP2, MYO9B, MYO1F, SWAP70, WASF2, WASL
GO:0005654	nucleoplasm	975	0.3046875	1.739057304655029	1.1299984878897775e-86	7.118990473705599e-84	83.14758158821482	2.1356971421116796e-83	PFKFB3, PSMD1, GSTCD, RNF2, CAMKMT, TCF7L2, FUS, TRIM56, ANKRD11, CHD9, MIOS, ARID3A, CSTF3, SETD5, BAZ2A, XPO1, STAT1, SIN3A, LIMD1, E2F3, SLF1, USP37, FBXW11, CDK6, LRPPRC, ZBTB20, DUT, RPA2, MBNL2, ATF7IP, SMYD3, SFMBT2, FCHO1, UIMC1, RGS12, REV1, HNRNPK, UBE2B, UBE2E3, HAT1, NR2C2, KPNB1, IRF2, PRKCD, DHX36, KDM2A, MMS22L, RBM5, NAP1L4, IWS1, ARL17A, SP110, PSMA1, SMG1, CACYBP, BRWD1, PPARG, FOXP2, CSE1L, EIF2AK2, ARIH1, PUM3, EPC1, BIRC2, DR1, SMAD4, NEDD9, SPIDR, KPNA4, SF3B1, AFDN, ELF2, ANAPC5, SDCBP, UCHL5, WDR33, UBE2N, ANKS1B, CHD1, PHC3, ATF7, ARID1A, RNF168, USP22, RPS6KA3, MAP3K2, NUFIP2, CAMK4, RSF1, ELK3, GTF2F2, HNRNPUL1, NSD2, YWHAZ, IVNS1ABP, ANP32A, SETD2, UBE2D2, IP6K1, TATDN1, RPTOR, BARD1, PPP1CB, CDC14B, DCAF6, HMGN3, PIAS1, DDX1, CPNE1, RAD18, JUND, PPP3R1, NFIC, MGMT, PTPN14, SUPT16H, SMCHD1, HTT, ZHX2, ERCC6L2, MAPK1, XRRA1, FOXP1, PPP3CA, PRDM2, KAT6B, RBM17, SKAP2, PIP4K2A, ATXN1, RAD23B, RPS16, SRSF3, HDAC2, CASP8AP2, SKIL, KMT2E, SETD7, PPP6R3, PTPN18, RIF1, AGTPBP1, PARP4, KDM2B, ORC2, ANAPC1, RNF220, ESR1, WDR70, SHQ1, VPS37A, REV3L, SMC5, POT1, COMMD1, KLF3, ANAPC4, JAK2, ICE2, UBA6, RBL1, ANKRD12, TNRC6B, MEF2A, IFI16, PIK3C2A, NR3C1, POLR2B, GATAD2B, SARNP, PHF21A, FNBP4, POLK, STAG2, KMT2A, DCAF5, RPS28, SCAF4, MAML3, NCOA3, GON4L, MED27, NFYC, WWOX, NUP214, SYAP1, PWWP2A, USP7, SCAF8, GUCY1A1, ATE1, ZFHX3, CAND1, RAD21, BRCA1, ATF2, USP4, HSP90AB1, TRA2A, NSMCE2, PRKAA1, SMAD5, USP3, PPP2R2A, SESN1, OGT, PTPN2, PSPC1, USP48, KPNA1, RPS9, ATF1, PAK2, LCOR, PRKAG2, CBX5, ARNT, ADK, DAZAP1, JMJD1C, ZRANB3, TDRD3, TFEC, CHD7, HIF1A, TIAM2, TASOR, AGO2, KAT6A, MIS18BP1, XPO6, PTPN9, FOXO1, MRE11, ATAD2B, DAP3, MGA, PAPOLG, NFKB1, HDAC4, THOC2, RPS6, TRA2B, NOP58, RPS19, CHD8, SRPK1, HERC2, CHD6, JADE2, DCAF8, NCAPD3, NRIP1, TENT4A, RPRD1A, DNAJB6, WRN, MAPK14, NFAT5, NASP, SENP7, WDR27, RPA1, PSIP1, HSP90AA1, SETDB2, UBN1, CREB1, CUL1, NEDD4L, TNRC18, BAG3, MAPKAP1, MDM4, ASCC1, HMBOX1, APC, RUNX1, RGS10, SLFN11, TCERG1, RPS5, WDR75, WTAP, MLH1, NAALADL2, NUMA1, CUL4A, POLD3, PPARD, MBD5, SETX, CEP350, BANP, WDR43, ZNF217, NUP153, PHC2, MED13, PARP1, CENPP, NFIA, AKNA, PAPOLA, ZFP91, RBPJ, FAM133B, PTMA, NBN, CLOCK, UTY, REL, SLF2, PSME4, CCND3, ZBTB38, CALM1, DNMT3A, TOP2B, RB1, IPO9, ACIN1, GLYR1, FMN1, ATAD2, PCGF5, PPP2R5C, IPMK, DDX39B, RBBP4, MTOR, TRERF1, LYST, CDC40, ATM, CIITA, FLI1, CELF2, SRSF10, CDK19, PRKCA, MSH3, FOXK2, CAMK2D, SPATA13, DEF6, PKM, NUDC, PTTG1IP, FIP1L1, PPM1A, THRAP3, RFC1, INTS4, UHMK1, ETV5, TRIP4, ARHGAP22, PRMT2, UBXN7, HUWE1, CAMK2G, SMC3, PRKDC, AQR, CERT1, KMT2C, AFF4, RPS6KB1, NSRP1, CARD8, TCF4, TRRAP, MINDY2, TOP1, THRB, MBNL1, ZRANB1, CREBBP, RAC1, RPS3, KDM3B, MINDY3, DAAM2, PPHLN1, ELL2, MOB1B, RCOR1, CLK1, MAPK8, CREBRF, DEK, RBM4, KDM3A, MSRA, NSD3, XPO4, LUC7L3, MED15, CMIP, PPP4R3B, CNDP2, RPS6KA1, CEBPD, ERCC6, ASCC3, HNRNPH1, STRADA, RPS4Y1, HIPK2, PCF11, KMT5B, SP3, NR2C1, TSPAN5, RANGAP1, RMND5A, KDM5A, ARID5B, USP10, CTNNB1, BMI1, MORF4L1, ATXN7, ZMYND8, ACTB, USP24, DHX9, PIK3CB, NOL4L, SERTAD2, ZEB1, RPAP2, EFTUD2, ZNF451, ANAPC10, INO80D, INTS10, RECQL, ORC5, RFWD3, XRN2, MCM5, TASOR2, NFIB, PRDM1, TLK1, DDI2, UBP1, PTPN4, NRF1, DDX46, ZFC3H1, RANBP9, ZNF655, PTPN11, MIER1, ADD1, CDK13, QKI, PIAS2, FAM222B, IKZF1, PPP4R3A, TCF12, HNRNPU, SP100, EFCAB13, MBNL3, ZBTB4, ZRANB2, BTRC, MSL2, WAPL, PRIM2, RAD50, MDN1, PRKCB, SIMC1, ELK4, XIAP, KDM7A, NUAK1, LRMDA, THOC1, CPSF7, FUBP3, ATF6, STRN3, WDR26, ZMYM6, ZNF24, KDM4B, ALOX5, PPP3CB, BBX, CREB3L2, VEZT, KDM1B, RERE, MYCBP2, AKT3, CDK8, INTS7, RPS29, ASXL1, HMGB1, NSD1, YY1, FBXW7, NUCKS1, UBA2, ABL1, ATR, ZC3H6, HSPA8, METTL21A, SNW1, SAFB2, SREK1, DCAF7, SP4, CGAS, TBL1X, POLA2, PARG, SCAPER, NEK6, MORF4L2, RNF38, ARMC8, TPRG1, POLB, SMC6, CMPK1, PPME1, PWWP3A, DUSP10, TET2, SERGEF, KPNA3, ILF3, DYRK1A, TAF3, CCND1, UBQLN1, PTGES3, EIF3E, ASH1L, UBE2W, UBR5, USP15, SPRED1, SSBP2, HNRNPD, SOX6, SUFU, BTAF1, TSNAX, HIPK1, NLK, ZMIZ1, LSM8, FUBP1, CDC27, ITGB3BP, CEP162, WAC, HECTD1, RCOR3, EP300, NFX1, HNRNPA3, RANBP3, TRPS1, U2SURP, TOPBP1, ELP4, ANKRD17, BDP1, ANAPC16, PRKRIP1, ZC3H13, SMURF2, FOXO3, BRD2, RPS8, VRK1, PRKACB, MLLT10, MED14, YEATS2, STK24, DERA, COP1, CENPC, ECPAS, MSH2, SS18, MAPK9, LITAF, COMMD10, CLASRP, EEF1AKMT2, GIT2, RNPC3, ARID4B, CCNY, ZBTB37, TRIM24, TERF2, TFCP2, UBR4, ZNF438, INTS6, CELF1, FOXK1, BHLHE41, ZNF131, SYNCRIP, EHMT1, RFC3, PPM1H, KATNBL1, YAF2, ZBTB1, SRSF11, IPO7, BRD7, HNRNPA2B1, RAD51B, HDAC9, CCAR1, TLK2, STAT3, TCEA1, HNRNPF, PARP9, NAB1, RPL5, SFPQ, YTHDC2, ERGIC1, RBM26, URI1, TEAD1, DDX42, DROSHA, PPP1R12B, SETD3, FKBP4, RPS6KA2, BCLAF1, ZNF609, XRCC5, RPRD1B, CSNK2A1, NR6A1, RFFL, NUP42, ZNF207, SF3B3, ICE1, SRRM2, MECP2, IBTK, PBRM1, RNASEH2B, CHD2, MYSM1, KIF2A, ZMYND11, PKN2, RPS11, RNF111, SCAF11, UBE2D3, ATXN3, PRPF40A, CBX3, HNRNPC, ZHX3, CUX1, MXI1, CUL2, SPIN1, PER1, RALY, MCMBP, BPTF, SPI1, PELI1, CBFA2T2, PAK1, TRIM26, UTP18, FBXO28, RTF2, PPP4R2, SMARCC1, TAB2, SRSF4, TAF1, MTREX, SMARCA2, FANCC, AHCTF1, CDC5L, RBM27, CDK12, MPHOSPH8, ARFGEF1, LIN54, SPECC1, PPP1R12A, POM121, ELF1, NR3C2, ARID4A, ARID2, R3HDM2, RNGTT, CDC16, PDS5A, KDM6A, SQSTM1, IRF8, CTCF, SREBF2, TBL1XR1, RPSA, RBM25, RBMX, KPNA5, PIP5K1A, KIF20B, SF1, ADARB1, RPS2, PDS5B, NPM1, RASSF2, UHRF2, ZEB2, INO80, EAF2, ZNF148, PDCD6, SLA, SAMHD1, UBN2, ARPC2, NFATC2, PHF20L1, SENP5, CABLES1, RPL27A, MTF2, DOCK10, SOX5, CPSF2, CWF19L2, ELP2, MED13L, KHDRBS1, MKLN1, CBFB, DACH1, SMURF1, PSMD14, CWC27, PTPN12, PPIG, ATRX, ANP32B, RALYL, NEK1, EIPR1, DHX15, GSK3B, TRIM33, DNAJB1, WDR20, PLEKHA1, ARIH2, SRRM1, MCPH1, PUM1, EYA3, USP47, SPOP, ZNF638, RPS6KA5, CUL3, TAF2, SEM1, POU2F1, FAM107B, PPM1D, PPARA, USP12, FMR1, SHPRH, NFIX, POGZ, AEBP2, MRTFA, LUC7L2, SHLD2, SGPP1, RBFOX1, HNRNPR, DNMT1, MAX, SRPK2, BICRAL, CASK, ORC4, SMC1A, SPEN, MAML2, NCOR2, BACH1, FBXO11, ASXL2, UBA52, SPAST, KANSL1, RPRD2, NCOR1, PCBP2, TRIP12, LIN52, PPP2R3C, ITCH, BRD4, IPO11, NCOA6, NIPBL, RPS18, STAG1, SMARCA5, FAF1, SMAD2, UACA, CDC73, TCF20, CFLAR, SAMSN1, IL15, TPR, NCOA2, ZMAT3, FTO, PLSCR1, KAZN, FBXL17, NOTCH2, EMSY, PHF12, FAM114A1, HLTF, TAF15, RPS24, NF1, CCNH, KHDRBS3, KDM5D, TPT1, RNF169, YTHDC1, JAZF1, RBX1, UTP20, MAD1L1, NPAT, WASHC4, TNFAIP8, ATG16L2, KLF7, KLHL8, CDC14A, RUNX2, EPM2A, PPARGC1B, NCL, EWSR1, HSPH1, NVL, ARRB1, SFMBT1, NEK7, ZCCHC8, TM7SF3, CPSF6, SMARCAD1, METTL16, JARID2, STK4, STAT6, ARID1B, EED, HNRNPM, PLAGL1, UBE2E1, DCAF10, HNRNPDL, ADAR, IRF2BP2, CCNT2, CDKL1, CHEK2, SUZ12, TBK1, CHD4, NKTR, XRCC4, ORC3, PTEN, XAF1, SAFB, DDX17, STAT5B, MORC3, RANBP2, BAZ1B, CTNNBL1, FOXN2, EPB41L2, NCOA1, GRB2, SECISBP2, KAT2B, SLTM, BABAM2, CGGBP1, GCC2, SUPT3H, WDR36, FARSB, POLA1, MITF, HDAC8, NFATC3, MEF2C, TRAPPC12, YY1AP1, SENP6, RYBP, HIPK3, STAU2, MBD2, NUP98, TSEN15, TNPO1, HNRNPH3, APPBP2, EP400, SUGP2, IPO8, CCNL1, PPIL4, CTBP2, MED4, GTF2I, PHF20, RBM39, FANCL, NFE2L2, DMTF1, KDM4C, INPP4A, GATAD2A, TIAL1, HSPA1A
GO:0005794	Golgi apparatus	299	0.0934375	1.738680273261066	7.988528207834385e-24	2.516386385467831e-21	20.599222673166015	1.5098318312806987e-20	CDK5RAP2, RTN3, CHIC2, CAMKMT, MTUS1, BST2, PCSK7, ARFGEF1, TMEM30A, YIPF4, HEATR5A, AP1S2, STX12, PRKN, MAN1A1, OSBPL11, RAB3GAP1, CSGALNACT1, FAM20B, SNX1, DSE, ARHGAP21, GOLIM4, DENND4C, SREBF2, FUT8, TMF1, RAB20, BIRC6, ACBD3, ATP9B, COG5, RAB2A, HLA-B, COPA, ATF6, TM9SF4, STRN3, XYLT1, TBC1D1, CALN1, HCK, GOPC, CHSY1, DNM1L, CHST11, SYT1, NEDD4L, USP33, SELENOI, EXT1, MAPKAP1, COPB1, ABCA1, VPS41, CNTNAP2, HOOK3, AFTPH, PRKCD, TBC1D4, PLEKHM3, SLC2A13, PCSK5, GNAQ, ARMH3, NDFIP1, SORL1, ARL17A, SLC10A7, DLG1, SH3RF1, PSEN1, ATP2C1, AP1G1, STX16, VAPB, VPS13A, TRAPPC9, WLS, OPRM1, ADAM10, MAN1A2, EIPR1, TRAPPC10, MAP2K1, TGOLN2, SORCS1, RAB21, RUBCN, RICTOR, VTI1A, B4GALT1, KIAA0319L, TMEM87A, NEDD9, HLA-DQA1, USP6NL, CUL3, GALNT2, HERC1, TSNAX, ST8SIA4, SPPL3, MS4A4A, RAB18, SNX9, LMAN1, ATP1A1, CLINT1, SYNRG, TCP1, P3H2, MYH9, SERINC5, ACSL3, ZDHHC20, WDR44, PLD1, HIP1, CLASP1, TVP23C, MTOR, SCAMP2, LRBA, DYNC2H1, HS2ST1, TTC3, MYO18A, TMBIM4, CHPT1, FGD4, UBXN2A, ARFGAP3, VPS53, LAPTM4A, ARFGEF2, B4GALT5, VPS45, MGAT5, ZDHHC14, DOP1B, STK24, AKAP9, CEPT1, DENND5A, IL15, HTT, MAPK1, GIGYF2, LRRK2, LRP6, CERT1, ARFIP1, PLSCR1, FGD3, DIPK2A, ARHGAP32, ARAP1, UNC13B, GSAP, LITAF, VPS54, GALNT11, USO1, PDCD10, HLA-DRB5, RAB6A, SIPA1L3, AP3S1, FAM114A1, MON2, TMED10, SCAMP1, CD74, GOLGA3, GNPTAB, PACS1, CCDC91, RAB14, TLR1, GALNT7, VPS13B, ESR1, AP3S2, TM9SF2, GOSR1, MAN2A1, GKAP1, GBF1, ASAP1, MGAT1, UBXN2B, RAB31, TRAPPC8, ITM2B, GDI2, GLCE, SLC39A11, CLASP2, FBXW8, CLU, TRAPPC11, COG3, PIK3C2A, GOLGB1, SLC30A6, CCAR1, DOP1A, RNF115, CLCN3, ZDHHC17, CLEC16A, MPHOSPH9, TBC1D22A, HLA-DPB1, PLA2G4A, FAM91A1, GLG1, TENM2, DYM, RNF125, OSBPL9, RAF1, OCIAD1, ST3GAL1, RHOBTB3, ATP8B4, SLC38A10, WWOX, RELCH, AP3B1, SYAP1, TNKS, RAB10, CEP57, GRB2, SLC35E3, ZDHHC2, TBC1D5, GALNT10, RAP2A, AP4E1, CEP83, GCC2, SYT11, RAB1A, MACF1, PITPNB, STX6, SCYL2, BICD1, USP32, CBL, TRAPPC12, PRKCE, EXT2, PRNP, SORT1, TRIP11, GNAI3, IGF2R, PICALM, ATP11B, CUX1, GOLPH3, APOE, CPQ, CAMSAP2, CCNI, STIP1, RAB27A, NDST3, UXS1, FNDC3A, CASD1, PPT1, WDR11, MOSMO, SLC30A7, GALNT1, HS6ST3, SACM1L, PDE3B, RABGAP1L, ATXN2, TMEM165, CLCN5, HEATR5B, LYN, CCDC88A, PKD2, ST6GAL1, TPP1, GGA2, TANGO2, SLC11A2, NAPG, APBA1, HLA-DQB1
GO:0048471	perinuclear region of cytoplasm	190	0.059375	1.7323875708215295	3.595302531105729e-15	4.530081189193219e-13	12.343894014388352	6.795121783789828e-12	PUM2, CDK5RAP2, ITGB1, ARFGEF1, UPF2, PRKN, VPS35, STAT1, TSC1, DNAJB6, LNPEP, ITPR1, PSMF1, LIMS1, LRPPRC, KIF20B, ATP9B, HSP90AA1, CYLD, PIK3CA, CALN1, SORBS2, EPG5, ALOX5, PDCD6, DNM1L, USP33, MAPKAP1, PLCG2, LAMP2, MTMR2, ABCA1, SBF2, SNX5, CRBN, APC, AFTPH, PRKCD, ABL1, PIK3R1, ARMH3, NDFIP1, TLR4, DLG1, SH3RF1, AP1G1, STX16, PREX1, SEC23A, MAP2K1, DNAJA1, CYB5R4, EIF2AK2, TRPC4AP, FBXL5, UBQLN1, ANKRD13C, VTI1A, MTMR9, UBR5, RAP1A, TF, MTDH, PTK2, GALNT2, SLC1A3, TSNAX, FMR1, PAFAH1B1, SPIRE1, CLINT1, SYNRG, SHTN1, MALT1, SERINC5, MSN, ACSL3, RASA2, WDR44, GLB1, PLD1, ZDHHC20, EIF4A1, LAPTM5, SNCA, SPAST, ANP32A, SERBP1, PRKCA, CDK19, CALR, DEF6, VPS53, TRIM37, DDX6, TNFSF13B, ARFGEF2, FAF1, SRFBP1, CTIF, MTMR14, SPAG9, HTT, EIF2AK3, RAB8B, RASGRP3, CERT1, PLSCR1, DISC1, EHD4, PTK2B, YWHAB, VPS54, FAM168B, USO1, STX8, RAB14, FLOT2, CPEB4, RBM4, MGAT1, LPXN, SEC31A, PTPRM, ATXN10, TPD52, PDE4A, FBXW8, CLU, TLK2, CCAR1, VAPA, GNAS, CALCOCO2, ATP6V0A1, YTHDC2, CNTRL, STX7, SYNJ1, SLK, FKBP4, CCNT2, ACTN4, DEPDC5, RANGAP1, SYAP1, RAB10, CTNNB1, HSP90AB1, RAP1GAP2, LAMP1, EZR, RAPGEF2, STX6, STOM, BICD1, CBL, PKN2, TRAPPC12, PRKCE, MAP3K4, SORT1, KIF5B, IGF2R, PICALM, EXOC1, EXOC6, HSP90B1, PAK2, BPTF, FXR1, CYFIP1, TNKS2, VPS50, GALNT1, SLC30A7, DAAM1, DICER1, DAZAP1, ATXN2, HEATR5B, TAOK1, LYN, LCP1, MYO9B, EIF4A2, SLC11A2, APBA1, MTPN, HSPA1A
GO:0000139	Golgi membrane	186	0.058125	1.693517503536068	7.477611648278371e-14	7.851492230692289e-12	11.10504779472397	1.4132686015246121e-10	CD55, GCNT2, RTN3, PDGFC, ARFGEF1, AP1S2, STX12, RAB12, MAN1A1, PRKN, CSGALNACT1, FAM20B, ST6GALNAC5, DSE, ARHGAP21, GOLIM4, SREBF2, FUT8, RHEB, TMF1, CDC42, ACBD3, COG5, RAB2A, COPA, HLA-B, ATF6, PCSK7, XYLT1, IFNGR2, ADAM17, SAMD8, GOPC, CHSY1, ATP6V0C, CHST11, EXT1, MAPKAP1, COPB1, ERC1, ST3GAL6, PCSK5, SORL1, ARMH3, NDFIP1, SLC10A7, ATP2C1, PSEN1, AP1G1, STX16, PIKFYVE, C6orf89, WLS, SEC23A, ROCK1, ADAM10, MAN1A2, RAB21, HLA-E, VTI1A, B4GALT1, KIAA0319L, TMEM87A, B3GNT5, HLA-DQA1, SCFD1, GALNT2, ST8SIA4, LMAN1, ZDHHC20, TVP23C, PLD1, MTOR, ST3GAL3, HS2ST1, HACE1, MYO18A, TMBIM4, VAC14, CHPT1, ARFGAP3, B3GALNT2, ARFGEF2, B4GALT5, ACER3, VPS45, MGAT5, DOP1B, HUWE1, DENND5A, COP1, ST3GAL5, LRRK2, ARFIP1, DIPK2A, ARHGAP32, NOTCH2, TNFRSF1A, LITAF, HLA-DRA, GALNT11, USO1, PDCD10, HLA-DRB5, RAB6A, TAPBP, TMED10, CD74, GOLGA3, GNPTAB, SGCZ, VPS13B, RAB14, PJA2, GALNT7, AGPAT3, MAN2A1, HLA-DRB1, GOSR1, GBF1, C1GALT1, ASAP1, MGAT1, STX18, ITM2B, TRAF3IP3, SGMS1, GLCE, DOP1A, COG3, VAPA, GOLGB1, ARRB1, ATP6V1A, CLCN3, ZDHHC17, LPCAT2, MPHOSPH9, ERGIC1, HLA-DPB1, PLA2G4A, GLG1, RNF125, SCARB2, RIC1, ST3GAL1, CHST15, ATP6V1H, CYTH1, KIF13A, RFFL, ATP6AP2, RAB10, TNKS, ZDHHC2, GALNT10, RAB1A, PITPNB, STX6, USP32, EXT2, GNAI3, TRIP11, DNM2, IGF2R, CUX1, GOLPH3, SH3GLB1, LDLRAD4, CASD1, NDST3, UXS1, FNDC3A, TNKS2, SLC30A7, GALNT1, SACM1L, FIG4, TMEM165, CLCN5, KRAS, ST6GAL1, CLSTN1, UGCG, MGAT4A, HLA-DQB1
GO:0005829	cytosol	1317	0.4115625	1.6771070103857566	3.798367221275002e-114	7.178914048209754e-111	110.14394124636208	7.178914048209754e-111	PUM2, CHD9, UBE2K, XPO1, PDE7B, USP37, MIB1, PDE10A, KPNB1, AFTPH, RAPH1, CACYBP, BIRC2, HSPD1, SMAD4, SDCBP, PPP2R2D, SEC24D, HERC1, ACBD6, PPP6R2, WSB1, OTULIN, ELMO1, RPTOR, DDX1, CPNE1, PPP3R1, MAP3K1, DTNBP1, MSI2, RAB6A, GNA12, GSN, OSTM1, BLNK, CCP110, NLRC5, NAA50, GOSR1, TUBGCP5, COMMD1, GBE1, JAK2, UBA6, TRAPPC8, PIK3C2A, RNF115, RPS28, RIC1, NUP214, GUCY1A1, HSP90AB1, OTUD4, ZMYM2, RPL6, GLUL, SMG5, GNAI3, SESN1, OGT, EIF3H, LRRFIP1, PRKAR2A, PRKAG2, EIF4G3, IST1, ATG12, RPLP1, WWC3, HDAC4, DCAF8, TPP2, SPG11, NFAT5, CEP152, UBE3D, NEDD4L, TNRC18, MAPKAP1, SNX5, MTMR2, GAPVD1, FMNL3, RPS5, DCTN4, SEC23A, PARP1, CAPZB, CAPZA1, CBLB, NBN, CLOCK, LRP1, PARP14, UBR2, GUCY1A2, SPIRE1, CALM1, RB1, MALT1, OSBPL8, FMNL1, MTOR, AGPS, LYPLA1, PRKCA, PANK3, STK3, TFEB, CAMK2D, SERPINB6, BTBD3, MCCC1, FIP1L1, ARFGEF2, PPM1A, CAMK2G, CERT1, PRKDC, ROCK2, USO1, MAP3K5, PJA2, SASH1, ARHGAP31, XPO4, FBXW8, CLASP2, PADI2, RAB7A, LGALS9, CMIP, ITSN2, RPS6KA1, ARL13B, DENND6A, RPS4Y1, RNF19A, RANGAP1, PAXBP1, USP10, CTNNB1, ATXN7, EXOC6, RPL35, CEP63, EML4, TNPO3, ENO1, ABCE1, PTPN11, QKI, VPS26A, FARP2, OLA1, TTBK2, OAZ1, HCK, CSNK1G1, ALOX5, GRIA1, TRIO, IL18, SORL1, HSPA8, METTL21A, SH3RF1, CGAS, WASHC1, G3BP1, MTM1, EEA1, UBQLN1, ARHGEF12, RCOR3, WDR44, SH3BGRL, LAPTM5, SPATS2, UBXN2A, FOXO3, PRKACB, IFI44, UGP2, DERA, MTMR14, ARFIP1, FNTA, MAPK9, DGKD, ARID4B, NAA16, TRIM24, GMDS, STRN, ARHGEF6, SGK3, SEC31A, BRD7, USP25, RPL9, TTC7B, NUP107, COG3, VAPA, CNOT4, QDPR, SFPQ, LONP2, CSNK2A1, NSF, EPB41L3, XRCC5, RFFL, NUP42, MECP2, DYNC1LI1, CADPS, UBE2D3, CCT6A, WIPI2, PIK3CG, CUX1, CUL2, PIK3C3, PER1, MYO5A, AAGAB, PELI1, MTFR1, PAK1, BRAF, MCF2L2, EIF4A2, AKAP10, MTPN, FNIP2, EIF2AK4, HBS1L, CDC16, TUBGCP3, VPS35, ARHGAP21, IRF8, RPSA, LNPEP, LIMS1, UBE2R2, PIP5K1A, COPA, RPS2, PDCD6, INO80, CCDC50, WDR1, COPB1, ARPC2, ZFAND6, PRMT3, PTPN12, PPIG, EPHB2, ANP32B, RAB21, RNF217, SHOC2, USP47, ASB3, FBXL7, CUL3, DDX3X, LPP, PPM1D, CACNB4, USP12, PDLIM5, PFN1, ATP6V1C1, BACH1, WWP2, DOCK11, TRIP12, WASHC5, MTMR3, SMAP2, CHKA, RPL3, GPBP1, CNOT6L, ST13, EIF2AK3, PTK2B, SMS, EHBP1, YWHAQ, PREX2, RNF169, PAFAH1B2, DIAPH1, RUNX2, FNIP1, YTHDF3, CALCOCO2, ANKS1A, RNF144B, CNOT1, HNRNPDL, SYNJ1, ADAR, DYNC1I2, AVEN, DDX17, KCNIP4, STAT5B, NCOA1, PPFIA1, PALD1, MITF, IRS2, G3BP2, TRAPPC12, SORT1, TNPO1, LARP1, EXOC1, HSP90B1, TNS3, NCKAP1L, FGFR1OP2, FANCL, OSBPL3, INPP4A, KRAS, SWAP70, C2CD3, PSMD1, CAMKMT, LIMD1, ATAD1, CDK6, TAX1BP1, SLC44A1, ZFP36L1, UBE2E3, AZIN1, APBB1IP, MTHFD1L, ABCD3, TANK, RPL28, PPARG, CSNK1A1, CSE1L, TRAPPC10, HNMT, TRIM38, NEDD9, KPNA4, G2E3, UBE2N, TACC1, NOD1, MAP3K2, YWHAZ, IP6K1, OFD1, PPP1CB, GNA13, FGD4, HPS5, GPI, DPYD, ANKIB1, TUT7, NAA15, SKAP2, ATXN1, KCMF1, PDCD10, DIAPH2, PPP6R3, CEP295, PTPN18, KALRN, EIF4B, RIPK2, UBE2F, RAB31, USP40, IFI16, HLCS, DOP1A, NR3C1, NRDC, STAG2, MVB12B, WASF2, DEPDC5, CAND1, DPYSL2, MOB1A, URGCP, LAMP1, SMAD5, EZR, CUL5, PPP2R2A, KPNA1, NGLY1, PRKD3, FXR1, CYFIP1, TNKS2, ADK, USP34, HEATR5B, RAPGEF1, REPS1, LCP1, TANGO2, NFKB1, RPS6, HERC2, RAB12, RPL34, PSIP1, RPE, PMM2, BAG3, USP33, PLCG2, HPRT1, FBXL4, TBC1D4, TBC1D2B, STX16, VTI1A, PTMA, RHOA, SMG7, REL, PSME4, ARHGEF10L, SH2B3, TOP2B, ACTR2, PPP2R5C, LRBA, ATM, PABPC1, RAP1B, PGK1, PARN, LYPLAL1, DOCK2, ACACA, ARHGAP22, DENND5A, ARAP1, RPS6KB1, CTPS2, CLIC2, TUBB, FBXO9, UBE2G2, LRRC1, MBNL1, ZRANB1, RAC1, CAMSAP1, CCT4, MSRA, GDI2, STRADA, MYO1F, SLC7A5, DENND1A, RAB10, USP24, PIK3CB, WIPF2, SERTAD2, PPA1, ANAPC10, HSD17B4, NSUN6, RASA1, PICALM, RFWD3, GNB1, ZNF106, AAK1, PGM5, ZNRF2, CCDC88A, PRRC2C, NSMAF, CRADD, LRCH3, ADD1, PPP4R3A, PDGFC, HNRNPU, LARP1B, USP14, ZFYVE16, VPS29, WIPF1, ZNF146, CDC42, BIRC6, ZNF397, WDR26, ACTR3, NCK1, RPS29, ABL1, TPM4, PCYT1A, TRAPPC9, PREX1, SERGEF, BCL2, PTGES3, UBE2H, EXOC4, LARP4B, USP15, PTK2, SUFU, HIPK1, RAB18, PCCA, SNX9, CEP162, MYH9, RASA2, EP300, CARD11, RC3H1, CALR, GPCPD1, STK24, COP1, DISC1, UNC13B, VTA1, EEF1AKMT2, AHCYL2, PACS1, RAB14, NT5C3A, SYNCRIP, ARPC1B, PI4KA, PDE4A, AHCYL1, PARP9, AKAP13, STK38L, PPP1R12B, CEP192, CYTH1, VPS4B, ITPK1, TIGAR, TBC1D15, PRKCE, KIF5B, HELZ, HNRNPC, SPIN1, RAB27A, FNDC3A, TAOK1, TRIM36, DENND1B, EIF4G2, PPFIBP2, RPLP2, NR3C2, OXSR1, ARRB2, PRKN, NT5C2, RIMS1, SQSTM1, DNAJC5, SREBF2, C10orf90, TSC1, RB1CC1, ARL8B, RASSF2, GDAP1, KIDINS220, SLA, DOCK10, PSMD14, SMURF1, NEK1, PLEKHA1, DNAJB1, SRRM1, SEM1, ARHGAP26, SRPK2, SMC1A, RNF216, ARHGAP20, NAGK, PCBP2, PPP2R3C, CAB39, ARPC3, STAG1, FAF1, MTAP, CLTC, SAMSN1, BCL2L1, DPP8, YWHAB, MON2, DDX3Y, GOLGA3, FAM110B, TPT1, NLN, ATG16L2, PDZD2, UBXN2B, EPM2A, ATXN10, ARHGEF9, TRAPPC11, PPP2R5E, RPL21, XRCC4, EIF3A, PTEN, RHOBTB3, CPSF7, GCC2, POLA1, MEF2C, FHIT, STAU2, NUP98, FBXL20, SH3GLB1, IPO8, STIP1, KCNAB1, PPIL4, TRAK2, NUP205, IL10RA, TIAL1, CDK5RAP2, PDE1C, TRIM56, ANKRD11, RHOG, PSTPIP2, ARID3A, ILRUN, RHEB, TMF1, EPS15, ABR, XRN1, FBXO38, KSR1, PXK, PRKCD, ARMH3, LTN1, PSMA1, PPCDC, UTRN, ROCK1, EIF2AK2, ARIH1, DST, NSFL1C, UCHL5, ERI3, UCHL3, FER, SERINC5, N4BP1, NUFIP2, PIGN, SNX27, ANP32A, FNBP1, MAP3K7, FBXW4, HTT, MAPK1, IQGAP1, GRK3, PIP4K2A, RAD23B, RPS16, PRKCH, AGTPBP1, PARP4, ANAPC1, RASAL2, KLHL5, CTNND1, S100PBP, UBA3, ANAPC4, TNRC6B, CLU, CAPRIN1, GSDME, PDSS2, KMT2A, ARHGAP5, MTMR1, MAP3K3, SYAP1, USP7, TBC1D5, USP4, TASP1, SYK, MARK3, RPS9, GOLPH3, CCDC6, PAK2, EVI5, DAZAP1, RPL13, ACOT11, HIF1A, PAN3, STXBP3, FOXO1, MRE11, HERC3, APPL1, UPF2, AP1S2, MAT2A, SRPK1, JAK1, PSMF1, CFL1, ULK2, RSU1, CYLD, HSPB1, PUDP, PPM1B, CUL1, DNM1L, SBF2, RABGAP1, GCA, HMBOX1, APC, RGS10, RAPGEF6, RASA3, MGLL, MAP2K1, AKAP7, SNX2, MTMR9, SRGAP1, SCFD1, HSD17B11, SDCCAG8, LRRC7, CCND3, APAF1, ATG7, P4HB, ACIN1, FMN1, GNAI2, PDE8A, ARHGAP6, CDC42BPB, SPATA13, DEF6, FTL, CTIF, HUWE1, TRIP4, PRMT2, UNK, AGO3, ZBTB16, MYO19, DGKB, IFI44L, DOCK1, ARHGAP15, RO60, PACSIN2, CREBBP, RPS3, ABL2, LASP1, GOLGB1, ATP6V1A, SYT6, HPGDS, CLEC16A, SPART, ASCC3, GMPS, IQGAP2, NEMF, AP2A2, RMND5A, AHSA1, RAP2A, DHX9, TLN1, RAP1GAP2, RPAP2, SEC24B, DCUN1D1, DCC, DNM2, DOCK8, TRAF3, ARHGAP35, RIN2, DDI2, PDE3B, PTPN4, SH3KBP1, ABI1, RANBP9, TUT4, PPP2R5A, SNX3, NBAS, CCT8, OSBPL11, TPM3, XIAP, PEX14, RAB2A, CPPED1, ATF6, RPL37, PNPT1, FAM120A, CEP135, ARHGEF7, ANKFY1, FBXW7, ARHGAP17, HK1, DCAF7, SOS2, AP1G1, ARMC8, CMPK1, DUSP10, PWWP3A, YWHAG, KPNA3, AGO4, NMT1, RICTOR, USP6NL, SPRED1, HNRNPD, UBAP1, SHMT1, FMNL2, TSNAX, PAFAH1B1, NLK, ZMIZ1, FAM13B, CDC27, CLINT1, GALM, VPS13C, STAU1, PRKRIP1, ANAPC16, SMURF2, NDEL1, DDX6, FYB1, VRK1, AKAP9, GAB1, CENPC, HCLS1, LRRK2, FGD3, ARHGAP32, UCK2, UBR4, SPATS2L, GBF1, IPO7, STAT3, SND1, PTP4A2, RPL5, PLA2G4A, RPS6KA2, MTMR10, TNKS, NSL1, GAB2, VAV1, ETF1, RAB1A, KIF2A, CAST, RAP1GDS1, ATXN3, ATG5, TRIM26, TAB2, ZCCHC7, SRGAP3, AHCTF1, ARFGEF1, PPP1R12A, DYNC1H1, RAB3GAP2, NPHP3, GALK2, YWHAH, KPNA5, DCP2, STAMBPL1, HPS3, EFR3A, NFATC2, STK38, RNF213, RPL27A, ELP2, KHDRBS1, DNAJA1, TRPC4AP, FBXL5, PUM1, ZFP36L2, LRRK1, KIF16B, FMR1, POGZ, MRTFA, TCP1, CASK, EIF4A1, SPAST, NCOR1, WNK1, CLIP1, KYNU, TRIM37, RPS18, UACA, FTO, DGKI, C2CD5, KAZN, FAM114A1, CTNNA1, RPS24, NF1, USP36, NAA35, TXNIP, RPLP0, RBX1, MAD1L1, RUFY1, RPL13A, FCHO2, HSPH1, ARRB1, RPL17, STK10, STK4, CNTRL, OSBPL9, RAF1, UBE3A, ATP6V1H, XAF1, EPB41L2, KAT2B, CEP83, ARHGAP18, AP2B1, FARSB, RAPGEF2, NIBAN1, CBL, HIPK3, TTC1, UBE2G1, WDR11, OSBPL1A, PHLPP1, DICER1, DDHD1, STAM, BCAT1, MAP3K14, TMCC1, PFKFB3, DOCK4, SCP2, FARP1, RPL7A, SAMD4A, MIOS, ITSN1, SNX1, DENND4C, STAT1, MTR, FBXW11, MBP, EPB41, DGLUCY, FCHO1, ADD3, RGS7, SCLT1, IREB2, VPS41, IRF2, DHX36, PIK3R1, STXBP5, DLG1, SMG1, PIKFYVE, PANK2, RAP1A, AFDN, ANAPC5, CTSH, SOS1, RPS6KA3, MSN, IVNS1ABP, UBE2D2, VPS53, DHFR, RABGEF1, PPP3CA, ZFAT, CSDE1, LPIN2, ESR1, SHQ1, HECTD2, TCF25, RIN3, RBMS1, CASP8, USP8, NCOA3, STAM2, WWOX, PELI2, CEP57, PHKB, RAD21, PRKAA1, CKAP5, NHLRC2, BICD1, PTPN2, SNX10, USP48, PPP3CC, DIS3L, RCSD1, LYN, ATP6V1B2, TDRD3, TIAM2, AGO2, PCMT1, XPO6, C9orf72, RPS19, RAB3GAP1, CD163, LSM14A, DNAJB6, MAPK14, PIP5K1B, HSP90AA1, PIK3CA, NUMA1, MAP4K5, WASL, ELP3, PPIP5K2, ALMS1, CENPP, FAM13A, TMEM87A, NAMPT, EPN2, SPRED2, EXOC2, IPO9, WDFY3, DCP1A, ATG10, SRSF10, CDK19, PKM, ARFGAP3, NUDC, CNOT6, BTBD1, GRIP1, UBXN7, IQCB1, MAP3K20, SPAG9, NUP93, SMC3, CNOT2, CARD8, RPL36, RCC2, CCDC91, AKAP11, MAPK8, MOB1B, EGLN1, GNB4, ANXA5, LATS1, CNDP2, PEX5L, USP9Y, UBR1, SLK, OSTF1, EIF2B3, ACTB, ARHGDIB, EFTUD2, PRNP, PCM1, RPL37A, TASOR2, SLAIN2, SEPTIN7, HEATR5A, EFCAB13, MBNL3, ARPC5, BTRC, TTF2, WAPL, PDE7A, PRKCB, PIK3R5, ARHGEF11, PPP3CB, COTL1, CAPZA2, YWHAE, PARG, VPS13A, NEK6, CHMP3, POLB, ILF3, CCND1, NAA25, CRK, EIF3E, RPL18, RASSF3, ITGB3BP, HIP1, ETNK1, ZC3HAV1, EIF2S3, ZC3H7A, RPS8, MAGED1, DOP1B, DNAJC3, GIGYF2, PDCD6IP, TTLL5, RALGAPA2, IDE, INPP5D, PIK3AP1, DUSP22, GNAS, URI1, LARP4, FKBP4, WWP1, HK2, PREP, WWC2, ITPRID2, PKN2, RPS11, RNF111, DENND4A, BLOC1S6, STARD13, AMD1, TENT4B, GFAP, STX17, MYO9B, HERC4, APBA1, GLS, FANCC, HSPA4, USP9X, NRP1, PDS5A, FRS2, COG5, PDS5B, NPM1, RABEP1, CRBN, CABLES1, FNBP1L, GPHN, MKLN1, GSK3B, NEK9, FKBP5, BBS9, PABPC4, SRGAP2, SUGT1, DOCK5, CLASP1, SNCA, FBXO11, UBA52, SERBP1, ITCH, IKBKB, IPO11, SMAD2, SNX6, EXOC5, UFL1, CEP290, TGFBR2, CFLAR, PLSCR1, CYTIP, DYNC1LI2, VPS54, ITPKB, EFL1, AMPD3, AGFG1, GSPT1, TAB3, PPP2CA, RUFY3, SMG6, ASAP1, LPXN, MAP2K4, TPK1, LCP2, TM7SF3, KLC1, ETV6, STAT6, UBE2E1, TBK1, KNTC1, NKTR, RANBP2, GRB2, BABAM2, NFATC3, STX6, MCF2L, SENP6, ENOX2, PPT1, ECHDC1, NPEPPS, DAAM1, NFE2L2, TRAK1, HSPA1A
GO:0005764	lysosome	88	0.0275	1.6759541420118345	6.554653096001791e-07	2.0308679264661286e-05	4.692318319171282	0.0012388294351443386	RNASET2, VPS26A, C9orf72, PDE1C, MFHAS1, RAB12, VOPP1, SQSTM1, SNX1, SPG11, RB1CC1, ARL8B, EPG5, HCK, HEXB, RPS6KC1, MAPKAP1, LAMP2, VPS41, SLC17A5, RICTOR, TPCN1, MANBA, CTSH, GLB1, MTOR, LAPTM5, LYST, VPS13C, IFNAR1, SNCA, MFSD1, FNBP1, RPTOR, HEXA, SNX6, GRIN2B, TMEM163, CTSZ, CLTC, CD164, LRRK2, PIP4K2A, HLA-DRA, KCMF1, CD74, PSAP, RAB14, RUFY3, RUBCN, RAB7A, ATP6V1A, SLC38A9, CTBS, STX7, INSR, SCARB2, OCIAD1, DEPDC5, WWOX, RFFL, ATP6AP2, RAB10, RAP2A, NPC2, USP4, CTSS, LMBRD1, SYT11, LAMP1, ARSB, SORT1, KCNQ1, CPQ, CTSC, UVRAG, RAB27A, MYO5A, PPT1, ASAH1, LYN, SNX14, GFAP, TPP1, SLC11A2, SLC2A13, TIAL1, LIPA
GO:0031410	cytoplasmic vesicle	230	0.071875	1.6305651156387664	6.076408714046095e-15	7.17775779346695e-13	12.144011200605108	1.148441246954712e-11	ITGB1, CHIC2, CD46, C9orf72, TMEM30A, SNX3, NRP1, HERC3, TRIM9, APPL1, USP14, AP1S2, RHOG, STX12, ARRB2, RAB12, MAN1A1, ITSN1, VOPP1, SQSTM1, DNAJC5, DSE, ARHGAP21, DMXL2, DENND4C, WIPF1, SREBF2, LNPEP, SPG11, ITPR1, TAX1BP1, RAB20, MIB1, RAB2A, ULK2, COPA, MYOF, IFNGR2, RABEP1, HCK, HEXB, PDCD6, ATP6V0C, DNM1L, SYT1, LAMP2, COPB1, SNX5, VEZT, VPS41, PIP4P2, AFTPH, TBC1D2B, SORL1, FNBP1L, STXBP5, GPRC5B, PSEN1, AP1G1, WASL, SLC9A9, PIKFYVE, VPS13A, WASHC1, SLC17A5, WLS, SEC23A, CHMP3, ADAM10, RAB22A, SSH2, EEA1, RAB21, SNX2, UBQLN1, VTI1A, KIAA0319L, APPL2, ITPR2, DST, RCBTB2, TF, USP6NL, SPRED1, KIF16B, SEC24D, EPN2, SRGAP2, SLC1A3, SPRED2, SNX9, SPIRE1, CLINT1, SYNRG, SLC15A2, GABRB3, MYH9, TRPM7, SNX30, FMNL1, PLD1, HIP1, ATP6V1C1, RNF216, LAPTM5, MTOR, ATM, SPAST, CLIP1, ITCH, FNBP1, CALR, CHIC1, ARFGEF2, VPS45, FTL, SNX6, GRIP1, TMEM163, CEP290, CLTC, SPAG9, CTSZ, HTT, BCL2L1, ECPAS, RAB8B, LRRK2, LRP6, DTNBP1, C2CD5, AOAH, SNX19, DIPK2A, PTPRN2, DGKI, DGKD, HLA-DRA, RAB6A, AP3S1, AGFG1, TMED10, UQCC1, PACSIN2, SLC30A9, RAB14, TLR1, FLOT2, VPS13B, RAC1, AP3S2, TRIM14, RUBCNL, HLA-DRB1, SGK3, COMMD1, RIN3, SNX24, SEC31A, RAB31, CLU, ARRB1, PIK3C2A, RAB7A, ATP6V1A, CALCOCO2, ATP6V0A1, CLCN3, DENND1B, GNAS, KLC1, SYT6, ZDHHC17, FAM91A1, ATP6V1H, AP2A2, AP3B1, RFFL, DENND1A, RAB10, ATP6AP2, GGNBP2, TBC1D5, ATP2B1, CTSS, LMBRD1, AP2B1, CADPS, SYT11, ARRDC2, TMEM123, ARHGDIB, SEC24B, BICD1, SCYL2, SNX18, STOM, SORT1, DENND4A, DNM2, BLOC1S6, SYN3, PICALM, TBC1D12, KCNQ1, NUMB, PIK3C3, SH3GLB1, MYO1E, UVRAG, MYO5A, FNDC3A, WDR11, MYO1D, SLC30A7, IST1, TRAK2, RABGAP1L, HEATR5B, STXBP4, SH3KBP1, ATP6V1B2, CCDC88A, PKD2, TRIM36, MFF, TRAK1, STX17, SLC11A2, SNAP23
GO:0043025	neuronal cell body	90	0.028125	1.6228203781512605	1.942073504805977e-06	5.646952190897379e-05	4.248185889138869	0.003670518924083296	CYBB, PUM2, PDE1C, ADNP, PRKN, ITSN1, VPS35, CNKSR2, INPP5F, CYBA, CDC42, FBXW11, BMPR1A, CFL1, MBP, FUBP3, HSP90AA1, STRN3, SORBS2, PMM2, XRN1, BMPR2, ARHGEF7, GRIA1, CNTNAP2, NAP1L4, SORL1, ABL1, NUMA1, PSEN1, SMURF1, VPS13A, EPHB2, DNAJB1, VTI1A, ZNF804A, ASIC2, SLC1A3, PAFAH1B1, SOS1, PTBP2, SNCA, STAU1, SLC38A2, RPTOR, WASHC5, CACNA1E, AKAP9, LRRK2, LRP6, DTNBP1, PTK2B, MT-ND1, SLC8A1, KCND2, AGFG1, GNA12, CACNA1B, NEGR1, RUFY3, STRN, RIN3, PURA, GRIA2, P2RX7, ATXN10, ALCAM, ELOVL5, LPAR1, INSR, FKBP4, GRIK2, RTN4, GRM5, SLC6A6, HSP90AB1, PRKAA1, RAPGEF2, IL6ST, STAU2, PICALM, KCNQ1, APOE, TGFB1, PPT1, MYO1D, TRAK2, TANC1, CACNA1A, GRIA4
GO:0030425	dendrite	120	0.0375	1.6228203781512605	3.996746395358743e-08	1.5416021810669437e-06	5.812027683910032	7.553850687228024e-05	CYBB, C9orf72, FARP1, HNRNPU, TRIM9, ADNP, RPS6, SAMD4A, FAT3, INPP5F, ADCY9, CYBA, SPG11, CDC42, BMPR1A, STRN3, SORBS2, RGS12, GOPC, XRN1, RGS7, BMPR2, MTMR2, GRIA1, CNTNAP2, DHX36, NAP1L4, ABL1, GPHN, NDFIP1, NUMA1, PSEN1, RPL28, GRM7, EPHB2, OPRM1, ADAM10, MAP2K1, GSK3B, DYRK1A, RHOA, FMR1, CPEB3, MAX, MTOR, GNAI2, HTR2C, STAU1, DCP1A, ADCY2, SLC38A2, RPTOR, NLGN4Y, UBXN2A, ARFGEF2, GRIP1, GRIN2B, LUZP1, RABGEF1, OPHN1, HTT, LRRK2, DGKI, PTK2B, MT-ND1, SLC8A1, KCND2, NF1, RAC1, NEGR1, CD2AP, RUFY3, CPEB4, STRN, RIN3, PURA, GRIA2, EPM2A, ATXN10, ALCAM, CAPRIN1, ELOVL5, NRDC, OPA1, NPTN, SFPQ, URI1, DIP2B, INSR, TENM2, GRIK2, ERO1A, GRM5, SLC6A6, SYAP1, CACNA1C, SYT11, PRKAA1, NIN, IL6ST, PRNP, STAU2, MARK3, KPNA1, KCNIP1, APOE, BPTF, RAB27A, FXR1, PPT1, MYO1D, TRAK2, SACS, PAK1, SNX14, TRAK1, TANC1, MARK2, GRIA4, AGO2
GO:0005856	cytoskeleton	201	0.0628125	1.5914817804428043	4.427672236271755e-12	3.9849050126445795e-10	9.399582026332101	8.368300526553617e-09	CDK5RAP2, FARP1, MFHAS1, TRIM9, CCDC146, RHOG, ARPC5, PSTPIP2, DYNC1H1, CCSER2, ARHGAP21, TPM3, WIPF1, FRMD4A, CFL1, LRPPRC, CYLD, HSPB1, EPB41, HCK, COTL1, WDR1, ADD3, TMOD2, SSH1, MYCBP2, ARPC2, MAST2, ACTR3, APC, HOOK3, APBB1IP, ABL1, GPHN, FNBP1L, RAPH1, UTRN, NUMA1, TPM4, WASL, INVS, DCTN4, ROCK1, SSH2, PEAK1, DYRK1A, CAPZB, CAPZA1, NEDD9, DST, RHOA, SDCBP, PARVG, PTK2, ARHGAP26, MAPRE2, KIF16B, PAFAH1B1, RASSF3, SPIRE1, SHTN1, FER, ACTR2, MYH9, P4HB, STIM1, MSN, TMOD3, PFN1, HIP1, CLASP1, SPECC1L, SNCA, EDA, SEPTIN11, SPAST, PLEKHH1, IVNS1ABP, ARHGAP6, CLIP1, SLAIN1, MYO18A, FNBP1, NDEL1, SIPA1L1, CDC42BPB, DOCK2, FGD4, BASP1, PIAS1, CDC42SE2, ARPC3, DEF6, NUDC, ARFGEF2, PTPN14, UACA, AKAP9, GRIN2B, TBCA, EML5, MAPK1, LRRK2, MYO19, AUTS2, FGD3, DISC1, KAZN, ROCK2, DYNC1LI2, TUBA1B, TUBB, ITPKB, CEP295, CTNNA1, PACSIN2, SGCZ, RCC2, GSN, SLC30A9, RAC1, UBR4, TTC17, CD2AP, KLHL5, MTUS2, DIAPH1, MARCKS, ARPC1B, KALRN, RIPK2, CAMSAP1, KIF26B, SEPTIN2, INPP5D, ABL2, LASP1, CLASP2, CLU, TLK2, KLC1, CALCOCO2, CASP8, RDX, ARL13B, STK38L, PPP1R12B, FRMD4B, FKBP4, WASF2, MPRIP, DYNC1I2, EPB41L3, MAP4, TOGARAM1, KRIT1, EPB41L2, CTNNB1, ATXN7, NAV1, ACTB, TLN1, DPYSL2, WIPF2, KIF13B, CLIP2, KANK1, EZR, ARHGDIB, MACF1, BCAS3, STOM, BICD1, PKN2, PRKCE, DNM2, TRIP11, KIF5B, PCM1, LRRFIP1, APPBP2, CCDC6, ARHGAP24, CAMSAP2, MYO1E, EML4, SLAIN2, CORO1C, PGM5, PTPN4, SH3KBP1, ABI1, SEPTIN7, TRIM36, GFAP, LCP1, MYO9B, MARK2, SNTG1, SWAP70, ADD1
GO:0045202	synapse	186	0.058125	1.5816603368560105	4.432397532480005e-11	2.991868334424003e-09	8.524057522736491	8.37723133638721e-08	SRGAP3, LAMA2, QKI, RTN3, ITGB1, FARP1, TRIM9, USP14, RPL7A, PRKN, SAMD4A, ITSN1, RIMS1, SQSTM1, VPS35, YWHAH, RHEB, RPL34, ITPR1, SPG11, SDK1, PDE7B, MBP, EPS15, DLGAP1, ARL8B, ADARB1, RPL37, SORBS2, RGS12, GOPC, PDE10A, WDR1, ABR, TMOD2, EXT1, SSH1, KIDINS220, ERC1, ARPC2, GRIA1, CD53, CNTNAP2, RGS10, LRRTM4, RPL27A, NDFIP1, RPS5, STXBP5, UTRN, DLG1, C1QC, PSEN1, RPL28, MKLN1, SLC1A2, PPA2, PLP1, OPRM1, YWHAG, RAB21, EXOC4, SHISA9, SDCBP, ASIC2, GNG2, HNRNPD, SLC1A3, CACNB4, FMR1, IL1RAP, GABRB3, CPEB3, RPS6KA3, HIP1, DTNA, CASK, SNCA, HNRNPUL1, HTR2C, MACO1, SEPTIN11, SIPA1L1, NLGN4Y, RPS18, ARFGEF2, CACNA1E, PPP3R1, ETV5, OPHN1, HTT, MAPK1, LRRK2, LRP6, DGKI, SLC12A6, PTPRN2, RPS6KB1, UNC13B, DLGAP2, VPS54, SLC8A1, RPS16, KCMF1, PTPRC, KCND2, CACNA1B, GIT2, RPL36, SCAMP1, PPP2CA, SGCZ, YWHAQ, RIMS2, PJA2, RAC1, RPS3, FGF12, CPEB4, MAPK8, GNB4, PPM1H, SEPTIN2, P2RX7, GDI2, RPL13A, CLU, FCHO2, CAPRIN1, SLC38A6, NR3C1, HNRNPF, EMB, RPS6KA1, RPL21, SPART, HNRNPM, TENM2, WASF2, RPS28, RPS6KA2, GRIK2, RTN4, SYAP1, CTNNB1, ACTB, MECP2, ATP2B1, NETO2, AP2B1, CADPS, SYT11, RPL6, RAPGEF2, C1QB, RPS11, PPP2R2A, DNM2, OGT, ATXN3, SYN3, LRRTM3, RPS9, KCNIP1, FBXL20, RPL37A, GNB1, CPEB2, PRKAR2A, CYFIP1, CTBP2, DAAM1, CORO1C, ATG5, RPL13, HNRNPLL, SH3KBP1, GPRIN3, SNX14, TIAM2, EPS8, SNTG1, GLS, C1QA, CACNA1A, SNAP23
GO:0005730	nucleolus	198	0.061875	1.5300877851140458	2.3454285453841735e-10	1.343290894174572e-08	7.871829929211517	4.432859950776088e-07	XPO6, CAMKMT, MTUS1, ARFGEF1, SP100, OLA1, RPS6, RPL7A, NOP58, RPS19, MDN1, XPO1, BAZ2A, NRIP1, ZNF146, TENT4A, CTCF, KDM7A, SIN3A, SPG11, ITPR1, WRN, TMX1, KIF20B, ZNF397, PSIP1, ADARB1, RPS2, TBC1D1, NPM1, RGS12, REV1, ZEB2, CDK8, SENP5, RNF213, OXR1, FBXW7, NUCKS1, ABL1, RPS5, WDR75, HSPA8, TANK, BRWD1, SETX, ELP3, WDR43, C6orf89, MORF4L2, ANP32B, EIPR1, DHX15, DNAJB1, PARP1, ILF3, PUM3, EPC1, ZFP91, RBPJ, FAM133B, SF3B1, NBN, MTDH, G2E3, UCHL5, LRP1, AATF, PPM1D, RESF1, FMR1, HNRNPR, TOP2B, ACTR2, HECTD1, N4BP1, RPS6KA3, SRPK2, NFX1, CASK, ORC4, NSD2, FBXO11, ATM, PRKRIP1, PPP1CB, CDC14B, PARN, HSPA9, SMARCA5, SMAD2, RPS8, RPL3, INTS4, STK24, PRMT2, GPATCH2, ZMAT3, PRKDC, SP140L, PLSCR1, ATXN1, RPS16, SETD7, TOP1, HLTF, RPL36, AOPEP, TAF15, RPS24, NF1, RCC2, CCNY, KDM2B, DDX10, RAC1, RPS3, FGF12, USP36, RNF169, SHQ1, RBM4, DEK, SMG6, NAA50, REV3L, SPATS2L, MOB1B, UTP20, KATNBL1, CDC14A, NCL, RPL13A, NVL, IFI16, RPL9, ZCCHC8, RPL5, ERCC6, STAG2, DROSHA, HNRNPM, ADAR, RPS28, SUZ12, NOL10, XRCC5, MED27, DDX17, KDM5A, BAZ1B, SF3B3, ATXN7, ZMYND8, DHX9, PIK3CB, TRA2A, ZEB1, WDR36, RPAP2, POLA1, MYSM1, KIF2A, YY1AP1, RPS11, SCAF11, STAU2, TSEN15, TNPO1, PSPC1, ZNF800, XRN2, YPEL2, NTRK3, RPS9, CUL2, SPIN1, ZNF106, RPL35, FXR1, CBX5, PRDM1, TRMT1L, ZFC3H1, RPL13, PELI1, TENT4B, UTP18, CHD7, OSBPL3, ZNF655, TAF1, RTF2, PTPN11, MTREX, CRADD, ZCCHC7, KAT6A
GO:0005737	cytoplasm	1522	0.475625	1.5156867844987625	8.873427637636606e-97	8.385389117566592e-94	93.07647677948712	1.6770778235133185e-93	PUM2, GSTCD, CHD9, UBE2K, XPO1, SLF1, MIB1, MOB3B, RGS12, HNRNPK, PTAR1, KPNB1, AFTPH, PSEN1, CACYBP, INVS, OPRM1, CYB5R4, EPC1, BIRC2, HSPD1, SMAD4, SDCBP, PPP2R2D, HERC1, RALGPS2, ACBD6, PPP6R2, WSB1, NSD2, OTULIN, ELMO1, RPTOR, BARD1, DCAF6, SPAG16, DDX1, CPNE1, DENND11, AGAP1, DTNBP1, MSI2, CASP8AP2, HDAC2, SRSF3, SKIL, GNA12, GSN, TRMT11, BLNK, CPEB4, NLRC5, TRIM14, NAA50, SMC5, COMMD1, GBE1, JAK2, UBA6, TRAPPC8, PIK3C2A, RNF115, RPS28, CALM2, STARD9, GUCY1A1, GGNBP2, ZFHX3, CACNA1C, HSP90AB1, OTUD4, KIF13B, RPL6, GLUL, SMG5, USP3, GNAI3, SESN1, OGT, EIF3H, LRRFIP1, APOE, PRKAR2A, PRKAG2, EIF4G3, ATG12, RPLP1, WWC3, PKD2, MARK2, CHCHD3, PITPNC1, HDAC4, THOC2, STEAP3, DCAF8, CNKSR2, INPP5F, TPP2, SPG11, NFAT5, UBE3D, NEDD4L, MAPKAP1, SNX5, MAP4K3, MTMR2, TAOK3, FMNL3, RPS5, ATP2C1, CUL4A, BANP, DCTN4, SSH2, PARP1, CAPZB, CBLB, RBPJ, DTD1, CLOCK, AATF, LRP1, PARP14, UBR2, GUCY1A2, LRCH1, LRRC8D, CALM1, RB1, MALT1, FMNL1, MTOR, LYPLA1, PRKCA, PANK3, STK3, TFEB, CAMK2D, SERPINB6, BASP1, PTTG1IP, ARFGEF2, GRIN2B, CAMK2G, CERT1, ROCK2, ZYG11B, USO1, TOP1, LRRC8C, MAP3K5, DDX10, PJA2, SASH1, GAB3, XPO4, FBXW8, CLASP2, TPD52, PADI2, OPA1, LGALS9, CMIP, PPP4R3B, ITSN2, RPS6KA1, DENND6A, HIPK2, RNF125, RNF19A, RANGAP1, USP10, CTNNB1, ATXN7, EXOC6, RPL35, TTI1, EML4, TNPO3, ENO1, ABCE1, PTPN11, FGGY, QKI, VPS26A, BST2, IKZF1, FARP2, PDPR, OLA1, TTBK2, OAZ1, FRMD4A, THOC1, FUBP3, CSNK1G1, ALOX5, AKT3, TRIO, INTS7, RHOQ, NDFIP1, HSPA8, METTL21A, SAFB2, CGAS, G3BP1, MTM1, EEA1, UBQLN1, UBR5, ARHGEF12, SNX30, SH3BGRL, SPECC1L, SPATS2, UBXN2A, FOXO3, BRD2, PRKACB, IFI44, UGP2, DERA, CEPT1, MTMR14, IFRD1, ECPAS, FNTA, MAPK9, DGKD, ARID4B, NAA16, TRIM24, SNX4, GMDS, STRN, ARHGEF6, SGK3, SEC31A, BRD7, USP25, RPL9, CNOT4, ARPP21, QDPR, SFPQ, FKBP15, LONP2, NSF, XRCC5, EPB41L3, KRIT1, RFFL, MECP2, DYNC1LI1, CCT6A, PIK3CG, ADGRV1, CUL2, PIK3C3, PER1, CPEB2, WDFY2, MYO5A, AAGAB, PELI1, PAK1, BRAF, RAB28, PPP4R2, MCF2L2, AKAP10, MTPN, FNIP2, EIF2AK4, HBS1L, CDC16, TUBGCP3, VPS35, IRF8, DIS3L2, RPSA, LIMS1, PIP5K1A, COPA, RPS2, PDCD6, INO80, CCDC50, WDR1, SSH1, COPB1, ZFAND6, PRMT3, MTF2, PTPN12, PPIG, ANP32B, RNF217, EYA3, SHOC2, USP47, ASB3, RPS6KA5, CUL3, DDX3X, LPP, KCTD20, USP12, HNRNPR, RBFOX1, PFN1, BACH1, WWP2, SFT2D2, LRRC8B, MTMR3, SMAP2, CHKA, DHRS7B, RPL3, GPBP1, CNOT6L, ST13, RREB1, EIF2AK3, RASGRP3, TPR, PTK2B, EHBP1, YWHAQ, PAFAH1B2, ACAD11, DIAPH1, RARS2, UTP20, NPAT, RUNX2, EWSR1, FNIP1, YTHDF3, CALCOCO2, F13A1, METTL16, ANKS1A, RNF144B, HNRNPDL, SYNJ1, ADAR, CHEK2, DYNC1I2, DDX17, KCNIP4, STAT5B, CTNNBL1, PPFIA1, PALD1, MITF, HDAC8, BCAS3, STOM, USP32, IRS2, G3BP2, TRAPPC12, RYBP, TNPO1, LARP1, EXOC1, APPBP2, NCKAP1L, RABGAP1L, STXBP4, FGFR1OP2, FANCL, INPP4A, KRAS, NDUFA10, SWAP70, ITGB1, CAMKMT, FUS, LIMD1, CDK6, TAX1BP1, LRPPRC, ZBTB20, ZFP36L1, TBC1D1, EPG5, SMYD3, UBE2E3, AZIN1, NAP1L4, ARL17A, GLMN, TANK, RPL28, PPARG, CSNK1A1, RYR1, CSE1L, TRAPPC10, HNMT, TRIM38, APPL2, NEDD9, KPNA4, MTDH, G2E3, UBE2N, EMC2, TACC1, NOD1, USP22, ATP1B3, UBE4B, MAP3K2, DYNC2H1, TENT5A, CLEC7A, YWHAZ, SETD2, CAMK1D, IP6K1, PPP1CB, GNA13, FGD4, HPS5, GPI, PTPN14, DPYD, ANKIB1, TUT7, NAA15, SKAP2, ATXN1, KCMF1, PDCD10, SAMD9L, PPP6R3, CEP295, PTPN18, RBM47, RNF220, KALRN, RIPK2, RAB31, USP40, IFI16, HLCS, NR3C1, MVB12B, DEPDC5, ATE1, CAND1, DPYSL2, MOB1A, URGCP, LAMP1, SMAD5, EZR, RNF150, CUL5, KPNA1, CTSC, NGLY1, CCNI, CAMSAP2, PRKD3, FXR1, CYFIP1, TNKS2, SLC30A7, ASAH1, ADK, TRIM44, RAPGEF1, REPS1, LCP1, TANGO2, TDRD7, NFKB1, RPS6, HERC2, RAB12, FAM20B, RPL34, PMM2, GLUD1, BAG3, USP33, RPS6KC1, PLCG2, HPRT1, FBXL4, MRPS27, TBC1D4, SLFN11, SEC22A, TBC1D2B, STX16, SETX, ALG13, VTI1A, RHOA, SMG7, REL, ARHGEF10L, DNMT3A, ACTR2, LYST, ATM, PABPC1, CELF2, PARN, LYPLAL1, DOCK2, ARHGAP22, LBR, ARAP1, RPS6KB1, CTPS2, CLIC2, TUBB, FBXO9, CDK17, RNF13, LRRC1, MBNL1, ZRANB1, RAC1, TM9SF2, PPHLN1, CCT4, PKNOX1, MSRA, GDI2, ATP6V0A1, NUDCD3, ZBTB7A, STRADA, DIP2B, MYO1F, NAP1L1, ATP6AP2, AIDA, PIK3CB, SERTAD2, PPA1, RCAN1, ZC3H14, ANAPC10, MAP3K4, NSUN6, RASA1, RECQL, RFWD3, NTRK3, GNB1, PHYHIPL, ZNRF2, CCDC88A, ZFR, NSMAF, SNTG1, CRADD, LRCH3, ADD1, PPP4R3A, HNRNPU, TRIM9, USP14, ZFYVE16, MDN1, VPS29, NUAK1, CYBA, CDC42, ZNF397, WDR26, SESN3, ASPH, PPP4R1, ACTR3, NCK1, RPS29, ADGRG6, ABL1, PLCL2, TPM4, TRAPPC9, ADAM10, SERGEF, BCL2, PTGES3, EXOC4, USP15, PTK2, PTPRE, SUFU, HIPK1, SNX9, MYH9, RASA2, EP300, GLB1, ANKRD17, CARD11, RC3H1, CALR, STXBP5L, GPCPD1, PHACTR4, STK24, COP1, DISC1, UNC13B, LITAF, ZNF717, VTA1, EEF1AKMT2, AHCYL2, NT5C3A, SYNCRIP, KIF26B, PI4KA, PDE4A, AHCYL1, PARP9, AKAP13, DDX42, SLC23A2, DROSHA, PPP1R12B, STK38L, BCLAF1, CEP192, CYTH1, VPS4B, TIGAR, IBTK, EIF2A, CLIP2, ARRDC2, TBC1D15, PRKCE, KIF5B, HELZ, BPTF, FNDC3A, TAOK1, TRIM36, MFF, MTUS1, RPLP2, KBTBD2, NR3C2, OXSR1, ARRB2, PRKN, NT5C2, SIK3, SQSTM1, DNAJC5, SREBF2, C10orf90, TSC1, CAMTA1, RB1CC1, ARL8B, ADARB1, RASSF2, GOPC, PECAM1, GDAP1, SLA, DOCK10, SMURF1, C6orf89, NEK1, PLEKHA1, DNAJB1, SPOPL, WDR20, TBCK, SUCO, ZNF638, MAPRE2, PARVG, ARHGAP26, CPEB3, SRPK2, DTNA, RNF216, PCBP2, PPP2R3C, CAB39, FAF1, MTAP, IL15, SAMSN1, BCL2L1, PLEKHA2, SNX19, DPP8, YWHAB, DDX3Y, AOPEP, GOLGA3, FAM110B, TPT1, RMDN1, TNFAIP8, PDZD2, EPM2A, ATXN10, NCL, EEFSEC, TRAPPC11, ARHGEF9, NEK7, PPP2R5E, RPL21, PLAGL1, CDKL1, XRCC4, EIF3A, CHD4, PTEN, RHOBTB3, CPSF7, GAS7, GATM, GCC2, MEF2C, YY1AP1, FHIT, STAU2, FBXL20, SH3GLB1, IPO8, STIP1, KCNAB1, TRAK2, CA5B, IL10RA, ZFAND5, TIAL1, CYBB, CDK5RAP2, RNF2, TRIM56, OTULINL, PSTPIP2, SMAP1, ARID3A, ILRUN, TMF1, EPS15, FIGN, METTL8, UBE2B, XRN1, FBXO38, KSR1, PXK, HOOK3, PRKCD, ARMH3, ATG4C, PSMA1, UTRN, RHBDF2, RGS18, ROCK1, EIF2AK2, ARIH1, DST, NSFL1C, UCHL5, CHD1, STRBP, UCHL3, ATF7, FER, NUFIP2, ANP32A, FNBP1, MAP3K7, TBCA, HTT, MAPK1, IQGAP1, XRRA1, GRK3, PIP4K2A, RAD23B, RPS16, KMT2E, PRKCH, AGTPBP1, PARP4, KLHL5, MARCKS, CTNND1, UBA3, CLU, CAPRIN1, GSDME, DCAF5, VPS39, ARHGAP5, MTMR1, SYAP1, USP7, TBC1D5, BRCA1, USP4, RCBTB1, TASP1, SYK, MARK3, RPS9, CCDC6, PAK2, TGFB1, DAZAP1, RPL13, ACOT11, HIF1A, PAN3, SLC2A13, PTPN9, FOXO1, TTC7A, MRE11, HERC3, APPL1, UPF2, CAP1, AP1S2, SRPK1, TENT4A, JAK1, WRN, PSMF1, CFL1, SENP7, ULK2, SETDB2, CYLD, HSPB1, IFNGR2, ADAM17, CUL1, DNM1L, ERC1, SBF2, RABGAP1, GCA, HMBOX1, APC, TENM4, RAPGEF6, RNF130, WTAP, CDYL, POLD3, MAP2K1, AKAP7, HDLBP, SNX2, PAPOLA, MTMR9, ILKAP, SCFD1, HSD17B11, SDCCAG8, RYK, LRRC7, CCND3, APAF1, ATG7, FMN1, ACSL4, PLD1, IPMK, GNAI2, ARHGAP6, SLC38A2, CDC42BPB, SPATA13, DEF6, FTL, INTS4, HUWE1, PRMT2, TRIP4, UNK, AGO3, MYO19, DGKB, IFI44L, DOCK1, ARHGAP15, TMEM131L, RO60, CD74, PACSIN2, CREBBP, RPS3, NBPF1, FGF12, MTUS2, CREBRF, PRPSAP1, PTPRM, LASP1, ATP6V1A, HPGDS, SPART, IQGAP2, PCF11, GRM5, ZNF706, RMND5A, BMI1, DHX9, TLN1, RAP1GAP2, RPAP2, DCUN1D1, DNM2, DOCK8, TRAF3, PCMTD1, ARHGAP35, RIN2, PRDM1, DDI2, PTPN4, ATXN2, SH3KBP1, ABI1, RANBP9, MAGI1, TUT4, SNAP23, TCF12, PPP2R5A, SNX3, NBAS, CCT8, SIMC1, XIAP, FCHSD2, DIDO1, RAB2A, CPPED1, STRN3, PNPT1, RPL37, FAM120A, PAIP2, ERBIN, ARHGEF7, ANKFY1, FBXW7, ARHGAP17, DCAF7, AP1G1, PPA2, ARMC8, CMPK1, DUSP10, YWHAG, KPNA3, AGO4, NMT1, SPRED1, HNRNPD, UBAP1, SHMT1, FMNL2, TSNAX, PAFAH1B1, NLK, ZMIZ1, CDC27, CLINT1, TMPO, GALM, FGF14, VPS13C, STAU1, ELP4, ANAPC16, SMURF2, DDX6, FYB1, VRK1, AKAP9, GAB1, HCLS1, LRRK2, WDR37, FGD3, ARHGAP32, COMMD10, TUBA1B, UCK2, VPS37B, UBR4, CELF1, FOXK1, SPATS2L, PPM1H, GBF1, IPO7, HNRNPA2B1, KLHL24, SND1, GRAMD2B, STAT3, PTP4A2, RPL5, YTHDC2, PLA2G4A, SETD3, RPS6KA2, NFATC2IP, MTMR10, ATP8B4, CMTR2, TNKS, VAV1, GAB2, ETF1, CLMN, MYSM1, KIF2A, LPGAT1, CAST, ATXN3, ARHGAP12, MYO1E, AQP4, ATG5, TRIM26, TAB2, SMARCC1, AHCTF1, CDC5L, RBM27, MPHOSPH8, ARFGEF1, PPP1R12A, LILRB1, DYNC1H1, RAB3GAP2, YWHAH, RBM25, GALK2, KPNA5, KIF20B, DCP2, HPS3, FARS2, SYT1, NFATC2, STK38, RNF213, XPO7, RPL27A, TLR4, ELP2, NDUFAF6, RALGAPA1, DACH1, KHDRBS1, VAPB, ROBO1, DNAJA1, PUM1, ITPR2, SPOP, ABHD12, ZFP36L2, LRRK1, KIF16B, FMR1, POGZ, MRTFA, CASK, ORC4, EIF4A1, SPAST, FNDC3B, CLIP1, WNK1, MYO18A, KYNU, TRIM37, RPS18, UACA, FTO, DGKI, NCOA2, FBXL17, KAZN, NOTCH2, FAM114A1, CTNNA1, HLTF, TAF15, RPS24, NF1, TTC17, CD2AP, USP36, ACVR2A, NAA35, TXNIP, RPLP0, RBX1, MAD1L1, KLHL8, RUFY1, RPL13A, FCHO2, HSPH1, ARRB1, RPL17, STK10, STK4, LPAR1, CNTRL, FRMD4B, IRF2BP2, UBE3A, RAF1, XAF1, KAT2B, ARHGAP18, FARSB, RAPGEF2, NIBAN1, CBL, HIPK3, GNAL, NUMB, CPQ, TTC1, WDR11, OSBPL1A, PHLPP1, DICER1, DDHD1, STAM, BCAT1, MAP3K14, DOCK4, SCP2, RPL7A, SAMD4A, MIOS, ITSN1, SNX1, STAT1, MTR, FBXW11, MBNL2, PHF14, FCHO1, RSRC1, HAT1, ADD3, RGS7, IREB2, WDR41, DHX36, UBE4A, GNAQ, PIK3R1, STXBP5, DLG1, BRWD1, SMG1, PANK2, ZNF804A, RAP1A, AFDN, ANKS1B, SOS1, SYNRG, RPS6KA3, MSN, ACAP2, CAMK4, DENR, IVNS1ABP, SLMAP, ADCY2, CDC14B, HSPA9, DHFR, AK3, RABGEF1, ERCC6L2, HSPBAP1, PPP3CA, EHD4, FAM193A, CSDE1, UBR3, ESR1, SHQ1, RIN3, DDX60L, CASP8, USP8, ZCCHC2, NCOA3, STAM2, ACTN4, WWOX, CEP57, SCAF8, ATF2, WDR7, PRKAA1, CKAP5, KANK1, MACF1, PITPNB, PTPN2, SNX10, PSPC1, ABI3, USP48, PPP3CC, ARNT, DIS3L, CSNK1G3, LYN, ATP6V1B2, TDRD3, TIAM2, AGO2, PCMT1, XPO6, C9orf72, MFHAS1, RPS19, RAB3GAP1, CD163, LSM14A, DNAJB6, MAPK14, ITPR1, NASP, HSP90AA1, PIK3CA, SOD2, PLEKHM3, MAP4K5, WASL, ELP3, ALMS1, TENT2, HECA, NAMPT, EPN2, SPRED2, IPO9, DDX39B, WDFY3, DCP1A, ATG10, SRSF10, CDK19, FOXK2, PKM, ARFGAP3, NUDC, CNOT6, BTBD1, GRIP1, MAP3K20, SPAG9, CNOT2, CARD8, RPL36, AKAP11, MAPK8, RBM4, MOB1B, EGLN1, GNB4, ANXA5, KDM3A, LATS1, AFG1L, MED15, CNDP2, PEX5L, USP9Y, UBR1, SLK, DYM, OSTF1, KIF13A, EIF2B3, ZMYND8, ACTB, KLHL6, SYT11, ARHGDIB, PRNP, PCM1, RPL37A, GRK5, UVRAG, UXS1, AVL9, SEPTIN7, ZNF655, MIER1, ANKHD1, SP100, MBNL3, ARPC5, BTRC, TTF2, WAPL, PDE7A, PRKCB, IFT80, CLPB, PCSK7, PIK3R5, LAP3, ARHGEF11, PPP3CB, COTL1, MYCBP2, HMGB1, ACADM, NUCKS1, UBA2, YWHAE, PARG, NEK6, POLB, TPRG1, DYRK1A, ILF3, CCND1, NAA25, CRK, EIF3E, UBE2W, RCBTB2, RPL18, SSBP2, SOX6, RASSF3, FUBP1, SHTN1, ITGB3BP, MAF, HIP1, ETNK1, RANBP3, ZC3HAV1, EIF2S3, CHPT1, RPS8, MAGED1, DNAJC3, OPHN1, GIGYF2, PDCD6IP, PLEKHO1, TTLL5, RALGAPA2, IDE, IRAK3, SEPTIN2, INPP5D, P2RX7, PIK3AP1, HDAC9, DUSP22, CXADR, GNAS, URI1, RBM33, ARL5A, FKBP4, FEZ2, WWP1, BMP2K, PREP, ERAP2, NIN, WWC2, ITPRID2, PKN2, RPS11, RNF111, BLOC1S6, KCNIP1, STARD13, API5, SACS, TENT4B, SEPTIN6, GFAP, STX17, MYO9B, SLC11A2, APBA1, HERC4, CACNA1A, TET3, ARAP2, FANCC, HSPA4, PIBF1, USP9X, NRP1, SPECC1, FRS2, NPM1, RABEP1, CRBN, FAF2, NDC1, CABLES1, FNBP1L, GPHN, CCDC125, MKLN1, DESI2, GSK3B, NEK9, FKBP5, ARIH2, BBS9, PABPC4, SRGAP2, SUGT1, DOCK5, TMBIM6, SNCA, FBXO11, UBA52, HACE1, SERBP1, TTC3, ITCH, IKBKB, IPO11, TNFSF13B, SMAD2, SNX6, EXOC5, UFL1, CEP290, CFLAR, SP140L, PLSCR1, CYTIP, VPS54, ITPKB, AGFG1, GSPT1, PPP2CA, SIK2, KIZ, CNTLN, RUFY3, FAM111A, SMG6, ASAP1, LPXN, PURA, MAP2K4, CDC14A, CERK, SLC39A11, MAGI3, LCP2, KLC1, CPSF6, STAT6, VWA8, TBK1, KNTC1, NKTR, GRB2, KLHDC10, BABAM2, MAP4K4, NFATC3, MCF2L, SENP6, MBD2, EFCAB11, KCNQ1, VRK2, MYO1D, NPEPPS, DAAM1, GTF2I, NFE2L2, TRAK1, UBAP2, HSPA1A
GO:0000785	chromatin	269	0.0840625	1.5070526000870321	7.57046124820946e-13	7.530616715324146e-11	10.123169456057633	1.430817175911588e-09	SMARCA2, FANCC, RFX7, AHCTF1, FOXO1, PIAS2, RNF2, TCF7L2, TCF12, MGA, ELF1, MPHOSPH8, ADNP, HDAC4, NFKB1, NR3C2, ARID2, MSL2, SRPK1, PDS5A, CHD8, WAPL, CHD6, SETD5, IRF8, HBP1, NRIP1, STAT1, SREBF2, ELK4, SIN3A, CREB5, E2F3, NFAT5, NASP, ATF6, RPA2, PDS5B, PHF14, BNC2, CREB1, KDM4B, HNRNPK, ZEB2, UBE2B, NR2C2, HAT1, TNRC18, BBX, CREB3L2, KDM1B, NFATC2, HMBOX1, RUNX1, IRF2, PBX3, NSD1, YY1, NAP1L4, NUCKS1, SOX5, ZC3H6, SP4, FOXP2, PPARG, PPARD, ZFY, WDR43, PHC2, ST18, PARP1, TRIM33, NFIA, EIF3E, FOXN3, RBPJ, SMAD4, UBR5, SF3B1, CLOCK, ELF2, HNRNPD, REL, POU2F1, SOX6, CHD1, UBR2, PPARA, SLF2, TRIM66, PHC3, ZMIZ1, ATF7, ARID1A, POGZ, NFIX, AEBP2, SHLD2, FER, RB1, GLYR1, MAF, PCGF5, MAX, SRPK2, NFX1, RBBP4, RSF1, TMPO, TRPS1, ELK3, BICRAL, EP300, NCOR2, BACH1, NSD2, ANKRD17, NCOR1, FLI1, TFEB, FOXK2, BRD4, HMGN3, BASP1, PIAS1, FOXO3, NIPBL, SMARCA5, STAG1, VRK1, BRD2, SMAD2, JUND, MAGED1, NFIC, ETV5, BAZ2B, ZBTB16, ZHX2, NCOA2, SMC3, AUTS2, FOXP1, PRKDC, SS18, KAT6B, TCF4, HDAC2, ZBTB46, KMT2E, TSHZ1, JDP2, PPP2CA, HLTF, THRB, RIF1, ZBTB37, KDM2B, KLF12, CREBBP, KDM5D, TRIM24, TFCP2, ORC2, INTS6, HDX, KDM3B, BHLHE41, ESR1, FOXK1, FAM111A, EHMT1, PPHLN1, KLF3, JAK2, YAF2, KLF7, KDM3A, PKNOX1, RBL1, RUNX2, BRD7, NSD3, CREBL2, MEF2A, HLCS, STAT3, ARRB1, NR3C1, GATAD2B, SMARCAD1, ZNF618, JARID2, PPP4R3B, SFPQ, CEBPD, ETV6, STAT6, ARID1B, TEAD1, STAG2, MYT1L, SETD3, NAP1L1, HNRNPDL, NCOA3, SP3, NR2C1, CHD4, ORC3, CSNK2A1, NR6A1, STAT5B, NFYC, MORC3, FOXN2, KDM5A, BAZ1B, NCOA1, BMI1, ZFHX3, RAD21, ZMYND8, ACTB, MECP2, KAT2B, ATF2, PBRM1, ZEB1, PRKAA1, CHD2, POLA1, SMAD5, NFATC3, MITF, MEF2C, USP3, RYBP, MBD2, CBX3, FOXJ3, HNRNPC, ZHX3, ORC5, CUX1, ATF1, MXI1, SPIN1, NFXL1, TASOR2, BPTF, SPI1, NFIB, ARNT, IST1, UBP1, JMJD1C, RFX3, FANCL, NFE2L2, KDM4C, TFEC, HIF1A, SHLD1, CHD7, TAF1, PPP4R2, SMARCC1, KAT6A
GO:0005783	endoplasmic reticulum	272	0.085	1.4615317195325543	1.7081722059685378e-11	1.2913781877122146e-09	8.888946553408129	3.2284454692805366e-08	HACD3, RTN3, ATL3, SELENOT, SCP2, TOR1AIP2, TMEM30A, NBAS, YIPF4, RPS6, PRKN, MAN1A1, SPTLC1, RAB3GAP1, SSR1, SQSTM1, RAB3GAP2, DSE, SREBF2, MLEC, RPL34, ITPR1, PSMF1, SPG11, STT3B, TMF1, PEX3, TMX1, HLA-B, ATF6, UBXN4, IFNGR2, SAMD8, PNPLA6, GLUD1, PDCD6, DNM1L, EXT1, BCAP29, CREB3L2, MAPKAP1, ASPH, KSR1, GRIA1, NCK1, FAF2, PRKCD, RPS29, HMGB1, HM13, TRAM1, UGGT2, RPL27A, SORL1, YWHAE, RPS5, NDFIP1, SLC10A7, DLG1, ATP2C1, PSEN1, RPL28, STX16, VAPB, SCAPER, ATL2, VPS13A, PCYT1A, TRAPPC9, WLS, SEC23A, OPRM1, MAP2K1, MAN1A2, CYB5R4, APOC1, HDLBP, BCL2, UGGT1, PUM3, UBQLN1, RICTOR, ANKRD13C, HSD17B12, MTMR9, ITPR2, MTDH, RPL18, SEL1L, LNPK, SEC24D, HSD17B11, EMC2, MS4A4A, TMEM33, LMAN1, ATP1A1, P3H2, SGPP1, GRAMD1B, DNAJC1, OSBPL8, P4HB, STIM1, ACSL3, ZDHHC20, ACSL4, SEC63, TMTC2, CERS6, TMBIM6, RRBP1, CDS2, MTOR, ATP10D, UBAC2, STAU1, SPAST, HACE1, ANP32A, LYPLA1, PRKCA, WASHC5, LDAH, KTN1, CALR, ACSL1, LCLAT1, TMEM117, UBXN2A, B3GALNT2, RPS8, FAF1, ZDHHC14, UFL1, DNAJB14, RPN2, DNAJC3, CTSZ, HTT, BCL2L1, PACS2, LRRK2, EIF2AK3, ECPAS, DTNBP1, CERT1, EHD4, LRP6, GIGYF2, RPS16, USO1, REEP5, ITPKB, TMEM131L, RNF13, TAPBP, ATP11A, INSIG2, SOAT1, CDKAL1, MON2, TMED10, STX8, ATG2B, UBE2G2, LRRC8C, RPS24, TAB3, MAP3K5, CD74, SLC30A9, SARAF, PHTF2, STIM2, RPS3, TBXAS1, ADPGK, AGPAT5, CPEB4, NT5C3A, SYNCRIP, AGPAT3, CCDC47, RIPK2, STX18, SEC31A, UBXN2B, PDZD2, USP25, SGMS1, VKORC1L1, CLEC2D, TPD52, CLU, AHCYL1, BNIP3L, DOP1A, SIL1, VAPA, RPL9, ELOVL5, RPL17, RPL5, RNF115, LPCAT2, YTHDC2, MAGT1, RPL21, ERGIC1, PLA2G4A, TENM2, HACD4, MGST3, ERO1A, RTN4, EDEM3, KCNIP4, PDIA3, AHSA1, SPCS3, ZDHHC2, P4HA1, NPC2, ATP11C, CPED1, ERAP2, SEC62, TMX3, RAB1A, LPGAT1, CAST, SEC24B, STOM, PRKCE, MIA2, EXT2, VMP1, STAU2, PRNP, RHBDD1, ANKLE2, PTPN2, SNX10, ATP11B, RAP1GDS1, KCNQ1, VRK2, APOE, DNAJC10, CPQ, FDFT1, HSP90B1, ATP2A2, UVRAG, MYO5A, PPT1, HACD2, ASAH1, SACM1L, PDE3B, RPL13, RPLP1, ABI1, WDFY4, CANX, PKD2, MBOAT7, CCDC88A, TMCC3, MGAT4A, HSPA1A
GO:0070062	extracellular exosome	466	0.145625	1.4575944484936834	3.216884599241497e-19	6.755457658407142e-17	16.17034522372736	6.079911892566429e-16	CD55, CDK5RAP2, ITGB1, GSTCD, RHOG, RHEB, TAX1BP1, SLC44A1, DUT, HLA-B, MYOF, FGL2, HNRNPK, KPNB1, PRKCD, DHX36, GNAQ, PSMA1, UTRN, DLG1, RPL28, CACYBP, RYR1, CSE1L, WLS, MAN1A2, RAB22A, HNMT, HLA-E, UGGT1, APPL2, HSPD1, RAP1A, TF, SDCBP, UBE2N, ITGAM, CTSH, ITGAV, SERINC5, MSN, ATP1B3, CAMK4, DYNC2H1, YWHAZ, UBE2D2, PPP1CB, GNA13, HSPA9, MGAT5, CPNE1, GPI, EML5, RAB8B, IQGAP1, EHD4, RPS16, PDCD10, RAB6A, PRKCH, GSN, PARP4, RIMS2, GALNT7, ANO6, NAA50, MARCKS, KALRN, CTNND1, GBE1, MGAT1, CLU, PIK3C2A, MVB12B, GLG1, INSR, WASF2, RPS28, SCARB2, NCOA3, TXNDC16, ACTN4, PPM1L, SYAP1, ITGB2, CAND1, NPC2, ATP2B1, HSP90AB1, DPYSL2, MOB1A, LAMP1, GLUL, EZR, SPPL2A, SNX18, ARSB, GNAI3, MARK3, EIF3H, RPS9, APOE, CTSC, PRKAR2A, CYFIP1, ASAH1, IST1, ACOT11, LYN, ATP6V1B2, PKD2, LCP1, DNAJC13, TIAM2, STXBP3, NAPG, CHCHD3, AGO2, RNASET2, PCMT1, PLPP1, CD46, APPL1, CAP1, TSPAN3, RPS19, MAN1A1, RAB3GAP1, JADE2, CNKSR2, RPL34, CREB5, CFL1, RSU1, HSP90AA1, RPE, HSPB1, ATP6V0C, NEDD4L, PLCG2, SOD2, MTMR2, GCA, HPRT1, ST3GAL6, RPS5, GPR155, NUMA1, TGFBI, WASL, MBD5, CAPZB, CAPZA1, UBL3, RHOA, NAMPT, GNG2, ATP1A1, APAF1, P4HB, ACTR2, ATAD2, ACSL4, FMNL1, GNAI2, PDE8A, PABPC1, LYPLA1, PRKCA, RAP1B, PGK1, CDC42BPB, DOCK2, SERPINB6, BASP1, PKM, PTTG1IP, HEXA, FTL, RFC1, THRAP3, HUWE1, IQCB1, SPAG9, FAM168B, TUBB, HLA-DRA, PTPRC, CD74, PACSIN2, FLOT2, RAC1, RPS3, DAAM2, TM9SF2, MOB1B, SSBP1, GNB4, PILRA, CCT4, ANXA5, MSRA, GDI2, ALCAM, PADI2, RAB7A, ATP6V1A, APLP2, ATP6V0A1, ITSN2, CNDP2, RDX, DIP2B, IQGAP2, SLK, SLC7A5, ST3GAL1, PDIA3, ATP6AP2, AHSA1, RAB10, CTNNB1, FCGBP, ACTB, TLN1, PPA1, ARHGDIB, EXT2, PRNP, DNM2, RPL37A, GNB1, UXS1, VPS50, NRF1, ENO1, ABI1, CANX, SEPTIN7, EPS8, TUT4, SNAP23, BST2, PDGFC, SNX3, CCT8, USP14, OLA1, C3, ARPC5, PRKCB, ITGB8, TPM3, CD81, CDC42, RAB2A, LAP3, ITGB5, HEXB, COTL1, ATRN, ANKFY1, CD53, ACTR3, RHOQ, RPS29, CAPZA2, SORL1, YWHAE, HSPA8, SAFB2, TPM4, CHMP3, LIFR, ADAM10, CMPK1, YWHAG, EEA1, SIRPA, CRK, EIF3E, SHMT1, CD47, PAFAH1B1, SNX9, ARHGEF12, LMAN1, SLC15A2, MYH9, SH3BGRL, GLB1, CD86, GALM, VPS13C, STAU1, TTYH3, CARD11, PRKRIP1, EIF2S3, ITFG1, CALR, RPS8, PRKACB, UGP2, DOP1B, STK24, DNAJC3, CTSZ, LUZP1, LRRK2, PDCD6IP, VTA1, VPS37B, PSAP, NAA16, RAB14, ERP44, IDE, HLA-DRB1, GMDS, ARPC1B, SEPTIN2, PI4KA, HNRNPA2B1, AHCYL1, SND1, ADAM9, QDPR, RPL5, GNAS, STX7, FKBP4, PTPRJ, RALA, WWP1, VPS4B, RAB1A, SLC20A2, SELENOP, RPS11, IL6ST, UBE2D3, IGF2R, RAP1GDS1, CCT6A, HNRNPC, ADGRV1, MYO1E, CYBRD1, BPTF, RAB27A, MYO5A, VPS13D, TAOK1, AHCTF1, HSPA4, RPLP2, HBS1L, OXSR1, SQSTM1, DYNC1H1, VPS35, FUT8, YWHAH, RPSA, RBMX, COPA, ARL8B, RPS2, PDCD6, PECAM1, WDR1, LAMP2, ARPC2, DOCK10, CPM, GPRC5B, SMURF1, ANP32B, DNAJA1, PLEKHA1, DNAJB1, FKBP5, ALDH2, RAB21, B4GALT1, ARL15, CUL3, DDX3X, SUCLA2, TCP1, PFN1, ATP6V1C1, SPEN, EIF4A1, SCAMP2, WWP2, SFT2D2, UBA52, SPAST, NAGK, PCBP2, CPNE8, SERBP1, ITCH, CAB39, ARPC3, NIPBL, RPS18, RPL3, UACA, MTAP, CPVL, ZNHIT6, ST13, CLTC, RREB1, PLSCR1, YWHAB, SMS, HLA-DRB5, TAB3, MON2, PPP2CA, YWHAQ, TPT1, CNTLN, CD2AP, PAFAH1B2, RPLP0, LY75, MAN2A1, PTPRA, ITM2B, NCL, HSPH1, STK10, TM7SF3, HNRNPM, CDKL1, RHOBTB3, ATP6V1H, A2M, EPB41L2, GRB2, GATM, NIBAN1, STOM, GNAL, CAPN7, TNPO1, CPQ, HSP90B1, WNT5A, UBE2G1, PPT1, MYO1D, NCKAP1L, NPEPPS, OSBPL1A, DICER1, STXBP4, AXL, TPP1, MGAT4A, HSPA1A
GO:0005634	nucleus	1438	0.449375	1.4502076805577315	4.050098419686681e-73	1.9136715033019565e-70	69.7181326102098	7.654686013207827e-70	CHD9, UBE2K, XPO1, SLF1, USP37, MOB3B, RPA2, RGS12, HNRNPK, NR2C2, KPNB1, OXR1, IWS1, PSEN1, CACYBP, INVS, EPC1, BIRC2, SMAD4, SDCBP, ACBD6, PPP6R2, MCM9, ELK3, NSD2, BARD1, DCAF6, DDX1, CPNE1, ZHX2, DTNBP1, RBM17, KAT6B, CASP8AP2, HDAC2, SRSF3, SKIL, GSN, CPEB4, NLRC5, TRIM14, NAA50, SMC5, COMMD1, JAK2, UBA6, ANKRD12, PIK3C2A, RNF115, SARNP, PHF21A, ZNF277, GON4L, NFYC, CALM2, STARD9, GGNBP2, ZFHX3, HSP90AB1, OTUD4, ZMYM2, RPL6, GLUL, SMG5, USP3, SESN1, OGT, LRRFIP1, APOE, NFXL1, PRKAG2, TARBP1, JMJD1C, CHCHD3, PITPNC1, PAPOLG, ZGRF1, HDAC4, THOC2, DCAF8, TPP2, SPG11, NFAT5, RPA1, UBE3D, TNRC18, MAPKAP1, MTMR2, RUNX1, ZNF100, CUL4A, PPARD, BANP, DCTN4, HMG20A, PARP1, PTBP3, RBPJ, DTD1, NBN, CLOCK, AATF, LRP1, PARP14, SLF2, UBR2, TRIM66, ZBTB38, CALM1, RB1, MALT1, ZNF236, GLYR1, PCGF5, ZSCAN5A, MTOR, CIITA, PRKCA, PANK3, STK3, TFEB, CAMK2D, SERPINB6, BASP1, BTBD3, PTTG1IP, FIP1L1, PPM1A, THRAP3, RFC1, ZNF33A, BAZ2B, PRKDC, ROCK2, NSRP1, TCF4, TOP1, DDX10, RCOR1, XPO4, PADI2, LUC7L3, LGALS9, CMIP, FRA10AC1, PPP4R3B, RPS6KA1, ERCC6, ZNF536, RPS4Y1, HIPK2, CHFR, RANGAP1, PAXBP1, USP10, CTNNB1, ARID5B, ATXN7, ZNF451, INTS10, ORC5, TTI1, NFIB, DDX46, ZFC3H1, ENO1, PTPN11, CDK13, RFX7, QKI, PIAS2, IKZF1, OLA1, TTBK2, OAZ1, THOC1, FUBP3, HCK, ZMYM6, CSNK1G1, ALOX5, BBX, KDM1B, AKT3, INTS7, HSPA8, SAFB2, SREK1, CGAS, TBL1X, G3BP1, UBQLN1, UBR5, BTAF1, WAC, RCOR3, NFX1, SH3BGRL, TRPS1, TOPBP1, ZC3H13, UBXN2A, FOXO3, BRD2, PRKACB, UGP2, MLLT10, DERA, USP31, IFRD1, ECPAS, AUTS2, MAPK9, DGKD, RNPC3, ARID4B, NAA16, TRIM24, ZNF438, YAF2, ZBTB1, BRD7, USP25, CREBL2, RPL9, CNOT4, TCEA1, SFPQ, LONP2, TENM2, CSNK2A1, ZNF609, XRCC5, NR6A1, NUP42, MECP2, ZMYND11, ZNF66, UBE2D3, CBX3, CUX1, CUL2, PER1, CPEB2, MCMBP, PELI1, CBFA2T2, BRAF, RAB28, PPP4R2, MTPN, EIF2AK4, CDK12, ELF1, ARID4A, ARID2, CDC16, KDM6A, HBP1, IRF8, RPSA, RBMX, PIP5K1A, RPS2, SORBS2, ZNF507, PDCD6, INO80, ZNF148, ARPC2, ZNF608, PRMT3, MTF2, PTPN12, PPIG, ATRX, ANP32B, EYA3, SHOC2, USP47, RPS6KA5, CUL3, DDX3X, LPP, PPM1D, USP12, HNRNPR, SHLD2, RBFOX1, PFN1, BACH1, WWP2, KANSL1, LIN52, TRIP12, BRD4, NCOA6, RPL3, GPBP1, CNOT6L, TCF20, RREB1, EIF2AK3, TPR, ZMAT3, PTK2B, EMSY, YWHAQ, KDM5D, HDX, RNF169, ACAD11, DIAPH1, NPAT, RUNX2, SGMS1, EWSR1, ZCCHC8, CALCOCO2, SMARCAD1, METTL16, ZNF518A, EED, CNOT1, HNRNPDL, ADAR, SUZ12, CHEK2, DDX17, STAT5B, CTNNBL1, NCOA1, SLTM, BRWD3, SUPT3H, PALD1, MITF, HDAC8, BCAS3, TRAPPC12, RYBP, TNPO1, APPBP2, HSP90B1, CCNL1, RABGAP1L, FANCL, HP1BP3, OSBPL3, INPP4A, SWAP70, PSMD1, CAMKMT, TCF7L2, ZNF708, FUS, CSTF3, GPBP1L1, BAZ2A, LIMD1, CDK6, LRPPRC, ZBTB20, ZFP36L1, ATF7IP, TBC1D1, SMYD3, SFMBT2, UIMC1, UBE2E3, AZIN1, ZNF592, RBM5, NAP1L4, SSBP3, PPARG, CSNK1A1, CSE1L, APPL2, ZNF652, NEDD9, KPNA4, SPIDR, MTDH, G2E3, UBE2N, TACC1, ARID1A, USP22, UBE4B, MAP3K2, HNRNPUL1, YWHAZ, SETD2, CAMK1D, IP6K1, OFD1, PPP1CB, GNA13, SRFBP1, PTPN14, NFIC, TUT7, FOXP1, NAA15, ATXN1, PPP6R3, PTPN18, RBM47, RNF220, WDR70, REV3L, EIF4B, UBE2F, KLF3, ICE2, USP40, IFI16, NR3C1, POLR2B, STAG2, MVB12B, PWWP2A, ATE1, CAND1, MOB1A, TRA2A, URGCP, SMAD5, CUL5, ZNF141, KPNA1, NGLY1, CCNI, FXR1, TNKS2, ASAH1, ADK, USP34, ZNF326, TFEC, TASOR, NFKB1, RPS6, HERC2, CHD8, ZNF782, CREB5, PSIP1, BAG3, BCL2L13, FBXL4, SLFN11, TCERG1, HMGXB4, SETX, CEP350, ZNF385B, MED13, RSBN1L, ZFP91, PTMA, RHOA, SMG7, REL, PSME4, DNMT3A, TOP2B, ACTR2, PPP2R5C, TRERF1, MACO1, ATM, PABPC1, CELF2, PARN, UHMK1, ETV5, ARHGAP22, LBR, RPS6KB1, CTPS2, CLIC2, TUBB, CDK17, JDP2, MBNL1, ZRANB1, RAC1, PPHLN1, PKNOX1, MSRA, ZBTB44, ZBTB7A, STRADA, DIP2B, MYT1L, NAP1L1, KMT5B, SP3, NOL10, PDIA3, KDM5A, VGLL4, MORF4L1, USP24, PIK3CB, SERTAD2, ZEB1, RCAN1, ZC3H14, PICALM, RECQL, ZNF800, RFWD3, XRN2, TLK1, NRF1, ZFR, SNTG1, CRADD, ADD1, PPP4R3A, PDGFC, HNRNPU, LARP1B, MSL2, MDN1, ZNF146, NUAK1, BIRC6, ZNF397, WDR26, ZNF24, KDM4B, SESN3, CREB3L2, ACTR3, NCK1, ABL1, ATR, SP4, POLA2, NRG1, PCYT1A, SERGEF, TAF3, BCL2, PTGES3, UBE2H, USP15, PTK2, CTDSPL2, PTPRE, SUFU, HIPK1, LSM8, CEP162, MYH9, EP300, ANKRD17, BDP1, CALR, MED14, YEATS2, STK24, ZBTB40, SS18, LITAF, ZNF717, ZBTB46, EEF1AKMT2, TFCP2, BAZ1A, SYNCRIP, RFC3, ARPC1B, KATNBL1, ZNF431, RAD51B, TLK2, PARP9, AKAP13, NAB1, DDX42, TEAD1, DROSHA, BCLAF1, ZNF654, VPS4B, TIGAR, ICE1, IBTK, PBRM1, CLIP2, RNASEH2B, PRKCE, IGF2R, L3MBTL4, HELZ, HNRNPC, MXI1, SPIN1, RNF138, BPTF, TGFBR1, TAF1, RLF, MTREX, SRSF4, SMARCA2, ZNF736, MTUS1, KBTBD2, NR3C2, ARRB2, RNGTT, PRKN, SQSTM1, SREBF2, TSC1, SF1, CAMTA1, RB1CC1, ADARB1, RASSF2, UHRF2, GDAP1, SAMHD1, UBN2, SENP5, DOCK10, PSMD14, CBFB, NEK1, DHX15, PLEKHA1, DNAJB1, TRIM33, SPOPL, WDR20, SRRM1, ZNF638, SEM1, ZNF680, SHPRH, NFIX, DCUN1D4, CPEB3, MAX, SRPK2, SMC1A, RNF216, MAML2, PCBP2, PPP2R3C, ARPC3, STAG1, FAF1, MTAP, PRPF38B, HELLS, CDC73, IL15, SAMSN1, PLEKHA2, ZNF107, YWHAB, DDX3Y, TPT1, SUPT20H, ZNF430, KLF7, PDZD2, UBXN2B, EPM2A, PPARGC1B, NCL, EEFSEC, ZNF124, NEK7, RBM6, PPP2R5E, ARID1B, HNRNPM, PLAGL1, CDKL1, XRCC4, CHD4, PTEN, CPSF7, FOXN2, LCORL, POLA1, MEF2C, YY1AP1, FHIT, STAU2, NUP98, TSEN15, HNRNPH3, SUGP2, IPO8, STIP1, PPIL4, CTBP2, TRAK2, PHF20, HNRNPLL, DMTF1, KDM4C, ZNF280D, CLSTN1, GATAD2A, TIAL1, RNF2, ANKRD11, NCOA7, ARID3A, ILRUN, ZNF532, SIN3A, TMF1, FIGN, METTL8, UBE2B, XRN1, FBXO38, ZNF37A, MBTD1, PXK, PRKCD, SP110, PSMA1, ZNF791, FOXP2, EIF2AK2, ARIH1, DST, SF3B1, NSFL1C, UCHL5, WDR33, CHD1, STRBP, PHC3, ATF7, FER, GLIS3, N4BP1, NUFIP2, RSF1, GTF2F2, ZNF43, ANP32A, TATDN1, MAP3K7, JUND, MGMT, SUPT16H, HTT, MAPK1, IQGAP1, XRRA1, PIP4K2A, PHF3, RAD23B, KMT2E, TSHZ1, AGTPBP1, PARP4, ORC2, ANAPC1, VPS37A, POT1, CTNND1, LYRM4, S100PBP, UBA3, ANAPC4, CLU, GATAD2B, POLK, KMT2A, SCAF4, MAML3, SYAP1, USP7, BRCA1, USP4, RCBTB1, NSMCE2, SYK, RPS9, PAK2, TGFB1, EVI5, CBX5, DAZAP1, RPL13, ZRANB3, CHD7, HIF1A, PAN3, KAT6A, MIS18BP1, FOXO1, MRE11, ATAD2B, APPL1, UPF2, SRPK1, TENT4A, JAK1, WRN, CFL1, SENP7, SETDB2, HSPB1, UBN1, PPM1B, CUL1, UBE2E2, MDM4, ASCC1, HMBOX1, APC, RGS10, TENM4, WTAP, MLH1, CDYL, POLD3, MBD5, MAP2K1, AKAP7, NFIA, HDLBP, PAPOLA, ZNF292, RYK, CCND3, APAF1, ACIN1, ATAD2, FMN1, IPMK, RBBP4, CDC40, FLI1, MSH3, DEF6, INTS4, HUWE1, PRMT2, TRIP4, AGO3, ZBTB16, DGKB, TRRAP, CD74, SLC30A9, CREBBP, RPS3, MINDY3, FGF12, MTUS2, CREBRF, ELL2, DEK, SSBP1, ZXDC, ZNF846, NSD3, ASCC3, PCF11, NEMF, NR2C1, ZNF706, RMND5A, BMI1, DHX9, AFF1, RPAP2, DCUN1D1, INO80D, ZNF254, ARHGAP35, PRDM1, TRMT1L, UBP1, ABI1, RANBP9, MAGI1, TUT4, TCF12, PPP2R5A, RAD50, ELK4, XIAP, DIDO1, PEX14, RAB2A, ATF6, STRN3, FAM120A, ERBIN, RERE, CDK8, NSD1, FBXW7, DCAF7, SCAPER, MORF4L2, RNF38, ARMC8, CMPK1, DUSP10, PWWP3A, YWHAG, KPNA3, AGO4, ASH1L, SPRED1, HNRNPD, SHMT1, TSNAX, NLK, ZMIZ1, CDC27, TRPM7, TMPO, HNRNPA3, FGF14, U2SURP, ELP4, PRKRIP1, ANAPC16, SMURF2, ZNF595, DDX6, FYB1, VRK1, CENPC, HCLS1, MSH2, WDR37, COMMD10, SBNO1, TERF2, UBR4, CELF1, FOXK1, BHLHE41, PPM1H, SRSF11, IPO7, HNRNPA2B1, SND1, STAT3, PTP4A2, HNRNPF, RPL5, PLA2G4A, SETD3, RPS6KA2, NFATC2IP, CMTR2, TNKS, PMS1, SF3B3, ZNF207, NSL1, SRRM2, ETF1, MYSM1, ZC3H12C, RAP1GDS1, ATXN3, ZHX3, TRIM26, SMARCC1, ZCCHC7, AHCTF1, CDC5L, RBM27, FAM120B, LIN54, MPHOSPH8, ARFGEF1, CTCF, TBL1XR1, KPNA5, KIF20B, DCP2, OGDH, BNC2, ZNF780B, NFATC2, STK38, XPO7, SOX5, ELP2, NDUFAF6, SNRK, ZNF407, RALGAPA1, DACH1, KHDRBS1, ZFY, CWC27, DNAJA1, FBXL5, FOXN3, SPOP, ZFP36L2, TAF2, POU2F1, PPARA, FMR1, POGZ, AEBP2, MRTFA, CASK, ORC4, EIF4A1, ASXL2, SPAST, NCOR1, WNK1, CLIP1, MYO18A, RPS18, UACA, ZNHIT6, FTO, DGKI, NCOA2, FBXL17, KAZN, NOTCH2, CTNNA1, HLTF, TAF15, RPS24, NF1, CCNH, KHDRBS3, USP36, TXNIP, RPLP0, RBX1, MAD1L1, RPL13A, HSPH1, NVL, ARRB1, SFMBT1, RPL17, STK4, IRF2BP2, CCNT2, UBE3A, RAF1, XAF1, MORC3, ZNF331, SECISBP2, KAT2B, CGGBP1, HIPK3, WDR11, RBM39, PHLPP1, DICER1, YLPM1, RPL7A, SETD5, STAT1, E2F3, FBXW11, MBP, DUT, MBNL2, PHF14, EPB41, REV1, RSRC1, HAT1, RGS7, IRF2, MMS22L, DHX36, UBE4A, GNAQ, PIK3R1, DLG1, BRWD1, SMG1, MRTFB, ST18, PANK2, DR1, ZNF804A, ELF2, ANAPC5, ANKS1B, RNF168, RPS6KA3, MSN, CAMK4, IVNS1ABP, UBE2D2, CDC14B, HMGN3, PIAS1, RAD18, ERCC6L2, PPP3CA, EHD4, PRDM2, FAM193A, PUS7, ZFAT, SETD7, RIF1, KDM2B, LPIN2, ESR1, TCF25, RBMS1, RBL1, BNIP3L, MEF2A, CASP8, USP8, NCOA3, ACTN4, MED27, WWOX, CEP57, SCAF8, RAD21, ATF2, PRKAA1, KANK1, BTBD7, PTPN2, SNX10, PSPC1, USP48, ATF1, TOR1AIP1, LCOR, ARNT, CSNK1G3, LYN, TDRD3, AGO2, XPO6, C9orf72, MGA, TRA2B, CHD6, JADE2, NCAPD3, NRIP1, RPRD1A, DNAJB6, MAPK14, NASP, HSP90AA1, CREB1, NUMA1, WASL, ELP3, ZNF217, NUP153, PHC2, TENT2, CENPP, AKNA, HECA, UTY, NAMPT, RESF1, IPO9, DDX39B, DCP1A, SRSF10, CDK19, FOXK2, PKM, NUDC, CNOT6, UBXN7, GPATCH2, MAP3K20, SMC3, AQR, KMT2C, CNOT2, AFF4, ZNF138, CARD8, THRB, RCC2, KDM3B, RBM4, MAPK8, CLK1, MOB1B, EGLN1, ZNF721, KDM3A, LATS1, APLP2, MED15, CEBPD, HNRNPH1, USP9Y, STK17A, ZMYND8, ACTB, EFTUD2, RPL37A, GRK5, EPC2, MCM5, TASOR2, SEPTIN7, ZNF655, MIER1, ANKHD1, SP100, MBNL3, ZBTB4, ZRANB2, BTRC, TTF2, ARPC5, WAPL, PRKCB, KDM7A, ZNF718, PIK3R5, LAP3, CLIP4, COTL1, VEZT, MYCBP2, ZNF75D, ASXL1, HMGB1, ACADM, PBX3, YY1, NUCKS1, UBA2, YWHAE, ZC3H6, SNW1, ZNF700, PARG, NEK6, POLB, SMC6, TET2, DYRK1A, ILF3, ZNF562, CCND1, CRK, EIF3E, UBE2W, RPL18, ZNF519, SSBP2, SOX6, FUBP1, ITGB3BP, MAF, HIP1, RANBP3, PTBP2, ZC3HAV1, ZNF710, EIF2S3, ZC3H7A, RPS8, MAGED1, LUZP1, PARL, CLASRP, PLEKHO1, TTLL5, CCNY, ZBTB37, RALGAPA2, KLF12, INTS6, IDE, ZNF131, EHMT1, IRAK3, SEPTIN2, HDAC9, CCAR1, GPATCH2L, GNAS, ZNF678, URI1, RBM26, RBM33, FKBP4, WWP1, RPRD1B, BMP2K, PREP, CHD2, PKN2, RNF111, SCAF11, FAM53B, DENND4A, FOXJ3, RALY, SPI1, API5, SACS, ATF7IP2, TENT4B, UTP18, RTF2, ZNF644, SLC11A2, APBA1, CACNA1A, TET3, FANCC, HSPA4, PIBF1, USP9X, SPECC1, ADNP, R3HDM2, PDS5A, PDS5B, NPM1, ZEB2, DECR1, CRBN, PHF20L1, CABLES1, CPSF2, MED13L, RALYL, GSK3B, NEK9, FKBP5, ARIH2, PABPC4, SRGAP2, SUGT1, DNMT1, TMBIM6, SPEN, PHIP, SNCA, NCOR2, FBXO11, UBA52, HACE1, SERBP1, ZNF90, SFSWAP, TTC3, ITCH, IKBKB, IPO11, NIPBL, SMARCA5, SMAD2, SNX6, ATAD5, UFL1, GPATCH8, CEP290, ZNF33B, SP140L, PLSCR1, ITPKB, PHF12, AGFG1, PPP2CA, SIK2, FAM111A, SMG6, YTHDC1, JAZF1, PURA, LPXN, MAP2K4, CDC14A, SLC39A11, ZNF516, MAGI3, CPSF6, ZNF618, JARID2, ETV6, STAT6, UBE2E1, KNTC1, NKTR, ORC3, RANBP2, SAFB, BAZ1B, GRB2, KLHDC10, BABAM2, NFATC3, SENP6, MBD2, CAPN7, VRK2, EP400, PPT1, MED4, NPEPPS, GTF2I, RFX3, NFE2L2, TRAK1, UBAP2, ZNF493, HSPA1A
GO:0005789	endoplasmic reticulum membrane	255	0.0796875	1.3828835825610781	2.2634070458081084e-08	9.506309592394056e-07	6.021988046123844	4.277839316577325e-05	TMCC1, CYBB, MIA3, HACD3, RTN3, ATL3, SELENOT, TOR1AIP2, POM121, NBAS, NR3C2, OTULINL, RHOG, NUP210, SPTLC3, RAB3GAP1, SPTLC1, PRKN, SSR1, RAB3GAP2, DSE, POM121C, SREBF2, MLEC, CYBA, RHEB, ITPR1, STT3B, CDC42, TMX1, RAB2A, COPA, HLA-B, RB1CC1, DHRSX, ATF6, PNPT1, UBXN4, IFNGR2, SAMD8, SEC11A, SERINC1, PNPLA6, PDCD6, DNM1L, TAPT1, SELENOI, EXT1, BCAP29, CREB3L2, MAPKAP1, COPB1, ABCA1, KSR1, NCEH1, PIGU, GRIA1, MBOAT2, CD4, ADGRG6, HM13, TRAM1, SEC22A, SORL1, MGLL, SLC10A7, DLG1, PSEN1, WASL, VAPB, ATL2, RHBDF2, SPTLC2, VPS13A, PCYT1A, WLS, SEC23A, ALG13, CYB5R4, RNF145, RAB21, BCL2, RICTOR, PNPLA8, VTI1A, ANKRD13C, HSD17B12, ITPR2, DST, HLA-DQA1, RHOA, SDCBP, ABHD12, MTDH, SCFD1, SEL1L, TRIQK, REEP3, GALNT2, SEC24D, LNPK, EMC2, LRRC8D, SPPL3, RAB18, TMEM33, LMAN1, SGPP1, GRAMD1B, DNAJC1, OSBPL8, STIM1, ACSL3, FMN1, ACSL4, PLD1, ZDHHC20, TMTC2, CERS6, TMBIM6, RRBP1, CDS2, MTOR, EDA, VPS13C, PIGN, ATP10D, UBAC2, LRBA, UBA52, SPAST, SLMAP, LRRC8B, TMBIM4, CHPT1, MAP3K7, KTN1, CALR, ACSL1, TMEM39A, LCLAT1, DHRS7B, B3GALNT2, SEC63, ACER3, PIGK, ZDHHC14, GRIP1, UFL1, DNAJB14, RPN2, GRIN2B, CEPT1, LBR, ESYT2, EIF2AK3, LRRK2, CERT1, DTNBP1, TMEM260, ASPH, ARHGAP32, NOTCH2, HLA-DRA, REEP5, HLA-DRB5, RAB6A, RNF13, TAPBP, ATP11A, INSIG2, SOAT1, CDKAL1, TMED10, CD74, ATG2B, LRRC8C, SGCZ, SIK2, SARAF, PJA2, ERP44, DPY19L1, RAC1, STIM2, TBXAS1, ADPGK, LPIN2, AGPAT5, AGPAT3, HLA-DRB1, CCDC47, STX18, SEC31A, TRAF3IP3, EPM2A, SGMS1, VKORC1L1, AHCYL1, VAPA, ELOVL5, PLAUR, LPCAT2, MAGT1, SCD5, ERGIC1, HLA-DPB1, DHRS3, PLA2G4A, PDZD8, DIPK1A, SCARB2, HACD4, MGST3, PPM1L, ERO1A, RTN4, ATP6AP2, RAB10, SPCS3, ZDHHC2, ATP11C, LMBRD1, ERAP2, SEC62, TMX3, PIGF, LPGAT1, PITPNB, SEC24B, MIA2, EXT2, VMP1, SORT1, GNAI3, RHBDD1, ANKLE2, ATXN3, VRK2, FDFT1, HSP90B1, ATP2A2, UXS1, HACD2, GALNT1, SACM1L, CANX, PKD2, MBOAT7, OSBPL3, KRAS, TMCC3, STX17, CLSTN1, HLA-DQB1
GO:0016020	membrane	971	0.3034375	1.1381116282774946	3.97304198380158e-07	1.2946636809284459e-05	4.887843035047389	0.0007509049349384986	CD84, CYBB, PSMD1, ATL3, DOCK4, SCP2, IGF1R, SLC25A24, ITGB1, TOR1AIP2, PLXNC1, ATP6V0E1, NIPAL2, RPL7A, PSTPIP2, SNX1, XPO1, ADCY9, RHEB, PCDH11X, ATAD1, SLC44A1, LRPPRC, PLXDC2, EPS15, HLA-B, MYOF, LPAR5, HECTD4, HNRNPK, CHSY1, ABR, ADD3, BCAP29, BMPR2, XRN1, PTAFR, RGS7, KSR1, VPS41, KPNB1, MBOAT2, PRKCD, HM13, PIK3R1, UTRN, MTHFD1L, PSEN1, RPL28, ABCD3, YME1L1, SLC9A9, INVS, VSIR, CSNK1A1, RYR1, RHBDF2, CSE1L, OPRM1, TMEM243, MAN1A2, EIF2AK2, KIAA0319L, PARP8, HSPD1, APPL2, TANGO6, DST, RAP1A, TPCN1, SDCBP, TF, CACNA1D, GALNT2, HERC1, ITGAV, TACC1, MRC2, FER, DNAJC1, SERINC5, ACSL3, SEC63, TNFRSF1B, NUFIP2, ACAP2, PIGN, CLEC7A, HS2ST1, SLMAP, ADCY2, OFD1, ELMO1, GNA13, KTN1, IMMT, VPS53, LAPTM4A, B3GALNT2, DDX1, MGAT5, CPNE1, GPI, MGMT, MS4A14, LEMD3, SEMA4D, EHD4, TNFRSF1A, NAA15, RPS16, RAB6A, TAPBP, ATP11A, TMED10, UBR3, PARP4, TLR1, RIMS2, GALNT7, ORC2, ANO6, BLNK, ESR1, KANTR, GOSR1, IL10RB, MARCKS, MGAT1, STX18, JAK2, CLEC2D, CLU, BNIP3L, SLC30A6, ATP2B4, IFI16, PIK3C2A, NR3C1, CAPRIN1, POLR2B, TRPM3, HLA-DQB1, LPCAT2, MAGT1, STAG2, DHRS3, GSDME, GLG1, VPS39, INSR, MT-CYB, SCARB2, RIC1, MTMR1, CHST15, PPM1L, CYP20A1, CALM2, AP3B1, SYAP1, ITGB2, UNC5B, SPCS3, TNFRSF11A, CAND1, PCNX2, RAD21, CACNA1C, ATP2B1, P4HA1, HSP90AB1, ATF2, ATP11C, DPYSL2, NETO2, CKAP5, LAMP1, RPL6, DPP10, MACF1, EZR, RNF150, SPPL2A, BICD1, ABCC5, GNAI3, OGT, ANKLE2, ABI3, EIF3H, RPS9, APOE, CTSC, PRKAR2A, PAK2, PRKD3, NFXL1, FXR1, ASAH1, SLC30A7, ATG12, RPL13, HEATR5B, ANO10, LYN, PKD2, MBOAT7, DNAJC13, TIAM2, UGCG, MARK2, NAPG, SLC2A13, AGO2, GCNT2, PLPP1, CD46, TMEM30A, PAPOLG, LGR4, APPL1, SLC39A10, RPS6, TSPAN3, NOP58, STX12, RPS19, HERC2, CMKLR1, MAN1A1, ST7L, FAT3, SSR1, NRP2, CNKSR2, GOLIM4, NCAPD3, NNT, CD163, JAK1, DNAJB6, ITPR1, PSMF1, PEX3, CFL1, ACBD3, HSP90AA1, TM9SF4, ADAM17, PPM1B, SERINC1, AIG1, PCNX1, ATP6V0C, CHST11, BAG3, DNM1L, RPS6KC1, ERC1, MTMR2, ABCA1, CSF1R, SBF2, GAPVD1, BCL2L13, PLEKHB2, SYT17, ST3GAL6, TENM4, RNF130, RPS5, MLH1, GPR155, MGLL, ATP2C1, NAALADL2, STX16, CEP350, SLC17A5, NUP153, PLP1, MAP2K1, MED13, PARP1, NIPA2, SNX2, AKNA, PNPLA8, CAPZB, VTI1A, TMEM87A, B3GNT5, HECA, LRP1, PARP14, ASIC2, GNG2, SLC35F3, CKLF, RYK, SPRED2, EXOC2, LRRC8D, MS4A4A, PCNX4, ATP1A1, CALM1, ODR4, ACTR2, IPO9, OSBPL8, ACSL4, TVP23C, FMNL1, TMTC2, PLD1, WDFY3, FAM118A, MTOR, GNAI2, AGPS, IL6R, LRBA, HTR2C, PABPC1, HPSE2, DCP1A, CPLANE1, RAP1B, PGK1, MSH3, LRRC37A3, CAMK2D, DEF6, DOCK2, PTTG1IP, ARFGAP3, HEXA, CNOT6, ARFGEF2, VPS45, FTL, PPM1A, PIGK, SMIM35, HUWE1, GRIN2B, LBR, ESYT2, CAMK2G, AGO3, NUP93, MYO19, PRKDC, AQR, SLC12A6, CNOT2, SFXN5, TMEM62, TMEM14B, ARHGAP15, HLA-DRA, CLIC2, USO1, PTPRC, DOCK1, CDKAL1, CD74, RPL36, LRRC8C, LRRC1, SGCZ, RCC2, CCDC91, SLC30A9, FLOT2, DPY19L1, RAC1, RPS3, ATP5F1C, ATP13A3, TM9SF2, CCDC47, C1GALT1, GRIA2, ANXA5, KDM3A, PTPRM, MSRA, GDI2, CLASP2, GOLGB1, OPA1, ATP6V1A, APLP2, MED15, ATP6V0A1, SYT6, CLCN3, ASCC3, PEX5L, DISP1, HLA-DPB1, HNRNPH1, RPS4Y1, DIP2B, SFXN1, NAP1L1, DYM, SLC7A5, RNF19A, ST3GAL1, OCIAD1, GRM5, ERO1A, SLC38A10, TSPAN5, AP2A2, ATP6AP2, RAB10, WBP1L, CTNNB1, SLC35E3, RAP2A, AIDA, ACTB, DHX9, SYT11, TM2D1, TMEM123, ARHGDIB, EFTUD2, RHOT1, DCBLD2, EXT2, HSD17B4, PCM1, PRNP, RHBDD1, STAB1, TRAF3, PICALM, DCC, DNM2, VMP1, XRN2, NTRK3, DOCK8, RECQL, FDFT1, PCMTD1, GNB1, ZNF106, APMAP, MCM5, RPL35, OGFRL1, LHFPL2, EML4, VPS50, HS6ST3, PDE3B, PTPN4, ATXN2, ENO1, ABCE1, ZNRF2, AVL9, CCDC88A, CANX, PRRC2C, NSMAF, SLC26A3, MAGI1, TMEM144, ADIPOR2, KCNQ5, BST2, PDGFC, HNRNPU, NBAS, YIPF4, OLA1, NUP210, OSBPL11, RECK, RAD50, MDN1, PRKCB, VPS29, MLEC, CYBA, VPS35L, CD81, CATSPER2, CDC42, PEX14, BMPR1A, BIRC6, ITPRIPL2, ATP9B, FUBP3, PIK3R5, ATF6, STRN3, LMBR1, XYLT1, HCK, FAM120A, ARHGEF11, SAMD8, SEC11A, HEXB, PNPLA6, EXT1, ASPH, MYCBP2, AKT3, GRIA1, TMEM181, ANKFY1, CD53, ACTR3, ADGRG6, MT-CO1, TRAM1, CAPZA2, LDLRAD3, ARHGAP17, SORL1, YWHAE, HSPA8, AP1G1, TPM4, RYR3, SLC1A2, SLC4A7, ATL2, NRG1, DIP2A, PCYT1A, CHMP3, LIFR, ADAM10, MSR1, YWHAG, MTM1, AGO4, NMT1, BCL2, ILF3, SIRPA, CRK, EIF3E, EXOC4, UBR5, TMEM164, LARP4B, HLA-DQA1, CD302, RPL18, SPRED1, SLC1A3, TMEM33, LMAN1, ARHGEF12, TMEM245, CLINT1, SLC15A2, ITGB3BP, COX10, GABRB3, MYH9, IL1RAP, TRPM7, SLC2A9, GLB1, HIP1, ETNK1, TMPO, RRBP1, NPIPB5, LAPTM5, EDA, STAU1, TTYH3, MS4A6A, ANKRD17, TM9SF3, ABHD3, IFNGR1, GXYLT1, TMBIM4, CHPT1, ITFG1, NLGN4Y, ACSL1, CALR, STXBP5L, LCLAT1, FOXO3, DDX6, RPS8, PRKACB, MED14, STK24, RPN2, CEPT1, DNAJC3, LUZP1, HCLS1, ECPAS, PARL, GIGYF2, MSH2, UNC13B, ARHGAP32, PDCD6IP, SLC8A1, KCND2, RC3H2, CACNA1B, MFSD11, PHTF2, UBR4, ADPGK, SIRPB2, CELF1, SNX4, SYNCRIP, HLA-DRB1, SLCO3A1, STRN, GBF1, P2RX7, INPP5D, PI4KA, IPO7, HNRNPA2B1, PIK3AP1, PDE4A, RPL9, NUP107, SND1, COG3, ELOVL5, CACNA2D3, AKAP13, GNAS, HNRNPF, PARP9, CRLS1, RPL5, MPHOSPH9, ACVR1, FKBP15, DDX42, LONP2, SLC23A2, ERGIC1, STK38L, STX7, LARP4, TENM2, PDZD8, RALA, MTMR10, XRCC5, ATP8B4, SLC6A6, RFFL, IMMP2L, HK2, DYNC1LI1, IBTK, ADCY7, PREP, LMBRD1, CLMN, SEC62, RAB1A, MDGA2, SLC20A2, LRP8, KIF2A, LPGAT1, CAST, SYTL3, PKN2, PRKCE, RPS11, IL6ST, ABCC4, IGF2R, KIF5B, PTPRK, XPR1, BLOC1S6, PRPF40A, WIPI2, HNRNPC, PIK3CG, HELZ, TSPAN14, ADGRV1, MT-CO2, DNAJC10, PIK3C3, LDLRAD4, CYBRD1, ATP2A2, RAB27A, FNDC3A, MYO5A, LHFPL3, AQP4, API5, STARD13, GALNT1, ATG5, TMEM178B, TGFBR1, GFAP, TAB2, STX17, MYO9B, SLC11A2, APBA1, AKAP10, CACNA1A, EIF4G2, MIA3, CDC5L, RPLP2, USP9X, HBS1L, CDH12, SPECC1, NRP1, GPR65, RIMS1, DYNC1H1, DNAJC5, TUBGCP3, VPS35, SREBF2, FUT8, FRS2, TSC1, RPSA, LNPEP, STT3B, RBMX, COG5, COPA, STAMBPL1, GPR183, ARL8B, RYR2, RPS2, NPM1, PHACTR2, GOPC, SYT1, PECAM1, MS4A4E, TAPT1, SELENOI, GDAP1, KIDINS220, COPB1, LAMP2, NCEH1, PIGU, CRBN, CNTNAP2, CD4, ADGRG5, RNF213, SLC35F5, NDC1, RPL27A, DOCK10, TLR4, CPSF2, GPRC5B, KHDRBS1, CBFB, PPP1R21, GRM7, EPHB2, ARMH4, DNAJA1, SORCS1, FKBP5, TMEM51, BBS9, RNF217, B4GALT1, SUCO, ITPR2, ABHD12, ABCB7, CUL3, LNPK, HSDL2, GRIA3, FMR1, SPPL3, MEGF9, PDLIM5, GRAMD1B, SGPP1, CDH20, ZDHHC20, CLASP1, PFN1, CERS6, CASK, ATP6V1C1, CDS2, SNCA, TMBIM6, NCOR2, SCAMP2, WWP2, ATP10D, SFT2D2, EIF4A1, SPAST, NCOR1, PCBP2, FNDC3B, SERBP1, MYO18A, WNK1, ITCH, KCNMA1, MTMR3, ARPC3, RPS18, TNFSF13B, DHRS7B, ACER3, CACNA1E, P2RY12, PON2, UFL1, DNAJB14, MPZL1, IFNAR2, CEP290, IMMP1L, TGFBR2, CLTC, BCL2L1, ST3GAL5, EIF2AK3, TMEM260, PLSCR1, PLEKHA2, NOTCH2, DYNC1LI2, MT-ND1, YWHAB, VPS54, EHBP1, HLA-DRB5, SOAT1, ITPKB, AP3S1, SCAMP1, HLTF, DDX3Y, STX8, PPP2CA, GOLGA3, RPS24, NF1, CMTM6, YWHAQ, ANKH, SLC20A1, ACVR2A, RPLP0, AGPAT3, MAN2A1, LY75, CMTM7, ASAP1, LPXN, PTPRA, C3AR1, ITM2B, SGMS1, ATXN10, CERK, NCL, SLC39A11, RPL13A, NDUFS1, MAGI3, NVL, KLC1, CALCOCO2, CPSF6, PLAUR, LPAR1, RPL21, CNTRL, HNRNPM, CNOT1, SYNJ1, ADAR, GRIK2, OSBPL9, EIF3A, CHD4, AVEN, MGST3, EDEM3, ATP6V1H, DDX17, RANBP2, CPSF7, CTNNBL1, GRB2, KCNK13, GCC2, AP2B1, FARSB, RAPGEF2, SUSD6, NIBAN1, MCF2L, STX6, STOM, MIA2, TMEM156, SORT1, MT-CO3, STAU2, LARP1, ATP11B, EXOC1, APPBP2, VRK2, KCNQ1, SH3GLB1, HSP90B1, TMEM131, NDUFAF2, KCNAB1, PPT1, WDR11, MED4, DAAM1, NCKAP1L, GTF2I, PHLPP1, IL13RA1, NUP205, HNRNPLL, CLCN5, ABHD17B, OSBPL3, KRAS, CLSTN1, SLC49A4, GRIA4
GO:0005576	extracellular region	201	0.0628125	0.577364876171352	6.056579405241741e-22	1.4308668844883612e-19	18.844400767373145	1.1446935075906891e-18	CD55, LAMA2, PSMD1, RNASET2, C9orf72, PDGFC, PIBF1, NRP1, NFKB1, CAP1, OLA1, LILRB1, CCT8, C3, ARPC5, RECK, DYNC1H1, NRP2, CD163, NPHP3, LNPEP, MAPK14, TMX1, COPA, DHRSX, CPPED1, HSP90AA1, GLDN, XYLT1, FGL2, LY86, HEXB, CHSY1, ALOX5, WNT2B, COTL1, WDR1, KPNB1, ATRN, GCA, FAF2, PRKCD, HMGB1, CAPZA2, PCSK5, IL18, SORL1, NDFIP1, HSPA8, CPM, C1QC, TGFBI, PSMD14, NRG1, EPHB2, ARMC8, LIFR, ROCK1, APOC1, HLA-E, ILF3, CAPZA1, B4GALT1, TF, SDCBP, CKLF, NAMPT, DDX3X, GALNT2, ST8SIA4, LRRC7, CTSH, CALM1, APAF1, IL1RAP, ATG7, ACTR2, P4HB, TNFRSF1B, GLB1, SNCA, EDA, ST3GAL3, IL6R, TIMP2, ENPP2, OFD1, CAB39, ITFG1, CALR, DOCK2, SERPINB6, PKM, SPAG16, TNFSF13B, MGAT5, RNLS, GPI, FTL, PON2, UACA, HUWE1, IFNAR2, DERA, CEP290, DNAJC3, TGFBR2, CTSZ, IL15, MAPK1, CD164, LRP6, AOAH, DIPK2A, TNFRSF1A, NOTCH2, PDCD6IP, TUBB, KCMF1, AMPD3, NEK10, CD74, ADAM23, GSN, PSAP, ERP44, ADPGK, NEGR1, IDE, PAFAH1B2, PILRA, NLN, PDZD2, ANXA5, HNRNPA2B1, ITM2B, GDI2, ALCAM, HSPH1, CLU, PADI2, ADAM9, SPARCL1, LGALS9, GNAS, CXADR, F13A1, PLAUR, ANOS1, NHLRC3, PTPRJ, TXNDC16, ACTN4, PTEN, ERO1A, ST3GAL1, XRCC5, A2M, OSTF1, CAND1, FCGBP, TLN1, NPC2, ADAM28, HSP90AB1, CTSS, PREP, MDGA2, NHLRC2, LRP8, TBC1D15, SELENOP, C1QB, ARSB, EXT2, ABHD18, IL6ST, HNRNPC, ENOX2, APOE, CPQ, CTSC, HSP90B1, TGFB1, RAB27A, WNT5A, CYFIP1, PPT1, NPEPPS, GALNT1, IST1, AQP4, ASAH1, RFX3, PKD2, ST6GAL1, CLSTN1, MGAT4A, C1QA, HSPA1A, CDK13
GO:0005615	extracellular space	136	0.0425	0.5540870253164558	3.3444012908878304e-17	5.267432033148333e-15	14.27840105948238	6.320918439777999e-14	RNASET2, RTN3, PPFIBP2, CD46, MTUS1, PDGFC, PIBF1, C9orf72, NRP1, ADNP, C3, TTBK2, DMXL2, RBMX, CFL1, COPA, HLA-B, GLDN, XYLT1, HSPB1, FGL2, HEXB, ALOX5, WNT2B, PECAM1, BMPR2, LAMP2, UBN2, ATRN, CD4, HMGB1, PCSK5, IL18, SORL1, HSPA8, CPM, GPRC5B, C1QC, TGFBI, NRG1, SSH2, HLA-E, B4GALT1, HSPD1, TF, SDCBP, CKLF, NAMPT, ITGAM, CTSH, MSN, GLB1, SH3BGRL, SNCA, EDA, IL6R, TIMP2, UBA52, YWHAZ, HPSE2, ENPP2, PGK1, CALR, SERPINB6, HEXA, TNFSF13B, RNLS, GPI, IFNAR2, CTSZ, TGFBR2, IL15, LRRK2, SEMA4D, DIPK2A, TNFRSF1A, SIPA1L3, GSN, PSAP, RALGAPA2, TPT1, IDE, FGF12, MAN2A1, HLA-DRB1, CMTM7, ITM2B, ATXN10, CLU, SIL1, ADAM9, SPARCL1, LGALS9, CXADR, F13A1, ANOS1, RDX, CTBS, CNOT1, FRMD4B, ACTN4, ERO1A, KRIT1, A2M, TUT4, PDIA3, FCGBP, ACTB, MECP2, NPC2, CTSS, EIF2A, LRP8, EZR, MCF2L, STOM, SELENOP, IL6ST, IGF2R, RAP1GDS1, APOE, CPQ, CTSC, TGFB1, WNT5A, PRKAG2, PPT1, ASAH1, ZFC3H1, ENO1, SPON1, AXL, USPL1, LCP1, HSPA1A, CDK13
GO:0031012	extracellular matrix	30	0.009375	0.4117603944562899	1.389398802924752e-09	7.097199290615625e-08	7.1489129995337635	2.6259637375277816e-06	LAMA2, A2M, FCGBP, HSD17B12, CTSS, CTSH, C1QB, LMAN1, HSP90AA1, FGL2, APOE, ANXA5, CTSC, WNT2B, TGFB1, TIMP2, WNT5A, HPSE2, SPARCL1, LGALS9, F13A1, CALR, SPON1, SERPINB6, ANOS1, TGFBI, C1QC, GLG1, C1QA, CTSZ
GO:0005882	intermediate filament	6	0.001875	0.1940860552763819	1.7229748220243213e-08	7.400960030968107e-07	6.130711941200258	3.256422413625967e-05	DST, HLA-DRB1, MACF1, GFAP, TLK2, CLIP1
GO:0045095	keratin filament	1	0.0003125	0.05597554347826087	1.6975826016703214e-07	5.729341280637335e-06	5.241895307287292	0.00032084311171569075	CSNK1A1
