GO_ID	Name	Gene Count	Gene Ratio	Fold Enrichment	p-value	FDR	-log10 FDR	FWER	Associated Genes
HP:0007768	Central retinal vessel vascular tortuosity	10	0.003125	5.364322916666667	3.941378278309856e-07	1.6616786208595692e-05	4.779452967726147	0.004054495834897349	MT-ND4, NEK1, MT-ATP6, MT-ND5, SELENOI, MT-ND1, MT-ND4L, MT-ND2, MT-CO3, MT-CYB
HP:0004309	Ventricular preexcitation	10	0.003125	4.951682692307693	1.4680089483386188e-06	5.655958071745083e-05	4.2474938186731865	0.015101408051559372	MT-CO1, MT-ND4, MT-ATP6, MT-ND5, MT-ND1, MT-ND4L, PRKAG2, MT-ND2, MT-CO3, MT-CYB
HP:0000576	Centrocecal scotoma	10	0.003125	4.951682692307693	1.4680089483386188e-06	5.655958071745083e-05	4.2474938186731865	0.015101408051559372	OPA1, MT-CO1, MT-ND4, MT-ATP6, MT-ND5, MT-ND1, MT-ND4L, MT-ND2, MT-CO3, MT-CYB
HP:0100033	Tics	11	0.0034375	4.425566406250001	2.5503304197194464e-06	9.27040601683885e-05	4.032901244602943	0.026235249027653944	VPS13A, GATAD2B, MAPK1, POGZ, FRYL, ACBD6, ARID2, ZBTB20, ZSWIM6, CHD8, KMT5B
HP:0007183	Focal T2 hyperintense basal ganglia lesion	14	0.004375	4.291458333333334	1.8202830020626446e-07	8.071228983714839e-06	5.093060331423157	0.0018725251242218425	MT-ND3, IARS2, NDUFS4, MT-ND4, MT-ATP6, MT-ND5, SPG11, GFAP, MT-ND1, PDSS2, LRPPRC, MT-ND2, NDUFS1, PRNP
HP:0012209	Juvenile myelomonocytic leukemia	12	0.00375	4.291458333333333	1.4317232673963337e-06	5.5577876421532393e-05	4.255098051225963	0.014728137251706085	RAF1, RASA2, ARHGAP26, MAP2K1, NF1, BRAF, KRAS, CBL, SOS2, SPRED2, PTPN11, SOS1
HP:0002236	Frontal upsweep of hair	18	0.005625	4.291458333333333	3.0125814391985643e-09	1.6842622426649797e-07	6.773590287138401	3.099042526503563e-05	EP300, OGT, MED27, POLA1, YY1, BRD4, FRMPD4, CREBBP, FOXP1, HDAC4, FBXO11, TCF4, UBR1, MED13L, HERC2, CAMTA1, PPP2R3C, TRIO
HP:0011869	Abnormal platelet function	13	0.0040625	3.9849255952380953	1.7744145524107237e-06	6.66182573016391e-05	4.176406732410093	0.018253402500649114	GNAS, RAF1, RASA2, WIPF1, BRAF, KRAS, LYST, CBL, PTPN11, SOS2, SPRED2, SOS1, SAMD9L
HP:0000391	Thickened helices	24	0.0075	3.152908163265306	4.21550956000399e-08	2.0455163605547666e-06	5.689197042555126	0.00043364946843761046	RAF1, MAP2K1, EDEM3, AFF4, DYRK1A, SMS, TCF4, SPOP, DIS3L2, DDX3X, SIN3A, CBL, SPRED2, SOS1, RB1, RASA2, PPP1CB, BRAF, KRAS, TAF1, SOS2, PTPN11, MARK2, SUPT16H
HP:0002263	Exaggerated cupid's bow	20	0.00625	3.140091463414634	6.143264115574746e-07	2.497856045727961e-05	4.602432594123399	0.006319575795691741	SMARCA2, RALA, MED27, HNRNPU, TBCK, CHD8, SLC1A3, ZMIZ1, EXOC2, POGZ, DNMT3A, CAMSAP1, HNRNPK, TRIP12, CACNA1A, CLCN3, JARID2, KMT2A, MYT1L, SUPT16H
HP:0002483	Bulbar signs	20	0.00625	2.994040697674419	1.599633272831139e-06	6.072113460374142e-05	4.216660122034507	0.016455427477613926	MT-ND3, RYR1, NEK1, FUS, MT-ND1, ATXN1, SPTLC1, TPM3, GSN, PSAP, MT-ND5, SLC1A3, SPG11, MT-ND2, FIG4, MT-ATP6, GFAP, MT-ND4, CACNA1A, VAPB
HP:0032792	Tonic seizure	38	0.011875	2.947146084337349	6.641594575157436e-11	5.255544876511119e-09	8.279382251168597	6.832208339464454e-07	KCNQ5, GRIK2, PACS2, NSF, ALG13, CEP85L, PPP3CA, ARFGEF1, HNRNPU, ADNP, CACNA1C, MECP2, CACNA1B, DMXL2, CHD2, CUL3, GLUL, LNPK, TBL1XR1, PSAP, SQOR, FGF12, GRIA2, ATP6V0C, GNB1, ST3GAL3, ARHGEF9, COG3, DOCK7, CNTNAP2, ATP6V1A, CLCN3, ATP6V0A1, VPS53, FBXO28, CACNA1A, SYNJ1, DENND5A
HP:0010862	Delayed fine motor development	25	0.0078125	2.9259943181818184	1.4217224078087804e-07	6.4145870215477734e-06	5.19283129876471	0.0014625258409128924	WLS, AUTS2, NFIA, TRRAP, LNPK, SEC24D, SIN3A, ITPR1, POGZ, TSEN15, HNRNPC, WASHC4, KDM4B, PI4KA, CDC40, TNRC6B, GRIA1, FNIP1, FIG4, CLCN3, SNX14, ASCC3, MYT1L, EIF4A2, TET3
HP:0000297	Facial hypotonia	23	0.0071875	2.903045343137255	5.321424875873752e-07	2.1984537228157947e-05	4.657882671794225	0.005474149769811329	CAMK2G, AP4E1, SRRM2, MECP2, DYNC1H1, DSE, VPS13B, SLC30A9, HERC1, GRIA3, SLC1A3, ZMIZ1, POGZ, UNC80, KDM4B, PURA, NGLY1, ASXL1, YY1, STAG2, STRADA, CACNA1A, TET3
HP:0000331	Short chin	32	0.01	2.901267605633803	3.406209993420838e-09	1.8940368758010896e-07	6.722611569788381	3.5039682202320155e-05	XRCC4, PPP1R21, ALG13, PTEN, SMC3, PRKDC, NDUFS4, NFIA, ADNP, AP1S2, ZNF292, RNF13, DST, CTCF, SLF2, MEF2C, BMPR1A, MTOR, EDA, NSD2, RPL17, TRIO, ITCH, VAC14, FIG4, MAP3K7, FBXL4, ERCC6, ABL1, PIK3R1, ARID1B, MBD5
HP:0009765	Low hanging columella	27	0.0084375	2.8492469262295086	9.001286601124078e-08	4.1710015885479005e-06	5.3797596447507985	0.0009259623526576339	SMARCA2, RYR1, PPP1R21, LIFR, EDEM3, CTNNB1, PUM1, CEP295, CTCF, CREBBP, RAC1, ZMIZ1, KDM3B, HNRNPR, EP300, ZEB2, ZNF148, CAPRIN1, TRIP12, SETD2, TRIO, CNTNAP2, ITCH, CLCN3, CDC42BPB, KMT5B, KAT6A
HP:0002171	Gliosis	38	0.011875	2.844338662790698	2.4203719308373167e-10	1.596049105930992e-08	7.796953750762998	2.4898366052523476e-06	IARS2, HTT, PLP1, GIGYF2, LRRK2, TBK1, C9orf72, RANBP2, KMT2C, FUS, DYRK1A, ADNP, THOC2, GDAP2, SQSTM1, NARS2, VPS35, LRPPRC, KDM3B, PRNP, HSD17B4, EHMT1, ATXN3, PIK3CA, FARS2, MTOR, SNCA, NGLY1, AKT3, CSF1R, PSEN1, ATP6V1A, YY1, ETFA, ERCC6, DNAJC13, EIF4A2, GLS
HP:0000742	Self-mutilation	22	0.006875	2.8323625	1.5693382986286005e-06	5.9791789177749677e-05	4.223358450787945	0.016143783077992413	CAMK2G, OPHN1, GRM7, ALG13, CTNNB1, THOC2, HERC2, AUH, CREBBP, GRIA3, EHMT1, ATG7, EP300, SYT1, TTI1, TRIO, CNTNAP2, HPRT1, GATAD2B, CHD7, MYT1L, DPYD
HP:0000319	Smooth philtrum	85	0.0265625	2.8204172036082475	4.515187641409342e-21	2.0194667507468652e-18	17.69476329282132	4.64477352671779e-17	SMARCA2, IGF1R, SLC25A24, USP9X, HNRNPU, ADNP, ANKRD11, CHD8, KDM6A, SETD5, DIS3L2, FAR1, TBL1XR1, SIN3A, CDC42, PIK3CA, ZNF148, SYT1, PIGU, RERE, CNTNAP2, FBXL4, ABL1, TRAPPC9, SEC23A, MED13, DYRK1A, SON, ZNF292, ASH1L, SPOP, EXOC2, ZMIZ1, ATG7, MAF, EP300, CASK, ORC4, MTOR, SMC1A, TRPS1, PIGN, FBXO11, ANKRD17, TRIP12, FLI1, PPP2R3C, RAP1B, PPP1CB, CDC42BPB, NIPBL, DDX6, ACER3, MAPK1, TPR, SMC3, CERT1, WDR37, SMS, CLIC2, PUS7, TRRAP, CEP295, PACS1, CREBBP, UNC80, NUP107, ATP6V1A, FRA10AC1, JARID2, STAG2, DYM, AP3B1, KDM5A, CTNNB1, RAD21, SRRM2, DHX9, RTTN, TASP1, RAP1GDS1, RECQL, HNRNPC, TTI1, CDK13
HP:0000527	Long eyelashes	57	0.0178125	2.8009136450381678	1.9356743856169558e-14	2.885838029687192e-12	11.53972804773562	1.9912282404841623e-10	SMARCA2, DEPDC5, CAMKMT, SMC3, MED27, RNF2, CNOT2, AFF4, MBD5, NOTCH2, TBCK, RAD21, BRCA1, ACTB, SHOC2, SMAD4, KDM6A, SPOP, CTCF, FRMD4A, PACS1, HDAC8, VPS13B, SLC30A9, CREBBP, CHD1, ARID1A, CAMTA1, DPYD, MAF, HECTD4, PPM1B, EP300, CCDC47, SEC31A, PNPLA6, SMC1A, SPEN, ASXL2, FBXO11, WNT5A, TENT5A, CSF1R, DOCK7, CNTNAP2, FBXL4, CDC42BPB, BRD4, ATP6V1B2, NIPBL, ARID1B, ASCC3, STAG1, TAF1, KMT2A, MARK2, DENND5A
HP:0007108	Demyelinating peripheral neuropathy	23	0.0071875	2.7934964622641507	1.2276329310960025e-06	4.801771848739383e-05	4.318598478845306	0.012628659962184577	MT-ND3, PLP1, SLC12A6, MT-ND1, ABHD12, DMXL2, RNASEH2B, MANBA, MT-ND5, MT-ND2, RNF168, BAG3, GDAP1, SAMHD1, SACS, MT-ATP6, HK1, ERCC6, VRK1, RFC1, MT-ND4, ADAR, DNAJC3
HP:0002002	Deep philtrum	33	0.0103125	2.723425480769231	1.3670091597714168e-08	7.174705727841105e-07	6.14419590691392	0.00014062423226568564	SUZ12, RYR1, AUTS2, ARID2, TCF4, RAD21, SHOC2, NBN, SETD5, CREBBP, ITPR1, CBL, EFTUD2, IL6ST, DNMT3A, EP300, PURA, CHSY1, TRPS1, ZNF148, EXT1, HS2ST1, OFD1, PPP1CB, MAP3K7, JARID2, NSD1, ATP6V1B2, SNX14, BRAF, PRKACB, MARK2, DPYD
HP:0001442	Typified by somatic mosaicism	73	0.0228125	2.7162698699421965	3.403991203111728e-17	7.45039521412986e-15	14.127820689028447	3.5016857506410346e-13	CHEK2, TGFBR2, PTPN12, FOXO1, PTEN, CHIC2, NUP214, MSR1, WWOX, MAP3K3, TET2, NEK9, HDAC4, CTNNB1, CCND1, ZFHX3, ACTB, BRCA1, PRKN, SMAD4, RHOA, NBN, SF3B1, SRGAP1, ARHGAP26, TAF15, NF1, LPP, TSC1, SUFU, PPM1D, CBL, ESR1, IL6ST, DCC, IGF2R, RB1CC1, SH2B3, DNMT3A, RB1, PIK3CA, NPM1, PICALM, CREB1, MAD1L1, EP300, MXI1, JAK2, MTOR, GNB1, GNAI2, EXT1, ATM, EWSR1, ASCC1, APC, RUNX1, DICER1, ASXL1, GNAS, MSH3, BARD1, CALR, CASP8, ETV6, ERCC6, ABL1, BRAF, KRAS, MLLT10, PTPN11, PTPRJ, CDC73
HP:0002572	Episodic vomiting	26	0.008125	2.6994657258064514	5.684347027240325e-07	2.3296764091323194e-05	4.632704398067461	0.005847487786922122	MT-ND3, KRIT1, ADNP, MT-ND1, PDCD10, SEL1L, MT-ND5, MT-ND2, NFIX, POGZ, MT-CO3, PIK3CA, MT-CYB, UQCRC2, HNRNPK, MT-CO2, ZEB2, NDUFS1, CDK8, MT-CO1, CDC42BPB, NSD1, MT-ATP6, MARK2, MT-ND4, CDK13
HP:0000574	Thick eyebrow	65	0.0203125	2.665077627388535	5.526177798134359e-15	9.16899854990454e-13	12.037678095954952	5.6847791009408146e-11	SMARCA2, RNF125, IARS2, PPP1R21, DEPDC5, IGF1R, AUTS2, LEMD3, SMC3, SLC25A24, CNOT2, KMT2C, AFF4, MBD5, NOTCH2, TBCK, NBAS, PDCD6IP, ARID2, ANKRD11, RAD21, SMAD4, TASP1, CTCF, FRMD4A, TBL1XR1, HDAC8, VPS13B, SOX6, CREBBP, BCAS3, CHD1, MEF2C, ARID1A, NFIX, ZSWIM6, DNMT3A, WAC, RPS6KA3, EP300, TRPS1, SMC1A, SPECC1L, PHIP, SPEN, DENND5A, EXT1, BPTF, DOCK7, TRIO, FBXL4, CLCN3, MAP3K7, JARID2, BRD4, ATP6V1B2, NIPBL, ARID1B, ASCC3, TAF1, ACER3, KMT2A, RALGAPA1, DYM, CDK13
HP:0000194	Open mouth	50	0.015625	2.6381915983606556	1.1549382099226113e-11	1.0978962060149833e-09	8.95943871570164	1.1880849365473903e-07	CLTC, TCF20, LAMA2, ATRX, FOXP1, TBCK, AP1S2, TCF4, ASH1L, PUS7, CHD8, DST, DIS3L2, PIGF, CTCF, VPS13B, SIN3A, BCAS3, GRIA3, RAC1, MEF2C, NFIX, POGZ, ZSWIM6, UNC80, OGT, ANKLE2, REV3L, DPYD, RPS6KA3, PURA, HNRNPK, AGO2, ZEB2, MTOR, NGLY1, PIGN, DENND5A, KANSL1, TET3, EIF2S3, RAP1B, ATP6V1B2, CCDC88A, BRAF, SOX5, STRADA, MED13L, PDZD8, MBD5
HP:0000455	Broad nasal tip	67	0.0209375	2.629826600609756	4.669904534971853e-15	8.006551325209242e-13	12.096554508004061	4.803930795125545e-11	RFX7, XRCC4, RYR1, IGF1R, TPR, SMC3, NEK1, KAT6A, FOXP1, DYRK1A, KDM5A, ADNP, HDAC4, CTNNB1, ARID2, ACTB, RAB3GAP1, KDM6A, RAB3GAP2, PPP2CA, ZMYM2, CTCF, TBL1XR1, HDAC8, KDM3B, ZBTB20, ARID1A, EXT2, POGZ, ZSWIM6, WAC, WDR26, RPS6KA3, WASHC4, GLB1, PURA, HNRNPK, CASK, PHIP, ASXL2, FBXO11, BPTF, HS2ST1, CAPRIN1, TLK2, SETD2, DOCK7, APC, OFD1, EIF2S3, ATP6V1A, GATAD2B, MAP3K7, CPLANE1, PHF21A, CDC42BPB, YY1, NSD1, ATP6V1B2, NIPBL, ARID1B, FBXO28, TAF1, KMT2A, HUWE1, SUPT16H, DPYD
HP:0000219	Thin upper lip vermilion	133	0.0415625	2.6181832951070336	2.5342832814777085e-28	2.370015646960108e-25	24.62524878674686	2.6070172116561186e-24	SMARCA2, RFX7, CDK5RAP2, IGF1R, SLC25A24, USP9X, ADNP, ARID2, ANKRD11, HERC2, CDK13, KDM6A, SETD5, DSE, NCAPD3, FAR1, CTCF, VPS35L, TBL1XR1, SIN3A, CDC42, CDK6, ADARB1, CEP152, WDR26, PMM2, CEP135, SYT1, EXT1, PIGU, TRIO, CNTNAP2, ADGRG6, HK1, ZNF407, MBD5, TRAPPC9, SEC23A, TRAPPC10, ATRX, MED13, DYRK1A, NFIA, MCPH1, ZNF292, B4GALT1, SMAD4, MAPRE2, SEL1L, PPM1D, EXOC2, ACBD6, ARID1A, POGZ, GLIS3, WAC, MAF, EP300, TRPS1, MTOR, SPECC1L, SMC1A, ASXL2, SPEN, FBXO11, PIGN, HS2ST1, ANKRD17, TRIP12, RAP1B, PPP1CB, CDC42BPB, KCNMA1, NIPBL, PIGK, HUWE1, CLTC, TCF20, OPHN1, PACS2, MAPK1, TPR, SMC3, PRKDC, CNOT2, KAT6B, AFF4, PDCD6IP, TRRAP, CEP295, PACS1, CREBBP, KDM3B, UNC80, WASHC4, PURA, TNRC6B, TLK2, CAPRIN1, EEFSEC, CLCN3, GATAD2B, ASCC3, ARID1B, STAG2, KMT2A, RALA, CSNK2A1, EDEM3, KAT6A, AP3B1, CTNNB1, RAD21, SRRM2, DHX9, ACTB, CACNA1C, LMBRD1, TASP1, CHD2, HDAC8, MEF2C, OGT, ANKLE2, HNRNPC, CUX1, WNT5A, BPTF, CEP63, FIG4, ATP6V1B2, TAF1, AGO2
HP:0000722	Compulsive behaviors	43	0.0134375	2.611311910377358	4.5978843388857054e-10	2.937791067957593e-08	7.531979093930249	4.729843619411725e-06	TCF20, VPS13A, UBE3A, HTT, MAPK1, AUTS2, SMC3, PANK2, FOXP1, USP9X, BAZ1B, ADNP, HDAC4, NFIA, RAD21, TRRAP, SETD5, CLIP2, CTCF, HDAC8, CREBBP, PPM1D, SIN3A, FMR1, POGZ, EHMT1, CEP152, EP300, KDM4B, GRIA2, SMC1A, TLK2, GRIA1, TRIO, GTF2I, CLCN3, JARID2, BRD4, NIPBL, CHD7, ARID1B, AP1G1, PDZD8
HP:0000965	Cutis marmorata	30	0.009375	2.609670608108108	1.932253849477343e-07	8.494485192125396e-06	5.070862936393996	0.0019877095349573426	TGFBR2, PTEN, FTO, SMC3, NFIA, GUCY1A1, MAT2A, RAD21, RBPJ, SMAD4, RNASEH2B, LRRC8C, POLA1, HDAC8, NFIX, ARHGAP31, PIK3CA, RPS6KA3, SMC1A, AKT3, SAMHD1, ARL6IP6, BRD4, NIPBL, ABL1, TGFBR1, SMAD2, ARID1B, STAG1, ADAR
HP:0001182	Tapered finger	60	0.01875	2.5921560402684563	2.6358597126216205e-13	3.306718154114465e-11	10.480602820305288	2.711508886373861e-09	SMARCA2, TCF20, IARS2, TRAPPC9, MAPK1, ATRX, CHD4, SLC12A6, KMT2C, USP9X, DYRK1A, TBCK, ADNP, TCF4, PUM1, KMT2E, RNF13, SPOP, SLC25A46, SETD5, DSE, MAPRE2, ZMYM2, CTCF, HDAC8, VPS13B, CDC42, ACBD6, ZMIZ1, EHMT1, EXOC6B, UNC80, RPS6KA3, MAF, HECTD4, ACSL4, SMC1A, GNB1, PHIP, RUNX2, PIGN, FBXO11, SPEN, COPB1, WNK1, TRIO, EIF2S3, ASXL1, VAC14, FIG4, SMARCAD1, PHF21A, CDC42BPB, TRPM3, CCDC88A, DDX6, KMT2A, CNOT1, HUWE1, SUPT16H
HP:0000396	Overfolded helix	33	0.0103125	2.590575457317073	5.934042384076444e-08	2.8001602754584577e-06	5.55281710981668	0.0006104349400499438	RREB1, CSNK2A1, NFIA, CLIC2, TUBB, ACTB, KDM6A, TASP1, MAPRE2, CTCF, KIAA0586, CREBBP, ZMYND11, CBL, EFTUD2, CSPP1, NFIX, POGZ, AGO2, SMC1A, GNB1, ASXL2, PIGN, KANSL1, PPP2R3C, TRIO, JMJD1C, PPP1CB, DDX6, CHD7, MARK2, FOXP2, CDK13
HP:0100651	Type I diabetes mellitus	26	0.008125	2.574875	1.6852442846427999e-06	6.373569101514883e-05	4.1956173012576565	0.01733610795612048	MIA3, TTC7A, EIF2AK3, SEMA4D, MT-ND1, TCF4, CBLB, HLA-DQA1, DMXL2, STAT1, NPHP3, MT-ND5, DUT, MT-CO3, MT-CO2, PI4KA, EDA, LRBA, SPI1, STAT3, ITCH, MT-CO1, CNOT1, MT-ND4, HLA-DQB1, DNAJC3
HP:0002653	Bone pain	36	0.01125	2.574875	1.822429099758331e-08	9.373664074606976e-07	6.028090614412847	0.0001874732814921395	SCARB2, ZBTB16, MAP2K1, LEMD3, TET2, STAT5B, TNFRSF1A, NOTCH2, CCND1, TNFRSF11A, RAD21, GATM, SQSTM1, GNPTAB, PSAP, TBL1XR1, CBL, LPIN2, SNX10, NPM1, TRPS1, TGFB1, EXT1, HACE1, STAT3, RUNX1, ASXL1, GNAS, CLCN5, FIP1L1, BRAF, PTPN11, NDUFAF6, NUMA1, IRF2BP2, CDC73
HP:0000233	Thin vermilion border	54	0.016875	2.5559420955882355	7.800552253642456e-12	8.024428103321995e-10	9.095585909754483	8.024428103321994e-08	SMARCA2, XRCC4, IARS2, SEC23A, LIFR, FTO, LEMD3, SMC3, IGF1R, HNRNPU, NOTCH2, ADNP, HDAC4, NBAS, SON, RAD21, ACTB, CACNA1C, SHOC2, SMAD4, RAB3GAP1, KDM6A, SPOP, CTCF, NF1, GLUL, TBL1XR1, HDAC8, SCYL2, FMR1, CAMTA1, POGZ, DNMT3A, RAP1GDS1, RECQL, ACSL4, SMC1A, SPECC1L, PHIP, RUNX2, PIGN, NSD2, COG3, PPP2R3C, VAC14, FIG4, PPP1CB, PRORP, BRD4, NIPBL, ABL1, ERCC6, PRKACB, CDK13
HP:0002162	Low posterior hairline	45	0.0140625	2.5409950657894735	5.279985634161504e-10	3.3322216085042566e-08	7.477266123666765	5.431521221861939e-06	SMARCA2, RAF1, MAPK1, RPS28, MAP2K1, EDEM3, SMC3, SLC25A24, MBD5, ANKRD11, RAD21, ACTB, SHOC2, RAB3GAP1, KDM6A, RAB3GAP2, SPRED1, CTCF, NF1, HDAC8, CREBBP, CBL, SPRED2, SOS1, NFIX, RASA2, EP300, KDM4B, SMC1A, NSD2, PIK3C2A, APC, WASHC5, PPP1CB, BRD4, NIPBL, BRAF, ASCC3, KRAS, KMT2A, PTPN11, SOS2, HUWE1, PPARG, CDK13
HP:0000998	Hypertrichosis	43	0.0134375	2.5394409403669727	1.2981930320487883e-09	7.855595129815226e-08	7.104820907784522	1.3354511720685885e-05	SUZ12, SMARCA2, RNF125, RAF1, IARS2, MAPK1, SLC25A24, USP9X, CTNNB1, MT-ND1, ARID2, ACTB, RAB3GAP1, KDM6A, CTCF, MT-ND5, RAB18, ARID1A, NFIX, IL6ST, MT-CO3, DHRSX, VPS37A, GLB1, MT-CO2, ZEB2, HGSNAT, CTSC, ASXL2, TLK2, PIGU, ASXL1, FRA10AC1, MT-CO1, ATP6V1B2, SNX14, BRAF, SOX5, ARID1B, MARK2, MT-ND4, INSR, PPARG
HP:0003002	Breast carcinoma	28	0.00875	2.5386091549295777	9.56365006672695e-07	3.813227451024036e-05	4.418707289198254	0.009838126823642013	CHEK2, TGFBR2, PTEN, MRE11, MSH2, PMS1, CTNNB1, BRCA1, PRKN, SMAD4, NBN, RAD50, NF1, PPM1D, WRN, ESR1, RB1CC1, PIK3CA, ATM, APC, AAGAB, BARD1, GNAS, CASP8, ATR, KRAS, SDHB, MLH1
HP:0001974	Increased total leukocyte count	41	0.0128125	2.5135684523809525	4.457316019810194e-09	2.4520005291864956e-07	6.610479440424932	4.585240989578746e-05	XRCC4, TBK1, TTC7A, ATRX, ZBTB16, TET2, STAT5B, TNFRSF1A, ITGB2, ARPC5, SF3B1, NHLRC2, REL, TBL1XR1, OSTM1, CBL, LPIN2, SH2B3, TRAF3, NPM1, USP48, JAK2, CASK, TGFB1, DOCK11, OTULIN, STAT3, IFNGR1, NR3C1, RUNX1, ASXL1, CALR, LYN, USP8, FIP1L1, ABL1, CHD7, MICU1, BRAF, NUMA1, IRF2BP2
HP:0033725	Thin corpus callosum	57	0.0178125	2.513148544520548	4.690610319979251e-12	4.97446477954913e-10	9.303253639700701	4.8252308361626555e-08	SMARCA2, CLTC, GRIK2, PLP1, ROBO1, DEPDC5, CEP85L, MED27, WWOX, KPNA3, DYRK1A, ATP6AP2, HDAC4, TBCK, KAT6B, UBE3C, TUBB, PUM1, NT5C2, ATP11A, SLC25A46, GNPTAB, CTCF, AGTPBP1, NHLRC2, MACF1, KIF2A, GLUL, BCAS3, ITPR1, SPG11, RNF220, POGZ, DHRSX, TSEN15, DIAPH1, WDR26, CCDC47, GLB1, PI4KA, FRYL, NFIB, RERE, EEFSEC, COG3, CNTNAP2, RAP1B, FBXL4, ATP6V1A, CLCN3, CHKA, FBXO28, VRK1, MYT1L, EIF4A2, SUPT16H, SYNJ1
HP:0000957	Cafe-au-lait spot	33	0.0103125	2.4991433823529414	1.6382841726358898e-07	7.29568367268632e-06	5.136934004474736	0.0016853029283905399	SMARCA2, FANCC, RAF1, CWC27, MAPK1, PTEN, MAP2K1, CEP57, CHD8, SHOC2, STEAP3, KDM6A, NBN, SPRED1, NF1, SLF2, TSC1, CREBBP, ANAPC1, CBL, EP300, MAX, MTOR, PHIP, COPB1, ATM, KANSL1, CAPRIN1, PPP1CB, FANCL, BRAF, PTPN11, UBR1
HP:0012450	Chronic constipation	45	0.0140625	2.4758413461538464	1.4168585294580396e-09	8.424984793372749e-08	7.074430874333213	1.4575223692534853e-05	PPP1R21, GIGYF2, LRRK2, USP9X, MED13, TNFRSF1A, ADNP, USP7, ZNF292, SLC25A36, HERC2, MECP2, ASH1L, SPOP, VPS35, FAR1, CTCF, CREBBP, ARSB, FGF12, CAMTA1, POGZ, EHMT1, EP300, SNCA, NGLY1, PAK2, IPO8, NSD2, HS2ST1, TANC2, GRIA1, TRIO, OPA1, PPP1CB, GATAD2B, TAOK1, SPART, ABL1, FBXO28, DNAJC13, UGP2, MARK2, SUPT16H, KMT5B
HP:0002553	Highly arched eyebrow	81	0.0253125	2.459491450471698	9.215403352400594e-16	1.8230548901181714e-13	12.739200255033145	9.47988542861449e-12	SMARCA2, IGF1R, RNF2, PIBF1, HDAC4, ANKRD11, CHD8, CDK13, KDM6A, FAR1, CTCF, FRMD4A, VPS35L, CDC42, LRPPRC, CSPP1, ZEB2, CHSY1, TRIO, MBD5, ROBO1, TBCK, SMAD4, SPOP, SUFU, ACBD6, NFIX, POGZ, RPS6KA3, EP300, CASK, SPECC1L, SMC1A, SPEN, ASXL2, NSD2, FBXO11, SETD2, PPP2R3C, OFD1, CPLANE1, PPP1CB, CDC42BPB, BRD4, HSPA9, NIPBL, DDX6, UGP2, SUPT16H, CEP290, CAMK2G, MAPK1, AUTS2, SMC3, AFF4, PUS7, TRRAP, CEP295, PACS1, CREBBP, RAC1, EHMT1, WASHC4, HNRNPH1, STAG2, ARL13B, KMT2A, STRADA, CSNK2A1, TOGARAM1, MED27, RAD21, ACTB, TASP1, KIAA0586, HDAC8, CBL, ZSWIM6, RAP1GDS1, CHD7, KAT6A
HP:0100716	Self-injurious behavior	58	0.018125	2.4562952302631578	1.574019103681118e-11	1.420345133295409e-09	8.847606112466783	1.6191934519567662e-07	SCAF4, LUZP1, RFX7, VPS13A, GRM7, ATRX, FOXP1, KMT2C, NIPA2, HDAC4, CTNNB1, AP1S2, TCF4, HERC2, CHD8, KMT2E, SPOP, RTTN, PPP2CA, DMXL2, TSC1, CREBBP, GRIA3, FBXW11, FMR1, ACBD6, ZBTB20, NFIX, POGZ, EHMT1, SHQ1, CEP152, WAC, DPYD, RPS6KA3, UBE4B, WASHC4, EP300, GRIA2, CASK, SPEN, SYT1, RERE, GRIA1, CRBN, TRIO, HPRT1, CLCN3, ATP6V0A1, CDC42BPB, TAOK1, NIPBL, CHKA, SOX5, ELP2, GLS, AP1G1, MBD5
HP:0004691	2-3 toe syndactyly	35	0.0109375	2.448930027173913	1.263753254223841e-07	5.726973447665486e-06	5.242074830429379	0.0013000229726200653	RALA, SMC3, CERT1, SLC12A6, CNOT2, KDM5A, ADNP, TBCK, RAD21, RBPJ, SMAD4, SIK3, CSGALNACT1, NBN, MAPRE2, LRRC8C, CTCF, ITPR1, FBXW11, MEF2C, ZMIZ1, LMBR1, FDFT1, NEDD4L, PHIP, SYT1, TRIO, JARID2, NSD1, NIPBL, DDX6, SOX5, STAG1, KMT2A, AP1G1
HP:0007141	Sensorimotor neuropathy	36	0.01125	2.4393552631578945	9.431170401012191e-08	4.350603135211319e-06	5.3614505315196865	0.0009701844991521242	MT-ND3, LAMA2, SCARB2, IFRD1, IARS2, MRE11, MT-ND1, LITAF, SLC25A46, ABHD12, PSAP, MT-ND5, SPG11, MT-ND2, PIK3R5, ATP1A1, MT-CO3, HSD17B4, MT-CO2, DNM1L, SPTLC2, NGLY1, SETX, PDK3, GDAP1, VPS41, VPS13D, RAB7A, SACS, OPA1, MT-CO1, MT-ATP6, VRK1, RFC1, MT-ND4, DNAJC3
HP:0000733	Motor stereotypy	74	0.023125	2.4303667091836734	2.8871462883020475e-14	4.1831089954596e-12	11.37850081925634	2.9700073867763164e-10	SMARCA2, LUZP1, RFX7, GRIK2, OPHN1, HTT, TCF20, DEPDC5, ATRX, AUTS2, CEP85L, CERT1, FOXP1, PACS2, KAT6A, DYRK1A, NAA15, ADNP, HDAC4, THOC2, ARID2, TCF4, AP4E1, ASH1L, PUS7, MECP2, NPC2, SQSTM1, RTTN, SETD5, PPP2CA, ZMYM2, CTCF, POLA1, MACF1, CHD1, CREBBP, FBXW11, RAC1, MEF2C, ZBTB20, EXT2, HNRNPR, EHMT1, CAMTA1, POGZ, WDR26, UBE4B, EP300, GRIA2, ZEB2, SMC1A, SPEN, SYT1, NSD2, RERE, TANC2, DOCK7, TRIO, CNTNAP2, CLCN3, KYNU, TAOK1, NIPBL, DDX6, SOX5, FBXO28, ELP2, KMT2A, MARK2, MYT1L, PSEN1, HUWE1, MBD5
HP:0000414	Bulbous nose	77	0.0240625	2.4297227328431372	8.635087132960375e-15	1.3458960808600513e-12	11.870988471502342	8.882914133676338e-11	SMARCA2, USP9X, SETD5, CDC42, RBMX, CLPB, CAMTA1, C2CD3, KDM4B, EXT1, RERE, CSF1R, TRIO, CNTNAP2, YY1, HK1, SOX5, MED13L, MBD5, DYRK1A, TBCK, ZNF292, SPOP, SLC25A46, DDX3X, FMR1, MTX2, WAC, TRPS1, SPEN, FBXO11, KANSL1, DOCK7, CDK19, RAP1B, MAP3K7, HUWE1, TCF20, RREB1, SMC3, KAT6B, SMS, CLIC2, TRRAP, PACS1, MIPEP, UNC80, SMC5, CCDC47, ATP6V1A, CLCN3, FRA10AC1, JARID2, TRPM3, STAG2, KMT2A, MYT1L, SCAF4, DYNC1I2, EDEM3, CEP57, AP4E1, RAD21, SRRM2, ACTB, ZMYM2, SCYL2, EXT2, RAP1GDS1, CUX1, JMJD1C, ATP6V1B2, SNX14, BRAF, TAF1, MARK2, CDK13
HP:0200055	Small hand	43	0.0134375	2.428061951754386	1.0653186529062828e-08	5.619965632024067e-07	6.250266340279327	0.00010958932982446931	HTT, ALG13, IGF1R, SMC3, RNF2, USP9X, AFF4, ADNP, HDAC4, CTNNB1, USP7, SON, TCF4, PUM1, RAD21, HERC2, MECP2, CHD6, KDM6A, CSGALNACT1, CTCF, GALNT2, HDAC8, PPM1D, SIN3A, WRN, FMR1, ACBD6, XYLT1, WDR26, SMC1A, NGLY1, SPECC1L, PIGN, FBXO11, WNT5A, BPTF, BRD4, NIPBL, FBXO28, KMT2A, EIF4A2, HUWE1
HP:0000294	Low anterior hairline	55	0.0171875	2.4249678938356167	7.45993121578064e-11	5.7699483020101835e-09	8.23882807804917	7.674031241673544e-07	SMARCA2, XRCC4, SMC3, SLC25A24, TCF12, SLC12A6, NOTCH2, ARID2, ANKRD11, RAD21, ASH1L, BRCA1, RPS19, SPOP, NBN, RAB3GAP2, SETD5, RPL18, MAPRE2, RPS24, FRMD4A, PACS1, HDAC8, VPS13B, CREBBP, LRPPRC, RAB18, ARID1A, EP300, SMC1A, SPEN, RPL35, CAPRIN1, RPL9, PIK3C2A, TRIO, CNTNAP2, DOCK7, RPL5, ASXL1, CLCN3, MAP3K7, RPS29, CDC42BPB, TRPM3, BRD4, ATP6V1B2, NIPBL, ARID1B, STAG2, MED13L, RALGAPA1, INSR, PPARG, RPS28
HP:0001892	Abnormal bleeding	53	0.0165625	2.402612235915493	2.2312842081251545e-10	1.4904688733106146e-08	7.8266770892661	2.2953220648983465e-06	TGFBR2, RAF1, RYR1, SCARB2, ZBTB16, ALG13, ATRX, MAP2K1, PTEN, TET2, STAT5B, B4GALT1, SMAD4, SLC25A13, SF3B1, DSE, TBL1XR1, CBL, SPRED2, BMPR1A, ANO6, CLPB, SOS1, LMAN1, SH2B3, MYH9, HPS3, NPM1, RASA1, STIM1, RASA2, JAK2, NEDD4L, IPO8, LYST, HACE1, STAT3, FLI1, F13A1, CALR, TGFBR1, FIP1L1, BRAF, FYB1, SMAD2, ARFGEF2, KRAS, PTPN11, SOS2, P2RY12, NUMA1, PTPRJ, IRF2BP2
HP:0007018	Attention deficit hyperactivity disorder	157	0.0490625	2.400566359857482	5.213864585429913e-28	4.125771153101348e-25	24.384494864996316	5.363502499031752e-24	SMARCA2, RFX7, PPP1R12A, ADNP, HDAC4, ARID2, ANKRD11, HERC2, CHD8, CSGALNACT1, SETD5, CNKSR2, CTCF, TSC1, SIN3A, BMPR1A, ZBTB20, CAMTA1, PIK3CA, KDM4B, RSRC1, HNRNPK, GLUD1, RERE, GRIA1, CRBN, TRIO, CNTNAP2, CDK8, NSD1, UBE4A, YY1, GNAQ, SOX5, MLH1, TBL1X, SLC1A2, YME1L1, SCAPER, PPP1R21, YWHAG, PANK2, MED13, NIPA2, DYRK1A, NFIA, KPNA3, ZNF292, SLC25A36, SHOC2, NBN, SPRED1, SLF2, SOX6, PPM1D, CTSH, FMR1, ZMIZ1, POGZ, HNRNPR, GABRB3, WAC, FRYL, SMC1A, SPEN, PHIP, ATM, KANSL1, ANKRD17, FLI1, CELF2, CDK19, CDC42BPB, BRD4, NIPBL, SUPT16H, CLTC, TGFBR2, RREB1, OPHN1, MAPK1, PACS2, AUTS2, SMC3, MSH2, FOXP1, PPP3CA, NAA15, PUS7, CACNA1B, PPP2CA, THRB, NF1, ANAPC1, KDM3B, FGF12, EHMT1, HLA-DRB1, SMC5, NPAT, TNRC6B, TLK2, CAPRIN1, RPL17, ATP6V1A, ATP6V0A1, PHF21A, JARID2, ASCC3, DISP1, STAG2, MYT1L, SYNJ1, KMT5B, PDZD8, GRIK2, UBE3A, CHEK2, DYNC1I2, RIC1, CSNK2A1, PTEN, DEPDC5, WWOX, BAZ1B, PMS1, USP7, RAD21, SRRM2, CACNA1C, CLIP2, CHD2, ZMYM2, POLA1, HDAC8, PRNP, NSUN6, GNB1, NFIB, TANC2, GTF2I, JMJD1C, FANCL, SH3KBP1, TAOK1, CHD7, TRAK1, FBXO28, KRAS, TAF1, MARK2, DHTKD1, EIF4A2, HLA-DQB1, CACNA1A, TET3, AGO2
HP:0000448	Prominent nose	42	0.013125	2.3925829646017696	2.100302694302573e-08	1.0539421373800277e-06	5.977183231729133	0.0002160581381629057	CDK5RAP2, OPHN1, DYNC1I2, USP9X, KAT6B, AP1S2, PUM1, ASH1L, ACTB, SPOP, NBN, SETD5, NIN, SLF2, SOX6, CREBBP, ITPR1, PEX3, COG5, NFIX, UNC80, LMBR1, SMC5, STIM1, PMM2, HNRNPC, EP300, DENND5A, FBXO11, ASPH, BPTF, COG3, CDK19, SPART, ATR, ERCC6, STAG2, ACER3, MARK2, PLAGL1, FOXP2, MBD5
HP:0100660	Dyskinesia	68	0.02125	2.3919603825136613	7.095289119947645e-13	8.689195140107312e-11	10.061020449373936	7.298923917690142e-09	MT-ND3, CLTC, CHEK2, TGFBR2, IARS2, PACS2, GRM7, GIGYF2, LRRK2, NDUFS4, MSH2, YWHAG, WWOX, PPP3CA, PMS1, MT-ND1, SLC1A2, PRKN, SQSTM1, CACNA1B, VPS35, DMXL2, CNKSR2, DDX3X, SLC20A2, SYNJ1, SLC30A9, MT-ND5, BCAS3, ITPR1, BMPR1A, LRPPRC, MT-ND2, FGF12, UNC80, ATG7, PNPT1, GABRB3, PIK3CA, WIPI2, XPR1, NPAT, PURA, CASK, PDE10A, SNCA, SYT1, VPS13C, ATXN10, ATM, IREB2, SIL1, CELF2, CDK19, ATP6V1A, GNAS, MT-ATP6, CHKA, TRAK1, FBXO28, KRAS, DNAJC13, MLH1, FTL, MT-ND4, STX16, CACNA1A, GRIN2B
HP:0001007	Hirsutism	52	0.01625	2.3909553571428575	3.9047826973017847e-10	2.5263207300090226e-08	7.597511514259375	4.016849960714346e-06	ATRX, MAP3K1, SMC3, ALMS1, CNOT2, NOTCH2, ADNP, TBCK, ARID2, PUM1, KDM6A, TASP1, FUT8, SOX6, HDAC8, CREBBP, FRMD4A, ARSB, LRPPRC, ARID1A, HNRNPR, XYLT1, WAC, WDR26, USP48, RECQL, EP300, GLB1, HGSNAT, SMC1A, SPEN, IPO8, RIN2, FBXO11, COPB1, SETD2, TRIO, OFD1, NR3C1, ASXL1, MAP3K7, GNAS, ATP6V1B2, USP8, NIPBL, BRAF, ERCC6, ARID1B, TAF1, EIF4A2, INSR, PPARG
HP:0000582	Upslanted palpebral fissure	124	0.03875	2.3756287202380952	7.345033251241691e-22	3.777917852776164e-19	18.422747489631202	7.555835705552327e-18	FANCC, RFX7, CDK5RAP2, IGF1R, USP9X, HNRNPU, PPP1R12A, ADNP, HDAC4, ANKRD11, HERC2, CDK13, SETD5, NCAPD3, CTCF, ITPR1, CDC42, CDK6, PEX14, PEX3, ADARB1, CEP152, WDR26, PMM2, HECTD4, KDM4B, CEP135, ZNF148, COPB1, RERE, TRIO, CNTNAP2, ASXL1, ABL1, MED13L, PPP1R21, ATRX, TRAPPC10, DYRK1A, NFIA, TBCK, MCPH1, ZNF292, NBN, MAPRE2, HERC1, EXOC2, ZMIZ1, ACBD6, NFIX, POGZ, HNRNPR, MAF, EP300, SPECC1L, FRYL, SMC1A, SPEN, PIGN, NSD2, PHIP, KANSL1, HS2ST1, ANKRD17, TRIP12, SETD2, RAP1B, VAC14, PPP1CB, MAP3K7, CDC42BPB, HUWE1, DPYD, CLTC, RREB1, EIF2AK3, AUTS2, CERT1, NDUFS4, CNOT2, PDCD6IP, SMS, TCF4, TUBB, TRRAP, CEP295, LRRC8C, SLC30A9, CREBBP, EHMT1, PURA, TLK2, GATAD2B, JARID2, TRPM3, ARID1B, UBR1, XRCC4, CHD4, DYNC1I2, WWOX, AP3B1, RAD21, ACTB, DHX9, BRCA1, MECP2, RTTN, POLA1, ZMYND11, MEF2C, EFTUD2, HSD17B4, ANKLE2, RFWD3, AGO2, WNT5A, BPTF, CEP63, JMJD1C, FIG4, FANCL, EIF4A2, C2CD3
HP:0006610	Wide intermamillary distance	46	0.014375	2.368885	5.554581699324467e-09	3.007367470576357e-07	6.521813502164535	5.7139981940950795e-05	SMARCA2, RAF1, WLS, IGF1R, MAP2K1, CERT1, WDR37, TOGARAM1, KAT6A, ADNP, HDAC4, SMS, TUBB, ASH1L, MAPRE2, GNPTAB, NF1, KIAA0586, TBL1XR1, PACS1, CBL, SPRED2, EXOC2, SOS1, RAB18, CSPP1, RASA2, HNRNPK, ZNF148, PIGN, NSD2, LBR, KANSL1, WDR11, RPL17, ASXL1, PPP1CB, ERCC6, CHD7, BRAF, KRAS, EED, PTPN11, SOS2, GRIP1, CDK13
HP:0012471	Thick vermilion border	57	0.0178125	2.3672237903225803	8.140238817281891e-11	6.183236365229607e-09	8.208784151503247	8.373863671337881e-07	RAF1, CWC27, PPP1R21, ATRX, EDEM3, AUTS2, RNF2, FOXP1, PPP3CA, USP9X, TBCK, AP1S2, TCF4, ANKRD11, PUS7, ZMYM2, GNPTAB, NF1, GALNT2, VPS13B, BCAS3, GRIA3, CBL, SPRED2, SOS1, ARID1A, NFIX, OGT, XYLT1, EPG5, WDR26, HECTD4, CCDC47, ACSL4, SEC31A, ORC4, SPEN, EDA, RIN2, FBXO11, MCM5, GRIA1, DOCK7, TRIO, OFD1, CNTNAP2, EIF2S3, RPL17, FRA10AC1, JARID2, ATP6V1B2, SNX14, BRAF, STAG2, MARK2, INSR, SUPT16H
HP:0000752	Hyperactivity	78	0.024375	2.357279929577465	4.2859124114641135e-14	5.957997429288018e-12	11.224899688507056	4.408918097673134e-10	ADNP, HDAC4, ARID2, HERC2, DMXL2, CNKSR2, TSC1, SIN3A, CAMTA1, HGSNAT, GRIA1, CNTNAP2, ATR, MED13L, AP1G1, FOXP2, YME1L1, MBD5, VPS13A, TRAPPC9, GRM7, ATRX, PANK2, DYRK1A, ASH1L, SHOC2, SMAD4, SLC25A13, NBN, SPRED1, CUL3, MANBA, DDX3X, LNPK, FMR1, NFIX, ARID1A, ATP1A1, POGZ, GABRB3, EP300, CASK, MTOR, NSD2, FBXO11, KANSL1, TRIP12, CHKA, HUWE1, DPYD, DENND5A, TCF20, OPHN1, HTT, AUTS2, PDCD6IP, UBE3C, PUS7, THRB, CREBBP, RAC1, CLCN3, ATP6V0A1, GATAD2B, ARID1B, STAG2, MICU1, KMT2A, DYM, UBE3A, FRMPD4, MECP2, CHD2, ZSWIM6, TTI1, AQP4, KRAS, CACNA1A
HP:0001357	Plagiocephaly	53	0.0165625	2.3529030172413794	4.783296929211332e-10	3.037393550049196e-08	7.517498933619585	4.920577551079698e-06	SMARCA2, TCF20, PPP1R21, MAPK1, SMC3, KAT6A, PPP3CA, KMT2C, AFF4, ADNP, USP7, ARID2, ZNF292, HERC2, ATP2B1, DYNC1H1, PPP2CA, RNASEH2B, GNPTAB, SCYL2, RAC1, ZBTB20, NFIX, POGZ, EHMT1, UNC80, ADARB1, MAF, CCDC47, CUX1, HNRNPK, AGO2, CASK, CHSY1, FBXO11, KIDINS220, SAMHD1, FBXL4, CLCN3, PHF21A, CDC42BPB, TRPM3, ERGIC1, ARID1B, FOXP2, HNRNPH1, KRAS, SUPT16H, EIF4A2, MED13L, CBFB, ADAR, CDK13
HP:0012469	Infantile spasms	57	0.0178125	2.352049278846154	1.0710882123080246e-10	7.814386127668545e-09	8.10710513304307	1.1018284440012649e-06	MT-ND3, KCNQ5, IARS2, MAPK1, GRM7, ALG13, DEPDC5, CEP85L, ARFGEF1, HDAC4, MT-ND1, ATP2B1, MECP2, RNF13, HIBCH, DMXL2, CUL3, GLUL, SEL1L, MACF1, TSC1, MT-ND5, ATAD1, PAFAH1B1, SUCLA2, ACBD6, MT-ND2, TSEN15, GABRB3, KDM4B, CASK, PI4KA, SMC1A, NGLY1, GNB1, NEDD4L, ATP6V0C, CDC40, CAPRIN1, ASAH1, DOCK7, CNTNAP2, FBXL4, CDK19, ATP6V1A, TRPM3, VPS53, GNAQ, MT-ATP6, HK1, FBXO28, TANGO2, EIF4A2, STRADA, RALGAPA1, MT-ND4, GRIN2B
HP:0001655	Patent foramen ovale	50	0.015625	2.349338503649635	1.5770766325589998e-09	9.217833704053653e-08	7.03537113110663	1.622338731913443e-05	TGFBR2, WLS, ROBO1, IGF1R, SMC3, WDR37, AFF4, CACNA1C, KDM6A, TRRAP, CSGALNACT1, CEP295, DSE, TASP1, CACNA1D, GNPTAB, NF1, STAT1, PACS1, CREBBP, FBXW11, RAC1, MTX2, POGZ, EHMT1, EP300, MAX, PLD1, FRYL, IPO8, PIGN, RERE, ASCC1, CDK8, FBXL4, FIG4, MAP3K7, FRA10AC1, PPP1CB, CDC42BPB, STK4, YY1, HSPA9, NIPBL, DDX6, KRAS, STAG2, MED13L, TRIP4, AGO2
HP:0000709	Psychosis	47	0.0146875	2.345331879844961	5.209488713369999e-09	2.8354502854199567e-07	6.547377962892904	5.3590010394437176e-05	VPS13A, ATRX, PANK2, SLC12A6, MT-ND1, ATXN7, HERC2, CHD8, MECP2, SMAD4, NPC2, TRRAP, SLC25A13, SQSTM1, CHD2, ZMYM2, SLC20A2, MT-ND5, SPG11, CTSH, PRNP, EHMT1, MT-CO3, GABRB3, HLA-DRB1, XPR1, RPS6KA3, USP48, DNMT1, MT-CO2, ITM2B, EPM2A, NR3C1, PSEN1, GNAS, MT-CO1, PRORP, JARID2, BRD4, USP8, SPART, BRAF, FTL, FCGR2A, MT-ND4, HLA-DQB1, CACNA1A
HP:0000729	Autistic behavior	160	0.05	2.3354875283446717	3.5844269609717255e-27	2.304562509219759e-24	23.637411507525997	3.687300014751614e-23	SMARCA2, RFX7, TCF12, USP9X, ADNP, HDAC4, THOC2, AP1S2, ARID2, HERC2, KDM6A, SETD5, DMXL2, CTCF, TBL1XR1, TSC1, SIN3A, FBXW11, COG5, CAMTA1, WDR26, KDM4B, HEXB, RSRC1, SYT1, SBF2, RERE, GRIA1, CDK8, TRIO, CNTNAP2, PRORP, NSD1, UBE4A, YY1, GNAQ, UBA2, MED13L, AP1G1, FOXP2, MBD5, PCYT1A, GRM7, ALMS1, CEP85L, MED13, NIPA2, DYRK1A, SON, ZNF292, ASH1L, CUL3, DDX3X, SLF2, SOX6, GALNT2, CHD1, PPM1D, GRIA3, ZMIZ1, ACBD6, NFIX, ARID1A, ATP1A1, POGZ, ATG7, GABRB3, WAC, ACSL4, EP300, MAX, CASK, MTOR, SPECC1L, SMC1A, SPEN, NSD2, FBXO11, KANSL1, ANKRD17, TRIP12, SETD2, CELF2, CDC42BPB, NIPBL, CHKA, STAG1, SUPT16H, IQCB1, CEP290, DPYD, TCF20, OPHN1, PACS2, AUTS2, FOXP1, KMT2C, NAA15, UBE3C, TCF4, EFL1, TRRAP, PPP2CA, NF1, PACS1, VPS13B, RIMS2, CREBBP, RAC1, KDM3B, EHMT1, GRIA2, TNRC6B, TLK2, CAPRIN1, CLCN3, ATP6V0A1, FRA10AC1, GATAD2B, PHF21A, JARID2, TRPM3, ARID1B, ZBTB7A, STAG2, MYT1L, KMT5B, PDZD8, SCAF4, GRIK2, UBE3A, RALA, PTEN, DEPDC5, TOGARAM1, KAT6A, FRMPD4, KDM5A, USP7, CTNNB1, SRRM2, ATP2B1, MECP2, CHD2, ZMYM2, POLA1, MEF2C, ZSWIM6, EXT2, ADGRV1, TANC2, TAOK1, ATP6V1B2, SNX14, MBOAT7, TAF1, MARK2, CACNA1A, TET3, AGO2
HP:0002354	Memory impairment	51	0.0159375	2.328344414893617	1.5188998528974982e-09	8.928527306718037e-08	7.04922016880576	1.5624922786756565e-05	CHEK2, TGFBR2, HTT, ATRX, MSH2, NIPA2, PMS1, MT-ND1, ATXN1, SLC25A13, SQSTM1, NF1, SLC20A2, PSAP, SUFU, MT-ND5, SPG11, FMR1, BMPR1A, PRNP, CAMTA1, MT-CO3, HLA-B, ATXN3, XPR1, PIK3CA, CYLD, USP48, NPAT, DNMT1, MT-CO2, APOE, UBAC2, FGF14, ATM, SPAST, CSF1R, IFNGR1, NR3C1, GNAS, MT-CO1, PRORP, MT-ND4, USP8, SORL1, BRAF, TLR4, KRAS, MLH1, PSEN1, HLA-DQB1
HP:0001269	Hemiparesis	35	0.0109375	2.322696520618557	6.376985172678706e-07	2.5725508420135628e-05	4.589636033402168	0.006560004647134585	TBK1, MT-ND1, GUCY1A1, RBPJ, SPOP, TPP2, SUFU, TSC1, MT-ND5, SLC1A3, PRNP, DCC, MT-CO3, ARHGAP31, HLA-B, PIK3CA, GBE1, MT-CO2, DNM1L, MTOR, UBAC2, AKT3, IFNGR1, OPA1, MT-CO1, PRORP, GNAQ, TLR4, KRAS, SP110, MARK2, MT-ND4, HLA-DQB1, CACNA1A, MT-CYB
HP:0000322	Short philtrum	92	0.02875	2.3043628404669265	1.0520645779337464e-15	1.9677433296735363e-13	12.706031551116151	1.082258831320445e-11	SMARCA2, RNF2, AP1S2, ARID2, CDK13, RAB3GAP1, RAB3GAP2, SETD5, CTCF, SIN3A, CDC42, TMLHE, WDR26, HECTD4, KDM4B, ZEB2, KIDINS220, IREB2, TRIO, APC, CNTNAP2, TRAPPC9, WLS, SON, ZNF292, ASH1L, SMAD4, SUFU, GALNT2, GRIA3, ACBD6, MTX2, RAB18, NFIX, ARID1A, POGZ, STIM1, FRYL, SMC1A, SPEN, PHIP, NSD2, FBXO11, ANKRD17, TRIP12, DOCK7, ITCH, VAC14, MAP3K7, CDC42BPB, PRKACB, HUWE1, DENND5A, RREB1, OPHN1, AUTS2, PPP3CA, NSRP1, SMS, TCF4, PUS7, TRRAP, PPP2CA, VPS13B, CREBBP, UNC80, RUNX2, CLCN3, GATAD2B, PHF21A, JARID2, TRPM3, ARID1B, DISP1, STAG2, RALA, EDEM3, AP4E1, BCAS3, MEF2C, EXT2, RAP1GDS1, GNB1, WNT5A, BPTF, JMJD1C, FIG4, TAOK1, MARK2, EIF4A2, GRIA4, KAT6A
HP:0000348	High forehead	112	0.035	2.296066878980892	1.1591607797726308e-18	3.7263396692253294e-16	15.428717560135777	1.1924286941521053e-14	IARS2, HNRNPU, THOC2, AP1S2, ARID2, ANKRD11, KDM6A, SETD5, DIS3L2, CNKSR2, CTCF, FUT8, TBL1XR1, NPHP3, SIN3A, PEX14, PEX3, PIK3CA, SYT1, AKT3, PIGU, TRIO, APC, NSD1, UBA2, YWHAE, SOS2, SLC1A2, PPP1R21, WLS, MAP2K1, YWHAG, MTM1, SOX6, GALNT2, SLC1A3, SPRED2, PAFAH1B1, MTX2, SOS1, NFIX, STIM1, MAF, RASA2, MTOR, PHIP, NSD2, FBXO11, KANSL1, FLI1, SETD2, CELF2, CDK19, VAC14, PPP1CB, WASHC5, CDC42BPB, HUWE1, SUPT16H, LBR, CLTC, TCF20, CAMK2G, PACS2, MAPK1, WDR37, PPP3CA, PDCD6IP, NSRP1, CACNA1B, GNPTAB, FGF12, UNC80, CTNND1, PURA, RPL17, ATP6V1A, FRA10AC1, ETFA, ASCC3, HNRNPH1, KMT2A, STRADA, SYNJ1, KMT5B, XRCC4, RAF1, WWOX, FRMPD4, BAZ1B, CEP57, ACTB, CLIP2, CBL, MEF2C, EXT2, HSD17B4, RAP1GDS1, RIN2, NFIB, GTF2I, FIG4, TAOK1, ATP6V1B2, BRAF, TRAK1, FBXO28, KRAS, PTPN11, MARK2, CACNA1A, TET3
HP:0001773	Short foot	52	0.01625	2.2926969178082195	2.4199056150674274e-09	1.3677785199010234e-07	6.863984220870357	2.4893569062198626e-05	LUZP1, CAMK2G, HTT, IGF1R, SMC3, CERT1, RNF2, USP9X, DYRK1A, HDAC4, USP7, SON, RAD21, HERC2, MECP2, SMAD4, CHD6, TRRAP, DYNC1H1, ZMYM2, IFT80, TBL1XR1, HDAC8, GALNT2, PPM1D, SIN3A, FMR1, HNRNPR, TRIP11, LMBR1, WDR26, UBE4B, CCDC47, KDM4B, CHSY1, TRPS1, SMC1A, NGLY1, SPEN, PIGN, FBXO11, DYNC2H1, RERE, FBXL4, MAP3K7, BRD4, SPART, NIPBL, ASCC3, HUWE1, TTC21B, MBD5
HP:0000687	Widely spaced teeth	44	0.01375	2.284163306451613	5.527705513308749e-08	2.6204380928759033e-06	5.581626095927032	0.000568635066154071	SMARCA2, UBE3A, CDK5RAP2, PACS2, MAPK1, LRP6, SMC3, MED27, CERT1, DYRK1A, ADNP, HDAC4, TCF4, RAD21, MECP2, KDM6A, CEP295, TBL1XR1, HDAC8, BCAS3, CDC42, ZSWIM6, WDR26, RPS6KA3, CCDC47, GLB1, ZEB2, SMC1A, EDA, TTI1, KANSL1, TANC2, CNTNAP2, CDK19, EIF2S3, PPP1CB, CDC42BPB, BRD4, ATP6V1B2, ACVR1, NIPBL, HK1, MED13L, MBD5
HP:0000341	Narrow forehead	66	0.020625	2.2598636968085106	3.699714701930194e-11	3.094224808028935e-09	8.50944813622823	3.80589651387559e-07	RYR1, CAMK2G, PPP1R21, MAPK1, TRAPPC9, ATRX, SMC3, WWOX, SLC12A6, USP9X, AFF4, DYRK1A, ATP6AP2, TBCK, NBAS, SON, TCF4, AP4E1, PUM1, HERC2, SHOC2, RNF13, RAB3GAP1, SPOP, SLC25A46, SETD5, GNPTAB, CTCF, NF1, FUT8, SOX6, FRMD4A, CDC42, SPRED2, POGZ, EPG5, WDR26, RARS2, CCDC47, MAD1L1, KDM4B, HNRNPK, PURA, FRYL, SMC1A, ZNF148, SPEN, PIGN, HS2ST1, PIGU, NUP107, PPP2R3C, DOCK7, CNTNAP2, ASXL1, PPP1CB, FRA10AC1, CCDC88A, VPS53, NIPBL, DDX6, ABL1, BRAF, UGP2, MED13L, KAT6A
HP:0001876	Pancytopenia	44	0.01375	2.247906746031746	7.688255140380369e-08	3.578691431180672e-06	5.446275746570258	0.0007908908062909285	FANCC, XRCC4, SCARB2, ZBTB16, IKZF1, TET2, STAT5B, SAMD9L, PTPRC, EFL1, SF3B1, LMBRD1, FARSB, XIAP, TBL1XR1, OSTM1, CBL, ACBD6, PCCA, DUT, RPA1, HLA-DRB1, NPM1, JAK2, LYST, LRBA, RAB27A, CIITA, STAT3, RPL17, RUNX1, ITCH, RAP1B, ASXL1, GNAS, CALR, HAVCR2, FIP1L1, ATR, KRAS, DHFR, SP110, NUMA1, IRF2BP2
HP:0000248	Brachycephaly	92	0.02875	2.2432623106060605	6.86836774180283e-15	1.1039827962488392e-12	11.957037694317338	7.065489895992571e-11	RFX7, SLC25A24, TCF12, USP9X, ADNP, HDAC4, NBAS, ANKRD11, RAB3GAP1, CHD6, RAB3GAP2, SETD5, DSE, CTCF, TBL1XR1, LRPPRC, ZBTB20, ADARB1, WDR26, PNPLA6, TAPT1, ASPH, KIDINS220, RERE, ABL1, MED13L, RALGAPA1, MBD5, TRAPPC9, NEK1, TBCK, SPOP, DDX3X, SUFU, GALNT2, GRIA3, MTX2, RAB18, POGZ, HNRNPR, WAC, MAF, UBE4B, SPECC1L, RNF216, SMC1A, SPEN, FBXO11, ANKRD17, TRIP12, WASHC5, BRD4, HSPA9, NIPBL, SMAD2, HUWE1, LUZP1, TCF20, TGFBR2, AUTS2, SMC3, SLC12A6, KMT2C, SMS, TUBB, EHMT1, UNC80, CCDC47, RUNX2, CLCN3, PHF21A, ARID1B, XRCC4, RAF1, UBE3A, USP7, CTNNB1, RAD21, ATP2B1, MECP2, HDAC8, ZMYND11, ZSWIM6, EXT2, HNRNPC, NGLY1, IPO8, ATP6V1B2, TGFBR1, BRAF, PTPN11, TET3
HP:0001320	Cerebellar vermis hypoplasia	64	0.02	2.239021739130435	1.0433640440703302e-10	7.66648994382249e-09	8.115403429655196	1.0733085921351485e-06	RFX7, OPHN1, PPP1R21, WLS, ROBO1, PACS2, MRE11, TOGARAM1, PIBF1, PRKDC, NEK1, USP9X, MBD5, TBCK, SLC25A24, THOC2, NSRP1, AP1S2, TUBB, RAB3GAP1, TRRAP, DYNC1H1, RAB3GAP2, MACF1, KIAA0586, VPS35L, SUFU, LNPK, FRMD4A, ITPR1, GRIA3, RAC1, PAFAH1B1, ACBD6, LRPPRC, EXOC2, RAB18, CSPP1, C2CD3, HNRNPR, NSUN6, TSEN15, EPG5, RARS2, PMM2, ZEB2, PI4KA, DENND5A, PIGU, RERE, OFD1, SACS, CNTNAP2, FIG4, RAP1B, CPLANE1, CDC42BPB, NSD1, ATR, HNRNPH1, TAF1, ARL13B, EIF4A2, CEP290
HP:0001642	Pulmonic stenosis	49	0.0153125	2.237036790780142	1.511042682515891e-08	7.850553573253017e-07	6.105099718371607	0.00015544096075040972	RAF1, MAP2K1, SMC3, KAT6A, NEK9, BAZ1B, NOTCH2, TBCK, RAD21, SHOC2, SMAD4, KDM6A, SETD5, SPRED1, CLIP2, CUL3, NF1, DDX3X, VPS35L, NPHP3, CREBBP, ITPR1, CDC42, FBXW11, SPRED2, SOS1, ARHGAP31, WAC, SMC5, EP300, PLD1, ZEB2, FRYL, BPTF, KANSL1, GTF2I, ADK, RAP1B, WASHC5, MAP3K7, PPP1CB, NIPBL, CHD7, BRAF, SMAD2, KRAS, PTPN11, SOS2, AGO2
HP:0000154	Wide mouth	78	0.024375	2.2315583333333335	1.2897700686168477e-12	1.50771189725699e-10	9.821681638164673	1.3267864695861511e-08	SMARCA2, RNF2, ADNP, AP1S2, ARID2, ANKRD11, CDC42, PIK3CA, WDR26, PMM2, HECTD4, ZNF148, PIGU, TRIO, CNTNAP2, MED13L, RALGAPA1, FOXP2, MBD5, WLS, SEC23A, ATRX, MAP2K1, MED13, PPM1D, SPRED2, ZMIZ1, SOS1, ARID1A, POGZ, WAC, RPS6KA3, GLB1, MTOR, SPEN, PIGN, FBXO11, HS2ST1, TRIP12, CDK19, MAP3K7, CDC42BPB, KCNMA1, STAG1, HUWE1, DPYD, PACS2, MAPK1, AUTS2, TCF4, TRRAP, GNPTAB, PACS1, MIPEP, KDM3B, CCDC47, GATAD2B, TRPM3, ARID1B, STRADA, MYT1L, INSR, DYM, RNF125, RAF1, UBE3A, BAZ1B, AP4E1, ACTB, TASP1, CLIP2, CHD2, POLA1, ZMYND11, ZSWIM6, GTF2I, ATP6V1B2, KAT6A
HP:0000430	Underdeveloped nasal alae	36	0.01125	2.2282572115384616	1.6945013826192158e-06	6.385104660440978e-05	4.19483197967238	0.01743133572300387	SMARCA2, CWC27, IARS2, MAPK1, EDEM3, DYRK1A, HDAC4, CTNNB1, ANKRD11, BRCA1, CHD6, KDM6A, MITF, CREBBP, SIN3A, MTX2, TMLHE, NFIX, EXT2, LMBR1, RECQL, PURA, HNRNPK, TRPS1, ORC4, EDA, KANSL1, PPP2R3C, TRIO, OFD1, PPP1CB, PHF21A, ATP6V1B2, PIK3R1, UBR1, GRIP1
HP:0000726	Dementia	64	0.02	2.226918918918919	1.279267735231791e-10	9.07574289126168e-09	8.042117815837775	1.3159827192329435e-06	VPS13A, SCARB2, HTT, GIGYF2, LRRK2, ATRX, C9orf72, PANK2, MT-ND1, DNM1L, SAMD9L, NPC2, PRKN, SPTLC1, DNAJC5, ABCB7, AUH, VPS35, SLC20A2, PSAP, MT-ND5, SPG11, FMR1, PRNP, MT-CO3, ATXN3, TRPM7, XPR1, CYLD, USP48, DNMT1, GBE1, APOE, MT-CO2, PNPLA6, PDE10A, SNCA, ITM2B, RNF216, VPS13C, ATXN10, LYST, EPM2A, SPAST, ASAH1, NR3C1, PSEN1, OPA1, ATP6V1A, ATXN2, MT-CO1, USP8, MT-ATP6, BRAF, SORL1, HEXA, SDHB, DNAJC13, FTL, GPRC5B, MT-ND4, HLA-DQB1, SYNJ1, MT-CYB
HP:0001266	Choreoathetosis	46	0.014375	2.2263956766917294	4.938286592566477e-08	2.3612560985754093e-06	5.6268569073870065	0.0005080015417773134	GRIK2, IARS2, GRM7, PLP1, ST3GAL5, MRE11, PANK2, EIF2AK2, AP1S2, HSPD1, MECP2, CACNA1B, DMXL2, SLC20A2, NDUFAF5, SLC30A9, SLC1A3, ADAR, CLPB, PIK3R5, TSEN15, PNPT1, XPR1, ATG7, CASK, NGLY1, SYT1, PIGN, ATM, IREB2, HPRT1, QDPR, FBXL4, GNAS, NUP54, TRPM3, MT-ATP6, CHKA, ERCC6, FBXO28, MICU1, ELP2, FTL, CACNA1A, NADK2, SETX
HP:0000325	Triangular face	59	0.0184375	2.2210179093567253	8.063790411929913e-10	4.9671983214085646e-08	7.303888499925465	8.295221196752302e-06	SMARCA2, FANCC, XRCC4, RAF1, IGF1R, MAP2K1, LEMD3, SLC25A24, NOTCH2, CEP57, AP1S2, ANKRD11, PUS7, SPOP, SPRED1, ZMYM2, CTCF, SOX6, SEC24D, SIN3A, HERC1, CBL, SPRED2, PEX14, MTX2, SOS1, NFIX, UNC80, RAP1GDS1, EPG5, SMC5, RASA2, SEC31A, TRPS1, SMC1A, ZNF148, FBXO11, BPTF, TNRC6B, ANKRD17, RERE, RPL17, ATP6V1A, ADGRG6, FRA10AC1, JARID2, NSD1, TAOK1, TRIM37, ERCC6, BRAF, PIK3R1, KRAS, STAG2, PTPN11, SOS2, MED13L, HUWE1, KAT6A
HP:0004279	Short palm	38	0.011875	2.203721846846847	1.0176678869716245e-06	4.011015154512299e-05	4.396745697153573	0.0104687495532771	SMARCA2, CAMK2G, MAPK1, IGF1R, NEK1, KAT6B, HDAC4, TCF4, ANKRD11, HERC2, MRPS28, RBPJ, SMAD4, DYNC1H1, RAB3GAP2, MAPRE2, IFT80, TBL1XR1, SIN3A, YY1AP1, CAMTA1, HNRNPR, TRIP11, WAC, KDM4B, CHSY1, TRPS1, FBXO11, WNT5A, DYNC2H1, SIL1, PPP2R3C, TRIO, MAP3K7, BRD4, PIK3R1, KRAS, MBD5
HP:0000718	Aggressive behavior	103	0.0321875	2.202758513289037	8.939332883842434e-16	1.8031160269821005e-13	12.743976326379762	9.195891737608711e-12	SMARCA2, RFX7, USP9X, ADNP, HDAC4, AP1S2, ARID2, HERC2, CHD8, SQSTM1, CTCF, TSC1, SIN3A, FBXW11, ZBTB20, CAMTA1, CEP152, HECTD4, KDM4B, TRIO, CNTNAP2, NSD1, UBE4A, SOX5, ELP2, MED13L, PSEN1, AP1G1, MBD5, VPS13A, TRAPPC10, CEP85L, DYRK1A, LINGO1, SLC25A13, MANBA, DDX3X, SLC1A3, CACNB4, GRIA3, ZMIZ1, ACBD6, ARID1A, POGZ, DNMT3A, GABRB3, WAC, EP300, SPEN, PHIP, FGF14, NSD2, SPAST, TRIP12, SETD2, EIF2S3, CDC42BPB, NIPBL, CHKA, SUPT16H, DPYD, CEP290, TCF20, HTT, MAPK1, FOXP1, UBE3C, GDAP2, TCF4, PUS7, KMT2E, PACS1, CREBBP, KDM3B, EHMT1, ATXN10, CAPRIN1, COG3, JARID2, ARID1B, KMT2A, MYT1L, KMT5B, SCAF4, GRIK2, DYNC1I2, FRMPD4, USP7, CTNNB1, MECP2, CHD2, ZMYND11, PRNP, NSUN6, RAP1GDS1, APOE, GNB1, BPTF, NFIB, FIG4, MARK2, CACNA1A, AGO2
HP:0003477	Peripheral axonal neuropathy	44	0.01375	2.1956298449612404	2.3861017485605066e-07	1.0270221208134699e-05	4.9884202021244715	0.002454582868744193	MTMR14, NEMF, RYR1, IFRD1, VPS13A, SLC12A6, MT-ND1, DHX9, ATP11A, SLC25A46, DYNC1H1, DCAF8, AGTPBP1, PSAP, MT-ND5, SPG11, RNF220, PIK3R5, MT-CO3, DNM2, ATXN3, HSPB1, GBE1, MT-CO2, PNPLA6, ABCA1, CAPRIN1, VPS41, STAT3, ASCC1, VPS13D, ELOVL5, MT-CO1, DDHD1, MT-ATP6, BRAF, HK1, KRAS, VRK1, MICU1, ERCC6, MT-ND4, TRIP4, SETX
HP:0000465	Webbed neck	42	0.013125	2.180337701612903	5.452648296384986e-07	2.2436557209964943e-05	4.649043782862553	0.005609139302491235	RAF1, RYR1, MAPK1, RPS28, IGF1R, MAP2K1, KAT6A, TMEM260, SMS, ANKRD11, RPS19, ACTB, SHOC2, TASP1, RPL18, RPS24, NF1, CDC42, FBXW11, CBL, SPRED2, SOS1, RB1, PIK3CA, RASA2, TAPT1, NSD2, RPL35, RPL9, FLI1, RPL5, PPP1CB, MAP3K7, RPS29, FANCL, CHD7, BRAF, KRAS, KMT2A, PTPN11, SOS2, C2CD3
HP:0005484	Secondary microcephaly	44	0.01375	2.1787403846153843	2.641010521412016e-07	1.1273060262973199e-05	4.947958171362161	0.002716807523376541	CLTC, UBE3A, TRAPPC9, FTO, SMC3, CERT1, WDR37, WWOX, DYRK1A, PPP1R12A, TCF4, HSPD1, MECP2, RAB3GAP2, CACNA1B, TAF2, CREBBP, ITPR1, PAFAH1B1, EXOC2, TRAPPC12, CLPB, RAB18, EFTUD2, FGF12, HNRNPR, EP300, ZEB2, SMC1A, NGLY1, PPT1, EEFSEC, VPS50, TRIO, RAP1B, FRA10AC1, PRORP, CRLS1, TMEM165, VPS53, MFF, DHFR, GLS, MBD5
HP:0045075	Sparse eyebrow	44	0.01375	2.1787403846153843	2.641010521412016e-07	1.1273060262973199e-05	4.947958171362161	0.002716807523376541	SMARCA2, RAF1, CWC27, WLS, HDAC4, SMS, SON, PUM1, CHD6, KDM6A, SPOP, LRP1, GNPTAB, CTCF, DDX3X, NF1, HERC1, CDC42, SPRED2, MTX2, SOS1, POGZ, TRPS1, EDA, RIN2, FBXO11, NFIB, PPP2R3C, CNTNAP2, RAP1B, VAC14, FIG4, CDC42BPB, JARID2, YY1, NSD1, BRD4, RPL21, BRAF, KRAS, STAG2, SOS2, MARK2, RPS28
HP:0000490	Deeply set eye	101	0.0315625	2.1744345735785955	3.468190866314567e-15	6.046996515555585e-13	12.218460281646319	3.567727944177795e-11	IARS2, IGF1R, RNF2, HDAC4, AP1S2, MAT2A, RAB3GAP1, RAB3GAP2, DIS3L2, CTCF, TBL1XR1, SIN3A, ZBTB20, CAMTA1, PIK3CA, WDR26, ZEB2, DNM1L, NEDD4L, KIDINS220, PIGU, RERE, ABL1, PIK3R1, RALGAPA1, PLP1, LIFR, ALMS1, DYRK1A, TBCK, ARIH1, SON, ASH1L, SMAD4, SPOP, GRIA3, FMR1, ACBD6, NFIX, WAC, STIM1, UBE4B, EP300, FRYL, SMC1A, SPEN, PHIP, FBXO11, HACE1, ANKRD17, SMAD2, STAG1, HUWE1, DPYD, LUZP1, TCF20, TGFBR2, OPHN1, MAPK1, TPR, LEMD3, PRKDC, PDCD6IP, TCF4, PUS7, KMT2E, TRRAP, LRRC8C, NF1, CREBBP, MIPEP, RARS2, MAD1L1, CAPRIN1, STAT3, GATAD2B, JARID2, TRPM3, ERCC6, MYT1L, XRCC4, UBE3A, EDEM3, TOGARAM1, KAT6A, CEP57, SRRM2, ACTB, FARSB, HDAC8, MEF2C, YY1AP1, RECQL, HNRNPC, IPO8, BPTF, PAK1, TGFBR1, TAF1, MARK2, AGO2
HP:0002360	Sleep disturbance	77	0.0240625	2.1739624451754387	8.208595716531997e-12	8.278610209408299e-10	9.082042565273778	8.444182413596465e-08	FUS, ADNP, HDAC4, CHD8, HIBCH, SQSTM1, VPS35, DMXL2, TPM3, CTCF, TSC1, ATAD1, EPG5, ZEB2, SYT1, TRIO, ASXL1, GNAQ, GPHN, MBD5, VAPB, VPS13A, GRM7, ALMS1, NEK1, DYRK1A, ASH1L, SLC25A13, GRIA3, CTSH, FMR1, POGZ, WAC, PFN1, CASK, SMC1A, SNCA, PHIP, NSD2, BRD4, NIPBL, PON2, SUPT16H, MAP3K20, GIGYF2, LRRK2, SMC3, TCF4, TAF15, NF1, EHMT1, HLA-DRB1, EPM2A, ATXN10, GATAD2B, ERCC6, SPART, STAG2, KMT2A, MYT1L, TBK1, USP7, CTNNB1, RAD21, MECP2, RTTN, HDAC8, PRNP, ATXN3, TSEN15, TNPO3, FIG4, ATXN2, BRAF, GFAP, DNAJC13, HLA-DQB1
HP:0000717	Autism	90	0.028125	2.1698384831460675	1.6653978853871074e-13	2.1686010186047055e-11	10.663820342571825	1.7131948046977173e-09	TCF12, ADNP, HDAC4, ANKRD11, HERC2, CHD8, CNKSR2, TSC1, SIN3A, ZBTB20, TMLHE, PIK3CA, HECTD4, SCLT1, RERE, CNTNAP2, YY1, MED13L, SLC1A2, SCAPER, ALG13, ATRX, YWHAG, NIPA2, DYRK1A, TBCK, BBS9, SMAD4, ABCB7, CHD1, SDCCAG8, GRIA3, FMR1, UBE4B, EP300, FRYL, SMC1A, SPEN, SETD2, DOCK7, CELF2, CDK19, BRD4, NIPBL, SDHB, SUPT16H, DPYD, CEP290, CLTC, LUZP1, RREB1, PACS2, SMC3, PPP3CA, CACNA1B, CREBBP, FGF12, EHMT1, REV3L, RPL17, ATP6V1A, ASCC3, KMT2A, SYNJ1, UBE3A, PTEN, WWOX, BAZ1B, RAD21, CACNA1C, GATM, MECP2, CLIP2, HDAC8, EXT2, NSUN6, GNB1, PAK2, NFIB, GTF2I, DICER1, JMJD1C, TAOK1, CHD7, TRAK1, FBXO28, BRAF, EIF4A2, CACNA1A, CDK13
HP:0000817	Reduced eye contact	39	0.0121875	2.164226831896552	1.7966047184169128e-06	6.720608268492647e-05	4.172591418063009	0.01848167273835478	MT-ND3, OPHN1, ALG13, NDUFS4, WWOX, FRMPD4, ADNP, MT-ND1, MECP2, NUBPL, TMEM163, NHLRC2, POLA1, AGTPBP1, NDUFAF5, GALNT2, SEL1L, GRIA3, FMR1, MEF2C, MT-ND2, COX10, SMC1A, SPEN, SYT1, NDUFAF2, ST3GAL3, NDUFV2, IREB2, NDUFS1, DOCK7, CNTNAP2, GPHN, ARFGEF2, UGP2, MYT1L, GLS, GRIN2B, MBD5
HP:0002384	Focal impaired awareness seizure	42	0.013125	2.162895	6.072164531193064e-07	2.4787443068405974e-05	4.605768270269466	0.006246435653238305	KCNQ5, GRIK2, OPHN1, HTT, TBK1, DEPDC5, CEP85L, PNPLA8, KDM6A, CACNA1D, VPS35L, TSC1, MACF1, ITPR1, PAFAH1B1, POGZ, TRAF3, ADGRV1, DNM1L, ATP6V0C, MTOR, GNB1, EPM2A, TGFB1, ATXN10, RERE, EEFSEC, ARHGEF9, CACNA1A, DOCK7, CNTNAP2, FBXL4, FIG4, ATP6V0A1, NSD1, ATP6V1B2, TANGO2, MYT1L, STRADA, CNOT1, SUPT16H, GRIN2B
HP:0000964	Eczematoid dermatitis	46	0.014375	2.161391423357664	1.5307774976183923e-07	6.846568746956696e-06	5.16452702669898	0.0015747108118000402	SMARCA2, TGFBR2, RFX7, CYBB, IARS2, TPR, MAP2K1, AUTS2, STAT5B, TBCK, HDAC4, ARPC5, EFL1, SHOC2, SIK3, HLA-DQA1, RTTN, WIPF1, STAT1, SLF2, MYSM1, CYBA, SIN3A, RAC1, PCCA, IL6ST, DHRSX, DOCK8, HLA-DRB1, MSN, PIK3CG, TNFRSF1B, IPO8, EDA, KANSL1, NUP107, STAT3, FLI1, HLCS, CASP8, TGFBR1, BRAF, SMAD2, TAF1, HLA-DQB1, LBR
HP:0012745	Short palpebral fissure	41	0.0128125	2.145729166666667	9.839777093303028e-07	3.893145652261856e-05	4.409699347941149	0.010122178695880824	SMARCA2, FANCC, CHD4, LIFR, AUTS2, SLC25A24, USP9X, KAT6B, PPP1R12A, ADNP, CEP57, TUBB, BRCA1, RBPJ, SMAD4, MAPRE2, POLA1, DDX3X, SOX6, CREBBP, SIN3A, HNRNPR, WAC, SMC5, RFWD3, EP300, ZNF148, BPTF, KANSL1, SETD2, RAP1B, FBXL4, FANCL, SNX14, FBXO28, KRAS, KMT2A, MARK2, HUWE1, FOXP2, CDK13
HP:0001541	Ascites	43	0.0134375	2.145729166666667	4.966186715453437e-07	2.0599662395915124e-05	4.68613989714505	0.005108716274186951	RHBDF2, CD55, SLC17A5, SCARB2, CYBB, EIF2AK3, ACTN4, TET2, SEMA4D, ATP6AP2, BCL2, CEP57, TCF4, RBPJ, DIS3L2, FARSB, TSC1, OSTM1, CBL, FAM111A, ARHGAP31, HLA-DRB1, PIK3CA, GBE1, JAK2, LARS2, TAPT1, PRKAG2, EWSR1, FLI1, ASAH1, RUNX1, TNPO3, ASXL1, ARL6IP6, CALR, DEF6, TRIM37, SP110, UBR1, GRIP1, LIPA, LBR
HP:0000256	Macrocephaly	137	0.0428125	2.140521086165049	2.4657779423432046e-19	8.746709549270533e-17	16.058155294789756	2.5365457692884547e-15	RFX7, PIBF1, PPP1R12A, HDAC4, AP1S2, CHD8, CSGALNACT1, DIS3L2, FAR1, IFT80, VPS35L, PEX14, BMPR1A, PEX3, ZBTB20, CAMTA1, PIK3CA, HECTD4, HEXB, AKT3, RERE, CSF1R, TRIO, CNTNAP2, ACADM, NSD1, FBXW7, GNAQ, GPRC5B, TBL1X, FOXP2, YME1L1, CWC27, SEC23A, ALG13, MAP2K1, MTM1, NFIA, TBCK, SON, B4GALT1, ASH1L, SHOC2, SMAD4, SPRED1, SUFU, CHD1, SEC24D, HERC1, GRIA3, FMR1, SOS1, NFIX, DNMT3A, MAX, MTOR, SMC1A, ASXL2, PIGN, FBXO11, DYNC2H1, KANSL1, ANKRD17, FLI1, SETD2, OFD1, PPP1CB, WASHC5, CDC42BPB, TRIM37, B3GALNT2, SDHB, CACNA1E, HUWE1, HELLS, LBR, DPYD, TCF20, CAMK2G, OPHN1, FOXP1, NOTCH2, KMT2E, PPP2CA, NF1, ANKH, RAC1, FAM111A, RUNX2, TNRC6B, CLCN3, PHF21A, JARID2, ETFA, ZBTB7A, DISP1, STAG2, EED, STRADA, MYT1L, KMT5B, SUZ12, RNF125, RAF1, UBE3A, CHD4, PTEN, DEPDC5, CTNNB1, TNFRSF11A, SRRM2, MECP2, BRWD3, MITF, ARSB, ZSWIM6, EXT2, IL6ST, GNAI3, TRIP11, HSD17B4, SNX10, GNB1, RIN2, WNT5A, NFIB, AQP4, ADK, DICER1, FIG4, TAOK1, BRAF, KRAS, PTPN11, MARK2, EIF4A2, TET3
HP:0002719	Recurrent infections	87	0.0271875	2.1375393606870228	8.660557376095744e-13	1.0379710092625732e-10	9.983814776249716	8.909115372789691e-09	CD55, NFKB1, ARID2, KDM6A, IRF8, NNT, CTCF, STAT1, XIAP, WIPF1, SIN3A, CDC42, CLPB, EPG5, ZEB2, WDR1, PIGU, TRIO, FBXL4, PRKCD, ASXL1, YY1, PIK3R1, MED13L, GRM7, LIFR, ALG13, DYRK1A, SON, TF, MANBA, SEL1L, SLF2, PPM1D, GRIA3, ARID1A, POGZ, GLIS3, STIM1, C1QA, LYST, FBXO11, LRBA, CLEC7A, ANKRD17, CARD11, OFD1, IKBKB, ITCH, DDX6, VPS45, HELLS, EIF2AK3, KMT2C, EFL1, TRRAP, PSAP, BLNK, EHMT1, HLA-DRB1, DIAPH1, ARPC1B, CCDC47, MGME1, LCP2, STAT3, ARID1B, INSR, PTEN, STAT5B, ATP6AP2, ITGB2, CTNNB1, PHKB, CACNA1C, MECP2, LMBRD1, NHLRC2, POLA1, SYK, TSEN15, RECQL, SPI1, NCKAP1L, BRAF, KRAS, HLA-DQB1
HP:0002716	Lymphadenopathy	74	0.023125	2.136107062780269	4.442040385877194e-11	3.6556215559614955e-09	8.43703877045044	4.5695269449518695e-07	TGFBR2, XRCC4, CYBB, TBK1, EIF2AK4, ZBTB16, MAP2K1, TET2, STAT5B, WWOX, FOXP1, TNFRSF1A, CTNNBL1, BCL2, CCND1, KIAA0319L, BRCA1, MECP2, SMAD4, IRF8, DIS3L2, STAT1, XIAP, TPP2, ITGAM, TSC1, TBL1XR1, CYBA, CBL, SYK, IL6ST, HLA-B, MALT1, PTPN2, SNX10, HLA-DRB1, ARPC1B, STIM1, FCHO1, TRAF3, TNFRSF1B, PIK3CG, NPM1, JAK2, JAZF1, UBAC2, WDR1, LYST, LRBA, RAB27A, ATM, HACE1, OTULIN, EWSR1, STAT3, ASAH1, NCKAP1L, PXK, RUNX1, IFNGR1, PRKCD, ASXL1, CALR, CASP8, MAGT1, FIP1L1, TLR4, CHD7, BRAF, KRAS, PIK3R1, NUMA1, POLD3, IRF2BP2
HP:0002061	Lower limb spasticity	44	0.01375	2.1295958646616544	4.253919674834579e-07	1.786125375307074e-05	4.748088059505166	0.004376007169502331	CLTC, PLP1, MRE11, WWOX, FUS, KPNA3, HSPD1, ACTB, MECP2, NT5C2, SPTLC1, CACNA1C, RAB3GAP2, PSAP, UBAP1, SPG11, ACBD6, RAB18, RARS2, FARS2, PNPLA6, PI4KA, TPK1, SELENOI, ATXN10, TTI1, SPAST, HACE1, VPS41, EEFSEC, CNTNAP2, SACS, WASHC5, GATAD2B, DDHD1, UBE4A, ZFR, MT-ATP6, REPS1, SPART, USP8, ERCC6, TANGO2, GPRC5B
HP:0000426	Prominent nasal bridge	79	0.0246875	2.1277732740585775	1.4617031214166362e-11	1.3306672575232687e-09	8.87593052926437	1.5036540010012936e-07	MIA3, PIBF1, ANKRD11, CDK13, RAB3GAP2, CTCF, SIN3A, CSPP1, CEP152, PMM2, HNRNPK, SCLT1, ASPH, TRIO, SCAPER, SEC23A, MED13, DYRK1A, TBCK, BBS9, PUM1, ASH1L, SMAD4, SPOP, NBN, SUFU, GALNT2, SDCCAG8, HERC1, SPRED2, ZMIZ1, RB1, CASK, SPECC1L, SMC1A, SPEN, FBXO11, KANSL1, DOCK7, OFD1, CPLANE1, RAP1B, CDC42BPB, STAG1, CEP290, RREB1, MAPK1, SMC3, LEMD3, WDR37, KAT6B, SMS, CLIC2, TCF4, TRRAP, CEP295, VPS13B, ANKH, RAC1, UNC80, RARS2, TLK2, PHF21A, ERCC6, ARL13B, INSR, XRCC4, TOGARAM1, BRCA1, MECP2, RTTN, KIAA0586, MITF, HDAC8, EXT2, RECQL, IPO8, JMJD1C, KAT6A
HP:0002714	Downturned corners of mouth	74	0.023125	2.1265708705357143	8.463728347647547e-11	6.355209745419731e-09	8.196870111549753	8.706637351225031e-07	MIA3, TCF20, TRAPPC9, PACS2, LIFR, SMC3, LEMD3, WDR37, FOXP1, KAT6A, AFF4, DYRK1A, MBD5, HDAC4, NOTCH2, NBAS, SON, RAD21, ASH1L, HERC2, P4HA1, CACNA1C, NARS2, SETD5, TASP1, ZMYM2, POLA1, PACS1, TBL1XR1, HDAC8, SEC24D, SLC1A3, CDC42, MEF2C, RAB18, ZBTB20, ZSWIM6, EXT2, CAMTA1, EHMT1, KIF5B, POGZ, P4HB, LMBR1, XYLT1, WAC, SMC5, CCDC47, KDM4B, HNRNPK, SMC1A, TAPT1, NSD2, FBXO11, WNT5A, TENT5A, HACE1, PIGU, STAT3, TRIP12, EIF2S3, PHF21A, BRD4, KCNMA1, ATP6V1B2, NIPBL, ABL1, PIK3R1, ZNF407, MED13L, UBR1, SLC10A7, CACNA1A, CDK13
HP:0002721	Immunodeficiency	55	0.0171875	2.107412574404762	2.3080724183074093e-08	1.1525796585984621e-06	5.938329049370658	0.0002374314096712832	XRCC4, CYBB, RREB1, TBK1, MAPK1, TTC7A, ATRX, ARPC5, ACTB, EFL1, CACNA1C, SIK3, IRF8, WIPF1, XIAP, STAT1, SEL1L, CYBA, CHD1, CDC42, BLNK, POGZ, RNF168, MALT1, TRAF3, EPG5, IFNGR2, STIM1, USP48, CCDC47, TNFRSF1B, PI4KA, LYST, NSD2, RAB27A, LRBA, SPI1, ATM, IVNS1ABP, OTULIN, LCP2, CARD11, IFNGR1, NR3C1, IKBKB, JMJD1C, PARN, STK4, NFE2L2, MAGT1, USP8, BRAF, PIK3R1, SP110, HELLS
HP:0002465	Poor speech	64	0.02	2.101938775510204	1.9761838386046628e-09	1.1293890637625647e-07	6.947156421991885	2.0329003147726167e-05	SMARCA2, LUZP1, UBE3A, RNASET2, CAMK2G, OPHN1, TRAPPC10, SMC3, DYRK1A, TBCK, CTNNB1, AP1S2, CLIC2, AP4E1, TRRAP, NUBPL, SQSTM1, RTTN, TAF2, GNPTAB, FRMD4A, HDAC8, TSC1, ITPR1, CDC42, RAC1, LRPPRC, FGF12, EXT2, ATP1A1, UNC80, DIAPH1, WIPI2, UBE4B, HNRNPK, CHSY1, ZEB2, SMC1A, NGLY1, ZNF148, SPEN, SYT1, KANSL1, RERE, NDUFS1, TRAPPC11, CSF1R, DOCK7, TRIO, CNTNAP2, ADK, EIF2S3, ATP6V1A, GATAD2B, ATP6V1B2, PAK1, DISP1, STAG2, MED13L, PSEN1, YME1L1, FOXP2, DYM, KAT6A
HP:0000307	Pointed chin	61	0.0190625	2.0886619015957444	6.249395508777075e-09	3.3658393507219775e-07	6.472906616452874	6.428753159878977e-05	LUZP1, MIA3, RALA, MAPK1, LIFR, BAZ1B, NOTCH2, NBAS, PDCD6IP, ZNF292, PUM1, AP4E1, P4HA1, ACTB, CHD8, ANKRD11, PUS7, SPOP, CLIP2, CTCF, SEL1L, SEC24D, SIN3A, CHD1, SPRED2, KDM3B, NFIX, CAMTA1, POGZ, KIF5B, P4HB, XYLT1, UBE4B, ZEB2, DNM1L, SPEN, NGLY1, ZNF148, TAPT1, FBXO11, TENT5A, HS2ST1, TLK2, PIGU, RERE, TRIP12, SETD2, GTF2I, MAP3K7, FRA10AC1, JARID2, YY1, NSD1, SNX14, ABL1, ASCC3, TAF1, SLC10A7, INSR, CBFB, KAT6A
HP:0002076	Migraine	45	0.0140625	2.0839815647482016	7.369243844738926e-07	2.9497047249349936e-05	4.530221456140345	0.007580741143082934	CHEK2, TGFBR2, DEPDC5, MSH2, TET2, TNFRSF1A, PMS1, MT-ND1, SMAD4, SPOP, NF1, SUFU, MT-ND5, SLC1A3, CTSH, BMPR1A, SQOR, NFIX, MT-CO3, HLA-B, SH2B3, HLA-DRB1, PIK3CA, STIM1, NPAT, JAK2, MT-CO2, DNM1L, UBAC2, COPB1, ATM, IFNGR1, OPA1, PGK1, MT-CO1, PRORP, CALR, TLR4, SMAD2, KRAS, MLH1, MT-ND4, HLA-DQB1, CACNA1A, MT-CYB
HP:0100704	Cerebral visual impairment	56	0.0175	2.0837138728323703	3.3082997271404955e-08	1.6205942520521085e-06	5.790325705788327	0.0003403247929309428	GRIK2, GRM7, ST3GAL5, CEP85L, CERT1, PPP3CA, KAT6A, TBCK, ADNP, MT-ND1, SON, PUM1, RNF13, RAB3GAP1, NARS2, RAB3GAP2, CACNA1B, CACNA1D, MACF1, MT-ND5, ITPR1, TRAPPC12, RAB18, COG5, POGZ, FGF12, MT-CO3, ADARB1, TSEN15, DIAPH1, CCDC47, CAMSAP1, MT-CO2, FDFT1, SMC1A, GNB1, NEDD4L, SELENOI, TTI1, PIGU, RERE, DOCK7, MT-CO1, FBXW7, HK1, CHKA, DISP1, BRAF, STAG2, PDSS2, TANGO2, EIF4A2, CACNA1E, RALGAPA1, NADK2, MT-CYB
HP:0001385	Hip dysplasia	56	0.0175	2.0837138728323703	3.3082997271404955e-08	1.6205942520521085e-06	5.790325705788327	0.0003403247929309428	SMARCA2, LUZP1, SMC3, USP9X, USP7, THOC2, ANKRD11, RAD21, HERC2, RNF13, KDM6A, GNPTAB, CTCF, NIN, HDAC8, CREBBP, ARSB, KDM3B, ZBTB20, NFIX, HNRNPR, CEP152, PIK3CA, WDR26, FARS2, UBE4B, CCDC47, EP300, GLB1, HNRNPK, TRPS1, SMC1A, NGLY1, IPO8, PHIP, SPEN, NSD2, WNT5A, EXT1, KANSL1, RERE, TRAPPC11, SIL1, PPP2R3C, RAP1B, ATP6V1A, TRPM3, BRD4, UBA2, ATR, ACVR1, NIPBL, TAF1, MARK2, TET3, MBD5
HP:0000494	Downslanted palpebral fissures	175	0.0546875	2.0822695240295745	5.0870021950500303e-23	2.907221754471092e-20	19.536521840238503	5.232999158047967e-19	SMARCA2, SLC25A24, USP9X, ADNP, ARID2, MAT2A, ANKRD11, RPS19, CHD8, KDM6A, CSGALNACT1, DYNC1H1, RAB3GAP2, SETD5, DSE, DMXL2, CNKSR2, CTCF, VPS35L, SIN3A, CDC42, BMPR1A, PEX3, ZBTB20, CAMTA1, CEP152, PIK3CA, HECTD4, HNRNPK, ZEB2, ZNF148, SCLT1, ASPH, RERE, TRIO, APC, CNTNAP2, FBXL4, NSD1, YY1, ABL1, YWHAE, ATR, SOX5, SOS2, SLC1A2, SCAPER, RYR1, CWC27, MAP2K1, YWHAG, DYRK1A, NEK9, BBS9, ARIH1, SON, SHOC2, SMAD4, SPOP, SPRED1, MAPRE2, SEL1L, SLF2, GALNT2, SDCCAG8, HERC1, CHD1, SEC24D, SPRED2, PAFAH1B1, ZMIZ1, SOS1, NFIX, POGZ, P4HB, WAC, RPS6KA3, MAF, RASA2, ACSL4, EP300, CASK, MTOR, SPECC1L, FRYL, SMC1A, SPEN, NSD2, FBXO11, FLI1, SETD2, CELF2, CDK19, RAP1B, OFD1, PPP1CB, MAP3K7, WASHC5, CDC42BPB, BRD4, KCNMA1, SMAD2, HUWE1, SUPT16H, CEP290, DPYD, CLTC, TGFBR2, RREB1, PACS2, MAPK1, AUTS2, FOXP1, PPP3CA, KAT6B, NOTCH2, AFF4, NSRP1, PUS7, KMT2E, CACNA1B, CEP295, NF1, PACS1, VPS13B, CREBBP, FGF12, UNC80, PURA, TNRC6B, ATP6V1A, CLCN3, JARID2, SPART, ARID1B, HNRNPH1, EED, KMT2A, SYNJ1, RPS28, SUZ12, UBE3A, RAF1, PTEN, EDEM3, WWOX, KDM5A, CEP57, AP4E1, ACTB, TASP1, ZMYM2, CBL, EFTUD2, YY1AP1, ZSWIM6, IL6ST, HNRNPC, IPO8, RIN2, WNT5A, BPTF, NFIB, JMJD1C, ATP6V1B2, TGFBR1, CHD7, TRAK1, FBXO28, KRAS, TAF1, BRAF, PTPN11, MARK2, CACNA1A
HP:0000276	Long face	94	0.029375	2.0793664089347077	6.665706643391614e-13	8.261460751875848e-11	10.082943156022193	6.857012424056954e-09	PIBF1, PPP1R12A, ADNP, NBAS, AP1S2, MAT2A, ANKRD11, TPM3, CTCF, SIN3A, CSPP1, CAMTA1, PMM2, HNRNPK, NEDD4L, ASPH, PIGU, APC, ASXL1, NSD1, RYR1, MAP2K1, MTM1, DYRK1A, ARIH1, SMAD4, MAPRE2, DDX3X, SLF2, SUFU, GALNT2, SOX6, HERC1, FMR1, ACBD6, NFIX, ATG7, FRYL, SPEN, ASXL2, FBXO11, KANSL1, SETD2, OFD1, CPLANE1, EIF2S3, CDC42BPB, SMAD2, PRKACB, PIGK, HUWE1, MAP3K20, CEP290, TGFBR2, TCF20, RREB1, OPHN1, MAPK1, SLC12A6, SMS, NF1, ANKH, SMC5, PURA, TLK2, CAPRIN1, EEFSEC, COG3, CLCN3, FRA10AC1, ERCC6, HNRNPH1, ARL13B, STRADA, XRCC4, RIC1, TOGARAM1, CEP57, BRWD3, POLA1, KIAA0586, BCAS3, YY1AP1, CUX1, IPO8, NFIB, JMJD1C, PAK1, TGFBR1, BRAF, KRAS, TAF1, TET3, KAT6A
HP:0010864	Severe intellectual disability	72	0.0225	2.0507853982300883	7.541739320721822e-10	4.701931660137295e-08	7.327723687384825	7.758187239226539e-06	SMARCA2, UBE3A, CDK5RAP2, OPHN1, TRAPPC9, PLP1, TRAPPC10, SMC3, CEP85L, KAT6A, FOXP1, HNRNPU, PDCD6IP, THOC2, MCPH1, SON, ARID2, AP4E1, RAD21, CHD8, MECP2, RAB3GAP1, RAB3GAP2, RTTN, CACNA1D, NCAPD3, NIN, FRMD4A, MACF1, HDAC8, HERC1, GRIA3, RBMX, MEF2C, PAFAH1B1, CDK6, RAB18, ARID1A, EXT2, COG5, NFIX, DNMT3A, POGZ, ANKLE2, CEP152, PIK3CA, ACSL4, PURA, HNRNPK, SMC1A, MTOR, CEP135, NSD2, CEP63, KANSL1, AKT3, STAT3, CNTNAP2, EIF2S3, ASXL1, GATAD2B, BRD4, YY1, NSD1, MT-ATP6, SNX14, NIPBL, ARID1B, STAG1, MYT1L, DYM, MBD5
HP:0002194	Delayed gross motor development	59	0.0184375	2.03098429144385	3.726211096587855e-08	1.816660357848306e-06	5.740726260639217	0.00038331533550599263	MTMR14, RYR1, CWC27, WLS, PTEN, SMC3, FOXP1, MED13, KMT2C, FRMPD4, NFIA, PHKB, CACNA1C, MECP2, RBPJ, TRRAP, NUBPL, ABCB7, DSE, LNPK, GALNT2, BCAS3, ITPR1, FMR1, SUCLA2, CLPB, POGZ, ATP1A1, EHMT1, DNM2, TSEN15, OGDH, HNRNPC, EP300, KDM4B, PDE10A, PI4KA, SMC1A, NEDD4L, SELENOI, CDC40, KIDINS220, RUBCN, TNRC6B, GRIA1, FNIP1, CNTNAP2, FIG4, CLCN3, SNX14, CHKA, ASCC3, TAF1, KMT2A, MYT1L, EIF4A2, GLS, SUPT16H, TET3
HP:0001433	Hepatosplenomegaly	52	0.01625	2.028689393939394	2.2691069022583108e-07	9.890806230309849e-06	5.004768306268971	0.0023342302703531245	SCARB2, ALMS1, TET2, SEMA4D, AP3B1, TCF4, PTPRC, BRCA1, STEAP3, SMAD4, SLC25A13, RNASEH2B, JAK1, GNPTAB, STAT1, PSAP, NHLRC2, NPHP3, OSTM1, CBL, ADAR, LPIN2, COG5, IL6ST, PTPN2, PIK3CG, GLB1, GBE1, HEXB, JAK2, LYST, TGFB1, RAB27A, ABCA1, SAMHD1, STAT3, ASAH1, NCKAP1L, IFNGR1, RUNX1, ITCH, PRKCD, ASXL1, CALR, LYN, SNX14, HAVCR2, KRAS, SP110, FCGR2A, LIPA, LBR
HP:0000400	Macrotia	84	0.02625	2.025182584269663	6.418212762020767e-11	5.118151525806793e-09	8.29088686072167	6.602415468290763e-07	SMARCA2, IARS2, HDAC4, THOC2, AP1S2, ANKRD11, CHD8, RAB3GAP1, KDM6A, RAB3GAP2, DSE, FAR1, CTCF, TBL1XR1, SIN3A, RBMX, ZBTB20, PMM2, HECTD4, KDM4B, SCLT1, TRIO, CNTNAP2, NSD1, PIK3R1, MED13L, YME1L1, SCAPER, CWC27, MAP2K1, DYRK1A, BBS9, SHOC2, NBN, SEL1L, SOX6, SDCCAG8, HERC1, GRIA3, FMR1, RAB18, GLB1, CASK, TRPS1, SMC1A, PHIP, FBXO11, KANSL1, EIF2S3, PPP1CB, BRD4, NIPBL, DENND5A, CEP290, OPHN1, SMC3, SLC12A6, CLIC2, PACS1, NUP107, EEFSEC, COG3, ATP6V1A, CLCN3, ERCC6, EED, INSR, SUZ12, PTEN, BAZ1B, RAD21, MECP2, BRWD3, CLIP2, HDAC8, CBL, FDFT1, IPO8, GTF2I, BRAF, KRAS, TAF1, MARK2, GRIA4
HP:0001344	Absent speech	141	0.0440625	2.0214775890868593	1.9115703833162604e-17	4.681982031708184e-15	14.32957025735126	1.966432453317437e-13	SMARCA2, KCNQ5, ARFGEF1, HNRNPU, ADNP, HDAC4, AP1S2, ARID2, RAB3GAP2, SETD5, CNKSR2, FRMD4A, TBL1XR1, CDC42, CLPB, CSPP1, ADARB1, PNPT1, WDR26, FARS2, HNRNPK, ZEB2, DNM1L, ATP6V0C, NEDD4L, SYT1, COPB1, IREB2, VPS41, RERE, GRIA1, CRBN, TRIO, CNTNAP2, NSD1, YY1, ELP2, RALGAPA1, SLC1A2, YME1L1, PLP1, TRAPPC10, EIF2AK2, DYRK1A, TBCK, ASH1L, LINGO1, TAF2, SEL1L, LNPK, HERC1, ACBD6, RAB18, NFIX, ARID1A, POGZ, ATG7, WAC, UBE4B, EP300, CASK, SMC1A, SPEN, PIGN, DOCK7, OFD1, CHKA, UGP2, CACNA1E, HUWE1, SUPT16H, GRIN2B, DENND5A, DPYD, LUZP1, CLTC, OPHN1, HTT, ST3GAL5, WDR37, PPP3CA, SLC12A6, NSRP1, SMS, CLIC2, TCF4, TRRAP, CACNA1B, AGTPBP1, PACS1, CREBBP, RAC1, FGF12, SHQ1, EHMT1, UNC80, RARS2, POT1, CCDC47, PURA, GRIA2, TRAPPC11, COG3, ATP6V1A, CLCN3, FRA10AC1, TRPM3, ARID1B, DISP1, HNRNPH1, STAG2, ARL13B, STRADA, KMT5B, DYM, GRIK2, UBE3A, RALA, CSNK2A1, TOGARAM1, KAT6A, FRMPD4, KDM5A, USP7, MECP2, PIGF, KIAA0586, MACF1, BCAS3, MEF2C, ZSWIM6, HNRNPC, NGLY1, CCDC88A, SNX14, MBOAT7, MFF, TANGO2, EIF4A2, GRIA4, C2CD3
HP:0002069	Bilateral tonic-clonic seizure	111	0.0346875	2.0184401483050847	6.270558472444201e-14	8.600698000804466e-12	11.065466301594032	6.45052350060335e-10	MT-ND3, RFX7, ARFGEF1, HNRNPU, THOC2, SQSTM1, DNAJC5, SETD5, DMXL2, FAR1, CLPB, CAMTA1, WDR26, OGDH, HEXB, DNM1L, ATP6V0C, CNTNAP2, MT-CO1, ACADM, NSD1, UBE4A, GPHN, SP110, PSEN1, SLC1A2, VPS13A, GRM7, ATRX, CEP85L, NEK1, DYRK1A, PUM1, CACNA1D, SEL1L, LNPK, HERC1, CACNB4, SLC1A3, GRIA3, ACBD6, RAB18, GABRB3, WAC, CASK, SMC1A, ST3GAL3, CDC40, HACE1, DOCK7, KCNMA1, YEATS2, GRIN2B, DENND5A, LBR, PACS2, ST3GAL5, NDUFS4, CERT1, PPP3CA, MT-ND1, RNF13, CACNA1B, PPP2CA, PSAP, MT-ND5, FGF12, EHMT1, GRIA2, EPM2A, ARHGEF9, EEFSEC, TRAPPC11, STAT3, ATP6V1A, ATP6V0A1, CLCN3, TRPM3, MT-ATP6, ERCC6, MT-ND4, SYNJ1, MT-CYB, GRIK2, UBE3A, DEPDC5, NUP214, WWOX, ATP6AP2, MECP2, CHD2, PIGF, GLUL, MACF1, ZMYND11, MT-ND2, HSD17B4, MT-CO3, RAP1GDS1, HNRNPC, ADGRV1, MT-CO2, GNB1, FIG4, CCDC88A, ATP6V1B2, FBXO28, TANGO2, EIF4A2, CRADD, CACNA1A
HP:0000506	Telecanthus	63	0.0196875	2.017625932835821	1.9873050980736613e-08	1.0070644110287564e-06	5.9969427514327105	0.00020443407543883755	TGFBR2, RFX7, XRCC4, RNF125, PPP1R21, RREB1, ATRX, NEK1, USP9X, HNRNPU, NOTCH2, ANKRD11, ACTB, CHD6, KDM6A, SPOP, DSE, ZMYM2, DDX3X, TBL1XR1, HDAC8, SUFU, CREBBP, MITF, ANKH, EFTUD2, ACBD6, NFIX, C2CD3, HNRNPR, ZSWIM6, ANKLE2, RPS6KA3, PURA, ZEB2, ZNF148, IPO8, TAPT1, NSD2, ASPH, TLK2, AKT3, PIGU, GRIA1, DOCK7, OFD1, JMJD1C, MAP3K7, TRPM3, BRD4, YY1, ATP6V1B2, ETFA, SNX14, ABL1, TGFBR1, SMAD2, KRAS, PIK3R1, KMT2A, MARK2, FOXP2, CDK13
HP:0004209	Clinodactyly of the 5th finger	149	0.0465625	2.015001969537815	2.9390563664139816e-18	8.398353567027952e-16	15.075805845704636	3.023407284130063e-14	SMARCA2, FANCC, MIA3, ADNP, HDAC4, ANKRD11, CHD8, CHD6, KDM6A, SIK3, CSGALNACT1, CTCF, TSC1, SIN3A, CEP152, XYLT1, WDR26, KDM4B, HNRNPK, CHSY1, PNPLA6, NEDD4L, RERE, TRIO, NSD1, UBA2, ATR, ABL1, YWHAE, SOS2, MED13L, AP1G1, MBD5, TRAPPC9, ATRX, NEK1, DYRK1A, ZNF292, SMAD4, SPOP, SPRED1, MAPRE2, SOX6, SPRED2, PAFAH1B1, SOS1, RAB18, NFIX, HNRNPR, P3H2, RB1, ATG7, GLYR1, MAF, UBE4B, RASA2, EP300, PLD1, ORC4, SPECC1L, RNF216, SMC1A, TRPS1, SPEN, NSD2, PIGN, PHIP, OFD1, BRD4, NIPBL, STAG1, PRKACB, LUZP1, TCF20, PACS2, MAPK1, TPR, AUTS2, LEMD3, SMC3, TMEM260, CNOT2, NAA15, NOTCH2, KAT6B, TRRAP, NF1, PACS1, VPS13B, CREBBP, EHMT1, REV3L, CTNND1, CCDC47, RUNX2, CAPRIN1, EEFSEC, RPL17, CLCN3, FRA10AC1, PHF21A, TRPM3, ACVR1, ARID1B, HNRNPH1, STAG2, KMT2A, UBR1, DYM, XRCC4, RAF1, UBE3A, CHD4, CSNK2A1, BAZ1B, KDM5A, CEP57, CTNNB1, USP7, RAD21, BRCA1, ATP2B1, MECP2, CACNA1C, CLIP2, ZMYM2, NIN, POLA1, MITF, HDAC8, CBL, MEF2C, EXT2, OGT, WIPI2, RFWD3, WNT5A, BPTF, WDR11, GTF2I, FANCL, ATP6V1B2, CHD7, BRAF, KRAS, TAF1, TAB2, PTPN11, AGO2
HP:0001643	Patent ductus arteriosus	126	0.039375	2.0076376856435645	1.8630125150258066e-15	3.3042775417362884e-13	12.480923481393337	1.9164809742070473e-11	SMARCA2, FANCC, SLC25A24, USP9X, HDAC4, ARID2, MAT2A, SIK3, KDM6A, CSGALNACT1, SETD5, CTCF, FUT8, NPHP3, CDC42, BMPR1A, DHRSX, PIK3CA, ZEB2, NEDD4L, ZNF148, ASPH, RERE, ASCC1, TRIO, FBXL4, ARL6IP6, NSD1, ABL1, SOS2, WLS, MAP2K1, TRIM33, DYRK1A, SON, SMAD4, DDX3X, SPRED2, ZMIZ1, SOS1, NFIX, ARID1A, POGZ, DNMT3A, WAC, MAF, UBE4B, RASA2, ACSL4, GLB1, DTNA, EP300, LARS2, SPECC1L, FRYL, SPEN, ASXL2, PIGN, KANSL1, RAP1B, PPP1CB, KYNU, MAP3K7, CDC42BPB, NIPBL, SMAD2, ARFGEF2, SUPT16H, TRIP4, LUZP1, TGFBR2, RREB1, FTO, SMC3, WDR37, KAT6B, NOTCH2, AFF4, TRRAP, CEP295, PACS1, CREBBP, RAC1, EHMT1, SMC5, CCDC47, EEFSEC, RPL5, FRA10AC1, ARID1B, ZBTB7A, STAG2, EED, KMT2A, PLAGL1, RAF1, CHD4, PTEN, KAT6A, BAZ1B, ACTB, BRCA1, CACNA1C, LMBRD1, CLIP2, ZMYM2, CBL, YY1AP1, EXT2, TRIP11, RFWD3, CUX1, AGO2, PAK2, IPO8, GTF2I, JMJD1C, FANCL, TGFBR1, SNX14, CHD7, KRAS, BRAF, PTPN11, EIF4A2, C2CD3
HP:0002167	Abnormal speech pattern	77	0.0240625	2.006734564777328	7.770346619768346e-10	4.8152744384070466e-08	7.3173789559559985	7.993355567755697e-06	FUS, ADNP, SPTLC1, VPS35L, SPG11, ITPR1, BMPR1A, HLA-B, PIK3CA, PNPLA6, SCLT1, RERE, MT-CO1, PIK3R1, MLH1, SOS2, PSEN1, FOXP2, SCAPER, PLP1, MAP2K1, PANK2, BBS9, ABCB7, MANBA, SUFU, SDCCAG8, SPRED2, FMR1, SOS1, RPS6KA3, STIM1, UBE4B, RASA2, MTOR, RNF216, SMC1A, SPEN, ATM, WASHC5, NUP54, BRD4, NIPBL, B3GALNT2, CEP290, LUZP1, TGFBR2, OPHN1, SMC3, MSH2, SAMD9L, VPS13B, TBXAS1, NPAT, SIL1, MT-ATP6, ADAR, CHEK2, UBE3A, RAF1, TBK1, PTEN, BAZ1B, PMS1, RAD21, MECP2, CLIP2, HDAC8, CBL, MT-CO3, TRAF3, TGFB1, GTF2I, BRAF, KRAS, PTPN11, CACNA1A
HP:0000020	Urinary incontinence	48	0.015	2.006396103896104	9.659339488561015e-07	3.836510630070547e-05	4.416063594133499	0.009936562531882716	MTMR14, RYR1, DEPDC5, ALMS1, PANK2, EIF2AK2, FUS, ADNP, HSPD1, SPTLC1, SQSTM1, AUH, ZMYM2, SLC20A2, PSAP, SUFU, GALNT2, UBAP1, SPG11, FMR1, ACBD6, SLC44A1, COG5, DNM2, GABRB3, HLA-DRB1, PIK3CA, FARS2, BNC2, POT1, DNMT1, XPR1, GBE1, HEXB, RSRC1, ZEB2, FRYL, VPS13C, ATXN10, COPB1, SPAST, HACE1, HPSE2, TRIO, SACS, WASHC5, ATXN2, HLA-DQB1
HP:0001276	Hypertonia	113	0.0353125	2.0038627754820935	7.404348563009726e-14	9.892017359439097e-12	11.004715130169414	7.616853366768105e-10	MT-ND3, FUS, ADNP, SPTLC1, CTCF, FRMD4A, TBL1XR1, NPHP3, SPG11, ITPR1, ATAD1, FBXW11, RBMX, BMPR1A, CLPB, PIK3CA, OGDH, IREB2, SAMHD1, PRORP, NSD1, SORL1, GPHN, MLH1, PSEN1, VPS13A, WLS, EIF2AK2, DYRK1A, ZNF292, LINGO1, RBPJ, SMAD4, SPOP, SLC25A46, SLF2, GRIA3, NFIX, RPS6KA3, GLB1, CASK, SMC1A, LYST, CDC40, ATM, HS2ST1, CDK19, EIF2S3, KYNU, VAC14, PARN, NUP54, BRD4, VPS53, NIPBL, CHKA, HEXA, B3GALNT2, DPYD, TGFBR2, HTT, EIF2AK3, FTO, AUTS2, SMC3, MSH2, MT-ND1, RNF13, GNPTAB, PSAP, MT-ND5, OSTM1, MIPEP, SHQ1, ARHGAP31, UNC80, NPAT, SEC31A, PI4KA, ITM2B, NUP107, ARHGEF9, HLCS, SIL1, QDPR, OPA1, MT-ATP6, ERCC6, ARL13B, MT-ND4, ADAR, SUZ12, SCAF4, CHEK2, NUP214, RANBP2, PMS1, RAD21, RTTN, RNASEH2B, HDAC8, MT-ND2, ZSWIM6, HNRNPC, RAB27A, MYO5A, MBOAT7, BRAF, KRAS, TANGO2, EIF4A2, CACNA1A, GRIA4
HP:0001875	Decreased total neutrophil count	61	0.0190625	2.0034103954081632	4.3362068805849474e-08	2.0942047033134907e-06	5.678980869374281	0.00044606560180577356	FANCC, IARS2, PACS2, ZBTB16, EIF2AK3, RPS28, ATRX, TET2, STAT5B, AP3B1, RPS19, SAMD9L, EFL1, SF3B1, LMBRD1, RPL18, RPS24, WIPF1, XIAP, FUT8, MYSM1, VPS13B, TBL1XR1, MTR, ANAPC1, CBL, CLPB, BLNK, PCCA, IL6ST, DIAPH1, EPG5, NPM1, MSN, WDR1, LYST, RPL35, RAB27A, SPI1, MDM4, CIITA, RPL9, STAT3, SLC30A7, FNIP1, RPL17, RUNX1, FBXL4, RPL5, ASXL1, RPS29, STK4, FBXW7, ETV6, FIP1L1, PIK3R1, KRAS, VPS45, NUMA1, IRF2BP2, LBR
HP:0001268	Mental deterioration	55	0.0171875	2.000256002824859	1.8364887299223543e-07	8.108137152236592e-06	5.091078913659868	0.0018891959564711258	CLTC, VPS13A, SCARB2, HTT, PLP1, GIGYF2, LRRK2, MAP2K1, TBK1, YWHAG, WWOX, PANK2, PPP3CA, GDAP2, ATXN7, ACTB, SQSTM1, CACNA1B, NBN, VPS35, CNKSR2, CHD2, SLC20A2, PSAP, SYNJ1, UBAP1, SPG11, FMR1, SLC44A1, FGF12, PRNP, GABRB3, XPR1, DNMT1, HEXB, PDE10A, SNCA, EPM2A, VPS13C, PACS2, CSF1R, ASAH1, CELF2, CNTNAP2, CDK19, ATP6V1A, GNAS, ERCC6, BRAF, TRAK1, FBXO28, DNAJC13, PSEN1, CACNA1A, SLC1A2
HP:0002007	Frontal bossing	144	0.045	1.9977478448275863	2.333507726289366e-17	5.455634995531525e-15	14.263154693470568	2.400479398033871e-13	SMARCA2, FANCC, RFX7, CAMKMT, HNRNPU, HDAC4, ARID2, ANKRD11, CHD6, SIK3, CSGALNACT1, DSE, IFT80, VPS35L, SIN3A, ITPR1, BMPR1A, CSPP1, XYLT1, WDR26, PIK3CA, HECTD4, EPB41, PPM1B, ZEB2, PNPLA6, ZNF148, ASPH, KIDINS220, RERE, TRIO, APC, CNTNAP2, FBXL4, NSD1, HK1, ABL1, YWHAE, PIK3R1, SOX5, MED13L, AP1G1, POLD3, MBD5, CWC27, SEC23A, LIFR, MAP2K1, NFIA, SON, SPOP, SUFU, CHD1, SEC24D, HERC1, FMR1, PAFAH1B1, MTX2, NFIX, P4HB, RPS6KA3, UBE4B, EP300, GLB1, TRPS1, MTOR, SPECC1L, FRYL, EDA, SPEN, NSD2, FBXO11, PIGN, DYNC2H1, FLI1, OFD1, ITCH, CPLANE1, PPP1CB, KYNU, WASHC5, CDC42BPB, TRIM37, DDX6, SMAD2, UGP2, SUPT16H, LBR, DENND5A, LUZP1, TCF20, TGFBR2, OPHN1, SMC3, LEMD3, PPP2CA, RNPC3, CREBBP, ANKH, UNC80, SMC5, PURA, RUNX2, STAT3, CLCN3, GATAD2B, JARID2, ARID1B, STAG2, PTEN, DEPDC5, TOGARAM1, KAT6A, WWOX, MED27, KDM5A, CEP57, CTNNB1, BRCA1, CACNA1C, P4HA1, BRWD3, KIAA0586, MITF, CBL, HSD17B4, TRIP11, SNX10, RFWD3, CUX1, IPO8, TGFB1, WNT5A, ADK, DICER1, FANCL, LYN, ATP6V1B2, PAK1, TGFBR1, SNX14, BRAF, KRAS, AGO2
HP:0001513	Obesity	94	0.029375	1.9970152640264025	1.165630464754718e-11	1.0978962060149833e-09	8.95943871570164	1.1990840590931783e-07	MIA3, APPL1, HDAC4, ADNP, HERC2, CHD8, KDM6A, SIN3A, SPG11, RBMX, TMLHE, PIK3CA, HECTD4, PNPLA6, SCLT1, KIDINS220, COPB1, RERE, CNTNAP2, PRORP, SLC10A7, STX16, PPARG, SCAPER, TRAPPC9, ATRX, ALMS1, BBS9, SMAD4, SUFU, SDCCAG8, CTSH, ACBD6, POGZ, DNMT3A, WAC, RPS6KA3, UBE4B, EP300, LARS2, SPEN, PHIP, FBXO11, HACE1, TRIP12, SETD2, OFD1, RAP1B, EIF2S3, DDX6, SUPT16H, DPYD, CEP290, LUZP1, TCF20, RREB1, FOXP1, AFF4, UBE3C, VPS13B, CREBBP, EXOC6B, EHMT1, HLA-DRB1, MEF2A, GNAS, PHF21A, ANOS1, USP8, ARL13B, MYT1L, SCAF4, UBE3A, PTEN, TOGARAM1, ATP6AP2, BAZ1B, CTNNB1, SRRM2, SECISBP2, MECP2, CLIP2, NIN, DCC, APOE, FXR1, WDR11, GTF2I, JMJD1C, SH3KBP1, CHD7, BRAF, TAF1, HLA-DQB1
HP:0011800	Midface retrusion	94	0.029375	1.9970152640264025	1.165630464754718e-11	1.0978962060149833e-09	8.95943871570164	1.1990840590931783e-07	IARS2, SLC25A24, TCF12, ADNP, HDAC4, RAB3GAP1, KDM6A, CSGALNACT1, RAB3GAP2, DSE, CTCF, TBL1XR1, CDC42, LRPPRC, ZBTB20, XYLT1, WDR26, IREB2, RERE, TRIO, PIK3R1, SOS2, ZNF407, MED13L, YME1L1, MBD5, RYR1, PLP1, SEC23A, LIFR, ATRX, SON, SMAD4, CHD1, SEC24D, SPRED2, ZMIZ1, SOS1, NFIX, POGZ, P3H2, P4HB, WAC, MAF, UBE4B, RASA2, MTOR, SMC1A, SPEN, ANKRD17, CDK19, ITCH, RAP1B, HSPA9, SMAD2, LBR, SMCHD1, LUZP1, TCF20, KMT2C, RNF13, NF1, MIPEP, EHMT1, CCDC47, MAD1L1, RUNX2, TLK2, CLCN3, JARID2, TRPM3, RPS28, RAF1, PTEN, DEPDC5, ACTB, MECP2, P4HA1, MYSM1, CBL, EFTUD2, RFWD3, KCNQ1, NGLY1, PAK2, WNT5A, BPTF, TMEM165, PKD2, BRAF, KRAS, PTPN11, GRIA4, KAT6A
HP:0000431	Wide nasal bridge	160	0.05	1.9960271317829459	4.1690483975986813e-19	1.383451640841859e-16	15.859036017211569	4.2887000866097634e-15	SMARCA2, RFX7, IGF1R, USP9X, ADNP, RPS19, CHD8, CDK13, RAB3GAP1, KDM6A, RAB3GAP2, SETD5, DIS3L2, CTCF, FUT8, VPS35L, SIN3A, CDC42, PEX14, LRPPRC, PEX3, ZBTB20, COG5, HECTD4, KDM4B, RSRC1, ZEB2, HNRNPK, TAPT1, EXT1, RERE, TRIO, FBXL4, ASXL1, RPS29, PIK3R1, SOX5, MED13L, RYR1, TRAPPC9, WLS, PPP1R21, SEC23A, ATRX, NEK1, MED13, TRIM33, TBCK, SON, B4GALT1, PUM1, RHOA, RPL18, MAPRE2, DDX3X, SUFU, SOX6, EXOC2, ZMIZ1, RAB18, HNRNPR, RB1, WAC, MAF, UBE4B, EP300, CASK, TRPS1, SPECC1L, SPEN, PIGN, NSD2, FBXO11, TENT5A, KANSL1, HS2ST1, FLI1, SETD2, OFD1, WASHC5, MAP3K7, KCNMA1, TRIM37, GRIP1, SUPT16H, LUZP1, RREB1, OPHN1, MAPK1, PACS2, TPR, AUTS2, PRKDC, SLC12A6, KAT6B, NOTCH2, TCF4, PUS7, TRRAP, RPS24, CREBBP, ANKH, CAMSAP1, PURA, RUNX2, RPL9, STAT3, PIK3C2A, RPL5, ATP6V1A, GATAD2B, JARID2, ERCC6, ARID1B, STAG2, EED, KMT2A, STRADA, MYT1L, KMT5B, RPS28, XRCC4, RAF1, RALA, CSNK2A1, EDEM3, TOGARAM1, FRMPD4, AP3B1, BAZ1B, CTNNB1, AP4E1, RAD21, DHX9, ACTB, MECP2, RTTN, TASP1, CLIP2, CHD2, ZMYM2, GLUL, MITF, BCAS3, ZSWIM6, RIN2, WNT5A, RPL35, BPTF, GTF2I, JMJD1C, FANCL, ATP6V1B2, SNX14, BRAF, KRAS, PTPN11, MARK2, EIF4A2, AGO2
HP:0000736	Short attention span	46	0.014375	1.9873196308724832	2.1499702210153394e-06	7.955663188339855e-05	4.0993236114879945	0.022116743663584796	SMARCA2, CLTC, UBE3A, VPS13A, GRIK2, PTEN, LRRK2, FOXP1, NIPA2, BBS9, MT-ND1, SECISBP2, PUS7, CHD8, PRKN, EFL1, SCAPER, AUH, SPRED1, NF1, PSAP, MT-ND5, CREBBP, SDCCAG8, SIN3A, SPG11, CBL, PRNP, MT-CO3, EP300, PURA, MT-CO2, SNCA, VPS13C, FBXO11, SCLT1, MT-CO1, TAOK1, DISP1, CEP290, KMT2A, MT-ND4, FOXP2, SYNJ1, GRIA4, MBD5
HP:0002120	Cerebral cortical atrophy	96	0.03	1.9870418006430868	7.687611220624145e-12	7.988126931975817e-10	9.097555042772456	7.908245662656057e-08	IARS2, AP1S2, RAB3GAP1, KDM6A, SQSTM1, RAB3GAP2, VPS35, CNKSR2, SPG11, ITPR1, CDC42, CAMTA1, EPG5, FARS2, HEXB, RERE, MT-CO1, GNAQ, SORL1, YWHAE, PSEN1, VPS13A, CWC27, TRAPPC9, ATRX, MAP2K1, PANK2, DYRK1A, SLC25A46, SEL1L, HERC1, FMR1, PAFAH1B1, RAB18, POGZ, RPS6KA3, MAF, UBE4B, CASK, SMC1A, SNCA, SPEN, VPS13C, PIGN, PARN, BRD4, NIPBL, VRK1, UGP2, CACNA1E, LUZP1, GIGYF2, LRRK2, SMC3, MT-ND1, GDAP2, TRRAP, GNPTAB, AGTPBP1, MT-ND5, SHQ1, EHMT1, RARS2, MT-ATP6, ERCC6, MT-ND4, SYNJ1, RNF125, UBE3A, TBK1, FRMPD4, BAZ1B, AP4E1, RAD21, ACTB, MECP2, CLIP2, HDAC8, TRAPPC12, ZSWIM6, PRNP, MT-CO3, TSEN15, ADGRV1, MT-CO2, APOE, MYO5A, GTF2I, ATXN2, SNX14, BRAF, TRAK1, KRAS, DNAJC13, CACNA1A, GRIA4
HP:0003196	Short nose	118	0.036875	1.9832588120104437	3.7943061692063833e-14	5.346853090770694e-12	11.271901748337312	3.9032027562626065e-10	SMARCA2, RFX7, MIA3, IARS2, SLC25A24, PPP1R12A, ADNP, NBAS, ARID2, RAB3GAP1, KDM6A, RAB3GAP2, DSE, DIS3L2, FAR1, CTCF, FUT8, VPS35L, TBL1XR1, SIN3A, RBMX, XYLT1, HECTD4, HNRNPK, CHSY1, NEDD4L, SYT1, TAPT1, PIGU, TRIO, APC, CNTNAP2, ABL1, YWHAE, SLC10A7, MED13L, MBD5, PPP1R21, LIFR, ATRX, MAP2K1, DYRK1A, NFIA, SON, SHOC2, SPOP, DDX3X, SUFU, SEC24D, PAFAH1B1, RAB18, NFIX, ARID1A, P3H2, P4HB, WAC, RPS6KA3, MAF, CASK, MTOR, SPECC1L, FRYL, SMC1A, EDA, FBXO11, PIGN, PHIP, TENT5A, TRIP12, FLI1, PPP1CB, WASHC5, BRD4, HSPA9, VPS53, NIPBL, SMAD2, HUWE1, DPYD, TCF20, SMC3, FOXP1, SLC12A6, AFF4, RNF13, TRRAP, LRRC8C, CREBBP, EHMT1, PURA, ATP6V1A, ARID1B, DISP1, KMT2A, UBR1, PTEN, BAZ1B, CEP57, RAD21, ACTB, P4HA1, NARS2, CLIP2, ZMYM2, PIGF, GLUL, POLA1, HDAC8, MEF2C, EFTUD2, ZSWIM6, TRIP11, KIF5B, WNT5A, GTF2I, CCDC88A, BRAF, KRAS
HP:0011344	Severe global developmental delay	71	0.0221875	1.9785294913419913	7.0913296697360964e-09	3.760232387246146e-07	6.424785314279794	7.294850831257523e-05	MT-ND3, RNASET2, PPP1R21, DYNC1I2, GRM7, FTO, DEPDC5, RNF2, RALGAPA1, DYRK1A, TBCK, ADNP, MT-ND1, MECP2, SLC25A46, RAB3GAP2, RTTN, GNPTAB, NIN, SEL1L, FUT8, VPS35L, SLC30A9, TBL1XR1, MTR, MT-ND5, ADAR, GLUL, PEX14, SUCLA2, PEX3, EXOC2, TRAPPC12, MT-ND2, DHRSX, UNC80, TSEN15, WDR26, RPS6KA3, DPYD, CCDC47, PURA, CASK, SMC1A, SYT1, ST3GAL3, PIGN, PIGU, VPS50, ADK, EIF2S3, FIG4, FBXL4, PRORP, YY1, VPS53, MT-ATP6, CHKA, SNX14, BRAF, GPHN, ERCC6, UGP2, TANGO2, EIF4A2, STRADA, INSR, MT-ND4, FOXP2, DYM, DENND5A
HP:0001302	Pachygyria	49	0.0153125	1.971388671875	1.4897227927285159e-06	5.69694363152351e-05	4.244358077653976	0.015324778368798243	LAMA2, CDK5RAP2, GRM7, PLP1, CSNK2A1, TRAPPC10, CEP85L, PRKDC, NEK1, KAT6B, PDCD6IP, MCPH1, ACTB, RAB3GAP1, DYNC1H1, RAB3GAP2, RTTN, CEP295, DMXL2, NCAPD3, MACF1, SLC30A9, KIF2A, CDK6, PAFAH1B1, RAB18, NFIX, ARHGAP31, ANKLE2, CEP152, PIK3CA, WDR26, CAMSAP1, CASK, MTOR, CEP135, CEP63, AKT3, NUP107, FLI1, VAC14, ATP6V1A, FIG4, ETFA, CCDC88A, ATR, FBXO28, B3GALNT2, CRADD
HP:0002705	High, narrow palate	49	0.0153125	1.971388671875	1.4897227927285159e-06	5.69694363152351e-05	4.244358077653976	0.015324778368798243	SMARCA2, TGFBR2, MAPK1, PTEN, MAP2K1, SLC25A24, AFF4, TBCK, ADNP, CTNNB1, SMS, MAT2A, ARID2, SMAD4, CHD6, KDM6A, SETD5, SPRED1, DIS3L2, TPM3, VPS35L, VPS13B, CREBBP, SIN3A, SPRED2, BMPR1A, EP300, HNRNPK, ORC4, SPEN, IPO8, RUNX2, WNT5A, COPB1, APC, VAC14, FIG4, MAP3K7, WASHC5, NSD1, TAOK1, TGFBR1, BRAF, SMAD2, TAF1, PTPN11, NDUFAF6, ABCD3, FOXP2
HP:0001629	Ventricular septal defect	158	0.049375	1.9710767926356592	2.560241677459229e-18	7.52491603886374e-16	15.12349834145659	2.633720613602309e-14	FANCC, RFX7, IARS2, TTC7A, IGF1R, ARID2, ANKRD11, RPS19, CDK13, KDM6A, CSGALNACT1, SETD5, DMXL2, CTCF, VPS35L, RBMX, PEX14, PEX3, XYLT1, WDR26, PIK3CA, HNRNPK, ZEB2, NEDD4L, TAPT1, ASPH, AKT3, RERE, CDK8, TRIO, ASXL1, RPS29, NSD1, ABL1, SOS2, MED13L, RYR1, CWC27, GRM7, ATRX, MAP2K1, NEK1, NIPA2, DYRK1A, TBCK, NEK9, SON, SHOC2, SMAD4, DST, RPL18, CACNA1D, SEL1L, SLF2, PPM1D, EXOC2, SOS1, NFIX, ARID1A, HNRNPR, DNMT3A, WAC, EP300, PLD1, DTNA, LARS2, CASK, SPECC1L, FRYL, SMC1A, SPEN, NSD2, KANSL1, FLI1, RAP1B, VAC14, PPP1CB, MAP3K7, WASHC5, BRD4, NIPBL, SMAD2, PRKACB, STAG1, LBR, CEP290, TGFBR2, RREB1, PACS2, MAPK1, FTO, TPR, SMC3, WDR37, TMEM260, KAT6B, NOTCH2, AFF4, TRRAP, RPS24, NF1, PACS1, VPS13B, CREBBP, RAC1, KDM3B, EHMT1, ARHGAP31, CCDC47, PI4KA, RPL9, NUP107, RPL5, ATP6V1A, FRA10AC1, ARID1B, ZBTB7A, STAG2, MICU1, UBR1, PLAGL1, INSR, RPS28, SCAF4, MT-CYB, CHD4, KAT6A, BAZ1B, KDM5A, CEP57, TNFRSF11A, RAD21, CACNA1C, P4HA1, TASP1, CLIP2, ZMYM2, POLA1, MACF1, HDAC8, EFTUD2, YY1AP1, EXT2, CUX1, IPO8, RPL35, GTF2I, JMJD1C, FIG4, TAOK1, TGFBR1, CHD7, BRAF, KRAS, TAB2, PTPN11, TET3, C2CD3
HP:0000316	Hypertelorism	268	0.08375	1.9693678652968039	2.402439296669711e-30	3.0892366306051647e-27	26.510148824158872	2.4713893044841318e-26	SMARCA2, FANCC, TTC7A, SLC25A24, RNF2, TCF12, HNRNPU, PPP1R12A, ADNP, HDAC4, THOC2, NBAS, MAT2A, ANKRD11, RPS19, CHD8, SIK3, KDM6A, CSGALNACT1, DSE, FAR1, TPM3, CTCF, VPS35L, TBL1XR1, SIN3A, CDC42, BMPR1A, LRPPRC, PEX3, ZBTB20, CSPP1, CAMTA1, LMBR1, GLDN, EPG5, WDR26, PMM2, XYLT1, BNC2, HECTD4, PIK3CA, RSRC1, ZEB2, CHSY1, NEDD4L, TAPT1, SCLT1, ASPH, AKT3, RERE, TRIO, APC, CNTNAP2, FBXL4, ASXL1, ADGRG6, RPS29, PRORP, NSD1, ABL1, YWHAE, PIK3R1, SOS2, MED13L, AP1G1, FOXP2, MBD5, SCAPER, RYR1, TRAPPC9, PLP1, PPP1R21, SEC23A, MAP2K1, ALG13, ATRX, NEK1, MED13, TRIM33, TBCK, BBS9, ZNF292, PUM1, ASH1L, B4GALT1, SHOC2, SMAD4, SPOP, SPRED1, MAPRE2, RPL18, SEL1L, DDX3X, SOX6, GALNT2, SUFU, HERC1, SDCCAG8, SEC24D, SPRED2, EXOC2, PAFAH1B1, SOS1, ZMIZ1, NFIX, POGZ, DNMT3A, P3H2, RB1, WAC, RPS6KA3, MAF, RASA2, EP300, GLB1, CASK, MTOR, SPECC1L, FRYL, ASXL2, SPEN, NSD2, FBXO11, PIGN, PHIP, HS2ST1, HACE1, TRIP12, FLI1, SETD2, CDK19, ITCH, CPLANE1, PPP1CB, RAP1B, OFD1, VAC14, CDC42BPB, MAP3K7, WASHC5, DEF6, TRIM37, BRD4, KCNMA1, DDX6, SMAD2, PRKACB, GRIP1, HUWE1, SUPT16H, TRIP4, LBR, CEP290, HELLS, DPYD, TGFBR2, RREB1, SMCHD1, MAPK1, EIF2AK3, PACS2, AUTS2, LEMD3, WDR37, FOXP1, PPP3CA, SLC12A6, KAT6B, NOTCH2, AFF4, NSRP1, SMS, TUBB, TRRAP, PPP2CA, RPS24, NF1, GNPTAB, PACS1, CREBBP, ANKH, BLNK, FAM111A, EHMT1, CTNND1, CCDC47, RUNX2, TLK2, RPL9, NUP107, CAPRIN1, COG3, STAT3, RPL5, ATP6V1A, GATAD2B, FRA10AC1, CLCN3, JARID2, ERGIC1, SPART, ASCC3, ARID1B, EED, MICU1, KMT2A, STRADA, INSR, PDZD8, RPS28, SUZ12, RAF1, CHD4, CSNK2A1, PTEN, DEPDC5, EDEM3, TOGARAM1, MED27, KDM5A, TNFRSF11A, RAD21, DHX9, ACTB, BRCA1, P4HA1, TASP1, ZMYM2, KIAA0586, MACF1, HDAC8, BCAS3, ZMYND11, CBL, MEF2C, SCYL2, ZSWIM6, EXT2, IL6ST, HSD17B4, RAP1GDS1, OGT, RFWD3, HNRNPC, NGLY1, IPO8, WNT5A, RPL35, BPTF, SPI1, WDR11, ADK, DICER1, JMJD1C, FIG4, FANCL, LYN, TAOK1, ATP6V1B2, TGFBR1, CHD7, BRAF, KRAS, TAF1, PTPN11, MARK2, CDK13
HP:0001332	Dystonia	128	0.04	1.9618095238095241	7.294351174453401e-15	1.1544152389477253e-12	11.937637948938796	7.503699053160214e-11	MT-ND3, RFX7, RNASET2, IARS2, SCP2, MRE11, FUS, PRKN, SPTLC1, TTBK2, HIBCH, SQSTM1, AUH, VPS35, DMXL2, CTCF, SPG11, ITPR1, SLC44A1, LRPPRC, CLPB, PIK3R5, PNPT1, OGDH, FARS2, HEXB, DNM1L, SYT1, COPB1, IREB2, SAMHD1, HPRT1, CNTNAP2, FBXL4, YY1, MT-ND4L, NDUFAF6, GPRC5B, PSEN1, SETX, VPS13A, GRM7, PLP1, PANK2, EIF2AK2, PNPLA8, SPOP, SPRED1, SEL1L, UBAP1, SLC1A3, SUCLA2, ACBD6, PCCA, ATG7, GLB1, CASK, SMC1A, SNCA, VPS13C, CDC40, ATM, HACE1, OFD1, VAC14, NUP54, KCNMA1, SDHB, ACER3, FTL, CACNA1E, GRIN2B, TMEM163, CLTC, HTT, GIGYF2, LRRK2, MT-ND1, ATXN1, CACNA1B, AGTPBP1, PSAP, SLC30A9, MT-ND5, SHQ1, VPS37A, PURA, GRIA2, PI4KA, TPK1, NDUFS1, TRAPPC11, QDPR, CRLS1, MT-ATP6, HNRNPH1, MICU1, MT-ND4, SYNJ1, ADAR, MT-CYB, NADK2, MED27, AP4E1, MECP2, NPC2, RNASEH2B, NHLRC2, SLC20A2, NDUFAF5, BCAS3, TRAPPC12, MT-ND2, MT-CO3, ATXN3, XPR1, APOE, NGLY1, GNB1, AQP4, VPS13D, ATXN2, REPS1, TAF1, DNAJC13, TANGO2, CACNA1A, KAT6A
HP:0002063	Rigidity	60	0.01875	1.9605647208121828	1.519313600816005e-07	6.8249690006961765e-06	5.165899316867011	0.0015629179011594245	CLTC, RYR1, HTT, PACS2, GIGYF2, LRRK2, RANBP2, WWOX, EIF2AK2, YWHAG, ATP6AP2, PANK2, PPP3CA, MECP2, PRKN, PTCD3, CACNA1B, VPS35, CNKSR2, SLC20A2, LNPK, PSAP, SYNJ1, SLC1A3, ATAD1, FMR1, FGF12, PRNP, ATXN3, XPR1, OGDH, CASK, SNCA, BAG3, ITM2B, VPS13C, MYO5A, CSF1R, SIL1, AQP4, CELF2, CDK19, ATP6V1A, ATXN2, NUP54, DDHD1, MT-ATP6, CHKA, TRAK1, FBXO28, KRAS, DNAJC13, GPHN, FTL, NDUFAF6, GFAP, GPRC5B, CACNA1A, SLC1A2, ADAR
HP:0000739	Anxiety	141	0.0440625	1.960352996760259	3.614039846188452e-16	7.461034350566717e-14	13.127200960516067	3.71776278977406e-12	RFX7, IGF1R, TCF12, FUS, ADNP, THOC2, ARID2, CHD8, PRKN, SQSTM1, CTCF, TSC1, SIN3A, BMPR1A, ZBTB20, PIK3CA, HECTD4, HEXB, PDE10A, SYT1, SCLT1, MT-CO1, NSD1, YY1, SOX5, MLH1, PSEN1, STX16, AP1G1, MBD5, VAPB, SCAPER, VPS13A, DCTN4, NEK1, YWHAG, DYRK1A, BBS9, CCND1, ASH1L, HLA-DQA1, SDCCAG8, PPM1D, CTSH, FMR1, NFIX, POGZ, DNMT3A, GABRB3, WAC, ACSL4, PFN1, SPECC1L, FRYL, SMC1A, VPS13C, SNCA, NSD2, PHIP, ATM, KANSL1, TRIP12, SETD2, PPP1CB, CDC42BPB, BRD4, NIPBL, PON2, CEP290, DENND5A, TGFBR2, TCF20, RREB1, HTT, MAPK1, LRRK2, SMC3, MSH2, FOXP1, MT-ND1, KMT2E, TAF15, THRB, RIMS2, MT-ND5, SHQ1, EHMT1, HLA-DRB1, SMC5, NPAT, PURA, TLK2, CAPRIN1, NR3C1, GNAS, CLCN3, PHF21A, SPART, ASCC3, DISP1, STAG2, KMT2A, MYT1L, MT-ND4, SYNJ1, GRIK2, RNF125, CHEK2, TBK1, DEPDC5, BAZ1B, PMS1, CTNNB1, RAD21, SRRM2, MECP2, CLIP2, SLC20A2, HDAC8, PRNP, MT-CO3, XPR1, ADGRV1, MT-CO2, GNB1, TGFB1, BPTF, NFIB, TANC2, WDR11, GTF2I, JMJD1C, FIG4, ATXN2, CHD7, KRAS, TAF1, MARK2, HLA-DQB1, CACNA1A, TET3
HP:0000978	Bruising susceptibility	69	0.0215625	1.9566781387665197	1.643948517356321e-08	8.498139898514811e-07	6.070676123722746	0.00016911298398044475	FANCC, MIA3, RAF1, SCARB2, TGFBR2, MAPK1, LIFR, ATRX, MAP2K1, ZBTB16, DTNBP1, STAT5B, TET2, TNFRSF1A, NBAS, MAT2A, P4HA1, SMAD4, SIK3, DSE, WIPF1, GSN, TBL1XR1, SEC24D, CBL, SPRED2, SOS1, LMAN1, NFIX, KIF5B, SH2B3, P4HB, MYH9, XYLT1, SNX10, HPS3, STIM1, USP48, RASA2, NPM1, JAK2, IPO8, LYST, RIN2, TAPT1, TENT5A, STAT3, NR3C1, RUNX1, GNAS, F13A1, CALR, USP8, TGFBR1, FIP1L1, BRAF, SMAD2, HPS5, KRAS, ETV6, PTPN11, SOS2, P2RY12, SLC10A7, NUMA1, MTAP, TPM4, PTPRJ, IRF2BP2
HP:0030084	Clinodactyly	55	0.0171875	1.9560514502762434	4.451400999414377e-07	1.8614456130477923e-05	4.730149648297744	0.00457915620809757	SUZ12, XRCC4, RALA, MAPK1, ATRX, IGF1R, MAP2K1, FOXP1, TBCK, CEP57, ARID2, TCF4, PUM1, HERC2, BRCA1, RHOA, CEP295, TASP1, DDX3X, SIN3A, CDC42, SPRED2, ARID1A, NFIX, POGZ, OGT, XYLT1, SMC5, ASCC3, CAMSAP1, CHSY1, TRPS1, SMC1A, FBXO11, WNT5A, NUP107, TRIP12, PIK3C2A, OFD1, ITCH, CPLANE1, FIG4, SNX14, ACVR1, SPART, NIPBL, BRAF, PIK3R1, SOX5, PTPN11, KMT2A, MED13L, ARID1B, HUWE1, CDK13
HP:0012758	Neurodevelopmental delay	61	0.0190625	1.953574315920398	1.1851199663963522e-07	5.394393404566051e-06	5.268057384319538	0.0012191329094319275	UBE3A, RAF1, PLP1, RPS28, CEP85L, LEMD3, BBS9, ARID2, RPS19, CHD8, KDM6A, SCAPER, LMBRD1, RPL18, THRB, CHD2, RPS24, CTCF, NF1, MYSM1, TSC1, CREBBP, SDCCAG8, ITPR1, SLC1A3, CBL, SPRED2, PAFAH1B1, MACF1, SOS1, IL6ST, ERCC6, GABRB3, RASA2, EP300, HEXB, ZEB2, PHIP, SCLT1, RPL35, RPL9, STAT3, PIK3C2A, RPL5, ASXL1, RPS29, NUP54, GNAQ, MT-ATP6, BRAF, FOXP2, KRAS, PIK3R1, SOX5, PTPN11, SOS2, SUPT16H, PLAGL1, CACNA1A, ADAR, CEP290
HP:0002808	Kyphosis	94	0.029375	1.9519213709677419	3.9659642257913e-11	3.2901511282834755e-09	8.482784152909556	4.07978739907151e-07	LAMA2, TCF12, HDAC4, ANKRD11, HERC2, CHD8, RAB3GAP1, RAB3GAP2, SETD5, CTCF, VPS35L, SIN3A, ITPR1, ZBTB20, HLA-B, PIK3CA, PMM2, COPB1, RERE, CSF1R, TRIO, NSD1, ABL1, ZNF407, ATRX, ALMS1, DYRK1A, SON, CCND1, SMAD4, SEC24D, HERC1, GRIA3, SPRED2, ACBD6, RAB18, NFIX, P4HB, RPS6KA3, UBE4B, GLB1, SMC1A, SPEN, ASXL2, NSD2, KANSL1, HACE1, HS2ST1, WASHC5, SDHB, LBR, LUZP1, HTT, AUTS2, KMT2C, NOTCH2, SMS, KMT2E, GNPTAB, NF1, PSAP, VPS13B, EHMT1, VPS37A, SMC5, PI4KA, MGME1, RUNX2, TLK2, EEFSEC, SIL1, GNAS, USP8, ERCC6, ASCC3, ARID1B, DYM, SCAF4, PTEN, BAZ1B, USP7, ACTB, MECP2, CLIP2, DCC, WIPI2, IPO8, TGFB1, GTF2I, DICER1, FIG4, ATP6V1B2, TAF1, MARK2
HP:0002307	Drooling	49	0.0153125	1.947050540123457	1.959368168156887e-06	7.302905922402137e-05	4.136504293997025	0.020156020345829896	SMARCA2, GRIK2, UBE3A, VPS13A, TBK1, ATRX, MRE11, MED27, CERT1, FOXP1, NEK1, FUS, ATP6AP2, HDAC4, AP4E1, MECP2, SQSTM1, SETD5, TASP1, TAF15, LNPK, VAPB, HERC1, ITPR1, CTSH, NFIX, CAMTA1, ANKLE2, HLA-DRB1, PFN1, RSRC1, ZEB2, PDE10A, PI4KA, SPEN, DNM1L, TTI1, EIF2S3, VAC14, FIG4, ATXN2, SPART, FBXO28, TANGO2, STRADA, PON2, HLA-DQB1, FOXP2, MBD5
HP:0000821	Hypothyroidism	100	0.03125	1.9447696374622356	1.1800453088877153e-11	1.0978962060149833e-09	8.95943871570164	1.2139126092527928e-07	CD55, HDAC4, CHD8, STEAP3, CHD6, KDM6A, JAK1, STAT1, FUT8, TSC1, CLPB, ZBTB20, PIK3CA, PMM2, HNRNPK, DNM1L, PNPLA6, SCLT1, MDM4, SAMHD1, RERE, GRIA1, APC, ARL6IP6, MT-CO1, NSD1, YY1, SCAPER, GRM7, ROBO1, LIFR, ALMS1, DYRK1A, TBCK, BBS9, B4GALT1, SLC25A36, CBLB, ASH1L, SPOP, TF, SEL1L, SLF2, SUFU, SDCCAG8, FMR1, UBE4B, SPEN, LRBA, KANSL1, ITCH, SUPT16H, GRIN2B, CEP290, LUZP1, RREB1, EIF2AK3, FOXP1, KAT6B, AFF4, MT-ND1, ATP11A, LRRC8C, MT-ND5, ANAPC1, HLA-DRB1, CCDC47, STAT3, PIK3C2A, OPA1, GNAS, PHF21A, MT-ATP6, DISP1, MYT1L, UBR1, MT-ND4, PLAGL1, INSR, ADAR, XRCC4, PTEN, BAZ1B, CEP57, SECISBP2, CACNA1C, CLIP2, RNASEH2B, EXT2, IL6ST, MT-CO3, MT-CO2, APOE, IPO8, WDR11, GTF2I, JMJD1C, CHD7, TANGO2, MARK2
HP:0011968	Feeding difficulties	250	0.078125	1.941250753920386	2.3250231397385303e-27	1.594500869232684e-24	23.7973752396679	2.3917513038490262e-23	SMARCA2, MT-ND3, IARS2, SLC25A24, USP9X, ADNP, HDAC4, THOC2, NR3C2, AP1S2, ARID2, ANKRD11, CHD8, CDK13, SIK3, KDM6A, HIBCH, SETD5, DMXL2, CNKSR2, TPM3, CTCF, FUT8, TBL1XR1, SIN3A, MTR, ITPR1, STT3B, PEX14, LRPPRC, CLPB, PEX3, CSPP1, ADARB1, PNPT1, EPG5, WDR26, PMM2, FARS2, HNRNPK, DNM1L, PDE10A, NEDD4L, ZNF148, SYT1, IREB2, RERE, GRIA1, TRIO, CNTNAP2, FBXL4, ASXL1, PRORP, NSD1, FBXW7, YY1, UBA2, HK1, GPHN, SOX5, FOXP2, SLC1A2, POLD3, MBD5, RYR1, CWC27, PPP1R21, GRM7, LIFR, ALG13, YWHAG, MTM1, DYRK1A, TBCK, SON, ZNF292, ASH1L, LINGO1, SHOC2, DST, SLC25A46, CUL3, SLF2, GALNT2, PPM1D, PAFAH1B1, NFIX, ARID1A, HNRNPR, POGZ, ATG7, WAC, EP300, GLB1, CASK, ORC4, MTOR, SMC1A, PHIP, NSD2, KANSL1, HS2ST1, ANKRD17, SETD2, CELF2, CDK19, RAP1B, PPP1CB, MAP3K7, DEF6, NIPBL, DDX6, CHKA, STAG1, VRK1, DHFR, SUPT16H, TRIP4, GRIN2B, MAP3K20, CLTC, TCF20, HTT, PACS2, TPR, AUTS2, NDUFS4, SMC3, FOXP1, PPP3CA, SLC12A6, NAA15, KAT6B, UBE3C, MT-ND1, TCF4, KMT2E, RNF13, TRRAP, CACNA1B, PPP2CA, CEP295, AGTPBP1, PSAP, PACS1, SLC30A9, CREBBP, ANKH, MIPEP, RAC1, FGF12, SHQ1, EHMT1, UNC80, ERCC6, RARS2, POT1, LYRM4, CCDC47, CAMSAP1, PURA, PI4KA, HNRNPA2B1, TLK2, NDUFS1, TRAPPC11, OPA1, ATP6V1A, ATP6V0A1, FRA10AC1, GATAD2B, CRLS1, CLCN3, ERGIC1, ARID1B, ZBTB7A, HNRNPH1, STAG2, DISP1, PDSS2, KMT2A, STRADA, BCKDHB, SYNJ1, NADK2, RPS28, ADAR, SCAF4, KMT5B, UBE3A, TBK1, CSNK2A1, DEPDC5, NUP214, KAT6A, WWOX, MED27, KDM5A, CTNNB1, ATXN7, SRRM2, DHX9, ACTB, MECP2, NUBPL, NARS2, LMBRD1, TASP1, ZMYM2, FARSB, NHLRC2, POLA1, KIAA0586, NDUFAF5, MACF1, SCYL2, MEF2C, EFTUD2, TRAPPC12, MT-ND2, ZSWIM6, EXT2, GNAI3, TSEN15, SNX10, HNRNPC, GNB1, IPO8, NDUFAF2, NDUFV2, BPTF, PRKAG2, VPS50, ASAH1, FIG4, FANCL, NFE2L2, TAOK1, CCDC88A, ATP6V1B2, CHD7, TRAK1, FBXO28, KRAS, MFF, BRAF, EIF4A2, CACNA1A, GRIA4, AGO2
HP:0001321	Cerebellar hypoplasia	82	0.025625	1.9406227022058822	1.0432193046599673e-09	6.387855349426836e-08	7.194644926856817	1.0731596987037083e-05	SLC25A24, USP9X, RAB3GAP1, CHD6, DMXL2, IFT80, FRMD4A, ITPR1, CDC42, RBMX, CSPP1, CAMTA1, EPG5, WDR26, PMM2, ZEB2, TAPT1, KIDINS220, PIGU, CSF1R, CNTNAP2, FBXL4, OXR1, GPHN, YME1L1, TRAPPC9, PLP1, KPNA3, TBCK, SON, ZNF292, B4GALT1, SLC25A46, ABCB7, HERC1, SLC1A3, PAFAH1B1, EXOC2, NFIX, ARID1A, POGZ, ATG7, WAC, CASK, CDC40, DYNC2H1, SETD2, VAC14, PARN, B3GALNT2, VRK1, DHFR, OPHN1, KMT2C, UBE3C, PACS1, VPS13B, RAC1, SHQ1, EHMT1, RARS2, CCDC47, CAMSAP1, PI4KA, EEFSEC, SIL1, ATP6V1A, ATP6V0A1, CLCN3, ERCC6, STAG2, RTTN, KIAA0586, TRAPPC12, TSEN15, MYO5A, ATG5, FIG4, FANCL, SNX14, TAF1, C2CD3
HP:0001873	Thrombocytopenia	129	0.0403125	1.9401803446261683	1.3992189071128028e-14	2.1483231190252838e-12	11.66790039789983	1.4393764897469401e-10	FANCC, MIA3, CD46, IKZF1, NBAS, NFKB1, ANKRD11, C3, RPS19, IRF8, STAT1, XIAP, WIPF1, TBL1XR1, CDC42, STT3B, CLPB, HLA-B, XYLT1, NPM1, FARS2, TAPT1, ABCA1, SAMHD1, PXK, RUNX1, ASXL1, RPS29, ABL1, SP110, SLC10A7, NUMA1, TPM4, RYR1, EPHB2, LIFR, MAP2K1, ATRX, TET2, KIAA0319L, RBPJ, SF3B1, NBN, RPL18, SLF2, ITGAM, SEC24D, SOS1, PCCA, P4HB, MYH9, STIM1, LARS2, MTOR, FRYL, LYST, LRBA, CDC40, TENT5A, HACE1, OTULIN, FLI1, RAP1B, PARN, CALR, DOCK2, DEF6, NIPBL, FIP1L1, FYB1, HPS5, DHFR, VPS45, FCGR2A, LBR, RREB1, ZBTB16, ERCC6L2, SAMD9L, EFL1, RPS24, PSAP, OSTM1, TBXAS1, ARHGAP31, HLA-DRB1, DIAPH1, POT1, ARPC1B, SMC5, JAZF1, JAK2, RPL9, HLCS, STAT3, RPL17, RPL5, ETV6, PTPRJ, ADAR, RPS28, IRF2BP2, SCARB2, STAT5B, AP3B1, GUCY1A1, ACTB, BRCA1, MECP2, P4HA1, LMBRD1, MYSM1, CBL, IL6ST, KIF5B, BLOC1S6, RECQL, SNX10, RFWD3, PIK3CG, APOE, RPL35, ASAH1, JMJD1C, TMEM165, FANCL, LYN, BRAF, LIPA
HP:0001945	Fever	103	0.0321875	1.938685124269006	8.194598932910652e-12	8.278610209408299e-10	9.082042565273778	8.429783922285188e-08	MT-ND3, CYBB, IKZF1, IRF8, DIS3L2, STAT1, XIAP, WIPF1, TBL1XR1, TSC1, CYBA, CLPB, HLA-B, EPB41, NPM1, PMM2, GAPVD1, ANKFY1, PXK, RUNX1, ASXL1, MT-CO1, ABL1, TLR4, PIK3R1, NUMA1, RYR1, LIFR, MAP2K1, TET2, BCL2, CCND1, KIAA0319L, DST, ITGAM, SH2B3, RB1, MALT1, TNFRSF1B, CASK, UBAC2, EDA, LYST, ATM, HACE1, CIITA, OTULIN, IFNGR1, CALR, FIP1L1, LBR, NUP93, ZBTB16, EIF2AK3, FOXP1, SEMA4D, MT-ND1, TCF4, PTPRC, MT-ND5, ANKH, LPIN2, CD2AP, BLNK, DAAM2, HLA-DRB1, JAZF1, JAK2, NUP107, EEFSEC, RPL17, STAT3, STAT6, MT-ATP6, HAVCR2, HLA-DPB1, MT-ND4, IRF2BP2, MT-CYB, CHEK2, TBK1, ACTN4, RANBP2, STAT5B, BRCA1, MECP2, MT-ND2, PRNP, MT-CO3, TRAF3, PIK3CG, ARHGAP24, MT-CO2, NGLY1, MYO1E, RAB27A, SPI1, NUP205, LYN, CHD7, BRAF, CACNA1A, LIPA
HP:0000369	Low-set ears	255	0.0796875	1.9379962367178274	9.027477069871454e-28	6.633261186983403e-25	24.17827290186755	9.286565661776764e-24	SMARCA2, MIA3, IGF1R, SLC25A24, PIBF1, USP9X, PPP1R12A, ADNP, NBAS, ARID2, RPS19, CDK13, RAB3GAP1, KDM6A, RAB3GAP2, SETD5, DIS3L2, TPM3, CTCF, FRMD4A, VPS35L, CDC42, BMPR1A, LRPPRC, PEX3, CSPP1, COG5, CAMTA1, CEP152, XYLT1, EPG5, KDM4B, CHSY1, ZNF148, TAPT1, ASPH, IREB2, SAMHD1, PIGU, RERE, FBXL4, ASXL1, ADGRG6, RPS29, NSD1, YY1, UBA2, ABL1, YWHAE, ATR, PIK3R1, SOX5, SLC10A7, MED13L, RALGAPA1, AP1G1, FOXP2, MBD5, RYR1, CWC27, PPP1R21, LIFR, ALG13, MAP2K1, ATRX, DYRK1A, NFIA, TBCK, NEK9, SON, ZNF292, PUM1, ASH1L, B4GALT1, SHOC2, SMAD4, SPOP, DST, SPRED1, MAPRE2, RPL18, DDX3X, SUFU, GALNT2, SOX6, HERC1, SEC24D, PPM1D, SPRED2, EXOC2, PAFAH1B1, SOS1, ZMIZ1, NFIX, POGZ, P3H2, RB1, P4HB, GLIS3, MAF, EP300, GLB1, ORC4, SPECC1L, FRYL, SPEN, ASXL2, PIGN, FBXO11, TENT5A, HS2ST1, TRIP12, PPP2R3C, OFD1, ITCH, CPLANE1, PPP1CB, KYNU, RAP1B, VAC14, CDC42BPB, MAP3K7, WASHC5, BRD4, NIPBL, DDX6, SMAD2, STAG1, B3GALNT2, UGP2, ACER3, GRIP1, HUWE1, SUPT16H, LBR, HELLS, TGFBR2, TCF20, CAMK2G, RREB1, MAPK1, AUTS2, PRKDC, WDR37, SMC3, CNOT2, TMEM260, KAT6B, NOTCH2, NSRP1, SMS, TUBB, PUS7, EFL1, MRPS28, TRRAP, RPS24, NF1, GNPTAB, PACS1, CREBBP, ANKH, RAC1, UNC80, SMC5, WASHC4, CCDC47, PURA, RPL9, COG3, RPL17, RPL5, ATP6V1A, CLCN3, FRA10AC1, JARID2, SPART, ARID1B, HNRNPH1, STAG2, ARL13B, EED, KMT2A, CNOT1, INSR, PDZD8, ADAR, RPS28, RAF1, RALA, CHD4, CSNK2A1, PTEN, DEPDC5, EDEM3, TOGARAM1, KAT6A, MED27, AP3B1, ATP6AP2, KDM5A, CEP57, CTNNB1, USP7, RAD21, SRRM2, DHX9, ACTB, ATP2B1, MECP2, CACNA1C, P4HA1, LMBRD1, TASP1, RNASEH2B, ZMYM2, GLUL, KIAA0586, MYSM1, MACF1, SCYL2, CBL, MEF2C, EFTUD2, ZSWIM6, IL6ST, HSD17B4, GNAI3, TRIP11, RAP1GDS1, OGT, NSUN6, KIF5B, CUX1, FDFT1, NGLY1, IPO8, MCM5, WNT5A, RPL35, TTI1, JMJD1C, FIG4, TMEM165, FANCL, TAOK1, ATP6V1B2, TGFBR1, CHD7, BRAF, KRAS, TAF1, PTPN11, MARK2, C2CD3
HP:0000160	Narrow mouth	71	0.0221875	1.9366114936440677	1.8441284392653605e-08	9.438084206329732e-07	6.025116152212268	0.00018970549254722764	LUZP1, RYR1, RREB1, IARS2, MAPK1, PTEN, IGF1R, AUTS2, RNF2, KAT6A, SLC25A24, TRIM33, NOTCH2, NFIA, CEP57, SMS, SON, TUBB, CACNA1C, MECP2, SMAD4, CHD6, RAB3GAP1, RTTN, DSE, MAPRE2, PIGF, CTCF, SOX6, CREBBP, SIN3A, SCYL2, PAFAH1B1, BMPR1A, MTX2, ZMIZ1, TMLHE, ZBTB20, NFIX, CAMTA1, POGZ, GNAI3, PIK3CA, MAF, UBE4B, HECTD4, EP300, GLB1, CHSY1, ORC4, SPEN, NEDD4L, PIGN, FBXO11, MCM5, BPTF, HDAC9, TLK2, AKT3, RERE, APC, ASXL1, CLCN3, JMJD1C, CHD7, YWHAE, EIF4A2, HUWE1, SUPT16H, TRIP4, CDK13
HP:0002015	Dysphagia	157	0.0490625	1.9360889607279694	2.175762150890622e-17	5.205131452607402e-15	14.283568298157068	2.2382065246211829e-13	MT-ND3, LAMA2, IARS2, IKZF1, FUS, ADNP, ANKRD11, SPTLC1, TTBK2, SQSTM1, VPS35, DMXL2, TPM3, DNAJB6, SPG11, ITPR1, SLC44A1, LRPPRC, CSPP1, PIK3R5, HLA-B, EPG5, HEXB, ZEB2, DNM1L, HGSNAT, MEGF10, ADD3, EXT1, RERE, CSF1R, ASCC1, TRIO, HPRT1, FBXL4, GNAQ, GPRC5B, PSEN1, FOXP2, SETX, RHBDF2, VAPB, VPS13A, GRM7, PLP1, LIFR, CEP85L, NEK1, PANK2, DYRK1A, SON, KIAA0319L, HLA-DQA1, SLC1A3, FMR1, ATG7, WAC, UBE4B, GLB1, PFN1, CASK, SMC1A, SNCA, SPEN, VPS13C, PIGN, VAC14, WASHC5, NUP54, VRK1, SDHB, FTL, PON2, TRIP4, LBR, MAP3K20, LUZP1, CDC73, HTT, GIGYF2, LRRK2, KAT6B, MT-ND1, NSRP1, ATXN1, GDAP2, MRPS28, AOPEP, TAF15, NF1, GSN, PSAP, MT-ND5, HLA-DRB1, REV3L, PI4KA, HNRNPA2B1, MGME1, ATXN10, CAPRIN1, NDUFS1, EEFSEC, STAT3, QDPR, OPA1, SPART, ASCC3, DISP1, MT-ATP6, STAG2, KMT2A, MT-ND4, SYNJ1, ADAR, UBE3A, SCARB2, TBK1, CTNNB1, GUCY1A1, ATXN7, ACTB, MECP2, NPC2, CACNA1C, ZMYM2, SLC20A2, MACF1, TRAPPC12, MT-ND2, PRNP, EXT2, IL6ST, ATXN3, XPR1, APOE, GNB1, IPO8, NDUFAF2, ASAH1, AQP4, SACS, TNPO3, FIG4, ATXN2, REPS1, CHD7, FBXO28, TPP1, DNAJC13, MFF, TANGO2, GFAP, EIF4A2, BRAF, HLA-DQB1, CACNA1A, KAT6A
HP:0002066	Gait ataxia	76	0.02375	1.9337005928853754	4.522751197662711e-09	2.4747628494870375e-07	6.606466412121844	4.652554157035631e-05	MT-ND3, SMARCA2, GRIK2, SCARB2, IFRD1, PPP1R21, HTT, OPHN1, TPR, MRE11, WWOX, EIF2AK2, MT-ND1, GDAP2, AP1S2, TCF4, LITAF, MECP2, PRKN, TTBK2, SLC25A46, SQSTM1, TMEM163, ABCB7, SEL1L, LNPK, PSAP, MT-ND5, HERC1, ITPR1, FMR1, MT-ND2, CAMTA1, PRNP, HSD17B4, PNPT1, OGDH, WDR26, HEXB, LARS2, PNPLA6, GRIA2, SMC1A, TPK1, FGF14, SETX, ATXN10, RUBCN, TTI1, CIITA, EEFSEC, VPS41, SIL1, AQP4, VPS13D, TRIO, SACS, EIF2S3, ELOVL5, ATXN2, NUP54, ANO10, PAK1, MT-ATP6, TBC1D2B, ARID1B, FBXO28, TPP1, TANGO2, RFC1, MT-ND4, HLA-DQB1, CACNA1A, SYNJ1, ADAR, DNAJC3
HP:0002540	Inability to walk	81	0.0253125	1.9311562500000004	1.6177776809146216e-09	9.297250839982521e-08	7.03164545161063	1.6642079003568713e-05	LAMA2, ATL3, FUS, SPTLC1, FAR1, SPG11, ITPR1, LRPPRC, HNRNPK, ZEB2, DNM1L, SYT1, SELENOI, GDAP1, COPB1, SBF2, VPS41, ASXL1, UBE4A, SLC1A2, SPTLC2, SLC17A5, PPP1R21, PLP1, PANK2, EIF2AK2, MTM1, TBCK, LNPK, SUCLA2, RAB18, SMC1A, LYST, ST3GAL3, ATM, HACE1, DOCK7, CELF2, EIF2S3, CHKA, CACNA1E, TRIP4, DPYD, CLTC, HTT, SLC12A6, SMS, CLIC2, CACNA1B, GNPTAB, AGTPBP1, FGF12, UNC80, POT1, PURA, SEC31A, GRIA2, EPM2A, TRAPPC11, ATP6V1A, DISP1, HNRNPH1, STAG2, STRADA, SYNJ1, DYM, GRIK2, DYNC1I2, ATP6AP2, AP4E1, MECP2, BCAS3, MEF2C, TSEN15, NGLY1, GNB1, ASAH1, SNX14, MBOAT7, MFF, GRIA4
HP:0002353	EEG abnormality	84	0.02625	1.93115625	1.0578703219080172e-09	6.439237870690991e-08	7.191165531419698	1.0882312001467773e-05	HNRNPU, AP1S2, ANKRD11, KDM6A, DMXL2, PEX14, SLC44A1, PEX3, EPG5, FARS2, ZEB2, SYT1, IREB2, RERE, CNTNAP2, MT-CO1, YWHAE, MED13L, SLC1A2, GRM7, MAP2K1, CEP85L, YWHAG, RBPJ, SLC1A3, PAFAH1B1, POGZ, GABRB3, MAF, UBE4B, EP300, LARS2, CASK, SMC1A, SPEN, NSD2, KANSL1, ANKRD17, EIF2S3, KCNMA1, B3GALNT2, CACNA1E, YEATS2, GRIN2B, DPYD, DENND5A, LUZP1, FOXP1, SLC12A6, MT-ND1, SMS, LRRC8C, PSAP, MT-ND5, CREBBP, FGF12, ARHGAP31, CCDC47, PURA, NUP107, TRAPPC11, COG3, MYT1L, MT-ND4, UBE3A, TBK1, WWOX, MECP2, RTTN, CHD2, PRNP, MT-CO3, TRAF3, MT-CO2, NGLY1, GNB1, PPT1, ATP6V1B2, BRAF, KRAS, MFF, MARK2, CACNA1A, TET3
HP:0002133	Status epilepticus	57	0.0178125	1.9311562499999997	4.891507530703153e-07	2.0372039663296896e-05	4.69096548694637	0.005031893796834333	SMARCA2, CLTC, IARS2, TBK1, GRM7, ST3GAL5, PACS2, YWHAG, WWOX, PPP3CA, TBCK, SLC1A2, SON, PUM1, MECP2, NARS2, CACNA1B, DIS3L2, CHD2, CNKSR2, PSAP, SYNJ1, TSC1, SLC1A3, GRIA3, CACNB4, FGF12, ATP1A1, EHMT1, COX10, TRAF3, PIK3CA, ADGRV1, DNM1L, MTOR, GNB1, EPM2A, ATXN10, AKT3, EEFSEC, AQP4, CELF2, CNTNAP2, CDK19, ATP6V1A, FIG4, KCNMA1, CCDC88A, TRAK1, FBXO28, MICU1, TANGO2, STRADA, CACNA1E, CACNA1A, GRIN2B, GRIA4
HP:0000463	Anteverted nares	170	0.053125	1.9300209435626101	1.326335649846376e-18	4.134549948475658e-16	15.38357175709837	1.3644014829969669e-14	SMARCA2, MIA3, RNF2, PIBF1, ADNP, HDAC4, NBAS, ARID2, ANKRD11, RAB3GAP1, KDM6A, CSGALNACT1, RAB3GAP2, SETD5, DMXL2, DIS3L2, CTCF, FRMD4A, VPS35L, SIN3A, PEX14, LRPPRC, PEX3, ZBTB20, CSPP1, CAMTA1, XYLT1, WDR26, PMM2, KDM4B, NEDD4L, TAPT1, ASPH, RERE, TRIO, ASXL1, ADGRG6, NSD1, HK1, ABL1, YWHAE, SLC10A7, RALGAPA1, SLC17A5, PPP1R21, GRM7, WLS, SEC23A, MAP2K1, LIFR, ALG13, ATRX, TRIM33, NFIA, TBCK, ZNF292, ASH1L, SHOC2, SPOP, SLC25A46, DDX3X, SUFU, SEC24D, PPM1D, PAFAH1B1, RAB18, NFIX, ARID1A, DNMT3A, P3H2, P4HB, RPS6KA3, ACSL4, CASK, SPECC1L, FRYL, SMC1A, SPEN, PIGN, FBXO11, PHIP, TENT5A, TRIP12, FLI1, DOCK7, OFD1, CPLANE1, VAC14, PPP1CB, MAP3K7, CDC42BPB, BRD4, NIPBL, SMAD2, CEP290, DPYD, TGFBR2, MAPK1, FTO, AUTS2, CERT1, SMC3, CNOT2, AFF4, NOTCH2, NSRP1, SMS, TCF4, PUS7, TRRAP, CACNA1B, LRRC8C, GNPTAB, CREBBP, MIPEP, RAC1, EHMT1, UNC80, PURA, ATP6V1A, TRPM3, ASCC3, DISP1, ARID1B, MICU1, ARL13B, INSR, RNF125, RALA, DYNC1I2, RIC1, CSNK2A1, PTEN, TOGARAM1, MED27, WWOX, KDM5A, RAD21, ACTB, BRCA1, MECP2, P4HA1, NARS2, CHD2, PIGF, GLUL, ZMYM2, KIAA0586, HDAC8, CBL, MEF2C, EFTUD2, IL6ST, TRIP11, KIF5B, RECQL, NGLY1, IPO8, WNT5A, NFIB, DICER1, FIG4, ATP6V1B2, TGFBR1, SNX14, BRAF, KRAS, TAF1, MARK2, EIF4A2
HP:0002079	Hypoplasia of the corpus callosum	142	0.044375	1.9284401371308015	1.4414376567404988e-15	2.601415644717458e-13	12.584790252269462	1.482806917488951e-11	IARS2, IGF1R, SLC25A24, USP9X, ADNP, ANKRD11, CDK13, RAB3GAP1, NT5C2, KDM6A, DYNC1H1, RAB3GAP2, DMXL2, SIN3A, SPG11, CDC42, FBXW11, ZBTB20, CSPP1, ADARB1, WDR26, HNRNPK, ZEB2, NEDD4L, ZNF148, KIDINS220, SAMHD1, AKT3, PIGU, RERE, FBXL4, ASXL1, MT-CO1, YY1, HK1, YWHAE, RALGAPA1, SLC1A2, TRAPPC9, GRM7, WLS, PPP1R21, EIF2AK2, DYRK1A, NFIA, TBCK, SON, SHOC2, MAPRE2, TAF2, DDX3X, LNPK, GRIA3, PAFAH1B1, EXOC2, ZMIZ1, ACBD6, RAB18, NFIX, POGZ, HNRNPR, RB1, WAC, MAF, CASK, MTOR, SMC1A, PIGN, KANSL1, HACE1, HS2ST1, SETD2, DOCK7, EIF2S3, BRD4, VPS53, DDX6, ARFGEF2, UGP2, ACER3, HUWE1, CEP290, PRKDC, KMT2C, MT-ND1, TCF4, TUBB, RNF13, TRRAP, PPP2CA, NF1, PSAP, MT-ND5, RAC1, EHMT1, ARHGAP31, UNC80, DIAPH1, ATP6V1A, FRA10AC1, ARID1B, STAG2, CNOT1, MT-ND4, NADK2, ADAR, SCAF4, UBE3A, DYNC1I2, TOGARAM1, WWOX, FRMPD4, ATP6AP2, KDM5A, USP7, CTNNB1, AP4E1, NARS2, RTTN, RNASEH2B, GLUL, NHLRC2, KIAA0586, MACF1, KIF2A, MEF2C, ZSWIM6, HSD17B4, MT-CO3, TSEN15, MT-CO2, FDFT1, TGFB1, VPS50, SACS, FIG4, CCDC88A, ZFR, REPS1, TAF1, GRIA4, C2CD3
HP:0000076	Vesicoureteral reflux	65	0.0203125	1.9281898041474654	7.505276468577068e-08	3.509399046920559e-06	5.454767246198323	0.000772067790322523	CDK5RAP2, RREB1, CHD4, ATRX, TRAPPC10, SMC3, PPP3CA, KMT2C, HNRNPU, AFF4, BAZ1B, NFIA, BBS9, MCPH1, PDCD6IP, RAD21, KDM6A, TRRAP, SPOP, SCAPER, CLIP2, NCAPD3, NRIP1, HDAC8, CREBBP, SDCCAG8, RBMX, CDK6, ZMIZ1, EHMT1, DNMT3A, ANKLE2, CEP152, BNC2, EP300, KCNQ1, HNRNPK, ZEB2, TRPS1, SMC1A, CEP135, PAK2, PIGN, SCLT1, CEP63, EXT1, TTI1, KANSL1, HPSE2, RERE, BPTF, GTF2I, RAP1B, ASXL1, JMJD1C, MAP3K7, BRD4, NSD1, HSPA9, NIPBL, DDX6, CHD7, SDHB, RALGAPA1, CEP290
HP:0002072	Chorea	50	0.015625	1.9273016467065869	2.5486405097840238e-06	9.27040601683885e-05	4.032901244602943	0.02621786492414825	MT-ND3, VPS13A, IARS2, HTT, MRE11, PANK2, FUS, MT-ND1, ATXN1, ATXN7, KIAA0319L, MECP2, SPTLC1, SPOP, SLC20A2, PSAP, ITGAM, MT-ND5, SLC1A3, ITPR1, SPG11, LRPPRC, MT-ND2, PRNP, SHQ1, XPR1, HLA-DRB1, JAZF1, GRIA2, PDE10A, RNF216, NGLY1, SYT1, TTI1, IREB2, TRAPPC11, PXK, ATXN2, NUP54, KCNMA1, MT-ATP6, FBXO28, MICU1, TAF1, FTL, MT-ND4, CACNA1A, GRIN2B, GRIA4, SETX
HP:0002020	Gastroesophageal reflux	164	0.05125	1.9264575729927005	8.348084656010065e-18	2.2019678681121933e-15	14.657189022695503	8.587674685637554e-14	SMARCA2, LAMA2, ATL3, SLC25A24, USP9X, ADNP, ARID2, CDK13, SPTLC1, KDM6A, CNKSR2, CTCF, VPS35L, SIN3A, ITPR1, ATAD1, LRPPRC, CSPP1, CAMTA1, DHRSX, WDR26, HECTD4, HNRNPK, NEDD4L, MEGF10, SYT1, ASPH, RERE, ASCC1, GRIA1, FBXL4, ASXL1, NSD1, FBXW7, ABL1, GPHN, SOX5, FOXP2, SLC1A2, MBD5, RHBDF2, SPTLC2, DCTN4, SEC23A, ATRX, MSR1, ALMS1, YWHAG, DYRK1A, SON, FAM13A, KIAA0319L, SPOP, DST, HLA-DQA1, PPM1D, FMR1, SUCLA2, NFIX, POGZ, WAC, UBE4B, EP300, SEC63, ORC4, SMC1A, SPEN, PHIP, PIGN, NSD2, FBXO11, WNK1, CELF2, CDK19, ITCH, WASHC5, MAP3K7, PARN, NUP54, BRD4, NIPBL, SMAD2, ARFGEF2, STAG1, SUPT16H, TRIP4, LBR, LUZP1, CLTC, TGFBR2, RREB1, PACS2, MAPK1, SMC3, PPP3CA, KMT2C, KAT6B, AFF4, TCF4, ATP11A, CACNA1B, PSAP, PACS1, CREBBP, FGF12, EHMT1, HLA-DRB1, RARS2, SMC5, LYRM4, CCDC47, SEC31A, PI4KA, STAT3, GNAS, ATP6V0A1, ATP6V1A, STAT6, MT-ATP6, ERCC6, ZBTB7A, HNRNPH1, STAG2, DISP1, KMT2A, MYT1L, SYNJ1, ADAR, RNF125, EDEM3, NUP214, KAT6A, WWOX, AP3B1, BAZ1B, USP7, RAD21, DHX9, MECP2, CACNA1C, CLIP2, FARSB, KIAA0586, HDAC8, TRAPPC12, ZSWIM6, EXT2, TSEN15, IPO8, TGFB1, GTF2I, JMJD1C, ATP6V1B2, PAK1, TGFBR1, CHD7, TRAK1, FBXO28, BRAF, TAF1, MARK2, HLA-DQB1, CACNA1A, AGO2
HP:0000483	Astigmatism	70	0.021875	1.9256543803418804	2.780097070260366e-08	1.3749451231619417e-06	5.86171463505812	0.00028598858561768384	FANCC, TGFBR2, CHD4, PACS2, EDEM3, RNF2, KAT6A, USP9X, SLC25A24, DYRK1A, PPP1R12A, MBD5, HDAC4, BBS9, ADNP, TCF4, MAT2A, ANKRD11, ARIH1, ASH1L, BRCA1, SHOC2, SMAD4, SCAPER, RHOA, SETD5, DSE, ZEB1, LRRC8C, GALNT2, SDCCAG8, ZMIZ1, YY1AP1, NFIX, CAMTA1, POGZ, WAC, DPYD, RFWD3, CCDC47, CAMSAP1, ZEB2, IPO8, SCLT1, KIDINS220, CAPRIN1, RERE, GRIA1, RAP1B, GATAD2B, MAP3K7, FANCL, YY1, FBXW7, TRIM37, NSD1, NIPBL, HK1, ZBTB7A, KRAS, SMAD2, TEAD1, TGFBR1, PIK3R1, MARK2, MYT1L, ARID1B, TGFBI, PDZD8, CEP290
HP:0001156	Brachydactyly	113	0.0353125	1.9243444113756611	1.3583796780279642e-12	1.5526279719859631e-10	9.808932593897373	1.3973651747873668e-08	SMARCA2, IARS2, TCF12, ADNP, HDAC4, NBAS, ARID2, SIK3, KDM6A, CSGALNACT1, IFT80, VPS35L, SIN3A, FBXW11, CSPP1, PIK3CA, CHST11, PNPLA6, CHSY1, SCLT1, EXT1, RERE, TRIO, PIK3R1, SOS2, STX16, SCAPER, PCYT1A, CWC27, LIFR, ATRX, MAP2K1, NEK1, BBS9, RBPJ, SHOC2, SMAD4, RHOA, DDX3X, SUFU, SDCCAG8, PPM1D, SPRED2, ZMIZ1, SOS1, ARID1A, POGZ, HNRNPR, RB1, WAC, MAF, UBE4B, RASA2, TRPS1, SPECC1L, SMC1A, SPEN, PIGN, DYNC2H1, OFD1, CPLANE1, RAP1B, PPP1CB, MAP3K7, WASHC5, NIPBL, PRKACB, SDHB, PIGK, HUWE1, LBR, CEP290, LUZP1, TGFBR2, CAMK2G, FTO, SMC3, PPP3CA, KAT6B, NOTCH2, AFF4, FAM111A, EHMT1, ARHGAP31, REV3L, RUNX2, TLK2, SIL1, GNAS, SPART, TTC21B, DYM, RAF1, CSNK2A1, PTEN, RAD21, TASP1, KIAA0586, MYSM1, CBL, YY1AP1, TRIP11, RIN2, WNT5A, WDR11, ATP6V1B2, SNX14, CHD7, BRAF, FBXO28, KRAS, PTPN11, KAT6A
HP:0001274	Agenesis of corpus callosum	100	0.03125	1.9215485074626866	2.6893124647258183e-11	2.3054131103862075e-09	8.637251241430222	2.7664957324634494e-07	CDK5RAP2, IARS2, HNRNPU, PPP1R12A, ARID2, RAB3GAP1, HIBCH, RAB3GAP2, DIS3L2, NCAPD3, IFT80, FRMD4A, SPG11, CDK6, CEP152, EPG5, HECTD4, KDM4B, HNRNPK, ZEB2, CEP135, ZNF148, KIDINS220, RERE, CSF1R, CDK8, ASXL1, MT-CO1, YY1, MLH1, AP1G1, ROBO1, TRAPPC10, ATRX, NFIA, MCPH1, DDX3X, SUFU, ACBD6, NFIX, ARID1A, HNRNPR, UBE4B, EP300, SMC1A, SPEN, PIGN, NSD2, CDC40, DYNC2H1, KANSL1, HS2ST1, FLI1, PPP2R3C, OFD1, CPLANE1, VAC14, CDC42BPB, HSPA9, B3GALNT2, DPYD, LUZP1, SLC12A6, KAT6B, PDCD6IP, MT-ND1, SLC30A9, MT-ND5, CREBBP, OSTM1, EHMT1, CAMSAP1, SEC31A, CLCN3, FRA10AC1, ERCC6, ARID1B, DISP1, STAG2, CNOT1, MT-ND4, MT-CYB, SUZ12, DYNC1I2, ACTB, NARS2, RTTN, NDUFAF5, SCYL2, TRAPPC12, ZSWIM6, DCC, MT-CO3, ANKLE2, MT-CO2, CEP63, NFIB, FIG4, KRAS, CDK13
HP:0001256	Mild intellectual disability	60	0.01875	1.9215485074626864	2.3814037479016442e-07	1.0270221208134699e-05	4.9884202021244715	0.0024497500354664216	UBE3A, RAF1, RYR1, RREB1, PLP1, DEPDC5, PTEN, SLC25A24, LEMD3, FOXP1, DYRK1A, CTNNB1, THOC2, SMS, AP1S2, CHD8, MECP2, KDM6A, RAB3GAP2, POLA1, SIN3A, SPG11, ITPR1, ADAR, GRIA3, FMR1, PAFAH1B1, BMPR1A, COG5, EXT2, DCC, CAMTA1, NFIX, DNMT3A, POGZ, WAC, DPYD, SMC1A, FGF14, SELENOI, BPTF, KANSL1, TRIO, APC, RAP1B, HPRT1, JMJD1C, NUP54, ANO10, YY1, NSD1, ZFR, MT-ATP6, BRAF, ERCC6, ARID1B, PTPN11, MYT1L, DYM, DNAJC3
HP:0000750	Delayed speech and language development	402	0.125625	1.9140158099112425	1.5679092260361792e-42	5.376360736078058e-39	38.26951159924885	1.6129082208234174e-38	IGF1R, SLC25A24, ANKRD11, SETD5, AUH, DSE, SIN3A, FBXW11, SLC44A1, LRPPRC, TMLHE, ZBTB20, RSRC1, CHSY1, HGSNAT, ADD3, SCLT1, OXR1, UBE4A, GNAQ, PIK3R1, DLG1, FOXP2, RYR1, WLS, TRAPPC10, HNMT, SMAD4, SLC25A46, MANBA, GALNT2, SEC24D, ACBD6, SOS1, ARID1A, RPS6KA3, STIM1, UBE4B, NSD2, TENT5A, HS2ST1, DYNC2H1, SETD2, OFD1, VAC14, PPP1CB, MAP3K7, HSPA9, SUPT16H, FBXW4, DPYD, MAPK1, LEMD3, FOXP1, PPP3CA, KAT6B, NAA15, PUS7, KMT2E, CEP295, RIMS2, OSTM1, LPIN2, VPS37A, TNRC6B, CAPRIN1, TRPM3, PHF21A, STAG2, KMT2A, TTC21B, SCAF4, RIC1, MED27, WWOX, FRMPD4, USP7, TNFRSF11A, PHKB, RAD21, BRCA1, CACNA1C, NSMCE2, ZMYM2, KIAA0586, ARSB, GNAI3, SNX10, TGFB1, ADK, RPL13, SNX14, REPS1, TANGO2, MARK2, AGO2, RNASET2, IARS2, MRE11, HDAC4, THOC2, AP1S2, HERC2, CHD8, FAM20B, CNKSR2, ITPR1, CEP152, PMM2, CHST11, ATP6V0C, NEDD4L, CSF1R, MBD5, SLC17A5, PLP1, SEC23A, ALG13, MAP2K1, ALMS1, MED13, NIPA2, ZNF292, RBPJ, NBN, SDCCAG8, SPRED2, DNMT3A, ATG7, P4HB, FMN1, ACSL4, AGPS, ATM, CELF2, CDK19, CPLANE1, RAP1B, PGK1, RFC1, HUWE1, TRIP4, LBR, MAP3K20, CAMK2G, ZBTB16, SMC3, KMT2C, CNOT2, TUBB, TRRAP, THRB, LRRC8C, GNPTAB, SLC30A9, CREBBP, KDM3B, FGF12, ARHGAP31, GRIA2, RUBCN, ATP6V1A, ATP6V0A1, FRA10AC1, CLCN3, SPART, ASCC3, ZBTB7A, MICU1, MYT1L, KMT5B, DYM, NEMF, RNF125, ATP6AP2, ACTB, RTTN, EFTUD2, ZSWIM6, PRNP, DCC, EXT2, TRIP11, NSUN6, GNB1, MCM5, CEP63, TTI1, NFIB, PTPN11, CRADD, CDK13, KCNQ5, RFX7, TCF12, HNRNPU, NBAS, BTRC, CSGALNACT1, IFT80, VPS35L, CDC42, CLPB, LMBR1, XYLT1, WDR26, KDM4B, PNPLA6, EXT1, RERE, GRIA1, TRIO, ACADM, NSD1, FBXW7, YY1, UBA2, HK1, ATR, SOS2, SLC10A7, AP1G1, RYR3, SLC1A2, SCAPER, PCYT1A, TRAPPC9, LIFR, YWHAG, DYRK1A, KPNA3, ASH1L, SPRED1, SEL1L, SLC1A3, ZMIZ1, WAC, EP300, GLB1, TRPS1, SPECC1L, FRYL, ANKRD17, EIF2S3, NUP54, DDX6, SDHB, PRKACB, TMEM163, LUZP1, AUTS2, CACNA1B, NEK10, RNPC3, PACS1, VPS13B, EHMT1, PI4KA, TLK2, NUP107, STAT3, COG3, GNAS, MT-ATP6, ACVR1, RALA, CSNK2A1, SRRM2, MECP2, CHD2, NIN, ZMYND11, IL6ST, ATXN3, WIPI2, HNRNPC, CUX1, BPTF, TAOK1, PAK1, TGFBR1, BRAF, FBXO28, TAF1, TAB2, EIF4A2, DHTKD1, GLS, CACNA1A, TET3, SMARCA2, USP9X, ADNP, ARID2, NT5C2, SIK3, KDM6A, DYNC1H1, RAB3GAP2, FAR1, CTCF, TBL1XR1, RBMX, COG5, CAMTA1, OGDH, ZEB2, TAPT1, SELENOI, KIDINS220, COPB1, CNTNAP2, SOX5, ELP2, ZNF407, MED13L, CWC27, PPP1R21, NEK1, NEK9, TBCK, BBS9, SHOC2, SPOP, ABCB7, MAPRE2, CUL3, TAF2, LRRK1, LNPK, PPM1D, GRIA3, FMR1, NFIX, POGZ, ORC4, SMC1A, SPEN, ASXL2, FBXO11, KANSL1, HACE1, TRIP12, IKBKB, KYNU, BRD4, KCNMA1, TRIM37, NIPBL, SMAD2, STAG1, MTAP, CDC73, CEP290, CLTC, TGFBR2, TCF20, RREB1, PACS2, EIF2AK3, NOTCH2, SMS, EFL1, PPP2CA, NF1, ANKH, TBXAS1, FAM111A, EXOC6B, WASHC4, PURA, TPK1, RUNX2, EEFSEC, ARID1B, EED, CNOT1, SYNJ1, ADAR, GRIK2, XRCC4, RAF1, TBK1, UBE3A, DYNC1I2, PTEN, STAT5B, GATM, BRWD3, HDAC8, CBL, MEF2C, TSEN15, WNT5A, TANC2, FIG4, TMEM165, CLCN5, NFE2L2, TRAK1, KRAS, TPP1
HP:0001257	Spasticity	199	0.0621875	1.911940764925373	5.710346201310627e-21	2.349693254915297e-18	17.62898882981032	5.874233137288242e-17	MT-ND3, RNASET2, IARS2, FUS, THOC2, AP1S2, ARPC5, PRKN, RAB3GAP1, SQSTM1, RAB3GAP2, RAD50, AUH, DMXL2, CNKSR2, FAR1, MTR, SPG11, ITPR1, ATAD1, RBMX, PEX14, LRPPRC, CLPB, PEX3, ADARB1, HEXB, ZEB2, DNM1L, PNPLA6, ADD3, SCLT1, COPB1, IREB2, SAMHD1, PIGU, CSF1R, HPRT1, CNTNAP2, ZNF592, NSD1, GPHN, GPRC5B, RALGAPA1, AP1G1, SLC1A2, VAPB, SCAPER, SLC17A5, GRM7, PLP1, ATRX, CEP85L, YWHAG, EIF2AK2, NEK1, PANK2, PNPLA8, BBS9, SON, LINGO1, SLC25A46, ABHD12, CACNA1D, TAF2, SEL1L, DDX3X, SDCCAG8, GRIA3, SUCLA2, ACBD6, RAB18, DNMT1, GLB1, PFN1, CASK, SMC1A, SNCA, VPS13C, PIGN, ATM, SPAST, HACE1, CELF2, CDK19, EIF2S3, NUP54, MCCC1, VPS53, VRK1, SDHB, UGP2, FTL, PON2, GRIN2B, CEP290, DENND5A, CLTC, TCF20, OPHN1, HTT, PACS2, LRRK2, AUTS2, NDUFS4, FOXP1, PPP3CA, SLC12A6, MT-ND1, GDAP2, ATXN1, RNF13, CACNA1B, TAF15, LRRC8C, AGTPBP1, PSAP, MT-ND5, FGF12, UNC80, HLA-DRB1, RARS2, WASHC4, GBE1, GRIA2, PI4KA, TPK1, ITM2B, EPM2A, EEFSEC, COG3, SIL1, OPA1, ATP6V1A, CLCN3, SPART, MT-ATP6, DISP1, ERCC6, STAG2, CNOT1, MT-ND4, SYNJ1, NADK2, ADAR, SUZ12, TBK1, DYNC1I2, NUP214, RANBP2, WWOX, MED27, FRMPD4, ATP6AP2, BAZ1B, CTNNB1, ATXN7, AP4E1, MECP2, NPC2, NUBPL, NARS2, RTTN, CLIP2, RNASEH2B, POLA1, NDUFAF5, MACF1, BCAS3, SCYL2, TRAPPC12, MT-ND2, PRNP, ANKLE2, ATXN3, TSEN15, NDUFV2, TGFB1, RAB27A, MYO5A, PPT1, ASAH1, AQP4, VPS13D, GTF2I, SACS, FIG4, ATXN2, SNX14, TRAK1, FBXO28, KRAS, TAF1, MFF, GFAP, EIF4A2, HLA-DQB1, CACNA1A, GRIA4
HP:0001999	Abnormal facial shape	95	0.0296875	1.9110400390624998	1.3549509477336406e-10	9.49471118497417e-09	8.022518241319771	1.393838039933596e-06	IARS2, IGF1R, AP1S2, ARID2, DIS3L2, FAR1, CTCF, SIN3A, ITPR1, CDC42, BMPR1A, LRPPRC, C2CD3, DHRSX, PMM2, ZEB2, CHSY1, RERE, CDK8, RPS29, YY1, POLD3, PPARG, RYR1, PCYT1A, TRAPPC9, CWC27, MTM1, NIPA2, DYRK1A, TBCK, SON, B4GALT1, MANBA, SEL1L, DDX3X, HERC1, NFIX, ARID1A, RNF168, POGZ, WAC, EP300, GLB1, WDFY3, MTOR, KANSL1, HPSE2, CIITA, ITCH, MAP3K7, STAG1, RREB1, OPHN1, AUTS2, TMEM260, KMT2C, NOTCH2, SMS, KMT2E, RNF13, NF1, PACS1, CREBBP, RAC1, EHMT1, NUP107, EEFSEC, PIK3C2A, PHF21A, ETFA, ERCC6, ARID1B, STRADA, CNOT1, UBE3A, RAF1, PTEN, USP7, CTNNB1, DHX9, RTTN, LMBRD1, CHD2, MYSM1, HDAC8, TSEN15, TGFB1, ASAH1, JMJD1C, FIG4, ATP6V1B2, KRAS, TAF1, KAT6A
HP:0000358	Posteriorly rotated ears	148	0.04625	1.9092259519038075	9.55184837490509e-16	1.853959702502805e-13	12.731899709873758	9.825986423264866e-12	SMARCA2, RFX7, CAMKMT, SLC25A24, USP9X, ADNP, ARID2, ANKRD11, CHD8, CDK13, RAB3GAP1, KDM6A, CSGALNACT1, RAB3GAP2, DSE, DIS3L2, CTCF, FRMD4A, TBL1XR1, CDC42, PEX14, PEX3, CSPP1, COG5, CAMTA1, GLDN, XYLT1, PPM1B, KDM4B, ZEB2, PNPLA6, ZNF148, TAPT1, SCLT1, ASPH, EXT1, PIGU, RERE, ASXL1, NSD1, YY1, ABL1, SOX5, SOS2, AP1G1, SCAPER, ATRX, MAP2K1, BBS9, SHOC2, SPOP, SPRED1, MAPRE2, GALNT2, SDCCAG8, HERC1, PPM1D, SPRED2, SOS1, RAB18, NFIX, POGZ, WAC, MAF, UBE4B, RASA2, EP300, ORC4, FRYL, SMC1A, TRPS1, ASXL2, SPEN, NSD2, FBXO11, PIGN, HS2ST1, FLI1, PPP2R3C, OFD1, ITCH, CPLANE1, PPP1CB, RAP1B, MAP3K7, BRD4, NIPBL, SMAD2, B3GALNT2, GRIP1, HUWE1, SUPT16H, CEP290, LUZP1, TCF20, TGFBR2, MAPK1, SMC3, KAT6B, AFF4, NSRP1, TUBB, MRPS28, TRRAP, NF1, ANKH, UNC80, MAD1L1, TLK2, CLCN3, FRA10AC1, ASCC3, ARID1B, RPS28, SUZ12, RAF1, RALA, TOGARAM1, KAT6A, AP3B1, BAZ1B, CEP57, CTNNB1, RAD21, SRRM2, ACTB, RTTN, CLIP2, ZMYM2, KIAA0586, MITF, HDAC8, CBL, IL6ST, GNAI3, FDFT1, GNB1, IPO8, WNT5A, GTF2I, TMEM165, TGFBR1, CHD7, BRAF, KRAS, PTPN11, MARK2, C2CD3
HP:0008936	Axial hypotonia	100	0.03125	1.8988753687315634	6.011928763330157e-11	4.831618061591978e-09	8.315907403919002	6.184471118837732e-07	ARFGEF1, NT5C2, RAB3GAP2, FAR1, PEX14, PEX3, CAMTA1, DHRSX, ADARB1, PNPT1, FARS2, PMM2, HEXB, DNM1L, PDE10A, NEDD4L, MEGF10, KIDINS220, IREB2, SAMHD1, VPS41, ASXL1, TBC1D2B, HK1, GPHN, ELP2, FOXP2, SLC1A2, RYR1, GRM7, PLP1, CEP85L, EIF2AK2, B4GALT1, PUM1, ASH1L, SEL1L, GRIA3, PAFAH1B1, RAB18, PCCA, NFIX, POGZ, ATG7, CASK, SMC1A, HACE1, EIF2S3, KCNMA1, DDX6, SDHB, UGP2, ACER3, CACNA1E, GRIN2B, DENND5A, HTT, CERT1, NSRP1, GNPTAB, PSAP, SLC30A9, OSTM1, FGF12, RARS2, NDUFS1, EEFSEC, COG3, OPA1, ERCC6, ASCC3, DISP1, STAG2, INSR, ADAR, GRIK2, WWOX, CTNNB1, DHX9, MECP2, CACNA1C, NARS2, RTTN, RNASEH2B, FARSB, NHLRC2, MACF1, TRAPPC12, ZSWIM6, RAP1GDS1, TSEN15, GNB1, NDUFV2, VPS13D, MBOAT7, REPS1, FBXO28, MFF, GLS, KAT6A
HP:0011220	Prominent forehead	89	0.0278125	1.8970519453642385	6.444769378999477e-10	4.042520890351684e-08	7.393347727131884	6.629734260176762e-06	IARS2, TTC7A, USP9X, ADNP, AP1S2, CSGALNACT1, DYNC1H1, CTCF, VPS35L, SIN3A, CDC42, LRPPRC, ZBTB20, XYLT1, EPG5, PMM2, HECTD4, TAPT1, ASPH, KIDINS220, CNTNAP2, FBXL4, ASXL1, NSD1, ABL1, PIK3R1, MED13L, AP1G1, CBFB, RYR3, RYR1, SON, ZNF292, SHOC2, HERC1, NFIX, WAC, RPS6KA3, EP300, CASK, MTOR, SPECC1L, EDA, NSD2, SETD2, PPP1CB, SMAD2, PIGK, DPYD, LBR, TGFBR2, OPHN1, PRKDC, FOXP1, KMT2E, TRRAP, CREBBP, FAM111A, UNC80, WASHC4, PURA, STAT3, CLCN3, JARID2, ZBTB7A, KMT2A, SUZ12, RAF1, RALA, PTEN, STAT5B, CEP57, CTNNB1, P4HA1, BRWD3, CHD2, FARSB, SCYL2, ZSWIM6, EXT2, IL6ST, TRIP11, IPO8, WNT5A, TGFBR1, SNX14, BRAF, TAF1, MARK2
HP:0001824	Weight loss	104	0.0325	1.8965084985835694	3.068084682005871e-11	2.6083791011400325e-09	8.583629288105708	3.1561387123794396e-07	FANCC, IKZF1, FUS, SQSTM1, VPS35, DIS3L2, TPM3, STAT1, NNT, TBL1XR1, BMPR1A, HLA-B, PIK3CA, NPM1, PXK, RUNX1, ASXL1, TLR4, PIK3R1, MLH1, NDUFAF6, ABCD3, NUMA1, VAPB, RHBDF2, VPS13A, ATRX, MAP2K1, NEK1, TET2, PANK2, BCL2, CCND1, KIAA0319L, SMAD4, HLA-DQA1, ABCB7, ITGAM, RNF168, DNMT3A, RB1, MALT1, TNFRSF1B, MAX, PFN1, UBAC2, SNCA, ATM, HACE1, CIITA, FLI1, IFNGR1, CALR, FIP1L1, SDHB, PON2, CDC73, MAP3K20, TGFBR2, HTT, ZBTB16, GIGYF2, LRRK2, MSH2, FOXP1, SEMA4D, TCF4, TAF15, GNPTAB, NF1, PSAP, LPIN2, HLA-DRB1, JAZF1, NPAT, JAK2, EWSR1, HLCS, TRAPPC11, STAT3, STAT6, HAVCR2, HLA-DPB1, IRF2BP2, CHEK2, TBK1, STAT5B, PMS1, CTNNB1, BRCA1, GATM, MECP2, CBL, SYK, PRNP, PTPN2, RFWD3, FIG4, ATXN2, FANCL, BRAF, KRAS, DNAJC13, HLA-DQB1
HP:0000540	Hypermetropia	71	0.0221875	1.888596332644628	4.958018054751516e-08	2.3612560985754093e-06	5.6268569073870065	0.0005100313172922885	IARS2, PCYT1A, PACS2, ROBO1, SLC25A24, NEK1, USP9X, KMT2C, DYRK1A, PPP1R12A, MBD5, ADNP, CTNNB1, NBAS, SON, SRRM2, ASH1L, HERC2, SHOC2, SMAD4, CSGALNACT1, RAD50, TASP1, ZMYM2, CTCF, HDAC8, CREBBP, PPM1D, ITPR1, SIN3A, ACBD6, FAM111A, NFIX, HNRNPR, EHMT1, ATF6, MARK3, POGZ, WAC, WDR26, CCDC47, EP300, CAMSAP1, HNRNPK, IQCB1, ZNF148, PHIP, SYT1, FBXO11, KIDINS220, KANSL1, CAPRIN1, PIGU, RAP1B, ATP6V1A, GATAD2B, CLCN3, YY1, NSD1, TAOK1, ERCC6, DDX6, BRAF, PIK3R1, MARK2, MED13L, MYT1L, YME1L1, HUWE1, NADK2, CEP290
HP:0008872	Feeding difficulties in infancy	132	0.04125	1.8882416666666666	6.748918835678058e-14	9.135016850344761e-12	11.039290647216205	6.942612806262017e-10	LAMA2, RNF2, PIBF1, HERC2, CHD8, RAB3GAP1, KDM6A, RAB3GAP2, IFT80, VPS35L, SIN3A, PEX14, PEX3, CSPP1, PNPT1, EPG5, WDR26, PMM2, FARS2, HNRNPK, ASPH, SAMHD1, RERE, CDK8, TRIO, ASXL1, NSD1, YY1, ABL1, SOS2, DLG1, RYR1, LIFR, ATRX, MAP2K1, PANK2, MTM1, DYRK1A, SON, HSPD1, SPOP, DDX3X, SUFU, SPRED2, SUCLA2, ZMIZ1, SOS1, PCCA, NFIX, POGZ, COX10, RPS6KA3, UBE4B, RASA2, EP300, SEC63, CASK, SMC1A, SPEN, PHIP, ASXL2, PIGN, CLEC7A, KANSL1, DYNC2H1, WNK1, FLI1, OFD1, ITCH, CPLANE1, PPP1CB, MAP3K7, WASHC5, BRD4, MCCC1, NIPBL, SMAD2, VRK1, SDHB, UGP2, SUPT16H, DPYD, LUZP1, TGFBR2, RREB1, ST3GAL5, AUTS2, NDUFS4, SMC3, FOXP1, CNOT2, RNF13, PSAP, VPS13B, CREBBP, RAC1, KDM3B, REV3L, PURA, HLCS, TRAPPC11, OPA1, ERCC6, ARID1B, ARL13B, MYT1L, TTC21B, SUZ12, UBE3A, RAF1, RIC1, TOGARAM1, WWOX, USP7, RAD21, MECP2, KIAA0586, HDAC8, SCYL2, CBL, EFTUD2, HSD17B4, IPO8, TGFB1, JMJD1C, TGFBR1, CHD7, BRAF, KRAS, TANGO2, PTPN11, TET3
HP:0000303	Mandibular prognathia	65	0.0203125	1.8763102578475335	2.1080872274299072e-07	9.228039705775088e-06	5.034890545494473	0.0021685893308571453	SUZ12, RFX7, RAF1, RNF125, UBE3A, IARS2, ATRX, OPHN1, PTEN, SLC25A24, KAT6A, FOXP1, TBCK, NSRP1, SMS, CLIC2, AP1S2, HERC2, ACTB, CHD8, SMAD4, SETD5, GNPTAB, CTCF, SUFU, HERC1, GRIA3, ANKH, FBXW11, FMR1, ACBD6, NFIX, IL6ST, POGZ, EHMT1, DNMT3A, RPS6KA3, MAF, PMM2, GLB1, ZEB2, DYM, RUNX2, TGFB1, FBXO11, STAT3, SETD2, APC, CNTNAP2, CLCN3, ATP6V0A1, CDC42BPB, NSD1, ERCC6, ASCC3, HNRNPH1, PRKACB, STAG2, PTPN11, SLC10A7, MED13L, INSR, PPARG, GRIA4, MBD5
HP:0000337	Broad forehead	82	0.025625	1.8718062943262412	6.468399313134419e-09	3.4656470694903003e-07	6.46021566654338	6.654042373421377e-05	SLC25A24, TCF12, ADNP, THOC2, ANKRD11, CHD8, FUT8, TSC1, SIN3A, PEX3, ZBTB20, CAMTA1, PIK3CA, HECTD4, PIGU, CNTNAP2, NSD1, YY1, ABL1, MED13L, RYR3, MBD5, ROBO1, MAP2K1, NIPA2, DYRK1A, NFIA, TBCK, SHOC2, PPM1D, SOS1, NFIX, POGZ, DNMT3A, WAC, GLYR1, PLD1, CASK, PIGN, FBXO11, TENT5A, KANSL1, WASHC5, CDC42BPB, SMAD2, PRKACB, TMEM260, NAA15, NOTCH2, KAT6B, PPP2CA, NF1, ANKH, EHMT1, UNC80, CTNND1, RUNX2, GATAD2B, JARID2, TRPM3, EED, KMT2A, SUZ12, RAF1, CHD4, PTEN, BAZ1B, CACNA1C, CLIP2, CBL, MEF2C, CUX1, GTF2I, PAK1, CHD7, BRAF, KRAS, TAF1, TAB2, PTPN11, MARK2, TET3
HP:0002376	Developmental regression	123	0.0384375	1.871806294326241	1.1779508701839193e-12	1.3928253565036756e-10	9.856103335450902	1.2117580601581978e-08	MT-ND3, IARS2, HNRNPU, ADNP, CHD8, HIBCH, DMXL2, CNKSR2, FAR1, SIN3A, ITPR1, PEX14, BMPR1A, LRPPRC, CLPB, ZBTB20, TMLHE, PEX3, HLA-B, PIK3CA, FARS2, HEXB, DNM1L, ATP6V0C, SAMHD1, FBXW7, TBC1D2B, TLR4, MLH1, NDUFAF6, SLC1A2, GRM7, WLS, PLP1, YWHAG, TBCK, SON, LNPK, PAFAH1B1, DNMT3A, COX10, GABRB3, GLB1, CASK, SMC1A, UBAC2, FBXO11, ATM, HACE1, IFNGR1, CELF2, CDK19, VAC14, NUP54, SDHB, UGP2, ACER3, CACNA1E, GRIN2B, CLTC, TGFBR2, HTT, PACS2, ST3GAL5, NDUFS4, MSH2, PPP3CA, MT-ND1, ATP11A, CACNA1B, PPP2CA, AGTPBP1, PSAP, SLC30A9, MT-ND5, FGF12, EHMT1, NPAT, TPK1, NDUFS1, ARHGEF9, EEFSEC, TRAPPC11, ATP6V1A, CRLS1, MT-ATP6, ASCC3, MT-ND4, SYNJ1, ADAR, CHEK2, NUP214, RANBP2, WWOX, MED27, BAZ1B, PMS1, CTNNB1, TNFRSF11A, MECP2, PTCD3, NARS2, CLIP2, RNASEH2B, CHD2, TRAPPC12, MT-ND2, ADGRV1, NGLY1, GNB1, IPO8, NDUFV2, TANC2, ASAH1, GTF2I, TRAK1, FBXO28, TPP1, KRAS, MFF, TANGO2, GFAP, CACNA1A
HP:0001631	Atrial septal defect	142	0.044375	1.8692855316973416	2.0467959328182742e-14	3.007912822985941e-12	11.521734754863905	2.1055389760901587e-10	FANCC, IGF1R, SLC25A24, USP9X, ADNP, ARID2, RPS19, CDK13, SIK3, KDM6A, CSGALNACT1, SETD5, CTCF, FUT8, VPS35L, NPHP3, ITPR1, BMPR1A, XYLT1, EPG5, PIK3CA, HNRNPK, ZEB2, SYT1, ASPH, TRIO, FBXL4, ASXL1, RPS29, NSD1, ABL1, SOS2, FOXP2, PPP1R21, MAP2K1, NEK1, NIPA2, NEK9, SON, SLC25A36, SHOC2, SMAD4, RPL18, CUL3, SLF2, SPRED2, SOS1, NFIX, ARID1A, POGZ, DNMT3A, RASA2, EP300, MAX, PLD1, SPECC1L, FRYL, SMC1A, ASXL2, PIGN, NSD2, FBXO11, KANSL1, VAC14, PPP1CB, MAP3K7, WASHC5, BRD4, DEF6, HSPA9, NIPBL, SMAD2, PRKACB, CEP290, TGFBR2, RREB1, PACS2, MAPK1, EIF2AK3, AUTS2, SMC3, WDR37, TMEM260, KAT6B, NOTCH2, PPP2CA, RPS24, NF1, PACS1, CREBBP, EHMT1, ARHGAP31, UQCRC2, RPL9, RPL5, ATP6V1A, CLCN3, ARID1B, ZBTB7A, KMT2A, STRADA, UBR1, INSR, RPS28, RAF1, CHD4, PTEN, KAT6A, BAZ1B, KDM5A, CEP57, RAD21, BRCA1, P4HA1, LMBRD1, TASP1, CLIP2, ZMYM2, PIGF, POLA1, KIAA0586, HDAC8, CBL, EFTUD2, EXT2, RFWD3, CUX1, AGO2, IPO8, RPL35, GTF2I, JMJD1C, FIG4, FANCL, NFE2L2, TGFBR1, SNX14, CHD7, KRAS, BRAF, PTPN11, C2CD3
HP:0000126	Hydronephrosis	78	0.024375	1.8665450743494425	2.0997116959332843e-08	1.0539421373800277e-06	5.977183231729133	0.00021599734216065696	RFX7, MIA3, USP9X, HDAC4, RAB3GAP1, KDM6A, RAB3GAP2, DSE, NRIP1, IFT80, VPS35L, CDC42, CD81, PEX14, PEX3, BNC2, HNRNPK, ZEB2, TAPT1, SCLT1, RERE, APC, FBXL4, NSD1, YY1, SCAPER, WLS, ATRX, MAP2K1, DYRK1A, NFIA, BBS9, NBN, SDCCAG8, GRIA3, SOS1, RAB18, UBE4B, EP300, PLD1, SPEN, PIGN, DYNC2H1, KANSL1, HPSE2, FLI1, OFD1, WASHC5, MAP3K7, NIPBL, DDX6, CEP290, LUZP1, PPP3CA, KAT6B, TRRAP, NF1, CREBBP, EHMT1, SPART, ARID1B, ERCC6, HLA-DPB1, UBR1, SCAF4, TOGARAM1, CTNNB1, ACTB, TASP1, ZMYM2, GNB1, IPO8, WNT5A, ATP6V1B2, CHD7, BRAF, KRAS, KAT6A
HP:0000286	Epicanthus	304	0.095	1.8584093067426402	1.6051106432028704e-29	1.8346414651808808e-26	25.736448795121596	1.651177318662793e-25	SMARCA2, FANCC, RFX7, IARS2, IGF1R, PHIP, SLC25A24, TCF12, HNRNPU, PPP1R12A, ADNP, HDAC4, NBAS, ARID2, ANKRD11, RPS19, CHD8, BTRC, CDK13, KDM6A, HIBCH, FAM20B, RAB3GAP2, SETD5, CSGALNACT1, DMXL2, DIS3L2, FAR1, DSE, CTCF, IFT80, VPS35L, SIN3A, CDC42, PEX14, PEX3, ZBTB20, CSPP1, LMBR1, XYLT1, EPG5, PIK3CA, PMM2, CEP152, ZEB2, CHST11, HGSNAT, PNPLA6, ZNF148, TAPT1, CHSY1, SYT1, EXT1, PIGU, RERE, CSF1R, TRIO, CNTNAP2, FBXL4, ASXL1, RPS29, PRORP, NSD1, HK1, ATR, YWHAE, PIK3R1, SOX5, SOS2, SLC10A7, MED13L, ZNF407, AP1G1, FOXP2, RYR3, SLC17A5, RYR1, PCYT1A, TRAPPC9, PPP1R21, LIFR, ATRX, MAP2K1, ALMS1, NEK1, TRIM33, NEK9, TBCK, SON, ZNF292, PUM1, RBPJ, SHOC2, SMAD4, SPOP, NBN, SPRED1, MAPRE2, RPL18, MANBA, LRRK1, SUFU, GALNT2, SEC24D, PPM1D, SPRED2, PAFAH1B1, ZMIZ1, SOS1, ACBD6, NFIX, POGZ, DNMT3A, P3H2, RB1, P4HB, GLIS3, WAC, RPS6KA3, STIM1, FMN1, UBE4B, EP300, GLB1, CASK, ORC4, SPECC1L, FRYL, SMC1A, AGPS, ASXL2, NSD2, FBXO11, TRPS1, TENT5A, KANSL1, HS2ST1, DYNC2H1, SPEN, TRIP12, FLI1, SETD2, PPP2R3C, OFD1, IKBKB, CPLANE1, PPP1CB, KYNU, RAP1B, VAC14, MAP3K7, HSPA9, TRIM37, NIPBL, DDX6, VPS53, SMAD2, PRKACB, UGP2, MTAP, SUPT16H, FBXW4, LBR, CEP290, LUZP1, HELLS, TCF20, RREB1, MAP3K20, MAPK1, EIF2AK3, ZBTB16, AUTS2, CERT1, WDR37, LEMD3, SMC3, KAT6B, NOTCH2, TUBB, PUS7, EFL1, TRRAP, PPP2CA, RNPC3, RPS24, NF1, GNPTAB, CREBBP, ANKH, OSTM1, TBXAS1, LPIN2, BLNK, FAM111A, EXOC6B, ARHGAP31, UNC80, REV3L, SMC5, CCDC47, PURA, RUNX2, TLK2, RPL9, STAT3, RPL17, PIK3C2A, RPL5, GNAS, GATAD2B, CLCN3, PHF21A, JARID2, SPART, ARID1B, ACVR1, STAG2, EED, MICU1, KMT2A, CDC73, CNOT1, KMT5B, TTC21B, RPS28, SCAF4, DYM, XRCC4, RAF1, RALA, CHD4, RIC1, CSNK2A1, PTEN, EDEM3, UBE3A, KAT6A, STAT5B, WWOX, AP3B1, BAZ1B, CEP57, CTNNB1, TNFRSF11A, RAD21, SRRM2, DHX9, ACTB, BRCA1, MECP2, NSMCE2, LMBRD1, TASP1, CLIP2, PIGN, ZMYM2, NIN, KIAA0586, MACF1, HDAC8, BCAS3, CBL, EFTUD2, ARSB, ZSWIM6, EXT2, IL6ST, GNAI3, TRIP11, HSD17B4, SNX10, RFWD3, FDFT1, PAK2, RIN2, MCM5, WNT5A, RPL35, BPTF, TGFB1, CEP63, SPI1, GTF2I, JMJD1C, RPL13, FIG4, TMEM165, CLCN5, FANCL, CCDC88A, ATP6V1B2, TGFBR1, SNX14, CHD7, KRAS, BRAF, TAF1, TAB2, PTPN11, MARK2, EIF4A2, TGFBR2, AGO2
HP:0001336	Myoclonus	93	0.0290625	1.85343169504644	1.3421584477507009e-09	8.027199972099686e-08	7.09543591782581	1.380678395201146e-05	MRE11, HNRNPU, HIBCH, DNAJC5, DMXL2, CNKSR2, ITPR1, ATAD1, RBMX, CLPB, PIK3CA, FARS2, HEXB, VPS41, AKT3, MT-CO1, SORL1, GPHN, PSEN1, SLC1A2, GRM7, YWHAG, EIF2AK2, SLC25A46, ABCB7, CACNB4, GRIA3, GABRB3, GLB1, CASK, MTOR, SNCA, ATM, HACE1, DOCK7, CELF2, CDK19, NUP54, VPS53, CACNA1E, YEATS2, GRIN2B, DENND5A, CLTC, HTT, PACS2, ST3GAL5, PPP3CA, MT-ND1, SMS, CACNA1B, PSAP, MT-ND5, FGF12, PURA, EPM2A, ELOVL5, QDPR, ATP6V1A, ATP6V0A1, CRLS1, MT-ATP6, MT-ND4, SYNJ1, ADAR, GRIK2, UBE3A, SCARB2, NUP214, WWOX, MECP2, PTCD3, CHD2, NHLRC2, TRAPPC12, PRNP, MT-CO3, MT-CO2, APOE, NGLY1, GNB1, PPT1, ASAH1, VPS13D, ATXN2, CCDC88A, ATP6V1B2, TRAK1, FBXO28, TPP1, TAF1, HLA-DQB1, CACNA1A
HP:0000708	Atypical behavior	133	0.0415625	1.853129734848485	2.5152628895036085e-13	3.194383869669583e-11	10.49561289581747	2.587450934432362e-09	FUS, HDAC4, THOC2, ARID2, HERC2, SPTLC1, KDM6A, SQSTM1, CNKSR2, CTCF, TSC1, SIN3A, SPG11, CDC42, PEX14, BMPR1A, PEX3, HLA-B, CYLD, PIK3CA, ZEB2, PNPLA6, SCLT1, RERE, CSF1R, TRIO, HPRT1, CNTNAP2, NSD1, YY1, GNAQ, TLR4, SOX5, MLH1, MED13L, PSEN1, SLC1A2, VAPB, SCAPER, VPS13A, ATRX, NEK1, YWHAG, NIPA2, DYRK1A, BBS9, SMAD4, SPRED1, LRP1, DDX3X, SDCCAG8, SLC1A3, GRIA3, SUCLA2, ARID1A, DNMT3A, GABRB3, WAC, RPS6KA3, UBE4B, EP300, PFN1, RNF216, SMC1A, UBAC2, SPEN, ATM, KANSL1, IFNGR1, CELF2, CDK19, PON2, GRIN2B, CEP290, DPYD, LUZP1, CLTC, TGFBR2, RREB1, HTT, PACS2, MSH2, FOXP1, PPP3CA, KMT2C, TNFRSF1A, EFL1, CACNA1B, TAF15, NF1, CREBBP, RAC1, FGF12, EHMT1, HLA-DRB1, NPAT, GBE1, HNRNPA2B1, NR3C1, ELOVL5, ATP6V1A, USP8, ARID1B, DISP1, STAG2, KMT2A, DIP2B, SYNJ1, CHEK2, UBE3A, RAF1, TBK1, DEPDC5, WWOX, PMS1, CTNNB1, CHD2, HDAC8, PRNP, USP48, GNB1, BPTF, ASAH1, SACS, JMJD1C, FIG4, ATXN2, BRAF, TRAK1, FBXO28, KRAS, HLA-DQB1, CACNA1A
HP:0002059	Cerebral atrophy	109	0.0340625	1.831993309399478	8.139210407028219e-11	6.183236365229607e-09	8.208784151503247	8.372805745709929e-07	C9orf72, ADNP, HDAC4, PRKN, RAB3GAP1, NT5C2, AUH, DSE, CNKSR2, FAR1, CTCF, MTR, ITPR1, ATAD1, CLPB, COG5, FARS2, HEXB, DNM1L, KIDINS220, PIGU, CNTNAP2, FBXL4, NSD1, RALGAPA1, SLC1A2, SLC17A5, GRM7, ALG13, ATRX, YWHAG, EIF2AK2, TBCK, PUM1, TAF2, DDX3X, SUCLA2, ZMIZ1, PCCA, NFIX, POGZ, ATG7, TRPM7, MAF, DNMT1, GLB1, RNF216, PIGN, HACE1, FLI1, CELF2, CDK19, OFD1, KCNMA1, VPS53, STAG1, DHFR, ACER3, HUWE1, DPYD, DNAJC3, CLTC, HTT, PACS2, PPP3CA, ATP11A, CACNA1B, OSTM1, FGF12, UNC80, RARS2, CCDC47, GRIA2, CAPRIN1, EEFSEC, TRAPPC11, ATP6V1A, CRLS1, ERCC6, MYT1L, SYNJ1, NADK2, DYNC1I2, NUP214, MED27, WWOX, ATP6AP2, ATXN7, MECP2, PTCD3, RTTN, RNASEH2B, FARSB, KANK1, POLA1, BCAS3, WIPI2, NGLY1, TGFB1, PPT1, ADK, REPS1, TRAK1, FBXO28, TPP1, KRAS, BRAF, TANGO2, CACNA1A
HP:0002019	Constipation	107	0.0334375	1.8318592087765957	1.3567828756597677e-10	9.49471118497417e-09	8.022518241319771	1.395722544191203e-06	SMARCA2, RFX7, ADNP, ARID2, CHD8, PRKN, SIK3, DSE, NNT, SIN3A, BMPR1A, CAMTA1, PIK3CA, WDR26, HEXB, ZEB2, HNRNPK, RERE, CNTNAP2, MT-CO1, NSD1, FBXW7, MLH1, TBL1X, YME1L1, MBD5, ATRX, DYRK1A, GALNT2, SLC1A3, PPM1D, CTSH, ZMIZ1, PCCA, NFIX, POGZ, MALT1, WAC, UBE4B, EP300, SMC1A, SNCA, EDA, VPS13C, SPEN, FBXO11, PHIP, ATM, HPSE2, FLI1, SDHB, CDC73, LUZP1, TCF20, TGFBR2, RREB1, LRRK2, MSH2, FOXP1, TNFRSF1A, AFF4, MT-ND1, TCF4, PACS1, MT-ND5, CREBBP, SHQ1, UNC80, HLA-DRB1, NPAT, TLK2, STAT3, STAT6, SPART, ASCC3, DISP1, STAG2, KMT2A, MT-ND4, SYNJ1, CHEK2, UBE3A, CSNK2A1, BAZ1B, PMS1, BRCA1, MECP2, CACNA1C, CLIP2, MITF, ZSWIM6, PRNP, EXT2, MT-CO3, ATXN3, MT-CO2, FDFT1, GTF2I, JMJD1C, ATXN2, BRAF, KRAS, TAF1, EIF4A2, HLA-DQB1, CACNA1A, CDK13
HP:0000278	Retrognathia	95	0.0296875	1.8309365643712574	1.6057142134758464e-09	9.279765232598894e-08	7.032463010793696	1.651798211402603e-05	MIA3, IGF1R, SLC25A24, ARID2, MAT2A, RPS19, CHD8, KDM6A, DIS3L2, FUT8, FBXW11, COG5, CEP152, GLDN, FARS2, PMM2, BNC2, HECTD4, RSRC1, HNRNPK, CEP135, SCLT1, ASPH, TRIO, ASXL1, NSD1, UBA2, MBD5, SCAPER, RYR1, MTM1, DYRK1A, BBS9, ARIH1, SMAD4, NBN, SDCCAG8, NFIX, POGZ, ATG7, EP300, CASK, ORC4, SPEN, FRYL, SMC1A, ASXL2, FBXO11, HS2ST1, SETD2, RAP1B, SMAD2, DPYD, LBR, TGFBR2, CEP290, FTO, AUTS2, SMC3, FOXP1, PPP3CA, KAT6B, PUS7, CEP295, CREBBP, RPL17, PIK3C2A, RPL5, ATP6V1A, FRA10AC1, JARID2, ARID1B, HNRNPH1, EED, PLAGL1, SUZ12, EDEM3, FRMPD4, CTNNB1, DHX9, ACTB, RTTN, POLA1, HDAC8, CBL, YY1AP1, HSD17B4, TRIP11, RAP1GDS1, FDFT1, IPO8, WNT5A, WDR11, CCDC88A, TGFBR1
HP:0002317	Unsteady gait	58	0.018125	1.8301807598039215	2.32322595483047e-06	8.504991244605355e-05	4.070326129132134	0.023899025397341046	CLTC, KCNQ5, SCARB2, HTT, WLS, PACS2, MRE11, YWHAG, WWOX, PPP3CA, KPNA3, ATP6AP2, SMS, HERC2, SAMD9L, CACNA1B, CNKSR2, CHD2, SLC20A2, PACS1, SYNJ1, CREBBP, FGF12, EXT2, DCC, CAMTA1, PRNP, ZSWIM6, XPR1, OGDH, EP300, CASK, PNPLA6, PDE10A, ATXN10, GDAP1, RUBCN, HACE1, CAPRIN1, VPS41, VPS13D, CELF2, SACS, VAC14, ATP6V1A, OPA1, ATXN2, CDK19, DDHD1, FGD4, PAK1, ERCC6, TRAK1, FBXO28, TPP1, STAG2, CACNA1A, SLC1A2
HP:0001250	Seizure	499	0.1559375	1.8240525624645088	1.25725970566215e-46	6.466715296073269e-43	42.189316258902295	1.2933430592146536e-42	MT-ND3, CAMKMT, RNF2, ANKRD11, AUH, DMXL2, MTR, SIN3A, ATAD1, CDK6, LRPPRC, TMLHE, ZBTB20, HLA-B, EPG5, HECTD4, RSRC1, HNRNPK, PDE10A, HGSNAT, ADD3, SCLT1, IREB2, VPS41, PXK, ZNF592, OXR1, GNAQ, PSEN1, YME1L1, RYR1, WLS, TRAPPC10, PANK2, EIF2AK2, SON, KIAA0319L, LINGO1, HSPD1, SMAD4, SLC25A46, CACNA1D, MANBA, ITGAM, GALNT2, CHD1, HERC1, ACBD6, ARID1A, RPS6KA3, UBE4B, PIGN, NSD2, CLEC7A, SETD2, OFD1, B3GALNT2, FCGR2A, SUPT16H, DPYD, SMCHD1, HTT, MAPK1, FOXP1, PPP3CA, KAT6B, NAA15, PDCD10, KMT2E, ATP11A, AGTPBP1, OSTM1, RNF220, SHQ1, SMC5, JAK2, TNRC6B, HLCS, TRPM3, PHF21A, BCKDHB, STAG2, KMT2A, MT-ND4, INSR, MT-CYB, SCAF4, DEPDC5, NUP214, MED27, WWOX, CALM2, FRMPD4, CEP57, USP7, RAD21, CACNA1C, ATP2B1, NPC2, TASP1, ZMYM2, GLUL, NHLRC2, KIAA0586, NDUFAF5, MACF1, SCYL2, ARSB, ANKLE2, APOE, NGLY1, PAK2, PRKAG2, ASAH1, ADK, JMJD1C, ATP6V1B2, SNX14, MBOAT7, CHD7, TANGO2, MARK2, AGO2, KAT6A, RNASET2, IARS2, DAP3, HDAC4, THOC2, AP1S2, HERC2, CHD8, RAB3GAP1, CNKSR2, NCAPD3, NNT, SPG11, ITPR1, PEX3, CEP152, PIK3CA, PMM2, PPM1B, DNM1L, NEDD4L, MEGF10, CSF1R, HPRT1, FBXL4, PRORP, TBC1D2B, NSUN3, MLH1, MBD5, SLC17A5, PLP1, ALG13, MAP2K1, NIPA2, NFIA, PNPLA8, ZNF292, RBPJ, SLC25A13, SDCCAG8, EXOC2, ATP1A1, CALM1, DNMT3A, ATG7, LARS2, MTOR, LYST, ATM, FLI1, CELF2, CDK19, CPLANE1, PGK1, MCCC1, HEXA, ARFGEF2, PIGK, HUWE1, GRIN2B, IQCB1, LBR, CAMK2G, SMC3, PRKDC, SLC12A6, KMT2C, NSRP1, TCF4, CLIC2, RNF13, TRRAP, LRRC8C, CREBBP, MIPEP, RAC1, KDM3B, FGF12, ARHGAP31, UNC80, CCDC47, CAMSAP1, RUBCN, OPA1, ATP6V1A, ATP6V0A1, FRA10AC1, ERCC6, ASCC3, ZBTB7A, DISP1, MICU1, HNRNPH1, ARL13B, STRADA, DIP2B, MYT1L, HLA-DPB1, RNF125, EIF2B3, ATP6AP2, KDM5A, CTNNB1, ACTB, DHX9, RTTN, EFTUD2, ZSWIM6, HSD17B4, DCC, PRNP, NSUN6, EXT2, TRAF3, FDFT1, GNB1, TTI1, NFIB, CRADD, CDK13, KCNQ5, HNRNPU, NBAS, HIBCH, CDC42, PEX14, BMPR1A, CLPB, DHRSX, WDR26, KDM4B, HEXB, PNPLA6, AKT3, RERE, GRIA1, CDK8, TRIO, ASXL1, ARL6IP6, MT-CO1, ACADM, NSD1, FBXW7, YY1, SORL1, ATR, YWHAE, AP1G1, RYR3, SLC1A2, SCAPER, PPA2, PCYT1A, TRAPPC9, VPS13A, LIFR, YWHAG, DYRK1A, KPNA3, ASH1L, HLA-DQA1, SPRED1, SEL1L, SUFU, UBAP1, SLC1A3, PAFAH1B1, ZMIZ1, RAB18, PCCA, COX10, WAC, MAF, EP300, GLB1, FRYL, UBAC2, ANKRD17, IFNGR1, EIF2S3, VRK1, SDHB, UGP2, YEATS2, AKAP9, TMEM163, LUZP1, OPHN1, AUTS2, MSH2, WDR37, PDCD6IP, CACNA1B, PACS1, PSAP, VPS13B, EHMT1, HLA-DRB1, PI4KA, TLK2, NUP107, COG3, QDPR, GNAS, CRLS1, ANOS1, MT-ATP6, ACVR1, PDZD8, RALA, KRIT1, PMS1, MECP2, LMBRD1, RNASEH2B, NIN, SLC20A2, KIF2A, MT-ND2, RAP1GDS1, XPR1, MT-CO2, ATP2A2, BPTF, RAB27A, MYO5A, AQP4, VPS13D, TAOK1, PAK1, BRAF, FBXO28, MFF, TAF1, GFAP, EIF4A2, GLS, CACNA1A, TET3, SMARCA2, LAMA2, PIBF1, USP9X, ADNP, ARID2, SIK3, KDM6A, DYNC1H1, RAB3GAP2, DNAJC5, DIS3L2, FAR1, FUT8, TBL1XR1, TSC1, STT3B, RBMX, CSPP1, COG5, CAMTA1, ADARB1, RYR2, FARS2, ZEB2, SELENOI, SAMHD1, PIGU, CRBN, CNTNAP2, RNF213, SOX5, TLR4, GPHN, NDUFAF6, GPRC5B, GRM7, ROBO1, ATRX, NEK9, TBCK, BBS9, MCPH1, SPOP, ABCB7, MAPRE2, CUL3, DDX3X, LRRK1, GRIA3, FMR1, SUCLA2, NFIX, POGZ, HNRNPR, CASK, SMC1A, PHIP, SPEN, ASXL2, FBXO11, SPAST, KANSL1, HACE1, TRIP12, BRD4, KCNMA1, NIPBL, SMAD2, STAG1, CEP290, CLTC, TGFBR2, TCF20, RREB1, PACS2, EIF2AK3, FTO, MT-ND1, SMS, NF1, MT-ND5, ANKH, FAM111A, DIAPH1, RARS2, JAZF1, NPAT, PURA, TPK1, EPM2A, ATXN10, NDUFS1, EEFSEC, TRAPPC11, JARID2, ARID1B, EED, CNOT1, PLAGL1, SYNJ1, NADK2, ADAR, CHEK2, UBE3A, RAF1, TBK1, DYNC1I2, PTEN, TOGARAM1, RANBP2, AP4E1, NARS2, FARSB, POLA1, RAPGEF2, HDAC8, BCAS3, MEF2C, TRAPPC12, MT-CO3, TSEN15, KCNQ1, NDUFAF2, PPT1, TANC2, WDR11, FIG4, TMEM165, TRAK1, KRAS, TPP1, HLA-DQB1, GRIA4
HP:0000218	High palate	218	0.068125	1.8224764610389612	4.862873801654596e-20	1.9240147229854164e-17	16.71579160896824	5.002438279762082e-16	FANCC, RFX7, IGF1R, USP9X, HNRNPU, THOC2, AP1S2, MAT2A, ANKRD11, RPS19, RAB3GAP1, SIK3, KDM6A, RAB3GAP2, DSE, DMXL2, TPM3, FUT8, SIN3A, ITPR1, ATAD1, PEX14, PEX3, ZBTB20, COG5, CAMTA1, ADARB1, CEP152, PIK3CA, EPG5, PMM2, HNRNPK, MEGF10, SCLT1, ASPH, PIGU, RERE, TRIO, APC, CNTNAP2, RPS29, NSD1, YY1, ABL1, YWHAE, ATR, PIK3R1, SOS2, SLC10A7, MED13L, ABCD3, AP1G1, RYR3, SCAPER, SLC17A5, RYR1, PPP1R21, WLS, SEC23A, ATRX, MAP2K1, NEK1, MTM1, NEK9, TBCK, BBS9, ARIH1, SON, ZNF292, PUM1, ASH1L, SHOC2, SMAD4, SPOP, DST, SPRED1, RPL18, SEL1L, SLF2, DDX3X, SOX6, SDCCAG8, HERC1, SEC24D, SPRED2, PAFAH1B1, MTX2, SOS1, RAB18, NFIX, ARID1A, POGZ, ATG7, COX10, RPS6KA3, RASA2, EP300, CASK, TRPS1, SMC1A, SPEN, PHIP, PIGN, FBXO11, KANSL1, TRIP12, CDK19, CPLANE1, RAP1B, PPP1CB, OFD1, MAP3K7, BRD4, HSPA9, NIPBL, DDX6, CHKA, SMAD2, SDHB, STAG1, GRIP1, PTPN14, HUWE1, TRIP4, CEP290, MAP3K20, CLTC, DPYD, TGFBR2, SMCHD1, MAPK1, EIF2AK3, SMC3, SLC12A6, AFF4, NOTCH2, NSRP1, SMS, TUBB, PUS7, EFL1, CEP295, PPP2CA, RPS24, NF1, CREBBP, BLNK, REV3L, SMC5, CCDC47, CAMSAP1, PURA, SEC31A, RUNX2, TLK2, RPL9, NUP107, EEFSEC, RPL17, STAT3, RPL5, ATP6V1A, GATAD2B, FRA10AC1, CLCN3, TRPM3, ANOS1, ARID1B, DISP1, HNRNPH1, STAG2, KMT2A, CNOT1, PLAGL1, INSR, PDZD8, RPS28, SCAF4, RAF1, CSNK2A1, PTEN, EDEM3, TOGARAM1, FRMPD4, CTNNB1, AP4E1, RAD21, ACTB, BRCA1, MECP2, LMBRD1, TASP1, ZMYM2, FARSB, HDAC8, CBL, YY1AP1, IL6ST, HSD17B4, RFWD3, GNB1, IPO8, RIN2, WNT5A, RPL35, SPI1, WDR11, FIG4, FANCL, ATP6V1B2, TGFBR1, SNX14, BRAF, FBXO28, KRAS, TAF1, PTPN11, TET3
HP:0001347	Hyperreflexia	174	0.054375	1.8212530487804877	3.6264383933929794e-16	7.461034350566717e-14	13.127200960516067	3.730517175283358e-12	MT-ND3, FANCC, RFX7, CDK5RAP2, RNF2, FUS, AP1S2, PRKN, RAB3GAP1, NT5C2, SPTLC1, TTBK2, HIBCH, SQSTM1, AUH, DMXL2, NCAPD3, SPG11, ITPR1, ATAD1, CDK6, PEX14, PEX3, CLPB, HLA-B, CEP152, PMM2, HECTD4, HEXB, ZEB2, PNPLA6, CEP135, SELENOI, KIDINS220, IREB2, CSF1R, TRIO, HPRT1, FBXL4, NSD1, GNAQ, TLR4, GPHN, ELP2, PSEN1, SETX, VAPB, GRM7, WLS, TRAPPC10, PLP1, ATRX, NEK1, PANK2, KPNA3, MCPH1, HSPD1, SLC25A46, ABHD12, ABCB7, TAF2, UBAP1, SLC1A3, GRIA3, DNMT1, ACSL4, GLB1, EP300, PFN1, CASK, UBAC2, SNCA, VPS13C, PIGN, SPAST, IFNGR1, EIF2S3, VAC14, WASHC5, NUP54, MCCC1, CHKA, VRK1, SDHB, UGP2, FTL, CACNA1E, PON2, HUWE1, DENND5A, DPYD, HTT, LRRK2, AUTS2, NDUFS4, PDCD6IP, MT-ND1, NSRP1, ATXN1, GDAP2, SAMD9L, TAF15, AGTPBP1, PSAP, MT-ND5, CREBBP, OSTM1, RNF220, VPS37A, RARS2, CCDC47, CAMSAP1, SEC31A, PI4KA, ATXN10, NDUFS1, EEFSEC, TRAPPC11, OPA1, ATP6V1A, SPART, MT-ATP6, ERCC6, MT-ND4, SYNJ1, ADAR, DYM, UBE3A, TBK1, DYNC1I2, NUP214, WWOX, FRMPD4, ATP6AP2, BAZ1B, ATXN7, AP4E1, DHX9, BRCA1, MECP2, NUBPL, NARS2, CLIP2, SLC20A2, BCAS3, MT-ND2, PRNP, DCC, ANKLE2, ATXN3, TSEN15, TRAF3, RFWD3, XPR1, GNB1, CEP63, VPS13D, GTF2I, SACS, FIG4, ATXN2, DDHD1, FANCL, ANO10, CCDC88A, ZFR, MBOAT7, TRAK1, KRAS, TPP1, MFF, GFAP, TANGO2, CACNA1A
HP:0002119	Ventriculomegaly	187	0.0584375	1.8183596110271905	2.5511864742752962e-17	5.7052294045369504e-15	14.243726888121932	2.624405526086997e-13	FANCC, MIA3, CDK5RAP2, RNASET2, USP9X, HNRNPU, ADNP, HDAC4, THOC2, NBAS, AP1S2, ANKRD11, HERC2, CHD8, KDM6A, CSGALNACT1, HIBCH, RAB3GAP2, DSE, NCAPD3, CTCF, IFT80, VPS35L, TBL1XR1, SIN3A, ITPR1, CDC42, CDK6, ZBTB20, CSPP1, CEP152, XYLT1, WDR26, OGDH, PIK3CA, FARS2, HNRNPK, ZEB2, CEP135, ZNF148, TAPT1, EXT1, KIDINS220, SAMHD1, AKT3, RERE, CSF1R, FBXL4, ASXL1, RNF213, NSD1, YY1, TBC1D2B, HK1, YWHAE, SLC10A7, YME1L1, PPP1R21, ROBO1, TRAPPC10, LIFR, DYRK1A, NFIA, TBCK, KPNA3, MCPH1, SON, ZNF292, MAPRE2, DDX3X, SEC24D, HERC1, GRIA3, PAFAH1B1, SUCLA2, ZMIZ1, ACBD6, RAB18, NFIX, POGZ, ATP1A1, DNMT3A, P4HB, WAC, RPS6KA3, MAF, UBE4B, MAX, GLB1, TRPS1, MTOR, SMC1A, SPEN, ASXL2, PIGN, NSD2, DYNC2H1, KANSL1, TENT5A, FLI1, SETD2, CELF2, OFD1, RAP1B, EIF2S3, WASHC5, PARN, BRD4, TRIM37, VPS53, NIPBL, B3GALNT2, HUWE1, DENND5A, LUZP1, OPHN1, HTT, SMC3, SLC12A6, KMT2C, PDCD6IP, TCF4, PUS7, ATP11A, TRRAP, NEK10, PPP2CA, PSAP, OSTM1, RAC1, SHQ1, EHMT1, ARHGAP31, VPS37A, DIAPH1, SEC31A, PI4KA, ATP6V1A, TRPM3, MT-ATP6, ARID1B, ERCC6, STRADA, MYT1L, KMT5B, NADK2, ADAR, GRIK2, RNF125, XRCC4, TBK1, CHD4, CEP57, CTNNB1, USP7, AP4E1, RAD21, DHX9, ACTB, BRCA1, P4HA1, RTTN, RNASEH2B, KANK1, NHLRC2, KIAA0586, HDAC8, MEF2C, TRAPPC12, ZSWIM6, PRNP, HSD17B4, KIF5B, ANKLE2, TSEN15, RFWD3, NGLY1, CEP63, NFIB, FIG4, FANCL, CCDC88A, FBXO28, KRAS, TAF1, EIF4A2, TET3
HP:0031936	Delayed ability to walk	236	0.07375	1.7999718601895733	5.3969102876501826e-21	2.3132506720440593e-18	17.635777302989535	5.551801612905743e-17	SMARCA2, LAMA2, IARS2, IGF1R, SLC25A24, TCF12, FUS, HDAC4, NBAS, AP1S2, ANKRD11, HERC2, BTRC, CDK13, RAB3GAP1, SPTLC1, CSGALNACT1, FAM20B, RAB3GAP2, SETD5, DYNC1H1, DSE, CNKSR2, FAR1, CTCF, IFT80, VPS35L, SPG11, ITPR1, CDC42, ADARB1, LMBR1, XYLT1, WDR26, CEP152, HNRNPK, ZEB2, CHST11, HGSNAT, PNPLA6, ZNF148, TAPT1, CHSY1, SYT1, EXT1, COPB1, CSF1R, CRBN, TRIO, CNTNAP2, NSD1, YY1, HK1, ATR, PIK3R1, SOS2, SLC10A7, ZNF407, GPRC5B, RYR3, SLC17A5, RYR1, PCYT1A, TRAPPC9, CWC27, PLP1, TRAPPC10, PPP1R21, ALMS1, MAP2K1, LIFR, NEK1, NEK9, KPNA3, SON, PUM1, RBPJ, SHOC2, SMAD4, SPOP, ABCB7, SPRED1, CUL3, MANBA, LRRK1, GALNT2, SEC24D, PPM1D, SPRED2, ACBD6, SOS1, NFIX, DNMT3A, ATG7, P4HB, STIM1, FMN1, EP300, GLB1, CASK, ORC4, SPECC1L, SMC1A, TRPS1, AGPS, NSD2, FBXO11, TENT5A, HS2ST1, DYNC2H1, SETD2, CELF2, OFD1, IKBKB, CPLANE1, PPP1CB, KYNU, VAC14, MAP3K7, HSPA9, TRIM37, NIPBL, SMAD2, PRKACB, SDHB, MTAP, HUWE1, FBXW4, LBR, CEP290, MAP3K20, TCF20, CDC73, RREB1, OPHN1, MAPK1, EIF2AK3, ZBTB16, TGFBR2, LEMD3, SMC3, FOXP1, PACS2, KAT6B, NOTCH2, PUS7, EFL1, KMT2E, TRRAP, TMEM163, PPP2CA, RNPC3, GNPTAB, NF1, VPS13B, CREBBP, ANKH, OSTM1, TBXAS1, LPIN2, KDM3B, FAM111A, EXOC6B, ARHGAP31, WASHC4, RUNX2, RUBCN, STAT3, GNAS, ATP6V0A1, ATP6V1A, CLCN3, TRPM3, ACVR1, ASCC3, ARID1B, STAG2, ARL13B, KMT2A, MYT1L, TTC21B, DYM, SCAF4, GRIK2, XRCC4, RAF1, RALA, UBE3A, DYNC1I2, CSNK2A1, STAT5B, FRMPD4, CTNNB1, TNFRSF11A, AP4E1, RAD21, SRRM2, ACTB, MECP2, NSMCE2, NIN, KIAA0586, MACF1, HDAC8, CBL, MEF2C, EFTUD2, ARSB, ZSWIM6, EXT2, IL6ST, GNAI3, TRIP11, SNX10, HNRNPC, MCM5, WNT5A, TGFB1, TTI1, CEP63, ATG5, TNPO3, RPL13, FIG4, TMEM165, CLCN5, PAK1, TGFBR1, MBOAT7, BRAF, KRAS, TAB2, TANGO2, PTPN11, GRIA4, KAT6A
HP:0000508	Ptosis	208	0.065	1.7996438172043012	1.5253452811145905e-18	4.615066737301704e-16	15.335822014371049	1.5691226906825793e-14	SMARCA2, FANCC, MT-ND3, IARS2, PIBF1, TCF12, FUS, PPP1R12A, ADNP, ARID2, ANKRD11, RPS19, CHD8, CDK13, RAB3GAP1, KDM6A, SQSTM1, SETD5, DIS3L2, CNKSR2, TPM3, CTCF, FAR1, ITPR1, CDC42, PEX14, PEX3, ZBTB20, TMLHE, CSPP1, HLA-B, PIK3CA, EPG5, FARS2, HNRNPK, ZEB2, DNM1L, ASPH, SBF2, IREB2, SAMHD1, RERE, CDK8, TRIO, APC, FBXL4, RPS29, YY1, HK1, ABL1, SOS2, MED13L, SLC1A2, SLC17A5, RYR1, ROBO1, ATRX, MAP2K1, YWHAG, TBCK, PUM1, SHOC2, SMAD4, SPRED1, MAPRE2, RPL18, SEL1L, SUFU, GRIA3, SPRED2, SUCLA2, ZMIZ1, SOS1, ARID1A, POGZ, RB1, ATG7, COX10, MAF, RASA2, EP300, SPECC1L, SMC1A, PHIP, ASXL2, NSD2, KANSL1, FLI1, CELF2, CDK19, ITCH, CPLANE1, PPP1CB, OFD1, MAP3K7, CDC42BPB, BRD4, NIPBL, SMAD2, HUWE1, CEP290, CLTC, MTMR14, TGFBR2, RREB1, PACS2, MAPK1, AUTS2, NDUFS4, SMC3, FOXP1, PPP3CA, SLC12A6, AFF4, MT-ND1, SMS, MRPS28, CACNA1B, RPS24, NF1, PSAP, PACS1, SLC30A9, CREBBP, FGF12, UNC80, HLA-DRB1, REV3L, CCDC47, PURA, HNRNPA2B1, MGME1, TLK2, RPL9, NDUFS1, CAPRIN1, OPA1, RPL5, ATP6V1A, JARID2, TRPM3, ANOS1, MT-ATP6, ASCC3, ARID1B, EED, ARL13B, MICU1, KMT2A, SYNJ1, ADAR, RPS28, RAF1, RALA, CHD4, CSNK2A1, TBK1, EDEM3, TOGARAM1, WWOX, RAD21, SECISBP2, ACTB, BRCA1, MECP2, NUBPL, NARS2, RNASEH2B, KIAA0586, NDUFAF5, HDAC8, MITF, BCAS3, ZMYND11, CBL, MT-ND2, ZSWIM6, DCC, DNM2, GNAI3, MARK3, ANKLE2, ATXN3, RFWD3, NGLY1, IPO8, NDUFAF2, NDUFV2, WNT5A, RPL35, BPTF, WDR11, TNPO3, JMJD1C, TRIM44, FANCL, ANO10, TGFBR1, CHD7, TRAK1, FBXO28, KRAS, BRAF, PTPN11, MARK2, CACNA1A, TET3, KAT6A
HP:0001260	Dysarthria	161	0.0503125	1.7992833116319447	1.422805636807174e-14	2.1524119979169707e-12	11.667074595786197	1.46364015858354e-10	C9orf72, MRE11, FUS, NT5C2, KDM6A, TTBK2, SQSTM1, AUH, DMXL2, FAR1, DNAJB6, SPG11, ITPR1, BMPR1A, SLC44A1, CLPB, PIK3R5, CAMTA1, HLA-B, PNPT1, PIK3CA, FARS2, PMM2, HEXB, PNPLA6, PDE10A, SELENOI, ADD3, VPS41, RERE, CSF1R, GRIA1, HPRT1, ZNF592, MLH1, NDUFAF6, SOS2, MED13L, GPRC5B, PSEN1, FOXP2, SETX, VAPB, SLC17A5, RYR1, VPS13A, PPP1R21, PLP1, MAP2K1, NEK1, PANK2, EIF2AK2, PNPLA8, ABHD12, ABCB7, SUFU, UBAP1, SLC1A3, CACNB4, SPRED2, FMR1, SOS1, ATG7, WAC, RASA2, GLB1, PFN1, RNF216, SNCA, FGF14, ATM, SPAST, HACE1, CIITA, WASHC5, NUP54, TRIM37, FTL, RFC1, PON2, TMEM163, TGFBR2, IFRD1, MSH2, GDAP2, SMS, ATXN1, SAMD9L, TAF15, GSN, PSAP, PACS1, RNF220, HLA-DRB1, NPAT, GBF1, JAK2, PI4KA, TPK1, EPM2A, ATXN10, RUBCN, CAPRIN1, EEFSEC, TRAPPC11, SIL1, ELOVL5, OPA1, ANOS1, SPART, MT-ATP6, CNOT1, SYNJ1, ADAR, CHEK2, XRCC4, SCARB2, RAF1, TBK1, DYNC1I2, RANBP2, WWOX, EIF2B3, BAZ1B, PMS1, ZFHX3, ATXN7, ACTB, NPC2, NUBPL, NARS2, RTTN, CLIP2, SLC20A2, NDUFAF5, CBL, PRNP, DCC, HSD17B4, ATXN3, XPR1, WIPI2, APOE, WDR11, AQP4, VPS13D, GTF2I, SACS, ATG5, FIG4, ATXN2, ANO10, REPS1, CHD7, KRAS, TPP1, GFAP, BRAF, TANGO2, PTPN11, CACNA1A
HP:0000028	Cryptorchidism	221	0.0690625	1.7962354008838386	1.6333256943578966e-19	6.000721934949886e-17	16.221796497365684	1.6802021417859682e-15	SMARCA2, FANCC, PHIP, SLC25A24, TCF12, PPP1R12A, ADNP, HDAC4, THOC2, AP1S2, ARID2, ANKRD11, HERC2, RAB3GAP1, CHD6, KDM6A, CSGALNACT1, HIBCH, RAB3GAP2, DSE, DIS3L2, NNT, CTCF, IFT80, VPS35L, TBL1XR1, SIN3A, ITPR1, CDC42, STT3B, PEX14, PEX3, ZBTB20, CSPP1, COG5, LMBR1, GLDN, XYLT1, CEP152, HNRNPK, ZEB2, PNPLA6, NEDD4L, SCLT1, ASPH, RERE, CDK8, FBXL4, NSD1, FBXW7, YY1, ABL1, ATR, SOX5, SOS2, MED13L, MBD5, SCAPER, RYR1, CWC27, ROBO1, SEC23A, MAP2K1, ATRX, MTM1, DYRK1A, TBCK, BBS9, PUM1, ASH1L, SHOC2, SMAD4, ABCB7, MAPRE2, DDX3X, SUFU, SDCCAG8, GRIA3, SPRED2, FMR1, ZMIZ1, SOS1, RAB18, ACBD6, NFIX, ARID1A, HNRNPR, DNMT3A, POGZ, MAF, UBE4B, RASA2, EP300, ORC4, MTOR, SPECC1L, FRYL, SMC1A, SPEN, NSD2, FBXO11, PIGN, DYNC2H1, KANSL1, HS2ST1, HPSE2, FLI1, EIF2S3, PPP1CB, VAC14, MAP3K7, CDC42BPB, BRD4, NIPBL, DDX6, SMAD2, PRKACB, STAG1, B3GALNT2, GRIP1, HUWE1, TRIP4, GRIN2B, CEP290, SMCHD1, LUZP1, MTMR14, TGFBR2, RREB1, OPHN1, MAPK1, PACS2, MAP3K1, AUTS2, FTO, SMC3, KAT6B, NOTCH2, AFF4, SMS, TCF4, TUBB, MRPS28, KMT2E, TRRAP, DDX3Y, NF1, PACS1, VPS13B, CREBBP, ANAPC1, RAC1, KDM3B, EHMT1, CAMSAP1, GRIA2, TNRC6B, PIK3C2A, ATP6V1A, CLCN3, TRPM3, ANOS1, ERCC6, ARID1B, HNRNPH1, EED, USP9Y, KMT2A, UBR1, MYT1L, PLAGL1, KMT5B, SUZ12, XRCC4, RAF1, CHD4, DEPDC5, TOGARAM1, KAT6A, WWOX, BAZ1B, USP7, RAD21, ACTB, BRCA1, MECP2, P4HA1, BRWD3, RTTN, TASP1, CLIP2, ZMYM2, POLA1, HDAC8, SCYL2, CBL, ZSWIM6, EXT2, DCC, DNM2, OGT, ANKLE2, RFWD3, KCNQ1, IPO8, RIN2, WNT5A, FXR1, WDR11, SLC30A7, GTF2I, JMJD1C, FIG4, FANCL, AXL, TGFBR1, CHD7, KRAS, BRAF, PTPN11, C2CD3
HP:0000486	Strabismus	294	0.091875	1.7955722248576849	8.671503381272795e-26	5.247279722538426e-23	22.280065783768716	8.920375528315323e-22	MT-ND3, FANCC, IARS2, IGF1R, PHIP, SLC25A24, RNF2, PIBF1, TCF12, USP9X, HNRNPU, PPP1R12A, ADNP, NBAS, THOC2, AP1S2, ARID2, ANKRD11, MAT2A, HERC2, RPS19, CDK13, NT5C2, CHD6, KDM6A, HIBCH, RAB3GAP2, SETD5, DSE, DMXL2, CTCF, FRMD4A, TBL1XR1, SIN3A, SPG11, ITPR1, CDC42, FBXW11, PEX14, SLC44A1, LRPPRC, ZBTB20, PEX3, COG5, PIK3R5, CAMTA1, CSPP1, PNPT1, CEP152, WDR26, FARS2, PMM2, ZEB2, DNM1L, PNPLA6, SYT1, ADD3, SCLT1, ASPH, KIDINS220, PIGU, RERE, CDK8, TRIO, CNTNAP2, FBXL4, ASXL1, RPS29, NSD1, FBXW7, YY1, LYST, GNAQ, ABL1, ATR, UBA2, HK1, SOX5, SOS2, ZNF407, MED13L, TGFBI, AP1G1, YME1L1, SETX, SCAPER, PCYT1A, GRM7, ROBO1, MAP2K1, CEP85L, DYRK1A, TBCK, BBS9, ARIH1, SON, ZNF292, ASH1L, HSPD1, RBPJ, SHOC2, SMAD4, SPOP, RHOA, SLC25A46, ABCB7, MAPRE2, RPL18, DDX3X, SUFU, SDCCAG8, PPM1D, SPRED2, SUCLA2, FMR1, SOS1, ACBD6, ARID1A, NFIX, HNRNPR, DNMT3A, POGZ, ATG7, WAC, RPS6KA3, UBE4B, RASA2, ACSL4, EP300, LARS2, CASK, MTOR, SPECC1L, FGF14, SMC1A, SPEN, NSD2, FBXO11, PIGN, ATM, KANSL1, HACE1, ANKRD17, TRIP12, FLI1, OFD1, CPLANE1, EIF2S3, MAP3K7, CDC42BPB, BRD4, KCNMA1, TRIM37, VPS53, NIPBL, DDX6, SMAD2, HPS5, VRK1, PRKACB, STAG1, B3GALNT2, HUWE1, SUPT16H, LBR, CEP290, LUZP1, TCF20, CAMK2G, RREB1, OPHN1, DPYD, EIF2AK3, TGFBR2, AUTS2, NDUFS4, SMC3, FOXP1, SLC12A6, PACS2, AFF4, PDCD6IP, MT-ND1, TCF4, SAMD9L, CACNA1B, RPS24, NF1, AGTPBP1, PACS1, VPS13B, SLC30A9, CREBBP, EHMT1, ARHGAP31, REV3L, WASHC4, PURA, TLK2, RPL9, EEFSEC, TRAPPC11, COG3, NDUFS1, CAPRIN1, SIL1, OPA1, RPL5, GNAS, GATAD2B, ATP6V1A, CLCN3, PHF21A, TRPM3, MT-ATP6, ASCC3, DISP1, HNRNPH1, ARID1B, ARL13B, ERCC6, KMT2A, STRADA, UBR1, MYT1L, RPS28, GRIK2, UBE3A, RAF1, RIC1, EDEM3, TOGARAM1, KAT6A, FRMPD4, AP3B1, BAZ1B, KDM5A, USP7, CTNNB1, AP4E1, RAD21, CEP83, SRRM2, BRCA1, NUBPL, TASP1, CLIP2, NHLRC2, KIAA0586, NDUFAF5, HDAC8, MACF1, BCAS3, CBL, MEF2C, YY1AP1, MT-ND2, ZSWIM6, EXT2, DCC, HSD17B4, TRIP11, TSEN15, RFWD3, NGLY1, PAK2, GNB1, NDUFV2, NDUFAF2, WNT5A, RPL35, TTI1, MYO5A, IPO8, WDR11, GTF2I, JMJD1C, TRIM44, FIG4, FANCL, TAOK1, ATP6V1B2, TGFBR1, CHD7, BRAF, FBXO28, KRAS, TAF1, PTPN11, MARK2, CACNA1A, TET3, GRIA4, AGO2
HP:0001744	Splenomegaly	119	0.0371875	1.7939702868852458	5.090413515352708e-11	4.155959034320104e-09	8.381328741975402	5.236508383243331e-07	CYBB, PIBF1, ARPC5, STEAP3, KDM6A, IRF8, STAT1, XIAP, TPP2, NPHP3, CYBA, CLPB, CSPP1, DHRSX, HLA-B, PIK3CA, NPM1, HCK, EPB41, FCHO1, HGSNAT, USP53, WDR1, ABCA1, RUNX1, PRKCD, ASXL1, HK1, ABL1, TLR4, PIK3R1, ABCD3, POLD3, YME1L1, PPARG, SLC17A5, VPS13A, ATRX, MAP2K1, ALMS1, TET2, BCL2, CCND1, B4GALT1, SF3B1, SH2B3, COX10, GLIS3, STIM1, TNFRSF1B, GLB1, CASK, UBAC2, LYST, LRBA, DOCK11, ATM, CARD11, IFNGR1, ITCH, PARN, CALR, FYB1, VPS45, GPI, LBR, RREB1, NDUFS4, SEMA4D, TNFRSF1A, AFF4, NOTCH2, TCF4, SAMD9L, GNPTAB, PSAP, OSTM1, TBXAS1, LPIN2, HLA-DRB1, POT1, CCDC47, JAK2, PIK3C2A, CASP8, MAGT1, ERCC6, HAVCR2, MICU1, UBR1, INSR, ADAR, SCARB2, PTEN, AP3B1, TNFRSF11A, PHKB, NPC2, CBL, ARSB, SYK, HSD17B4, TRAF3, SNX10, PIK3CG, APOE, NGLY1, TGFB1, RAB27A, ASAH1, TNPO3, JMJD1C, LYN, ATP6V1B2, SNX14, CHD7, BRAF, KRAS, LIPA
HP:0003487	Babinski sign	84	0.02625	1.7786965460526316	6.057726189302597e-08	2.8454716579614524e-06	5.545845735781275	0.0006231582930935582	FUS, PRKN, NT5C2, SQSTM1, SPG11, ITPR1, SLC44A1, PIK3R5, PNPT1, FARS2, PNPLA6, SELENOI, IREB2, FBXL4, PSEN1, SLC1A2, VAPB, SETX, PLP1, NEK1, PANK2, EIF2AK2, KPNA3, HSPD1, SLC25A46, ABHD12, ABCB7, TAF2, SEL1L, UBAP1, GRIA3, DNMT1, PFN1, SNCA, SPAST, EIF2S3, WASHC5, NUP54, VRK1, SDHB, FTL, RFC1, PON2, DNAJC3, HTT, NDUFS4, ATXN1, SAMD9L, TAF15, PSAP, CAMSAP1, PI4KA, ATXN10, NDUFS1, OPA1, SPART, MT-ATP6, ERCC6, ADAR, TBK1, WWOX, ATP6AP2, ZFHX3, ATXN7, AP4E1, MECP2, NUBPL, PRNP, ATXN3, TSEN15, APOE, VPS13D, SACS, ATG5, FIG4, ATXN2, DDHD1, ANO10, ZFR, SNX14, TPP1, GFAP, TANGO2, CACNA1A
HP:0000664	Synophrys	203	0.0634375	1.7754742697010868	1.8179150892779262e-17	4.5611932983907384e-15	14.340921522443207	1.8700892523402026e-13	SMARCA2, IARS2, IGF1R, PHIP, SLC25A24, TCF12, HNRNPU, HDAC4, NBAS, ANKRD11, BTRC, CSGALNACT1, FAM20B, SETD5, DSE, FAR1, CTCF, IFT80, VPS35L, CDC42, ZBTB20, LMBR1, XYLT1, CEP152, HECTD4, KDM4B, CHST11, PNPLA6, HGSNAT, CHSY1, TAPT1, EXT1, CSF1R, TRIO, CNTNAP2, FBXL4, ASXL1, NSD1, ATR, PIK3R1, SOS2, SLC10A7, ZNF407, MBD5, SLC17A5, PCYT1A, TRAPPC9, PPP1R21, LIFR, TRAPPC10, MAP2K1, ALMS1, NEK1, MED13, NEK9, TBCK, ZNF292, ASH1L, RBPJ, SHOC2, SMAD4, SPOP, SPRED1, MAPRE2, MANBA, LRRK1, GALNT2, SEC24D, PPM1D, SPRED2, SOS1, NFIX, DNMT3A, P4HB, WAC, STIM1, FMN1, EP300, GLB1, ORC4, SPECC1L, SMC1A, TRPS1, AGPS, ASXL2, NSD2, SPEN, PIGN, TENT5A, HS2ST1, DYNC2H1, SETD2, DOCK7, OFD1, IKBKB, CPLANE1, PPP1CB, KYNU, VAC14, MAP3K7, CDC42BPB, BRD4, KCNMA1, HSPA9, TRIM37, NIPBL, SMAD2, PRKACB, STAG1, UGP2, MTAP, FBXW4, LBR, CEP290, MAP3K20, CDC73, TGFBR2, RREB1, SMCHD1, MAPK1, EIF2AK3, ZBTB16, SMC3, CERT1, LEMD3, PACS2, KAT6B, NOTCH2, AFF4, SMS, EFL1, RNPC3, GNPTAB, NF1, PACS1, CREBBP, ANKH, OSTM1, RAC1, TBXAS1, LPIN2, FAM111A, EXOC6B, EHMT1, ARHGAP31, CCDC47, RUNX2, STAT3, GNAS, CLCN3, FRA10AC1, JARID2, ACVR1, ARID1B, KMT2A, TTC21B, DYM, XRCC4, RAF1, RALA, CSNK2A1, MED27, STAT5B, TNFRSF11A, RAD21, ACTB, NSMCE2, TASP1, NIN, KIAA0586, MITF, HDAC8, BCAS3, ZMYND11, CBL, EFTUD2, ARSB, ZSWIM6, EXT2, IL6ST, GNAI3, TRIP11, OGT, SNX10, MCM5, WNT5A, BPTF, TGFB1, CEP63, RPL13, FIG4, TMEM165, CLCN5, ATP6V1B2, TGFBR1, BRAF, FBXO28, KRAS, TAF1, TAB2, PTPN11, MARK2, EIF4A2
HP:0001328	Specific learning disability	76	0.02375	1.7725588768115943	3.585075992514204e-07	1.5239535840906454e-05	4.817028260345688	0.0036879676734993616	SMARCA2, RAF1, RREB1, AUTS2, LEMD3, ALMS1, KAT6B, CTNNB1, BBS9, MT-ND1, TCF4, HERC2, ACTB, SMAD4, SCAPER, SPRED1, DIS3L2, FARSB, THRB, WIPF1, NF1, GNPTAB, CNKSR2, HDAC8, TSC1, SDCCAG8, ITPR1, GRIA3, MT-ND5, SPRED2, CBL, SPG11, SOS1, YY1AP1, PRNP, DCC, EHMT1, MT-CO3, RNF168, GABRB3, DPYD, RASA2, MT-CO2, CHSY1, PI4KA, SMC1A, MTOR, WDR1, LYST, GLUD1, SCLT1, WNT5A, ORC4, SBF2, MYO5A, SIL1, PIK3C2A, TRIO, JMJD1C, MT-CO1, NSD1, FBXW7, SPART, BRAF, DISP1, B3GALNT2, MICU1, KRAS, STAG2, PTPN11, SOS2, MED13L, MYT1L, MT-ND4, FOXP2, CEP290
HP:0002315	Headache	69	0.0215625	1.7695854083665337	1.0654437238195767e-06	4.1832899186763305e-05	4.3784820360365835	0.010960219586931986	RAF1, RYR1, TBK1, NUP93, ATRX, CD46, PTEN, ACTN4, KRIT1, TET2, TNFRSF1A, NOTCH2, CTNNB1, CCND1, TNFRSF11A, PDCD10, CACNA1D, FARSB, RNASEH2B, NF1, TPM3, SLC20A2, SUFU, SLC1A3, LPIN2, CD2AP, RNF168, HLA-B, DAAM2, SH2B3, TRAF3, HLA-DRB1, PIK3CA, XPR1, USP48, RASA1, JAK2, ARHGAP24, ZEB2, UBAC2, EPM2A, MYO1E, TGFB1, SAMHD1, NUP107, GAPVD1, FLI1, ANKFY1, NR3C1, IFNGR1, ASXL1, KYNU, PRORP, CALR, NUP205, NFE2L2, LYN, USP8, GNAQ, MT-ATP6, TLR4, BRAF, SOX5, HLA-DPB1, CDC73, YEATS2, CACNA1A, ADAR, MAP3K20
HP:0000347	Micrognathia	228	0.07125	1.7682876506024097	2.9335433458321394e-19	1.0059120132858406e-16	15.997440005180282	3.0177360398575218e-15	FANCC, IARS2, IGF1R, SLC25A24, HNRNPU, PPP1R12A, ARID2, MAT2A, ANKRD11, RPS19, CHD8, RAB3GAP1, CHD6, KDM6A, RAB3GAP2, SETD5, DIS3L2, TPM3, CTCF, IFT80, VPS35L, FBXW11, RBMX, PEX14, LRPPRC, CLPB, PEX3, CSPP1, CAMTA1, CEP152, GLDN, EPG5, WDR26, HECTD4, PIK3CA, KDM4B, CHSY1, NEDD4L, TAPT1, ASPH, KIDINS220, RERE, TRIO, APC, FBXL4, ASXL1, ADGRG6, ARL6IP6, RPS29, NSD1, YY1, ABL1, ATR, PIK3R1, SOS2, SLC10A7, RYR3, MBD5, CWC27, WLS, ROBO1, LIFR, MAP2K1, ATRX, NEK1, DYRK1A, TBCK, NEK9, ARIH1, ZNF292, SMAD4, SPOP, NBN, SPRED1, MAPRE2, RPL18, DDX3X, SOX6, SEC24D, SPRED2, ZMIZ1, MTX2, SOS1, RAB18, NFIX, POGZ, HNRNPR, P3H2, RB1, P4HB, RASA2, EP300, CASK, ORC4, SPECC1L, SMC1A, TRPS1, SPEN, PIGN, NSD2, FBXO11, PHIP, TENT5A, DYNC2H1, SETD2, OFD1, CPLANE1, RAP1B, VAC14, MAP3K7, WASHC5, CDC42BPB, BRD4, VPS53, NIPBL, SMAD2, STAG1, GRIP1, HUWE1, SUPT16H, LBR, CEP290, HELLS, MAP3K20, DPYD, RREB1, TGFBR2, MAPK1, AUTS2, LEMD3, SMC3, PPP3CA, CNOT2, KAT6B, NOTCH2, AFF4, TUBB, PUS7, TRRAP, CEP295, RPS24, NF1, GNPTAB, VPS13B, CREBBP, OSTM1, MIPEP, REV3L, SMC5, MAD1L1, PURA, SEC31A, PI4KA, RUNX2, TNRC6B, HDAC9, RPL9, NUP107, EEFSEC, RPL17, CAPRIN1, RPL5, CLCN3, GATAD2B, PHF21A, TRPM3, ERGIC1, ARID1B, ERCC6, STAG2, KMT2A, PLAGL1, RPS28, SUZ12, XRCC4, RAF1, CSNK2A1, PTEN, WWOX, ATP6AP2, BAZ1B, KDM5A, CEP57, CTNNB1, RAD21, ACTB, BRCA1, MECP2, CACNA1C, NSMCE2, CLIP2, PIGF, KIAA0586, MITF, HDAC8, SCYL2, CBL, EFTUD2, YY1AP1, EXT2, HSD17B4, GNAI3, TRIP11, ANKLE2, RFWD3, FDFT1, PAK2, IPO8, RIN2, MCM5, WNT5A, RPL35, BPTF, GTF2I, DICER1, JMJD1C, FIG4, FANCL, ATP6V1B2, TGFBR1, CHD7, BRAF, FBXO28, KRAS, TAF1, PTPN11, EIF4A2, C2CD3
HP:0001263	Global developmental delay	594	0.185625	1.7677713245492372	1.9884742804538662e-51	2.0455434923028922e-47	46.68919128210726	2.0455434923028922e-47	MT-ND3, CDK5RAP2, IGF1R, CAMKMT, SLC25A24, FUS, ANKRD11, SETD5, AUH, DMXL2, DSE, MTR, SIN3A, ATAD1, CDK6, LRPPRC, ZBTB20, EPG5, HECTD4, SLC25A26, RSRC1, CHSY1, HNRNPK, HGSNAT, ADD3, IREB2, VPS41, OXR1, PIK3R1, PPARG, YME1L1, INVS, TRAPPC10, PANK2, EIF2AK2, HNMT, SON, SLC25A36, HSPD1, LINGO1, SMAD4, SLC25A46, CACNA1D, MANBA, GALNT2, CHD1, HERC1, SEC24D, ACBD6, SOS1, ARID1A, RNF168, GLIS3, RPS6KA3, STIM1, UBE4B, PIGN, NSD2, TENT5A, HS2ST1, DYNC2H1, SETD2, OFD1, VAC14, PPP1CB, MAP3K7, HSPA9, VPS53, B3GALNT2, DHFR, SUPT16H, FBXW4, DPYD, HTT, MAPK1, LEMD3, FOXP1, PPP3CA, KAT6B, NAA15, PUS7, KMT2E, ATP11A, CEP295, AGTPBP1, RIMS2, OSTM1, ANAPC1, LPIN2, SHQ1, VPS37A, UQCRC2, TNRC6B, CAPRIN1, HLCS, PIK3C2A, GATAD2B, TRPM3, PHF21A, MAGT1, STAG2, KMT2A, MT-ND4, INSR, TTC21B, RPS28, SCAF4, RIC1, NUP214, MED27, WWOX, FRMPD4, CEP57, USP7, TNFRSF11A, RAD21, P4HA1, ATP2B1, NPC2, BRCA1, CACNA1C, NSMCE2, NUBPL, TASP1, ZMYM2, NHLRC2, KIAA0586, NDUFAF5, MACF1, SCYL2, ARSB, GNAI3, OGT, ANKLE2, SNX10, NGLY1, PAK2, TGFB1, ASAH1, RPL13, JMJD1C, ATP6V1B2, SNX14, MBOAT7, CHD7, TANGO2, MARK2, KAT6A, RNASET2, IARS2, DAP3, HDAC4, AP1S2, RPS19, HERC2, CHD8, RAB3GAP1, FAM20B, CNKSR2, NCAPD3, TPP2, SPG11, ITPR1, PEX3, CEP152, PIK3CA, PMM2, PPM1B, CHST11, DNM1L, GLUD1, ATP6V0C, NEDD4L, CSF1R, ASCC1, HPRT1, FBXL4, PRORP, NSUN3, POLD3, MBD5, SLC17A5, PLP1, ALG13, MAP2K1, ALMS1, MED13, NIPA2, NFIA, ZNF292, RBPJ, SLC25A13, RHOA, SLF2, SDCCAG8, SPRED2, ATP1A1, DNMT3A, P4HB, FMN1, MTOR, AGPS, FLI1, CELF2, CDK19, CPLANE1, RAP1B, PGK1, PARN, CDC42BPB, MCCC1, ACACA, ARFGEF2, VPS45, PIGK, HUWE1, TRIP4, GRIN2B, LBR, MAP3K20, IQCB1, DENND5A, CAMK2G, ZBTB16, SMC3, CERT1, SLC12A6, KMT2C, AFF4, NSRP1, TCF4, CLIC2, TUBB, TRRAP, GNPTAB, SLC30A9, CREBBP, MIPEP, RAC1, FGF12, ARHGAP31, CAMSAP1, GRIA2, RUBCN, OPA1, ATP6V1A, ATP6V0A1, CLCN3, ERCC6, ASCC3, ZBTB7A, SPART, MICU1, HNRNPH1, ARL13B, STRADA, DIP2B, MYT1L, KMT5B, DYM, NEMF, RNF125, ATP6AP2, KDM5A, CTNNB1, ATXN7, ACTB, DHX9, EFTUD2, ZSWIM6, HSD17B4, DCC, EXT2, TRIP11, NSUN6, RFWD3, GNB1, NDUFV2, MCM5, CEP63, TTI1, ZFR, PTPN11, LIPA, CDK13, KCNQ5, TCF12, HNRNPU, NBAS, ARPC5, BTRC, HIBCH, CSGALNACT1, IFT80, FRMD4A, VPS35L, CDC42, PEX14, CLPB, LMBR1, XYLT1, WDR26, KDM4B, PNPLA6, CEP135, EXT1, ASPH, AKT3, RERE, GRIA1, TRIO, ASXL1, MT-CO1, ACADM, NSD1, FBXW7, YY1, UBA2, HK1, YWHAE, ABL1, ATR, SOS2, SLC10A7, AP1G1, RYR3, SLC1A2, PCYT1A, TRAPPC9, LIFR, CEP85L, YWHAG, DYRK1A, ASH1L, SPRED1, SEL1L, SOX6, SUFU, PAFAH1B1, ZMIZ1, RAB18, PCCA, COX10, GABRB3, WAC, MAF, EP300, GLB1, TRPS1, SPECC1L, FRYL, GALM, ANKRD17, EIF2S3, DDX6, VRK1, SDHB, PRKACB, TMEM163, LUZP1, OPHN1, AUTS2, WDR37, PDCD6IP, CACNA1B, RNPC3, PACS1, PSAP, VPS13B, EHMT1, PI4KA, HDAC9, TLK2, NUP107, STAT3, COG3, QDPR, GNAS, CRLS1, MT-ATP6, ACVR1, PDZD8, RALA, CSNK2A1, SRRM2, MECP2, LMBRD1, RNASEH2B, CHD2, PIGF, NIN, SLC20A2, MYSM1, KIF2A, ZMYND11, MT-ND2, IL6ST, KIF5B, RAP1GDS1, BLOC1S6, XPR1, WIPI2, HNRNPC, CUX1, MT-CO2, BPTF, MYO5A, AQP4, ATG5, TAOK1, PAK1, TGFBR1, BRAF, FBXO28, MFF, TAF1, TAB2, GFAP, EIF4A2, DHTKD1, GLS, CACNA1A, TET3, SMARCA2, FANCC, MIA3, PIBF1, USP9X, ARFGEF1, PPP1R12A, ADNP, ARID2, NT5C2, SIK3, KDM6A, SPTLC1, DYNC1H1, RAB3GAP2, DIS3L2, FAR1, CTCF, TBL1XR1, NPHP3, STT3B, CSPP1, CAMTA1, ADARB1, OGDH, FARS2, NPM1, SYT1, TAPT1, ZNF148, LAMP2, KIDINS220, SAMHD1, CRBN, CNTNAP2, SOX5, ELP2, NDUFAF6, ZNF407, MED13L, CBFB, CWC27, PPP1R21, GRM7, ROBO1, ATRX, NEK1, NEK9, TBCK, BBS9, MCPH1, B4GALT1, PUM1, SHOC2, SPOP, ABCB7, MAPRE2, TAF2, DDX3X, LRRK1, LNPK, PPM1D, GRIA3, FMR1, SUCLA2, NFIX, POGZ, HNRNPR, MAX, CASK, ORC4, SMC1A, PHIP, SPEN, ASXL2, FBXO11, KANSL1, HACE1, TRIP12, DOCK7, IKBKB, ITCH, KYNU, WASHC5, BRD4, KCNMA1, TRIM37, NIPBL, SMAD2, STAG1, MTAP, HELLS, CDC73, CLTC, CEP290, TGFBR2, RREB1, PACS2, TCF20, ST3GAL5, TPR, NDUFS4, EIF2AK3, NOTCH2, UBE3C, MT-ND1, SMS, EFL1, PPP2CA, NF1, MT-ND5, ANKH, TBXAS1, FAM111A, EXOC6B, DIAPH1, WASHC4, MAD1L1, PURA, TPK1, RUNX2, NDUFS1, ARHGEF9, TRAPPC11, SIL1, EEFSEC, FNIP1, JARID2, ARID1B, EED, CNOT1, SYNJ1, NADK2, ADAR, SUZ12, GRIK2, XRCC4, RAF1, TBK1, CHD4, DYNC1I2, PTEN, UBE3A, EDEM3, TOGARAM1, STAT5B, AP4E1, GATM, NARS2, FARSB, POLA1, HDAC8, BCAS3, CBL, MT-CO3, TSEN15, IPO8, NDUFAF2, WNT5A, PPT1, WDR11, DICER1, FIG4, TMEM165, CLCN5, FANCL, TRAK1, KRAS, NDUFA10, GRIA4, C2CD3
HP:0000737	Irritability	76	0.02375	1.7661597472924189	3.798314490746564e-07	1.6079531344160456e-05	4.793726613399205	0.0039073261166309905	CHEK2, TGFBR2, VPS13A, HTT, NUP93, ST3GAL5, ACTN4, MSH2, PANK2, PMS1, ADNP, HLCS, CTNNB1, ASH1L, MECP2, RNF13, SLC25A13, SQSTM1, HIBCH, RNASEH2B, CHD2, NHLRC2, PSAP, ADAR, OSTM1, FMR1, SUCLA2, BMPR1A, SAMHD1, CD2AP, NFIX, PRNP, POGZ, EHMT1, DAAM2, HLA-B, TSEN15, GABRB3, PIK3CA, STX16, NPAT, DNMT1, ARHGAP24, FDFT1, SMC1A, UBAC2, ST3GAL3, MYO1E, ATM, PPT1, HACE1, NUP107, GAPVD1, ASAH1, ANKFY1, VPS50, NDUFS1, QDPR, IFNGR1, FIG4, GNAS, NUP205, VPS53, MT-ATP6, TLR4, DISP1, SDHB, KRAS, MLH1, STAG2, PSEN1, HLA-DQB1, CACNA1A, SLC1A2, GRIA4, DPYD
HP:0001382	Joint hypermobility	252	0.07875	1.7651482589771492	3.860142430944307e-21	1.808233205550439e-18	17.74274555983828	3.970928518712408e-17	SMARCA2, RFX7, IARS2, IGF1R, MRE11, SLC25A24, TCF12, USP9X, ADNP, HDAC4, THOC2, NBAS, ARID2, MAT2A, ANKRD11, BTRC, RAB3GAP1, KDM6A, CSGALNACT1, FAM20B, RAB3GAP2, DSE, FAR1, CTCF, IFT80, VPS35L, TBL1XR1, SIN3A, CDC42, ZBTB20, LMBR1, XYLT1, PIK3CA, CEP152, PMM2, HNRNPK, CHST11, PNPLA6, HGSNAT, CHSY1, NEDD4L, TAPT1, SYT1, SCLT1, ASPH, EXT1, PIGU, CSF1R, NSD1, ABL1, ATR, PIK3R1, SOS2, SLC10A7, AP1G1, SCAPER, SLC17A5, RYR1, PCYT1A, PPP1R21, SEC23A, LIFR, MAP2K1, ALMS1, YWHAG, NEK1, MTM1, TRIM33, NEK9, BBS9, ARIH1, SON, PUM1, RBPJ, SHOC2, SMAD4, SPRED1, MANBA, SEL1L, DDX3X, LRRK1, GALNT2, SDCCAG8, HERC1, GRIA3, SEC24D, PPM1D, SPRED2, FMR1, ZMIZ1, SOS1, ACBD6, NFIX, ARID1A, POGZ, DNMT3A, P4HB, RPS6KA3, STIM1, FMN1, RASA2, EP300, GLB1, ORC4, SPECC1L, SMC1A, TRPS1, AGPS, PHIP, NSD2, FBXO11, TENT5A, KANSL1, HS2ST1, ANKRD17, DYNC2H1, SETD2, OFD1, IKBKB, CPLANE1, PPP1CB, KYNU, RAP1B, VAC14, CDC42BPB, MAP3K7, HSPA9, TRIM37, NIPBL, SMAD2, PRKACB, ARFGEF2, STAG1, MTAP, FBXW4, TRIP4, LBR, CEP290, MAP3K20, DPYD, CDC73, RREB1, TGFBR2, MAPK1, EIF2AK3, ZBTB16, SMC3, LEMD3, KAT6B, NOTCH2, EFL1, RNF13, RNPC3, GNPTAB, NF1, VPS13B, CREBBP, ANKH, OSTM1, RAC1, TBXAS1, LPIN2, KDM3B, FAM111A, EXOC6B, EHMT1, ARHGAP31, VPS37A, CCDC47, RUNX2, TNRC6B, TLK2, EEFSEC, STAT3, GNAS, GATAD2B, JARID2, SPART, ARID1B, ACVR1, HNRNPH1, EED, MICU1, KMT2A, STRADA, UBR1, PLAGL1, TTC21B, DYM, SUZ12, SCAF4, RNF125, XRCC4, RAF1, RALA, CSNK2A1, PTEN, UBE3A, TOGARAM1, STAT5B, BAZ1B, TNFRSF11A, RAD21, ACTB, P4HA1, NSMCE2, CLIP2, ZMYM2, NIN, FARSB, KIAA0586, HDAC8, CBL, EFTUD2, ARSB, YY1AP1, ZSWIM6, EXT2, IL6ST, GNAI3, TRIP11, RAP1GDS1, PTPN2, RECQL, SNX10, NGLY1, PAK2, GNB1, RIN2, MCM5, WNT5A, TGFB1, IPO8, CEP63, TANC2, GTF2I, JMJD1C, RPL13, FIG4, TMEM165, CLCN5, TAOK1, ATP6V1B2, TGFBR1, BRAF, KRAS, TAF1, TAB2, PTPN11, MARK2, TET3, CDK13
HP:0001265	Hyporeflexia	105	0.0328125	1.7647641971279373	2.1232603974059067e-09	1.2067392103930698e-07	6.918386575573451	2.184197970811456e-05	MT-ND3, IARS2, MRE11, FUS, HDAC4, SPTLC1, SQSTM1, DCAF8, DYNC1H1, CNKSR2, TPM3, PIK3R5, PNPT1, PMM2, PNPLA6, MEGF10, BAG3, GDAP1, SBF2, ABCA1, CNTNAP2, HK1, STX16, SLC1A2, SETX, VAPB, RYR1, VPS13A, PPP1R21, PLP1, YWHAG, TBCK, PUM1, SLC25A46, ABHD12, LRRK1, GRIA3, FMR1, SUCLA2, ATP1A1, DNMT1, LYST, PIGN, WNK1, FLI1, CELF2, CDK19, PARN, FGD4, B3GALNT2, VRK1, RFC1, CLTC, PACS2, NDUFS4, PPP3CA, MT-ND1, LITAF, ATXN1, CACNA1B, GNPTAB, AGTPBP1, PSAP, MT-ND5, FGF12, GNB4, CCDC47, GBE1, GBF1, MGME1, ATXN10, RUBCN, TRAPPC11, SIL1, RAB7A, GNAS, ATP6V1A, MT-ATP6, ERCC6, MT-ND4, HNRNPDL, SYNJ1, TBK1, WWOX, ATP6AP2, ZFHX3, NARS2, KIAA0586, MT-ND2, ZSWIM6, HSD17B4, DNM2, RAP1GDS1, TSEN15, NGLY1, NDUFAF2, FIG4, ATXN2, TAOK1, ATP6V1B2, SNX14, TRAK1, FBXO28, DHTKD1, CACNA1A
HP:0000767	Pectus excavatum	216	0.0675	1.7645082487309647	3.670531940458291e-18	1.020507083013363e-15	14.991183976638315	3.7758762071494436e-14	IARS2, IGF1R, SLC25A24, TCF12, ADNP, HDAC4, NBAS, ARID2, MAT2A, ANKRD11, BTRC, SIK3, CSGALNACT1, FAM20B, RAB3GAP2, DSE, FAR1, TPM3, IFT80, VPS35L, CDC42, ZBTB20, LMBR1, XYLT1, PIK3CA, CEP152, HNRNPK, ZEB2, CHST11, HGSNAT, PNPLA6, MEGF10, TAPT1, CHSY1, EXT1, ASPH, PIGU, CSF1R, TRIO, ASXL1, NSD1, ABL1, ATR, PIK3R1, SOS2, SLC10A7, AP1G1, SLC17A5, PCYT1A, PPP1R21, LIFR, MAP2K1, ALMS1, NEK1, DYRK1A, TBCK, NEK9, ARIH1, PUM1, RBPJ, SHOC2, SMAD4, SPRED1, MAPRE2, MANBA, SEL1L, LRRK1, GALNT2, SEC24D, PPM1D, SPRED2, FMR1, MTX2, SOS1, ZMIZ1, NFIX, DNMT3A, ATG7, P4HB, RPS6KA3, STIM1, FMN1, RASA2, EP300, GLB1, MAF, ORC4, SPECC1L, SMC1A, TRPS1, AGPS, NSD2, TENT5A, KANSL1, HS2ST1, DYNC2H1, SETD2, OFD1, IKBKB, ITCH, PPP1CB, KYNU, CPLANE1, VAC14, CDC42BPB, MAP3K7, BRD4, HSPA9, TRIM37, NIPBL, SMAD2, PRKACB, SDHB, MTAP, HUWE1, FBXW4, TRIP4, LBR, CEP290, MAP3K20, CDC73, TGFBR2, RREB1, SMCHD1, MAPK1, EIF2AK3, ZBTB16, SMC3, LEMD3, KAT6B, NOTCH2, SMS, TUBB, EFL1, RNPC3, GNPTAB, NF1, PACS1, VPS13B, CREBBP, ANKH, OSTM1, TBXAS1, LPIN2, FAM111A, EXOC6B, EHMT1, ARHGAP31, CCDC47, PI4KA, RUNX2, NUP107, EEFSEC, RPL17, STAT3, GNAS, TRPM3, ACVR1, ARID1B, KMT2A, TTC21B, DYM, SCAF4, XRCC4, RAF1, RALA, PTEN, STAT5B, BAZ1B, KDM5A, TNFRSF11A, RAD21, ACTB, ATP2B1, MECP2, P4HA1, NSMCE2, CLIP2, FARSB, NIN, NHLRC2, KIAA0586, HDAC8, CBL, EFTUD2, ARSB, YY1AP1, ZSWIM6, EXT2, IL6ST, GNAI3, TRIP11, HSD17B4, SNX10, CUX1, GNB1, IPO8, RIN2, MCM5, WNT5A, TGFB1, CEP63, WDR11, GTF2I, DICER1, RPL13, FIG4, TMEM165, CLCN5, TGFBR1, BRAF, KRAS, TAF1, TAB2, PTPN11, KAT6A
HP:0000954	Single transverse palmar crease	188	0.05875	1.7589989098837209	9.886468171526255e-16	1.8833721866757516e-13	12.725063847456951	1.0170209808049059e-11	SMARCA2, IARS2, IGF1R, SLC25A24, TCF12, ADNP, HDAC4, THOC2, NBAS, ANKRD11, BTRC, KDM6A, CSGALNACT1, FAM20B, DSE, FAR1, CTCF, IFT80, VPS35L, CDC42, LMBR1, XYLT1, CEP152, KDM4B, CHST11, PNPLA6, HGSNAT, CHSY1, TAPT1, EXT1, RERE, CSF1R, TRIO, APC, NSD1, ATR, PIK3R1, SOS2, SLC10A7, SLC17A5, PCYT1A, PPP1R21, LIFR, MAP2K1, ALMS1, NEK1, NEK9, TBCK, ZNF292, RBPJ, SHOC2, SMAD4, SPRED1, MANBA, LRRK1, GALNT2, SEC24D, PPM1D, SPRED2, SOS1, NFIX, DNMT3A, P4HB, WAC, RPS6KA3, STIM1, FMN1, EP300, GLB1, ORC4, SPECC1L, SMC1A, TRPS1, AGPS, NSD2, FBXO11, TENT5A, HS2ST1, DYNC2H1, SETD2, PPP2R3C, CDK19, IKBKB, ITCH, PPP1CB, KYNU, CPLANE1, OFD1, VAC14, CDC42BPB, MAP3K7, HSPA9, TRIM37, NIPBL, SMAD2, PRKACB, STAG1, MTAP, FBXW4, LBR, CEP290, MAP3K20, CDC73, TGFBR2, RREB1, MAPK1, EIF2AK3, ZBTB16, SMC3, LEMD3, FOXP1, PPP3CA, KAT6B, NOTCH2, SMS, TCF4, EFL1, PPP2CA, RNPC3, GNPTAB, NF1, PACS1, VPS13B, CREBBP, ANKH, OSTM1, TBXAS1, LPIN2, FAM111A, EXOC6B, EHMT1, ARHGAP31, SMC5, RUNX2, NUP107, STAT3, GNAS, ATP6V1A, SMARCAD1, JARID2, ACVR1, ARID1B, KMT2A, UBR1, TTC21B, DYM, XRCC4, RAF1, RALA, CSNK2A1, DEPDC5, STAT5B, CEP57, TNFRSF11A, RAD21, ACTB, NSMCE2, TASP1, ZMYM2, NIN, KIAA0586, HDAC8, CBL, MEF2C, EFTUD2, ARSB, ZSWIM6, EXT2, IL6ST, GNAI3, TRIP11, SNX10, NGLY1, RIN2, MCM5, WNT5A, TGFB1, CEP63, RPL13, FIG4, TMEM165, CLCN5, TGFBR1, BRAF, FBXO28, KRAS, TAB2, PTPN11
HP:0000343	Long philtrum	239	0.0746875	1.7582717857142858	1.024138289914128e-19	3.901966884572828e-17	16.408716420720157	1.0535310588346635e-15	SMARCA2, RFX7, IARS2, IGF1R, PHIP, SLC25A24, TCF12, USP9X, PPP1R12A, ADNP, HDAC4, NBAS, ANKRD11, CHD8, BTRC, CSGALNACT1, FAM20B, RAB3GAP2, SETD5, DSE, FAR1, TPM3, CTCF, IFT80, VPS35L, SIN3A, CDC42, CAMTA1, LMBR1, XYLT1, EPG5, CEP152, PMM2, HECTD4, KDM4B, CHST11, PNPLA6, HGSNAT, CHSY1, TAPT1, SCLT1, EXT1, RERE, CSF1R, TRIO, APC, FBXL4, NSD1, ATR, PIK3R1, SOS2, SLC10A7, AP1G1, FOXP2, SCAPER, SLC17A5, PCYT1A, PPP1R21, SEC23A, LIFR, MAP2K1, ALMS1, ALG13, NEK1, NEK9, TBCK, BBS9, B4GALT1, RBPJ, SHOC2, SMAD4, SPRED1, MAPRE2, MANBA, SLF2, LRRK1, GALNT2, SDCCAG8, SEC24D, PPM1D, SPRED2, EXOC2, MTX2, SOS1, ZMIZ1, NFIX, ARID1A, DNMT3A, P3H2, P4HB, GLIS3, STIM1, FMN1, UBE4B, EP300, GLB1, MAF, CASK, ORC4, MTOR, SPECC1L, FRYL, AGPS, SMC1A, NSD2, FBXO11, TRPS1, TENT5A, HS2ST1, DYNC2H1, PIGN, TRIP12, FLI1, SETD2, PPP2R3C, OFD1, IKBKB, CPLANE1, PPP1CB, KYNU, RAP1B, EIF2S3, VAC14, MAP3K7, BRD4, HSPA9, TRIM37, NIPBL, SMAD2, PRKACB, UGP2, MTAP, HUWE1, FBXW4, LBR, CEP290, CLTC, LUZP1, MAP3K20, RREB1, CAMK2G, MAPK1, EIF2AK3, ZBTB16, SPEN, TGFBR2, LEMD3, PRKDC, SMC3, KAT6B, NOTCH2, AFF4, NSRP1, TUBB, EFL1, MRPS28, CEP295, RNPC3, GNPTAB, NF1, CREBBP, ANKH, OSTM1, TBXAS1, LPIN2, FAM111A, EXOC6B, ARHGAP31, RUNX2, STAT3, COG3, GNAS, ATP6V1A, CLCN3, ACVR1, ARID1B, ERCC6, STAG2, CDC73, KMT2A, UBR1, CNOT1, TTC21B, DYM, SUZ12, SCAF4, XRCC4, RAF1, RALA, RIC1, PTEN, STAT5B, WWOX, AP3B1, BAZ1B, CTNNB1, TNFRSF11A, RAD21, ACTB, NSMCE2, NARS2, TASP1, CLIP2, CHD2, NIN, KIAA0586, HDAC8, CBL, EFTUD2, ARSB, ZSWIM6, EXT2, IL6ST, GNAI3, TRIP11, HSD17B4, SNX10, RIN2, MCM5, WNT5A, TGFB1, CEP63, NFIB, GTF2I, JMJD1C, RPL13, FIG4, TMEM165, CLCN5, ATP6V1B2, TGFBR1, SNX14, BRAF, KRAS, TAF1, TAB2, PTPN11, MARK2, TET3
HP:0005280	Depressed nasal bridge	273	0.0853125	1.753844498502994	2.125047509013472e-22	1.150545459222189e-19	18.939096217239303	2.186036372522159e-18	IARS2, IGF1R, CAMKMT, SLC25A24, RNF2, TCF12, USP9X, ADNP, HDAC4, NBAS, ARID2, ANKRD11, RPS19, CHD8, BTRC, RAB3GAP1, KDM6A, CSGALNACT1, FAM20B, RAB3GAP2, SETD5, DSE, DMXL2, DIS3L2, FAR1, CTCF, IFT80, VPS35L, SIN3A, CDC42, PEX14, BMPR1A, PEX3, ZBTB20, CSPP1, LMBR1, GLDN, EPG5, WDR26, PMM2, XYLT1, PIK3CA, PPM1B, CEP152, CHST11, PNPLA6, HGSNAT, CHSY1, TAPT1, SCLT1, EXT1, PIGU, AKT3, RERE, CSF1R, TRIO, ASXL1, ADGRG6, RPS29, NSD1, ATR, PIK3R1, SOX5, SOS2, SLC10A7, MED13L, RALGAPA1, STX16, RYR3, SCAPER, SLC17A5, PCYT1A, PPP1R21, GRM7, LIFR, ATRX, MAP2K1, ALMS1, NEK1, NEK9, BBS9, SON, ZNF292, ASH1L, RBPJ, SHOC2, SMAD4, SPOP, NBN, SPRED1, MAPRE2, RPL18, MANBA, SEL1L, LRRK1, SUFU, GALNT2, SDCCAG8, SEC24D, PPM1D, SPRED2, ACBD6, MTX2, SOS1, ARID1A, NFIX, HNRNPR, DNMT3A, P3H2, POGZ, P4HB, GLIS3, WAC, RPS6KA3, STIM1, FMN1, UBE4B, ACSL4, GLB1, EP300, MAF, CASK, ORC4, MTOR, SPECC1L, FRYL, AGPS, SMC1A, NSD2, TRPS1, EDA, TENT5A, HS2ST1, DYNC2H1, PIGN, TRIP12, SETD2, OFD1, IKBKB, CPLANE1, PPP1CB, KYNU, RAP1B, VAC14, CDC42BPB, MAP3K7, WASHC5, BRD4, HSPA9, TRIM37, NIPBL, SMAD2, PRKACB, UGP2, GRIP1, MTAP, HUWE1, SUPT16H, FBXW4, LBR, CEP290, LUZP1, HELLS, TCF20, RREB1, MAP3K20, MAPK1, EIF2AK3, ZBTB16, AUTS2, SPEN, LEMD3, SMC3, KAT6B, NOTCH2, NSRP1, CLIC2, TUBB, EFL1, TRRAP, RNPC3, RPS24, NF1, GNPTAB, CREBBP, ANKH, MIPEP, OSTM1, TBXAS1, LPIN2, FAM111A, EXOC6B, ARHGAP31, DPYD, PURA, RUNX2, RPL9, STAT3, PIK3C2A, RPL5, GNAS, GATAD2B, JARID2, TRPM3, ETFA, ACVR1, ASCC3, ARID1B, STAG2, EED, CDC73, KMT2A, CNOT1, TTC21B, DYM, RPS28, XRCC4, RAF1, RALA, PTEN, MED27, STAT5B, CEP57, TNFRSF11A, RAD21, ACTB, MECP2, CACNA1C, P4HA1, NSMCE2, NIN, GLUL, POLA1, KIAA0586, MACF1, HDAC8, SCYL2, CBL, MEF2C, EFTUD2, ARSB, ZSWIM6, EXT2, IL6ST, GNAI3, TRIP11, HSD17B4, SNX10, FDFT1, PAK2, IPO8, MCM5, WNT5A, RPL35, TGFB1, CEP63, WDR11, DICER1, RPL13, FIG4, TMEM165, CLCN5, TAOK1, TGFBR1, SNX14, CHD7, FBXO28, KRAS, TAF1, TAB2, PTPN11, BRAF, TGFBR2
HP:0000047	Hypospadias	101	0.0315625	1.7524418800539086	7.0860758113318705e-09	3.760232387246146e-07	6.424785314279794	7.289446187117096e-05	SMARCA2, FANCC, TCF12, USP9X, PPP1R12A, ARID2, RPS19, KDM6A, SETD5, DIS3L2, VPS35L, SIN3A, CDC42, PEX14, LRPPRC, PEX3, CSPP1, CEP152, ZEB2, TAPT1, RERE, FBXL4, RPS29, NSD1, ABL1, ATR, ATRX, MAP2K1, DYRK1A, PUM1, SMAD4, RPL18, MAPRE2, ZMIZ1, ACBD6, ARID1A, UBE4B, EP300, MAX, ORC4, MTOR, FRYL, SMC1A, SPEN, PIGN, NSD2, KANSL1, VAC14, WASHC5, CDC42BPB, BRD4, NIPBL, PRKACB, GRIP1, HUWE1, SMCHD1, LUZP1, RREB1, MAP3K1, NDUFS4, SMC3, KAT6B, NOTCH2, AFF4, SMS, TUBB, RPS24, CREBBP, RAC1, KDM3B, EHMT1, RPL9, RPL5, GATAD2B, ARID1B, HNRNPH1, UBR1, RPS28, RAF1, WWOX, ATP6AP2, RAD21, BRCA1, MECP2, RTTN, ZMYM2, KIAA0586, HDAC8, OGT, RFWD3, CUX1, FDFT1, WNT5A, RPL35, JMJD1C, FIG4, FANCL, BRAF, KRAS, PTPN11, MARK2
HP:0001270	Motor delay	201	0.0628125	1.7508453146143437	1.3317502893157757e-16	2.8541073387898716e-14	13.544529697735902	1.3699715226191385e-12	LAMA2, RFX7, IARS2, IGF1R, ADNP, HDAC4, ARID2, HERC2, CHD8, CDK13, NT5C2, KDM6A, CSGALNACT1, DYNC1H1, HIBCH, SETD5, AUH, DMXL2, TPM3, SIN3A, ITPR1, FBXW11, BMPR1A, COG5, ADARB1, EPG5, OGDH, HECTD4, RSRC1, ZEB2, DNM1L, HGSNAT, PDE10A, MEGF10, SYT1, SELENOI, ASPH, GDAP1, SBF2, MTMR2, VPS41, GRIA1, CDK8, TRIO, HPRT1, CNTNAP2, MT-CO1, ZNF592, NSD1, YY1, UBA2, ABL1, SOX5, MED13L, GPRC5B, RALGAPA1, POLD3, YME1L1, MBD5, RYR1, PCYT1A, NEK1, MTM1, HNMT, NIPA2, DYRK1A, TBCK, KPNA3, LINGO1, SPOP, SLC25A46, SPRED1, MAPRE2, CUL3, SEL1L, SLC1A3, GRIA3, SUCLA2, ZMIZ1, NFIX, POGZ, COX10, WAC, RPS6KA3, LARS2, SPEN, TENT5A, HS2ST1, ANKRD17, TRIP12, OFD1, ITCH, RAP1B, NUP54, FGD4, NIPBL, SMAD2, VRK1, SDHB, HUWE1, TRIP4, IQCB1, CEP290, HELLS, MTMR14, TCF20, MAP3K20, DPYD, TGFBR2, FOXP1, CNOT2, SLC12A6, NAA15, KAT6B, KMT2C, UBE3C, MT-ND1, TCF4, TUBB, PUS7, CEP295, GNPTAB, AGTPBP1, VPS13B, MT-ND5, CREBBP, RAC1, KDM3B, RNF220, EHMT1, REV3L, SMC5, PURA, GBF1, HNRNPA2B1, RUBCN, TLK2, EEFSEC, STAT3, COG3, OPA1, ATP6V1A, FRA10AC1, SPART, MT-ATP6, ZBTB7A, MICU1, MYT1L, CNOT1, MT-ND4, DYM, GRIK2, RNF125, UBE3A, TBK1, DYNC1I2, PTEN, MED27, WWOX, AP3B1, ATP6AP2, CTNNB1, TNFRSF11A, ATXN7, ACTB, CACNA1C, NHLRC2, ZMYND11, MEF2C, ZSWIM6, EXT2, IL6ST, DNM2, TRIP11, RAP1GDS1, MT-CO3, TSEN15, NSUN6, HSD17B4, CUX1, MT-CO2, IPO8, PDK3, BPTF, FXR1, NFIB, TANC2, ASAH1, VPS13D, TNPO3, FIG4, TAOK1, PAK1, TGFBR1, REPS1, CHD7, MFF, BRAF, TANGO2, MARK2, AGO2
HP:0001761	Pes cavus	91	0.0284375	1.7486091417910448	4.5101179215221274e-08	2.1680178999391648e-06	5.6639371364266795	0.00046395583058698124	MRE11, USP9X, MAT2A, SPTLC1, DYNC1H1, DCAF8, DMXL2, TPM3, CTCF, SPG11, ZBTB20, PNPT1, HSPB1, WDR26, HEXB, DNM1L, PNPLA6, BAG3, LAMP2, GDAP1, FBXO38, SBF2, VPS41, CNTNAP2, NSD1, HK1, SETX, RYR1, VPS13A, PLP1, EIF2AK2, KPNA3, ARIH1, HSPD1, SMAD4, SLC25A46, ABHD12, SEL1L, UBAP1, NFIX, ATP1A1, ATG7, GLB1, SPEN, FGF14, PIGN, KANSL1, SPAST, WASHC5, MAP3K7, FGD4, SMAD2, VRK1, MAP3K20, LBR, TGFBR2, IFRD1, LITAF, SAMD9L, NF1, GNB4, MAD1L1, GBF1, PI4KA, TRAPPC11, RAB7A, OPA1, ANOS1, SPART, ASCC3, SYNJ1, SUZ12, XRCC4, MECP2, HDAC8, YY1AP1, HSD17B4, DCC, DNM2, IPO8, PDK3, WDR11, VPS13D, SACS, DDHD1, ANO10, ATP6V1B2, TGFBR1, REPS1, CHD7, DHTKD1
HP:0002205	Recurrent respiratory infections	112	0.035	1.7456779661016952	1.4793869590986373e-09	8.746237728877977e-08	7.0581787224020065	1.5218453648247682e-05	SMARCA2, CYBB, TTC7A, IKZF1, USP9X, ADNP, ARPC5, HERC2, RAB3GAP2, IRF8, DMXL2, TPM3, STAT1, XIAP, WIPF1, VPS35L, TSC1, CYBA, CD81, CSPP1, HLA-B, EPG5, NPM1, GRIA1, ASXL1, UBA2, PIK3R1, SP110, BRWD1, FOXP2, RYR1, PPP1R21, DCTN4, GRM7, PLP1, TET2, MTM1, NBN, MANBA, SDCCAG8, POGZ, MALT1, WAC, MSN, EP300, CASK, TRPS1, LYST, NSD2, FBXO11, LRBA, CLEC7A, ATM, KANSL1, CIITA, CARD11, FLI1, OFD1, IKBKB, ITCH, RAP1B, WASHC5, PARN, UGP2, TRIP4, MAP3K20, HELLS, MAPK1, FOXP1, KAT6B, NOTCH2, SAMD9L, TAPBP, CACNA1B, GNPTAB, PSAP, CREBBP, BLNK, EHMT1, RUNX2, STAT3, MAGT1, STAT6, ARID1B, HLA-DPB1, DEPDC5, BAZ1B, MECP2, TASP1, CLIP2, GLUL, NHLRC2, KIAA0586, MYSM1, IL6ST, TRIP11, DOCK8, TRAF3, SNX10, CTSC, NGLY1, PAK2, TGFB1, SPI1, MYO5A, ASAH1, GTF2I, SH3KBP1, TAOK1, FBXO28, KRAS, KAT6A
HP:0002750	Delayed skeletal maturation	95	0.0296875	1.7373091264204543	2.7711610957266425e-08	1.3749451231619417e-06	5.86171463505812	0.0002850693419173997	SMARCA2, IGF1R, SLC25A24, LGR4, NBAS, ARID2, ANKRD11, STAT1, SIN3A, CEP152, ZEB2, PNPLA6, EXT1, NSD1, ATR, PIK3R1, SOS2, FOXP2, PPP1R21, ATRX, TBCK, SHOC2, SMAD4, SPIDR, SPRED2, FMR1, SOS1, ARID1A, MALT1, RPS6KA3, MCM9, RASA2, EP300, ORC4, SMC1A, TRPS1, NSD2, FBXO11, ANKRD17, PPP2R3C, ITCH, PPP1CB, MAP3K7, BRD4, NIPBL, PRKACB, HUWE1, MAP3K1, SMC3, EFL1, RNF13, RNPC3, THRB, CREBBP, ANAPC1, LPIN2, FAM111A, ESR1, NUP107, PIK3C2A, ANOS1, ACVR1, ASCC3, ARID1B, KMT2A, UBR1, INSR, SCARB2, RAF1, PTEN, WWOX, STAT5B, BAZ1B, CEP57, RAD21, SECISBP2, MECP2, CLIP2, FARSB, NIN, POLA1, HDAC8, CBL, HSD17B4, DCC, NGLY1, WNT5A, WDR11, SLC30A7, GTF2I, NFE2L2, CHD7, BRAF, KRAS, PTPN11
HP:0001371	Flexion contracture	98	0.030625	1.7330889423076923	1.9759550551283957e-08	1.0062697847577132e-06	5.997285567665934	0.00020326649652105806	SMARCA2, FANCC, LAMA2, IARS2, AP1S2, MAT2A, NT5C2, RAB3GAP2, TPM3, DNAJB6, CDC42, ATAD1, BMPR1A, CLPB, ZBTB20, GLDN, PIK3CA, PMM2, ZEB2, TAPT1, GDAP1, SAMHD1, ASCC1, ASXL1, ADGRG6, NSD1, MLH1, SLC1A2, RYR1, PPP1R21, PLP1, LIFR, ALG13, ATRX, MTM1, ARIH1, SON, HSPD1, SMAD4, DST, SLC25A46, EXOC2, MTX2, RAB18, STIM1, EP300, SMC1A, ATM, VPS53, SMAD2, SDHB, HUWE1, TRIP4, MAP3K20, MTMR14, TGFBR2, LEMD3, MSH2, FOXP1, SLC12A6, NSRP1, RNF13, ATP11A, GNPTAB, CREBBP, LPIN2, HLA-DRB1, NPAT, GBE1, SEC31A, PI4KA, SIL1, ERGIC1, SPART, DISP1, ERCC6, STAG2, EED, CHEK2, PMS1, USP7, AP4E1, CACNA1C, MECP2, RTTN, GLUL, SCYL2, ARSB, YY1AP1, DNM2, PTPN2, IPO8, PPT1, ASAH1, TGFBR1, TRAK1, KRAS, CACNA1A
HP:0004322	Short stature	359	0.1121875	1.7310489232209738	3.8394415748082367e-28	3.2913612900043606e-25	24.48262444294318	3.949633548005233e-24	CDK5RAP2, IGF1R, SLC25A24, ANKRD11, DMXL2, STAT1, MTR, SIN3A, CDK6, ZBTB20, EPG5, CHSY1, SCLT1, UBE4A, PIK3R1, YME1L1, INVS, RYR1, WLS, TRAPPC10, SON, SLC25A36, SMAD4, SPIDR, GALNT2, SEC24D, SOS1, ARID1A, RNF168, RPS6KA3, MCM9, UBE4B, STIM1, NSD2, DYNC2H1, SETD2, OFD1, VAC14, PPP1CB, MAP3K7, VPS53, MAPK1, LEMD3, PPP3CA, KAT6B, PUS7, CEP295, OSTM1, ANAPC1, PIK3C2A, CASP8, STAG2, KMT2A, MT-ND4, INSR, TTC21B, RPS28, SCARB2, WWOX, CEP57, USP7, TNFRSF11A, PHKB, RAD21, P4HA1, BRCA1, ZMYM2, KIAA0586, MACF1, ARSB, ANKLE2, FXR1, ASAH1, JMJD1C, ATP6V1B2, CHD7, MARK2, KAT6A, IARS2, MRE11, DAP3, HDAC4, THOC2, AP1S2, RPS19, HERC2, RAB3GAP1, CNKSR2, NCAPD3, JAK1, WRN, ITPR1, PEX3, CEP152, PIK3CA, HPRT1, FBXL4, STX16, MBD5, PLP1, SEC23A, MAP2K1, ALMS1, NBN, SDCCAG8, SPRED2, RB1, MALT1, P4HB, ATM, FLI1, CELF2, CDK19, CPLANE1, RAP1B, PARN, CDC42BPB, HUWE1, IQCB1, CAMK2G, SMC3, KMT2C, AFF4, TUBB, TRRAP, LRRC8C, GNPTAB, CREBBP, KDM3B, FGF12, ATP6V1A, FRA10AC1, ERCC6, ASCC3, DISP1, SPART, HNRNPH1, MYT1L, UBR1, DYM, ACTB, DHX9, RTTN, EFTUD2, HSD17B4, EXT2, TRIP11, RECQL, RFWD3, RIN2, CEP63, RPL35, TTI1, PTPN11, CDK13, HNRNPU, NBAS, ARPC5, CSGALNACT1, RAD50, IFT80, VPS35L, PEX14, BMPR1A, LMBR1, XYLT1, PNPLA6, CEP135, EXT1, RERE, ASXL1, RPS29, MT-CO1, NSD1, HK1, ABL1, ATR, SOS2, SLC10A7, SLC1A2, SCAPER, PCYT1A, LIFR, YWHAG, DYRK1A, HLA-DQA1, SPRED1, RPL18, SEL1L, SUFU, MTX2, RAB18, PCCA, MAF, RASA2, EP300, GLB1, TRPS1, SPECC1L, FRYL, ANKRD17, SDHB, DNAJC3, LUZP1, AUTS2, PDCD6IP, CACNA1B, RNPC3, VPS13B, EHMT1, HLA-DRB1, HNRNPA2B1, TLK2, RPL9, NUP107, STAT3, RPL5, GNAS, MT-ATP6, MECP2, LMBRD1, CLIP2, RNASEH2B, NIN, MYSM1, IL6ST, RAP1GDS1, WIPI2, CUX1, MT-CO2, BPTF, TAOK1, BRAF, FBXO28, EIF4A2, CACNA1A, SMARCA2, FANCC, USP9X, ADNP, ARID2, KDM6A, RAB3GAP2, FAR1, CTCF, FUT8, TBL1XR1, NPHP3, CSPP1, COG5, CAMTA1, ADARB1, OGDH, NPM1, ZEB2, ZNF148, SAMHD1, ELP2, ZNF407, MED13L, CWC27, GRM7, ROBO1, ATRX, NEK1, BBS9, MCPH1, PUM1, SHOC2, ABCB7, MAPRE2, DDX3X, PPM1D, GRIA3, FMR1, SUCLA2, NFIX, POGZ, P3H2, CASK, ORC4, SMC1A, RNF216, SPEN, FBXO11, KANSL1, HACE1, PPP2R3C, ITCH, KYNU, WASHC5, BRD4, KCNMA1, TRIM37, NIPBL, CHKA, SMAD2, STAG1, ACER3, HELLS, CEP290, CLTC, RREB1, PACS2, EIF2AK3, NOTCH2, MT-ND1, SMS, EFL1, RPS24, NF1, MT-ND5, ANKH, FAM111A, EXOC6B, DIAPH1, WASHC4, RUNX2, TRAPPC11, RPL17, SIL1, STAT6, ARID1B, CNOT1, SYNJ1, ADAR, XRCC4, RAF1, TBK1, CHD4, DYNC1I2, PTEN, UBE3A, TOGARAM1, STAT5B, BAZ1B, AP4E1, SECISBP2, GATM, FARSB, POLA1, MITF, HDAC8, BCAS3, CBL, MT-CO3, IPO8, WNT5A, WDR11, GTF2I, FIG4, TMEM165, CLCN5, FANCL, NFE2L2, TRAK1, KRAS, HLA-DQB1, GRIA4
HP:0000252	Microcephaly	444	0.13875	1.7227915913200724	1.2247663395266407e-34	2.5198342669421107e-31	30.59862802244047	1.2599171334710552e-30	MT-ND3, CDK5RAP2, IGF1R, SLC25A24, FUS, ANKRD11, AUH, DMXL2, DSE, MTR, SIN3A, CDK6, LRPPRC, EPG5, RSRC1, CHSY1, HNRNPK, HGSNAT, ADD3, ZNF592, PIK3R1, SP110, YME1L1, WLS, TRAPPC10, EIF2AK2, HNMT, LINGO1, SMAD4, SPIDR, MANBA, GALNT2, SEC24D, SOS1, ARID1A, RNF168, RPS6KA3, STIM1, UBE4B, NSD2, TENT5A, HS2ST1, DYNC2H1, SETD2, OFD1, VAC14, PPP1CB, MAP3K7, HSPA9, VPS53, B3GALNT2, SUPT16H, FBXW4, DPYD, MAPK1, ERCC6L2, LEMD3, PPP3CA, KAT6B, PUS7, SAMD9L, MRPS28, ATP11A, AGTPBP1, OSTM1, LPIN2, VPS37A, SMC5, UQCRC2, MGME1, TNRC6B, STAG2, KMT2A, INSR, TTC21B, RPS28, SCAF4, NUP214, MED27, WWOX, AP3B1, CEP57, USP7, TNFRSF11A, RAD21, BRCA1, NSMCE2, NUBPL, TASP1, ZMYM2, KIAA0586, NDUFAF5, MACF1, SCYL2, ARSB, GNAI3, OGT, ANKLE2, SNX10, NGLY1, TGFB1, RPL13, JMJD1C, ATP6V1B2, MBOAT7, CHD7, TANGO2, MARK2, KAT6A, RNASET2, IARS2, HDAC4, THOC2, AP1S2, RPS19, CHD8, RAB3GAP1, CHD6, FAM20B, CNKSR2, NCAPD3, SPG11, ITPR1, PEX3, CEP152, PIK3CA, PMM2, CHST11, DNM1L, CSF1R, FBXL4, NSUN3, MBD5, SLC17A5, PLP1, ALG13, MAP2K1, ALMS1, NIPA2, ZNF292, RBPJ, NBN, SPRED2, DNMT3A, RB1, P4HB, FMN1, ACSL4, WDFY3, AGPS, ATM, CELF2, CDK19, CPLANE1, PARN, CDC42BPB, ARFGEF2, GRIP1, HUWE1, GRIN2B, LBR, MAP3K20, DENND5A, ZBTB16, SMC3, PRKDC, SLC12A6, KMT2C, AFF4, NSRP1, TCF4, TUBB, RNF13, TRRAP, LRRC8C, GNPTAB, SLC30A9, CREBBP, MIPEP, RAC1, FGF12, ARHGAP31, UNC80, CCDC47, ATP6V1A, CLCN3, ERCC6, ASCC3, DISP1, SPART, MICU1, HNRNPH1, MYT1L, UBR1, DYM, KDM5A, CTNNB1, ACTB, DHX9, RTTN, EFTUD2, ZSWIM6, EXT2, DCC, TRIP11, NSUN6, RECQL, RFWD3, GNB1, NDUFV2, MCM5, CEP63, RPL35, TTI1, PTPN11, CDK13, RFX7, TCF12, HNRNPU, NBAS, BTRC, CSGALNACT1, RAD50, IFT80, FRMD4A, VPS35L, CDC42, PEX14, CLPB, LMBR1, XYLT1, WDR26, PNPLA6, CEP135, EXT1, ASPH, RERE, TRIO, ASXL1, RPS29, NSD1, FBXW7, ABL1, ATR, SOS2, SLC10A7, SLC1A2, PCYT1A, TRAPPC9, LIFR, YWHAG, DYRK1A, ASH1L, SPRED1, RPL18, SEL1L, SUFU, RAB18, EP300, GLB1, TRPS1, SPECC1L, FRYL, ANKRD17, EIF2S3, NUP54, DDX6, VRK1, SDHB, PRKACB, UGP2, TMEM163, LUZP1, AUTS2, PDCD6IP, CACNA1B, RNPC3, PACS1, PSAP, VPS13B, EHMT1, PI4KA, TLK2, RPL9, NUP107, STAT3, COG3, QDPR, RPL5, GNAS, MT-ATP6, ACVR1, RALA, CSNK2A1, SRRM2, MECP2, CLIP2, RNASEH2B, CHD2, PIGF, NIN, MYSM1, KIF2A, MT-ND2, IL6ST, RAP1GDS1, HNRNPC, BPTF, VPS13D, TGFBR1, BRAF, FBXO28, TAF1, TAB2, EIF4A2, DHTKD1, CACNA1A, TET3, SMARCA2, FANCC, ADNP, ARID2, SPTLC1, KDM6A, DYNC1H1, RAB3GAP2, FAR1, CTCF, FUT8, TBL1XR1, STT3B, RBMX, CSPP1, COG5, ADARB1, FARS2, ZEB2, ZNF148, TAPT1, SELENOI, COPB1, SAMHD1, CNTNAP2, PPP1R21, GRM7, ATRX, NEK1, NEK9, TBCK, MCPH1, PUM1, SHOC2, MAPRE2, CUL3, TAF2, DDX3X, LRRK1, PPM1D, SUCLA2, NFIX, POGZ, CASK, ORC4, SMC1A, SPEN, FBXO11, KANSL1, HACE1, TRIP12, IKBKB, KYNU, BRD4, KCNMA1, TRIM37, NIPBL, CHKA, SMAD2, STAG1, MTAP, CDC73, CEP290, CLTC, TGFBR2, RREB1, PACS2, ST3GAL5, EIF2AK3, NDUFS4, TMEM260, NOTCH2, MT-ND1, EFL1, PPP2CA, RPS24, NF1, ANKH, TBXAS1, FAM111A, EXOC6B, DIAPH1, RARS2, WASHC4, MAD1L1, PURA, TPK1, RUNX2, NDUFS1, EEFSEC, TRAPPC11, SIL1, JARID2, ARID1B, CNOT1, SYNJ1, NADK2, ADAR, GRIK2, XRCC4, RAF1, DYNC1I2, STAT5B, BAZ1B, AP4E1, NARS2, FARSB, POLA1, HDAC8, BCAS3, CBL, TRAPPC12, IPO8, NDUFAF2, WNT5A, TANC2, WDR11, GTF2I, FIG4, TMEM165, CLCN5, FANCL, TRAK1, KRAS, GRIA4, C2CD3
HP:0001272	Cerebellar atrophy	113	0.0353125	1.7196269208037822	2.454053759170957e-09	1.3795000557700348e-07	6.860278277627262	2.5244851020591634e-05	IARS2, MRE11, HDAC4, TTBK2, SQSTM1, DMXL2, FAR1, CTCF, ITPR1, CDC42, STT3B, SLC44A1, CLPB, COG5, PIK3R5, PNPT1, FARS2, PMM2, HEXB, DNM1L, PNPLA6, VPS41, PIGU, FBXL4, TBC1D2B, HK1, SETX, GRM7, TBCK, SLC25A46, ABHD12, ABCB7, LNPK, HERC1, SLC1A3, FMR1, ZMIZ1, ACBD6, POGZ, DNMT1, CASK, RNF216, FGF14, LYST, PIGN, KCNMA1, VPS53, RFC1, PIGK, DNAJC3, IFRD1, HTT, NDUFS4, GDAP2, ATXN1, SAMD9L, RNF13, AGTPBP1, PACS1, FGF12, SHQ1, RARS2, GRIA2, PI4KA, MGME1, ATXN10, RUBCN, CAPRIN1, NDUFS1, EEFSEC, TRAPPC11, SIL1, ELOVL5, OPA1, ATP6V1A, ATP6V0A1, SPART, MT-ATP6, ERCC6, NADK2, SCAF4, GRIK2, SCARB2, NUP214, MED27, WWOX, ATP6AP2, ZFHX3, ATXN7, AP4E1, DHX9, NARS2, RTTN, POLA1, BCAS3, PRNP, HSD17B4, ATXN3, NGLY1, VPS50, VPS13D, SACS, ATXN2, ANO10, CCDC88A, SNX14, REPS1, MFF, TPP1, TAF1, GFAP, GLS, CACNA1A
HP:0001763	Pes planus	228	0.07125	1.7185933840749412	1.2925340516256999e-17	3.324074447268394e-15	14.478329258150323	1.3296297789073575e-13	SMARCA2, FANCC, IARS2, IGF1R, SLC25A24, TCF12, USP9X, ADNP, HDAC4, NBAS, MAT2A, ANKRD11, CHD8, BTRC, CSGALNACT1, FAM20B, RAB3GAP2, DSE, FAR1, TPM3, CTCF, IFT80, VPS35L, TBL1XR1, MTR, CDC42, LMBR1, XYLT1, CEP152, PMM2, HNRNPK, ZEB2, CHST11, HGSNAT, PNPLA6, ZNF148, TAPT1, CHSY1, EXT1, ASPH, COPB1, SBF2, CSF1R, TRIO, NSD1, HK1, ABL1, ATR, PIK3R1, SOX5, NDUFAF6, SOS2, SLC10A7, AP1G1, CBFB, SLC17A5, RYR1, PCYT1A, CWC27, PPP1R21, SEC23A, LIFR, MAP2K1, ALMS1, ATRX, NEK1, NEK9, ARIH1, RBPJ, SHOC2, SMAD4, SPRED1, MAPRE2, MANBA, LRRK1, GALNT2, SEC24D, HERC1, GRIA3, PPM1D, SPRED2, FMR1, SOS1, NFIX, DNMT3A, P4HB, WAC, RPS6KA3, STIM1, FMN1, EP300, GLB1, ORC4, MTOR, SPECC1L, SMC1A, AGPS, TRPS1, NSD2, FBXO11, SPEN, TENT5A, KANSL1, HS2ST1, DYNC2H1, FLI1, SETD2, OFD1, IKBKB, CPLANE1, PPP1CB, KYNU, VAC14, MAP3K7, CDC42BPB, HSPA9, TRIM37, NIPBL, SMAD2, PRKACB, MTAP, FBXW4, GRIN2B, LBR, CEP290, MAP3K20, CDC73, TGFBR2, RREB1, MAPK1, EIF2AK3, ZBTB16, TPR, LEMD3, SMC3, KAT6B, NOTCH2, TCF4, EFL1, RNPC3, GNPTAB, NF1, PACS1, VPS13B, CREBBP, ANKH, OSTM1, TBXAS1, LPIN2, FAM111A, EXOC6B, EHMT1, ARHGAP31, SMC5, RUNX2, TLK2, STAT3, SIL1, RAB7A, GNAS, JARID2, TRPM3, ANOS1, ACVR1, ASCC3, ARID1B, STAG2, KMT2A, TTC21B, DYM, SCAF4, XRCC4, RAF1, RALA, STAT5B, ATP6AP2, BAZ1B, TNFRSF11A, AP4E1, RAD21, ACTB, BRCA1, CACNA1C, NSMCE2, BRWD3, CLIP2, NIN, KIAA0586, HDAC8, CBL, EFTUD2, ARSB, YY1AP1, ZSWIM6, EXT2, DCC, GNAI3, TRIP11, IL6ST, SNX10, RFWD3, ADGRV1, CTSC, GNB1, IPO8, RIN2, MCM5, WNT5A, BPTF, TGFB1, CEP63, WDR11, GTF2I, RPL13, FIG4, TMEM165, CLCN5, FANCL, TAOK1, ATP6V1B2, TGFBR1, CHD7, BRAF, KRAS, TAB2, PTPN11, TET3, KAT6A
HP:0000280	Coarse facial features	195	0.0609375	1.7124850784447476	5.028451112897298e-15	8.479946983340083e-13	12.071606862945506	5.172767659837451e-11	IARS2, IGF1R, SLC25A24, TCF12, ADNP, HDAC4, NBAS, AP1S2, ARID2, ANKRD11, BTRC, CSGALNACT1, FAM20B, DSE, FAR1, CTCF, IFT80, VPS35L, CDC42, RBMX, LMBR1, XYLT1, WDR26, CEP152, HEXB, CHST11, PNPLA6, HGSNAT, HNRNPK, ZNF148, TAPT1, CHSY1, EXT1, CSF1R, CNTNAP2, NSD1, TBC1D2B, ATR, PIK3R1, SOS2, SLC10A7, MBD5, SLC17A5, PCYT1A, PPP1R21, LIFR, ALG13, MAP2K1, ALMS1, ATRX, NEK1, NEK9, TBCK, RBPJ, SHOC2, SMAD4, SPRED1, MANBA, LRRK1, SUFU, GALNT2, SEC24D, PPM1D, SPRED2, FMR1, ACBD6, SOS1, NFIX, ARID1A, DNMT3A, P4HB, WAC, RPS6KA3, STIM1, FMN1, EP300, GLB1, ORC4, SPECC1L, SMC1A, TRPS1, AGPS, SPEN, NSD2, FBXO11, PIGN, TENT5A, HS2ST1, DYNC2H1, SETD2, OFD1, IKBKB, CPLANE1, PPP1CB, KYNU, VAC14, MAP3K7, HSPA9, TRIM37, NIPBL, SMAD2, PRKACB, ACER3, MTAP, FBXW4, LBR, CEP290, MAP3K20, DENND5A, CDC73, RREB1, TGFBR2, MAPK1, EIF2AK3, FTO, ZBTB16, LEMD3, SMC3, PPP3CA, PACS2, KAT6B, NOTCH2, AFF4, TCF4, CLIC2, EFL1, RNPC3, GNPTAB, NF1, CREBBP, ANKH, OSTM1, TBXAS1, LPIN2, FAM111A, EXOC6B, EHMT1, ARHGAP31, CCDC47, RUNX2, STAT3, PIK3C2A, GNAS, ACVR1, ARID1B, KMT2A, INSR, TTC21B, DYM, XRCC4, RAF1, RALA, CHD4, STAT5B, AP3B1, BAZ1B, TNFRSF11A, AP4E1, RAD21, ACTB, BRCA1, NSMCE2, CLIP2, PIGF, NIN, KIAA0586, MYSM1, HDAC8, CBL, EFTUD2, ARSB, ZSWIM6, EXT2, IL6ST, GNAI3, TRIP11, SNX10, KCNQ1, RIN2, MCM5, WNT5A, TGFB1, CEP63, GTF2I, RPL13, FIG4, TMEM165, CLCN5, ATP6V1B2, TGFBR1, SNX14, BRAF, KRAS, TAB2, PTPN11
HP:0003593	Infantile onset	374	0.116875	1.7123101884779517	2.4320294210075732e-28	2.370015646960108e-25	24.62524878674686	2.5018286653904907e-24	CD55, CYBB, SETD5, AUH, MTR, SIN3A, LRPPRC, DUT, EPG5, HECTD4, FCHO1, SLC25A26, RSRC1, PDE10A, USP53, ADD3, IREB2, VPS41, PIK3R1, ABCD3, YME1L1, RYR1, WLS, PANK2, EIF2AK2, HNMT, SON, SLC25A36, LINGO1, DST, MANBA, CHD1, RPS6KA3, NSD2, OTULIN, OFD1, VPS53, B3GALNT2, HPS5, FCGR2A, SUPT16H, DPYD, HTT, FOXP1, PPP3CA, KAT6B, PUS7, KMT2E, AGTPBP1, OSTM1, BLNK, SHQ1, VPS37A, IL10RB, JAK2, CAPRIN1, GATAD2B, BCKDHB, SCAF4, DEPDC5, WWOX, FRMPD4, GUCY1A1, TNFRSF11A, PHKB, CACNA1C, ATP2B1, ZMYM2, GLUL, MACF1, ARSB, SYK, SNX10, NGLY1, TGFB1, ADK, ATP6V1B2, SNX14, MBOAT7, REPS1, TANGO2, AGO2, RNASET2, IARS2, POC1B, HDAC4, AP1S2, RPS19, HERC2, STEAP3, CHD8, NCAPD3, TPP2, ITPR1, PMM2, GLUD1, ATP6V0C, NEDD4L, MEGF10, PLCG2, HPRT1, FBXL4, NSUN3, TGFBI, POLD3, MBD5, PLP1, ALG13, NFIA, CBLB, LRP1, SLF2, SPRED2, EXOC2, ATP1A1, CALM1, SH2B3, ATG7, MALT1, P4HB, MTOR, IFNAR1, LYST, IL6R, CELF2, CPLANE1, PARN, DOCK2, MCCC1, DEF6, HEXA, ARFGEF2, VPS45, PIGK, HUWE1, GRIN2B, CAMK2G, SMC3, PRKDC, SLC12A6, NSRP1, PTPRC, GNPTAB, SLC30A9, CREBBP, SASH1, MIPEP, RAC1, FGF12, ATP13A3, CAMSAP1, RUBCN, OPA1, ATP6V1A, ATP6V0A1, CLCN3, RDX, ERCC6, DIP2B, MYT1L, KMT5B, NEMF, ATP6AP2, CTNNB1, ACTB, DHX9, ZSWIM6, EXT2, DCC, DNM2, NSUN6, DOCK8, RECQL, GNB1, RIN2, NDUFV2, MCM5, TTI1, SH3KBP1, SLC26A3, LIPA, KCNQ5, RFX7, HNRNPU, NBAS, C3, ARPC5, HIBCH, PEX14, CLPB, DHRSX, PNPT1, WDR26, KDM4B, HEXB, RERE, GRIA1, TRIO, RPS29, ATR, TBL1X, SLC1A2, PPA2, PCYT1A, TRAPPC9, YWHAG, TET2, DYRK1A, KPNA3, ASH1L, SEL1L, SOX6, SLC1A3, ZMIZ1, MTX2, COX10, GABRB3, WAC, EP300, GLB1, EDA, ST3GAL3, CARD11, CALR, FYB1, SDHB, TMEM163, MTMR14, OPHN1, AUTS2, CACNA1B, NEK10, RNPC3, PSAP, ARPC1B, PI4KA, HNRNPA2B1, TLK2, STAT3, COG3, QDPR, GNAS, CRLS1, ANOS1, PDZD8, CSNK2A1, SLC6A6, SRRM2, MECP2, LMBRD1, CHD2, CAST, ZMYND11, IL6ST, RAP1GDS1, HNRNPC, CUX1, ADGRV1, RAB27A, MYO5A, AQP4, VPS13D, SACS, ATG5, PAK1, BRAF, MFF, GFAP, EIF4A2, SLC11A2, GLS, CACNA1A, MIA3, ARFGEF1, ADNP, ARID2, NT5C2, KDM6A, DYNC1H1, IRF8, FAR1, TBL1XR1, TSC1, RPSA, NPHP3, CAMTA1, OGDH, SYT1, GDAP1, KIDINS220, COPB1, SAMHD1, CRBN, CNTNAP2, GPHN, ELP2, NDUFAF6, ZNF407, MED13L, GPRC5B, TBCK, PUM1, ABCB7, CUL3, TAF2, DDX3X, LRRK1, GRIA3, SUCLA2, POGZ, CASK, PHIP, DOCK11, WNK1, DOCK7, IKBKB, BRD4, KCNMA1, TRIM37, NIPBL, CHKA, STAG1, ACER3, CLTC, TGFBR2, TCF20, PACS2, ST3GAL5, TPR, NDUFS4, EIF2AK3, UBE3C, EFL1, PPP2CA, NF1, ANKH, DIAPH1, WASHC4, PURA, TPK1, NDUFS1, ARHGEF9, SIL1, FNIP1, STK4, STAT6, RPL21, SYNJ1, NADK2, ADAR, GRIK2, TBK1, DYNC1I2, PTEN, EDEM3, TOGARAM1, RANBP2, GATM, BRWD3, NARS2, FARSB, BCAS3, CBL, MEF2C, TRAPPC12, TSEN15, NCKAP1L, FIG4, FANCL, DDHD1, NFE2L2, MAP3K14, NDUFA10, GRIA4
HP:0001956	Truncal obesity	160	0.05	1.7108803986710965	1.819725129329583e-12	2.034729609284067e-10	9.691493295037285	1.871951240541342e-08	IARS2, IGF1R, SLC25A24, TCF12, ADNP, HDAC4, THOC2, NBAS, ANKRD11, BTRC, CSGALNACT1, FAM20B, DSE, FAR1, IFT80, VPS35L, CDC42, ZBTB20, LMBR1, XYLT1, CEP152, CHST11, PNPLA6, HGSNAT, CHSY1, TAPT1, EXT1, CSF1R, NSD1, ATR, PIK3R1, SOS2, SLC10A7, SLC17A5, PCYT1A, TRAPPC9, PPP1R21, LIFR, ATRX, MAP2K1, ALMS1, NEK1, NEK9, BBS9, RBPJ, SHOC2, SMAD4, SPRED1, MANBA, LRRK1, GALNT2, SEC24D, PPM1D, SPRED2, FMR1, SOS1, NFIX, DNMT3A, P4HB, WAC, STIM1, FMN1, EP300, GLB1, ORC4, SPECC1L, SMC1A, TRPS1, AGPS, NSD2, TENT5A, HS2ST1, DYNC2H1, SETD2, OFD1, IKBKB, CPLANE1, PPP1CB, KYNU, VAC14, MAP3K7, BRD4, HSPA9, TRIM37, NIPBL, SMAD2, PRKACB, MTAP, FBXW4, LBR, CEP290, MAP3K20, CDC73, TGFBR2, RREB1, MAPK1, EIF2AK3, ZBTB16, SMC3, LEMD3, KAT6B, NOTCH2, EFL1, RNPC3, GNPTAB, NF1, VPS13B, CREBBP, ANKH, OSTM1, TBXAS1, LPIN2, FAM111A, EXOC6B, ARHGAP31, RUNX2, STAT3, NR3C1, GNAS, USP8, ACVR1, ARID1B, KMT2A, TTC21B, DYM, XRCC4, RAF1, RALA, STAT5B, TNFRSF11A, RAD21, ACTB, NSMCE2, NIN, KIAA0586, HDAC8, CBL, EFTUD2, ARSB, ZSWIM6, EXT2, IL6ST, GNAI3, TRIP11, SNX10, USP48, MCM5, WNT5A, BPTF, TGFB1, CEP63, RPL13, FIG4, TMEM165, CLCN5, TGFBR1, BRAF, KRAS, TAB2, PTPN11
HP:0000054	Micropenis	73	0.0228125	1.7087806818181817	2.170849899725492e-06	8.00413366253625e-05	4.096685667609884	0.022331532918476137	SMCHD1, XRCC4, RYR1, OPHN1, CHD4, GRM7, ATRX, MAP3K1, SLC25A24, ALMS1, TOGARAM1, TCF12, WWOX, PRKDC, DYRK1A, PPP1R12A, NEK1, USP7, THOC2, KAT6B, TCF4, SRRM2, HERC2, ACTB, KDM6A, RAB3GAP2, DMXL2, RNASEH2B, SEL1L, KIAA0586, TBL1XR1, HDAC8, HERC1, GRIA3, STT3B, RAB18, COG5, EXT2, HNRNPR, EHMT1, DCC, C2CD3, FAM111A, POGZ, ZEB2, CASK, PNPLA6, TAPT1, WNT5A, DYNC2H1, SAMHD1, WDR11, SLC30A7, MTM1, EIF2S3, ATP6V1A, VAC14, FIG4, PHF21A, CDC42BPB, TRPM3, ANOS1, FANCL, AXL, DDX6, CHD7, ERCC6, PTPN11, MYT1L, UBR1, HUWE1, ADAR, MBD5
HP:0002650	Scoliosis	283	0.0884375	1.705734140917603	3.867126521056641e-21	1.808233205550439e-18	17.74274555983828	3.9781130522109663e-17	SMARCA2, FANCC, MIA3, LAMA2, IARS2, SLC25A24, PIBF1, TCF12, USP9X, FUS, HNRNPU, ADNP, HDAC4, NBAS, AP1S2, ARID2, ANKRD11, MAT2A, ARPC5, HERC2, RAB3GAP1, SPTLC1, KDM6A, PDZD8, CSGALNACT1, RAB3GAP2, SETD5, DSE, TPM3, CTCF, VPS35L, TBL1XR1, SIN3A, SPG11, ITPR1, CDC42, ZBTB20, CSPP1, CAMTA1, DHRSX, PNPT1, GLDN, XYLT1, NPM1, HECTD4, PIK3CA, CEP152, HNRNPK, ZEB2, DNM1L, CHST11, NEDD4L, MEGF10, BAG3, TAPT1, SYT1, ASPH, GDAP1, SBF2, MTMR2, SAMHD1, PIGU, RERE, TRIO, APC, FBXL4, ARL6IP6, PRORP, NSD1, OXR1, GNAQ, ABL1, ATR, HK1, SOX5, NDUFAF6, SOS2, SLC10A7, ZNF407, FOXP2, RYR3, SETX, MBD5, RYR1, PCYT1A, PPP1R21, WLS, PLP1, SEC23A, MAP2K1, ALMS1, YWHAG, LIFR, ALG13, ATRX, DYRK1A, TBCK, NEK9, NEK1, ARIH1, SON, PUM1, HSPD1, SMAD4, SLC25A46, SPRED1, SEL1L, DDX3X, SUFU, SEC24D, HERC1, GRIA3, SPRED2, FMR1, PAFAH1B1, SOS1, ZMIZ1, RAB18, ARID1A, NFIX, HNRNPR, DNMT3A, ACBD6, POGZ, P4HB, RPS6KA3, MAF, UBE4B, RASA2, EP300, GLB1, CASK, TRPS1, SMC1A, SPEN, ASXL2, NSD2, DYNC2H1, KANSL1, HACE1, ANKRD17, HS2ST1, TENT5A, FLI1, PPP2R3C, CDK19, CPLANE1, OFD1, PPP1CB, MAP3K7, PARN, WASHC5, CDC42BPB, BRD4, FGD4, VPS53, DDX6, CHKA, SMAD2, VRK1, SDHB, ARFGEF2, STAG1, HUWE1, SUPT16H, TRIP4, CEP290, MAP3K20, LUZP1, TCF20, TGFBR2, RREB1, HTT, MAPK1, SMCHD1, AUTS2, LEMD3, SLC12A6, CNOT2, KMT2C, KAT6B, NOTCH2, SMS, TCF4, PDCD10, RNF13, TRRAP, GNPTAB, NF1, PACS1, VPS13B, CREBBP, RAC1, EXOC6B, EHMT1, UNC80, CCDC47, CAMSAP1, RUNX2, TLK2, CAPRIN1, TRAPPC11, SIL1, STAT3, PIK3C2A, GNAS, JARID2, TRPM3, ERGIC1, ARID1B, DISP1, HNRNPH1, STAG2, ARL13B, EED, KMT2A, ACVR1, ERCC6, SYNJ1, ADAR, TTC21B, SUZ12, SCAF4, RNF125, RAF1, DYM, UBE3A, CSNK2A1, PTEN, TOGARAM1, KRIT1, ATP6AP2, BAZ1B, USP7, CTNNB1, ACTB, BRCA1, ATP2B1, MECP2, P4HA1, CLIP2, RNASEH2B, ZMYM2, FARSB, POLA1, KIAA0586, NDUFAF5, SCYL2, CBL, TRAPPC12, YY1AP1, EXT2, DCC, IL6ST, TRIP11, KIF5B, HSD17B4, RFWD3, NGLY1, IPO8, RIN2, TGFB1, WNT5A, BPTF, TTI1, TANC2, ASAH1, GTF2I, SACS, JMJD1C, RPL13, DDHD1, FANCL, TGFBR1, SNX14, CHD7, FBXO28, KRAS, TAF1, GFAP, PTPN11, BRAF, CDK13
HP:0008897	Postnatal growth retardation	189	0.0590625	1.7015782342657342	2.954429543136324e-14	4.2211412097560224e-12	11.374570119157594	3.0392216710243364e-10	MIA3, IARS2, IGF1R, SLC25A24, TCF12, HDAC4, NBAS, ARID2, ANKRD11, BTRC, KDM6A, CSGALNACT1, FAM20B, RAB3GAP2, DSE, DMXL2, FAR1, IFT80, VPS35L, SIN3A, CDC42, LMBR1, XYLT1, EPG5, EPB41, BNC2, CEP152, CHST11, PNPLA6, HGSNAT, CHSY1, TAPT1, EXT1, RERE, CSF1R, NSD1, ATR, PIK3R1, SOS2, SLC10A7, FOXP2, MBD5, SLC17A5, PCYT1A, PPP1R21, ROBO1, LIFR, MAP2K1, ALMS1, ATRX, NEK1, NEK9, RBPJ, SHOC2, SMAD4, HLA-DQA1, SPRED1, MANBA, DDX3X, LRRK1, GALNT2, CHD1, SEC24D, PPM1D, SPRED2, MTX2, SOS1, RAB18, NFIX, ARID1A, DNMT3A, P4HB, RPS6KA3, STIM1, FMN1, RASA2, EP300, GLB1, MAF, CASK, ORC4, SPECC1L, SMC1A, TRPS1, AGPS, NSD2, DOCK11, TENT5A, KANSL1, HS2ST1, ANKRD17, DYNC2H1, SETD2, OFD1, IKBKB, CPLANE1, PPP1CB, KYNU, VAC14, MAP3K7, WASHC5, HSPA9, TRIM37, NIPBL, SMAD2, PRKACB, MTAP, FBXW4, LBR, CEP290, MAP3K20, CDC73, TGFBR2, RREB1, MAPK1, EIF2AK3, ZBTB16, SMC3, LEMD3, KAT6B, NOTCH2, TCF4, EFL1, CEP295, RNPC3, GNPTAB, NF1, CREBBP, ANKH, OSTM1, TBXAS1, LPIN2, FAM111A, EXOC6B, ARHGAP31, RUNX2, STAT3, GNAS, ATP6V1A, FRA10AC1, ACVR1, ARID1B, ERCC6, KMT2A, PLAGL1, INSR, TTC21B, DYM, XRCC4, RAF1, RALA, STAT5B, CTNNB1, TNFRSF11A, PHKB, RAD21, ACTB, CACNA1C, P4HA1, NSMCE2, NIN, KIAA0586, HDAC8, CBL, EFTUD2, ARSB, ZSWIM6, EXT2, IL6ST, GNAI3, TRIP11, KIF5B, SNX10, MCM5, WNT5A, TGFB1, CEP63, RPL13, FIG4, TMEM165, CLCN5, TGFBR1, CHD7, BRAF, KRAS, TAF1, TAB2, PTPN11, HLA-DQB1
HP:0010049	Short metacarpal	157	0.0490625	1.6957020763422819	5.405180881256505e-12	5.673785278110783e-10	9.24612710391136	5.5603095725485664e-08	SMARCA2, IARS2, IGF1R, SLC25A24, TCF12, HDAC4, NBAS, ANKRD11, BTRC, CSGALNACT1, FAM20B, RAB3GAP2, DSE, FAR1, IFT80, VPS35L, CDC42, LMBR1, XYLT1, CEP152, CHST11, PNPLA6, HGSNAT, CHSY1, TAPT1, EXT1, CSF1R, NSD1, ATR, PIK3R1, SOS2, SLC10A7, STX16, SLC17A5, PCYT1A, CWC27, PPP1R21, LIFR, MAP2K1, ALMS1, NEK1, NEK9, RBPJ, SHOC2, SMAD4, SPRED1, MANBA, LRRK1, GALNT2, SEC24D, PPM1D, SPRED2, SOS1, NFIX, DNMT3A, P4HB, RPS6KA3, STIM1, FMN1, EP300, GLB1, ORC4, SPECC1L, SMC1A, TRPS1, AGPS, ASXL2, NSD2, TENT5A, HS2ST1, DYNC2H1, SETD2, OFD1, IKBKB, CPLANE1, PPP1CB, KYNU, VAC14, MAP3K7, HSPA9, TRIM37, NIPBL, SMAD2, PRKACB, MTAP, FBXW4, LBR, CEP290, MAP3K20, CDC73, TGFBR2, RREB1, MAPK1, EIF2AK3, ZBTB16, SMC3, LEMD3, KAT6B, NOTCH2, EFL1, RNPC3, GNPTAB, NF1, VPS13B, CREBBP, ANKH, OSTM1, ANAPC1, TBXAS1, LPIN2, FAM111A, EXOC6B, ARHGAP31, RUNX2, STAT3, SIL1, GNAS, ACVR1, ARID1B, KMT2A, TTC21B, DYM, XRCC4, RAF1, RALA, STAT5B, TNFRSF11A, RAD21, ACTB, P4HA1, NSMCE2, NIN, KIAA0586, MYSM1, HDAC8, CBL, EFTUD2, ARSB, ZSWIM6, EXT2, IL6ST, GNAI3, TRIP11, SNX10, MCM5, WNT5A, TGFB1, CEP63, RPL13, FIG4, TMEM165, CLCN5, TGFBR1, BRAF, KRAS, TAB2, PTPN11
HP:0011304	Broad thumb	161	0.0503125	1.6906805668841762	4.381697236848993e-12	4.695262445360999e-10	9.32834012749019	4.5074519475465594e-08	IARS2, IGF1R, SLC25A24, TCF12, USP9X, ADNP, HDAC4, NBAS, ANKRD11, BTRC, CSGALNACT1, FAM20B, SETD5, DSE, FAR1, IFT80, VPS35L, CDC42, BMPR1A, LMBR1, XYLT1, CEP152, CHST11, DNM1L, HGSNAT, PNPLA6, CHSY1, TAPT1, EXT1, RERE, CSF1R, NSD1, ATR, PIK3R1, SOS2, SLC10A7, CBFB, SLC17A5, PCYT1A, PPP1R21, LIFR, MAP2K1, ALMS1, NEK1, NEK9, RBPJ, SHOC2, SMAD4, SPRED1, MANBA, LRRK1, GALNT2, SEC24D, PPM1D, SPRED2, SOS1, NFIX, POGZ, HNRNPR, DNMT3A, P4HB, STIM1, FMN1, EP300, GLB1, ORC4, SPECC1L, SMC1A, TRPS1, AGPS, NSD2, TENT5A, HS2ST1, DYNC2H1, SETD2, OFD1, IKBKB, CPLANE1, PPP1CB, KYNU, VAC14, MAP3K7, HSPA9, TRIM37, NIPBL, SMAD2, PRKACB, MTAP, FBXW4, LBR, CEP290, MAP3K20, CDC73, TGFBR2, RREB1, MAPK1, EIF2AK3, ZBTB16, SMC3, LEMD3, KAT6B, NOTCH2, EFL1, RNPC3, GNPTAB, NF1, PACS1, CREBBP, ANKH, OSTM1, TBXAS1, LPIN2, FAM111A, EXOC6B, ARHGAP31, RUNX2, STAT3, GNAS, TRPM3, ACVR1, ARID1B, EED, KMT2A, TTC21B, DYM, SUZ12, XRCC4, RAF1, RALA, PTEN, STAT5B, TNFRSF11A, RAD21, ACTB, NSMCE2, NIN, KIAA0586, HDAC8, CBL, EFTUD2, ARSB, ZSWIM6, EXT2, IL6ST, GNAI3, TRIP11, SNX10, MCM5, WNT5A, BPTF, TGFB1, CEP63, RPL13, FIG4, TMEM165, CLCN5, TGFBR1, BRAF, KRAS, TAB2, PTPN11
HP:0004482	Relative macrocephaly	156	0.04875	1.690574494949495	1.0508534305323828e-11	1.049527110668604e-09	8.979006338537793	1.0810129239886622e-07	IARS2, IGF1R, SLC25A24, TCF12, USP9X, HDAC4, NBAS, ANKRD11, BTRC, CSGALNACT1, FAM20B, DSE, FAR1, IFT80, VPS35L, CDC42, LMBR1, XYLT1, CEP152, CHST11, PNPLA6, HGSNAT, CHSY1, TAPT1, EXT1, CSF1R, APC, NSD1, ATR, PIK3R1, SOS2, SLC10A7, SLC17A5, PCYT1A, PPP1R21, LIFR, MAP2K1, ALMS1, NEK1, NEK9, SON, RBPJ, SHOC2, SMAD4, SPRED1, MANBA, LRRK1, GALNT2, SEC24D, PPM1D, SPRED2, SOS1, NFIX, DNMT3A, P4HB, STIM1, FMN1, EP300, GLB1, ORC4, SPECC1L, SMC1A, TRPS1, AGPS, NSD2, TENT5A, HS2ST1, DYNC2H1, SETD2, OFD1, IKBKB, ITCH, PPP1CB, KYNU, CPLANE1, VAC14, MAP3K7, HSPA9, TRIM37, NIPBL, SMAD2, PRKACB, ACER3, MTAP, FBXW4, LBR, CEP290, MAP3K20, CDC73, TGFBR2, RREB1, MAPK1, EIF2AK3, ZBTB16, SMC3, LEMD3, KAT6B, NOTCH2, EFL1, RNPC3, GNPTAB, NF1, CREBBP, ANKH, OSTM1, TBXAS1, LPIN2, FAM111A, EXOC6B, ARHGAP31, RUNX2, STAT3, GNAS, ACVR1, ARID1B, KMT2A, TTC21B, DYM, XRCC4, RAF1, RALA, STAT5B, USP7, TNFRSF11A, RAD21, ACTB, NSMCE2, NIN, KIAA0586, MITF, HDAC8, CBL, EFTUD2, ARSB, ZSWIM6, EXT2, IL6ST, GNAI3, TRIP11, SNX10, MCM5, WNT5A, TGFB1, CEP63, RPL13, FIG4, TMEM165, CLCN5, TGFBR1, SNX14, BRAF, KRAS, TAB2, PTPN11, MARK2, EIF4A2
HP:0011461	Fetal onset	172	0.05375	1.690375954198473	8.677506250275231e-13	1.0379710092625732e-10	9.983814776249716	8.92655067965813e-09	MIA3, IARS2, IGF1R, SLC25A24, RNF2, TCF12, HDAC4, NBAS, ANKRD11, HERC2, CHD8, BTRC, KDM6A, CSGALNACT1, FAM20B, DSE, FAR1, IFT80, VPS35L, CDC42, STT3B, CLPB, LMBR1, XYLT1, CEP152, CHST11, PNPLA6, HGSNAT, CHSY1, MEGF10, TAPT1, EXT1, KIDINS220, CSF1R, NSD1, ATR, PIK3R1, SOS2, SLC10A7, SLC17A5, RYR1, PCYT1A, PPP1R21, LIFR, MAP2K1, ALMS1, NEK1, NEK9, RBPJ, SHOC2, SMAD4, SPRED1, TAF2, MANBA, LRRK1, GALNT2, SEC24D, PPM1D, SPRED2, SOS1, NFIX, DNMT3A, P4HB, STIM1, FMN1, EP300, GLB1, ORC4, SPECC1L, SMC1A, TRPS1, AGPS, NSD2, TENT5A, HS2ST1, DYNC2H1, SETD2, OFD1, IKBKB, CPLANE1, PPP1CB, KYNU, VAC14, MAP3K7, CDC42BPB, DEF6, HSPA9, TRIM37, NIPBL, SMAD2, VRK1, PRKACB, MTAP, FBXW4, LBR, CEP290, MAP3K20, CDC73, TGFBR2, RREB1, MAPK1, EIF2AK3, FTO, ZBTB16, LEMD3, SMC3, KAT6B, NOTCH2, EFL1, RNPC3, GNPTAB, NF1, SLC30A9, CREBBP, ANKH, OSTM1, RAC1, TBXAS1, LPIN2, FAM111A, EXOC6B, SHQ1, ARHGAP31, PI4KA, RUNX2, STAT3, GNAS, ACVR1, ARID1B, KMT2A, TTC21B, DYM, XRCC4, RAF1, RALA, TOGARAM1, STAT5B, CALM2, TNFRSF11A, RAD21, ACTB, P4HA1, NSMCE2, FARSB, NIN, KIAA0586, HDAC8, CBL, EFTUD2, ARSB, ZSWIM6, EXT2, DCC, GNAI3, TRIP11, IL6ST, KIF5B, SNX10, MCM5, WNT5A, TGFB1, CEP63, RPL13, FIG4, TMEM165, CLCN5, TGFBR1, CHD7, BRAF, KRAS, TAB2, PTPN11
HP:0001290	Generalized hypotonia	181	0.0565625	1.686151863241679	2.1592321853110869e-13	2.7765026862868938e-11	10.556501902008087	2.221202149029515e-09	MRE11, SLC25A24, USP9X, HNRNPU, AP1S2, ARID2, HERC2, CHD8, KDM6A, CNKSR2, TPM3, ITPR1, CDC42, FBXW11, STT3B, BMPR1A, LRPPRC, PEX3, PEX14, CSPP1, ADARB1, PNPT1, PIK3CA, SLC25A26, ZEB2, DNM1L, ASPH, ASCC1, CDK8, APC, CNTNAP2, ACADM, ABL1, GPHN, SOX5, MED13L, SLC1A2, SLC17A5, RYR1, LIFR, ALG13, YWHAG, MTM1, DYRK1A, TBCK, SHOC2, DST, SLC25A46, MAPRE2, MANBA, DDX3X, GALNT2, CHD1, MTX2, POGZ, COX10, GABRB3, WAC, EP300, GLB1, TRPS1, MTOR, SMC1A, PIGN, NSD2, KANSL1, HACE1, WNK1, SETD2, CELF2, CDK19, ITCH, CPLANE1, PPP1CB, OFD1, EIF2S3, WASHC5, KCNMA1, MCCC1, HEXA, SMAD2, SDHB, ARFGEF2, DHFR, PIGK, HUWE1, SUPT16H, TRIP4, GRIN2B, CEP290, CLTC, MTMR14, CAMK2G, OPHN1, TGFBR2, MAPK1, PACS2, AUTS2, FOXP1, CNOT2, PPP3CA, KAT6B, KMT2C, SMS, ATXN1, PUS7, MRPS28, KMT2E, RNF13, CACNA1B, GNPTAB, PSAP, PACS1, OSTM1, KDM3B, FGF12, ARHGAP31, UNC80, RARS2, ATXN10, TLK2, NDUFS1, HLCS, TRAPPC11, ATP6V1A, PHF21A, SPART, DISP1, STAG2, ARL13B, EED, STRADA, UBR1, CNOT1, SYNJ1, SUZ12, GRIK2, NEMF, UBE3A, DYNC1I2, PTEN, TOGARAM1, NUP214, WWOX, KAT6A, USP7, TNFRSF11A, ACTB, NARS2, LMBRD1, TASP1, FARSB, GLUL, KIAA0586, NDUFAF5, HDAC8, PRNP, DNM2, GNAI3, GNB1, IPO8, NDUFV2, TGFB1, BPTF, MYO5A, PPT1, TANC2, ATXN2, ATP6V1B2, PAK1, TGFBR1, MBOAT7, TRAK1, FBXO28, GFAP, TAF1, BRAF, TANGO2, CACNA1A, TET3, C2CD3
HP:0000023	Inguinal hernia	86	0.026875	1.6826690729483282	6.896158517647037e-07	2.7711243230873078e-05	4.557343989692466	0.007094078267103507	SMARCA2, ADNP, AP1S2, MAT2A, KDM6A, RAB3GAP2, DSE, DIS3L2, CTCF, VPS35L, NPHP3, SIN3A, CDC42, ATAD1, FBXW11, LRPPRC, ASPH, FBXL4, NSD1, ABL1, YWHAE, PIK3R1, GPHN, SLC10A7, CWC27, TRIM33, DYRK1A, NFIA, SHOC2, SMAD4, MAPRE2, PAFAH1B1, ARID1A, POGZ, RPS6KA3, MAF, GLB1, PLD1, FLI1, OFD1, RAP1B, WASHC5, BRD4, NIPBL, DDX6, SMAD2, GRIN2B, SMCHD1, TGFBR2, RREB1, MAPK1, AUTS2, KMT2C, NOTCH2, TUBB, RNF13, TRRAP, PPP2CA, GNPTAB, PACS1, CREBBP, KDM3B, EHMT1, SEC31A, TNRC6B, RPL17, ATP6V1A, ARID1B, SUZ12, XRCC4, RIC1, CSNK2A1, DEPDC5, BAZ1B, ZEB1, CLIP2, TASP1, FARSB, ARSB, IPO8, WNT5A, GTF2I, DICER1, JMJD1C, TGFBR1, BRAF
HP:0001769	Broad foot	153	0.0478125	1.6806991254266213	2.6202898581080703e-11	2.2651194765006487e-09	8.644908885652704	2.6954921770357716e-07	IARS2, IGF1R, SLC25A24, TCF12, HDAC4, NBAS, ANKRD11, BTRC, CSGALNACT1, FAM20B, DYNC1H1, DSE, FAR1, CTCF, IFT80, VPS35L, TBL1XR1, CDC42, LMBR1, XYLT1, CEP152, CHST11, PNPLA6, HGSNAT, CHSY1, TAPT1, EXT1, CSF1R, NSD1, ATR, PIK3R1, SOS2, SLC10A7, SLC17A5, PCYT1A, PPP1R21, LIFR, MAP2K1, ALMS1, NEK1, NEK9, RBPJ, SHOC2, SMAD4, SPRED1, MANBA, LRRK1, GALNT2, SEC24D, PPM1D, SPRED2, SOS1, NFIX, POGZ, DNMT3A, P4HB, STIM1, FMN1, EP300, GLB1, ORC4, SPECC1L, SMC1A, TRPS1, AGPS, NSD2, FBXO11, TENT5A, HS2ST1, DYNC2H1, SETD2, OFD1, IKBKB, CPLANE1, PPP1CB, KYNU, VAC14, MAP3K7, CDC42BPB, HSPA9, TRIM37, NIPBL, SMAD2, PRKACB, MTAP, FBXW4, LBR, CEP290, MAP3K20, CDC73, TGFBR2, RREB1, MAPK1, EIF2AK3, ZBTB16, SMC3, LEMD3, KAT6B, NOTCH2, EFL1, RNPC3, GNPTAB, NF1, CREBBP, ANKH, OSTM1, TBXAS1, LPIN2, FAM111A, EXOC6B, ARHGAP31, RUNX2, STAT3, GNAS, ACVR1, ARID1B, KMT2A, TTC21B, DYM, SUZ12, XRCC4, RAF1, RALA, STAT5B, TNFRSF11A, RAD21, ACTB, NSMCE2, NIN, KIAA0586, HDAC8, CBL, EFTUD2, ARSB, ZSWIM6, EXT2, IL6ST, GNAI3, TRIP11, SNX10, MCM5, WNT5A, TGFB1, CEP63, RPL13, FIG4, TMEM165, CLCN5, TGFBR1, BRAF, KRAS, TAB2, PTPN11
HP:0001252	Hypotonia	470	0.146875	1.6780244731003884	9.451966873047881e-34	1.3890340460434792e-30	29.857287109318104	9.723238322304356e-30	MT-ND3, IGF1R, CAMKMT, RNF2, SLC25A24, ANKRD11, SETD5, DSE, MTR, SIN3A, LRPPRC, ZBTB20, EPG5, HECTD4, RSRC1, CHSY1, HNRNPK, HGSNAT, VPS41, ZNF592, OXR1, UBE4A, PIK3R1, YME1L1, RYR1, WLS, TRAPPC10, EIF2AK2, SON, HSPD1, SMAD4, DST, SLC25A46, MANBA, GALNT2, CHD1, HERC1, SEC24D, ACBD6, SOS1, ARID1A, RPS6KA3, STIM1, UBE4B, PIGN, NSD2, TENT5A, HS2ST1, DYNC2H1, SETD2, OFD1, VAC14, PPP1CB, MAP3K7, HSPA9, B3GALNT2, DHFR, FBXW4, DPYD, MAPK1, LEMD3, FOXP1, PPP3CA, KAT6B, ATXN1, AGTPBP1, OSTM1, LPIN2, SHQ1, REV3L, LYRM4, GBE1, TNRC6B, HLCS, TRPM3, KMT2A, TTC21B, SCAF4, NUP214, MED27, CEP57, USP7, TNFRSF11A, PHKB, RAD21, CACNA1C, ATP2B1, NPC2, NSMCE2, NUBPL, OXCT1, ZMYM2, GLUL, KANK1, KIAA0586, NDUFAF5, MACF1, ARSB, GNAI3, SNX10, NGLY1, TGFB1, ADK, RPL13, JMJD1C, ATP6V1B2, SNX14, REPS1, CHD7, MARK2, AGO2, KAT6A, IARS2, MRE11, HDAC4, THOC2, AP1S2, CHD8, RAB3GAP1, FAM20B, ITPR1, PEX3, CEP152, PIK3CA, PMM2, PPM1B, CHST11, DNM1L, NEDD4L, MEGF10, CSF1R, HPRT1, FBXL4, NSUN3, MLH1, MBD5, SLC17A5, PLP1, ALG13, MAP2K1, ALMS1, MED13, NFIA, PNPLA8, ZNF292, RBPJ, SLF2, SPRED2, DNMT3A, RB1, P4HB, FMN1, ACSL4, MTOR, AGPS, CDC40, ATM, CELF2, CPLANE1, RAP1B, CDC42BPB, MCCC1, ACACA, HEXA, ARFGEF2, TRIP4, GRIN2B, LBR, MAP3K20, IQCB1, ZBTB16, SMC3, SLC12A6, KMT2C, TCF4, TUBB, TRRAP, GNPTAB, CREBBP, MIPEP, RAC1, FGF12, ARHGAP31, CCDC47, CAMSAP1, ATP6V1A, CLCN3, FRA10AC1, ERCC6, ZBTB7A, HNRNPH1, MICU1, ARL13B, STRADA, UBR1, DYM, RNF125, KDM5A, CTNNB1, ACTB, EFTUD2, ZSWIM6, HSD17B4, DCC, DNM2, TRIP11, EXT2, GNB1, RIN2, NDUFV2, CEP63, MCM5, TTI1, NFIB, ATXN2, CCDC88A, PTPN11, CDK13, KCNQ5, RFX7, TCF12, HNRNPU, NBAS, BTRC, HIBCH, CSGALNACT1, TPM3, IFT80, VPS35L, CDC42, PEX14, BMPR1A, CLPB, LMBR1, XYLT1, WDR26, KDM4B, HEXB, PNPLA6, EXT1, ASPH, RERE, TRIO, ASXL1, ACADM, NSD1, FBXW7, YY1, ABL1, YWHAE, ATR, SOS2, SLC10A7, AP1G1, PPA2, PCYT1A, TRAPPC9, VPS13A, LIFR, YWHAG, ASH1L, SPRED1, SEL1L, SUFU, SLC1A3, PAFAH1B1, ZMIZ1, RAB18, COX10, RASA2, EP300, GLB1, TRPS1, SPECC1L, FRYL, ST3GAL3, EIF2S3, NUP54, DDX6, VRK1, SDHB, PRKACB, TMEM163, LUZP1, OPHN1, MSH2, CACNA1B, RNPC3, PSAP, VPS13B, EHMT1, NUP107, STAT3, QDPR, GNAS, CRLS1, ANOS1, MT-ATP6, ACVR1, RALA, CSNK2A1, PMS1, SRRM2, MECP2, LMBRD1, CLIP2, CHD2, NIN, ZMYND11, MT-ND2, IL6ST, HNRNPC, PIK3CG, CUX1, ADGRV1, MYO5A, TAOK1, TGFBR1, BRAF, FBXO28, MFF, TAB2, GFAP, EIF4A2, DHTKD1, GLS, CACNA1A, SMARCA2, LAMA2, PIBF1, USP9X, ADNP, KDM6A, DYNC1H1, RAB3GAP2, DIS3L2, FAR1, CTCF, FUT8, TBL1XR1, STT3B, CSPP1, COG5, OGDH, FARS2, ZEB2, TAPT1, PIGU, CNTNAP2, SOX5, NDUFAF6, ZNF407, MED13L, RALGAPA1, PPP1R21, ATRX, NEK1, NEK9, TBCK, B4GALT1, PUM1, SHOC2, ABCB7, MAPRE2, DDX3X, LRRK1, LNPK, PPM1D, FMR1, SUCLA2, NFIX, POGZ, CASK, ORC4, SMC1A, RNF216, PHIP, ASXL2, SPEN, FBXO11, DOCK11, KANSL1, HACE1, TRIP12, WNK1, DOCK7, IKBKB, ITCH, KYNU, WASHC5, BRD4, KCNMA1, TRIM37, NIPBL, SMAD2, STAG1, MTAP, CDC73, CEP290, CLTC, TGFBR2, TCF20, RREB1, PACS2, ST3GAL5, TPR, NDUFS4, EIF2AK3, NOTCH2, UBE3C, MT-ND1, SMS, EFL1, PPP2CA, NF1, ANKH, TBXAS1, FAM111A, EXOC6B, DIAPH1, RARS2, WASHC4, NPAT, PURA, TPK1, RUNX2, NDUFS1, EEFSEC, TRAPPC11, SIL1, JARID2, ETFA, ARID1B, PLAGL1, SYNJ1, NADK2, GRIK2, XRCC4, RAF1, UBE3A, CHD4, CHEK2, PTEN, EDEM3, TOGARAM1, STAT5B, BAZ1B, AP4E1, BRWD3, NARS2, FARSB, POLA1, MITF, HDAC8, BCAS3, CBL, MEF2C, TSEN15, IPO8, NDUFAF2, WNT5A, PPT1, WDR11, GTF2I, FIG4, TMEM165, CLCN5, KRAS, NDUFA10, C2CD3
HP:0003510	Severe short stature	155	0.0484375	1.6769143907563024	2.4743841659601095e-11	2.1571177894264106e-09	8.66612613959786	2.5453989915231643e-07	SMARCA2, IARS2, IGF1R, SLC25A24, TCF12, HDAC4, NBAS, ANKRD11, BTRC, KDM6A, CSGALNACT1, FAM20B, DSE, FAR1, IFT80, VPS35L, CDC42, LMBR1, XYLT1, CEP152, CHST11, PNPLA6, HGSNAT, CHSY1, TAPT1, EXT1, CSF1R, NSD1, ATR, PIK3R1, SOS2, SLC10A7, SLC17A5, PCYT1A, PPP1R21, LIFR, MAP2K1, ALMS1, NEK1, NEK9, RBPJ, SHOC2, SMAD4, SPRED1, MANBA, LRRK1, GALNT2, SEC24D, PPM1D, SPRED2, SOS1, NFIX, DNMT3A, P4HB, STIM1, FMN1, EP300, GLB1, ORC4, SPECC1L, SMC1A, TRPS1, AGPS, NSD2, TENT5A, HS2ST1, DYNC2H1, SETD2, OFD1, IKBKB, CPLANE1, PPP1CB, KYNU, VAC14, MAP3K7, HSPA9, TRIM37, NIPBL, SMAD2, PRKACB, SDHB, MTAP, FBXW4, LBR, CEP290, MAP3K20, CDC73, TGFBR2, RREB1, MAPK1, EIF2AK3, ZBTB16, SMC3, LEMD3, KAT6B, NOTCH2, EFL1, ATP11A, RNPC3, GNPTAB, NF1, CREBBP, ANKH, OSTM1, TBXAS1, LPIN2, FAM111A, EXOC6B, ARHGAP31, RUNX2, STAT3, SIL1, GNAS, ACVR1, ARID1B, ERCC6, KMT2A, TTC21B, DYM, XRCC4, RAF1, RALA, STAT5B, CTNNB1, TNFRSF11A, RAD21, ACTB, PTCD3, NSMCE2, RTTN, NIN, KIAA0586, HDAC8, CBL, EFTUD2, ARSB, ZSWIM6, EXT2, IL6ST, GNAI3, TRIP11, SNX10, MCM5, WNT5A, TGFB1, CEP63, RPL13, FIG4, TMEM165, CLCN5, TGFBR1, BRAF, KRAS, TAB2, PTPN11
HP:0001863	Toe clinodactyly	149	0.0465625	1.6768198208041958	5.2403559852502615e-11	4.244688348052712e-09	8.37215419085928	5.390754202026944e-07	RFX7, IARS2, IGF1R, SLC25A24, TCF12, HDAC4, NBAS, ANKRD11, BTRC, CSGALNACT1, FAM20B, DSE, FAR1, IFT80, VPS35L, CDC42, LMBR1, XYLT1, CEP152, CHST11, PNPLA6, HGSNAT, CHSY1, TAPT1, EXT1, CSF1R, NSD1, ATR, PIK3R1, SOS2, SLC10A7, SLC17A5, PCYT1A, PPP1R21, LIFR, MAP2K1, ALMS1, NEK1, NEK9, RBPJ, SHOC2, SMAD4, SPRED1, MANBA, LRRK1, GALNT2, SEC24D, PPM1D, SPRED2, SOS1, NFIX, DNMT3A, P4HB, STIM1, FMN1, EP300, GLB1, ORC4, SPECC1L, SMC1A, TRPS1, AGPS, NSD2, TENT5A, HS2ST1, DYNC2H1, FLI1, SETD2, OFD1, IKBKB, CPLANE1, PPP1CB, KYNU, VAC14, MAP3K7, HSPA9, TRIM37, NIPBL, SMAD2, PRKACB, MTAP, FBXW4, LBR, CEP290, MAP3K20, CDC73, TGFBR2, RREB1, MAPK1, EIF2AK3, ZBTB16, SMC3, LEMD3, KAT6B, NOTCH2, EFL1, RNPC3, GNPTAB, NF1, CREBBP, ANKH, OSTM1, TBXAS1, LPIN2, FAM111A, EXOC6B, ARHGAP31, RUNX2, STAT3, GNAS, ACVR1, ARID1B, KMT2A, TTC21B, DYM, XRCC4, RAF1, RALA, STAT5B, TNFRSF11A, RAD21, ACTB, ATP2B1, NSMCE2, NIN, KIAA0586, HDAC8, CBL, EFTUD2, ARSB, ZSWIM6, EXT2, IL6ST, GNAI3, TRIP11, SNX10, MCM5, WNT5A, TGFB1, CEP63, RPL13, FIG4, TMEM165, CLCN5, TGFBR1, BRAF, KRAS, TAB2, PTPN11
HP:0012725	Cutaneous syndactyly	152	0.0475	1.6754323630136987	3.680549609398882e-11	3.094224808028935e-09	8.50944813622823	3.78618138318863e-07	RFX7, IARS2, IGF1R, SLC25A24, TCF12, HDAC4, NBAS, ANKRD11, BTRC, CSGALNACT1, FAM20B, DSE, FAR1, IFT80, VPS35L, CDC42, LMBR1, XYLT1, PIK3CA, CEP152, CHST11, PNPLA6, HGSNAT, CHSY1, TAPT1, EXT1, CSF1R, NSD1, ATR, PIK3R1, SOS2, SLC10A7, SLC17A5, PCYT1A, PPP1R21, LIFR, MAP2K1, ALMS1, NEK1, NEK9, RBPJ, SHOC2, SMAD4, SPRED1, MANBA, LRRK1, GALNT2, SEC24D, PPM1D, SPRED2, SOS1, NFIX, DNMT3A, P4HB, STIM1, FMN1, EP300, GLB1, ORC4, SPECC1L, SMC1A, TRPS1, AGPS, NSD2, TENT5A, HS2ST1, DYNC2H1, SETD2, OFD1, IKBKB, CPLANE1, PPP1CB, KYNU, VAC14, MAP3K7, HSPA9, TRIM37, NIPBL, SMAD2, PRKACB, GRIP1, MTAP, FBXW4, LBR, CEP290, MAP3K20, CDC73, TGFBR2, RREB1, MAPK1, EIF2AK3, ZBTB16, SMC3, LEMD3, KAT6B, NOTCH2, EFL1, RNPC3, GNPTAB, NF1, CREBBP, ANKH, OSTM1, TBXAS1, LPIN2, FAM111A, EXOC6B, ARHGAP31, CTNND1, RUNX2, STAT3, GNAS, ACVR1, ARID1B, KMT2A, TTC21B, DYM, XRCC4, RAF1, RALA, STAT5B, TNFRSF11A, RAD21, ACTB, CACNA1C, NSMCE2, NIN, KIAA0586, HDAC8, CBL, EFTUD2, ARSB, ZSWIM6, EXT2, IL6ST, GNAI3, TRIP11, SNX10, MCM5, WNT5A, TGFB1, CEP63, RPL13, FIG4, TMEM165, CLCN5, ATP6V1B2, TGFBR1, BRAF, KRAS, TAB2, PTPN11
HP:0003048	Radial head subluxation	148	0.04625	1.671410087719298	7.448735216095087e-11	5.7699483020101835e-09	8.23882807804917	7.662513916797015e-07	IARS2, IGF1R, SLC25A24, TCF12, HDAC4, NBAS, ANKRD11, BTRC, CSGALNACT1, FAM20B, DSE, FAR1, IFT80, VPS35L, CDC42, LMBR1, XYLT1, CEP152, CHST11, PNPLA6, HGSNAT, CHSY1, TAPT1, EXT1, CSF1R, NSD1, ATR, PIK3R1, SOS2, SLC10A7, SLC17A5, PCYT1A, PPP1R21, LIFR, MAP2K1, ALMS1, NEK1, NEK9, RBPJ, SHOC2, SMAD4, SPRED1, MANBA, LRRK1, GALNT2, SEC24D, PPM1D, SPRED2, SOS1, NFIX, DNMT3A, P4HB, STIM1, FMN1, EP300, GLB1, ORC4, SPECC1L, SMC1A, TRPS1, AGPS, NSD2, TENT5A, HS2ST1, DYNC2H1, SETD2, OFD1, IKBKB, CPLANE1, PPP1CB, KYNU, VAC14, MAP3K7, HSPA9, TRIM37, NIPBL, SMAD2, PRKACB, MTAP, FBXW4, LBR, MAP3K20, CEP290, CDC73, TGFBR2, RREB1, MAPK1, EIF2AK3, ZBTB16, SMC3, LEMD3, KAT6B, NOTCH2, EFL1, RNPC3, GNPTAB, NF1, CREBBP, ANKH, OSTM1, TBXAS1, LPIN2, FAM111A, EXOC6B, ARHGAP31, RUNX2, STAT3, GNAS, ACVR1, ARID1B, HNRNPH1, KMT2A, TTC21B, DYM, XRCC4, RAF1, RALA, STAT5B, TNFRSF11A, RAD21, ACTB, NSMCE2, NIN, KIAA0586, HDAC8, CBL, EFTUD2, ARSB, ZSWIM6, EXT2, IL6ST, GNAI3, TRIP11, SNX10, MCM5, WNT5A, TGFB1, CEP63, RPL13, FIG4, TMEM165, CLCN5, TGFBR1, CHD7, BRAF, KRAS, TAB2, PTPN11
HP:0002673	Coxa valga	157	0.0490625	1.6704767561983471	2.432372801602121e-11	2.138617009408634e-09	8.66986698335418	2.502181901008102e-07	IARS2, IGF1R, SLC25A24, TCF12, HDAC4, NBAS, ANKRD11, BTRC, CSGALNACT1, FAM20B, DSE, FAR1, IFT80, VPS35L, CDC42, LMBR1, XYLT1, CEP152, HNRNPK, CHST11, PNPLA6, HGSNAT, CHSY1, TAPT1, EXT1, CSF1R, NSD1, ATR, PIK3R1, SOS2, SLC10A7, CBFB, SLC17A5, PCYT1A, PPP1R21, LIFR, ATRX, MAP2K1, ALMS1, NEK1, NEK9, RBPJ, SHOC2, SMAD4, SPRED1, MANBA, LRRK1, GALNT2, SEC24D, PPM1D, SPRED2, SOS1, NFIX, HNRNPR, DNMT3A, P3H2, P4HB, RPS6KA3, STIM1, FMN1, EP300, GLB1, ORC4, SPECC1L, SMC1A, TRPS1, AGPS, NSD2, TENT5A, HS2ST1, DYNC2H1, SETD2, OFD1, IKBKB, CPLANE1, PPP1CB, KYNU, VAC14, MAP3K7, HSPA9, TRIM37, NIPBL, SMAD2, PRKACB, MTAP, FBXW4, LBR, CEP290, MAP3K20, CDC73, TGFBR2, RREB1, MAPK1, EIF2AK3, ZBTB16, SMC3, LEMD3, KAT6B, NOTCH2, EFL1, RNPC3, GNPTAB, NF1, CREBBP, ANKH, OSTM1, TBXAS1, LPIN2, FAM111A, EXOC6B, ARHGAP31, RUNX2, STAT3, SIL1, GNAS, ACVR1, ARID1B, ERCC6, HNRNPH1, EED, KMT2A, TTC21B, DYM, XRCC4, RAF1, RALA, STAT5B, TNFRSF11A, RAD21, ACTB, NSMCE2, NIN, KIAA0586, HDAC8, CBL, EFTUD2, ARSB, ZSWIM6, EXT2, IL6ST, GNAI3, TRIP11, SNX10, NGLY1, MCM5, WNT5A, TGFB1, CEP63, RPL13, FIG4, TMEM165, CLCN5, TGFBR1, BRAF, KRAS, TAB2, PTPN11
HP:0002938	Lumbar hyperlordosis	162	0.050625	1.668519	1.0834406499179602e-11	1.061462282448196e-09	8.97409543326025	1.1145353965706057e-07	IARS2, IGF1R, SLC25A24, TCF12, HDAC4, NBAS, ANKRD11, BTRC, CSGALNACT1, FAM20B, RAB3GAP2, DSE, FAR1, TPM3, IFT80, VPS35L, CDC42, LMBR1, XYLT1, CEP152, CHST11, PNPLA6, HGSNAT, CHSY1, SYT1, TAPT1, EXT1, RERE, CSF1R, NSD1, ATR, PIK3R1, SOX5, SOS2, SLC10A7, AP1G1, SLC17A5, RYR1, PCYT1A, PPP1R21, LIFR, MAP2K1, ALMS1, NEK1, NEK9, SON, ASH1L, RBPJ, SHOC2, SMAD4, SPRED1, MANBA, LRRK1, GALNT2, SEC24D, HERC1, PPM1D, SPRED2, SOS1, NFIX, DNMT3A, P4HB, STIM1, FMN1, EP300, GLB1, ORC4, SPECC1L, SMC1A, TRPS1, AGPS, NSD2, TENT5A, HS2ST1, HACE1, DYNC2H1, SETD2, OFD1, IKBKB, ITCH, PPP1CB, KYNU, CPLANE1, VAC14, MAP3K7, HSPA9, TRIM37, NIPBL, SMAD2, PRKACB, MTAP, FBXW4, LBR, CEP290, MTMR14, MAP3K20, CDC73, RREB1, TGFBR2, MAPK1, EIF2AK3, ZBTB16, SMC3, LEMD3, KAT6B, NOTCH2, EFL1, RNPC3, GNPTAB, NF1, VPS13B, CREBBP, ANKH, OSTM1, TBXAS1, LPIN2, FAM111A, EXOC6B, ARHGAP31, RUNX2, STAT3, GNAS, ACVR1, ARID1B, KMT2A, TTC21B, DYM, XRCC4, RAF1, RALA, TOGARAM1, STAT5B, TNFRSF11A, RAD21, ACTB, NSMCE2, NIN, KIAA0586, HDAC8, CBL, EFTUD2, ARSB, ZSWIM6, EXT2, IL6ST, DNM2, TRIP11, GNAI3, SNX10, MCM5, WNT5A, TGFB1, CEP63, RPL13, FIG4, TMEM165, CLCN5, TGFBR1, BRAF, KRAS, TAB2, PTPN11
HP:0000716	Depression	113	0.0353125	1.6683536410550457	1.5092041061345193e-08	7.850553573253017e-07	6.105099718371607	0.000155251826398058	C9orf72, FUS, THOC2, CHD8, PRKN, SQSTM1, DNAJC5, VPS35, CTCF, TSC1, ITPR1, BMPR1A, HLA-B, PIK3CA, SCLT1, CSF1R, PXK, MT-CO1, MLH1, GPRC5B, PSEN1, STX16, AP1G1, VAPB, SCAPER, VPS13A, DCTN4, PLP1, ATRX, CEP85L, NEK1, PANK2, FKBP5, BBS9, KIAA0319L, HLA-DQA1, ABCB7, ITGAM, SDCCAG8, CTSH, FMR1, GABRB3, RPS6KA3, DNMT1, PFN1, FRYL, SMC1A, FGF14, VPS13C, SNCA, ATM, SPAST, PON2, CEP290, TGFBR2, RREB1, HTT, MAPK1, GIGYF2, LRRK2, MSH2, SEMA4D, MT-ND1, GDAP2, TCF4, AOPEP, TAF15, GSN, PSAP, MT-ND5, EHMT1, HLA-DRB1, JAZF1, NPAT, EPM2A, ATXN10, NR3C1, GNAS, USP8, DISP1, STAG2, MT-ND4, SYNJ1, CHEK2, SCARB2, TBK1, DEPDC5, BAZ1B, PMS1, MECP2, CLIP2, SLC20A2, PRNP, MT-CO3, ATXN3, XPR1, USP48, ADGRV1, MT-CO2, ATP2A2, TGFB1, PPT1, WDR11, GTF2I, JMJD1C, FIG4, ATXN2, CHD7, BRAF, KRAS, DNAJC13, HLA-DQB1, TET3
HP:0001288	Gait disturbance	173	0.0540625	1.6671159244011975	2.2432863963890603e-12	2.4813642107155123e-10	9.605309485991752	2.3076687159654264e-08	PIBF1, USP9X, FUS, THOC2, AP1S2, PRKN, SPTLC1, TTBK2, SQSTM1, DYNC1H1, CNKSR2, TPM3, MTR, SPG11, ITPR1, ATAD1, BMPR1A, ZBTB20, CSPP1, HLA-B, HSPB1, PIK3CA, HEXB, DNM1L, PNPLA6, MEGF10, BAG3, LAMP2, GDAP1, FBXO38, SBF2, SAMHD1, RERE, CSF1R, CDK8, MT-CO1, HK1, TLR4, GPHN, MLH1, NDUFAF6, ABCD3, PSEN1, SLC1A2, SETX, RYR1, PLP1, YWHAG, EIF2AK2, PANK2, DYRK1A, KPNA3, ABCB7, LNPK, SUFU, UBAP1, HERC1, FMR1, RNF168, RPS6KA3, UBE4B, GLB1, CASK, MTOR, SMC1A, FGF14, SNCA, UBAC2, SPEN, PHIP, LYST, ATM, HACE1, IFNGR1, CELF2, CDK19, CPLANE1, OFD1, EIF2S3, WASHC5, NUP54, DDX6, B3GALNT2, FTL, SMCHD1, CLTC, LUZP1, MTMR14, TGFBR2, HTT, PACS2, EIF2AK3, MSH2, PPP3CA, MT-ND1, GDAP2, ATXN1, SAMD9L, CACNA1B, AOPEP, GNPTAB, PSAP, SLC30A9, MT-ND5, FGF12, SHQ1, VPS37A, NPAT, GBE1, GBF1, PI4KA, TPK1, EPM2A, TRAPPC11, ELOVL5, OPA1, ATP6V1A, JARID2, ANOS1, SPART, MT-ATP6, ERCC6, EED, ARL13B, MICU1, STRADA, MT-ND4, SYNJ1, ADAR, DYM, CHEK2, RNF125, XRCC4, RIC1, TOGARAM1, RANBP2, WWOX, ATP6AP2, BAZ1B, KDM5A, PMS1, USP7, AP4E1, MECP2, NUBPL, CLIP2, RNASEH2B, SLC20A2, KIAA0586, PRNP, DCC, DNM2, MT-CO3, XPR1, MT-CO2, APOE, CTSC, PDK3, WDR11, ASAH1, GTF2I, SACS, FIG4, DDHD1, CHD7, TRAK1, FBXO28, TPP1, TAF1, KRAS, TANGO2, DHTKD1, CACNA1A
HP:0004976	Knee dislocation	149	0.0465625	1.6651752387152778	9.132802957066754e-11	6.75893122441336e-09	8.170121972702791	9.39491440193457e-07	IARS2, IGF1R, SLC25A24, TCF12, HDAC4, NBAS, ANKRD11, BTRC, CSGALNACT1, FAM20B, DSE, FAR1, IFT80, VPS35L, CDC42, LMBR1, XYLT1, CEP152, CHST11, PNPLA6, HGSNAT, CHSY1, TAPT1, EXT1, CSF1R, NSD1, ATR, PIK3R1, SOS2, SLC10A7, SLC17A5, RYR1, PCYT1A, PPP1R21, LIFR, MAP2K1, ALMS1, NEK1, NEK9, RBPJ, SHOC2, SMAD4, SPRED1, MANBA, LRRK1, GALNT2, SEC24D, PPM1D, SPRED2, SOS1, NFIX, DNMT3A, P4HB, STIM1, FMN1, EP300, GLB1, ORC4, SPECC1L, SMC1A, TRPS1, AGPS, NSD2, TENT5A, HS2ST1, DYNC2H1, SETD2, OFD1, IKBKB, CPLANE1, PPP1CB, KYNU, VAC14, MAP3K7, HSPA9, TRIM37, NIPBL, SMAD2, PRKACB, MTAP, FBXW4, LBR, CEP290, MAP3K20, CDC73, TGFBR2, RREB1, MAPK1, EIF2AK3, ZBTB16, SMC3, LEMD3, KAT6B, NOTCH2, EFL1, RNPC3, GNPTAB, NF1, CREBBP, ANKH, OSTM1, TBXAS1, LPIN2, FAM111A, EXOC6B, ARHGAP31, RUNX2, STAT3, GNAS, ACVR1, ARID1B, HNRNPH1, KMT2A, TTC21B, DYM, XRCC4, RAF1, RALA, STAT5B, TNFRSF11A, RAD21, ACTB, P4HA1, NSMCE2, NIN, KIAA0586, HDAC8, CBL, EFTUD2, ARSB, ZSWIM6, EXT2, IL6ST, GNAI3, TRIP11, SNX10, MCM5, WNT5A, TGFB1, CEP63, RPL13, FIG4, TMEM165, CLCN5, TGFBR1, BRAF, KRAS, TAB2, PTPN11
HP:0009803	Short phalanx of finger	150	0.046875	1.6647898706896551	7.404033663908053e-11	5.7699483020101835e-09	8.23882807804917	7.616529430062214e-07	SMARCA2, MIA3, IARS2, IGF1R, SLC25A24, TCF12, HDAC4, NBAS, ANKRD11, BTRC, CSGALNACT1, FAM20B, RAB3GAP2, DSE, FAR1, IFT80, VPS35L, CDC42, LMBR1, XYLT1, CEP152, CHST11, PNPLA6, HGSNAT, CHSY1, TAPT1, EXT1, CSF1R, NSD1, ATR, PIK3R1, SOS2, SLC10A7, SLC17A5, PCYT1A, PPP1R21, LIFR, MAP2K1, ALMS1, NEK1, NEK9, RBPJ, SHOC2, SMAD4, SPRED1, MANBA, LRRK1, GALNT2, SEC24D, PPM1D, SPRED2, SOS1, NFIX, DNMT3A, P4HB, STIM1, FMN1, EP300, GLB1, ORC4, SPECC1L, SMC1A, TRPS1, AGPS, NSD2, TENT5A, HS2ST1, DYNC2H1, SETD2, OFD1, IKBKB, CPLANE1, PPP1CB, KYNU, VAC14, MAP3K7, HSPA9, TRIM37, NIPBL, SMAD2, PRKACB, MTAP, FBXW4, LBR, CEP290, MAP3K20, CDC73, TGFBR2, RREB1, MAPK1, EIF2AK3, ZBTB16, SMC3, LEMD3, KAT6B, NOTCH2, EFL1, RNPC3, GNPTAB, NF1, CREBBP, ANKH, OSTM1, ANAPC1, TBXAS1, LPIN2, FAM111A, EXOC6B, ARHGAP31, RUNX2, STAT3, GNAS, ACVR1, ARID1B, KMT2A, TTC21B, DYM, XRCC4, RAF1, RALA, STAT5B, TNFRSF11A, RAD21, ACTB, NSMCE2, NIN, KIAA0586, HDAC8, CBL, EFTUD2, ARSB, ZSWIM6, EXT2, IL6ST, GNAI3, TRIP11, SNX10, MCM5, WNT5A, TGFB1, CEP63, RPL13, FIG4, TMEM165, CLCN5, TGFBR1, BRAF, KRAS, TAB2, PTPN11
HP:0003180	Flat acetabular roof	147	0.0459375	1.6630343804920913	1.521111112264364e-10	1.0501791954270814e-08	7.978736589553735	1.5647670011863514e-06	IARS2, IGF1R, SLC25A24, TCF12, HDAC4, NBAS, ANKRD11, BTRC, CSGALNACT1, FAM20B, DSE, FAR1, IFT80, VPS35L, CDC42, LMBR1, XYLT1, CEP152, CHST11, PNPLA6, HGSNAT, CHSY1, TAPT1, EXT1, CSF1R, NSD1, ATR, PIK3R1, SOS2, SLC10A7, SLC17A5, PCYT1A, PPP1R21, LIFR, MAP2K1, ALMS1, NEK1, NEK9, RBPJ, SHOC2, SMAD4, SPRED1, MANBA, LRRK1, GALNT2, SEC24D, PPM1D, SPRED2, SOS1, NFIX, DNMT3A, P4HB, STIM1, FMN1, EP300, GLB1, ORC4, SPECC1L, SMC1A, TRPS1, AGPS, NSD2, TENT5A, HS2ST1, DYNC2H1, SETD2, OFD1, IKBKB, CPLANE1, PPP1CB, KYNU, VAC14, MAP3K7, HSPA9, TRIM37, NIPBL, SMAD2, PRKACB, MTAP, FBXW4, LBR, MAP3K20, CEP290, CDC73, TGFBR2, RREB1, MAPK1, EIF2AK3, ZBTB16, SMC3, LEMD3, KAT6B, NOTCH2, EFL1, RNPC3, GNPTAB, NF1, CREBBP, ANKH, OSTM1, TBXAS1, LPIN2, FAM111A, EXOC6B, ARHGAP31, RUNX2, STAT3, GNAS, ACVR1, ARID1B, KMT2A, TTC21B, DYM, XRCC4, RAF1, RALA, CHD4, STAT5B, TNFRSF11A, RAD21, ACTB, NSMCE2, NIN, KIAA0586, HDAC8, CBL, EFTUD2, ARSB, ZSWIM6, EXT2, IL6ST, GNAI3, TRIP11, SNX10, MCM5, WNT5A, TGFB1, CEP63, RPL13, FIG4, TMEM165, CLCN5, TGFBR1, BRAF, KRAS, TAB2, PTPN11
HP:0000648	Optic atrophy	160	0.05	1.661209677419355	2.0360301328622414e-11	1.8212732153699024e-09	8.73962489933024	2.0944641976753877e-07	MT-ND3, IARS2, NBAS, AP1S2, RAB3GAP1, NT5C2, RAB3GAP2, AUH, CNKSR2, VPS35L, TSC1, CDC42, STT3B, RBMX, PEX14, SLC44A1, PEX3, CSPP1, HLA-B, PIK3CA, EPG5, ZEB2, DNM1L, HGSNAT, PNPLA6, CHSY1, SELENOI, SBF2, AKT3, PIGU, RERE, CSF1R, FBXL4, ASXL1, MT-CO1, ZNF592, TBC1D2B, GNAQ, HK1, SOX5, MT-ND4L, SLC1A2, YME1L1, SCAPER, PPP1R21, PLP1, SEC23A, ALG13, MAP2K1, ATRX, YWHAG, PANK2, DYRK1A, SON, RHOA, SLC25A46, ABHD12, SEL1L, RAB18, NFIX, POGZ, ATG7, COX10, RPS6KA3, UBE4B, DNMT1, GLB1, CASK, MTOR, RNF216, SPEN, NSD2, KANSL1, ELP4, CELF2, CDK19, OFD1, WASHC5, NUP54, VPS53, NIPBL, B3GALNT2, VRK1, RFC1, HUWE1, CEP290, DENND5A, CLTC, LUZP1, DPYD, RREB1, SMCHD1, PACS2, ST3GAL5, PPP3CA, AFF4, MT-ND1, ATXN1, CACNA1B, LRRC8C, AGTPBP1, PSAP, VPS13B, SLC30A9, MT-ND5, ANKH, OSTM1, KIZ, FGF12, SSBP1, HLA-DRB1, DIAPH1, SEC31A, PI4KA, NDUFS1, TRAPPC11, SIL1, OPA1, ATP6V1A, CLCN3, MT-ATP6, ERCC6, MICU1, MT-ND4, SYNJ1, NADK2, ADAR, MT-CYB, WWOX, FRMPD4, CTNNB1, TNFRSF11A, ATXN7, PTCD3, NARS2, NDUFAF5, SCYL2, TRAPPC12, MT-ND2, MT-CO3, SNX10, MT-CO2, NGLY1, NDUFAF2, NDUFV2, TGFB1, MYO5A, PPT1, JMJD1C, CCDC88A, ATP6V1B2, CHD7, TRAK1, FBXO28, KRAS, MFF, BRAF, TANGO2, CACNA1A, KAT6A
HP:0000311	Round face	163	0.0509375	1.6602239912974683	1.4177836575441713e-11	1.3022089718890081e-09	8.88531931680016	1.458474048515689e-07	IARS2, IGF1R, SLC25A24, TCF12, HDAC4, NBAS, ANKRD11, BTRC, CSGALNACT1, FAM20B, DSE, DIS3L2, FAR1, IFT80, VPS35L, CDC42, ADARB1, LMBR1, XYLT1, CEP152, KDM4B, CHST11, PNPLA6, HGSNAT, CHSY1, NEDD4L, TAPT1, EXT1, CSF1R, NSD1, ATR, PIK3R1, SOS2, SLC10A7, MED13L, STX16, SLC17A5, PCYT1A, TRAPPC9, PPP1R21, LIFR, MAP2K1, ALMS1, NEK1, NEK9, RBPJ, SHOC2, SMAD4, SPRED1, MANBA, LRRK1, GALNT2, SEC24D, PPM1D, SPRED2, SOS1, NFIX, DNMT3A, P4HB, STIM1, FMN1, EP300, GLB1, ORC4, SPECC1L, SMC1A, TRPS1, AGPS, PHIP, NSD2, TENT5A, HS2ST1, DYNC2H1, SETD2, OFD1, IKBKB, CPLANE1, PPP1CB, KYNU, EIF2S3, VAC14, MAP3K7, HSPA9, TRIM37, NIPBL, SMAD2, PRKACB, MTAP, FBXW4, LBR, CEP290, MAP3K20, CDC73, TGFBR2, RREB1, MAPK1, EIF2AK3, ZBTB16, SMC3, LEMD3, KAT6B, NOTCH2, AFF4, EFL1, MRPS28, RNPC3, GNPTAB, NF1, CREBBP, ANKH, OSTM1, TBXAS1, LPIN2, FAM111A, EXOC6B, ARHGAP31, RUNX2, STAT3, GNAS, ACVR1, ARID1B, EED, KMT2A, TTC21B, DYM, SUZ12, XRCC4, RAF1, RALA, WWOX, STAT5B, TNFRSF11A, RAD21, ACTB, CACNA1C, NSMCE2, NIN, KIAA0586, HDAC8, CBL, EFTUD2, ARSB, ZSWIM6, EXT2, IL6ST, GNAI3, TRIP11, RECQL, SNX10, HNRNPC, MCM5, WNT5A, TGFB1, CEP63, RPL13, FIG4, TMEM165, CLCN5, TGFBR1, BRAF, KRAS, TAB2, PTPN11
HP:0002656	Epiphyseal dysplasia	147	0.0459375	1.6601167763157894	1.601111292176145e-10	1.0907703220275498e-08	7.962266686970792	1.6470631862616004e-06	IARS2, IGF1R, SLC25A24, TCF12, HDAC4, NBAS, ANKRD11, BTRC, CSGALNACT1, FAM20B, DSE, FAR1, IFT80, VPS35L, CDC42, LMBR1, XYLT1, CEP152, CHST11, PNPLA6, HGSNAT, CHSY1, TAPT1, EXT1, CSF1R, NSD1, ATR, PIK3R1, SOS2, SLC10A7, SLC17A5, PCYT1A, PPP1R21, LIFR, MAP2K1, ALMS1, NEK1, NEK9, RBPJ, SHOC2, SMAD4, SPRED1, MANBA, LRRK1, GALNT2, SEC24D, PPM1D, SPRED2, SOS1, NFIX, DNMT3A, P4HB, STIM1, FMN1, EP300, GLB1, ORC4, SPECC1L, SMC1A, TRPS1, AGPS, NSD2, TENT5A, HS2ST1, DYNC2H1, SETD2, OFD1, IKBKB, CPLANE1, PPP1CB, KYNU, VAC14, MAP3K7, HSPA9, TRIM37, NIPBL, SMAD2, PRKACB, MTAP, FBXW4, LBR, MAP3K20, CEP290, CDC73, DPYD, RREB1, TGFBR2, MAPK1, EIF2AK3, ZBTB16, SMC3, LEMD3, KAT6B, NOTCH2, EFL1, RNPC3, GNPTAB, NF1, CREBBP, ANKH, OSTM1, TBXAS1, LPIN2, FAM111A, EXOC6B, ARHGAP31, RUNX2, STAT3, GNAS, ACVR1, ARID1B, KMT2A, TTC21B, DYM, XRCC4, RAF1, RALA, STAT5B, TNFRSF11A, RAD21, ACTB, NSMCE2, NIN, KIAA0586, HDAC8, CBL, EFTUD2, ARSB, ZSWIM6, EXT2, IL6ST, GNAI3, TRIP11, SNX10, MCM5, WNT5A, TGFB1, CEP63, RPL13, FIG4, TMEM165, CLCN5, TGFBR1, BRAF, KRAS, TAB2, PTPN11
HP:0000894	Short clavicles	149	0.0465625	1.6594133866782006	1.4279441038228884e-10	9.925176348666251e-09	8.003261768033639	1.4689260996026052e-06	IARS2, IGF1R, SLC25A24, TCF12, HDAC4, NBAS, ANKRD11, BTRC, CSGALNACT1, FAM20B, DSE, FAR1, IFT80, VPS35L, CDC42, LMBR1, XYLT1, CEP152, CHST11, PNPLA6, HGSNAT, CHSY1, TAPT1, EXT1, CSF1R, NSD1, ATR, PIK3R1, SOS2, SLC10A7, CBFB, SLC17A5, PCYT1A, PPP1R21, LIFR, MAP2K1, ALMS1, NEK1, NEK9, RBPJ, SHOC2, SMAD4, SPRED1, MANBA, LRRK1, GALNT2, SEC24D, PPM1D, SPRED2, SOS1, NFIX, DNMT3A, P4HB, STIM1, FMN1, EP300, GLB1, ORC4, SPECC1L, SMC1A, TRPS1, AGPS, NSD2, TENT5A, HS2ST1, DYNC2H1, SETD2, OFD1, IKBKB, CPLANE1, PPP1CB, KYNU, VAC14, MAP3K7, CDC42BPB, HSPA9, TRIM37, NIPBL, SMAD2, PRKACB, MTAP, FBXW4, LBR, MAP3K20, CEP290, CDC73, TGFBR2, RREB1, MAPK1, EIF2AK3, ZBTB16, SMC3, LEMD3, KAT6B, NOTCH2, EFL1, RNPC3, GNPTAB, NF1, CREBBP, ANKH, OSTM1, TBXAS1, LPIN2, FAM111A, EXOC6B, ARHGAP31, RUNX2, STAT3, GNAS, ACVR1, ARID1B, KMT2A, TTC21B, DYM, XRCC4, RAF1, RALA, CHD4, STAT5B, TNFRSF11A, RAD21, ACTB, NSMCE2, NIN, KIAA0586, HDAC8, CBL, EFTUD2, ARSB, ZSWIM6, EXT2, IL6ST, GNAI3, TRIP11, SNX10, MCM5, WNT5A, TGFB1, CEP63, RPL13, FIG4, TMEM165, CLCN5, TGFBR1, BRAF, KRAS, TAB2, PTPN11
HP:0000193	Bifid uvula	176	0.055	1.6587774524158128	2.563613674911132e-12	2.8055206248734906e-10	9.551986534219187	2.6371893873810817e-08	RFX7, IARS2, IGF1R, SLC25A24, TCF12, USP9X, HDAC4, NBAS, ANKRD11, BTRC, KDM6A, CSGALNACT1, FAM20B, DSE, FAR1, IFT80, VPS35L, CDC42, LMBR1, XYLT1, CEP152, HNRNPK, ZEB2, CHST11, HGSNAT, PNPLA6, CHSY1, TAPT1, SELENOI, EXT1, ASPH, CSF1R, NSD1, ATR, PIK3R1, SOS2, SLC10A7, SLC17A5, RYR1, PCYT1A, PPP1R21, SEC23A, LIFR, MAP2K1, ALMS1, NEK1, NEK9, SON, RBPJ, SHOC2, SMAD4, SPRED1, CUL3, MANBA, DDX3X, LRRK1, GALNT2, SEC24D, PPM1D, SPRED2, SOS1, NFIX, POGZ, DNMT3A, P3H2, P4HB, STIM1, FMN1, EP300, GLB1, ORC4, SPECC1L, SMC1A, TRPS1, AGPS, NSD2, FBXO11, TENT5A, HS2ST1, DYNC2H1, SETD2, OFD1, IKBKB, CPLANE1, PPP1CB, KYNU, VAC14, MAP3K7, HSPA9, TRIM37, NIPBL, SMAD2, PRKACB, B3GALNT2, MTAP, SUPT16H, FBXW4, LBR, CEP290, MAP3K20, CDC73, TGFBR2, RREB1, SMCHD1, MAPK1, EIF2AK3, FTO, ZBTB16, LEMD3, SMC3, KMT2C, KAT6B, NOTCH2, SMS, EFL1, RNPC3, GNPTAB, NF1, CREBBP, ANKH, OSTM1, TBXAS1, LPIN2, FAM111A, EXOC6B, ARHGAP31, RUNX2, STAT3, RPL5, GNAS, ACVR1, ARID1B, DISP1, STAG2, KMT2A, TTC21B, DYM, RPS28, XRCC4, RAF1, RALA, CHD4, STAT5B, CTNNB1, TNFRSF11A, RAD21, ACTB, NSMCE2, NIN, POLA1, KIAA0586, HDAC8, CBL, EFTUD2, ARSB, ZSWIM6, EXT2, IL6ST, GNAI3, TRIP11, SNX10, IPO8, MCM5, WNT5A, TGFB1, CEP63, RPL13, FIG4, TMEM165, CLCN5, ATP6V1B2, TGFBR1, BRAF, KRAS, TAB2, PTPN11
HP:0033102	Monkey wrench femoral neck	146	0.045625	1.6575473985890652	2.1191763634570888e-10	1.4248344608420308e-08	7.846235589633703	2.179996725088307e-06	IARS2, IGF1R, SLC25A24, TCF12, HDAC4, NBAS, ANKRD11, BTRC, CSGALNACT1, FAM20B, DSE, FAR1, IFT80, VPS35L, CDC42, LMBR1, XYLT1, CEP152, CHST11, PNPLA6, HGSNAT, CHSY1, TAPT1, EXT1, CSF1R, NSD1, ATR, PIK3R1, SOS2, SLC10A7, SLC17A5, PCYT1A, PPP1R21, LIFR, MAP2K1, ALMS1, NEK1, NEK9, RBPJ, SHOC2, SMAD4, SPRED1, MANBA, LRRK1, GALNT2, SEC24D, PPM1D, SPRED2, SOS1, NFIX, DNMT3A, P4HB, STIM1, FMN1, EP300, GLB1, ORC4, SPECC1L, SMC1A, TRPS1, AGPS, NSD2, TENT5A, HS2ST1, DYNC2H1, SETD2, OFD1, IKBKB, CPLANE1, PPP1CB, KYNU, VAC14, MAP3K7, HSPA9, TRIM37, NIPBL, SMAD2, PRKACB, MTAP, FBXW4, LBR, MAP3K20, CEP290, CDC73, TGFBR2, RREB1, MAPK1, EIF2AK3, ZBTB16, SMC3, LEMD3, KAT6B, NOTCH2, EFL1, RNPC3, GNPTAB, NF1, CREBBP, ANKH, OSTM1, TBXAS1, LPIN2, FAM111A, EXOC6B, ARHGAP31, RUNX2, STAT3, GNAS, ACVR1, ARID1B, KMT2A, TTC21B, DYM, XRCC4, RAF1, RALA, STAT5B, TNFRSF11A, RAD21, ACTB, NSMCE2, NIN, KIAA0586, HDAC8, CBL, EFTUD2, ARSB, ZSWIM6, EXT2, IL6ST, GNAI3, TRIP11, SNX10, MCM5, WNT5A, TGFB1, CEP63, RPL13, FIG4, TMEM165, CLCN5, TGFBR1, BRAF, KRAS, TAB2, PTPN11
HP:6000816	Prominent lesser trochanter	146	0.045625	1.6575473985890652	2.1191763634570888e-10	1.4248344608420308e-08	7.846235589633703	2.179996725088307e-06	IARS2, IGF1R, SLC25A24, TCF12, HDAC4, NBAS, ANKRD11, BTRC, CSGALNACT1, FAM20B, DSE, FAR1, IFT80, VPS35L, CDC42, LMBR1, XYLT1, CEP152, CHST11, PNPLA6, HGSNAT, CHSY1, TAPT1, EXT1, CSF1R, NSD1, ATR, PIK3R1, SOS2, SLC10A7, SLC17A5, PCYT1A, PPP1R21, LIFR, MAP2K1, ALMS1, NEK1, NEK9, RBPJ, SHOC2, SMAD4, SPRED1, MANBA, LRRK1, GALNT2, SEC24D, PPM1D, SPRED2, SOS1, NFIX, DNMT3A, P4HB, STIM1, FMN1, EP300, GLB1, ORC4, SPECC1L, SMC1A, TRPS1, AGPS, NSD2, TENT5A, HS2ST1, DYNC2H1, SETD2, OFD1, IKBKB, CPLANE1, PPP1CB, KYNU, VAC14, MAP3K7, HSPA9, TRIM37, NIPBL, SMAD2, PRKACB, MTAP, FBXW4, LBR, MAP3K20, CEP290, CDC73, TGFBR2, RREB1, MAPK1, EIF2AK3, ZBTB16, SMC3, LEMD3, KAT6B, NOTCH2, EFL1, RNPC3, GNPTAB, NF1, CREBBP, ANKH, OSTM1, TBXAS1, LPIN2, FAM111A, EXOC6B, ARHGAP31, RUNX2, STAT3, GNAS, ACVR1, ARID1B, KMT2A, TTC21B, DYM, XRCC4, RAF1, RALA, STAT5B, TNFRSF11A, RAD21, ACTB, NSMCE2, NIN, KIAA0586, HDAC8, CBL, EFTUD2, ARSB, ZSWIM6, EXT2, IL6ST, GNAI3, TRIP11, SNX10, MCM5, WNT5A, TGFB1, CEP63, RPL13, FIG4, TMEM165, CLCN5, TGFBR1, BRAF, KRAS, TAB2, PTPN11
HP:0001249	Intellectual disability	499	0.1559375	1.656604725373904	2.512681271022793e-34	4.307992039168578e-31	30.365725107915456	2.584795223501147e-30	IGF1R, SLC25A24, ANKRD11, SETD5, DSE, DMXL2, MTR, SIN3A, FBXW11, ATAD1, TMLHE, ZBTB20, EPG5, HECTD4, RSRC1, CHSY1, HNRNPK, HGSNAT, PDE10A, SCLT1, VPS41, ZNF592, OXR1, GNAQ, PIK3R1, PSEN1, FOXP2, PPARG, YME1L1, WLS, PANK2, EIF2AK2, HNMT, SON, SMAD4, CACNA1D, MANBA, GALNT2, CHD1, HERC1, SEC24D, SOS1, ARID1A, RPS6KA3, STIM1, UBE4B, PIGN, NSD2, TENT5A, HS2ST1, DYNC2H1, SETD2, OFD1, VAC14, PPP1CB, MAP3K7, HSPA9, VPS53, B3GALNT2, GPI, SUPT16H, FBXW4, DPYD, SMCHD1, MAPK1, LEMD3, FOXP1, PPP3CA, KAT6B, NAA15, PUS7, CEP295, OSTM1, ANAPC1, LPIN2, RNF220, SHQ1, GBE1, MGME1, TNRC6B, TRPM3, PHF21A, MAGT1, USP8, STAG2, KMT2A, INSR, TTC21B, SCAF4, SCARB2, RIC1, DEPDC5, MED27, WWOX, FRMPD4, CEP57, USP7, TNFRSF11A, RAD21, P4HA1, ATP2B1, NPC2, BRCA1, CACNA1C, NSMCE2, ZMYM2, KANK1, KIAA0586, ARSB, GNAI3, OGT, SNX10, NGLY1, PAK2, TGFB1, ASAH1, RPL13, JMJD1C, ANO10, ATP6V1B2, SNX14, MBOAT7, CHD7, TANGO2, MARK2, AGO2, KAT6A, IARS2, DAP3, HDAC4, THOC2, RPS19, HERC2, CHD8, RAB3GAP1, CHD6, FAM20B, CNKSR2, NNT, SPG11, ITPR1, CEP152, PIK3CA, PMM2, CHST11, GLUD1, ATP6V0C, NEDD4L, MEGF10, CSF1R, HPRT1, PRORP, MBD5, SLC17A5, PLP1, MAP2K1, ALMS1, NIPA2, NFIA, ZNF292, RBPJ, RHOA, NBN, LRP1, SDCCAG8, SPRED2, DNMT3A, RB1, P4HB, FMN1, ACSL4, WDFY3, MTOR, LYST, AGPS, FLI1, CELF2, CDK19, CPLANE1, PGK1, PARN, CDC42BPB, MCCC1, ARFGEF2, GRIP1, HUWE1, GRIN2B, IQCB1, LBR, MAP3K20, ZBTB16, SMC3, CERT1, SLC12A6, KMT2C, AFF4, TCF4, TUBB, TRRAP, GNPTAB, CREBBP, RAC1, KDM3B, FGF12, ARHGAP31, GRIA2, RUBCN, OPA1, ATP6V1A, ATP6V0A1, FRA10AC1, CLCN3, ERCC6, ZBTB7A, DISP1, HNRNPH1, ARL13B, STRADA, DIP2B, UBR1, MYT1L, KMT5B, DYM, NEMF, RNF125, ATP6AP2, KDM5A, CTNNB1, ACTB, ZC3H14, EFTUD2, ZSWIM6, EXT2, DCC, TRIP11, NSUN6, RFWD3, GNB1, MCM5, CEP63, TTI1, NFIB, PTPN11, CRADD, CDK13, KCNQ5, RFX7, TCF12, HNRNPU, NBAS, BTRC, CSGALNACT1, RAD50, IFT80, FRMD4A, VPS35L, CDC42, BMPR1A, CLPB, LMBR1, XYLT1, WDR26, KDM4B, PNPLA6, EXT1, ASPH, AKT3, RERE, GRIA1, CDK8, TRIO, NSD1, FBXW7, YY1, HK1, SORL1, ABL1, ATR, SOS2, SLC10A7, AP1G1, SLC1A2, SCAPER, PCYT1A, TRAPPC9, LIFR, CEP85L, YWHAG, DYRK1A, ASH1L, SPRED1, SOX6, SUFU, SLC1A3, PAFAH1B1, ZMIZ1, PCCA, COX10, GABRB3, WAC, MAF, RASA2, EP300, GLB1, TRPS1, SPECC1L, FRYL, ST3GAL3, EIF2S3, NUP54, DDX6, VRK1, SDHB, PRKACB, YEATS2, LUZP1, OPHN1, AUTS2, WDR37, PDCD6IP, CACNA1B, RNPC3, PACS1, VPS13B, EHMT1, PI4KA, HNRNPA2B1, TLK2, NUP107, STAT3, COG3, QDPR, GNAS, ACVR1, PDZD8, RALA, CSNK2A1, MECP2, LMBRD1, CLIP2, CHD2, NIN, MYSM1, IL6ST, RAP1GDS1, CUX1, ATP2A2, BPTF, MYO5A, AQP4, SACS, TAOK1, TGFBR1, BRAF, FBXO28, TAF1, TAB2, EIF4A2, CACNA1A, TET3, SMARCA2, FANCC, LAMA2, PIBF1, USP9X, ADNP, ARID2, NT5C2, KDM6A, DYNC1H1, RAB3GAP2, DIS3L2, FAR1, CTCF, FUT8, TBL1XR1, TSC1, STT3B, RBMX, CSPP1, COG5, CAMTA1, ADARB1, ZEB2, SYT1, TAPT1, ZNF148, LAMP2, KIDINS220, CNTNAP2, RNF213, SOX5, GPHN, ELP2, CWC27, PPP1R21, GRM7, ROBO1, ATRX, NEK1, NEK9, BBS9, MCPH1, PUM1, SHOC2, SPOP, MAPRE2, TAF2, DDX3X, LRRK1, PPM1D, CACNB4, GRIA3, SUCLA2, NFIX, POGZ, CASK, ORC4, SMC1A, PHIP, SPEN, ASXL2, FBXO11, SPAST, KANSL1, HACE1, TRIP12, DOCK7, IKBKB, KYNU, WASHC5, BRD4, TRIM37, NIPBL, SMAD2, STAG1, MTAP, HELLS, CDC73, CLTC, CEP290, TGFBR2, RREB1, PACS2, EIF2AK3, NOTCH2, SMS, EFL1, NF1, ANKH, TBXAS1, FAM111A, EXOC6B, DIAPH1, WASHC4, PURA, RUNX2, TRAPPC11, SIL1, JARID2, ARID1B, EED, CNOT1, SYNJ1, SUZ12, GRIK2, XRCC4, RAF1, UBE3A, CHD4, PTEN, EDEM3, TOGARAM1, RANBP2, STAT5B, BAZ1B, SECISBP2, CEP83, GATM, BRWD3, POLA1, HDAC8, CBL, YY1AP1, TSEN15, IPO8, WNT5A, PPT1, TANC2, WDR11, GTF2I, FIG4, TMEM165, CLCN5, FANCL, TRAK1, KRAS, GRIA4, C2CD3
HP:0012368	Flat face	163	0.0509375	1.6549866916403786	2.1816598448440297e-11	1.9347185193026323e-09	8.713382211216594	2.2442734823910535e-07	SMARCA2, MIA3, IARS2, IGF1R, SLC25A24, TCF12, PPP1R12A, HDAC4, NBAS, ANKRD11, BTRC, CSGALNACT1, FAM20B, DSE, FAR1, IFT80, VPS35L, CDC42, PEX14, PEX3, LMBR1, XYLT1, CEP152, CHST11, PNPLA6, HGSNAT, CHSY1, TAPT1, EXT1, CSF1R, NSD1, ATR, PIK3R1, SOS2, SLC10A7, SLC17A5, PCYT1A, PPP1R21, LIFR, ATRX, MAP2K1, ALMS1, NEK1, NEK9, RBPJ, SHOC2, SMAD4, SPRED1, MAPRE2, MANBA, LRRK1, GALNT2, SEC24D, PPM1D, SPRED2, SOS1, NFIX, DNMT3A, P4HB, STIM1, FMN1, MAF, EP300, GLB1, ORC4, SPECC1L, SMC1A, TRPS1, AGPS, NSD2, TENT5A, HS2ST1, DYNC2H1, SETD2, PPP2R3C, OFD1, IKBKB, CPLANE1, PPP1CB, KYNU, VAC14, MAP3K7, HSPA9, TRIM37, NIPBL, SMAD2, PRKACB, MTAP, FBXW4, LBR, HELLS, CEP290, MAP3K20, CAMK2G, RREB1, CDC73, MAPK1, EIF2AK3, ZBTB16, TGFBR2, LEMD3, SMC3, KAT6B, NOTCH2, TUBB, EFL1, RNPC3, GNPTAB, NF1, CREBBP, ANKH, OSTM1, TBXAS1, LPIN2, FAM111A, EXOC6B, EHMT1, ARHGAP31, CTNND1, RUNX2, STAT3, GNAS, ACVR1, ARID1B, KMT2A, TTC21B, DYM, XRCC4, RAF1, RALA, STAT5B, CTNNB1, TNFRSF11A, RAD21, ACTB, P4HA1, NSMCE2, NIN, KIAA0586, HDAC8, CBL, EFTUD2, ARSB, ZSWIM6, EXT2, IL6ST, GNAI3, TRIP11, KIF5B, SNX10, MCM5, WNT5A, TGFB1, CEP63, RPL13, FIG4, TMEM165, CLCN5, TGFBR1, BRAF, KRAS, TAB2, PTPN11
HP:0004233	Advanced ossification of carpal bones	146	0.045625	1.654629181338028	2.2517626464289569e-10	1.4944440221815922e-08	7.825520347813023	2.316388234381468e-06	IARS2, IGF1R, SLC25A24, TCF12, HDAC4, NBAS, ANKRD11, BTRC, CSGALNACT1, FAM20B, DSE, FAR1, IFT80, VPS35L, CDC42, LMBR1, XYLT1, CEP152, CHST11, PNPLA6, HGSNAT, CHSY1, TAPT1, EXT1, CSF1R, NSD1, ATR, PIK3R1, SOS2, SLC10A7, SLC17A5, PCYT1A, PPP1R21, LIFR, MAP2K1, ALMS1, NEK1, NEK9, RBPJ, SHOC2, SMAD4, SPRED1, MANBA, LRRK1, GALNT2, SEC24D, PPM1D, SPRED2, SOS1, NFIX, DNMT3A, P4HB, STIM1, FMN1, EP300, GLB1, ORC4, SPECC1L, SMC1A, TRPS1, AGPS, NSD2, TENT5A, HS2ST1, DYNC2H1, SETD2, OFD1, IKBKB, CPLANE1, PPP1CB, KYNU, VAC14, MAP3K7, HSPA9, TRIM37, NIPBL, SMAD2, PRKACB, MTAP, FBXW4, LBR, MAP3K20, CEP290, CDC73, TGFBR2, RREB1, MAPK1, EIF2AK3, ZBTB16, SMC3, LEMD3, KAT6B, NOTCH2, EFL1, RNPC3, GNPTAB, NF1, CREBBP, ANKH, OSTM1, TBXAS1, LPIN2, FAM111A, EXOC6B, ARHGAP31, RUNX2, STAT3, GNAS, ACVR1, ARID1B, KMT2A, TTC21B, DYM, XRCC4, RAF1, RALA, STAT5B, TNFRSF11A, RAD21, ACTB, NSMCE2, NIN, KIAA0586, HDAC8, CBL, EFTUD2, ARSB, ZSWIM6, EXT2, IL6ST, GNAI3, TRIP11, SNX10, MCM5, WNT5A, TGFB1, CEP63, RPL13, FIG4, TMEM165, CLCN5, TGFBR1, BRAF, KRAS, TAB2, PTPN11
HP:0000639	Nystagmus	256	0.08	1.6545381526104417	2.4656484227113695e-17	5.63647229431819e-15	14.248992623401142	2.5364125324431857e-13	MT-ND3, FANCC, RFX7, RNASET2, IARS2, POC1B, SLC25A24, PIBF1, FUS, THOC2, ANKRD11, NT5C2, CHD6, KDM6A, RIMS1, SPTLC1, SQSTM1, TTBK2, HIBCH, CNKSR2, SIN3A, MTR, ITPR1, SPG11, LRMDA, PEX14, LRPPRC, CLPB, PEX3, CSPP1, PIK3R5, CAMTA1, HLA-B, ATF6, PNPT1, HPS3, EPG5, PMM2, DNM1L, HGSNAT, PNPLA6, SYT1, ADD3, SCLT1, KIDINS220, SAMHD1, VPS41, PIGU, RERE, CSF1R, APC, CNTNAP2, FBXL4, NSD1, OXR1, HK1, NSUN3, SOS2, STX16, SLC1A2, SETX, SCAPER, SLC17A5, PCYT1A, PLP1, ROBO1, ALG13, MAP2K1, ALMS1, YWHAG, TBCK, BBS9, SON, ZNF292, HSPD1, RHOA, SLC25A46, ABHD12, ABCB7, TAF2, SUFU, GALNT2, SDCCAG8, SLC1A3, CACNB4, SPRED2, FMR1, ACBD6, SOS1, RAB18, NFIX, POGZ, HNRNPR, COX10, MAF, UBE4B, DNMT1, EP300, RASA2, CASK, RNF216, SMC1A, SPEN, PHIP, PIGN, NSD2, LYST, BRAF, ATM, SPAST, CELF2, CDK19, CPLANE1, RAP1B, PPP1CB, OFD1, EIF2S3, BRD4, KCNMA1, NIPBL, CHKA, HPS5, VRK1, UGP2, SDHB, RFC1, CACNA1E, HUWE1, IQCB1, CEP290, DPYD, LUZP1, CLTC, TMEM163, OPHN1, IFRD1, PACS2, NDUFS4, SMC3, DTNBP1, FOXP1, PPP3CA, SLC12A6, MT-ND1, ATXN1, SAMD9L, CACNA1B, TTLL5, AGTPBP1, PACS1, VPS13B, RIMS2, MT-ND5, CREBBP, ANKH, OSTM1, KIZ, CHD7, FGF12, UNC80, HLA-DRB1, MAD1L1, PURA, PI4KA, TPK1, ATXN10, RUBCN, NDUFS1, EEFSEC, COG3, SIL1, ADAM9, ELOVL5, OPA1, GNAS, ATP6V1A, CLCN3, CRLS1, PHF21A, ANOS1, USP8, SPART, ARID1B, MT-ATP6, HNRNPH1, ERCC6, ARL13B, MYT1L, MT-ND4, SYNJ1, NADK2, ADAR, XRCC4, RAF1, UBE3A, TOGARAM1, WWOX, SLC6A6, FRMPD4, AP3B1, USP7, CTNNB1, TNFRSF11A, ATXN7, RAD21, AP4E1, BRCA1, PTCD3, NUBPL, NARS2, RNASEH2B, KANK1, KIAA0586, NDUFAF5, HDAC8, KIF2A, BCAS3, CBL, MT-ND2, PRNP, DCC, EXT2, HSD17B4, OGT, BLOC1S6, SNX10, RFWD3, ADGRV1, GNB1, PAK2, NDUFAF2, NDUFV2, IPO8, MYO5A, WDR11, ASAH1, SACS, TRIM44, ATXN2, FANCL, ANO10, TAOK1, SNX14, RAB28, TRAK1, KRAS, TPP1, TAF1, FBXO28, TANGO2, GFAP, PTPN11, REPS1, CACNA1A, TET3, GRIA4
HP:0000678	Dental crowding	176	0.055	1.6539343065693433	2.8871718654307247e-12	3.1263512610195643e-10	9.504962228443425	2.9700336979685866e-08	IARS2, IGF1R, SLC25A24, TCF12, HDAC4, NBAS, MAT2A, ANKRD11, BTRC, CSGALNACT1, FAM20B, SETD5, DSE, FAR1, TPM3, IFT80, VPS35L, CDC42, LMBR1, XYLT1, CEP152, ZEB2, CHST11, HGSNAT, PNPLA6, NEDD4L, TAPT1, CHSY1, SCLT1, EXT1, KIDINS220, CSF1R, TRIO, NSD1, ABL1, ATR, PIK3R1, SOX5, SOS2, SLC10A7, SCAPER, SLC17A5, PCYT1A, PPP1R21, LIFR, MAP2K1, ALMS1, NEK1, NEK9, BBS9, ARIH1, RBPJ, SHOC2, SMAD4, SPRED1, MANBA, LRRK1, GALNT2, SDCCAG8, SEC24D, PPM1D, SPRED2, SOS1, NFIX, DNMT3A, P4HB, RPS6KA3, STIM1, FMN1, EP300, GLB1, ORC4, SPECC1L, SMC1A, TRPS1, AGPS, SPEN, NSD2, TENT5A, HS2ST1, DYNC2H1, SETD2, OFD1, IKBKB, CPLANE1, PPP1CB, KYNU, RAP1B, VAC14, MAP3K7, HSPA9, TRIM37, NIPBL, SMAD2, PRKACB, PIGK, GRIP1, MTAP, FBXW4, LBR, CEP290, MAP3K20, CDC73, TGFBR2, RREB1, MAPK1, EIF2AK3, ZBTB16, SMC3, LEMD3, KAT6B, NOTCH2, SMS, PUS7, EFL1, CEP295, RNPC3, GNPTAB, NF1, CREBBP, ANKH, OSTM1, TBXAS1, LPIN2, FAM111A, EXOC6B, ARHGAP31, CCDC47, RUNX2, STAT3, GNAS, ACVR1, ARID1B, ZBTB7A, HNRNPH1, KMT2A, INSR, TTC21B, DYM, XRCC4, RAF1, RALA, STAT5B, TNFRSF11A, RAD21, ACTB, NSMCE2, NIN, KIAA0586, HDAC8, CBL, EFTUD2, ARSB, YY1AP1, ZSWIM6, EXT2, IL6ST, GNAI3, TRIP11, RECQL, SNX10, IPO8, MCM5, WNT5A, TGFB1, CEP63, RPL13, FIG4, TMEM165, CLCN5, TGFBR1, SNX14, BRAF, KRAS, TAB2, PTPN11
HP:0002970	Genu varum	149	0.0465625	1.6536912715517242	1.5738358352300522e-10	1.0793366158007697e-08	7.966843089528379	1.6190049237011547e-06	IARS2, IGF1R, SLC25A24, TCF12, HDAC4, NBAS, ANKRD11, BTRC, CSGALNACT1, FAM20B, DSE, FAR1, IFT80, VPS35L, CDC42, LMBR1, XYLT1, CEP152, CHST11, PNPLA6, HGSNAT, CHSY1, TAPT1, EXT1, CSF1R, NSD1, ATR, PIK3R1, SOS2, SLC10A7, SLC17A5, PCYT1A, PPP1R21, LIFR, MAP2K1, ALMS1, NEK1, NEK9, RBPJ, SHOC2, SMAD4, SPRED1, MANBA, LRRK1, GALNT2, SEC24D, PPM1D, SPRED2, SOS1, NFIX, DNMT3A, P4HB, STIM1, FMN1, EP300, GLB1, ORC4, SPECC1L, SMC1A, TRPS1, AGPS, NSD2, TENT5A, HS2ST1, DYNC2H1, SETD2, OFD1, IKBKB, CPLANE1, PPP1CB, KYNU, VAC14, MAP3K7, HSPA9, TRIM37, NIPBL, SMAD2, PRKACB, MTAP, FBXW4, LBR, MAP3K20, CEP290, CDC73, TGFBR2, RREB1, MAPK1, EIF2AK3, ZBTB16, SMC3, LEMD3, KAT6B, NOTCH2, EFL1, RNPC3, GNPTAB, NF1, CREBBP, ANKH, OSTM1, ANAPC1, TBXAS1, LPIN2, FAM111A, EXOC6B, ARHGAP31, RUNX2, STAT3, GNAS, ACVR1, ARID1B, KMT2A, TTC21B, DYM, XRCC4, RAF1, RALA, STAT5B, TNFRSF11A, RAD21, ACTB, NSMCE2, NIN, KIAA0586, HDAC8, CBL, EFTUD2, ARSB, ZSWIM6, EXT2, IL6ST, GNAI3, TRIP11, SNX10, MCM5, WNT5A, TGFB1, TTI1, CEP63, RPL13, FIG4, TMEM165, CLCN5, TGFBR1, BRAF, KRAS, TAB2, PTPN11, KAT6A
HP:0003016	Metaphyseal widening	150	0.046875	1.653387200342466	1.2763114849170024e-10	9.07574289126168e-09	8.042117815837775	1.3129416245341203e-06	IARS2, IGF1R, SLC25A24, TCF12, HDAC4, NBAS, ANKRD11, BTRC, CSGALNACT1, FAM20B, DSE, FAR1, IFT80, VPS35L, CDC42, LMBR1, XYLT1, CEP152, CHST11, PNPLA6, HGSNAT, CHSY1, TAPT1, EXT1, ASPH, CSF1R, NSD1, ABL1, ATR, PIK3R1, SOS2, SLC10A7, SLC17A5, PCYT1A, PPP1R21, LIFR, MAP2K1, ALMS1, NEK1, NEK9, RBPJ, SHOC2, SMAD4, SPRED1, MANBA, LRRK1, GALNT2, SEC24D, PPM1D, SPRED2, SOS1, NFIX, DNMT3A, P4HB, STIM1, FMN1, EP300, GLB1, ORC4, SPECC1L, SMC1A, TRPS1, AGPS, NSD2, TENT5A, HS2ST1, DYNC2H1, SETD2, OFD1, IKBKB, CPLANE1, PPP1CB, KYNU, VAC14, MAP3K7, HSPA9, TRIM37, NIPBL, SMAD2, PRKACB, MTAP, FBXW4, LBR, CEP290, MAP3K20, CDC73, TGFBR2, RREB1, MAPK1, EIF2AK3, ZBTB16, SMC3, LEMD3, KAT6B, NOTCH2, EFL1, RNPC3, GNPTAB, NF1, CREBBP, ANKH, OSTM1, TBXAS1, LPIN2, FAM111A, EXOC6B, ARHGAP31, RUNX2, STAT3, GNAS, ACVR1, ARID1B, HNRNPH1, KMT2A, TTC21B, DYM, XRCC4, RAF1, RALA, STAT5B, TNFRSF11A, RAD21, ACTB, NSMCE2, NIN, KIAA0586, HDAC8, CBL, EFTUD2, ARSB, ZSWIM6, EXT2, IL6ST, GNAI3, TRIP11, SNX10, IPO8, MCM5, WNT5A, TGFB1, CEP63, RPL13, FIG4, TMEM165, CLCN5, TGFBR1, BRAF, KRAS, TAB2, PTPN11
HP:0001511	Intrauterine growth retardation	267	0.0834375	1.652624098557692	5.054031979891619e-18	1.3681796572932918e-15	14.863856871147947	5.199082697714508e-14	SMARCA2, FANCC, MT-ND3, MIA3, IARS2, TTC7A, IGF1R, SLC25A24, RNF2, TCF12, USP9X, APPL1, HDAC4, NBAS, ADNP, ARID2, ANKRD11, ARPC5, HERC2, RPS19, BTRC, RAB3GAP1, CDK13, KDM6A, CSGALNACT1, FAM20B, RAB3GAP2, DSE, FAR1, IFT80, FUT8, VPS35L, SIN3A, CDC42, STT3B, CLPB, COG5, LMBR1, GLDN, PNPT1, XYLT1, NPM1, CEP152, CHST11, PNPLA6, HGSNAT, CHSY1, TAPT1, EXT1, RERE, CSF1R, ASXL1, ADGRG6, ARL6IP6, PRORP, NSD1, YY1, ABL1, ATR, PIK3R1, SOS2, SLC10A7, FOXP2, SLC17A5, PCYT1A, CWC27, PPP1R21, LIFR, MAP2K1, ALMS1, NEK1, DYRK1A, NEK9, SON, PUM1, RBPJ, SHOC2, SMAD4, SLC25A13, NBN, DST, ABCB7, SPRED1, MANBA, DDX3X, LRRK1, SUFU, GALNT2, SEC24D, PPM1D, SPRED2, FMR1, SOS1, RAB18, NFIX, ARID1A, POGZ, DNMT3A, RB1, P4HB, GLIS3, STIM1, FMN1, EP300, GLB1, LARS2, ORC4, SPECC1L, SMC1A, TRPS1, AGPS, ASXL2, NSD2, TENT5A, KANSL1, HS2ST1, DYNC2H1, FLI1, SETD2, OFD1, IKBKB, CPLANE1, PPP1CB, KYNU, PARN, VAC14, CDC42BPB, MAP3K7, WASHC5, DEF6, HSPA9, TRIM37, NIPBL, BRD4, SMAD2, PRKACB, SDHB, STAG1, MTAP, FBXW4, LBR, CEP290, MAP3K20, CDC73, TGFBR2, RREB1, MAPK1, EIF2AK3, FTO, AUTS2, NDUFS4, ZBTB16, LEMD3, PRKDC, SMC3, KAT6B, NOTCH2, UBE3C, MT-ND1, EFL1, MRPS28, CEP295, RNPC3, GNPTAB, NF1, VPS13B, SLC30A9, CREBBP, ANKH, OSTM1, RAC1, TBXAS1, LPIN2, FAM111A, EXOC6B, SHQ1, ARHGAP31, UNC80, POT1, SEC31A, PI4KA, RUNX2, NDUFS1, NUP107, EEFSEC, TRAPPC11, STAT3, GNAS, GATAD2B, FRA10AC1, ATP6V1A, ACVR1, ASCC3, DISP1, ARID1B, ERCC6, KMT2A, MYT1L, UBR1, CNOT1, PLAGL1, INSR, TTC21B, NADK2, ADAR, DYM, XRCC4, RAF1, RALA, STAT5B, CEP57, TNFRSF11A, RAD21, ACTB, BRCA1, P4HA1, PTCD3, NSMCE2, NUBPL, RTTN, LMBRD1, ZMYM2, NIN, FARSB, POLA1, KIAA0586, NDUFAF5, HDAC8, KIF2A, CBL, EFTUD2, ARSB, MT-ND2, ZSWIM6, EXT2, IL6ST, GNAI3, TRIP11, KIF5B, SNX10, RFWD3, HNRNPC, FDFT1, NDUFAF2, NDUFV2, MCM5, WNT5A, TGFB1, CEP63, SLC30A7, JMJD1C, RPL13, FIG4, TMEM165, CLCN5, FANCL, NFE2L2, LYN, TGFBR1, CHD7, BRAF, KRAS, TAF1, TAB2, PTPN11, NDUFA10, KAT6A
HP:0001251	Ataxia	232	0.0725	1.650196132596685	1.1488569179005783e-15	2.1104091275791516e-13	12.675633343457733	1.1818291114443249e-11	MT-ND3, RNASET2, IARS2, MRE11, DAP3, PIBF1, FUS, SPTLC1, HIBCH, SQSTM1, RAD50, SETD5, AUH, DMXL2, CNKSR2, DNAJC5, CTCF, FRMD4A, NPHP3, SPG11, ITPR1, CDC42, ATAD1, PEX14, LRPPRC, CLPB, ZBTB20, PEX3, CSPP1, PIK3R5, CAMTA1, HLA-B, PNPT1, PIK3CA, OGDH, PMM2, KDM4B, HEXB, DNM1L, PNPLA6, NEDD4L, SYT1, SCLT1, VPS41, CSF1R, CNTNAP2, FBXL4, MT-CO1, ACADM, ZNF592, OXR1, FBXW7, HK1, SORL1, TLR4, YWHAE, GPHN, MT-ND4L, NDUFAF6, MED13L, PSEN1, SLC1A2, YME1L1, SETX, INVS, MBD5, SLC17A5, RYR1, SCAPER, PLP1, MAP2K1, ALMS1, YWHAG, PANK2, NIPA2, DYRK1A, BBS9, PUM1, SMAD4, SPIDR, SLC25A46, HLA-DQA1, ABHD12, ABCB7, SEL1L, SUFU, SDCCAG8, SLC1A3, CACNB4, FMR1, SUCLA2, PAFAH1B1, ACBD6, RNF168, ATG7, COX10, GABRB3, DNMT1, GLB1, RNF216, UBAC2, SPEN, LYST, NSD2, ATM, SPAST, HACE1, IFNGR1, CELF2, CDK19, CPLANE1, OFD1, PGK1, PARN, NUP54, KCNMA1, VRK1, SDHB, DHFR, FTL, RFC1, PIGK, GPI, IQCB1, CEP290, CLTC, TCF20, OPHN1, HTT, PACS2, NDUFS4, PPP3CA, PDCD6IP, UBE3C, MT-ND1, LITAF, TCF4, TUBB, SAMD9L, CACNA1B, AGTPBP1, GSN, PSAP, RIMS2, MT-ND5, RNF220, FGF12, HLA-DRB1, GBE1, PURA, PI4KA, TPK1, ITM2B, EPM2A, RUBCN, CAPRIN1, NDUFS1, NUP107, TRAPPC11, HLCS, SIL1, STAT3, ELOVL5, OPA1, ATP6V1A, ATP6V0A1, ANOS1, MT-ATP6, ERCC6, HNRNPH1, MICU1, ARL13B, MT-ND4, SYNJ1, NADK2, ADAR, MT-CYB, GRIK2, NEMF, SCARB2, XRCC4, UBE3A, CSNK2A1, PTEN, TOGARAM1, NUP214, WWOX, FRMPD4, BAZ1B, KDM5A, ATXN7, DHX9, BRCA1, MECP2, NPC2, NUBPL, CLIP2, CHD2, KIAA0586, NDUFAF5, MT-ND2, ZSWIM6, PRNP, DCC, MT-CO3, HSD17B4, ATXN3, ADGRV1, MT-CO2, NDUFAF2, NDUFV2, TGFB1, MYO5A, PPT1, WDR11, VPS13D, GTF2I, SACS, ATG5, ATXN2, SNX14, REPS1, TRAK1, FBXO28, TPP1, TAF1, GFAP, TANGO2, CHD7, BRAF, HLA-DQB1, CACNA1A
HP:0001510	Growth delay	155	0.0484375	1.6491967975206612	8.174590703521207e-11	6.183236365229607e-09	8.208784151503247	8.409201456712266e-07	SMARCA2, FANCC, CD55, CDK5RAP2, IARS2, MIA3, IGF1R, CAMKMT, HNRNPU, ARID2, RPS19, STEAP3, KDM6A, RAD50, NCAPD3, FAR1, STAT1, FRMD4A, SIN3A, MTR, ITPR1, CDK6, BMPR1A, CLPB, PNPT1, XYLT1, CEP152, FARS2, FCHO1, PPM1B, HNRNPK, CHSY1, PNPLA6, CEP135, EXT1, FBXL4, RPS29, NSD1, YWHAE, PIK3R1, NDUFAF6, ZNF407, MBD5, SLC17A5, PLP1, ATRX, TRAPPC10, MAP2K1, MCPH1, SON, ZNF292, SLC25A36, SMAD4, SLC25A13, DST, ABCB7, RPL18, PAFAH1B1, ZMIZ1, NFIX, ARID1A, MALT1, ATG7, EP300, ORC4, SMC1A, TRPS1, NSD2, LRBA, OTULIN, FLI1, OFD1, CPLANE1, EIF2S3, MAP3K7, DOCK2, DEF6, TRIM37, ACACA, DPYD, TMEM163, MAPK1, EIF2AK3, NDUFS4, KMT2C, KAT6B, PDCD6IP, TCF4, EFL1, RPS24, GNPTAB, SLC30A9, CREBBP, OSTM1, ANAPC1, LPIN2, FAM111A, EHMT1, HLA-DRB1, DIAPH1, RPL9, NDUFS1, HLCS, RPL5, SPART, ARID1B, DISP1, STAG2, MICU1, CNOT1, RPS28, XRCC4, SCARB2, RAF1, WWOX, CTNNBL1, CEP57, CTNNB1, TNFRSF11A, PHKB, RAD21, SECISBP2, BRCA1, ACTB, GATM, MECP2, PTCD3, NUBPL, LMBRD1, ZMYM2, FARSB, POLA1, NSUN6, ANKLE2, DOCK8, RECQL, SNX10, RFWD3, GNB1, RPL35, CEP63, SLC30A7, FIG4, TMEM165, FANCL, NFE2L2, ATP6V1B2, BRAF, KRAS, MFF, SLC26A3, IL10RA, PTPN11, LIPA, KAT6A
HP:0000592	Blue sclerae	155	0.0484375	1.6437628706754532	1.2609891867892014e-10	9.071185849301058e-09	8.042335935195293	1.2971795764500516e-06	IARS2, IGF1R, SLC25A24, TCF12, HDAC4, NBAS, ANKRD11, BTRC, KDM6A, CSGALNACT1, FAM20B, DSE, FAR1, CTCF, IFT80, VPS35L, CDC42, LMBR1, XYLT1, CEP152, HECTD4, CHST11, PNPLA6, HGSNAT, CHSY1, TAPT1, EXT1, CSF1R, NSD1, ATR, PIK3R1, SOS2, SLC10A7, RYR3, SLC17A5, PCYT1A, PPP1R21, LIFR, MAP2K1, ALMS1, NEK1, NEK9, SON, RBPJ, SHOC2, SMAD4, SPRED1, MANBA, LRRK1, GALNT2, SEC24D, PPM1D, SPRED2, SOS1, NFIX, DNMT3A, P4HB, STIM1, FMN1, EP300, GLB1, ORC4, SPECC1L, SMC1A, TRPS1, AGPS, NSD2, TENT5A, HS2ST1, DYNC2H1, SETD2, OFD1, IKBKB, CPLANE1, PPP1CB, KYNU, VAC14, MAP3K7, HSPA9, TRIM37, NIPBL, SMAD2, PRKACB, MTAP, FBXW4, LBR, CEP290, MAP3K20, CDC73, TGFBR2, RREB1, TMEM163, MAPK1, EIF2AK3, ZBTB16, SMC3, LEMD3, KAT6B, NOTCH2, EFL1, RNPC3, GNPTAB, NF1, CREBBP, ANKH, OSTM1, TBXAS1, LPIN2, FAM111A, EXOC6B, ARHGAP31, RUNX2, STAT3, GNAS, ACVR1, ARID1B, KMT2A, TTC21B, DYM, XRCC4, RAF1, RALA, MED27, WWOX, STAT5B, TNFRSF11A, RAD21, ACTB, NSMCE2, NIN, KIAA0586, HDAC8, CBL, EFTUD2, ARSB, ZSWIM6, EXT2, IL6ST, GNAI3, TRIP11, SNX10, IPO8, MCM5, WNT5A, TGFB1, CEP63, RPL13, FIG4, TMEM165, CLCN5, TGFBR1, BRAF, KRAS, TAB2, PTPN11
HP:0003026	Short long bone	146	0.045625	1.643058347902098	3.8424650308830587e-10	2.501736567892027e-08	7.601758423313324	3.952743777269402e-06	IARS2, IGF1R, SLC25A24, TCF12, HDAC4, NBAS, ANKRD11, BTRC, CSGALNACT1, FAM20B, DSE, FAR1, IFT80, VPS35L, CDC42, LMBR1, XYLT1, CEP152, CHST11, PNPLA6, HGSNAT, CHSY1, TAPT1, EXT1, CSF1R, NSD1, ATR, PIK3R1, SOS2, SLC10A7, SLC17A5, PCYT1A, PPP1R21, LIFR, MAP2K1, ALMS1, NEK1, NEK9, RBPJ, SHOC2, SMAD4, SPRED1, MANBA, LRRK1, GALNT2, SEC24D, PPM1D, SPRED2, SOS1, NFIX, DNMT3A, P4HB, STIM1, FMN1, EP300, GLB1, ORC4, SPECC1L, SMC1A, TRPS1, AGPS, NSD2, TENT5A, HS2ST1, DYNC2H1, SETD2, OFD1, IKBKB, CPLANE1, PPP1CB, KYNU, VAC14, MAP3K7, HSPA9, TRIM37, NIPBL, SMAD2, PRKACB, MTAP, FBXW4, LBR, MAP3K20, CEP290, CDC73, TGFBR2, RREB1, MAPK1, EIF2AK3, ZBTB16, SMC3, LEMD3, KAT6B, NOTCH2, EFL1, RNPC3, GNPTAB, NF1, CREBBP, ANKH, OSTM1, TBXAS1, LPIN2, FAM111A, EXOC6B, ARHGAP31, RUNX2, STAT3, GNAS, ACVR1, ARID1B, KMT2A, TTC21B, DYM, XRCC4, RAF1, RALA, STAT5B, TNFRSF11A, RAD21, ACTB, NSMCE2, NIN, KIAA0586, HDAC8, CBL, EFTUD2, ARSB, ZSWIM6, EXT2, IL6ST, GNAI3, TRIP11, SNX10, MCM5, WNT5A, TGFB1, CEP63, RPL13, FIG4, TMEM165, CLCN5, TGFBR1, BRAF, KRAS, TAB2, PTPN11
HP:0000768	Pectus carinatum	171	0.0534375	1.642923973880597	1.1558535155968308e-11	1.0978962060149833e-09	8.95943871570164	1.1890265114944599e-07	IARS2, IGF1R, SLC25A24, TCF12, HDAC4, NBAS, MAT2A, ANKRD11, BTRC, CSGALNACT1, FAM20B, RAB3GAP2, DSE, FAR1, IFT80, VPS35L, CDC42, LMBR1, XYLT1, CEP152, ZEB2, CHST11, HGSNAT, PNPLA6, CHSY1, TAPT1, EXT1, ASPH, CSF1R, NSD1, ABL1, ATR, PIK3R1, SOX5, SOS2, SLC10A7, AP1G1, SLC17A5, PCYT1A, PPP1R21, LIFR, MAP2K1, ALMS1, NEK1, NEK9, ARIH1, ASH1L, RBPJ, SHOC2, SMAD4, SPRED1, MANBA, LRRK1, GALNT2, SEC24D, PPM1D, SPRED2, SOS1, NFIX, DNMT3A, P4HB, RPS6KA3, STIM1, FMN1, RASA2, EP300, GLB1, MAX, ORC4, SPECC1L, FRYL, SMC1A, AGPS, TRPS1, NSD2, TENT5A, KANSL1, HS2ST1, DYNC2H1, SETD2, OFD1, IKBKB, CPLANE1, PPP1CB, KYNU, RAP1B, VAC14, MAP3K7, BRD4, HSPA9, TRIM37, NIPBL, SMAD2, PRKACB, MTAP, FBXW4, LBR, CEP290, MAP3K20, CDC73, TGFBR2, RREB1, MAPK1, EIF2AK3, ZBTB16, SMC3, LEMD3, KAT6B, NOTCH2, SMS, EFL1, RNPC3, GNPTAB, NF1, CREBBP, ANKH, OSTM1, TBXAS1, LPIN2, FAM111A, EXOC6B, ARHGAP31, VPS37A, RUNX2, STAT3, SIL1, GNAS, ACVR1, ARID1B, HNRNPH1, KMT2A, TTC21B, DYM, XRCC4, RAF1, RALA, STAT5B, TNFRSF11A, RAD21, ACTB, ATP2B1, P4HA1, NSMCE2, NIN, KIAA0586, HDAC8, CBL, EFTUD2, ARSB, YY1AP1, ZSWIM6, EXT2, IL6ST, GNAI3, TRIP11, SNX10, IPO8, MCM5, WNT5A, TGFB1, CEP63, RPL13, FIG4, TMEM165, CLCN5, TGFBR1, SNX14, BRAF, KRAS, TAB2, PTPN11
HP:0000006	Autosomal dominant inheritance	570	0.178125	1.6387659111210362	3.3597453221895453e-38	8.640425032340963e-35	34.06346489355581	3.4561700129363853e-34	ATL3, IGF1R, CHIC2, RNF2, SLC25A24, TCF7L2, PDE1C, FUS, ANKRD11, SETD5, DMXL2, STAT1, SIN3A, FBXW11, ZBTB20, MIB1, MYOF, EPB41, HNRNPK, PDE10A, HGSNAT, BMPR2, FBXO38, POC5, GNAQ, PIK3R1, GLMN, PSEN1, FOXP2, PPARG, INVS, RHBDF2, PIKFYVE, RYR1, PANK2, EIF2AK2, HNMT, ARIH1, SON, HSPD1, SMAD4, SLC25A46, CACNA1D, CHD1, SOS1, ARID1A, STIM1, SEC63, NSD2, DYNC2H1, IVNS1ABP, OTULIN, SETD2, OFD1, BARD1, PPP1CB, MAP3K7, HSPA9, FCGR2A, SUPT16H, SMCHD1, HTT, MAPK1, CD164, MAP3K1, LEMD3, FOXP1, PPP3CA, TNFRSF1A, KAT6B, NAA15, ATXN1, SAMD9L, PDCD10, KMT2E, ATP11A, TSHZ1, GSN, RIMS2, ESR1, POT1, CTNND1, JAK2, TNRC6B, CAPRIN1, MEF2A, NR3C1, GATAD2B, CASP8, TRPM3, PHF21A, USP8, GSDME, KMT2A, INSR, TTC21B, RPS28, SCAF4, DEPDC5, ACTN4, NUP214, CALM2, USP7, TNFRSF11A, ZFHX3, RAD21, P4HA1, ATP2B1, BRCA1, CACNA1C, RCBTB1, ZMYM2, GLUL, MACF1, SYK, GNAI3, USP48, APOE, PAK2, TGFB1, PRKAG2, RPL13, TRIM44, ATP6V1B2, PKD2, CHD7, MARK2, KAT6A, AGO2, POC1B, CD46, C9orf72, LGR4, APPL1, HDAC4, NFKB1, MAT2A, RPS19, HERC2, STEAP3, CHD8, DCAF8, JAK1, NRIP1, DNAJB6, ITPR1, RPA1, CYLD, PIK3CA, HSPB1, DNM1L, GLUD1, ATP6V0C, NEDD4L, BAG3, PLCG2, MDM4, ABCA1, CSF1R, RUNX1, APC, TENM4, MLH1, ATP2C1, TGFBI, STX16, MBD5, SETX, SPTLC2, MAP2K1, ALMS1, MED13, NFIA, ZNF292, RBPJ, SRGAP1, LRP1, SDCCAG8, ATP1A1, CALM1, SH2B3, RB1, P4HB, DNMT3A, GLYR1, PLD1, WDFY3, MTOR, GNAI2, ATM, FLI1, CELF2, CDK19, CPLANE1, RAP1B, PGK1, MSH3, PARN, CDC42BPB, FTL, GRIN2B, IQCB1, LBR, CAMK2G, SMC3, CERT1, SLC12A6, KMT2C, CNOT2, AFF4, CARD8, TCF4, TUBB, RNF13, TRRAP, THRB, LRRC8C, CREBBP, SASH1, RAC1, KDM3B, FGF12, ARHGAP31, EGLN1, GNB4, SSBP1, GRIA2, ANXA5, RAB7A, OPA1, ATP6V1A, ATP6V0A1, CLCN3, ERCC6, ZBTB7A, HNRNPH1, DIP2B, MYT1L, KMT5B, RNF125, KDM5A, CTNNB1, ATXN7, ACTB, DHX9, ZEB1, EFTUD2, ZSWIM6, PRNP, DCC, DNM2, EXT2, TRAF3, RASA1, PICALM, YPEL2, GNB1, RPL35, NFIB, TNPO3, ATXN2, PTPN11, CDK13, KCNQ5, RFX7, IKZF1, TCF12, HNRNPU, NBAS, C3, TTBK2, CSGALNACT1, TPM3, CDC42, BMPR1A, CLPB, THOC1, ATF6, LMBR1, PNPT1, WDR26, HCK, XYLT1, KDM4B, PNPLA6, ALOX5, EXT1, ASPH, AKT3, RERE, GRIA1, CDK8, TRIO, ASXL1, RPS29, NSD1, FBXW7, YY1, UBA2, HK1, ABL1, ATR, SOS2, AP1G1, TPM4, SLC1A2, SLC4A7, SCAPER, PCYT1A, ADAM10, CEP85L, YWHAG, DYRK1A, KPNA3, CCND1, ASH1L, SPRED1, RPL18, SEL1L, SOX6, UBAP1, SUFU, SLC1A3, PAFAH1B1, ZMIZ1, TRPM7, MYH9, GABRB3, WAC, SLC2A9, MAF, EP300, TRPS1, SPECC1L, FRYL, FGF14, ELP4, ANKRD17, CARD11, IFNGR1, CALR, DDX6, SDHB, PRKACB, MLLT10, YEATS2, AKAP9, TMEM163, MTMR14, GIGYF2, LRRK2, AUTS2, MSH2, WDR37, LITAF, TTLL5, PACS1, PSAP, VPS13B, EHMT1, HLA-DRB1, GBF1, HNRNPA2B1, KLHL24, HDAC9, TLK2, STAT3, ADAM9, ELOVL5, RPL5, GNAS, ACVR1, TEAD1, PTPRJ, RALA, CSNK2A1, NSF, KRIT1, SLC6A6, PMS1, SRRM2, CHD2, SLC20A2, KIF2A, ZMYND11, IL6ST, ATXN3, XPR1, HNRNPC, CUX1, MXI1, ADGRV1, ATP2A2, BPTF, SPI1, AQP4, AAGAB, TAOK1, PAK1, TGFBR1, RAB28, BRAF, FBXO28, GFAP, TAF1, TAB2, SMARCC1, ZNF644, DHTKD1, EIF4A2, GLS, CACNA1A, TET3, SMARCA2, ARFGEF1, PPP1R12A, ADNP, NR3C2, ARID2, PRKN, SPTLC1, KDM6A, RIMS1, SQSTM1, DNAJC5, DYNC1H1, VPS35, IRF8, FAR1, CTCF, TBL1XR1, TSC1, RPSA, NPHP3, CSPP1, CAMTA1, COPA, RB1CC1, RYR2, NPM1, BNC2, GPD2, ZEB2, SYT1, CCDC50, ZNF148, GDAP1, KIDINS220, SAMHD1, RNF213, SOX5, GPHN, MED13L, GPRC5B, CBFB, VAPB, CWC27, PTPN12, ROBO1, NEK1, ALDH2, BBS9, PUM1, SHOC2, SPOP, ABHD12, MAPRE2, CUL3, ARHGAP26, LPP, PPM1D, CACNB4, NFIX, POGZ, HNRNPR, P3H2, DNMT1, MAX, PFN1, DTNA, SPEN, SNCA, PHIP, ASXL2, FBXO11, SPAST, KANSL1, TRIP12, WNK1, PPP2R3C, IKBKB, WASHC5, BRD4, KCNMA1, NIPBL, SMAD2, STAG1, CACNA1E, MTAP, CDC73, CEP290, CLTC, TGFBR2, TCF20, PACS2, LRP6, TMEM260, NOTCH2, PPP2CA, CTNNA1, RPS24, NF1, ANKH, KIZ, FAM111A, DIAPH1, MAD1L1, PURA, ITM2B, RUNX2, ATXN10, RPL17, ZCCHC8, SMARCAD1, F13A1, JARID2, SCD5, STAT6, ETV6, RPL21, VWA8, ARID1B, EED, CNOT1, PLAGL1, HNRNPDL, IRF2BP2, ADAR, SUZ12, GRIK2, UBE3A, RAF1, TBK1, CHD4, CHEK2, PTEN, RANBP2, STAT5B, AP4E1, GATM, RAPGEF2, MITF, CBL, MEF2C, IRS2, YY1AP1, GNAL, KCNQ1, IPO8, WNT5A, PPT1, TANC2, WDR11, DICER1, FIG4, NFE2L2, CACNB2, KRAS, HLA-DQB1, GRIA4
HP:0000774	Narrow chest	156	0.04875	1.6381749592169657	1.1274487043589732e-10	8.167651282916026e-09	8.087902812686359	1.1598064821740758e-06	IARS2, IGF1R, SLC25A24, TCF12, HDAC4, NBAS, ANKRD11, RPS19, BTRC, CSGALNACT1, FAM20B, DSE, FAR1, TPM3, IFT80, VPS35L, CDC42, ZBTB20, LMBR1, XYLT1, PIK3CA, CEP152, CHST11, PNPLA6, HGSNAT, CHSY1, TAPT1, EXT1, CSF1R, NSD1, ATR, PIK3R1, SOS2, SLC10A7, SLC17A5, PCYT1A, PPP1R21, SEC23A, LIFR, MAP2K1, ALMS1, NEK1, NEK9, RBPJ, SHOC2, SMAD4, SPRED1, MANBA, DDX3X, LRRK1, GALNT2, SEC24D, PPM1D, SPRED2, SOS1, NFIX, DNMT3A, P4HB, STIM1, FMN1, EP300, GLB1, ORC4, SPECC1L, SMC1A, TRPS1, AGPS, PIGN, NSD2, TENT5A, HS2ST1, DYNC2H1, SETD2, OFD1, IKBKB, CPLANE1, PPP1CB, KYNU, VAC14, MAP3K7, HSPA9, TRIM37, NIPBL, SMAD2, PRKACB, MTAP, FBXW4, LBR, CEP290, MAP3K20, CDC73, TGFBR2, RREB1, MAPK1, EIF2AK3, ZBTB16, SMC3, LEMD3, KAT6B, NOTCH2, EFL1, RNPC3, GNPTAB, NF1, CREBBP, ANKH, OSTM1, TBXAS1, LPIN2, FAM111A, EXOC6B, ARHGAP31, CCDC47, RUNX2, STAT3, GNAS, ACVR1, ARID1B, KMT2A, TTC21B, DYM, XRCC4, RAF1, RALA, STAT5B, TNFRSF11A, RAD21, ACTB, NSMCE2, NIN, KIAA0586, HDAC8, CBL, EFTUD2, ARSB, ZSWIM6, EXT2, IL6ST, GNAI3, TRIP11, SNX10, MCM5, WNT5A, TGFB1, CEP63, WDR11, RPL13, FIG4, TMEM165, CLCN5, TGFBR1, BRAF, KRAS, TAB2, PTPN11, KAT6A
HP:0001903	Anemia	109	0.0340625	1.6355557983682985	1.1367371432357507e-07	5.1971622188738525e-06	5.284233727344492	0.0011693614992466168	FANCC, CD55, IARS2, CD46, IKZF1, C3, STEAP3, IRF8, DIS3L2, WIPF1, TBL1XR1, BMPR1A, CLPB, ZBTB20, HLA-B, NPM1, HCK, FARS2, MDM4, ABCA1, HPRT1, FBXL4, RUNX1, ASXL1, MT-CO1, SP110, NUMA1, ATRX, TET2, CCND1, SMAD4, SLC25A13, TF, ABCB7, SLF2, PCCA, MALT1, COX10, STIM1, LARS2, LYST, CDC40, HACE1, FLI1, IFNGR1, RAP1B, PARN, CALR, FIP1L1, SDHB, VPS45, HELLS, PACS2, ZBTB16, ERCC6L2, FOXP1, MT-ND1, SAMD9L, EFL1, PSAP, MT-ND5, OSTM1, ANAPC1, TBXAS1, FAM111A, HLA-DRB1, SMC5, JAK2, EWSR1, STAT3, RPL17, PHF21A, ETV6, ACVR1, HAVCR2, ERCC6, UBR1, MT-ND4, IRF2BP2, XRCC4, SCARB2, PTEN, ACTN4, STAT5B, TNFRSF11A, PHKB, BRCA1, LMBRD1, FARSB, MYSM1, CBL, C1QB, SYK, EXT2, MT-CO3, PTPN2, RECQL, SNX10, RFWD3, MT-CO2, TGFB1, RPL35, ASAH1, RPL13, FANCL, LYN, CHD7, SLC11A2, LIPA
HP:0000470	Short neck	207	0.0646875	1.6349666411042942	1.169491004301655e-13	1.5423787129809136e-11	10.811808977281183	1.2030553961251125e-09	RFX7, IARS2, IGF1R, SLC25A24, TCF12, HDAC4, NBAS, ANKRD11, RPS19, BTRC, CSGALNACT1, FAM20B, DSE, FAR1, IFT80, VPS35L, TBL1XR1, CDC42, COG5, LMBR1, XYLT1, CEP152, HECTD4, CHST11, PNPLA6, HGSNAT, CHSY1, TAPT1, SCLT1, ASPH, EXT1, CSF1R, APC, RPS29, NSD1, ABL1, YWHAE, ATR, PIK3R1, SOS2, SLC10A7, MED13L, STX16, SCAPER, SLC17A5, RYR1, PCYT1A, TRAPPC9, PPP1R21, LIFR, ATRX, MAP2K1, ALMS1, NEK1, NEK9, TBCK, BBS9, RBPJ, SHOC2, SMAD4, NBN, SPRED1, MAPRE2, RPL18, MANBA, DDX3X, LRRK1, GALNT2, SDCCAG8, SEC24D, PPM1D, SPRED2, PAFAH1B1, SOS1, NFIX, POGZ, HNRNPR, DNMT3A, RB1, P4HB, WAC, STIM1, FMN1, EP300, GLB1, ORC4, SPECC1L, SMC1A, TRPS1, AGPS, PIGN, NSD2, TENT5A, HS2ST1, DYNC2H1, FLI1, SETD2, OFD1, IKBKB, CPLANE1, PPP1CB, KYNU, VAC14, MAP3K7, WASHC5, BRD4, HSPA9, TRIM37, NIPBL, SMAD2, PRKACB, MTAP, FBXW4, LBR, CEP290, MAP3K20, CDC73, DPYD, RREB1, TGFBR2, MAPK1, EIF2AK3, FTO, ZBTB16, LEMD3, SMC3, KAT6B, NOTCH2, SMS, TCF4, TUBB, EFL1, MRPS28, RNPC3, RPS24, NF1, GNPTAB, CREBBP, ANKH, OSTM1, TBXAS1, LPIN2, FAM111A, EXOC6B, ARHGAP31, UNC80, RUNX2, RPL9, STAT3, RPL5, GNAS, TRPM3, ACVR1, ASCC3, ARID1B, ERCC6, MICU1, KMT2A, TTC21B, DYM, RPS28, XRCC4, RAF1, RALA, WWOX, STAT5B, TNFRSF11A, RAD21, SRRM2, ACTB, MECP2, NSMCE2, NIN, KIAA0586, HDAC8, SCYL2, CBL, EFTUD2, ARSB, ZSWIM6, EXT2, DCC, GNAI3, TRIP11, IL6ST, SNX10, IPO8, MCM5, WNT5A, RPL35, BPTF, TGFB1, CEP63, JMJD1C, RPL13, FIG4, TMEM165, CLCN5, FANCL, ATP6V1B2, TGFBR1, BRAF, KRAS, TAF1, TAB2, PTPN11, C2CD3
HP:0000926	Platyspondyly	152	0.0475	1.6307541666666667	3.159996593122121e-10	2.0705022263342205e-08	7.683924298180609	3.2506884953447263e-06	MIA3, IARS2, IGF1R, SLC25A24, TCF12, HDAC4, NBAS, ANKRD11, BTRC, CSGALNACT1, FAM20B, DSE, FAR1, IFT80, VPS35L, CDC42, LMBR1, XYLT1, CEP152, PMM2, CHST11, PNPLA6, HGSNAT, CHSY1, TAPT1, EXT1, CSF1R, NSD1, ATR, PIK3R1, SOS2, SLC10A7, SLC17A5, PCYT1A, PPP1R21, LIFR, MAP2K1, ALMS1, NEK1, NEK9, RBPJ, SHOC2, SMAD4, SPRED1, MANBA, LRRK1, GALNT2, SEC24D, PPM1D, SPRED2, SOS1, NFIX, DNMT3A, P3H2, P4HB, STIM1, FMN1, EP300, GLB1, ORC4, SPECC1L, SMC1A, TRPS1, AGPS, NSD2, TENT5A, HS2ST1, DYNC2H1, SETD2, OFD1, IKBKB, CPLANE1, PPP1CB, KYNU, VAC14, MAP3K7, HSPA9, TRIM37, NIPBL, SMAD2, PRKACB, MTAP, FBXW4, LBR, MAP3K20, CEP290, CDC73, TGFBR2, RREB1, MAPK1, EIF2AK3, ZBTB16, SMC3, LEMD3, KAT6B, NOTCH2, EFL1, MRPS28, RNPC3, GNPTAB, NF1, CREBBP, ANKH, OSTM1, TBXAS1, LPIN2, FAM111A, EXOC6B, ARHGAP31, RUNX2, STAT3, GNAS, ACVR1, ARID1B, KMT2A, TTC21B, DYM, XRCC4, RAF1, RALA, STAT5B, TNFRSF11A, RAD21, ACTB, P4HA1, NSMCE2, NIN, KIAA0586, HDAC8, CBL, EFTUD2, ARSB, ZSWIM6, EXT2, IL6ST, GNAI3, TRIP11, KIF5B, SNX10, MCM5, WNT5A, TGFB1, CEP63, RPL13, FIG4, TMEM165, CLCN5, TGFBR1, BRAF, KRAS, TAB2, PTPN11
HP:0002827	Hip dislocation	177	0.0553125	1.627688839285714	1.067392656100846e-11	1.0557950243566734e-09	8.976420389029068	1.0980268253309402e-07	FANCC, IARS2, IGF1R, SLC25A24, TCF12, USP9X, HDAC4, NBAS, ANKRD11, BTRC, KDM6A, CSGALNACT1, FAM20B, DSE, FAR1, IFT80, FUT8, VPS35L, CDC42, ATAD1, LMBR1, XYLT1, CEP152, CHST11, PNPLA6, HGSNAT, CHSY1, TAPT1, EXT1, CSF1R, APC, HPRT1, NSD1, UBA2, ATR, PIK3R1, HK1, GPHN, SOS2, SLC10A7, RYR3, SLC17A5, PCYT1A, PPP1R21, LIFR, MAP2K1, CEP85L, ALMS1, NEK1, NEK9, RBPJ, SHOC2, SMAD4, SPRED1, MANBA, LRRK1, GALNT2, SEC24D, PPM1D, SPRED2, SOS1, NFIX, DNMT3A, P4HB, STIM1, FMN1, EP300, GLB1, ORC4, SPECC1L, SMC1A, TRPS1, AGPS, NSD2, TENT5A, KANSL1, HACE1, HS2ST1, DYNC2H1, FLI1, SETD2, OFD1, IKBKB, CPLANE1, PPP1CB, KYNU, VAC14, MAP3K7, BRD4, HSPA9, TRIM37, NIPBL, SMAD2, PRKACB, MTAP, FBXW4, LBR, CEP290, MAP3K20, CDC73, TGFBR2, RREB1, MAPK1, EIF2AK3, ZBTB16, SMC3, LEMD3, KAT6B, NOTCH2, EFL1, RNPC3, GNPTAB, NF1, CREBBP, ANKH, OSTM1, TBXAS1, LPIN2, FAM111A, EXOC6B, ARHGAP31, CCDC47, SEC31A, RUNX2, STAT3, SIL1, GNAS, ATP6V1A, ERGIC1, ARID1B, DISP1, HNRNPH1, STAG2, ACVR1, KMT2A, TTC21B, DYM, XRCC4, RAF1, RALA, STAT5B, TNFRSF11A, RAD21, ACTB, BRCA1, P4HA1, NSMCE2, NIN, KIAA0586, MACF1, HDAC8, SCYL2, CBL, EFTUD2, ARSB, ZSWIM6, EXT2, IL6ST, GNAI3, TRIP11, SNX10, RFWD3, IPO8, MCM5, WNT5A, TGFB1, CEP63, RPL13, FIG4, TMEM165, CLCN5, FANCL, TGFBR1, BRAF, KRAS, TAB2, PTPN11
HP:0000520	Proptosis	198	0.061875	1.6174658946700509	1.4089488186414704e-12	1.5927314832269018e-10	9.79785743523611	1.4493856497364806e-08	FANCC, CDK5RAP2, IARS2, IGF1R, SLC25A24, TCF12, ADNP, HDAC4, NBAS, ANKRD11, BTRC, CSGALNACT1, FAM20B, DSE, FAR1, IFT80, VPS35L, TSC1, CDC42, LMBR1, XYLT1, WDR26, PIK3CA, HECTD4, CEP152, CHST11, PNPLA6, HGSNAT, CHSY1, NEDD4L, TAPT1, EXT1, ASPH, CSF1R, APC, ASXL1, NSD1, ABL1, ATR, PIK3R1, SOS2, SLC10A7, MED13L, SLC17A5, PCYT1A, PPP1R21, LIFR, MAP2K1, ALMS1, NEK1, DYRK1A, TBCK, NEK9, RBPJ, SHOC2, SMAD4, SPRED1, MANBA, LRRK1, SUFU, GALNT2, SEC24D, HERC1, PPM1D, SPRED2, MTX2, SOS1, NFIX, DNMT3A, P4HB, GLYR1, STIM1, FMN1, RASA2, EP300, GLB1, PLD1, ORC4, SPECC1L, SMC1A, TRPS1, AGPS, ASXL2, NSD2, FBXO11, TENT5A, HS2ST1, HACE1, DYNC2H1, FLI1, SETD2, OFD1, IKBKB, ITCH, PPP1CB, KYNU, CPLANE1, VAC14, MAP3K7, HSPA9, TRIM37, NIPBL, SMAD2, PRKACB, MTAP, FBXW4, LBR, CEP290, MAP3K20, CDC73, TGFBR2, RREB1, MAPK1, EIF2AK3, ZBTB16, AUTS2, LEMD3, SMC3, TMEM260, NAA15, NOTCH2, KAT6B, AFF4, SMS, EFL1, PPP2CA, RNPC3, THRB, GNPTAB, NF1, CREBBP, ANKH, OSTM1, TBXAS1, LPIN2, FAM111A, EXOC6B, EHMT1, ARHGAP31, CTNND1, RUNX2, STAT3, GNAS, ACVR1, ARID1B, HLA-DPB1, STAG2, KMT2A, INSR, TTC21B, DYM, XRCC4, RAF1, RALA, CHD4, DYNC1I2, STAT5B, KDM5A, TNFRSF11A, RAD21, ACTB, BRCA1, CACNA1C, NSMCE2, RTTN, NIN, KIAA0586, HDAC8, CBL, EFTUD2, ARSB, ZSWIM6, EXT2, IL6ST, GNAI3, TRIP11, ATXN3, SNX10, RFWD3, KCNQ1, IPO8, MCM5, WNT5A, TGFB1, CEP63, RPL13, FIG4, TMEM165, CLCN5, FANCL, TGFBR1, CHD7, BRAF, KRAS, TAF1, TAB2, PTPN11, KAT6A
HP:0001840	Metatarsus adductus	155	0.0484375	1.6145049555016182	4.1275474749752223e-10	2.653755054691882e-08	7.576139165610607	4.246008087507011e-06	IARS2, IGF1R, SLC25A24, TCF12, HDAC4, NBAS, MAT2A, ANKRD11, BTRC, CSGALNACT1, FAM20B, RAB3GAP2, DSE, FAR1, IFT80, VPS35L, CDC42, ZBTB20, LMBR1, XYLT1, WDR26, CEP152, CHST11, PNPLA6, HGSNAT, CHSY1, TAPT1, EXT1, ASPH, CSF1R, NSD1, ABL1, ATR, PIK3R1, SOS2, SLC10A7, SLC17A5, PCYT1A, PPP1R21, LIFR, MAP2K1, ALMS1, NEK1, NEK9, ARIH1, RBPJ, SHOC2, SMAD4, SPRED1, MANBA, LRRK1, GALNT2, SEC24D, PPM1D, SPRED2, SOS1, NFIX, DNMT3A, P4HB, STIM1, FMN1, EP300, GLB1, ORC4, SPECC1L, SMC1A, TRPS1, AGPS, NSD2, TENT5A, HS2ST1, DYNC2H1, SETD2, OFD1, IKBKB, CPLANE1, PPP1CB, KYNU, VAC14, MAP3K7, HSPA9, TRIM37, NIPBL, SMAD2, PRKACB, MTAP, FBXW4, LBR, CEP290, MAP3K20, CDC73, TGFBR2, RREB1, MAPK1, EIF2AK3, ZBTB16, SMC3, LEMD3, KAT6B, NOTCH2, EFL1, RNPC3, GNPTAB, NF1, CREBBP, ANKH, OSTM1, TBXAS1, LPIN2, FAM111A, EXOC6B, ARHGAP31, RUNX2, STAT3, GNAS, ACVR1, ARID1B, KMT2A, TTC21B, DYM, XRCC4, RAF1, RALA, STAT5B, TNFRSF11A, RAD21, ACTB, NSMCE2, NIN, KIAA0586, HDAC8, CBL, EFTUD2, ARSB, YY1AP1, ZSWIM6, EXT2, IL6ST, GNAI3, TRIP11, SNX10, IPO8, MCM5, WNT5A, TGFB1, CEP63, RPL13, FIG4, TMEM165, CLCN5, TGFBR1, BRAF, KRAS, TAB2, PTPN11
HP:0001337	Tremor	115	0.0359375	1.612802968409586	1.0117067446742692e-07	4.646172893957236e-06	5.332904633215402	0.0010407427282464207	PIBF1, THOC2, PRKN, SQSTM1, VPS35, DMXL2, CNKSR2, ITPR1, LRPPRC, CLPB, CSPP1, PMM2, HEXB, DNM1L, PDE10A, SBF2, SAMHD1, TRIO, PRORP, NSD1, YY1, OXR1, SLC1A2, SETX, VAPB, GRM7, PLP1, YWHAG, EIF2AK2, PANK2, SLC25A13, SLC25A46, LNPK, SUFU, SLC1A3, ACBD6, DNMT3A, ATG7, TNFRSF1B, MAX, CASK, SMC1A, SNCA, FGF14, VPS13C, SPEN, PIGN, LYST, ATM, CELF2, CDK19, CPLANE1, OFD1, PGK1, SDHB, FTL, YEATS2, CLTC, HTT, PACS2, LRRK2, LEMD3, PPP3CA, SLC12A6, UBE3C, PUS7, CACNA1B, NF1, PSAP, FGF12, ITM2B, CAPRIN1, TRAPPC11, ELOVL5, QDPR, OPA1, ATP6V1A, ANOS1, ERCC6, MICU1, ARL13B, SYNJ1, ADAR, NEMF, UBE3A, TOGARAM1, WWOX, FRMPD4, BAZ1B, ATXN7, MECP2, CLIP2, RNASEH2B, CHD2, SLC20A2, KIAA0586, PRNP, DCC, ATXN3, XPR1, SNX10, ADGRV1, MYO5A, WDR11, ASAH1, VPS13D, GTF2I, ATXN2, NFE2L2, REPS1, TRAK1, FBXO28, CHD7, TAF1, CACNA1A
HP:0000668	Hypodontia	185	0.0578125	1.6114745433017594	1.1846649058779349e-11	1.0978962060149833e-09	8.95943871570164	1.2186647886766315e-07	IARS2, IGF1R, SLC25A24, TCF12, HDAC4, NBAS, ANKRD11, BTRC, KDM6A, CSGALNACT1, FAM20B, DSE, CNKSR2, FAR1, IFT80, VPS35L, CDC42, LMBR1, XYLT1, NPM1, CEP152, HECTD4, CHST11, PNPLA6, HGSNAT, CHSY1, TAPT1, SCLT1, EXT1, CSF1R, APC, NSD1, ATR, PIK3R1, SOS2, SLC10A7, SLC1A2, SCAPER, SLC17A5, PCYT1A, PPP1R21, LIFR, MAP2K1, CEP85L, ALMS1, YWHAG, NEK1, NEK9, BBS9, RBPJ, SHOC2, SMAD4, SPRED1, MANBA, LRRK1, GALNT2, SDCCAG8, SEC24D, PPM1D, SPRED2, MTX2, SOS1, NFIX, DNMT3A, P4HB, RPS6KA3, STIM1, FMN1, EP300, GLB1, ORC4, SPECC1L, SMC1A, TRPS1, AGPS, EDA, NSD2, TENT5A, HS2ST1, DYNC2H1, SETD2, PPP2R3C, CELF2, CDK19, IKBKB, CPLANE1, PPP1CB, KYNU, OFD1, PARN, VAC14, MAP3K7, HSPA9, TRIM37, NIPBL, SMAD2, PRKACB, MTAP, FBXW4, LBR, CEP290, CLTC, MAP3K20, CDC73, RREB1, TGFBR2, MAPK1, EIF2AK3, ZBTB16, SMC3, LEMD3, PACS2, PPP3CA, KAT6B, NOTCH2, UBE3C, PUS7, EFL1, RNF13, CACNA1B, RNPC3, GNPTAB, NF1, CREBBP, ANKH, OSTM1, TBXAS1, LPIN2, FAM111A, FGF12, EXOC6B, ARHGAP31, RUNX2, STAT3, GNAS, ATP6V1A, ACVR1, ARID1B, KMT2A, SYNJ1, TTC21B, DYM, XRCC4, RAF1, RALA, STAT5B, WWOX, BAZ1B, CTNNB1, TNFRSF11A, RAD21, ACTB, P4HA1, NSMCE2, CLIP2, NIN, KIAA0586, HDAC8, CBL, EFTUD2, ARSB, ZSWIM6, EXT2, IL6ST, GNAI3, TRIP11, SNX10, MCM5, WNT5A, TGFB1, CEP63, GTF2I, RPL13, FIG4, TMEM165, CLCN5, ATP6V1B2, TGFBR1, BRAF, TRAK1, FBXO28, KRAS, TAB2, PTPN11, CACNA1A
HP:0002240	Hepatomegaly	152	0.0475	1.6040204918032788	1.312661850212837e-09	7.896697341017225e-08	7.10255450699707	1.3503352453139454e-05	MT-ND3, CD55, CYBB, DAP3, ARPC5, STEAP3, AUH, IRF8, DIS3L2, STAT1, XIAP, NPHP3, CYBA, CD81, PEX14, PEX3, COG5, DHRSX, XYLT1, NPM1, HCK, PMM2, PIK3CA, HEXB, HGSNAT, ABCA1, CNTNAP2, FBXL4, PRKCD, ASXL1, ACADM, PIK3R1, SOS2, SP110, ABCD3, POLD3, PPARG, RHBDF2, SLC17A5, VPS13A, PPP1R21, ALG13, ATRX, MAP2K1, ALMS1, TET2, B4GALT1, SLC25A13, SF3B1, REL, SPRED2, MTX2, SOS1, PCCA, SH2B3, COX10, GLIS3, STIM1, RASA2, TNFRSF1B, GLB1, SEC63, GALM, LYST, NSD2, DOCK11, ITCH, PARN, CALR, DOCK2, DEF6, TRIM37, DHFR, VPS45, GPI, FCGR2A, LBR, EIF2AK3, NDUFS4, SEMA4D, TNFRSF1A, NOTCH2, MT-ND1, TCF4, PUS7, EFL1, MRPS28, GNPTAB, PSAP, MT-ND5, OSTM1, LPIN2, HLA-DRB1, LYRM4, CCDC47, JAK2, EWSR1, NDUFS1, TRAPPC11, PIK3C2A, MAGT1, ETFA, MT-ATP6, ERCC6, MICU1, ARL13B, UBR1, MT-ND4, PLAGL1, INSR, ADAR, MT-CYB, XRCC4, SCARB2, RAF1, PTEN, TOGARAM1, AP3B1, ATP6AP2, CTNNB1, TNFRSF11A, PHKB, NPC2, NUBPL, LMBRD1, NHLRC2, NDUFAF5, CBL, ARSB, MT-ND2, HSD17B4, TRAF3, SNX10, KCNQ1, APOE, NGLY1, NDUFAF2, NDUFV2, TGFB1, RAB27A, ASAH1, TNPO3, TMEM165, LYN, ATP6V1B2, PKD2, SNX14, CHD7, KRAS, BRAF, PTPN11, LIPA
HP:0001508	Failure to thrive	253	0.0790625	1.5919926075268818	5.6189889608826356e-15	9.175006260412647e-13	12.03739363074217	5.7802539440599675e-11	SMARCA2, MT-ND3, IARS2, CAMKMT, SLC25A24, RNF2, ADNP, NR3C2, RPS19, RAB3GAP1, KDM6A, HIBCH, AUH, IRF8, CNKSR2, DMXL2, TPM3, CTCF, NNT, FUT8, JAK1, TBL1XR1, SIN3A, MTR, NPHP3, STT3B, PEX14, BMPR1A, LRPPRC, PEX3, CSPP1, DHRSX, PNPT1, PIK3CA, EPG5, WDR26, PMM2, ADAM17, PPM1B, HEXB, ZEB2, DNM1L, GLUD1, HNRNPK, NEDD4L, MEGF10, WNT2B, RERE, TRIO, FBXL4, ASXL1, MT-CO1, UBA2, ABL1, PIK3R1, NSUN3, CBFB, SLC1A2, RYR3, PPARG, SLC17A5, RYR1, DCTN4, ROBO1, GRM7, PLP1, MAP2K1, YWHAG, DYRK1A, NFIA, SON, RBPJ, SHOC2, SMAD4, SLC25A13, SLC25A46, HLA-DQA1, CUL3, LRRK1, SLC1A3, FMR1, SUCLA2, PCCA, NFIX, POGZ, COX10, UBE4B, EP300, GLB1, CASK, ORC4, SMC1A, GALM, SPEN, AGPS, NSD2, LRBA, DOCK11, ATM, KANSL1, CIITA, SETD2, CELF2, CDK19, IKBKB, CPLANE1, PPP1CB, OFD1, PARN, NUP54, MAP3K7, BRD4, MCCC1, VPS53, NIPBL, SMAD2, VRK1, PRKACB, SDHB, ARFGEF2, STAG1, FCGR2A, VPS45, LBR, MAP3K20, LUZP1, CLTC, DPYD, RREB1, PACS2, ST3GAL5, FTO, NDUFS4, LEMD3, SMC3, FOXP1, PPP3CA, KMT2C, KAT6B, NOTCH2, MT-ND1, NSRP1, TCF4, EFL1, MRPS28, RNF13, CACNA1B, GNPTAB, AGTPBP1, PSAP, PACS1, MT-ND5, CREBBP, MIPEP, LPIN2, BLNK, FAM111A, FGF12, EHMT1, ARHGAP31, VPS37A, RARS2, ARPC1B, LYRM4, GBE1, SEC31A, TLK2, NDUFS1, STAT3, RPL17, SIL1, RPL5, ATP6V1A, CLCN3, CASP8, MT-ATP6, ARID1B, DISP1, HNRNPH1, STAG2, ACVR1, ERCC6, KMT2A, STRADA, UBR1, MYT1L, MT-ND4, PLAGL1, INSR, SYNJ1, NADK2, ADAR, MT-CYB, KMT5B, DYM, CSNK2A1, PTEN, NUP214, WWOX, STAT5B, USP7, ATXN7, RAD21, DHX9, ACTB, GATM, BRCA1, MECP2, NUBPL, LMBRD1, TASP1, FARSB, NHLRC2, POLA1, KIAA0586, NDUFAF5, HDAC8, CBL, GRIA4, MT-ND2, ZSWIM6, HSD17B4, MT-CO3, DOCK8, PTPN2, SNX10, MT-CO2, NGLY1, GNB1, NDUFAF2, NDUFV2, TGFB1, IPO8, SPI1, WDR11, ASAH1, ADK, JMJD1C, TMEM165, NFE2L2, LYN, TAOK1, CHD7, TRAK1, FBXO28, KRAS, SLC26A3, GFAP, BRAF, EIF4A2, HLA-DQB1, CACNA1A, LIPA
HP:0000175	Cleft palate	226	0.070625	1.562625537056928	1.339554523483333e-12	1.5483143127048364e-10	9.810140871549144	1.3779997383073045e-08	FANCC, IARS2, IGF1R, SLC25A24, TCF12, USP9X, HDAC4, NBAS, ARID2, ANKRD11, RPS19, BTRC, KDM6A, CSGALNACT1, FAM20B, SETD5, DSE, DMXL2, FAR1, CTCF, IFT80, VPS35L, CDC42, CSPP1, LMBR1, GLDN, EPG5, WDR26, XYLT1, CEP152, HNRNPK, ZEB2, CHST11, HGSNAT, PNPLA6, NEDD4L, MEGF10, TAPT1, CHSY1, EXT1, SELENOI, CSF1R, ASXL1, NSD1, ATR, PIK3R1, SOS2, SLC10A7, DLG1, SLC17A5, PCYT1A, PPP1R21, GRM7, SEC23A, LIFR, MAP2K1, ALMS1, NEK1, NEK9, SON, RBPJ, SHOC2, SMAD4, NBN, SPRED1, MAPRE2, MANBA, DDX3X, LRRK1, SUFU, GALNT2, SEC24D, PPM1D, SPRED2, ACBD6, SOS1, NFIX, ARID1A, POGZ, DNMT3A, P3H2, RB1, P4HB, STIM1, FMN1, MAF, EP300, GLB1, LARS2, CASK, ORC4, SPECC1L, SMC1A, TRPS1, AGPS, PIGN, NSD2, FBXO11, TENT5A, KANSL1, HS2ST1, ANKRD17, DYNC2H1, SETD2, OFD1, IKBKB, CPLANE1, PPP1CB, KYNU, EIF2S3, VAC14, MAP3K7, WASHC5, BRD4, DEF6, HSPA9, TRIM37, NIPBL, SMAD2, PRKACB, B3GALNT2, MTAP, FBXW4, LBR, CEP290, MAP3K20, CDC73, TGFBR2, RREB1, SMCHD1, MAPK1, EIF2AK3, FTO, ZBTB16, LEMD3, SMC3, PPP3CA, KAT6B, NOTCH2, SMS, TUBB, EFL1, TRRAP, RNPC3, GNPTAB, NF1, CREBBP, ANKH, OSTM1, TBXAS1, LPIN2, FAM111A, EXOC6B, ARHGAP31, REV3L, RUNX2, HDAC9, NUP107, STAT3, RPL17, RPL5, GNAS, JARID2, ANOS1, ACVR1, ASCC3, DISP1, ARID1B, STAG2, KMT2A, TTC21B, DYM, RPS28, MT-CYB, PDZD8, XRCC4, RAF1, RALA, RIC1, EDEM3, KAT6A, STAT5B, CEP57, CTNNB1, TNFRSF11A, RAD21, ACTB, BRCA1, P4HA1, NSMCE2, LMBRD1, NIN, KIAA0586, HDAC8, CBL, EFTUD2, ARSB, ZSWIM6, EXT2, DCC, GNAI3, TRIP11, IL6ST, SNX10, RFWD3, GNB1, IPO8, MCM5, WNT5A, TGFB1, CEP63, WDR11, JMJD1C, RPL13, FIG4, TMEM165, CLCN5, FANCL, ATP6V1B2, TGFBR1, CHD7, BRAF, KRAS, TAB2, PTPN11, C2CD3
HP:0002643	Neonatal respiratory distress	167	0.0521875	1.560247187953556	1.5895263019057456e-09	9.238111337686105e-08	7.0344168079423275	1.6351457067704404e-05	IARS2, IGF1R, SLC25A24, TCF12, HDAC4, NBAS, ANKRD11, BTRC, CSGALNACT1, FAM20B, DSE, FAR1, IFT80, VPS35L, NPHP3, CDC42, LMBR1, XYLT1, CEP152, CHST11, DNM1L, HGSNAT, PNPLA6, CHSY1, TAPT1, EXT1, CSF1R, ASCC1, ASXL1, NSD1, ATR, PIK3R1, SOS2, SLC10A7, RALGAPA1, SLC17A5, RYR1, PCYT1A, PPP1R21, GRM7, LIFR, MAP2K1, ALMS1, NEK1, MTM1, NEK9, RBPJ, SHOC2, SMAD4, SPOP, DST, SPRED1, MANBA, DDX3X, LRRK1, GALNT2, SEC24D, PPM1D, SPRED2, SOS1, NFIX, DNMT3A, P4HB, STIM1, FMN1, EP300, GLB1, ORC4, SPECC1L, SMC1A, TRPS1, AGPS, NSD2, TENT5A, HS2ST1, DYNC2H1, SETD2, OFD1, IKBKB, CPLANE1, PPP1CB, KYNU, VAC14, MAP3K7, HSPA9, TRIM37, NIPBL, SMAD2, PRKACB, MTAP, TRIP4, FBXW4, LBR, CEP290, MAP3K20, CDC73, TGFBR2, RREB1, MAPK1, EIF2AK3, ZBTB16, SMC3, LEMD3, KAT6B, NOTCH2, EFL1, NEK10, RNPC3, GNPTAB, NF1, SLC30A9, CREBBP, ANKH, OSTM1, TBXAS1, LPIN2, FAM111A, EXOC6B, ARHGAP31, RUNX2, STAT3, GNAS, ACVR1, ARID1B, KMT2A, PLAGL1, TTC21B, DYM, XRCC4, RAF1, RALA, NSF, NUP214, STAT5B, TNFRSF11A, RAD21, ACTB, NPC2, PTCD3, NSMCE2, NIN, GLUL, KIAA0586, HDAC8, CBL, EFTUD2, ARSB, ZSWIM6, EXT2, IL6ST, GNAI3, TRIP11, SNX10, MCM5, WNT5A, TGFB1, CEP63, RPL13, FIG4, TMEM165, CLCN5, TGFBR1, BRAF, KRAS, TAB2, PTPN11, KAT6A
HP:0012378	Fatigue	112	0.035	1.533968085106383	2.206116354323674e-06	8.105113906045584e-05	4.091240877370748	0.022694318936927634	CD46, IKZF1, FUS, STEAP3, SQSTM1, TPM3, STAT1, WIPF1, TBL1XR1, TSC1, SIN3A, BMPR1A, HLA-B, PIK3CA, NPM1, EPB41, SLC25A26, DNM1L, BAG3, PXK, TRIO, RUNX1, ASXL1, ACADM, YY1, ABL1, TLR4, PIK3R1, MLH1, PSEN1, NUMA1, VAPB, RYR1, ATRX, NEK1, TET2, KPNA3, BCL2, PNPLA8, CCND1, FAM13A, KIAA0319L, ITGAM, DNMT3A, SH2B3, MALT1, MAX, PFN1, TMPO, UBAC2, PHIP, ATM, HACE1, CIITA, IFNGR1, PARN, CALR, FIP1L1, SDHB, FTL, PON2, MAP3K20, CDC73, LBR, TGFBR2, ZBTB16, MSH2, FOXP1, SEMA4D, TCF4, ATP11A, TAF15, THRB, NF1, BLNK, ATP13A3, HLA-DRB1, JAZF1, NPAT, JAK2, STAT3, NR3C1, OPA1, STAT6, ASCC3, HAVCR2, HLA-DPB1, MYT1L, INSR, SYNJ1, IRF2BP2, CHEK2, RAF1, TBK1, STAT5B, PMS1, CTNNB1, PHKB, BRCA1, MECP2, CBL, TRAF3, PIK3CG, KCNQ1, RIN2, SPI1, TNPO3, FIG4, ATXN2, LYN, KRAS, GFAP
HP:0003623	Neonatal onset	122	0.038125	1.5073644433781188	2.075698203098731e-06	7.708558633673879e-05	4.11302681986884	0.021352707415276645	SMARCA2, ADNP, HDAC4, NR3C2, AP1S2, ARPC5, RPS19, KDM6A, SIN3A, MTR, LRPPRC, CLPB, ZBTB20, DUT, HCK, PMM2, FARS2, DNM1L, GLUD1, USP53, NEDD4L, SELENOI, SAMHD1, PIGU, RERE, FBXL4, NSD1, GPHN, C1QC, SLC1A2, RYR1, PPP1R21, TBCK, PUM1, HSPD1, SLC25A13, NFIX, ATP1A1, CALM1, COX10, GLIS3, STIM1, GALM, LYST, OTULIN, CELF2, RAP1B, KYNU, CDC42BPB, DOCK2, KCNMA1, STAG1, HPS5, VPS45, SUPT16H, TRIP4, DENND5A, TMEM163, PACS2, ST3GAL5, AUTS2, SLC12A6, UBE3C, NSRP1, ATP11A, NEK10, PPP2CA, PSAP, NDUFA10, VPS13B, OSTM1, RAC1, FGF12, ATP13A3, NT5C3A, DIAPH1, WASHC4, LYRM4, PURA, NDUFS1, HLCS, STAT3, CLCN3, ATP6V0A1, F13A1, CRLS1, SMARCAD1, BCKDHB, ARL13B, PDSS2, CNOT1, INSR, SYNJ1, ADAR, GRIK2, RNF125, DEPDC5, NUP214, WWOX, CALM2, ATP6AP2, ITGB2, CTNNB1, GUCY1A1, TNFRSF11A, AP4E1, SECISBP2, DHX9, NPC2, CACNA1C, LMBRD1, OXCT1, NHLRC2, HSD17B4, RAP1GDS1, NDUFV2, VPS50, ADK, LYN, SNX14, BRAF, CACNA1A
HP:0000545	Myopia	157	0.0490625	1.4562513508645536	6.301102764792969e-07	2.5519466197411527e-05	4.593128414196299	0.0064819444141425275	MIA3, POC1B, USP9X, NBAS, ARID2, MAT2A, ANKRD11, HERC2, NT5C2, CHD6, RIMS1, SETD5, DSE, NPHP3, FBXW11, CSPP1, CAMTA1, ATF6, XYLT1, WDR26, PIK3CA, PMM2, HNRNPK, ZEB2, PNPLA6, HGSNAT, NEDD4L, TAPT1, ASPH, POC5, RERE, CDK8, ASXL1, NSD1, HK1, ABL1, PIK3R1, SOX5, SLC10A7, MED13L, YME1L1, SLC4A7, INVS, MBD5, SCAPER, PCYT1A, CWC27, PPP1R21, LIFR, ATRX, MAP2K1, ALMS1, PANK2, DYRK1A, BBS9, ARIH1, SON, B4GALT1, SHOC2, SMAD4, RHOA, SLC25A46, ABHD12, SEC24D, SDCCAG8, NFIX, ARID1A, POGZ, P3H2, P4HB, WAC, MAF, ACSL4, CASK, SMC1A, DYNC2H1, TENT5A, HACE1, OFD1, CPLANE1, EIF2S3, PGK1, BRD4, NIPBL, SMAD2, SDHB, B3GALNT2, HUWE1, IQCB1, CEP290, DPYD, TGFBR2, TCF20, CAMK2G, HTT, PACS2, SMC3, SLC12A6, AFF4, NOTCH2, TCF4, CTNNA1, TTLL5, LRRC8C, PSAP, PACS1, VPS13B, RIMS2, CREBBP, KIZ, PURA, ITM2B, TLK2, CAPRIN1, TRAPPC11, ADAM9, OPA1, VWA8, ASCC3, ARID1B, TEAD1, EED, MYT1L, PDZD8, UBE3A, PTEN, BAZ1B, USP7, CTNNB1, ATXN7, RAD21, P4HA1, RCBTB1, CLIP2, KIAA0586, HDAC8, YY1AP1, ZSWIM6, KIF5B, YPEL2, ADGRV1, PAK2, IPO8, BPTF, MYO5A, PPT1, GTF2I, ATP6V1B2, TGFBR1, RAB28, BRAF, KRAS, TAF1, PTPN11, ZNF644, MARK2, KAT6A
HP:0000365	Hearing impairment	184	0.0575	1.432215840386941	2.3680130425236878e-07	1.0270221208134699e-05	4.9884202021244715	0.0024359750168441176	FANCC, ATL3, SCP2, TCF12, USP9X, AP1S2, ARID2, ANKRD11, SPTLC1, KDM6A, CSGALNACT1, SQSTM1, RAB3GAP2, DSE, CTCF, TBL1XR1, SIN3A, CDC42, RBMX, PEX14, PEX3, ZBTB20, COG5, HLA-B, PNPT1, XYLT1, NPM1, PIK3CA, HECTD4, FARS2, HGSNAT, USP53, BAG3, SCLT1, RERE, APC, CNTNAP2, FBXL4, NSD1, HK1, SLC10A7, MED13L, ZNF407, CBFB, YME1L1, SPTLC2, SCAPER, PCYT1A, DCTN4, GRM7, PLP1, MAP2K1, DYRK1A, TBCK, BBS9, SON, HSPD1, SHOC2, SMAD4, SPIDR, SPOP, SPRED1, CACNA1D, MANBA, DDX3X, SDCCAG8, FMR1, SUCLA2, ZMIZ1, SOS1, NFIX, ARID1A, CALM1, WAC, RPS6KA3, MAF, DNMT1, ACSL4, GLB1, EP300, CASK, ORC4, FRYL, SPEN, NSD2, KANSL1, SETD2, OFD1, VAC14, PPP1CB, MAP3K7, PARN, NIPBL, SDHB, HUWE1, AKAP9, IQCB1, CEP290, SMCHD1, RREB1, IFRD1, ST3GAL5, SMC3, CERT1, CNOT2, KMT2C, KAT6B, NOTCH2, AFF4, UBE3C, EFL1, TRRAP, NEK10, THRB, GSN, PSAP, CREBBP, ANKH, KDM3B, EHMT1, VPS37A, HLA-DRB1, REV3L, SEC31A, PI4KA, ITM2B, RUNX2, TNRC6B, HDAC9, CAPRIN1, NUP107, EEFSEC, RPL17, STAT3, PIK3C2A, GNAS, MT-ATP6, ARID1B, ACVR1, ERCC6, STAG2, MICU1, PLAGL1, DYM, GRIK2, CHD4, PTEN, CALM2, CEP57, CTNNB1, USP7, TNFRSF11A, ACTB, BRCA1, CACNA1C, P4HA1, PTCD3, NARS2, TASP1, MYSM1, HDAC8, MITF, TRAPPC12, ARSB, HSD17B4, GNAI3, SNX10, RFWD3, KCNQ1, TGFB1, WNT5A, JMJD1C, FIG4, FANCL, SNX14, CHD7, BRAF, KRAS, TAF1, PTPN11, MARK2, EIF4A2, CACNA1A, AGO2
HP:0011463	Childhood onset	258	0.080625	1.4074528601694916	3.613955955411982e-09	1.998750801791562e-07	6.699241349030034	3.717676491332306e-05	FANCC, CYBB, CD55, KCNQ5, LAMA2, POC1B, CD46, MRE11, IKZF1, DAP3, HDAC4, NBAS, NFKB1, AP1S2, C3, RPS19, CHD8, STEAP3, NT5C2, SPTLC1, KDM6A, RIMS1, DYNC1H1, IRF8, DMXL2, NRIP1, STAT1, XIAP, TPP2, NPHP3, SIN3A, SPG11, ITPR1, CLPB, CSPP1, COPA, ATF6, RYR2, PNPT1, PMM2, FCHO1, HECTD4, PNPLA6, ATP6V0C, USP53, HGSNAT, MEGF10, BAG3, EXT1, LAMP2, ASPH, SBF2, PLCG2, POC5, SAMHD1, VPS41, GDAP1, NFATC2, CSF1R, TRIO, HPRT1, CNTNAP2, FBXL4, RPS29, RUNX1, TENM4, NSD1, TBC1D2B, HK1, ATR, PIK3R1, NDUFAF6, C1QC, TGFBI, BRWD1, FOXP2, CBFB, SLC4A7, SPTLC2, INVS, SCAPER, TPM4, RYR1, PCYT1A, PPA2, CWC27, PLP1, TRAPPC10, ADAM10, ALMS1, EPHB2, EIF2AK2, ATRX, PANK2, PNPLA8, BBS9, PUM1, CBLB, SMAD4, SLC25A46, ABHD12, ABCB7, REL, LNPK, UBAP1, SDCCAG8, CACNB4, FMR1, MTX2, NFIX, CALM1, P3H2, STIM1, ACSL4, GLB1, CASK, RNF216, FGF14, DOCK11, ATM, DYNC2H1, BDP1, OFD1, IKBKB, CPLANE1, PGK1, RAP1B, VAC14, NUP54, KCNMA1, FGD4, DEF6, CHKA, FYB1, SMAD2, VRK1, SDHB, B3GALNT2, FCGR2A, IQCB1, CEP290, MAP3K20, MTMR14, DPYD, TGFBR2, DNAJC3, CD164, SMC3, DTNBP1, PPP3CA, SLC12A6, TCF4, PUS7, EFL1, ATP11A, TRRAP, CACNA1B, PPP2CA, CTNNA1, TTLL5, THRB, GNPTAB, NF1, AGTPBP1, PSAP, VPS13B, SLC30A9, RIMS2, ANKH, KIZ, RAC1, RNF220, ATP13A3, NT5C3A, DAAM2, VPS37A, SSBP1, DIAPH1, MAD1L1, PURA, GBF1, PI4KA, TPK1, ITM2B, HNRNPA2B1, CAPRIN1, ARHGEF9, TRAPPC11, COG3, SIL1, ADAM9, STAT3, OPA1, ATP6V1A, F13A1, TRPM3, STK4, VWA8, SPART, HAVCR2, TEAD1, ERCC6, KMT2A, MYT1L, INSR, ADAR, DYM, SCAF4, NEMF, RAF1, WWOX, CALM2, CTNNBL1, GUCY1A1, ATXN7, AP4E1, PHKB, BRCA1, GATM, ATP2B1, MECP2, RCBTB1, NPC2, NUBPL, LMBRD1, CHD2, GLUL, POLA1, SLC20A2, MACF1, C1QB, ARSB, EXT2, IL6ST, DNM2, TRAF3, XPR1, SNX10, USP48, YPEL2, ADGRV1, KCNQ1, NDUFAF2, PDK3, TGFB1, MYO1E, PRKAG2, PPT1, ASAH1, VPS13D, SNX14, RAB28, TPP1, GFAP, TANGO2, MAP3K14, ZNF644, GLS
HP:0003577	Congenital onset	235	0.0734375	1.3387071349557522	1.3735622919072165e-06	5.352210339715734e-05	4.271466827306218	0.014129835296849537	FANCC, LAMA2, CDK5RAP2, IARS2, TTC7A, IGF1R, SLC25A24, TCF12, ADNP, HDAC4, HERC2, RPS19, CDK13, RAB3GAP1, SIK3, KDM6A, RAB3GAP2, DSE, DMXL2, TPM3, CTCF, NRIP1, FUT8, VPS35L, NPHP3, SIN3A, ITPR1, ATAD1, CDK6, PEX14, CATSPER2, LRPPRC, CLPB, ZBTB20, PEX3, CSPP1, RPA1, LMBR1, GLDN, EPG5, PIK3CA, PMM2, HECTD4, CEP152, NEDD4L, MEGF10, CEP135, ZNF148, ASPH, GDAP1, SAMHD1, RERE, CSF1R, ASCC1, ASXL1, YY1, UBA2, ABL1, ATR, HK1, ELP2, CBFB, RYR1, CWC27, WLS, ROBO1, PPIP5K2, SEC23A, ALMS1, LIFR, DYRK1A, TBCK, NEK9, BBS9, MCPH1, B4GALT1, ASH1L, RBPJ, RHOA, NBN, ABCB7, MAPRE2, CACNA1D, SEL1L, SUFU, HERC1, SPRED2, EXOC2, PAFAH1B1, RAB18, POGZ, HNRNPR, DNMT3A, MYH9, MAF, EP300, MAX, DTNA, PLD1, LARS2, CASK, ORC4, SPECC1L, KIAA0825, SMC1A, ASXL2, TRPS1, PIGN, CDC40, DOCK11, HS2ST1, ELP4, PPP2R3C, OFD1, CPLANE1, RAP1B, PPP1CB, KYNU, MAP3K7, CDC42BPB, BRD4, NIPBL, SMAD2, VRK1, PRKACB, SDHB, STAG1, B3GALNT2, TRIP4, LBR, HELLS, MTMR14, MAP3K20, DPYD, TGFBR2, CD164, FTO, LEMD3, PPP3CA, AFF4, PDCD6IP, TUBB, RNF13, CEP295, LRRC8C, NF1, AGTPBP1, PSAP, CREBBP, ANKH, FAM111A, EXOC6B, RARS2, CDC14A, RUNX2, KLHL24, HDAC9, TLK2, CAPRIN1, ARHGEF9, EEFSEC, RPL17, OPA1, ATP6V1A, F13A1, TRPM3, ANOS1, ERGIC1, ACVR1, ZBTB7A, HNRNPH1, STAG2, EED, ERCC6, CNOT1, INSR, PTPRJ, RPS28, SCAF4, RALA, DEPDC5, KAT6A, SLC6A6, AP3B1, AP4E1, ACTB, ATP2B1, MECP2, ATP11C, BRWD3, TASP1, PIGF, NIN, POLA1, KIAA0586, MYSM1, KANK1, MITF, TRAPPC12, ZNF141, ZSWIM6, EXT2, DCC, DNM2, NSUN6, MARK3, ANKLE2, TSEN15, RFWD3, USP48, KCNQ1, IPO8, ATP2A2, WNT5A, PRKAG2, CEP63, SPI1, DICER1, FIG4, TRIM44, FANCL, CCDC88A, ATP6V1B2, TGFBR1, CHD7, TRIM36, KRAS, BRAF, TAF1, SMARCC1, TAB2, EPS8, GLS, CACNA1A, C2CD3
HP:0000007	Autosomal recessive inheritance	657	0.2053125	1.243160548941799	8.805766903940013e-11	6.5641249377413705e-09	8.182823161431363	9.058492414083091e-07	CD55, CDK5RAP2, IGF1R, SCP2, SLC25A24, ANKRD11, AUH, DMXL2, DSE, STAT1, MTR, ATAD1, CDK6, SLC44A1, LRPPRC, DUT, GLDN, EPB41, EPG5, HECTD4, FCHO1, SLC25A26, RSRC1, CHSY1, PDE10A, HGSNAT, USP53, ADD3, POC5, IREB2, VPS41, PRKCD, OXR1, UBE4A, PIK3R1, SP110, ABCD3, C1QC, BRWD1, PPARG, YME1L1, INVS, RYR1, WLS, TRAPPC10, PANK2, HNMT, SLC25A36, HSPD1, LINGO1, SMAD4, SPIDR, DST, SLC25A46, TF, CACNA1D, MANBA, GALNT2, SEC24D, HERC1, ACBD6, SOS1, RNF168, GLIS3, MCM9, STIM1, PIGN, NSD2, CLEC7A, HS2ST1, TENT5A, OTULIN, DYNC2H1, SETD2, OFD1, VAC14, PPP1CB, MAP3K7, FGD4, HSPA9, VPS53, B3GALNT2, HPS5, DHFR, GPI, FCGR2A, PTPN14, FBXW4, DPYD, HTT, MAPK1, ERCC6L2, LEMD3, DTNBP1, KAT6B, PUS7, SAMD9L, MRPS28, TAPBP, CEP295, AGTPBP1, RIMS2, OSTM1, ANAPC1, ANO6, LPIN2, BLNK, RNF220, ESR1, SHQ1, VPS37A, IL10RB, SMC5, POT1, LYRM4, GBE1, UQCRC2, JAK2, MGME1, HLCS, PIK3C2A, CASP8, USP8, BCKDHB, PDSS2, KMT2A, INSR, TTC21B, SCARB2, RIC1, DEPDC5, NUP214, MED27, WWOX, AP3B1, ITGB2, CEP57, GUCY1A1, TNFRSF11A, PHKB, RAD21, P4HA1, NPC2, BRCA1, RCBTB1, NSMCE2, PTCD3, NUBPL, TASP1, OXCT1, GLUL, NHLRC2, KIAA0586, NDUFAF5, SCYL2, SPPL2A, ARSB, ZNF141, GNAI3, MARK3, ANKLE2, SNX10, APOE, CTSC, NGLY1, TOR1AIP1, TGFB1, FXR1, SLC30A7, PPM1K, ASAH1, ADK, RPL13, ANO10, SNX14, MBOAT7, REPS1, CHD7, TANGO2, GCNT2, TDRD7, RNASET2, IARS2, TTC7A, POC1B, CD46, MRE11, DAP3, HDAC4, HERC2, RAB3GAP1, FAM20B, NCAPD3, NNT, TPP2, SPG11, WRN, ITPR1, PEX3, CEP152, IFNGR2, PMM2, ADAM17, CHST11, DNM1L, MEGF10, SBF2, MTMR2, ABCA1, CSF1R, ASCC1, FBXL4, PRORP, TBC1D2B, NSUN3, MLH1, POLD3, SETX, SLC17A5, SEC23A, PPIP5K2, MAP2K1, ALMS1, PNPLA8, CBLB, RBPJ, SLC25A13, NBN, LRP1, REL, SLF2, SDCCAG8, SPRED2, EXOC2, DNMT3A, ATG7, MALT1, P4HB, FMN1, PLD1, LARS2, KIAA0825, IFNAR1, AGPS, IL6R, LRBA, CDC40, LYST, ATM, HPSE2, CIITA, FLI1, CPLANE1, PGK1, MSH3, PARN, DOCK2, MCCC1, DEF6, SERPINB6, ACACA, HEXA, ARFGEF2, VPS45, FTL, RFC1, PIGK, GRIP1, TRIP4, IQCB1, LBR, MAP3K20, DENND5A, NUP93, ZBTB16, SMC3, PRKDC, SLC12A6, GDAP2, NSRP1, PTPRC, THRB, GNPTAB, SLC30A9, CREBBP, SASH1, MIPEP, ATP13A3, ARHGAP31, UNC80, DAAM2, CCDC47, CAMSAP1, RUBCN, OPA1, ATP6V1A, ATP6V0A1, FRA10AC1, CLCN3, RDX, ERCC6, ASCC3, SPART, MICU1, ARL13B, STRADA, UBR1, DYM, NEMF, EIF2B3, CTNNB1, ATXN7, ACTB, RTTN, ZC3H14, EFTUD2, ZSWIM6, HSD17B4, DCC, DNM2, TRIP11, STAB1, DOCK8, NSUN6, RECQL, EXT2, RFWD3, YPEL2, FDFT1, RIN2, NDUFV2, CEP63, MCM5, TTI1, VPS50, CCDC88A, SLC26A3, PTPN11, EPS8, CRADD, C1QA, LIPA, TCF12, NBAS, C3, ARPC5, BTRC, HIBCH, CSGALNACT1, RAD50, TPM3, WIPF1, IFT80, FRMD4A, VPS35L, CYBA, CDC42, CD81, LRMDA, CATSPER2, PEX14, CLPB, PIK3R5, ATF6, LMBR1, PNPT1, XYLT1, HEXB, PNPLA6, CEP135, EXT1, ASPH, GRIA1, ADGRG6, ACADM, NSD1, HK1, ATR, SOS2, SLC10A7, AP1G1, RYR3, SLC4A7, SCAPER, PPA2, PCYT1A, TRAPPC9, VPS13A, LIFR, TET2, HLA-DQA1, SPRED1, SEL1L, SUFU, MTX2, RAB18, PCCA, LMAN1, COX10, SLC2A9, EP300, GLB1, TRPS1, SPECC1L, GALM, VPS13C, ST3GAL3, BDP1, CARD11, IFNGR1, NUP54, FYB1, VRK1, SDHB, PRKACB, UGP2, GAB1, DNAJC3, MSH2, PDCD6IP, CACNA1B, NEK10, RNPC3, TTLL5, PSAP, VPS13B, NT5C3A, ARPC1B, SEC31A, PI4KA, KLHL24, NUP107, STAT3, COG3, ADAM9, QDPR, SLC25A32, GNAS, CRLS1, ANOS1, ERGIC1, ACVR1, PLA2G4A, TEAD1, PTPRJ, PDZD8, RALA, LMBRD1, RNASEH2B, PIGF, NIN, MYSM1, CAST, C1QB, SQOR, IL6ST, KIF5B, RAP1GDS1, BLOC1S6, WIPI2, PIK3CG, ADGRV1, MYO1E, RAB27A, MYO5A, VPS13D, SACS, ATG5, TGFBR1, RAB28, TRIM36, MFF, BRAF, TAB2, ZNF644, DHTKD1, SLC11A2, EIF4A2, GLS, TET3, FANCC, MIA3, LAMA2, EIF2AK4, PIBF1, CCDC146, PRKN, NT5C2, SIK3, RIMS1, SQSTM1, RAB3GAP2, IRF8, DIS3L2, FAR1, FUT8, NPHP3, STT3B, CSPP1, COG5, ADARB1, HPS3, OGDH, FARS2, WNT2B, WDR1, TAPT1, SELENOI, GDAP1, KIDINS220, COPB1, SAMHD1, PIGU, NFATC2, CRBN, CNTNAP2, CD4, RNF213, GPHN, ELP2, NDUFAF6, ZNF407, RALGAPA1, CWC27, PPP1R21, GRM7, ROBO1, EPHB2, NEK1, NEK9, TBCK, BBS9, MCPH1, B4GALT1, SHOC2, ITPR2, ABHD12, ZFP36L2, TAF2, LRRK1, LNPK, PPM1D, SUCLA2, NFIX, MRTFA, P3H2, ORC4, SMC1A, RNF216, HACE1, WNK1, PPP2R3C, DOCK7, IKBKB, ITCH, KYNU, WASHC5, KCNMA1, TRIM37, NIPBL, CHKA, SMAD2, ACER3, P2RY12, MTAP, IFNAR2, HELLS, CDC73, CEP290, TGFBR2, RREB1, ST3GAL5, TPR, NDUFS4, EIF2AK3, TMEM260, FTO, NOTCH2, UBE3C, EFL1, SIPA1L3, CTNNA1, AOPEP, NF1, ANKH, KIZ, TBXAS1, FAM111A, EXOC6B, DIAPH1, RARS2, WASHC4, MAD1L1, TPK1, ITM2B, CDC14A, RUNX2, EPM2A, NDUFS1, EEFSEC, TRAPPC11, LCP2, SIL1, FNIP1, F13A1, STK4, ETFA, VWA8, HAVCR2, ARID1B, SYNJ1, NADK2, ADAR, GRIK2, XRCC4, RAF1, TBK1, DYNC1I2, EDEM3, TOGARAM1, STAT5B, CTNNBL1, AP4E1, SECISBP2, CEP83, GATM, NARS2, FARSB, MITF, HDAC8, BCAS3, CBL, TRAPPC12, YY1AP1, TSEN15, KCNQ1, IPO8, NDUFAF2, WNT5A, PPT1, WDR11, NCKAP1L, FIG4, TMEM165, CLCN5, DDHD1, FANCL, NUP205, AXL, TRAK1, KRAS, TPP1, IL10RA, MAP3K14, HLA-DQB1, NDUFA10, C2CD3
