Signature	DrugBank_ID	DrugBank_Name	Enrichment_Score	Normalized_Enrichment_Score	p-value	FDR	Cell_Line
CPC006_WSUDLCL2_6H:BRD-A36630025-001-02-6:0.35	DB05482	7-ethyl-10-hydroxycamptothecin	-0.47546393411944904	-3.049693532271147	<0.0001	<0.0001	WSUDLCL2
CPC006_PL21_6H:BRD-A36630025-001-02-6:0.35	DB05482	7-ethyl-10-hydroxycamptothecin	-0.5297808041263824	-3.0341052409875617	<0.0001	<0.0001	PL21
CPC006_THP1_6H:BRD-A36630025-001-02-6:0.35	DB05482	7-ethyl-10-hydroxycamptothecin	-0.48075025903685625	-3.0004329116054533	<0.0001	<0.0001	THP1
AML001_U937_24H:BRD-K43389675:1.11111	DB00694	Daunorubicin	-0.472992548668589	-2.858498308570031	<0.0001	<0.0001	U937
CPC006_SKM1_6H:BRD-A36630025-001-02-6:0.35	DB05482	7-ethyl-10-hydroxycamptothecin	-0.40398645853118037	-2.8579372323289793	<0.0001	<0.0001	SKM1
CPC006_SKM1_6H:BRD-K78126613-001-16-0:10	DB00170	Menadione	-0.43016025301334015	-2.811691439300911	<0.0001	<0.0001	SKM1
CPC006_U937_6H:BRD-K78126613-001-16-0:10	DB00170	Menadione	-0.4193334307222006	-2.7418141857949445	<0.0001	<0.0001	U937
CPC006_U937_6H:BRD-A36630025-001-02-6:0.35	DB05482	7-ethyl-10-hydroxycamptothecin	-0.46864781352667034	-2.7259593806030895	<0.0001	<0.0001	U937
LJP007_NPC.CAS9_24H:D19	DB06616	Bosutinib	-0.4336717940856202	-2.701432054510295	<0.0001	<0.0001	NPC.CAS9
LJP007_NPC.CAS9_24H:I13	DB11526	Masitinib	-0.45504344505222144	-2.6730552115462025	<0.0001	<0.0001	NPC.CAS9
LJP007_NPC.TAK_24H:I13	DB11526	Masitinib	-0.4118991805603925	-2.6539633040224158	<0.0001	<0.0001	NPC.TAK
LJP008_NPC.TAK_24H:P13	DB11662	Rabusertib	-0.41345799081485024	-2.5850914208308824	<0.0001	<0.0001	NPC.TAK
CPC006_NOMO1_6H:BRD-A36630025-001-02-6:0.35	DB05482	7-ethyl-10-hydroxycamptothecin	-0.4238461262613635	-2.50118903908777	<0.0001	<0.0001	NOMO1
AML001_U937_24H:BRD-K43389675:0.37037	DB00694	Daunorubicin	-0.40823149804180314	-2.4571587873526206	<0.0001	<0.0001	U937
CPC006_WSUDLCL2_6H:BRD-K73319509-001-02-3:40	DB12848	PF-04217903	0.387061606605224	2.4018028731120484	<0.0001	<0.0001	WSUDLCL2
CPC006_U937_6H:BRD-A26711594-003-06-4:10	DB00622	Nicardipine	0.397448335689959	2.386302154145536	<0.0001	<0.0001	U937
LJP007_NPC.TAK_24H:D19	DB06616	Bosutinib	-0.3670663318348568	-2.3787571926661584	<0.0001	<0.0001	NPC.TAK
CPC006_PL21_6H:BRD-A58048407-001-10-5:10	DB00393	Nimodipine	-0.37200277884893507	-2.3628084460198147	<0.0001	<0.0001	PL21
LJP007_NPC.CAS9_24H:P13	DB05294	Vandetanib	-0.3776298776364063	-2.360985569365746	<0.0001	<0.0001	NPC.CAS9
LJP007_NPC.TAK_24H:D02	DB12494	SGI-1776	-0.391857748652049	-2.316755193875969	<0.0001	<0.0001	NPC.TAK
LJP008_NEU_24H:A20	DB11740	MK-1775	-0.3268442128932391	-2.3065139794706506	<0.0001	<0.0001	NEU
LJP007_NPC.TAK_24H:P13	DB05294	Vandetanib	-0.3438549469455734	-2.305401474807214	<0.0001	<0.0001	NPC.TAK
LJP007_NEU_24H:J24	DB03044	Doramapimod	-0.3479057299613749	-2.2985141304776833	<0.0001	<0.0001	NEU
LJP007_JURKAT_24H:I24	DB13005	Rebastinib	0.3748046070447336	2.29595803630677	<0.0001	<0.0001	JURKAT
LJP007_NPC_24H:D11	DB08875	Cabozantinib	0.3677803733779367	2.2322977996660858	<0.0001	<0.0001	NPC
LJP007_NEU_24H:F02	DB12848	PF-04217903	0.3196709634474172	2.22522041787954	<0.0001	<0.0001	NEU
LJP007_NEU_24H:J23	DB03044	Doramapimod	-0.3428747229769692	-2.2225657746052145	<0.0001	<0.0001	NEU
AML001_HL60_24H:BRD-A19037878:3.33333	DB04297	Trichostatin A	-0.3542235299401978	-2.2166378253014782	<0.0001	<0.0001	HL60
LJP007_NPC.CAS9_24H:F13	DB12247	AZD-4547	-0.3358702879775087	-2.2139836142502203	<0.0001	<0.0001	NPC.CAS9
AML001_HL60_24H:BRD-A19037878:1.11111	DB04297	Trichostatin A	-0.32174141718578053	-2.2115668502428845	<0.0001	<0.0001	HL60
LJP007_NEU_24H:I11	DB06589	Pazopanib	0.3151870657414167	2.193227076310503	<0.0001	<0.0001	NEU
CPC006_U937_6H:BRD-K31342827-001-05-4:12.12	DB03777	Bisindolylmaleimide I	-0.34116605112064896	-2.1889436538859295	<0.0001	<0.0001	U937
LJP008_NEU_24H:A11	DB07232	Veliparib	0.3171296746549136	2.1875785922222466	<0.0001	<0.0001	NEU
LJP007_NEU_24H:P07	DB07859	4-(4-CHLOROPHENYL)-4-[4-(1H-PYRAZOL-4-YL)PHENYL]PIPERIDINE	0.3424309965268173	2.1530152901168655	<0.0001	<0.0001	NEU
CPC006_WSUDLCL2_6H:BRD-K81651477-001-03-5:20	DB13063	Parthenolide	-0.3416759803841304	-2.1346561467616887	<0.0001	<0.0001	WSUDLCL2
LJP007_NEU_24H:K24	DB01590	Everolimus	-0.30865372062121915	-2.134652493375193	<0.0001	<0.0001	NEU
LJP007_NEU_24H:O02	DB07101	PD-0325901	0.29494289081523933	2.1325668652225085	<0.0001	<0.0001	NEU
CPC006_PL21_6H:BRD-K01976263-003-04-5:0.63	DB01735	3-Chloroalaninate	0.3417388806043652	2.1225601259166953	<0.0001	<0.0001	PL21
LJP007_NEU_24H:C04	DB11800	Tivozanib	-0.32283026842960943	-2.118139676276568	<0.0001	<0.0001	NEU
LJP007_NPC_24H:B17	DB12200	Tivantinib	0.35706172811839715	2.113628210375503	<0.0001	<0.0001	NPC
LJP007_JURKAT_24H:E01	DB11743	Ipatasertib	0.354371985169602	2.1134007064245686	<0.0001	<0.0001	JURKAT
NMH002_NPC_6H:BRD-A62336480-003-01-3:10	DB14068	Dexniguldipine	0.3698749502700803	2.105838310191647	<0.0001	<0.0001	NPC
CPC014_NEU_24H:BRD-K01507359-001-05-4:10	DB01045	Rifampicin	0.3256882598155121	2.1046972141494433	<0.0001	<0.0001	NEU
CPC006_U937_6H:BRD-K76188144-001-01-2:160	DB08263	N-(carboxycarbonyl)-D-phenylalanine	0.3766357776101959	2.102720852879496	<0.0001	<0.0001	U937
LJP007_NEU_24H:N14	DB09330	Osimertinib	0.33524808320321337	2.1025604070990958	<0.0001	<0.0001	NEU
CPC006_PL21_6H:BRD-K56700933-001-01-3:10	DB12695	Phenethyl Isothiocyanate	0.3431182638279653	2.102541068154075	<0.0001	<0.0001	PL21
LJP009_NEU_24H:D24	DB13061	MLN8054	-0.3165077804492865	-2.100233292794808	<0.0001	<0.0001	NEU
LJP007_NEU_24H:M04	DB07794	5-(2-PHENYLPYRAZOLO[1,5-A]PYRIDIN-3-YL)-1H-PYRAZOLO[3,4-C]PYRIDAZIN-3-AMINE	0.3001533953132641	2.0970050926212567	<0.0001	<0.0001	NEU
LJP007_NEU_24H:K12	DB11962	GSK-1059615	0.3179664358900325	2.095628212036504	<0.0001	<0.0001	NEU
AML001_HL60_24H:BRD-A19037878:0.37037	DB04297	Trichostatin A	-0.3206680770907529	-2.0924589311976853	<0.0001	<0.0001	HL60
AML001_HL60_6H:BRD-A19500257:0.37037	DB02424	Geldanamycin	0.3593973801492657	2.0921911221075646	<0.0001	<0.0001	HL60
LJP009_NPC_24H:K10	DB11962	GSK-1059615	0.35483906497713624	2.090526048381644	<0.0001	<0.0001	NPC
LJP007_NEU_24H:O04	DB07101	PD-0325901	0.2979450192714133	2.082346900725773	<0.0001	<0.0001	NEU
CPC017_NPC_24H:BRD-A88080608-001-03-4:10	DB02187	Equilin	0.2751426415304508	2.0813479808206194	<0.0001	<0.0001	NPC
LJP007_NEU_24H:M24	DB12874	Quizartinib	-0.35282358543779874	-2.079511238469405	<0.0001	<0.0001	NEU
NMH002_NPC_24H:BRD-K71799949-001-29-9:10	DB00564	Carbamazepine	-0.29013991964317787	-2.0745979636278453	<0.0001	<0.0001	NPC
LJP007_NEU_24H:D05	DB12494	SGI-1776	0.29383059608229944	2.073906205758333	<0.0001	<0.0001	NEU
LJP009_NEU_24H:E22	DB08901	Ponatinib	-0.31610960753060713	-2.056609655328055	<0.0001	<0.0001	NEU
LJP007_NPC.CAS9_24H:E20	DB12021	Dinaciclib	-0.33346470753898505	-2.0565717679862745	<0.0001	<0.0001	NPC.CAS9
CPC016_NEU_24H:BRD-A29322418-237-03-2:10	DB09015	Canrenoic acid	-0.338864912320753	-2.0562822894388426	<0.0001	<0.0001	NEU
CPC015_NPC_24H:BRD-K76205745-001-04-1:10	DB00678	Losartan	-0.32593800413200863	-2.052683241899737	<0.0001	<0.0001	NPC
LJP007_NEU_24H:K10	DB11962	GSK-1059615	0.3415650053062841	2.051235940792688	<0.0001	<0.0001	NEU
LJP007_NEU_24H:P22	DB11886	Infigratinib	-0.30408221873830177	-2.047365336365999	<0.0001	<0.0001	NEU
LJP008_NEU_24H:N07	DB02665	(1R,2S)-2-Phenylcyclopropanaminium	0.3109394732377611	2.041721324743887	<0.0001	<0.0001	NEU
AML001_HL60_6H:BRD-K71879491:0.37037	DB00982	Isotretinoin	0.34433199546763765	2.041398138438508	<0.0001	<0.0001	HL60
LPROT002_NPC.TAK_6H:E22	DB06195	Seliciclib	-0.3239551164639689	-2.0410005866323266	<0.0001	<0.0001	NPC.TAK
CPC016_NEU_24H:BRD-K67100011-003-03-0:10	DB01605	Pivmecillinam	-0.3330181270788051	-2.033138809497577	<0.0001	<0.0001	NEU
LJP008_NPC_24H:K11	DB11962	GSK-1059615	0.32473576843059726	2.027110682105584	<0.0001	<0.0001	NPC
LJP007_NEU_24H:H10	DB09053	Ibrutinib	0.296565018106049	2.0266959063831025	<0.0001	<0.0001	NEU
LJP007_NEU_24H:M09	DB05575	Motesanib	0.29548146387108964	2.0248907238198726	<0.0001	<0.0001	NEU
LJP007_NEU_24H:E01	DB11743	Ipatasertib	-0.2976724268262445	-2.0246224215823956	<0.0001	<0.0001	NEU
NMH002_NPC_24H:BRD-K99792991-001-29-9:10	DB00756	Hexachlorophene	0.32688148730590394	2.024249628293856	<0.0001	<0.0001	NPC
NMH002_NPC_24H:BRD-K32610195-001-14-9:10	DB01536	Androstenedione	-0.3386551886275242	-2.023242499623331	<0.0001	<0.0001	NPC
CPC014_NEU_24H:BRD-K19540840-001-02-9:10	DB11805	Saracatinib	-0.3278753049739148	-2.011228219818306	<0.0001	<0.0001	NEU
LJP007_NEU_24H:K02	DB12064	BMS-777607	0.29317453980809344	2.0112253525819326	<0.0001	<0.0001	NEU
CPC016_NEU_24H:BRD-K91370081-001-10-3:10	DB07374	Anisomycin	0.3316533277663639	2.00626628238047	<0.0001	<0.0001	NEU
LJP007_NEU_24H:F04	DB12848	PF-04217903	0.30750984773460127	2.0043409687723464	<0.0001	<0.0001	NEU
LJP007_NEU_24H:A18	DB12742	Amuvatinib	-0.28745265502350004	-2.0017593599917607	<0.0001	<0.0001	NEU
NMH002_NPC_24H:BRD-K02637541-001-13-1:10	DB00482	Celecoxib	-0.2922422609473916	-2.0007149996626246	<0.0001	<0.0001	NPC
LJP007_NEU_24H:B12	DB07970	5-[(2-methyl-5-{[3-(trifluoromethyl)phenyl]carbamoyl}phenyl)amino]pyridine-3-carboxamide	-0.28931807498355394	-2.0004749359996623	<0.0001	<0.0001	NEU
LPROT002_NPC.TAK_6H:K06	DB06803	Niclosamide	0.3378262828885651	1.9995535053522275	<0.0001	<0.0001	NPC.TAK
AML001_U937_6H:BRD-K71879491:3.33333	DB00982	Isotretinoin	0.34240282626841084	1.9976060743301458	<0.0001	<0.0001	U937
LJP008_NEU_24H:A07	DB07232	Veliparib	0.31733052540396767	1.9937628451622098	<0.0001	<0.0001	NEU
NMH002_NPC_6H:BRD-K95785537-001-19-9:10	DB03023	1-Tert-Butyl-3-(4-Chloro-Phenyl)-1h-Pyrazolo[3,4-D]Pyrimidin-4-Ylamine	-0.3336902065514779	-1.9912671757030713	<0.0001	<0.0001	NPC
LJP009_NEU_24H:B24	DB16107	BI 2536	-0.30978874073068946	-1.989980239884029	<0.0001	<0.0001	NEU
LJP007_NEU_24H:I22	DB13005	Rebastinib	-0.3203338111639122	-1.977589665418028	<0.0001	<0.0001	NEU
AML001_HL60_24H:BRD-A45664787:0.37037	DB01088	Iloprost	0.32500406430154416	1.9772508907647843	<0.0001	<0.0001	HL60
NMH002_NPC_24H:BRD-K27305650-001-11-7:10	DB02656	LY-294002	0.360186498101662	1.975234658259554	<0.0001	<0.0001	NPC
CPC006_THP1_6H:BRD-K31342827-001-05-4:12.12	DB03777	Bisindolylmaleimide I	-0.34364393609852034	-1.971125302183688	<0.0001	<0.0001	THP1
LJP007_NPC_24H:K11	DB11962	GSK-1059615	0.3234757712731721	1.9703695382518427	<0.0001	<0.0001	NPC
LJP007_NEU_24H:D09	DB08875	Cabozantinib	0.290991073852609	1.9697634503079633	<0.0001	<0.0001	NEU
CPC006_THP1_6H:BRD-K61250553-003-13-2:10	DB00836	Loperamide	0.316153345131592	1.9680981107307967	<0.0001	<0.0001	THP1
LJP008_NEU_24H:A09	DB07232	Veliparib	0.29010907971494193	1.967403856053231	<0.0001	<0.0001	NEU
AML001_HL60_24H:BRD-A19500257:3.33333	DB02424	Geldanamycin	0.38053653010234284	1.9665618886280494	<0.0001	<0.0001	HL60
LJP007_NEU_24H:O03	DB07101	PD-0325901	0.27250912473198097	1.966541871325718	<0.0001	<0.0001	NEU
CPC006_U937_6H:BRD-K96354014-001-09-6:10	DB01115	Nifedipine	-0.33475638667273366	-1.9651938406046545	<0.0001	<0.0001	U937
LJP007_NEU_24H:D11	DB08875	Cabozantinib	0.3168430042770393	1.962529333799157	<0.0001	<0.0001	NEU
CPC017_NPC_24H:BRD-K48970916-001-03-0:10	DB01406	Danazol	0.3186035139670573	1.961575575471051	<0.0001	<0.0001	NPC
NMH002_NEU_24H:BRD-K01493881-001-24-5:10	DB07352	Apigenin	-0.319783278030823	-1.961151420764585	<0.0001	<0.0001	NEU
LJP007_NEU_24H:D07	DB08875	Cabozantinib	0.2924413514258263	1.958596035319011	<0.0001	<0.0001	NEU
NMH002_NPC_24H:BRD-K93258693-001-12-4:10	DB07863	2-chloro-5-nitro-N-phenylbenzamide	0.26851814746813996	1.9574465898902629	<0.0001	<0.0001	NPC
LJP007_NEU_24H:D04	DB12494	SGI-1776	0.28198139163823027	1.9531374054157198	<0.0001	<0.0001	NEU
CPC016_NPC_24H:BRD-K21283037-003-06-2:10	DB00740	Riluzole	-0.29922192975288336	-1.953132373772465	<0.0001	<0.0001	NPC
LJP007_NEU_24H:H07	DB09053	Ibrutinib	0.31590742449912224	1.9518198377330231	<0.0001	<0.0001	NEU
LJP007_NPC_24H:E08	DB05913	OSI-930	0.33577367211905906	1.951343750572974	<0.0001	<0.0001	NPC
CPC018_NPC_24H:BRD-K06902185-001-10-2:10	DB00350	Minoxidil	-0.31509492143954926	-1.944912337806237	<0.0001	<0.0001	NPC
LJP007_JURKAT_24H:C01	DB11800	Tivozanib	0.3228526759170287	1.9444820118260957	<0.0001	<0.0001	JURKAT
LJP008_NPC.CAS9_24H:A03	DB02546	Vorinostat	-0.32392799000200356	-1.9444216582067604	<0.0001	<0.0001	NPC.CAS9
LJP008_NEU_24H:D24	DB13978	Selisistat	-0.2976938510614914	-1.9421905030156155	<0.0001	<0.0001	NEU
LJP007_NEU_24H:D23	DB06616	Bosutinib	-0.2978146757434512	-1.9409929438523494	<0.0001	<0.0001	NEU
CPC014_NEU_24H:BRD-K74733595-001-02-9:10	DB07350	(2E)-N-hydroxy-3-[1-methyl-4-(phenylacetyl)-1H-pyrrol-2-yl]prop-2-enamide	-0.3242643855136532	-1.939535582553158	<0.0001	<0.0001	NEU
LJP008_NPC.TAK_24H:A19	DB11740	MK-1775	-0.29307554394469304	-1.9373724154096155	<0.0001	<0.0001	NPC.TAK
LJP009_NEU_24H:D16	DB16108	TAK-715	0.30462087041633795	1.9363369160958517	<0.0001	<0.0001	NEU
LJP007_NEU_24H:F01	DB12848	PF-04217903	0.2726604359025797	1.936017506939965	<0.0001	<0.0001	NEU
LJP007_NEU_24H:M07	DB05575	Motesanib	0.2710211241346931	1.9295508334477693	<0.0001	<0.0001	NEU
NMH001_NEU_24H:BRD-K32814891-001-01-1:10	DB12395	Esreboxetine	-0.3115047330806421	-1.9276794552262921	<0.0001	<0.0001	NEU
AML001_HL60_24H:BRD-A19500257:1.11111	DB02424	Geldanamycin	0.3633077972948056	1.9266566966023395	<0.0001	<0.0001	HL60
NMH002_NEU_24H:BRD-K98530306-003-13-4:10	DB00575	Clonidine	0.2962897639728178	1.9256818801717548	<0.0001	<0.0001	NEU
LPROT003_NPC_6H:B09	DB03496	Alvocidib	-0.2969642049765087	-1.9236830106085276	<0.0001	<0.0001	NPC
LJP007_NEU_24H:O01	DB07101	PD-0325901	0.2711601743180589	1.9232854810768114	<0.0001	<0.0001	NEU
LJP007_JURKAT_24H:P24	DB11886	Infigratinib	0.34285339554182387	1.9213706054046884	<0.0001	<0.0001	JURKAT
LJP008_NEU_24H:M05	DB02709	Resveratrol	0.28119959972261976	1.9208944009648616	<0.0001	<0.0001	NEU
LJP007_NEU_24H:K20	DB01590	Everolimus	0.28407879760140925	1.920593920012449	<0.0001	<0.0001	NEU
LJP007_JURKAT_24H:O04	DB07101	PD-0325901	0.330284114805598	1.9187181148190187	<0.0001	<0.0001	JURKAT
LJP007_NEU_24H:H09	DB09053	Ibrutinib	0.2884596855254846	1.9167316751709065	<0.0001	<0.0001	NEU
LJP007_NEU_24H:A03	DB02546	Vorinostat	-0.3374667065962354	-1.9153844075930377	<0.0001	<0.0001	NEU
LJP007_JURKAT_24H:F01	DB12848	PF-04217903	0.3166479282121429	1.912612077622683	<0.0001	<0.0001	JURKAT
LJP007_NEU_24H:I23	DB13005	Rebastinib	-0.3422475959790936	-1.9110120267421025	<0.0001	<0.0001	NEU
LJP007_JURKAT_24H:M01	DB07794	5-(2-PHENYLPYRAZOLO[1,5-A]PYRIDIN-3-YL)-1H-PYRAZOLO[3,4-C]PYRIDAZIN-3-AMINE	0.3710265827392062	1.9099471771284902	<0.0001	<0.0001	JURKAT
CPC016_NEU_24H:BRD-K35708212-331-03-1:10	DB01092	Ouabain	0.32671420128634265	1.9088423134645152	<0.0001	<0.0001	NEU
LJP007_NEU_24H:B03	DB00877	Sirolimus	-0.2748014003829248	-1.9085200240331655	<0.0001	<0.0001	NEU
NMH002_NPC_6H:BRD-K35960502-001-16-8:10	DB06803	Niclosamide	0.333304717043083	1.9053742569944112	<0.0001	<0.0001	NPC
CPC006_NOMO1_6H:BRD-K18849474-001-01-0:79.44	DB12181	Dalcetrapib	-0.3150899920413196	-1.9034264031597694	<0.0001	<0.0001	NOMO1
CPC015_NPC_24H:BRD-K57033106-048-03-6:10	DB00792	Tripelennamine	0.2818633776179574	1.9008673499329178	<0.0001	<0.0001	NPC
LJP008_NEU_24H:A12	DB07232	Veliparib	0.2748793541621662	1.8991566394688355	<0.0001	<0.0001	NEU
CPC015_NPC_24H:BRD-A05186015-003-09-9:10	DB01156	Bupropion	0.30012135895815734	1.8987813683543933	<0.0001	<0.0001	NPC
AML001_HL60_6H:BRD-K19706299:0.37037	DB00374	Treprostinil	0.33395330758286534	1.8979393063151029	<0.0001	<0.0001	HL60
NMH002_NPC_24H:BRD-K68202742-001-08-2:10	DB04297	Trichostatin A	-0.3152964100452984	-1.8979320572593021	<0.0001	<0.0001	NPC
NMH002_NEU_6H:BRD-K26657438-001-10-3:10	DB00724	Imiquimod	0.31275177201564097	1.8953588619783677	<0.0001	<0.0001	NEU
KHW001_SKM1_6H:BRD-A18929998-001-02-2:10	DB02097	Cytidine	-0.29002956531033214	-1.8942861221481018	<0.0001	<0.0001	SKM1
LJP009_NPC.CAS9_24H:B13	DB11805	Saracatinib	-0.2928710676623702	-1.8901875367186036	<0.0001	<0.0001	NPC.CAS9
LJP008_NEU_24H:M04	DB02709	Resveratrol	0.28804041544939984	1.8889561589061998	<0.0001	<0.0001	NEU
NMH002_NEU_6H:BRD-K08316444-001-06-8:10	DB11457	Rotenone	0.29522686873460674	1.8836029880322958	<0.0001	<0.0001	NEU
NMH002_NEU_6H:BRD-A30142024-001-01-1:10	DB04447	1,4-Dithiothreitol	0.29965544859736215	1.8828817730641727	<0.0001	<0.0001	NEU
CPC015_NPC_24H:BRD-A19037878:10	DB04297	Trichostatin A	-0.3157338886554969	-1.8825038285392603	<0.0001	<0.0001	NPC
LJP008_NEU_24H:C07	DB13877	Iniparib	0.2818197923125035	1.8822265800201623	<0.0001	<0.0001	NEU
CPC006_PL21_6H:BRD-A13084692-001-04-1:10	DB08607	(5R)-5-(4-{[(2R)-6-HYDROXY-2,5,7,8-TETRAMETHYL-3,4-DIHYDRO-2H-CHROMEN-2-YL]METHOXY}BENZYL)-1,3-THIAZOLIDINE-2,4-DIONE	-0.30404665689763977	-1.881811046949429	<0.0001	<0.0001	PL21
CPC015_NPC_24H:BRD-A46393198-003-10-9:10	DB16561	Tetramisole	-0.2775954305314197	-1.8808903807108281	<0.0001	<0.0001	NPC
LJP008_NPC.CAS9_24H:A20	DB11740	MK-1775	-0.3090156790620235	-1.8808278433067256	<0.0001	<0.0001	NPC.CAS9
NMH002_NPC_6H:BRD-K77947974-001-14-8:10	DB04842	Fluspirilene	0.3008120939757112	1.8798831190878846	<0.0001	<0.0001	NPC
LJP009_NEU_24H:B20	DB16107	BI 2536	-0.30324317497821635	-1.8790093309099865	<0.0001	<0.0001	NEU
LJP007_NEU_24H:P09	DB07859	4-(4-CHLOROPHENYL)-4-[4-(1H-PYRAZOL-4-YL)PHENYL]PIPERIDINE	0.2570049417037521	1.8781522811997924	<0.0001	<0.0001	NEU
CPC016_NPC_24H:BRD-K39915878-036-15-2:10	DB00408	Loxapine	-0.3087831255362222	-1.878136110279011	<0.0001	<0.0001	NPC
CPC006_THP1_6H:BRD-A35588707-001-03-0:1.25	DB00444	Teniposide	-0.3068461119061626	-1.8776662647250806	<0.0001	<0.0001	THP1
CPC006_U937_6H:BRD-K77947974-001-05-6:4.21	DB04842	Fluspirilene	-0.30648369877776144	-1.8761872747476351	<0.0001	<0.0001	U937
NMH002_NPC_24H:BRD-K13927029-001-02-7:10	DB00162	Vitamin A	0.2752993955922084	1.875375939146561	<0.0001	<0.0001	NPC
CPC006_PL21_6H:BRD-A58955223-001-01-2:10	DB12422	Sulforaphane	0.3219352224584761	1.8752385460553578	<0.0001	<0.0001	PL21
PCLB001_JURKAT_24H:BRD-A19037878-001-02-3:3.33	DB04297	Trichostatin A	-0.298501121785161	-1.8711472099758213	<0.0001	<0.0001	JURKAT
LJP008_NEU_24H:C11	DB13877	Iniparib	-0.28631062558357656	-1.8677135951444355	<0.0001	<0.0001	NEU
AML001_HL60_24H:BRD-K93754473:13.4584	DB00675	Tamoxifen	-0.24601109541463118	-1.8667305992088041	<0.0001	<0.0001	HL60
CPC006_WSUDLCL2_6H:BRD-A26711594-003-06-4:10	DB00622	Nicardipine	0.3055710816798151	1.864605673046762	<0.0001	<0.0001	WSUDLCL2
LJP007_NEU_24H:K01	DB12064	BMS-777607	-0.32999746775334104	-1.8642303542805136	<0.0001	<0.0001	NEU
LJP008_NPC.TAK_24H:L23	DB05015	Belinostat	-0.31667927958167874	-1.8642208129856392	<0.0001	<0.0001	NPC.TAK
LJP007_NEU_24H:E04	DB11743	Ipatasertib	-0.27126075936680627	-1.863252387947228	<0.0001	<0.0001	NEU
CPC016_NEU_24H:BRD-K86204871-001-02-2:10	DB00251	Terconazole	-0.3132529155538498	-1.8625816822783092	<0.0001	<0.0001	NEU
CPC006_THP1_6H:BRD-A12409803-001-01-3:40	DB12066	Orteronel	0.30358796823921985	1.861383256460331	<0.0001	<0.0001	THP1
LJP007_NEU_24H:M21	DB12874	Quizartinib	-0.2882263851874531	-1.8601459781555278	<0.0001	<0.0001	NEU
NMH001_NPC_24H:BRD-K47029922-001-02-0:10	DB02665	(1R,2S)-2-Phenylcyclopropanaminium	0.2841263777039577	1.859791944020974	<0.0001	<0.0001	NPC
NMH002_NEU_6H:BRD-K82261406-001-02-0:10	DB07374	Anisomycin	0.3372268479692767	1.8596368706402853	<0.0001	<0.0001	NEU
LJP007_JURKAT_24H:D24	DB06616	Bosutinib	0.30973739358967545	1.8595872378917597	<0.0001	<0.0001	JURKAT
NMH002_NEU_24H:BRD-K92723993-066-14-4:10	DB00619	Imatinib	0.2835174958662794	1.8586112547406672	<0.0001	<0.0001	NEU
CPC006_U937_6H:BRD-K82746043-001-03-7:10	DB12340	Navitoclax	0.2942078136820738	1.8571082508152983	<0.0001	<0.0001	U937
NMH002_NEU_24H:BRD-A09533288-003-26-2:10	DB14063	Dexverapamil	-0.30023857185069386	-1.8570020853799734	<0.0001	<0.0001	NEU
NMH002_NPC_6H:BRD-A56518012-003-03-7:10	DB00997	Doxorubicin	-0.31248468935080553	-1.8562536987902765	<0.0001	<0.0001	NPC
CPC006_NOMO1_6H:BRD-K31342827-001-05-4:12.12	DB03777	Bisindolylmaleimide I	-0.3088187399877407	-1.8547778893209308	<0.0001	<0.0001	NOMO1
CPC014_NEU_24H:BRD-K24994810-001-01-9:10	DB01889	16,17-Androstene-3-Ol	0.30308039393415276	1.8544423366482237	<0.0001	<0.0001	NEU
CPC015_NPC_24H:BRD-A04553218-050-08-9:10	DB13679	Dexchlorpheniramine	0.2815765134353509	1.8537373467324834	<0.0001	<0.0001	NPC
CPC006_SKM1_6H:BRD-K12502280-001-01-5:11.1	DB12500	Fedratinib	0.3165029752824509	1.851938217247973	<0.0001	<0.0001	SKM1
CPC006_WSUDLCL2_6H:BRD-A35588707-001-03-0:1.25	DB00444	Teniposide	-0.31760321344992276	-1.8510242471667178	<0.0001	<0.0001	WSUDLCL2
NMH002_NEU_6H:BRD-K43880410-001-09-4:10	DB02789	Pregnenolone	0.298669711674034	1.8485424375938786	<0.0001	<0.0001	NEU
LJP007_NPC.CAS9_24H:E03	DB11743	Ipatasertib	0.30929693239020456	1.8468116843086326	<0.0001	<0.0001	NPC.CAS9
CPC006_PL21_6H:BRD-K92241597-001-02-9:80	DB11781	Tosedostat	0.30345581881519984	1.84669937633129	<0.0001	<0.0001	PL21
LJP007_NEU_24H:K05	DB12064	BMS-777607	0.286336121319959	1.845609545803514	<0.0001	<0.0001	NEU
CPC012_NEU_24H:BRD-A19248578-001-03-7:10	DB08080	Latrunculin B	0.29600363712005995	1.845543747335965	<0.0001	<0.0001	NEU
NMH002_NEU_24H:BRD-K18910433-001-24-2:10	DB00783	Estradiol	-0.3109749239354003	-1.8453830569333782	<0.0001	<0.0001	NEU
LJP008_NEU_24H:G18	DB01254	Dasatinib	-0.2775117308440225	-1.8437441673337969	<0.0001	<0.0001	NEU
LJP007_NEU_24H:D24	DB06616	Bosutinib	-0.30029957687380776	-1.8416249899531645	<0.0001	<0.0001	NEU
LJP009_NPC_24H:B03	DB00877	Sirolimus	0.35028584696838666	1.8407303899790486	<0.0001	<0.0001	NPC
CPC006_NOMO1_6H:BRD-K35723520-001-01-0:10	DB06179	Darinaparsin	-0.3018992175199721	-1.8403849610171272	<0.0001	<0.0001	NOMO1
NMH002_NPC_24H:BRD-K87714311-001-01-9:10	DB03068	Zebularine	-0.27222015337931704	-1.8396285606708767	<0.0001	<0.0001	NPC
NMH002_NEU_6H:BRD-A13084692-001-10-8:10	DB08607	(5R)-5-(4-{[(2R)-6-HYDROXY-2,5,7,8-TETRAMETHYL-3,4-DIHYDRO-2H-CHROMEN-2-YL]METHOXY}BENZYL)-1,3-THIAZOLIDINE-2,4-DIONE	0.3152000674574008	1.8379755668232256	<0.0001	<0.0001	NEU
AML001_HL60_6H:BRD-A19500257:3.33333	DB02424	Geldanamycin	0.320337264112821	1.837634356056315	<0.0001	<0.0001	HL60
NMH002_NPC_24H:BRD-K76773351-001-03-5:10	DB04769	5-QUINOXALIN-6-YLMETHYLENE-THIAZOLIDINE-2,4-DIONE	0.31618979462432406	1.8376117765735398	<0.0001	<0.0001	NPC
CPC006_U937_6H:BRD-K15108141-001-01-7:0.08	DB00441	Gemcitabine	0.3191102457549269	1.836853138161092	<0.0001	<0.0001	U937
AML001_U937_24H:BRD-A45664787:10	DB01088	Iloprost	0.289515086952389	1.8367105240565391	<0.0001	<0.0001	U937
CPC014_NEU_24H:BRD-K28428262-001-01-7:10	DB11958	Brivanib	-0.2868548693834564	-1.835952690729068	<0.0001	<0.0001	NEU
AML001_HL60_24H:BRD-A19500257:0.37037	DB02424	Geldanamycin	0.3439061045884497	1.834820031460687	<0.0001	<0.0001	HL60
LJP007_NPC.TAK_24H:M09	DB05575	Motesanib	0.30859951100426636	1.83456717158324	<0.0001	<0.0001	NPC.TAK
DOSBIO002_NEU_24H:BRD-A19037878:10	DB04297	Trichostatin A	-0.3225358680969913	-1.8325776374212555	<0.0001	<0.0001	NEU
CPC012_NEU_24H:BRD-K68202742-001-06-6:10	DB04297	Trichostatin A	-0.3343982764492198	-1.8312983620339935	<0.0001	<0.0001	NEU
CPC015_NPC_24H:BRD-A48237631-001-03-0:10	DB00305	Mitomycin	-0.2887010856113635	-1.8306649118693485	<0.0001	<0.0001	NPC
CPC017_NPC_24H:BRD-K09963420-066-03-4:10	DB01232	Saquinavir	-0.29554838526510707	-1.8305080827683957	<0.0001	<0.0001	NPC
CPC006_SKM1_6H:BRD-K31342827-001-05-4:12.12	DB03777	Bisindolylmaleimide I	-0.30232459149411994	-1.8300502942420573	<0.0001	<0.0001	SKM1
KMS002_NOMO1_6H:BRD-A75409952-001-02-4:10	DB08059	Wortmannin	0.3260502318085582	1.829660803217995	<0.0001	<0.0001	NOMO1
LJP007_NEU_24H:O05	DB07101	PD-0325901	0.2552180314435871	1.8284221573215944	<0.0001	<0.0001	NEU
CPC006_PL21_6H:BRD-K19796430-001-01-5:10	DB09143	Sonidegib	-0.2875295491913259	-1.8276498448061747	<0.0001	<0.0001	PL21
LJP009_NPC.CAS9_24H:I18	DB12146	Rigosertib	-0.29790370288000434	-1.8274572018365103	<0.0001	<0.0001	NPC.CAS9
NMH002_NPC_6H:BRD-K61559475-001-07-7:10	DB14122	Dihydroxymethoxychalcone	0.28307645520957087	1.827218637384412	<0.0001	<0.0001	NPC
CPC014_NPC_24H:BRD-K83794624-001-01-7:10	DB11616	Pirarubicin	-0.27993505988193473	-1.8269863167494929	<0.0001	<0.0001	NPC
LJP009_NEU_24H:E24	DB08901	Ponatinib	-0.286589726735714	-1.8268482237158452	<0.0001	<0.0001	NEU
CPC014_NEU_24H:BRD-K83794624-001-01-7:10	DB11616	Pirarubicin	-0.3093886169480587	-1.823872844079002	<0.0001	<0.0001	NEU
CPC018_NPC_24H:BRD-K51662849-001-03-9:10	DB02255	Ilomastat	0.28643653948137826	1.8211892375523042	<0.0001	<0.0001	NPC
CPC006_SKM1_6H:BRD-K82818427-001-01-4:44.4	DB03880	Batimastat	0.29776353633599595	1.821004301408999	<0.0001	<0.0001	SKM1
LJP009_NPC.CAS9_24H:I17	DB12146	Rigosertib	-0.28628114571585717	-1.8203455764935341	<0.0001	<0.0001	NPC.CAS9
LJP008_NEU_24H:D06	DB09074	Olaparib	-0.3118172008155384	-1.8201712690114913	<0.0001	<0.0001	NEU
CPC006_U937_6H:BRD-A84481105-003-17-2:10	DB00679	Thioridazine	-0.2813108713029183	-1.8189775271918356	<0.0001	<0.0001	U937
LJP007_NEU_24H:P10	DB07859	4-(4-CHLOROPHENYL)-4-[4-(1H-PYRAZOL-4-YL)PHENYL]PIPERIDINE	-0.320747754530553	-1.8187798003509412	<0.0001	<0.0001	NEU
PCLB001_JURKAT_24H:BRD-K36452089-001-01-8:10	DB07726	t-Butylhydroquinone	0.2899127493596489	1.818681556530778	<0.0001	<0.0001	JURKAT
NMH002_NPC_6H:BRD-K71879491-001-30-9:10	DB00982	Isotretinoin	-0.31636084919156643	-1.818191321761287	<0.0001	<0.0001	NPC
AML001_HL60_24H:BRD-K43389675:0.37037	DB00694	Daunorubicin	-0.2832627592065886	-1.8178043205819856	<0.0001	<0.0001	HL60
LJP009_NEU_24H:K09	DB11962	GSK-1059615	0.3346871758260433	1.8169143582563536	<0.0001	<0.0001	NEU
LJP007_NEU_24H:L07	DB11836	Sapanisertib	0.34905849885229107	1.8167093269389487	<0.0001	<0.0001	NEU
LJP007_NPC_24H:P03	DB09054	Idelalisib	-0.30418954548783916	-1.8163024086600619	<0.0001	<0.0001	NPC
CPC006_NOMO1_6H:BRD-K16406336-311-01-2:10	DB08167	Methylthioninium	-0.29249836230768533	-1.8158364197200008	<0.0001	<0.0001	NOMO1
LJP007_NEU_24H:E21	DB12021	Dinaciclib	-0.272394308758064	-1.8112828661995977	<0.0001	<0.0001	NEU
CPC014_NEU_24H:BRD-A01317026-001-01-2:10	DB04400	L-erythro-7,8-dihydrobiopterin	-0.29129158248169595	-1.8086164696392089	<0.0001	<0.0001	NEU
LJP007_NEU_24H:H11	DB09053	Ibrutinib	0.2957104562026632	1.808559544730724	<0.0001	<0.0001	NEU
CPC006_SKM1_6H:BRD-K57080016-001-04-3:80	DB11689	Selumetinib	0.3242911372897582	1.8080836949647692	<0.0001	<0.0001	SKM1
NMH002_NEU_24H:BRD-A91699651-001-02-4:10	DB00608	Chloroquine	-0.28764493290947346	-1.8079316315240623	<0.0001	<0.0001	NEU
DOSBIO001_NEU_24H:BRD-A19037878:3.33333	DB04297	Trichostatin A	-0.31953205513555183	-1.8077202299291466	<0.0001	<0.0001	NEU
CPC016_NPC_24H:BRD-K69600043-328-03-0:10	DB00372	Thiethylperazine	-0.2927313450541011	-1.80737018780244	<0.0001	<0.0001	NPC
AML001_U937_24H:BRD-A19500257:1.11111	DB02424	Geldanamycin	0.3171912398665693	1.806444089967243	<0.0001	<0.0001	U937
LPROT003_NPC_6H:B07	DB03496	Alvocidib	-0.2888886807241617	-1.8063290499717024	<0.0001	<0.0001	NPC
PCLB001_JURKAT_24H:BRD-A19037878-001-02-3:10	DB04297	Trichostatin A	-0.2797792726230526	-1.8061656887652247	<0.0001	<0.0001	JURKAT
LJP007_JURKAT_24H:K01	DB12064	BMS-777607	0.3094251862811019	1.805063444731765	<0.0001	<0.0001	JURKAT
CPC014_NEU_24H:BRD-A19037878:10	DB04297	Trichostatin A	-0.3053843650249567	-1.8045177964153352	<0.0001	<0.0001	NEU
LJP007_NEU_24H:M06	DB07794	5-(2-PHENYLPYRAZOLO[1,5-A]PYRIDIN-3-YL)-1H-PYRAZOLO[3,4-C]PYRIDAZIN-3-AMINE	0.2564659057096765	1.8026205677582487	<0.0001	<0.0001	NEU
LJP008_NEU_24H:F02	DB12376	Ricolinostat	-0.27638298691186775	-1.8023829461662284	<0.0001	<0.0001	NEU
CPC016_NPC_24H:BRD-A19037878:10	DB04297	Trichostatin A	-0.29238683467646875	-1.802089225727666	<0.0001	<0.0001	NPC
LPROT003_NPC_6H:N15	DB11648	Afuresertib	0.2975690860458302	1.8006840789972305	<0.0001	<0.0001	NPC
LJP007_NEU_24H:P20	DB11886	Infigratinib	0.27307434079626874	1.798565457117842	<0.0001	<0.0001	NEU
CPC006_PL21_6H:BRD-K15108141-001-01-7:0.08	DB00441	Gemcitabine	-0.3047645130331283	-1.798374500290826	<0.0001	<0.0001	PL21
LJP008_NEU_24H:M06	DB02709	Resveratrol	0.27852364726408757	1.7977977042069497	<0.0001	<0.0001	NEU
CPC016_NEU_24H:BRD-K82731415-001-05-4:10	DB02116	Olomoucine	-0.2798985135142362	-1.7963847656095955	<0.0001	<0.0001	NEU
LJP009_NPC.TAK_24H:E22	DB08901	Ponatinib	-0.2945702927479371	-1.7962893456602096	<0.0001	<0.0001	NPC.TAK
CPC016_NEU_24H:BRD-K64994968-001-03-6:10	DB00396	Progesterone	0.3464379976183714	1.794010337366077	<0.0001	<0.0001	NEU
LJP009_NEU_24H:D05	DB11775	PF-03758309	0.28718217423512105	1.791281274345568	<0.0001	<0.0001	NEU
CPC016_NPC_24H:BRD-K08547377-003-03-2:10	DB00762	Irinotecan	-0.27953572830747353	-1.7912117524473388	<0.0001	<0.0001	NPC
NMH002_NEU_6H:BRD-K77830450-001-03-2:10	DB02587	Colforsin	-0.2958108708076583	-1.7883440484347748	<0.0001	<0.0001	NEU
LJP007_NEU_24H:B08	DB07970	5-[(2-methyl-5-{[3-(trifluoromethyl)phenyl]carbamoyl}phenyl)amino]pyridine-3-carboxamide	-0.27921685842912913	-1.7877780762735098	<0.0001	<0.0001	NEU
CPC016_NEU_24H:BRD-K76775527-001-15-3:10	DB04743	Nimesulide	0.27428324246300323	1.7874597151331306	<0.0001	<0.0001	NEU
CPC015_NPC_24H:BRD-K76534306-001-11-0:10	DB11404	Enrofloxacin	0.2822689961162165	1.7858077253413096	<0.0001	<0.0001	NPC
CPC006_PL21_6H:BRD-A75409952:10	DB08059	Wortmannin	0.36722260513695537	1.7855705948892928	<0.0001	<0.0001	PL21
NMH002_NEU_6H:BRD-K59946561-001-07-5:10	DB03374	3,5-Diiodotyrosine	-0.26529340799304046	-1.7842859182938227	<0.0001	<0.0001	NEU
LJP008_NPC_24H:L22	DB05015	Belinostat	-0.30211081414573226	-1.7834268648215406	<0.0001	<0.0001	NPC
CPC006_PL21_6H:BRD-K16406336-311-01-2:10	DB08167	Methylthioninium	-0.34659298115035503	-1.7830733832303483	<0.0001	<0.0001	PL21
LJP009_NPC.CAS9_24H:D01	DB11775	PF-03758309	-0.27469430573578946	-1.783045033922164	<0.0001	<0.0001	NPC.CAS9
LJP008_NEU_24H:D03	DB09074	Olaparib	-0.2759528968301738	-1.7830077971475808	<0.0001	<0.0001	NEU
CPC006_PL21_6H:BRD-K19295594-001-08-5:11.1	DB13044	Gossypol	0.29153359274279245	1.7826714089083495	<0.0001	<0.0001	PL21
NMH002_NPC_24H:BRD-A50287119-001-01-5:10	DB00877	Sirolimus	0.317036290533133	1.782628959899892	<0.0001	<0.0001	NPC
LJP007_NEU_24H:H12	DB09053	Ibrutinib	0.2602447330385431	1.7815262332456343	<0.0001	<0.0001	NEU
AML001_U937_6H:BRD-K71879491:0.37037	DB00982	Isotretinoin	0.3008247163760773	1.7814742327400364	<0.0001	<0.0001	U937
CPC006_PL21_6H:BRD-K35960502-001-10-1:10	DB06803	Niclosamide	0.2918100614056184	1.780787484204489	<0.0001	<0.0001	PL21
NMH002_NPC_24H:BRD-K41170226-001-10-4:10	DB03619	Deoxycholic acid	0.2609072236988694	1.7805987465818556	<0.0001	<0.0001	NPC
LJP007_NPC.TAK_24H:I02	DB01268	Sunitinib	-0.2963458974833666	-1.7804129036475296	<0.0001	<0.0001	NPC.TAK
LJP008_NEU_24H:D02	DB09074	Olaparib	-0.2836820894243878	-1.7787981338554506	<0.0001	<0.0001	NEU
CPC017_NPC_24H:BRD-K12867552-001-01-3:10	DB12565	Abexinostat	-0.3041225452300756	-1.7783994384578214	<0.0001	<0.0001	NPC
NMH002_NEU_6H:BRD-K21283037-001-15-7:10	DB00740	Riluzole	0.266732627965404	1.77765390168493	<0.0001	<0.0001	NEU
CPC006_SKM1_6H:BRD-K67844266-001-01-3:11.1	DB11759	Pevonedistat	-0.3326299177109699	-1.777387536084164	<0.0001	<0.0001	SKM1
CPC017_NPC_24H:BRD-K53857191-001-05-2:10	DB00734	Risperidone	0.2685199969369123	1.7751210728948492	<0.0001	<0.0001	NPC
LJP009_NPC_24H:A03	DB02546	Vorinostat	-0.29646760795655214	-1.7746850540265722	<0.0001	<0.0001	NPC
AML001_U937_24H:BRD-A19037878:1.11111	DB04297	Trichostatin A	-0.27930422990132453	-1.7706337992780703	<0.0001	<0.0001	U937
CPC006_PL21_6H:BRD-A19037878:10	DB04297	Trichostatin A	-0.29688167693379736	-1.768110396407686	<0.0001	<0.0001	PL21
LJP007_JURKAT_24H:F17	DB12247	AZD-4547	-0.3115574813146938	-1.7680821252086474	<0.0001	<0.0001	JURKAT
LJP008_NEU_24H:D01	DB09074	Olaparib	-0.2809820334767483	-1.7674794410947934	<0.0001	<0.0001	NEU
CPC016_NEU_24H:BRD-K61496577-001-03-8:10	DB00663	Flumethasone	0.28480363408536014	1.7671070449796982	<0.0001	<0.0001	NEU
NMH002_NEU_6H:BRD-A56518012-003-03-7:10	DB00997	Doxorubicin	-0.2772461543847194	-1.7655109885567757	<0.0001	<0.0001	NEU
CPC015_NPC_24H:BRD-A41145729-001-02-7:10	DB08175	(2E,4E)-11-METHOXY-3,7,11-TRIMETHYLDODECA-2,4-DIENOIC ACID	-0.2634015299585488	-1.7652191038452587	<0.0001	<0.0001	NPC
LJP008_NEU_24H:I04	DB16239	Molibresib	0.2804627110180096	1.7643742695160514	<0.0001	<0.0001	NEU
LJP009_NPC.CAS9_24H:G18	DB01254	Dasatinib	0.30593162516702854	1.7634893797115547	<0.0001	<0.0001	NPC.CAS9
NMH002_NPC_24H:BRD-K24994810-001-02-7:10	DB01889	16,17-Androstene-3-Ol	0.278464549368566	1.7626241316456748	<0.0001	<0.0001	NPC
NMH002_NPC_6H:BRD-A93000692-001-06-5:10	DB09201	Ciglitazone	0.2538353927489881	1.7626024984080144	<0.0001	<0.0001	NPC
CPC012_NEU_24H:BRD-K72238567-001-12-4:10	DB04441	2-Fluoroadenosine	-0.2618830492784056	-1.7621950276732692	<0.0001	<0.0001	NEU
CPC014_NEU_24H:BRD-K52911425-001-02-3:10	DB11663	Pictilisib	-0.289445684771647	-1.7620138122268416	<0.0001	<0.0001	NEU
LJP007_NEU_24H:J20	DB03044	Doramapimod	-0.31092517011049103	-1.7619505203315007	<0.0001	<0.0001	NEU
CPC006_NOMO1_6H:BRD-A13122391-001-01-9:0.08	DB12025	Triptolide	-0.2521984579273151	-1.7614215786169392	<0.0001	<0.0001	NOMO1
CPC016_NPC_24H:BRD-K17075857-001-06-9:10	DB01243	Chloroxine	0.27514339911559255	1.7607952618852836	<0.0001	<0.0001	NPC
NMH002_NPC_24H:BRD-K58550667-001-04-6:10	DB12731	Daporinad	0.32049161645927476	1.7607072603966056	<0.0001	<0.0001	NPC
CPC016_NEU_24H:BRD-K04111260-001-05-0:10	DB12518	Raclopride	-0.30179255256052107	-1.7606792142622119	<0.0001	<0.0001	NEU
LJP009_NPC.CAS9_24H:B19	DB16107	BI 2536	0.32055278800761033	1.7606737421684757	<0.0001	<0.0001	NPC.CAS9
LJP007_NEU_24H:D02	DB12494	SGI-1776	0.24440258130393192	1.7601969127657833	<0.0001	<0.0001	NEU
CPC018_NPC_24H:BRD-K48692744-001-01-2:10	DB02690	NU1025	0.2725630329080926	1.760049301733656	<0.0001	<0.0001	NPC
CPC017_NPC_24H:BRD-A87719232-001-02-4:10	DB00788	Naproxen	0.27618897170485646	1.7598893177940733	<0.0001	<0.0001	NPC
LJP009_NEU_24H:E09	DB01782	Pyrazolanthrone	0.27666401305518223	1.7591363212756679	<0.0001	<0.0001	NEU
LJP007_NEU_24H:A17	DB12742	Amuvatinib	0.2797030407034378	1.75909397559324	<0.0001	<0.0001	NEU
CPC006_SKM1_6H:BRD-K56343971-001-02-3:10	DB08881	Vemurafenib	0.2919269307579813	1.758591012755952	<0.0001	<0.0001	SKM1
NMH002_NPC_24H:BRD-K54771420-001-09-9:10	DB02691	Glycocholic acid	-0.2758908503671932	-1.7584099935211326	<0.0001	<0.0001	NPC
PCLB001_JURKAT_24H:BRD-A19037878-001-02-3:0.63	DB04297	Trichostatin A	-0.28421019742748677	-1.7576897914533667	<0.0001	<0.0001	JURKAT
CPC013_NPC_24H:BRD-K68202742-001-05-8:10	DB04297	Trichostatin A	-0.2840324542599275	-1.7575795655629785	<0.0001	<0.0001	NPC
CPC014_NPC_24H:BRD-A19037878:10	DB04297	Trichostatin A	-0.3033646613919304	-1.757570605269949	<0.0001	<0.0001	NPC
NMH002_NEU_6H:BRD-K62012036-001-10-2:10	DB00459	Acitretin	-0.2572268870799225	-1.756230812613742	<0.0001	<0.0001	NEU
CPC012_NPC_24H:BRD-A61858259-001-01-0:10	DB11721	Mitoglitazone	0.2584453299186725	1.7560618528730334	<0.0001	<0.0001	NPC
CPC014_NEU_24H:BRD-M30523314-002-01-5:10	DB00361	Vinorelbine	-0.2937733823795504	-1.7553366558957808	<0.0001	<0.0001	NEU
CPC017_NPC_24H:BRD-A19037878:10	DB04297	Trichostatin A	-0.2925127150052545	-1.7550707439267348	<0.0001	<0.0001	NPC
LJP007_NEU_24H:I05	DB01268	Sunitinib	0.29879674351000673	1.754700725867403	<0.0001	<0.0001	NEU
LJP009_NPC.CAS9_24H:A03	DB02546	Vorinostat	-0.29498704848300794	-1.754641824990133	<0.0001	<0.0001	NPC.CAS9
LJP009_NPC.TAK_24H:L11	DB05984	RAF-265	-0.29516747999951976	-1.754143075314387	<0.0001	<0.0001	NPC.TAK
LJP009_NPC.CAS9_24H:E21	DB08901	Ponatinib	-0.27917267582129446	-1.7541349079057607	<0.0001	<0.0001	NPC.CAS9
PCLB001_JURKAT_24H:BRD-A19037878-001-02-3:2.5	DB04297	Trichostatin A	-0.3015678538851847	-1.753296369676285	<0.0001	<0.0001	JURKAT
CPC006_NOMO1_6H:BRD-A71390734-001-01-7:0.08	DB01177	Idarubicin	0.29920449685037886	1.7522848804530256	<0.0001	<0.0001	NOMO1
CPC015_NPC_24H:BRD-K09859624-004-03-9:10	DB00940	Methantheline	0.24381062668411874	1.7519519722251122	<0.0001	<0.0001	NPC
CPC006_PL21_6H:BRD-K78126613-001-16-0:10	DB00170	Menadione	-0.28476653892835113	-1.75157643649643	<0.0001	<0.0001	PL21
LJP007_NPC.TAK_24H:E04	DB11743	Ipatasertib	0.2947517955582814	1.7511795004515875	<0.0001	<0.0001	NPC.TAK
CPC012_NPC_24H:BRD-K02130563-001-06-4:10	DB06603	Panobinostat	-0.2972351095417477	-1.7511616988514407	<0.0001	<0.0001	NPC
LJP008_NEU_24H:C08	DB13877	Iniparib	-0.2605839489597553	-1.7509374179522792	<0.0001	<0.0001	NEU
CPC006_PL21_6H:BRD-K96354014-001-09-6:10	DB01115	Nifedipine	-0.2726322120000837	-1.7506947500895778	<0.0001	<0.0001	PL21
CPC014_NEU_24H:BRD-A74904029-001-05-7:10	DB08473	Dichlororibofuranosylbenzimidazole	-0.2864091774572493	-1.7500967307604351	<0.0001	<0.0001	NEU
NMH002_NPC_24H:BRD-A79067928-001-04-3:10	DB00773	Etoposide	-0.2771141570032106	-1.7499418215616827	<0.0001	<0.0001	NPC
KHW001_SKM1_6H:BRD-A23723433-001-01-2:1	DB01229	Paclitaxel	-0.29177960126734026	-1.7489735937195046	<0.0001	<0.0001	SKM1
LJP009_NEU_24H:N11	DB08896	Regorafenib	0.29664838359773443	1.7461423650043812	<0.0001	<0.0001	NEU
LJP007_NEU_24H:C03	DB11800	Tivozanib	-0.2581379470851448	-1.7440297050502704	<0.0001	<0.0001	NEU
NMH002_NEU_6H:BRD-A19500257-001-03-9:10	DB02424	Geldanamycin	-0.3102235551653338	-1.743755359804439	<0.0001	<0.0001	NEU
CPC016_NPC_24H:BRD-K11399644-003-03-0:10	DB00914	Phenformin	0.2830451638270746	1.7436278372785348	<0.0001	<0.0001	NPC
LJP009_NPC_24H:G09	DB08521	4-[4-(4-Fluorophenyl)-2-[4-[(R)-methylsulfinyl]phenyl]-1H-imidazol-5-yl]pyridine	0.29638898915053247	1.7429313628032566	<0.0001	<0.0001	NPC
LJP008_NEU_24H:D23	DB13978	Selisistat	-0.28502082062161593	-1.7427933258323132	<0.0001	<0.0001	NEU
LJP008_NEU_24H:O04	DB07101	PD-0325901	0.26652641637807273	1.7416520119787788	<0.0001	<0.0001	NEU
CPC016_NEU_24H:BRD-A83859836-003-02-8:10	DB11699	Tropisetron	-0.28449398934583026	-1.7413570905905562	<0.0001	<0.0001	NEU
NMH002_NPC_24H:BRD-A38878059-001-02-8:10	DB07557	3,20-Pregnanedione	0.28635345115188954	1.741263448288492	<0.0001	<0.0001	NPC
CPC006_SKM1_6H:BRD-K19295594-001-08-5:11.1	DB13044	Gossypol	0.2847147498180319	1.741103568693599	<0.0001	<0.0001	SKM1
LJP008_NPC.CAS9_24H:A21	DB11740	MK-1775	-0.2769138798885005	-1.7407998011861616	<0.0001	<0.0001	NPC.CAS9
LJP007_NPC_24H:E04	DB11743	Ipatasertib	0.2826520965314742	1.7405776020278523	<0.0001	<0.0001	NPC
NMH002_NPC_24H:BRD-A73908300-001-03-4:10	DB13978	Selisistat	0.2534293505082299	1.7399241277877553	<0.0001	<0.0001	NPC
LJP007_NPC.CAS9_24H:A15	DB12742	Amuvatinib	-0.3045288939598662	-1.739776116045919	<0.0001	<0.0001	NPC.CAS9
LJP008_NPC.TAK_24H:I06	DB16239	Molibresib	0.3082092203572383	1.7396742002982228	<0.0001	<0.0001	NPC.TAK
CPC006_WSUDLCL2_6H:BRD-A97437073-001-03-1:80	DB00412	Rosiglitazone	-0.29578971455587444	-1.738101338466688	<0.0001	<0.0001	WSUDLCL2
AML001_HL60_6H:BRD-K71879491:10	DB00982	Isotretinoin	0.31024076355267866	1.7378284747993094	<0.0001	<0.0001	HL60
CPC018_NPC_24H:BRD-K16195444-001-01-7:10	DB00935	Oxymetazoline	0.2629457682655069	1.737377634216989	<0.0001	<0.0001	NPC
DOSBIO001_NEU_24H:BRD-A90490067:10	DB00947	Fulvestrant	-0.29081318716529275	-1.736619141118355	<0.0001	<0.0001	NEU
LJP009_NEU_24H:D04	DB11775	PF-03758309	-0.27438312601685927	-1.7361273754014486	<0.0001	<0.0001	NEU
NMH002_NPC_24H:BRD-K01507359-001-11-2:10	DB01045	Rifampicin	0.2630202277688107	1.7358096805387657	<0.0001	<0.0001	NPC
KMS002_THP1_6H:BRD-K81418486-001-01-2:9.99	DB02546	Vorinostat	0.28208266561579065	1.7353140883097233	<0.0001	<0.0001	THP1
LJP008_NEU_24H:D22	DB13978	Selisistat	-0.26856810336076664	-1.7347014675349683	<0.0001	<0.0001	NEU
CPC006_NOMO1_6H:BRD-A45889380-300-04-8:10	DB01103	Quinacrine	-0.2546447761668382	-1.7342439101371723	<0.0001	<0.0001	NOMO1
CPC015_NPC_24H:BRD-K09416995-001-21-7:10	DB00227	Lovastatin	0.2680044886808862	1.7337452040786376	<0.0001	<0.0001	NPC
LPROT003_NPC_6H:J01	DB08881	Vemurafenib	-0.284849836485802	-1.733495760941631	<0.0001	<0.0001	NPC
NMH002_NEU_24H:BRD-K79254416-001-12-7:10	DB01262	Decitabine	0.2818092449434619	1.7323854610426839	<0.0001	<0.0001	NEU
NMH002_NEU_6H:BRD-K31342827-001-12-0:10	DB03777	Bisindolylmaleimide I	-0.2797916060693759	-1.732169612512034	<0.0001	<0.0001	NEU
NMH002_NEU_6H:BRD-K61559475-001-07-7:10	DB14122	Dihydroxymethoxychalcone	0.3100789964984647	1.7319011394532629	<0.0001	<0.0001	NEU
LJP007_NEU_24H:M18	DB07460	2-({5-CHLORO-2-[(2-METHOXY-4-MORPHOLIN-4-YLPHENYL)AMINO]PYRIMIDIN-4-YL}AMINO)-N-METHYLBENZAMIDE	-0.2728457047419147	-1.7318769200937467	<0.0001	<0.0001	NEU
LJP008_NPC_24H:D23	DB13978	Selisistat	-0.2952699387182015	-1.731097143423235	<0.0001	<0.0001	NPC
NMH001_NEU_24H:BRD-K73251053-001-01-0:10	DB04017	Clorgiline	0.2709548280937713	1.729542543978509	<0.0001	<0.0001	NEU
LJP009_NPC_24H:D14	DB16108	TAK-715	0.2890632127181266	1.7293698821537038	<0.0001	<0.0001	NPC
CPC015_NPC_24H:BRD-K85603128-001-02-7:10	DB15480	Resorcinol monoacetate	0.26704451687228176	1.7280468122378436	<0.0001	<0.0001	NPC
LJP009_NPC.TAK_24H:B15	DB11805	Saracatinib	0.28749780485311904	1.727628074472783	<0.0001	<0.0001	NPC.TAK
CPC006_THP1_6H:BRD-A13122391-001-01-9:0.08	DB12025	Triptolide	-0.29007316941263084	-1.7270269473882893	<0.0001	<0.0001	THP1
CPC017_NPC_24H:BRD-K34441861-003-01-3:10	DB00691	Moexipril	0.2594995794725809	1.7258037144628349	<0.0001	<0.0001	NPC
PCLB001_JURKAT_24H:BRD-A19037878-001-02-3:1.11	DB04297	Trichostatin A	-0.275416415857628	-1.7242660678402186	<0.0001	<0.0001	JURKAT
LJP007_NEU_24H:P04	DB09054	Idelalisib	0.24646334458511818	1.721493022939073	<0.0001	<0.0001	NEU
LJP007_NEU_24H:E07	DB05913	OSI-930	0.2904798587476907	1.7214766784224411	<0.0001	<0.0001	NEU
NMH002_NPC_6H:BRD-K87714311-001-01-9:10	DB03068	Zebularine	0.2435743654976945	1.7214021158238635	<0.0001	<0.0001	NPC
CPC016_NPC_24H:BRD-M00539986-051-01-1:10	DB01274	Arformoterol	-0.25807179117502044	-1.720400034148689	<0.0001	<0.0001	NPC
LJP007_NEU_24H:A14	DB12742	Amuvatinib	0.2517888322850513	1.7202793609826532	<0.0001	<0.0001	NEU
AML001_U937_6H:BRD-A19500257:0.37037	DB02424	Geldanamycin	0.29337148358044396	1.7199295581691587	<0.0001	<0.0001	U937
NMH001_NPC_24H:BRD-A31159102-001-02-7:10	DB08544	(S)-Fluoxetine	0.2896427053215964	1.7199117216729933	<0.0001	<0.0001	NPC
CPC015_NPC_24H:BRD-K90333595-003-14-9:10	DB00692	Phentolamine	0.27780694199879896	1.7188739023922974	<0.0001	<0.0001	NPC
CPC016_NEU_24H:BRD-A19195498-050-09-1:10	DB00726	Trimipramine	-0.26373023326786416	-1.7187315609029552	<0.0001	<0.0001	NEU
CPC006_SKM1_6H:BRD-A26711594-003-06-4:10	DB00622	Nicardipine	0.2784992548604668	1.7184655272974774	<0.0001	<0.0001	SKM1
CPC006_THP1_6H:BRD-A19633847-050-20-6:10	DB01074	Perhexiline	0.2832966655847474	1.7182719191997684	<0.0001	<0.0001	THP1
LJP007_NEU_24H:F06	DB12848	PF-04217903	0.25355237824453614	1.7182684083241355	<0.0001	<0.0001	NEU
LJP007_NEU_24H:B17	DB12200	Tivantinib	-0.25927032171037145	-1.7161218348587244	<0.0001	<0.0001	NEU
CPC006_U937_6H:BRD-A35588707-001-03-0:1.25	DB00444	Teniposide	-0.2567994563415338	-1.7160174759988234	<0.0001	<0.0001	U937
LJP009_NEU_24H:A03	DB02546	Vorinostat	-0.29284578189024146	-1.7158901034715848	<0.0001	<0.0001	NEU
LJP008_NEU_24H:K11	DB11962	GSK-1059615	0.3225971798805953	1.714420539209633	<0.0001	<0.0001	NEU
CPC018_NPC_24H:BRD-A93255169-001-13-5:10	DB01041	Thalidomide	0.2611827163806852	1.7139924155770185	<0.0001	<0.0001	NPC
LJP007_NEU_24H:P12	DB07859	4-(4-CHLOROPHENYL)-4-[4-(1H-PYRAZOL-4-YL)PHENYL]PIPERIDINE	-0.2694592326629772	-1.7138870649436888	<0.0001	<0.0001	NEU
CPC016_NEU_24H:BRD-K45401373-001-04-3:10	DB12480	Betulinic Acid	-0.28805634307171446	-1.7129056276340608	<0.0001	<0.0001	NEU
LJP007_NPC.TAK_24H:A03	DB02546	Vorinostat	-0.29624634126891225	-1.7127546985753028	<0.0001	<0.0001	NPC.TAK
AML001_U937_6H:BRD-K43389675:1.11111	DB00694	Daunorubicin	-0.2927658879689531	-1.7117375254122007	<0.0001	<0.0001	U937
NMH001_NPC_6H:BRD-K58550667-001-05-3:10	DB12731	Daporinad	-0.30639184335581376	-1.7113150298183253	<0.0001	<0.0001	NPC
LJP009_NEU_24H:L22	DB12588	AZD-1480	-0.28175705002427015	-1.710581722233725	<0.0001	<0.0001	NEU
NMH002_NEU_6H:BRD-A97437073-050-09-5:10	DB00412	Rosiglitazone	0.2874717107009736	1.7095787588328204	<0.0001	<0.0001	NEU
AML001_U937_24H:BRD-A19037878:3.33333	DB04297	Trichostatin A	-0.2657505749913345	-1.7090072047224332	<0.0001	<0.0001	U937
CPC006_SKM1_6H:BRD-K64890080-001-03-9:10	DB16107	BI 2536	0.2857525021716221	1.708958076950949	<0.0001	<0.0001	SKM1
CPC006_NOMO1_6H:BRD-K91623615-001-01-9:10	DB12254	ABT-751	0.2735370893668312	1.7088629576322434	<0.0001	<0.0001	NOMO1
DOSBIO001_NEU_24H:BRD-A19037878:1.11111	DB04297	Trichostatin A	-0.2964547082836807	-1.7084085268711813	<0.0001	<0.0001	NEU
CPC015_NPC_24H:BRD-A48430263-003-06-5:10	DB01132	Pioglitazone	0.27082853157252773	1.7079204263341683	<0.0001	<0.0001	NPC
CPC006_NOMO1_6H:BRD-A70155556-001-04-4:40	DB03785	Mevinolinic acid	0.2475536318261133	1.7076649308492649	<0.0001	<0.0001	NOMO1
CPC014_NEU_24H:BRD-K07265709-003-01-5:10	DB00380	Dexrazoxane	0.2580886805610501	1.7076362620940144	<0.0001	<0.0001	NEU
LJP008_NPC.CAS9_24H:L19	DB05015	Belinostat	-0.2829734031001784	-1.7067267122901382	<0.0001	<0.0001	NPC.CAS9
NMH002_NEU_6H:BRD-K93754473-001-16-9:10	DB00675	Tamoxifen	-0.2682574882238431	-1.7065344934528976	<0.0001	<0.0001	NEU
LJP007_NEU_24H:F17	DB12247	AZD-4547	-0.27852971133901766	-1.7063826432302442	<0.0001	<0.0001	NEU
LJP007_NPC.TAK_24H:A15	DB12742	Amuvatinib	-0.27524834469932913	-1.7057248598600936	<0.0001	<0.0001	NPC.TAK
LJP008_NPC_24H:M01	DB02709	Resveratrol	-0.2729365085101446	-1.7054764969453686	<0.0001	<0.0001	NPC
NMH002_NEU_6H:BRD-K52313696-001-08-1:10	DB12291	Tacedinaline	-0.3002730975198113	-1.7045119363130798	<0.0001	<0.0001	NEU
LJP008_NEU_24H:L24	DB05015	Belinostat	-0.2795123324536903	-1.7029355639459887	<0.0001	<0.0001	NEU
LJP007_JURKAT_24H:B04	DB01204	Mitoxantrone	-0.26386251883833384	-1.7026877133996579	<0.0001	<0.0001	JURKAT
NMH002_NEU_6H:BRD-K79602928-003-15-7:10	DB00331	Metformin	0.3461837958963475	1.7025537504675836	<0.0001	<0.0001	NEU
CPC017_NPC_24H:BRD-K23383398-001-01-6:10	DB07080	TO-901317	-0.274577628753644	-1.7024318856063927	<0.0001	<0.0001	NPC
LJP007_NPC.TAK_24H:D07	DB08875	Cabozantinib	-0.27674494809086303	-1.7022284481395977	<0.0001	<0.0001	NPC.TAK
LJP008_NPC.TAK_24H:L19	DB05015	Belinostat	-0.28858519403716526	-1.701860240137279	<0.0001	<0.0001	NPC.TAK
CPC017_NPC_24H:BRD-K81029756-001-02-8:10	DB00343	Diltiazem	0.2415552645623253	1.7013473944670792	<0.0001	<0.0001	NPC
LJP008_NEU_24H:I05	DB16239	Molibresib	0.2731595184359435	1.7004158135200793	<0.0001	<0.0001	NEU
LJP009_NPC_24H:O04	DB07101	PD-0325901	-0.291373304435169	-1.7000160685548567	<0.0001	<0.0001	NPC
CPC006_WSUDLCL2_6H:BRD-A19037878:10	DB04297	Trichostatin A	-0.29343427669036304	-1.7000053649494686	<0.0001	<0.0001	WSUDLCL2
CPC012_NEU_24H:BRD-K89626439-001-01-0:10	DB00877	Sirolimus	-0.26741485016797445	-1.6994299182067352	<0.0001	<0.0001	NEU
LJP008_NEU_24H:J06	DB12116	Epigallocatechin gallate	0.3295953066034615	1.699152143066285	<0.0001	<0.0001	NEU
DOSBIO002_NEU_24H:BRD-K81418486:10	DB02546	Vorinostat	-0.3005664526825538	-1.6988532836511183	<0.0001	<0.0001	NEU
CPC013_NPC_24H:BRD-K89162000-001-02-3:10	DB05465	Tandutinib	0.2725832675580164	1.6985958283717035	<0.0001	<0.0001	NPC
DOSBIO001_NEU_24H:BRD-A19037878:10	DB04297	Trichostatin A	-0.28781508123479843	-1.6984547940534154	<0.0001	<0.0001	NEU
CPC016_NEU_24H:BRD-A06352508-001-02-9:10	DB08683	REL-(9R,12S)-9,10,11,12-TETRAHYDRO-9,12-EPOXY-1H-DIINDOLO[1,2,3-FG:3',2',1'-KL]PYRROLO[3,4-I][1,6]BENZODIAZOCINE-1,3(2H)-DIONE	0.2608869531158947	1.6976535758178375	<0.0001	<0.0001	NEU
CPC017_NPC_24H:BRD-A92537424-001-03-9:10	DB01406	Danazol	0.2871351965984275	1.6976040711950384	<0.0001	<0.0001	NPC
LJP009_NEU_24H:L07	DB05984	RAF-265	0.27960954131111737	1.6969606728852475	<0.0001	<0.0001	NEU
CPC017_NPC_24H:BRD-K65639003-001-05-8:10	DB12052	Icariin	0.2574250956487128	1.6965675620978637	<0.0001	<0.0001	NPC
CPC006_SKM1_6H:BRD-A58280226-001-01-2:4	DB08756	Y-27632	-0.26184363179722075	-1.6962171060822695	<0.0001	<0.0001	SKM1
LJP007_JURKAT_24H:O01	DB07101	PD-0325901	0.28407173649423223	1.695259733909852	<0.0001	<0.0001	JURKAT
LJP008_NEU_24H:M16	DB01262	Decitabine	0.2568046643671621	1.695067331291959	<0.0001	<0.0001	NEU
CPC014_NEU_24H:BRD-K49865102-001-02-7:10	DB07101	PD-0325901	0.29403940499777415	1.6950402864411822	<0.0001	<0.0001	NEU
CPC012_NEU_24H:BRD-K81418486:10	DB02546	Vorinostat	-0.29023597399113477	-1.6945488935445099	<0.0001	<0.0001	NEU
NMH002_NEU_6H:BRD-A13946108-001-13-0:10	DB00605	Sulindac	0.2405675017289546	1.6938424435900805	<0.0001	<0.0001	NEU
CPC016_NPC_24H:BRD-K00959089-001-01-4:10	DB04795	Thenoyltrifluoroacetone	-0.26072044871793126	-1.6928507948040479	<0.0001	<0.0001	NPC
LJP009_NPC.TAK_24H:B09	DB12242	AZD-7762	-0.2740282513348005	-1.6923951929846113	<0.0001	<0.0001	NPC.TAK
CPC018_NPC_24H:BRD-A36267905-003-12-7:10	DB06152	Nylidrin	-0.2691848907410092	-1.6919617384497803	<0.0001	<0.0001	NPC
NMH002_NPC_6H:BRD-K71879491-001-29-1:10	DB00982	Isotretinoin	-0.28268605106874184	-1.6907473973404052	<0.0001	<0.0001	NPC
CPC014_NEU_24H:BRD-K73838513-003-01-4:10	DB01012	Cinacalcet	0.28414329192870114	1.6903662520553877	<0.0001	<0.0001	NEU
LJP007_NEU_24H:I20	DB13005	Rebastinib	-0.2548902353357521	-1.6895941767660319	<0.0001	<0.0001	NEU
CPC013_NEU_24H:BRD-K89839824-001-01-2:10	DB00293	Raltitrexed	0.28325659257633107	1.6895290465381008	<0.0001	<0.0001	NEU
NMH002_NPC_24H:BRD-K81418486-001-29-3:10	DB02546	Vorinostat	-0.24996514895965144	-1.68930043395676	<0.0001	<0.0001	NPC
CPC006_NOMO1_6H:BRD-K02113016-001-01-4:44.4	DB09074	Olaparib	-0.2672226483578982	-1.6885387555784814	<0.0001	<0.0001	NOMO1
AML001_HL60_6H:BRD-A19037878:3.33333	DB04297	Trichostatin A	-0.29460161155127207	-1.688375027020995	<0.0001	<0.0001	HL60
CPC006_THP1_6H:BRD-K68185022-001-06-4:70.07	DB15588	Ursolic acid	-0.27048128266313815	-1.6878492734719848	<0.0001	<0.0001	THP1
CPC012_NEU_24H:BRD-A19037878:10	DB04297	Trichostatin A	-0.28448834834039705	-1.6874321639777639	<0.0001	<0.0001	NEU
NMH001_NEU_24H:BRD-A14240607-001-01-8:10	DB13251	Octopamine	0.2814094851460822	1.6871479440261155	<0.0001	<0.0001	NEU
CPC016_NPC_24H:BRD-K76775527-001-15-3:10	DB04743	Nimesulide	-0.28080180919923414	-1.6867167505937417	<0.0001	<0.0001	NPC
CPC017_NPC_24H:BRD-K16444452-001-03-4:10	DB05266	Ibudilast	-0.27487980457344263	-1.685708376498503	<0.0001	<0.0001	NPC
AML001_U937_24H:BRD-A45664787:1.11111	DB01088	Iloprost	-0.27426357176565286	-1.685690358503498	<0.0001	<0.0001	U937
LJP009_NPC.CAS9_24H:E24	DB08901	Ponatinib	-0.2592710540694613	-1.6855739373776508	<0.0001	<0.0001	NPC.CAS9
LJP008_NPC.CAS9_24H:J07	DB05223	Pracinostat	-0.28874425018318217	-1.684951610923385	<0.0001	<0.0001	NPC.CAS9
CPC016_NEU_24H:BRD-K82865713-001-02-6:10	DB02304	Prostaglandin B2	0.2772791697601298	1.68369290073649	<0.0001	<0.0001	NEU
CPC017_NPC_24H:BRD-K91509126-001-04-6:10	DB08399	Piceatannol	-0.24942586294282482	-1.6827760603539699	<0.0001	<0.0001	NPC
NMH001_NEU_6H:BRD-K49808142-001-01-1:10	DB14630	Tyramine O-sulfate	0.2753214921418981	1.6824817169142028	<0.0001	<0.0001	NEU
NMH001_NEU_6H:BRD-A75409952-001-04-0:10	DB08059	Wortmannin	-0.2600353770473519	-1.6823428899557815	<0.0001	<0.0001	NEU
LJP009_NPC_24H:K21	DB12432	CC-401	-0.2733821698605733	-1.6822926352470595	<0.0001	<0.0001	NPC
LJP009_NPC.CAS9_24H:H18	DB07138	Neflamapimod	0.2670851460418201	1.6814983439274682	<0.0001	<0.0001	NPC.CAS9
CPC015_NPC_24H:BRD-K63550407-001-08-5:10	DB00199	Erythromycin	0.27112758543536575	1.6804001499929115	<0.0001	<0.0001	NPC
LJP007_NPC.CAS9_24H:A03	DB02546	Vorinostat	-0.30806027251305684	-1.6792557705559752	<0.0001	<0.0001	NPC.CAS9
CPC014_NEU_24H:BRD-K51313569-001-02-9:10	DB09073	Palbociclib	0.2803536410463372	1.6785921911590291	<0.0001	<0.0001	NEU
NMH002_NPC_24H:BRD-K77175907-001-04-9:10	DB00146	Calcifediol	-0.2594512242666123	-1.6785356692123794	<0.0001	<0.0001	NPC
LJP009_NEU_24H:F01	DB11962	GSK-1059615	-0.262934493382407	-1.6780540430985227	<0.0001	<0.0001	NEU
NMH001_NEU_6H:BRD-K13296708-001-01-7:10	DB06155	Rimonabant	-0.29662578710982146	-1.677900480533925	<0.0001	<0.0001	NEU
LJP007_NPC.CAS9_24H:E05	DB11743	Ipatasertib	0.2729145497049961	1.6768091863294357	<0.0001	<0.0001	NPC.CAS9
LJP009_NPC.TAK_24H:H14	DB07138	Neflamapimod	-0.2820130221870934	-1.6764109527950704	<0.0001	<0.0001	NPC.TAK
NMH002_NEU_24H:BRD-K77175907-001-04-9:10	DB00146	Calcifediol	-0.2775682361023095	-1.6756780587367013	<0.0001	<0.0001	NEU
LJP007_NPC.CAS9_24H:C04	DB11800	Tivozanib	0.27140104132186327	1.6753857263708922	<0.0001	<0.0001	NPC.CAS9
CPC015_NPC_24H:BRD-K25394294-001-08-1:10	DB00991	Oxaprozin	0.2639844892449774	1.6749175153917342	<0.0001	<0.0001	NPC
NMH002_NEU_24H:BRD-A95074085-236-01-6:10	DB13242	Bucladesine	0.26698979933291417	1.6747186254489776	<0.0001	<0.0001	NEU
NMH002_NPC_24H:BRD-K97399794-001-12-0:10	DB04216	Quercetin	0.29888661699704666	1.6740800526159567	<0.0001	<0.0001	NPC
AML001_U937_24H:BRD-A19037878:10	DB04297	Trichostatin A	-0.272791899787506	-1.6731978333077167	<0.0001	<0.0001	U937
CPC006_WSUDLCL2_6H:BRD-K16406336-311-01-2:10	DB08167	Methylthioninium	-0.31739254138976486	-1.6731488447059513	<0.0001	<0.0001	WSUDLCL2
NMH002_NEU_24H:BRD-K23984367-075-10-3:10	DB15414	CM-4307	0.2686878493199138	1.6725461585684616	<0.0001	<0.0001	NEU
LJP008_NPC.CAS9_24H:L24	DB05015	Belinostat	-0.2854978917517361	-1.6705494471078695	<0.0001	<0.0001	NPC.CAS9
LJP008_NPC.CAS9_24H:I01	DB16239	Molibresib	0.2652935121209134	1.6701804790522161	<0.0001	<0.0001	NPC.CAS9
LJP008_NPC_24H:K09	DB11962	GSK-1059615	0.328564151326034	1.6697575043407993	<0.0001	<0.0001	NPC
AML001_HL60_6H:BRD-K71879491:3.33333	DB00982	Isotretinoin	0.2973391852561502	1.669640231970203	<0.0001	<0.0001	HL60
CPC006_NOMO1_6H:BRD-K36927236-001-17-7:10	DB01016	Glyburide	0.2949163671341776	1.6694718869301983	<0.0001	<0.0001	NOMO1
LJP007_NPC.TAK_24H:K10	DB11962	GSK-1059615	0.2837605336099988	1.669467732168969	<0.0001	<0.0001	NPC.TAK
LJP007_JURKAT_24H:K09	DB11962	GSK-1059615	0.2733395341611236	1.66908426302622	<0.0001	<0.0001	JURKAT
LJP007_NPC_24H:J19	DB03044	Doramapimod	0.27998142828789596	1.668842765935089	<0.0001	<0.0001	NPC
NMH002_NEU_6H:BRD-K05396879-001-06-7:10	DB08435	(5E,14E)-11-oxoprosta-5,9,12,14-tetraen-1-oic acid	0.27086745183795685	1.6673136535274813	<0.0001	<0.0001	NEU
LJP007_NPC_24H:E02	DB11743	Ipatasertib	0.2844796634893212	1.665916017944362	<0.0001	<0.0001	NPC
CPC006_U937_6H:BRD-A12409803-001-01-3:40	DB12066	Orteronel	0.2722535912926405	1.6653947985301087	<0.0001	<0.0001	U937
LJP008_NPC.TAK_24H:D23	DB13978	Selisistat	-0.27694495511194567	-1.6645276121352948	<0.0001	<0.0001	NPC.TAK
LJP008_NEU_24H:M13	DB01262	Decitabine	0.24714416835773606	1.6629201714337198	<0.0001	<0.0001	NEU
NMH001_NPC_6H:BRD-A33749298-002-01-7:10	DB03585	Oxyphenbutazone	0.28676631826636606	1.6625344070578982	<0.0001	<0.0001	NPC
LPROT001_NPC.TAK_6H:C20	DB02709	Resveratrol	0.2719168305480427	1.662525623013672	<0.0001	<0.0001	NPC.TAK
NMH002_NEU_6H:BRD-K76723084-001-19-0:10	DB00982	Isotretinoin	-0.25553584671065627	-1.6620180636858433	<0.0001	<0.0001	NEU
LJP007_NPC.CAS9_24H:N16	DB09330	Osimertinib	0.25014575200117106	1.6612928493762107	<0.0001	<0.0001	NPC.CAS9
NMH002_NEU_24H:BRD-K67102207-236-03-6:10	DB06819	Phenylbutyric acid	0.2779050379019826	1.6608878262664253	<0.0001	<0.0001	NEU
CPC016_NPC_24H:BRD-A35588707-001-03-0:10	DB00444	Teniposide	-0.2563037641762512	-1.6607937121543503	<0.0001	<0.0001	NPC
LJP008_NEU_24H:G24	DB00928	Azacitidine	-0.3208602781163256	-1.6596973193471467	<0.0001	<0.0001	NEU
CPC012_NPC_24H:BRD-K89626439-001-01-0:10	DB00877	Sirolimus	0.319252522274153	1.6596437001698523	<0.0001	<0.0001	NPC
CPC015_NPC_24H:BRD-K57179821-001-08-9:10	DB00265	Crotamiton	0.2577502733790035	1.6595384779949782	<0.0001	<0.0001	NPC
CPC015_NPC_24H:BRD-K30020243-051-01-7:10	DB09026	Aliskiren	-0.27700601671105507	-1.6582272131888052	<0.0001	<0.0001	NPC
LJP008_NPC.TAK_24H:J02	DB12116	Epigallocatechin gallate	0.26391701611834384	1.6575746658879262	<0.0001	<0.0001	NPC.TAK
CPC006_PL21_6H:BRD-A04706586-236-01-7:10	DB13242	Bucladesine	-0.26186202010055015	-1.6559593145195184	<0.0001	<0.0001	PL21
DOSBIO002_NPC_24H:BRD-A19037878:3.33333	DB04297	Trichostatin A	-0.28263548640372793	-1.6551450750929917	<0.0001	<0.0001	NPC
CPC016_NPC_24H:BRD-A90311807-236-01-4:10	DB01597	Cilastatin	-0.26146982405703345	-1.6550815900277889	<0.0001	<0.0001	NPC
CPC016_NPC_24H:BRD-K81709173-001-03-8:10	DB06786	Halcinonide	-0.24718795356767748	-1.6542813376392795	<0.0001	<0.0001	NPC
CPC006_PL21_6H:BRD-K33583600-001-09-6:10	DB03285	Isoliquiritigenin	0.2707247684160156	1.6542201884385987	<0.0001	<0.0001	PL21
CPC017_NPC_24H:BRD-A63894585-001-03-4:10	DB01013	Clobetasol propionate	0.2705694121565724	1.654140775393072	<0.0001	<0.0001	NPC
CPC016_NEU_24H:BRD-K81418486:10	DB02546	Vorinostat	-0.2906584552041233	-1.6534165062535873	<0.0001	<0.0001	NEU
CPC016_NPC_24H:BRD-K81418486:10	DB02546	Vorinostat	-0.2781346567738665	-1.653411131159886	<0.0001	<0.0001	NPC
CPC015_NPC_24H:BRD-K45861246-001-08-4:10	DB11376	Azaperone	0.24985935398264816	1.6532339755014225	<0.0001	<0.0001	NPC
CPC014_NEU_24H:BRD-K91900765-001-01-9:10	DB07138	Neflamapimod	0.271958546473381	1.6528107825042901	<0.0001	<0.0001	NEU
CPC006_PL21_6H:BRD-K81473043-001-04-7:0.35	DB05134	Tanespimycin	0.2603760805323796	1.652755556640733	<0.0001	<0.0001	PL21
CPC017_NPC_24H:BRD-A29734509-011-06-0:10	DB00280	Disopyramide	0.25380100687725926	1.6526503003260393	<0.0001	<0.0001	NPC
DOSBIO002_NPC_24H:BRD-A19037878:10	DB04297	Trichostatin A	-0.26535139740231056	-1.6521312591758506	<0.0001	<0.0001	NPC
LJP008_NEU_24H:A03	DB02546	Vorinostat	-0.2801315221594367	-1.650871483506435	<0.0001	<0.0001	NEU
CPC012_NPC_24H:BRD-A19037878:10	DB04297	Trichostatin A	-0.2829444715026844	-1.6508009418793232	<0.0001	<0.0001	NPC
LJP008_NPC_24H:A08	DB07232	Veliparib	-0.26254442861546307	-1.6503707781443842	<0.0001	<0.0001	NPC
NMH001_NEU_6H:BRD-A14240607-001-01-8:10	DB13251	Octopamine	0.2568370798355366	1.6497406303002886	<0.0001	<0.0001	NEU
NMH002_NPC_24H:BRD-K91509126-001-19-4:10	DB08399	Piceatannol	-0.24096212262022237	-1.6493929999911154	<0.0001	<0.0001	NPC
NMH002_NEU_24H:BRD-K81418486-001-29-3:10	DB02546	Vorinostat	-0.27794703540438465	-1.6485825773598204	<0.0001	<0.0001	NEU
CPC006_U937_6H:BRD-K32107296-001-03-7:10	DB00853	Temozolomide	-0.27830369911014496	-1.6480832806320156	<0.0001	<0.0001	U937
NMH002_NPC_24H:BRD-K93754473-048-14-5:10	DB00675	Tamoxifen	0.2639808322942522	1.6480217905588146	<0.0001	<0.0001	NPC
DOSBIO001_NPC_24H:BRD-A13084692:1.11111	DB08607	(5R)-5-(4-{[(2R)-6-HYDROXY-2,5,7,8-TETRAMETHYL-3,4-DIHYDRO-2H-CHROMEN-2-YL]METHOXY}BENZYL)-1,3-THIAZOLIDINE-2,4-DIONE	0.2956280092871616	1.6479598053575022	<0.0001	<0.0001	NPC
CPC006_U937_6H:BRD-K61033289-001-01-2:10	DB08435	(5E,14E)-11-oxoprosta-5,9,12,14-tetraen-1-oic acid	0.28091678146850907	1.6476899654549841	<0.0001	<0.0001	U937
AML001_U937_6H:BRD-K27316855:1.11111	DB00136	Calcitriol	-0.29627450404234473	-1.6475890742018362	<0.0001	<0.0001	U937
CPC006_U937_6H:BRD-K01976263-003-04-5:0.63	DB01735	3-Chloroalaninate	0.3004077457635168	1.6472584275507138	<0.0001	<0.0001	U937
CPC015_NPC_24H:BRD-K81418486:10	DB02546	Vorinostat	-0.2858572112735814	-1.6466426560969036	<0.0001	<0.0001	NPC
CPC018_NPC_24H:BRD-K81418486:10	DB02546	Vorinostat	-0.28293813309370547	-1.6463356308630608	<0.0001	<0.0001	NPC
LJP009_NPC.CAS9_24H:I05	DB11798	Tanzisertib	0.2631670448607736	1.6460182462220945	<0.0001	<0.0001	NPC.CAS9
NMH002_NPC_24H:BRD-K23984367-075-10-3:10	DB15414	CM-4307	0.2866025595787248	1.644792221218689	<0.0001	<0.0001	NPC
NMH002_NPC_6H:BRD-A19037878-001-02-3:10	DB04297	Trichostatin A	-0.29549036648731897	-1.644391648783243	<0.0001	<0.0001	NPC
LJP008_NEU_24H:I03	DB16239	Molibresib	-0.25652253800933766	-1.6443164957973964	<0.0001	<0.0001	NEU
CPC006_WSUDLCL2_6H:BRD-A56592690-001-01-9:30	DB05448	PX-12	-0.29369820601048324	-1.6411788613943923	<0.0001	<0.0001	WSUDLCL2
NMH002_NEU_24H:BRD-A13084692-001-10-8:10	DB08607	(5R)-5-(4-{[(2R)-6-HYDROXY-2,5,7,8-TETRAMETHYL-3,4-DIHYDRO-2H-CHROMEN-2-YL]METHOXY}BENZYL)-1,3-THIAZOLIDINE-2,4-DIONE	0.2875054528767601	1.6407562199614456	<0.0001	<0.0001	NEU
CPC006_SKM1_6H:BRD-K28307902-001-10-0:28.96	DB00499	Flutamide	-0.25520876062096426	-1.6405740898180725	<0.0001	<0.0001	SKM1
AML001_HL60_6H:BRD-A45664787:3.33333	DB01088	Iloprost	0.25806883748769693	1.639958535133736	<0.0001	<0.0001	HL60
LJP008_NPC_24H:L23	DB05015	Belinostat	-0.2647827183450319	-1.6398251842919682	<0.0001	<0.0001	NPC
LJP009_NPC.TAK_24H:G12	DB08521	4-[4-(4-Fluorophenyl)-2-[4-[(R)-methylsulfinyl]phenyl]-1H-imidazol-5-yl]pyridine	0.263324205707638	1.63972742535067	<0.0001	<0.0001	NPC.TAK
NMH002_NEU_24H:BRD-K79602928-003-15-7:10	DB00331	Metformin	0.2887172870153347	1.6394860425627382	<0.0001	<0.0001	NEU
LJP007_NEU_24H:M03	DB07794	5-(2-PHENYLPYRAZOLO[1,5-A]PYRIDIN-3-YL)-1H-PYRAZOLO[3,4-C]PYRIDAZIN-3-AMINE	-0.26414401104053586	-1.6383739629051144	<0.0001	<0.0001	NEU
NMH001_NEU_6H:BRD-A19037878-001-02-3:10	DB04297	Trichostatin A	-0.29080002496236734	-1.6369323679544896	<0.0001	<0.0001	NEU
NMH002_NEU_24H:BRD-A73908300-001-03-4:10	DB13978	Selisistat	0.2500446671642595	1.6355915732711834	<0.0001	<0.0001	NEU
CPC006_SKM1_6H:BRD-A19037878:10	DB04297	Trichostatin A	-0.27785014775946226	-1.634748606190058	<0.0001	<0.0001	SKM1
LPROT003_NPC_6H:D01	DB11689	Selumetinib	-0.2758381119335043	-1.6330097722755368	<0.0001	<0.0001	NPC
CPC013_NEU_24H:BRD-K17743125-001-03-5:10	DB05015	Belinostat	-0.2814914850069584	-1.632268532925457	<0.0001	<0.0001	NEU
LJP007_NPC_24H:A14	DB12742	Amuvatinib	0.2741400159358489	1.6316207686487143	<0.0001	<0.0001	NPC
LJP009_NEU_24H:B22	DB16107	BI 2536	-0.2568802603994752	-1.6312530544242752	<0.0001	<0.0001	NEU
LJP007_NPC_24H:G18	DB01254	Dasatinib	0.28789856240075573	1.63064250411381	<0.0001	<0.0001	NPC
LJP007_NEU_24H:F05	DB12848	PF-04217903	0.2917857012082061	1.6306069600542326	<0.0001	<0.0001	NEU
NMH002_NPC_6H:BRD-A13084692-001-10-8:10	DB08607	(5R)-5-(4-{[(2R)-6-HYDROXY-2,5,7,8-TETRAMETHYL-3,4-DIHYDRO-2H-CHROMEN-2-YL]METHOXY}BENZYL)-1,3-THIAZOLIDINE-2,4-DIONE	0.25482197478652335	1.6305911366638037	<0.0001	<0.0001	NPC
CPC006_SKM1_6H:BRD-K01638814-051-10-1:10	DB11738	Rilmenidine	0.2523801406010458	1.6303174026759097	<0.0001	<0.0001	SKM1
LPROT003_NPC_6H:P15	DB12015	Alpelisib	0.30105122083867025	1.629688401659631	<0.0001	<0.0001	NPC
CPC014_NEU_24H:BRD-K43797669-001-13-0:10	DB01645	Genistein	-0.3025133860707089	-1.6295370580595783	<0.0001	<0.0001	NEU
DOSBIO002_NPC_24H:BRD-A19500257:0.37037	DB02424	Geldanamycin	0.27698248749859283	1.6293539865550477	<0.0001	<0.0001	NPC
CPC006_THP1_6H:BRD-K69932463-001-03-1:10	DB12774	AZD-8055	0.28609372064201954	1.6292831024335617	<0.0001	<0.0001	THP1
CPC017_NPC_24H:BRD-K81418486:10	DB02546	Vorinostat	-0.2740368694768629	-1.6285284793118358	<0.0001	<0.0001	NPC
CPC006_U937_6H:BRD-K89732114-001-05-9:10	DB00831	Trifluoperazine	0.24976123121335328	1.6283719732294653	<0.0001	<0.0001	U937
AML001_HL60_6H:BRD-A19037878:10	DB04297	Trichostatin A	-0.2899904906585238	-1.6281992751180083	<0.0001	<0.0001	HL60
CPC015_NPC_24H:BRD-K38055836-001-13-8:10	DB08989	Etamivan	0.24528431911131865	1.6277632442242256	<0.0001	<0.0001	NPC
AML001_HL60_24H:BRD-A75409952:10	DB08059	Wortmannin	-0.2656372183680461	-1.6273553289295886	<0.0001	<0.0001	HL60
LJP007_NPC.TAK_24H:E19	DB12021	Dinaciclib	-0.24984554282348925	-1.6270487021777154	<0.0001	<0.0001	NPC.TAK
CPC006_U937_6H:BRD-K91623615-001-01-9:10	DB12254	ABT-751	0.2660839338824397	1.626684523912989	<0.0001	<0.0001	U937
LJP007_NPC.CAS9_24H:D05	DB12494	SGI-1776	0.2712635207128848	1.6265475651837642	<0.0001	<0.0001	NPC.CAS9
LJP007_NEU_24H:I07	DB06589	Pazopanib	0.2308609374099854	1.6261853430315787	<0.0001	<0.0001	NEU
LJP007_NEU_24H:I16	DB11526	Masitinib	0.2335322285458571	1.6253316000067146	<0.0001	<0.0001	NEU
CPC017_NPC_24H:BRD-A77291778-003-15-4:10	DB00979	Cyclopentolate	0.25707295953187864	1.6248644124131437	<0.0001	<0.0001	NPC
LJP009_NEU_24H:P20	DB09074	Olaparib	0.24014179490388138	1.6244067876899473	<0.0001	<0.0001	NEU
LJP009_NPC.CAS9_24H:D22	DB13061	MLN8054	-0.2514917052952493	-1.6243904910126232	<0.0001	<0.0001	NPC.CAS9
CPC006_THP1_6H:BRD-K15563106-001-08-1:177.6	DB07810	Phloretin	-0.2581006207792331	-1.6238018083622243	<0.0001	<0.0001	THP1
CPC006_NOMO1_6H:BRD-A56592690-001-01-9:30	DB05448	PX-12	-0.28055178179362	-1.6237322971741543	<0.0001	<0.0001	NOMO1
PCLB001_JURKAT_24H:BRD-A19037878-001-02-3:0.16	DB04297	Trichostatin A	-0.2742697712368226	-1.621744901443088	<0.0001	<0.0001	JURKAT
LJP007_NPC.TAK_24H:M07	DB05575	Motesanib	-0.2678734389148417	-1.6217211771064628	<0.0001	<0.0001	NPC.TAK
LJP007_JURKAT_24H:M24	DB12874	Quizartinib	0.27964897295728586	1.6216574116762845	<0.0001	<0.0001	JURKAT
AML001_HL60_6H:BRD-K19706299:1.11111	DB00374	Treprostinil	0.2826580741029956	1.6202372703127121	<0.0001	<0.0001	HL60
CPC013_NPC_24H:BRD-K92723993-066-08-6:10	DB00619	Imatinib	-0.25347606077604623	-1.6193043982382542	<0.0001	<0.0001	NPC
CPC006_PL21_6H:BRD-K81418486-001-13-7:11.1	DB02546	Vorinostat	-0.27657661036987374	-1.6170607422646321	<0.0001	<0.0001	PL21
CPC016_NEU_24H:BRD-K91290917-336-03-8:10	DB00613	Amodiaquine	-0.25900605244262215	-1.61700635341127	<0.0001	<0.0001	NEU
CPC006_WSUDLCL2_6H:BRD-A58955223-001-01-2:10	DB12422	Sulforaphane	0.2677989184289734	1.616691085485724	<0.0001	<0.0001	WSUDLCL2
CPC014_NEU_24H:BRD-K37130656-001-01-2:10	DB06228	Rivaroxaban	0.23618735909650923	1.6165581521232832	<0.0001	<0.0001	NEU
CPC013_NPC_24H:BRD-A19037878:10	DB04297	Trichostatin A	-0.2733791248452576	-1.6165444832865603	<0.0001	<0.0001	NPC
CPC015_NPC_24H:BRD-A31204924-001-07-6:10	DB00648	Mitotane	-0.258462631909026	-1.6165369252919284	<0.0001	<0.0001	NPC
LJP008_NPC_24H:K21	DB12332	Rucaparib	0.2940617789583055	1.616102350743988	<0.0001	<0.0001	NPC
CPC016_NPC_24H:BRD-K72676686-103-01-8:10	DB00176	Fluvoxamine	-0.25549301446171124	-1.6159273398922016	<0.0001	<0.0001	NPC
LJP009_NEU_24H:I01	DB11798	Tanzisertib	-0.27113328509529167	-1.6156709040950925	<0.0001	<0.0001	NEU
CPC016_NEU_24H:BRD-K97118047-001-02-0:10	DB04462	Tetrabromo-2-Benzotriazole	-0.26175786995746936	-1.6153032318505602	<0.0001	<0.0001	NEU
CPC016_NEU_24H:BRD-K84175871-003-02-2:10	DB14752	Racephedrine	0.25387915988443677	1.615144680242181	<0.0001	<0.0001	NEU
LJP007_NEU_24H:F03	DB12848	PF-04217903	0.2571553787803741	1.6151338781014917	<0.0001	<0.0001	NEU
LJP007_NPC.TAK_24H:D03	DB12494	SGI-1776	0.26513888868858204	1.6147715485713152	<0.0001	<0.0001	NPC.TAK
LJP007_NEU_24H:I13	DB11526	Masitinib	0.2740471974924845	1.6137772151678094	<0.0001	<0.0001	NEU
NMH002_NPC_6H:BRD-K35923252-001-03-6:10	DB07558	acetylleucyl-leucyl-norleucinal	0.2670830330591162	1.612953460641871	<0.0001	<0.0001	NPC
CPC015_NPC_24H:BRD-K75089421-003-15-3:10	DB01035	Procainamide	0.23517048394778017	1.6127692850205928	<0.0001	<0.0001	NPC
CPC016_NPC_24H:BRD-K67043667-001-15-7:10	DB00488	Altretamine	-0.2606330559440198	-1.612767024371633	<0.0001	<0.0001	NPC
AML001_U937_6H:BRD-A19037878:1.11111	DB04297	Trichostatin A	-0.30118764782659746	-1.6126819231307903	<0.0001	<0.0001	U937
LJP008_NPC.TAK_24H:K10	DB11962	GSK-1059615	0.2906913099319223	1.6124824676152085	<0.0001	<0.0001	NPC.TAK
LJP008_NPC.CAS9_24H:L22	DB05015	Belinostat	-0.27210232767752546	-1.6124235930470092	<0.0001	<0.0001	NPC.CAS9
CPC017_NPC_24H:BRD-K12184470-300-01-8:10	DB04841	Flunarizine	-0.23653845673703794	-1.611657790569362	<0.0001	<0.0001	NPC
NMH002_NEU_6H:BRD-K81473043-001-07-0:10	DB05134	Tanespimycin	-0.25736221014706895	-1.6113956495800805	<0.0001	<0.0001	NEU
CPC015_NPC_24H:BRD-K41731458-001-04-5:10	DB08604	Triclosan	0.3163465294884039	1.6106220410657877	<0.0001	<0.0001	NPC
LJP009_NPC.CAS9_24H:L08	DB05984	RAF-265	-0.27441665266769855	-1.610467562958706	<0.0001	<0.0001	NPC.CAS9
CPC017_NPC_24H:BRD-A39747742-001-03-5:10	DB13956	Estradiol valerate	0.2553705537913262	1.6102432327502945	<0.0001	<0.0001	NPC
LJP007_NEU_24H:I09	DB06589	Pazopanib	0.24475959530943148	1.6095029929101046	<0.0001	<0.0001	NEU
CPC006_PL21_6H:BRD-K18849474-001-01-0:79.44	DB12181	Dalcetrapib	-0.2703201524457687	-1.6093555961437402	<0.0001	<0.0001	PL21
NMH002_NEU_24H:BRD-K61559475-001-07-7:10	DB14122	Dihydroxymethoxychalcone	0.25924952389445133	1.6078604461481771	<0.0001	<0.0001	NEU
LJP009_NEU_24H:B07	DB12242	AZD-7762	0.2644002645296845	1.6077196793573603	<0.0001	<0.0001	NEU
LJP007_NPC.TAK_24H:M06	DB07794	5-(2-PHENYLPYRAZOLO[1,5-A]PYRIDIN-3-YL)-1H-PYRAZOLO[3,4-C]PYRIDAZIN-3-AMINE	0.25005597450516037	1.6074979505586051	<0.0001	<0.0001	NPC.TAK
NMH001_NEU_6H:BRD-K41160163-001-02-7:10	DB12931	Fenobam	0.24316150035184045	1.6068808269160244	<0.0001	<0.0001	NEU
CPC015_NPC_24H:BRD-K22134346-001-11-6:10	DB00641	Simvastatin	0.26721849245230916	1.6052441357154794	<0.0001	<0.0001	NPC
CPC014_NEU_24H:BRD-A50454580-001-01-1:10	DB07101	PD-0325901	0.2649970426132736	1.6050286355889871	<0.0001	<0.0001	NEU
LPROT003_NPC_6H:P03	DB00175	Pravastatin	-0.28497224311086095	-1.6049848760576741	<0.0001	<0.0001	NPC
CPC015_NPC_24H:BRD-K50660797-001-03-6:10	DB16120	Epigallo Catechin Gallate	-0.23892852151324678	-1.6047560647032184	<0.0001	<0.0001	NPC
LJP007_NPC.CAS9_24H:D04	DB12494	SGI-1776	0.3091581586224169	1.6039160308043932	<0.0001	<0.0001	NPC.CAS9
LJP008_NEU_24H:M15	DB01262	Decitabine	0.23584761230066187	1.6034333684902784	<0.0001	<0.0001	NEU
NMH001_NPC_24H:BRD-K25210139-001-01-3:10	DB13575	Bietaserpine	0.27844302817131883	1.6025874906176039	<0.0001	<0.0001	NPC
LJP008_NEU_24H:F03	DB12376	Ricolinostat	-0.2577260030348152	-1.6024054443923734	<0.0001	<0.0001	NEU
NMH002_NPC_6H:BRD-K68202742-001-08-2:10	DB04297	Trichostatin A	-0.28963747638781917	-1.6019381623484168	<0.0001	<0.0001	NPC
LJP007_NPC.TAK_24H:H12	DB09053	Ibrutinib	0.24597209264860131	1.6018275729454219	<0.0001	<0.0001	NPC.TAK
CPC006_NOMO1_6H:BRD-K81651477-001-03-5:20	DB13063	Parthenolide	-0.25912703709325713	-1.6015768970211006	<0.0001	<0.0001	NOMO1
LPROT003_NPC_6H:N01	DB08895	Tofacitinib	0.25967841677642606	1.6011365639530384	<0.0001	<0.0001	NPC
CPC006_NOMO1_6H:BRD-A26711594-003-06-4:10	DB00622	Nicardipine	0.2600570013836849	1.6008657592767064	<0.0001	<0.0001	NOMO1
LJP009_NPC.TAK_24H:K11	DB11962	GSK-1059615	0.30340038669338804	1.5994846414019421	<0.0001	<0.0001	NPC.TAK
LPROT002_NPC.TAK_6H:K02	DB06803	Niclosamide	0.28333973306464266	1.599314077710258	<0.0001	<0.0001	NPC.TAK
CPC015_NPC_24H:BRD-A42759514-001-09-8:10	DB13026	Ornidazole	-0.23475234405058562	-1.5991414703717899	<0.0001	<0.0001	NPC
AML001_U937_6H:BRD-A75409952:10	DB08059	Wortmannin	0.284083285272005	1.599086508176812	<0.0001	<0.0001	U937
LJP007_JURKAT_24H:I02	DB01268	Sunitinib	-0.27822384070506984	-1.5984067548342638	<0.0001	<0.0001	JURKAT
LJP007_NEU_24H:K07	DB11962	GSK-1059615	0.29895189923815574	1.5981423036085531	<0.0001	<0.0001	NEU
NMH002_NEU_6H:BRD-A50287119-001-01-5:10	DB00877	Sirolimus	-0.24898250755594903	-1.5973568363572832	<0.0001	<0.0001	NEU
LJP007_NEU_24H:E05	DB11743	Ipatasertib	-0.2298415346656951	-1.5971731724050358	<0.0001	<0.0001	NEU
LJP007_NEU_24H:K19	DB01590	Everolimus	0.2528700820663287	1.5967644048459526	<0.0001	<0.0001	NEU
CPC006_NOMO1_6H:BRD-K28307902-001-10-0:28.96	DB00499	Flutamide	-0.261361505149523	-1.5966987726445556	<0.0001	<0.0001	NOMO1
CPC015_NPC_24H:BRD-K97309399-001-05-2:10	DB01623	Thiothixene	0.24404949811551302	1.5964027711882327	<0.0001	<0.0001	NPC
CPC006_PL21_6H:BRD-K35723520-001-01-0:10	DB06179	Darinaparsin	-0.2585735126279969	-1.594682045525861	<0.0001	<0.0001	PL21
CPC006_NOMO1_6H:BRD-K49456190-001-01-0:10	DB11684	APR-246	-0.23708121623585524	-1.5945820413205847	<0.0001	<0.0001	NOMO1
LJP008_NPC_24H:L21	DB05015	Belinostat	-0.27804421491131104	-1.5939327729022505	<0.0001	<0.0001	NPC
NMH002_NEU_24H:BRD-K43797669-001-16-3:10	DB01645	Genistein	0.21933780724638471	1.593923408932594	<0.0001	<0.0001	NEU
NMH002_NPC_24H:BRD-K55591206-001-11-6:10	DB12116	Epigallocatechin gallate	0.2595617732866443	1.5931508359726252	<0.0001	<0.0001	NPC
CPC006_NOMO1_6H:BRD-A58955223-001-01-2:10	DB12422	Sulforaphane	0.2711937092906893	1.591874683856386	<0.0001	<0.0001	NOMO1
NMH002_NPC_24H:BRD-K02404261-001-12-6:10	DB00201	Caffeine	0.2306160207827895	1.591153394631493	<0.0001	<0.0001	NPC
AML001_U937_6H:BRD-K93754473:1.49538	DB00675	Tamoxifen	-0.27304908678772827	-1.5907760269384768	<0.0001	<0.0001	U937
CPC012_NPC_24H:BRD-A59985574-003-01-9:10	DB01030	Topotecan	-0.23720842746458198	-1.5907500665006844	<0.0001	<0.0001	NPC
CPC014_NEU_24H:BRD-K99498722-001-01-8:10	DB05992	Plinabulin	0.25809225740265135	1.5906244592147631	<0.0001	<0.0001	NEU
LJP008_NPC.TAK_24H:O05	DB07101	PD-0325901	0.2531308818633537	1.5905835314478782	<0.0001	<0.0001	NPC.TAK
NMH002_NEU_6H:BRD-K49685476-001-11-8:10	DB02877	Arotinoid acid	-0.24906481337840428	-1.5903368624011962	<0.0001	<0.0001	NEU
CPC016_NEU_24H:BRD-K93461745-003-14-4:10	DB00490	Buspirone	-0.2681337372999888	-1.5891952116370145	<0.0001	<0.0001	NEU
LJP007_NEU_24H:B13	DB12200	Tivantinib	-0.24251228485953288	-1.58887047702515	<0.0001	<0.0001	NEU
LJP007_JURKAT_24H:M02	DB07794	5-(2-PHENYLPYRAZOLO[1,5-A]PYRIDIN-3-YL)-1H-PYRAZOLO[3,4-C]PYRIDAZIN-3-AMINE	0.2722963973984049	1.5886383922259215	<0.0001	<0.0001	JURKAT
LJP008_NPC_24H:B03	DB00877	Sirolimus	0.30698336346826866	1.5885032969545525	<0.0001	<0.0001	NPC
CPC006_SKM1_6H:BRD-A75409952:10	DB08059	Wortmannin	0.26550050128363073	1.5880068237743181	<0.0001	<0.0001	SKM1
CPC014_NEU_24H:BRD-K43880410-001-07-8:10	DB02789	Pregnenolone	-0.25365637983905803	-1.5879162525078712	<0.0001	<0.0001	NEU
AML001_HL60_24H:BRD-A75409952:3.33333	DB08059	Wortmannin	-0.22938469003669446	-1.587879186602397	<0.0001	<0.0001	HL60
CPC006_NOMO1_6H:BRD-A75817871-001-04-2:40	DB01944	(S)-blebbistatin	-0.3007735496843251	-1.5878642900475162	<0.0001	<0.0001	NOMO1
CPC006_THP1_6H:BRD-K71799949-001-20-8:96	DB00564	Carbamazepine	-0.26146967902969526	-1.587335105188195	<0.0001	<0.0001	THP1
LJP007_NPC_24H:P02	DB09054	Idelalisib	-0.26767946987560376	-1.5862616948401949	<0.0001	<0.0001	NPC
CPC015_NPC_24H:BRD-A51820102-008-16-4:10	DB07705	(S)-econazole	-0.22502721989363594	-1.5855153750278357	<0.0001	<0.0001	NPC
NMH002_NPC_24H:BRD-K47192521-001-04-7:10	DB00159	Icosapent	0.23886347108419592	1.585310032286331	<0.0001	<0.0001	NPC
CPC014_NEU_24H:BRD-K14681867-015-01-6:10	DB09099	Somatostatin	-0.27485439723548943	-1.58454108889134	<0.0001	<0.0001	NEU
LJP009_NPC_24H:H09	DB08912	Dabrafenib	0.27446696709320556	1.5844091248915095	<0.0001	<0.0001	NPC
NMH002_NEU_24H:BRD-K04923131-001-11-3:10	DB03444	6-bromoindirubin-3'-oxime	-0.2753065851227764	-1.5840529677956248	<0.0001	<0.0001	NEU
CPC018_NPC_24H:BRD-A19037878:10	DB04297	Trichostatin A	-0.2681269811392164	-1.583870049929223	<0.0001	<0.0001	NPC
PCLB001_JURKAT_6H:BRD-K36452089-001-01-8:1.11	DB07726	t-Butylhydroquinone	-0.265105759652118	-1.5837613642099255	<0.0001	<0.0001	JURKAT
NMH002_NEU_24H:BRD-K70131229-003-01-2:10	DB02678	beta-D-Galactosamine	0.2598390025593477	1.582801974258424	<0.0001	<0.0001	NEU
DOSBIO002_NEU_24H:BRD-A19037878:3.33333	DB04297	Trichostatin A	-0.2675924646817195	-1.582756865350326	<0.0001	<0.0001	NEU
AML001_HL60_6H:BRD-A45664787:0.37037	DB01088	Iloprost	0.26865703563343324	1.5826818772890812	<0.0001	<0.0001	HL60
CPC015_NPC_24H:BRD-A34205397-001-03-7:10	DB13340	Suloctidil	-0.22901340954953503	-1.5824709108618522	<0.0001	<0.0001	NPC
AML001_U937_24H:BRD-A19500257:0.37037	DB02424	Geldanamycin	0.27952164890114933	1.5823012397875367	<0.0001	<0.0001	U937
CPC015_NPC_24H:BRD-K23566484-001-09-4:10	DB00665	Nilutamide	0.23514839095292914	1.5800039074568464	<0.0001	<0.0001	NPC
LPROT003_NPC_6H:P05	DB00175	Pravastatin	-0.2833262671917895	-1.5793150561647056	<0.0001	<0.0001	NPC
CPC006_NOMO1_6H:BRD-K81473043-001-04-7:0.35	DB05134	Tanespimycin	-0.24373969159061992	-1.5792230064231891	<0.0001	<0.0001	NOMO1
LJP008_NPC_24H:F02	DB12376	Ricolinostat	-0.2835042276934228	-1.5791420230210131	<0.0001	<0.0001	NPC
NMH001_NEU_6H:BRD-K25075681-001-01-2:10	DB06455	Meclinertant	-0.26999809791676915	-1.5788810392778367	<0.0001	<0.0001	NEU
CPC015_NPC_24H:BRD-A22032524-074-04-0:10	DB09237	Levamlodipine	-0.23294039437969535	-1.5785949765121	<0.0001	<0.0001	NPC
CPC006_U937_6H:BRD-K88510285-001-01-2:0.04	DB00188	Bortezomib	0.2595036613125496	1.5783455803674158	<0.0001	<0.0001	U937
LJP009_NPC_24H:D02	DB11775	PF-03758309	-0.24970475798799704	-1.5781243796260214	<0.0001	<0.0001	NPC
LJP007_JURKAT_24H:I08	DB06589	Pazopanib	-0.260659847932968	-1.5778465050073884	<0.0001	<0.0001	JURKAT
CPC006_WSUDLCL2_6H:BRD-K35960502-001-10-1:10	DB06803	Niclosamide	0.27657533197408285	1.5771243555458418	<0.0001	<0.0001	WSUDLCL2
CPC006_PL21_6H:BRD-K61033289-001-01-2:10	DB08435	(5E,14E)-11-oxoprosta-5,9,12,14-tetraen-1-oic acid	0.26636561782329954	1.5753607549185813	<0.0001	<0.0001	PL21
CPC017_NPC_24H:BRD-A75409952:10	DB08059	Wortmannin	-0.23724700163190687	-1.575240395427638	<0.0001	<0.0001	NPC
LJP009_NPC.CAS9_24H:P20	DB09074	Olaparib	-0.2538609398837243	-1.5749087424898742	<0.0001	<0.0001	NPC.CAS9
NMH002_NPC_24H:BRD-K40438880-001-03-8:10	DB03566	Spermidine	0.2269062385620042	1.574379798422177	<0.0001	<0.0001	NPC
LJP007_NEU_24H:C01	DB11800	Tivozanib	-0.26488022886644114	-1.5743380448543944	<0.0001	<0.0001	NEU
CPC006_PL21_6H:BRD-K52075040-001-03-0:44.4	DB01034	Cerulenin	0.2852528627301614	1.5742529012278919	<0.0001	<0.0001	PL21
CPC017_NPC_24H:BRD-A54487287-001-03-9:10	DB01380	Cortisone acetate	0.25622539075930945	1.5739290328925255	<0.0001	<0.0001	NPC
CPC006_U937_6H:BRD-K78659596-001-01-3:10	DB09570	Ixazomib	0.269460986945284	1.5732333357306456	<0.0001	<0.0001	U937
KMS002_THP1_6H:BRD-A75409952-001-02-4:10	DB08059	Wortmannin	0.28271272767861494	1.5725386283326361	<0.0001	<0.0001	THP1
LJP009_NPC_24H:O21	DB07232	Veliparib	0.25441181861826734	1.5718889509328628	<0.0001	<0.0001	NPC
LJP008_NEU_24H:G11	DB02546	Vorinostat	0.25217823096729786	1.571825493411547	<0.0001	<0.0001	NEU
CPC006_U937_6H:BRD-A71390734-001-01-7:0.08	DB01177	Idarubicin	0.2741530661572112	1.5716746013130476	<0.0001	<0.0001	U937
NMH002_NEU_24H:BRD-K00959089-001-02-2:10	DB04795	Thenoyltrifluoroacetone	-0.25544152556653676	-1.5714791586008556	<0.0001	<0.0001	NEU
LJP007_NPC_24H:B03	DB00877	Sirolimus	0.2851011192243682	1.5712388617031803	<0.0001	<0.0001	NPC
PCLB001_JURKAT_24H:BRD-A19037878-001-02-3:0.37	DB04297	Trichostatin A	-0.25035822512534	-1.5709338703104647	<0.0001	<0.0001	JURKAT
NMH001_NEU_24H:BRD-K75527158-001-01-5:10	DB00630	Alendronic acid	-0.2729037814453358	-1.570916398850706	<0.0001	<0.0001	NEU
LJP009_NEU_24H:O05	DB07101	PD-0325901	-0.2644449539511752	-1.5701833490846457	<0.0001	<0.0001	NEU
LJP007_NPC.CAS9_24H:B07	DB07970	5-[(2-methyl-5-{[3-(trifluoromethyl)phenyl]carbamoyl}phenyl)amino]pyridine-3-carboxamide	0.25308975746072565	1.5701458339879448	<0.0001	<0.0001	NPC.CAS9
LJP008_NPC.CAS9_24H:I03	DB16239	Molibresib	0.27641313387597144	1.5701296659288753	<0.0001	<0.0001	NPC.CAS9
LJP007_NEU_24H:K23	DB01590	Everolimus	-0.25935948210910015	-1.569515380992938	<0.0001	<0.0001	NEU
CPC014_NEU_24H:BRD-K77390737-001-03-2:10	DB15359	Xanthohumol	0.2709564073135278	1.5694502987496535	<0.0001	<0.0001	NEU
LJP007_NPC.TAK_24H:B12	DB07970	5-[(2-methyl-5-{[3-(trifluoromethyl)phenyl]carbamoyl}phenyl)amino]pyridine-3-carboxamide	-0.2481182624376686	-1.5693707165591386	<0.0001	<0.0001	NPC.TAK
NMH001_NEU_24H:BRD-A19037878-001-02-3:10	DB04297	Trichostatin A	-0.27903116086067054	-1.5691285519796876	<0.0001	<0.0001	NEU
NMH002_NPC_24H:BRD-K65331431-001-05-4:10	DB12112	Zuretinol acetate	0.25771488353893385	1.5688482203163125	<0.0001	<0.0001	NPC
CPC015_NPC_24H:BRD-A13650332-236-03-9:10	DB00301	Flucloxacillin	-0.255504241389346	-1.5684784347758585	<0.0001	<0.0001	NPC
KHW001_SKM1_6H:BRD-K09416995-001-18-3:1	DB00227	Lovastatin	0.23360351918934735	1.5680011055797174	<0.0001	<0.0001	SKM1
CPC015_NPC_24H:BRD-A26334849-003-16-7:10	DB15410	(S)-Propafenone	0.2227937667628745	1.5676170551348565	<0.0001	<0.0001	NPC
LJP009_NPC_24H:B20	DB16107	BI 2536	-0.24596632004669475	-1.5675360922588122	<0.0001	<0.0001	NPC
LJP007_NPC.TAK_24H:M11	DB05575	Motesanib	0.2531618006713494	1.5673185250127646	<0.0001	<0.0001	NPC.TAK
CPC012_NPC_24H:BRD-K55591206-001-07-4:10	DB12116	Epigallocatechin gallate	0.22198576771852407	1.566535446228755	<0.0001	<0.0001	NPC
LJP007_NPC.TAK_24H:I18	DB11526	Masitinib	0.23780510594894033	1.5658791138400479	<0.0001	<0.0001	NPC.TAK
CPC016_NEU_24H:BRD-A60571864-001-03-3:10	DB01222	Budesonide	0.24810334450949517	1.5652627571020603	<0.0001	<0.0001	NEU
LJP007_NPC.TAK_24H:M08	DB05575	Motesanib	0.24530606484114628	1.5648265240156145	<0.0001	<0.0001	NPC.TAK
KHW001_U937_6H:BRD-K33240821-001-01-3:10	DB06809	Plerixafor	-0.29916386379246335	-1.5646908206075605	<0.0001	<0.0001	U937
NMH001_NPC_6H:BRD-A19037878-001-02-3:10	DB04297	Trichostatin A	-0.28493017794454245	-1.564415801554037	<0.0001	<0.0001	NPC
LJP007_NPC.TAK_24H:K02	DB12064	BMS-777607	-0.2653235982114211	-1.564221695111396	<0.0001	<0.0001	NPC.TAK
CPC006_SKM1_6H:BRD-K80738081-001-21-1:10	DB02709	Resveratrol	0.25387145784644444	1.5641943231243218	<0.0001	<0.0001	SKM1
CPC006_PL21_6H:BRD-A56359832-001-03-8:160	DB00744	Zileuton	0.24817347417116928	1.5640879990853307	<0.0001	<0.0001	PL21
LJP009_NPC.TAK_24H:A03	DB02546	Vorinostat	-0.26970696376526154	-1.5639433947054562	<0.0001	<0.0001	NPC.TAK
LJP007_JURKAT_24H:G17	DB01254	Dasatinib	-0.2600753367365225	-1.5631466880471236	<0.0001	<0.0001	JURKAT
LJP009_NEU_24H:L09	DB05984	RAF-265	0.25205501903856975	1.563060510267939	<0.0001	<0.0001	NEU
PCLB001_JURKAT_6H:BRD-A19037878-001-02-3:1.11	DB04297	Trichostatin A	-0.26924118610695646	-1.5629922748891452	<0.0001	<0.0001	JURKAT
CPC014_NPC_24H:BRD-K50720187-050-04-1:10	DB06623	Flupirtine	0.242762889203769	1.5628790844348475	<0.0001	<0.0001	NPC
CPC014_NPC_24H:BRD-K01493881-001-20-3:10	DB07352	Apigenin	0.2674641070771509	1.5627021478101994	<0.0001	<0.0001	NPC
AML001_HL60_6H:BRD-A45664787:10	DB01088	Iloprost	0.25712033759360986	1.5626957557037955	<0.0001	<0.0001	HL60
LJP009_NPC.TAK_24H:B11	DB12242	AZD-7762	0.2536680605386103	1.5616586635248706	<0.0001	<0.0001	NPC.TAK
AML001_U937_6H:BRD-A19037878:3.33333	DB04297	Trichostatin A	-0.2881454112907513	-1.5607628430279337	<0.0001	<0.0001	U937
NMH002_NEU_6H:BRD-K77175907-001-04-9:10	DB00146	Calcifediol	-0.26574781378468193	-1.5603216267642208	<0.0001	<0.0001	NEU
LJP007_NPC.CAS9_24H:H09	DB09053	Ibrutinib	-0.2659811020225966	-1.558957574925037	<0.0001	<0.0001	NPC.CAS9
LJP008_NPC.TAK_24H:I03	DB16239	Molibresib	0.2536281990573953	1.5588703123236776	<0.0001	<0.0001	NPC.TAK
CPC016_NPC_24H:BRD-K85266041-304-01-7:10	DB03759	FG-9041	0.24274941316281423	1.5587449650088123	<0.0001	<0.0001	NPC
LJP008_NPC_24H:F05	DB12376	Ricolinostat	-0.26176714923008965	-1.558328193530381	<0.0001	<0.0001	NPC
CPC016_NEU_24H:BRD-K80334323-001-03-5:10	DB09371	Norethynodrel	-0.2780037815148157	-1.5580526007795965	<0.0001	<0.0001	NEU
LPROT003_NPC_6H:F01	DB07101	PD-0325901	-0.24572419521595154	-1.5568535792170193	<0.0001	<0.0001	NPC
LJP007_NPC_24H:M16	DB07460	2-({5-CHLORO-2-[(2-METHOXY-4-MORPHOLIN-4-YLPHENYL)AMINO]PYRIMIDIN-4-YL}AMINO)-N-METHYLBENZAMIDE	0.2757270202164579	1.5567769744766664	<0.0001	<0.0001	NPC
AML001_HL60_6H:BRD-K71879491:1.11111	DB00982	Isotretinoin	0.2759719691880047	1.556711464500822	<0.0001	<0.0001	HL60
CPC017_NPC_24H:BRD-A95939040-008-03-3:10	DB01153	Sertaconazole	-0.23139246563403326	-1.5565924114814587	<0.0001	<0.0001	NPC
CPC006_SKM1_6H:BRD-A35588707-001-03-0:1.25	DB00444	Teniposide	-0.23007908311459885	-1.5555454128416608	<0.0001	<0.0001	SKM1
LJP009_NPC.TAK_24H:M17	DB06314	SGX-523	0.2809227838803273	1.5554502058910051	<0.0001	<0.0001	NPC.TAK
CPC006_SKM1_6H:BRD-K92241597-001-02-9:80	DB11781	Tosedostat	0.297792340368374	1.5554349918384356	<0.0001	<0.0001	SKM1
LJP009_NPC_24H:D17	DB16108	TAK-715	0.26294515140299896	1.555245525786533	<0.0001	<0.0001	NPC
LJP007_NPC.CAS9_24H:E02	DB11743	Ipatasertib	0.26265536902930325	1.5552433973289461	<0.0001	<0.0001	NPC.CAS9
DOSBIO001_NPC_24H:BRD-A19500257:1.11111	DB02424	Geldanamycin	0.28352081203513463	1.5551255226164844	<0.0001	<0.0001	NPC
CPC017_NPC_24H:BRD-K05901394-001-01-1:10	DB13399	Terguride	0.24558934261264712	1.5550063361046096	<0.0001	<0.0001	NPC
LJP009_NPC.TAK_24H:I20	DB11363	Alectinib	0.2542944425366711	1.554505495256071	<0.0001	<0.0001	NPC.TAK
LPROT003_NPC_6H:H01	DB01590	Everolimus	-0.2921715082677741	-1.5541524883569073	<0.0001	<0.0001	NPC
LJP009_NEU_24H:K11	DB11962	GSK-1059615	0.2717387587882868	1.5539005013359548	<0.0001	<0.0001	NEU
LJP007_NEU_24H:E03	DB11743	Ipatasertib	-0.24136306215102019	-1.5535234794776656	<0.0001	<0.0001	NEU
CPC017_NPC_24H:BRD-K71499074-001-03-8:10	DB01144	Diclofenamide	-0.22405662870420237	-1.5532397613806617	<0.0001	<0.0001	NPC
NMH001_NEU_6H:BRD-K60511616-001-01-2:10	DB00175	Pravastatin	0.26840290796416727	1.5522347086587631	<0.0001	<0.0001	NEU
LJP007_JURKAT_24H:G13	DB01254	Dasatinib	-0.2661795059805851	-1.5522082144985	<0.0001	<0.0001	JURKAT
NMH001_NPC_24H:BRD-K39981244-001-01-5:10	DB00368	Norepinephrine	0.24593371515746146	1.5517971005289288	<0.0001	<0.0001	NPC
NMH002_NPC_24H:BRD-A75409952-001-04-0:10	DB08059	Wortmannin	0.26009748002404853	1.5513368931324198	<0.0001	<0.0001	NPC
CPC017_NPC_24H:BRD-K10136726-003-01-2:10	DB08603	N-[(1S)-5-amino-1-(chloroacetyl)pentyl]-4-methylbenzenesulfonamide	0.23340290459005966	1.5505545419015647	<0.0001	<0.0001	NPC
LJP007_JURKAT_24H:E20	DB12021	Dinaciclib	-0.22911560273493273	-1.5504771591906485	<0.0001	<0.0001	JURKAT
LJP007_NPC_24H:N16	DB09330	Osimertinib	-0.25820607529149825	-1.549712013799278	<0.0001	<0.0001	NPC
DOSBIO002_NEU_24H:BRD-A19037878:1.11111	DB04297	Trichostatin A	-0.27780184347382814	-1.5493017001277338	<0.0001	<0.0001	NEU
NMH001_NEU_6H:BRD-K21283037-001-16-5:10	DB00740	Riluzole	-0.2616409402148323	-1.5492019390883212	<0.0001	<0.0001	NEU
CPC006_THP1_6H:BRD-A31107743-001-01-3:0.09	DB07348	Brefeldin A	0.264264435870473	1.5491755664057203	<0.0001	<0.0001	THP1
NMH002_NEU_24H:BRD-K08316444-001-06-8:10	DB11457	Rotenone	-0.24253595351417204	-1.5485701796622435	<0.0001	<0.0001	NEU
CPC006_NOMO1_6H:BRD-A12409803-001-01-3:40	DB12066	Orteronel	0.24964553431423164	1.5474252884526776	<0.0001	<0.0001	NOMO1
LJP007_NEU_24H:P01	DB09054	Idelalisib	-0.24929171730586783	-1.5472098140736985	<0.0001	<0.0001	NEU
LJP007_NPC_24H:D19	DB06616	Bosutinib	-0.2465837605434307	-1.5464994839700323	<0.0001	<0.0001	NPC
CPC015_NPC_24H:BRD-K54790157-001-10-6:10	DB04571	Trioxsalen	0.25892971460609987	1.5456627209745846	<0.0001	<0.0001	NPC
NMH002_NEU_24H:BRD-K24994810-001-02-7:10	DB01889	16,17-Androstene-3-Ol	-0.2264217554335928	-1.5455066307031717	<0.0001	<0.0001	NEU
LJP009_NEU_24H:N08	DB08896	Regorafenib	0.2563731271839079	1.5454746032693436	<0.0001	<0.0001	NEU
CPC014_NEU_24H:BRD-K33551950-001-01-6:10	DB03758	Radicicol	0.2719263297131131	1.5453077435238647	<0.0001	<0.0001	NEU
LJP007_NPC.CAS9_24H:P20	DB11886	Infigratinib	-0.24112703175080866	-1.5451633905395206	<0.0001	<0.0001	NPC.CAS9
NMH002_NEU_24H:BRD-K26657438-001-10-3:10	DB00724	Imiquimod	0.2398095065169249	1.5445480667731313	<0.0001	<0.0001	NEU
CPC017_NPC_24H:BRD-K27737647-300-01-4:10	DB07995	H-89	0.2527445933078005	1.5443628240729683	<0.0001	<0.0001	NPC
LJP008_NPC_24H:L24	DB05015	Belinostat	-0.24271092073743142	-1.5440988799233446	<0.0001	<0.0001	NPC
NMH002_NEU_24H:BRD-K45528773-001-04-9:10	DB02565	4-(dimethylamino)-N-[7-(hydroxyamino)-7-oxoheptyl]benzamide	-0.26541671824615454	-1.5435199397207893	<0.0001	<0.0001	NEU
LJP009_NPC.TAK_24H:B18	DB11805	Saracatinib	0.2563003023505869	1.5433203333901853	<0.0001	<0.0001	NPC.TAK
LJP009_NPC.TAK_24H:P20	DB09074	Olaparib	-0.2515481564028604	-1.5431478027940906	<0.0001	<0.0001	NPC.TAK
CPC012_NPC_24H:BRD-K68202742-001-06-6:10	DB04297	Trichostatin A	-0.2663815295799178	-1.5426443422171958	<0.0001	<0.0001	NPC
CPC006_NOMO1_6H:BRD-A46335897-003-05-4:6.23	DB01069	Promethazine	-0.2424616735311507	-1.542488102181152	<0.0001	<0.0001	NOMO1
DOSBIO001_NPC_24H:BRD-A75409952:1.11111	DB08059	Wortmannin	0.28622988521050174	1.542228215973642	<0.0001	<0.0001	NPC
LJP007_NPC_24H:A16	DB12742	Amuvatinib	-0.25428665308512727	-1.5416283926272405	<0.0001	<0.0001	NPC
LJP009_NPC.TAK_24H:D24	DB13061	MLN8054	-0.2470499316971985	-1.541399856493449	<0.0001	<0.0001	NPC.TAK
CPC006_PL21_6H:BRD-A19633847-050-20-6:10	DB01074	Perhexiline	0.28677524661051146	1.5413136431165535	<0.0001	<0.0001	PL21
CPC018_NPC_24H:BRD-K18619710-001-03-7:10	DB03671	Digoxigenin	0.26322426239790164	1.5412384221592181	<0.0001	<0.0001	NPC
NMH002_NEU_6H:BRD-K55591206-001-11-6:10	DB12116	Epigallocatechin gallate	-0.24910271075592028	-1.5408657573565143	<0.0001	<0.0001	NEU
NMH002_NEU_24H:BRD-K28912512-001-19-0:10	DB02701	Nicotinamide	-0.2581338953226606	-1.5401204571822549	<0.0001	<0.0001	NEU
LJP009_NPC.CAS9_24H:E22	DB08901	Ponatinib	-0.2500958646536462	-1.5398999853596174	<0.0001	<0.0001	NPC.CAS9
CPC018_NPC_24H:BRD-K08619574-334-03-9:10	DB01622	Thioproperazine	-0.24720746744571492	-1.5396618260494581	<0.0001	<0.0001	NPC
CPC006_WSUDLCL2_6H:BRD-K31342827-001-05-4:12.12	DB03777	Bisindolylmaleimide I	-0.26023647996929733	-1.5393436198768642	<0.0001	<0.0001	WSUDLCL2
LJP007_JURKAT_24H:I07	DB06589	Pazopanib	-0.2748631783917212	-1.5393149366505507	<0.0001	<0.0001	JURKAT
CPC016_NPC_24H:BRD-A42649439-001-02-8:10	DB12405	Triciribine	0.24892745442038705	1.53916611024233	<0.0001	<0.0001	NPC
LJP009_NPC.CAS9_24H:O05	DB07101	PD-0325901	-0.2561597298189597	-1.5387398328616517	<0.0001	<0.0001	NPC.CAS9
CPC006_PL21_6H:BRD-A69951442-001-01-3:10	DB01234	Dexamethasone	-0.2423858167935616	-1.5385089828449678	<0.0001	<0.0001	PL21
CPC014_NEU_24H:BRD-K81062487-001-01-7:10	DB04348	Taurocholic acid	0.2550735387336284	1.5379041252180252	<0.0001	<0.0001	NEU
LPROT003_NPC_6H:L03	DB12500	Fedratinib	-0.27234969828155464	-1.5372678336124515	<0.0001	<0.0001	NPC
CPC006_SKM1_6H:BRD-K52836380-001-01-7:22.2	DB07403	4-[(3-CHLORO-4-{[(2R)-3,3,3-TRIFLUORO-2-HYDROXY-2-METHYLPROPANOYL]AMINO}PHENYL)SULFONYL]-N,N-DIMETHYLBENZAMIDE	-0.2559675360806985	-1.537214794218709	<0.0001	<0.0001	SKM1
CPC006_U937_6H:BRD-K55395145-001-01-7:88.8	DB00642	Pemetrexed	-0.3000656836138521	-1.536122229125561	<0.0001	<0.0001	U937
NMH002_NPC_24H:BRD-A19037878-001-02-3:10	DB04297	Trichostatin A	-0.2753704963752711	-1.5360148341629407	<0.0001	<0.0001	NPC
CPC018_NPC_24H:BRD-K25433859-003-14-8:10	DB00934	Maprotiline	0.24722925179058872	1.535400187213824	<0.0001	<0.0001	NPC
NMH002_NPC_24H:BRD-A56798952-001-01-5:10	DB06733	Bafilomycin A1	0.26359179812549915	1.5350063024340461	<0.0001	<0.0001	NPC
LJP008_NPC_24H:G23	DB00928	Azacitidine	-0.250825312368871	-1.5347299685565783	<0.0001	<0.0001	NPC
NMH002_NPC_6H:BRD-K32610195-001-14-9:10	DB01536	Androstenedione	0.23626852603245715	1.5342414596685472	<0.0001	<0.0001	NPC
LJP008_NPC.CAS9_24H:L20	DB05015	Belinostat	-0.26657180209581893	-1.5338016000273353	<0.0001	<0.0001	NPC.CAS9
LJP007_NPC.CAS9_24H:F04	DB12848	PF-04217903	0.2555752997742935	1.5336309716646228	<0.0001	<0.0001	NPC.CAS9
LJP009_NPC.CAS9_24H:O19	DB07232	Veliparib	0.2600608313361687	1.533387354676007	<0.0001	<0.0001	NPC.CAS9
LJP009_NPC_24H:K12	DB11962	GSK-1059615	0.2640994724083196	1.533079406571513	<0.0001	<0.0001	NPC
CPC014_NEU_24H:BRD-K83963101-001-01-0:10	DB13061	MLN8054	0.2467413768178298	1.532545316755737	<0.0001	<0.0001	NEU
CPC006_SKM1_6H:BRD-K55395145-001-01-7:88.8	DB00642	Pemetrexed	-0.285332634761089	-1.5321153346874523	<0.0001	<0.0001	SKM1
CPC018_NPC_24H:BRD-K77830450-001-02-4:10	DB02587	Colforsin	0.23405361429033633	1.531889269395276	<0.0001	<0.0001	NPC
AML001_U937_24H:BRD-A19500257:10	DB02424	Geldanamycin	0.2718791592680128	1.5318476360871809	<0.0001	<0.0001	U937
LJP008_NEU_24H:M17	DB01262	Decitabine	0.22005566150298736	1.5316479530485472	<0.0001	<0.0001	NEU
LJP009_NEU_24H:O21	DB07232	Veliparib	-0.2489427836259846	-1.531559784627002	<0.0001	<0.0001	NEU
CPC006_NOMO1_6H:BRD-K62965247-001-01-5:10	DB04960	Tipifarnib	-0.25664232455215275	-1.5315352172553185	<0.0001	<0.0001	NOMO1
NMH002_NPC_6H:BRD-K82261406-001-02-0:10	DB07374	Anisomycin	0.2835229689909567	1.5313981427164802	<0.0001	<0.0001	NPC
LJP007_NPC.CAS9_24H:M14	DB07460	2-({5-CHLORO-2-[(2-METHOXY-4-MORPHOLIN-4-YLPHENYL)AMINO]PYRIMIDIN-4-YL}AMINO)-N-METHYLBENZAMIDE	0.2794640202913607	1.5313178913506518	<0.0001	<0.0001	NPC.CAS9
LJP007_NPC_24H:P06	DB09054	Idelalisib	-0.2670727711444267	-1.5304846261254776	<0.0001	<0.0001	NPC
LJP007_NPC.CAS9_24H:B10	DB07970	5-[(2-methyl-5-{[3-(trifluoromethyl)phenyl]carbamoyl}phenyl)amino]pyridine-3-carboxamide	-0.2718870626366942	-1.5304401196783388	<0.0001	<0.0001	NPC.CAS9
NMH002_NEU_6H:BRD-A81585303-001-01-1:10	DB04944	Acadesine	0.2369877789517284	1.530142709175778	<0.0001	<0.0001	NEU
CPC012_NEU_24H:BRD-K14550461-001-01-3:10	DB06410	Doxercalciferol	-0.2607138209836948	-1.5300885740022725	<0.0001	<0.0001	NEU
AML001_U937_6H:BRD-K19706299:3.33333	DB00374	Treprostinil	0.26455400813929986	1.5300364525614791	<0.0001	<0.0001	U937
LJP009_NPC.TAK_24H:F05	DB11962	GSK-1059615	-0.25698851564832353	-1.5294253577091086	<0.0001	<0.0001	NPC.TAK
NMH002_NEU_24H:BRD-A19037878-001-02-3:10	DB04297	Trichostatin A	-0.2570504646393074	-1.529359312260028	<0.0001	<0.0001	NEU
CPC015_NPC_24H:BRD-K12219985-001-15-4:10	DB01067	Glipizide	-0.25020824523621543	-1.529343833682105	<0.0001	<0.0001	NPC
CPC006_SKM1_6H:BRD-K47335880-001-01-3:0.08	DB12980	CHS-828	0.24280037798361284	1.5293204689612543	<0.0001	<0.0001	SKM1
CPC006_WSUDLCL2_6H:BRD-K20285085-001-01-4:10	DB07159	Tamatinib	0.24432236395911308	1.5285634875467908	<0.0001	<0.0001	WSUDLCL2
NMH001_NPC_24H:BRD-K66296774-001-05-3:10	DB01095	Fluvastatin	0.26755194838538143	1.528254326105805	<0.0001	<0.0001	NPC
LJP008_NPC.TAK_24H:J07	DB05223	Pracinostat	-0.26754153163614514	-1.527957610438112	<0.0001	<0.0001	NPC.TAK
LJP007_NEU_24H:B18	DB12200	Tivantinib	-0.2624090517664388	-1.5274745790728665	<0.0001	<0.0001	NEU
CPC015_NPC_24H:BRD-K35941380-050-17-0:10	DB00247	Methysergide	0.23195117152127098	1.5273954676625305	<0.0001	<0.0001	NPC
LJP009_NEU_24H:F03	DB11962	GSK-1059615	-0.2539908485961809	-1.5273258328300698	<0.0001	<0.0001	NEU
LJP009_NEU_24H:D01	DB11775	PF-03758309	-0.2386440510754407	-1.5272833567408137	<0.0001	<0.0001	NEU
LJP008_NEU_24H:K24	DB12332	Rucaparib	-0.23419162566682647	-1.5271828862867702	<0.0001	<0.0001	NEU
LJP008_NEU_24H:L19	DB05015	Belinostat	-0.26041919623773774	-1.5268830058895444	<0.0001	<0.0001	NEU
LJP009_NPC.CAS9_24H:K10	DB11962	GSK-1059615	0.2738220086952399	1.526488286552969	<0.0001	<0.0001	NPC.CAS9
LJP009_NPC_24H:E16	DB13113	JNJ-38877605	-0.2412700294303841	-1.5261406893857494	<0.0001	<0.0001	NPC
NMH002_NEU_6H:BRD-K64994968-001-24-2:10	DB00396	Progesterone	0.2544801863907144	1.5260063446844474	<0.0001	<0.0001	NEU
CPC006_NOMO1_6H:BRD-K12184916-001-03-0:0.63	DB11651	Dactolisib	0.315120467593607	1.525916827385277	<0.0001	<0.0001	NOMO1
LPROT001_NPC.TAK_6H:O22	DB02656	LY-294002	0.25051336730991286	1.525912121761302	<0.0001	<0.0001	NPC.TAK
CPC015_NPC_24H:BRD-A25143711-001-01-4:10	DB14544	Hydrocortisone valerate	-0.2751290422177772	-1.5255852697121757	<0.0001	<0.0001	NPC
LJP009_NEU_24H:K21	DB12432	CC-401	0.24531538606920908	1.525121317704354	<0.0001	<0.0001	NEU
CPC006_PL21_6H:BRD-K98530306-003-07-6:10	DB00575	Clonidine	-0.27226062451179006	-1.5246185782022228	<0.0001	<0.0001	PL21
LJP009_NPC_24H:E08	DB01782	Pyrazolanthrone	0.2511993008527264	1.5245324325230196	<0.0001	<0.0001	NPC
AML001_HL60_24H:BRD-K19706299:1.11111	DB00374	Treprostinil	0.27111522150831985	1.5241169711366205	<0.0001	<0.0001	HL60
NMH002_NEU_6H:BRD-K50590187-001-17-3:10	DB09120	Zucapsaicin	0.2987886761939916	1.5239632458745596	<0.0001	<0.0001	NEU
CPC014_NEU_24H:BRD-K53972329-001-02-1:10	DB08877	Ruxolitinib	0.2884195513750367	1.523777128899931	<0.0001	<0.0001	NEU
CPC015_NPC_24H:BRD-A10977446-001-05-5:10	DB01136	Carvedilol	-0.25212350823469865	-1.523593704132248	<0.0001	<0.0001	NPC
NMH002_NEU_24H:BRD-K01507359-001-11-2:10	DB01045	Rifampicin	-0.2513866656635146	-1.523580204220129	<0.0001	<0.0001	NEU
NMH002_NPC_6H:BRD-K06902185-001-13-6:10	DB00350	Minoxidil	0.2519764285606602	1.5235751761614378	<0.0001	<0.0001	NPC
CPC006_SKM1_6H:BRD-K81418486-001-13-7:11.1	DB02546	Vorinostat	-0.2600045932246032	-1.522838485930333	<0.0001	<0.0001	SKM1
CPC018_NPC_24H:BRD-A64290322-001-01-6:10	DB00091	Cyclosporine	-0.23709737945784654	-1.5224075698111974	<0.0001	<0.0001	NPC
CPC016_NPC_24H:BRD-A22684332-003-03-1:10	DB01366	Procaterol	-0.24354702170983483	-1.5220997563578493	<0.0001	<0.0001	NPC
LJP009_NEU_24H:L08	DB05984	RAF-265	0.24036313115268385	1.521968108793596	<0.0001	<0.0001	NEU
LJP009_NEU_24H:G15	DB01254	Dasatinib	-0.22685478798764724	-1.5218886011021122	<0.0001	<0.0001	NEU
CPC006_SKM1_6H:BRD-K35960502-001-10-1:10	DB06803	Niclosamide	0.2628254005523726	1.5218317434839246	<0.0001	<0.0001	SKM1
NMH002_NPC_24H:BRD-A48430263-001-05-1:10	DB01132	Pioglitazone	0.2174740098260291	1.5213355908280088	<0.0001	<0.0001	NPC
CPC017_NPC_24H:BRD-K67261995-001-03-4:10	DB04711	Iodipamide	0.25013551472014195	1.5206448699342308	<0.0001	<0.0001	NPC
LJP007_NPC_24H:M09	DB05575	Motesanib	0.25262520253807186	1.5206022693919994	<0.0001	<0.0001	NPC
AML001_HL60_24H:BRD-K71879491:1.11111	DB00982	Isotretinoin	0.2933563288498821	1.5205253099707592	<0.0001	<0.0001	HL60
LJP007_NPC.TAK_24H:B15	DB12200	Tivantinib	-0.2359891642806365	-1.5204381773457396	<0.0001	<0.0001	NPC.TAK
DOSBIO002_NEU_24H:BRD-A19500257:10	DB02424	Geldanamycin	0.2586701885785764	1.519938622657384	<0.0001	<0.0001	NEU
CPC016_NEU_24H:BRD-K33211335-337-03-7:10	DB00514	Dextromethorphan	0.24528439665552054	1.5195623437257901	<0.0001	<0.0001	NEU
PCLB001_JURKAT_6H:BRD-K36452089-001-01-8:3.33	DB07726	t-Butylhydroquinone	-0.2311811002219159	-1.5194746962075953	<0.0001	<0.0001	JURKAT
CPC016_NPC_24H:BRD-K82865713-001-02-6:10	DB02304	Prostaglandin B2	0.26205697603198513	1.519426192771057	<0.0001	<0.0001	NPC
CPC014_NPC_24H:BRD-K48722833-001-01-9:10	DB04946	Iloperidone	0.23731110752543116	1.519288784800335	<0.0001	<0.0001	NPC
LJP009_NPC.TAK_24H:E14	DB13113	JNJ-38877605	0.24437260556899182	1.518622315089364	<0.0001	<0.0001	NPC.TAK
NMH002_NPC_24H:BRD-A08027849-236-01-7:10	DB03619	Deoxycholic acid	-0.23493460883149106	-1.5182883026399236	<0.0001	<0.0001	NPC
NMH002_NPC_24H:BRD-A95074085-236-01-6:10	DB13242	Bucladesine	0.2631026243358808	1.5177532202009538	<0.0001	<0.0001	NPC
LJP007_JURKAT_24H:A18	DB12742	Amuvatinib	0.2639490817631914	1.517724567079803	<0.0001	<0.0001	JURKAT
CPC014_NEU_24H:BRD-K89014967-001-01-9:10	DB14904	Pimasertib	0.25659101373593685	1.5176797422536954	<0.0001	<0.0001	NEU
NMH002_NPC_6H:BRD-K01567962-001-16-4:10	DB01782	Pyrazolanthrone	0.29629363662055036	1.5175452153775524	<0.0001	<0.0001	NPC
AML001_U937_6H:BRD-A19037878:0.37037	DB04297	Trichostatin A	-0.266988147481079	-1.5174149217303232	<0.0001	<0.0001	U937
CPC017_NPC_24H:BRD-A10303790-003-03-7:10	DB13814	Talampicillin	-0.23665077650774982	-1.517014382791749	<0.0001	<0.0001	NPC
LJP008_NEU_24H:A24	DB11740	MK-1775	-0.2489646491301571	-1.5165626727323807	<0.0001	<0.0001	NEU
CPC013_NPC_24H:BRD-K81418486:10	DB02546	Vorinostat	-0.2632429056987224	-1.5159579876194578	<0.0001	<0.0001	NPC
LJP009_NPC_24H:B07	DB12242	AZD-7762	0.26165652429520225	1.5158272697968367	<0.0001	<0.0001	NPC
CPC018_NPC_24H:BRD-K08806317-050-03-6:10	DB00373	Timolol	-0.2410930499186056	-1.515685805843169	<0.0001	<0.0001	NPC
LJP008_NPC.TAK_24H:D24	DB13978	Selisistat	-0.23663175135322825	-1.5155389906341041	<0.0001	<0.0001	NPC.TAK
KHW001_U937_6H:BRD-A23723433-001-01-2:1	DB01229	Paclitaxel	0.24124690301858517	1.5150471038908324	<0.0001	<0.0001	U937
LJP009_NPC.TAK_24H:E24	DB08901	Ponatinib	-0.22670270416277355	-1.5147405508098122	<0.0001	<0.0001	NPC.TAK
LJP007_NEU_24H:C05	DB11800	Tivozanib	-0.21618271656343888	-1.5146443302011567	<0.0001	<0.0001	NEU
CPC006_SKM1_6H:BRD-K19216856-001-02-7:88.8	DB12116	Epigallocatechin gallate	-0.2502251441307281	-1.514393450696804	<0.0001	<0.0001	SKM1
LJP007_NPC_24H:A03	DB02546	Vorinostat	-0.2700664746527558	-1.5143274612953475	<0.0001	<0.0001	NPC
NMH002_NEU_24H:BRD-K39965020-001-05-9:10	DB03756	Doconexent	-0.2327706772298344	-1.5136612721041782	<0.0001	<0.0001	NEU
CPC014_NEU_24H:BRD-K65331431-001-04-7:10	DB12112	Zuretinol acetate	-0.26083993918879234	-1.5136184075918064	<0.0001	<0.0001	NEU
NMH002_NEU_24H:BRD-K17561142-003-25-9:10	DB01118	Amiodarone	-0.23753083166968267	-1.5131861592678564	<0.0001	<0.0001	NEU
LJP007_NEU_24H:M19	DB12874	Quizartinib	-0.23084380469002508	-1.5131653967112093	<0.0001	<0.0001	NEU
AML001_HL60_24H:BRD-K26684619:10	DB08784	2-(4-CHLORO-PHENYLAMINO)-NICOTINIC ACID	-0.25724497838847	-1.5131565967490823	<0.0001	<0.0001	HL60
NMH001_NPC_24H:BRD-A19037878-001-02-3:10	DB04297	Trichostatin A	-0.2542826891807031	-1.5128517629848823	<0.0001	<0.0001	NPC
CPC017_NPC_24H:BRD-K60174629-001-02-2:10	DB03535	Z-Pro-Prolinal	-0.24631393725584094	-1.5128397278900474	<0.0001	<0.0001	NPC
AML001_U937_6H:BRD-A75409952:1.11111	DB08059	Wortmannin	0.27560060151142396	1.5126419019534785	<0.0001	<0.0001	U937
NMH002_NEU_6H:BRD-K71879491-001-29-1:10	DB00982	Isotretinoin	-0.25374693641561746	-1.512620942718098	<0.0001	<0.0001	NEU
NMH002_NEU_24H:BRD-A58048407-001-12-1:10	DB00393	Nimodipine	0.2431787765361843	1.5106575544679626	<0.0001	<0.0001	NEU
LJP007_NEU_24H:L09	DB11836	Sapanisertib	0.28961466341940173	1.51031956629624	<0.0001	<0.0001	NEU
CPC014_NPC_24H:BRD-K83963101-001-01-0:10	DB13061	MLN8054	0.24236668288790422	1.5099609673555283	<0.0001	<0.0001	NPC
CPC014_NEU_24H:BRD-K86465814-001-03-7:10	DB06926	(9Z,11E,13S)-13-hydroxyoctadeca-9,11-dienoic acid	-0.25195787237535866	-1.5098092979297184	<0.0001	<0.0001	NEU
LJP009_NEU_24H:L24	DB12588	AZD-1480	-0.23825640499286566	-1.5092051043107175	<0.0001	<0.0001	NEU
CPC014_NEU_24H:BRD-K60460488-066-01-0:10	DB00220	Nelfinavir	0.22313858813334803	1.5091562188337253	<0.0001	<0.0001	NEU
CPC006_THP1_6H:BRD-K44241590-001-03-3:11.1	DB07697	1-(2,3-dihydro-1,4-benzodioxin-6-ylsulfonyl)-4-[(4-methoxyphenyl)sulfonyl]piperazine	0.2644908486104729	1.508206616652697	<0.0001	<0.0001	THP1
CPC014_NEU_24H:BRD-K91696562-001-01-8:10	DB12072	Orantinib	-0.25142705468383136	-1.5073543955316018	<0.0001	<0.0001	NEU
NMH001_NEU_24H:BRD-K95739795-001-02-9:10	DB12161	Deutetrabenazine	0.22625909163219177	1.5070829502432828	<0.0001	<0.0001	NEU
LJP007_NPC_24H:P18	DB05294	Vandetanib	-0.25615962380262836	-1.5068412243097342	<0.0001	<0.0001	NPC
NMH001_NEU_6H:BRD-A69512159-001-04-0:10	DB00190	Carbidopa	0.25490388106019407	1.5066453721946862	<0.0001	<0.0001	NEU
LJP008_NPC_24H:J02	DB12116	Epigallocatechin gallate	0.24100214314341625	1.506521655127915	<0.0001	<0.0001	NPC
LJP007_NPC.TAK_24H:D24	DB06616	Bosutinib	-0.23791201582363297	-1.5064265684528326	<0.0001	<0.0001	NPC.TAK
LJP008_NEU_24H:K07	DB11962	GSK-1059615	0.2969755348399981	1.5060893970289675	<0.0001	<0.0001	NEU
LJP009_NPC_24H:I04	DB11798	Tanzisertib	-0.24351496954267196	-1.5060689010993666	<0.0001	<0.0001	NPC
CPC016_NEU_24H:BRD-K33396764-001-02-0:10	DB00132	alpha-Linolenic acid	-0.23065370679361466	-1.5056602769422731	<0.0001	<0.0001	NEU
CPC014_NEU_24H:BRD-K43164539-001-05-7:10	DB02659	Cholic Acid	0.2339208823091746	1.505360336589778	<0.0001	<0.0001	NEU
LJP007_NEU_24H:D10	DB08875	Cabozantinib	0.23398144292509468	1.5051238071922797	<0.0001	<0.0001	NEU
LJP008_NPC.CAS9_24H:D24	DB13978	Selisistat	-0.2493123429453447	-1.5050909159891366	<0.0001	<0.0001	NPC.CAS9
LJP007_NPC.TAK_24H:H11	DB09053	Ibrutinib	0.24833529334768273	1.5049859541862127	<0.0001	<0.0001	NPC.TAK
LJP007_JURKAT_24H:N13	DB09330	Osimertinib	-0.24409203191416282	-1.5046231687501508	<0.0001	<0.0001	JURKAT
LJP009_NPC.CAS9_24H:D21	DB13061	MLN8054	-0.2633563933872957	-1.504581927998624	<0.0001	<0.0001	NPC.CAS9
LJP007_NPC.CAS9_24H:D06	DB12494	SGI-1776	0.25396776466745447	1.5033409860116957	<0.0001	<0.0001	NPC.CAS9
CPC006_NOMO1_6H:BRD-A75409952:10	DB08059	Wortmannin	0.26599117501249886	1.5023500265590015	<0.0001	<0.0001	NOMO1
LJP009_NPC.CAS9_24H:D02	DB11775	PF-03758309	-0.24664295116011262	-1.5014725525682708	<0.0001	<0.0001	NPC.CAS9
LJP007_NEU_24H:P23	DB11886	Infigratinib	0.2280972358773271	1.501252896576079	<0.0001	<0.0001	NEU
LJP008_NPC.CAS9_24H:F01	DB12376	Ricolinostat	-0.26208360285637744	-1.4997792875762832	<0.0001	<0.0001	NPC.CAS9
NMH002_NPC_24H:BRD-K62012036-001-10-2:10	DB00459	Acitretin	-0.23599378964572543	-1.4996531341398591	<0.0001	<0.0001	NPC
CPC012_NEU_24H:BRD-K55591206-001-07-4:10	DB12116	Epigallocatechin gallate	-0.2558960253943417	-1.4996089748133772	<0.0001	<0.0001	NEU
LJP007_NPC.CAS9_24H:M22	DB12874	Quizartinib	0.24192955651283915	1.499585768679307	<0.0001	<0.0001	NPC.CAS9
CPC014_NPC_24H:BRD-K62959606-001-10-4:10	DB03203	Sphingosine	0.25071675948320843	1.4992390494813204	<0.0001	<0.0001	NPC
LJP008_NPC_24H:F01	DB12376	Ricolinostat	-0.2670921701685875	-1.4991926235112782	<0.0001	<0.0001	NPC
LPROT002_NPC.TAK_6H:K20	DB12369	Sotrastaurin	-0.25910929364261276	-1.4989695958148288	<0.0001	<0.0001	NPC.TAK
LJP009_NEU_24H:E08	DB01782	Pyrazolanthrone	0.2307351333941744	1.4988823953323602	<0.0001	<0.0001	NEU
LJP009_NPC_24H:F02	DB11962	GSK-1059615	-0.24552064798652315	-1.498470768509898	<0.0001	<0.0001	NPC
LJP007_JURKAT_24H:N15	DB09330	Osimertinib	0.24757554485913885	1.498334445618362	<0.0001	<0.0001	JURKAT
CPC016_NEU_24H:BRD-A64977602-001-04-3:10	DB06678	Esmirtazapine	0.22872019557554238	1.4983254358828078	<0.0001	<0.0001	NEU
NMH002_NPC_6H:BRD-A50287119-001-01-5:10	DB00877	Sirolimus	-0.22179131279110054	-1.4979214073110536	<0.0001	<0.0001	NPC
LJP008_NPC.CAS9_24H:J12	DB05223	Pracinostat	-0.25385516541253816	-1.4975062612697918	<0.0001	<0.0001	NPC.CAS9
LJP008_NPC.TAK_24H:L20	DB05015	Belinostat	-0.2575032814702911	-1.4971730850925498	<0.0001	<0.0001	NPC.TAK
LJP009_NEU_24H:H10	DB08912	Dabrafenib	0.25489307468199707	1.496955742736246	<0.0001	<0.0001	NEU
LJP007_NEU_24H:K06	DB12064	BMS-777607	0.2537853271346566	1.4967330768490958	<0.0001	<0.0001	NEU
LJP008_NEU_24H:G19	DB00928	Azacitidine	-0.23330313875222913	-1.4963958298621365	<0.0001	<0.0001	NEU
CPC015_NPC_24H:BRD-A39290993-001-03-2:10	DB04839	Cyproterone acetate	0.2289493177182378	1.4959576786060143	<0.0001	<0.0001	NPC
CPC006_THP1_6H:BRD-A19500257:10	DB02424	Geldanamycin	-0.23435856522245344	-1.495924310042255	<0.0001	<0.0001	THP1
LJP009_NPC_24H:P19	DB09074	Olaparib	-0.2351929796396055	-1.495915088345746	<0.0001	<0.0001	NPC
CPC006_PL21_6H:BRD-K88560311-011-02-2:10	DB12332	Rucaparib	-0.24086756960801092	-1.4957229602425663	<0.0001	<0.0001	PL21
NMH002_NEU_6H:BRD-K81062487-001-03-3:10	DB04348	Taurocholic acid	0.2746183243547799	1.4957099446475843	<0.0001	<0.0001	NEU
CPC015_NPC_24H:BRD-A89175223-051-05-6:10	DB00612	Bisoprolol	-0.21962309659010892	-1.495654793440621	<0.0001	<0.0001	NPC
CPC006_PL21_6H:BRD-K50128260-001-01-6:160	DB00203	Sildenafil	-0.23629994799676426	-1.4956032340795171	<0.0001	<0.0001	PL21
CPC016_NEU_24H:BRD-K67043667-001-15-7:10	DB00488	Altretamine	-0.24280647949879913	-1.4955191837314834	<0.0001	<0.0001	NEU
CPC015_NPC_24H:BRD-K93645900-001-04-8:10	DB00820	Tadalafil	0.2512996561582066	1.4948312342460433	<0.0001	<0.0001	NPC
CPC016_NEU_24H:BRD-K18779551-003-03-7:10	DB13550	Bifemelane	-0.24186453159924107	-1.4947687031807273	<0.0001	<0.0001	NEU
NMH001_NPC_24H:BRD-K67097529-001-01-1:10	DB04466	SR12813	0.2789843520127047	1.494726644300351	<0.0001	<0.0001	NPC
LJP008_NEU_24H:L22	DB05015	Belinostat	-0.26351269458176474	-1.494539246195412	<0.0001	<0.0001	NEU
LJP009_NEU_24H:O19	DB07232	Veliparib	-0.24251237865725003	-1.4941054808327685	<0.0001	<0.0001	NEU
CPC013_NPC_24H:BRD-K42125900-001-01-9:10	DB01248	Docetaxel	0.25890286663156364	1.493616701994428	<0.0001	<0.0001	NPC
CPC018_NPC_24H:BRD-K31920458-001-03-8:10	DB01357	Mestranol	-0.2595947353467606	-1.492851146630121	<0.0001	<0.0001	NPC
NMH002_NEU_24H:BRD-A75409952-001-04-0:10	DB08059	Wortmannin	-0.24908814936355936	-1.4927689142296392	<0.0001	<0.0001	NEU
LJP009_NEU_24H:K19	DB12432	CC-401	-0.2406094172677888	-1.4927182838358695	<0.0001	<0.0001	NEU
CPC016_NEU_24H:BRD-K08547377-003-03-2:10	DB00762	Irinotecan	-0.2631123276451128	-1.4925138037405175	<0.0001	<0.0001	NEU
CPC013_NPC_24H:BRD-K76908866-001-02-7:10	DB12302	CP-724714	-0.24819220031988876	-1.4924002921522792	<0.0001	<0.0001	NPC
CPC018_NPC_24H:BRD-K76617868-003-03-6:10	DB08162	Fasudil	0.23933854506494173	1.4923446890971377	<0.0001	<0.0001	NPC
CPC006_WSUDLCL2_6H:BRD-K15563106-001-08-1:177.6	DB07810	Phloretin	-0.23564360032809925	-1.4922209761436995	<0.0001	<0.0001	WSUDLCL2
NMH002_NPC_6H:BRD-K79602928-003-15-7:10	DB00331	Metformin	0.25023851415549425	1.4921292319301007	<0.0001	<0.0001	NPC
AML001_U937_6H:BRD-K26684619:3.33333	DB08784	2-(4-CHLORO-PHENYLAMINO)-NICOTINIC ACID	-0.25683075997123805	-1.4920765014879593	<0.0001	<0.0001	U937
CPC013_NEU_24H:BRD-K92723993-066-08-6:10	DB00619	Imatinib	-0.24109686938725194	-1.4917490629693064	<0.0001	<0.0001	NEU
CPC006_WSUDLCL2_6H:BRD-A02006392-001-09-9:10	DB01054	Nitrendipine	0.24183187723844288	1.491737710481158	<0.0001	<0.0001	WSUDLCL2
AML001_HL60_6H:BRD-K19706299:10	DB00374	Treprostinil	0.25890342605383276	1.4915736269815227	<0.0001	<0.0001	HL60
LJP007_JURKAT_24H:P08	DB07859	4-(4-CHLOROPHENYL)-4-[4-(1H-PYRAZOL-4-YL)PHENYL]PIPERIDINE	-0.2573499389443988	-1.4912870070007358	<0.0001	<0.0001	JURKAT
LJP007_NPC.CAS9_24H:I19	DB13005	Rebastinib	-0.23539183331622904	-1.4912211415986099	<0.0001	<0.0001	NPC.CAS9
CPC014_NEU_24H:BRD-K71035033-001-01-4:10	DB11526	Masitinib	-0.2393885921895393	-1.4910114374686982	<0.0001	<0.0001	NEU
LJP008_NEU_24H:P18	DB11662	Rabusertib	-0.24282717141383733	-1.490998023233693	<0.0001	<0.0001	NEU
LJP007_NPC_24H:E03	DB11743	Ipatasertib	0.28714978448483347	1.4908569480718037	<0.0001	<0.0001	NPC
CPC006_PL21_6H:BRD-U94846492-000-01-1:10	DB00908	Quinidine	0.23177319296845836	1.4907858376652525	<0.0001	<0.0001	PL21
CPC014_NEU_24H:BRD-K54472332-001-01-8:10	DB09101	Elvitegravir	-0.2206896306856011	-1.4907625574359376	<0.0001	<0.0001	NEU
CPC006_SKM1_6H:BRD-K73319509-001-02-3:40	DB12848	PF-04217903	-0.24767777066946137	-1.4904421260113874	<0.0001	<0.0001	SKM1
NMH002_NEU_24H:BRD-K37270826-001-21-9:10	DB00834	Mifepristone	0.25069433346068576	1.4903454795512654	<0.0001	<0.0001	NEU
LJP007_JURKAT_24H:P23	DB11886	Infigratinib	0.2288611897685457	1.4900627062275116	<0.0001	<0.0001	JURKAT
LJP008_NPC.TAK_24H:A21	DB11740	MK-1775	-0.2347621828329209	-1.4898248459449028	<0.0001	<0.0001	NPC.TAK
LJP009_NEU_24H:E14	DB13113	JNJ-38877605	-0.23837184969752662	-1.4897507516687098	<0.0001	<0.0001	NEU
LJP007_NEU_24H:P06	DB09054	Idelalisib	0.22208390077674586	1.4896901855245248	<0.0001	<0.0001	NEU
CPC018_NPC_24H:BRD-A09533288-003-20-5:10	DB14063	Dexverapamil	0.22993131373509484	1.4893833846900413	<0.0001	<0.0001	NPC
LJP009_NPC_24H:O19	DB07232	Veliparib	0.24124145394762808	1.48929784310848	<0.0001	<0.0001	NPC
PCLB001_JURKAT_6H:BRD-A19037878-001-02-3:3.33	DB04297	Trichostatin A	-0.2559185221230544	-1.4891881858705225	<0.0001	<0.0001	JURKAT
CPC018_NPC_24H:BRD-K19284129-001-01-8:10	DB12327	Salvinorin A	0.2262697575888766	1.489072231948203	<0.0001	<0.0001	NPC
LJP007_NPC.TAK_24H:P19	DB11886	Infigratinib	-0.22908993135592268	-1.48873038329904	<0.0001	<0.0001	NPC.TAK
LPROT002_NPC.TAK_6H:G24	DB04149	(R)-Rolipram	0.27047534199412393	1.488386945932546	<0.0001	<0.0001	NPC.TAK
LJP007_NEU_24H:M12	DB05575	Motesanib	0.21717715196496734	1.4881109069830765	<0.0001	<0.0001	NEU
LJP008_NEU_24H:F05	DB12376	Ricolinostat	-0.23631776854531836	-1.488085116935235	<0.0001	<0.0001	NEU
LJP008_NPC.CAS9_24H:G17	DB01254	Dasatinib	0.25144054202337035	1.487725097418342	<0.0001	<0.0001	NPC.CAS9
CPC006_U937_6H:BRD-K63195589-001-01-4:10	DB04960	Tipifarnib	0.23366806920321015	1.4876928551464352	<0.0001	<0.0001	U937
LJP009_NPC.TAK_24H:P24	DB09074	Olaparib	-0.23322967555018875	-1.4872876829852912	<0.0001	<0.0001	NPC.TAK
CPC016_NEU_24H:BRD-K37848908-001-03-1:10	DB00923	Ceforanide	0.23336542195797147	1.487178980393058	<0.0001	<0.0001	NEU
CPC016_NEU_24H:BRD-K81709173-001-03-8:10	DB06786	Halcinonide	0.2368028116667053	1.4870895615946875	<0.0001	<0.0001	NEU
AML001_HL60_6H:BRD-A19037878:1.11111	DB04297	Trichostatin A	-0.25836658698710396	-1.4863138507391174	<0.0001	<0.0001	HL60
LJP007_JURKAT_24H:M09	DB05575	Motesanib	0.23654099295481007	1.4860756238182702	<0.0001	<0.0001	JURKAT
CPC015_NPC_24H:BRD-K15933101-001-01-6:10	DB00268	Ropinirole	-0.2309075361476727	-1.4857772040165576	<0.0001	<0.0001	NPC
CPC006_PL21_6H:BRD-K04430056-001-09-4:80	DB02207	7-Nitroindazole	-0.2517387705016079	-1.485421797108688	<0.0001	<0.0001	PL21
CPC006_U937_6H:BRD-K19216856-001-02-7:88.8	DB12116	Epigallocatechin gallate	-0.24702070556805467	-1.4853536696207674	<0.0001	<0.0001	U937
LJP009_NPC.TAK_24H:D21	DB13061	MLN8054	-0.24626891896859737	-1.4853212901238926	<0.0001	<0.0001	NPC.TAK
LJP008_NEU_24H:G22	DB00928	Azacitidine	-0.24788370537069943	-1.485097053346674	<0.0001	<0.0001	NEU
LJP007_NEU_24H:C02	DB11800	Tivozanib	-0.27539121476496814	-1.4850528675913028	<0.0001	<0.0001	NEU
CPC006_NOMO1_6H:BRD-A14395271-001-01-5:10	DB00933	Mesoridazine	-0.2511114168358469	-1.4840460319206785	<0.0001	<0.0001	NOMO1
CPC014_NPC_24H:BRD-K60460488-066-01-0:10	DB00220	Nelfinavir	-0.2464254468946116	-1.4836704696208263	<0.0001	<0.0001	NPC
CPC014_NEU_24H:BRD-K78431006-001-02-9:10	DB08865	Crizotinib	0.2501722924337876	1.4834898551920572	<0.0001	<0.0001	NEU
LPROT003_NPC_6H:D09	DB09073	Palbociclib	0.29200914090930596	1.4833602864528492	<0.0001	<0.0001	NPC
CPC006_WSUDLCL2_6H:BRD-K76188144-001-01-2:160	DB08263	N-(carboxycarbonyl)-D-phenylalanine	0.24522067182471372	1.4832634113818401	<0.0001	<0.0001	WSUDLCL2
CPC016_NPC_24H:BRD-K97810537-001-03-7:10	DB00394	Beclomethasone dipropionate	0.25492533141884655	1.4825643341721901	<0.0001	<0.0001	NPC
LJP008_NEU_24H:L17	DB08756	Y-27632	0.23724652695957374	1.4822696470158976	<0.0001	<0.0001	NEU
CPC015_NPC_24H:BRD-A97701745-001-09-5:10	DB00960	Pindolol	0.24631489361949202	1.4822689343373248	<0.0001	<0.0001	NPC
LJP007_NEU_24H:M23	DB12874	Quizartinib	-0.2174674246113043	-1.4816950025685498	<0.0001	<0.0001	NEU
CPC006_SKM1_6H:BRD-K63195589-001-01-4:10	DB04960	Tipifarnib	0.2504725479923927	1.481162172694118	<0.0001	<0.0001	SKM1
LJP007_NPC.CAS9_24H:E01	DB11743	Ipatasertib	0.25238212373533603	1.4811483123149405	<0.0001	<0.0001	NPC.CAS9
CPC006_U937_6H:BRD-A58280226-001-01-2:4	DB08756	Y-27632	-0.23676891620748014	-1.4806399278581444	<0.0001	<0.0001	U937
CPC014_NPC_24H:BRD-K56343971-001-01-5:10	DB08881	Vemurafenib	-0.23124455059741397	-1.4797545892213295	<0.0001	<0.0001	NPC
LJP009_NPC.TAK_24H:G17	DB01254	Dasatinib	0.25539846750914125	1.4795047802331234	<0.0001	<0.0001	NPC.TAK
LJP008_NPC_24H:L20	DB05015	Belinostat	-0.2562518731149425	-1.4794252544020063	<0.0001	<0.0001	NPC
CPC006_SKM1_6H:BRD-A69951442-001-01-3:10	DB01234	Dexamethasone	0.27724034224633026	1.4788083803529068	<0.0001	<0.0001	SKM1
LJP007_NPC_24H:B07	DB07970	5-[(2-methyl-5-{[3-(trifluoromethyl)phenyl]carbamoyl}phenyl)amino]pyridine-3-carboxamide	0.23849922664176887	1.478316213097243	<0.0001	<0.0001	NPC
NMH001_NEU_24H:BRD-A47564106-001-07-5:10	DB12161	Deutetrabenazine	-0.23071151263126127	-1.47773304331293	<0.0001	<0.0001	NEU
NMH002_NEU_24H:BRD-K41170226-001-10-4:10	DB03619	Deoxycholic acid	-0.22382978262916367	-1.4771138946047948	<0.0001	<0.0001	NEU
CPC016_NEU_24H:BRD-K62996583-001-03-8:10	DB13766	Lidoflazine	-0.24351016538992884	-1.4770069967250028	<0.0001	<0.0001	NEU
NMH002_NPC_24H:BRD-K35923252-001-03-6:10	DB07558	acetylleucyl-leucyl-norleucinal	0.2702076669122159	1.4768082989011566	<0.0001	<0.0001	NPC
LJP008_NPC_24H:P17	DB11662	Rabusertib	-0.2472644759448588	-1.476669603469371	<0.0001	<0.0001	NPC
LJP007_NEU_24H:I15	DB11526	Masitinib	0.22872437752121538	1.4765645937859155	<0.0001	<0.0001	NEU
LJP009_NEU_24H:B15	DB11805	Saracatinib	0.2457251350190829	1.4761897096597265	<0.0001	<0.0001	NEU
AML001_HL60_24H:BRD-K27316855:1.11111	DB00136	Calcitriol	-0.244032151873976	-1.4761776029122653	<0.0001	<0.0001	HL60
NMH002_NPC_24H:BRD-A97437073-050-09-5:10	DB00412	Rosiglitazone	0.24706945701231062	1.4757423345574994	<0.0001	<0.0001	NPC
LJP009_NPC_24H:G18	DB01254	Dasatinib	0.25901250563717615	1.4755668917660378	<0.0001	<0.0001	NPC
LJP007_NPC_24H:F15	DB12247	AZD-4547	0.2619154938365217	1.475366608286249	<0.0001	<0.0001	NPC
CPC013_NEU_24H:BRD-A75409952:10	DB08059	Wortmannin	0.24211052339609992	1.4753247165753856	<0.0001	<0.0001	NEU
LJP007_NPC.CAS9_24H:K02	DB12064	BMS-777607	0.23107479641840054	1.4751971563452864	<0.0001	<0.0001	NPC.CAS9
CPC006_PL21_6H:BRD-K78513633-001-07-4:177.6	DB06266	Lonidamine	-0.25802481683132317	-1.4751845247095228	<0.0001	<0.0001	PL21
LPROT002_NPC.TAK_6H:K04	DB06803	Niclosamide	0.24554408017624682	1.4750621395396728	<0.0001	<0.0001	NPC.TAK
LJP007_NEU_24H:N15	DB09330	Osimertinib	0.22950979322949297	1.4748641453451776	<0.0001	<0.0001	NEU
CPC016_NEU_24H:BRD-K72676686-103-01-8:10	DB00176	Fluvoxamine	0.24704510764477075	1.4744936420882528	<0.0001	<0.0001	NEU
CPC014_NPC_24H:BRD-K58772419-001-02-1:10	DB14980	AZD-6482	-0.23920565638329305	-1.474175772560954	<0.0001	<0.0001	NPC
AML001_HL60_6H:BRD-A19500257:1.11111	DB02424	Geldanamycin	0.26355164311615237	1.4741712894055274	<0.0001	<0.0001	HL60
CPC006_WSUDLCL2_6H:BRD-K12184916-001-03-0:0.63	DB11651	Dactolisib	0.2767817902879031	1.4738496385242295	<0.0001	<0.0001	WSUDLCL2
LJP007_NPC.TAK_24H:P01	DB09054	Idelalisib	0.22989843579604322	1.4734859206891004	<0.0001	<0.0001	NPC.TAK
CPC006_U937_6H:BRD-K67844266-001-01-3:11.1	DB11759	Pevonedistat	-0.29525483993682866	-1.472803695366284	<0.0001	<0.0001	U937
CPC012_NPC_24H:BRD-K05396879-001-02-6:10	DB08435	(5E,14E)-11-oxoprosta-5,9,12,14-tetraen-1-oic acid	-0.2391711063209581	-1.472565171317304	<0.0001	<0.0001	NPC
CPC012_NPC_24H:BRD-K18855837-046-01-4:10	DB01273	Varenicline	-0.22749670133899555	-1.4723229125183774	<0.0001	<0.0001	NPC
CPC015_NPC_24H:BRD-K14204120-003-02-4:10	DB00863	Ranitidine	0.20995003214653638	1.4721237418728408	<0.0001	<0.0001	NPC
LJP008_NPC.TAK_24H:C08	DB13877	Iniparib	0.2320210085682276	1.4720374490347845	<0.0001	<0.0001	NPC.TAK
LJP009_NPC.CAS9_24H:D23	DB13061	MLN8054	-0.23661944367244567	-1.4718820324725777	<0.0001	<0.0001	NPC.CAS9
NMH002_NEU_6H:BRD-K32164935-001-25-8:10	DB00839	Tolazamide	0.24822019962035002	1.4717324290695502	<0.0001	<0.0001	NEU
NMH002_NPC_6H:BRD-K08316444-001-06-8:10	DB11457	Rotenone	0.2355819023355793	1.471498875665714	<0.0001	<0.0001	NPC
NMH002_NEU_24H:BRD-K81418486-001-22-8:10	DB02546	Vorinostat	-0.25674508608156277	-1.4713990219115762	<0.0001	<0.0001	NEU
DOSBIO002_NPC_24H:BRD-A19037878:1.11111	DB04297	Trichostatin A	-0.24981509518082637	-1.471173805888899	<0.0001	<0.0001	NPC
CPC006_WSUDLCL2_6H:BRD-K00766422-001-01-9:80	DB03459	Sparfosic acid	-0.25002578252389046	-1.4707373266177215	<0.0001	<0.0001	WSUDLCL2
NMH002_NPC_24H:BRD-K33127281-001-02-3:10	DB00210	Adapalene	-0.2702703883439288	-1.4706574075902477	<0.0001	<0.0001	NPC
NMH002_NEU_24H:BRD-K05396879-001-06-7:10	DB08435	(5E,14E)-11-oxoprosta-5,9,12,14-tetraen-1-oic acid	0.23106080629213802	1.470584085310413	<0.0001	<0.0001	NEU
LJP009_NPC.TAK_24H:B12	DB12242	AZD-7762	0.24879180144779844	1.4705778568073167	<0.0001	<0.0001	NPC.TAK
CPC017_NPC_24H:BRD-A93236127-001-03-7:10	DB01396	Digitoxin	0.29301853469952144	1.4697457072697402	<0.0001	<0.0001	NPC
LJP007_NPC.TAK_24H:B16	DB12200	Tivantinib	-0.23993502186064256	-1.469638087646731	<0.0001	<0.0001	NPC.TAK
CPC017_NPC_24H:BRD-K29173907-001-03-5:10	DB14640	Isoflupredone acetate	-0.24454147030927836	-1.4694897865533025	<0.0001	<0.0001	NPC
LJP009_NEU_24H:D15	DB16108	TAK-715	0.2440538071849745	1.4693741668721045	<0.0001	<0.0001	NEU
CPC006_SKM1_6H:BRD-A58955223-001-01-2:10	DB12422	Sulforaphane	0.24310515962024856	1.4693500837142293	<0.0001	<0.0001	SKM1
LJP009_NPC.CAS9_24H:F03	DB11962	GSK-1059615	0.23485289620716018	1.4691057641094851	<0.0001	<0.0001	NPC.CAS9
LJP009_NPC.TAK_24H:F02	DB11962	GSK-1059615	-0.2624294389958621	-1.4689777556401233	<0.0001	<0.0001	NPC.TAK
CPC017_NPC_24H:BRD-K19525698-003-01-1:10	DB12017	Ozagrel	0.2243271335851755	1.4689130597971058	<0.0001	<0.0001	NPC
AML001_U937_6H:BRD-A19037878:10	DB04297	Trichostatin A	-0.2613568594034583	-1.4688110380123613	<0.0001	<0.0001	U937
LJP009_NPC.CAS9_24H:L20	DB12588	AZD-1480	-0.24333630844403087	-1.4686519803932796	<0.0001	<0.0001	NPC.CAS9
NMH002_NEU_6H:BRD-K98530306-003-13-4:10	DB00575	Clonidine	0.2189368537386213	1.468152311314268	<0.0001	<0.0001	NEU
CPC014_NEU_24H:BRD-K18135438-001-08-4:10	DB06777	Chenodeoxycholic acid	0.23779324703659535	1.4680200790358138	<0.0001	<0.0001	NEU
NMH002_NEU_6H:BRD-A70814879-003-01-8:10	DB12764	Opaganib	0.25896255831935294	1.467703480812752	<0.0001	<0.0001	NEU
LJP008_NPC.TAK_24H:A08	DB07232	Veliparib	-0.26835807451712396	-1.4676950229820371	<0.0001	<0.0001	NPC.TAK
NMH002_NEU_24H:BRD-K68202742-001-08-2:10	DB04297	Trichostatin A	-0.2544447248532767	-1.4669477464000793	<0.0001	<0.0001	NEU
LJP007_NPC.CAS9_24H:K12	DB11962	GSK-1059615	0.282453550597403	1.4669394788606653	<0.0001	<0.0001	NPC.CAS9
LJP009_NEU_24H:G08	DB08521	4-[4-(4-Fluorophenyl)-2-[4-[(R)-methylsulfinyl]phenyl]-1H-imidazol-5-yl]pyridine	-0.24142436218175076	-1.4666421002609653	<0.0001	<0.0001	NEU
LJP009_NPC_24H:D18	DB16108	TAK-715	0.25036212502823785	1.4653677919520054	<0.0001	<0.0001	NPC
LJP007_NEU_24H:I01	DB01268	Sunitinib	-0.20901803619789214	-1.4646220162581438	<0.0001	<0.0001	NEU
LJP007_NPC.CAS9_24H:B14	DB12200	Tivantinib	-0.23455815728609242	-1.4641039516369578	<0.0001	<0.0001	NPC.CAS9
AML001_HL60_24H:BRD-A45664787:3.33333	DB01088	Iloprost	-0.1830049910127067	-1.4637099299556535	<0.0001	<0.0001	HL60
LJP009_NPC.CAS9_24H:E23	DB08901	Ponatinib	-0.2434474403002799	-1.4636673724407756	<0.0001	<0.0001	NPC.CAS9
AML001_HL60_6H:BRD-K19706299:3.33333	DB00374	Treprostinil	0.2571133572597415	1.4633797798905899	<0.0001	<0.0001	HL60
LJP009_NEU_24H:N10	DB08896	Regorafenib	0.23270871531945964	1.4632673461105465	<0.0001	<0.0001	NEU
LJP009_NPC.CAS9_24H:H15	DB07138	Neflamapimod	0.2677367217707822	1.4632340838352964	<0.0001	<0.0001	NPC.CAS9
CPC013_NEU_24H:BRD-K19540840-001-01-1:10	DB11805	Saracatinib	0.2531896352039132	1.463091991668245	<0.0001	<0.0001	NEU
LJP007_NPC_24H:M24	DB12874	Quizartinib	-0.24039639031161478	-1.4630459878222484	<0.0001	<0.0001	NPC
LJP009_NPC.CAS9_24H:I24	DB11363	Alectinib	-0.24410747340780936	-1.4629496036550513	<0.0001	<0.0001	NPC.CAS9
NMH002_NPC_24H:BRD-K54028654-001-01-8:10	DB12310	Trehalose	-0.22951650262940196	-1.4629345956684836	<0.0001	<0.0001	NPC
LJP007_NEU_24H:D01	DB12494	SGI-1776	-0.21506047683955085	-1.462809704829022	<0.0001	<0.0001	NEU
LJP009_NPC.CAS9_24H:E07	DB01782	Pyrazolanthrone	-0.2502929404550768	-1.462542268920021	<0.0001	<0.0001	NPC.CAS9
LJP007_NEU_24H:A15	DB12742	Amuvatinib	-0.24129852480785832	-1.4625025940542216	<0.0001	<0.0001	NEU
NMH002_NEU_24H:BRD-K43736954-001-19-9:10	DB14681	Cortisone	0.2537739845546057	1.4623332276636898	<0.0001	<0.0001	NEU
AML001_U937_6H:BRD-A19500257:10	DB02424	Geldanamycin	0.24961451805380222	1.4623154020000808	<0.0001	<0.0001	U937
CPC017_NPC_24H:BRD-A49358627-001-03-9:10	DB09064	Ciprofibrate	-0.2433539019331561	-1.4622964201236954	<0.0001	<0.0001	NPC
LJP008_NEU_24H:M14	DB01262	Decitabine	0.22469999972496674	1.4621501832537755	<0.0001	<0.0001	NEU
LJP007_NPC_24H:F01	DB12848	PF-04217903	-0.26664507619214795	-1.4618369067936912	<0.0001	<0.0001	NPC
LJP007_NPC.TAK_24H:P03	DB09054	Idelalisib	-0.2536712840638811	-1.4617896751298722	<0.0001	<0.0001	NPC.TAK
AML001_HL60_6H:BRD-A75409952:3.33333	DB08059	Wortmannin	0.267550101555454	1.4615305026179086	<0.0001	<0.0001	HL60
NMH001_NEU_6H:BRD-K39981244-001-01-5:10	DB00368	Norepinephrine	0.23964080578747496	1.4612923199618335	<0.0001	<0.0001	NEU
LJP007_NPC.CAS9_24H:P19	DB11886	Infigratinib	-0.23406500245565998	-1.4611691613956037	<0.0001	<0.0001	NPC.CAS9
NMH002_NEU_6H:BRD-K79254416-001-11-9:10	DB01262	Decitabine	0.254492640023295	1.4601111868812844	<0.0001	<0.0001	NEU
LJP007_NEU_24H:B10	DB07970	5-[(2-methyl-5-{[3-(trifluoromethyl)phenyl]carbamoyl}phenyl)amino]pyridine-3-carboxamide	-0.23729341520954897	-1.4600224735654703	<0.0001	<0.0001	NEU
LJP009_NPC.TAK_24H:H18	DB07138	Neflamapimod	0.24808536902559258	1.4598592089412763	<0.0001	<0.0001	NPC.TAK
NMH002_NEU_6H:BRD-K65331431-001-05-4:10	DB12112	Zuretinol acetate	-0.24724361973148185	-1.4597502668375624	<0.0001	<0.0001	NEU
LJP009_NPC.TAK_24H:I19	DB11363	Alectinib	-0.25204345037897874	-1.459625725455687	<0.0001	<0.0001	NPC.TAK
LJP008_NPC.TAK_24H:A03	DB02546	Vorinostat	-0.25443191852078684	-1.4594753908851876	<0.0001	<0.0001	NPC.TAK
KHW001_U937_6H:BRD-A37630846-001-02-2:1	DB00694	Daunorubicin	-0.2504605467429283	-1.4594483751919614	<0.0001	<0.0001	U937
AML001_U937_6H:BRD-A75409952:3.33333	DB08059	Wortmannin	0.2826315269453789	1.4593505593225717	<0.0001	<0.0001	U937
AML001_HL60_24H:BRD-K27316855:3.33333	DB00136	Calcitriol	0.22523060663947664	1.4592605281407292	<0.0001	<0.0001	HL60
NMH002_NEU_24H:BRD-K77947974-001-14-8:10	DB04842	Fluspirilene	-0.2602201027382205	-1.4592092858837953	<0.0001	<0.0001	NEU
CPC006_THP1_6H:BRD-A26711594-003-06-4:10	DB00622	Nicardipine	0.2422133460808663	1.4589701327958153	<0.0001	<0.0001	THP1
CPC016_NPC_24H:BRD-K63675182-003-14-5:10	DB00508	Triflupromazine	0.24458196575310692	1.458115889445899	<0.0001	<0.0001	NPC
LJP007_JURKAT_24H:E10	DB05913	OSI-930	-0.24592074163456593	-1.4580396086395688	<0.0001	<0.0001	JURKAT
CPC014_NEU_24H:BRD-K01493881-001-19-5:10	DB07352	Apigenin	0.21632300757040634	1.4579374059346704	<0.0001	<0.0001	NEU
LJP009_NEU_24H:B11	DB12242	AZD-7762	0.2394513611594496	1.4576385223721011	<0.0001	<0.0001	NEU
LJP008_NEU_24H:A04	DB05134	Tanespimycin	0.2353741826109439	1.4575314006525983	<0.0001	<0.0001	NEU
CPC015_NPC_24H:BRD-K13926615-003-02-5:10	DB00862	Vardenafil	0.24600310309298415	1.4569122374903574	<0.0001	<0.0001	NPC
CPC012_NEU_24H:BRD-A75409952:10	DB08059	Wortmannin	-0.23437217141863234	-1.456617075379075	<0.0001	<0.0001	NEU
NMH001_NEU_6H:BRD-A33749298-002-01-7:10	DB03585	Oxyphenbutazone	0.24892339757657658	1.4564377505986317	<0.0001	<0.0001	NEU
AML001_U937_24H:BRD-A75409952:0.37037	DB08059	Wortmannin	-0.25896449314247516	-1.4562160526050663	<0.0001	<0.0001	U937
NMH001_NPC_24H:BRD-K69726342-001-02-6:10	DB01076	Atorvastatin	0.24850279055751276	1.4552775024965794	<0.0001	<0.0001	NPC
LJP008_NPC.TAK_24H:L24	DB05015	Belinostat	-0.2303485527632938	-1.454974410336832	<0.0001	<0.0001	NPC.TAK
NMH002_NPC_6H:BRD-A41145729-001-04-3:10	DB08175	(2E,4E)-11-METHOXY-3,7,11-TRIMETHYLDODECA-2,4-DIENOIC ACID	0.24554773777784436	1.4545704466345577	<0.0001	<0.0001	NPC
NMH002_NPC_24H:BRD-K00959089-001-02-2:10	DB04795	Thenoyltrifluoroacetone	-0.23024206741898826	-1.454198061055475	<0.0001	<0.0001	NPC
CPC006_THP1_6H:BRD-A45889380-300-04-8:10	DB01103	Quinacrine	0.23977853530361945	1.454118824603213	<0.0001	<0.0001	THP1
CPC012_NEU_24H:BRD-A19500257:10	DB02424	Geldanamycin	-0.2235732491647296	-1.4538528816932228	<0.0001	<0.0001	NEU
LJP008_NPC_24H:M17	DB01262	Decitabine	0.2409634634995713	1.4537634045834258	<0.0001	<0.0001	NPC
LPROT003_NPC_6H:F13	DB11794	Berzosertib	0.2344935093228747	1.4536010503682895	<0.0001	<0.0001	NPC
LJP008_NEU_24H:L13	DB08756	Y-27632	0.25530774886525537	1.4534572037391935	<0.0001	<0.0001	NEU
LJP007_NPC.CAS9_24H:D11	DB08875	Cabozantinib	-0.24510122865117637	-1.4532361597986063	<0.0001	<0.0001	NPC.CAS9
CPC014_NEU_24H:BRD-K71879491-001-22-6:10	DB00982	Isotretinoin	0.2176956605493435	1.4531806121850714	<0.0001	<0.0001	NEU
AML001_HL60_24H:BRD-A75409952:1.11111	DB08059	Wortmannin	-0.2598690403550323	-1.4530357967864063	<0.0001	<0.0001	HL60
NMH002_NPC_24H:BRD-K01567962-001-16-4:10	DB01782	Pyrazolanthrone	0.2594508555618051	1.4527994837822102	<0.0001	<0.0001	NPC
CPC006_PL21_6H:BRD-A09533288-003-20-5:10	DB14063	Dexverapamil	0.22844106275143264	1.452766931511229	<0.0001	<0.0001	PL21
CPC006_WSUDLCL2_6H:BRD-A56359832-001-03-8:160	DB00744	Zileuton	-0.25641921745216223	-1.4526966237040084	<0.0001	<0.0001	WSUDLCL2
LJP009_NPC.TAK_24H:E12	DB01782	Pyrazolanthrone	0.23094643173320023	1.4525938801868936	<0.0001	<0.0001	NPC.TAK
NMH001_NEU_6H:BRD-K22134346-001-18-1:10	DB00641	Simvastatin	-0.2597171017101659	-1.4524393205510568	<0.0001	<0.0001	NEU
LJP008_NPC.TAK_24H:I02	DB16239	Molibresib	0.25646805077094714	1.4522609187807007	<0.0001	<0.0001	NPC.TAK
LJP007_NPC.TAK_24H:O01	DB07101	PD-0325901	-0.26114864861240394	-1.4522030738211615	<0.0001	<0.0001	NPC.TAK
NMH002_NEU_6H:BRD-A08027849-236-01-7:10	DB03619	Deoxycholic acid	0.23612146802974152	1.4517741001001834	<0.0001	<0.0001	NEU
LJP007_NPC.CAS9_24H:B16	DB12200	Tivantinib	-0.24720025448411062	-1.4516699695609265	<0.0001	<0.0001	NPC.CAS9
CPC006_NOMO1_6H:BRD-K04430056-001-09-4:80	DB02207	7-Nitroindazole	-0.23512606654562834	-1.4512276763835323	<0.0001	<0.0001	NOMO1
LJP007_NPC.CAS9_24H:P22	DB11886	Infigratinib	-0.23479954419830154	-1.4511666042843283	<0.0001	<0.0001	NPC.CAS9
NMH002_NPC_6H:BRD-K88809146-065-01-2:10	DB02665	(1R,2S)-2-Phenylcyclopropanaminium	-0.24290873723691653	-1.4508336891756506	<0.0001	<0.0001	NPC
NMH002_NEU_6H:BRD-K67860401-001-04-9:10	DB01950	AR-AO-14418	0.2197700977632585	1.4507015359616775	<0.0001	<0.0001	NEU
NMH002_NPC_24H:BRD-K53597484-001-01-9:10	DB08633	TNP-470	-0.24182431339945623	-1.4504731244834326	<0.0001	<0.0001	NPC
NMH001_NEU_24H:BRD-K47029922-001-02-0:10	DB02665	(1R,2S)-2-Phenylcyclopropanaminium	-0.21104924689620153	-1.4503546517122723	<0.0001	<0.0001	NEU
CPC006_U937_6H:BRD-K16406336-311-01-2:10	DB08167	Methylthioninium	-0.24639289396613082	-1.4501308938889845	<0.0001	<0.0001	U937
NMH002_NPC_24H:BRD-K59773493-001-01-9:10	DB01924	Benzhydroxamic Acid	0.23962721174093604	1.4499685296920661	<0.0001	<0.0001	NPC
NMH002_NEU_24H:BRD-K40438880-001-03-8:10	DB03566	Spermidine	0.21712180352174068	1.4496905620993945	<0.0001	<0.0001	NEU
DOSBIO001_NPC_24H:BRD-A19037878:10	DB04297	Trichostatin A	-0.24263779561432322	-1.449378693438943	<0.0001	<0.0001	NPC
LJP009_NPC.CAS9_24H:B07	DB12242	AZD-7762	-0.2456241486513336	-1.4492268935726114	<0.0001	<0.0001	NPC.CAS9
AML001_HL60_6H:BRD-A75409952:10	DB08059	Wortmannin	0.2805435288327138	1.4490399130381006	<0.0001	<0.0001	HL60
LJP008_NEU_24H:P13	DB11662	Rabusertib	-0.2508131598367075	-1.4490365524460842	<0.0001	<0.0001	NEU
CPC015_NPC_24H:BRD-K47635719-001-03-9:10	DB14649	Dexamethasone acetate	-0.24003160472125626	-1.4489988774258247	<0.0001	<0.0001	NPC
LJP009_NPC.CAS9_24H:I04	DB11798	Tanzisertib	0.2305945172961393	1.4488092584800518	<0.0001	<0.0001	NPC.CAS9
CPC015_NPC_24H:BRD-A68723818-050-18-4:10	DB00835	Brompheniramine	0.21773059779831905	1.4487089311790757	<0.0001	<0.0001	NPC
LJP008_NPC_24H:M18	DB01262	Decitabine	-0.238512767838979	-1.4485226332012897	<0.0001	<0.0001	NPC
NMH002_NEU_24H:BRD-A97437073-050-09-5:10	DB00412	Rosiglitazone	0.2301400819073052	1.4483003021271263	<0.0001	<0.0001	NEU
AML001_HL60_6H:BRD-A19037878:0.37037	DB04297	Trichostatin A	-0.25501485657564776	-1.4476930543381996	<0.0001	<0.0001	HL60
CPC006_NOMO1_6H:BRD-K61033289-001-01-2:10	DB08435	(5E,14E)-11-oxoprosta-5,9,12,14-tetraen-1-oic acid	0.24034540607510407	1.4476009558887475	<0.0001	<0.0001	NOMO1
LJP007_NPC.TAK_24H:M18	DB07460	2-({5-CHLORO-2-[(2-METHOXY-4-MORPHOLIN-4-YLPHENYL)AMINO]PYRIMIDIN-4-YL}AMINO)-N-METHYLBENZAMIDE	0.2392917043255396	1.447592095767186	<0.0001	<0.0001	NPC.TAK
LJP008_NPC_24H:I03	DB16239	Molibresib	0.23113104765361983	1.4473207725922268	<0.0001	<0.0001	NPC
CPC016_NEU_24H:BRD-K97440753-066-03-3:10	DB13345	Dihydroergocristine	-0.2545072725312931	-1.4470470328618885	<0.0001	<0.0001	NEU
LJP008_NPC.CAS9_24H:A22	DB11740	MK-1775	-0.25015346476899114	-1.446969278567587	<0.0001	<0.0001	NPC.CAS9
CPC013_NEU_24H:BRD-K68202742-001-05-8:10	DB04297	Trichostatin A	-0.2519165576557267	-1.4465754377916518	<0.0001	<0.0001	NEU
LJP007_NEU_24H:F15	DB12247	AZD-4547	-0.20957798119468685	-1.4465623315744582	<0.0001	<0.0001	NEU
AML001_U937_24H:BRD-K93754473:1.49538	DB00675	Tamoxifen	-0.2919573109284118	-1.4463558618420644	<0.0001	<0.0001	U937
LJP007_NPC_24H:I06	DB01268	Sunitinib	-0.23365019940831536	-1.4463461621783464	<0.0001	<0.0001	NPC
CPC006_PL21_6H:BRD-A34817987-001-11-8:10	DB01167	Itraconazole	-0.23987966128697807	-1.4459513208312313	<0.0001	<0.0001	PL21
CPC018_NPC_24H:BRD-K17561142-003-16-8:10	DB01118	Amiodarone	-0.21114306022382423	-1.445630690135101	<0.0001	<0.0001	NPC
LJP009_NPC.CAS9_24H:L19	DB12588	AZD-1480	-0.24251339454578127	-1.4449746551511178	<0.0001	<0.0001	NPC.CAS9
NMH002_NPC_24H:BRD-A91699651-001-02-4:10	DB00608	Chloroquine	-0.2332662149191877	-1.444965221827665	<0.0001	<0.0001	NPC
CPC006_WSUDLCL2_6H:BRD-K78659596-001-01-3:10	DB09570	Ixazomib	0.2670167033537586	1.4447519580550687	<0.0001	<0.0001	WSUDLCL2
LJP008_NEU_24H:P17	DB11662	Rabusertib	-0.24654990063613735	-1.4444622368257867	<0.0001	<0.0001	NEU
CPC015_NPC_24H:BRD-A62035778-004-02-8:10	DB00747	Scopolamine	0.2326509236240721	1.4442705912462432	<0.0001	<0.0001	NPC
CPC006_SKM1_6H:BRD-A04706586-236-01-7:10	DB13242	Bucladesine	-0.23851122017723558	-1.4439044901375147	<0.0001	<0.0001	SKM1
LJP007_NEU_24H:G07	DB11963	Dacomitinib	0.24152920590500046	1.4436694645417298	<0.0001	<0.0001	NEU
LJP009_NPC_24H:B22	DB16107	BI 2536	-0.23437826836127906	-1.4436405853698189	<0.0001	<0.0001	NPC
CPC006_PL21_6H:BRD-A45889380-300-04-8:10	DB01103	Quinacrine	0.23502787974040093	1.4436187812068915	<0.0001	<0.0001	PL21
LJP009_NEU_24H:B03	DB00877	Sirolimus	-0.2301453575249954	-1.4435910808742125	<0.0001	<0.0001	NEU
NMH002_NPC_24H:BRD-K67102207-236-03-6:10	DB06819	Phenylbutyric acid	0.21971990023425295	1.443559278822183	<0.0001	<0.0001	NPC
LJP009_NEU_24H:D21	DB13061	MLN8054	-0.24285074136547866	-1.4431961772054003	<0.0001	<0.0001	NEU
CPC006_SKM1_6H:BRD-K12184916-001-03-0:0.63	DB11651	Dactolisib	0.2792788024125735	1.4431480848165734	<0.0001	<0.0001	SKM1
CPC013_NPC_24H:BRD-K11663430-001-01-5:10	DB12847	Pyroxamide	-0.23202773871028384	-1.4431327237326108	<0.0001	<0.0001	NPC
CPC006_THP1_6H:BRD-K81418486-001-13-7:11.1	DB02546	Vorinostat	-0.23708500970797464	-1.4429448705483752	<0.0001	<0.0001	THP1
CPC015_NPC_24H:BRD-K79131256-001-08-8:10	DB00518	Albendazole	-0.2454736365958612	-1.4425384766842928	<0.0001	<0.0001	NPC
NMH002_NEU_6H:BRD-K13927029-001-02-7:10	DB00162	Vitamin A	-0.2306390145175432	-1.4422583961834865	<0.0001	<0.0001	NEU
NMH002_NEU_6H:BRD-K86465814-001-04-5:10	DB06926	(9Z,11E,13S)-13-hydroxyoctadeca-9,11-dienoic acid	-0.24814536429994236	-1.4421110213731698	<0.0001	<0.0001	NEU
LJP008_NEU_24H:A19	DB11740	MK-1775	-0.2259279049652383	-1.44203223193355	<0.0001	<0.0001	NEU
LJP009_NEU_24H:E17	DB13113	JNJ-38877605	-0.21818025871627156	-1.4418726380814517	<0.0001	<0.0001	NEU
LJP007_NPC.CAS9_24H:F03	DB12848	PF-04217903	0.24043904218937015	1.441785207526732	<0.0001	<0.0001	NPC.CAS9
CPC006_SKM1_6H:BRD-K61033289-001-01-2:10	DB08435	(5E,14E)-11-oxoprosta-5,9,12,14-tetraen-1-oic acid	0.24116790441453959	1.4417304419617043	<0.0001	<0.0001	SKM1
AML001_HL60_6H:BRD-K27316855:3.33333	DB00136	Calcitriol	0.23075248649280697	1.4412243843099264	<0.0001	<0.0001	HL60
LJP007_NEU_24H:M20	DB12874	Quizartinib	-0.26637877668820703	-1.441139980810692	<0.0001	<0.0001	NEU
LJP009_NPC.CAS9_24H:M16	DB06314	SGX-523	0.2658372812497125	1.440862079287487	<0.0001	<0.0001	NPC.CAS9
CPC006_U937_6H:BRD-A58955223-001-01-2:10	DB12422	Sulforaphane	0.244777815320286	1.4405091026961168	<0.0001	<0.0001	U937
NMH002_NPC_24H:BRD-A75409952-001-06-5:10	DB08059	Wortmannin	0.27250591209340846	1.4402813189821446	<0.0001	<0.0001	NPC
CPC015_NPC_24H:BRD-K82036761-003-07-0:10	DB01104	Sertraline	0.2533124366333513	1.4400651514660594	<0.0001	<0.0001	NPC
CPC006_PL21_6H:BRD-K55966568-001-01-3:6	DB12072	Orantinib	0.23706850984144687	1.439978274488575	<0.0001	<0.0001	PL21
CPC006_U937_6H:BRD-K56851771-001-02-7:0.25	DB08899	Enzalutamide	-0.23891381298551967	-1.439479939773851	<0.0001	<0.0001	U937
LJP007_JURKAT_24H:I22	DB13005	Rebastinib	0.2461294934978743	1.4394239624348566	<0.0001	<0.0001	JURKAT
LJP007_NPC.CAS9_24H:H10	DB09053	Ibrutinib	0.24209687407509578	1.4392881104410853	<0.0001	<0.0001	NPC.CAS9
LJP007_NEU_24H:K04	DB12064	BMS-777607	0.24725447987450028	1.4392129745157751	<0.0001	<0.0001	NEU
LJP008_NEU_24H:G23	DB00928	Azacitidine	-0.24356547988694377	-1.4389379381545186	<0.0001	<0.0001	NEU
CPC006_NOMO1_6H:BRD-K76205745-237-05-8:160	DB00678	Losartan	-0.24664642058172503	-1.4382466548623198	<0.0001	<0.0001	NOMO1
CPC006_SKM1_6H:BRD-K18849474-001-01-0:79.44	DB12181	Dalcetrapib	-0.23553612714622907	-1.4379980838852757	<0.0001	<0.0001	SKM1
CPC013_NPC_24H:BRD-K47832606-001-13-7:10	DB00322	Floxuridine	0.22707854447802614	1.4378294275237435	<0.0001	<0.0001	NPC
CPC006_THP1_6H:BRD-K53414658-001-01-7:10	DB11800	Tivozanib	0.23768137789368138	1.4369867385637363	<0.0001	<0.0001	THP1
LJP009_NPC.CAS9_24H:I20	DB11363	Alectinib	0.22562759182903383	1.43698130635603	<0.0001	<0.0001	NPC.CAS9
CPC017_NPC_24H:BRD-K60762818-003-15-3:10	DB01151	Desipramine	-0.22472038433470753	-1.4369053098005742	<0.0001	<0.0001	NPC
CPC013_NEU_24H:BRD-K31553034-001-01-4:10	DB06629	Zibotentan	-0.23812127766916089	-1.4364924153452248	<0.0001	<0.0001	NEU
CPC006_U937_6H:BRD-A34817987-001-11-8:10	DB01167	Itraconazole	-0.2463254704398246	-1.4362438614405415	<0.0001	<0.0001	U937
LJP008_NEU_24H:M03	DB02709	Resveratrol	0.2165165423759764	1.436050235052181	<0.0001	<0.0001	NEU
CPC006_SKM1_6H:BRD-U94846492-000-01-1:10	DB00908	Quinidine	-0.23443452605149073	-1.435801488041009	<0.0001	<0.0001	SKM1
LJP009_NPC_24H:B08	DB12242	AZD-7762	0.24477860280174515	1.4357386015906635	<0.0001	<0.0001	NPC
CPC006_U937_6H:BRD-K59597909-001-10-1:10	DB11447	Phenothiazine	-0.27097804139259196	-1.4354987849821395	<0.0001	<0.0001	U937
CPC006_SKM1_6H:BRD-K76188144-001-01-2:160	DB08263	N-(carboxycarbonyl)-D-phenylalanine	0.22883427214560156	1.4354376956097712	<0.0001	<0.0001	SKM1
CPC017_NPC_24H:BRD-A25687296-300-03-5:10	DB13393	Emetine	0.3073608741059725	1.4352932538015444	<0.0001	<0.0001	NPC
LJP009_NPC.TAK_24H:O20	DB07232	Veliparib	0.26147744477656965	1.4349887640705121	<0.0001	<0.0001	NPC.TAK
LJP007_JURKAT_24H:P18	DB05294	Vandetanib	0.2347892355141163	1.4346964117280439	<0.0001	<0.0001	JURKAT
CPC018_NPC_24H:BRD-K78126613-001-16-0:10	DB00170	Menadione	-0.21414882714850875	-1.434617084111759	<0.0001	<0.0001	NPC
CPC006_WSUDLCL2_6H:BRD-K54233340-300-01-0:10	DB08597	Dorsomorphin	-0.23529562642198237	-1.434381900159664	<0.0001	<0.0001	WSUDLCL2
CPC006_NOMO1_6H:BRD-A35588707-001-03-0:1.25	DB00444	Teniposide	-0.24867446568259707	-1.4342034180645236	<0.0001	<0.0001	NOMO1
CPC016_NEU_24H:BRD-K63675182-003-14-5:10	DB00508	Triflupromazine	0.24744748248496418	1.4341701441954717	<0.0001	<0.0001	NEU
AML001_HL60_6H:BRD-K27316855:10	DB00136	Calcitriol	0.23843335150278577	1.4341191562605338	<0.0001	<0.0001	HL60
AML001_U937_24H:BRD-K93754473:4.48614	DB00675	Tamoxifen	0.2341863610893509	1.4340689862898	<0.0001	<0.0001	U937
CPC016_NPC_24H:BRD-K04111260-001-05-0:10	DB12518	Raclopride	-0.21758817666632221	-1.433942500641445	<0.0001	<0.0001	NPC
NMH002_NPC_24H:BRD-K93754473-001-16-9:10	DB00675	Tamoxifen	0.2590984210085521	1.4331669991716534	<0.0001	<0.0001	NPC
CPC018_NPC_24H:BRD-K76304753-003-08-8:10	DB01438	Phenazopyridine	0.23809541020562924	1.4331165879591465	<0.0001	<0.0001	NPC
CPC015_NPC_24H:BRD-K96319534-001-01-7:10	DB00191	Phentermine	-0.2506001251404393	-1.43293093793544	<0.0001	<0.0001	NPC
LJP009_NPC_24H:H07	DB08912	Dabrafenib	0.23751613850793346	1.4327175436035757	<0.0001	<0.0001	NPC
NMH002_NEU_24H:BRD-K75516118-001-02-5:10	DB04149	(R)-Rolipram	0.2455230954197412	1.432717478784874	<0.0001	<0.0001	NEU
LJP009_NEU_24H:H09	DB08912	Dabrafenib	0.2269387218452627	1.4324393278902754	<0.0001	<0.0001	NEU
CPC015_NPC_24H:BRD-A01346607-001-03-4:10	DB00663	Flumethasone	-0.223892719541522	-1.4324205073459202	<0.0001	<0.0001	NPC
DOSBIO001_NPC_24H:BRD-A90490067:10	DB00947	Fulvestrant	0.2272106837318933	1.4324020942730704	<0.0001	<0.0001	NPC
LPROT002_NPC.TAK_6H:C02	DB00773	Etoposide	-0.24397474034680275	-1.4321813352887212	<0.0001	<0.0001	NPC.TAK
LJP008_NPC.TAK_24H:J03	DB12116	Epigallocatechin gallate	0.22762580440767635	1.4319172789572991	<0.0001	<0.0001	NPC.TAK
LJP008_NEU_24H:G13	DB01254	Dasatinib	-0.23768938250435603	-1.431899098974545	<0.0001	<0.0001	NEU
LJP007_NEU_24H:M05	DB07794	5-(2-PHENYLPYRAZOLO[1,5-A]PYRIDIN-3-YL)-1H-PYRAZOLO[3,4-C]PYRIDAZIN-3-AMINE	0.20814547268664874	1.4312547973302665	<0.0001	<0.0001	NEU
CPC015_NPC_24H:BRD-K13032584-003-03-7:10	DB01168	Procarbazine	0.20766429218472535	1.431002850776542	<0.0001	<0.0001	NPC
NMH001_NEU_6H:BRD-K10852020-001-02-9:10	DB00323	Tolcapone	0.2490264854188234	1.4309693411802176	<0.0001	<0.0001	NEU
LPROT003_NPC_6H:L15	DB11651	Dactolisib	0.2868039404584811	1.430289453822823	<0.0001	<0.0001	NPC
CPC016_NEU_24H:BRD-A51410489-003-02-8:10	DB01392	Yohimbine	-0.23784226398637287	-1.430275063140896	<0.0001	<0.0001	NEU
CPC014_NEU_24H:BRD-A75409952:10	DB08059	Wortmannin	-0.26689591592842754	-1.4300735326887821	<0.0001	<0.0001	NEU
CPC014_NEU_24H:BRD-K70557564-305-01-0:10	DB06191	Zosuquidar	0.2087773916611439	1.4300147171336353	<0.0001	<0.0001	NEU
NMH001_NEU_24H:BRD-K03243820-001-16-2:10	DB00432	Trifluridine	0.21916814558898312	1.4299970398557502	<0.0001	<0.0001	NEU
CPC006_NOMO1_6H:BRD-K19216856-001-02-7:88.8	DB12116	Epigallocatechin gallate	0.21642344601039773	1.4296284671914423	<0.0001	<0.0001	NOMO1
NMH002_NPC_24H:BRD-K79254416-001-12-7:10	DB01262	Decitabine	0.22113916451405358	1.4291609468788513	<0.0001	<0.0001	NPC
CPC013_NEU_24H:BRD-K76908866-001-02-7:10	DB12302	CP-724714	-0.23555137573263543	-1.4288748791099182	<0.0001	<0.0001	NEU
LJP007_NPC.TAK_24H:H09	DB09053	Ibrutinib	0.22705453309004456	1.428802552893042	<0.0001	<0.0001	NPC.TAK
CPC006_U937_6H:BRD-A47829399-001-01-1:10	DB09274	Artesunate	-0.2345577977182281	-1.4287098159459302	<0.0001	<0.0001	U937
CPC014_NPC_24H:BRD-K78431006-001-02-9:10	DB08865	Crizotinib	-0.20659404276800183	-1.4284659789907446	<0.0001	<0.0001	NPC
NMH002_NPC_6H:BRD-K93754473-001-16-9:10	DB00675	Tamoxifen	-0.2595758043760612	-1.428303107119585	<0.0001	<0.0001	NPC
CPC013_NPC_24H:BRD-K05104363-001-02-7:10	DB12429	CI-1040	0.23803687919962763	1.4282190305555402	<0.0001	<0.0001	NPC
LJP008_NPC.TAK_24H:I04	DB16239	Molibresib	0.22717485828424222	1.4281719441604392	<0.0001	<0.0001	NPC.TAK
CPC015_NPC_24H:BRD-K54771420-001-03-2:10	DB02691	Glycocholic acid	-0.25739560115630933	-1.428105579445204	<0.0001	<0.0001	NPC
DOSBIO002_NPC_24H:BRD-A90490067:1.11111	DB00947	Fulvestrant	-0.23430845806750636	-1.4277173137356813	<0.0001	<0.0001	NPC
CPC014_NPC_24H:BRD-K43764301-001-07-6:10	DB09214	Dexketoprofen	0.2677607239717886	1.4277161363640345	<0.0001	<0.0001	NPC
CPC006_NOMO1_6H:BRD-K78659596-001-01-3:10	DB09570	Ixazomib	-0.23966541976416275	-1.427605332044754	<0.0001	<0.0001	NOMO1
CPC014_NPC_24H:BRD-K15891719-001-01-0:10	DB14126	Tenofovir	-0.23084130104726272	-1.4275136858874427	<0.0001	<0.0001	NPC
NMH001_NEU_24H:BRD-K12807006-001-14-4:10	DB01852	Kaempherol	0.23739990750557943	1.4273972732859554	<0.0001	<0.0001	NEU
LJP009_NPC.CAS9_24H:E13	DB13113	JNJ-38877605	0.26117014950266626	1.4268736677112357	<0.0001	<0.0001	NPC.CAS9
LJP007_NPC.TAK_24H:P07	DB07859	4-(4-CHLOROPHENYL)-4-[4-(1H-PYRAZOL-4-YL)PHENYL]PIPERIDINE	-0.2165738066726212	-1.4267846835981663	<0.0001	<0.0001	NPC.TAK
NMH002_NEU_6H:BRD-K52313696-001-09-9:10	DB12291	Tacedinaline	-0.22753427125756026	-1.4267757206867042	<0.0001	<0.0001	NEU
LJP008_NPC.CAS9_24H:L21	DB05015	Belinostat	-0.24103584960094113	-1.4266397806426703	<0.0001	<0.0001	NPC.CAS9
NMH001_NEU_24H:BRD-A75409952-001-04-0:10	DB08059	Wortmannin	-0.21496724682612908	-1.4263222916053244	<0.0001	<0.0001	NEU
AML001_HL60_24H:BRD-K19706299:3.33333	DB00374	Treprostinil	-0.1831825553749057	-1.426139224722546	<0.0001	<0.0001	HL60
LJP007_NPC.TAK_24H:M16	DB07460	2-({5-CHLORO-2-[(2-METHOXY-4-MORPHOLIN-4-YLPHENYL)AMINO]PYRIMIDIN-4-YL}AMINO)-N-METHYLBENZAMIDE	0.2640768588809394	1.426123705618284	<0.0001	<0.0001	NPC.TAK
LJP007_NEU_24H:D20	DB06616	Bosutinib	-0.21675925541371355	-1.4258419796651067	<0.0001	<0.0001	NEU
CPC006_U937_6H:BRD-A14395271-001-01-5:10	DB00933	Mesoridazine	-0.2273587645949049	-1.4257035948815926	<0.0001	<0.0001	U937
LJP008_NPC.CAS9_24H:A12	DB07232	Veliparib	0.23134038015763794	1.4255693874646513	<0.0001	<0.0001	NPC.CAS9
CPC016_NEU_24H:BRD-K96720755-001-01-8:10	DB13929	Relcovaptan	-0.2321005207512564	-1.4252338165156864	<0.0001	<0.0001	NEU
LJP007_NPC.CAS9_24H:A13	DB12742	Amuvatinib	-0.2367526042113291	-1.4252082816037923	<0.0001	<0.0001	NPC.CAS9
LPROT003_NPC_6H:F21	DB00480	Lenalidomide	-0.23470057919267068	-1.4250968600991183	<0.0001	<0.0001	NPC
CPC018_NPC_24H:BRD-K06895174-001-01-0:10	DB00604	Cisapride	0.22633078688819952	1.424986923318946	<0.0001	<0.0001	NPC
DOSBIO002_NPC_24H:BRD-K27305650:0.37037	DB02656	LY-294002	-0.24578404013074828	-1.4244285874154063	<0.0001	<0.0001	NPC
LJP009_NPC_24H:D15	DB16108	TAK-715	-0.238231424764176	-1.4241238698243193	<0.0001	<0.0001	NPC
CPC006_NOMO1_6H:BRD-K67844266-001-01-3:11.1	DB11759	Pevonedistat	-0.2259649778263432	-1.4241229109073181	<0.0001	<0.0001	NOMO1
LJP009_NEU_24H:G07	DB08521	4-[4-(4-Fluorophenyl)-2-[4-[(R)-methylsulfinyl]phenyl]-1H-imidazol-5-yl]pyridine	0.27172048664216025	1.4239042731916212	<0.0001	<0.0001	NEU
NMH002_NPC_6H:BRD-A93255169-001-21-8:10	DB01041	Thalidomide	-0.24774563534157568	-1.4238219400103973	<0.0001	<0.0001	NPC
LPROT003_NPC_6H:N17	DB11648	Afuresertib	0.2461037297716014	1.4237441909768298	<0.0001	<0.0001	NPC
CPC014_NEU_24H:BRD-K61341215-004-01-2:10	DB01339	Vecuronium	-0.27207284915151353	-1.4234242550031453	<0.0001	<0.0001	NEU
LJP007_NEU_24H:D19	DB06616	Bosutinib	0.23688159484594606	1.4233785816927926	<0.0001	<0.0001	NEU
LJP009_NPC.TAK_24H:I04	DB11798	Tanzisertib	0.22536662834169857	1.422572599656595	<0.0001	<0.0001	NPC.TAK
LJP008_NPC.TAK_24H:J06	DB12116	Epigallocatechin gallate	-0.24089043508942976	-1.4221228690132734	<0.0001	<0.0001	NPC.TAK
CPC016_NPC_24H:BRD-A75409952:10	DB08059	Wortmannin	-0.22956675989515857	-1.4220542484257312	<0.0001	<0.0001	NPC
LJP007_NPC.TAK_24H:P17	DB05294	Vandetanib	-0.24264001061436385	-1.4219306224638548	<0.0001	<0.0001	NPC.TAK
CPC014_NPC_24H:BRD-K64052750-001-05-0:10	DB00317	Gefitinib	-0.2513294811290759	-1.4218444563898482	<0.0001	<0.0001	NPC
LJP008_NPC.TAK_24H:J08	DB05223	Pracinostat	-0.2392466281055094	-1.4218029250965498	<0.0001	<0.0001	NPC.TAK
LJP007_NPC.CAS9_24H:M02	DB07794	5-(2-PHENYLPYRAZOLO[1,5-A]PYRIDIN-3-YL)-1H-PYRAZOLO[3,4-C]PYRIDAZIN-3-AMINE	0.22165914301010234	1.4208011272283285	<0.0001	<0.0001	NPC.CAS9
LJP008_NPC.CAS9_24H:H17	DB11841	Entinostat	-0.23964659590594814	-1.4207721319502027	<0.0001	<0.0001	NPC.CAS9
LJP008_NPC.TAK_24H:A10	DB07232	Veliparib	-0.24598837316284197	-1.4207353808237866	<0.0001	<0.0001	NPC.TAK
LJP007_JURKAT_24H:I05	DB01268	Sunitinib	-0.24495885067379405	-1.4206796624138507	<0.0001	<0.0001	JURKAT
LJP008_NPC.TAK_24H:M04	DB02709	Resveratrol	0.22835532577510662	1.4206144192440946	<0.0001	<0.0001	NPC.TAK
LJP008_NEU_24H:I02	DB16239	Molibresib	0.22518686125474438	1.4204456660229465	<0.0001	<0.0001	NEU
AML001_HL60_6H:BRD-K26684619:3.33333	DB08784	2-(4-CHLORO-PHENYLAMINO)-NICOTINIC ACID	0.2271720613480288	1.4203289818957252	<0.0001	<0.0001	HL60
CPC017_NPC_24H:BRD-K24053527-004-03-8:10	DB00514	Dextromethorphan	0.2222360690379514	1.4202768907643961	<0.0001	<0.0001	NPC
NMH001_NEU_24H:BRD-K10852020-001-02-9:10	DB00323	Tolcapone	0.21387261053737192	1.4198362550689787	<0.0001	<0.0001	NEU
CPC016_NEU_24H:BRD-K17075857-001-06-9:10	DB01243	Chloroxine	0.2384687383101173	1.4194241447169533	<0.0001	<0.0001	NEU
LJP009_NEU_24H:H15	DB07138	Neflamapimod	0.2207583508105437	1.4193711526316322	<0.0001	<0.0001	NEU
LJP007_NPC.CAS9_24H:D24	DB06616	Bosutinib	-0.22888048862469715	-1.4193166050554387	<0.0001	<0.0001	NPC.CAS9
CPC015_NPC_24H:BRD-K56558538-003-02-8:10	DB06742	Ambroxol	0.22120075131156425	1.419287217763295	<0.0001	<0.0001	NPC
NMH002_NPC_6H:BRD-K93258693-001-13-2:10	DB07863	2-chloro-5-nitro-N-phenylbenzamide	-0.20765395371719236	-1.419278766442235	<0.0001	<0.0001	NPC
CPC006_THP1_6H:BRD-K96354014-001-09-6:10	DB01115	Nifedipine	-0.22983332620112296	-1.419152107662691	<0.0001	<0.0001	THP1
CPC015_NPC_24H:BRD-A00100033-001-04-8:10	DB11820	Nifurtimox	0.22114790001221324	1.4190764400383467	<0.0001	<0.0001	NPC
CPC006_THP1_6H:BRD-K54233340-300-01-0:10	DB08597	Dorsomorphin	-0.22592155449165355	-1.4188969833564464	<0.0001	<0.0001	THP1
LJP007_NPC.TAK_24H:A17	DB12742	Amuvatinib	-0.22573676303279958	-1.4187528520398058	<0.0001	<0.0001	NPC.TAK
LJP008_NPC_24H:K10	DB11962	GSK-1059615	0.24968013732746283	1.4185552687838325	<0.0001	<0.0001	NPC
LJP007_NEU_24H:E11	DB05913	OSI-930	-0.21373617075179321	-1.4184867877917156	<0.0001	<0.0001	NEU
LJP008_NPC.TAK_24H:D04	DB09074	Olaparib	0.264795225293291	1.4178216533880064	<0.0001	<0.0001	NPC.TAK
LJP008_NPC.TAK_24H:F01	DB12376	Ricolinostat	-0.24809519122587884	-1.4175077276221402	<0.0001	<0.0001	NPC.TAK
AML001_U937_6H:BRD-K19706299:0.37037	DB00374	Treprostinil	0.2273388766190489	1.4173931619171032	<0.0001	<0.0001	U937
LJP008_NPC.CAS9_24H:N11	DB02665	(1R,2S)-2-Phenylcyclopropanaminium	-0.23378846134906148	-1.416838574407603	<0.0001	<0.0001	NPC.CAS9
LJP008_NPC.CAS9_24H:J08	DB05223	Pracinostat	-0.250191450493271	-1.4165471823612499	<0.0001	<0.0001	NPC.CAS9
NMH001_NEU_6H:BRD-K67097529-001-01-1:10	DB04466	SR12813	-0.2246722725924049	-1.4162947380231077	<0.0001	<0.0001	NEU
NMH002_NPC_24H:BRD-A30142024-001-01-1:10	DB04447	1,4-Dithiothreitol	-0.23230722467677403	-1.415530711241474	<0.0001	<0.0001	NPC
LJP008_NPC.CAS9_24H:G08	DB02546	Vorinostat	-0.26016325619097685	-1.4155116367598366	<0.0001	<0.0001	NPC.CAS9
NMH001_NEU_6H:BRD-K70327167-348-11-8:10	DB04786	Suramin	-0.2180628437372519	-1.414962944131603	<0.0001	<0.0001	NEU
CPC013_NEU_24H:BRD-A47706533-001-01-8:10	DB12870	Buthionine sulfoximine	0.23065032591819926	1.4149132181778243	<0.0001	<0.0001	NEU
NMH001_NEU_24H:BRD-K70327167-348-11-8:10	DB04786	Suramin	-0.2399300492422446	-1.4147507438329816	<0.0001	<0.0001	NEU
LJP009_NEU_24H:H11	DB08912	Dabrafenib	0.2565922449358025	1.4146758612420893	<0.0001	<0.0001	NEU
NMH002_NEU_24H:BRD-K65331431-001-05-4:10	DB12112	Zuretinol acetate	0.23228399148649587	1.4145829303673858	<0.0001	<0.0001	NEU
CPC015_NPC_24H:BRD-K28183345-003-07-2:10	DB01131	Proguanil	0.23467700490267834	1.4141389836933653	<0.0001	<0.0001	NPC
CPC012_NPC_24H:BRD-A15010982-001-01-9:10	DB06444	Dexanabinol	-0.2101267384730415	-1.4139625484499445	<0.0001	<0.0001	NPC
CPC013_NEU_24H:BRD-K66175015-001-01-7:10	DB08916	Afatinib	0.23308550447097734	1.4135435538667729	<0.0001	<0.0001	NEU
CPC014_NEU_24H:BRD-K04923131-001-06-3:10	DB03444	6-bromoindirubin-3'-oxime	-0.24205491097441573	-1.4133910557061364	<0.0001	<0.0001	NEU
LJP009_NPC_24H:N08	DB08896	Regorafenib	-0.22354304938818523	-1.4131850462278541	<0.0001	<0.0001	NPC
LJP007_JURKAT_24H:P11	DB07859	4-(4-CHLOROPHENYL)-4-[4-(1H-PYRAZOL-4-YL)PHENYL]PIPERIDINE	0.23555973674855324	1.4131325541486583	<0.0001	<0.0001	JURKAT
CPC015_NPC_24H:BRD-K66296774-001-02-0:10	DB01095	Fluvastatin	0.26421227649059204	1.4131158400165236	<0.0001	<0.0001	NPC
NMH002_NEU_6H:BRD-A56798952-001-01-5:1	DB06733	Bafilomycin A1	-0.2551454428998613	-1.4130773368774798	<0.0001	<0.0001	NEU
CPC006_THP1_6H:BRD-K01976263-003-04-5:0.63	DB01735	3-Chloroalaninate	0.2540710393458687	1.4128649427548203	<0.0001	<0.0001	THP1
CPC015_NPC_24H:BRD-K34157611-001-07-9:10	DB00501	Cimetidine	-0.20750937645258033	-1.4121965349765335	<0.0001	<0.0001	NPC
LJP008_NEU_24H:P15	DB11662	Rabusertib	-0.23199586309672784	-1.4121014856641196	<0.0001	<0.0001	NEU
LJP007_JURKAT_24H:L09	DB11836	Sapanisertib	0.2602875649457803	1.4117502190425313	<0.0001	<0.0001	JURKAT
LJP009_NPC.TAK_24H:G14	DB01254	Dasatinib	0.25682958944533313	1.4116407999540468	<0.0001	<0.0001	NPC.TAK
LJP009_NPC.CAS9_24H:I19	DB11363	Alectinib	-0.23682804322526324	-1.411520158196048	<0.0001	<0.0001	NPC.CAS9
LJP007_NEU_24H:I19	DB13005	Rebastinib	-0.2015905729447513	-1.411511778022797	<0.0001	<0.0001	NEU
CPC016_NPC_24H:BRD-K80396088-001-03-9:10	DB01251	Gliquidone	-0.24528283340880422	-1.4114917097997126	<0.0001	<0.0001	NPC
CPC013_NEU_24H:BRD-K81418486:10	DB02546	Vorinostat	-0.24380928313330152	-1.411382833710977	<0.0001	<0.0001	NEU
CPC012_NEU_24H:BRD-K02130563-001-06-4:10	DB06603	Panobinostat	-0.25282171468567155	-1.4113277578476284	<0.0001	<0.0001	NEU
LJP009_NEU_24H:E21	DB08901	Ponatinib	-0.23513303024615803	-1.4113112689717937	<0.0001	<0.0001	NEU
LJP009_NPC.CAS9_24H:K20	DB12432	CC-401	0.2600241425540406	1.4112011117980328	<0.0001	<0.0001	NPC.CAS9
LPROT003_NPC_6H:H17	DB12270	Losmapimod	0.22473689305195751	1.4111148672632723	<0.0001	<0.0001	NPC
LJP008_NPC.TAK_24H:N08	DB02665	(1R,2S)-2-Phenylcyclopropanaminium	0.25885982111222416	1.4110305755824846	<0.0001	<0.0001	NPC.TAK
LJP009_NPC_24H:B17	DB11805	Saracatinib	0.22730136988912936	1.4107743794755483	<0.0001	<0.0001	NPC
NMH002_NPC_24H:BRD-K32164935-001-25-8:10	DB00839	Tolazamide	0.213151015769831	1.4105577861019807	<0.0001	<0.0001	NPC
NMH002_NPC_24H:BRD-K89732114-300-10-5:10	DB00831	Trifluoperazine	-0.22451605474321495	-1.4103937314098303	<0.0001	<0.0001	NPC
CPC015_NPC_24H:BRD-K85119730-001-17-2:10	DB01124	Tolbutamide	-0.24916487129986983	-1.4103537560240482	<0.0001	<0.0001	NPC
CPC015_NPC_24H:BRD-K51350053-048-06-6:10	DB00539	Toremifene	-0.19678708869125325	-1.4102311372797114	<0.0001	<0.0001	NPC
NMH002_NEU_6H:BRD-K01567962-001-16-4:10	DB01782	Pyrazolanthrone	0.21798307431544878	1.4095997044180242	<0.0001	<0.0001	NEU
AML001_U937_24H:BRD-K27316855:10	DB00136	Calcitriol	0.23470595613375078	1.4095216137610829	<0.0001	<0.0001	U937
LJP007_NPC.CAS9_24H:L11	DB11836	Sapanisertib	0.2677271355814451	1.4095130701587437	<0.0001	<0.0001	NPC.CAS9
CPC014_NPC_24H:BRD-K13927029-001-01-9:10	DB00162	Vitamin A	-0.22653073079920566	-1.409225624866275	<0.0001	<0.0001	NPC
LJP009_NPC_24H:B15	DB11805	Saracatinib	0.27745705886352656	1.4090223237753878	<0.0001	<0.0001	NPC
LPROT002_NPC.TAK_6H:O18	DB02169	9,10-Deepithio-9,10-Didehydroacanthifolicin	0.24451707574850476	1.4089732118291831	<0.0001	<0.0001	NPC.TAK
LJP007_NPC.TAK_24H:P12	DB07859	4-(4-CHLOROPHENYL)-4-[4-(1H-PYRAZOL-4-YL)PHENYL]PIPERIDINE	-0.24044316570222488	-1.4087956841536406	<0.0001	<0.0001	NPC.TAK
CPC016_NEU_24H:BRD-K47598052-001-06-7:10	DB01809	1-Ter-Butyl-3-P-Tolyl-1h-Pyrazolo[3,4-D]Pyrimidin-4-Ylamine	0.22105867257767414	1.4087189508230653	<0.0001	<0.0001	NEU
LJP007_NPC.CAS9_24H:P01	DB09054	Idelalisib	0.23959359932576202	1.4087036990198227	<0.0001	<0.0001	NPC.CAS9
LJP009_NPC_24H:E11	DB01782	Pyrazolanthrone	-0.23265548797892593	-1.4084510000045507	<0.0001	<0.0001	NPC
CPC012_NPC_24H:BRD-K14550461-001-01-3:10	DB06410	Doxercalciferol	0.22660255088315417	1.408091299717013	<0.0001	<0.0001	NPC
NMH002_NPC_24H:BRD-A16694057-001-05-0:10	DB14083	Bisphenol A diglycidyl ether	0.20579857003799623	1.4078411394828358	<0.0001	<0.0001	NPC
CPC017_NPC_24H:BRD-K98769987-001-09-6:10	DB01205	Flumazenil	-0.22062501396792297	-1.4077000683809333	<0.0001	<0.0001	NPC
CPC016_NPC_24H:BRD-A51410489-003-02-8:10	DB01392	Yohimbine	-0.2048973361206922	-1.4073864075026277	<0.0001	<0.0001	NPC
CPC006_SKM1_6H:BRD-K81418486:10	DB02546	Vorinostat	-0.24558820165389958	-1.4069027050714418	<0.0001	<0.0001	SKM1
LJP007_NPC.CAS9_24H:E04	DB11743	Ipatasertib	0.2717782415858957	1.4068277426442974	<0.0001	<0.0001	NPC.CAS9
CPC016_NPC_24H:BRD-K70799801-311-02-7:10	DB00908	Quinidine	0.21592454880855158	1.4066108142438603	<0.0001	<0.0001	NPC
CPC014_NEU_24H:BRD-K77286328-001-02-9:10	DB07340	Reversine	-0.23374011220597127	-1.4061658925831568	<0.0001	<0.0001	NEU
CPC015_NPC_24H:BRD-A36471396-003-02-2:10	DB00810	Biperiden	-0.22937210472034172	-1.4061592861850563	<0.0001	<0.0001	NPC
DOSBIO002_NEU_24H:BRD-K81418486:3.33333	DB02546	Vorinostat	-0.23945267879302204	-1.4061581184102052	<0.0001	<0.0001	NEU
LJP007_NPC.CAS9_24H:M23	DB12874	Quizartinib	0.24446572191012944	1.405919865197367	<0.0001	<0.0001	NPC.CAS9
LJP009_NPC.TAK_24H:L07	DB05984	RAF-265	0.28516787173999103	1.4055612809862101	<0.0001	<0.0001	NPC.TAK
CPC006_PL21_6H:BRD-K91623615-001-01-9:10	DB12254	ABT-751	0.2295453033086339	1.4054614646555215	<0.0001	<0.0001	PL21
LPROT003_NPC_6H:J07	DB12006	BMS-906024	0.2332130837462127	1.405114486035003	<0.0001	<0.0001	NPC
CPC016_NPC_24H:BRD-A19661776-003-13-6:10	DB06148	Mianserin	-0.21853481152956308	-1.4045300624200883	<0.0001	<0.0001	NPC
LJP007_NPC.TAK_24H:E21	DB12021	Dinaciclib	-0.21129001655196922	-1.403749753416182	<0.0001	<0.0001	NPC.TAK
NMH001_NEU_6H:BRD-K48300629-001-10-3:10	DB00909	Zonisamide	0.2511599155150312	1.4037456996406235	<0.0001	<0.0001	NEU
NMH002_NPC_24H:BRD-K86465814-001-04-5:10	DB06926	(9Z,11E,13S)-13-hydroxyoctadeca-9,11-dienoic acid	0.2284578301656698	1.4035620501127948	<0.0001	<0.0001	NPC
CPC006_PL21_6H:BRD-A46335897-003-05-4:6.23	DB01069	Promethazine	-0.23421678335699989	-1.4034791263903617	<0.0001	<0.0001	PL21
CPC006_U937_6H:BRD-K73319509-001-02-3:40	DB12848	PF-04217903	-0.23182384018598992	-1.4033835291858923	<0.0001	<0.0001	U937
CPC006_THP1_6H:BRD-K14888893-001-05-6:10	DB00350	Minoxidil	0.23563684709925617	1.403292530717469	<0.0001	<0.0001	THP1
CPC015_NPC_24H:BRD-K23913458-001-13-2:10	DB04665	Coumarin	0.22980613743094055	1.4028415698181218	<0.0001	<0.0001	NPC
LJP007_NEU_24H:M22	DB12874	Quizartinib	-0.214360328610271	-1.402798230668745	<0.0001	<0.0001	NEU
CPC015_NPC_24H:BRD-A80151636-066-03-0:10	DB01200	Bromocriptine	-0.24833481621125572	-1.402284945027616	<0.0001	<0.0001	NPC
LPROT001_NPC.TAK_6H:E06	DB16239	Molibresib	0.22354486023930764	1.4022092526036818	<0.0001	<0.0001	NPC.TAK
NMH002_NEU_6H:BRD-K66956375-001-09-7:10	DB16495	Oleic monoethanolamide	0.20854131413173152	1.4021708879393233	<0.0001	<0.0001	NEU
LJP007_NEU_24H:P14	DB05294	Vandetanib	-0.23185283321510125	-1.4020423559696975	<0.0001	<0.0001	NEU
LJP007_JURKAT_24H:B07	DB07970	5-[(2-methyl-5-{[3-(trifluoromethyl)phenyl]carbamoyl}phenyl)amino]pyridine-3-carboxamide	-0.22351936367312342	-1.4018718155400849	<0.0001	<0.0001	JURKAT
LJP007_NPC_24H:P13	DB05294	Vandetanib	-0.2257535386577397	-1.4017874758801432	<0.0001	<0.0001	NPC
LJP008_NPC_24H:C10	DB13877	Iniparib	-0.23418471289611287	-1.4017213731861906	<0.0001	<0.0001	NPC
LJP008_NPC.TAK_24H:G23	DB00928	Azacitidine	-0.23326718395434143	-1.4016374863987557	<0.0001	<0.0001	NPC.TAK
CPC015_NPC_24H:BRD-K95921201-001-07-0:10	DB00206	Reserpine	-0.24047911510743425	-1.4015841580384203	<0.0001	<0.0001	NPC
CPC018_NPC_24H:BRD-K34170797-001-01-1:10	DB02545	Fexaramine	0.214282719522442	1.4014279575454673	<0.0001	<0.0001	NPC
LJP009_NEU_24H:E20	DB08901	Ponatinib	-0.22596692880071134	-1.401379546298026	<0.0001	<0.0001	NEU
CPC015_NPC_24H:BRD-A33447119-001-03-3:10	DB11446	Oxfendazole	0.22952424961583845	1.4012919309543732	<0.0001	<0.0001	NPC
LJP009_NPC.TAK_24H:M15	DB06314	SGX-523	0.23025545602179823	1.4010112888890902	<0.0001	<0.0001	NPC.TAK
CPC006_U937_6H:BRD-K81418486-001-13-7:11.1	DB02546	Vorinostat	-0.23700339243699164	-1.4008238386232919	<0.0001	<0.0001	U937
AML001_HL60_6H:BRD-A19500257:10	DB02424	Geldanamycin	0.24168587681519957	1.4007435105672634	<0.0001	<0.0001	HL60
CPC014_NPC_24H:BRD-K38615104-001-06-8:10	DB08073	(2S)-1-(1H-INDOL-3-YL)-3-{[5-(3-METHYL-1H-INDAZOL-5-YL)PYRIDIN-3-YL]OXY}PROPAN-2-AMINE	-0.21344813747042474	-1.4004956961301065	<0.0001	<0.0001	NPC
LJP007_NPC.CAS9_24H:D02	DB12494	SGI-1776	-0.2391375153147429	-1.4004024664426453	<0.0001	<0.0001	NPC.CAS9
LJP008_NEU_24H:J11	DB05223	Pracinostat	0.2147305566968152	1.3998427652159502	<0.0001	<0.0001	NEU
AML001_U937_24H:BRD-A75409952:10	DB08059	Wortmannin	-0.2317470008641663	-1.3997750125116133	<0.0001	<0.0001	U937
LJP007_NEU_24H:B16	DB12200	Tivantinib	-0.2352288836723883	-1.3997742131432573	<0.0001	<0.0001	NEU
CPC015_NPC_24H:BRD-A34806832-001-02-7:10	DB13307	Proscillaridin	0.27139849327696985	1.3995897732762956	<0.0001	<0.0001	NPC
LJP007_NEU_24H:I06	DB01268	Sunitinib	-0.23577865882890434	-1.3994430870869692	<0.0001	<0.0001	NEU
NMH002_NEU_6H:BRD-K24994810-001-02-7:10	DB01889	16,17-Androstene-3-Ol	-0.21285037320544098	-1.3989802983652257	<0.0001	<0.0001	NEU
LJP007_NPC_24H:I09	DB06589	Pazopanib	-0.2514699787481675	-1.3989626328717597	<0.0001	<0.0001	NPC
DOSBIO001_NEU_24H:BRD-K81418486:10	DB02546	Vorinostat	-0.23579951481024486	-1.3988891842863063	<0.0001	<0.0001	NEU
CPC015_NPC_24H:BRD-K53737926-003-14-6:10	DB00321	Amitriptyline	0.21632457074818093	1.397988463198648	<0.0001	<0.0001	NPC
LJP009_NPC.TAK_24H:I24	DB11363	Alectinib	-0.2210168625936078	-1.3973238734972266	<0.0001	<0.0001	NPC.TAK
CPC016_NPC_24H:BRD-K12513978-001-16-7:10	DB08981	Fenbufen	0.201469747730645	1.3973106973359326	<0.0001	<0.0001	NPC
LJP008_NPC.TAK_24H:K24	DB12332	Rucaparib	-0.22707921216195331	-1.3971272981481524	<0.0001	<0.0001	NPC.TAK
LJP009_NPC_24H:O20	DB07232	Veliparib	0.24851289732835027	1.3965393894174207	<0.0001	<0.0001	NPC
CPC006_WSUDLCL2_6H:BRD-K82135108-001-01-9:10	DB05719	Elesclomol	-0.23402028483878667	-1.3962167934217042	<0.0001	<0.0001	WSUDLCL2
LJP009_NPC.TAK_24H:H12	DB08912	Dabrafenib	0.2414423396656206	1.3961611590834455	<0.0001	<0.0001	NPC.TAK
CPC006_WSUDLCL2_6H:BRD-A91699651-316-06-7:10	DB00608	Chloroquine	-0.23216385906882692	-1.396013760300853	<0.0001	<0.0001	WSUDLCL2
LJP007_NPC_24H:K01	DB12064	BMS-777607	-0.23869929324821546	-1.3956430505835384	<0.0001	<0.0001	NPC
CPC014_NPC_24H:BRD-K99749624-001-01-3:10	DB06080	Linifanib	0.20710191669431974	1.3956098445641856	<0.0001	<0.0001	NPC
NMH001_NEU_6H:BRD-A14999564-001-01-0:10	DB07841	Geranylgeranyl diphosphate	0.23663559087954547	1.3952546601645115	<0.0001	<0.0001	NEU
CPC014_NEU_24H:BRD-K94294671-003-01-3:10	DB12387	OSI-027	-0.2405253771351238	-1.3950727757932253	<0.0001	<0.0001	NEU
CPC006_WSUDLCL2_6H:BRD-K41260949-236-02-8:10	DB00313	Valproic acid	0.22316626756216443	1.3950028217878325	<0.0001	<0.0001	WSUDLCL2
NMH002_NPC_6H:BRD-K76773351-001-03-5:10	DB04769	5-QUINOXALIN-6-YLMETHYLENE-THIAZOLIDINE-2,4-DIONE	0.2644949454913302	1.3949621974872606	<0.0001	<0.0001	NPC
LJP007_NPC.TAK_24H:M05	DB07794	5-(2-PHENYLPYRAZOLO[1,5-A]PYRIDIN-3-YL)-1H-PYRAZOLO[3,4-C]PYRIDAZIN-3-AMINE	0.22586941761901808	1.3948589494696415	<0.0001	<0.0001	NPC.TAK
LJP007_JURKAT_24H:P04	DB09054	Idelalisib	0.23010181050042203	1.3942971663993766	<0.0001	<0.0001	JURKAT
LJP008_NPC_24H:D06	DB09074	Olaparib	0.22886625182900147	1.3942054936879584	<0.0001	<0.0001	NPC
CPC006_NOMO1_6H:BRD-K35960502-001-10-1:10	DB06803	Niclosamide	0.24092358095634694	1.394011499992902	<0.0001	<0.0001	NOMO1
CPC012_NEU_24H:BRD-K13810148-001-02-1:10	DB12645	Givinostat	-0.24158903795426098	-1.3939558017600562	<0.0001	<0.0001	NEU
NMH002_NEU_24H:BRD-A70814879-003-01-8:10	DB12764	Opaganib	0.2165109972475949	1.3939301660426884	<0.0001	<0.0001	NEU
CPC017_NPC_24H:BRD-A44008656-036-15-9:10	DB00366	Doxylamine	0.22535372580626684	1.393705209251218	<0.0001	<0.0001	NPC
CPC018_NPC_24H:BRD-K30816563-003-01-1:10	DB00863	Ranitidine	-0.22066252485970045	-1.393563500289263	<0.0001	<0.0001	NPC
CPC012_NEU_24H:BRD-K87909389-003-01-8:10	DB03496	Alvocidib	0.2228935272274048	1.39328086407231	<0.0001	<0.0001	NEU
CPC006_THP1_6H:BRD-A58955223-001-01-2:10	DB12422	Sulforaphane	0.2242716427428835	1.3931247649443297	<0.0001	<0.0001	THP1
PCLB001_JURKAT_24H:BRD-A58955223-001-02-0:0.63	DB12422	Sulforaphane	0.23112295805410105	1.392982619714503	<0.0001	<0.0001	JURKAT
CPC015_NPC_24H:BRD-A27554692-001-01-3:10	DB11372	Altrenogest	-0.2285838441325259	-1.3927971939784358	<0.0001	<0.0001	NPC
LJP008_NPC_24H:G14	DB01254	Dasatinib	0.244076459573739	1.3926326726516858	<0.0001	<0.0001	NPC
CPC006_NOMO1_6H:BRD-A19500257:10	DB02424	Geldanamycin	-0.22167305266430457	-1.3921434373108705	<0.0001	<0.0001	NOMO1
LJP007_NPC_24H:P10	DB07859	4-(4-CHLOROPHENYL)-4-[4-(1H-PYRAZOL-4-YL)PHENYL]PIPERIDINE	-0.24173102600833865	-1.3917148924029814	<0.0001	<0.0001	NPC
NMH002_NEU_6H:BRD-K54771420-001-09-9:10	DB02691	Glycocholic acid	-0.24144248181422284	-1.3915015180773285	<0.0001	<0.0001	NEU
LPROT003_NPC_6H:D07	DB09073	Palbociclib	0.23889627461344404	1.391418837987172	<0.0001	<0.0001	NPC
LJP007_JURKAT_24H:M10	DB05575	Motesanib	-0.22900317655033128	-1.3911774227185407	<0.0001	<0.0001	JURKAT
LJP008_NPC.CAS9_24H:G19	DB00928	Azacitidine	0.25937648571860944	1.391105738661832	<0.0001	<0.0001	NPC.CAS9
NMH002_NPC_24H:BRD-K22429181-001-12-6:10	DB00162	Vitamin A	-0.23403642625626794	-1.3907467387216528	<0.0001	<0.0001	NPC
LJP008_NPC_24H:G21	DB00928	Azacitidine	0.24593637964129345	1.3905922041423848	<0.0001	<0.0001	NPC
CPC015_NPC_24H:BRD-K70330367-003-03-8:10	DB00915	Amantadine	0.22198838547536046	1.3898108884695712	<0.0001	<0.0001	NPC
NMH002_NPC_24H:BRD-K76723084-001-19-0:10	DB00982	Isotretinoin	0.22470538802684242	1.3896447147093995	<0.0001	<0.0001	NPC
NMH002_NEU_6H:BRD-K01507359-001-11-2:10	DB01045	Rifampicin	-0.24414673830919736	-1.3894495073323874	<0.0001	<0.0001	NEU
DOSBIO001_NEU_24H:BRD-A19500257:10	DB02424	Geldanamycin	0.25838601104786535	1.3893676502381413	<0.0001	<0.0001	NEU
LJP008_NPC.CAS9_24H:F04	DB12376	Ricolinostat	-0.23667757832024694	-1.3892942962134394	<0.0001	<0.0001	NPC.CAS9
NMH002_NEU_6H:BRD-K35923252-001-03-6:10	DB07558	acetylleucyl-leucyl-norleucinal	0.2726325261166677	1.3892787436678313	<0.0001	<0.0001	NEU
DOSBIO001_NPC_24H:BRD-A19037878:3.33333	DB04297	Trichostatin A	-0.23144981645906784	-1.389186330521804	<0.0001	<0.0001	NPC
LJP008_NPC.CAS9_24H:J02	DB12116	Epigallocatechin gallate	0.2323814805531485	1.389066479829993	<0.0001	<0.0001	NPC.CAS9
CPC016_NPC_24H:BRD-K92984783-003-02-4:10	DB09224	Melperone	-0.22338168248883972	-1.388832367201272	<0.0001	<0.0001	NPC
CPC006_SKM1_6H:BRD-A79768653-001-02-1:10	DB00877	Sirolimus	0.23489083514085368	1.3887694705248106	<0.0001	<0.0001	SKM1
NMH002_NPC_24H:BRD-A41145729-001-04-3:10	DB08175	(2E,4E)-11-METHOXY-3,7,11-TRIMETHYLDODECA-2,4-DIENOIC ACID	-0.22279363518990147	-1.388741600630649	<0.0001	<0.0001	NPC
CPC015_NPC_24H:BRD-K89375097-300-06-2:10	DB00670	Pirenzepine	0.22158725105505003	1.388593545968632	<0.0001	<0.0001	NPC
NMH002_NPC_6H:BRD-K05396879-001-06-7:10	DB08435	(5E,14E)-11-oxoprosta-5,9,12,14-tetraen-1-oic acid	0.24631754385385213	1.3885419105245436	<0.0001	<0.0001	NPC
CPC013_NPC_24H:BRD-K16621777-001-01-9:10	DB12078	Enobosarm	0.22797319948825073	1.3880892131236542	<0.0001	<0.0001	NPC
CPC006_WSUDLCL2_6H:BRD-A45889380-300-04-8:10	DB01103	Quinacrine	0.24580712283106587	1.3880875055946624	<0.0001	<0.0001	WSUDLCL2
CPC006_SKM1_6H:BRD-K54233340-300-01-0:10	DB08597	Dorsomorphin	0.24014993048002933	1.3879955673843118	<0.0001	<0.0001	SKM1
DOSBIO001_NPC_24H:BRD-K81418486:1.11111	DB02546	Vorinostat	-0.22409521937786	-1.3879015513497488	<0.0001	<0.0001	NPC
CPC014_NEU_24H:BRD-K99260425-001-01-2:10	DB00749	Etodolac	-0.2536065450541577	-1.387774379106885	<0.0001	<0.0001	NEU
CPC006_SKM1_6H:BRD-K15108141-001-01-7:0.08	DB00441	Gemcitabine	-0.26903866666368814	-1.387413728468354	<0.0001	<0.0001	SKM1
CPC016_NPC_24H:BRD-K33396764-001-02-0:10	DB00132	alpha-Linolenic acid	0.22736486383657986	1.3873659122222781	<0.0001	<0.0001	NPC
LJP009_NEU_24H:D23	DB13061	MLN8054	-0.23628821490498017	-1.3873059496693052	<0.0001	<0.0001	NEU
CPC015_NPC_24H:BRD-K12539581-001-14-6:10	DB08313	Nocodazole	0.2284310665304775	1.386975308142997	<0.0001	<0.0001	NPC
CPC016_NEU_24H:BRD-A22684332-003-03-1:10	DB01366	Procaterol	-0.23081592178467028	-1.3866814337049118	<0.0001	<0.0001	NEU
CPC006_THP1_6H:BRD-K50128260-001-01-6:160	DB00203	Sildenafil	-0.23329062962711872	-1.3866633581106127	<0.0001	<0.0001	THP1
CPC006_PL21_6H:BRD-K47335880-001-01-3:0.08	DB12980	CHS-828	-0.2270686172011986	-1.386560874146257	<0.0001	<0.0001	PL21
LJP007_NPC_24H:P04	DB09054	Idelalisib	-0.23306374760212625	-1.386445286168882	<0.0001	<0.0001	NPC
CPC006_WSUDLCL2_6H:BRD-K50128260-001-01-6:160	DB00203	Sildenafil	0.22876739879543959	1.3863926146263783	<0.0001	<0.0001	WSUDLCL2
CPC017_NPC_24H:BRD-K23478508-001-03-7:10	DB00390	Digoxin	0.26232709128118026	1.386296367031215	<0.0001	<0.0001	NPC
LJP009_NEU_24H:I22	DB11363	Alectinib	-0.24373904776283473	-1.3861211813097185	<0.0001	<0.0001	NEU
LJP007_NPC.TAK_24H:K05	DB12064	BMS-777607	0.2248422978283989	1.3854952625792716	<0.0001	<0.0001	NPC.TAK
CPC014_NEU_24H:BRD-K64800655-001-01-7:10	DB12686	PHA-793887	0.2466697070457504	1.385438322349296	<0.0001	<0.0001	NEU
CPC006_U937_6H:BRD-K41260949-236-02-8:10	DB00313	Valproic acid	0.22931982740961826	1.3854187322006137	<0.0001	<0.0001	U937
LPROT002_NPC.TAK_6H:G12	DB01234	Dexamethasone	0.24109897961072116	1.3849345742698216	<0.0001	<0.0001	NPC.TAK
CPC018_NPC_24H:BRD-K59037100-001-09-7:10	DB01428	Oxybenzone	-0.2342804124958245	-1.3846537435272963	<0.0001	<0.0001	NPC
NMH002_NEU_6H:BRD-K68202742-001-08-2:10	DB04297	Trichostatin A	-0.2545961060036275	-1.3845807291424215	<0.0001	<0.0001	NEU
LJP007_NPC_24H:P11	DB07859	4-(4-CHLOROPHENYL)-4-[4-(1H-PYRAZOL-4-YL)PHENYL]PIPERIDINE	-0.2456212259569346	-1.3842292353708645	<0.0001	<0.0001	NPC
NMH002_NPC_6H:BRD-K81473043-001-07-0:10	DB05134	Tanespimycin	-0.22293429812228863	-1.3841875151632654	<0.0001	<0.0001	NPC
CPC016_NPC_24H:BRD-K59522102-001-08-8:10	DB12582	Piperine	0.22510804935077083	1.3839540602735059	<0.0001	<0.0001	NPC
LJP007_NEU_24H:D21	DB06616	Bosutinib	-0.2351080128219731	-1.3838863390032983	<0.0001	<0.0001	NEU
CPC006_PL21_6H:BRD-A01145011-001-01-4:11.1	DB03068	Zebularine	0.22443337672149827	1.3837540506167534	<0.0001	<0.0001	PL21
LJP009_NEU_24H:L10	DB05984	RAF-265	0.22447716816531435	1.3836219951743307	<0.0001	<0.0001	NEU
LJP009_NPC_24H:I17	DB12146	Rigosertib	0.23502380390609182	1.3835708012787347	<0.0001	<0.0001	NPC
NMH002_NPC_6H:BRD-K12184916-001-08-9:10	DB11651	Dactolisib	0.26079798673812304	1.3835682069212798	<0.0001	<0.0001	NPC
LJP007_NEU_24H:E02	DB11743	Ipatasertib	-0.2332354084119267	-1.3832237694334046	<0.0001	<0.0001	NEU
DOSBIO001_NPC_24H:BRD-A75409952:0.37037	DB08059	Wortmannin	0.23045309187603685	1.383173938734277	<0.0001	<0.0001	NPC
CPC006_U937_6H:BRD-K76205745-237-05-8:160	DB00678	Losartan	-0.247665524686214	-1.3831675102883474	<0.0001	<0.0001	U937
CPC006_WSUDLCL2_6H:BRD-K32164935-001-17-5:10	DB00839	Tolazamide	-0.23489382877196305	-1.3829982067974278	<0.0001	<0.0001	WSUDLCL2
LJP007_NPC.CAS9_24H:F02	DB12848	PF-04217903	0.2214739251167291	1.3829838489589255	<0.0001	<0.0001	NPC.CAS9
LJP009_NPC_24H:I24	DB11363	Alectinib	-0.22983729092920469	-1.382941234551061	<0.0001	<0.0001	NPC
NMH002_NEU_6H:BRD-A02006392-001-12-3:10	DB01054	Nitrendipine	0.2197567973958004	1.3825455115284302	<0.0001	<0.0001	NEU
CPC006_THP1_6H:BRD-A71390734-001-01-7:0.08	DB01177	Idarubicin	-0.2203494459556614	-1.3824782665504431	<0.0001	<0.0001	THP1
CPC015_NPC_24H:BRD-K43744935-048-01-6:10	DB00675	Tamoxifen	-0.2145595996891729	-1.3821718038755644	<0.0001	<0.0001	NPC
LJP008_NPC_24H:D22	DB13978	Selisistat	-0.2401769901350798	-1.382063493656152	<0.0001	<0.0001	NPC
NMH002_NPC_24H:BRD-K92723993-066-14-4:10	DB00619	Imatinib	0.20881080661614596	1.382042482163948	<0.0001	<0.0001	NPC
NMH002_NPC_6H:BRD-K13005598-001-01-5:10	DB13034	Foxy-5	-0.2158175334637141	-1.3819235562113465	<0.0001	<0.0001	NPC
LPROT002_NPC.TAK_6H:I10	DB09074	Olaparib	0.229995127194657	1.3818626168242822	<0.0001	<0.0001	NPC.TAK
NMH002_NEU_24H:BRD-K08807999-001-01-6:10	DB12445	Nitroaspirin	-0.20196899450292485	-1.381719432619654	<0.0001	<0.0001	NEU
LJP008_NPC.TAK_24H:N11	DB02665	(1R,2S)-2-Phenylcyclopropanaminium	0.2165962048082046	1.3814239231514667	<0.0001	<0.0001	NPC.TAK
CPC018_NPC_24H:BRD-A14395271-001-01-5:10	DB00933	Mesoridazine	-0.2126829198895148	-1.3810648417139375	<0.0001	<0.0001	NPC
NMH002_NEU_6H:BRD-A19037878-001-02-3:10	DB04297	Trichostatin A	-0.2509627532179452	-1.3803076848703755	<0.0001	<0.0001	NEU
LPROT001_NPC.TAK_6H:K24	DB00877	Sirolimus	0.2350573537672629	1.3802715067597457	<0.0001	<0.0001	NPC.TAK
AML001_U937_6H:BRD-K26684619:1.11111	DB08784	2-(4-CHLORO-PHENYLAMINO)-NICOTINIC ACID	-0.24937468180238068	-1.3802296195600632	<0.0001	<0.0001	U937
NMH002_NEU_24H:BRD-A13946108-001-13-0:10	DB00605	Sulindac	0.22565357280942439	1.380161558094648	<0.0001	<0.0001	NEU
CPC006_WSUDLCL2_6H:BRD-K78513633-001-07-4:177.6	DB06266	Lonidamine	-0.23573945297658988	-1.3800666514273994	<0.0001	<0.0001	WSUDLCL2
CPC006_PL21_6H:BRD-A97437073-001-03-1:80	DB00412	Rosiglitazone	-0.21326329639692582	-1.3799951010623848	<0.0001	<0.0001	PL21
CPC006_NOMO1_6H:BRD-A70449690-001-01-4:10	DB02587	Colforsin	0.22604052956435908	1.379781720055585	<0.0001	<0.0001	NOMO1
LJP007_NPC.CAS9_24H:B11	DB07970	5-[(2-methyl-5-{[3-(trifluoromethyl)phenyl]carbamoyl}phenyl)amino]pyridine-3-carboxamide	-0.22020243624283434	-1.3797087945864008	<0.0001	<0.0001	NPC.CAS9
NMH001_NPC_6H:BRD-K24125544-001-01-3:10	DB12161	Deutetrabenazine	0.24529570955877447	1.3794812944798367	<0.0001	<0.0001	NPC
AML001_U937_6H:BRD-K43389675:0.37037	DB00694	Daunorubicin	-0.23749271738862887	-1.3794378810952195	<0.0001	<0.0001	U937
LJP007_NEU_24H:N18	DB09330	Osimertinib	0.2064775428942672	1.379119876053112	<0.0001	<0.0001	NEU
CPC016_NEU_24H:BRD-A75409952:10	DB08059	Wortmannin	-0.24759744116539326	-1.3786618042400725	<0.0001	<0.0001	NEU
LJP008_NPC.TAK_24H:C10	DB13877	Iniparib	0.24105404030479546	1.3782540369222127	<0.0001	<0.0001	NPC.TAK
CPC015_NPC_24H:BRD-A70649075-008-17-5:10	DB06820	Sulconazole	-0.20826427038225412	-1.3782225027606672	<0.0001	<0.0001	NPC
LJP007_NPC_24H:A13	DB12742	Amuvatinib	-0.22032602110136804	-1.3782076784065127	<0.0001	<0.0001	NPC
NMH001_NPC_24H:BRD-K88611939-001-18-2:10	DB04599	Aniracetam	-0.21592543868325653	-1.3780390314360842	<0.0001	<0.0001	NPC
NMH001_NPC_24H:BRD-K81418486-001-28-5:10	DB02546	Vorinostat	-0.2329699500466819	-1.3775580100597316	<0.0001	<0.0001	NPC
NMH002_NPC_6H:BRD-K55591206-001-11-6:10	DB12116	Epigallocatechin gallate	-0.2214363702841068	-1.377556108657922	<0.0001	<0.0001	NPC
CPC006_NOMO1_6H:BRD-A31107743-001-01-3:0.09	DB07348	Brefeldin A	0.2698559615288756	1.377211983104415	<0.0001	<0.0001	NOMO1
CPC006_WSUDLCL2_6H:BRD-K89732114-001-05-9:10	DB00831	Trifluoperazine	0.22714715616602174	1.3771801554458978	<0.0001	<0.0001	WSUDLCL2
LJP008_NPC_24H:G22	DB00928	Azacitidine	-0.2239355125492216	-1.3771188117682003	<0.0001	<0.0001	NPC
CPC014_NEU_24H:BRD-K32610195-001-11-5:10	DB01536	Androstenedione	0.22068321801868054	1.3768215640789618	<0.0001	<0.0001	NEU
DOSBIO001_NEU_24H:BRD-A90490067:1.11111	DB00947	Fulvestrant	-0.2529044029923093	-1.3766347763050226	<0.0001	<0.0001	NEU
NMH002_NEU_24H:BRD-K95785537-001-19-9:10	DB03023	1-Tert-Butyl-3-(4-Chloro-Phenyl)-1h-Pyrazolo[3,4-D]Pyrimidin-4-Ylamine	0.24684782347820183	1.3762821570502917	<0.0001	<0.0001	NEU
CPC016_NEU_24H:BRD-K31627533-001-03-8:10	DB00896	Rimexolone	-0.2247755438290362	-1.376184734888266	<0.0001	<0.0001	NEU
PCLB001_JURKAT_6H:BRD-A58955223-001-02-0:10	DB12422	Sulforaphane	0.23371311378054196	1.3761009522708678	<0.0001	<0.0001	JURKAT
LPROT003_NPC_6H:F23	DB00480	Lenalidomide	-0.24021598280974238	-1.3757384956552938	<0.0001	<0.0001	NPC
NMH002_NPC_6H:BRD-K97399794-001-12-0:10	DB04216	Quercetin	-0.22796700030326	-1.3756088369847421	<0.0001	<0.0001	NPC
CPC006_NOMO1_6H:BRD-A02006392-001-09-9:10	DB01054	Nitrendipine	-0.2393254661389298	-1.375260476892337	<0.0001	<0.0001	NOMO1
LJP009_NPC.TAK_24H:E17	DB13113	JNJ-38877605	-0.2214816911937243	-1.3750543553978978	<0.0001	<0.0001	NPC.TAK
LJP007_NPC_24H:D22	DB06616	Bosutinib	-0.23503369867495538	-1.3749889714154417	<0.0001	<0.0001	NPC
LJP008_NPC.CAS9_24H:G12	DB02546	Vorinostat	-0.2547376199312127	-1.3748789237941674	<0.0001	<0.0001	NPC.CAS9
LJP009_NEU_24H:F05	DB11962	GSK-1059615	-0.22606948051189382	-1.3748719793933852	<0.0001	<0.0001	NEU
CPC006_SKM1_6H:BRD-K91623615-001-01-9:10	DB12254	ABT-751	0.22337311537073243	1.3744888138731355	<0.0001	<0.0001	SKM1
CPC014_NEU_24H:BRD-K50720187-050-04-1:10	DB06623	Flupirtine	-0.21198334010497571	-1.374288352527402	<0.0001	<0.0001	NEU
CPC006_SKM1_6H:BRD-K55966568-001-01-3:6	DB12072	Orantinib	0.2362378589749397	1.3740909071635512	<0.0001	<0.0001	SKM1
CPC014_NEU_24H:BRD-K41170226-001-05-4:10	DB03619	Deoxycholic acid	0.22140465246514374	1.3734091747526171	<0.0001	<0.0001	NEU
LJP009_NPC.TAK_24H:O21	DB07232	Veliparib	0.2626349278895124	1.3732670015748047	<0.0001	<0.0001	NPC.TAK
LJP008_NEU_24H:L20	DB05015	Belinostat	-0.23051122287207626	-1.373254168681113	<0.0001	<0.0001	NEU
CPC017_NPC_24H:BRD-K29950728-048-08-3:10	DB06735	Enclomiphene	0.22982803757619316	1.3731040685961529	<0.0001	<0.0001	NPC
LJP007_NPC.CAS9_24H:L08	DB11836	Sapanisertib	0.2765733629331591	1.373002817997283	<0.0001	<0.0001	NPC.CAS9
LJP009_NEU_24H:D14	DB16108	TAK-715	-0.24056061902078923	-1.3722250136867977	<0.0001	<0.0001	NEU
CPC013_NPC_24H:BRD-K64881305-001-01-1:10	DB06188	Ispinesib	-0.2115224680223942	-1.3721810193474542	<0.0001	<0.0001	NPC
NMH002_NPC_24H:BRD-K61559475-001-07-7:10	DB14122	Dihydroxymethoxychalcone	0.23642297503375326	1.3719995696898821	<0.0001	<0.0001	NPC
LJP007_NPC_24H:F05	DB12848	PF-04217903	-0.2429836811883974	-1.3716556908427455	<0.0001	<0.0001	NPC
LJP007_NPC.TAK_24H:I24	DB13005	Rebastinib	-0.21303811060560554	-1.371623007024353	<0.0001	<0.0001	NPC.TAK
LJP008_NPC.TAK_24H:B03	DB00877	Sirolimus	0.2474835771040266	1.37111256485932	<0.0001	<0.0001	NPC.TAK
CPC006_U937_6H:BRD-K88560311-011-02-2:10	DB12332	Rucaparib	-0.22956806316885503	-1.3710501438005107	<0.0001	<0.0001	U937
NMH002_NEU_24H:BRD-K66956375-001-09-7:10	DB16495	Oleic monoethanolamide	-0.22866589296279075	-1.3710187916085517	<0.0001	<0.0001	NEU
LJP007_JURKAT_24H:L10	DB11836	Sapanisertib	0.27257316629638645	1.3709055579614304	<0.0001	<0.0001	JURKAT
LJP008_NPC.TAK_24H:A24	DB11740	MK-1775	-0.22619598880220126	-1.37041549589549	<0.0001	<0.0001	NPC.TAK
LJP009_NEU_24H:E16	DB13113	JNJ-38877605	-0.21326103442047922	-1.3696274790135792	<0.0001	<0.0001	NEU
CPC014_NPC_24H:BRD-K83988098-003-01-8:10	DB12442	Alvespimycin	-0.22093361321948948	-1.3694404808449037	<0.0001	<0.0001	NPC
LPROT002_NPC.TAK_6H:C06	DB00773	Etoposide	-0.23362322201468122	-1.369221011908504	<0.0001	<0.0001	NPC.TAK
CPC015_NPC_24H:BRD-K57545991-050-16-5:10	DB00584	Enalapril	-0.21853573337446364	-1.369177687662046	<0.0001	<0.0001	NPC
NMH001_NEU_24H:BRD-K25075681-001-01-2:10	DB06455	Meclinertant	0.23053605957569734	1.368924389826793	<0.0001	<0.0001	NEU
LJP007_JURKAT_24H:J24	DB03044	Doramapimod	0.22967002504255063	1.36848308796364	<0.0001	<0.0001	JURKAT
LJP007_NPC.TAK_24H:K09	DB11962	GSK-1059615	0.292094029949699	1.3683935080996745	<0.0001	<0.0001	NPC.TAK
LJP007_NEU_24H:D06	DB12494	SGI-1776	0.20829572640056712	1.3683389107441377	<0.0001	<0.0001	NEU
PCLB001_JURKAT_24H:BRD-A58955223-001-02-0:2.5	DB12422	Sulforaphane	0.2303561884784848	1.3683139550078365	<0.0001	<0.0001	JURKAT
CPC015_NPC_24H:BRD-K88625236-001-03-4:10	DB06804	Nonoxynol-9	0.2573218723011367	1.36804218731831	<0.0001	<0.0001	NPC
CPC018_NPC_24H:BRD-K19605405-001-01-9:10	DB08770	4-{2-[(7-amino-2-furan-2-yl[1,2,4]triazolo[1,5-a][1,3,5]triazin-5-yl)amino]ethyl}phenol	0.2041654015556899	1.3679757744716599	<0.0001	<0.0001	NPC
LJP007_NPC.TAK_24H:G11	DB11963	Dacomitinib	0.23461202837525152	1.3679665004953834	<0.0001	<0.0001	NPC.TAK
LJP007_JURKAT_24H:I15	DB11526	Masitinib	-0.23856937841491463	-1.3679615949936577	<0.0001	<0.0001	JURKAT
CPC006_NOMO1_6H:BRD-K54233340-300-01-0:10	DB08597	Dorsomorphin	-0.21144021460445203	-1.3679130788116498	<0.0001	<0.0001	NOMO1
CPC016_NEU_24H:BRD-A90311807-236-01-4:10	DB01597	Cilastatin	-0.22676961215793034	-1.367799621988076	<0.0001	<0.0001	NEU
LJP009_NPC_24H:E12	DB01782	Pyrazolanthrone	-0.2574022367956242	-1.3676096911529807	<0.0001	<0.0001	NPC
CPC018_NPC_24H:BRD-A97437073-001-03-1:10	DB00412	Rosiglitazone	0.21758015655276017	1.3673636197376864	<0.0001	<0.0001	NPC
LJP007_NPC_24H:M23	DB12874	Quizartinib	0.2233420751286218	1.3673416403962406	<0.0001	<0.0001	NPC
CPC006_SKM1_6H:BRD-K20285085-001-01-4:10	DB07159	Tamatinib	-0.236770572942528	-1.3672326390304894	<0.0001	<0.0001	SKM1
AML001_U937_24H:BRD-A75409952:3.33333	DB08059	Wortmannin	-0.2438884945815684	-1.3669952921398971	<0.0001	<0.0001	U937
CPC016_NEU_24H:BRD-A19037878:10	DB04297	Trichostatin A	-0.24476268361237713	-1.3667760551197299	<0.0001	<0.0001	NEU
CPC006_THP1_6H:BRD-K16406336-311-01-2:10	DB08167	Methylthioninium	-0.26749868009357947	-1.3662659637641599	<0.0001	<0.0001	THP1
LJP007_JURKAT_24H:M07	DB05575	Motesanib	-0.2610448834133769	-1.3662393080682766	<0.0001	<0.0001	JURKAT
CPC006_PL21_6H:BRD-K81418486:10	DB02546	Vorinostat	-0.23154028648662286	-1.3659155569195	<0.0001	<0.0001	PL21
LJP009_NEU_24H:B04	DB01204	Mitoxantrone	-0.19994149010152606	-1.3658775603546571	<0.0001	<0.0001	NEU
LJP009_NPC_24H:B16	DB11805	Saracatinib	0.26304026208390374	1.3656351622363447	<0.0001	<0.0001	NPC
NMH002_NEU_24H:BRD-K30466858-335-01-5:10	DB08846	Ellagic acid	0.22995817720756787	1.3654498707667888	<0.0001	<0.0001	NEU
NMH002_NEU_24H:BRD-K93754473-001-16-9:10	DB00675	Tamoxifen	0.22107562740119593	1.365407946970494	<0.0001	<0.0001	NEU
KHW001_U937_6H:BRD-K81651477-001-01-9:10	DB13063	Parthenolide	-0.2280502727262564	-1.3652276715103564	<0.0001	<0.0001	U937
CPC018_NPC_24H:BRD-K48367671-001-01-8:10	DB04854	Febuxostat	-0.21555838713623657	-1.365030099790153	<0.0001	<0.0001	NPC
LJP007_NPC_24H:E01	DB11743	Ipatasertib	0.23407607793890317	1.365018961168958	<0.0001	<0.0001	NPC
LJP008_NPC.CAS9_24H:I07	DB11830	Mocetinostat	-0.24360828013470584	-1.3648071372923518	<0.0001	<0.0001	NPC.CAS9
CPC016_NPC_24H:BRD-K94920105-001-01-3:10	DB07677	2-methyl-3,5,7,8-tetrahydro-4H-thiopyrano[4,3-d]pyrimidin-4-one	0.23506516468206673	1.3646013838624507	<0.0001	<0.0001	NPC
LJP009_NPC.TAK_24H:F01	DB11962	GSK-1059615	-0.22651750996940664	-1.364434415836802	<0.0001	<0.0001	NPC.TAK
CPC006_NOMO1_6H:BRD-K85606544-001-01-8:10	DB11828	Neratinib	-0.24947466200563867	-1.3642578108950238	<0.0001	<0.0001	NOMO1
AML001_HL60_24H:BRD-K71879491:0.37037	DB00982	Isotretinoin	0.21858154795799722	1.3640672598773418	<0.0001	<0.0001	HL60
NMH002_NEU_6H:BRD-K39965020-001-06-7:10	DB03756	Doconexent	-0.21221243840449483	-1.3640113577188786	<0.0001	<0.0001	NEU
CPC018_NPC_24H:BRD-K75641298-001-01-5:10	DB01233	Metoclopramide	0.2172876819176408	1.3637313637257849	<0.0001	<0.0001	NPC
LJP007_JURKAT_24H:K11	DB11962	GSK-1059615	-0.21981145475005331	-1.3636634165196446	<0.0001	<0.0001	JURKAT
LJP007_NPC.TAK_24H:A13	DB12742	Amuvatinib	-0.20620405496415023	-1.3633971342053979	<0.0001	<0.0001	NPC.TAK
NMH001_NEU_24H:BRD-K90259198-001-01-8:10	DB04513	N-(6-Aminohexyl)-5-Chloro-1-Naphthalenesulfonamide	0.24700528440774913	1.3633485440074993	<0.0001	<0.0001	NEU
LJP007_NPC.CAS9_24H:A18	DB12742	Amuvatinib	-0.2264766916245004	-1.362896330542162	<0.0001	<0.0001	NPC.CAS9
LJP007_NPC_24H:N14	DB09330	Osimertinib	0.24946731245004714	1.3625220519712544	<0.0001	<0.0001	NPC
CPC006_THP1_6H:BRD-K19216856-001-02-7:88.8	DB12116	Epigallocatechin gallate	0.2295741194530154	1.3624684639635076	<0.0001	<0.0001	THP1
NMH001_NPC_24H:BRD-K75527158-001-01-5:10	DB00630	Alendronic acid	-0.25806044386053295	-1.3619285381464625	<0.0001	<0.0001	NPC
NMH002_NPC_24H:BRD-K26657438-001-10-3:10	DB00724	Imiquimod	0.19480699655040495	1.3617459173636344	<0.0001	<0.0001	NPC
NMH001_NEU_6H:BRD-K09416995-001-32-4:10	DB00227	Lovastatin	0.22785443727173935	1.3612960199870803	<0.0001	<0.0001	NEU
CPC016_NPC_24H:BRD-K89046952-001-03-4:10	DB01000	Cyclacillin	0.22098250715901477	1.3612842125581455	<0.0001	<0.0001	NPC
LJP007_JURKAT_24H:L12	DB11836	Sapanisertib	0.25221229749204355	1.361005651847477	<0.0001	<0.0001	JURKAT
LJP009_NPC.TAK_24H:B16	DB11805	Saracatinib	0.2415209938523269	1.3609062888557917	<0.0001	<0.0001	NPC.TAK
LJP007_JURKAT_24H:I19	DB13005	Rebastinib	-0.21602756760492486	-1.3608276616799675	<0.0001	<0.0001	JURKAT
LPROT003_NPC_6H:H07	DB11870	RG-4733	0.21898990682101138	1.360729537476592	<0.0001	<0.0001	NPC
CPC006_SKM1_6H:BRD-K16406336-311-01-2:10	DB08167	Methylthioninium	-0.24281074662886612	-1.360387900131291	<0.0001	<0.0001	SKM1
NMH001_NPC_24H:BRD-K41160163-001-02-7:10	DB12931	Fenobam	0.2106831387684684	1.3597969990989007	<0.0001	<0.0001	NPC
CPC015_NPC_24H:BRD-A00546892-001-01-8:10	DB00810	Biperiden	-0.26223884548018667	-1.3597768954358724	<0.0001	<0.0001	NPC
CPC016_NEU_24H:BRD-K88358234-003-01-4:10	DB06393	Xaliproden	-0.2300862943822135	-1.3597724611487925	<0.0001	<0.0001	NEU
NMH002_NEU_6H:BRD-K13005598-001-01-5:10	DB13034	Foxy-5	-0.22177800546490511	-1.3595157696136224	<0.0001	<0.0001	NEU
LJP008_NPC.CAS9_24H:I05	DB16239	Molibresib	0.2337286903331183	1.358939314223873	<0.0001	<0.0001	NPC.CAS9
NMH002_NEU_24H:BRD-K80738081-001-33-6:10	DB02709	Resveratrol	-0.2258204909575328	-1.3588306486555262	<0.0001	<0.0001	NEU
LJP007_JURKAT_24H:N14	DB09330	Osimertinib	0.23003425832653585	1.3587830314212372	<0.0001	<0.0001	JURKAT
LJP007_NEU_24H:B11	DB07970	5-[(2-methyl-5-{[3-(trifluoromethyl)phenyl]carbamoyl}phenyl)amino]pyridine-3-carboxamide	-0.21277626536902763	-1.3586956902442169	<0.0001	<0.0001	NEU
CPC006_SKM1_6H:BRD-K01976263-003-04-5:0.63	DB01735	3-Chloroalaninate	0.26909795684774945	1.3586343011519708	<0.0001	<0.0001	SKM1
NMH001_NEU_24H:BRD-A69512159-001-04-0:10	DB00190	Carbidopa	-0.2285246721762141	-1.3586302372936094	<0.0001	<0.0001	NEU
LJP007_NPC.TAK_24H:L10	DB11836	Sapanisertib	0.2719354939300294	1.3583237084200264	<0.0001	<0.0001	NPC.TAK
CPC014_NPC_24H:BRD-M64432851-001-01-9:10	DB01268	Sunitinib	-0.2195833689056122	-1.3579780100426935	<0.0001	<0.0001	NPC
DOSBIO002_NPC_24H:BRD-A19500257:1.11111	DB02424	Geldanamycin	0.2637668433206542	1.357934542157092	<0.0001	<0.0001	NPC
CPC017_NPC_24H:BRD-A97454584-001-02-0:10	DB01203	Nadolol	-0.2244964364495147	-1.3573135445941324	<0.0001	<0.0001	NPC
LJP008_NPC_24H:K19	DB12332	Rucaparib	0.2326823050758076	1.3572382678622268	<0.0001	<0.0001	NPC
LJP009_NPC_24H:B21	DB16107	BI 2536	0.23242151918200205	1.3569417436007978	<0.0001	<0.0001	NPC
CPC006_WSUDLCL2_6H:BRD-K50590187-001-10-8:160	DB09120	Zucapsaicin	-0.2240201434094548	-1.3568828100287313	<0.0001	<0.0001	WSUDLCL2
CPC015_NPC_24H:BRD-A69636825-003-03-9:10	DB00343	Diltiazem	-0.1984508415478821	-1.3567151802797115	<0.0001	<0.0001	NPC
CPC006_U937_6H:BRD-A13122391-001-01-9:0.08	DB12025	Triptolide	-0.21934704293709198	-1.3565823057752795	<0.0001	<0.0001	U937
LJP009_NPC.TAK_24H:D23	DB13061	MLN8054	-0.21348077211900598	-1.3564615674388252	<0.0001	<0.0001	NPC.TAK
CPC015_NPC_24H:BRD-A73368467-003-07-7:10	DB00950	Fexofenadine	0.25113163540889816	1.3558443209951596	<0.0001	<0.0001	NPC
CPC006_THP1_6H:BRD-K59597909-001-10-1:10	DB11447	Phenothiazine	-0.2251686750308622	-1.3557039143782805	<0.0001	<0.0001	THP1
CPC015_NPC_24H:BRD-A67862938-034-09-9:10	DB13588	Naftidrofuryl	0.2200870205623721	1.355656374974533	<0.0001	<0.0001	NPC
LJP007_NPC.TAK_24H:F03	DB12848	PF-04217903	0.21902017153785885	1.355542027879258	<0.0001	<0.0001	NPC.TAK
DOSBIO002_NPC_24H:BRD-A90490067:10	DB00947	Fulvestrant	-0.23166515133149848	-1.3553774047785767	<0.0001	<0.0001	NPC
CPC014_NPC_24H:BRD-K93331255-001-01-2:10	DB14642	Lypressin	0.20972404425114563	1.3553218346836442	<0.0001	<0.0001	NPC
CPC016_NPC_24H:BRD-K87990216-001-03-7:10	DB02925	Piretanide	0.2619219907527651	1.3552441120808045	<0.0001	<0.0001	NPC
CPC006_U937_6H:BRD-A31107743-001-01-3:0.09	DB07348	Brefeldin A	-0.2248512498085406	-1.3548448860124696	<0.0001	<0.0001	U937
PCLB001_JURKAT_6H:BRD-A19037878-001-02-3:0.37	DB04297	Trichostatin A	-0.24568826790538384	-1.3547499218928563	<0.0001	<0.0001	JURKAT
DOSBIO001_NPC_24H:BRD-A75409952:10	DB08059	Wortmannin	0.2533117840522055	1.3546491213985057	<0.0001	<0.0001	NPC
CPC006_NOMO1_6H:BRD-K19295594-001-08-5:11.1	DB13044	Gossypol	0.21230011170110316	1.3544659198220612	<0.0001	<0.0001	NOMO1
CPC006_NOMO1_6H:BRD-K54256913-001-01-2:10	DB11740	MK-1775	-0.21923731044062866	-1.3544130468668705	<0.0001	<0.0001	NOMO1
PCLB001_JURKAT_6H:BRD-A19037878-001-02-3:2.5	DB04297	Trichostatin A	-0.23492542002951577	-1.3543535455562616	<0.0001	<0.0001	JURKAT
CPC006_NOMO1_6H:BRD-K32107296-001-03-7:10	DB00853	Temozolomide	-0.24505734777679977	-1.3543034561124043	<0.0001	<0.0001	NOMO1
CPC015_NPC_24H:BRD-A01593789-001-02-3:10	DB15903	Chlormadinone acetate	0.23267774309662786	1.354196374420774	<0.0001	<0.0001	NPC
LJP008_NEU_24H:L15	DB08756	Y-27632	0.23630132672606008	1.3538977539453392	<0.0001	<0.0001	NEU
CPC016_NEU_24H:BRD-K62736196-015-03-7:10	DB00629	Guanabenz	-0.24461025644673587	-1.3536965217663015	<0.0001	<0.0001	NEU
LJP007_JURKAT_24H:I10	DB06589	Pazopanib	-0.22331372510174932	-1.3536488072903032	<0.0001	<0.0001	JURKAT
LJP008_NPC.CAS9_24H:L23	DB05015	Belinostat	-0.22888425666587237	-1.3535865677071868	<0.0001	<0.0001	NPC.CAS9
CPC006_U937_6H:BRD-A91699651-316-06-7:10	DB00608	Chloroquine	0.21671758588513124	1.353561995516877	<0.0001	<0.0001	U937
CPC006_U937_6H:BRD-K62965247-001-01-5:10	DB04960	Tipifarnib	0.2081173823263848	1.353470443530731	<0.0001	<0.0001	U937
LJP009_NEU_24H:H07	DB08912	Dabrafenib	0.20684014225264002	1.3532380965996516	<0.0001	<0.0001	NEU
CPC018_NPC_24H:BRD-K52989797-001-01-1:10	DB01242	Clomipramine	0.2012213055119962	1.3529267775785756	<0.0001	<0.0001	NPC
LJP007_NPC.TAK_24H:P11	DB07859	4-(4-CHLOROPHENYL)-4-[4-(1H-PYRAZOL-4-YL)PHENYL]PIPERIDINE	-0.26596218069568167	-1.3525851083404814	<0.0001	<0.0001	NPC.TAK
CPC016_NPC_24H:BRD-A11678676-001-03-4:10	DB08059	Wortmannin	0.2245145184587521	1.3524155527911357	<0.0001	<0.0001	NPC
CPC006_NOMO1_6H:BRD-A47829399-001-01-1:10	DB09274	Artesunate	-0.21777755113866157	-1.351875392054879	<0.0001	<0.0001	NOMO1
NMH001_NEU_6H:BRD-K47029922-001-02-0:10	DB02665	(1R,2S)-2-Phenylcyclopropanaminium	-0.22683837608018023	-1.3517145606987095	<0.0001	<0.0001	NEU
CPC014_NEU_24H:BRD-K81528515-001-03-9:10	DB04868	Nilotinib	0.24563915715536924	1.3516767984585882	<0.0001	<0.0001	NEU
LJP007_NPC.CAS9_24H:J20	DB03044	Doramapimod	0.21253880313042456	1.3515205550110725	<0.0001	<0.0001	NPC.CAS9
CPC015_NPC_24H:BRD-K32830106-001-01-8:10	DB01018	Guanfacine	0.21128324494197778	1.3514274127143555	<0.0001	<0.0001	NPC
LJP009_NPC.CAS9_24H:B15	DB11805	Saracatinib	0.2284393495913542	1.3514125308641969	<0.0001	<0.0001	NPC.CAS9
LJP007_NPC.CAS9_24H:P23	DB11886	Infigratinib	-0.24018973746325176	-1.351359385618704	<0.0001	<0.0001	NPC.CAS9
CPC014_NPC_24H:BRD-A60245366-001-01-1:10	DB08022	(2S)-1,3-benzothiazol-2-yl{2-[(2-pyridin-3-ylethyl)amino]pyrimidin-4-yl}ethanenitrile	-0.21048555793629334	-1.351342217894925	<0.0001	<0.0001	NPC
CPC006_NOMO1_6H:BRD-K47335880-001-01-3:0.08	DB12980	CHS-828	-0.21771519603298137	-1.3513065523801975	<0.0001	<0.0001	NOMO1
LJP007_NEU_24H:E10	DB05913	OSI-930	-0.2073897338101519	-1.350947630269682	<0.0001	<0.0001	NEU
CPC018_NPC_24H:BRD-K26241953-001-01-0:10	DB08399	Piceatannol	-0.20981800421407223	-1.3505677999572283	<0.0001	<0.0001	NPC
CPC014_NPC_24H:BRD-K01493881-001-19-5:10	DB07352	Apigenin	0.23529405504337753	1.3505595542059114	<0.0001	<0.0001	NPC
NMH002_NEU_24H:BRD-A41145729-001-04-3:10	DB08175	(2E,4E)-11-METHOXY-3,7,11-TRIMETHYLDODECA-2,4-DIENOIC ACID	-0.20709839166124738	-1.3505489626137022	<0.0001	<0.0001	NEU
CPC014_NEU_24H:BRD-K29582115-311-02-0:10	DB00246	Ziprasidone	-0.24561444520420408	-1.350278475984914	<0.0001	<0.0001	NEU
LJP009_NPC.TAK_24H:D04	DB11775	PF-03758309	0.245186709134628	1.3502209825423106	<0.0001	<0.0001	NPC.TAK
LJP007_NEU_24H:K11	DB11962	GSK-1059615	0.24311920715685104	1.3500762868329956	<0.0001	<0.0001	NEU
NMH002_NEU_6H:BRD-A95074085-236-01-6:10	DB13242	Bucladesine	0.24112320230374457	1.349856343864503	<0.0001	<0.0001	NEU
LJP008_NPC.TAK_24H:G13	DB01254	Dasatinib	-0.22564333450930069	-1.3497568477526496	<0.0001	<0.0001	NPC.TAK
NMH002_NEU_24H:BRD-K81062487-001-03-3:10	DB04348	Taurocholic acid	0.22942251557529506	1.3495098203970428	<0.0001	<0.0001	NEU
LJP007_NEU_24H:M14	DB07460	2-({5-CHLORO-2-[(2-METHOXY-4-MORPHOLIN-4-YLPHENYL)AMINO]PYRIMIDIN-4-YL}AMINO)-N-METHYLBENZAMIDE	0.2245249875189126	1.349422107696126	<0.0001	<0.0001	NEU
CPC006_THP1_6H:BRD-K06980535-003-15-0:10	DB00420	Promazine	0.2584750523299884	1.3493226807055763	<0.0001	<0.0001	THP1
LJP008_NEU_24H:H18	DB11841	Entinostat	-0.2539452516917397	-1.3491126107911113	<0.0001	<0.0001	NEU
LJP008_NPC_24H:J07	DB05223	Pracinostat	-0.23475670303610582	-1.3488862487980333	<0.0001	<0.0001	NPC
LJP007_NPC_24H:M17	DB07460	2-({5-CHLORO-2-[(2-METHOXY-4-MORPHOLIN-4-YLPHENYL)AMINO]PYRIMIDIN-4-YL}AMINO)-N-METHYLBENZAMIDE	0.25534607771134876	1.3488790374795878	<0.0001	<0.0001	NPC
PCLB001_JURKAT_6H:BRD-K07572174-001-22-0:2.5	DB11672	Curcumin	-0.21783919841533345	-1.3487999609691936	<0.0001	<0.0001	JURKAT
LJP008_NPC.TAK_24H:L21	DB05015	Belinostat	-0.24249870420155298	-1.3487756603773617	<0.0001	<0.0001	NPC.TAK
NMH002_NEU_24H:BRD-K33127281-001-02-3:10	DB00210	Adapalene	0.20871035840283297	1.3482998266682937	<0.0001	<0.0001	NEU
CPC014_NPC_24H:BRD-K52911425-001-01-5:10	DB11663	Pictilisib	-0.21411710104944293	-1.3482103800910354	<0.0001	<0.0001	NPC
LJP008_NPC.CAS9_24H:K24	DB12332	Rucaparib	-0.2445014255655111	-1.3478998487579208	<0.0001	<0.0001	NPC.CAS9
NMH002_NPC_24H:BRD-K32107296-001-11-0:10	DB00853	Temozolomide	0.2069913529693223	1.34731884712017	<0.0001	<0.0001	NPC
CPC006_WSUDLCL2_6H:BRD-K81473043-001-04-7:0.35	DB05134	Tanespimycin	0.22145870668921036	1.3473010760028081	<0.0001	<0.0001	WSUDLCL2
LJP007_JURKAT_24H:D20	DB06616	Bosutinib	-0.22281074051582983	-1.347257680393248	<0.0001	<0.0001	JURKAT
LPROT001_NPC.TAK_6H:M06	DB12920	Pinometostat	-0.22502687895764778	-1.3468600729284577	<0.0001	<0.0001	NPC.TAK
CPC006_PL21_6H:BRD-K82135108-001-01-9:10	DB05719	Elesclomol	0.22620367190491428	1.346547570455152	<0.0001	<0.0001	PL21
CPC006_WSUDLCL2_6H:BRD-K19295594-001-08-5:11.1	DB13044	Gossypol	0.2139905007772134	1.3465006354087707	<0.0001	<0.0001	WSUDLCL2
CPC006_WSUDLCL2_6H:BRD-A47829399-001-01-1:10	DB09274	Artesunate	-0.22897431792298473	-1.3462907963680117	<0.0001	<0.0001	WSUDLCL2
LJP008_NEU_24H:I11	DB11830	Mocetinostat	-0.21650143000697292	-1.3462498482240999	<0.0001	<0.0001	NEU
CPC016_NPC_24H:BRD-A00993607-003-15-4:10	DB00866	Alprenolol	0.2097844469799109	1.345720872320929	<0.0001	<0.0001	NPC
CPC006_SKM1_6H:BRD-K96354014-001-09-6:10	DB01115	Nifedipine	-0.22245400962937084	-1.345699320064126	<0.0001	<0.0001	SKM1
CPC006_PL21_6H:BRD-K02113016-001-01-4:44.4	DB09074	Olaparib	-0.2619255886314439	-1.3456561902702586	<0.0001	<0.0001	PL21
LJP009_NPC.CAS9_24H:B08	DB12242	AZD-7762	-0.22655644461751906	-1.3455983187494462	<0.0001	<0.0001	NPC.CAS9
CPC016_NEU_24H:BRD-A19500257:10	DB02424	Geldanamycin	-0.23487910188714664	-1.3455601640789514	<0.0001	<0.0001	NEU
LJP009_NPC_24H:H16	DB07138	Neflamapimod	-0.23844961305424073	-1.345475304741789	<0.0001	<0.0001	NPC
LJP007_JURKAT_24H:F15	DB12247	AZD-4547	-0.2164313973598246	-1.3452303311930578	<0.0001	<0.0001	JURKAT
NMH002_NPC_6H:BRD-K41260949-236-10-1:10	DB00313	Valproic acid	0.2330867829706693	1.3452062304875214	<0.0001	<0.0001	NPC
CPC006_NOMO1_6H:BRD-A67373739-001-01-4:10	DB01700	AICA ribonucleotide	-0.2126142439488776	-1.3447077327067496	<0.0001	<0.0001	NOMO1
CPC006_U937_6H:BRD-K81651477-001-03-5:20	DB13063	Parthenolide	-0.21646186941094464	-1.3446019596381613	<0.0001	<0.0001	U937
LJP007_NPC.CAS9_24H:M16	DB07460	2-({5-CHLORO-2-[(2-METHOXY-4-MORPHOLIN-4-YLPHENYL)AMINO]PYRIMIDIN-4-YL}AMINO)-N-METHYLBENZAMIDE	0.23990094121462976	1.3444447630381735	<0.0001	<0.0001	NPC.CAS9
CPC018_NPC_24H:BRD-A05352148-004-02-0:10	DB00332	Ipratropium	0.21667061502498958	1.3441530343980437	<0.0001	<0.0001	NPC
LJP008_NPC_24H:D21	DB13978	Selisistat	-0.2315641349567342	-1.344044627706813	<0.0001	<0.0001	NPC
CPC006_THP1_6H:BRD-K81651477-001-03-5:20	DB13063	Parthenolide	-0.22371950705762098	-1.3439376869981488	<0.0001	<0.0001	THP1
CPC018_NPC_24H:BRD-K54142781-003-02-7:10	DB09202	Cirazoline	0.21711225708449391	1.3436424038758634	<0.0001	<0.0001	NPC
LJP009_NEU_24H:I24	DB11363	Alectinib	-0.2264775818714156	-1.3436022650088226	<0.0001	<0.0001	NEU
LJP008_NEU_24H:D05	DB09074	Olaparib	0.25807334880789545	1.3434360925106874	<0.0001	<0.0001	NEU
LJP007_JURKAT_24H:I21	DB13005	Rebastinib	-0.2233051753989659	-1.3433922268398597	<0.0001	<0.0001	JURKAT
LJP007_JURKAT_24H:M14	DB07460	2-({5-CHLORO-2-[(2-METHOXY-4-MORPHOLIN-4-YLPHENYL)AMINO]PYRIMIDIN-4-YL}AMINO)-N-METHYLBENZAMIDE	-0.23273940563855053	-1.3433832949510627	<0.0001	<0.0001	JURKAT
CPC006_U937_6H:BRD-A02006392-001-09-9:10	DB01054	Nitrendipine	-0.2219548070886561	-1.3432415345086959	<0.0001	<0.0001	U937
CPC006_U937_6H:BRD-A23770159-001-02-3:11.1	DB00877	Sirolimus	-0.21649189477590838	-1.3431458497326159	<0.0001	<0.0001	U937
LJP007_NPC.CAS9_24H:C03	DB11800	Tivozanib	0.2182065058542737	1.3431118147586014	<0.0001	<0.0001	NPC.CAS9
LJP007_NPC_24H:F04	DB12848	PF-04217903	0.21408083878742717	1.3430998306599573	<0.0001	<0.0001	NPC
CPC006_THP1_6H:BRD-K78659596-001-01-3:10	DB09570	Ixazomib	-0.2099478495382046	-1.3428931971151603	<0.0001	<0.0001	THP1
NMH001_NEU_6H:BRD-A95696066-001-01-7:10	DB09186	Nisoxetine	-0.2326096646739007	-1.342721067666566	<0.0001	<0.0001	NEU
LJP007_JURKAT_24H:K19	DB01590	Everolimus	0.241932625127255	1.3427128857593496	<0.0001	<0.0001	JURKAT
CPC013_NPC_24H:BRD-K19540840-001-01-1:10	DB11805	Saracatinib	-0.21379595737282486	-1.3425477882854462	<0.0001	<0.0001	NPC
LJP009_NPC.TAK_24H:P19	DB09074	Olaparib	-0.2285886193835511	-1.3423583498653429	<0.0001	<0.0001	NPC.TAK
LJP008_NPC.CAS9_24H:G22	DB00928	Azacitidine	-0.23227119844303312	-1.342148485088594	<0.0001	<0.0001	NPC.CAS9
LJP008_NPC.TAK_24H:A11	DB07232	Veliparib	0.21775920911059565	1.3420681810358432	<0.0001	<0.0001	NPC.TAK
CPC016_NPC_24H:BRD-K94441233-001-03-1:10	DB06693	Mevastatin	-0.20238244319875182	-1.341978569856682	<0.0001	<0.0001	NPC
LJP007_NPC.CAS9_24H:M15	DB07460	2-({5-CHLORO-2-[(2-METHOXY-4-MORPHOLIN-4-YLPHENYL)AMINO]PYRIMIDIN-4-YL}AMINO)-N-METHYLBENZAMIDE	0.24042860570744673	1.341933172786608	<0.0001	<0.0001	NPC.CAS9
LJP007_NPC.TAK_24H:N14	DB09330	Osimertinib	-0.23143163837362477	-1.34185579675507	<0.0001	<0.0001	NPC.TAK
NMH002_NPC_6H:BRD-K27316855-001-10-9:10	DB00136	Calcitriol	-0.23881892103423494	-1.3417781652279073	<0.0001	<0.0001	NPC
DOSBIO001_NEU_24H:BRD-A19037878:0.37037	DB04297	Trichostatin A	-0.2619087431198861	-1.3417679997744514	<0.0001	<0.0001	NEU
LJP007_NEU_24H:J19	DB03044	Doramapimod	-0.2128240885326008	-1.3417491650701487	<0.0001	<0.0001	NEU
NMH002_NEU_6H:BRD-K71879491-001-30-9:10	DB00982	Isotretinoin	-0.209453886044053	-1.3414785525950907	<0.0001	<0.0001	NEU
LJP008_NEU_24H:F04	DB12376	Ricolinostat	-0.23374632045616944	-1.3411089762508133	<0.0001	<0.0001	NEU
NMH002_NEU_6H:BRD-K47192521-001-04-7:10	DB00159	Icosapent	0.26384144483053595	1.3409549414869937	<0.0001	<0.0001	NEU
CPC017_NPC_24H:BRD-A98378129-001-01-4:10	DB09295	Talniflumate	-0.2175991139854194	-1.3406623930004495	<0.0001	<0.0001	NPC
DOSBIO001_NEU_24H:BRD-A19500257:3.33333	DB02424	Geldanamycin	0.23025995900486557	1.3406604182746025	<0.0001	<0.0001	NEU
CPC016_NEU_24H:BRD-A17065207-001-06-9:10	DB07348	Brefeldin A	0.22921813300284058	1.340608012640427	<0.0001	<0.0001	NEU
LJP007_NPC.TAK_24H:G08	DB11963	Dacomitinib	-0.23214512121965009	-1.3403313114601814	<0.0001	<0.0001	NPC.TAK
LJP007_NPC.TAK_24H:M14	DB07460	2-({5-CHLORO-2-[(2-METHOXY-4-MORPHOLIN-4-YLPHENYL)AMINO]PYRIMIDIN-4-YL}AMINO)-N-METHYLBENZAMIDE	0.24151919510431266	1.339643302263838	<0.0001	<0.0001	NPC.TAK
NMH002_NPC_6H:BRD-K99792991-001-29-9:10	DB00756	Hexachlorophene	0.21978567908217322	1.3395421472774582	<0.0001	<0.0001	NPC
CPC006_SKM1_6H:BRD-K62965247-001-01-5:10	DB04960	Tipifarnib	0.2188469655767309	1.33920931529727	<0.0001	<0.0001	SKM1
LJP009_NPC.CAS9_24H:B21	DB16107	BI 2536	-0.22801298486424668	-1.3387929778272714	<0.0001	<0.0001	NPC.CAS9
LPROT002_NPC.TAK_6H:I12	DB09074	Olaparib	0.2364153570540228	1.338568376052992	<0.0001	<0.0001	NPC.TAK
LJP008_NPC.TAK_24H:M17	DB01262	Decitabine	0.2153666164564423	1.3379851548882917	<0.0001	<0.0001	NPC.TAK
LJP009_NEU_24H:K24	DB12432	CC-401	-0.2205005259848863	-1.3374944865270706	<0.0001	<0.0001	NEU
LJP009_NPC.CAS9_24H:E12	DB01782	Pyrazolanthrone	-0.22475956302698577	-1.3374933095249046	<0.0001	<0.0001	NPC.CAS9
CPC006_PL21_6H:BRD-K12184916-001-03-0:0.63	DB11651	Dactolisib	0.24835923679938107	1.3374700933117651	<0.0001	<0.0001	PL21
CPC016_NPC_24H:BRD-K84175871-003-02-2:10	DB14752	Racephedrine	-0.2210591023316669	-1.337464031589121	<0.0001	<0.0001	NPC
LJP009_NPC_24H:P22	DB09074	Olaparib	-0.22504249320689	-1.3373877086495074	<0.0001	<0.0001	NPC
LJP008_NPC.CAS9_24H:C09	DB13877	Iniparib	0.22196507421488984	1.3370879768561053	<0.0001	<0.0001	NPC.CAS9
NMH002_NPC_24H:BRD-K66956375-001-09-7:10	DB16495	Oleic monoethanolamide	-0.25333695763765096	-1.336582156350023	<0.0001	<0.0001	NPC
LJP009_NPC_24H:D23	DB13061	MLN8054	-0.21935991727729137	-1.3365475219535554	<0.0001	<0.0001	NPC
LJP009_NPC_24H:O22	DB07232	Veliparib	0.21028931768637496	1.3365066622975572	<0.0001	<0.0001	NPC
CPC014_NPC_24H:BRD-K19540840-001-02-9:10	DB11805	Saracatinib	-0.21587906881865265	-1.3362102656326698	<0.0001	<0.0001	NPC
CPC013_NPC_24H:BRD-K77908580-001-04-7:10	DB11841	Entinostat	0.22708068964777364	1.3359683575527066	<0.0001	<0.0001	NPC
CPC006_NOMO1_6H:BRD-A17883755-001-02-0:177.6	DB00480	Lenalidomide	-0.2150384209677792	-1.3358566561806617	<0.0001	<0.0001	NOMO1
LJP007_NPC_24H:L11	DB11836	Sapanisertib	0.27584691723880733	1.3358050870165015	<0.0001	<0.0001	NPC
NMH002_NEU_24H:BRD-K88809146-065-01-2:10	DB02665	(1R,2S)-2-Phenylcyclopropanaminium	0.2197774225238512	1.3356793886385636	<0.0001	<0.0001	NEU
NMH001_NEU_6H:BRD-K81418486-001-22-8:10	DB02546	Vorinostat	-0.2336135942806867	-1.3354573134592496	<0.0001	<0.0001	NEU
LJP009_NPC_24H:B09	DB12242	AZD-7762	0.21515501304574058	1.3353767592599666	<0.0001	<0.0001	NPC
CPC006_PL21_6H:BRD-A14395271-001-01-5:10	DB00933	Mesoridazine	0.21915268955003758	1.3349625641360687	<0.0001	<0.0001	PL21
CPC006_PL21_6H:BRD-K01638814-051-10-1:10	DB11738	Rilmenidine	-0.22477656084510703	-1.3349370041623028	<0.0001	<0.0001	PL21
LJP007_NPC.CAS9_24H:H11	DB09053	Ibrutinib	0.2357106926517654	1.334759660650549	<0.0001	<0.0001	NPC.CAS9
CPC006_WSUDLCL2_6H:BRD-A58048407-001-10-5:10	DB00393	Nimodipine	-0.2295635549691747	-1.334505940448113	<0.0001	<0.0001	WSUDLCL2
LJP008_NPC.TAK_24H:I05	DB16239	Molibresib	0.2105509286921095	1.3344640159523118	<0.0001	<0.0001	NPC.TAK
PCLB001_JURKAT_24H:BRD-K07572174-001-22-0:0.63	DB11672	Curcumin	0.22042782529466048	1.3343781311672032	<0.0001	<0.0001	JURKAT
CPC014_NEU_24H:BRD-K59946561-001-05-9:10	DB03374	3,5-Diiodotyrosine	0.22100158956733698	1.3342763031174252	<0.0001	<0.0001	NEU
NMH002_NPC_24H:BRD-K81418486-001-22-8:10	DB02546	Vorinostat	-0.23887940099762403	-1.3341445471859885	<0.0001	<0.0001	NPC
CPC015_NPC_24H:BRD-A87606379-001-13-3:10	DB01203	Nadolol	0.2099864482510401	1.33401893879896	<0.0001	<0.0001	NPC
LJP007_JURKAT_24H:M15	DB07460	2-({5-CHLORO-2-[(2-METHOXY-4-MORPHOLIN-4-YLPHENYL)AMINO]PYRIMIDIN-4-YL}AMINO)-N-METHYLBENZAMIDE	-0.22563273542038367	-1.33398775403943	<0.0001	<0.0001	JURKAT
CPC016_NPC_24H:BRD-K01567962-001-07-3:10	DB01782	Pyrazolanthrone	-0.19861664885963473	-1.3338838023541075	<0.0001	<0.0001	NPC
NMH002_NEU_6H:BRD-K04923131-001-11-3:10	DB03444	6-bromoindirubin-3'-oxime	-0.22869942024173087	-1.3335622777958238	<0.0001	<0.0001	NEU
LPROT001_NPC.TAK_6H:A18	DB11841	Entinostat	-0.24485694873874814	-1.3334720201091115	<0.0001	<0.0001	NPC.TAK
CPC006_NOMO1_6H:BRD-K01976263-003-04-5:0.63	DB01735	3-Chloroalaninate	0.2640617196488353	1.3333959109297626	<0.0001	<0.0001	NOMO1
CPC016_NEU_24H:BRD-K59522102-001-08-8:10	DB12582	Piperine	0.23647780832888726	1.3333129039298222	<0.0001	<0.0001	NEU
CPC006_PL21_6H:BRD-A23770159-001-02-3:11.1	DB00877	Sirolimus	-0.22791483912772958	-1.3332698527660998	<0.0001	<0.0001	PL21
LJP007_NPC.CAS9_24H:M12	DB05575	Motesanib	-0.21991802586521297	-1.333235280317132	<0.0001	<0.0001	NPC.CAS9
NMH002_NEU_24H:BRD-K11528507-001-05-9:10	DB02424	Geldanamycin	-0.2127049449712699	-1.3327582091676682	<0.0001	<0.0001	NEU
CPC006_U937_6H:BRD-K64890080-001-03-9:10	DB16107	BI 2536	0.2156766003618077	1.3327141322762721	<0.0001	<0.0001	U937
CPC006_U937_6H:BRD-K19295594-001-08-5:11.1	DB13044	Gossypol	0.22069593326529116	1.3325748684268315	<0.0001	<0.0001	U937
NMH001_NEU_6H:BRD-K81418486-001-28-5:10	DB02546	Vorinostat	-0.257889524326377	-1.3324868307133062	<0.0001	<0.0001	NEU
LJP007_NPC.TAK_24H:K24	DB01590	Everolimus	-0.22048768831540755	-1.332241192554928	<0.0001	<0.0001	NPC.TAK
LJP007_NPC.TAK_24H:D09	DB08875	Cabozantinib	0.20329272294998119	1.3322214511851524	<0.0001	<0.0001	NPC.TAK
LJP007_NPC_24H:D23	DB06616	Bosutinib	0.22974867031325522	1.3321060205710504	<0.0001	<0.0001	NPC
LJP008_NPC.TAK_24H:L18	DB08756	Y-27632	0.22021087900023342	1.3320805906683775	<0.0001	<0.0001	NPC.TAK
CPC016_NPC_24H:BRD-K80315159-051-01-2:10	DB04905	Tesmilifene	-0.21823430097992166	-1.3317898477240928	<0.0001	<0.0001	NPC
CPC016_NPC_24H:BRD-K79116891-003-03-7:10	DB00807	Proparacaine	0.22829255338299875	1.3316827102628523	<0.0001	<0.0001	NPC
CPC014_NEU_24H:BRD-K99616396-001-01-0:10	DB05575	Motesanib	-0.23575054274929155	-1.3313140435731672	<0.0001	<0.0001	NEU
LJP009_NPC.CAS9_24H:F05	DB11962	GSK-1059615	-0.21898233814542617	-1.331096227894593	<0.0001	<0.0001	NPC.CAS9
NMH002_NEU_24H:BRD-K11129031-001-22-6:10	DB01241	Gemfibrozil	0.19508919326689478	1.3308388585377966	<0.0001	<0.0001	NEU
CPC006_WSUDLCL2_6H:BRD-K19796430-001-01-5:10	DB09143	Sonidegib	-0.244325528464037	-1.3299877658434343	<0.0001	<0.0001	WSUDLCL2
LJP007_NEU_24H:B14	DB12200	Tivantinib	-0.20502807555529654	-1.3299579024154324	<0.0001	<0.0001	NEU
CPC006_WSUDLCL2_6H:BRD-K40892394-001-01-9:11.1	DB07002	4-({4-[(4-methoxypyridin-2-yl)amino]piperidin-1-yl}carbonyl)benzonitrile	-0.21319129573910692	-1.3299361532514713	<0.0001	<0.0001	WSUDLCL2
LJP009_NEU_24H:K23	DB12432	CC-401	-0.2598434681594952	-1.3298242351742884	<0.0001	<0.0001	NEU
DOSBIO002_NEU_24H:BRD-A13084692:1.11111	DB08607	(5R)-5-(4-{[(2R)-6-HYDROXY-2,5,7,8-TETRAMETHYL-3,4-DIHYDRO-2H-CHROMEN-2-YL]METHOXY}BENZYL)-1,3-THIAZOLIDINE-2,4-DIONE	0.2389944947613794	1.329802997890038	<0.0001	<0.0001	NEU
LJP009_NPC_24H:M16	DB06314	SGX-523	-0.2306431643783237	-1.329780381491185	<0.0001	<0.0001	NPC
LJP007_JURKAT_24H:K10	DB11962	GSK-1059615	-0.23293833897408533	-1.32962222969765	<0.0001	<0.0001	JURKAT
LJP007_JURKAT_24H:P09	DB07859	4-(4-CHLOROPHENYL)-4-[4-(1H-PYRAZOL-4-YL)PHENYL]PIPERIDINE	-0.22386495909401713	-1.3295923069943043	<0.0001	<0.0001	JURKAT
CPC015_NPC_24H:BRD-K79759585-048-01-4:10	DB00203	Sildenafil	-0.22296121386631543	-1.329488434014336	<0.0001	<0.0001	NPC
AML001_HL60_6H:BRD-K27316855:0.37037	DB00136	Calcitriol	0.2262302850254447	1.329456240141131	<0.0001	<0.0001	HL60
LPROT002_NPC.TAK_6H:G22	DB04149	(R)-Rolipram	-0.22033513920379597	-1.328853253970199	<0.0001	<0.0001	NPC.TAK
LJP009_NPC.TAK_24H:I21	DB11363	Alectinib	0.20968615042013292	1.3283278453277096	<0.0001	<0.0001	NPC.TAK
LJP007_NPC.TAK_24H:D12	DB08875	Cabozantinib	0.2141776285809725	1.327896918744205	<0.0001	<0.0001	NPC.TAK
LJP009_NEU_24H:H18	DB07138	Neflamapimod	-0.20718278442688035	-1.3278015888773809	<0.0001	<0.0001	NEU
CPC015_NPC_24H:BRD-K95237249-001-15-8:10	DB01032	Probenecid	0.21442717817521847	1.3276971848116725	<0.0001	<0.0001	NPC
NMH001_NPC_6H:BRD-K49808142-001-01-1:10	DB14630	Tyramine O-sulfate	-0.21975485632154534	-1.3276250865042105	<0.0001	<0.0001	NPC
LPROT003_NPC_6H:H03	DB01590	Everolimus	0.21388630018442417	1.327480245216854	<0.0001	<0.0001	NPC
CPC006_U937_6H:BRD-K54233340-300-01-0:10	DB08597	Dorsomorphin	0.22351814753619728	1.3272581879145418	<0.0001	<0.0001	U937
NMH002_NEU_6H:BRD-A73908300-001-03-4:10	DB13978	Selisistat	0.196077466748384	1.3272328942758078	<0.0001	<0.0001	NEU
CPC013_NEU_24H:BRD-K66876909-001-04-3:10	DB00601	Linezolid	-0.21973524348091042	-1.3271532265058001	<0.0001	<0.0001	NEU
CPC006_SKM1_6H:BRD-K35723520-001-01-0:10	DB06179	Darinaparsin	-0.23487806816721557	-1.3271498143410039	<0.0001	<0.0001	SKM1
CPC006_U937_6H:BRD-K56343971-001-02-3:10	DB08881	Vemurafenib	0.23575347295386362	1.326945936518318	<0.0001	<0.0001	U937
LJP007_NPC.CAS9_24H:P15	DB05294	Vandetanib	-0.22287640545096044	-1.326794840849306	<0.0001	<0.0001	NPC.CAS9
LJP008_NPC.TAK_24H:K19	DB12332	Rucaparib	-0.22214187947167155	-1.3265728151547207	<0.0001	<0.0001	NPC.TAK
NMH002_NPC_6H:BRD-K66956375-001-09-7:10	DB16495	Oleic monoethanolamide	-0.24945621040492716	-1.3265317582465832	<0.0001	<0.0001	NPC
LJP007_NPC.CAS9_24H:M10	DB05575	Motesanib	0.2078935086657593	1.3264070644957633	<0.0001	<0.0001	NPC.CAS9
NMH002_NPC_24H:BRD-K97808269-001-01-9:10	DB04382	2-Deoxy-alpha-D-galactopyranose	-0.26572395897754003	-1.3261716587733134	<0.0001	<0.0001	NPC
LPROT002_NPC.TAK_6H:O12	DB02546	Vorinostat	-0.242381566664713	-1.3261238361575245	<0.0001	<0.0001	NPC.TAK
LJP007_JURKAT_24H:E07	DB05913	OSI-930	-0.24586370791493853	-1.326074952803199	<0.0001	<0.0001	JURKAT
CPC017_NPC_24H:BRD-K04185004-003-03-6:10	DB00892	Oxybuprocaine	-0.20188298557934714	-1.3260025459528304	<0.0001	<0.0001	NPC
LJP009_NPC_24H:D03	DB11775	PF-03758309	-0.2023191168437	-1.3259956943146485	<0.0001	<0.0001	NPC
CPC016_NPC_24H:BRD-A20243730-001-01-4:10	DB01406	Danazol	0.22581806106454727	1.3254100298839413	<0.0001	<0.0001	NPC
AML001_U937_6H:BRD-A45664787:10	DB01088	Iloprost	0.21055041513927958	1.3253622238959377	<0.0001	<0.0001	U937
LJP008_NPC_24H:L19	DB05015	Belinostat	-0.22913268046694601	-1.325341679601463	<0.0001	<0.0001	NPC
NMH002_NPC_6H:BRD-K62012036-001-10-2:10	DB00459	Acitretin	-0.2173802967136229	-1.3248538487143238	<0.0001	<0.0001	NPC
NMH001_NEU_6H:BRD-K12539581-001-18-7:10	DB08313	Nocodazole	-0.27587568947135593	-1.3243733322825817	<0.0001	<0.0001	NEU
NMH002_NEU_6H:BRD-A41145729-001-04-3:10	DB08175	(2E,4E)-11-METHOXY-3,7,11-TRIMETHYLDODECA-2,4-DIENOIC ACID	-0.22928123668257883	-1.3242079529928714	<0.0001	<0.0001	NEU
CPC013_NEU_24H:BRD-K29905972-001-03-0:10	DB06626	Axitinib	0.22552135037339133	1.3241982299836161	<0.0001	<0.0001	NEU
CPC018_NPC_24H:BRD-K44067360-001-16-2:10	DB02266	Flufenamic acid	-0.2126447917426893	-1.3238833173962128	<0.0001	<0.0001	NPC
CPC017_NPC_24H:BRD-K08252256-236-17-1:10	DB00586	Diclofenac	0.21320431739745768	1.3237625438971183	<0.0001	<0.0001	NPC
CPC015_NPC_24H:BRD-K34776109-001-03-4:10	DB00222	Glimepiride	-0.2182037005753405	-1.3237606027834452	<0.0001	<0.0001	NPC
LJP009_NPC.CAS9_24H:N12	DB08896	Regorafenib	0.2197987591174724	1.3235460973546058	<0.0001	<0.0001	NPC.CAS9
CPC017_NPC_24H:BRD-K74195153-050-03-0:10	DB13056	Irsogladine	-0.2093135711115163	-1.3234914785434229	<0.0001	<0.0001	NPC
CPC006_NOMO1_6H:BRD-A04706586-236-01-7:10	DB13242	Bucladesine	-0.2311360982090259	-1.3234513420611613	<0.0001	<0.0001	NOMO1
CPC006_WSUDLCL2_6H:BRD-K64890080-001-03-9:10	DB16107	BI 2536	0.2248592960415484	1.3234138573494292	<0.0001	<0.0001	WSUDLCL2
LJP007_NEU_24H:C06	DB11800	Tivozanib	0.20405110753629987	1.3233847482775645	<0.0001	<0.0001	NEU
CPC015_NPC_24H:BRD-A26095496-001-03-2:10	DB01013	Clobetasol propionate	0.2181132636820484	1.3232820261089553	<0.0001	<0.0001	NPC
CPC006_THP1_6H:BRD-K73319509-001-02-3:40	DB12848	PF-04217903	0.21028933688087553	1.3229535825827663	<0.0001	<0.0001	THP1
LJP007_NEU_24H:P11	DB07859	4-(4-CHLOROPHENYL)-4-[4-(1H-PYRAZOL-4-YL)PHENYL]PIPERIDINE	-0.28201340230795097	-1.3228419646415288	<0.0001	<0.0001	NEU
CPC017_NPC_24H:BRD-K82823804-001-01-7:10	DB04608	9-HYDROXY-4-PHENYL-6H-PYRROLO[3,4-C]CARBAZOLE-1,3-DIONE	-0.2024216978402324	-1.3224396478355147	<0.0001	<0.0001	NPC
LJP008_NPC.TAK_24H:P15	DB11662	Rabusertib	0.22506284850012717	1.3224080045261715	<0.0001	<0.0001	NPC.TAK
LJP008_NPC.TAK_24H:O03	DB07101	PD-0325901	0.21212431162573156	1.3222484288461733	<0.0001	<0.0001	NPC.TAK
LJP008_NPC.CAS9_24H:I06	DB16239	Molibresib	0.22842834423045227	1.322094448226752	<0.0001	<0.0001	NPC.CAS9
CPC014_NEU_24H:BRD-K77908580-001-05-4:10	DB11841	Entinostat	0.20647855230634282	1.3220226570579057	<0.0001	<0.0001	NEU
LJP007_NPC_24H:I23	DB13005	Rebastinib	-0.22296645605812013	-1.3218547010754933	<0.0001	<0.0001	NPC
CPC006_SKM1_6H:BRD-A71390734-001-01-7:0.08	DB01177	Idarubicin	0.21218405352832034	1.321552738658135	<0.0001	<0.0001	SKM1
LJP009_NPC.TAK_24H:E11	DB01782	Pyrazolanthrone	0.21768622974280985	1.3214683872635389	<0.0001	<0.0001	NPC.TAK
LJP008_NEU_24H:A23	DB11740	MK-1775	-0.20518861228771565	-1.321447606481768	<0.0001	<0.0001	NEU
NMH002_NEU_24H:BRD-A64479082-310-01-0:10	DB00908	Quinidine	0.2115746483131878	1.3213953999001666	<0.0001	<0.0001	NEU
LJP007_NPC.CAS9_24H:P14	DB05294	Vandetanib	-0.23350108871402142	-1.3207740856535095	<0.0001	<0.0001	NPC.CAS9
NMH002_NPC_6H:BRD-K81418486-001-22-8:10	DB02546	Vorinostat	-0.235169464391746	-1.3206665148316197	<0.0001	<0.0001	NPC
NMH002_NPC_24H:BRD-K49685476-001-11-8:10	DB02877	Arotinoid acid	-0.20729247468385048	-1.3206026246969418	<0.0001	<0.0001	NPC
AML001_U937_6H:BRD-K43389675:3.33333	DB00694	Daunorubicin	-0.2270090699851775	-1.3202862944435287	<0.0001	<0.0001	U937
NMH002_NPC_24H:BRD-K01292756-001-20-1:10	DB01100	Pimozide	-0.1975727887392339	-1.320241021111535	<0.0001	<0.0001	NPC
NMH001_NPC_24H:BRD-K81418486-001-22-8:10	DB02546	Vorinostat	-0.2268763014710694	-1.320207958605038	<0.0001	<0.0001	NPC
LJP007_NPC_24H:K22	DB01590	Everolimus	0.2521452204835287	1.3199453508602061	<0.0001	<0.0001	NPC
CPC017_NPC_24H:BRD-K17016787-001-03-5:10	DB07702	17alpha-Estriol	-0.21197514828010738	-1.319616273898794	<0.0001	<0.0001	NPC
CPC013_NEU_24H:BRD-K89162000-001-02-3:10	DB05465	Tandutinib	-0.2214824127491381	-1.319560411453429	<0.0001	<0.0001	NEU
LJP008_NPC_24H:G11	DB02546	Vorinostat	0.21862570264859565	1.3194472364743564	<0.0001	<0.0001	NPC
CPC006_U937_6H:BRD-K61250553-003-13-2:10	DB00836	Loperamide	-0.22063097369371973	-1.3194119149895416	<0.0001	<0.0001	U937
NMH002_NEU_6H:BRD-K93258693-001-13-2:10	DB07863	2-chloro-5-nitro-N-phenylbenzamide	-0.21399020154171589	-1.3193696359498446	<0.0001	<0.0001	NEU
CPC014_NEU_24H:BRD-K09436313-001-01-2:10	DB02056	Prostaglandin D2	0.21900418613116457	1.3189658340947088	<0.0001	<0.0001	NEU
LJP007_NPC.CAS9_24H:P18	DB05294	Vandetanib	-0.2625296737323793	-1.3188281726042967	<0.0001	<0.0001	NPC.CAS9
LJP007_NPC.TAK_24H:I11	DB06589	Pazopanib	0.21211340543028437	1.3186908314693837	<0.0001	<0.0001	NPC.TAK
CPC015_NPC_24H:BRD-A55416093-001-03-1:10	DB02587	Colforsin	0.21483500852320805	1.318687274872208	<0.0001	<0.0001	NPC
LJP007_JURKAT_24H:P19	DB11886	Infigratinib	-0.23127778664377477	-1.318605496435409	<0.0001	<0.0001	JURKAT
NMH002_NPC_24H:BRD-K31342827-001-12-0:10	DB03777	Bisindolylmaleimide I	-0.233356196108452	-1.3185800415024118	<0.0001	<0.0001	NPC
CPC017_NPC_24H:BRD-K60640630-001-03-7:10	DB14512	Mometasone furoate	-0.20771592857622945	-1.3184893052619746	<0.0001	<0.0001	NPC
CPC006_U937_6H:BRD-K36927236-001-17-7:10	DB01016	Glyburide	-0.22956780620172496	-1.318267392209257	<0.0001	<0.0001	U937
LJP009_NPC.TAK_24H:D17	DB16108	TAK-715	-0.2075081398559816	-1.3182047060140767	<0.0001	<0.0001	NPC.TAK
CPC006_PL21_6H:BRD-A12409803-001-01-3:40	DB12066	Orteronel	0.20842460786754755	1.317945900960169	<0.0001	<0.0001	PL21
NMH002_NPC_6H:BRD-K81418486-001-29-3:10	DB02546	Vorinostat	-0.2394758644544439	-1.3179411741020706	<0.0001	<0.0001	NPC
NMH002_NPC_6H:BRD-K30984264-003-10-0:10	DB07919	Harmine	-0.22328553620783476	-1.3177983055447633	<0.0001	<0.0001	NPC
NMH002_NPC_24H:BRD-K59946561-001-07-5:10	DB03374	3,5-Diiodotyrosine	0.20850514526677663	1.317456360812961	<0.0001	<0.0001	NPC
CPC016_NPC_24H:BRD-K67100011-003-03-0:10	DB01605	Pivmecillinam	-0.202409076250744	-1.3174056329399186	<0.0001	<0.0001	NPC
LJP008_NPC.CAS9_24H:K11	DB11962	GSK-1059615	0.2460204702365198	1.3171564759358219	<0.0001	<0.0001	NPC.CAS9
NMH002_NEU_24H:BRD-K97399794-001-12-0:10	DB04216	Quercetin	-0.21290200124950245	-1.316932166224955	<0.0001	<0.0001	NEU
CPC016_NPC_24H:BRD-K36927236-001-15-1:10	DB01016	Glyburide	-0.20757662856185058	-1.3168352105633576	<0.0001	<0.0001	NPC
LJP008_NPC.TAK_24H:F06	DB12376	Ricolinostat	0.20619491128691791	1.3167159584133667	<0.0001	<0.0001	NPC.TAK
CPC016_NPC_24H:BRD-K35498378-001-05-3:10	DB02020	Alrestatin	0.2158826297659691	1.3166501007397016	<0.0001	<0.0001	NPC
CPC006_U937_6H:BRD-K47335880-001-01-3:0.08	DB12980	CHS-828	0.21921883175885118	1.3163204860592312	<0.0001	<0.0001	U937
LJP009_NPC.CAS9_24H:K19	DB12432	CC-401	0.22898178611779724	1.3163100970422548	<0.0001	<0.0001	NPC.CAS9
LJP008_NPC.TAK_24H:P14	DB11662	Rabusertib	-0.23138351888716016	-1.3161778716862453	<0.0001	<0.0001	NPC.TAK
LJP007_NEU_24H:I14	DB11526	Masitinib	0.20514710524961738	1.3156994244107643	<0.0001	<0.0001	NEU
CPC006_PL21_6H:BRD-K64634304-001-01-5:40	DB00162	Vitamin A	0.24935376654017663	1.3156249976149312	<0.0001	<0.0001	PL21
LJP007_NEU_24H:P02	DB09054	Idelalisib	-0.25290870965482054	-1.3151801054266896	<0.0001	<0.0001	NEU
LJP007_NPC_24H:K10	DB11962	GSK-1059615	0.25410776794853523	1.3149468584474717	<0.0001	<0.0001	NPC
NMH002_NEU_24H:BRD-K99792991-001-29-9:10	DB00756	Hexachlorophene	0.2283065487258708	1.3147027063238117	<0.0001	<0.0001	NEU
NMH002_NPC_6H:BRD-K52313696-001-10-7:10	DB12291	Tacedinaline	-0.2143011165462341	-1.3146938860109387	<0.0001	<0.0001	NPC
CPC006_SKM1_6H:BRD-K76205745-237-05-8:160	DB00678	Losartan	-0.22662252685992057	-1.314532671053865	<0.0001	<0.0001	SKM1
CPC006_SKM1_6H:BRD-A93255169-001-13-5:10	DB01041	Thalidomide	-0.21425792543852518	-1.3142609128904224	<0.0001	<0.0001	SKM1
CPC006_SKM1_6H:BRD-K93754473-001-06-0:28.39	DB00675	Tamoxifen	-0.2105420799519126	-1.3139757446899893	<0.0001	<0.0001	SKM1
CPC014_NEU_24H:BRD-K01493881-001-20-3:10	DB07352	Apigenin	-0.20748699064388937	-1.3137429222555692	<0.0001	<0.0001	NEU
CPC006_PL21_6H:BRD-A02006392-001-09-9:10	DB01054	Nitrendipine	-0.22690455065514278	-1.3136359561925637	<0.0001	<0.0001	PL21
CPC018_NPC_24H:BRD-K63784565-001-02-1:10	DB12385	10-hydroxycamptothecin	-0.22428571896362595	-1.3134203478151125	<0.0001	<0.0001	NPC
LJP008_NPC_24H:K20	DB12332	Rucaparib	-0.22356595853407907	-1.3132628630944647	<0.0001	<0.0001	NPC
AML001_U937_6H:BRD-K26684619:10	DB08784	2-(4-CHLORO-PHENYLAMINO)-NICOTINIC ACID	-0.24345249002602182	-1.3128235028932655	<0.0001	<0.0001	U937
LJP008_NPC.TAK_24H:M06	DB02709	Resveratrol	0.23096923008608	1.3127786528237775	<0.0001	<0.0001	NPC.TAK
LJP007_NPC.CAS9_24H:P24	DB11886	Infigratinib	-0.27334676089214927	-1.3127629202919116	<0.0001	<0.0001	NPC.CAS9
LJP007_JURKAT_24H:P15	DB05294	Vandetanib	0.2125259579279196	1.312734368908459	<0.0001	<0.0001	JURKAT
NMH001_NPC_24H:BRD-A47564106-001-07-5:10	DB12161	Deutetrabenazine	-0.21662287354907647	-1.3127093107552972	<0.0001	<0.0001	NPC
CPC006_U937_6H:BRD-K98530306-003-07-6:10	DB00575	Clonidine	-0.2434972646899406	-1.3126205833630995	<0.0001	<0.0001	U937
LJP008_NPC_24H:G12	DB02546	Vorinostat	-0.232495507602362	-1.3125738788935446	<0.0001	<0.0001	NPC
LJP009_NPC_24H:E09	DB01782	Pyrazolanthrone	-0.2488710560575161	-1.312039450240625	<0.0001	<0.0001	NPC
LJP007_NPC.TAK_24H:J20	DB03044	Doramapimod	0.234647140523845	1.3120091079189589	<0.0001	<0.0001	NPC.TAK
LJP007_JURKAT_24H:B14	DB12200	Tivantinib	-0.22272410768976184	-1.3118923362457264	<0.0001	<0.0001	JURKAT
CPC015_NPC_24H:BRD-A34751532-001-04-4:10	DB11064	Homosalate	0.21023782346874104	1.3116541564390736	<0.0001	<0.0001	NPC
LJP008_NEU_24H:O03	DB07101	PD-0325901	0.254599513384402	1.3116096610022114	<0.0001	<0.0001	NEU
LJP008_NPC.CAS9_24H:G21	DB00928	Azacitidine	-0.22479865153161946	-1.3114935165855381	<0.0001	<0.0001	NPC.CAS9
CPC013_NPC_24H:BRD-A45664787-001-01-4:10	DB01088	Iloprost	-0.22653333330860434	-1.311448836027512	<0.0001	<0.0001	NPC
NMH002_NPC_24H:BRD-K46018455-001-23-5:10	DB01393	Bezafibrate	0.19006504392580473	1.3112783509707124	<0.0001	<0.0001	NPC
CPC006_WSUDLCL2_6H:BRD-K56343971-001-02-3:10	DB08881	Vemurafenib	0.2389052596370024	1.311227584784657	<0.0001	<0.0001	WSUDLCL2
LJP007_NPC_24H:I11	DB06589	Pazopanib	0.21895445459934496	1.3108338709718503	<0.0001	<0.0001	NPC
CPC006_SKM1_6H:BRD-A47829399-001-01-1:10	DB09274	Artesunate	-0.23936215028605373	-1.3107333480610772	<0.0001	<0.0001	SKM1
LJP007_NPC_24H:B16	DB12200	Tivantinib	0.2464842251394587	1.3106373108758933	<0.0001	<0.0001	NPC
CPC018_NPC_24H:BRD-K31542390-001-01-5:10	DB01024	Mycophenolic acid	-0.2237925653837404	-1.3105119311384439	<0.0001	<0.0001	NPC
NMH001_NPC_6H:BRD-A19500257-001-03-9:10	DB02424	Geldanamycin	0.23593184807794687	1.3103237365329024	<0.0001	<0.0001	NPC
LJP007_NPC_24H:K23	DB01590	Everolimus	-0.2132739017570922	-1.3102052540765636	<0.0001	<0.0001	NPC
LJP009_NPC.TAK_24H:M14	DB06314	SGX-523	-0.21454875018734076	-1.3101280049864588	<0.0001	<0.0001	NPC.TAK
LJP007_NPC.TAK_24H:F14	DB12247	AZD-4547	0.25215768231299385	1.3099187304602944	<0.0001	<0.0001	NPC.TAK
CPC015_NPC_24H:BRD-K69608737-001-03-7:10	DB00864	Tacrolimus	-0.20636257983572026	-1.3094937592112443	<0.0001	<0.0001	NPC
LJP007_NPC.CAS9_24H:K05	DB12064	BMS-777607	0.22085647670215852	1.3094123014310202	<0.0001	<0.0001	NPC.CAS9
NMH002_NEU_6H:BRD-K30466858-335-01-5:10	DB08846	Ellagic acid	0.22286124582513203	1.3093245062775538	<0.0001	<0.0001	NEU
LPROT002_NPC.TAK_6H:E24	DB06195	Seliciclib	-0.22238428438049032	-1.3092736260001856	<0.0001	<0.0001	NPC.TAK
LJP008_NPC.TAK_24H:J10	DB05223	Pracinostat	-0.2365531395914315	-1.3092661950090692	<0.0001	<0.0001	NPC.TAK
NMH002_NEU_6H:BRD-K75516118-001-02-5:10	DB04149	(R)-Rolipram	0.2142009978296905	1.3089494311810566	<0.0001	<0.0001	NEU
LJP007_NEU_24H:G12	DB11963	Dacomitinib	-0.25277489037683915	-1.308883824771872	<0.0001	<0.0001	NEU
CPC018_NPC_24H:BRD-A32440707-001-01-1:10	DB08547	PROGESTERONE-11-ALPHA-OL-HEMISUCCINATE	0.23108272576468805	1.3087765564731897	<0.0001	<0.0001	NPC
LJP007_NPC.TAK_24H:B11	DB07970	5-[(2-methyl-5-{[3-(trifluoromethyl)phenyl]carbamoyl}phenyl)amino]pyridine-3-carboxamide	-0.20740996810228368	-1.3083290392565219	<0.0001	<0.0001	NPC.TAK
LJP009_NEU_24H:I23	DB11363	Alectinib	-0.21821511324958862	-1.3080509326986494	<0.0001	<0.0001	NEU
LJP007_NPC.TAK_24H:B18	DB12200	Tivantinib	-0.22098859054251985	-1.3077507208742383	<0.0001	<0.0001	NPC.TAK
CPC016_NPC_24H:BRD-A63667919-103-01-9:10	DB00353	Methylergometrine	0.20735479220123862	1.3074204781197802	<0.0001	<0.0001	NPC
CPC013_NPC_24H:BRD-K99616396-316-01-2:10	DB05575	Motesanib	0.21818399776434705	1.3071482624373318	<0.0001	<0.0001	NPC
CPC014_NPC_24H:BRD-K86930074-001-01-9:10	DB04849	Cediranib	-0.19741859472636752	-1.3067489817590114	<0.0001	<0.0001	NPC
LJP009_NPC_24H:H13	DB07138	Neflamapimod	-0.22335144255589323	-1.3063063481624244	<0.0001	<0.0001	NPC
LJP008_NEU_24H:F01	DB12376	Ricolinostat	-0.2231622184618271	-1.306293050417107	<0.0001	<0.0001	NEU
LJP008_NPC.CAS9_24H:M18	DB01262	Decitabine	-0.2362855572397493	-1.3060551052209244	<0.0001	<0.0001	NPC.CAS9
LJP008_NPC.CAS9_24H:I02	DB16239	Molibresib	0.2202426832665505	1.3059915969434148	<0.0001	<0.0001	NPC.CAS9
CPC006_THP1_6H:BRD-K64890080-001-03-9:10	DB16107	BI 2536	0.21905620532108783	1.3055729052985163	<0.0001	<0.0001	THP1
CPC014_NPC_24H:BRD-K81783531-001-01-4:10	DB11954	Lomibuvir	0.20661138610753393	1.3054888810024396	<0.0001	<0.0001	NPC
DOSBIO001_NPC_24H:BRD-K81418486:10	DB02546	Vorinostat	-0.217502440471884	-1.3054665961174077	<0.0001	<0.0001	NPC
NMH002_NEU_6H:BRD-K91509126-001-19-4:10	DB08399	Piceatannol	0.22123032295176173	1.3054485549165187	<0.0001	<0.0001	NEU
LPROT002_NPC.TAK_6H:A22	DB11763	Momelotinib	-0.22020966191402802	-1.3053112784577456	<0.0001	<0.0001	NPC.TAK
CPC006_WSUDLCL2_6H:BRD-K81418486-001-13-7:11.1	DB02546	Vorinostat	-0.22807506879968267	-1.3048396141278205	<0.0001	<0.0001	WSUDLCL2
LJP007_NPC_24H:D24	DB06616	Bosutinib	-0.21164545765227644	-1.30480139301568	<0.0001	<0.0001	NPC
LJP007_NPC_24H:F02	DB12848	PF-04217903	0.243046154075628	1.304642597057688	<0.0001	<0.0001	NPC
LJP007_NPC.TAK_24H:E06	DB11743	Ipatasertib	0.21719699553159777	1.3045638114053364	<0.0001	<0.0001	NPC.TAK
CPC013_NPC_24H:BRD-K49328571-001-04-4:10	DB01254	Dasatinib	-0.2264248618027124	-1.3045636775840586	<0.0001	<0.0001	NPC
CPC014_NPC_24H:BRD-K81418486:10	DB02546	Vorinostat	-0.2309025038609162	-1.3044486273137221	<0.0001	<0.0001	NPC
LJP008_NPC.TAK_24H:M05	DB02709	Resveratrol	0.207429749847709	1.3041280134868458	<0.0001	<0.0001	NPC.TAK
LJP008_NPC.TAK_24H:P17	DB11662	Rabusertib	0.21597921979789378	1.303815603699578	<0.0001	<0.0001	NPC.TAK
DOSBIO001_NEU_24H:BRD-A75409952:0.37037	DB08059	Wortmannin	0.22722692969016856	1.3036683275423004	<0.0001	<0.0001	NEU
LJP007_JURKAT_24H:I11	DB06589	Pazopanib	-0.22099755619637354	-1.3035276665755018	<0.0001	<0.0001	JURKAT
CPC014_NPC_24H:BRD-K70557564-305-01-0:10	DB06191	Zosuquidar	0.2173217504930353	1.3035180468850045	<0.0001	<0.0001	NPC
LJP008_NPC.TAK_24H:M18	DB01262	Decitabine	-0.23319269364058387	-1.3033382042776835	<0.0001	<0.0001	NPC.TAK
LJP007_NEU_24H:I21	DB13005	Rebastinib	-0.2229386452205464	-1.3033276242172962	<0.0001	<0.0001	NEU
AML001_HL60_24H:BRD-K26684619:3.33333	DB08784	2-(4-CHLORO-PHENYLAMINO)-NICOTINIC ACID	-0.19524049955858622	-1.3033073602618328	<0.0001	<0.0001	HL60
NMH002_NPC_6H:BRD-K81062487-001-03-3:10	DB04348	Taurocholic acid	0.19299992002669086	1.3032782469621083	<0.0001	<0.0001	NPC
DOSBIO002_NEU_24H:BRD-K81418486:0.37037	DB02546	Vorinostat	-0.21067622623499574	-1.3032651847556038	<0.0001	<0.0001	NEU
LPROT003_NPC_6H:N23	DB02010	Staurosporine	-0.20627729565627795	-1.3028465388691342	<0.0001	<0.0001	NPC
NMH002_NEU_6H:BRD-K11129031-001-22-6:10	DB01241	Gemfibrozil	0.21381894002723364	1.3028262931846468	<0.0001	<0.0001	NEU
LJP007_JURKAT_24H:M08	DB05575	Motesanib	0.2133217437261247	1.302712291069239	<0.0001	<0.0001	JURKAT
CPC006_WSUDLCL2_6H:BRD-K88510285-001-01-2:0.04	DB00188	Bortezomib	0.24385057304020885	1.3026927554500995	<0.0001	<0.0001	WSUDLCL2
NMH002_NPC_24H:BRD-K45528773-001-04-9:10	DB02565	4-(dimethylamino)-N-[7-(hydroxyamino)-7-oxoheptyl]benzamide	-0.22973318811349333	-1.3026176294422247	<0.0001	<0.0001	NPC
CPC013_NEU_24H:BRD-K11663430-001-01-5:10	DB12847	Pyroxamide	-0.24581081223662576	-1.3023220139792353	<0.0001	<0.0001	NEU
CPC016_NPC_24H:BRD-K86204871-001-02-2:10	DB00251	Terconazole	0.2023283343865475	1.3022892290333323	<0.0001	<0.0001	NPC
LJP009_NPC.TAK_24H:L24	DB12588	AZD-1480	-0.21176121787360602	-1.3022745335538586	<0.0001	<0.0001	NPC.TAK
LJP007_NPC.CAS9_24H:N18	DB09330	Osimertinib	-0.2177713154397147	-1.3021772507433742	<0.0001	<0.0001	NPC.CAS9
CPC012_NEU_24H:BRD-A59985574-003-01-9:10	DB01030	Topotecan	-0.2142691316240507	-1.3019584704086762	<0.0001	<0.0001	NEU
LPROT003_NPC_6H:L21	DB11952	Duvelisib	-0.2523656606774127	-1.301923590188284	<0.0001	<0.0001	NPC
LJP009_NEU_24H:I14	DB12146	Rigosertib	-0.21681294370367463	-1.301730281413783	<0.0001	<0.0001	NEU
CPC006_NOMO1_6H:BRD-K19796430-001-01-5:10	DB09143	Sonidegib	-0.22702643337106887	-1.3014430808173372	<0.0001	<0.0001	NOMO1
LPROT003_NPC_6H:N07	DB01782	Pyrazolanthrone	-0.24209091706789734	-1.3014101423290674	<0.0001	<0.0001	NPC
CPC013_NEU_24H:BRD-A19037878:10	DB04297	Trichostatin A	-0.2259439374546648	-1.30117410896339	<0.0001	<0.0001	NEU
LJP009_NEU_24H:I17	DB12146	Rigosertib	0.2047915244073667	1.300936099765636	<0.0001	<0.0001	NEU
LJP007_NEU_24H:E12	DB05913	OSI-930	0.1937866486278811	1.3009011006405502	<0.0001	<0.0001	NEU
NMH001_NPC_6H:BRD-K12807006-001-14-4:10	DB01852	Kaempherol	0.21231172432625278	1.3005615771847197	<0.0001	<0.0001	NPC
CPC015_NPC_24H:BRD-A55393291-001-05-7:10	DB14093	(1,2,6,7-3H)Testosterone	0.22623121936329457	1.3004938179431975	<0.0001	<0.0001	NPC
LJP007_NEU_24H:N13	DB09330	Osimertinib	-0.18999437846343892	-1.3002421140961211	<0.0001	<0.0001	NEU
LJP007_NPC.TAK_24H:J23	DB03044	Doramapimod	0.21489369311415696	1.3000940389465452	<0.0001	<0.0001	NPC.TAK
LJP007_JURKAT_24H:K03	DB12064	BMS-777607	-0.2155453903100008	-1.2998471486912966	<0.0001	<0.0001	JURKAT
LJP007_JURKAT_24H:G07	DB11963	Dacomitinib	-0.20415848704520023	-1.2993534815033052	<0.0001	<0.0001	JURKAT
LJP008_NEU_24H:G12	DB02546	Vorinostat	-0.22208862497762286	-1.2991370560453908	<0.0001	<0.0001	NEU
CPC018_NPC_24H:BRD-A53576514-048-06-9:10	DB01173	Orphenadrine	-0.20869218609575352	-1.2989559105740855	<0.0001	<0.0001	NPC
NMH002_NPC_6H:BRD-K01638814-050-01-2:10	DB11738	Rilmenidine	0.20919671633409698	1.298532319032245	<0.0001	<0.0001	NPC
LJP008_NPC.TAK_24H:I01	DB16239	Molibresib	0.2175744199090017	1.298504933770232	<0.0001	<0.0001	NPC.TAK
LJP007_NPC.TAK_24H:I04	DB01268	Sunitinib	0.2009321122093108	1.2981967020820475	<0.0001	<0.0001	NPC.TAK
LJP007_NPC.CAS9_24H:I03	DB01268	Sunitinib	0.22653401127859388	1.298162127398763	<0.0001	<0.0001	NPC.CAS9
LJP007_JURKAT_24H:K05	DB12064	BMS-777607	0.21563638702293603	1.2980086626253007	<0.0001	<0.0001	JURKAT
LJP007_NPC_24H:B10	DB07970	5-[(2-methyl-5-{[3-(trifluoromethyl)phenyl]carbamoyl}phenyl)amino]pyridine-3-carboxamide	0.20854163571875933	1.297929188737947	<0.0001	<0.0001	NPC
NMH002_NEU_6H:BRD-K38775274-001-17-1:10	DB01234	Dexamethasone	-0.2601689347166873	-1.2978775552407495	<0.0001	<0.0001	NEU
PCLB001_JURKAT_24H:BRD-K36452089-001-01-8:0.37	DB07726	t-Butylhydroquinone	0.23040847071209306	1.2978343811115836	<0.0001	<0.0001	JURKAT
NMH002_NPC_24H:BRD-K61250553-003-24-9:10	DB00836	Loperamide	0.2075774945580434	1.2975954104697378	<0.0001	<0.0001	NPC
LJP008_NEU_24H:M18	DB01262	Decitabine	0.20613551029876934	1.2975776349329444	<0.0001	<0.0001	NEU
PCLB001_JURKAT_24H:BRD-A58955223-001-02-0:0.16	DB12422	Sulforaphane	0.21853718630290855	1.2974529744849592	<0.0001	<0.0001	JURKAT
NMH002_NEU_24H:BRD-A79067928-001-04-3:10	DB00773	Etoposide	-0.2018140569784255	-1.2974023270412942	<0.0001	<0.0001	NEU
LJP007_JURKAT_24H:P20	DB11886	Infigratinib	0.21167175294623114	1.2970910419122954	<0.0001	<0.0001	JURKAT
LJP008_NPC.TAK_24H:K23	DB12332	Rucaparib	0.22904741817049523	1.297025040626139	<0.0001	<0.0001	NPC.TAK
LJP007_NPC.TAK_24H:I21	DB13005	Rebastinib	-0.20968036288874214	-1.2968472388808812	<0.0001	<0.0001	NPC.TAK
NMH002_NEU_24H:BRD-K79254416-001-11-9:10	DB01262	Decitabine	-0.22092554443813175	-1.2967379937265286	<0.0001	<0.0001	NEU
LPROT001_NPC.TAK_6H:E16	DB04297	Trichostatin A	-0.22736228323630037	-1.2967060025537647	<0.0001	<0.0001	NPC.TAK
LJP007_NPC.TAK_24H:C04	DB11800	Tivozanib	0.2092447663885303	1.2965882793793726	<0.0001	<0.0001	NPC.TAK
CPC006_U937_6H:BRD-K17561142-003-16-8:10	DB01118	Amiodarone	-0.21192123227984191	-1.296440009621964	<0.0001	<0.0001	U937
NMH002_NPC_24H:BRD-K77947974-001-14-8:10	DB04842	Fluspirilene	-0.19520538897778766	-1.2964056010114355	<0.0001	<0.0001	NPC
CPC015_NPC_24H:BRD-A53131506-001-01-3:10	DB14093	(1,2,6,7-3H)Testosterone	0.21266083054689647	1.2963630918884295	<0.0001	<0.0001	NPC
CPC014_NEU_24H:BRD-K14880289-001-01-4:10	DB05416	Cardarine	0.21186551174551477	1.2962624039736186	<0.0001	<0.0001	NEU
LJP007_NPC.CAS9_24H:P03	DB09054	Idelalisib	0.2099293593830282	1.2960230122712064	<0.0001	<0.0001	NPC.CAS9
CPC015_NPC_24H:BRD-A41519720-001-03-0:10	DB00973	Ezetimibe	-0.18581857571707186	-1.2960004265091152	<0.0001	<0.0001	NPC
NMH001_NPC_24H:BRD-A77098556-001-01-5:10	DB12885	CF-102	0.20298031510856526	1.2959326627653174	<0.0001	<0.0001	NPC
CPC006_THP1_6H:BRD-K40892394-001-01-9:11.1	DB07002	4-({4-[(4-methoxypyridin-2-yl)amino]piperidin-1-yl}carbonyl)benzonitrile	-0.21252262849608544	-1.2958012403497712	<0.0001	<0.0001	THP1
LJP008_NPC.CAS9_24H:P15	DB11662	Rabusertib	0.21866919086170566	1.2957654571436796	<0.0001	<0.0001	NPC.CAS9
LJP009_NEU_24H:E18	DB13113	JNJ-38877605	-0.20224462697240408	-1.2952138286011439	<0.0001	<0.0001	NEU
CPC006_NOMO1_6H:BRD-K64890080-001-03-9:10	DB16107	BI 2536	-0.20181422662059773	-1.2951612506687367	<0.0001	<0.0001	NOMO1
CPC015_NPC_24H:BRD-A42628519-001-07-4:10	DB08946	Iopanoic acid	0.20278702519262104	1.2950222566888774	<0.0001	<0.0001	NPC
CPC014_NEU_24H:BRD-A38878059-001-01-0:10	DB07557	3,20-Pregnanedione	-0.21340433058046568	-1.2949509853233463	<0.0001	<0.0001	NEU
NMH001_NEU_24H:BRD-A14999564-001-01-0:10	DB07841	Geranylgeranyl diphosphate	-0.226112982521302	-1.2947242998318063	<0.0001	<0.0001	NEU
LJP008_NPC.CAS9_24H:J06	DB12116	Epigallocatechin gallate	0.21519530932412068	1.294677479915588	<0.0001	<0.0001	NPC.CAS9
CPC015_NPC_24H:BRD-A07440155-003-16-3:10	DB00598	Labetalol	-0.2170009451594189	-1.2945536223163296	<0.0001	<0.0001	NPC
LJP008_NPC_24H:A03	DB02546	Vorinostat	-0.22937850679124755	-1.2945475737669279	<0.0001	<0.0001	NPC
LJP007_NPC.CAS9_24H:M18	DB07460	2-({5-CHLORO-2-[(2-METHOXY-4-MORPHOLIN-4-YLPHENYL)AMINO]PYRIMIDIN-4-YL}AMINO)-N-METHYLBENZAMIDE	0.2206943211587937	1.29430966026291	<0.0001	<0.0001	NPC.CAS9
CPC014_NPC_24H:BRD-K52751261-001-01-2:10	DB16108	TAK-715	0.19908587998995836	1.294300403633709	<0.0001	<0.0001	NPC
CPC006_THP1_6H:BRD-A75409952:10	DB08059	Wortmannin	0.22985875737032554	1.293984213340635	<0.0001	<0.0001	THP1
CPC016_NPC_24H:BRD-K33211335-337-03-7:10	DB00514	Dextromethorphan	-0.1993233886582357	-1.2939009896340556	<0.0001	<0.0001	NPC
CPC015_NPC_24H:BRD-A66559694-001-03-8:10	DB00704	Naltrexone	0.22475620838319	1.2937010214523479	<0.0001	<0.0001	NPC
LJP009_NEU_24H:B23	DB16107	BI 2536	-0.22327326328051567	-1.2936433395634024	<0.0001	<0.0001	NEU
LJP009_NEU_24H:H08	DB08912	Dabrafenib	0.23644626372684657	1.293362130920525	<0.0001	<0.0001	NEU
LJP009_NPC.CAS9_24H:I22	DB11363	Alectinib	0.18976654986565586	1.2931445102919823	<0.0001	<0.0001	NPC.CAS9
LPROT003_NPC_6H:F17	DB11794	Berzosertib	-0.21828276231940322	-1.2930683484534238	<0.0001	<0.0001	NPC
NMH002_NPC_6H:BRD-K08252256-236-26-2:10	DB00586	Diclofenac	0.1982628064243644	1.2929930933093674	<0.0001	<0.0001	NPC
LJP009_NPC_24H:K09	DB11962	GSK-1059615	0.2898227770528575	1.2928496991891538	<0.0001	<0.0001	NPC
LJP009_NEU_24H:M16	DB06314	SGX-523	0.20252132318307847	1.2927574868273088	<0.0001	<0.0001	NEU
NMH002_NPC_24H:BRD-K80738081-001-33-6:10	DB02709	Resveratrol	0.2041732762211898	1.2927449861297964	<0.0001	<0.0001	NPC
CPC014_NPC_24H:BRD-K05396879-001-05-9:10	DB08435	(5E,14E)-11-oxoprosta-5,9,12,14-tetraen-1-oic acid	0.2165061038725382	1.2922170845277432	<0.0001	<0.0001	NPC
CPC006_U937_6H:BRD-K54256913-001-01-2:10	DB11740	MK-1775	-0.20333860902970652	-1.2920918023878931	<0.0001	<0.0001	U937
LJP008_NEU_24H:J03	DB12116	Epigallocatechin gallate	-0.21932515413873674	-1.2919056958844455	<0.0001	<0.0001	NEU
LJP007_NPC.TAK_24H:M24	DB12874	Quizartinib	0.21558338688349743	1.2918823129836012	<0.0001	<0.0001	NPC.TAK
LJP007_NEU_24H:P15	DB05294	Vandetanib	0.1957324741232609	1.2918289671527536	<0.0001	<0.0001	NEU
NMH002_NEU_24H:BRD-K53597484-001-01-9:10	DB08633	TNP-470	-0.20595284762960692	-1.2917080544278916	<0.0001	<0.0001	NEU
LJP007_JURKAT_24H:H12	DB09053	Ibrutinib	0.20618077370196347	1.2914672070392572	<0.0001	<0.0001	JURKAT
NMH002_NEU_24H:BRD-K32164935-001-25-8:10	DB00839	Tolazamide	0.19552460504109145	1.2914477293415088	<0.0001	<0.0001	NEU
LJP009_NEU_24H:I21	DB11363	Alectinib	-0.21435541114612253	-1.2914075695210487	<0.0001	<0.0001	NEU
LJP009_NEU_24H:D22	DB13061	MLN8054	-0.22358315886461974	-1.2912745660964093	<0.0001	<0.0001	NEU
CPC018_NPC_24H:BRD-A79768653-001-03-9:10	DB00877	Sirolimus	0.23778835732476644	1.2911149540150797	<0.0001	<0.0001	NPC
CPC016_NEU_24H:BRD-A09467419-003-14-1:10	DB12554	Mebeverine	0.19609796873642854	1.2909493750857133	<0.0001	<0.0001	NEU
LJP007_JURKAT_24H:M18	DB07460	2-({5-CHLORO-2-[(2-METHOXY-4-MORPHOLIN-4-YLPHENYL)AMINO]PYRIMIDIN-4-YL}AMINO)-N-METHYLBENZAMIDE	-0.2346557452371274	-1.290841264335801	<0.0001	<0.0001	JURKAT
CPC012_NEU_24H:BRD-K35483542-001-03-1:10	DB00982	Isotretinoin	0.21545244548836398	1.2908309732464924	<0.0001	<0.0001	NEU
CPC018_NPC_24H:BRD-K59256312-066-04-1:10	DB12831	Gabexate	-0.2115617916050601	-1.2904843751915556	<0.0001	<0.0001	NPC
LJP009_NPC_24H:G10	DB08521	4-[4-(4-Fluorophenyl)-2-[4-[(R)-methylsulfinyl]phenyl]-1H-imidazol-5-yl]pyridine	0.21386912474304617	1.2903533194865735	<0.0001	<0.0001	NPC
NMH001_NEU_24H:BRD-K81418486-001-28-5:10	DB02546	Vorinostat	-0.2259187304527336	-1.2903377263911602	<0.0001	<0.0001	NEU
CPC014_NEU_24H:BRD-K99451608-001-01-6:10	DB01601	Lopinavir	0.21087080648777498	1.2901432982861532	<0.0001	<0.0001	NEU
LJP007_NPC.TAK_24H:B13	DB12200	Tivantinib	-0.20655302801130018	-1.290082277042225	<0.0001	<0.0001	NPC.TAK
LJP007_JURKAT_24H:G10	DB11963	Dacomitinib	-0.21699106379029587	-1.2899795774517577	<0.0001	<0.0001	JURKAT
CPC013_NEU_24H:BRD-K16478699-001-01-9:10	DB06999	PLX-4720	-0.2756224259115769	-1.2899750925852786	<0.0001	<0.0001	NEU
NMH002_NEU_24H:BRD-K71799949-001-29-9:10	DB00564	Carbamazepine	-0.2085565793707112	-1.289943580406158	<0.0001	<0.0001	NEU
LJP009_NEU_24H:B19	DB16107	BI 2536	-0.20852053234776285	-1.2897577750886455	<0.0001	<0.0001	NEU
LJP007_JURKAT_24H:D10	DB08875	Cabozantinib	-0.2101592554402724	-1.2896483533258973	<0.0001	<0.0001	JURKAT
NMH002_NEU_6H:BRD-K27450477-003-06-8:10	DB07711	(2S,3R)-3-(6-amino-9H-purin-9-yl)nonan-2-ol	-0.2212070199877597	-1.289497313968278	<0.0001	<0.0001	NEU
NMH002_NEU_6H:BRD-K41170226-001-10-4:10	DB03619	Deoxycholic acid	-0.19483425240389055	-1.289430499956002	<0.0001	<0.0001	NEU
NMH001_NEU_6H:BRD-K32814891-001-01-1:10	DB12395	Esreboxetine	-0.22089281129644855	-1.2892532959042653	<0.0001	<0.0001	NEU
LJP008_NEU_24H:N09	DB02665	(1R,2S)-2-Phenylcyclopropanaminium	0.20845627768046376	1.28919522162199	<0.0001	<0.0001	NEU
CPC006_SKM1_6H:BRD-K98548675-001-02-6:10	DB13063	Parthenolide	0.24267310668165976	1.2890263708346061	<0.0001	<0.0001	SKM1
LJP009_NPC.CAS9_24H:M17	DB06314	SGX-523	0.2152157471494742	1.2889027441852492	<0.0001	<0.0001	NPC.CAS9
LJP007_NEU_24H:M13	DB07460	2-({5-CHLORO-2-[(2-METHOXY-4-MORPHOLIN-4-YLPHENYL)AMINO]PYRIMIDIN-4-YL}AMINO)-N-METHYLBENZAMIDE	0.24529013331443486	1.2888926179864528	<0.0001	<0.0001	NEU
LJP007_NPC_24H:C02	DB11800	Tivozanib	-0.2219082843466083	-1.2888637801107807	<0.0001	<0.0001	NPC
CPC014_NPC_24H:BRD-K93918653-001-01-4:10	DB12874	Quizartinib	-0.22171242877914768	-1.2883678291804763	<0.0001	<0.0001	NPC
LJP007_JURKAT_24H:L08	DB11836	Sapanisertib	0.24125534530042514	1.2882339727233876	<0.0001	<0.0001	JURKAT
CPC006_SKM1_6H:BRD-K98530306-003-07-6:10	DB00575	Clonidine	-0.23851791865382357	-1.2880801346282207	<0.0001	<0.0001	SKM1
LJP009_NPC.TAK_24H:E15	DB13113	JNJ-38877605	0.21217522594230975	1.2879877526716768	<0.0001	<0.0001	NPC.TAK
NMH002_NPC_24H:BRD-K01493881-001-24-5:10	DB07352	Apigenin	0.20979686971264194	1.287831823373155	<0.0001	<0.0001	NPC
LJP009_NPC.CAS9_24H:I06	DB11798	Tanzisertib	0.20127775703901876	1.2878261609084964	<0.0001	<0.0001	NPC.CAS9
LJP007_NPC.CAS9_24H:M09	DB05575	Motesanib	0.2392805901066199	1.287818601216117	<0.0001	<0.0001	NPC.CAS9
LJP007_NPC_24H:G12	DB11963	Dacomitinib	0.2164749510830541	1.2875592381874994	<0.0001	<0.0001	NPC
CPC006_SKM1_6H:BRD-K11853856-003-01-3:10	DB08348	N~2~,N~2~-DIMETHYL-N~1~-(6-OXO-5,6-DIHYDROPHENANTHRIDIN-2-YL)GLYCINAMIDE	-0.20236045766980232	-1.287366404953582	<0.0001	<0.0001	SKM1
CPC006_THP1_6H:BRD-K82135108-001-01-9:10	DB05719	Elesclomol	0.2026548544680123	1.2872720324977707	<0.0001	<0.0001	THP1
LJP009_NPC_24H:I19	DB11363	Alectinib	0.2576538722087618	1.2867711175863836	<0.0001	<0.0001	NPC
AML001_U937_6H:BRD-A19500257:1.11111	DB02424	Geldanamycin	0.21382246501859473	1.286730797965344	<0.0001	<0.0001	U937
CPC014_NEU_24H:BRD-K64052750-001-05-0:10	DB00317	Gefitinib	0.2128549715328682	1.286505449015082	<0.0001	<0.0001	NEU
CPC006_PL21_6H:BRD-K64890080-001-03-9:10	DB16107	BI 2536	0.21780099529911842	1.2863633671208599	<0.0001	<0.0001	PL21
CPC006_NOMO1_6H:BRD-K58550667-001-01-2:0.08	DB12731	Daporinad	-0.2242501873311116	-1.285991319717883	<0.0001	<0.0001	NOMO1
LJP009_NPC.CAS9_24H:B17	DB11805	Saracatinib	0.20950835326102765	1.2859734569416614	<0.0001	<0.0001	NPC.CAS9
CPC016_NPC_24H:BRD-K99621550-003-03-4:10	DB01199	Tubocurarine	0.19691970523989996	1.2859608758838776	<0.0001	<0.0001	NPC
LJP009_NPC.TAK_24H:E08	DB01782	Pyrazolanthrone	-0.21346127682708796	-1.2858566433602794	<0.0001	<0.0001	NPC.TAK
CPC015_NPC_24H:BRD-K42635745-001-02-4:10	DB13340	Suloctidil	-0.19451966162703394	-1.2858282589836014	<0.0001	<0.0001	NPC
LJP007_NPC_24H:P19	DB11886	Infigratinib	-0.19671543525849103	-1.2855773415856389	<0.0001	<0.0001	NPC
CPC006_THP1_6H:BRD-K47335880-001-01-3:0.08	DB12980	CHS-828	-0.2344788019327855	-1.2854948013585854	<0.0001	<0.0001	THP1
LJP009_NPC.TAK_24H:K22	DB12432	CC-401	-0.2385797417756136	-1.2853292657206117	<0.0001	<0.0001	NPC.TAK
LJP008_NPC.CAS9_24H:P17	DB11662	Rabusertib	0.20785562340365493	1.2852800566333284	<0.0001	<0.0001	NPC.CAS9
LJP009_NPC.CAS9_24H:B03	DB00877	Sirolimus	0.2304678891598989	1.2850388551038714	<0.0001	<0.0001	NPC.CAS9
LJP009_NPC.TAK_24H:L21	DB12588	AZD-1480	0.21172328949329625	1.2849513991621158	<0.0001	<0.0001	NPC.TAK
LJP008_NPC.CAS9_24H:D19	DB13978	Selisistat	-0.21171151144708578	-1.2840877586929766	<0.0001	<0.0001	NPC.CAS9
CPC014_NEU_24H:BRD-K38615104-001-06-8:10	DB08073	(2S)-1-(1H-INDOL-3-YL)-3-{[5-(3-METHYL-1H-INDAZOL-5-YL)PYRIDIN-3-YL]OXY}PROPAN-2-AMINE	-0.1955403917363289	-1.2840264994485746	<0.0001	<0.0001	NEU
LJP007_NPC.TAK_24H:C03	DB11800	Tivozanib	-0.2107732904025146	-1.2838345724486997	<0.0001	<0.0001	NPC.TAK
DOSBIO002_NPC_24H:BRD-K81418486:10	DB02546	Vorinostat	-0.22088728597659715	-1.2832344272871725	<0.0001	<0.0001	NPC
CPC014_NEU_24H:BRD-K81783531-001-01-4:10	DB11954	Lomibuvir	0.25470327647433794	1.2822390255772305	<0.0001	<0.0001	NEU
LPROT001_NPC.TAK_6H:A22	DB12387	OSI-027	0.21093683433805088	1.2821058146139652	<0.0001	<0.0001	NPC.TAK
CPC006_NOMO1_6H:BRD-K77947974-001-05-6:4.21	DB04842	Fluspirilene	0.19586134641417652	1.282078112502533	<0.0001	<0.0001	NOMO1
CPC006_PL21_6H:BRD-K55395145-001-01-7:88.8	DB00642	Pemetrexed	0.21375090525806437	1.2820066067126952	<0.0001	<0.0001	PL21
NMH002_NEU_24H:BRD-K01638814-050-01-2:10	DB11738	Rilmenidine	-0.2045375000111433	-1.2819433164352485	<0.0001	<0.0001	NEU
NMH001_NPC_6H:BRD-K32501161-001-02-5:10	DB03701	Vanoxerine	-0.2008375235097794	-1.2818512142342755	<0.0001	<0.0001	NPC
NMH002_NEU_24H:BRD-K76723084-001-19-0:10	DB00982	Isotretinoin	-0.22182250079307525	-1.2817796346841572	<0.0001	<0.0001	NEU
CPC006_SKM1_6H:BRD-A14395271-001-01-5:10	DB00933	Mesoridazine	0.23020027115111644	1.2817156402243135	<0.0001	<0.0001	SKM1
NMH001_NEU_6H:BRD-K53857191-001-17-7:10	DB00734	Risperidone	0.22993462150038615	1.2817039578195564	<0.0001	<0.0001	NEU
CPC014_NPC_24H:BRD-K99451608-001-01-6:10	DB01601	Lopinavir	0.21057516581654526	1.2815034493971924	<0.0001	<0.0001	NPC
CPC006_THP1_6H:BRD-K78513633-001-07-4:177.6	DB06266	Lonidamine	0.21291634086453684	1.2814462741485817	<0.0001	<0.0001	THP1
CPC006_WSUDLCL2_6H:BRD-K71799949-001-20-8:96	DB00564	Carbamazepine	-0.2092369386968992	-1.2813824273688894	<0.0001	<0.0001	WSUDLCL2
LJP007_NPC_24H:G09	DB11963	Dacomitinib	0.20676235237115587	1.28130328948125	<0.0001	<0.0001	NPC
NMH002_NEU_6H:BRD-K01638814-050-01-2:10	DB11738	Rilmenidine	0.24491649388611514	1.2811600659853084	<0.0001	<0.0001	NEU
PCLB001_JURKAT_24H:BRD-K07572174-001-22-0:0.16	DB11672	Curcumin	-0.229372981492758	-1.2811406443741613	<0.0001	<0.0001	JURKAT
LJP008_NEU_24H:G15	DB01254	Dasatinib	-0.20650259822568912	-1.28113299555386	<0.0001	<0.0001	NEU
NMH002_NEU_6H:BRD-K35483542-001-05-6:10	DB00982	Isotretinoin	-0.227827219532691	-1.2810184369868263	<0.0001	<0.0001	NEU
CPC017_NPC_24H:BRD-K78692225-001-11-2:10	DB01097	Leflunomide	-0.20578814792345385	-1.2807503731112126	<0.0001	<0.0001	NPC
CPC006_SKM1_6H:BRD-K27316855-001-02-6:1	DB00136	Calcitriol	0.23672908932736936	1.280549694328011	<0.0001	<0.0001	SKM1
LJP009_NEU_24H:E10	DB01782	Pyrazolanthrone	-0.2110667335553013	-1.2804407106653797	<0.0001	<0.0001	NEU
CPC014_NEU_24H:BRD-K58772419-001-01-3:10	DB14980	AZD-6482	-0.20232184038178813	-1.2803905978284627	<0.0001	<0.0001	NEU
CPC006_U937_6H:BRD-A79768653-001-02-1:10	DB00877	Sirolimus	0.21666275011938607	1.280142068858693	<0.0001	<0.0001	U937
LJP009_NPC.CAS9_24H:B10	DB12242	AZD-7762	0.21844895283636276	1.2800995586740085	<0.0001	<0.0001	NPC.CAS9
LJP009_NPC.TAK_24H:N11	DB08896	Regorafenib	-0.21236601452753998	-1.2799778168926597	<0.0001	<0.0001	NPC.TAK
CPC015_NPC_24H:BRD-A65449987-001-06-2:10	DB00180	Flunisolide	-0.20938233436386616	-1.2795902020056087	<0.0001	<0.0001	NPC
CPC013_NPC_24H:BRD-K79254416-001-08-5:10	DB01262	Decitabine	0.2193294298978386	1.2791990763876766	<0.0001	<0.0001	NPC
CPC006_SKM1_6H:BRD-K77947974-001-05-6:4.21	DB04842	Fluspirilene	-0.1988759072738464	-1.27876123350946	<0.0001	<0.0001	SKM1
NMH002_NPC_6H:BRD-K52313696-001-09-9:10	DB12291	Tacedinaline	-0.19258785393129332	-1.2786969660833167	<0.0001	<0.0001	NPC
CPC015_NPC_24H:BRD-A01643550-001-03-1:10	DB15566	Prednisolone acetate	0.2077580399726022	1.278664821739077	<0.0001	<0.0001	NPC
CPC006_SKM1_6H:BRD-K88560311-011-02-2:10	DB12332	Rucaparib	-0.2088255012189351	-1.2786408570248542	<0.0001	<0.0001	SKM1
LJP008_NEU_24H:N11	DB02665	(1R,2S)-2-Phenylcyclopropanaminium	0.19443280134403615	1.2785775163293125	<0.0001	<0.0001	NEU
CPC018_NPC_24H:BRD-K77554836-001-03-3:10	DB00620	Triamcinolone	0.20250833545103095	1.2784062816974433	<0.0001	<0.0001	NPC
CPC013_NPC_24H:BRD-K66876909-001-04-3:10	DB00601	Linezolid	-0.21869995769432474	-1.2780297710444317	<0.0001	<0.0001	NPC
LJP007_NPC.CAS9_24H:I10	DB06589	Pazopanib	0.2327945489667808	1.2780189785611438	<0.0001	<0.0001	NPC.CAS9
CPC018_NPC_24H:BRD-K37814297-050-05-4:10	DB01614	Acepromazine	0.21572990580300794	1.2778971840854345	<0.0001	<0.0001	NPC
NMH001_NEU_24H:BRD-K60511616-001-01-2:10	DB00175	Pravastatin	0.2063290353158161	1.2778763949069933	<0.0001	<0.0001	NEU
LJP009_NPC_24H:D20	DB13061	MLN8054	-0.2101004624851349	-1.2774719867515623	<0.0001	<0.0001	NPC
CPC006_PL21_6H:BRD-K93754473-001-06-0:28.39	DB00675	Tamoxifen	-0.20294280938219872	-1.2772661337435052	<0.0001	<0.0001	PL21
LJP009_NPC_24H:I18	DB12146	Rigosertib	0.22885922169810846	1.2770582485631468	<0.0001	<0.0001	NPC
CPC018_NPC_24H:BRD-K14993104-001-03-4:10	DB13740	Bemegride	-0.20323785728037602	-1.2768068925203733	<0.0001	<0.0001	NPC
CPC014_NEU_24H:BRD-K66615216-001-01-9:10	DB00218	Moxifloxacin	0.20977153650080058	1.2764956716431972	<0.0001	<0.0001	NEU
CPC018_NPC_24H:BRD-A43940795-001-03-6:10	DB12093	Tetrahydropalmatine	0.21748094305871019	1.276414250543885	<0.0001	<0.0001	NPC
CPC015_NPC_24H:BRD-A55594068-065-03-1:10	DB00570	Vinblastine	0.2162147414614601	1.2761047762263036	<0.0001	<0.0001	NPC
LJP007_NEU_24H:G11	DB11963	Dacomitinib	0.19629352214111456	1.276097292861942	<0.0001	<0.0001	NEU
CPC006_WSUDLCL2_6H:BRD-A34255068-001-16-2:10	DB04149	(R)-Rolipram	0.21035658948251884	1.275762801837867	<0.0001	<0.0001	WSUDLCL2
LJP009_NPC.TAK_24H:D20	DB13061	MLN8054	-0.22290176191323624	-1.2755187143229485	<0.0001	<0.0001	NPC.TAK
LJP007_NPC.TAK_24H:N17	DB09330	Osimertinib	0.19794731565600307	1.2754949498824824	<0.0001	<0.0001	NPC.TAK
LJP007_NPC_24H:I05	DB01268	Sunitinib	-0.2341892866128625	-1.275417086077091	<0.0001	<0.0001	NPC
LJP009_NPC_24H:G08	DB08521	4-[4-(4-Fluorophenyl)-2-[4-[(R)-methylsulfinyl]phenyl]-1H-imidazol-5-yl]pyridine	0.21623776399179145	1.2751605919720408	<0.0001	<0.0001	NPC
NMH002_NPC_6H:BRD-K64994968-001-24-2:10	DB00396	Progesterone	0.2002825494845622	1.2751302074897761	<0.0001	<0.0001	NPC
CPC014_NEU_24H:BRD-K99964838-001-03-6:10	DB06616	Bosutinib	-0.2325983124274633	-1.27492157064199	<0.0001	<0.0001	NEU
CPC018_NPC_24H:BRD-K88701661-001-01-1:10	DB14089	Dimercaptosuccinic acid	-0.20966595067516888	-1.2746023660514065	<0.0001	<0.0001	NPC
LJP009_NEU_24H:L21	DB12588	AZD-1480	0.22165398820462895	1.2744302816412063	<0.0001	<0.0001	NEU
LJP009_NPC.TAK_24H:L08	DB05984	RAF-265	-0.21759087744055677	-1.2744113740855476	<0.0001	<0.0001	NPC.TAK
CPC015_NPC_24H:BRD-K21450440-001-08-8:10	DB00562	Benzthiazide	-0.21742948236125384	-1.2741634646162514	<0.0001	<0.0001	NPC
NMH002_NPC_24H:BRD-K39965020-001-06-7:10	DB03756	Doconexent	0.2081277496884135	1.2741542966107986	<0.0001	<0.0001	NPC
LJP008_NEU_24H:G09	DB02546	Vorinostat	-0.23645114585847818	-1.2739447977268232	<0.0001	<0.0001	NEU
LJP009_NPC.TAK_24H:E23	DB08901	Ponatinib	-0.21035139365167072	-1.2738005627871798	<0.0001	<0.0001	NPC.TAK
CPC006_PL21_6H:BRD-K80738081-001-21-1:10	DB02709	Resveratrol	0.2009169043255127	1.2737998496292946	<0.0001	<0.0001	PL21
CPC016_NPC_24H:BRD-A19195498-050-09-1:10	DB00726	Trimipramine	0.21048966020069154	1.2737730137841161	<0.0001	<0.0001	NPC
LJP009_NPC.TAK_24H:D16	DB16108	TAK-715	-0.20859470220819487	-1.2735659454039059	<0.0001	<0.0001	NPC.TAK
CPC006_THP1_6H:BRD-K98404142-001-01-9:11.1	DB05107	16-Bromoepiandrosterone	0.2102750516249779	1.2733064138431316	<0.0001	<0.0001	THP1
LJP007_NPC.TAK_24H:B14	DB12200	Tivantinib	-0.20938498747469375	-1.2732759179834139	<0.0001	<0.0001	NPC.TAK
CPC017_NPC_24H:BRD-K35559145-050-03-6:10	DB01403	Methotrimeprazine	0.20305401883888893	1.2732456841820947	<0.0001	<0.0001	NPC
LJP009_NPC_24H:L22	DB12588	AZD-1480	-0.2073495662479913	-1.27323128335485	<0.0001	<0.0001	NPC
DOSBIO001_NPC_24H:BRD-A19500257:0.37037	DB02424	Geldanamycin	0.229967597498283	1.2731784989259023	<0.0001	<0.0001	NPC
LJP008_NPC.CAS9_24H:A09	DB07232	Veliparib	0.20705827078161876	1.2731600740634164	<0.0001	<0.0001	NPC.CAS9
CPC013_NEU_24H:BRD-K05926469-001-01-8:10	DB00480	Lenalidomide	0.20503962595691727	1.2730120310378474	<0.0001	<0.0001	NEU
DOSBIO001_NEU_24H:BRD-A19500257:1.11111	DB02424	Geldanamycin	0.23204781292587143	1.2726939568630091	<0.0001	<0.0001	NEU
LJP007_NEU_24H:P24	DB11886	Infigratinib	-0.2164296503921648	-1.2725026138566378	<0.0001	<0.0001	NEU
CPC017_NPC_24H:BRD-K13646352-001-01-2:10	DB06595	Midostaurin	-0.17403858330352567	-1.2723923450185568	<0.0001	<0.0001	NPC
AML001_U937_6H:BRD-K43389675:10	DB00694	Daunorubicin	-0.20631999311840415	-1.2721753316831292	<0.0001	<0.0001	U937
NMH002_NEU_24H:BRD-K67860401-001-04-9:10	DB01950	AR-AO-14418	0.20358816392623505	1.2720358800802043	<0.0001	<0.0001	NEU
CPC017_NPC_24H:BRD-K13533483-001-03-0:10	DB00091	Cyclosporine	-0.21528816518292113	-1.271967018976829	<0.0001	<0.0001	NPC
LJP007_NEU_24H:I10	DB06589	Pazopanib	0.23697194066134425	1.2718416903833794	<0.0001	<0.0001	NEU
LJP007_JURKAT_24H:M19	DB12874	Quizartinib	-0.21127433325260825	-1.2718342646766079	<0.0001	<0.0001	JURKAT
CPC014_NPC_24H:BRD-K37130656-001-01-2:10	DB06228	Rivaroxaban	0.20041562859818915	1.2716811444860343	<0.0001	<0.0001	NPC
LJP007_NPC_24H:C04	DB11800	Tivozanib	-0.21385241095558166	-1.2713230141364955	<0.0001	<0.0001	NPC
LJP008_NPC_24H:G18	DB01254	Dasatinib	0.21298648014854257	1.2711515149784671	<0.0001	<0.0001	NPC
LJP007_NPC.TAK_24H:E12	DB05913	OSI-930	0.2090607231623158	1.2710530283146106	<0.0001	<0.0001	NPC.TAK
CPC016_NEU_24H:BRD-A51393488-003-01-9:10	DB06174	Noscapine	-0.2617864176306964	-1.2709200579937325	<0.0001	<0.0001	NEU
CPC017_NPC_24H:BRD-K42693031-001-01-8:10	DB00222	Glimepiride	0.21789425689755998	1.2706803128958655	<0.0001	<0.0001	NPC
LJP007_JURKAT_24H:L07	DB11836	Sapanisertib	0.24100226161146499	1.2706541873473196	<0.0001	<0.0001	JURKAT
AML001_HL60_24H:BRD-K19706299:0.37037	DB00374	Treprostinil	-0.1749321447653236	-1.2705946182597803	<0.0001	<0.0001	HL60
LPROT001_NPC.TAK_6H:C18	DB12291	Tacedinaline	-0.21016761154892116	-1.270548037686665	<0.0001	<0.0001	NPC.TAK
NMH002_NPC_6H:BRD-K67860401-001-04-9:10	DB01950	AR-AO-14418	-0.20184157746885995	-1.2703911417260052	<0.0001	<0.0001	NPC
LJP009_NEU_24H:E07	DB01782	Pyrazolanthrone	-0.2178286013773609	-1.2700856028348948	<0.0001	<0.0001	NEU
CPC017_NPC_24H:BRD-K37289225-001-19-0:10	DB00363	Clozapine	-0.1924539955187083	-1.2698972588036022	<0.0001	<0.0001	NPC
LJP008_NPC_24H:I02	DB16239	Molibresib	0.21135710806454489	1.2698266829169123	<0.0001	<0.0001	NPC
CPC015_NPC_24H:BRD-K19136521-001-03-0:10	DB02052	Indirubin-3'-monoxime	-0.19623171762381625	-1.2692128252071049	<0.0001	<0.0001	NPC
NMH002_NPC_24H:BRD-K43736954-001-19-9:10	DB14681	Cortisone	0.21690504102967817	1.2691618538925755	<0.0001	<0.0001	NPC
LJP007_NPC_24H:E07	DB05913	OSI-930	0.2268459388334652	1.2689720115041603	<0.0001	<0.0001	NPC
CPC006_SKM1_6H:BRD-K82746043-001-03-7:10	DB12340	Navitoclax	0.19379414499765896	1.268747418841387	<0.0001	<0.0001	SKM1
CPC006_SKM1_6H:BRD-K14888893-001-05-6:10	DB00350	Minoxidil	-0.20169708027974284	-1.268352354276212	<0.0001	<0.0001	SKM1
NMH001_NPC_24H:BRD-K53857191-001-17-7:10	DB00734	Risperidone	0.20900762978932724	1.2682634523815657	<0.0001	<0.0001	NPC
LJP007_NEU_24H:D22	DB06616	Bosutinib	-0.22613380159492855	-1.268252790924473	<0.0001	<0.0001	NEU
CPC017_NPC_24H:BRD-K86882815-001-01-6:10	DB00248	Cabergoline	0.2086438371416445	1.2680541591400503	<0.0001	<0.0001	NPC
LJP008_NPC_24H:K23	DB12332	Rucaparib	-0.21141406500450005	-1.2679009663091942	<0.0001	<0.0001	NPC
CPC006_SKM1_6H:BRD-K71799949-001-20-8:96	DB00564	Carbamazepine	-0.20372101754905667	-1.267518914784801	<0.0001	<0.0001	SKM1
CPC014_NEU_24H:BRD-K83988098-003-01-8:10	DB12442	Alvespimycin	-0.19796533190120502	-1.2674035111660904	<0.0001	<0.0001	NEU
CPC006_THP1_6H:BRD-A38030642-001-02-0:10	DB00091	Cyclosporine	-0.21085198930749272	-1.2673920559101854	<0.0001	<0.0001	THP1
DOSBIO001_NEU_24H:BRD-K27305650:0.37037	DB02656	LY-294002	-0.21729692937186335	-1.2672257754871123	<0.0001	<0.0001	NEU
NMH002_NPC_6H:BRD-K45528773-001-04-9:10	DB02565	4-(dimethylamino)-N-[7-(hydroxyamino)-7-oxoheptyl]benzamide	-0.2275839057223816	-1.2672178823006088	<0.0001	<0.0001	NPC
LJP007_NPC.TAK_24H:B08	DB07970	5-[(2-methyl-5-{[3-(trifluoromethyl)phenyl]carbamoyl}phenyl)amino]pyridine-3-carboxamide	-0.21447853896206756	-1.267203246759407	<0.0001	<0.0001	NPC.TAK
LJP009_NPC_24H:H17	DB07138	Neflamapimod	-0.22397066159180487	-1.2670975268104798	<0.0001	<0.0001	NPC
CPC014_NPC_24H:BRD-K13514097-001-01-2:10	DB01590	Everolimus	-0.2011309418916307	-1.266951922180346	<0.0001	<0.0001	NPC
LJP007_NEU_24H:D12	DB08875	Cabozantinib	-0.19946237708285872	-1.2667513053365005	<0.0001	<0.0001	NEU
CPC014_NEU_24H:BRD-K98372770-001-04-1:10	DB08078	{4-[3-(4-acetyl-3-hydroxy-2-propylphenoxy)propoxy]phenoxy}acetic acid	0.19778244689908367	1.2667198067993277	<0.0001	<0.0001	NEU
LJP008_NEU_24H:J04	DB12116	Epigallocatechin gallate	-0.20818889318016068	-1.2667107227296632	<0.0001	<0.0001	NEU
CPC006_THP1_6H:BRD-A46335897-003-05-4:6.23	DB01069	Promethazine	-0.20656343255932036	-1.2656510655600366	<0.0001	<0.0001	THP1
CPC018_NPC_24H:BRD-K40530731-001-02-5:10	DB00572	Atropine	-0.1961707474110146	-1.2655097767789254	<0.0001	<0.0001	NPC
CPC006_U937_6H:BRD-K76964878-001-01-8:24	DB13978	Selisistat	-0.20542141345111914	-1.2654652455468276	<0.0001	<0.0001	U937
LJP008_NPC.CAS9_24H:G13	DB01254	Dasatinib	-0.20914923572159538	-1.2653852223766693	<0.0001	<0.0001	NPC.CAS9
LJP008_NEU_24H:A10	DB07232	Veliparib	0.20499105699483333	1.2651907795666106	<0.0001	<0.0001	NEU
CPC016_NEU_24H:BRD-K93658967-001-01-7:10	DB07364	6-PHENYL[5H]PYRROLO[2,3-B]PYRAZINE	0.20827043475333165	1.2651565122290496	<0.0001	<0.0001	NEU
LJP008_NEU_24H:D04	DB09074	Olaparib	-0.21115029329576585	-1.2649534258767317	<0.0001	<0.0001	NEU
CPC006_SKM1_6H:BRD-K61250553-003-13-2:10	DB00836	Loperamide	-0.19698711770659663	-1.2647220754371749	<0.0001	<0.0001	SKM1
CPC006_U937_6H:BRD-K19796430-001-01-5:10	DB09143	Sonidegib	-0.19997895137137314	-1.2646823632661681	<0.0001	<0.0001	U937
LJP008_NPC.CAS9_24H:L17	DB08756	Y-27632	0.2166464017621784	1.2644710272138406	<0.0001	<0.0001	NPC.CAS9
LJP007_NPC.TAK_24H:E03	DB11743	Ipatasertib	0.21730372229841288	1.2644689440744004	<0.0001	<0.0001	NPC.TAK
LJP008_NEU_24H:K08	DB11962	GSK-1059615	0.26519412741524956	1.264008669123386	<0.0001	<0.0001	NEU
LPROT003_NPC_6H:P09	DB02546	Vorinostat	-0.18980071821499458	-1.2639805333138765	<0.0001	<0.0001	NPC
CPC014_NPC_24H:BRD-K29582115-311-02-0:10	DB00246	Ziprasidone	0.19519349880833248	1.2637777952356704	<0.0001	<0.0001	NPC
LJP009_NPC.CAS9_24H:E20	DB08901	Ponatinib	-0.20127749345273865	-1.2637267252587305	<0.0001	<0.0001	NPC.CAS9
LJP009_NPC.CAS9_24H:F02	DB11962	GSK-1059615	-0.20218289471886994	-1.2637227556633404	<0.0001	<0.0001	NPC.CAS9
NMH002_NEU_6H:BRD-A64479082-310-01-0:10	DB00908	Quinidine	0.20017757061722047	1.2636733518220553	<0.0001	<0.0001	NEU
LJP009_NPC_24H:B23	DB16107	BI 2536	-0.22212981716827948	-1.2634381786155566	<0.0001	<0.0001	NPC
LJP008_NEU_24H:I08	DB11830	Mocetinostat	-0.2041852202325888	-1.2634109469025645	<0.0001	<0.0001	NEU
CPC006_NOMO1_6H:BRD-K40892394-001-01-9:11.1	DB07002	4-({4-[(4-methoxypyridin-2-yl)amino]piperidin-1-yl}carbonyl)benzonitrile	-0.21113574510811373	-1.2631266341705103	<0.0001	<0.0001	NOMO1
CPC006_U937_6H:BRD-A70449690-001-01-4:10	DB02587	Colforsin	-0.21368741271826253	-1.262588982041552	<0.0001	<0.0001	U937
LJP009_NPC.CAS9_24H:O02	DB07101	PD-0325901	0.21153474595575647	1.2622321764349287	<0.0001	<0.0001	NPC.CAS9
CPC018_NPC_24H:BRD-K80431395-001-02-4:10	DB12405	Triciribine	-0.19988274611709428	-1.2621934809454318	<0.0001	<0.0001	NPC
CPC006_NOMO1_6H:BRD-K81418486-001-13-7:11.1	DB02546	Vorinostat	-0.21907163406946648	-1.2619818797618845	<0.0001	<0.0001	NOMO1
LJP007_JURKAT_24H:D02	DB12494	SGI-1776	-0.20616449049999436	-1.261664464111334	<0.0001	<0.0001	JURKAT
LJP009_NEU_24H:F02	DB11962	GSK-1059615	-0.19669611716104257	-1.2614152824911953	<0.0001	<0.0001	NEU
NMH002_NPC_6H:BRD-K13927029-001-02-7:10	DB00162	Vitamin A	-0.1944637993339718	-1.261313408068007	<0.0001	<0.0001	NPC
LJP007_NPC.CAS9_24H:M19	DB12874	Quizartinib	-0.24814244750956413	-1.261183818208907	<0.0001	<0.0001	NPC.CAS9
LJP008_NPC.CAS9_24H:D22	DB13978	Selisistat	-0.20471332663165942	-1.261077659130633	<0.0001	<0.0001	NPC.CAS9
LJP007_NPC.CAS9_24H:D08	DB08875	Cabozantinib	0.2165515470820707	1.2609217505478818	<0.0001	<0.0001	NPC.CAS9
NMH001_NPC_24H:BRD-A14999564-001-01-0:10	DB07841	Geranylgeranyl diphosphate	0.20220284321018503	1.2606835171687558	<0.0001	<0.0001	NPC
NMH002_NEU_6H:BRD-K30984264-003-10-0:10	DB07919	Harmine	-0.2149233640278499	-1.2603383228510623	<0.0001	<0.0001	NEU
CPC006_WSUDLCL2_6H:BRD-K26657438-001-01-2:10	DB00724	Imiquimod	-0.21611651542569998	-1.2602250324644455	<0.0001	<0.0001	WSUDLCL2
LJP009_NPC.TAK_24H:E21	DB08901	Ponatinib	-0.2085949028661343	-1.2599712956104685	<0.0001	<0.0001	NPC.TAK
NMH002_NPC_24H:BRD-K88809146-065-01-2:10	DB02665	(1R,2S)-2-Phenylcyclopropanaminium	0.18692778623188103	1.259706373220925	<0.0001	<0.0001	NPC
LJP007_JURKAT_24H:P05	DB09054	Idelalisib	0.2078635069481018	1.2591305983601118	<0.0001	<0.0001	JURKAT
CPC006_PL21_6H:BRD-K59597909-001-10-1:10	DB11447	Phenothiazine	-0.20937839616713141	-1.2585136922951745	<0.0001	<0.0001	PL21
CPC006_PL21_6H:BRD-A19500257:10	DB02424	Geldanamycin	-0.20452655215078683	-1.2578676348139837	<0.0001	<0.0001	PL21
NMH002_NPC_24H:BRD-A64479082-310-01-0:10	DB00908	Quinidine	-0.23415592060642829	-1.2576018582228892	<0.0001	<0.0001	NPC
CPC012_NEU_24H:BRD-A61858259-001-01-0:10	DB11721	Mitoglitazone	0.1926222778130331	1.2575179842011102	<0.0001	<0.0001	NEU
CPC013_NPC_24H:BRD-K29905972-001-03-0:10	DB06626	Axitinib	-0.1925519442274651	-1.2570476191490323	<0.0001	<0.0001	NPC
CPC014_NEU_24H:BRD-A55756846-001-16-2:10	DB07996	5-(2-methylpiperazine-1-sulfonyl)isoquinoline	0.2381796737315996	1.2567881245844343	<0.0001	<0.0001	NEU
LJP008_NPC.TAK_24H:O06	DB07101	PD-0325901	0.19279725593703773	1.2563939949015581	<0.0001	<0.0001	NPC.TAK
CPC012_NEU_24H:BRD-M07438658-001-01-1:10	DB01259	Lapatinib	-0.21403592196983393	-1.2563739650444776	<0.0001	<0.0001	NEU
CPC006_THP1_6H:BRD-K87142802-001-02-7:10	DB07232	Veliparib	-0.2063978952421037	-1.2559142463792619	<0.0001	<0.0001	THP1
LJP007_NPC_24H:K06	DB12064	BMS-777607	-0.20939368613739404	-1.2559099621480723	<0.0001	<0.0001	NPC
CPC006_PL21_6H:BRD-A62025033-001-01-8:10	DB06287	Temsirolimus	-0.19409976380559324	-1.25582542052792	<0.0001	<0.0001	PL21
CPC006_WSUDLCL2_6H:BRD-A19633847-050-20-6:10	DB01074	Perhexiline	0.20783344979649804	1.2550533815525942	<0.0001	<0.0001	WSUDLCL2
CPC006_PL21_6H:BRD-K49456190-001-01-0:10	DB11684	APR-246	0.21352350611830045	1.2548485704044845	<0.0001	<0.0001	PL21
CPC006_THP1_6H:BRD-K56700933-001-01-3:10	DB12695	Phenethyl Isothiocyanate	0.20188351220635442	1.2545195347080018	<0.0001	<0.0001	THP1
LJP007_NPC.CAS9_24H:E07	DB05913	OSI-930	0.21648729675596576	1.2542256208229308	<0.0001	<0.0001	NPC.CAS9
CPC014_NPC_24H:BRD-K73838513-003-01-4:10	DB01012	Cinacalcet	0.208582557412213	1.2541768819918961	<0.0001	<0.0001	NPC
CPC016_NEU_24H:BRD-K18574842-323-03-3:10	DB00607	Nafcillin	-0.22213967344075022	-1.2539538118230666	<0.0001	<0.0001	NEU
LJP007_NPC_24H:H10	DB09053	Ibrutinib	0.1994216097270404	1.253708360277617	<0.0001	<0.0001	NPC
LJP008_NPC.TAK_24H:O04	DB07101	PD-0325901	0.20921197155676632	1.2532782746823756	<0.0001	<0.0001	NPC.TAK
NMH002_NPC_6H:BRD-A19500257-001-03-9:10	DB02424	Geldanamycin	0.22430202109319156	1.2524336766980857	<0.0001	<0.0001	NPC
LJP008_NEU_24H:G08	DB02546	Vorinostat	-0.2585981356390568	-1.2524003090514242	<0.0001	<0.0001	NEU
CPC006_WSUDLCL2_6H:BRD-K63195589-001-01-4:10	DB04960	Tipifarnib	-0.20717449159062107	-1.2523068576482723	<0.0001	<0.0001	WSUDLCL2
NMH002_NEU_24H:BRD-A56798952-001-01-5:1	DB06733	Bafilomycin A1	-0.1829921190425847	-1.2522123717243905	<0.0001	<0.0001	NEU
LJP007_JURKAT_24H:G14	DB01254	Dasatinib	0.2220391721283951	1.2518763139456817	<0.0001	<0.0001	JURKAT
CPC006_NOMO1_6H:BRD-K78513633-001-07-4:177.6	DB06266	Lonidamine	-0.18931048515562515	-1.2510528316781926	<0.0001	<0.0001	NOMO1
LJP007_NPC.TAK_24H:I16	DB11526	Masitinib	0.21026643502273373	1.2509753498087197	<0.0001	<0.0001	NPC.TAK
NMH002_NEU_6H:BRD-K35960502-001-16-8:10	DB06803	Niclosamide	-0.20607385716862406	-1.250864544854071	<0.0001	<0.0001	NEU
LJP007_JURKAT_24H:G18	DB01254	Dasatinib	-0.20975886138758562	-1.2507027536234279	<0.0001	<0.0001	JURKAT
CPC006_NOMO1_6H:BRD-K33583600-001-09-6:10	DB03285	Isoliquiritigenin	0.20542682665455722	1.2504739013548445	<0.0001	<0.0001	NOMO1
NMH002_NEU_6H:BRD-K24656285-001-04-4:10	DB02509	Farnesol	-0.19942530392882157	-1.2504343070529889	<0.0001	<0.0001	NEU
CPC014_NPC_24H:BRD-K10916986-001-01-6:10	DB00361	Vinorelbine	-0.20097380796201153	-1.2501318655534204	<0.0001	<0.0001	NPC
CPC015_NPC_24H:BRD-K21733600-001-06-7:10	DB00533	Rofecoxib	0.18131459059257138	1.250075975481192	<0.0001	<0.0001	NPC
NMH002_NEU_6H:BRD-K37270826-001-21-9:10	DB00834	Mifepristone	0.2108640302051288	1.2498048636215695	<0.0001	<0.0001	NEU
LPROT002_NPC.TAK_6H:I06	DB08877	Ruxolitinib	0.20031239792488237	1.249706722614109	<0.0001	<0.0001	NPC.TAK
LJP007_NPC.TAK_24H:K06	DB12064	BMS-777607	0.19488540289064923	1.2496446563412402	<0.0001	<0.0001	NPC.TAK
LJP009_NEU_24H:G18	DB01254	Dasatinib	-0.20161211031507123	-1.249525091678506	<0.0001	<0.0001	NEU
LJP008_NPC_24H:I12	DB11830	Mocetinostat	-0.2082242222094411	-1.2492887428750543	<0.0001	<0.0001	NPC
LJP008_NPC.CAS9_24H:M13	DB01262	Decitabine	-0.21690211192922934	-1.249206126429822	<0.0001	<0.0001	NPC.CAS9
NMH002_NPC_6H:BRD-K17561142-003-25-9:10	DB01118	Amiodarone	-0.18269334312723304	-1.2484644967178085	<0.0001	<0.0001	NPC
LJP008_NPC.TAK_24H:J05	DB12116	Epigallocatechin gallate	-0.1942582229727239	-1.2483003718128847	<0.0001	<0.0001	NPC.TAK
KHW001_SKM1_6H:BRD-A37630846-001-02-2:1	DB00694	Daunorubicin	-0.1884387605815622	-1.2481441491545069	<0.0001	<0.0001	SKM1
CPC015_NPC_24H:BRD-A49160188-003-04-4:10	DB07701	1-BENZYL-4-[(5,6-DIMETHOXY-1-INDANON-2-YL)METHYL]PIPERIDINE	-0.2020009905057436	-1.2479461728770742	<0.0001	<0.0001	NPC
CPC017_NPC_24H:BRD-K59574735-001-05-0:10	DB03424	Ubenimex	0.2056778646825959	1.2476599789228007	<0.0001	<0.0001	NPC
LJP007_NPC.TAK_24H:K04	DB12064	BMS-777607	0.20452374854649644	1.2476516278644365	<0.0001	<0.0001	NPC.TAK
CPC006_SKM1_6H:BRD-K41895714-001-02-2:10	DB04769	5-QUINOXALIN-6-YLMETHYLENE-THIAZOLIDINE-2,4-DIONE	0.21429303399936503	1.2475797506628372	<0.0001	<0.0001	SKM1
CPC014_NEU_24H:BRD-K63068307-001-02-2:10	DB12904	ZSTK-474	-0.20999855540199266	-1.2475484938801613	<0.0001	<0.0001	NEU
CPC014_NPC_24H:BRD-K89085489-001-10-9:10	DB05076	Fenretinide	-0.19325034390996543	-1.2473878068156672	<0.0001	<0.0001	NPC
CPC006_THP1_6H:BRD-A97437073-001-03-1:80	DB00412	Rosiglitazone	-0.20041002844228684	-1.2473311457462568	<0.0001	<0.0001	THP1
LJP009_NPC.TAK_24H:F03	DB11962	GSK-1059615	0.20383181245957324	1.2472415982570362	<0.0001	<0.0001	NPC.TAK
NMH001_NPC_6H:BRD-K12539581-001-18-7:10	DB08313	Nocodazole	0.21021619302941047	1.2471309010246843	<0.0001	<0.0001	NPC
LJP007_JURKAT_24H:P03	DB09054	Idelalisib	-0.20323493849699564	-1.246982971709618	<0.0001	<0.0001	JURKAT
CPC014_NPC_24H:BRD-A38878059-001-01-0:10	DB07557	3,20-Pregnanedione	-0.2116320932205173	-1.2466786608638882	<0.0001	<0.0001	NPC
CPC006_THP1_6H:BRD-K62965247-001-01-5:10	DB04960	Tipifarnib	-0.205638713195454	-1.2461334511068587	<0.0001	<0.0001	THP1
NMH002_NEU_24H:BRD-A93255169-001-21-8:10	DB01041	Thalidomide	0.20312002439188276	1.2458388832438532	<0.0001	<0.0001	NEU
CPC006_SKM1_6H:BRD-A56592690-001-01-9:30	DB05448	PX-12	-0.19329553773619793	-1.2456878337003126	<0.0001	<0.0001	SKM1
CPC017_NPC_24H:BRD-K74141488-003-03-9:10	DB00735	Naftifine	-0.20176210021632146	-1.2456861638608	<0.0001	<0.0001	NPC
DOSBIO002_NPC_24H:BRD-A90490067:3.33333	DB00947	Fulvestrant	-0.2023147925448385	-1.2456463291818833	<0.0001	<0.0001	NPC
CPC016_NPC_24H:BRD-A58207013-001-01-2:10	DB06762	Pinacidil	-0.21129585987144178	-1.245552903543666	<0.0001	<0.0001	NPC
LJP009_NPC.TAK_24H:E13	DB13113	JNJ-38877605	0.20415582095378418	1.2443876778101122	<0.0001	<0.0001	NPC.TAK
CPC016_NEU_24H:BRD-K00959089-001-01-4:10	DB04795	Thenoyltrifluoroacetone	0.20423215421155055	1.2442488829401936	<0.0001	<0.0001	NEU
LJP007_JURKAT_24H:D03	DB12494	SGI-1776	-0.2031192230867538	-1.2437948768969924	<0.0001	<0.0001	JURKAT
DOSBIO002_NPC_24H:BRD-A75409952:3.33333	DB08059	Wortmannin	0.20037127362164847	1.24334203832091	<0.0001	<0.0001	NPC
LJP009_NPC.CAS9_24H:N09	DB08896	Regorafenib	-0.2055496017810191	-1.2431882104883163	<0.0001	<0.0001	NPC.CAS9
LPROT001_NPC.TAK_6H:E14	DB04297	Trichostatin A	0.21238316048071024	1.2423752683460736	<0.0001	<0.0001	NPC.TAK
NMH002_NPC_6H:BRD-K37270826-001-21-9:10	DB00834	Mifepristone	-0.20953957792472103	-1.2418571394537758	<0.0001	<0.0001	NPC
CPC006_THP1_6H:BRD-A58048407-001-10-5:10	DB00393	Nimodipine	-0.2075622247149113	-1.241450754348872	<0.0001	<0.0001	THP1
LJP007_JURKAT_24H:D19	DB06616	Bosutinib	-0.2128816305028401	-1.2413160569442931	<0.0001	<0.0001	JURKAT
CPC006_PL21_6H:BRD-K82818427-001-01-4:44.4	DB03880	Batimastat	-0.20497526282754613	-1.2411615315668612	<0.0001	<0.0001	PL21
CPC017_NPC_24H:BRD-K62310379-001-03-0:10	DB00588	Fluticasone propionate	-0.20344158405368165	-1.2409553386397445	<0.0001	<0.0001	NPC
NMH002_NPC_24H:BRD-K64994968-001-24-2:10	DB00396	Progesterone	0.21355873255962132	1.2402175925690226	<0.0001	<0.0001	NPC
CPC013_NEU_24H:BRD-K71512533-001-01-7:10	DB06134	SNS-314	-0.20898601437851275	-1.2400344550456597	<0.0001	<0.0001	NEU
LJP008_NEU_24H:M01	DB02709	Resveratrol	-0.20007880932785937	-1.2399672610402759	<0.0001	<0.0001	NEU
CPC014_NPC_24H:BRD-A74904029-001-05-7:10	DB08473	Dichlororibofuranosylbenzimidazole	-0.20695228103088079	-1.239855514808859	<0.0001	<0.0001	NPC
LJP007_NPC.CAS9_24H:D21	DB06616	Bosutinib	0.21050500425673963	1.2398094549904797	<0.0001	<0.0001	NPC.CAS9
LJP007_NPC.TAK_24H:P05	DB09054	Idelalisib	-0.2072706758866934	-1.2396197673643836	<0.0001	<0.0001	NPC.TAK
CPC014_NPC_24H:BRD-K89085489-001-11-7:10	DB05076	Fenretinide	-0.1890750123885546	-1.2394260508627308	<0.0001	<0.0001	NPC
LJP007_JURKAT_24H:P10	DB07859	4-(4-CHLOROPHENYL)-4-[4-(1H-PYRAZOL-4-YL)PHENYL]PIPERIDINE	0.19824435270002444	1.2393733831501204	<0.0001	<0.0001	JURKAT
CPC014_NEU_24H:BRD-K62959606-001-10-4:10	DB03203	Sphingosine	0.19873391603148316	1.2393383797975666	<0.0001	<0.0001	NEU
CPC006_NOMO1_6H:BRD-K13049116-001-01-6:10	DB15399	BMS-754807	0.20097564156537934	1.2392392532823482	<0.0001	<0.0001	NOMO1
LPROT002_NPC.TAK_6H:E10	DB12463	Semagacestat	0.20077187541887467	1.2390564908308985	<0.0001	<0.0001	NPC.TAK
CPC014_NPC_24H:BRD-K08206212-001-01-2:10	DB00442	Entecavir	0.21028228581168337	1.2388718968170227	<0.0001	<0.0001	NPC
LJP007_NPC.CAS9_24H:E09	DB05913	OSI-930	0.20647078036949462	1.23853919993151	<0.0001	<0.0001	NPC.CAS9
LJP007_NPC.TAK_24H:P18	DB05294	Vandetanib	0.20854800181816283	1.237806561634882	<0.0001	<0.0001	NPC.TAK
CPC016_NPC_24H:BRD-K73999723-001-02-2:10	DB00966	Telmisartan	0.20631270357438028	1.2373699694464244	<0.0001	<0.0001	NPC
LJP009_NEU_24H:I13	DB12146	Rigosertib	-0.2027699605451009	-1.2365119417745143	<0.0001	<0.0001	NEU
LJP007_NPC.CAS9_24H:J22	DB03044	Doramapimod	-0.20466110801239046	-1.236225477007275	<0.0001	<0.0001	NPC.CAS9
CPC014_NPC_24H:BRD-K77390737-001-03-2:10	DB15359	Xanthohumol	0.20148571166347315	1.2360155371508308	<0.0001	<0.0001	NPC
LJP008_NPC.CAS9_24H:M04	DB02709	Resveratrol	0.19823478616496573	1.235117859901372	<0.0001	<0.0001	NPC.CAS9
LJP007_NPC.TAK_24H:E05	DB11743	Ipatasertib	0.19498779437624106	1.2344943584816837	<0.0001	<0.0001	NPC.TAK
LJP009_NPC.TAK_24H:L20	DB12588	AZD-1480	-0.19861772783274195	-1.2344549735694554	<0.0001	<0.0001	NPC.TAK
NMH002_NEU_6H:BRD-K97808269-001-01-9:10	DB04382	2-Deoxy-alpha-D-galactopyranose	0.2011934790846752	1.2335353430595508	<0.0001	<0.0001	NEU
CPC014_NEU_24H:BRD-K84639753-066-01-9:10	DB06654	Safinamide	-0.2011097187548771	-1.233452863497405	<0.0001	<0.0001	NEU
LJP008_NPC.TAK_24H:G21	DB00928	Azacitidine	-0.2020135910836818	-1.2333627870300046	<0.0001	<0.0001	NPC.TAK
LJP007_NEU_24H:P13	DB05294	Vandetanib	-0.20067685247997144	-1.2329699637665954	<0.0001	<0.0001	NEU
NMH002_NPC_24H:BRD-K21283037-001-15-7:10	DB00740	Riluzole	0.193849271730814	1.232722033787222	<0.0001	<0.0001	NPC
LJP007_NPC.TAK_24H:M23	DB12874	Quizartinib	0.20064851226107874	1.2324989605646046	<0.0001	<0.0001	NPC.TAK
CPC018_NPC_24H:BRD-A50684349-001-01-5:10	DB00800	Fenoldopam	0.19354280788991027	1.2320812197772966	<0.0001	<0.0001	NPC
CPC006_THP1_6H:BRD-K89732114-001-05-9:10	DB00831	Trifluoperazine	-0.20933597361976478	-1.232040077441758	<0.0001	<0.0001	THP1
CPC006_NOMO1_6H:BRD-K98548675-001-02-6:10	DB13063	Parthenolide	-0.20442324647303353	-1.2319964617948134	<0.0001	<0.0001	NOMO1
LJP007_NPC.CAS9_24H:E06	DB11743	Ipatasertib	0.20016038067199474	1.2317538160436297	<0.0001	<0.0001	NPC.CAS9
LJP009_NPC_24H:G17	DB01254	Dasatinib	0.20257420716226995	1.231486080575546	<0.0001	<0.0001	NPC
CPC006_U937_6H:BRD-A56592690-001-01-9:30	DB05448	PX-12	0.1993278555158007	1.2301880235495701	<0.0001	<0.0001	U937
LPROT003_NPC_6H:H23	DB01950	AR-AO-14418	0.20323955193505305	1.2298929113279806	<0.0001	<0.0001	NPC
LJP007_JURKAT_24H:M23	DB12874	Quizartinib	-0.19868023646652022	-1.2298082078635615	<0.0001	<0.0001	JURKAT
LJP007_JURKAT_24H:B13	DB12200	Tivantinib	-0.19300360030828076	-1.229791269713586	<0.0001	<0.0001	JURKAT
CPC018_NPC_24H:BRD-K32501161-300-04-7:10	DB03701	Vanoxerine	-0.19171031924073412	-1.2297310316714727	<0.0001	<0.0001	NPC
CPC017_NPC_24H:BRD-K68246049-001-01-4:10	DB02877	Arotinoid acid	-0.20497925903540526	-1.229721467976699	<0.0001	<0.0001	NPC
LJP007_JURKAT_24H:O03	DB07101	PD-0325901	-0.20375354052512878	-1.2293138182589336	<0.0001	<0.0001	JURKAT
NMH002_NPC_6H:BRD-K37846922-001-08-6:10	DB11875	3,3'-diindolylmethane	0.1983241809618978	1.2288905408999167	<0.0001	<0.0001	NPC
CPC018_NPC_24H:BRD-K98530306-003-06-8:10	DB00575	Clonidine	-0.1945820303770848	-1.228770609931872	<0.0001	<0.0001	NPC
NMH002_NPC_6H:BRD-K79254416-001-12-7:10	DB01262	Decitabine	-0.2030228970620005	-1.2287391315617007	<0.0001	<0.0001	NPC
NMH002_NPC_24H:BRD-K27450477-003-06-8:10	DB07711	(2S,3R)-3-(6-amino-9H-purin-9-yl)nonan-2-ol	0.18987838996310408	1.2287007502745115	<0.0001	<0.0001	NPC
NMH001_NPC_24H:BRD-K09416995-001-32-4:10	DB00227	Lovastatin	0.19832394343829646	1.2280727930732287	<0.0001	<0.0001	NPC
KMS002_NOMO1_24H:BRD-K81418486-001-01-2:9.99	DB02546	Vorinostat	0.16977253841784035	1.2279030425327973	<0.0001	<0.0001	NOMO1
CPC006_SKM1_6H:BRD-A75817871-001-04-2:40	DB01944	(S)-blebbistatin	0.19519023341961408	1.2270844008867954	<0.0001	<0.0001	SKM1
LJP009_NPC.CAS9_24H:K21	DB12432	CC-401	0.1989512729683869	1.2265506336845742	<0.0001	<0.0001	NPC.CAS9
LJP007_NEU_24H:D08	DB08875	Cabozantinib	0.19776513540122898	1.2263381874146906	<0.0001	<0.0001	NEU
CPC014_NEU_24H:BRD-K36529613-001-01-8:10	DB12638	PU-H71	0.2565885634116671	1.2262222417993764	<0.0001	<0.0001	NEU
NMH002_NEU_6H:BRD-K28912512-001-19-0:10	DB02701	Nicotinamide	0.1874364017645134	1.2261667442652597	<0.0001	<0.0001	NEU
CPC006_THP1_6H:BRD-K78126613-001-16-0:10	DB00170	Menadione	-0.19940749706697772	-1.2261339480266202	<0.0001	<0.0001	THP1
CPC006_SKM1_6H:BRD-A58048407-001-10-5:10	DB00393	Nimodipine	-0.20411390124979742	-1.2260611052934913	<0.0001	<0.0001	SKM1
LJP008_NPC.CAS9_24H:N09	DB02665	(1R,2S)-2-Phenylcyclopropanaminium	0.19886420713627861	1.2254966038023085	<0.0001	<0.0001	NPC.CAS9
LJP007_JURKAT_24H:E12	DB05913	OSI-930	-0.20116528615402707	-1.22513339885788	<0.0001	<0.0001	JURKAT
LPROT003_NPC_6H:H13	DB12270	Losmapimod	0.1872201235507005	1.2250312007347026	<0.0001	<0.0001	NPC
CPC018_NPC_24H:BRD-A02006392-001-09-9:10	DB01054	Nitrendipine	-0.20081632117960144	-1.2246309629341607	<0.0001	<0.0001	NPC
NMH001_NEU_6H:BRD-K95739795-001-02-9:10	DB12161	Deutetrabenazine	0.18401316980233343	1.2246172466689533	<0.0001	<0.0001	NEU
CPC014_NPC_24H:BRD-K37846922-001-07-8:10	DB11875	3,3'-diindolylmethane	-0.1996299277163143	-1.2245532720530516	<0.0001	<0.0001	NPC
CPC006_NOMO1_6H:BRD-A69951442-001-01-3:10	DB01234	Dexamethasone	0.2021961108396953	1.2243284800606067	<0.0001	<0.0001	NOMO1
CPC016_NEU_24H:BRD-K90789829-003-03-3:10	DB01149	Nefazodone	0.19503272187017245	1.2243016563536526	<0.0001	<0.0001	NEU
LJP009_NPC.TAK_24H:H17	DB07138	Neflamapimod	0.1928071865071594	1.2241857315243907	<0.0001	<0.0001	NPC.TAK
LJP008_NPC_24H:C11	DB13877	Iniparib	0.20226685535275943	1.2238365225880572	<0.0001	<0.0001	NPC
LJP007_NEU_24H:I18	DB11526	Masitinib	0.18625223163723958	1.2235855682393706	<0.0001	<0.0001	NEU
AML001_U937_24H:BRD-K93754473:0.49846	DB00675	Tamoxifen	0.19806813183587546	1.2230675431114781	<0.0001	<0.0001	U937
LJP009_NPC.CAS9_24H:E11	DB01782	Pyrazolanthrone	-0.206006087433412	-1.2229774131244362	<0.0001	<0.0001	NPC.CAS9
CPC006_NOMO1_6H:BRD-K17561142-003-16-8:10	DB01118	Amiodarone	0.19085240979950535	1.2226728209794566	<0.0001	<0.0001	NOMO1
CPC015_NPC_24H:BRD-K67017579-001-16-6:10	DB01166	Cilostazol	-0.19851826104785517	-1.222553611378418	<0.0001	<0.0001	NPC
CPC014_NPC_24H:BRD-A75409952:10	DB08059	Wortmannin	0.2010248197247415	1.2225131202480208	<0.0001	<0.0001	NPC
NMH002_NEU_6H:BRD-K43797669-001-16-3:10	DB01645	Genistein	0.20302484522005892	1.2218456146687384	<0.0001	<0.0001	NEU
LJP008_NPC.CAS9_24H:M03	DB02709	Resveratrol	-0.20085899330183066	-1.2217098252064524	<0.0001	<0.0001	NPC.CAS9
CPC006_PL21_6H:BRD-K78659596-001-01-3:10	DB09570	Ixazomib	-0.18582964389492163	-1.2214863322560592	<0.0001	<0.0001	PL21
LJP007_NPC_24H:E09	DB05913	OSI-930	0.1991766417029752	1.2206068049815915	<0.0001	<0.0001	NPC
CPC016_NPC_24H:BRD-K37848908-001-03-1:10	DB00923	Ceforanide	0.19304175632846773	1.2203729794973603	<0.0001	<0.0001	NPC
LPROT003_NPC_6H:F15	DB11794	Berzosertib	0.20131488151725058	1.220147527880746	<0.0001	<0.0001	NPC
CPC015_NPC_24H:BRD-K57569181-001-16-8:10	DB00806	Pentoxifylline	0.18802295979637695	1.2197123688360425	<0.0001	<0.0001	NPC
CPC006_WSUDLCL2_6H:BRD-K48692744-001-01-2:10	DB02690	NU1025	0.19303127663171474	1.2192068901176571	<0.0001	<0.0001	WSUDLCL2
CPC006_THP1_6H:BRD-K33583600-001-09-6:10	DB03285	Isoliquiritigenin	0.19524606774285144	1.2189930637460946	<0.0001	<0.0001	THP1
NMH002_NEU_24H:BRD-K59773493-001-01-9:10	DB01924	Benzhydroxamic Acid	-0.1982866626827897	-1.2179779344686519	<0.0001	<0.0001	NEU
CPC006_U937_6H:BRD-K81473043-001-04-7:0.35	DB05134	Tanespimycin	-0.18372320586836044	-1.2179513972115732	<0.0001	<0.0001	U937
LJP009_NPC_24H:M18	DB06314	SGX-523	-0.19443156298807596	-1.2178377227032153	<0.0001	<0.0001	NPC
NMH001_NPC_6H:BRD-K25075681-001-01-2:10	DB06455	Meclinertant	-0.1925685323616628	-1.2169590781746018	<0.0001	<0.0001	NPC
DOSBIO001_NEU_24H:BRD-A75409952:3.33333	DB08059	Wortmannin	-0.18810468777940312	-1.216950107979018	<0.0001	<0.0001	NEU
CPC015_NPC_24H:BRD-K91315211-300-03-2:10	DB06698	Betahistine	0.18654042738203622	1.2166947969637278	<0.0001	<0.0001	NPC
CPC006_WSUDLCL2_6H:BRD-K28307902-001-10-0:28.96	DB00499	Flutamide	-0.2042220632462096	-1.2163659523602681	<0.0001	<0.0001	WSUDLCL2
CPC014_NEU_24H:BRD-K13927029-001-01-9:10	DB00162	Vitamin A	-0.20028712061247997	-1.2150006244383735	<0.0001	<0.0001	NEU
LJP008_NPC_24H:I05	DB16239	Molibresib	0.19582956571763915	1.2149857654666	<0.0001	<0.0001	NPC
CPC006_WSUDLCL2_6H:BRD-K35723520-001-01-0:10	DB06179	Darinaparsin	0.19728646758234705	1.2149408955803511	<0.0001	<0.0001	WSUDLCL2
LJP009_NPC.CAS9_24H:F04	DB11962	GSK-1059615	0.19575607476588505	1.2148398308753594	<0.0001	<0.0001	NPC.CAS9
CPC015_NPC_24H:BRD-A22143024-231-02-0:10	DB04574	Estrone sulfate	-0.18926139846112572	-1.2148326517839374	<0.0001	<0.0001	NPC
LJP009_NEU_24H:H17	DB07138	Neflamapimod	-0.1978620838587346	-1.2148096453595463	<0.0001	<0.0001	NEU
NMH002_NPC_6H:BRD-K17953061-001-12-7:10	DB02010	Staurosporine	-0.18696914151824914	-1.2142905331573803	<0.0001	<0.0001	NPC
LJP009_NPC.CAS9_24H:I14	DB12146	Rigosertib	0.20845446716442828	1.2138959469760504	<0.0001	<0.0001	NPC.CAS9
CPC015_NPC_24H:BRD-K66019333-096-01-2:10	DB13670	Oxantel	0.18624883620116303	1.213590416453744	<0.0001	<0.0001	NPC
AML001_U937_24H:BRD-A45664787:0.37037	DB01088	Iloprost	-0.19625999772174652	-1.2132603498911176	<0.0001	<0.0001	U937
NMH002_NEU_6H:BRD-K06902185-001-13-6:10	DB00350	Minoxidil	0.19000295881768622	1.212555851214891	<0.0001	<0.0001	NEU
LPROT003_NPC_6H:L23	DB11952	Duvelisib	-0.20291062846234803	-1.2117370381820285	<0.0001	<0.0001	NPC
NMH001_NEU_24H:BRD-A95696066-001-01-7:10	DB09186	Nisoxetine	0.19398867374315087	1.2116168059229597	<0.0001	<0.0001	NEU
NMH001_NEU_6H:BRD-A93269281-001-01-4:10	DB00758	Clopidogrel	0.1923981496185491	1.2112624376815162	<0.0001	<0.0001	NEU
CPC014_NEU_24H:BRD-K16485616-001-03-0:10	DB11830	Mocetinostat	-0.19724513904525945	-1.2109497052015228	<0.0001	<0.0001	NEU
LJP007_NPC.TAK_24H:B17	DB12200	Tivantinib	-0.1852484572732415	-1.2108110827634948	<0.0001	<0.0001	NPC.TAK
CPC015_NPC_24H:BRD-K00603606-003-13-3:10	DB00208	Ticlopidine	-0.18213657691091995	-1.210558467099101	<0.0001	<0.0001	NPC
LJP009_NPC_24H:L12	DB05984	RAF-265	-0.19585542333269856	-1.210196662021773	<0.0001	<0.0001	NPC
CPC006_THP1_6H:BRD-A70449690-001-01-4:10	DB02587	Colforsin	0.18487083904319654	1.210165601501221	<0.0001	<0.0001	THP1
LJP007_NPC_24H:B13	DB12200	Tivantinib	0.20035443252958887	1.2100986549422144	<0.0001	<0.0001	NPC
LPROT003_NPC_6H:J09	DB12006	BMS-906024	0.20240473147399748	1.2099324204407989	<0.0001	<0.0001	NPC
LJP007_NPC.TAK_24H:P06	DB09054	Idelalisib	0.19652626964455625	1.209765798962106	<0.0001	<0.0001	NPC.TAK
LJP009_NPC_24H:M15	DB06314	SGX-523	0.19418756010740018	1.2097571471022488	<0.0001	<0.0001	NPC
CPC014_NPC_24H:BRD-K99616396-001-01-0:10	DB05575	Motesanib	-0.19366271097606727	-1.2089348632552661	<0.0001	<0.0001	NPC
LJP008_NPC_24H:J06	DB12116	Epigallocatechin gallate	0.2005277180001754	1.2085229147251735	<0.0001	<0.0001	NPC
LJP009_NEU_24H:P22	DB09074	Olaparib	-0.19517683801669478	-1.2082397074709084	<0.0001	<0.0001	NEU
CPC015_NPC_24H:BRD-A09056319-001-05-5:10	DB00346	Alfuzosin	0.18864047996129799	1.2077907678205355	<0.0001	<0.0001	NPC
CPC006_SKM1_6H:BRD-K88510285-001-01-2:0.04	DB00188	Bortezomib	-0.19271631514264764	-1.2072216962175393	<0.0001	<0.0001	SKM1
NMH002_NPC_6H:BRD-A56798952-001-01-5:10	DB06733	Bafilomycin A1	-0.19713680217077728	-1.2069703636646874	<0.0001	<0.0001	NPC
CPC006_U937_6H:BRD-K12994359-001-07-7:177.6	DB00580	Valdecoxib	0.19420788165287203	1.2065515273494245	<0.0001	<0.0001	U937
CPC006_WSUDLCL2_6H:BRD-K76205745-237-05-8:160	DB00678	Losartan	0.20290401390814486	1.2061276632152442	<0.0001	<0.0001	WSUDLCL2
CPC015_NPC_24H:BRD-K82941592-238-02-9:10	DB01098	Rosuvastatin	0.20602652493538154	1.2058375874262321	<0.0001	<0.0001	NPC
CPC013_NPC_24H:BRD-K56334280-001-01-0:10	DB05022	Amonafide	-0.18568750216877372	-1.205443776393512	<0.0001	<0.0001	NPC
CPC006_WSUDLCL2_6H:BRD-K55966568-001-01-3:6	DB12072	Orantinib	0.19344989114110644	1.2052581544483358	<0.0001	<0.0001	WSUDLCL2
CPC006_SKM1_6H:BRD-K68185022-001-06-4:70.07	DB15588	Ursolic acid	-0.19042545438002964	-1.2050086324040008	<0.0001	<0.0001	SKM1
PCLB001_JURKAT_24H:BRD-K36452089-001-01-8:2.5	DB07726	t-Butylhydroquinone	-0.19564180982247076	-1.2048753013571147	<0.0001	<0.0001	JURKAT
CPC006_THP1_6H:BRD-K19796430-001-01-5:10	DB09143	Sonidegib	-0.1960741914015186	-1.2048611099472741	<0.0001	<0.0001	THP1
NMH002_NEU_6H:BRD-K77947974-001-14-8:10	DB04842	Fluspirilene	0.18919966265376287	1.2047208545047654	<0.0001	<0.0001	NEU
LJP009_NPC_24H:D21	DB13061	MLN8054	-0.19352263333898814	-1.204630825698216	<0.0001	<0.0001	NPC
CPC016_NPC_24H:BRD-K97440753-066-03-3:10	DB13345	Dihydroergocristine	0.19436606227440223	1.2046067601642785	<0.0001	<0.0001	NPC
LJP007_NPC_24H:F17	DB12247	AZD-4547	-0.19724753616817087	-1.2041702612099547	<0.0001	<0.0001	NPC
NMH002_NPC_6H:BRD-A30142024-001-01-1:10	DB04447	1,4-Dithiothreitol	0.20097359809110674	1.2041285293412303	<0.0001	<0.0001	NPC
LJP008_NPC.TAK_24H:D03	DB09074	Olaparib	0.19892653588052162	1.2038011987669286	<0.0001	<0.0001	NPC.TAK
CPC006_PL21_6H:BRD-K98404142-001-01-9:11.1	DB05107	16-Bromoepiandrosterone	0.19525433178684762	1.2037465022185847	<0.0001	<0.0001	PL21
NMH001_NPC_24H:BRD-A33749298-002-01-7:10	DB03585	Oxyphenbutazone	0.20300056356506446	1.2035152494363828	<0.0001	<0.0001	NPC
CPC006_SKM1_6H:BRD-K40892394-001-01-9:11.1	DB07002	4-({4-[(4-methoxypyridin-2-yl)amino]piperidin-1-yl}carbonyl)benzonitrile	0.18217578434639436	1.2032803176307685	<0.0001	<0.0001	SKM1
LJP007_NPC.CAS9_24H:M13	DB07460	2-({5-CHLORO-2-[(2-METHOXY-4-MORPHOLIN-4-YLPHENYL)AMINO]PYRIMIDIN-4-YL}AMINO)-N-METHYLBENZAMIDE	-0.18891482111935273	-1.203238692381774	<0.0001	<0.0001	NPC.CAS9
LJP007_JURKAT_24H:H10	DB09053	Ibrutinib	0.1970509225582039	1.202798957075761	<0.0001	<0.0001	JURKAT
LJP007_NPC.CAS9_24H:I20	DB13005	Rebastinib	-0.19628282112931938	-1.2021630050177077	<0.0001	<0.0001	NPC.CAS9
CPC018_NPC_24H:BRD-A56012032-001-05-6:10	DB08626	Thiorphan	0.19328985122584935	1.2020721908404497	<0.0001	<0.0001	NPC
NMH002_NPC_6H:BRD-K71799949-001-29-9:10	DB00564	Carbamazepine	0.174183049378702	1.201650621223706	<0.0001	<0.0001	NPC
CPC018_NPC_24H:BRD-K37270826-001-16-9:10	DB00834	Mifepristone	-0.18823282100863364	-1.2012187793073161	<0.0001	<0.0001	NPC
NMH001_NPC_24H:BRD-A14240607-001-01-8:10	DB13251	Octopamine	0.18017437395080163	1.2005973586849865	<0.0001	<0.0001	NPC
LJP009_NPC.CAS9_24H:B24	DB16107	BI 2536	0.19311705593271217	1.2002480523443384	<0.0001	<0.0001	NPC.CAS9
CPC018_NPC_24H:BRD-K35531059-001-02-4:10	DB09282	Molsidomine	-0.19135814450081973	-1.1987473749571969	<0.0001	<0.0001	NPC
LJP007_JURKAT_24H:B09	DB07970	5-[(2-methyl-5-{[3-(trifluoromethyl)phenyl]carbamoyl}phenyl)amino]pyridine-3-carboxamide	-0.19656105129973536	-1.1986267566500837	<0.0001	<0.0001	JURKAT
CPC006_U937_6H:BRD-K33583600-001-09-6:10	DB03285	Isoliquiritigenin	0.2009121878011903	1.1983985720839132	<0.0001	<0.0001	U937
LJP009_NEU_24H:G09	DB08521	4-[4-(4-Fluorophenyl)-2-[4-[(R)-methylsulfinyl]phenyl]-1H-imidazol-5-yl]pyridine	0.18915538701704668	1.1983383934167882	<0.0001	<0.0001	NEU
CPC006_U937_6H:BRD-K02113016-001-01-4:44.4	DB09074	Olaparib	0.19705264348611676	1.1979365968151556	<0.0001	<0.0001	U937
CPC006_WSUDLCL2_6H:BRD-K61250553-003-13-2:10	DB00836	Loperamide	0.19690177475317028	1.197715132917159	<0.0001	<0.0001	WSUDLCL2
CPC017_NPC_24H:BRD-K81272440-236-06-9:10	DB01219	Dantrolene	-0.1939985756825545	-1.196635419363391	<0.0001	<0.0001	NPC
LPROT003_NPC_6H:H21	DB01950	AR-AO-14418	0.19112924924345284	1.1963412722008762	<0.0001	<0.0001	NPC
LJP009_NPC_24H:D13	DB16108	TAK-715	0.1971154744791866	1.19615858251121	<0.0001	<0.0001	NPC
LPROT001_NPC.TAK_6H:M04	DB12920	Pinometostat	-0.19472912565994702	-1.1961537326506533	<0.0001	<0.0001	NPC.TAK
CPC006_WSUDLCL2_6H:BRD-A70449690-001-01-4:10	DB02587	Colforsin	0.19281862387523785	1.1960796399986287	<0.0001	<0.0001	WSUDLCL2
LJP009_NPC.CAS9_24H:L23	DB12588	AZD-1480	-0.19118745387723834	-1.1953679707049236	<0.0001	<0.0001	NPC.CAS9
CPC006_WSUDLCL2_6H:BRD-A84481105-003-17-2:10	DB00679	Thioridazine	-0.19606984810438288	-1.1951847803330515	<0.0001	<0.0001	WSUDLCL2
NMH002_NPC_6H:BRD-K00959089-001-02-2:10	DB04795	Thenoyltrifluoroacetone	0.1758628002230425	1.1947803315692185	<0.0001	<0.0001	NPC
LPROT003_NPC_6H:F09	DB12021	Dinaciclib	-0.19438098185234065	-1.1946228755683976	<0.0001	<0.0001	NPC
CPC016_NEU_24H:BRD-K59058766-003-15-1:10	DB01239	Chlorprothixene	-0.18863217367150004	-1.1942780586488253	<0.0001	<0.0001	NEU
LJP007_NPC.TAK_24H:B10	DB07970	5-[(2-methyl-5-{[3-(trifluoromethyl)phenyl]carbamoyl}phenyl)amino]pyridine-3-carboxamide	-0.19502560997131138	-1.1941015599908316	<0.0001	<0.0001	NPC.TAK
NMH001_NPC_6H:BRD-A69512159-001-04-0:10	DB00190	Carbidopa	-0.18980652461671427	-1.1936713358342912	<0.0001	<0.0001	NPC
CPC006_U937_6H:BRD-K98404142-001-01-9:11.1	DB05107	16-Bromoepiandrosterone	-0.19611751557773602	-1.1936475089009637	<0.0001	<0.0001	U937
NMH002_NEU_6H:BRD-A16694057-001-05-0:10	DB14083	Bisphenol A diglycidyl ether	-0.19574392992642198	-1.1932537023512733	<0.0001	<0.0001	NEU
DOSBIO001_NEU_24H:BRD-A13084692:10	DB08607	(5R)-5-(4-{[(2R)-6-HYDROXY-2,5,7,8-TETRAMETHYL-3,4-DIHYDRO-2H-CHROMEN-2-YL]METHOXY}BENZYL)-1,3-THIAZOLIDINE-2,4-DIONE	0.19000736663120307	1.1930741438054506	<0.0001	<0.0001	NEU
LJP007_NPC.TAK_24H:C01	DB11800	Tivozanib	-0.1918768138340073	-1.1927580615635875	<0.0001	<0.0001	NPC.TAK
LJP008_NPC_24H:D19	DB13978	Selisistat	-0.19578735983150827	-1.1927004304494528	<0.0001	<0.0001	NPC
LJP008_NPC_24H:L16	DB08756	Y-27632	-0.1876288211659996	-1.191444380381365	<0.0001	<0.0001	NPC
NMH001_NEU_24H:BRD-K67097529-001-01-1:10	DB04466	SR12813	-0.19689576783631016	-1.1912676445354655	<0.0001	<0.0001	NEU
CPC017_NPC_24H:BRD-K25591257-001-01-2:10	DB02709	Resveratrol	0.18639292801595847	1.1911433016919446	<0.0001	<0.0001	NPC
LJP007_NPC_24H:P22	DB11886	Infigratinib	-0.18298602159872612	-1.1905930840321997	<0.0001	<0.0001	NPC
NMH001_NEU_6H:BRD-K56060837-001-01-9:10	DB04275	N-acetylserotonin	0.19037306941611312	1.1904953531998113	<0.0001	<0.0001	NEU
LJP008_NPC.TAK_24H:M15	DB01262	Decitabine	-0.19616348686066734	-1.1900166506247776	<0.0001	<0.0001	NPC.TAK
CPC015_NPC_24H:BRD-A73741725-001-01-0:10	DB00990	Exemestane	0.19121375309275873	1.189957039647073	<0.0001	<0.0001	NPC
LJP009_NPC.CAS9_24H:M14	DB06314	SGX-523	0.1896981929968486	1.1894318679613003	<0.0001	<0.0001	NPC.CAS9
CPC016_NPC_24H:BRD-A69960130-066-01-4:10	DB01200	Bromocriptine	-0.19099074172367397	-1.1886690009029077	<0.0001	<0.0001	NPC
CPC016_NPC_24H:BRD-A78377521-001-03-0:10	DB04331	Monastrol	-0.18515533302705445	-1.1883417826660265	<0.0001	<0.0001	NPC
NMH002_NPC_6H:BRD-K04923131-001-11-3:10	DB03444	6-bromoindirubin-3'-oxime	-0.19826473291833194	-1.1877708999701135	<0.0001	<0.0001	NPC
LJP007_NPC.TAK_24H:P16	DB05294	Vandetanib	-0.1903132673926603	-1.1876969489124698	<0.0001	<0.0001	NPC.TAK
LJP007_NPC.TAK_24H:E08	DB05913	OSI-930	-0.192608945864561	-1.187694944938018	<0.0001	<0.0001	NPC.TAK
AML001_U937_6H:BRD-K93754473:13.4584	DB00675	Tamoxifen	0.19060063537413097	1.1872609083507528	<0.0001	<0.0001	U937
NMH002_NEU_24H:BRD-A81585303-001-01-1:10	DB04944	Acadesine	-0.19101237004375937	-1.18714577445151	<0.0001	<0.0001	NEU
LJP008_NPC.TAK_24H:O02	DB07101	PD-0325901	0.19452840373406252	1.1870551415366732	<0.0001	<0.0001	NPC.TAK
CPC006_THP1_6H:BRD-K98530306-003-07-6:10	DB00575	Clonidine	0.1936020730475285	1.1869888698692674	<0.0001	<0.0001	THP1
LJP007_NPC_24H:D06	DB12494	SGI-1776	0.19353416107310795	1.186257756073748	<0.0001	<0.0001	NPC
CPC006_U937_6H:BRD-K15563106-001-08-1:177.6	DB07810	Phloretin	-0.18683318215010222	-1.1860315397611974	<0.0001	<0.0001	U937
CPC017_NPC_24H:BRD-K67860401-001-01-5:10	DB01950	AR-AO-14418	0.19444363836470238	1.1860155856157477	<0.0001	<0.0001	NPC
LJP007_NPC.CAS9_24H:G17	DB01254	Dasatinib	-0.1901825797119476	-1.185813651432042	<0.0001	<0.0001	NPC.CAS9
CPC015_NPC_24H:BRD-A49447682-001-01-6:10	DB00547	Desoximetasone	-0.1912892346868127	-1.1857691339606335	<0.0001	<0.0001	NPC
NMH002_NPC_24H:BRD-K43880410-001-09-4:10	DB02789	Pregnenolone	0.18279863263370472	1.1850637474977503	<0.0001	<0.0001	NPC
LJP009_NPC.CAS9_24H:G11	DB08521	4-[4-(4-Fluorophenyl)-2-[4-[(R)-methylsulfinyl]phenyl]-1H-imidazol-5-yl]pyridine	0.19133906856538702	1.1850625174726812	<0.0001	<0.0001	NPC.CAS9
LJP008_NPC.TAK_24H:N12	DB02665	(1R,2S)-2-Phenylcyclopropanaminium	0.19346999471640808	1.1850488693686514	<0.0001	<0.0001	NPC.TAK
AML001_HL60_24H:BRD-K93754473:4.48614	DB00675	Tamoxifen	-0.17458200925515274	-1.184570650898983	<0.0001	<0.0001	HL60
CPC017_NPC_24H:BRD-K67277431-002-03-0:10	DB13327	Picotamide	-0.17488581086643817	-1.1836612179660635	<0.0001	<0.0001	NPC
LJP009_NPC_24H:B18	DB11805	Saracatinib	0.19326738808840113	1.1830943762732602	<0.0001	<0.0001	NPC
LJP007_NPC_24H:I16	DB11526	Masitinib	-0.19763514230986975	-1.1828902232916787	<0.0001	<0.0001	NPC
CPC006_NOMO1_6H:BRD-K76964878-001-01-8:24	DB13978	Selisistat	0.1772440811560808	1.1827564134372068	<0.0001	<0.0001	NOMO1
CPC016_NPC_24H:BRD-A97479839-003-08-3:10	DB13351	Piperidolate	0.180722907097003	1.1827430368974137	<0.0001	<0.0001	NPC
DOSBIO002_NEU_24H:BRD-A75409952:0.37037	DB08059	Wortmannin	-0.1707585134524272	-1.182720851495856	<0.0001	<0.0001	NEU
NMH002_NEU_6H:BRD-A56798952-001-01-5:10	DB06733	Bafilomycin A1	-0.1947028971548903	-1.1825033177122017	<0.0001	<0.0001	NEU
LJP007_NEU_24H:P05	DB09054	Idelalisib	0.17900120379965123	1.182222271978144	<0.0001	<0.0001	NEU
CPC015_NPC_24H:BRD-A94709349-001-03-4:10	DB00660	Metaxalone	0.1916514503886616	1.181964597365812	<0.0001	<0.0001	NPC
CPC012_NPC_24H:BRD-A19248578-001-02-9:10	DB08080	Latrunculin B	-0.1756825071746371	-1.1818683672356025	<0.0001	<0.0001	NPC
CPC006_WSUDLCL2_6H:BRD-A34817987-001-11-8:10	DB01167	Itraconazole	0.191162498614304	1.1815709842350772	<0.0001	<0.0001	WSUDLCL2
LJP008_NEU_24H:G10	DB02546	Vorinostat	0.1798456582653623	1.181409820490637	<0.0001	<0.0001	NEU
CPC006_NOMO1_6H:BRD-K78126613-001-16-0:10	DB00170	Menadione	-0.18119037380130235	-1.180626259083708	<0.0001	<0.0001	NOMO1
CPC006_PL21_6H:BRD-K40892394-001-01-9:11.1	DB07002	4-({4-[(4-methoxypyridin-2-yl)amino]piperidin-1-yl}carbonyl)benzonitrile	0.1873222364704738	1.1791603630195981	<0.0001	<0.0001	PL21
NMH002_NPC_24H:BRD-A13946108-001-13-0:10	DB00605	Sulindac	0.1952794815718209	1.1785586723667687	<0.0001	<0.0001	NPC
LJP007_NPC_24H:I03	DB01268	Sunitinib	-0.19613705619800073	-1.178241601575849	<0.0001	<0.0001	NPC
LJP007_JURKAT_24H:O06	DB07101	PD-0325901	-0.18580410583092957	-1.1780326167708153	<0.0001	<0.0001	JURKAT
CPC006_PL21_6H:BRD-K13049116-001-01-6:10	DB15399	BMS-754807	-0.19057209141237705	-1.1777789877035503	<0.0001	<0.0001	PL21
CPC017_NPC_24H:BRD-K95785537-001-09-0:10	DB03023	1-Tert-Butyl-3-(4-Chloro-Phenyl)-1h-Pyrazolo[3,4-D]Pyrimidin-4-Ylamine	-0.1734028254498567	-1.1773691832384632	<0.0001	<0.0001	NPC
PCLB001_JURKAT_24H:BRD-K07572174-001-22-0:3.33	DB11672	Curcumin	0.1885601631538064	1.1770063426649684	<0.0001	<0.0001	JURKAT
LJP009_NPC.TAK_24H:F04	DB11962	GSK-1059615	0.18697332161007488	1.1768236817024988	<0.0001	<0.0001	NPC.TAK
LJP009_NPC_24H:I13	DB12146	Rigosertib	0.2055780854978495	1.1762188097139474	<0.0001	<0.0001	NPC
LJP009_NEU_24H:G12	DB08521	4-[4-(4-Fluorophenyl)-2-[4-[(R)-methylsulfinyl]phenyl]-1H-imidazol-5-yl]pyridine	-0.1941296919479356	-1.175617376273089	<0.0001	<0.0001	NEU
CPC006_WSUDLCL2_6H:BRD-K11853856-003-01-3:10	DB08348	N~2~,N~2~-DIMETHYL-N~1~-(6-OXO-5,6-DIHYDROPHENANTHRIDIN-2-YL)GLYCINAMIDE	-0.19339749157598615	-1.175016418389727	<0.0001	<0.0001	WSUDLCL2
CPC016_NPC_24H:BRD-K90027355-001-03-4:10	DB00421	Spironolactone	-0.19053511019587552	-1.1746082931782196	<0.0001	<0.0001	NPC
CPC015_NPC_24H:BRD-K46018455-001-17-7:10	DB01393	Bezafibrate	0.1946636175707007	1.17445112007496	<0.0001	<0.0001	NPC
CPC014_NPC_24H:BRD-K04923131-001-06-3:10	DB03444	6-bromoindirubin-3'-oxime	-0.19225535371121558	-1.1740403192535611	<0.0001	<0.0001	NPC
CPC006_U937_6H:BRD-K48692744-001-01-2:10	DB02690	NU1025	0.17827326827687107	1.1739016152017985	<0.0001	<0.0001	U937
NMH002_NEU_24H:BRD-K35483542-001-05-6:10	DB00982	Isotretinoin	0.18463367368500896	1.1738996251554643	<0.0001	<0.0001	NEU
LJP007_NPC.TAK_24H:E09	DB05913	OSI-930	0.19004826530817884	1.1726363499199695	<0.0001	<0.0001	NPC.TAK
LJP009_NPC.CAS9_24H:O21	DB07232	Veliparib	0.19082360935905346	1.1725188643201057	<0.0001	<0.0001	NPC.CAS9
NMH001_NEU_24H:BRD-A57226833-001-01-1:10	DB07780	Farnesyl diphosphate	0.1931434701775404	1.1720792860972387	<0.0001	<0.0001	NEU
CPC006_NOMO1_6H:BRD-K32164935-001-17-5:10	DB00839	Tolazamide	-0.1792703388928658	-1.1719586369514683	<0.0001	<0.0001	NOMO1
LPROT003_NPC_6H:F03	DB07101	PD-0325901	0.1926473965325665	1.1716545873416926	<0.0001	<0.0001	NPC
LJP008_NPC_24H:C12	DB13877	Iniparib	-0.19164411338363666	-1.1712964988665988	<0.0001	<0.0001	NPC
CPC016_NEU_24H:BRD-K97158071-001-08-2:10	DB00450	Droperidol	0.18602017391479633	1.1710375858672588	<0.0001	<0.0001	NEU
CPC006_U937_6H:BRD-K82135108-001-01-9:10	DB05719	Elesclomol	-0.19351690353896298	-1.1709331449173312	<0.0001	<0.0001	U937
CPC016_NEU_24H:BRD-K92760278-001-02-4:10	DB00140	Riboflavin	-0.17960060543592654	-1.1705408614530033	<0.0001	<0.0001	NEU
LJP009_NEU_24H:K08	DB11962	GSK-1059615	-0.18554168660079381	-1.169890832851497	<0.0001	<0.0001	NEU
LJP009_NPC_24H:B12	DB12242	AZD-7762	-0.19195537363557807	-1.169224391909616	<0.0001	<0.0001	NPC
NMH001_NPC_6H:BRD-K52075040-001-06-3:10	DB01034	Cerulenin	-0.18431589019267758	-1.1691774613575354	<0.0001	<0.0001	NPC
CPC013_NPC_24H:BRD-A75409952:10	DB08059	Wortmannin	0.18550125053877872	1.1682373204137233	<0.0001	<0.0001	NPC
LJP007_NPC.CAS9_24H:J19	DB03044	Doramapimod	0.18664293418538044	1.1680521719037924	<0.0001	<0.0001	NPC.CAS9
CPC018_NPC_24H:BRD-K96354014-001-10-4:10	DB01115	Nifedipine	-0.1860118417872295	-1.1672375223594178	<0.0001	<0.0001	NPC
LJP007_NPC.TAK_24H:M20	DB12874	Quizartinib	0.1915942988541583	1.1665019283697138	<0.0001	<0.0001	NPC.TAK
LJP007_NPC.CAS9_24H:I02	DB01268	Sunitinib	0.18833582164570023	1.1661132544422625	<0.0001	<0.0001	NPC.CAS9
LPROT003_NPC_6H:B21	DB06589	Pazopanib	-0.19117644029491562	-1.1657552950048902	<0.0001	<0.0001	NPC
CPC014_NPC_24H:BRD-K65331431-001-04-7:10	DB12112	Zuretinol acetate	0.18629338755016353	1.165680122769151	<0.0001	<0.0001	NPC
NMH001_NPC_6H:BRD-A57226833-001-01-1:10	DB07780	Farnesyl diphosphate	-0.19370428089683447	-1.1653521243089464	<0.0001	<0.0001	NPC
LJP008_NPC_24H:P13	DB11662	Rabusertib	-0.19334323826950342	-1.1648331167890578	<0.0001	<0.0001	NPC
LJP007_NPC.TAK_24H:A04	DB05134	Tanespimycin	-0.17903699767198755	-1.1644207751154214	<0.0001	<0.0001	NPC.TAK
LJP007_NPC.CAS9_24H:F17	DB12247	AZD-4547	-0.18433486343782796	-1.1643940340029857	<0.0001	<0.0001	NPC.CAS9
LJP007_NPC_24H:I14	DB11526	Masitinib	0.19196308229290962	1.1638304790569296	<0.0001	<0.0001	NPC
CPC016_NPC_24H:BRD-K28307902-001-09-2:10	DB00499	Flutamide	0.1874525207364986	1.1627713054869833	<0.0001	<0.0001	NPC
NMH002_NEU_24H:BRD-K93258693-001-13-2:10	DB07863	2-chloro-5-nitro-N-phenylbenzamide	-0.18985196411879013	-1.161980815427504	<0.0001	<0.0001	NEU
NMH002_NPC_6H:BRD-A84228258-001-03-6:10	DB07348	Brefeldin A	-0.19253238119993657	-1.1618533815675554	<0.0001	<0.0001	NPC
CPC014_NEU_24H:BRD-K08206212-001-01-2:10	DB00442	Entecavir	0.18284884522524647	1.1617991565837176	<0.0001	<0.0001	NEU
LJP007_NPC_24H:P01	DB09054	Idelalisib	0.17497313530220585	1.161460030424777	<0.0001	<0.0001	NPC
LJP009_NPC.CAS9_24H:D13	DB16108	TAK-715	-0.19094876952032191	-1.1614501215380235	<0.0001	<0.0001	NPC.CAS9
CPC006_THP1_6H:BRD-A70155556-001-04-4:40	DB03785	Mevinolinic acid	0.1894551508148878	1.1612955887111605	<0.0001	<0.0001	THP1
CPC013_NEU_24H:BRD-K77908580-001-04-7:10	DB11841	Entinostat	0.18438721397931102	1.1603505576815347	<0.0001	<0.0001	NEU
CPC017_NPC_24H:BRD-K86301799-001-19-9:10	DB00975	Dipyridamole	0.18539474986384372	1.1601300819569287	<0.0001	<0.0001	NPC
CPC017_NPC_24H:BRD-A19374631-001-01-0:10	DB12131	Vinpocetine	0.183238957836915	1.1599820725551269	<0.0001	<0.0001	NPC
LJP009_NPC.TAK_24H:D06	DB11775	PF-03758309	0.19013280099150565	1.159859158491418	<0.0001	<0.0001	NPC.TAK
LJP008_NPC.TAK_24H:L16	DB08756	Y-27632	0.18402736704973557	1.1589647601201825	<0.0001	<0.0001	NPC.TAK
DOSBIO001_NPC_24H:BRD-A90490067:1.11111	DB00947	Fulvestrant	-0.18447806702939173	-1.1563413526089932	<0.0001	<0.0001	NPC
CPC017_NPC_24H:BRD-K50422030-003-01-8:10	DB06470	Clomethiazole	-0.1671304832671419	-1.1560521064413452	<0.0001	<0.0001	NPC
CPC018_NPC_24H:BRD-K50859149-001-10-4:10	DB00263	Sulfisoxazole	-0.18743738758422412	-1.1554601164879186	<0.0001	<0.0001	NPC
CPC015_NPC_24H:BRD-K10995081-001-15-4:10	DB00850	Perphenazine	-0.16818630412459218	-1.1546173175803554	<0.0001	<0.0001	NPC
CPC015_NPC_24H:BRD-K71103788-003-04-7:10	DB00476	Duloxetine	0.1817898143668116	1.1544609268244792	<0.0001	<0.0001	NPC
CPC017_NPC_24H:BRD-A23723433-001-01-2:10	DB01229	Paclitaxel	-0.16836001447142482	-1.153984155911845	<0.0001	<0.0001	NPC
CPC006_THP1_6H:BRD-K54256913-001-01-2:10	DB11740	MK-1775	-0.1884247392315577	-1.1530456707645151	<0.0001	<0.0001	THP1
DOSBIO001_NPC_24H:BRD-K27305650:3.33333	DB02656	LY-294002	0.18377352596920887	1.152783299772734	<0.0001	<0.0001	NPC
LJP007_NPC.CAS9_24H:K01	DB12064	BMS-777607	0.1923160717280193	1.152446211503664	<0.0001	<0.0001	NPC.CAS9
CPC014_NPC_24H:BRD-K36529613-001-01-8:10	DB12638	PU-H71	-0.17830347810815034	-1.1517881454157088	<0.0001	<0.0001	NPC
KHW001_SKM1_6H:BRD-K33240821-001-01-3:10	DB06809	Plerixafor	0.18108982361965717	1.1515163505450705	<0.0001	<0.0001	SKM1
CPC006_SKM1_6H:BRD-A09533288-003-20-5:10	DB14063	Dexverapamil	0.17640163091424496	1.1504187976964857	<0.0001	<0.0001	SKM1
CPC006_PL21_6H:BRD-A04352665-001-01-2:10	DB04835	Maraviroc	0.18298836924833226	1.1503136564683913	<0.0001	<0.0001	PL21
LJP009_NPC.TAK_24H:B20	DB16107	BI 2536	-0.1851934981056327	-1.1501975801907	<0.0001	<0.0001	NPC.TAK
LPROT003_NPC_6H:B17	DB12432	CC-401	0.18384392296356	1.1498379406044157	<0.0001	<0.0001	NPC
NMH001_NPC_6H:BRD-K25210139-001-01-3:10	DB13575	Bietaserpine	-0.1881503337600507	-1.1496123165403656	<0.0001	<0.0001	NPC
LJP008_NPC_24H:P14	DB11662	Rabusertib	-0.1883630993560701	-1.1485688080976744	<0.0001	<0.0001	NPC
CPC015_NPC_24H:BRD-K49111258-003-16-4:10	DB00457	Prazosin	-0.18233748104870137	-1.1473070211748924	<0.0001	<0.0001	NPC
KHW001_U937_6H:BRD-K09416995-001-18-3:10	DB00227	Lovastatin	0.18381184784334145	1.1470165365269274	<0.0001	<0.0001	U937
CPC016_NPC_24H:BRD-A19500257:10	DB02424	Geldanamycin	-0.1627514215044591	-1.1465559494368667	<0.0001	<0.0001	NPC
LJP008_NPC_24H:D05	DB09074	Olaparib	0.18737242594936995	1.1462124617848441	<0.0001	<0.0001	NPC
CPC018_NPC_24H:BRD-A39415247-001-06-2:10	DB00717	Norethisterone	-0.1849892408755213	-1.1460413009983754	<0.0001	<0.0001	NPC
CPC016_NPC_24H:BRD-K89923877-003-02-4:10	DB00747	Scopolamine	0.17637396054861273	1.1459399475106082	<0.0001	<0.0001	NPC
CPC012_NPC_24H:BRD-K15402119-001-01-2:10	DB04864	Huperzine A	0.17853277786472604	1.1454394999442787	<0.0001	<0.0001	NPC
LJP007_NPC.CAS9_24H:F01	DB12848	PF-04217903	0.18686713630110197	1.1451976016044596	<0.0001	<0.0001	NPC.CAS9
NMH002_NPC_6H:BRD-K01507359-001-11-2:10	DB01045	Rifampicin	-0.1822665677060205	-1.1445073369760135	<0.0001	<0.0001	NPC
CPC018_NPC_24H:BRD-K98548675-001-02-6:10	DB13063	Parthenolide	-0.17404316649816642	-1.142961448733223	<0.0001	<0.0001	NPC
LJP007_NPC_24H:M04	DB07794	5-(2-PHENYLPYRAZOLO[1,5-A]PYRIDIN-3-YL)-1H-PYRAZOLO[3,4-C]PYRIDAZIN-3-AMINE	0.1847854425406624	1.1416307155513297	<0.0001	<0.0001	NPC
LJP009_NPC.CAS9_24H:I21	DB11363	Alectinib	0.18043794929227616	1.1398624343472838	<0.0001	<0.0001	NPC.CAS9
LJP007_JURKAT_24H:E11	DB05913	OSI-930	-0.18784405727957348	-1.1368773445126803	<0.0001	<0.0001	JURKAT
LJP009_NPC.CAS9_24H:L21	DB12588	AZD-1480	0.17838365411330154	1.136662578599934	<0.0001	<0.0001	NPC.CAS9
CPC014_NPC_24H:BRD-K91900765-001-01-9:10	DB07138	Neflamapimod	-0.18470554940466316	-1.136525717393452	<0.0001	<0.0001	NPC
LJP009_NPC_24H:H15	DB07138	Neflamapimod	0.18095077377011623	1.136055541746916	<0.0001	<0.0001	NPC
LJP007_NPC.CAS9_24H:E08	DB05913	OSI-930	-0.18864428190165447	-1.135431315916372	<0.0001	<0.0001	NPC.CAS9
LJP007_NPC.TAK_24H:C05	DB11800	Tivozanib	0.17764718789644174	1.1353179172764514	<0.0001	<0.0001	NPC.TAK
NMH002_NPC_6H:BRD-K35483542-001-05-6:10	DB00982	Isotretinoin	0.17366625237610925	1.1347939235903202	<0.0001	<0.0001	NPC
PCLB001_JURKAT_6H:BRD-K07572174-001-22-0:0.37	DB11672	Curcumin	0.17161866323247787	1.1347904074545314	<0.0001	<0.0001	JURKAT
LJP007_JURKAT_24H:M04	DB07794	5-(2-PHENYLPYRAZOLO[1,5-A]PYRIDIN-3-YL)-1H-PYRAZOLO[3,4-C]PYRIDAZIN-3-AMINE	-0.18483606314052436	-1.1344897779954461	<0.0001	<0.0001	JURKAT
CPC017_NPC_24H:BRD-K52459643-001-10-2:10	DB00770	Alprostadil	-0.16946362052973984	-1.1342436414566819	<0.0001	<0.0001	NPC
CPC016_NEU_24H:BRD-K73999723-001-02-2:10	DB00966	Telmisartan	-0.18540026933645995	-1.1335695443427907	<0.0001	<0.0001	NEU
CPC006_U937_6H:BRD-A45889380-300-04-8:10	DB01103	Quinacrine	0.18673134508916983	1.1323265873107013	<0.0001	<0.0001	U937
CPC018_NPC_24H:BRD-A61793559-001-08-1:10	DB00524	Metolazone	-0.18301141793032671	-1.1320757483305708	<0.0001	<0.0001	NPC
CPC014_NPC_24H:BRD-K77908580-001-05-4:10	DB11841	Entinostat	0.18464045122899642	1.1315894535634774	<0.0001	<0.0001	NPC
LJP009_NPC_24H:E23	DB08901	Ponatinib	-0.16836719913332157	-1.130666684043594	<0.0001	<0.0001	NPC
LJP007_NPC.TAK_24H:M01	DB07794	5-(2-PHENYLPYRAZOLO[1,5-A]PYRIDIN-3-YL)-1H-PYRAZOLO[3,4-C]PYRIDAZIN-3-AMINE	0.16368562343957302	1.130198373403675	<0.0001	<0.0001	NPC.TAK
NMH002_NPC_24H:BRD-K98530306-003-13-4:10	DB00575	Clonidine	0.1698888716656957	1.12934770057837	<0.0001	<0.0001	NPC
LJP009_NPC.TAK_24H:E07	DB01782	Pyrazolanthrone	-0.1869426811779865	-1.1292367568877357	<0.0001	<0.0001	NPC.TAK
LJP009_NPC_24H:I23	DB11363	Alectinib	0.1825244656384178	1.128491265446738	<0.0001	<0.0001	NPC
NMH002_NPC_6H:BRD-K40438880-001-03-8:10	DB03566	Spermidine	0.17419568268892524	1.128263855232468	<0.0001	<0.0001	NPC
LJP007_NPC.TAK_24H:N18	DB09330	Osimertinib	0.18106304528753697	1.1251494800984214	<0.0001	<0.0001	NPC.TAK
CPC015_NPC_24H:BRD-K33818169-003-01-2:10	DB03791	GW-3965	-0.18409530800918586	-1.1241071718181237	<0.0001	<0.0001	NPC
LJP009_NPC.TAK_24H:N12	DB08896	Regorafenib	-0.17846868057646922	-1.1217365811464797	<0.0001	<0.0001	NPC.TAK
LJP009_NPC.TAK_24H:K19	DB12432	CC-401	0.18024952307494732	1.1214927695366717	<0.0001	<0.0001	NPC.TAK
CPC018_NPC_24H:BRD-K97181089-003-14-8:10	DB00594	Amiloride	-0.1745756149363043	-1.1213719358235055	<0.0001	<0.0001	NPC
CPC015_NPC_24H:BRD-K89055274-048-14-4:10	DB01616	Alverine	0.18164001001276578	1.1206085758102446	<0.0001	<0.0001	NPC
NMH001_NPC_6H:BRD-K73251053-001-01-0:10	DB04017	Clorgiline	0.18446843340302915	1.1202977448722118	<0.0001	<0.0001	NPC
CPC017_NPC_24H:BRD-K89997465-001-05-3:10	DB00477	Chlorpromazine	-0.16427198336905557	-1.1196205663783474	<0.0001	<0.0001	NPC
CPC015_NPC_24H:BRD-K47869605-001-18-9:10	DB12802	Picropodophyllin	-0.167705053752202	-1.1179344747343012	<0.0001	<0.0001	NPC
LJP007_NPC.TAK_24H:G16	DB01254	Dasatinib	-0.1809204677266831	-1.1175640837164227	<0.0001	<0.0001	NPC.TAK
CPC013_NPC_24H:BRD-K31553034-001-01-4:10	DB06629	Zibotentan	0.17504168014917282	1.116068052130456	<0.0001	<0.0001	NPC
CPC015_NPC_24H:BRD-K59753853-001-01-5:10	DB04175	Mdl-29951	-0.17368950372396955	-1.1150777817961395	<0.0001	<0.0001	NPC
CPC017_NPC_24H:BRD-A10188456-001-03-1:10	DB01234	Dexamethasone	0.1707084414436888	1.1129061418552093	<0.0001	<0.0001	NPC
CPC018_NPC_24H:BRD-A14798026-001-01-8:10	DB01357	Mestranol	0.18012560786287013	1.112808145268065	<0.0001	<0.0001	NPC
NMH002_NPC_6H:BRD-A08027849-236-01-7:10	DB03619	Deoxycholic acid	0.16678233073100712	1.1116843446478093	<0.0001	<0.0001	NPC
CPC016_NPC_24H:BRD-A17065207-001-06-9:10	DB07348	Brefeldin A	-0.17081385072613114	-1.11117868295275	<0.0001	<0.0001	NPC
CPC006_SKM1_6H:BRD-K48692744-001-01-2:10	DB02690	NU1025	0.17194742477430117	1.1109841434583947	<0.0001	<0.0001	SKM1
CPC015_NPC_24H:BRD-K02637541-001-06-5:10	DB00482	Celecoxib	0.17393791022913868	1.108616979161316	<0.0001	<0.0001	NPC
CPC015_NPC_24H:BRD-K25650355-059-12-2:10	DB00981	Physostigmine	0.1721287203808974	1.1060102136230345	<0.0001	<0.0001	NPC
CPC006_U937_6H:BRD-K78513633-001-07-4:177.6	DB06266	Lonidamine	-0.17291588169429103	-1.1015120428515237	<0.0001	<0.0001	U937
CPC006_U937_6H:BRD-K35960502-001-10-1:10	DB06803	Niclosamide	-0.16379173474589026	-1.1015046681550882	<0.0001	<0.0001	U937
LJP007_NEU_24H:G15	DB01254	Dasatinib	-0.18268381620087593	-1.1011198521043486	<0.0001	<0.0001	NEU
CPC006_PL21_6H:BRD-K92991072-001-02-3:10	DB13048	PAC-1	0.175987692363371	1.1000899554679344	<0.0001	<0.0001	PL21
NMH002_NEU_6H:BRD-K79254416-001-12-7:10	DB01262	Decitabine	-0.170212600068403	-1.0982535162049194	<0.0001	<0.0001	NEU
CPC006_WSUDLCL2_6H:BRD-K98530306-003-07-6:10	DB00575	Clonidine	-0.1742312913416885	-1.0980800391928875	<0.0001	<0.0001	WSUDLCL2
CPC012_NPC_24H:BRD-K35483542-001-03-1:10	DB00982	Isotretinoin	0.17432934389790058	1.0975828518300086	<0.0001	<0.0001	NPC
CPC006_THP1_6H:BRD-K82818427-001-01-4:44.4	DB03880	Batimastat	0.1762055348836536	1.0967201044579395	<0.0001	<0.0001	THP1
LPROT001_NPC.TAK_6H:C22	DB02709	Resveratrol	0.18494369650801862	1.096000497669303	<0.0001	<0.0001	NPC.TAK
CPC016_NPC_24H:BRD-K72222507-003-07-7:10	DB00881	Quinapril	-0.17907851743849185	-1.0955433568762911	<0.0001	<0.0001	NPC
CPC014_NPC_24H:BRD-K91696562-001-01-8:10	DB12072	Orantinib	0.16617601559610182	1.0948196334569555	<0.0001	<0.0001	NPC
CPC006_NOMO1_6H:BRD-K98404142-001-01-9:11.1	DB05107	16-Bromoepiandrosterone	0.17028896792586382	1.0946213866415322	<0.0001	<0.0001	NOMO1
CPC016_NEU_24H:BRD-K33453211-003-03-2:10	DB01106	Levocabastine	0.17321365956159973	1.0910154596972221	<0.0001	<0.0001	NEU
NMH002_NEU_24H:BRD-K55591206-001-11-6:10	DB12116	Epigallocatechin gallate	0.1652404160887712	1.0888730774246245	<0.0001	<0.0001	NEU
LJP007_NPC.CAS9_24H:G16	DB01254	Dasatinib	-0.17549731134488053	-1.0887391684223413	<0.0001	<0.0001	NPC.CAS9
CPC018_NPC_24H:BRD-A19500257:10	DB02424	Geldanamycin	-0.16876319123697295	-1.08828885349003	<0.0001	<0.0001	NPC
CPC016_NPC_24H:BRD-A51393488-003-01-9:10	DB06174	Noscapine	0.1688706804368243	1.088135557340494	<0.0001	<0.0001	NPC
LJP009_NPC.CAS9_24H:B22	DB16107	BI 2536	0.1747845958440641	1.0841384341826374	<0.0001	<0.0001	NPC.CAS9
CPC016_NEU_24H:BRD-K94920105-001-01-3:10	DB07677	2-methyl-3,5,7,8-tetrahydro-4H-thiopyrano[4,3-d]pyrimidin-4-one	-0.17180660145254414	-1.0840771213185505	<0.0001	<0.0001	NEU
LJP008_NPC_24H:K24	DB12332	Rucaparib	-0.17535731605296945	-1.0819260873778374	<0.0001	<0.0001	NPC
CPC016_NPC_24H:BRD-K71059170-001-02-5:10	DB00671	Cefixime	0.17853818129053986	1.0788576338599885	<0.0001	<0.0001	NPC
LJP009_NPC.TAK_24H:G08	DB08521	4-[4-(4-Fluorophenyl)-2-[4-[(R)-methylsulfinyl]phenyl]-1H-imidazol-5-yl]pyridine	0.16576188841110395	1.0782500374391244	<0.0001	<0.0001	NPC.TAK
LPROT002_NPC.TAK_6H:A12	DB00162	Vitamin A	-0.17687959002344608	-1.0769440352020276	<0.0001	<0.0001	NPC.TAK
NMH002_NEU_6H:BRD-K17953061-001-12-7:10	DB02010	Staurosporine	-0.1633406111660849	-1.0753325372861822	<0.0001	<0.0001	NEU
LJP008_NPC.TAK_24H:F03	DB12376	Ricolinostat	0.1666209049634195	1.073554846067552	<0.0001	<0.0001	NPC.TAK
LJP009_NPC.TAK_24H:O06	DB07101	PD-0325901	0.1717916318925586	1.073365702375684	<0.0001	<0.0001	NPC.TAK
CPC017_NPC_24H:BRD-K73391359-003-03-7:10	DB13683	Quinisocaine	0.17063868060811552	1.071812956664804	<0.0001	<0.0001	NPC
LJP009_NPC.CAS9_24H:K09	DB11962	GSK-1059615	-0.16993020578636994	-1.0694873940856688	<0.0001	<0.0001	NPC.CAS9
CPC016_NEU_24H:BRD-K93332168-001-03-2:10	DB01247	Isocarboxazid	-0.17138149156028554	-1.066870729858399	<0.0001	<0.0001	NEU
LJP008_NPC_24H:M15	DB01262	Decitabine	-0.17135826268357884	-1.0634993574859426	<0.0001	<0.0001	NPC
CPC006_NOMO1_6H:BRD-A62025033-001-01-8:10	DB06287	Temsirolimus	-0.16020631334775529	-1.063247545161623	<0.0001	<0.0001	NOMO1
LJP007_NPC.CAS9_24H:P21	DB11886	Infigratinib	-0.16597613677858244	-1.0629356646254486	<0.0001	<0.0001	NPC.CAS9
LJP007_NEU_24H:P21	DB11886	Infigratinib	0.15623318377322815	1.0621739126850915	<0.0001	<0.0001	NEU
CPC006_THP1_6H:BRD-K17561142-003-16-8:10	DB01118	Amiodarone	0.1618425323437804	1.060535293523946	<0.0001	<0.0001	THP1
CPC006_NOMO1_6H:BRD-K08316444-001-04-3:0.63	DB11457	Rotenone	0.16570889211120232	1.0582992484385503	<0.0001	<0.0001	NOMO1
CPC014_NPC_24H:BRD-K63915849-001-01-1:10	DB07503	(5E)-5-[(2,2-DIFLUORO-1,3-BENZODIOXOL-5-YL)METHYLENE]-1,3-THIAZOLIDINE-2,4-DIONE	-0.17028399652263534	-1.05596801796407	<0.0001	<0.0001	NPC
NMH001_NPC_24H:BRD-K04809113-001-01-7:10	DB12771	Hydroxytyrosol	0.16716995690293127	1.0552772529015975	<0.0001	<0.0001	NPC
NMH002_NEU_6H:BRD-A75409952-001-04-0:10	DB08059	Wortmannin	-0.1636884155855948	-1.055151291909119	<0.0001	<0.0001	NEU
CPC017_NPC_24H:BRD-K53318339-001-05-8:10	DB12131	Vinpocetine	0.168000813351269	1.053110639062843	<0.0001	<0.0001	NPC
LJP007_NPC.CAS9_24H:G10	DB11963	Dacomitinib	-0.1634119335393897	-1.04943531941392	<0.0001	<0.0001	NPC.CAS9
LJP008_NPC.TAK_24H:N07	DB02665	(1R,2S)-2-Phenylcyclopropanaminium	0.16882037215744497	1.0479647773693381	<0.0001	<0.0001	NPC.TAK
LJP007_NPC.TAK_24H:M13	DB07460	2-({5-CHLORO-2-[(2-METHOXY-4-MORPHOLIN-4-YLPHENYL)AMINO]PYRIMIDIN-4-YL}AMINO)-N-METHYLBENZAMIDE	-0.1485661886203768	-1.0472641256476902	<0.0001	<0.0001	NPC.TAK
LJP008_NEU_24H:C09	DB13877	Iniparib	-0.16069688010330085	-1.0463719048803495	<0.0001	<0.0001	NEU
LJP007_NPC_24H:I17	DB11526	Masitinib	-0.1704749634831717	-1.044616097495347	<0.0001	<0.0001	NPC
CPC016_NEU_24H:BRD-A97479839-003-08-3:10	DB13351	Piperidolate	-0.16931803503831042	-1.0408203660191928	<0.0001	<0.0001	NEU
CPC012_NEU_24H:BRD-K15402119-001-01-2:10	DB04864	Huperzine A	0.16904495561046615	1.0397698186766131	<0.0001	<0.0001	NEU
NMH002_NPC_24H:BRD-K81473043-001-07-0:10	DB05134	Tanespimycin	-0.14662343008564718	-1.0385539619521025	<0.0001	<0.0001	NPC
NMH002_NEU_24H:BRD-K59946561-001-07-5:10	DB03374	3,5-Diiodotyrosine	-0.15790911304699118	-1.0358127397784604	<0.0001	<0.0001	NEU
LJP007_NPC.TAK_24H:M04	DB07794	5-(2-PHENYLPYRAZOLO[1,5-A]PYRIDIN-3-YL)-1H-PYRAZOLO[3,4-C]PYRIDAZIN-3-AMINE	0.1632766725869982	1.0331967785954939	<0.0001	<0.0001	NPC.TAK
LJP007_NPC.CAS9_24H:N17	DB09330	Osimertinib	0.1545916688906486	1.0327487902760513	<0.0001	<0.0001	NPC.CAS9
LJP007_NEU_24H:F16	DB12247	AZD-4547	-0.15987396389604153	-1.0278259548200557	<0.0001	<0.0001	NEU
KHW001_U937_6H:BRD-K09416995-001-18-3:1	DB00227	Lovastatin	0.1547833939813884	1.0215464003877817	<0.0001	<0.0001	U937
LJP008_NEU_24H:K10	DB11962	GSK-1059615	0.2525129255164807	1.2370116769508515	0.00010001000100010001	0.00019671935736318617	NEU
CPC006_PL21_6H:BRD-A17883755-001-02-0:177.6	DB00480	Lenalidomide	-0.2521190983828548	-1.2609979015303592	0.00010003000900270081	0.00019671935736318617	PL21
LJP009_NPC_24H:G15	DB01254	Dasatinib	0.2522004553281927	1.2547772311799519	0.00010003000900270081	0.00019671935736318617	NPC
LJP007_NEU_24H:J22	DB03044	Doramapimod	-0.25107552365630537	-1.2522394479558012	0.00010008006405124099	0.00019674313046795551	NEU
CPC018_NPC_24H:BRD-A46747628-001-01-9:10	DB01092	Ouabain	0.23502802542840862	1.2876473542043103	0.00010040160642570282	0.00019730038850890858	NPC
LJP007_NPC.TAK_24H:K12	DB11962	GSK-1059615	0.24183927729251326	1.259296713300913	0.00010071507704703394	0.0001978413681795792	NPC.TAK
LJP009_NPC.TAK_24H:B21	DB16107	BI 2536	0.23541450442032533	1.2545788678705851	0.000100999899000101	0.0001983256826898535	NPC.TAK
CPC006_WSUDLCL2_6H:BRD-K69932463-001-03-1:10	DB12774	AZD-8055	0.23586578145728032	1.2701744556919075	0.00010108157282927322	0.00019841087515200522	WSUDLCL2
AML001_U937_24H:BRD-K71879491:3.33333	DB00982	Isotretinoin	0.24207359369297565	1.2847464929671506	0.0001026694045174538	0.00020145128898502296	U937
LJP008_NPC.CAS9_24H:I10	DB11830	Mocetinostat	-0.24831550157873186	-1.3246463206205124	0.00010326311441553078	0.00020253953781274812	NPC.CAS9
LJP007_JURKAT_24H:B18	DB12200	Tivantinib	0.24084624238718697	1.3153071344306	0.00010334849111202976	0.0002026302992593788	JURKAT
LJP008_NPC.CAS9_24H:F02	DB12376	Ricolinostat	-0.23195549153757267	-1.2636551614899147	0.00010419922892570594	0.0002042210303680061	NPC.CAS9
LJP009_NPC.TAK_24H:B17	DB11805	Saracatinib	0.23907698424733784	1.3064918404871708	0.0001046134532900931	0.00020495535536834122	NPC.TAK
LJP007_JURKAT_24H:P12	DB07859	4-(4-CHLOROPHENYL)-4-[4-(1H-PYRAZOL-4-YL)PHENYL]PIPERIDINE	-0.2299536617235238	-1.2849676546540396	0.00010542962572482868	0.00020647631160470984	JURKAT
CPC006_PL21_6H:BRD-K41895714-001-02-2:10	DB04769	5-QUINOXALIN-6-YLMETHYLENE-THIAZOLIDINE-2,4-DIONE	0.2306426226775271	1.2844921662023336	0.0001071007818357074	0.00020966990988765987	PL21
CPC006_WSUDLCL2_6H:BRD-K18849474-001-01-0:79.44	DB12181	Dalcetrapib	-0.22799651064641557	-1.2547637544402215	0.00010774701002047193	0.00021085536477571205	WSUDLCL2
CPC006_THP1_6H:BRD-K12184916-001-03-0:0.63	DB11651	Dactolisib	0.22970828102326316	1.2753739872906413	0.00010856584518510477	0.00021237758012427818	THP1
CPC006_WSUDLCL2_6H:BRD-K76964878-001-01-8:24	DB13978	Selisistat	0.21984481097435685	1.2475508751670523	0.00010911074740861975	0.00021336297851753494	WSUDLCL2
LJP009_NEU_24H:E23	DB08901	Ponatinib	-0.22856661372768367	-1.2600502327320873	0.00010972130787798991	0.0002144759779040904	NEU
LJP009_NEU_24H:I03	DB11798	Tanzisertib	-0.2238537040711886	-1.2814213459935984	0.00011059500110595002	0.00021610229854111351	NEU
NMH002_NEU_24H:BRD-K06902185-001-13-6:10	DB00350	Minoxidil	-0.2327174967193038	-1.2820402911813873	0.0001120950566080036	0.00021895084181781932	NEU
CPC006_U937_6H:BRD-K41895714-001-02-2:10	DB04769	5-QUINOXALIN-6-YLMETHYLENE-THIAZOLIDINE-2,4-DIONE	-0.22347262498690332	-1.2516428784949054	0.00011232168931820734	0.0002193108493017899	U937
CPC006_SKM1_6H:BRD-K52075040-001-03-0:44.4	DB01034	Cerulenin	0.2296315763350909	1.2996844486884218	0.00011343012704174228	0.0002213916829869335	SKM1
CPC006_SKM1_6H:BRD-K89732114-001-05-9:10	DB00831	Trifluoperazine	0.22722957191119922	1.2730927037846658	0.00011410314924691921	0.00022262143049606002	SKM1
LJP008_NPC.TAK_24H:A09	DB07232	Veliparib	0.21909389520652858	1.258760089362759	0.00012040939193257074	0.00023483683439765962	NPC.TAK
NMH001_NPC_6H:BRD-K81418486-001-28-5:10	DB02546	Vorinostat	-0.2275207340579745	-1.2734271292868877	0.00012150668286755772	0.00023688774665902334	NPC
LJP009_NEU_24H:F06	DB11962	GSK-1059615	-0.2210367161653871	-1.2685742376108966	0.00012510947078693858	0.00024381996149601943	NEU
LJP008_NPC_24H:D04	DB09074	Olaparib	0.2247798918305716	1.278516217949252	0.00012738853503184712	0.0002481681911785834	NPC
AML001_U937_6H:BRD-K27316855:10	DB00136	Calcitriol	-0.2297236070182221	-1.3156973312485836	0.00013099292638197538	0.00025509407910988215	U937
NMH001_NEU_6H:BRD-A77098556-001-01-5:10	DB12885	CF-102	-0.220990486989479	-1.2454924254622932	0.00013271400132714	0.0002583485931169194	NEU
LJP008_NPC.CAS9_24H:J11	DB05223	Pracinostat	-0.22033127384574505	-1.2386352408609937	0.00013280212483399734	0.0002584230607922547	NPC.CAS9
CPC017_NPC_24H:BRD-K47639036-003-03-3:10	DB01148	Flavoxate	-0.21655891525925122	-1.2496658897226252	0.00013376136971642589	0.00026019197367511975	NPC
LPROT002_NPC.TAK_6H:C20	DB04462	Tetrabromo-2-Benzotriazole	0.22250237916770027	1.2594159974799959	0.00013419216317767042	0.00026093200359725635	NPC.TAK
CPC012_NPC_24H:BRD-K81418486:10	DB02546	Vorinostat	-0.22829286255910636	-1.2995744325418122	0.00013528138528138528	0.00026295128977049453	NPC
NMH002_NEU_6H:BRD-K81418486-001-29-3:10	DB02546	Vorinostat	-0.22588669310078968	-1.259256919842529	0.0001366867140513942	0.0002655832591729752	NEU
LJP008_NPC.TAK_24H:D06	DB09074	Olaparib	0.21894803561265527	1.2573738991477519	0.00013747594171020073	0.00026701661542063727	NPC.TAK
LJP007_JURKAT_24H:I03	DB01268	Sunitinib	-0.2182994244840269	-1.2601419669907445	0.00013945056477478735	0.00027075040339563433	JURKAT
CPC015_NPC_24H:BRD-K93754473-048-10-3:10	DB00675	Tamoxifen	0.21177337379232947	1.2508393414294017	0.00015051173991571343	0.00029211679260045953	NPC
LJP008_NPC.CAS9_24H:P14	DB11662	Rabusertib	-0.21907629002846513	-1.2599005666778342	0.00015165301789505612	0.00029422161689711	NPC.CAS9
CPC006_PL21_6H:BRD-K76188144-001-01-2:160	DB08263	N-(carboxycarbonyl)-D-phenylalanine	-0.21204183182747097	-1.2529812180355915	0.00015420200462606013	0.00029905493561835464	PL21
LJP009_NPC.CAS9_24H:O20	DB07232	Veliparib	0.2187501320700082	1.2942618704953401	0.0001576789656259855	0.00030568365128090416	NPC.CAS9
LJP007_NPC.TAK_24H:D06	DB12494	SGI-1776	0.22120161573413652	1.2860234204964676	0.00016178611875101117	0.00031352867141650707	NPC.TAK
LJP009_NPC.CAS9_24H:P21	DB09074	Olaparib	-0.20844974361349705	-1.2238750988796498	0.00016638935108153079	0.00032232882889887573	NPC.CAS9
CPC013_NPC_24H:BRD-K17743125-001-03-5:10	DB05015	Belinostat	-0.22420407423796404	-1.2911811358019618	0.00016661112962345885	0.00032263784518264714	NPC
NMH002_NEU_6H:BRD-K45528773-001-04-9:10	DB02565	4-(dimethylamino)-N-[7-(hydroxyamino)-7-oxoheptyl]benzamide	-0.22235105904431712	-1.3117686238050075	0.0001675603217158177	0.0003243547206318144	NEU
LJP008_NPC_24H:G17	DB01254	Dasatinib	0.21464378916751722	1.2505590199450933	0.00017844396859386153	0.0003452937435598919	NPC
CPC014_NEU_24H:BRD-K43764301-001-07-6:10	DB09214	Dexketoprofen	0.20983869183235715	1.230366297311194	0.00018060321473722233	0.00034934149263467196	NEU
LJP007_NPC.TAK_24H:K20	DB01590	Everolimus	0.21475597424215428	1.2380809520172291	0.00018201674554058973	0.00035194431917587164	NPC.TAK
NMH001_NEU_24H:BRD-A77098556-001-01-5:10	DB12885	CF-102	0.20337575613386447	1.2126809416376776	0.0001923076923076923	0.0003717040140016641	NEU
NMH002_NEU_24H:BRD-K02404261-001-12-6:10	DB00201	Caffeine	0.20816043471326126	1.2231208873536499	0.000192789666473877	0.00037249666355989214	NEU
LJP009_NEU_24H:D20	DB13061	MLN8054	-0.22008493298723605	-1.3138547466549289	0.0001945525291828794	0.00037576265606622476	NEU
CPC006_PL21_6H:BRD-K15563106-001-08-1:177.6	DB07810	Phloretin	-0.21367219142348967	-1.2378773065139173	0.00019912385503783353	0.00038444851594860406	PL21
CPC016_NEU_24H:BRD-A19661776-003-13-6:10	DB06148	Mianserin	0.23549378570028534	1.233527434243978	0.00020002000200020003	0.00038603487909312354	NEU
CPC006_U937_6H:BRD-K40892394-001-01-9:11.1	DB07002	4-({4-[(4-methoxypyridin-2-yl)amino]piperidin-1-yl}carbonyl)benzonitrile	0.23888430655421888	1.242940133008369	0.0002005414619472576	0.0003868971912921403	U937
LPROT003_NPC_6H:L17	DB11651	Dactolisib	0.24015605276139124	1.2418414183394002	0.00020086371397007131	0.00038737468023554504	NPC
LJP008_NPC.CAS9_24H:L13	DB08756	Y-27632	-0.23767924091411288	-1.2462941782161367	0.00020098482564566376	0.0003874640500356509	NPC.CAS9
LPROT002_NPC.TAK_6H:K22	DB12369	Sotrastaurin	-0.23737718274747466	-1.2550688322913055	0.00020257267294641952	0.0003903799149157107	NPC.TAK
AML001_U937_6H:BRD-A45664787:3.33333	DB01088	Iloprost	-0.23443446719136596	-1.2771224191685815	0.00020554984583761563	0.0003959700004202692	U937
CPC006_U937_6H:BRD-A01145011-001-01-4:11.1	DB03068	Zebularine	-0.22872123484403786	-1.250313972216499	0.00020569782988789467	0.00039610782403532894	U937
LPROT001_NPC.TAK_6H:K02	DB01262	Decitabine	-0.237659499393169	-1.262279214558712	0.00020637705087194304	0.0003972681566190226	NPC.TAK
AML001_U937_6H:BRD-K71879491:1.11111	DB00982	Isotretinoin	0.23142477316797988	1.2756970972211985	0.00020861583394179617	0.00040142861176620416	U937
LJP007_NPC_24H:P14	DB05294	Vandetanib	-0.22983376873233818	-1.2503174799965262	0.0002094240837696335	0.0004028342992183522	NPC
LPROT001_NPC.TAK_6H:O20	DB02656	LY-294002	0.22981814095030845	1.2728374082885345	0.00021278859453133312	0.00040915417323241865	NPC.TAK
CPC016_NEU_24H:BRD-K27450477-001-03-9:10	DB07711	(2S,3R)-3-(6-amino-9H-purin-9-yl)nonan-2-ol	0.22805676270912204	1.2637417920567382	0.00021344717182497332	0.0004102682657258945	NEU
LJP007_JURKAT_24H:I04	DB01268	Sunitinib	-0.20439286366221926	-1.2118612194766867	0.00021706099413935315	0.00041699565494068234	JURKAT
CPC006_SKM1_6H:BRD-A34817987-001-11-8:10	DB01167	Itraconazole	-0.22357209010579704	-1.2647015184391264	0.00021710811984368216	0.00041699565494068234	SKM1
NMH001_NEU_24H:BRD-K13296708-001-01-7:10	DB06155	Rimonabant	-0.2026006286829655	-1.2602746013463866	0.00021867483052700635	0.0004198491929570014	NEU
LJP009_NPC.CAS9_24H:O22	DB07232	Veliparib	0.22875662894055485	1.2745459285267258	0.00021961128802020424	0.00042149099797062905	NPC.CAS9
CPC015_NPC_24H:BRD-A49765801-001-03-3:10	DB00846	Flurandrenolide	-0.2221307427346375	-1.242898717106618	0.00022376370552696352	0.0004293015631398463	NPC
CPC006_SKM1_6H:BRD-K15563106-001-08-1:177.6	DB07810	Phloretin	0.2297354013661098	1.2812692999774693	0.00022698899103393486	0.0004353282574159328	SKM1
LJP007_NPC.TAK_24H:E10	DB05913	OSI-930	0.20846288582898911	1.2274273951650987	0.00022805017103762827	0.0004372016227587827	NPC.TAK
CPC006_PL21_6H:BRD-K22134346-001-09-0:10	DB00641	Simvastatin	-0.21898477980825864	-1.259077609405633	0.0002409058058299205	0.0004616767329181391	PL21
NMH001_NPC_24H:BRD-K24125544-001-01-3:10	DB12161	Deutetrabenazine	-0.20111816801135943	-1.2338038959056175	0.0002449179524859172	0.00046919217367172756	NPC
CPC006_NOMO1_6H:BRD-K12994359-001-07-7:177.6	DB00580	Valdecoxib	-0.20950999308611973	-1.2390597589660246	0.000251004016064257	0.0004806736183462601	NOMO1
LJP009_NPC_24H:L10	DB05984	RAF-265	0.22157363507792854	1.2466774373988219	0.0002542911633820725	0.00048678862528478	NPC
LJP008_NPC.TAK_24H:G07	DB02546	Vorinostat	-0.21688118243510374	-1.2499880286261154	0.00025713551041398817	0.0004920517780521739	NPC.TAK
LPROT003_NPC_6H:H15	DB12270	Losmapimod	0.20815932567620057	1.2101598902045487	0.00026048450117218026	0.0004982763695364482	NPC
NMH002_NPC_6H:BRD-K26657438-001-10-3:10	DB00724	Imiquimod	0.20751191496969365	1.2047021766609565	0.00027063599458728013	0.0005175039571775962	NPC
AML001_U937_6H:BRD-K19706299:1.11111	DB00374	Treprostinil	0.208409002897882	1.2392379517566605	0.00027570995312930797	0.000527011795321311	U937
CPC014_NPC_24H:BRD-K50168500-001-01-2:10	DB05424	Canertinib	-0.20857358949140647	-1.2656877404757765	0.0002772387025228722	0.0005297385532719483	NPC
LJP007_NPC_24H:H11	DB09053	Ibrutinib	0.20375374832832258	1.2441243475679822	0.0002979737783075089	0.0005691485879799156	NPC
LPROT003_NPC_6H:B15	DB12432	CC-401	-0.25614275032345485	-1.243657693763206	0.0003000600120024005	0.0005729222484143106	NPC
CPC013_NEU_24H:BRD-K64881305-001-01-1:10	DB06188	Ispinesib	0.23376141403157913	1.2155286209413743	0.00030099327781679544	0.0005744925103670844	NEU
LJP007_NPC_24H:K21	DB01590	Everolimus	0.23906678008311869	1.2440782990552266	0.00030178050497937833	0.0005757829811499038	NPC
AML001_U937_24H:BRD-A19500257:3.33333	DB02424	Geldanamycin	0.22720230097485541	1.2489950178241824	0.00030382823577071097	0.0005794765983672522	U937
LJP008_NEU_24H:P14	DB11662	Rabusertib	-0.23219260418588	-1.2376157100781497	0.0003049090354710845	0.0005813239962513464	NEU
LJP007_JURKAT_24H:D09	DB08875	Cabozantinib	-0.21290892559246943	-1.2169314386473316	0.0003058571647040832	0.0005829171855448913	JURKAT
CPC006_SKM1_6H:BRD-K76964878-001-01-8:24	DB13978	Selisistat	0.20705720985580056	1.2316734453127594	0.0003222687721559781	0.0006139694034236319	SKM1
CPC018_NPC_24H:BRD-K92778217-001-17-8:10	DB00784	Mefenamic acid	-0.19399420074531235	-1.1759272922882984	0.00032351989647363315	0.0006161264621559599	NPC
LJP009_NPC_24H:L09	DB05984	RAF-265	0.23119197184969387	1.2645970038280543	0.00032425421530479895	0.0006172980689601279	NPC
LJP009_NPC.TAK_24H:D19	DB13061	MLN8054	-0.20602109216741957	-1.2368334046771148	0.00032583903551645487	0.0006200873602814062	NPC.TAK
AML001_U937_6H:BRD-K27316855:3.33333	DB00136	Calcitriol	0.2000567556514563	1.19603149925962	0.0003291639236339697	0.0006261848209512596	U937
LPROT003_NPC_6H:B23	DB06589	Pazopanib	0.22511093968002785	1.2594075276751098	0.00033277870216306157	0.0006328290769207284	NPC
LJP007_NPC.CAS9_24H:I06	DB01268	Sunitinib	-0.20980752849801887	-1.230411626263954	0.00034048348655090226	0.0006472433702519353	NPC.CAS9
CPC006_THP1_6H:BRD-K64634304-001-01-5:40	DB00162	Vitamin A	-0.20431162680475445	-1.2092082505302286	0.00034094783498124785	0.0006478884051605525	THP1
LJP009_NPC_24H:M14	DB06314	SGX-523	-0.2113670895151042	-1.2453287016086585	0.0003425244048638465	0.0006506456986819841	NPC
NMH001_NEU_24H:BRD-K53857191-001-17-7:10	DB00734	Risperidone	-0.19796607055466894	-1.231301760591284	0.00034674063800277393	0.0006584133331368172	NEU
PCLB001_JURKAT_6H:BRD-A19037878-001-02-3:0.63	DB04297	Trichostatin A	-0.22741319148772307	-1.2544440270086616	0.0003479471120389701	0.0006604622471010781	JURKAT
CPC006_U937_6H:BRD-K06980535-003-15-0:10	DB00420	Promazine	0.19391770217051857	1.1677799992389784	0.00034928396786587494	0.0006627570565657136	U937
LJP009_NPC.CAS9_24H:B14	DB11805	Saracatinib	0.21264001819347214	1.228132736317353	0.0003540449637103912	0.0006715450226746878	NPC.CAS9
NMH002_NEU_24H:BRD-A02006392-001-12-3:10	DB01054	Nitrendipine	-0.2163214004963243	-1.2449597580980618	0.00035591410606240363	0.0006748433580736831	NEU
LJP009_NPC_24H:L24	DB12588	AZD-1480	0.2098031500832567	1.2373214106422057	0.0003654970760233918	0.0006927600029090038	NPC
CPC018_NPC_24H:BRD-K72816382-001-01-3:10	DB00587	Cinalukast	-0.19988746084132172	-1.1974685402582397	0.0003791469194312796	0.0007183690444215324	NPC
LJP009_NPC.TAK_24H:D13	DB16108	TAK-715	0.20724496878171905	1.223027452260104	0.0003830683777054204	0.0007255337475400177	NPC.TAK
LJP008_NPC.CAS9_24H:D04	DB09074	Olaparib	0.21461587409264588	1.2300447247116162	0.000391644908616188	0.000741506728698972	NPC.CAS9
CPC006_THP1_6H:BRD-K32107296-001-03-7:10	DB00853	Temozolomide	0.21025181832450593	1.2325215064774517	0.0003927215604136667	0.0007432736033833532	THP1
LJP009_NPC_24H:H14	DB07138	Neflamapimod	-0.2062688877370647	-1.224222829565167	0.00039541320680110717	0.0007480946468212257	NPC
LJP009_NPC_24H:O23	DB07232	Veliparib	0.2552419568169593	1.2228248772709878	0.0004	0.0007564963503649634	NPC
NMH002_NPC_6H:BRD-K54771420-001-09-9:10	DB02691	Glycocholic acid	-0.23352083591945216	-1.2494962846201998	0.0004013646397752358	0.0007588002784805808	NPC
LJP007_JURKAT_24H:O05	DB07101	PD-0325901	-0.1993674145620063	-1.1954892769581262	0.0004017677782241864	0.0007592854218664238	JURKAT
LJP008_NPC.CAS9_24H:G07	DB02546	Vorinostat	-0.218774988929851	-1.2477118949508132	0.0004032258064516129	0.0007617630802159161	NPC.CAS9
LJP007_NPC.CAS9_24H:M17	DB07460	2-({5-CHLORO-2-[(2-METHOXY-4-MORPHOLIN-4-YLPHENYL)AMINO]PYRIMIDIN-4-YL}AMINO)-N-METHYLBENZAMIDE	0.23227567749030617	1.2353598235248087	0.0004065867046147591	0.000767832472053091	NPC.CAS9
CPC017_NPC_24H:BRD-A73581086-001-01-3:10	DB01253	Ergometrine	0.21183129700336997	1.240005900986109	0.0004079412564590699	0.0007701098692061568	NPC
LJP007_NPC.TAK_24H:D08	DB08875	Cabozantinib	-0.20772077368728914	-1.2207272225913959	0.0004232804232804233	0.0007987760937506022	NPC.TAK
LJP007_NPC_24H:P16	DB05294	Vandetanib	-0.2094490981019722	-1.2197630847762735	0.00042918454935622315	0.0008096229831685287	NPC
LJP008_NPC_24H:I01	DB16239	Molibresib	0.21220749325165	1.2413322889513174	0.00043159257660768235	0.0008138692620018232	NPC
CPC006_NOMO1_6H:BRD-K89732114-001-05-9:10	DB00831	Trifluoperazine	0.219337447541994	1.2285457978178058	0.00044262476485559365	0.000834369418509162	NOMO1
CPC014_NPC_24H:BRD-K07736136-001-01-2:10	DB05470	VX-702	0.2086513590378107	1.245090794596535	0.00045116174148432213	0.0008501527797715481	NPC
LPROT002_NPC.TAK_6H:O08	DB02546	Vorinostat	0.214078783109535	1.2364885037478504	0.0004526935264825713	0.0008527291363986493	NPC.TAK
LJP008_NPC.CAS9_24H:L15	DB08756	Y-27632	0.21943122944182514	1.2324697298342433	0.0004544421722335833	0.0008557119682101849	NPC.CAS9
CPC006_WSUDLCL2_6H:BRD-K87142802-001-02-7:10	DB07232	Veliparib	-0.20468087246653327	-1.2048108775333286	0.00046253469010175765	0.0008706337682917938	WSUDLCL2
NMH002_NEU_6H:BRD-K81418486-001-22-8:10	DB02546	Vorinostat	-0.20891581794200725	-1.2028497938124108	0.0004783926008611067	0.0009001563027096059	NEU
CPC016_NEU_24H:BRD-A30437061-001-02-7:10	DB04690	Camptothecin	-0.20306007167865253	-1.2273955641367336	0.00048567265662943174	0.0009135229425240345	NEU
LJP008_NEU_24H:L23	DB05015	Belinostat	-0.2191101176698379	-1.2509123393252413	0.0004885197850512946	0.0009185448208039944	NEU
LJP009_NPC.TAK_24H:D05	DB11775	PF-03758309	0.21538015420562406	1.210519024937522	0.0004916420845624386	0.0009240802619523237	NPC.TAK
LJP007_NPC.CAS9_24H:M06	DB07794	5-(2-PHENYLPYRAZOLO[1,5-A]PYRIDIN-3-YL)-1H-PYRAZOLO[3,4-C]PYRIDAZIN-3-AMINE	0.20766405514045885	1.227346836449697	0.0004945598417408506	0.0009292273748734909	NPC.CAS9
LJP009_NPC.CAS9_24H:E16	DB13113	JNJ-38877605	0.19631517448885757	1.200557209781394	0.0004975124378109452	0.0009344361916405648	NPC.CAS9
CPC014_NEU_24H:BRD-K70401845-001-02-5:10	DB00530	Erlotinib	0.20812264305500805	1.2289239159715877	0.000499001996007984	0.000936894327287454	NEU
CPC014_NEU_24H:BRD-K37846922-001-07-8:10	DB11875	3,3'-diindolylmethane	-0.24870127099534745	-1.2251002709295737	0.0005000500050005	0.0009385219579545785	NEU
CPC006_WSUDLCL2_6H:BRD-A75409952:10	DB08059	Wortmannin	0.23729566731919405	1.2392080065043913	0.0005010522096402445	0.0009400624729745643	WSUDLCL2
CPC006_THP1_6H:BRD-A75817871-001-04-2:40	DB01944	(S)-blebbistatin	0.20007090040151881	1.1967105612112372	0.0005027652086475615	0.0009429349660556149	THP1
CPC014_NEU_24H:BRD-K22429181-001-08-4:10	DB00162	Vitamin A	-0.212565760913454	-1.2315751333787635	0.0005036091992613732	0.0009441761470956714	NEU
CPC006_PL21_6H:BRD-K50590187-001-10-8:160	DB09120	Zucapsaicin	-0.21098500469823436	-1.2149042508092316	0.0005254860746190226	0.0009848350230292134	PL21
CPC006_U937_6H:BRD-K81418486:10	DB02546	Vorinostat	-0.2088685633853645	-1.2254056244121019	0.000529287226534933	0.0009916002920838838	U937
CPC006_WSUDLCL2_6H:BRD-A23770159-001-02-3:11.1	DB00877	Sirolimus	-0.2118865829556744	-1.242198066527579	0.0005415651232060655	0.0010142358035611968	WSUDLCL2
LJP009_NPC_24H:K20	DB12432	CC-401	-0.21332588190436153	-1.230135933181065	0.0005501306560308073	0.0010299050070634549	NPC
LJP007_JURKAT_24H:H07	DB09053	Ibrutinib	-0.2157277610265085	-1.232372414926022	0.000550812448361333	0.001030808995091523	JURKAT
NMH002_NPC_24H:BRD-K35483542-001-05-6:10	DB00982	Isotretinoin	-0.22557101192741363	-1.247220214918187	0.00055666889334224	0.001041392853898732	NPC
NMH001_NPC_6H:BRD-K70327167-348-11-8:10	DB04786	Suramin	0.20312159387868778	1.2086161960085455	0.0005683432793407218	0.0010628491062950633	NPC
LJP008_NEU_24H:L21	DB05015	Belinostat	-0.20087241853884175	-1.1757231548761728	0.0005733944954128441	0.0010719084686974596	NEU
LJP007_NEU_24H:M11	DB05575	Motesanib	0.19960959834265796	1.2243812252135933	0.0005795421616922632	0.0010830102711465227	NEU
LJP009_NPC_24H:H12	DB08912	Dabrafenib	-0.2152533167305759	-1.227884189143007	0.0005847953216374269	0.0010924330774063253	NPC
LJP007_NPC_24H:L12	DB11836	Sapanisertib	0.2606121383250727	1.1974486995401052	0.0006	0.0011204324324324323	NPC
LJP007_NEU_24H:K08	DB11962	GSK-1059615	0.23970927684150842	1.2232502993107024	0.0006006607267994795	0.0011212622068713625	NEU
LJP008_NPC_24H:P16	DB11662	Rabusertib	-0.19585155191139708	-1.1756658294300273	0.0006060606060606061	0.0011309348435743825	NPC
NMH002_NPC_6H:BRD-K75516118-001-02-5:10	DB04149	(R)-Rolipram	0.22465449244708238	1.2231098255286972	0.0006080875646093037	0.0011343087688284422	NPC
LJP009_NEU_24H:B17	DB11805	Saracatinib	0.19970906011199904	1.1962413791578888	0.0006103143118706134	0.0011380528118436555	NEU
CPC015_NPC_24H:BRD-A75402480-001-03-8:10	DB06780	Desoxycorticosterone acetate	-0.22970091115176822	-1.246471786095413	0.0006111846796373637	0.0011392658308923807	NPC
CPC013_NPC_24H:BRD-K28120222-001-05-0:10	DB13063	Parthenolide	-0.21967231687123384	-1.2285839795417157	0.0006130456105934281	0.0011423237519220227	NPC
CPC014_NPC_24H:BRD-K01507359-001-05-4:10	DB01045	Rifampicin	0.20405439605813913	1.2354519355363174	0.0006297229219143577	0.001172977779065493	NPC
AML001_U937_24H:BRD-K27316855:1.11111	DB00136	Calcitriol	0.21819694403091627	1.2372950022064109	0.0006454388984509467	0.0012018197527031281	U937
CPC015_NPC_24H:BRD-K45158365-001-05-6:10	DB00177	Valsartan	-0.20018956613555153	-1.1860124229050477	0.0006527415143603133	0.0012149807928933704	NPC
CPC006_THP1_6H:BRD-A58280226-001-01-2:4	DB08756	Y-27632	-0.21677835474170987	-1.2304320519306604	0.0006583278472679394	0.0012249389244317638	THP1
LJP007_JURKAT_24H:F16	DB12247	AZD-4547	-0.2210934418031795	-1.2303695321257981	0.0006613027664499064	0.001230032640252482	JURKAT
CPC014_NPC_24H:BRD-A01317026-001-01-2:10	DB04400	L-erythro-7,8-dihydrobiopterin	-0.20424713326421826	-1.2003961728758468	0.0006663705019991116	0.0012390139725006802	NPC
NMH002_NEU_6H:BRD-K08252256-236-26-2:10	DB00586	Diclofenac	-0.22366929263021823	-1.250166787369251	0.000669867143016635	0.0012450686998250367	NEU
LJP007_JURKAT_24H:P02	DB09054	Idelalisib	0.2153349562769245	1.2206928228190266	0.000682360968952576	0.0012678359774515055	JURKAT
LJP009_NPC.TAK_24H:P21	DB09074	Olaparib	-0.20114858605411237	-1.1896997732180667	0.0006871278057718735	0.0012762352292149995	NPC.TAK
CPC006_PL21_6H:BRD-A93255169-001-13-5:10	DB01041	Thalidomide	0.19610601673384012	1.1821750243451836	0.0006925207756232687	0.0012857909922177637	PL21
CPC016_NEU_24H:BRD-A78377521-001-03-0:10	DB04331	Monastrol	-0.24805149635248658	-1.2153493729170308	0.0007002100630189057	0.0012996019149584417	NEU
CPC006_SKM1_6H:BRD-K44241590-001-03-3:11.1	DB07697	1-(2,3-dihydro-1,4-benzodioxin-6-ylsulfonyl)-4-[(4-methoxyphenyl)sulfonyl]piperazine	-0.23168185983408282	-1.2254266955429647	0.0007005604483586869	0.00129978669652514	SKM1
CPC015_NPC_24H:BRD-K70301876-034-06-1:10	DB01175	Escitalopram	-0.1917823815264973	-1.1844262872700866	0.0007042253521126761	0.001306118745400103	NPC
LJP008_NPC.CAS9_24H:O01	DB07101	PD-0325901	-0.20126304876222836	-1.190300203832771	0.0007107320540156361	0.0013177150282322097	NPC.CAS9
CPC014_NPC_24H:BRD-M30523314-002-01-5:10	DB00361	Vinorelbine	-0.19582711963334756	-1.1926596212493261	0.0007135212272565109	0.0013224130900011586	NPC
CPC006_U937_6H:BRD-A75817871-001-04-2:40	DB01944	(S)-blebbistatin	0.2037070563885846	1.2117848091240022	0.0007166403898523721	0.001327625211044243	U937
LPROT001_NPC.TAK_6H:E24	DB13978	Selisistat	-0.1982449402092666	-1.205916066408266	0.0007168458781362007	0.001327625211044243	NPC.TAK
PCLB001_JURKAT_6H:BRD-A19037878-001-02-3:0.16	DB04297	Trichostatin A	-0.22225920677594932	-1.2277986032541566	0.0007175316909830184	0.0013284205868788856	JURKAT
CPC016_NEU_24H:BRD-A63043573-001-01-6:10	DB00248	Cabergoline	0.21325885425714006	1.221663313811176	0.0007345739471106758	0.0013594864978312578	NEU
NMH002_NPC_6H:BRD-K92723993-066-14-4:10	DB00619	Imatinib	0.190739167542358	1.163146009954878	0.0007363770250368188	0.001362336931003497	NPC
LJP007_NPC.TAK_24H:M22	DB12874	Quizartinib	-0.20873764738563247	-1.2038510954508226	0.0007468259895444362	0.0013811749742395675	NPC.TAK
NMH002_NPC_6H:BRD-K53597484-001-01-9:10	DB08633	TNP-470	0.21173705103861226	1.2058958433077633	0.0007639419404125286	0.0014123250571593735	NPC
LJP007_NPC_24H:P15	DB05294	Vandetanib	0.2023634198770113	1.200196148166256	0.0007716049382716049	0.0014259831633821173	NPC
LJP008_NPC_24H:F03	DB12376	Ricolinostat	-0.21971300111177094	-1.220592637785396	0.0007727122198918203	0.0014275204005274199	NPC
LJP008_NPC.CAS9_24H:M16	DB01262	Decitabine	0.20716111404367904	1.2048905600856499	0.0007882705344474224	0.0014557440874934221	NPC.CAS9
LJP007_NPC_24H:L07	DB11836	Sapanisertib	0.26159700761074905	1.1965478273650128	0.0008	0.0014768792304951908	NPC
LJP007_JURKAT_24H:A15	DB12742	Amuvatinib	-0.24162657203856533	-1.2155523980367722	0.0008008008008008008	0.0014778311074607371	JURKAT
LPROT002_NPC.TAK_6H:E12	DB12463	Semagacestat	0.23905171669889036	1.2333977474428484	0.000803777755450618	0.001482796841845889	NPC.TAK
CPC006_PL21_6H:BRD-K12994359-001-07-7:177.6	DB00580	Valdecoxib	-0.20414280956750638	-1.205676074363031	0.0008049909438518816	0.0014845064309752492	PL21
LJP007_NPC.TAK_24H:F16	DB12247	AZD-4547	0.23734602583191866	1.2237009239161554	0.0008112767467802454	0.0014955660269709114	NPC.TAK
CPC006_WSUDLCL2_6H:BRD-K47335880-001-01-3:0.08	DB12980	CHS-828	0.19402599803220566	1.1621775813373978	0.0008183306055646482	0.001508033142971553	WSUDLCL2
CPC006_WSUDLCL2_6H:BRD-K12502280-001-01-5:11.1	DB12500	Fedratinib	0.22444114590261144	1.2160178510300694	0.0008322063871840217	0.0015330584779195166	WSUDLCL2
LJP007_NPC_24H:F03	DB12848	PF-04217903	0.19819548741322823	1.2046304376549504	0.0008431703204047217	0.0015527038380729454	NPC
CPC016_NEU_24H:BRD-K70487031-001-01-0:10	DB00875	Flupentixol	-0.20234709844834464	-1.2046697212464461	0.0008488964346349745	0.0015626931880207595	NEU
NMH002_NPC_6H:BRD-A58048407-001-12-1:10	DB00393	Nimodipine	-0.19574100730164173	-1.1794674367143356	0.0008680555555555555	0.0015973948469065655	NPC
LJP009_NEU_24H:B12	DB12242	AZD-7762	-0.20388858178325597	-1.2099814270061013	0.0008758101243650377	0.0016110926746395545	NEU
CPC006_NOMO1_6H:BRD-A04352665-001-01-2:10	DB04835	Maraviroc	-0.19485226241643508	-1.1603226982606123	0.0008802816901408451	0.0016187436899609154	NOMO1
NMH001_NEU_24H:BRD-K81418486-001-22-8:10	DB02546	Vorinostat	-0.21537820554301507	-1.215941376801876	0.0009022556390977444	0.0016585628669047575	NEU
NMH002_NEU_24H:BRD-K35960502-001-16-8:10	DB06803	Niclosamide	0.2291987021962593	1.2219713699030705	0.0009055236945366737	0.0016639800656344124	NEU
CPC006_THP1_6H:BRD-K36927236-001-17-7:10	DB01016	Glyburide	-0.23154537894818097	-1.2347142104598692	0.0009119464991387172	0.0016751885000130563	THP1
LJP007_NPC.TAK_24H:M21	DB12874	Quizartinib	0.19226334544944937	1.18420218713734	0.0009242144177449168	0.0016971222936761727	NPC.TAK
LJP007_JURKAT_24H:P06	DB09054	Idelalisib	-0.1951365000883318	-1.172126041918142	0.0009246417013407304	0.0016973054538957368	JURKAT
NMH001_NPC_24H:BRD-K90259198-001-01-8:10	DB04513	N-(6-Aminohexyl)-5-Chloro-1-Naphthalenesulfonamide	0.21624583739073547	1.2207381795192802	0.0009416195856873823	0.001727858602348447	NPC
CPC013_NPC_24H:BRD-K13390322-001-01-4:10	DB08142	AT-7519	0.19149761502158869	1.165692713570068	0.000945179584120983	0.0017337772052796224	NPC
CPC006_WSUDLCL2_6H:BRD-A17883755-001-02-0:177.6	DB00480	Lenalidomide	-0.22252356098981274	-1.225407455499583	0.0009457755359394704	0.001734256485222341	WSUDLCL2
LJP007_NPC.CAS9_24H:E10	DB05913	OSI-930	-0.20033716445321487	-1.1883513461971356	0.0009474182851729038	0.0017366542461146048	NPC.CAS9
CPC017_NPC_24H:BRD-K54759182-003-02-3:10	DB09167	Dosulepin	0.20703935774657375	1.2107988871520223	0.0009741163373225717	0.0017849614073569896	NPC
LPROT002_NPC.TAK_6H:O16	DB02169	9,10-Deepithio-9,10-Didehydroacanthifolicin	0.20484000760126428	1.1902126142751497	0.0010085728693898135	0.0018474459558777002	NPC.TAK
LPROT001_NPC.TAK_6H:G16	DB05015	Belinostat	-0.23244390662505743	-1.2333633246907054	0.001015950421619425	0.001860302150117265	NPC.TAK
LPROT002_NPC.TAK_6H:A20	DB11763	Momelotinib	-0.22725051803796475	-1.2237363545901385	0.0010349824052991099	0.0018944820997032804	NPC.TAK
CPC014_NEU_24H:BRD-K35483542-001-04-9:10	DB00982	Isotretinoin	-0.21739690032491063	-1.2202065785556198	0.0010375835831219738	0.0018985727852182442	NEU
NMH002_NPC_24H:BRD-K38775274-001-17-1:10	DB01234	Dexamethasone	-0.20492398924585978	-1.2093214243172188	0.0010402219140083217	0.0019027285416135277	NPC
LJP007_JURKAT_24H:E05	DB11743	Ipatasertib	0.20828139600252216	1.214422433873995	0.0010447137484329294	0.0019102705167182217	JURKAT
NMH002_NEU_24H:BRD-K30984264-003-10-0:10	DB07919	Harmine	-0.21376172052268902	-1.2108460631754248	0.0010512483574244415	0.0019215410893028062	NEU
NMH002_NPC_24H:BRD-A99117172-001-01-1:10	DB01611	Hydroxychloroquine	0.211155609624427	1.2201303623614772	0.0010566037735849057	0.0019306490672485828	NPC
PCLB001_JURKAT_6H:BRD-A19037878-001-02-3:10	DB04297	Trichostatin A	-0.21230193996387794	-1.209284425667769	0.0010582010582010583	0.001932886106308736	JURKAT
LJP007_NPC.CAS9_24H:I04	DB01268	Sunitinib	0.20637038720667258	1.2163775216943284	0.001076426264800861	0.001965483052923912	NPC.CAS9
CPC018_NPC_24H:BRD-K12765235-304-03-8:10	DB02329	Carbenoxolone	0.20464685703847268	1.2137760545935685	0.0010854396030392309	0.001981242699171995	NPC
LJP007_JURKAT_24H:E08	DB05913	OSI-930	-0.20518655547878054	-1.2004720634337185	0.0010913059294288831	0.0019912490585565043	JURKAT
CPC014_NPC_24H:BRD-K99498722-001-01-8:10	DB05992	Plinabulin	0.20568713281078396	1.2057615165635838	0.001098297638660077	0.002003301078330348	NPC
LJP009_NPC_24H:L19	DB12588	AZD-1480	0.2562487968880265	1.1844757163578956	0.0011	0.0020057002111189305	NPC
LJP008_NPC.CAS9_24H:K22	DB12332	Rucaparib	0.2040048444383134	1.194749499539202	0.001100715465052284	0.0020062988181149964	NPC.CAS9
LJP007_NPC.TAK_24H:K01	DB12064	BMS-777607	-0.22669237259033545	-1.231753078351506	0.0011423823865406584	0.002081513898401439	NPC.TAK
NMH001_NPC_24H:BRD-A75409952-001-04-0:10	DB08059	Wortmannin	-0.2279367529394678	-1.230461771961191	0.0011490650788676486	0.002092954389698473	NPC
CPC015_NPC_24H:BRD-K02404261-001-07-6:10	DB00201	Caffeine	0.19790553561685137	1.1909662849919955	0.0011627906976744186	0.0021172106097501185	NPC
LJP007_NEU_24H:G08	DB11963	Dacomitinib	-0.21087845222870358	-1.2060473130542826	0.001165331391114348	0.002121091418600123	NEU
NMH002_NEU_24H:BRD-K02637541-001-13-1:10	DB00482	Celecoxib	0.22178063302442022	1.2168219332032875	0.001170212765957447	0.0021292284245756636	NEU
NMH002_NPC_24H:BRD-A93000692-001-06-5:10	DB09201	Ciglitazone	-0.19902176316114628	-1.2056728175575917	0.0011720581340834506	0.0021318375748755496	NPC
LJP007_NPC.CAS9_24H:B09	DB07970	5-[(2-methyl-5-{[3-(trifluoromethyl)phenyl]carbamoyl}phenyl)amino]pyridine-3-carboxamide	-0.19443719587119662	-1.1747189990589544	0.0011883541295306002	0.002160719683939498	NPC.CAS9
NMH002_NEU_6H:BRD-K17561142-003-25-9:10	DB01118	Amiodarone	-0.21489943654164795	-1.2380337824112635	0.0011944577161968467	0.002171055729685044	NEU
CPC013_NPC_24H:BRD-A66395008-001-03-8:10	DB13063	Parthenolide	0.22771330730644948	1.212426897740526	0.0012264922322158627	0.002228500262041585	NPC
CPC016_NPC_24H:BRD-K93258693-001-05-8:10	DB07863	2-chloro-5-nitro-N-phenylbenzamide	-0.20195861012619967	-1.1890391354988985	0.0012315270935960591	0.0022368641426620322	NPC
LJP007_NEU_24H:G09	DB11963	Dacomitinib	0.17888830378915704	1.180067193362062	0.0012422360248447205	0.002255524555271668	NEU
CPC016_NPC_24H:BRD-K82731415-001-05-4:10	DB02116	Olomoucine	-0.1846672061647414	-1.150158884010685	0.0012547051442910915	0.0022773667452596976	NPC
LJP007_JURKAT_24H:G11	DB11963	Dacomitinib	-0.19725673208692324	-1.1723814533547638	0.0012706480304955528	0.002305496531522393	JURKAT
NMH002_NEU_24H:BRD-K97808269-001-01-9:10	DB04382	2-Deoxy-alpha-D-galactopyranose	-0.1956777168912611	-1.1999803035950647	0.0012755102040816326	0.002313508532569485	NEU
LJP007_NPC_24H:I10	DB06589	Pazopanib	-0.19478111623571845	-1.1489549621010124	0.0012795905310300703	0.0023200973169341583	NPC
LJP008_NEU_24H:J07	DB05223	Pracinostat	-0.19009351758667994	-1.1279842503439368	0.0012919896640826874	0.002341759510065228	NEU
CPC014_NPC_24H:BRD-K79404599-001-02-8:10	DB06486	Enzastaurin	0.21642662075396374	1.219442451460877	0.0012983640612827837	0.002352490407541044	NPC
AML001_U937_24H:BRD-K19706299:1.11111	DB00374	Treprostinil	-0.2544825342981665	-1.1849245836419098	0.0013	0.002354631247815449	U937
CPC015_NPC_24H:BRD-A54880345-001-11-8:10	DB00292	Etomidate	0.21624920303408016	1.2176577843857783	0.001314233144959916	0.002379579370084656	NPC
NMH002_NEU_6H:BRD-K11528507-001-05-9:10	DB02424	Geldanamycin	-0.1974333842563727	-1.187275514773809	0.0013234515616728428	0.0023954334588154633	NEU
LJP007_NPC_24H:P17	DB05294	Vandetanib	-0.21048806819927282	-1.220708099852182	0.0013260840737302744	0.002399360219996607	NPC
NMH001_NPC_6H:BRD-K32814891-001-01-1:10	DB12395	Esreboxetine	-0.19228468069343	-1.171420940109565	0.0013315579227696406	0.0024084234400671123	NPC
LJP008_NPC.CAS9_24H:O05	DB07101	PD-0325901	-0.20274897755785992	-1.1880583491823484	0.001359311282283643	0.0024577638048827073	NPC.CAS9
NMH002_NEU_24H:BRD-K52313696-001-08-1:10	DB12291	Tacedinaline	-0.18394149179254451	-1.2042235538889257	0.0013623978201634877	0.0024624853519662343	NEU
NMH001_NPC_6H:BRD-K81418486-001-22-8:10	DB02546	Vorinostat	-0.22353999048660683	-1.2090015258419449	0.0013704406493780308	0.0024761588023280877	NPC
AML001_U937_24H:BRD-A75409952:1.11111	DB08059	Wortmannin	-0.19164966994617164	-1.1534878284259975	0.0013869625520110957	0.002505137659296444	U937
CPC016_NPC_24H:BRD-K68264559-045-01-6:10	DB00484	Brimonidine	0.20265501218244275	1.1859303698633392	0.001442109600329625	0.0026038369159958595	NPC
LJP007_NPC.CAS9_24H:K24	DB01590	Everolimus	-0.19165105409841895	-1.1601256873342949	0.001445086705202312	0.0026083034853216234	NPC.CAS9
LJP009_NPC_24H:E18	DB13113	JNJ-38877605	0.2086180040786932	1.204434821312299	0.0014624159110851126	0.0026386626919369964	NPC
LJP007_NPC.CAS9_24H:G09	DB11963	Dacomitinib	0.19684474691933865	1.1798254035641558	0.0014732965009208103	0.0026573694631993176	NPC.CAS9
LJP008_NPC_24H:G15	DB01254	Dasatinib	0.21801045882341047	1.2070389109805522	0.0014936519790888724	0.002693147027014105	NPC
LJP009_NPC.CAS9_24H:K12	DB11962	GSK-1059615	0.24536221723269208	1.2056157236367413	0.0015	0.0027029823983789197	NPC.CAS9
LJP007_NEU_24H:P08	DB07859	4-(4-CHLOROPHENYL)-4-[4-(1H-PYRAZOL-4-YL)PHENYL]PIPERIDINE	-0.24673335492258566	-1.1874484481504686	0.0015001500150015	0.0027029823983789197	NEU
NMH002_NPC_6H:BRD-K93754473-048-14-5:10	DB00675	Tamoxifen	0.22483247776496829	1.2042718760166462	0.0015045135406218655	0.0027099023870359776	NPC
CPC006_THP1_6H:BRD-K92991072-001-02-3:10	DB13048	PAC-1	-0.2311534364227065	-1.2170500474913548	0.0015151515151515152	0.0027281150630698928	THP1
CPC014_NPC_24H:BRD-K41170226-001-05-4:10	DB03619	Deoxycholic acid	-0.19307863189621993	-1.1589361566517888	0.001524390243902439	0.002743796541820924	NPC
LJP009_NPC.CAS9_24H:I13	DB12146	Rigosertib	0.21105150729109007	1.1968138079253912	0.0015290519877675841	0.0027489292862077803	NPC.CAS9
CPC006_WSUDLCL2_6H:BRD-K06980535-003-15-0:10	DB00420	Promazine	0.1972012302331695	1.174541995241037	0.0015290519877675841	0.0027489292862077803	WSUDLCL2
CPC006_WSUDLCL2_6H:BRD-K59597909-001-10-1:10	DB11447	Phenothiazine	0.19092886985151183	1.1723499687716636	0.0015290519877675841	0.0027489292862077803	WSUDLCL2
LJP009_NPC_24H:I03	DB11798	Tanzisertib	-0.22335908765262463	-1.2119018119484424	0.0015293637846655792	0.0027489292862077803	NPC
CPC015_NPC_24H:BRD-K01815685-001-07-2:10	DB12881	Indole-3-carbinol	-0.21323536930352077	-1.2173865776508226	0.001570979720079977	0.002822752049048003	NPC
LJP007_JURKAT_24H:P07	DB07859	4-(4-CHLOROPHENYL)-4-[4-(1H-PYRAZOL-4-YL)PHENYL]PIPERIDINE	-0.22165062304524516	-1.2162956617901135	0.0015881418740074113	0.0028526000662413885	JURKAT
LJP008_NPC.TAK_24H:L22	DB05015	Belinostat	-0.19959024963889624	-1.1941464324144317	0.0015923566878980893	0.0028591796107719676	NPC.TAK
LJP007_NPC.TAK_24H:P21	DB11886	Infigratinib	-0.1840030960616497	-1.1530705797714398	0.0016025641025641025	0.0028765109731510837	NPC.TAK
NMH002_NPC_6H:BRD-K59773493-001-01-9:10	DB01924	Benzhydroxamic Acid	-0.2023698021528734	-1.181529863184107	0.0016207455429497568	0.002908138297633532	NPC
LJP008_NPC.TAK_24H:A12	DB07232	Veliparib	0.19317270415933524	1.1806225904517662	0.001658374792703151	0.002974627267493156	NPC.TAK
CPC006_U937_6H:BRD-K04430056-001-09-4:80	DB02207	7-Nitroindazole	-0.20517105383460496	-1.1922075041772044	0.0016602102933038186	0.0029768891833565356	U937
LPROT002_NPC.TAK_6H:E08	DB12463	Semagacestat	0.19192365281948442	1.1617711988959436	0.001670843776106934	0.0029949195599398583	NPC.TAK
CPC006_WSUDLCL2_6H:BRD-K54256913-001-01-2:10	DB11740	MK-1775	-0.1975157381714873	-1.1654243892597527	0.001692047377326565	0.0030318774236881953	WSUDLCL2
NMH001_NPC_6H:BRD-A14999564-001-01-0:10	DB07841	Geranylgeranyl diphosphate	-0.19211782302456268	-1.176318010353754	0.001697792869269949	0.003041120860199404	NPC
LJP009_NPC_24H:G07	DB08521	4-[4-(4-Fluorophenyl)-2-[4-[(R)-methylsulfinyl]phenyl]-1H-imidazol-5-yl]pyridine	0.2056501648230233	1.2054612534248224	0.0017123287671232876	0.003066098020467476	NPC
LJP007_JURKAT_24H:M21	DB12874	Quizartinib	0.21257005405720653	1.2023443272282535	0.0017129572984216322	0.003066163979419999	JURKAT
CPC006_THP1_6H:BRD-K92241597-001-02-9:80	DB11781	Tosedostat	0.20209818707165614	1.2014024681191737	0.0017177914110429449	0.003073755211334441	THP1
LJP008_NPC.CAS9_24H:A10	DB07232	Veliparib	-0.19586442060837686	-1.1865055438319723	0.0017211703958691911	0.0030776759804672696	NPC.CAS9
CPC016_NPC_24H:BRD-A80017228-001-15-8:10	DB00436	Bendroflumethiazide	-0.1954775037234106	-1.1675501110001292	0.0017211703958691911	0.0030776759804672696	NPC
LJP009_NPC.CAS9_24H:B16	DB11805	Saracatinib	0.21096604387240808	1.2057623585156068	0.0017434620174346202	0.0031164609087085903	NPC.CAS9
LJP007_NPC_24H:D07	DB08875	Cabozantinib	0.21546790835759008	1.2098179809407243	0.0017989655947829998	0.0032145654179881055	NPC
LPROT003_NPC_6H:P07	DB02546	Vorinostat	-0.18764741423844522	-1.1503122896414189	0.0018018018018018018	0.0032185235908090094	NPC
CPC006_U937_6H:BRD-A19037878:10	DB04297	Trichostatin A	-0.20096456666362753	-1.168830772823195	0.0018461538461538461	0.003296612415840534	U937
LJP007_NEU_24H:P18	DB05294	Vandetanib	-0.21856806119552766	-1.2051909823337568	0.00185609782727372	0.003313227330669107	NEU
CPC018_NPC_24H:BRD-K38903228-001-02-8:10	DB04703	Hesperidin	-0.1853055907824227	-1.1582107044577272	0.0018796992481203006	0.003354201619751859	NPC
LJP008_NPC.CAS9_24H:K20	DB12332	Rucaparib	-0.19566472437039678	-1.1636672630404858	0.001885902876001886	0.0033641131509266	NPC.CAS9
CPC016_NPC_24H:BRD-K47631482-003-03-9:10	DB09019	Bromhexine	-0.19261938153506702	-1.1633873526953467	0.0019164430816404753	0.003417415020323793	NPC
CPC014_NEU_24H:BRD-K63915849-001-01-1:10	DB07503	(5E)-5-[(2,2-DIFLUORO-1,3-BENZODIOXOL-5-YL)METHYLENE]-1,3-THIAZOLIDINE-2,4-DIONE	-0.2213827610185936	-1.206243981447722	0.00195011803345992	0.003476268197244343	NEU
NMH002_NEU_24H:BRD-K18135438-001-11-8:10	DB06777	Chenodeoxycholic acid	0.20522018113974466	1.20607360119458	0.001973164956590371	0.003516141954969499	NEU
LJP009_NPC.CAS9_24H:G10	DB08521	4-[4-(4-Fluorophenyl)-2-[4-[(R)-methylsulfinyl]phenyl]-1H-imidazol-5-yl]pyridine	0.20400847467098343	1.20793447603315	0.0019834710743801653	0.0035332922335641168	NPC.CAS9
LJP007_NPC.TAK_24H:I12	DB06589	Pazopanib	-0.20432423758381815	-1.1995538332549693	0.001992948030047524	0.0035489541895897835	NPC.TAK
LJP008_NEU_24H:O06	DB07101	PD-0325901	0.18251805722704062	1.177389883978109	0.002027027027027027	0.003608400568208195	NEU
LJP007_NPC.CAS9_24H:C06	DB11800	Tivozanib	0.18898239537526945	1.1460604848902156	0.0020297699594046007	0.003612042558253654	NPC.CAS9
LJP008_NPC_24H:F06	DB12376	Ricolinostat	-0.21736735784361344	-1.2056779178506265	0.002056343820686819	0.003658075413250633	NPC
LJP009_NPC.CAS9_24H:H14	DB07138	Neflamapimod	0.2371007572532535	1.190171430270279	0.0021014710297208045	0.003737070307485659	NPC.CAS9
LJP008_NPC_24H:J01	DB12116	Epigallocatechin gallate	-0.18446683860449808	-1.1286224323611613	0.002105263157894737	0.0037425295657669043	NPC
CPC006_U937_6H:BRD-A19500257:10	DB02424	Geldanamycin	0.20313145159440374	1.2050321224585498	0.002147278009346975	0.0038159103718916404	U937
LJP007_NPC.CAS9_24H:I08	DB06589	Pazopanib	0.19003790431616524	1.1690886304797714	0.002152852529601722	0.0038245052479931856	NPC.CAS9
NMH002_NEU_24H:BRD-K27305650-001-11-7:10	DB02656	LY-294002	0.2387681431997083	1.1903778883673781	0.0022004400880176033	0.0039077040905096715	NEU
NMH002_NPC_6H:BRD-K27450477-003-06-8:10	DB07711	(2S,3R)-3-(6-amino-9H-purin-9-yl)nonan-2-ol	0.20759988477427735	1.1994549355437867	0.002220906129700918	0.003942698034981211	NPC
NMH002_NEU_6H:BRD-K93754473-048-14-5:10	DB00675	Tamoxifen	-0.1954644714122471	-1.1673445906262263	0.002241524236480807	0.003977937874466967	NEU
LJP008_NPC_24H:G19	DB00928	Azacitidine	0.2245836883445386	1.1985504641116043	0.00229607250755287	0.00407334739272132	NPC
CPC016_NPC_24H:BRD-K27450477-001-03-9:10	DB07711	(2S,3R)-3-(6-amino-9H-purin-9-yl)nonan-2-ol	-0.20161685969224238	-1.1778521406219098	0.0023289143676101754	0.0041301965273634255	NPC
CPC006_PL21_6H:BRD-K61250553-003-13-2:10	DB00836	Loperamide	0.20271862187864065	1.206101985489505	0.0023548804898151417	0.004174817207739331	PL21
CPC016_NPC_24H:BRD-K62736196-015-03-7:10	DB00629	Guanabenz	-0.1981640315550205	-1.1921380725745527	0.0023565453045834807	0.004176339866057317	NPC
AML001_U937_24H:BRD-K26684619:1.11111	DB08784	2-(4-CHLORO-PHENYLAMINO)-NICOTINIC ACID	-0.1847103335417493	-1.1643854524274382	0.002364066193853428	0.0041882362449738334	U937
CPC018_NPC_24H:BRD-A84205515-001-02-5:10	DB13386	Epimestrol	-0.20375485205383956	-1.1910997537513475	0.0023828435266084196	0.004220059861546422	NPC
LJP007_NPC.TAK_24H:G17	DB01254	Dasatinib	0.21988906302469938	1.197045681848234	0.0023844080447854034	0.004221387935797048	NPC.TAK
DOSBIO002_NEU_24H:BRD-K27305650:3.33333	DB02656	LY-294002	-0.17145547198218664	-1.1766168164362651	0.0024096385542168677	0.0042645993811310815	NEU
NMH002_NPC_6H:BRD-K28912512-001-19-0:10	DB02701	Nicotinamide	-0.17998549453581597	-1.137992210148275	0.0024183796856106408	0.004278608238591445	NPC
CPC006_PL21_6H:BRD-K19216856-001-02-7:88.8	DB12116	Epigallocatechin gallate	-0.17943462637861082	-1.1668000827154434	0.002430133657351154	0.004297936045185556	PL21
CPC006_U937_6H:BRD-K93754473-001-06-0:28.39	DB00675	Tamoxifen	-0.18692651720017683	-1.1515696195904002	0.0024342745861733205	0.004303790824138569	U937
LJP009_NPC.CAS9_24H:D03	DB11775	PF-03758309	-0.20938589647147499	-1.1972459793385808	0.0024578651685393258	0.004344016815610773	NPC.CAS9
CPC006_PL21_6H:BRD-K76205745-237-05-8:160	DB00678	Losartan	-0.20325695969472563	-1.1891210241691015	0.0024709302325581395	0.0043656189789008796	PL21
NMH002_NEU_6H:BRD-K80738081-001-33-6:10	DB02709	Resveratrol	-0.2190396422960157	-1.201463498583071	0.002473971755489125	0.0043695029437439145	NEU
LJP007_NEU_24H:F18	DB12247	AZD-4547	0.22315074929961853	1.2020591106562	0.0024783147459727386	0.004375682117080317	NEU
NMH001_NPC_6H:BRD-K75527158-001-01-5:10	DB00630	Alendronic acid	0.20333023252772991	1.1927826320239323	0.0024933998239953063	0.0044008167193268655	NPC
LJP009_NPC.TAK_24H:I02	DB11798	Tanzisertib	0.1912182373780872	1.1489002500911258	0.0025025025025025025	0.004415378947214154	NPC.TAK
LJP009_NPC.TAK_24H:G18	DB01254	Dasatinib	0.231048191556554	1.1957435341028586	0.0025060144346431435	0.00442007038812824	NPC.TAK
CPC018_NPC_24H:BRD-K88611939-001-01-8:10	DB04599	Aniracetam	-0.19352794153950537	-1.1831293739963873	0.00253592561284869	0.004471305384750565	NPC
CPC015_NPC_24H:BRD-A87445400-003-03-6:10	DB01392	Yohimbine	0.1958546359793001	1.1682727615959125	0.002545608824777259	0.004486852017005359	NPC
LJP009_NPC.TAK_24H:B10	DB12242	AZD-7762	-0.20365612573660366	-1.18042344024178	0.002563226247436774	0.004516368042916478	NPC.TAK
CPC016_NPC_24H:BRD-A60571864-001-03-3:10	DB01222	Budesonide	-0.2201854466250349	-1.1975598408956363	0.0025662081708068157	0.00452008522811724	NPC
LJP008_NEU_24H:C12	DB13877	Iniparib	-0.18184313351961692	-1.1357496508249365	0.0026109660574412533	0.0045967970856791406	NEU
CPC018_NPC_24H:BRD-A91452556-001-03-2:10	DB13954	Estradiol cypionate	0.19577731019499603	1.1700320176355732	0.0026115342763873774	0.0045967970856791406	NPC
CPC006_NOMO1_6H:BRD-A79768653-001-02-1:10	DB00877	Sirolimus	0.18601778627987417	1.134521711926539	0.002617801047120419	0.004606263166783705	NOMO1
LJP008_NPC_24H:L14	DB08756	Y-27632	-0.19412252760925855	-1.1769048859866573	0.002631578947368421	0.004628934862614785	NPC
LJP009_NPC.CAS9_24H:K23	DB12432	CC-401	-0.2181894214914334	-1.1988109415795125	0.0026399155227032735	0.004642023155292964	NPC.CAS9
LPROT002_NPC.TAK_6H:A08	DB00162	Vitamin A	-0.19194544789382412	-1.158161270291083	0.0026505111700113595	0.004659073569538285	NPC.TAK
CPC013_NPC_24H:BRD-K46056750-001-01-3:10	DB12242	AZD-7762	-0.19858737851801925	-1.1748757263248581	0.0026903973509933773	0.004727581916869339	NPC
NMH002_NPC_6H:BRD-K21283037-001-15-7:10	DB00740	Riluzole	0.22817350381510462	1.195656205092428	0.002716297786720322	0.0047712809766117924	NPC
LJP007_NPC.TAK_24H:I10	DB06589	Pazopanib	0.21602640674854467	1.2039512235481826	0.0027171073257393668	0.0047712809766117924	NPC.TAK
CPC015_NPC_24H:BRD-A21858158-001-15-1:10	DB11749	(R)-Praziquantel	-0.18864100451309232	-1.174400130838193	0.00273224043715847	0.004796229656285634	NPC
NMH001_NPC_6H:BRD-K48300629-001-10-3:10	DB00909	Zonisamide	0.2072542533809516	1.2032770903363075	0.002736726874657909	0.004802478382823327	NPC
NMH002_NEU_24H:BRD-A38878059-001-02-8:10	DB07557	3,20-Pregnanedione	0.19841519407997513	1.1693443552894245	0.002773629187113292	0.004865587829255612	NEU
CPC013_NPC_24H:BRD-K23984367-075-05-3:10	DB15414	CM-4307	-0.18727444112991037	-1.1424421655213806	0.0027803521779425394	0.004875730959762518	NPC
LJP008_NPC.TAK_24H:G12	DB02546	Vorinostat	-0.19734497263816525	-1.181580483948608	0.0027887520334650244	0.004888806846216427	NPC.TAK
CPC006_NOMO1_6H:BRD-K06980535-003-15-0:10	DB00420	Promazine	-0.18821671329880119	-1.1614792344180236	0.002794076557697681	0.004896484518765432	NOMO1
LJP007_NPC.CAS9_24H:K23	DB01590	Everolimus	-0.19416951749449785	-1.162757864473977	0.002803738317757009	0.004911755227389054	NPC.CAS9
CPC014_NPC_24H:BRD-K71035033-001-01-4:10	DB11526	Masitinib	-0.19010878885575805	-1.1628586821927858	0.00282326369282891	0.004944289441108284	NPC
LJP009_NPC_24H:F06	DB11962	GSK-1059615	-0.22512235183662563	-1.1920492841852381	0.002914572864321608	0.005102471818552221	NPC
LJP009_NPC_24H:K11	DB11962	GSK-1059615	0.20350861195234918	1.1863608669657766	0.002942799337870149	0.00515014730457383	NPC
LJP007_NPC.CAS9_24H:I24	DB13005	Rebastinib	-0.192786007513936	-1.1459968446110824	0.00297441998810232	0.005203728689515943	NPC.CAS9
CPC006_PL21_6H:BRD-A26711594-003-06-4:10	DB00622	Nicardipine	0.18963528384994136	1.1519093599102905	0.0029925187032418953	0.005233625352750422	PL21
CPC015_NPC_24H:BRD-K38197229-001-17-4:10	DB00887	Bumetanide	-0.1829787120891814	-1.1264613883251662	0.0029940119760479044	0.005234470330593873	NPC
LJP008_NPC.TAK_24H:K11	DB11962	GSK-1059615	0.21279989376059483	1.1979090419996439	0.0030061278760550353	0.005253880153024348	NPC.TAK
NMH002_NEU_6H:BRD-K41260949-001-14-1:10	DB00313	Valproic acid	-0.2208069593137299	-1.2041632528594586	0.0030139264186239867	0.005265733884460384	NEU
CPC006_WSUDLCL2_6H:BRD-K80738081-001-21-1:10	DB02709	Resveratrol	0.19724510852259988	1.1753977234358026	0.0030320257722190637	0.005295570458927937	WSUDLCL2
LJP007_NPC.CAS9_24H:O04	DB07101	PD-0325901	0.19349552846266835	1.1500730630907121	0.0030367446097783178	0.005302025123945836	NPC.CAS9
LJP009_NPC.TAK_24H:K10	DB11962	GSK-1059615	0.22434712441825627	1.20260729944227	0.003047851264858275	0.005319624538395278	NPC.TAK
LJP008_NPC.TAK_24H:L14	DB08756	Y-27632	0.20257327003203573	1.1805882681076547	0.003051881993896236	0.005324866159047237	NPC.TAK
CPC006_SKM1_6H:BRD-A13122391-001-01-9:0.08	DB12025	Triptolide	-0.1807436742374821	-1.1482501670154415	0.0030581039755351682	0.00533392622053963	SKM1
LJP009_NEU_24H:P19	DB09074	Olaparib	-0.20483714000695416	-1.1973392105581753	0.0031001482679606416	0.0054039039961850215	NEU
CPC017_NPC_24H:BRD-A94756469-001-03-9:10	DB00390	Digoxin	0.2257772445004847	1.186675007331846	0.0031003100310031005	0.0054039039961850215	NPC
CPC006_U937_6H:BRD-K32164935-001-17-5:10	DB00839	Tolazamide	-0.2273543013656045	-1.1847002427985527	0.003101550775387694	0.0054042488628308774	U937
CPC016_NPC_24H:BRD-K45401373-001-04-3:10	DB12480	Betulinic Acid	-0.18543119941545677	-1.1414076405256226	0.003125	0.005443277310924369	NPC
CPC018_NPC_24H:BRD-K18059238-001-02-1:10	DB13854	Gamolenic acid	0.17571042905521456	1.1094473032475356	0.0031847133757961785	0.005545424970892404	NPC
NMH002_NEU_6H:BRD-K41260949-236-10-1:10	DB00313	Valproic acid	-0.21303930716379513	-1.1967811464754023	0.0031941322607358332	0.005559957465614071	NEU
LJP009_NPC_24H:D06	DB11775	PF-03758309	0.20264073099001267	1.1464100695649342	0.003205128205128205	0.005577224432160631	NPC
CPC016_NEU_24H:BRD-A74667430-001-15-2:10	DB00749	Etodolac	0.22838739033279887	1.193652786725413	0.003208985158443642	0.00558206146057568	NEU
LPROT003_NPC_6H:N09	DB01782	Pyrazolanthrone	0.19976327490177262	1.1618474617685148	0.003215434083601286	0.005591402490342908	NPC
LJP007_NPC.CAS9_24H:M21	DB12874	Quizartinib	-0.2273680009177274	-1.1915677863748457	0.0032212603180994566	0.0055996548032175054	NPC.CAS9
CPC014_NEU_24H:BRD-K52751261-001-01-2:10	DB16108	TAK-715	0.19078888766450786	1.1571803130159632	0.0032444124008651765	0.005638009745567855	NEU
DOSBIO001_NPC_24H:BRD-A19037878:1.11111	DB04297	Trichostatin A	-0.1984015520981365	-1.1495406497158847	0.0032679738562091504	0.0056770501250002735	NPC
CPC014_NPC_24H:BRD-K64800655-001-01-7:10	DB12686	PHA-793887	-0.21248669108890522	-1.1912800213406207	0.0032733224222585926	0.005684435922300278	NPC
LJP008_NPC.TAK_24H:G24	DB00928	Azacitidine	-0.20151815200104503	-1.1795873741248386	0.00327642697016727	0.005687921125429412	NPC.TAK
NMH002_NEU_6H:BRD-K58550667-001-04-6:10	DB12731	Daporinad	-0.20210895911667603	-1.1962488199058778	0.0033716283716283715	0.00585123182243075	NEU
LJP009_NPC.TAK_24H:H07	DB08912	Dabrafenib	-0.21796333693215314	-1.1908698583899	0.003384615384615385	0.005871803456001648	NPC.TAK
CPC018_NPC_24H:BRD-K39188321-001-03-9:10	DB01234	Dexamethasone	-0.20139250391956748	-1.1848894441436637	0.0033997836501313554	0.005896144201800764	NPC
LJP008_NPC.CAS9_24H:L14	DB08756	Y-27632	0.19250385567762163	1.16331134937105	0.0034328870580157913	0.005950593537829962	NPC.CAS9
LJP008_NPC_24H:G24	DB00928	Azacitidine	-0.18788134981519802	-1.1404150826305253	0.0034334763948497852	0.005950593537829962	NPC
LJP007_NPC.TAK_24H:K03	DB12064	BMS-777607	0.21125950575429397	1.198503197873549	0.0034502587694077054	0.005977680021086837	NPC.TAK
LJP007_JURKAT_24H:D08	DB08875	Cabozantinib	-0.20880242529786713	-1.191051130990381	0.0034774545033035816	0.006022783835601324	JURKAT
LJP007_NPC.CAS9_24H:D03	DB12494	SGI-1776	0.21901939070879245	1.200473766779464	0.0034824820599409032	0.006029476122490398	NPC.CAS9
LJP007_NPC.CAS9_24H:L09	DB11836	Sapanisertib	0.24638608918838817	1.1736331638183821	0.0035007001400280055	0.006058994029934911	NPC.CAS9
LJP008_NEU_24H:K12	DB11962	GSK-1059615	0.21539018163738025	1.1969362485617592	0.003556677374942634	0.006153823758581881	NEU
NMH002_NEU_6H:BRD-K39965020-001-05-9:10	DB03756	Doconexent	-0.2226974297531862	-1.1928567002849981	0.003593429158110883	0.006215337081886046	NEU
NMH002_NPC_6H:BRD-A02006392-001-12-3:10	DB01054	Nitrendipine	0.1810732502300032	1.155856229115193	0.0035971223021582736	0.006219648905500225	NPC
LJP007_NPC.TAK_24H:D22	DB06616	Bosutinib	-0.23474123596856555	-1.1901935272215742	0.0036133694670280035	0.00624565729757809	NPC.TAK
CPC014_NPC_24H:BRD-M72442222-001-01-0:10	DB06652	Vicriviroc	0.20717721278781023	1.1909669682806487	0.003655505190817371	0.0063163814267474545	NPC
LJP009_NEU_24H:B10	DB12242	AZD-7762	0.20400680155801637	1.1819408755376801	0.0036663611365719525	0.0063330278032386195	NEU
NMH001_NPC_6H:BRD-K21283037-001-16-5:10	DB00740	Riluzole	0.19191812197726285	1.151612365038594	0.0036714089031665903	0.006339633767480596	NPC
CPC016_NPC_24H:BRD-K18779551-003-03-7:10	DB13550	Bifemelane	0.23969108050232615	1.1821568123670525	0.0037	0.0063868754163890745	NPC
LJP008_NPC.CAS9_24H:J09	DB05223	Pracinostat	-0.22193827453854012	-1.19133405431224	0.0037942664418212477	0.006547415485020881	NPC.CAS9
NMH001_NEU_24H:BRD-K09416995-001-32-4:10	DB00227	Lovastatin	0.19114062697390014	1.127495466729806	0.0038314176245210726	0.006609322946161184	NEU
LJP009_NPC.CAS9_24H:D17	DB16108	TAK-715	0.21532988565375571	1.1976748382218543	0.0038330494037478705	0.006609937441005478	NPC.CAS9
CPC014_NPC_24H:BRD-K64052750-001-04-3:10	DB00317	Gefitinib	-0.21321188176871128	-1.1939699335948406	0.0038402457757296467	0.006620144248114116	NPC
CPC014_NPC_24H:BRD-K86465814-001-03-7:10	DB06926	(9Z,11E,13S)-13-hydroxyoctadeca-9,11-dienoic acid	-0.18928063067922865	-1.1477313004769212	0.003861003861003861	0.00665371533346259	NPC
LJP007_JURKAT_24H:G08	DB11963	Dacomitinib	-0.19514026306854046	-1.151813714546092	0.003862495171881035	0.006654072466983884	JURKAT
CPC016_NEU_24H:BRD-K79116891-003-03-7:10	DB00807	Proparacaine	0.19571335840029758	1.167969623345032	0.003916148352914075	0.006744260805849364	NEU
LJP008_NPC_24H:L13	DB08756	Y-27632	0.19272050867289234	1.150653553987937	0.003995082974800246	0.006877913613094644	NPC
CPC013_NEU_24H:BRD-K62982419-001-01-2:10	DB03849	Cilomilast	0.19390189554847934	1.141188861289848	0.004026845637583893	0.0069302936213748705	NEU
CPC006_WSUDLCL2_6H:BRD-K08316444-001-04-3:0.63	DB11457	Rotenone	0.19704240037882842	1.1675002991666155	0.0040380047505938245	0.006947191440098671	WSUDLCL2
LJP009_NPC.TAK_24H:I13	DB12146	Rigosertib	-0.21507732803623575	-1.1680350794028056	0.00404040404040404	0.006949012192955106	NPC.TAK
NMH002_NPC_6H:BRD-K18135438-001-11-8:10	DB06777	Chenodeoxycholic acid	0.23796943959858038	1.175094860376817	0.004102051025512757	0.0070526968859346735	NPC
CPC017_NPC_24H:BRD-K37694030-003-05-1:10	DB14750	Cidoxepin	0.1918034528208899	1.1660933328443197	0.004191114836546521	0.007203435185069345	NPC
LJP007_JURKAT_24H:F03	DB12848	PF-04217903	-0.1945051927405291	-1.1501876747807442	0.00421274354923644	0.0072382085782968265	JURKAT
CPC016_NEU_24H:BRD-K87990216-001-03-7:10	DB02925	Piretanide	0.2105625938898827	1.1924121675683992	0.0042351129363449695	0.007274231102465905	NEU
LJP009_NPC_24H:D05	DB11775	PF-03758309	0.19332204254370516	1.120700920891662	0.00423728813559322	0.007275555705316126	NPC
CPC006_THP1_6H:BRD-K93754473-001-06-0:28.39	DB00675	Tamoxifen	0.21391354738876417	1.1877943800840403	0.004322614654717976	0.007419605545130358	THP1
CPC006_THP1_6H:BRD-K81473043-001-04-7:0.35	DB05134	Tanespimycin	-0.2027283075720672	-1.1690856886761216	0.004378141722069078	0.0075124272860138935	THP1
LJP007_NPC.TAK_24H:N16	DB09330	Osimertinib	0.19674839598178806	1.1591138568916943	0.004409603135717786	0.007563907133164372	NPC.TAK
LPROT002_NPC.TAK_6H:C24	DB04462	Tetrabromo-2-Benzotriazole	0.19305821292040518	1.148777297918698	0.004464285714285714	0.007655171598752009	NPC.TAK
LJP008_NPC_24H:N09	DB02665	(1R,2S)-2-Phenylcyclopropanaminium	0.18533513004675134	1.1291339431078093	0.0044742729306487695	0.007669759287668516	NPC
CPC016_NPC_24H:BRD-K35189033-001-03-0:10	DB09389	Norgestrel	-0.1862448947387906	-1.1428280816671919	0.004559270516717325	0.007812876923819172	NPC
AML001_HL60_24H:BRD-K93754473:0.49846	DB00675	Tamoxifen	0.18611766092768597	1.21350719947324	0.004579220514907906	0.007844469655620752	HL60
DOSBIO001_NEU_24H:BRD-K81418486:3.33333	DB02546	Vorinostat	-0.18973867906339456	-1.140515298980189	0.004604758250191865	0.007885610460176551	NEU
CPC015_NPC_24H:BRD-K75699339-057-03-2:10	DB00953	Rizatriptan	0.20691635506997666	1.1849894714464488	0.004624532041400573	0.007916856636451195	NPC
LJP008_NPC.TAK_24H:D21	DB13978	Selisistat	0.1910717640185024	1.1509259151686637	0.004648074369189907	0.007954531499716679	NPC.TAK
LJP009_NPC.CAS9_24H:D18	DB16108	TAK-715	0.19508925675011243	1.1599877302490156	0.004654983570646221	0.007963725606830214	NPC.CAS9
AML001_HL60_6H:BRD-K43389675:0.37037	DB00694	Daunorubicin	-0.20565494409262788	-1.1689104163913757	0.004671338004671338	0.007989067174985766	HL60
CPC014_NEU_24H:BRD-K74514084-003-01-9:10	DB06589	Pazopanib	-0.2431677305278835	-1.170790251932987	0.0047004700470047005	0.008036237473961847	NEU
LJP008_NPC.CAS9_24H:B03	DB00877	Sirolimus	-0.18998759193171846	-1.1301470735205543	0.004754358161648178	0.008125687333001603	NPC.CAS9
LJP007_NPC.TAK_24H:P10	DB07859	4-(4-CHLOROPHENYL)-4-[4-(1H-PYRAZOL-4-YL)PHENYL]PIPERIDINE	-0.20398797074803265	-1.1783097367201139	0.004796473943479388	0.008194964713191623	NPC.TAK
CPC015_NPC_24H:BRD-K82255054-001-08-4:10	DB00818	Propofol	0.21793760053299954	1.1949104398165449	0.0048052346385850115	0.008207226729448756	NPC
LJP007_NPC_24H:P24	DB11886	Infigratinib	0.20179502130959776	1.1724746375080382	0.004841052121994514	0.008265677791161637	NPC
LJP009_NEU_24H:M17	DB06314	SGX-523	0.178567325921755	1.1465479363110924	0.004878048780487805	0.008326103023876088	NEU
CPC006_WSUDLCL2_6H:BRD-K82746043-001-03-7:10	DB12340	Navitoclax	0.19032740732778586	1.1424667014980743	0.004889975550122249	0.008343711985753538	WSUDLCL2
CPC006_SKM1_6H:BRD-K59597909-001-10-1:10	DB11447	Phenothiazine	-0.22060451591765085	-1.186906118775257	0.004904966278356836	0.008366535633457907	SKM1
CPC006_SKM1_6H:BRD-A97437073-001-03-1:80	DB00412	Rosiglitazone	-0.2466953778690354	-1.1651876298835067	0.005	0.008525830865416256	SKM1
LJP007_NPC.CAS9_24H:P08	DB07859	4-(4-CHLOROPHENYL)-4-[4-(1H-PYRAZOL-4-YL)PHENYL]PIPERIDINE	-0.21359397013481105	-1.182814127440365	0.005049973698053656	0.008608211744511199	NPC.CAS9
LPROT001_NPC.TAK_6H:M02	DB12920	Pinometostat	-0.18564003105362992	-1.1103329006107017	0.00505902192242833	0.008620799606058403	NPC.TAK
LJP007_NPC.TAK_24H:P22	DB11886	Infigratinib	-0.19545270246629698	-1.1543395501415799	0.0050933786078098476	0.008676491763862797	NPC.TAK
LJP007_NPC_24H:H08	DB09053	Ibrutinib	0.20099761006614686	1.16579234465515	0.005136702568351284	0.008747417912979415	NPC
CPC006_PL21_6H:BRD-A35588707-001-03-0:1.25	DB00444	Teniposide	0.1971266350085932	1.1726594333501152	0.005170630816959669	0.008802302527426085	PL21
CPC014_NEU_24H:BRD-A20697603-001-06-4:10	DB11467	Thiostrepton	-0.18722822988393958	-1.1634242965702966	0.005189028910303929	0.008830721777732335	NEU
LJP007_JURKAT_24H:O02	DB07101	PD-0325901	-0.18114822522286586	-1.1215228483362178	0.005202913631633715	0.008851444004965826	JURKAT
LJP007_NPC_24H:A15	DB12742	Amuvatinib	-0.19020016984296015	-1.1439253595907068	0.005249343832020997	0.008924573404702365	NPC
CPC013_NEU_24H:BRD-K46056750-001-01-3:10	DB12242	AZD-7762	-0.18234858383992167	-1.1090960000430532	0.005249343832020997	0.008924573404702365	NEU
CPC015_NPC_24H:BRD-K19227686-001-12-9:10	DB04824	Phenolphthalein	0.2073397387840111	1.1827862639887243	0.0053126277073968125	0.009029201961210325	NPC
KHW001_SKM1_6H:BRD-K81651477-001-01-9:10	DB13063	Parthenolide	0.19175001885835655	1.1505694616558977	0.005387931034482759	0.009154183154324478	SKM1
CPC006_WSUDLCL2_6H:BRD-K68185022-001-06-4:70.07	DB15588	Ursolic acid	-0.2139591561280571	-1.1862188549054442	0.005405405405405406	0.009180862278207412	WSUDLCL2
CPC015_NPC_24H:BRD-K97564742-050-18-6:10	DB06691	Mepyramine	0.20085763725135436	1.1630650589511013	0.005417301506686982	0.009198052558208368	NPC
NMH002_NPC_6H:BRD-K97808269-001-01-9:10	DB04382	2-Deoxy-alpha-D-galactopyranose	0.199263777689517	1.1555527150933347	0.005454203498213278	0.00925767524655788	NPC
LPROT002_NPC.TAK_6H:A10	DB00162	Vitamin A	0.18225890588066565	1.1119617742909393	0.0055248618784530384	0.009374536428992681	NPC.TAK
CPC015_NPC_24H:BRD-K10065684-001-06-6:10	DB04816	Dantron	0.20185065525122037	1.1716415418987565	0.00554708084870337	0.009409156451057566	NPC
LJP008_NPC.CAS9_24H:O02	DB07101	PD-0325901	0.18613458301028118	1.1308125293778661	0.005555555555555556	0.00942044793484584	NPC.CAS9
NMH002_NPC_6H:BRD-A64479082-310-01-0:10	DB00908	Quinidine	-0.2066408254554635	-1.1842948286888904	0.005574265474393218	0.009449082004679638	NPC
CPC006_U937_6H:BRD-K22134346-001-09-0:10	DB00641	Simvastatin	-0.1891494221622645	-1.133134308318418	0.00558659217877095	0.00946378576998727	U937
NMH001_NPC_6H:BRD-K04809113-001-01-7:10	DB12771	Hydroxytyrosol	0.1813111675252238	1.1054403373599677	0.00558659217877095	0.00946378576998727	NPC
CPC006_WSUDLCL2_6H:BRD-K02113016-001-01-4:44.4	DB09074	Olaparib	-0.18705502625287143	-1.1317072057520987	0.005599104143337066	0.009481881591755776	WSUDLCL2
LJP007_NEU_24H:A16	DB12742	Amuvatinib	0.18778801531880782	1.1538269663983238	0.005605381165919282	0.009489410389347835	NEU
NMH002_NEU_24H:BRD-A62336480-003-01-3:10	DB14068	Dexniguldipine	0.21153155736989707	1.1850179722276126	0.005625270445694505	0.009519971080858565	NEU
CPC006_PL21_6H:BRD-K48692744-001-01-2:10	DB02690	NU1025	0.1901071540614595	1.1594887554045972	0.005663797009515179	0.009582042475777885	PL21
LJP009_NPC_24H:O05	DB07101	PD-0325901	-0.20786730848504076	-1.1793160773958595	0.005716952514292381	0.009668814598258198	NPC
DOSBIO002_NEU_24H:BRD-A90490067:3.33333	DB00947	Fulvestrant	-0.19442784170708102	-1.150645269901653	0.005866249511145874	0.009918076661258702	NEU
NMH002_NEU_24H:BRD-K38775274-001-17-1:10	DB01234	Dexamethasone	-0.20285970770402592	-1.1735723305173504	0.005906006534305102	0.009982037136584814	NEU
CPC014_NEU_24H:BRD-K16478699-001-02-7:10	DB06999	PLX-4720	-0.19040549929887512	-1.1436797906729963	0.005912786400591279	0.009990237733245519	NEU
CPC015_NPC_24H:BRD-K70914287-300-01-0:10	DB12966	Falnidamol	0.1904804913986599	1.1469877544314786	0.005930528099406947	0.01001694804795528	NPC
LJP008_NPC.CAS9_24H:H14	DB11841	Entinostat	-0.21835210356825285	-1.1862714402144636	0.005949851253718657	0.010046311240394292	NPC.CAS9
LPROT003_NPC_6H:N13	DB11648	Afuresertib	0.20779044192536647	1.1741349559852052	0.006099143524526343	0.01029503639872818	NPC
CPC006_U937_6H:BRD-A04352665-001-01-2:10	DB04835	Maraviroc	-0.1937231400761892	-1.1533658205266455	0.006130544536602957	0.010344670071206943	U937
CPC016_NEU_24H:BRD-A82371568-001-01-5:10	DB00631	Clofarabine	-0.1958256692732664	-1.160311405052626	0.006138613861386139	0.01035491439768977	NEU
LJP008_NPC_24H:O01	DB07101	PD-0325901	-0.2215849655193632	-1.1831939853392952	0.006173474637308365	0.010410330481787161	NPC
LJP009_NPC_24H:O24	DB07232	Veliparib	-0.2032490403892825	-1.173871988249058	0.006237816764132553	0.010515408741618376	NPC
CPC006_WSUDLCL2_6H:BRD-K56851771-001-02-7:0.25	DB08899	Enzalutamide	-0.1995376073909913	-1.1617766573049144	0.00624	0.010515668292682925	WSUDLCL2
CPC014_NEU_24H:BRD-A39052811-377-01-4:10	DB11675	Mosapride	-0.20517220706492673	-1.1813953413699947	0.00625	0.010529096228868662	NEU
CPC006_NOMO1_6H:BRD-K56851771-001-02-7:0.25	DB08899	Enzalutamide	-0.20163165489111676	-1.1708770637515762	0.006255455338958394	0.010534861737563342	NOMO1
CPC015_NPC_24H:BRD-K28936863-051-18-1:10	DB00920	Ketotifen	0.19308112068164973	1.1390486001058955	0.006311360448807854	0.010625558754295744	NPC
LJP008_NEU_24H:G14	DB01254	Dasatinib	-0.19754286408221597	-1.1518850811404096	0.0063993174061433445	0.010768805742450321	NEU
LJP008_NPC_24H:I11	DB11830	Mocetinostat	0.1962931617399919	1.157900895113609	0.006400602409638554	0.010768805742450321	NPC
DOSBIO002_NPC_24H:BRD-A90490067:0.37037	DB00947	Fulvestrant	-0.2242881242395661	-1.171528840890409	0.006406406406406407	0.010773445515028353	NPC
LJP009_NPC_24H:E24	DB08901	Ponatinib	-0.1892444968049988	-1.146914449609318	0.006407518154634771	0.010773445515028353	NPC
LJP007_JURKAT_24H:N18	DB09330	Osimertinib	0.19208537372461304	1.1436154207350906	0.00650310375406444	0.010930614224314603	JURKAT
LJP007_NEU_24H:G10	DB11963	Dacomitinib	0.21448362579658856	1.1814217171530494	0.006508936873643971	0.010936871231914093	NEU
LPROT001_NPC.TAK_6H:I20	DB02424	Geldanamycin	0.19708764007625929	1.1545381998239255	0.006524822695035461	0.010960010115291331	NPC.TAK
LJP008_NEU_24H:K23	DB12332	Rucaparib	-0.219080582565423	-1.1716868272615273	0.006575514038200605	0.011041579308475546	NEU
LJP008_NPC.TAK_24H:H14	DB11841	Entinostat	-0.21107016815769275	-1.1734176024422502	0.006628468711380744	0.011126894999149666	NPC.TAK
LJP008_NPC.CAS9_24H:K10	DB11962	GSK-1059615	0.21454571086953295	1.1776302354253292	0.006662566625666257	0.011180511740350564	NPC.CAS9
CPC016_NPC_24H:BRD-K94270326-004-01-0:10	DB12273	Ecopipam	0.22097625418630196	1.177009937392195	0.006665320137345991	0.011181511476764949	NPC
LJP009_NPC.CAS9_24H:B11	DB12242	AZD-7762	-0.1929429494465893	-1.1442269119284891	0.006756756756756757	0.011331234146768128	NPC.CAS9
LJP008_NPC.TAK_24H:F05	DB12376	Ricolinostat	-0.19364294346055	-1.1465967949908098	0.0067733990147783255	0.01135546868152096	NPC.TAK
LJP009_NPC.TAK_24H:H16	DB07138	Neflamapimod	0.17524006438695508	1.0904527032149893	0.006802721088435374	0.011400938124279466	NPC.TAK
CPC006_WSUDLCL2_6H:BRD-A62025033-001-01-8:10	DB06287	Temsirolimus	-0.18237553367569842	-1.1291936733083774	0.0068143100511073255	0.011413934531299004	WSUDLCL2
LJP007_NPC_24H:M22	DB12874	Quizartinib	-0.21318886572794565	-1.1807244168807969	0.006814881018880572	0.011413934531299004	NPC
CPC006_WSUDLCL2_6H:BRD-K22134346-001-09-0:10	DB00641	Simvastatin	0.1916273845071034	1.1535323983498476	0.006929046563192905	0.011601395570425084	WSUDLCL2
CPC006_PL21_6H:BRD-K12502280-001-01-5:11.1	DB12500	Fedratinib	0.2001981435032898	1.1628844198795356	0.006956779159265838	0.011644066409339656	PL21
CPC006_SKM1_6H:BRD-K06980535-003-15-0:10	DB00420	Promazine	0.19609827553831563	1.156547673279377	0.0069721115537848604	0.011665961275980996	SKM1
CPC006_NOMO1_6H:BRD-K82135108-001-01-9:10	DB05719	Elesclomol	0.210445224602357	1.1767040980325467	0.0069754145225843335	0.011667720482902525	NOMO1
CPC014_NEU_24H:BRD-A18497530-001-05-3:10	DB04604	5-iodotubercidin	-0.23526692625367238	-1.1628500561295874	0.007	0.011705066150371087	NEU
LJP007_NPC.CAS9_24H:M05	DB07794	5-(2-PHENYLPYRAZOLO[1,5-A]PYRIDIN-3-YL)-1H-PYRAZOLO[3,4-C]PYRIDAZIN-3-AMINE	0.22602586034603145	1.175044033753374	0.007042253521126761	0.011771921853702863	NPC.CAS9
LJP008_NPC_24H:K12	DB11962	GSK-1059615	0.19536365488027166	1.1570574253907384	0.007060333761232349	0.011798339100517908	NPC
CPC016_NPC_24H:BRD-A69815203-001-05-0:10	DB00091	Cyclosporine	0.18514672209140887	1.122031711168879	0.007075471698113208	0.011819824094011168	NPC
LPROT001_NPC.TAK_6H:A14	DB11841	Entinostat	-0.1965927414879802	-1.167203404273014	0.007104515314177455	0.01186451767904208	NPC.TAK
NMH001_NPC_24H:BRD-K95739795-001-02-9:10	DB12161	Deutetrabenazine	-0.18806655955445192	-1.151912493552091	0.007119889756545705	0.011886362344851754	NPC
NMH001_NEU_24H:BRD-K32501161-001-02-5:10	DB03701	Vanoxerine	0.177339002702474	1.1310547173515997	0.007215007215007215	0.012041277741760833	NEU
LPROT003_NPC_6H:L19	DB11952	Duvelisib	0.1944461848891388	1.143385228098949	0.007234279354479688	0.012069554286836363	NPC
LJP007_NPC.CAS9_24H:D09	DB08875	Cabozantinib	0.20074087510923788	1.172539375872276	0.007280139778683751	0.012142157815622528	NPC.CAS9
CPC006_NOMO1_6H:BRD-K82746043-001-03-7:10	DB12340	Navitoclax	0.18872371075030905	1.1302633477517452	0.007332205301748449	0.012224871307565818	NOMO1
DOSBIO002_NEU_24H:BRD-K27305650:0.37037	DB02656	LY-294002	-0.20798542782746532	-1.17948903392852	0.007334450963956412	0.012224871307565818	NEU
LJP008_NPC.TAK_24H:J12	DB05223	Pracinostat	-0.21173598023217963	-1.1748584868568739	0.007340291317811676	0.01223067189996788	NPC.TAK
CPC006_U937_6H:BRD-K82818427-001-01-4:44.4	DB03880	Batimastat	0.17962288797166664	1.101190187823785	0.007352941176470588	0.012247811371414525	U937
LJP008_NEU_24H:N10	DB02665	(1R,2S)-2-Phenylcyclopropanaminium	0.2035709269832056	1.1757040608626925	0.007359050445103857	0.01225404865248335	NEU
DOSBIO002_NPC_24H:BRD-A19037878:0.37037	DB04297	Trichostatin A	-0.20133314362458368	-1.1484128047273106	0.007371007371007371	0.012270016124818567	NPC
LJP007_NPC_24H:B18	DB12200	Tivantinib	0.19919606469212572	1.1582327035697053	0.007415766564565533	0.012340559517526844	NPC
NMH002_NEU_24H:BRD-A50287119-001-01-5:10	DB00877	Sirolimus	0.1898374086476975	1.1292993447429396	0.007466973004020678	0.01242178301985077	NEU
LJP007_JURKAT_24H:P21	DB11886	Infigratinib	0.17764014556685115	1.091448626057674	0.007518796992481203	0.012503981391218739	JURKAT
LJP008_NPC.TAK_24H:L15	DB08756	Y-27632	0.23867768363951103	1.1609702882462114	0.0076	0.01263496952197626	NPC.TAK
LJP008_NPC_24H:M14	DB01262	Decitabine	-0.228515260928796	-1.1734784949631218	0.007612942001402384	0.01265242637949556	NPC
DOSBIO002_NPC_24H:BRD-A75409952:0.37037	DB08059	Wortmannin	0.20803854731217228	1.1708223887472156	0.007748062984253936	0.012871048585600422	NPC
LJP007_JURKAT_24H:D07	DB08875	Cabozantinib	-0.19944204167256865	-1.1569719946439867	0.007749671004532826	0.012871048585600422	JURKAT
CPC017_NPC_24H:BRD-K26521938-001-04-9:10	DB00917	Dinoprostone	-0.18587374849486712	-1.1436436893295825	0.007751937984496124	0.012871048585600422	NPC
LJP007_JURKAT_24H:M11	DB05575	Motesanib	0.24015307511972406	1.1559287444243307	0.0079	0.013112684176809738	JURKAT
NMH002_NEU_6H:BRD-K40438880-001-03-8:10	DB03566	Spermidine	-0.19365746662446426	-1.1637630537582315	0.007933937823834197	0.013164798528052772	NEU
LJP007_NPC.CAS9_24H:D07	DB08875	Cabozantinib	0.2355004166888026	1.162370200468446	0.008002400720216065	0.013274148697874409	NPC.CAS9
CPC014_NPC_24H:BRD-A55756846-001-16-2:10	DB07996	5-(2-methylpiperazine-1-sulfonyl)isoquinoline	0.18317526670064102	1.1223519262414452	0.008064516129032258	0.013372903225806452	NPC
LJP008_NEU_24H:A08	DB07232	Veliparib	0.18036715544518078	1.1239506753642925	0.008083140877598153	0.01339949968896789	NEU
CPC017_NPC_24H:BRD-K72166146-066-03-9:10	DB00320	Dihydroergotamine	0.1809469244819474	1.1286354668126357	0.008169934640522876	0.013539047427946767	NPC
CPC006_PL21_6H:BRD-K01292756-001-10-2:10	DB01100	Pimozide	0.17833633262154186	1.1339502663884113	0.00819672131147541	0.013579095216133498	PL21
LJP008_NPC.TAK_24H:A23	DB11740	MK-1775	0.19570448387312067	1.1411435223390474	0.008210180623973728	0.01359704569940296	NPC.TAK
CPC006_U937_6H:BRD-K71799949-001-20-8:96	DB00564	Carbamazepine	-0.1880851590595555	-1.1403704152791514	0.008327550312283136	0.013787017801358215	U937
LJP007_NPC.TAK_24H:F01	DB12848	PF-04217903	-0.18811656636984003	-1.1322738365516327	0.008406893652795292	0.013913932580257173	NPC.TAK
DOSBIO002_NEU_24H:BRD-K27305650:1.11111	DB02656	LY-294002	-0.19079704257440616	-1.1714080299285776	0.008424814909369416	0.013939141398579921	NEU
LJP007_NPC.CAS9_24H:B08	DB07970	5-[(2-methyl-5-{[3-(trifluoromethyl)phenyl]carbamoyl}phenyl)amino]pyridine-3-carboxamide	0.21885233747317298	1.1789538823680494	0.008473700527022838	0.014015549355580066	NPC.CAS9
CPC012_NPC_24H:BRD-K13810148-001-02-1:10	DB12645	Givinostat	-0.2031904015038898	-1.1636998197006834	0.008519096975720574	0.01408613928786982	NPC
LJP009_NEU_24H:I06	DB11798	Tanzisertib	0.20877108224735447	1.1748727242301236	0.00853517877739331	0.014108228524546136	NEU
LJP007_NPC_24H:G13	DB01254	Dasatinib	-0.17995485030132777	-1.1067112732849533	0.008547008547008548	0.014123277516134661	NPC
CPC016_NPC_24H:BRD-K97118047-001-02-0:10	DB04462	Tetrabromo-2-Benzotriazole	0.18611060298158885	1.1375063530774718	0.008598452278589854	0.014203755086915085	NPC
LJP007_JURKAT_24H:I12	DB06589	Pazopanib	-0.21337609940518076	-1.1740338442672895	0.008616268335213869	0.01422864962175853	JURKAT
CPC006_SKM1_6H:BRD-A56359832-001-03-8:160	DB00744	Zileuton	-0.20553243232982335	-1.1779431244147482	0.008627038400841662	0.014241896461663427	SKM1
LPROT003_NPC_6H:P01	DB00175	Pravastatin	0.19942163513339742	1.1605962043023985	0.008642467756947214	0.014262824177229447	NPC
CPC014_NEU_24H:BRD-K84937637-001-03-2:10	DB00877	Sirolimus	-0.17831170113525252	-1.1205145300576207	0.008670520231213872	0.014304564100016008	NEU
CPC006_WSUDLCL2_6H:BRD-K15108141-001-01-7:0.08	DB00441	Gemcitabine	-0.18592082266281648	-1.1216406638742107	0.008678500986193294	0.014313173809819748	WSUDLCL2
LJP007_NPC_24H:C06	DB11800	Tivozanib	-0.21214817182513032	-1.1696273650928475	0.00884127314333264	0.014576989318724067	NPC
NMH001_NEU_24H:BRD-K58550667-001-05-3:10	DB12731	Daporinad	0.18362441070261254	1.1356581931397445	0.009042102288782142	0.014903363250785324	NEU
LJP009_NPC.CAS9_24H:L07	DB05984	RAF-265	0.2285102175825945	1.1660169217925331	0.009047044632086852	0.01490676797566743	NPC.CAS9
AML001_U937_6H:BRD-A19500257:3.33333	DB02424	Geldanamycin	0.19137215447039324	1.1332794790239447	0.009110021023125438	0.015005762537137961	U937
LJP008_NPC.TAK_24H:G22	DB00928	Azacitidine	-0.18589938934866365	-1.12530434630593	0.009174311926605505	0.015102059848687968	NPC.TAK
CPC006_U937_6H:BRD-A69951442-001-01-3:10	DB01234	Dexamethasone	0.17192208913564302	1.1081416423489816	0.009174311926605505	0.015102059848687968	U937
NMH001_NEU_6H:BRD-K75527158-001-01-5:10	DB00630	Alendronic acid	0.19831604583849785	1.1569798673893794	0.009279086366880799	0.01526968102673112	NEU
CPC006_THP1_6H:BRD-K63195589-001-01-4:10	DB04960	Tipifarnib	0.18243592519888974	1.114722372488405	0.009302325581395349	0.015303063861203397	THP1
LPROT002_NPC.TAK_6H:I08	DB09074	Olaparib	-0.2282954466804436	-1.1654329987214607	0.009309309309309309	0.015309692428067546	NPC.TAK
LJP007_NPC.CAS9_24H:M03	DB07794	5-(2-PHENYLPYRAZOLO[1,5-A]PYRIDIN-3-YL)-1H-PYRAZOLO[3,4-C]PYRIDAZIN-3-AMINE	0.18383346551375018	1.1521923731845432	0.009433962264150943	0.01550485012776092	NPC.CAS9
CPC006_U937_6H:BRD-U94846492-000-01-1:10	DB00908	Quinidine	-0.1806854266849684	-1.0948176869828032	0.009433962264150943	0.01550485012776092	U937
LJP009_NPC.CAS9_24H:M18	DB06314	SGX-523	-0.1991723917098752	-1.1525940697101509	0.009453420419388106	0.015531903808899546	NPC.CAS9
LJP009_NPC.CAS9_24H:G15	DB01254	Dasatinib	0.21694068950006268	1.1745434646428592	0.009490406436971322	0.015587729368109473	NPC.CAS9
NMH002_NPC_24H:BRD-K12184916-001-08-9:10	DB11651	Dactolisib	0.235158985184054	1.1590435732014934	0.009501900380076015	0.015601662791366891	NPC
CPC006_WSUDLCL2_6H:BRD-K98548675-001-02-6:10	DB13063	Parthenolide	0.22641599725721992	1.1626977942837573	0.009542943244600702	0.01566408992509371	WSUDLCL2
NMH001_NPC_24H:BRD-K52075040-001-06-3:10	DB01034	Cerulenin	-0.20604944255025037	-1.1704731287548755	0.00954653937947494	0.01566503073604786	NPC
CPC016_NEU_24H:BRD-A63667919-103-01-9:10	DB00353	Methylergometrine	-0.18664068945705115	-1.1319259060648585	0.009564801530368245	0.015690028974475544	NEU
CPC015_NPC_24H:BRD-A75409952:10	DB08059	Wortmannin	-0.17366424217796414	-1.1143488352930149	0.009615384615384616	0.015768013631937684	NPC
CPC014_NPC_24H:BRD-K63068307-001-02-2:10	DB12904	ZSTK-474	0.2127783952842823	1.1604046469806522	0.00980392156862745	0.0160721042608755	NPC
CPC006_NOMO1_6H:BRD-K15108141-001-01-7:0.08	DB00441	Gemcitabine	0.20909103381968672	1.1678862737329818	0.009850651414045123	0.016143603930291534	NOMO1
CPC016_NEU_24H:BRD-A20243730-001-01-4:10	DB01406	Danazol	0.2029634021776339	1.159740544982592	0.00996634739839503	0.016328046860095806	NEU
CPC018_NPC_24H:BRD-A50928468-001-03-7:10	DB09389	Norgestrel	-0.18238315908644165	-1.1175682624427783	0.01011804384485666	0.016571334767397982	NPC
CPC014_NPC_24H:BRD-K18135438-001-08-4:10	DB06777	Chenodeoxycholic acid	0.18382175286026667	1.1129053533542075	0.010135135135135136	0.016594082233892662	NPC
LJP007_JURKAT_24H:I01	DB01268	Sunitinib	0.19814272229443683	1.1475708538426643	0.010149977276170277	0.01661313400035198	JURKAT
LJP008_NPC_24H:J04	DB12116	Epigallocatechin gallate	-0.19613357525372804	-1.1454527043238363	0.010163652024117141	0.01663026358982476	NPC
DOSBIO002_NPC_24H:BRD-A13084692:1.11111	DB08607	(5R)-5-(4-{[(2R)-6-HYDROXY-2,5,7,8-TETRAMETHYL-3,4-DIHYDRO-2H-CHROMEN-2-YL]METHOXY}BENZYL)-1,3-THIAZOLIDINE-2,4-DIONE	0.1866867865378996	1.1320455507486988	0.01023502653525398	0.01674176373285547	NPC
LJP007_JURKAT_24H:I18	DB11526	Masitinib	0.18634099270287982	1.114059179987655	0.010332950631458095	0.016896607817045075	JURKAT
CPC013_NEU_24H:BRD-K61192372-001-01-4:10	DB01101	Capecitabine	-0.22634582981634807	-1.159809403196584	0.010338251530663456	0.016899943038453637	NEU
LJP008_NPC.TAK_24H:D20	DB13978	Selisistat	0.20256853115649373	1.1561724445177233	0.0103777501037775	0.016959161475173446	NPC.TAK
LPROT001_NPC.TAK_6H:E18	DB04297	Trichostatin A	0.17684046458186226	1.0987696935653186	0.010416666666666666	0.01701739176124422	NPC.TAK
LJP009_NEU_24H:F04	DB11962	GSK-1059615	-0.1990362282059271	-1.164391029299324	0.010521552211788665	0.01718332289993346	NEU
LJP009_NPC.CAS9_24H:E10	DB01782	Pyrazolanthrone	0.196882279139995	1.1415854996256336	0.010588657573582197	0.01728746803601227	NPC.CAS9
CPC006_U937_6H:BRD-K56700933-001-01-3:10	DB12695	Phenethyl Isothiocyanate	-0.19260757820010244	-1.1429713538431352	0.010595714622086179	0.01729354115642538	U937
CPC006_THP1_6H:BRD-A56592690-001-01-9:30	DB05448	PX-12	-0.20282654808040262	-1.1518610808079952	0.010669125395152792	0.017407873991713403	THP1
LJP008_NPC.CAS9_24H:I04	DB16239	Molibresib	0.1910686460953115	1.1399795370588452	0.010728654447921324	0.01749949239821476	NPC.CAS9
CPC018_NPC_24H:BRD-K24023109-003-11-2:10	DB00343	Diltiazem	-0.1767328726276094	-1.1204608033832963	0.010822510822510822	0.017647026772262767	NPC
LJP007_NPC_24H:I24	DB13005	Rebastinib	-0.17727267221064164	-1.1184029122399048	0.010869565217391304	0.01771817771516884	NPC
NMH001_NPC_6H:BRD-K22134346-001-18-1:10	DB00641	Simvastatin	0.2105671481734608	1.1667407886825447	0.01088127558715794	0.017731688708381273	NPC
CPC015_NPC_24H:BRD-K26801045-001-01-1:10	DB09286	Pipamperone	-0.18791910607471604	-1.1444846167374108	0.010896898575020955	0.017751565047393458	NPC
LJP007_NPC.TAK_24H:M12	DB05575	Motesanib	0.18109101910397687	1.124293258135029	0.01092896174863388	0.01779820231974254	NPC.TAK
LJP007_NPC_24H:D08	DB08875	Cabozantinib	-0.1994786424706299	-1.163837892429656	0.010957178841309824	0.017838548776521367	NPC
CPC006_U937_6H:BRD-K64634304-001-01-5:40	DB00162	Vitamin A	-0.1879890203510261	-1.1291175558977884	0.010964912280701754	0.017845532486996385	U937
LJP007_NPC_24H:J20	DB03044	Doramapimod	-0.18421254362728448	-1.1200723930635497	0.01098901098901099	0.017879138130315525	NPC
LJP007_NEU_24H:D03	DB12494	SGI-1776	-0.19534640017459004	-1.1380447170275585	0.011067961165048544	0.018001938090797726	NEU
NMH002_NEU_6H:BRD-K93258693-001-12-4:10	DB07863	2-chloro-5-nitro-N-phenylbenzamide	-0.18163642203055283	-1.1127579680678727	0.011254019292604502	0.018298816433723417	NEU
NMH002_NPC_6H:BRD-K43164539-001-09-9:10	DB02659	Cholic Acid	-0.19556595258919324	-1.1547155436962164	0.011259096526156804	0.018301329422379095	NPC
CPC018_NPC_24H:BRD-K46652470-001-02-6:10	DB00585	Nizatidine	0.18497055611982413	1.131535018016199	0.011263073209975865	0.018302052484821238	NPC
CPC014_NPC_24H:BRD-K98372770-001-04-1:10	DB08078	{4-[3-(4-acetyl-3-hydroxy-2-propylphenoxy)propoxy]phenoxy}acetic acid	-0.1854708009451844	-1.1146340564892983	0.011320754716981131	0.018390015969716685	NPC
NMH002_NPC_6H:BRD-K39965020-001-06-7:10	DB03756	Doconexent	0.21245429228194143	1.159988359813348	0.01132945658712653	0.01839838421638661	NPC
NMH002_NEU_24H:BRD-K82261406-001-02-0:10	DB07374	Anisomycin	0.21770033978389466	1.1598743702066587	0.011350376577914502	0.018426582527178242	NEU
CPC018_NPC_24H:BRD-A97730597-003-03-2:10	DB00473	Hexylcaine	-0.1760641404536893	-1.1081332990840562	0.011406844106463879	0.018512454168398314	NPC
LJP007_JURKAT_24H:G12	DB11963	Dacomitinib	-0.1875902312634211	-1.1307388060934884	0.011438474870017331	0.01855797644847521	JURKAT
CPC006_U937_6H:BRD-K44241590-001-03-3:11.1	DB07697	1-(2,3-dihydro-1,4-benzodioxin-6-ylsulfonyl)-4-[(4-methoxyphenyl)sulfonyl]piperazine	-0.19461061642301006	-1.153036938148757	0.011459340052464448	0.018586009437205248	U937
CPC006_NOMO1_6H:BRD-K22134346-001-09-0:10	DB00641	Simvastatin	-0.1938928904843686	-1.1408370202269973	0.011498448622011315	0.018643604743198573	NOMO1
NMH002_NEU_6H:BRD-A48430263-001-05-1:10	DB01132	Pioglitazone	-0.20807060576751998	-1.1648757959714804	0.011519000968887931	0.018671086337434237	NEU
LJP008_NPC.TAK_24H:H15	DB11841	Entinostat	-0.19503515098874577	-1.1489649264329342	0.011575239053850024	0.01875637547750182	NPC.TAK
CPC012_NPC_24H:BRD-A75409952:10	DB08059	Wortmannin	-0.17932144512687262	-1.114007091336756	0.011583011583011582	0.018763102851880594	NPC
LJP007_NPC.TAK_24H:I08	DB06589	Pazopanib	0.2004296946505396	1.1583241441043097	0.011647043929611344	0.01886093176351437	NPC.TAK
LJP009_NPC.CAS9_24H:L12	DB05984	RAF-265	0.19234811781316535	1.1376534643659857	0.011707317073170732	0.01895261389352413	NPC.CAS9
LJP007_NPC.CAS9_24H:B18	DB12200	Tivantinib	0.2088772035486238	1.1586266607906457	0.011797687186076393	0.01909294659533038	NPC.CAS9
CPC014_NPC_24H:BRD-K52911425-001-02-3:10	DB11663	Pictilisib	0.19840381274068564	1.1468611399867656	0.011952809686432786	0.019337951856101997	NPC
LJP009_NEU_24H:E12	DB01782	Pyrazolanthrone	-0.17452144055768207	-1.1126502179189441	0.011986301369863013	0.019386084175602412	NEU
CPC006_PL21_6H:BRD-A91699651-316-06-7:10	DB00608	Chloroquine	0.19027524744231936	1.1391118838697287	0.012108792846497764	0.01957808565695832	PL21
CPC006_SKM1_6H:BRD-A38030642-001-02-0:10	DB00091	Cyclosporine	0.18612757064302354	1.1255609372230102	0.012269938650306749	0.01983244606546774	SKM1
LJP007_NPC.CAS9_24H:P10	DB07859	4-(4-CHLOROPHENYL)-4-[4-(1H-PYRAZOL-4-YL)PHENYL]PIPERIDINE	0.20078335397449842	1.1491791116862984	0.012355456993505464	0.019964445943356817	NPC.CAS9
LJP007_NPC_24H:G16	DB01254	Dasatinib	0.21280046055984045	1.1629402410166654	0.012516950036507771	0.020219088244757877	NPC
CPC014_NEU_24H:BRD-K99749624-001-01-3:10	DB06080	Linifanib	-0.19534357771338876	-1.1481676093046236	0.012521024107643431	0.020219366446185185	NEU
LJP009_NEU_24H:K20	DB12432	CC-401	-0.2038436832913793	-1.1542329015490065	0.012684989429175475	0.020477761751397917	NEU
LJP007_NPC.TAK_24H:D20	DB06616	Bosutinib	-0.23381170006653262	-1.154251249517298	0.012708896227359151	0.020509965820671168	NPC.TAK
NMH002_NEU_6H:BRD-K87714311-001-01-9:10	DB03068	Zebularine	0.19002656451815483	1.12536855082499	0.012811867835468645	0.02066970707453254	NEU
NMH002_NPC_24H:BRD-K18910433-001-24-2:10	DB00783	Estradiol	-0.2060233707209197	-1.1565952262221826	0.012817818869510401	0.020672871889761253	NPC
CPC016_NPC_24H:BRD-K36007650-300-02-3:10	DB08437	Puromycin	-0.2065962946769861	-1.1617844465787572	0.012857142857142857	0.020729842652680238	NPC
LJP007_NPC_24H:I20	DB13005	Rebastinib	-0.18090642718432715	-1.1375047471479212	0.012987012987012988	0.020932722021368987	NPC
CPC006_U937_6H:BRD-K14888893-001-05-6:10	DB00350	Minoxidil	-0.1786952699989025	-1.1151551658261398	0.012994350282485875	0.020936917574382475	U937
LJP007_NPC_24H:D04	DB12494	SGI-1776	0.19340887477142915	1.143666859945327	0.012997696610727213	0.020936917574382475	NPC
LJP008_NPC.TAK_24H:G10	DB02546	Vorinostat	0.1780555999463784	1.1041552424725811	0.013089005235602094	0.021077447212830967	NPC.TAK
DOSBIO002_NPC_24H:BRD-K81418486:3.33333	DB02546	Vorinostat	0.2017809139793115	1.1394454935151126	0.013196480938416423	0.021243915570945602	NPC
NMH002_NPC_24H:BRD-K67860401-001-04-9:10	DB01950	AR-AO-14418	0.20193996660516314	1.151469707553422	0.013382283278067267	0.02153633290277782	NPC
LJP008_NPC_24H:J05	DB12116	Epigallocatechin gallate	0.17227340307943736	1.0914012349966673	0.013422818791946308	0.021594860906509087	NPC
DOSBIO001_NEU_24H:BRD-K81418486:0.37037	DB02546	Vorinostat	0.19313540482094793	1.1265990659581089	0.01345668629100084	0.02164262829297528	NEU
LJP008_NEU_24H:K21	DB12332	Rucaparib	0.18759864908233437	1.1346036502718029	0.013507896924355778	0.021718250655293713	NEU
CPC006_THP1_6H:BRD-K20285085-001-01-4:10	DB07159	Tamatinib	-0.1831405385147736	-1.1085347297450558	0.013523131672597865	0.021736001342246323	THP1
CPC016_NEU_24H:BRD-A69815203-001-05-0:10	DB00091	Cyclosporine	0.20596742020457018	1.1631606679664854	0.013602638087386645	0.021854743137180475	NEU
DOSBIO001_NEU_24H:BRD-K27305650:1.11111	DB02656	LY-294002	-0.17562368767669684	-1.0917334905571696	0.013605442176870748	0.021854743137180475	NEU
CPC006_PL21_6H:BRD-A31107743-001-01-3:0.09	DB07348	Brefeldin A	0.22632071870475634	1.1559915415551107	0.013642291102417494	0.021907143629602558	PL21
CPC014_NEU_24H:BRD-K05104363-001-04-3:10	DB12429	CI-1040	-0.18341401239272	-1.1211893030795697	0.013683010262257697	0.021965724652732152	NEU
NMH001_NPC_6H:BRD-A75409952-001-04-0:10	DB08059	Wortmannin	-0.1854975800093173	-1.1309312438754175	0.01372495196266813	0.022026231362820146	NPC
LJP007_NEU_24H:M02	DB07794	5-(2-PHENYLPYRAZOLO[1,5-A]PYRIDIN-3-YL)-1H-PYRAZOLO[3,4-C]PYRIDAZIN-3-AMINE	-0.21097242060723106	-1.1529961746606936	0.013801889797218388	0.02214284610810702	NEU
LJP009_NPC.CAS9_24H:D24	DB13061	MLN8054	-0.19017438682965496	-1.1339321929841293	0.013814095059704988	0.022155568121136258	NPC.CAS9
CPC015_NPC_24H:BRD-A62525898-001-04-5:10	DB00635	Prednisone	-0.19587012360025913	-1.1514660676362507	0.013896609227348526	0.022280788606164455	NPC
CPC006_WSUDLCL2_6H:BRD-K92241597-001-02-9:80	DB11781	Tosedostat	-0.19689828684942373	-1.1397460208090109	0.013900769888793841	0.022280788606164455	WSUDLCL2
CPC016_NPC_24H:BRD-K93658967-001-01-7:10	DB07364	6-PHENYL[5H]PYRROLO[2,3-B]PYRAZINE	-0.2013027736412744	-1.149445486646305	0.014055494971525506	0.02252182280224031	NPC
LPROT001_NPC.TAK_6H:A16	DB11841	Entinostat	-0.19068587191726352	-1.1240621464087375	0.014150943396226415	0.022667755387711062	NPC.TAK
CPC015_NPC_24H:BRD-A92177080-001-01-3:10	DB14649	Dexamethasone acetate	0.17558510350930828	1.0875686577341774	0.014234875444839857	0.022795155919394357	NPC
CPC006_SKM1_6H:BRD-K82135108-001-01-9:10	DB05719	Elesclomol	0.18218251168198848	1.116485447213836	0.014245014245014245	0.022804344707341308	SKM1
LJP008_NPC.TAK_24H:M13	DB01262	Decitabine	-0.19138484846069134	-1.125374690653671	0.014302059496567507	0.02288859552539	NPC.TAK
NMH001_NEU_24H:BRD-K88611939-001-18-2:10	DB04599	Aniracetam	-0.2017238147585405	-1.1553211352173414	0.014480304331819856	0.023166698687091848	NEU
CPC006_WSUDLCL2_6H:BRD-K81418486:10	DB02546	Vorinostat	-0.2017926304165163	-1.1451890152530366	0.014566084023305734	0.023296743027398245	WSUDLCL2
CPC013_NPC_24H:BRD-K05658747-237-01-1:10	DB06817	Raltegravir	0.17816247705482405	1.1041668256215753	0.014598540145985401	0.02334144863822781	NPC
LJP008_NPC.CAS9_24H:L16	DB08756	Y-27632	0.1832446928530756	1.1165292599053491	0.014719411223551058	0.02352744878483701	NPC.CAS9
LJP008_NPC.CAS9_24H:J05	DB12116	Epigallocatechin gallate	-0.1854063643469113	-1.1134504808678751	0.014757554462403373	0.02358114314652306	NPC.CAS9
CPC006_THP1_6H:BRD-A56359832-001-03-8:160	DB00744	Zileuton	-0.18597297481360106	-1.1274198221500635	0.014792899408284023	0.023630334381543713	THP1
CPC006_U937_6H:BRD-K85606544-001-01-8:10	DB11828	Neratinib	0.1859761175314841	1.1238572659713268	0.014805675508945095	0.023643454695640515	U937
LJP007_NPC_24H:D20	DB06616	Bosutinib	-0.19924917791879068	-1.151667300668272	0.015160022459292532	0.024201859637724553	NPC
CPC006_U937_6H:BRD-A13084692-001-04-1:10	DB08607	(5R)-5-(4-{[(2R)-6-HYDROXY-2,5,7,8-TETRAMETHYL-3,4-DIHYDRO-2H-CHROMEN-2-YL]METHOXY}BENZYL)-1,3-THIAZOLIDINE-2,4-DIONE	0.23778054526034156	1.1428352385785598	0.0154	0.024577171126495295	U937
LJP008_NEU_24H:J08	DB05223	Pracinostat	-0.19631297619830623	-1.132873987345	0.01540460282108389	0.024577171126495295	NEU
CPC015_NPC_24H:BRD-A42571354-300-07-0:10	DB06282	Levocetirizine	0.17855218105130843	1.1079214363843324	0.015503875968992248	0.024727942527336975	NPC
CPC016_NPC_24H:BRD-A09467419-003-14-1:10	DB12554	Mebeverine	-0.2012752624254579	-1.1515211713852715	0.015513271118652285	0.024735314134417274	NPC
CPC015_NPC_24H:BRD-K05977355-001-09-1:10	DB00196	Fluconazole	0.16378565125101688	1.0953331227712144	0.015625	0.02490579821593356	NPC
CPC017_NPC_24H:BRD-K09549677-300-01-8:10	DB01388	Mibefradil	-0.15937482800545436	-1.0794249051065328	0.015873015873015872	0.025290786300353998	NPC
CPC006_SKM1_6H:BRD-K04430056-001-09-4:80	DB02207	7-Nitroindazole	-0.2119326692897722	-1.1582404670545898	0.015876288659793816	0.025290786300353998	SKM1
LJP008_NPC.TAK_24H:M14	DB01262	Decitabine	-0.20420297186211178	-1.1536717878425575	0.015948777648428406	0.025398452911541487	NPC.TAK
NMH002_NEU_6H:BRD-K18135438-001-11-8:10	DB06777	Chenodeoxycholic acid	0.22457245849365426	1.1435489322143575	0.01603849238171612	0.025533476965300436	NEU
LJP008_NPC_24H:I04	DB16239	Molibresib	0.20326333968546023	1.1481926899231665	0.01605080831408776	0.02554523608218758	NPC
LJP007_NEU_24H:P16	DB05294	Vandetanib	-0.2362337196922614	-1.1367636298480819	0.0161	0.025615658581516734	NEU
LJP007_NPC.TAK_24H:G18	DB01254	Dasatinib	0.20978117457717263	1.155250295751938	0.016110591414613865	0.025624642329812475	NPC.TAK
CPC006_WSUDLCL2_6H:BRD-K88560311-011-02-2:10	DB12332	Rucaparib	-0.20185616052721045	-1.1481883667407153	0.016240745163601623	0.025823731647064623	WSUDLCL2
CPC014_NEU_24H:BRD-A11706664-001-01-1:10	DB12405	Triciribine	-0.18905968724509226	-1.1389831438356457	0.01625207296849088	0.025833816602061275	NEU
DOSBIO001_NPC_24H:BRD-A19500257:3.33333	DB02424	Geldanamycin	0.23503840594671074	1.1339390516231285	0.0163	0.025902054584483285	NPC
LJP008_NPC.TAK_24H:I09	DB11830	Mocetinostat	-0.2223059810284238	-1.1500326951310536	0.016333938294010888	0.025948028276997062	NPC.TAK
LPROT002_NPC.TAK_6H:C04	DB00773	Etoposide	-0.20900263435024305	-1.1547035660293445	0.01637883008356546	0.026005802840512956	NPC.TAK
CPC006_SKM1_6H:BRD-A84481105-003-17-2:10	DB00679	Thioridazine	-0.18729743872344773	-1.1190243002801987	0.016380343587694766	0.026005802840512956	SKM1
CPC014_NPC_24H:BRD-K84639753-066-01-9:10	DB06654	Safinamide	0.17142978353509566	1.0778592155058229	0.01639344262295082	0.026018627770943693	NPC
CPC017_NPC_24H:BRD-A72758037-001-01-8:10	DB14054	Asiatic acid	0.17939953209901352	1.1049828517184428	0.01652892561983471	0.026225625401709574	NPC
NMH002_NEU_24H:BRD-K52313696-001-09-9:10	DB12291	Tacedinaline	-0.19143089536348745	-1.1295732131980785	0.016690706779311767	0.026474209528739998	NEU
NMH002_NPC_6H:BRD-K11129031-001-22-6:10	DB01241	Gemfibrozil	0.18222623827250933	1.1074557416067103	0.01676727028839705	0.026587513658039633	NPC
LJP009_NPC.TAK_24H:I01	DB11798	Tanzisertib	0.22028341450954983	1.1548262117177936	0.01677886064503165	0.026597753399374122	NPC.TAK
NMH001_NEU_24H:BRD-A33749298-002-01-7:10	DB03585	Oxyphenbutazone	0.19523108232540892	1.1285134093372744	0.016934306569343065	0.02683595615973571	NEU
NMH002_NEU_24H:BRD-K54771420-001-09-9:10	DB02691	Glycocholic acid	0.20087137579578787	1.1415001667505456	0.016957668634593644	0.026864762722245267	NEU
LJP007_NPC.CAS9_24H:A17	DB12742	Amuvatinib	-0.20061534930713432	-1.1460376666500502	0.017168449863150036	0.02719037505832625	NPC.CAS9
LJP008_NPC_24H:P18	DB11662	Rabusertib	-0.19720653402374802	-1.1401135102179318	0.017654139360706166	0.027950084665471216	NPC
NMH002_NEU_6H:BRD-K99964838-001-05-1:10	DB06616	Bosutinib	-0.1844219227383653	-1.1114170299342532	0.017658930373360242	0.027950084665471216	NEU
CPC006_U937_6H:BRD-K69932463-001-03-1:10	DB12774	AZD-8055	0.2120824425086955	1.1487917238539849	0.017676006829366275	0.027968570195351462	U937
LJP008_NPC.CAS9_24H:A23	DB11740	MK-1775	-0.18934273081146127	-1.1170640491220452	0.017843289371605897	0.028224641490739243	NPC.CAS9
DOSBIO001_NPC_24H:BRD-K27305650:10	DB02656	LY-294002	0.21593101787610947	1.1489863476414368	0.017896865520728007	0.028300749810318136	NPC
NMH001_NPC_6H:BRD-K90259198-001-01-8:10	DB04513	N-(6-Aminohexyl)-5-Chloro-1-Naphthalenesulfonamide	-0.1859332767994112	-1.1097455584252878	0.017966903073286054	0.02840283457161938	NPC
CPC006_NOMO1_6H:BRD-K41895714-001-02-2:10	DB04769	5-QUINOXALIN-6-YLMETHYLENE-THIAZOLIDINE-2,4-DIONE	-0.1748694905074462	-1.1007093754242008	0.017985611510791366	0.028423738593754456	NOMO1
LJP007_JURKAT_24H:N17	DB09330	Osimertinib	-0.18246983433735298	-1.114095720041617	0.018043025676613464	0.02850578020006432	JURKAT
LJP007_NPC.CAS9_24H:K04	DB12064	BMS-777607	0.20106179240882244	1.1394724721977632	0.018058968058968058	0.028522271405538698	NPC.CAS9
LJP008_NPC_24H:I10	DB11830	Mocetinostat	0.18856948907534885	1.1109242243755928	0.018338727076591153	0.028955296682174083	NPC
LJP009_NPC_24H:B19	DB16107	BI 2536	0.19018614306206252	1.1247323215430578	0.018470705064548162	0.029154795505479312	NPC
LJP009_NEU_24H:K22	DB12432	CC-401	-0.19415223814206695	-1.1355782697059418	0.01854556074766355	0.02925924707295009	NEU
CPC016_NEU_24H:BRD-K29582677-300-06-4:10	DB04841	Flunarizine	0.18911404158627695	1.1408296919951322	0.018548171870829997	0.02925924707295009	NEU
CPC013_NEU_24H:BRD-K64785675-001-01-6:10	DB05552	TG100-115	-0.24892657133012863	-1.128798490684661	0.0186	0.029332075471698114	NEU
NMH001_NPC_24H:BRD-K70327167-348-11-8:10	DB04786	Suramin	0.18522309880238935	1.1133490711552259	0.018698578908002993	0.029477732529474263	NPC
LJP007_NPC_24H:K12	DB11962	GSK-1059615	0.23179725474842994	1.1386146978461749	0.01870374074814963	0.029477732529474263	NPC
CPC016_NEU_24H:BRD-K35498378-001-05-3:10	DB02020	Alrestatin	-0.18731283458016057	-1.1197137997774418	0.018711018711018712	0.02948023683809637	NEU
LPROT001_NPC.TAK_6H:E04	DB16239	Molibresib	-0.18585741856299404	-1.122769041205049	0.01887905604719764	0.029735947853063275	NPC.TAK
CPC017_NPC_24H:BRD-K49890030-236-01-6:10	DB06741	Gavestinel	0.1920968908446089	1.1342268951520393	0.01897163120567376	0.02987268092002474	NPC
LJP007_JURKAT_24H:J20	DB03044	Doramapimod	-0.1943375828834225	-1.1344587788042735	0.01902935536214781	0.02995447128999087	JURKAT
LJP008_NPC.TAK_24H:P16	DB11662	Rabusertib	0.20202464814973453	1.1481445318926575	0.019072286319755122	0.030012932799566062	NPC.TAK
CPC006_PL21_6H:BRD-K87142802-001-02-7:10	DB07232	Veliparib	-0.17212180170662736	-1.1088489328164597	0.019230769230769232	0.030253140908878616	PL21
DOSBIO002_NPC_24H:BRD-A75409952:10	DB08059	Wortmannin	-0.18645040029218238	-1.1192446027020793	0.019246861924686193	0.03026926813163091	NPC
CPC017_NPC_24H:BRD-A19500257:10	DB02424	Geldanamycin	0.21270393278097705	1.150493713781982	0.019356132785076724	0.03043188109595497	NPC
NMH001_NPC_6H:BRD-K69726342-001-02-6:10	DB01076	Atorvastatin	-0.18246922327773196	-1.1063212212802813	0.019429265330904676	0.030537595676296037	NPC
NMH002_NEU_24H:BRD-K24656285-001-04-4:10	DB02509	Farnesol	-0.1982300581174856	-1.1354139903501055	0.019483269800931808	0.03061319105774064	NEU
NMH002_NEU_6H:BRD-K97399794-001-12-0:10	DB04216	Quercetin	0.21648155478770012	1.1424576300861395	0.01968743657398011	0.030924612405688064	NEU
CPC006_NOMO1_6H:BRD-K41260949-236-02-8:10	DB00313	Valproic acid	-0.2260097229819181	-1.132973689255608	0.0197	0.030934969696969693	NOMO1
CPC012_NEU_24H:BRD-A19248578-001-02-9:10	DB08080	Latrunculin B	-0.18831396773463843	-1.1080554881615472	0.019926586261143155	0.03128129960776851	NEU
CPC015_NPC_24H:BRD-K57718010-001-08-5:10	DB13415	Pentetrazol	0.19912366045433774	1.1375363460443786	0.019981834695731154	0.03135853040377918	NPC
CPC006_SKM1_6H:BRD-K98404142-001-01-9:11.1	DB05107	16-Bromoepiandrosterone	-0.21477527318849343	-1.1511139616252029	0.020279862096937742	0.03181660471884087	SKM1
LJP007_NPC_24H:I15	DB11526	Masitinib	-0.2227583863421778	-1.1416692568173004	0.020289272800321414	0.03182173476127892	NPC
LJP009_NPC.CAS9_24H:L22	DB12588	AZD-1480	0.18558853482354984	1.1037372065974906	0.02030456852791878	0.03183608898991683	NPC.CAS9
CPC017_NPC_24H:BRD-K79124250-001-03-0:10	DB09313	Ioxaglic acid	0.17246198251688902	1.090952864905625	0.02040816326530612	0.03198883909280591	NPC
CPC006_WSUDLCL2_6H:BRD-K98404142-001-01-9:11.1	DB05107	16-Bromoepiandrosterone	-0.18992360853304063	-1.1254509472756307	0.020421324161650902	0.03199978887380556	WSUDLCL2
CPC006_WSUDLCL2_6H:BRD-U94846492-000-01-1:10	DB00908	Quinidine	-0.1913942544661537	-1.130431827692579	0.02044739601537924	0.03203095711961766	WSUDLCL2
LJP007_NEU_24H:B09	DB07970	5-[(2-methyl-5-{[3-(trifluoromethyl)phenyl]carbamoyl}phenyl)amino]pyridine-3-carboxamide	-0.19695058283529993	-1.1518644093299855	0.02048114434330299	0.032074128131458476	NEU
LJP009_NPC.TAK_24H:D03	DB11775	PF-03758309	-0.19361798984237455	-1.1211085174034414	0.02052334530528476	0.03213050615467844	NPC.TAK
NMH001_NEU_24H:BRD-K25210139-001-01-3:10	DB13575	Bietaserpine	0.21248711893057026	1.1454600347131756	0.020553438941247244	0.03216790111553706	NEU
LJP009_NPC.TAK_24H:F06	DB11962	GSK-1059615	0.1753968182132832	1.0929625241892127	0.020618556701030927	0.032260072712784506	NPC.TAK
LJP007_JURKAT_24H:B16	DB12200	Tivantinib	-0.19057553447495382	-1.1116523738604638	0.020741394527802295	0.032442471006058404	JURKAT
LJP007_NPC.CAS9_24H:D23	DB06616	Bosutinib	-0.20689669849893888	-1.143673742985259	0.02078100022836264	0.032494611702889316	NPC.CAS9
CPC006_WSUDLCL2_6H:BRD-K49456190-001-01-0:10	DB11684	APR-246	0.1729035140081878	1.0657204699232512	0.020833333333333332	0.0325666163901458	WSUDLCL2
LJP008_NEU_24H:H13	DB11841	Entinostat	0.19009551804464597	1.114777915466518	0.020940984498232253	0.032725024629022784	NEU
CPC014_NEU_24H:BRD-K38775274-001-13-0:10	DB01234	Dexamethasone	-0.22808066380593675	-1.1375784687913983	0.02100630189056717	0.03281720120498013	NEU
LJP009_NPC.TAK_24H:L12	DB05984	RAF-265	0.18615965613939095	1.1104486471210975	0.021087680355160933	0.0329344061484159	NPC.TAK
NMH002_NPC_6H:BRD-K70131229-003-01-2:10	DB02678	beta-D-Galactosamine	0.19914744371501042	1.138240891978463	0.02110032362459547	0.03294422326684355	NPC
LJP008_NPC.TAK_24H:K20	DB12332	Rucaparib	-0.17967080799757199	-1.0873579765852728	0.021108179419525065	0.032946561973487616	NPC.TAK
LJP007_JURKAT_24H:B15	DB12200	Tivantinib	-0.18427279473567132	-1.103614893873884	0.021205357142857144	0.03308827483116101	JURKAT
CPC014_NEU_24H:BRD-K56343971-001-01-5:10	DB08881	Vemurafenib	-0.19228555456916105	-1.1323880095920371	0.021264367816091954	0.033170365449424595	NEU
CPC006_U937_6H:BRD-K12184916-001-03-0:0.63	DB11651	Dactolisib	0.21953569649721785	1.1442370080904767	0.021538769785614104	0.033581554652998336	U937
CPC006_SKM1_6H:BRD-A70449690-001-01-4:10	DB02587	Colforsin	0.22408958219566757	1.1384872764441598	0.021540927762749223	0.033581554652998336	SKM1
CPC016_NEU_24H:BRD-A00993607-003-15-4:10	DB00866	Alprenolol	0.20511387120156901	1.149057030361082	0.02161778138637978	0.03368708455900278	NEU
LJP007_NPC.CAS9_24H:B13	DB12200	Tivantinib	0.19277114538403092	1.1064278520617956	0.021621621621621623	0.03368708455900278	NPC.CAS9
CPC006_WSUDLCL2_6H:BRD-K52836380-001-01-7:22.2	DB07403	4-[(3-CHLORO-4-{[(2R)-3,3,3-TRIFLUORO-2-HYDROXY-2-METHYLPROPANOYL]AMINO}PHENYL)SULFONYL]-N,N-DIMETHYLBENZAMIDE	-0.19966533766633576	-1.142258391675932	0.02186448822681403	0.034055238350270606	WSUDLCL2
CPC006_NOMO1_6H:BRD-K82818427-001-01-4:44.4	DB03880	Batimastat	-0.19567094039573418	-1.1321268565253895	0.0218806259520842	0.03407013331841957	NOMO1
LJP009_NPC.TAK_24H:D15	DB16108	TAK-715	-0.19519131505249204	-1.1259115206060621	0.021930526652793342	0.034137575582690025	NPC.TAK
LJP009_NEU_24H:D18	DB16108	TAK-715	0.19557220669124417	1.1324004660411264	0.022049492385786802	0.03431245331626043	NEU
LJP008_NEU_24H:G16	DB01254	Dasatinib	-0.18809045671150887	-1.0998916257200841	0.022529441884280594	0.03504880451646414	NEU
NMH002_NPC_6H:BRD-K52313696-001-08-1:10	DB12291	Tacedinaline	-0.21827442333300792	-1.1402509674663668	0.022718052738336714	0.03533161743399185	NPC
NMH002_NEU_6H:BRD-K67102207-236-03-6:10	DB06819	Phenylbutyric acid	-0.19877218665330795	-1.1459385586684125	0.02291360100903931	0.03562504663331584	NEU
CPC015_NPC_24H:BRD-K39120595-304-03-9:10	DB04813	Bithionol	0.201007744041781	1.1448639033720496	0.023039611964430072	0.03581021871615976	NPC
LJP007_JURKAT_24H:E06	DB11743	Ipatasertib	-0.18443459977310803	-1.107621403690128	0.02309278350515464	0.03588210018701989	JURKAT
CPC018_NPC_24H:BRD-K09602097-001-04-5:10	DB02587	Colforsin	-0.19702425684256408	-1.1346069347935603	0.023132145705929273	0.03593248772425824	NPC
CPC006_WSUDLCL2_6H:BRD-K82818427-001-01-4:44.4	DB03880	Batimastat	0.1768377691649144	1.1039744085395338	0.023255813953488372	0.03611376323253723	WSUDLCL2
NMH002_NPC_6H:BRD-K43880410-001-09-4:10	DB02789	Pregnenolone	0.188361957593545	1.117822714899294	0.0233847637415622	0.0363031293315684	NPC
LJP007_NEU_24H:M15	DB07460	2-({5-CHLORO-2-[(2-METHOXY-4-MORPHOLIN-4-YLPHENYL)AMINO]PYRIMIDIN-4-YL}AMINO)-N-METHYLBENZAMIDE	-0.18250914682119804	-1.08550371207325	0.023465703971119134	0.03641530162814866	NEU
DOSBIO001_NPC_24H:BRD-A75409952:3.33333	DB08059	Wortmannin	0.20012058263810503	1.1425991524214523	0.02347107438016529	0.03641530162814866	NPC
LJP009_NEU_24H:I18	DB12146	Rigosertib	-0.2090378234445025	-1.14121529781102	0.023612388837779823	0.03662011333665075	NEU
NMH002_NEU_24H:BRD-K31342827-001-12-0:10	DB03777	Bisindolylmaleimide I	-0.2147352388039292	-1.1403051099146724	0.023617217053471015	0.03662011333665075	NEU
NMH002_NPC_6H:BRD-A95074085-236-01-6:10	DB13242	Bucladesine	0.17975289023217972	1.0990510807075349	0.023638232271325797	0.03664173485791513	NPC
LJP007_JURKAT_24H:H11	DB09053	Ibrutinib	-0.17932529729714797	-1.0863803535211527	0.023880597014925373	0.03700635578090409	JURKAT
LJP009_NEU_24H:M15	DB06314	SGX-523	0.17761751028038628	1.092395953026049	0.02390438247011952	0.03703214049631073	NEU
CPC012_NEU_24H:BRD-K05396879-001-02-6:10	DB08435	(5E,14E)-11-oxoprosta-5,9,12,14-tetraen-1-oic acid	-0.1904713092519552	-1.1095440752343613	0.024016707274625827	0.03719503200750479	NEU
CPC006_WSUDLCL2_6H:BRD-K12994359-001-07-7:177.6	DB00580	Valdecoxib	-0.17638642074370942	-1.0873788023971271	0.024096385542168676	0.0373072811112991	WSUDLCL2
LJP009_NPC_24H:O03	DB07101	PD-0325901	-0.19402558650731794	-1.1345105042050092	0.024278632261344857	0.03757821755623926	NPC
CPC016_NEU_24H:BRD-A80017228-001-15-8:10	DB00436	Bendroflumethiazide	0.1946024496926606	1.135080936217142	0.02462734931950745	0.03810657634329281	NEU
LJP008_NEU_24H:K22	DB12332	Rucaparib	-0.19065197821636287	-1.108551117343075	0.024705221785513758	0.03821565949030815	NEU
CPC006_SKM1_6H:BRD-A17883755-001-02-0:177.6	DB00480	Lenalidomide	-0.19067600405174037	-1.1231784843232766	0.025055502695845226	0.038745931056362266	SKM1
CPC017_NPC_24H:BRD-A20527803-001-01-2:10	DB05511	Piclidenoson	0.17679239577896905	1.113351938321175	0.025523012552301255	0.03945711546719126	NPC
NMH002_NPC_24H:BRD-K41260949-001-14-1:10	DB00313	Valproic acid	0.19894641655790415	1.1374146937278427	0.025537634408602152	0.03946794557273378	NPC
NMH002_NPC_6H:BRD-K76723084-001-19-0:10	DB00982	Isotretinoin	0.17682759008664853	1.092490279084609	0.02557544757033248	0.0395146002711577	NPC
LJP007_NPC.CAS9_24H:B12	DB07970	5-[(2-methyl-5-{[3-(trifluoromethyl)phenyl]carbamoyl}phenyl)amino]pyridine-3-carboxamide	0.19285829398695262	1.1277205288741339	0.025644848665573282	0.03961001662742198	NPC.CAS9
LJP009_NPC_24H:L21	DB12588	AZD-1480	-0.18316607366893306	-1.1039598211299664	0.025735294117647058	0.039737870714435956	NPC
LJP009_NPC_24H:H08	DB08912	Dabrafenib	0.21771382599070824	1.1394344356330877	0.02592816787732042	0.04002376107842551	NPC
LJP008_NPC_24H:K08	DB11962	GSK-1059615	0.239154829329133	1.1230665338918322	0.026102610261026102	0.04028103822889734	NPC
LJP008_NEU_24H:C10	DB13877	Iniparib	-0.21387929843411568	-1.1400107483390365	0.026203099510603588	0.04042407313603685	NEU
LJP008_NPC.CAS9_24H:C07	DB13877	Iniparib	0.19674978254277448	1.1350238809563795	0.02624936900555275	0.04048340184130189	NPC.CAS9
CPC006_THP1_6H:BRD-K35723520-001-01-0:10	DB06179	Darinaparsin	0.18332545346147566	1.1060467233785372	0.026283865750101092	0.040524543980072554	THP1
CPC006_NOMO1_6H:BRD-K50590187-001-10-8:160	DB09120	Zucapsaicin	-0.1926720311707704	-1.1293254529600323	0.026303049862836856	0.04054205960417031	NOMO1
CPC016_NEU_24H:BRD-A18579359-001-02-3:10	DB01731	(S)-wiskostatin	-0.20158753724037975	-1.1326305011938356	0.02640455973013842	0.04068641942360312	NEU
LJP008_NPC.TAK_24H:K22	DB12332	Rucaparib	-0.18428045564495202	-1.1010855759621867	0.026558265582655827	0.040911097577087545	NPC.TAK
LJP009_NPC.CAS9_24H:P19	DB09074	Olaparib	-0.239903389824087	-1.1210661444459147	0.0266	0.04096320950965825	NPC.CAS9
PCLB001_JURKAT_6H:BRD-K07572174-001-22-0:10	DB11672	Curcumin	0.20812345883255212	1.1373315062378004	0.026746063786838917	0.04117590687563852	JURKAT
CPC018_NPC_24H:BRD-K10843433-001-12-8:10	DB00812	Phenylbutazone	0.17858887782058616	1.0991837337758705	0.02693965517241379	0.04146162551334965	NPC
CPC014_NPC_24H:BRD-K74733595-001-02-9:10	DB07350	(2E)-N-hydroxy-3-[1-methyl-4-(phenylacetyl)-1H-pyrrol-2-yl]prop-2-enamide	0.19999711093166614	1.1309532519407461	0.027023581899298918	0.04157140221254202	NPC
LJP008_NEU_24H:D19	DB13978	Selisistat	-0.17353267783061654	-1.0779799409182134	0.02702702702702703	0.04157140221254202	NEU
NMH001_NEU_24H:BRD-K41160163-001-02-7:10	DB12931	Fenobam	0.21244907193399107	1.1379175287886256	0.02715751357875679	0.041759713758195156	NEU
LJP008_NPC_24H:O03	DB07101	PD-0325901	0.17732962599401758	1.076306313018481	0.0273972602739726	0.04211587147425869	NPC
LJP009_NPC.TAK_24H:E18	DB13113	JNJ-38877605	0.19263639228772428	1.1227405300078093	0.027454387489139878	0.04219117318170903	NPC.TAK
LJP008_NPC_24H:C08	DB13877	Iniparib	-0.19835485523070007	-1.1231509858869795	0.027524244152880777	0.042285986718122795	NPC
LJP007_JURKAT_24H:M05	DB07794	5-(2-PHENYLPYRAZOLO[1,5-A]PYRIDIN-3-YL)-1H-PYRAZOLO[3,4-C]PYRIDAZIN-3-AMINE	-0.19278846701861393	-1.1195825346917563	0.027539028240659534	0.04229616014911016	JURKAT
LJP009_NPC.CAS9_24H:N10	DB08896	Regorafenib	0.17508324218303037	1.0865001141223056	0.027777777777777776	0.042650205761316874	NPC.CAS9
NMH002_NEU_24H:BRD-K77830450-001-03-2:10	DB02587	Colforsin	0.19794272467986565	1.1344642119870272	0.027803521779425393	0.042677088228963975	NEU
CPC015_NPC_24H:BRD-K54314721-001-04-5:10	DB00315	Zolmitriptan	0.1839419003130472	1.0992187331586933	0.027857829010566763	0.042747784996374584	NPC
LJP008_NPC.TAK_24H:L17	DB08756	Y-27632	0.18208272053258304	1.1051334104578137	0.028013269443420568	0.04297358266897732	NPC.TAK
LJP007_NPC_24H:H07	DB09053	Ibrutinib	0.2036087066908769	1.137688512287245	0.028137370279233978	0.043151184606981495	NPC
LJP007_JURKAT_24H:F13	DB12247	AZD-4547	-0.18340226598924364	-1.0868485221584532	0.028169014084507043	0.043186932244353694	JURKAT
CPC006_NOMO1_6H:BRD-A38030642-001-02-0:10	DB00091	Cyclosporine	0.21379391260602412	1.1363834561760644	0.028193384223918577	0.043209060856004365	NOMO1
LJP008_NPC.TAK_24H:J04	DB12116	Epigallocatechin gallate	0.1734695168276046	1.0865050031725003	0.028205128205128206	0.043209060856004365	NPC.TAK
LPROT002_NPC.TAK_6H:C22	DB04462	Tetrabromo-2-Benzotriazole	0.2307746465664393	1.1294909983049806	0.02820846253876163	0.043209060856004365	NPC.TAK
LJP007_JURKAT_24H:M16	DB07460	2-({5-CHLORO-2-[(2-METHOXY-4-MORPHOLIN-4-YLPHENYL)AMINO]PYRIMIDIN-4-YL}AMINO)-N-METHYLBENZAMIDE	-0.19254996051746925	-1.1168888631840845	0.02879142952795447	0.04408148070315942	JURKAT
LJP007_NPC.CAS9_24H:K11	DB11962	GSK-1059615	0.22093683907293002	1.1289116127634624	0.028795023577806764	0.04408148070315942	NPC.CAS9
LPROT003_NPC_6H:D15	DB11899	MK-8776	-0.20244167005471195	-1.1349961050031365	0.029160903642231444	0.04462841189428333	NPC
DOSBIO001_NEU_24H:BRD-A75409952:10	DB08059	Wortmannin	-0.1826869840811232	-1.0930352803903338	0.029371584699453553	0.04493757068573024	NEU
LJP008_NPC_24H:M06	DB02709	Resveratrol	0.21964917428290026	1.1315644901168698	0.029744616925388084	0.04549486567513608	NPC
CPC006_WSUDLCL2_6H:BRD-A14395271-001-01-5:10	DB00933	Mesoridazine	-0.21856762442985936	-1.1336605088944502	0.02983879042755582	0.045625438771199255	WSUDLCL2
NMH002_NEU_24H:BRD-K52313696-001-10-7:10	DB12291	Tacedinaline	-0.17932791510042703	-1.1097825592751402	0.03006506618801885	0.04595786813755566	NEU
CPC017_NPC_24H:BRD-K07691486-001-04-9:10	DB06195	Seliciclib	-0.18576025692098522	-1.1077562171324333	0.03015797032072762	0.04608628788027441	NPC
LJP009_NPC.TAK_24H:D18	DB16108	TAK-715	0.17885725780543452	1.0873220805486266	0.030362389813907934	0.04638499528763883	NPC.TAK
CPC006_NOMO1_6H:BRD-K01638814-051-10-1:10	DB11738	Rilmenidine	0.1875921627436242	1.1052596481450143	0.030375508251614447	0.046391359787758935	NOMO1
DOSBIO002_NPC_24H:BRD-K27305650:10	DB02656	LY-294002	0.2040706356997575	1.1330104635443292	0.03040103492884864	0.046416665586709975	NPC
NMH001_NPC_6H:BRD-K03243820-001-16-2:10	DB00432	Trifluridine	-0.21795294852054692	-1.1330806048460025	0.0304125263474857	0.04642053358841558	NPC
CPC006_U937_6H:BRD-K92241597-001-02-9:80	DB11781	Tosedostat	0.19972324673792738	1.138442266267312	0.030442333231177853	0.04645234711541921	U937
AML001_HL60_6H:BRD-K93754473:13.4584	DB00675	Tamoxifen	-0.18595199340240856	-1.1051067485912072	0.03050957481337228	0.04654124718366063	HL60
LJP009_NEU_24H:E11	DB01782	Pyrazolanthrone	0.18972872196026447	1.1143051453009352	0.030620007607455306	0.04669596216063372	NEU
LJP009_NPC_24H:E14	DB13113	JNJ-38877605	0.2164634665555003	1.1343398552413715	0.03063898407579117	0.04671115489283608	NPC
NMH002_NEU_24H:BRD-A99117172-001-01-1:10	DB01611	Hydroxychloroquine	0.18936272685062747	1.1240762127461936	0.030933713471133287	0.0471466185904155	NEU
DOSBIO001_NPC_24H:BRD-A13084692:10	DB08607	(5R)-5-(4-{[(2R)-6-HYDROXY-2,5,7,8-TETRAMETHYL-3,4-DIHYDRO-2H-CHROMEN-2-YL]METHOXY}BENZYL)-1,3-THIAZOLIDINE-2,4-DIONE	0.18207554811134388	1.106747021142525	0.031103770988164053	0.04739186746858751	NPC
LJP007_JURKAT_24H:B08	DB07970	5-[(2-methyl-5-{[3-(trifluoromethyl)phenyl]carbamoyl}phenyl)amino]pyridine-3-carboxamide	-0.18720072132884552	-1.112541769213041	0.031140042223786066	0.047433186009306114	JURKAT
LJP009_NPC.CAS9_24H:L09	DB05984	RAF-265	-0.20013334030684468	-1.1183745221530372	0.031197537772803582	0.04750680009952047	NPC.CAS9
LJP008_NPC.TAK_24H:N09	DB02665	(1R,2S)-2-Phenylcyclopropanaminium	-0.19520607465345388	-1.1254367708419661	0.031360304099918544	0.04774062745175614	NPC.TAK
NMH002_NPC_6H:BRD-K91509126-001-19-4:10	DB08399	Piceatannol	0.17396866914666667	1.069795526024857	0.03153153153153153	0.04798719424270085	NPC
NMH002_NPC_6H:BRD-K77175907-001-04-9:10	DB00146	Calcifediol	-0.1971838629735379	-1.129745276835973	0.03170289855072464	0.04823382862297566	NPC
LJP007_NPC.TAK_24H:B03	DB00877	Sirolimus	0.21012292706708147	1.133366761673115	0.0317798761295563	0.048336753185606325	NPC.TAK
NMH001_NPC_24H:BRD-K49808142-001-01-1:10	DB14630	Tyramine O-sulfate	-0.19129116258823278	-1.1324341412374397	0.03192634222169078	0.04854527740399109	NPC
LJP009_NPC.CAS9_24H:G16	DB01254	Dasatinib	0.2185605047581424	1.1293294208197615	0.03217077570655442	0.048902598917971545	NPC.CAS9
CPC014_NPC_24H:BRD-K16478699-001-02-7:10	DB06999	PLX-4720	-0.19099158146297834	-1.1059870123213504	0.03233139681737813	0.049132345544766406	NPC
NMH001_NEU_6H:BRD-K66296774-001-05-3:10	DB01095	Fluvastatin	0.19197464709947196	1.112759226374108	0.032570422535211266	0.049481069943554605	NEU
LJP007_JURKAT_24H:A16	DB12742	Amuvatinib	0.18436034206758703	1.1075428054336116	0.03263002944062807	0.049557096295819066	JURKAT
CPC006_THP1_6H:BRD-A02006392-001-09-9:10	DB01054	Nitrendipine	0.1739068977886518	1.0939270042331177	0.032679738562091505	0.04961805016957462	THP1
LJP009_NPC.CAS9_24H:F06	DB11962	GSK-1059615	0.21720723529120683	1.131326512639188	0.0327572347266881	0.049721145387726345	NPC.CAS9
CPC006_NOMO1_6H:BRD-K87142802-001-02-7:10	DB07232	Veliparib	-0.17846521714113664	-1.0915020037604668	0.03277674706246135	0.049736194224794944	NOMO1
LJP009_NEU_24H:I05	DB11798	Tanzisertib	-0.1817747814752104	-1.0834838667395656	0.03290529695024077	0.049916641919246975	NEU
NMH002_NPC_6H:BRD-A75409952-001-04-0:10	DB08059	Wortmannin	0.1914414758980397	1.1085942001884037	0.033133153862083244	0.05024758657106098	NPC
LJP008_NPC.CAS9_24H:G18	DB01254	Dasatinib	0.22947389751066757	1.1175895900385715	0.03340668133626725	0.0506393609640173	NPC.CAS9
CPC006_WSUDLCL2_6H:BRD-K91623615-001-01-9:10	DB12254	ABT-751	-0.17863497004131576	-1.1006508913953783	0.03341103341103341	0.0506393609640173	WSUDLCL2
LJP007_NPC.CAS9_24H:P05	DB09054	Idelalisib	-0.21295283750664698	-1.1310400733752835	0.033539365690546157	0.05081900380362871	NPC.CAS9
LJP008_NPC_24H:H17	DB11841	Entinostat	-0.20278294487175935	-1.1256784278864889	0.033628516982401074	0.050939191757615424	NPC
LJP007_NPC.CAS9_24H:L07	DB11836	Sapanisertib	0.23652048856834074	1.118892178762663	0.0337	0.05103255406195207	NPC.CAS9
CPC013_NEU_24H:BRD-K13390322-001-01-4:10	DB08142	AT-7519	0.18369341268834874	1.087102451434283	0.03380503144654088	0.051176650001745504	NEU
LJP007_JURKAT_24H:I17	DB11526	Masitinib	0.18481831400866264	1.1029824646664943	0.03388157894736842	0.05127755318494835	JURKAT
CPC018_NPC_24H:BRD-A09495397-001-02-7:10	DB11562	Bicuculline	-0.19224846003830043	-1.119417878794282	0.03393730227207363	0.051346890620112565	NPC
LJP007_NPC_24H:C05	DB11800	Tivozanib	-0.23078526506738606	-1.117609807838174	0.034	0.05142673671920608	NPC
CPC018_NPC_24H:BRD-K15567136-003-18-1:10	DB01113	Papaverine	-0.18083705128995164	-1.097655754092432	0.03404743687834736	0.05148346014111352	NPC
CPC006_WSUDLCL2_6H:BRD-A69951442-001-01-3:10	DB01234	Dexamethasone	-0.1823683687030643	-1.0964158032122686	0.03423626787057938	0.051753891512643625	WSUDLCL2
DOSBIO001_NEU_24H:BRD-K27305650:3.33333	DB02656	LY-294002	-0.20144806964017464	-1.127266269457704	0.03443421765024364	0.052037945716991114	NEU
LPROT003_NPC_6H:F05	DB07101	PD-0325901	0.17904345305567407	1.080748896812884	0.034444444444444444	0.05203822481373502	NPC
CPC006_THP1_6H:BRD-A91699651-316-06-7:10	DB00608	Chloroquine	0.1694292685823442	1.0508925099253241	0.034482758620689655	0.05208092543643655	THP1
CPC014_NEU_24H:BRD-K79404599-001-02-8:10	DB06486	Enzastaurin	-0.20271305746301937	-1.130593508633295	0.03454103728741946	0.0521537456944661	NEU
LJP009_NEU_24H:I15	DB12146	Rigosertib	-0.18868288205699202	-1.105798759775245	0.03466334164588529	0.05232316819370159	NEU
LJP009_NPC_24H:D24	DB13061	MLN8054	0.18845845828282923	1.1098861844134646	0.034764437689969604	0.052460488092435205	NPC
LJP007_NPC_24H:P09	DB07859	4-(4-CHLOROPHENYL)-4-[4-(1H-PYRAZOL-4-YL)PHENYL]PIPERIDINE	-0.1731387455178727	-1.0689441886310638	0.035175879396984924	0.05306591180063344	NPC
LJP008_NPC.TAK_24H:N10	DB02665	(1R,2S)-2-Phenylcyclopropanaminium	0.18057149969894495	1.090688997356604	0.035222894881673086	0.05312137406194119	NPC.TAK
CPC017_NPC_24H:BRD-K45542189-048-15-5:10	DB00711	Diethylcarbamazine	0.18614844307033307	1.1070561723281445	0.03524416135881104	0.053137982007960084	NPC
CPC006_PL21_6H:BRD-K28307902-001-10-0:28.96	DB00499	Flutamide	0.2009418254514901	1.1278503473428172	0.03530994283152113	0.05322167648427646	PL21
LJP007_NPC_24H:K09	DB11962	GSK-1059615	0.2202563065591689	1.1254745397362007	0.03532826261008807	0.053233805421772716	NPC
LJP009_NPC_24H:B10	DB12242	AZD-7762	0.18524729732165673	1.1079818630919427	0.03536067892503536	0.0532671622643992	NPC
LPROT003_NPC_6H:D05	DB11689	Selumetinib	-0.23659434914288638	-1.1179441085584352	0.0355	0.053445961650203364	NPC
LJP007_NEU_24H:L08	DB11836	Sapanisertib	0.22754743849767312	1.114530638727106	0.0355	0.053445961650203364	NEU
LJP007_NPC.TAK_24H:K19	DB01590	Everolimus	0.2132648131620579	1.129546178335443	0.03551307847082495	0.05345012275219718	NPC.TAK
NMH001_NPC_6H:BRD-K88611939-001-18-2:10	DB04599	Aniracetam	-0.1952333254060727	-1.115798787374857	0.03560411311053985	0.0535715778567995	NPC
LJP008_NEU_24H:K09	DB11962	GSK-1059615	0.25173212418206914	1.1021150825919461	0.0357	0.053700261248185784	NEU
CPC016_NPC_24H:BRD-K29582677-300-06-4:10	DB04841	Flunarizine	-0.17436361894018731	-1.0903954748660163	0.03571428571428571	0.0537061603515463	NPC
CPC015_NPC_24H:BRD-K29673530-001-03-9:10	DB13014	Hypericin	-0.17562255934047163	-1.0813200498380524	0.03619909502262444	0.05441941120024364	NPC
LJP009_NEU_24H:K10	DB11962	GSK-1059615	0.19957414478880814	1.1272136122438736	0.036332365903472	0.05460392114611134	NEU
CPC006_SKM1_6H:BRD-A19500257:10	DB02424	Geldanamycin	0.18246000108828825	1.1006463145922227	0.036705737199259715	0.055149066444350206	SKM1
NMH001_NPC_24H:BRD-K21283037-001-16-5:10	DB00740	Riluzole	0.197511152111848	1.1306372636917237	0.03681370993335449	0.055295259383954486	NPC
CPC006_U937_6H:BRD-K13049116-001-01-6:10	DB15399	BMS-754807	-0.20381198645898596	-1.1306287978102847	0.03691023857922328	0.0554119001143195	U937
CPC015_NPC_24H:BRD-A02180903-001-03-7:10	DB01234	Dexamethasone	0.17468642934054338	1.0810631725590214	0.03691275167785235	0.0554119001143195	NPC
LJP007_NPC_24H:N15	DB09330	Osimertinib	0.18489507058335322	1.0985803350246166	0.037003058103975535	0.05553137767008434	NPC
LJP008_NPC_24H:J10	DB05223	Pracinostat	-0.1886309332523691	-1.0982231813146877	0.037087444709084726	0.05564190459828519	NPC
NMH002_NEU_24H:BRD-K41260949-001-14-1:10	DB00313	Valproic acid	-0.19551171652019642	-1.1154243555634007	0.03716814159292035	0.05574683349768835	NEU
LJP007_NPC.TAK_24H:I22	DB13005	Rebastinib	-0.18787560024917532	-1.0976539282960778	0.03717948717948718	0.055747714862298195	NPC.TAK
LJP007_NPC.TAK_24H:A16	DB12742	Amuvatinib	0.17396429510372186	1.075577262247283	0.037267080745341616	0.05586289048954592	NPC.TAK
NMH001_NPC_6H:BRD-A95696066-001-01-7:10	DB09186	Nisoxetine	0.18402233435576126	1.0889662411822012	0.03770063456513625	0.05649643965197687	NPC
LJP008_NPC_24H:F04	DB12376	Ricolinostat	-0.1873897479890716	-1.1008299600692713	0.03782432010003126	0.05666540235858977	NPC
CPC018_NPC_24H:BRD-K20482099-001-01-1:10	DB01698	Rutin	0.18395249540756747	1.1011663245605576	0.03789074834227976	0.056748513846732296	NPC
CPC006_THP1_6H:BRD-K28307902-001-10-0:28.96	DB00499	Flutamide	0.21072406589164006	1.1237785415527397	0.03826634185952091	0.05729447660099316	THP1
CPC006_PL21_6H:BRD-K89732114-001-05-9:10	DB00831	Trifluoperazine	0.1956321529823112	1.1210343317600306	0.03904690618762475	0.05844629343277627	PL21
LJP007_NPC.CAS9_24H:G14	DB01254	Dasatinib	-0.17555045311876438	-1.072876492595136	0.0392156862745098	0.058681976977912165	NPC.CAS9
LJP007_NEU_24H:P17	DB05294	Vandetanib	-0.2191527481832667	-1.1216145862333289	0.03926675348091756	0.05874143087128025	NEU
CPC006_NOMO1_6H:BRD-K96354014-001-09-6:10	DB01115	Nifedipine	0.18978864614543237	1.107032517492193	0.039315966117947895	0.05879807688981414	NOMO1
CPC016_NPC_24H:BRD-K93332168-001-03-2:10	DB01247	Isocarboxazid	0.18268252653172168	1.0865939672254514	0.03939393939393939	0.058897690115231945	NPC
CPC018_NPC_24H:BRD-A93000692-001-05-7:10	DB09201	Ciglitazone	-0.176823922729804	-1.0900679198897838	0.03976721629485936	0.05943862556676124	NPC
CPC015_NPC_24H:BRD-K55191674-237-12-6:10	DB01053	Benzylpenicillin	0.1993959586928506	1.1204125101502598	0.039853701601715225	0.05955071559979478	NPC
NMH001_NEU_6H:BRD-K73251053-001-01-0:10	DB04017	Clorgiline	-0.17737976164562289	-1.0888354603116195	0.04	0.05975208993946382	NEU
CPC018_NPC_24H:BRD-A75409952:10	DB08059	Wortmannin	-0.1788636383132901	-1.0908002322626338	0.04009433962264151	0.059875754445109015	NPC
LJP009_NPC_24H:L11	DB05984	RAF-265	0.20999240215634457	1.12905977706748	0.04021937842778794	0.06004517977896776	NPC
NMH001_NEU_6H:BRD-K37289225-001-30-7:10	DB00363	Clozapine	0.18278129422543488	1.0801143160373936	0.04081632653061224	0.06091883758111539	NEU
CPC018_NPC_24H:BRD-A20589515-001-01-1:10	DB04228	Dihydroxyphenylglycine	-0.17640676758327994	-1.084558440429406	0.04084411164057182	0.06094275454115841	NPC
LJP009_NPC.CAS9_24H:H17	DB07138	Neflamapimod	-0.17667820137258256	-1.0955880296129477	0.0410958904109589	0.06130077838502851	NPC.CAS9
CPC006_SKM1_6H:BRD-A91699651-316-06-7:10	DB00608	Chloroquine	0.16640284790180002	1.0578477576378174	0.041666666666666664	0.06213429256594724	SKM1
LJP007_NPC.CAS9_24H:M01	DB07794	5-(2-PHENYLPYRAZOLO[1,5-A]PYRIDIN-3-YL)-1H-PYRAZOLO[3,4-C]PYRIDAZIN-3-AMINE	0.2297905001534871	1.1161804823129093	0.0417	0.062166110471806674	NPC.CAS9
CPC016_NEU_24H:BRD-K97810537-001-03-7:10	DB00394	Beclomethasone dipropionate	-0.2042462654924193	-1.1237455533916765	0.041717171717171715	0.06217382336450498	NEU
NMH002_NEU_6H:BRD-K43736954-001-19-9:10	DB14681	Cortisone	-0.20862351509991098	-1.120737456150493	0.04231090681153364	0.06304057478360188	NEU
CPC006_THP1_6H:BRD-K80738081-001-21-1:10	DB02709	Resveratrol	-0.1881528495620496	-1.1081339306566773	0.042363433667781496	0.06310069366669839	THP1
LJP007_NEU_24H:P03	DB09054	Idelalisib	-0.1849820721883734	-1.1143936102819594	0.042387060791968766	0.06311774397240866	NEU
LJP009_NPC.TAK_24H:I16	DB12146	Rigosertib	-0.19489394106339683	-1.1112955537383287	0.04244435227429835	0.06318489901907902	NPC.TAK
CPC017_NPC_24H:BRD-A09472452-015-11-9:10	DB01195	Flecainide	-0.19494451503721524	-1.121087351960048	0.04261490406068719	0.06342057232696181	NPC
AML001_U937_24H:BRD-K26684619:0.37037	DB08784	2-(4-CHLORO-PHENYLAMINO)-NICOTINIC ACID	0.18245494415338917	1.0909439029308954	0.042840142800476	0.06373747344015694	U937
AML001_U937_6H:BRD-A45664787:1.11111	DB01088	Iloprost	-0.21134611779127216	-1.1199254061780468	0.043311070633475	0.06441962342786092	U937
PCLB001_JURKAT_24H:BRD-K36452089-001-01-8:3.33	DB07726	t-Butylhydroquinone	-0.20395117414763062	-1.1225876592956334	0.04333440068310385	0.0644358290788649	JURKAT
LJP007_NPC.CAS9_24H:I23	DB13005	Rebastinib	-0.19849691089019011	-1.1174082639239984	0.04335056390977444	0.06444137182457003	NPC.CAS9
DOSBIO002_NPC_24H:BRD-A19500257:3.33333	DB02424	Geldanamycin	0.2330804441800765	1.1075049562253523	0.0436	0.06479357613994838	NPC
NMH002_NEU_6H:BRD-K33127281-001-02-3:10	DB00210	Adapalene	-0.17383132831746775	-1.0872613850078043	0.043654365436543656	0.06485576883376411	NEU
CPC015_NPC_24H:BRD-A55913614-316-06-2:10	DB01087	Primaquine	-0.18815069820530456	-1.1050710320650934	0.0439076000705343	0.06521329422915126	NPC
LPROT003_NPC_6H:H11	DB11870	RG-4733	0.19517790749503375	1.1188516178386205	0.043949638610398696	0.06525702787366362	NPC
CPC006_THP1_6H:BRD-K12994359-001-07-7:177.6	DB00580	Valdecoxib	-0.19625254146171714	-1.1178395406924997	0.044326641100834646	0.0657979530749141	THP1
CPC006_SKM1_6H:BRD-K49456190-001-01-0:10	DB11684	APR-246	0.18701782000515213	1.1069335926884558	0.044348576358930115	0.06581166171018782	SKM1
CPC016_NEU_24H:BRD-A42649439-001-02-8:10	DB12405	Triciribine	-0.18451671146592583	-1.0952853989040894	0.044544095665171896	0.06606865664526972	NEU
PCLB001_JURKAT_6H:BRD-K36452089-001-01-8:10	DB07726	t-Butylhydroquinone	-0.19044921324785885	-1.1154855561334613	0.04454725710508923	0.06606865664526972	JURKAT
LJP007_NEU_24H:M17	DB07460	2-({5-CHLORO-2-[(2-METHOXY-4-MORPHOLIN-4-YLPHENYL)AMINO]PYRIMIDIN-4-YL}AMINO)-N-METHYLBENZAMIDE	0.24253030037135262	1.1061303539981555	0.0446	0.06612795422031473	NEU
LJP007_NPC.CAS9_24H:H12	DB09053	Ibrutinib	0.20007321032986586	1.1231738754721747	0.0446199829205807	0.06613865889429325	NPC.CAS9
CPC014_NEU_24H:BRD-K13514097-001-01-2:10	DB01590	Everolimus	-0.21151003734474003	-1.1169387604920502	0.04512799757158757	0.06687254315583838	NEU
CPC016_NEU_24H:BRD-K28307902-001-09-2:10	DB00499	Flutamide	-0.1964959807794452	-1.1118062552883095	0.04542097488921713	0.06728744764892029	NEU
LJP007_JURKAT_24H:A13	DB12742	Amuvatinib	-0.18786700723177516	-1.0981622518474259	0.045779954785229844	0.06779986444614491	JURKAT
LJP009_NPC.TAK_24H:B23	DB16107	BI 2536	0.18824087478331591	1.0982733119525487	0.04599438566184409	0.06808683233361897	NPC.TAK
LJP007_NPC_24H:G17	DB01254	Dasatinib	0.18061121519869566	1.0897482856239384	0.046	0.06808683233361897	NPC
LJP008_NPC.CAS9_24H:G23	DB00928	Azacitidine	-0.17856477230994822	-1.0727603454764945	0.04610951008645533	0.06822943497087706	NPC.CAS9
NMH002_NPC_6H:BRD-K65331431-001-05-4:10	DB12112	Zuretinol acetate	-0.18475602136740843	-1.0895587223430983	0.04635055940330314	0.06856654262858032	NPC
LJP009_NPC_24H:E13	DB13113	JNJ-38877605	0.2208296903893522	1.1177671026559446	0.046418567426970786	0.06864755034433864	NPC
LJP007_NPC.TAK_24H:C06	DB11800	Tivozanib	0.20984499684962846	1.1244354453400631	0.046494992846924176	0.06874095661419717	NPC.TAK
CPC006_SKM1_6H:BRD-A45889380-300-04-8:10	DB01103	Quinacrine	0.19162552486982026	1.102789705886037	0.046763188550507574	0.06911775329969488	SKM1
LJP008_NEU_24H:F06	DB12376	Ricolinostat	0.1800295443931225	1.0758045825334552	0.04746494066882417	0.07013496508293324	NEU
LJP007_NPC.TAK_24H:F18	DB12247	AZD-4547	-0.17422176788302496	-1.0787478158329953	0.047619047619047616	0.07034261823315414	NPC.TAK
CPC015_NPC_24H:BRD-A39969961-001-01-3:10	DB00700	Eplerenone	-0.18308678659707947	-1.0993304252111493	0.047719298245614036	0.07047061940973837	NPC
LJP007_NPC_24H:J24	DB03044	Doramapimod	-0.19676036093682495	-1.115650716808814	0.04792976628307035	0.07076126748685771	NPC
LJP007_JURKAT_24H:K20	DB01590	Everolimus	0.20867468813424714	1.1170706211794035	0.047969680563075254	0.0708000241178741	JURKAT
NMH002_NPC_6H:BRD-K80738081-001-33-6:10	DB02709	Resveratrol	-0.18108831493925692	-1.0914134902872503	0.04851004851004851	0.07157718433344858	NPC
LJP008_NPC.TAK_24H:P18	DB11662	Rabusertib	-0.17225392966450295	-1.0630177353143695	0.04854368932038835	0.07160643269520421	NPC.TAK
CPC018_NPC_24H:BRD-K54233340-001-02-2:10	DB08597	Dorsomorphin	-0.17477829173709986	-1.059667629650804	0.04878048780487805	0.07193525549370462	NPC
LJP007_NPC_24H:E05	DB11743	Ipatasertib	0.20271759880305565	1.1183405360334675	0.04905906668117046	0.07232548607164305	NPC
LJP009_NPC_24H:K24	DB12432	CC-401	-0.18704630232044578	-1.101596667952897	0.04970948999354422	0.07326353161164567	NPC
CPC016_NPC_24H:BRD-A29322418-237-03-2:10	DB09015	Canrenoic acid	0.18974311049354795	1.1066611916593836	0.050157599013293135	0.07390295083505402	NPC
LJP007_NPC_24H:L08	DB11836	Sapanisertib	0.22852715716963917	1.106048937754748	0.0506	0.07453359863558841	NPC
LPROT001_NPC.TAK_6H:I02	DB03068	Zebularine	0.1853746474602673	1.0904186659061528	0.05075134675361497	0.07472210118337767	NPC.TAK
CPC006_NOMO1_6H:BRD-A97437073-001-03-1:80	DB00412	Rosiglitazone	-0.20668785632452222	-1.118015768424104	0.050756811301715436	0.07472210118337767	NOMO1
LJP007_JURKAT_24H:I23	DB13005	Rebastinib	-0.1877583996983928	-1.0991043443535757	0.050940947436729396	0.07497188003894681	JURKAT
CPC018_NPC_24H:BRD-M41783010-238-01-9:10	DB00659	Acamprosate	-0.19348287480571927	-1.1060175643780477	0.05153770537845808	0.07582861705598233	NPC
LJP008_NPC.TAK_24H:C09	DB13877	Iniparib	-0.18660092287942862	-1.100483532740609	0.051675094816687736	0.07600918005679133	NPC.TAK
LJP007_NPC_24H:D05	DB12494	SGI-1776	0.1672126423236394	1.0530277272269208	0.05172413793103448	0.07605972836510234	NPC
CPC014_NPC_24H:BRD-K58772419-001-01-3:10	DB14980	AZD-6482	0.20366397415722906	1.1190042533266258	0.051899411449973246	0.07627546295706066	NPC
CPC016_NEU_24H:BRD-K85266041-304-01-7:10	DB03759	FG-9041	0.17960921269957908	1.0855781709373669	0.05190028606456886	0.07627546295706066	NEU
LJP008_NPC.CAS9_24H:J04	DB12116	Epigallocatechin gallate	0.18641394673972855	1.100893217825708	0.05201605864897888	0.07642393419875491	NPC.CAS9
CPC013_NEU_24H:BRD-K76908866-001-01-9:10	DB12302	CP-724714	0.216862004359333	1.1135152113630788	0.05227318245543761	0.07677994089684742	NEU
LJP009_NPC.CAS9_24H:G12	DB08521	4-[4-(4-Fluorophenyl)-2-[4-[(R)-methylsulfinyl]phenyl]-1H-imidazol-5-yl]pyridine	0.1761363032150634	1.0795844671290091	0.052445492044784915	0.07701120424371648	NPC.CAS9
LJP007_NPC.TAK_24H:C02	DB11800	Tivozanib	-0.18552915044187468	-1.0914438850282178	0.05259006047856955	0.07720161286117491	NPC.TAK
LJP009_NPC.CAS9_24H:E17	DB13113	JNJ-38877605	0.16779422083372122	1.0563191442570146	0.05263157894736842	0.07724068029036056	NPC.CAS9
LJP009_NPC_24H:I22	DB11363	Alectinib	-0.1790059919278364	-1.0793254055183992	0.05357142857142857	0.07859771881572561	NPC
LJP007_NPC.TAK_24H:K11	DB11962	GSK-1059615	0.19467951905672107	1.1104606337667993	0.053769937167713874	0.07886663300398905	NPC.TAK
CPC006_WSUDLCL2_6H:BRD-K57080016-001-04-3:80	DB11689	Selumetinib	0.175764865290107	1.0706365422064288	0.053864168618266976	0.07898249059984705	WSUDLCL2
CPC014_NPC_24H:BRD-K62012036-001-06-0:10	DB00459	Acitretin	0.1665262620531338	1.0598621627265115	0.05454545454545454	0.07995885302815996	NPC
CPC015_NPC_24H:BRD-K10974103-001-14-6:10	DB14638	Diloxanide furoate	0.1831786264565235	1.0868063631849296	0.05472	0.08019203619909501	NPC
LJP009_NEU_24H:N09	DB08896	Regorafenib	0.17408373696955284	1.0709356443572762	0.05504587155963303	0.08064679288154322	NEU
CPC006_SKM1_6H:BRD-K69932463-001-03-1:10	DB12774	AZD-8055	0.2245718895016762	1.1033663157496476	0.05530553055305531	0.08100431298076105	SKM1
LJP007_JURKAT_24H:C05	DB11800	Tivozanib	-0.18872528340984668	-1.0999886845606925	0.05586012742628538	0.08179349542893778	JURKAT
CPC006_PL21_6H:BRD-A67373739-001-01-4:10	DB01700	AICA ribonucleotide	0.1775597575170915	1.0886355860861454	0.056049004594180704	0.08204687621667921	PL21
LJP007_NEU_24H:P19	DB11886	Infigratinib	-0.22815711792576227	-1.1074195235027078	0.056316895068520556	0.08241574420928369	NEU
NMH001_NPC_6H:BRD-A77098556-001-01-5:10	DB12885	CF-102	0.19605768571525253	1.1075618944079342	0.05633971291866029	0.08242585893407611	NPC
CPC017_NPC_24H:BRD-K56515112-001-03-4:10	DB00253	Medrysone	-0.2209768461735184	-1.1105370341707892	0.056473415440072096	0.08259814812601005	NPC
CPC016_NPC_24H:BRD-K79425933-001-03-6:10	DB12867	Benperidol	0.17679168966652903	1.0641798710208032	0.05653710247349823	0.08266796416977085	NPC
AML001_HL60_24H:BRD-K71879491:10	DB00982	Isotretinoin	-0.1658683468298954	-1.0750263210917572	0.05668016194331984	0.08285376563900801	HL60
CPC016_NPC_24H:BRD-K93460210-001-09-6:10	DB00555	Lamotrigine	-0.18352357932205074	-1.0979376168129686	0.05718404613166747	0.083566758898562	NPC
LJP008_NPC.CAS9_24H:I11	DB11830	Mocetinostat	-0.20330414821507375	-1.114274492055866	0.057334873464244464	0.08376355068838873	NPC.CAS9
LJP007_NPC_24H:M01	DB07794	5-(2-PHENYLPYRAZOLO[1,5-A]PYRIDIN-3-YL)-1H-PYRAZOLO[3,4-C]PYRIDAZIN-3-AMINE	-0.18390861882627002	-1.0906217887478538	0.05735551663747811	0.0837700922253133	NPC
DOSBIO001_NEU_24H:BRD-A75409952:1.11111	DB08059	Wortmannin	-0.1637738429215601	-1.061779391411457	0.05747126436781609	0.0839154950560786	NEU
CPC006_U937_6H:BRD-K58550667-001-01-2:0.08	DB12731	Daporinad	-0.20871145876021296	-1.1112431238048082	0.05750477530913843	0.08394077342308601	U937
NMH001_NPC_6H:BRD-K66296774-001-05-3:10	DB01095	Fluvastatin	0.1906315427558882	1.1029406222218219	0.057857246692833264	0.08443149883476822	NPC
CPC015_NPC_24H:BRD-A06352418-001-15-0:10	DB00342	Terfenadine	0.1831025583975372	1.083409799229622	0.05788423153692615	0.0844470967973962	NPC
CPC018_NPC_24H:BRD-K14965640-001-03-3:10	DB09213	Dexibuprofen	-0.18834062708799074	-1.1005136033517946	0.05819793205317578	0.08488085671251248	NPC
NMH002_NEU_24H:BRD-A48430263-001-05-1:10	DB01132	Pioglitazone	0.1986864711873755	1.094604374676885	0.05840354133942596	0.0851567673666025	NEU
LJP007_JURKAT_24H:I13	DB11526	Masitinib	-0.19868336030135894	-1.106422203373921	0.058936043036461445	0.08590902250771962	JURKAT
LJP007_NPC_24H:D21	DB06616	Bosutinib	-0.17701595063771966	-1.0705528713904213	0.05896805896805897	0.08593151900238515	NPC
LJP007_NPC.CAS9_24H:H07	DB09053	Ibrutinib	0.211994312103478	1.1117900047411047	0.05899047232921143	0.08594001338486748	NPC.CAS9
LJP009_NPC.TAK_24H:L09	DB05984	RAF-265	0.21024961977088547	1.1146052672743632	0.0590665014456836	0.08602659091948635	NPC.TAK
CPC006_SKM1_6H:BRD-A13084692-001-04-1:10	DB08607	(5R)-5-(4-{[(2R)-6-HYDROXY-2,5,7,8-TETRAMETHYL-3,4-DIHYDRO-2H-CHROMEN-2-YL]METHOXY}BENZYL)-1,3-THIAZOLIDINE-2,4-DIONE	-0.17868922710139806	-1.0777020940100395	0.05919931856899489	0.08619580467112434	SKM1
LJP007_NPC_24H:M18	DB07460	2-({5-CHLORO-2-[(2-METHOXY-4-MORPHOLIN-4-YLPHENYL)AMINO]PYRIMIDIN-4-YL}AMINO)-N-METHYLBENZAMIDE	-0.17897172540552062	-1.071127971047123	0.05925925925925926	0.08625884311277571	NPC
LJP007_NPC_24H:M03	DB07794	5-(2-PHENYLPYRAZOLO[1,5-A]PYRIDIN-3-YL)-1H-PYRAZOLO[3,4-C]PYRIDAZIN-3-AMINE	-0.19360045751226077	-1.1091380539059716	0.05944345766725873	0.08650266712489041	NPC
NMH001_NPC_24H:BRD-K12539581-001-18-7:10	DB08313	Nocodazole	0.18508968173712484	1.077904245750105	0.05981941309255079	0.08702532247209381	NPC
LJP007_NPC_24H:I07	DB06589	Pazopanib	0.22360271933292564	1.1051809772610406	0.05985985985985986	0.08705972320903559	NPC
LJP008_NPC_24H:D20	DB13978	Selisistat	0.1964398102027273	1.1111157463912456	0.060550034666050384	0.0880387990009745	NPC
CPC017_NPC_24H:BRD-K24201553-003-02-4:10	DB13988	SB-269970	-0.18449922189243262	-1.0972477883786838	0.06071370902632004	0.0882520168792119	NPC
LJP007_NPC.TAK_24H:L09	DB11836	Sapanisertib	0.23751248428944127	1.098331555795737	0.0609	0.08849798093101516	NPC.TAK
CPC006_NOMO1_6H:BRD-K88510285-001-01-2:0.04	DB00188	Bortezomib	0.18517545471232438	1.077544394348294	0.06091718001368925	0.08849812919286171	NOMO1
LJP007_NPC.CAS9_24H:A16	DB12742	Amuvatinib	-0.20269931921067438	-1.1107231821261236	0.06107909900471451	0.08870848964193682	NPC.CAS9
NMH002_NEU_24H:BRD-A93000692-001-06-5:10	DB09201	Ciglitazone	0.20429865297738545	1.1119575249612828	0.06181669561663431	0.08975458579024909	NEU
NMH002_NEU_24H:BRD-K17953061-001-12-7:10	DB02010	Staurosporine	-0.18687698914723883	-1.1054833122642265	0.06231755298895799	0.09045645926856592	NEU
LJP007_NPC_24H:P12	DB07859	4-(4-CHLOROPHENYL)-4-[4-(1H-PYRAZOL-4-YL)PHENYL]PIPERIDINE	-0.224102703534577	-1.1025521479366487	0.06240624062406241	0.0905598260750186	NPC
LJP009_NPC_24H:P24	DB09074	Olaparib	0.18504811280362002	1.0882968279312422	0.06256038647342996	0.09075809706195802	NPC
CPC006_NOMO1_6H:BRD-K88560311-011-02-2:10	DB12332	Rucaparib	0.1764163379431023	1.0796812543486178	0.06283524904214559	0.09113133516271996	NOMO1
DOSBIO002_NEU_24H:BRD-A19500257:3.33333	DB02424	Geldanamycin	0.18950451554993597	1.0855373096028857	0.06286721504112809	0.09115218476304583	NEU
CPC015_NPC_24H:BRD-A02710418-003-03-5:10	DB13478	Meptazinol	0.1775384884556827	1.069983901883725	0.06332138590203107	0.09178487875092578	NPC
NMH001_NPC_24H:BRD-K37289225-001-30-7:10	DB00363	Clozapine	-0.1808241774670845	-1.0890206278730137	0.06333900548307808	0.09178487875092578	NPC
NMH002_NEU_6H:BRD-A09533288-003-26-2:10	DB14063	Dexverapamil	-0.1938616236836826	-1.0989199509883754	0.06377451617093129	0.09237774387019776	NEU
LJP007_NEU_24H:J21	DB03044	Doramapimod	0.17968365483263998	1.0810468421371182	0.06378378378378378	0.09237774387019776	NEU
CPC006_SKM1_6H:BRD-K08316444-001-04-3:0.63	DB11457	Rotenone	0.172311525068798	1.0594476131956723	0.06382978723404255	0.09241854077865562	SKM1
NMH001_NEU_24H:BRD-K66296774-001-05-3:10	DB01095	Fluvastatin	-0.19710452529525932	-1.1036634256132107	0.06392473766735014	0.09253016496989062	NEU
LJP007_JURKAT_24H:E03	DB11743	Ipatasertib	0.1816621101913499	1.07887612176066	0.06423357664233577	0.09295124103897905	JURKAT
CPC014_NPC_24H:BRD-K28428262-001-01-7:10	DB11958	Brivanib	-0.2324231125600724	-1.0930713816317053	0.0643	0.0930213847012842	NPC
PCLB001_JURKAT_6H:BRD-A58955223-001-02-0:1.11	DB12422	Sulforaphane	0.17127827473301538	1.0704135979934197	0.06458635703918723	0.0934095735911438	JURKAT
CPC006_NOMO1_6H:BRD-A01145011-001-01-4:11.1	DB03068	Zebularine	-0.2080712328093009	-1.1086930637548762	0.06469056679351091	0.09350461125807816	NOMO1
LJP007_NPC.TAK_24H:D10	DB08875	Cabozantinib	0.20854309182628275	1.1103534559524084	0.06469689251146205	0.09350461125807816	NPC.TAK
CPC016_NEU_24H:BRD-K18742343-001-03-2:10	DB07997	N-[2-(METHYLAMINO)ETHYL]-5-ISOQUINOLINESULFONAMIDE	-0.19544071226132148	-1.1094055161297809	0.0647106931097935	0.09350461125807816	NEU
LJP009_NPC.TAK_24H:M16	DB06314	SGX-523	0.18564574670051154	1.0867543511517315	0.06472424557752342	0.09350461125807816	NPC.TAK
CPC006_WSUDLCL2_6H:BRD-A13122391-001-01-9:0.08	DB12025	Triptolide	-0.20356922994847187	-1.1084395243044942	0.06501547987616099	0.09389916853909316	WSUDLCL2
LJP008_NPC.CAS9_24H:O03	DB07101	PD-0325901	0.18909727305772392	1.088173880516927	0.06504381694255112	0.09391392014385622	NPC.CAS9
LJP009_NPC.CAS9_24H:B12	DB12242	AZD-7762	0.1838837999170055	1.0838391680541157	0.06517973148549155	0.0940839466734867	NPC.CAS9
LPROT003_NPC_6H:L11	DB00460	Verteporfin	-0.25509945709846443	-1.083890021344926	0.0654	0.09437560568086883	NPC
LJP009_NEU_24H:K12	DB11962	GSK-1059615	0.1782978451670346	1.0802196722934885	0.06645056726094004	0.09584424505277428	NEU
LJP007_NPC.CAS9_24H:G13	DB01254	Dasatinib	0.20960349943038648	1.1085454545389901	0.06645472259255461	0.09584424505277428	NPC.CAS9
LJP009_NPC.TAK_24H:O22	DB07232	Veliparib	0.21194288151494922	1.1073333772537444	0.06672017658272299	0.09620032138332513	NPC.TAK
LJP007_NPC_24H:F06	DB12848	PF-04217903	-0.18450222291601504	-1.077916276347818	0.06684733514001806	0.09635685415732227	NPC
LJP008_NPC_24H:G20	DB00928	Azacitidine	0.21006813488358997	1.1064009804952901	0.06690247599797877	0.09640951908273805	NPC
LPROT003_NPC_6H:D21	DB04868	Nilotinib	0.1763897251694626	1.0632524482669363	0.06782945736434108	0.09770242281715591	NPC
DOSBIO001_NPC_24H:BRD-A90490067:3.33333	DB00947	Fulvestrant	-0.18188191270896267	-1.0847112740305702	0.06783738272792879	0.09770242281715591	NPC
LJP008_NPC.TAK_24H:D02	DB09074	Olaparib	-0.19835578402201187	-1.1091646745768342	0.06786555341468636	0.09771583712000687	NPC.TAK
LJP007_NPC.CAS9_24H:E11	DB05913	OSI-930	-0.20065458940158207	-1.104091478936991	0.06789361463359893	0.09772908639758601	NPC.CAS9
LJP008_NPC_24H:J09	DB05223	Pracinostat	-0.2018510468671685	-1.1026865506538774	0.0681478070680327	0.09806774124591652	NPC
LJP009_NEU_24H:G16	DB01254	Dasatinib	-0.179964927769273	-1.068778427492267	0.06844106463878327	0.09846240892786644	NEU
LPROT003_NPC_6H:L01	DB12500	Fedratinib	-0.19586156165183288	-1.1033290037670451	0.06878483835005574	0.09892951216485951	NPC
NMH002_NPC_24H:BRD-K95785537-001-19-9:10	DB03023	1-Tert-Butyl-3-(4-Chloro-Phenyl)-1h-Pyrazolo[3,4-D]Pyrimidin-4-Ylamine	-0.18098896676007914	-1.0803314124018917	0.06919700490575781	0.09949469462309572	NPC
CPC006_THP1_6H:BRD-K01638814-051-10-1:10	DB11738	Rilmenidine	-0.18282284356646575	-1.0851663176519357	0.06951121794871795	0.09991876044667307	THP1
CPC006_PL21_6H:BRD-K27316855-001-02-6:1	DB00136	Calcitriol	0.18044921339388054	1.071918605366586	0.07018290089323692	0.10085629296415799	PL21
CPC014_NEU_24H:BRD-K76723084-001-15-8:10	DB00982	Isotretinoin	0.19508930696442497	1.104548942821925	0.07026376272299442	0.10094450192141866	NEU
CPC006_THP1_6H:BRD-K08316444-001-04-3:0.63	DB11457	Rotenone	0.20234912499220922	1.101923081470066	0.0704584907587052	0.10119620263625563	THP1
CPC018_NPC_24H:BRD-A50311610-300-06-2:10	DB00737	Meclizine	-0.1883164849188479	-1.09204766463041	0.07062189429302816	0.10140278643016679	NPC
LJP007_JURKAT_24H:E04	DB11743	Ipatasertib	-0.17938244694771618	-1.081492484155747	0.07070484581497798	0.1014937703637717	JURKAT
LJP009_NPC.TAK_24H:D02	DB11775	PF-03758309	0.20678230132166625	1.099688267515754	0.07139756944444445	0.10245976318502109	NPC.TAK
CPC006_THP1_6H:BRD-K61033289-001-01-2:10	DB08435	(5E,14E)-11-oxoprosta-5,9,12,14-tetraen-1-oic acid	-0.18877080596923226	-1.0907462178322573	0.07152619589977222	0.10261593221279613	THP1
LPROT001_NPC.TAK_6H:I06	DB03068	Zebularine	0.18431813866448055	1.0833246987755856	0.07184517497348887	0.10304503091962892	NPC.TAK
AML001_HL60_6H:BRD-K26684619:10	DB08784	2-(4-CHLORO-PHENYLAMINO)-NICOTINIC ACID	-0.2247457405568709	-1.0929949471765144	0.0723	0.10366867736579968	HL60
LJP009_NEU_24H:G10	DB08521	4-[4-(4-Fluorophenyl)-2-[4-[(R)-methylsulfinyl]phenyl]-1H-imidazol-5-yl]pyridine	0.18180467996575875	1.0849207890905364	0.0725789583769086	0.10403987892369028	NEU
CPC015_NPC_24H:BRD-A98702003-304-03-0:10	DB02329	Carbenoxolone	-0.1966397032149077	-1.1008650147115382	0.07357212003872217	0.10543438220150948	NPC
CPC014_NPC_24H:BRD-K38775274-001-13-0:10	DB01234	Dexamethasone	0.16723773297569963	1.0641532107648792	0.07472178060413355	0.10705232709168372	NPC
CPC006_THP1_6H:BRD-K49456190-001-01-0:10	DB11684	APR-246	-0.2268095290546172	-1.0964981692003821	0.0748	0.10713477059148702	THP1
CPC017_NPC_24H:BRD-K02275692-003-03-4:10	DB00229	Cefotiam	0.18696512587040934	1.0867266070429857	0.0758334772845051	0.1085711583785586	NPC
LJP009_NPC.CAS9_24H:L11	DB05984	RAF-265	-0.19231768447313888	-1.0894446870874626	0.0758447690718607	0.1085711583785586	NPC.CAS9
LJP008_NEU_24H:J09	DB05223	Pracinostat	0.20024729621685766	1.1009394255430192	0.07594404123277584	0.10868324265900149	NEU
NMH002_NPC_6H:BRD-A75409952-001-06-5:10	DB08059	Wortmannin	0.2063047282820328	1.1000593824923097	0.07621524304860972	0.10904124502426714	NPC
NMH001_NPC_24H:BRD-K73251053-001-01-0:10	DB04017	Clorgiline	-0.1817593728110478	-1.0863384205129856	0.07633308984660336	0.10917970510215254	NPC
CPC013_NEU_24H:BRD-K15600710-066-01-7:10	DB12191	Obatoclax	0.18433089484630852	1.0811242331310107	0.0767521712785296	0.10974882769463033	NEU
CPC016_NPC_24H:BRD-A91008255-003-16-4:10	DB01244	Bepridil	0.18369277069171652	1.080780762090834	0.07701812191103789	0.11009873317048231	NPC
CPC006_SKM1_6H:BRD-A12409803-001-01-3:40	DB12066	Orteronel	0.1792414315988901	1.0744304206573192	0.07716155700998967	0.11027335588134762	SKM1
CPC015_NPC_24H:BRD-A08187463-001-03-8:10	DB11696	Racecadotril	0.21499918550661698	1.097815185934166	0.07747114902157551	0.1106852754976025	NPC
CPC016_NEU_24H:BRD-K72222507-003-07-7:10	DB00881	Quinapril	0.17963021592012093	1.0683557443634952	0.07781649245063879	0.11112827080157947	NEU
NMH002_NEU_24H:BRD-A19500257-001-03-9:10	DB02424	Geldanamycin	-0.18483974681124227	-1.0772004037274303	0.07782410164780623	0.11112827080157947	NEU
CPC006_PL21_6H:BRD-U88459701-000-01-8:10	DB01076	Atorvastatin	-0.18211863636277187	-1.087478363487496	0.07804048833256065	0.1114065593772257	PL21
CPC006_NOMO1_6H:BRD-K92241597-001-02-9:80	DB11781	Tosedostat	0.19009819464609998	1.0977702866844767	0.07810443176831944	0.11146713451485302	NOMO1
LJP009_NPC_24H:F04	DB11962	GSK-1059615	-0.1987653125910725	-1.1014153025867168	0.07889851485148515	0.11256941188336894	NPC
LJP007_JURKAT_24H:M22	DB12874	Quizartinib	0.19369950475235861	1.0976250721477476	0.07894154118689105	0.11259979808160457	JURKAT
AML001_HL60_24H:BRD-K27316855:10	DB00136	Calcitriol	0.20287881984459355	1.0981752141610333	0.07907688942360276	0.11276181645380008	HL60
CPC006_NOMO1_6H:BRD-U88459701-000-01-8:10	DB01076	Atorvastatin	-0.18108548148215112	-1.0716065817029863	0.07922367165128857	0.11294004580384522	NOMO1
LJP009_NPC_24H:E07	DB01782	Pyrazolanthrone	-0.19746868284109262	-1.0969841004437142	0.07924693520140105	0.11294213922267884	NPC
CPC006_PL21_6H:BRD-K62965247-001-01-5:10	DB04960	Tipifarnib	0.1895797777364659	1.092991337060786	0.07935735150925025	0.11306840679706757	PL21
LJP008_NPC.CAS9_24H:N07	DB02665	(1R,2S)-2-Phenylcyclopropanaminium	0.1672957292520946	1.0385872227584674	0.08	0.11395272127542606	NPC.CAS9
NMH001_NPC_6H:BRD-A14240607-001-01-8:10	DB13251	Octopamine	-0.19730027862752553	-1.1013354519467027	0.08022426095820591	0.11424075852855813	NPC
CPC006_PL21_6H:BRD-A13122391-001-01-9:0.08	DB12025	Triptolide	-0.17248723450148945	-1.0653078501382582	0.08085106382978724	0.11510170680383448	PL21
CPC006_U937_6H:BRD-K20285085-001-01-4:10	DB07159	Tamatinib	0.17605673292144394	1.0778332786130609	0.08101604278074866	0.11530489801973072	U937
CPC006_SKM1_6H:BRD-K81473043-001-04-7:0.35	DB05134	Tanespimycin	0.17802468835822385	1.0622592737175838	0.0812807881773399	0.11564992980092678	SKM1
CPC017_NPC_24H:BRD-K22193694-001-08-6:10	DB11221	Dioxybenzone	0.17638246310890815	1.0674737752737677	0.08162190626645603	0.11610340880394596	NPC
CPC018_NPC_24H:BRD-K01663662-003-03-8:10	DB01231	Diphenidol	0.21961136398585773	1.092172637663429	0.08171634326865373	0.11620584270531385	NPC
LJP007_NPC.TAK_24H:I14	DB11526	Masitinib	0.17087141067236092	1.0457879631960478	0.08196721311475409	0.1165306168341991	NPC.TAK
CPC006_NOMO1_6H:BRD-A09533288-003-20-5:10	DB14063	Dexverapamil	-0.17846546459134716	-1.0687145745849818	0.08228379513014274	0.1169486084378496	NOMO1
LJP009_NPC.CAS9_24H:G09	DB08521	4-[4-(4-Fluorophenyl)-2-[4-[(R)-methylsulfinyl]phenyl]-1H-imidazol-5-yl]pyridine	-0.19376914984261415	-1.094613985840838	0.08289261899287192	0.1177816154705408	NPC.CAS9
LPROT003_NPC_6H:B13	DB12432	CC-401	-0.2202368141611135	-1.0960038016623603	0.08306645316253003	0.11799626104392287	NPC
NMH001_NPC_6H:BRD-K56060837-001-01-9:10	DB04275	N-acetylserotonin	0.17590858988047853	1.1383745348340304	0.08333333333333333	0.11827809732493381	NPC
CPC015_NPC_24H:BRD-K18194590-065-05-6:10	DB01365	Mephentermine	-0.17207741929487463	-1.074673887956526	0.08333333333333333	0.11827809732493381	NPC
CPC006_WSUDLCL2_6H:BRD-K64634304-001-01-5:40	DB00162	Vitamin A	0.17225819405754514	1.0620907145869858	0.08333333333333333	0.11827809732493381	WSUDLCL2
CPC016_NPC_24H:BRD-K76810206-001-06-5:10	DB00699	Nicergoline	-0.17783077190917784	-1.0678385811787208	0.08342077649527807	0.11836978745852436	NPC
LJP008_NPC_24H:G13	DB01254	Dasatinib	-0.17925864712420841	-1.0628068515155018	0.08377358490566038	0.11883786394227541	NPC
DOSBIO002_NEU_24H:BRD-K27305650:10	DB02656	LY-294002	0.1941287361491392	1.0924724773376449	0.08415841584158416	0.11935109767134348	NEU
CPC006_THP1_6H:BRD-K76964878-001-01-8:24	DB13978	Selisistat	-0.2138959301917265	-1.0943184887635746	0.08473557692307693	0.12013673313690415	THP1
CPC014_NEU_24H:BRD-K52911425-001-01-5:10	DB11663	Pictilisib	0.1797534417186335	1.065481212945342	0.08483033932135728	0.12023818883021702	NEU
NMH002_NPC_6H:BRD-K49685476-001-11-8:10	DB02877	Arotinoid acid	0.2044919202900888	1.0984574935026308	0.085157141375376	0.12064630284969269	NPC
NMH001_NEU_24H:BRD-K69726342-001-02-6:10	DB01076	Atorvastatin	-0.18150489345153745	-1.0724640658782034	0.08516483516483517	0.12064630284969269	NEU
NMH002_NPC_6H:BRD-K27305650-001-11-7:10	DB02656	LY-294002	0.1987357942286277	1.0979102773158107	0.0855674259221931	0.1211834930660849	NPC
LJP007_JURKAT_24H:K07	DB11962	GSK-1059615	-0.1798572217571436	-1.0676280722468925	0.08575581395348837	0.12141711144999365	JURKAT
LJP009_NPC.TAK_24H:E16	DB13113	JNJ-38877605	0.1692436854164168	1.0529177793801578	0.08695652173913043	0.12308350058786503	NPC.TAK
LJP008_NEU_24H:G20	DB00928	Azacitidine	-0.17953381098070767	-1.0710272625983104	0.08743990384615384	0.12373391090408772	NEU
LJP007_NPC_24H:O06	DB07101	PD-0325901	-0.1748915178809776	-1.0630658958133916	0.08776978417266187	0.12416680905889539	NPC
LJP008_NPC.TAK_24H:H13	DB11841	Entinostat	-0.18028735752878583	-1.0771172049548745	0.08794917609688306	0.12438663497108297	NPC.TAK
CPC016_NPC_24H:BRD-K96862998-001-03-1:10	DB04951	Pirfenidone	-0.19723712126083526	-1.0922966987074616	0.08862629246676514	0.12531008119038933	NPC
CPC017_NPC_24H:BRD-K49577446-001-03-1:10	DB00180	Flunisolide	-0.17588589484085307	-1.0740209875775022	0.08867735470941884	0.12534807749705631	NPC
LJP007_JURKAT_24H:J21	DB03044	Doramapimod	-0.1813690022043917	-1.0702136566215588	0.08873830267828332	0.1254000230375959	JURKAT
NMH002_NEU_6H:BRD-A93255169-001-21-8:10	DB01041	Thalidomide	-0.18324878645738177	-1.081837052748746	0.08888567712097124	0.12557404003295336	NEU
NMH002_NPC_6H:BRD-K47192521-001-04-7:10	DB00159	Icosapent	-0.17108127303477794	-1.0549058865405025	0.08904109589041095	0.12575038939377553	NPC
NMH002_NPC_24H:BRD-K37270826-001-21-9:10	DB00834	Mifepristone	0.20241984012714195	1.0977028581545811	0.08905903687285915	0.12575038939377553	NPC
CPC015_NPC_24H:BRD-K42098891-003-13-0:10	DB00344	Protriptyline	0.21374998922877084	1.0945080976931498	0.08922491488083317	0.12595028845341255	NPC
NMH001_NPC_6H:BRD-A93269281-001-01-4:10	DB00758	Clopidogrel	-0.17878648562650357	-1.0655270348990755	0.08981001727115717	0.12674169648669292	NPC
CPC006_NOMO1_6H:BRD-K53414658-001-01-7:10	DB11800	Tivozanib	0.18469548144029638	1.0849363317538825	0.08995545336973704	0.12691237662999655	NOMO1
LJP007_NEU_24H:E08	DB05913	OSI-930	-0.19950739480246693	-1.0905162718190107	0.09069185252617205	0.12791648878351214	NEU
CPC006_U937_6H:BRD-K08316444-001-04-3:0.63	DB11457	Rotenone	-0.17274709865150212	-1.0645722875040418	0.0907871198568873	0.12801601499275916	U937
CPC014_NPC_24H:BRD-K43797669-001-13-0:10	DB01645	Genistein	-0.16520493290554278	-1.0536796005210372	0.09090909090909091	0.12813124961640637	NPC
NMH001_NEU_6H:BRD-K58550667-001-05-3:10	DB12731	Daporinad	0.20783267327818564	1.0943715524739284	0.09091829502885491	0.12813124961640637	NEU
LJP008_NPC.CAS9_24H:G10	DB02546	Vorinostat	-0.18039349238101318	-1.0691878057251973	0.09121936084393423	0.12852058942176922	NPC.CAS9
CPC016_NEU_24H:BRD-K93460210-001-09-6:10	DB00555	Lamotrigine	-0.2232875212479353	-1.0865552705640973	0.0913	0.12859923892362055	NEU
LJP009_NPC.CAS9_24H:D15	DB16108	TAK-715	0.18293262601113933	1.0833106139042548	0.09140099444281954	0.12870650902247033	NPC.CAS9
CPC006_SKM1_6H:BRD-A02006392-001-09-9:10	DB01054	Nitrendipine	-0.17933087581054755	-1.0703541260229175	0.09198045415349239	0.12948728971024112	SKM1
CPC006_WSUDLCL2_6H:BRD-K61033289-001-01-2:10	DB08435	(5E,14E)-11-oxoprosta-5,9,12,14-tetraen-1-oic acid	0.18807154432243658	1.0862339218858206	0.09206557377049181	0.12957191832664003	WSUDLCL2
AML001_HL60_24H:BRD-K26684619:0.37037	DB08784	2-(4-CHLORO-PHENYLAMINO)-NICOTINIC ACID	-0.16908587071754658	-1.1041073910478068	0.09269490484960098	0.1304222093213772	HL60
CPC006_THP1_6H:BRD-K13049116-001-01-6:10	DB15399	BMS-754807	-0.19333263270436252	-1.0930358597569618	0.09297343616109682	0.13077859559902383	THP1
CPC006_WSUDLCL2_6H:BRD-A35108200-001-04-7:10	DB01234	Dexamethasone	-0.17416949950477606	-1.0569479163876971	0.09369676320272573	0.13176027867476925	WSUDLCL2
LJP008_NPC.CAS9_24H:M15	DB01262	Decitabine	0.18582011479128335	1.0784555959823279	0.09372926343729264	0.13177022331309018	NPC.CAS9
LJP007_NPC.CAS9_24H:I22	DB13005	Rebastinib	0.18240330209126987	1.0669282071668564	0.09391913403374721	0.13200134325003474	NPC.CAS9
NMH002_NEU_24H:BRD-K32610195-001-14-9:10	DB01536	Androstenedione	-0.19607134268445334	-1.0908164049866662	0.09405673605867759	0.13215889540565817	NEU
LJP007_NPC_24H:K03	DB12064	BMS-777607	-0.20858722119071407	-1.0935193627151947	0.09411056486405137	0.13219868450135921	NPC
LJP009_NPC.TAK_24H:M18	DB06314	SGX-523	-0.17744602896038555	-1.0591617563705307	0.09421364985163205	0.1322790702816803	NPC.TAK
CPC006_U937_6H:BRD-K53414658-001-01-7:10	DB11800	Tivozanib	-0.21684722442883853	-1.0892936785935734	0.09421884376875375	0.1322790702816803	U937
NMH001_NPC_24H:BRD-A19500257-001-03-9:10	DB02424	Geldanamycin	0.19869566961112145	1.0957667644994253	0.09447074227011784	0.13259680022853484	NPC
CPC016_NPC_24H:BRD-K61496577-001-03-8:10	DB00663	Flumethasone	0.15820428024910663	1.0492549288698672	0.09473684210526316	0.1329087061100486	NPC
LJP007_NPC.TAK_24H:J21	DB03044	Doramapimod	-0.20605750571453688	-1.0944733832156803	0.09474426097462747	0.1329087061100486	NPC.TAK
NMH002_NPC_6H:BRD-K18910433-001-24-2:10	DB00783	Estradiol	0.17533902993071462	1.0633875503590098	0.09500727096461464	0.1332415908358953	NPC
CPC018_NPC_24H:BRD-K43860855-065-03-6:10	DB06704	Iobenguane	-0.17184397701599793	-1.0712620227024034	0.09517798535723303	0.133444891807679	NPC
NMH001_NEU_6H:BRD-K24125544-001-01-3:10	DB12161	Deutetrabenazine	0.17953227665535382	1.061068058913853	0.09527559055118111	0.1335456073130161	NEU
NMH002_NEU_6H:BRD-K99792991-001-29-9:10	DB00756	Hexachlorophene	0.18437476383803408	1.0704140240920366	0.09544994944388271	0.133753823152569	NEU
LJP008_NPC.CAS9_24H:M05	DB02709	Resveratrol	0.17724540059321686	1.0600339236555465	0.09550215650030808	0.1337908015638271	NPC.CAS9
LJP008_NPC.TAK_24H:G17	DB01254	Dasatinib	0.20286316622781453	1.0933070828421767	0.09563260713920425	0.1339373432960423	NPC.TAK
LPROT001_NPC.TAK_6H:G18	DB05015	Belinostat	-0.1820149818495178	-1.0688719879430029	0.09605411499436302	0.13449133312639533	NPC.TAK
NMH002_NEU_24H:BRD-K01292756-001-20-1:10	DB01100	Pimozide	-0.19876370180494388	-1.093159138293824	0.09646531526943058	0.13503059527989986	NEU
LJP007_NEU_24H:L12	DB11836	Sapanisertib	0.21633502692884413	1.0905867811260463	0.09651581898277933	0.13506480528456996	NEU
LJP007_NPC.CAS9_24H:K19	DB01590	Everolimus	-0.17603205740343741	-1.0569051905423652	0.09698275862068965	0.13568160236836224	NPC.CAS9
LJP009_NPC_24H:N09	DB08896	Regorafenib	-0.17357133482030965	-1.0586518249131815	0.09701492537313433	0.13568997119664833	NPC
LJP008_NPC.CAS9_24H:H15	DB11841	Entinostat	-0.1843332508954767	-1.0732635474427545	0.09704724409448819	0.1356985480026006	NPC.CAS9
CPC014_NPC_24H:BRD-K83837640-001-01-4:10	DB12985	Quisinostat	-0.1768225937295955	-1.062870163140633	0.0977112676056338	0.13659017769959383	NPC
LJP007_NPC.TAK_24H:I15	DB11526	Masitinib	-0.17068738665129923	-1.0492696323630866	0.09803921568627451	0.13701165471582377	NPC.TAK
LJP007_NPC.TAK_24H:J24	DB03044	Doramapimod	0.18660591964816475	1.083505045733143	0.09817574154017546	0.137131532343569	NPC.TAK
LJP008_NPC_24H:C09	DB13877	Iniparib	-0.18011245671671658	-1.0705097279941045	0.09817792068595928	0.137131532343569	NPC
LJP009_NPC.TAK_24H:O03	DB07101	PD-0325901	-0.20436325826683557	-1.0905723056613614	0.09837881381532575	0.13737510460550204	NPC.TAK
NMH002_NEU_6H:BRD-A62336480-003-01-3:10	DB14068	Dexniguldipine	0.18349871082898273	1.078411983409179	0.09849455477258168	0.13746814414737926	NEU
CPC015_NPC_24H:BRD-K71799949-001-18-2:10	DB00564	Carbamazepine	-0.21751200013644303	-1.0886655900525888	0.0984984984984985	0.13746814414737926	NPC
CPC006_U937_6H:BRD-A38030642-001-02-0:10	DB00091	Cyclosporine	0.19102544348579747	1.0839944770311674	0.0989282769991756	0.1380307839013807	U937
CPC018_NPC_24H:BRD-A95696820-001-01-4:10	DB04944	Acadesine	-0.19835412923618484	-1.0940249345558009	0.0998968008255934	0.13934460885012784	NPC
CPC006_WSUDLCL2_6H:BRD-K96354014-001-09-6:10	DB01115	Nifedipine	-0.19095865471728302	-1.0880364861974012	0.10004669624095261	0.13951614099047804	WSUDLCL2
LJP009_NPC_24H:L08	DB05984	RAF-265	0.21623010170677184	1.0904114884093712	0.1003706300711209	0.13993021388984359	NPC
CPC012_NPC_24H:BRD-M07438658-001-01-1:10	DB01259	Lapatinib	0.1719308537517073	1.056886906315277	0.10063559322033898	0.1402618730682616	NPC
CPC014_NPC_24H:BRD-K77286328-001-02-9:10	DB07340	Reversine	0.18402438700179533	1.0671030088144486	0.10262473397966422	0.14299579765598816	NPC
LJP007_NPC.CAS9_24H:A14	DB12742	Amuvatinib	-0.18392197722127399	-1.0770132310441056	0.10304484775761212	0.14354258093546934	NPC.CAS9
CPC016_NEU_24H:BRD-K90027355-001-03-4:10	DB00421	Spironolactone	-0.1724447591662028	-1.0568648402830128	0.10324324324324324	0.1437802973626677	NEU
CPC017_NPC_24H:BRD-K71860425-001-01-1:10	DB03307	4-[(6-Amino-4-Pyrimidinyl)Amino]Benzenesulfonamide	0.16911154852025023	1.049736302456108	0.10331384015594541	0.14383995692856236	NPC
CPC016_NPC_24H:BRD-K80334323-001-03-5:10	DB09371	Norethynodrel	0.16648651078841115	1.0490673185646535	0.10416666666666667	0.14494942713927675	NPC
LJP009_NEU_24H:L11	DB05984	RAF-265	0.16580776218173465	1.0424468269600362	0.10416666666666667	0.14494942713927675	NEU
LJP008_NPC_24H:A07	DB07232	Veliparib	0.18463838582755834	1.076650304195541	0.10420590081607031	0.14496509477285272	NPC
DOSBIO002_NPC_24H:BRD-A13084692:10	DB08607	(5R)-5-(4-{[(2R)-6-HYDROXY-2,5,7,8-TETRAMETHYL-3,4-DIHYDRO-2H-CHROMEN-2-YL]METHOXY}BENZYL)-1,3-THIAZOLIDINE-2,4-DIONE	0.23094107017714305	1.078603420196581	0.1044	0.1451961352657005	NPC
CPC006_PL21_6H:BRD-A38030642-001-02-0:10	DB00091	Cyclosporine	-0.17080847820779765	-1.0622538599855011	0.10514414923685698	0.1461918383003469	PL21
LJP008_NPC_24H:N12	DB02665	(1R,2S)-2-Phenylcyclopropanaminium	-0.1955544454022502	-1.0877615438038215	0.10539325842696629	0.1464988908713893	NPC
CPC018_NPC_24H:BRD-K91263825-001-03-6:10	DB00540	Nortriptyline	0.18769536290333774	1.0854067048815974	0.10573052332465072	0.1469282842232073	NPC
NMH002_NPC_6H:BRD-K32107296-001-11-0:10	DB00853	Temozolomide	-0.18134536579725236	-1.0689121598856084	0.10579857578840285	0.14698343692640847	NPC
CPC013_NPC_24H:BRD-K76908866-001-01-9:10	DB12302	CP-724714	-0.18645562221074163	-1.079509688452219	0.10584209239794672	0.14700448212440628	NPC
LJP008_NPC_24H:J08	DB05223	Pracinostat	-0.18176499042051722	-1.0631594323814602	0.1062215477996965	0.14749197767899982	NPC
LJP008_NPC.CAS9_24H:D03	DB09074	Olaparib	0.19293343788790449	1.0860141525991394	0.10722424794895169	0.1488443752669348	NPC.CAS9
NMH002_NEU_6H:BRD-K52313696-001-10-7:10	DB12291	Tacedinaline	-0.2028810764690013	-1.0858193195849974	0.10736131617802151	0.14899473498513857	NEU
CPC015_NPC_24H:BRD-A67799922-003-15-3:10	DB00925	Phenoxybenzamine	-0.18887016934671763	-1.0845364858116286	0.10755018248175183	0.14921687968418687	NPC
DOSBIO002_NEU_24H:BRD-A19500257:0.37037	DB02424	Geldanamycin	0.1561586332477466	1.050915406540724	0.1076923076923077	0.14937407346400924	NEU
CPC006_NOMO1_6H:BRD-A58048407-001-10-5:10	DB00393	Nimodipine	0.17667406795511564	1.0633488807263587	0.10800691244239631	0.14977035597444413	NOMO1
NMH002_NEU_24H:BRD-K89085489-001-14-1:10	DB05076	Fenretinide	-0.17642826063316555	-1.0446750369701512	0.10810810810810811	0.14987057683686897	NEU
CPC015_NPC_24H:BRD-A71816415-236-03-5:10	DB00175	Pravastatin	-0.1654700076713302	-1.04929720099036	0.10843373493975904	0.15028179044071444	NPC
CPC016_NEU_24H:BRD-K01567962-001-07-3:10	DB01782	Pyrazolanthrone	-0.19650874135292645	-1.0869569579000606	0.10870039249890973	0.15061107859073536	NEU
LJP007_JURKAT_24H:M20	DB12874	Quizartinib	0.18125396950368702	1.0713007786367112	0.10882110469909316	0.1507380284818767	JURKAT
PCLB001_JURKAT_6H:BRD-K36452089-001-01-8:0.37	DB07726	t-Butylhydroquinone	0.19363234555141876	1.0895231804418117	0.10904895666131621	0.15101327990885638	JURKAT
LJP007_NEU_24H:I03	DB01268	Sunitinib	0.17389699081291654	1.0457760237195806	0.109375	0.1514243254074272	NEU
LJP008_NPC.CAS9_24H:K23	DB12332	Rucaparib	0.19725532480890004	1.0869738329550438	0.10943476413089673	0.15146659928587256	NPC.CAS9
CPC014_NEU_24H:BRD-K50168500-001-01-2:10	DB05424	Canertinib	0.1917664235794315	1.0858316273216366	0.10948275862068965	0.15149256479904238	NEU
CPC006_SKM1_6H:BRD-K02113016-001-01-4:44.4	DB09074	Olaparib	0.18093505713951696	1.0659674737033955	0.10954848260547742	0.1515430424083246	SKM1
LJP007_NPC_24H:D03	DB12494	SGI-1776	-0.19027846305944857	-1.0807694108438548	0.10967269174401563	0.1516743764658364	NPC
CPC014_NEU_24H:BRD-A84327315-001-01-1:10	DB00136	Calcitriol	-0.17949072958200774	-1.0679959155966616	0.1103486646884273	0.15256851131681703	NEU
LJP007_NPC.CAS9_24H:P11	DB07859	4-(4-CHLOROPHENYL)-4-[4-(1H-PYRAZOL-4-YL)PHENYL]PIPERIDINE	-0.212182361018346	-1.0851817064406504	0.11052157373110422	0.1527668165042897	NPC.CAS9
CPC018_NPC_24H:BRD-K37846922-001-04-5:10	DB11875	3,3'-diindolylmethane	-0.18674326273441755	-1.0851864230102637	0.1105669822613995	0.15278882722095258	NPC
LJP007_JURKAT_24H:P01	DB09054	Idelalisib	0.1988682288806224	1.086682690948096	0.11105435226808337	0.1534213952154647	JURKAT
LJP009_NPC.CAS9_24H:B09	DB12242	AZD-7762	0.18082007324915558	1.0675394388558364	0.1110895696006204	0.15342914436844748	NPC.CAS9
LJP009_NPC.CAS9_24H:M13	DB06314	SGX-523	0.16937373995374358	1.0508732133097811	0.11194029850746269	0.15456291683071452	NPC.CAS9
LPROT003_NPC_6H:H19	DB01950	AR-AO-14418	0.17301262667477163	1.0526671253584956	0.11232876712328767	0.15505798381270025	NPC
CPC006_SKM1_6H:BRD-K64634304-001-01-5:40	DB00162	Vitamin A	0.18677678381606466	1.071711928655024	0.1132583557738001	0.15629954716906316	SKM1
CPC014_NPC_24H:BRD-K99260425-001-01-2:10	DB00749	Etodolac	-0.1830482335683355	-1.0621025311382748	0.1138053669576463	0.15701262288991563	NPC
CPC006_SKM1_6H:BRD-K78513633-001-07-4:177.6	DB06266	Lonidamine	-0.1978849581662405	-1.085335028874531	0.11441432010886632	0.1577926901962064	SKM1
CPC014_NPC_24H:BRD-K66615216-001-01-9:10	DB00218	Moxifloxacin	0.18648689924903405	1.0771981399470119	0.11443167305236271	0.1577926901962064	NPC
NMH001_NPC_24H:BRD-K03243820-001-16-2:10	DB00432	Trifluridine	-0.21667396909854367	-1.0787991731309954	0.11461146114611462	0.1579985612288284	NPC
LJP008_NPC.TAK_24H:C11	DB13877	Iniparib	-0.1903377747553278	-1.0817995864736525	0.11477895719118161	0.15818738195869764	NPC.TAK
LJP009_NPC.CAS9_24H:M15	DB06314	SGX-523	0.23386114593532975	1.073469615142174	0.1174	0.16175666046264292	NPC.CAS9
LJP008_NEU_24H:I12	DB11830	Mocetinostat	0.22440082752899881	1.0755780324048771	0.11831183118311832	0.16296967283118532	NEU
LPROT002_NPC.TAK_6H:G20	DB04149	(R)-Rolipram	-0.18516132698182333	-1.0747745009921703	0.11907529381376727	0.16395346456707569	NPC.TAK
DOSBIO001_NPC_24H:BRD-K27305650:1.11111	DB02656	LY-294002	-0.1793695931752631	-1.0613423223402403	0.1190893169877408	0.16395346456707569	NPC
NMH002_NPC_6H:BRD-A73908300-001-03-4:10	DB13978	Selisistat	0.19896742323474823	1.0851924281055716	0.11968218847430354	0.16472592315374263	NPC
NMH001_NEU_24H:BRD-K52256627-300-04-1:10	DB00878	Chlorhexidine	0.17311261566167024	1.0506736024812893	0.11978221415607986	0.16481981777928992	NEU
DOSBIO001_NPC_24H:BRD-K27305650:0.37037	DB02656	LY-294002	-0.21627113920675767	-1.0783780055883645	0.12142428485697139	0.1670349466760886	NPC
CPC018_NPC_24H:BRD-K77947974-001-10-6:10	DB04842	Fluspirilene	-0.17485414113160863	-1.0591032357384176	0.12148900169204738	0.16707961963062354	NPC
LJP009_NPC.CAS9_24H:I02	DB11798	Tanzisertib	0.17286342981600966	1.0516437958200235	0.12156295224312591	0.16712894278526738	NPC.CAS9
LJP009_NPC.TAK_24H:I18	DB12146	Rigosertib	-0.19012079559126333	-1.0732860358156429	0.12159636946075814	0.16712894278526738	NPC.TAK
CPC006_THP1_6H:BRD-K91623615-001-01-9:10	DB12254	ABT-751	0.17249145948592673	1.0390445763884486	0.12162162162162163	0.16712894278526738	THP1
AML001_HL60_6H:BRD-K93754473:0.49846	DB00675	Tamoxifen	0.1864757387374371	1.0763103048250835	0.12194222495390289	0.16749303459109333	HL60
LJP008_NPC_24H:K22	DB12332	Rucaparib	0.16840542618596618	1.0400659670315708	0.12195121951219512	0.16749303459109333	NPC
CPC015_NPC_24H:BRD-A75172220-001-03-2:10	DB00741	Hydrocortisone	-0.16619907868193545	-1.0486619965918544	0.12211981566820276	0.1676801496535842	NPC
LJP007_JURKAT_24H:M12	DB05575	Motesanib	-0.18213886945686897	-1.0705108700976624	0.12306579898770788	0.16888997651910656	JURKAT
CPC006_U937_6H:BRD-A46335897-003-05-4:6.23	DB01069	Promethazine	-0.1741514726116138	-1.0529520919406585	0.12306610407876231	0.16888997651910656	U937
NMH002_NEU_24H:BRD-K21283037-001-15-7:10	DB00740	Riluzole	-0.21667065837216384	-1.0787477386586775	0.12310928578583592	0.16890450594180614	NEU
LJP007_NEU_24H:I17	DB11526	Masitinib	-0.18042290247773543	-1.0707512764436553	0.12357297130515273	0.16949580129785638	NEU
LPROT002_NPC.TAK_6H:I04	DB08877	Ruxolitinib	0.18510240859577223	1.0758315259951805	0.12362301101591187	0.16951956683896674	NPC.TAK
CPC006_THP1_6H:BRD-A79768653-001-02-1:10	DB00877	Sirolimus	-0.19106962924122303	-1.0761396930343874	0.12383456849151327	0.16976474442407985	THP1
LJP009_NEU_24H:H16	DB07138	Neflamapimod	0.17084984930516914	1.0505972010158522	0.12402088772845953	0.16997520238267053	NEU
CPC006_WSUDLCL2_6H:BRD-K52075040-001-03-0:44.4	DB01034	Cerulenin	0.1982086139391597	1.083484483373675	0.12439501596128102	0.17042169456173742	WSUDLCL2
LJP007_NPC.CAS9_24H:O02	DB07101	PD-0325901	-0.22261434661532709	-1.0775915575428145	0.12441244124412441	0.17042169456173742	NPC.CAS9
NMH001_NPC_6H:BRD-K47029922-001-02-0:10	DB02665	(1R,2S)-2-Phenylcyclopropanaminium	0.19431864789983525	1.0814028124983208	0.12531996587030717	0.17161946700315323	NPC
LJP007_NPC.TAK_24H:M03	DB07794	5-(2-PHENYLPYRAZOLO[1,5-A]PYRIDIN-3-YL)-1H-PYRAZOLO[3,4-C]PYRIDAZIN-3-AMINE	-0.2342622305562916	-1.0679868305922975	0.1256	0.17195751651254954	NPC.TAK
CPC006_THP1_6H:BRD-A67373739-001-01-4:10	DB01700	AICA ribonucleotide	-0.16994263228749007	-1.0442536080303029	0.12646370023419204	0.1730942669343854	THP1
CPC006_WSUDLCL2_6H:BRD-U88459701-000-01-8:10	DB01076	Atorvastatin	0.17343595574361892	1.0511637954609117	0.12669683257918551	0.17332706577879303	WSUDLCL2
CPC006_WSUDLCL2_6H:BRD-K01292756-001-10-2:10	DB01100	Pimozide	0.17213932507017363	1.0508911173218318	0.12670068027210885	0.17332706577879303	WSUDLCL2
NMH001_NPC_24H:BRD-A69512159-001-04-0:10	DB00190	Carbidopa	0.16833671815477586	1.044621664518957	0.126953125	0.17362657528371603	NPC
CPC012_NEU_24H:BRD-A15010982-001-01-9:10	DB06444	Dexanabinol	-0.17943012539975992	-1.0532658902067824	0.12753036437246965	0.1743700127119097	NEU
LJP009_NPC.TAK_24H:D14	DB16108	TAK-715	0.18948481991130303	1.077147985895787	0.12792439783335255	0.17486262980016695	NPC.TAK
LJP007_NEU_24H:B07	DB07970	5-[(2-methyl-5-{[3-(trifluoromethyl)phenyl]carbamoyl}phenyl)amino]pyridine-3-carboxamide	-0.18112814973800426	-1.0607359969533843	0.12829928850126235	0.17532882727150356	NEU
CPC013_NEU_24H:BRD-A45664787-001-01-4:10	DB01088	Iloprost	-0.18119540737339365	-1.0579900472359307	0.12853280904399114	0.17560163893117903	NEU
LJP009_NPC.TAK_24H:G16	DB01254	Dasatinib	-0.17703376762187928	-1.052219742776634	0.12874779541446207	0.17584899205001117	NPC.TAK
LJP007_NPC.TAK_24H:I23	DB13005	Rebastinib	-0.1787205592591984	-1.0586073706065555	0.12936532037655632	0.1766458735681989	NPC.TAK
LJP007_JURKAT_24H:J23	DB03044	Doramapimod	-0.19463375736559937	-1.0768984629541154	0.1294798951048951	0.1767557472164295	JURKAT
CPC016_NEU_24H:BRD-A69960130-066-01-4:10	DB01200	Bromocriptine	-0.18696263352779255	-1.0702799571707067	0.12953850246043358	0.17678918086646478	NEU
LJP007_NEU_24H:I04	DB01268	Sunitinib	-0.17982542643722083	-1.0575322431572494	0.12972714217328865	0.17700001336018475	NEU
LJP007_JURKAT_24H:K21	DB01590	Everolimus	0.19825751420979695	1.0766688985288866	0.13007226236798222	0.17742418099259907	JURKAT
LJP007_JURKAT_24H:P13	DB05294	Vandetanib	0.1851942161337642	1.0656226635557497	0.1314260169870362	0.1792202799878718	JURKAT
CPC006_NOMO1_6H:BRD-K57080016-001-04-3:80	DB11689	Selumetinib	0.1830311622032946	1.0648955773220645	0.1314581791265729	0.1792202799878718	NOMO1
LJP009_NPC.TAK_24H:I06	DB11798	Tanzisertib	0.16820092557697844	1.0497541504632737	0.13176895306859207	0.1795967161497749	NPC.TAK
LJP009_NPC_24H:D04	DB11775	PF-03758309	-0.19623081248903887	-1.0678308395882263	0.1321340753203054	0.18000726190517513	NPC
CPC014_NEU_24H:BRD-K58772419-001-02-1:10	DB14980	AZD-6482	0.21669128141919147	1.0761280425347894	0.13213964189256777	0.18000726190517513	NEU
CPC013_NEU_24H:BRD-K28120222-001-05-0:10	DB13063	Parthenolide	0.1633965774668569	1.0340464850962472	0.13218390804597702	0.18002023955170904	NEU
LJP008_NPC.CAS9_24H:H16	DB11841	Entinostat	-0.20244044854624826	-1.0789948699982597	0.1322271986970684	0.18002094391546436	NPC.CAS9
CPC015_NPC_24H:BRD-A27887842-001-03-2:10	DB00860	Prednisolone	0.17999084849967958	1.0698340252296297	0.13225390457085542	0.18002094391546436	NPC
LJP007_JURKAT_24H:B11	DB07970	5-[(2-methyl-5-{[3-(trifluoromethyl)phenyl]carbamoyl}phenyl)amino]pyridine-3-carboxamide	-0.2118069164215688	-1.0773013273226404	0.13307260328920978	0.18108777054744882	JURKAT
LJP007_JURKAT_24H:K08	DB11962	GSK-1059615	0.16381598313416104	1.0342989303782875	0.13333333333333333	0.1813949418044981	JURKAT
LJP009_NPC_24H:L07	DB05984	RAF-265	0.19103995310956798	1.0706365248754894	0.13343461197619952	0.18148508117077847	NPC
NMH002_NEU_6H:BRD-K89732114-300-10-5:10	DB00831	Trifluoperazine	-0.18583363804892888	-1.0698246325508312	0.1337133972531744	0.18181653754026497	NEU
NMH001_NPC_6H:BRD-K09557221-001-01-6:10	DB13070	Surinabant	-0.16722110075879004	-1.0472238283548791	0.13414634146341464	0.18235738233562818	NPC
NMH002_NEU_24H:BRD-K86465814-001-04-5:10	DB06926	(9Z,11E,13S)-13-hydroxyoctadeca-9,11-dienoic acid	-0.20566075619896404	-1.076844214248157	0.13429814796073272	0.18251586748820273	NEU
LJP009_NPC.CAS9_24H:E08	DB01782	Pyrazolanthrone	0.1849923084583373	1.0729507478070157	0.1349052957093158	0.18329293192597654	NPC.CAS9
LJP007_JURKAT_24H:M06	DB07794	5-(2-PHENYLPYRAZOLO[1,5-A]PYRIDIN-3-YL)-1H-PYRAZOLO[3,4-C]PYRIDAZIN-3-AMINE	-0.172853101005851	-1.0442437291091557	0.13513513513513514	0.18355708263965145	JURKAT
LJP009_NPC.TAK_24H:I15	DB12146	Rigosertib	0.1878551945272226	1.0673205377714163	0.13543110618242307	0.183910899433259	NPC.TAK
LJP008_NPC.TAK_24H:A07	DB07232	Veliparib	-0.22646585075108822	-1.070204660777451	0.1359	0.18447334023295858	NPC.TAK
NMH002_NEU_24H:BRD-K99964838-001-05-1:10	DB06616	Bosutinib	0.2058152618383665	1.078706004889189	0.13591648263400924	0.18447334023295858	NEU
LJP007_NPC.TAK_24H:A14	DB12742	Amuvatinib	-0.19885369581368892	-1.0792126614656574	0.1364472608340147	0.18514524892429018	NPC.TAK
CPC006_SKM1_6H:BRD-K92991072-001-02-3:10	DB13048	PAC-1	-0.2013375425020852	-1.0760201866224044	0.1371640407784986	0.18606912547491616	SKM1
LJP009_NPC.TAK_24H:H10	DB08912	Dabrafenib	-0.19603306234047266	-1.0716711121758584	0.13723027742893024	0.1861102584759792	NPC.TAK
LPROT001_NPC.TAK_6H:G14	DB05015	Belinostat	-0.1846999678189721	-1.0729223683557905	0.1373096151610278	0.18616913285307327	NPC.TAK
LJP007_NEU_24H:K22	DB01590	Everolimus	0.18033769327512944	1.0642089594343995	0.1375744280789721	0.18647938433304562	NEU
LJP008_NPC_24H:M03	DB02709	Resveratrol	-0.21131447195930841	-1.0743426607684692	0.13826913456728365	0.18737203329698324	NPC
AML001_U937_6H:BRD-K71879491:10	DB00982	Isotretinoin	0.19842018751624502	1.0769041352592237	0.13921161825726142	0.18859989694356305	U937
LJP009_NPC.CAS9_24H:G13	DB01254	Dasatinib	0.20690325934768747	1.0778946628161366	0.139305485656769	0.18867773828368453	NPC.CAS9
CPC006_NOMO1_6H:BRD-K20285085-001-01-4:10	DB07159	Tamatinib	-0.18576417118123995	-1.073457345179732	0.13953488372093023	0.18893905603393268	NOMO1
LJP007_NEU_24H:K09	DB11962	GSK-1059615	0.2292461209347272	1.067318723880932	0.1401	0.18965470219435737	NEU
LJP007_NPC.CAS9_24H:P07	DB07859	4-(4-CHLOROPHENYL)-4-[4-(1H-PYRAZOL-4-YL)PHENYL]PIPERIDINE	-0.16800906743588742	-1.039085502169073	0.14042553191489363	0.19004573162261132	NPC.CAS9
LJP008_NPC.CAS9_24H:C10	DB13877	Iniparib	-0.1688640265590507	-1.0389431105381997	0.14098360655737704	0.1907511877755425	NPC.CAS9
NMH002_NEU_24H:BRD-K93258693-001-12-4:10	DB07863	2-chloro-5-nitro-N-phenylbenzamide	-0.19495626727401252	-1.0746411127233058	0.14180318975805575	0.19181000504469978	NEU
NMH002_NEU_24H:BRD-K93754473-048-14-5:10	DB00675	Tamoxifen	0.1710735296196382	1.050342483600134	0.1420965058236273	0.1921566005161891	NEU
NMH002_NPC_24H:BRD-A56798952-001-01-5:1	DB06733	Bafilomycin A1	-0.20550449044696417	-1.0755491909075547	0.14229408792319354	0.1923735882123634	NPC
LJP009_NEU_24H:H14	DB07138	Neflamapimod	0.16868017100248972	1.045259351730659	0.1425233644859813	0.1926333006693675	NEU
LJP009_NPC.CAS9_24H:P22	DB09074	Olaparib	-0.1691029018992102	-1.0463463329798643	0.14285714285714285	0.19298376284820498	NPC.CAS9
CPC013_NPC_24H:BRD-K82164249-001-01-9:10	DB07423	Andarine	0.16630607809888584	1.0404979715615663	0.14285714285714285	0.19298376284820498	NPC
LJP007_JURKAT_24H:D04	DB12494	SGI-1776	-0.18851217418411254	-1.070919568071696	0.14302784084119965	0.19316400084417426	JURKAT
LJP007_JURKAT_24H:H08	DB09053	Ibrutinib	0.18038398907983785	1.0577017322261129	0.14310611928737413	0.19321936168503717	JURKAT
PCLB001_JURKAT_6H:BRD-K07572174-001-22-0:3.33	DB11672	Curcumin	-0.17583431157418247	-1.0599636397456655	0.1434730125883773	0.19366427487183413	JURKAT
CPC015_NPC_24H:BRD-K52397688-001-01-9:10	DB08927	Amperozide	0.18252081121782862	1.0638241081556241	0.14729310112056163	0.19876897135592458	NPC
NMH002_NEU_6H:BRD-K02637541-001-13-1:10	DB00482	Celecoxib	-0.1620408696801927	-1.0406209996785807	0.14803625377643503	0.1997198300102802	NEU
LJP009_NPC.CAS9_24H:B23	DB16107	BI 2536	0.19747426420032183	1.0736839089366925	0.1488258615431534	0.20073285125367538	NPC.CAS9
CPC006_NOMO1_6H:BRD-K55395145-001-01-7:88.8	DB00642	Pemetrexed	0.225201376388734	1.0633508385371566	0.149	0.20091543065313558	NOMO1
LJP008_NPC.TAK_24H:D05	DB09074	Olaparib	0.17921007538497655	1.0526191027567815	0.14925742574257425	0.20121019255931835	NPC.TAK
LJP008_NPC_24H:C07	DB13877	Iniparib	0.17551387599098042	1.044808456897803	0.14968553459119496	0.20173483491588357	NPC
DOSBIO002_NEU_24H:BRD-A19037878:0.37037	DB04297	Trichostatin A	-0.1831060681868468	-1.0583320519241295	0.14976744186046512	0.20179274147710097	NEU
CPC014_NPC_24H:BRD-A11706664-001-01-1:10	DB12405	Triciribine	-0.18050313890034597	-1.0578052470660873	0.15026773761713522	0.20241419712295158	NPC
CPC018_NPC_24H:BRD-A20126139-001-03-4:10	DB00253	Medrysone	0.19555970044905036	1.0721529948613093	0.15152457996266336	0.20405415108277586	NPC
LJP009_NPC.TAK_24H:O05	DB07101	PD-0325901	-0.18740927949159647	-1.0653024066859897	0.15166872682323856	0.2041952045721024	NPC.TAK
CPC006_WSUDLCL2_6H:BRD-K93754473-001-06-0:28.39	DB00675	Tamoxifen	-0.17501337203957604	-1.0430509021502048	0.15289525048796357	0.2057930358515915	WSUDLCL2
CPC014_NPC_24H:BRD-K53972329-001-02-1:10	DB08877	Ruxolitinib	0.1886737779854046	1.065320581146554	0.15340838797476183	0.20643008737606228	NPC
NMH002_NEU_6H:BRD-K70131229-003-01-2:10	DB02678	beta-D-Galactosamine	0.18671354200107743	1.0631647298044147	0.15394668060637742	0.20710064872851708	NEU
DOSBIO002_NEU_24H:BRD-K81418486:1.11111	DB02546	Vorinostat	-0.17689858225916705	-1.0469311874026912	0.15439672801635992	0.2076521787128931	NEU
LJP007_JURKAT_24H:G09	DB11963	Dacomitinib	-0.2166270016962771	-1.0681892514680873	0.1552155215521552	0.2086992300683104	JURKAT
CPC013_NPC_24H:BRD-K15600710-066-01-7:10	DB12191	Obatoclax	0.16113528138517533	1.040890875974132	0.15526802218114602	0.20871566561418903	NPC
LJP007_JURKAT_24H:F18	DB12247	AZD-4547	0.17560302214793544	1.0569707182628463	0.15549111997100398	0.2089613546913233	JURKAT
NMH002_NPC_6H:BRD-A56798952-001-01-5:1	DB06733	Bafilomycin A1	-0.17877592475753307	-1.0465862535410273	0.15583456425406203	0.20936860564286994	NPC
LPROT002_NPC.TAK_6H:G08	DB01234	Dexamethasone	-0.17693570600209532	-1.050124371778752	0.1559481743227326	0.2094669360654226	NPC.TAK
LJP009_NPC_24H:I15	DB12146	Rigosertib	0.18064012833154844	1.0583791210374764	0.15642643639986714	0.21005488298111208	NPC
NMH002_NEU_24H:BRD-K60623809-001-04-6:10	DB08009	SU-11652	-0.16860895978780494	-1.0531749150205176	0.1565199073098799	0.21012594810357452	NEU
CPC006_U937_6H:BRD-K12502280-001-01-5:11.1	DB12500	Fedratinib	0.1752878349355709	1.043120642711274	0.1569620253164557	0.21062154767582586	U937
CPC006_U937_6H:BRD-A04706586-236-01-7:10	DB13242	Bucladesine	-0.17142603892448038	-1.0417862348419562	0.15697036223929747	0.21062154767582586	U937
LJP007_NPC_24H:P07	DB07859	4-(4-CHLOROPHENYL)-4-[4-(1H-PYRAZOL-4-YL)PHENYL]PIPERIDINE	-0.16273287153077196	-1.0314293329966375	0.15789473684210525	0.21180702208537133	NPC
LJP008_NPC.TAK_24H:J09	DB05223	Pracinostat	-0.18895855061530334	-1.059590110471577	0.1580824654016265	0.21200396886936554	NPC.TAK
CPC006_U937_6H:BRD-A35108200-001-04-7:10	DB01234	Dexamethasone	0.17647308615070526	1.0503888616552266	0.15899175957343675	0.21316825306844742	U937
CPC018_NPC_24H:BRD-K50398167-236-12-8:10	DB00939	Meclofenamic acid	-0.17363954427476366	-1.0527282933298923	0.15903506812597723	0.21317116477724107	NPC
NMH001_NPC_6H:BRD-A31159102-001-02-7:10	DB08544	(S)-Fluoxetine	-0.17106046010479986	-1.040861140823481	0.15947467166979362	0.21370513281429288	NPC
LPROT002_NPC.TAK_6H:O10	DB02546	Vorinostat	-0.21197742897668992	-1.0680978742116878	0.15975560897435898	0.2140262579382441	NPC.TAK
LJP008_NPC_24H:M02	DB02709	Resveratrol	-0.20490647531326486	-1.0704576732588984	0.15989949748743718	0.2141636588213749	NPC
LJP009_NPC.TAK_24H:N09	DB08896	Regorafenib	0.1977159206416713	1.0717171232877847	0.16077991016741527	0.21528720787791886	NPC.TAK
LJP007_NPC.CAS9_24H:I15	DB11526	Masitinib	0.1760942615708442	1.0509752456132275	0.16142303969022265	0.21609253207820556	NPC.CAS9
LJP008_NPC_24H:D01	DB09074	Olaparib	-0.18290484141410016	-1.0575424568771907	0.16158175355450238	0.2162491340184482	NPC
LJP007_JURKAT_24H:F14	DB12247	AZD-4547	-0.199476617968104	-1.0702641050641346	0.16174246243823737	0.2163694478098262	JURKAT
CPC014_NPC_24H:BRD-K43164539-001-05-7:10	DB02659	Cholic Acid	-0.1857305180188827	-1.0599823457504822	0.16175516032714526	0.2163694478098262	NPC
LJP007_NPC_24H:B12	DB07970	5-[(2-methyl-5-{[3-(trifluoromethyl)phenyl]carbamoyl}phenyl)amino]pyridine-3-carboxamide	-0.2271819410605094	-1.0610680641488883	0.1627	0.21757713548387098	NPC
CPC014_NPC_24H:BRD-K99964838-001-03-6:10	DB06616	Bosutinib	-0.17313261761129745	-1.0416591779794946	0.1634695579649708	0.218549857939752	NPC
CPC015_NPC_24H:BRD-A11605036-001-03-2:10	DB11582	Thiocolchicoside	0.20261132067392779	1.0674202114444227	0.16380894060012247	0.2189471060587657	NPC
LJP008_NEU_24H:I06	DB16239	Molibresib	0.17251958987366303	1.0441237786094675	0.16522893165228933	0.2207881185719864	NEU
CPC016_NEU_24H:BRD-K92984783-003-02-4:10	DB09224	Melperone	0.1778236341746352	1.0437699639686684	0.16545893719806765	0.22103846675957373	NEU
NMH001_NEU_24H:BRD-K24125544-001-01-3:10	DB12161	Deutetrabenazine	0.16465673652399915	1.0367955245363396	0.16560509554140126	0.2211767023442117	NEU
CPC006_WSUDLCL2_6H:BRD-K36927236-001-17-7:10	DB01016	Glyburide	-0.17803269115480863	-1.049591823207973	0.16567164179104477	0.22120856680267817	WSUDLCL2
LJP008_NEU_24H:P16	DB11662	Rabusertib	-0.19374499950702045	-1.068447927545929	0.16633287656793508	0.2220342520286037	NEU
LJP009_NPC_24H:E15	DB13113	JNJ-38877605	0.1669645911132112	1.0576372177756972	0.16666666666666666	0.2222508148910619	NPC
LJP007_NPC.TAK_24H:M17	DB07460	2-({5-CHLORO-2-[(2-METHOXY-4-MORPHOLIN-4-YLPHENYL)AMINO]PYRIMIDIN-4-YL}AMINO)-N-METHYLBENZAMIDE	-0.16721203463404227	-1.0530195881309452	0.16666666666666666	0.2222508148910619	NPC.TAK
CPC014_NEU_24H:BRD-K31484631-001-05-0:10	DB00615	Rifabutin	-0.16695848941118577	-1.0451384558059966	0.16666666666666666	0.2222508148910619	NEU
NMH002_NPC_24H:BRD-K30984264-003-10-0:10	DB07919	Harmine	0.16256015093432863	1.0274631655013897	0.16666666666666666	0.2222508148910619	NPC
CPC006_THP1_6H:BRD-A84481105-003-17-2:10	DB00679	Thioridazine	0.16685676488822465	1.0425150481847962	0.1668520578420467	0.22244079334640754	THP1
LJP007_JURKAT_24H:F04	DB12848	PF-04217903	-0.18122486326728637	-1.0607691222752782	0.1671577819448165	0.2227910560797426	JURKAT
LJP007_JURKAT_24H:D01	DB12494	SGI-1776	-0.1601375600240035	-1.0346154711763647	0.16728624535315986	0.22290494302393274	JURKAT
CPC013_NEU_24H:BRD-K22096725-001-01-9:10	DB07970	5-[(2-methyl-5-{[3-(trifluoromethyl)phenyl]carbamoyl}phenyl)amino]pyridine-3-carboxamide	0.18824834740581803	1.0652226799546434	0.16737752161383285	0.22296923316269454	NEU
CPC006_PL21_6H:BRD-K00766422-001-01-9:80	DB03459	Sparfosic acid	-0.20847888377193438	-1.064475539400885	0.16781678167816783	0.2234969320627771	PL21
LJP007_NPC.TAK_24H:I09	DB06589	Pazopanib	-0.1723606699681404	-1.043289202393701	0.16929133858267717	0.2254028048652192	NPC.TAK
LPROT002_NPC.TAK_6H:O02	DB00864	Tacrolimus	0.18245715648702854	1.0560947014127584	0.1694440118361626	0.22554812980606076	NPC.TAK
LJP008_NPC_24H:O05	DB07101	PD-0325901	0.19320177259558802	1.0664993942468701	0.17026940687892664	0.2265886149066764	NPC
LJP008_NPC.TAK_24H:G11	DB02546	Vorinostat	-0.17982820120138515	-1.0545247609226869	0.17050272562083585	0.22684085344471666	NPC.TAK
CPC006_PL21_6H:BRD-K77947974-001-05-6:4.21	DB04842	Fluspirilene	0.17323644177580746	1.0475621112989637	0.17062314540059348	0.22694279760417746	PL21
LJP008_NPC.TAK_24H:G19	DB00928	Azacitidine	0.20452834868696124	1.0653828927615308	0.17142244153615105	0.2279474190506376	NPC.TAK
LJP008_NPC.CAS9_24H:D20	DB13978	Selisistat	0.18660137963082046	1.0596843873164972	0.17168751595608883	0.2282413308579919	NPC.CAS9
CPC015_NPC_24H:BRD-A01320529-001-05-9:10	DB00938	Salmeterol	-0.19400162723309464	-1.066501732847497	0.17176942567567569	0.228291655258105	NPC
LJP007_NPC_24H:I13	DB11526	Masitinib	0.18273360605809155	1.0526466191147466	0.1719170492322305	0.22842054519550814	NPC
LJP009_NPC.TAK_24H:K21	DB12432	CC-401	0.1758609681024372	1.0428384488283153	0.1719545632589111	0.22842054519550814	NPC.TAK
LJP009_NEU_24H:N07	DB08896	Regorafenib	0.17014385078954314	1.0401857221340496	0.17204301075268819	0.2284794673809406	NEU
NMH002_NPC_24H:BRD-K30466858-335-01-5:10	DB08846	Ellagic acid	0.17866259468593298	1.05193021991534	0.1721605465414176	0.22857697980466973	NPC
LJP008_NPC.CAS9_24H:P16	DB11662	Rabusertib	-0.1970242037574088	-1.0646746800806524	0.1724913141222154	0.22895747689070703	NPC.CAS9
NMH002_NPC_6H:BRD-K38775274-001-17-1:10	DB01234	Dexamethasone	-0.16281631582063105	-1.041810035916932	0.17301686445971268	0.22959625906023845	NPC
NMH002_NEU_24H:BRD-A75409952-001-06-5:10	DB08059	Wortmannin	-0.17298864318964674	-1.0368832697436972	0.17333333333333334	0.2299573306024919	NEU
LJP008_NPC.CAS9_24H:J01	DB12116	Epigallocatechin gallate	0.16677786123919736	1.034610097779414	0.17372881355932204	0.23042301301878854	NPC.CAS9
CPC013_NPC_24H:BRD-K16478699-001-01-9:10	DB06999	PLX-4720	0.16996343795154953	1.035495869231284	0.17391304347826086	0.23060833963775532	NPC
CPC016_NPC_24H:BRD-K41160163-001-01-9:10	DB12931	Fenobam	-0.18508143418283085	-1.06249992249272	0.17435424354243542	0.23113422615423393	NPC
CPC006_NOMO1_6H:BRD-A84481105-003-17-2:10	DB00679	Thioridazine	0.19546608822005912	1.0669287881479996	0.1744327390599676	0.23117914419661179	NOMO1
LPROT002_NPC.TAK_6H:O04	DB00864	Tacrolimus	0.2034616183301008	1.0675305232780663	0.17507568113017155	0.23197192012696213	NPC.TAK
CPC014_NPC_24H:BRD-K74514084-003-01-9:10	DB06589	Pazopanib	0.19317101806320874	1.0660734074059144	0.17516353442010177	0.23199391139097855	NPC
CPC016_NEU_24H:BRD-K68264559-045-01-6:10	DB00484	Brimonidine	0.1855218195166005	1.055376632042124	0.17521834061135372	0.23199391139097855	NEU
LJP007_NPC.CAS9_24H:P06	DB09054	Idelalisib	0.17016670368910275	1.0364112667357976	0.17522658610271905	0.23199391139097855	NPC.CAS9
LJP008_NPC_24H:N11	DB02665	(1R,2S)-2-Phenylcyclopropanaminium	-0.20047002098412198	-1.0662994547481006	0.176695512175488	0.2338789640085259	NPC
CPC006_THP1_6H:BRD-A34255068-001-16-2:10	DB04149	(R)-Rolipram	-0.19996594583284732	-1.064693818165371	0.1774913740612949	0.2348197674723349	THP1
LJP009_NEU_24H:O06	DB07101	PD-0325901	0.1902650877685438	1.0616891810128761	0.17751937984496124	0.2348197674723349	NEU
LJP007_JURKAT_24H:H09	DB09053	Ibrutinib	-0.17938783273807915	-1.0521554093263588	0.17754223252732693	0.2348197674723349	JURKAT
LPROT001_NPC.TAK_6H:I04	DB03068	Zebularine	-0.17510424645381437	-1.038410526198727	0.1787037037037037	0.23629563475187357	NPC.TAK
AML001_U937_24H:BRD-K19706299:10	DB00374	Treprostinil	0.16379806279984	1.0405844272208327	0.17886178861788618	0.23644433383109342	U937
CPC015_NPC_24H:BRD-A51714012-001-03-1:10	DB00285	Venlafaxine	-0.17835560347726775	-1.0633641838259644	0.17907959092930192	0.23667187967244135	NPC
LJP007_NEU_24H:I02	DB01268	Sunitinib	-0.19497108923840262	-1.065492788645324	0.17926296064959402	0.23685381491233967	NEU
LJP007_NPC.TAK_24H:K22	DB01590	Everolimus	-0.1718247614114516	-1.0324326044909669	0.17982456140350878	0.23753527330945257	NPC.TAK
CPC015_NPC_24H:BRD-A58048407-001-09-7:10	DB00393	Nimodipine	-0.222417301938171	-1.0578383335062216	0.1802	0.2379705402650357	NPC
CPC006_PL21_6H:BRD-A56592690-001-01-9:30	DB05448	PX-12	0.17890452830937636	1.0348681151365369	0.18079800498753118	0.23869942976952524	PL21
CPC014_NPC_24H:BRD-K46212057-001-01-2:10	DB00582	Voriconazole	0.1716121492322705	1.0426346507670197	0.18143236074270558	0.23947592801036685	NPC
LJP008_NEU_24H:L18	DB08756	Y-27632	0.16287842365665525	1.0397397200410257	0.18181818181818182	0.23992406880107414	NEU
CPC006_THP1_6H:BRD-A04706586-236-01-7:10	DB13242	Bucladesine	0.1710231037109277	1.0415420834174995	0.18369987063389392	0.24234539959899143	THP1
LPROT003_NPC_6H:N11	DB01782	Pyrazolanthrone	0.18402276838015766	1.0506177311977434	0.18390466382227452	0.24255382232808007	NPC
CPC015_NPC_24H:BRD-A90490067-001-01-9:10	DB00947	Fulvestrant	-0.17640541153576084	-1.0428521052664375	0.18506493506493507	0.2440220085258253	NPC
CPC014_NPC_24H:BRD-K77175907-001-03-1:10	DB00146	Calcifediol	-0.18532977138582746	-1.0519253800309434	0.18694719914232108	0.24644120731506178	NPC
LJP009_NPC.CAS9_24H:O01	DB07101	PD-0325901	-0.18165902237539716	-1.0430427206822506	0.18863737239236572	0.2486060182444657	NPC.CAS9
AML001_U937_6H:BRD-A45664787:0.37037	DB01088	Iloprost	0.18086684584020102	1.0562196041998706	0.18877364246491762	0.24870362052143744	U937
LJP009_NPC.CAS9_24H:N07	DB08896	Regorafenib	0.19920607938079707	1.058657789249941	0.18880741858960534	0.24870362052143744	NPC.CAS9
CPC014_NEU_24H:BRD-K89085489-001-11-7:10	DB05076	Fenretinide	0.19812342179014314	1.061142429808171	0.18951653944020355	0.2495742585461588	NEU
NMH001_NEU_6H:BRD-A19500257-001-03-9:10	DB02424	Geldanamycin	0.17701952252035646	1.037473122978427	0.1900871459694989	0.2502620910604531	NEU
LJP007_NPC_24H:M11	DB05575	Motesanib	-0.17684144549060218	-1.0481475817354822	0.19176017417518004	0.25240061533547953	NPC
LJP008_NEU_24H:H15	DB11841	Entinostat	-0.19508753778865956	-1.0602094217199243	0.1918823038397329	0.2524972317159715	NEU
CPC006_THP1_6H:BRD-K15108141-001-01-7:0.08	DB00441	Gemcitabine	0.17907775122201192	1.0462868655560227	0.19236612229396127	0.25306962318540427	THP1
NMH002_NPC_24H:BRD-K39965020-001-05-9:10	DB03756	Doconexent	-0.19563051264850048	-1.0612914401617686	0.19352193521935218	0.2545255503316454	NPC
LJP007_NPC_24H:O02	DB07101	PD-0325901	-0.1826137608482853	-1.0520886756445662	0.1945252578682888	0.2557802299602823	NPC
NMH002_NPC_24H:BRD-K81062487-001-03-3:10	DB04348	Taurocholic acid	-0.19263136173497172	-1.0613964654455268	0.19563038685107237	0.2571681036687613	NPC
NMH001_NEU_6H:BRD-K52256627-300-04-1:10	DB00878	Chlorhexidine	-0.20918700613618135	-1.0594151465635993	0.19614728604394502	0.2577822054982813	NEU
CPC006_WSUDLCL2_6H:BRD-K44241590-001-03-3:11.1	DB07697	1-(2,3-dihydro-1,4-benzodioxin-6-ylsulfonyl)-4-[(4-methoxyphenyl)sulfonyl]piperazine	-0.16923118393837905	-1.0341946809909068	0.1968408262454435	0.25862808357096556	WSUDLCL2
LJP007_NPC_24H:O01	DB07101	PD-0325901	-0.18863459679793612	-1.055168856893709	0.19701070966223372	0.25878567743211534	NPC
CPC006_WSUDLCL2_6H:BRD-K85606544-001-01-8:10	DB11828	Neratinib	-0.20862187399814608	-1.0586877537323496	0.1972564333633724	0.2590427870473887	WSUDLCL2
CPC006_PL21_6H:BRD-K14888893-001-05-6:10	DB00350	Minoxidil	0.18414265516391196	1.0601102243727203	0.19834277323264107	0.2604034078772602	PL21
CPC016_NPC_24H:BRD-A82371568-001-01-5:10	DB00631	Clofarabine	-0.20028177138967165	-1.0590742882290374	0.19846480153519847	0.2604976194415903	NPC
CPC006_U937_6H:BRD-K27316855-001-02-6:1	DB00136	Calcitriol	0.17299048833431732	1.0414680313966882	0.19959850874677373	0.2619193396621376	U937
LJP009_NPC.CAS9_24H:I23	DB11363	Alectinib	0.17860163199104842	1.1550812545078937	0.2	0.26224696356275307	NPC.CAS9
NMH001_NEU_24H:BRD-K04809113-001-01-7:10	DB12771	Hydroxytyrosol	0.15695176489136495	1.0412730368271421	0.2	0.26224696356275307	NEU
CPC015_NPC_24H:BRD-A78391468-001-01-0:10	DB14633	Prednisolone hemisuccinate	-0.17188864005150192	-1.0303739910527157	0.2	0.26224696356275307	NPC
LJP008_NPC_24H:I06	DB16239	Molibresib	0.16806606171557342	1.031010070310727	0.20048899755501223	0.26282165072857916	NPC
NMH001_NEU_6H:BRD-A57226833-001-01-1:10	DB07780	Farnesyl diphosphate	-0.18012555491325308	-1.0424855231111896	0.2012830793905373	0.2637958819933648	NEU
CPC006_SKM1_6H:BRD-K17561142-003-16-8:10	DB01118	Amiodarone	-0.17726782185578654	-1.0415723816223084	0.20212060967528164	0.2648265485050087	SKM1
LJP008_NPC_24H:H14	DB11841	Entinostat	0.17414432673664135	1.0338931998537726	0.20456217807211186	0.26795783790942457	NPC
CPC014_NPC_24H:BRD-K84937637-001-03-2:10	DB00877	Sirolimus	0.18088879374665642	1.0520379041509016	0.2065986802639472	0.27055707887990255	NPC
LJP009_NPC.TAK_24H:I14	DB12146	Rigosertib	0.17749632599724782	1.033818639382015	0.2067484662576687	0.27068482873856475	NPC.TAK
AML001_U937_6H:BRD-A75409952:0.37037	DB08059	Wortmannin	0.18202763029165944	1.0457818091976832	0.2074468085106383	0.2715305283410274	U937
LJP007_JURKAT_24H:A14	DB12742	Amuvatinib	0.17990496549173005	1.0440800575586977	0.20781076361327194	0.2719382265262563	JURKAT
CPC015_NPC_24H:BRD-K84658672-001-03-0:10	DB00731	Nateglinide	-0.20719032222004233	-1.0556050300935387	0.20806241872561768	0.2721988017763572	NPC
LJP007_JURKAT_24H:C06	DB11800	Tivozanib	-0.17817799687944974	-1.0442907971489503	0.20922975858104778	0.27365689272261223	JURKAT
CPC014_NEU_24H:BRD-K36627727-001-01-3:10	DB04942	Tamibarotene	-0.2010330155080492	-1.056668954436337	0.20943358193912517	0.27385435821563126	NEU
CPC015_NPC_24H:BRD-A22380646-001-02-3:10	DB00213	Pantoprazole	0.1713239740558196	1.0365639322862723	0.21050737675422815	0.27518900765398846	NPC
NMH001_NPC_24H:BRD-K48300629-001-10-3:10	DB00909	Zonisamide	0.1915596847012471	1.0545648885705123	0.21084144124879717	0.2755562039221354	NPC
NMH002_NEU_24H:BRD-K46018455-001-23-5:10	DB01393	Bezafibrate	0.1733849797853149	1.0429900848176685	0.21127673363577446	0.2760554800051899	NEU
LJP008_NPC.CAS9_24H:C11	DB13877	Iniparib	0.1801888011119479	1.046905161726234	0.21164598390835948	0.2764682350927953	NPC.CAS9
CPC015_NPC_24H:BRD-A97674275-001-04-3:10	DB00243	Ranolazine	-0.17638354309980622	-1.0451635293410364	0.211811138722409	0.2766142441682267	NPC
LJP007_NEU_24H:G13	DB01254	Dasatinib	0.19483209727597167	1.0553536834774053	0.2120148637489678	0.2768105376536032	NEU
LJP007_NPC_24H:B15	DB12200	Tivantinib	0.17598628158224536	1.0371360543654553	0.21221864951768488	0.2770068115366859	NPC
CPC013_NEU_24H:BRD-K47832606-001-13-7:10	DB00322	Floxuridine	-0.17374684987120198	-1.0404576916732595	0.21238348868175766	0.27715216276727983	NEU
LJP007_NPC_24H:O03	DB07101	PD-0325901	0.16658167096419219	1.030278216258848	0.2127659574468085	0.2775813674444516	NPC
NMH002_NPC_24H:BRD-K50590187-001-17-3:10	DB09120	Zucapsaicin	0.17220533416429898	1.0347578624065314	0.21469465648854963	0.2800271104766333	NPC
CPC006_NOMO1_6H:BRD-K69932463-001-03-1:10	DB12774	AZD-8055	0.19378595366851004	1.0561810637077	0.21531341181205352	0.28076348767238585	NOMO1
LJP007_NPC.CAS9_24H:C05	DB11800	Tivozanib	-0.19134357204713306	-1.0524643480553373	0.216414686825054	0.28207713897921494	NPC.CAS9
LPROT001_NPC.TAK_6H:A20	DB12387	OSI-027	0.19124625033991785	1.0536061407465427	0.21642969984202212	0.28207713897921494	NPC.TAK
AML001_U937_24H:BRD-A45664787:3.33333	DB01088	Iloprost	-0.20502290315924926	-1.0518030989846379	0.2166	0.2822281116419411	U937
CPC006_PL21_6H:BRD-K20285085-001-01-4:10	DB07159	Tamatinib	0.18385362703457483	1.051690008747883	0.2190896739130435	0.28540037461472884	PL21
LJP007_NPC.CAS9_24H:P02	DB09054	Idelalisib	0.1724108320329855	1.0289960573773889	0.22038765254845658	0.2870022153779651	NPC.CAS9
NMH001_NEU_6H:BRD-K89997465-001-08-7:10	DB00477	Chlorpromazine	-0.16738858114012278	-1.0308356483317247	0.22043010752688172	0.2870022153779651	NEU
LJP008_NPC.CAS9_24H:K21	DB12332	Rucaparib	0.1775248967265449	1.0379947825657538	0.22130013831258644	0.28806262666059357	NPC.CAS9
CPC015_NPC_24H:BRD-A68930007-001-03-1:10	DB01092	Ouabain	0.18820329592318677	1.0552459397906693	0.22184300341296928	0.2886967462797606	NPC
CPC015_NPC_24H:BRD-A69917777-065-01-4:10	DB15597	Aminopentamide	0.18078384218340582	1.0488606064285868	0.22197776748494674	0.28879959606000355	NPC
CPC014_NPC_24H:BRD-K53972329-001-01-3:10	DB08877	Ruxolitinib	0.15910096137747323	1.0374559838251172	0.2222222222222222	0.28904506916555106	NPC
NMH001_NEU_6H:BRD-K90259198-001-01-8:10	DB04513	N-(6-Aminohexyl)-5-Chloro-1-Naphthalenesulfonamide	-0.17200799881830836	-1.0325071181325258	0.22231985940246046	0.2890995009845797	NEU
LJP008_NPC.TAK_24H:D19	DB13978	Selisistat	0.18976514473259284	1.0525077184867317	0.22241491437242575	0.2891505484891897	NPC.TAK
LJP007_JURKAT_24H:I16	DB11526	Masitinib	-0.2100512913293323	-1.0518722162532577	0.2241672501750525	0.29135557823103136	JURKAT
LJP007_NPC.TAK_24H:G12	DB11963	Dacomitinib	0.202577942402097	1.0538995901246806	0.2244611528822055	0.2916644168093252	NPC.TAK
CPC006_THP1_6H:BRD-K02113016-001-01-4:44.4	DB09074	Olaparib	-0.18126356937343033	-1.0472641364919757	0.22463603275705188	0.2918184812602263	THP1
LPROT002_NPC.TAK_6H:O14	DB02169	9,10-Deepithio-9,10-Didehydroacanthifolicin	-0.17078935548995053	-1.0281917401798162	0.22727272727272727	0.2951697425381636	NPC.TAK
CPC006_U937_6H:BRD-K55966568-001-01-3:6	DB12072	Orantinib	0.17597485339808547	1.0347753872836631	0.2273706896551724	0.29522298015362153	U937
LJP008_NEU_24H:I01	DB16239	Molibresib	-0.18443144695305191	-1.0426453291700544	0.22772551189817378	0.2956096199038919	NEU
LJP008_NEU_24H:D20	DB13978	Selisistat	0.18683649872314714	1.0527272263726526	0.2291579824927053	0.29739460688134206	NEU
CPC014_NPC_24H:BRD-A39052811-377-01-4:10	DB11675	Mosapride	0.16717086207433515	1.030666202771058	0.2296933835395374	0.2980148005763352	NPC
LPROT001_NPC.TAK_6H:K20	DB00877	Sirolimus	0.1737234061695376	1.031862404965031	0.23012736056214317	0.2985031245138989	NPC.TAK
LJP008_NPC.TAK_24H:I12	DB11830	Mocetinostat	0.169083610850203	1.0274038140772797	0.23076923076923078	0.2992607992607993	NPC.TAK
LPROT003_NPC_6H:D11	DB09073	Palbociclib	-0.174513248747351	-1.0313516550784763	0.23121387283236994	0.29976239404987265	NPC
LJP008_NPC.TAK_24H:D01	DB09074	Olaparib	-0.17605075202872686	-1.0317896064146646	0.23210831721470018	0.300846748325807	NPC.TAK
CPC006_PL21_6H:BRD-A71390734-001-01-7:0.08	DB01177	Idarubicin	0.1751348743477175	1.0309794144529547	0.2326923076923077	0.3015282666820551	PL21
NMH002_NEU_24H:BRD-K26521938-001-06-4:10	DB00917	Dinoprostone	0.1907917065696794	1.0502027867747075	0.23331227626868814	0.30225605390608545	NEU
LJP009_NPC.CAS9_24H:E14	DB13113	JNJ-38877605	0.19833232831053216	1.049706769108677	0.23441897868918377	0.30361388342098233	NPC.CAS9
CPC014_NPC_24H:BRD-K71879491-001-22-6:10	DB00982	Isotretinoin	-0.1944873514766216	-1.0513620281832274	0.2347013750393618	0.3039036795237314	NPC
CPC006_WSUDLCL2_6H:BRD-A75817871-001-04-2:40	DB01944	(S)-blebbistatin	0.16480575896109156	1.024444399820608	0.23511904761904762	0.30436844985308636	WSUDLCL2
NMH002_NEU_24H:BRD-K01567962-001-16-4:10	DB01782	Pyrazolanthrone	-0.1735187570639242	-1.0321027777236285	0.23543201607501674	0.30469747934583835	NEU
CPC013_NEU_24H:BRD-K49865102-001-01-9:10	DB07101	PD-0325901	-0.20961057789078896	-1.0492761971439568	0.23587174348697396	0.30519035574269643	NEU
CPC006_PL21_6H:BRD-K54256913-001-01-2:10	DB11740	MK-1775	0.2013006116460111	1.0509873367459834	0.23594033460995767	0.3052028991384924	PL21
LJP007_NPC_24H:M08	DB05575	Motesanib	0.17227460852994486	1.0321544903105906	0.23631457208943715	0.30561070940041507	NPC
CPC006_U937_6H:BRD-K01292756-001-10-2:10	DB01100	Pimozide	-0.17574039599264016	-1.0393652070647466	0.2366338232918753	0.3059472236273697	U937
CPC006_THP1_6H:BRD-A23770159-001-02-3:11.1	DB00877	Sirolimus	-0.17959819074446454	-1.0413555723366874	0.23864959254947612	0.3084764750789188	THP1
LJP008_NPC_24H:D02	DB09074	Olaparib	-0.17285501375167345	-1.0277940149802949	0.23890967397113844	0.30873564352080785	NPC
CPC006_THP1_6H:BRD-K55966568-001-01-3:6	DB12072	Orantinib	-0.1809304869196111	-1.0410071230076914	0.23960746899277635	0.30956018556982473	THP1
LJP007_NPC.CAS9_24H:E12	DB05913	OSI-930	-0.16883710780840647	-1.025019270746261	0.2413793103448276	0.3117589730797179	NPC.CAS9
LJP009_NPC.TAK_24H:I05	DB11798	Tanzisertib	-0.17878951441458013	-1.0403206132980325	0.2414297103374967	0.3117589730797179	NPC.TAK
LJP008_NPC_24H:G07	DB02546	Vorinostat	0.17675874378622622	1.0292115042935606	0.24505766062602966	0.3163649221136237	NPC
CPC006_SKM1_6H:BRD-K00766422-001-01-9:80	DB03459	Sparfosic acid	0.17429875338695133	1.0350817663073373	0.24610960757780784	0.3176438322461271	SKM1
LJP007_JURKAT_24H:F02	DB12848	PF-04217903	-0.18897229323900708	-1.0465090484492785	0.2462273368798176	0.31771664833446583	JURKAT
CPC015_NPC_24H:BRD-K73589491-001-05-4:10	DB00585	Nizatidine	-0.16857810792805344	-1.029856632326377	0.24728260869565216	0.31899887434923313	NPC
LJP008_NPC_24H:I07	DB11830	Mocetinostat	-0.18424131079662825	-1.037881578755019	0.24746027611357124	0.3191486189199916	NPC
NMH002_NEU_24H:BRD-K43880410-001-09-4:10	DB02789	Pregnenolone	0.16830672937711547	1.036006356874733	0.2481980570354121	0.3200204855828578	NEU
LJP007_NPC_24H:J23	DB03044	Doramapimod	0.16999520915243818	1.0252273701742238	0.248378728923476	0.32017377444812256	NPC
CPC006_WSUDLCL2_6H:BRD-A58280226-001-01-2:4	DB08756	Y-27632	-0.1890374141431856	-1.0467498141084	0.24923466694816848	0.32119722559696817	WSUDLCL2
NMH002_NEU_24H:BRD-K41260949-236-10-1:10	DB00313	Valproic acid	0.20146150422460052	1.047316119471368	0.24944834503510532	0.3213926713008244	NEU
CPC016_NEU_24H:BRD-A97104540-004-08-5:10	DB01288	Fenoterol	-0.15507642887657644	-1.038869844165372	0.25	0.32194333996023855	NEU
NMH002_NEU_24H:BRD-K12184916-001-08-9:10	DB11651	Dactolisib	-0.16541326285807367	-1.0271825961771968	0.25	0.32194333996023855	NEU
LJP009_NEU_24H:I02	DB11798	Tanzisertib	-0.1976220921133953	-1.0485347232933937	0.25058286872782565	0.3226137703720727	NEU
LJP007_JURKAT_24H:D21	DB06616	Bosutinib	-0.18648820437817717	-1.0440389107838581	0.25070295804746373	0.32266152251338603	JURKAT
CPC006_U937_6H:BRD-K57080016-001-04-3:80	DB11689	Selumetinib	0.1725169014028427	1.0307107334224899	0.25074449076831445	0.32266152251338603	U937
LPROT001_NPC.TAK_6H:I22	DB02424	Geldanamycin	-0.17789980443523135	-1.0331421134948628	0.2533384204502098	0.3259184942336115	NPC.TAK
LJP009_NEU_24H:O20	DB07232	Veliparib	0.21463416102482621	1.0436809305164645	0.2542	0.32694574336063537	NEU
LJP009_NEU_24H:A04	DB05134	Tanespimycin	0.1751547823831919	1.0316525978145583	0.2544826096349104	0.32722801070176316	NEU
NMH002_NPC_24H:BRD-K79254416-001-11-9:10	DB01262	Decitabine	-0.19901446000421122	-1.045218258370825	0.25518277416124185	0.3280469202936133	NPC
LJP009_NEU_24H:I16	DB12146	Rigosertib	-0.17122124132201832	-1.0265383432544881	0.2557165861513688	0.32865162436418477	NEU
CPC017_NPC_24H:BRD-K68620903-001-03-1:10	DB00378	Dydrogesterone	0.17774665707599618	1.0313342632480182	0.2560646900269542	0.3290174122786205	NPC
CPC013_NEU_24H:BRD-K63068307-001-01-4:10	DB12904	ZSTK-474	-0.1629285312929321	-1.0269427873095753	0.25635103926096997	0.32930368999760695	NEU
LJP009_NEU_24H:M13	DB06314	SGX-523	-0.1812585782387508	-1.0404183255933315	0.25737609329446065	0.3305203662090689	NEU
NMH001_NEU_24H:BRD-A31159102-001-02-7:10	DB08544	(S)-Fluoxetine	0.1721823049018797	1.0251585096188733	0.25742574257425743	0.3305203662090689	NEU
CPC006_THP1_6H:BRD-K56343971-001-02-3:10	DB08881	Vemurafenib	-0.18281839879974282	-1.038319916122005	0.25753973219872356	0.33058481353821784	THP1
CPC013_NEU_24H:BRD-K05658747-237-01-1:10	DB06817	Raltegravir	-0.1842750538080779	-1.0323621945436532	0.2577937649880096	0.33082894754033326	NEU
LJP009_NPC.CAS9_24H:K24	DB12432	CC-401	-0.18445899457495923	-1.040219416755721	0.2581384685923888	0.3311892904792669	NPC.CAS9
NMH002_NPC_6H:BRD-K77830450-001-03-2:10	DB02587	Colforsin	0.17364973283711715	1.0277813918477763	0.2595398428731762	0.3329048182596038	NPC
CPC006_THP1_6H:BRD-A47829399-001-01-1:10	DB09274	Artesunate	-0.1661771881305171	-1.0234901681452278	0.2601246105919003	0.33357117042216605	THP1
CPC018_NPC_24H:BRD-K77987382-001-08-2:10	DB00643	Mebendazole	0.172806944838012	1.0230551540452657	0.2601880877742947	0.33357117042216605	NPC
PCLB001_JURKAT_6H:BRD-K07572174-001-22-0:0.63	DB11672	Curcumin	-0.18918708946974025	-1.0453365715918472	0.26044071353620146	0.33381246043645707	JURKAT
DOSBIO002_NPC_24H:BRD-K27305650:1.11111	DB02656	LY-294002	-0.15928449361465694	-1.0225954120619511	0.2608695652173913	0.33427944781318536	NPC
CPC006_THP1_6H:BRD-K88560311-011-02-2:10	DB12332	Rucaparib	-0.16886308207172634	-1.0260622783182933	0.2609985170538804	0.3343620062727338	THP1
LJP009_NPC.CAS9_24H:E18	DB13113	JNJ-38877605	0.20046012770292027	1.043903807791219	0.26269315673289184	0.3364498117127646	NPC.CAS9
CPC006_U937_6H:BRD-A97437073-001-03-1:80	DB00412	Rosiglitazone	-0.1912925059723108	-1.0450841522690737	0.2630945213726671	0.33688060532571307	U937
LJP007_NPC.CAS9_24H:G18	DB01254	Dasatinib	0.17187835382895703	1.0269814617900404	0.2634011090573013	0.33718985848195043	NPC.CAS9
CPC006_SKM1_6H:BRD-A19633847-050-20-6:10	DB01074	Perhexiline	-0.1870857206905816	-1.0406624571556942	0.26413417749639007	0.33804477841103814	SKM1
NMH002_NPC_24H:BRD-K04923131-001-11-3:10	DB03444	6-bromoindirubin-3'-oxime	0.19235156416014954	1.039900124677197	0.26453196474394736	0.3384702818032433	NPC
NMH001_NEU_6H:BRD-K32501161-001-02-5:10	DB03701	Vanoxerine	0.17031463457629173	1.0252917403221704	0.2647058823529412	0.33860920324683813	NEU
CPC006_WSUDLCL2_6H:BRD-K56700933-001-01-3:10	DB12695	Phenethyl Isothiocyanate	0.16734499611096967	1.0243348536591037	0.26504481434058896	0.33895908882352715	WSUDLCL2
CPC006_WSUDLCL2_6H:BRD-A12409803-001-01-3:40	DB12066	Orteronel	-0.16896511213861545	-1.025418095137579	0.2662523900573614	0.3404194140827157	WSUDLCL2
CPC016_NPC_24H:BRD-K31627533-001-03-8:10	DB00896	Rimexolone	-0.1869961892215032	-1.0418097213889057	0.26746057289990344	0.3418797949598667	NPC
CPC014_NPC_24H:BRD-A50454580-001-01-1:10	DB07101	PD-0325901	-0.18204659403277743	-1.0328849254915138	0.26855070273537857	0.3431885922502421	NPC
LJP008_NPC.CAS9_24H:P18	DB11662	Rabusertib	0.17345828728955903	1.0278312707412776	0.27096327096327094	0.3461863092040606	NPC.CAS9
CPC006_PL21_6H:BRD-A34255068-001-16-2:10	DB04149	(R)-Rolipram	-0.20948137867152206	-1.0402300777991915	0.2717	0.34704200147892533	PL21
CPC006_WSUDLCL2_6H:BRD-K41895714-001-02-2:10	DB04769	5-QUINOXALIN-6-YLMETHYLENE-THIAZOLIDINE-2,4-DIONE	0.194102058152089	1.0428451989355272	0.2718083493379157	0.3470948413674419	WSUDLCL2
LJP008_NPC.TAK_24H:M01	DB02709	Resveratrol	-0.23397975615574645	-1.035275901007988	0.2722	0.3475093372751909	NPC.TAK
LJP009_NPC.CAS9_24H:D19	DB13061	MLN8054	-0.1671411376739029	-1.025502962809692	0.2727272727272727	0.3480110138568646	NPC.CAS9
CPC006_PL21_6H:BRD-K06980535-003-15-0:10	DB00420	Promazine	0.16766780308878523	1.020509164770577	0.2727272727272727	0.3480110138568646	PL21
CPC006_U937_6H:BRD-K00766422-001-01-9:80	DB03459	Sparfosic acid	-0.19332474873952868	-1.0427505730851325	0.2732906634156253	0.3486440713490326	U937
LJP007_JURKAT_24H:K22	DB01590	Everolimus	0.19625422168722312	1.0392179069726177	0.273703231292517	0.34908445595811544	JURKAT
CPC006_THP1_6H:BRD-K56851771-001-02-7:0.25	DB08899	Enzalutamide	-0.17126087578941415	-1.0265245801163843	0.27418803418803417	0.3496167306009826	THP1
LJP007_JURKAT_24H:P14	DB05294	Vandetanib	-0.17134099477111925	-1.0250165812400374	0.2762280169799879	0.35213126297424285	JURKAT
LPROT003_NPC_6H:D03	DB11689	Selumetinib	-0.20268292732689364	-1.0407547150725924	0.2768134844988462	0.35275014626720796	NPC
LJP007_JURKAT_24H:F06	DB12848	PF-04217903	-0.16722391010329624	-1.0219555971146086	0.27684964200477324	0.35275014626720796	JURKAT
DOSBIO002_NEU_24H:BRD-A19500257:1.11111	DB02424	Geldanamycin	0.19557324789033273	1.0413595063264127	0.27878363509052717	0.3551270395868023	NEU
CPC018_NPC_24H:BRD-K73109821-001-10-2:10	DB01119	Diazoxide	0.20193223837952262	1.04072253242693	0.27978755386311255	0.3563182856030104	NPC
NMH002_NEU_24H:BRD-A30142024-001-01-1:10	DB04447	1,4-Dithiothreitol	-0.18667409119751913	-1.034714906115424	0.28041769330048105	0.3570330434110793	NEU
CPC006_SKM1_6H:BRD-K12994359-001-07-7:177.6	DB00580	Valdecoxib	0.1753023754625088	1.029121315659116	0.2812856909773209	0.35805022123421204	SKM1
LJP008_NPC.CAS9_24H:K09	DB11962	GSK-1059615	0.21257631631720977	1.0382702768238843	0.2816	0.358362278978389	NPC.CAS9
CPC006_NOMO1_6H:BRD-A56359832-001-03-8:160	DB00744	Zileuton	0.17536221772817837	1.0289824314000413	0.2823586586748745	0.3592395210540632	NOMO1
LJP009_NPC.CAS9_24H:E15	DB13113	JNJ-38877605	-0.18144990357781798	-1.0295315164855305	0.282630888143503	0.3594976098084518	NPC.CAS9
DOSBIO001_NPC_24H:BRD-A19037878:0.37037	DB04297	Trichostatin A	0.17662674812996632	1.0209042769542493	0.28351836037574724	0.3605379493170852	NPC
LJP007_NPC.CAS9_24H:O05	DB07101	PD-0325901	-0.19266719002896923	-1.0394283775292976	0.2846589759158065	0.36189961069570886	NPC.CAS9
CPC006_U937_6H:BRD-K49456190-001-01-0:10	DB11684	APR-246	0.18199719667082692	1.036143009922415	0.2869506575250084	0.3647236466260961	U937
NMH002_NEU_24H:BRD-K32107296-001-11-0:10	DB00853	Temozolomide	-0.1710492814084212	-1.0207118069614947	0.2871287128712871	0.36486046839112546	NEU
LJP007_NPC.CAS9_24H:O03	DB07101	PD-0325901	-0.1921381114467478	-1.038914217761701	0.28736462093862813	0.3650707197116869	NPC.CAS9
LJP008_NPC_24H:O02	DB07101	PD-0325901	-0.18936094257423453	-1.0401061229555746	0.2879623952585326	0.3657404735857147	NPC
CPC018_NPC_24H:BRD-A71459254-001-02-8:10	DB13240	Cymarin	0.19462694645881914	1.0389354444972427	0.28845961365228706	0.3662822146400763	NPC
PCLB001_JURKAT_6H:BRD-K36452089-001-01-8:2.5	DB07726	t-Butylhydroquinone	0.16934962306702098	1.022230991617831	0.29063097514340347	0.36885980545914715	JURKAT
NMH001_NPC_6H:BRD-K95739795-001-02-9:10	DB12161	Deutetrabenazine	0.16641579361884143	1.0248458456297047	0.29063191541676914	0.36885980545914715	NPC
LJP009_NPC.TAK_24H:E09	DB01782	Pyrazolanthrone	0.16729196053764256	1.0171561452415787	0.2916666666666667	0.37008243552073133	NPC.TAK
CPC006_PL21_6H:BRD-K68185022-001-06-4:70.07	DB15588	Ursolic acid	-0.16303981169712922	-1.0206751256127307	0.2925347222222222	0.37109300625594993	PL21
CPC014_NPC_24H:BRD-K05104363-001-04-3:10	DB12429	CI-1040	0.16618338074221078	1.0191793774200657	0.2934272300469484	0.3721340935152439	NPC
LJP007_NPC.CAS9_24H:F05	DB12848	PF-04217903	0.183912900211766	1.035727063842184	0.2947957839262187	0.3737782609018021	NPC.CAS9
CPC016_NEU_24H:BRD-A91008255-003-16-4:10	DB01244	Bepridil	-0.17740370624626484	-1.0250355710922816	0.2968244913481651	0.37625844279994897	NEU
NMH002_NPC_24H:BRD-K71879491-001-29-1:10	DB00982	Isotretinoin	0.16838762485162828	1.0208662204218857	0.29784589892294944	0.3774608579649606	NPC
CPC012_NEU_24H:BRD-K18855837-046-01-4:10	DB01273	Varenicline	-0.16361468313318744	-1.0159969260145172	0.2986111111111111	0.37833808747622927	NEU
CPC017_NPC_24H:BRD-K56699285-001-04-5:10	DB13520	Metergoline	0.17130810020906329	1.0220544100346443	0.29923588858762634	0.37903700187266676	NPC
LJP007_NPC_24H:M12	DB05575	Motesanib	-0.20704732136538984	-1.0361042969845935	0.2994497248624312	0.37921516965716484	NPC
AML001_HL60_6H:BRD-K26684619:1.11111	DB08784	2-(4-CHLORO-PHENYLAMINO)-NICOTINIC ACID	0.15916376900657161	1.0253923019653652	0.3	0.3798192035182018	HL60
CPC006_WSUDLCL2_6H:BRD-K53414658-001-01-7:10	DB11800	Tivozanib	-0.1758634148815523	-1.0252387304653108	0.30038431975403534	0.3802128834795826	WSUDLCL2
CPC006_THP1_6H:BRD-K98548675-001-02-6:10	DB13063	Parthenolide	0.18515113984275214	1.0344227280868623	0.3007904293954283	0.38063394508598525	THP1
LJP007_JURKAT_24H:K24	DB01590	Everolimus	0.18966921942560913	1.0343130344068459	0.3010625737898465	0.38088531674291615	JURKAT
CPC016_NEU_24H:BRD-K80396088-001-03-9:10	DB01251	Gliquidone	-0.176283769841231	-1.0279635902747049	0.3011609071274298	0.3809167246117504	NEU
LJP007_NPC_24H:M19	DB12874	Quizartinib	0.17046413821200296	1.0211530246551277	0.30157068062827225	0.38134193924248583	NPC
LJP008_NPC_24H:O04	DB07101	PD-0325901	0.16462450164695783	1.0149454196216063	0.3018867924528302	0.38164853829972334	NPC
CPC006_U937_6H:BRD-A17883755-001-02-0:177.6	DB00480	Lenalidomide	-0.17145278630512753	-1.0258082200182908	0.30199261992619925	0.3816892088920889	U937
LJP007_JURKAT_24H:P16	DB05294	Vandetanib	-0.1658576964448558	-1.0184607398906673	0.3028169014084507	0.38263769400111963	JURKAT
LPROT003_NPC_6H:D23	DB04868	Nilotinib	-0.16458750197542832	-1.0183784479134015	0.3046875	0.3849075146270112	NPC
DOSBIO001_NEU_24H:BRD-A90490067:3.33333	DB00947	Fulvestrant	-0.17691769256160753	-1.0246297849469252	0.30574162679425837	0.3861450426633797	NEU
CPC014_NEU_24H:BRD-K49685476-001-09-2:10	DB02877	Arotinoid acid	-0.21043084213197089	-1.0345172145644934	0.30763076307630766	0.38843630951789143	NEU
NMH002_NPC_24H:BRD-K08316444-001-06-8:10	DB11457	Rotenone	-0.16485244870726268	-1.0161141465291483	0.30798004987531175	0.38878261107280526	NPC
NMH002_NEU_6H:BRD-A58048407-001-12-1:10	DB00393	Nimodipine	-0.1708091498649507	-1.0177391212794002	0.30832130832130833	0.3890534228538443	NEU
CPC014_NEU_24H:BRD-K89085489-001-10-9:10	DB05076	Fenretinide	-0.18004602046929352	-1.0267818672899278	0.3083447332421341	0.3890534228538443	NEU
CPC006_THP1_6H:BRD-A93255169-001-13-5:10	DB01041	Thalidomide	0.17684014473354379	1.0270946651488821	0.30964781746031744	0.390602480545123	THP1
CPC016_NEU_24H:BRD-K93258693-001-05-8:10	DB07863	2-chloro-5-nitro-N-phenylbenzamide	-0.177351028610862	-1.0254761984741263	0.3097444538051109	0.39062929170554506	NEU
NMH002_NEU_6H:BRD-K46018455-001-23-5:10	DB01393	Bezafibrate	-0.17295270563101878	-1.018997712528141	0.3106038717133776	0.3916178256006625	NEU
LPROT003_NPC_6H:L07	DB00460	Verteporfin	-0.19531004109757136	-1.0337325208150827	0.3108977632519661	0.39184040968823336	NPC
CPC016_NEU_24H:BRD-K91699951-001-03-7:10	DB00868	Benzonatate	-0.17536478913905176	-1.0259237323432235	0.31093164118834726	0.39184040968823336	NEU
LJP007_NPC_24H:J21	DB03044	Doramapimod	-0.1682126558800119	-1.0176530797408785	0.31198686371100165	0.3930746238148336	NPC
CPC006_NOMO1_6H:BRD-K11853856-003-01-3:10	DB08348	N~2~,N~2~-DIMETHYL-N~1~-(6-OXO-5,6-DIHYDROPHENANTHRIDIN-2-YL)GLYCINAMIDE	0.16943423508630653	1.0193550824663933	0.31223429381199813	0.39329074150067433	NOMO1
PCLB001_JURKAT_24H:BRD-K07572174-001-22-0:10	DB11672	Curcumin	-0.16687531280319623	-1.0167774271744043	0.3131163708086785	0.3943059619758376	JURKAT
LJP008_NPC.CAS9_24H:I12	DB11830	Mocetinostat	-0.18810418240961638	-1.0304275420465197	0.3160988353107652	0.39796505456277587	NPC.CAS9
CPC016_NPC_24H:BRD-K31611373-001-02-7:10	DB11519	Fluprostenol	0.17129736217097816	1.0207898041502264	0.3166303558460421	0.39853740684823663	NPC
NMH002_NEU_24H:BRD-K76773351-001-03-5:10	DB04769	5-QUINOXALIN-6-YLMETHYLENE-THIAZOLIDINE-2,4-DIONE	0.16879520231116996	1.0195316398215664	0.317116060961313	0.39905182804796596	NEU
PCLB001_JURKAT_24H:BRD-K07572174-001-22-0:2.5	DB11672	Curcumin	-0.1692585698107809	-1.0182878497063428	0.3174168297455969	0.3993333361839483	JURKAT
CPC006_U937_6H:BRD-A34255068-001-16-2:10	DB04149	(R)-Rolipram	0.17313598406258976	1.022229634258467	0.31809666541775944	0.4000914854841819	U937
LJP007_NPC.CAS9_24H:K21	DB01590	Everolimus	0.18574330638830877	1.030104757231111	0.31925229696905694	0.40144756197370857	NPC.CAS9
LJP009_NEU_24H:D02	DB11775	PF-03758309	-0.18728726648185706	-1.030948160336544	0.3195180222291472	0.4016842288188842	NEU
LJP009_NPC.TAK_24H:B22	DB16107	BI 2536	0.18241104124191804	1.026433361260102	0.32001402032947773	0.4022101996961809	NPC.TAK
LJP009_NEU_24H:O03	DB07101	PD-0325901	0.16373549436669044	1.0139884298892388	0.3203463203463203	0.40246449547489843	NEU
CPC006_THP1_6H:BRD-K18849474-001-01-0:79.44	DB12181	Dalcetrapib	-0.19451301373696805	-1.0317098321146119	0.32037167962832036	0.40246449547489843	THP1
LJP009_NEU_24H:N12	DB08896	Regorafenib	-0.16859167394486058	-1.0196735226933942	0.32047986289631536	0.4025028234437	NEU
LJP009_NPC.CAS9_24H:D05	DB11775	PF-03758309	-0.1982455912149304	-1.0318862252619687	0.3219433524846286	0.40424290103594507	NPC.CAS9
CPC017_NPC_24H:BRD-A14566392-004-03-5:10	DB00747	Scopolamine	0.1975461294466316	1.0315417576889245	0.3251057827926657	0.4081148658991264	NPC
CPC016_NEU_24H:BRD-K69600043-328-03-0:10	DB00372	Thiethylperazine	-0.18323405453413935	-1.0262469357667467	0.3267090620031797	0.4100281809882482	NEU
CPC015_NPC_24H:BRD-A09094913-001-03-1:10	DB15954	Strychnine	-0.172826576572262	-1.0194553625031946	0.32831489207328135	0.4119437701510276	NPC
LJP007_NPC.TAK_24H:D23	DB06616	Bosutinib	-0.20025169010675425	-1.0305054863848273	0.32939290723301945	0.4131963314649012	NPC.TAK
LJP009_NEU_24H:G14	DB01254	Dasatinib	0.22377375026168825	1.0262630144851235	0.3301	0.41398310745401745	NEU
LJP008_NPC_24H:L15	DB08756	Y-27632	0.17742659750716316	1.0195190510495156	0.3308101143501369	0.4147732912079384	NPC
CPC006_PL21_6H:BRD-K98548675-001-02-6:10	DB13063	Parthenolide	-0.16896926158867165	-1.0154016147827367	0.33191489361702126	0.4160578081091931	PL21
LJP008_NPC_24H:J03	DB12116	Epigallocatechin gallate	0.18038657000279149	1.0229736222629884	0.33267037920975867	0.41690396736758634	NPC
LPROT001_NPC.TAK_6H:C14	DB12291	Tacedinaline	-0.17268164450234558	-1.016598916123666	0.3330843913368185	0.417321884890569	NPC.TAK
NMH001_NEU_6H:BRD-K09557221-001-01-6:10	DB13070	Surinabant	0.17953858988281426	1.021050114077035	0.3333333333333333	0.4174319316900274	NEU
LJP007_NPC.CAS9_24H:I11	DB06589	Pazopanib	-0.1634134203827818	-1.0200997660472935	0.3333333333333333	0.4174319316900274	NPC.CAS9
CPC017_NPC_24H:BRD-K18618618-001-01-6:10	DB00501	Cimetidine	-0.1603975952458552	-1.0148072295976147	0.33691164327002476	0.42181109819407303	NPC
NMH002_NPC_6H:BRD-K24656285-001-04-4:10	DB02509	Farnesol	-0.1874190705510419	-1.027971386779381	0.33738443959696685	0.42230100627813577	NPC
CPC006_WSUDLCL2_6H:BRD-A04706586-236-01-7:10	DB13242	Bucladesine	0.164001240661788	1.0190267780309137	0.3380281690140845	0.42300458146123787	WSUDLCL2
CPC015_NPC_24H:BRD-A36010170-001-03-2:10	DB00288	Amcinonide	0.1693563996284857	1.014376655688222	0.3382352941176471	0.4231615871843668	NPC
CPC018_NPC_24H:BRD-K03384561-001-01-9:10	DB11366	Roquinimex	-0.1869433054921681	-1.0297565559599524	0.33866747181964574	0.42360000940608356	NPC
CPC018_NPC_24H:BRD-K04046242-001-03-6:10	DB02187	Equilin	0.19722032483059312	1.0277550350797766	0.3398718975180144	0.42500390273608846	NPC
LJP007_NPC.CAS9_24H:B17	DB12200	Tivantinib	0.19595744944832183	1.0284925976023531	0.340109778410246	0.42519876277970925	NPC.CAS9
LJP009_NPC_24H:D16	DB16108	TAK-715	-0.19792577139612721	-1.0285658423900987	0.34025270758122744	0.42527485062371456	NPC
CPC014_NPC_24H:BRD-K84085265-001-01-3:10	DB11798	Tanzisertib	-0.17005953387409856	-1.0133646116803934	0.34122376060741405	0.4263857071298817	NPC
CPC006_U937_6H:BRD-K92991072-001-02-3:10	DB13048	PAC-1	-0.19316627683853116	-1.028801481021672	0.34166076666329526	0.426828855556701	U937
LJP008_NPC_24H:A12	DB07232	Veliparib	-0.17753543688671672	-1.0203949513149486	0.34185716130698696	0.4269645759756699	NPC
NMH002_NPC_24H:BRD-K11129031-001-22-6:10	DB01241	Gemfibrozil	-0.20589849062324603	-1.027611536352998	0.34193419341934195	0.4269645759756699	NPC
LJP007_NPC.CAS9_24H:K06	DB12064	BMS-777607	0.20355613285160662	1.0279947008597035	0.34415389239555155	0.4296327319666943	NPC.CAS9
CPC006_WSUDLCL2_6H:BRD-K01976263-003-04-5:0.63	DB01735	3-Chloroalaninate	0.18347037291494825	1.0238414066850523	0.34425508521165477	0.42965555191878496	WSUDLCL2
LJP008_NPC_24H:G10	DB02546	Vorinostat	-0.17989206757028886	-1.0213598570553117	0.34660336011687365	0.43248220855421127	NPC
CPC006_U937_6H:BRD-K50128260-001-01-6:160	DB00203	Sildenafil	0.1664949602862239	1.016619146707986	0.3472584856396867	0.43319534727608483	U937
CPC016_NEU_24H:BRD-K31611373-001-02-7:10	DB11519	Fluprostenol	-0.17937948023631672	-1.021467734427117	0.347343841214244	0.43319754155769247	NEU
LJP007_NPC_24H:J22	DB03044	Doramapimod	0.1603830368068075	1.0064920045181904	0.34782608695652173	0.43369460601749177	NPC
CPC014_NPC_24H:BRD-K35483542-001-04-9:10	DB00982	Isotretinoin	-0.199957974229438	-1.026998231146585	0.3485456369107322	0.43448724812879824	NPC
CPC006_SKM1_6H:BRD-U88459701-000-01-8:10	DB01076	Atorvastatin	-0.17489984936092534	-1.0185266634254684	0.35006103350061035	0.4362713505531897	SKM1
DOSBIO002_NPC_24H:BRD-A75409952:1.11111	DB08059	Wortmannin	0.16884699022428934	1.014794071600823	0.3507853403141361	0.4370689188525735	NPC
LJP008_NPC.CAS9_24H:H18	DB11841	Entinostat	0.1807238934032089	1.0209962200285916	0.35168552432054123	0.4380851891896742	NPC.CAS9
LJP007_NPC.TAK_24H:I03	DB01268	Sunitinib	-0.20026780077306858	-1.0261226281040208	0.3520280420630946	0.4384064681497131	NPC.TAK
CPC006_THP1_6H:BRD-A04352665-001-01-2:10	DB04835	Maraviroc	0.16856475608970325	1.016000019173296	0.35318704284221525	0.4397441749179143	THP1
LJP008_NPC.TAK_24H:K09	DB11962	GSK-1059615	0.19682424330337858	1.0240285281675627	0.354263722908649	0.4409787682230649	NPC.TAK
LJP007_NPC_24H:D09	DB08875	Cabozantinib	0.16996852713956515	1.014553234202459	0.35531203566121844	0.4421774660894414	NPC
NMH001_NEU_24H:BRD-K89997465-001-08-7:10	DB00477	Chlorpromazine	-0.1812050853952343	-1.0243502000344842	0.3556020942408377	0.4424321854396209	NEU
NMH002_NEU_24H:BRD-A16694057-001-05-0:10	DB14083	Bisphenol A diglycidyl ether	-0.17587063394124483	-1.013836320535866	0.35573604060913705	0.4424925978004196	NEU
LJP007_NPC.CAS9_24H:D22	DB06616	Bosutinib	-0.17177967257720914	-1.0113650266204137	0.3566333808844508	0.44350232295253755	NPC.CAS9
LJP007_NPC.TAK_24H:O04	DB07101	PD-0325901	0.15979391152125236	1.0080511569274921	0.35714285714285715	0.4440085869805671	NPC.TAK
LJP007_NEU_24H:F13	DB12247	AZD-4547	-0.18004011203561648	-1.0194595887623372	0.35724761671962846	0.4440085869805671	NEU
CPC014_NPC_24H:BRD-K81528515-001-03-9:10	DB04868	Nilotinib	0.17290930837974017	1.0141826786465962	0.357297531398874	0.4440085869805671	NPC
CPC015_NPC_24H:BRD-A60414806-065-01-6:10	DB00541	Vincristine	0.1660455976223064	1.0166064206649519	0.35746679624230643	0.4441124282252774	NPC
PCLB001_JURKAT_24H:BRD-K07572174-001-22-0:1.11	DB11672	Curcumin	-0.1896951258839908	-1.0250580926183372	0.358195211786372	0.44491073525335084	JURKAT
LJP007_NPC_24H:P08	DB07859	4-(4-CHLOROPHENYL)-4-[4-(1H-PYRAZOL-4-YL)PHENYL]PIPERIDINE	-0.1797917908316733	-1.0183648487145176	0.35872647589584944	0.44539508769650166	NPC
CPC006_NOMO1_6H:BRD-A34255068-001-16-2:10	DB04149	(R)-Rolipram	-0.16063224227595246	-1.0118904507402426	0.3587570621468927	0.44539508769650166	NOMO1
LJP008_NPC_24H:M16	DB01262	Decitabine	-0.17854141590155537	-1.0167881595243842	0.36069651741293535	0.4476956534691811	NPC
LJP009_NPC_24H:I01	DB11798	Tanzisertib	-0.1961073646205922	-1.0249839117588417	0.3608660785886127	0.44779885518347484	NPC
LJP007_NPC_24H:I18	DB11526	Masitinib	-0.17720306054129528	-1.0167915649620671	0.36116910229645094	0.44806758154182635	NPC
LJP008_NPC.CAS9_24H:K12	DB11962	GSK-1059615	0.18226588056426435	1.020266652163608	0.3618570778334092	0.448813637465947	NPC.CAS9
LJP007_NPC_24H:D02	DB12494	SGI-1776	0.16585574656061378	1.0103008003412453	0.3651226158038147	0.45275553842913807	NPC
LJP009_NEU_24H:I19	DB11363	Alectinib	-0.1670990069289839	-1.0111919069957573	0.3652694610778443	0.4528292696902845	NEU
NMH002_NEU_6H:BRD-K26521938-001-06-4:10	DB00917	Dinoprostone	-0.20065922642471837	-1.0238422289508067	0.3658854166666667	0.4534843887028622	NEU
CPC015_NPC_24H:BRD-K52075715-001-03-4:10	DB04910	Oxibendazole	-0.18849107592320713	-1.0211484431601583	0.3670965058236273	0.45487663634099396	NPC
LJP007_NPC.TAK_24H:O03	DB07101	PD-0325901	-0.20409532479537057	-1.0240899578653653	0.367983991995998	0.4558673312271723	NPC.TAK
CPC016_NPC_24H:BRD-A44780397-001-01-1:10	DB00834	Mifepristone	0.21456599595751705	1.0209799272140097	0.3686	0.45652131931166345	NPC
DOSBIO002_NPC_24H:BRD-K81418486:1.11111	DB02546	Vorinostat	0.17609605132018363	1.0144892121755	0.3705218617771509	0.45879194449921046	NPC
CPC016_NEU_24H:BRD-K41160163-001-01-9:10	DB12931	Fenobam	-0.18179854970395884	-1.0193541794872252	0.371004942339374	0.4592803657913607	NEU
CPC006_U937_6H:BRD-K11853856-003-01-3:10	DB08348	N~2~,N~2~-DIMETHYL-N~1~-(6-OXO-5,6-DIHYDROPHENANTHRIDIN-2-YL)GLYCINAMIDE	-0.18466216178849218	-1.0210078713159376	0.371366051891216	0.459617597540072	U937
CPC016_NEU_24H:BRD-K94441233-001-03-1:10	DB06693	Mevastatin	-0.1673653408299721	-1.0114071746230828	0.3716026241799438	0.4598005727078483	NEU
LJP008_NEU_24H:J10	DB05223	Pracinostat	0.16860371751506711	1.0108148505638344	0.3723516949152542	0.46061744641939545	NEU
LJP007_NPC_24H:G11	DB11963	Dacomitinib	-0.18906025989901365	-1.022494890416124	0.3727023458921499	0.460941182914826	NPC
CPC016_NEU_24H:BRD-K37561857-001-06-4:10	DB02918	Zardaverine	-0.18419796854869758	-1.0194952638983583	0.37404499151103565	0.4624913257003547	NEU
LJP009_NPC.TAK_24H:K24	DB12432	CC-401	-0.16421758011115095	-1.0117490922792618	0.37485380116959066	0.46331166185932987	NPC.TAK
LJP009_NPC.CAS9_24H:I03	DB11798	Tanzisertib	0.19917634636723444	1.0232086249050634	0.37488726325283095	0.46331166185932987	NPC.CAS9
LJP007_NPC.TAK_24H:F05	DB12848	PF-04217903	0.16643195337218894	1.0121879183019693	0.37656380316930776	0.4652726819321299	NPC.TAK
NMH002_NEU_6H:BRD-K37846922-001-08-6:10	DB11875	3,3'-diindolylmethane	-0.17405338468229964	-1.0101888040984417	0.3769086525582641	0.46558775627101895	NEU
PCLB001_JURKAT_24H:BRD-K36452089-001-01-8:1.11	DB07726	t-Butylhydroquinone	0.17477476128209699	1.014658703680175	0.37711232604373757	0.4657283302094013	JURKAT
LJP009_NPC_24H:K19	DB12432	CC-401	0.2009729496088375	1.0210444735237136	0.3777644351045732	0.466422516729068	NPC
CPC014_NPC_24H:BRD-K59946561-001-05-9:10	DB03374	3,5-Diiodotyrosine	-0.1673296347098559	-1.0101189840139224	0.3786279683377309	0.4673773539604863	NPC
LPROT001_NPC.TAK_6H:E22	DB13978	Selisistat	0.1953976818585478	1.0211334920677309	0.3789070377092156	0.4676104475849381	NPC.TAK
LJP008_NEU_24H:H17	DB11841	Entinostat	0.16899199374074575	1.0063418994330877	0.38005390835579517	0.4689141316904121	NEU
LJP007_NPC_24H:G15	DB01254	Dasatinib	0.18203579153187516	1.0183640400950018	0.3806665952202336	0.4695582709905381	NPC
LPROT002_NPC.TAK_6H:I02	DB08877	Ruxolitinib	0.18762542295386422	1.019286944982247	0.381835225497344	0.470887705503864	NPC.TAK
NMH002_NEU_24H:BRD-K81473043-001-07-0:10	DB05134	Tanespimycin	0.1928265342480919	1.020885333919626	0.38230249218040563	0.4713517759883088	NEU
PCLB001_JURKAT_24H:BRD-K36452089-001-01-8:0.16	DB07726	t-Butylhydroquinone	0.16504303534686607	1.010875992864266	0.384297520661157	0.47369879925454705	JURKAT
LJP007_NPC_24H:K05	DB12064	BMS-777607	0.17301811403852482	1.0120239226555814	0.38641221374045803	0.4761921739840793	NPC
LJP008_NPC_24H:A10	DB07232	Veliparib	-0.17817654122914783	-1.0173898465647215	0.38742371403661724	0.4773251750208632	NPC
LJP008_NEU_24H:O01	DB07101	PD-0325901	-0.1719110730427178	-1.0081947541889174	0.3879542395693136	0.47786519359357804	NEU
LJP007_NPC.CAS9_24H:F06	DB12848	PF-04217903	-0.1779153103069064	-1.0156520385849366	0.38921688760164863	0.4793065379162888	NPC.CAS9
CPC006_U937_6H:BRD-A58048407-001-10-5:10	DB00393	Nimodipine	-0.1632990833801408	-1.0058040566975917	0.39	0.4800706664296756	U937
LJP009_NEU_24H:D03	DB11775	PF-03758309	-0.15940593178854284	-1.0086027446752235	0.3900226757369615	0.4800706664296756	NEU
LJP007_NPC.TAK_24H:P14	DB05294	Vandetanib	0.1714458799532584	1.009293274709691	0.39038496294957525	0.48040248824618836	NPC.TAK
LJP007_NPC.TAK_24H:M15	DB07460	2-({5-CHLORO-2-[(2-METHOXY-4-MORPHOLIN-4-YLPHENYL)AMINO]PYRIMIDIN-4-YL}AMINO)-N-METHYLBENZAMIDE	0.1798253425854608	1.012043469258097	0.3909408535063639	0.4809723416120555	NPC.TAK
LJP009_NPC_24H:I14	DB12146	Rigosertib	0.16224536115505594	1.0114001915525561	0.391304347826087	0.4813052766282418	NPC
CPC015_NPC_24H:BRD-K46937689-001-08-5:10	DB01435	Antipyrine	-0.16549084812175544	-1.0103901903197912	0.39285714285714285	0.4829904775581015	NPC
LPROT002_NPC.TAK_6H:G10	DB01234	Dexamethasone	-0.18906518277006157	-1.0165732080445542	0.39286083807553024	0.4829904775581015	NPC.TAK
CPC016_NEU_24H:BRD-K11399644-003-03-0:10	DB00914	Phenformin	-0.1707658530026172	-1.0090310611444622	0.39316410153907655	0.4832486656013982	NEU
CPC016_NEU_24H:BRD-K94270326-004-01-0:10	DB12273	Ecopipam	-0.17443729894947307	-1.010984388432783	0.3933958418263351	0.4834188409637345	NEU
CPC017_NPC_24H:BRD-K09638361-001-01-4:10	DB03083	IC261	-0.18760709360853894	-1.0153978801829577	0.3937082936129647	0.48368809329122403	NPC
LJP008_NPC_24H:N08	DB02665	(1R,2S)-2-Phenylcyclopropanaminium	0.17074334294025947	1.008606782335042	0.3962670495333812	0.48671624808769415	NPC
CPC014_NPC_24H:BRD-K66956375-001-05-5:10	DB16495	Oleic monoethanolamide	0.18303855945664263	1.0158973706074332	0.39729239953096684	0.48775375503435203	NPC
NMH002_NPC_24H:BRD-K26521938-001-06-4:10	DB00917	Dinoprostone	-0.21202634094632836	-1.017621259362931	0.3973	0.48775375503435203	NPC
NMH002_NEU_24H:BRD-K62012036-001-10-2:10	DB00459	Acitretin	0.1655882232119414	1.0092251119639057	0.3973941368078176	0.48775376999955256	NEU
CPC017_NPC_24H:BRD-K28761384-003-03-6:10	DB13841	Clopenthixol	-0.1798543605596819	-1.017023683379689	0.39812235633962656	0.4885318613667878	NPC
LJP009_NPC_24H:N11	DB08896	Regorafenib	0.16386216241687052	1.0093562610015379	0.3985209531635168	0.48890520343118943	NPC
NMH002_NEU_24H:BRD-K22429181-001-12-6:10	DB00162	Vitamin A	0.17291725637351096	1.010740069596395	0.3989547038327526	0.4893214852689524	NEU
LJP007_NPC.TAK_24H:H08	DB09053	Ibrutinib	-0.16676154356605633	-1.008754747335615	0.3990646921278254	0.48934056663662834	NPC.TAK
NMH002_NEU_24H:BRD-K54028654-001-01-8:10	DB12310	Trehalose	0.15735102137758478	1.009061436658889	0.4	0.49037142181216	NEU
LJP007_NPC_24H:M05	DB07794	5-(2-PHENYLPYRAZOLO[1,5-A]PYRIDIN-3-YL)-1H-PYRAZOLO[3,4-C]PYRIDAZIN-3-AMINE	-0.1697085489066454	-1.0087619098390237	0.40167441860465114	0.49230767199841585	NPC
CPC015_NPC_24H:BRD-K92731339-227-03-1:10	DB00790	Perindopril	-0.18215074054230634	-1.013385218669263	0.40215716486902925	0.4927201189247106	NPC
LJP008_NPC.TAK_24H:L13	DB08756	Y-27632	-0.20367237190446694	-1.017039005155057	0.40220110055027514	0.4927201189247106	NPC.TAK
CPC006_NOMO1_6H:BRD-K56700933-001-01-3:10	DB12695	Phenethyl Isothiocyanate	0.18538663510557873	1.014400817442369	0.4035476718403548	0.494252903681569	NOMO1
LJP007_NPC_24H:A18	DB12742	Amuvatinib	-0.1730862699474991	-1.0083307460592432	0.40502749410840533	0.4959481272376551	NPC
LJP007_NPC.TAK_24H:I06	DB01268	Sunitinib	0.1805983879051531	1.01196365222715	0.4071124074489567	0.49838329681088916	NPC.TAK
LJP008_NPC.CAS9_24H:G20	DB00928	Azacitidine	-0.169948225674257	-1.0203052383490439	0.4090909090909091	0.5005688526349684	NPC.CAS9
PCLB001_JURKAT_24H:BRD-A58955223-001-02-0:3.33	DB12422	Sulforaphane	0.15388813747508656	0.9976011667967487	0.4090909090909091	0.5005688526349684	JURKAT
LJP009_NEU_24H:M14	DB06314	SGX-523	-0.18872829064384666	-1.0159121388673027	0.40965433840572407	0.5011399390034141	NEU
CPC013_NEU_24H:BRD-K99616396-316-01-2:10	DB05575	Motesanib	0.18199223735115827	1.012032995715187	0.4110477468411048	0.5024084448091334	NEU
LJP007_NPC_24H:M07	DB05575	Motesanib	-0.17295289282063012	-1.0075985901351816	0.41106655974338413	0.5024084448091334	NPC
NMH002_NPC_6H:BRD-K32164935-001-25-8:10	DB00839	Tolazamide	0.17847654608133484	1.008487408956771	0.4110735989196489	0.5024084448091334	NPC
LJP008_NPC_24H:J12	DB05223	Pracinostat	-0.1799270321840858	-1.0087431060752798	0.4110790825918035	0.5024084448091334	NPC
NMH002_NPC_6H:BRD-A70814879-003-01-8:10	DB12764	Opaganib	-0.17639876998301257	-1.0054417445221209	0.41403674046161093	0.5059038880151068	NPC
CPC015_NPC_24H:BRD-K32247306-001-17-9:10	DB00794	Primidone	0.18989336390729453	1.0135093317854666	0.4161597729115977	0.5083781101433049	NPC
LJP009_NPC_24H:L23	DB12588	AZD-1480	-0.1751818259981665	-1.007819642844099	0.416823434560602	0.5090688281623944	NPC
CPC006_NOMO1_6H:BRD-K01292756-001-10-2:10	DB01100	Pimozide	0.17103081566210246	1.0060943980526806	0.41735105271016876	0.5095931091291457	NOMO1
CPC018_NPC_24H:BRD-K43887077-001-02-8:10	DB00988	Dopamine	-0.16893996996834384	-1.004999686580552	0.41788321167883213	0.5101226862001669	NPC
CPC018_NPC_24H:BRD-M62162320-103-01-1:10	DB11738	Rilmenidine	-0.17348112917222658	-1.007608161330109	0.4181398923904689	0.5103158083766862	NPC
LJP009_NPC_24H:H18	DB07138	Neflamapimod	-0.1753976948145878	-1.0088825436545457	0.41855838989000704	0.5107062812361706	NPC
CPC006_PL21_6H:BRD-K52836380-001-01-7:22.2	DB07403	4-[(3-CHLORO-4-{[(2R)-3,3,3-TRIFLUORO-2-HYDROXY-2-METHYLPROPANOYL]AMINO}PHENYL)SULFONYL]-N,N-DIMETHYLBENZAMIDE	-0.17690010851510368	-1.0094461665117904	0.41873915558126085	0.5108065687905118	PL21
LJP009_NPC.TAK_24H:O01	DB07101	PD-0325901	-0.19411719589902066	-1.0132643565761215	0.4208870394803613	0.5133058692838862	NPC.TAK
CPC006_SKM1_6H:BRD-A35108200-001-04-7:10	DB01234	Dexamethasone	-0.18852147117322257	-1.0146057829988453	0.42180285083316604	0.5143017348276392	SKM1
NMH001_NPC_6H:BRD-K53857191-001-17-7:10	DB00734	Risperidone	-0.1675934839495924	-1.0037995798811576	0.4221518987341772	0.514606243058223	NPC
CPC012_NPC_24H:BRD-A19248578-001-03-7:10	DB08080	Latrunculin B	0.16802702345306023	1.0039320388713986	0.4222972972972973	0.5146624164145331	NPC
CPC006_THP1_6H:BRD-K55395145-001-01-7:88.8	DB00642	Pemetrexed	-0.19187590633743265	-1.0140759648377737	0.42255639097744363	0.5148570933564808	THP1
LJP007_NEU_24H:G17	DB01254	Dasatinib	-0.17404477020105208	-1.005004805824339	0.4230769230769231	0.5153701493616867	NEU
AML001_U937_6H:BRD-K27316855:0.37037	DB00136	Calcitriol	-0.17779618844073017	-1.0100953907765469	0.4233199310740953	0.5155449783374764	U937
NMH001_NEU_24H:BRD-K48300629-001-10-3:10	DB00909	Zonisamide	0.18302311334711063	1.0115703123419137	0.42627944760357434	0.5190272785436377	NEU
LJP008_NPC.TAK_24H:M16	DB01262	Decitabine	-0.17816158440426685	-1.0070929176022925	0.4278829199482779	0.520857244813713	NPC.TAK
LJP009_NPC.CAS9_24H:G07	DB08521	4-[4-(4-Fluorophenyl)-2-[4-[(R)-methylsulfinyl]phenyl]-1H-imidazol-5-yl]pyridine	-0.17554266201419177	-1.007055480973238	0.4283252929014473	0.5212650880035353	NPC.CAS9
NMH002_NEU_6H:BRD-K43164539-001-09-9:10	DB02659	Cholic Acid	0.18254576309892018	1.0096982650566055	0.42841914508048184	0.5212650880035353	NEU
LPROT003_NPC_6H:N05	DB08895	Tofacitinib	-0.16705433440674086	-1.0247674889827516	0.42857142857142855	0.521327967806841	NPC
CPC016_NPC_24H:BRD-K37561857-001-06-4:10	DB02918	Zardaverine	0.17241707833398734	1.0081291108919705	0.429094654915875	0.5218141599035937	NPC
CPC015_NPC_24H:BRD-A29426959-050-07-4:10	DB00748	Carbinoxamine	-0.2016136708222671	-1.0118165218432942	0.42917251051893407	0.5218141599035937	NPC
LJP007_NPC.TAK_24H:I20	DB13005	Rebastinib	-0.17262333110802208	-1.0028043357574692	0.4303610906411201	0.5229385228604924	NPC.TAK
CPC013_NEU_24H:BRD-K07881437-001-01-2:10	DB11778	Danusertib	-0.18399643088118098	-1.0086783150474687	0.4303922645863092	0.5229385228604924	NEU
LJP007_NPC.TAK_24H:D04	DB12494	SGI-1776	0.22851426350185092	1.0105193934685461	0.4304	0.5229385228604924	NPC.TAK
CPC014_NPC_24H:BRD-K25991148-001-01-7:10	DB14055	(S)-Warfarin	-0.17355479070573807	-1.0049249714851776	0.4312664907651715	0.5238684845628501	NPC
NMH002_NEU_6H:BRD-K81839095-001-19-4:10	DB00655	Estrone	-0.1893557708952074	-1.009436371909017	0.4313886606409203	0.5238940800190413	NEU
LJP008_NPC_24H:H18	DB11841	Entinostat	-0.17302450507953396	-1.0043304195059544	0.4317594230507552	0.5242214925606873	NPC
LJP008_NEU_24H:H14	DB11841	Entinostat	0.1741378441605953	1.0036385528313143	0.4318756776292013	0.524239812947885	NEU
LJP009_NEU_24H:B18	DB11805	Saracatinib	0.1636274566443752	0.9986857812572907	0.4330708661417323	0.5255675007837135	NEU
LJP007_NPC_24H:I02	DB01268	Sunitinib	-0.18637675803183196	-1.0111581800448273	0.4333198216457235	0.5257465033407023	NPC
LJP009_NPC_24H:F03	DB11962	GSK-1059615	-0.1832781441259707	-1.009182426584152	0.43389026402640263	0.5263153904927009	NPC
CPC015_NPC_24H:BRD-A64092382-003-09-2:10	DB07129	(2R)-1-(2,6-dimethylphenoxy)propan-2-amine	0.1657348245450868	1.0026525519283487	0.4350184001549487	0.5275603439276724	NPC
CPC015_NPC_24H:BRD-K60038276-001-03-3:10	DB01029	Irbesartan	-0.1656615016849816	-1.0039990664684286	0.4368541905855339	0.5296627083795593	NPC
LJP008_NEU_24H:J05	DB12116	Epigallocatechin gallate	0.1696937836771986	1.0030001367477206	0.4373685791528988	0.5301623338410109	NEU
NMH001_NPC_6H:BRD-K39981244-001-01-5:10	DB00368	Norepinephrine	0.17139990245602627	1.0024307330427582	0.44145545016327165	0.5349911465729826	NPC
LJP007_NEU_24H:K03	DB12064	BMS-777607	-0.182153791425884	-1.0066906385437042	0.4419104991394148	0.5354173968998007	NEU
CPC014_NPC_24H:BRD-K76723084-001-15-8:10	DB00982	Isotretinoin	0.17661887720626013	1.0041549264299774	0.44258573306249255	0.5361101609934167	NPC
CPC015_NPC_24H:BRD-K97863768-001-02-8:10	DB12667	Protionamide	-0.1892002164080277	-1.0068198100434735	0.4452810727178958	0.5392490111764748	NPC
LJP007_JURKAT_24H:E09	DB05913	OSI-930	-0.1717601734450474	-1.0030447085318444	0.44549763033175355	0.5393852150418568	JURKAT
LJP009_NPC.TAK_24H:G09	DB08521	4-[4-(4-Fluorophenyl)-2-[4-[(R)-methylsulfinyl]phenyl]-1H-imidazol-5-yl]pyridine	0.1919560802799975	1.0097840556568929	0.4462187405845134	0.5401320985071125	NPC.TAK
CPC016_NEU_24H:BRD-A94669766-001-04-2:10	DB03467	Naringenin	-0.16617009625082713	-1.000237187149629	0.4476133887898594	0.5416937367372843	NEU
LJP009_NPC.TAK_24H:I23	DB11363	Alectinib	0.17692017469728938	1.0048912065102538	0.4484415149145347	0.5425692109005648	NPC.TAK
LJP008_NEU_24H:G21	DB00928	Azacitidine	0.1687575365535125	1.0021073780872836	0.4492091388400703	0.5433710918462288	NEU
CPC006_WSUDLCL2_6H:BRD-K55395145-001-01-7:88.8	DB00642	Pemetrexed	-0.17188423154014787	-1.0008335738306455	0.4502540567120144	0.5445079397623475	WSUDLCL2
LJP007_NPC_24H:G10	DB11963	Dacomitinib	0.16909190611996955	1.0005305273062808	0.45054257095158595	0.5447297253082404	NPC
LPROT001_NPC.TAK_6H:O12	DB02546	Vorinostat	-0.17629436891105568	-1.0018980256412457	0.4540636042402827	0.5488587817058888	NPC.TAK
LJP008_NEU_24H:L14	DB08756	Y-27632	-0.17029426390870367	-1.001637405096174	0.45482194905588647	0.5496472341435642	NEU
CPC006_SKM1_6H:BRD-K33583600-001-09-6:10	DB03285	Isoliquiritigenin	0.16707043611487724	1.0005881095377192	0.4552238805970149	0.5499847668618026	SKM1
CPC006_PL21_6H:BRD-K73319509-001-02-3:40	DB12848	PF-04217903	-0.18507844999743525	-1.0068893194218174	0.45531351791530944	0.5499847668618026	PL21
CPC006_WSUDLCL2_6H:BRD-A31107743-001-01-3:0.09	DB07348	Brefeldin A	-0.18073978747908262	-1.005240698037029	0.4559709241952233	0.550650507848904	WSUDLCL2
LJP009_NPC.CAS9_24H:D20	DB13061	MLN8054	0.17925153798124752	1.0052103347215424	0.4562364369122662	0.5508427810063754	NPC.CAS9
CPC013_NEU_24H:BRD-K51967704-001-01-0:10	DB12359	BIIB021	-0.16054586297300832	-1.0047910772310908	0.4596774193548387	0.5548680146975947	NEU
LJP009_NEU_24H:O02	DB07101	PD-0325901	-0.1758680356019142	-1.0005151485506028	0.45987261146496816	0.5549743531931683	NEU
CPC014_NPC_24H:BRD-K94294671-003-01-3:10	DB12387	OSI-027	0.17600588544131232	1.0031856368831673	0.46061118748017343	0.5556181473135914	NPC
LPROT001_NPC.TAK_6H:I24	DB02424	Geldanamycin	-0.1726431526927332	-0.9996617794878546	0.4606205250596659	0.5556181473135914	NPC.TAK
LJP007_NPC.TAK_24H:J22	DB03044	Doramapimod	-0.18707957757990298	-1.0063136054330344	0.4612946109009101	0.5563017625525987	NPC.TAK
CPC014_NPC_24H:BRD-K07265709-003-01-5:10	DB00380	Dexrazoxane	-0.17550483624522192	-1.0018145904005042	0.4620160701241782	0.5570421766829902	NPC
NMH002_NPC_24H:BRD-A81585303-001-01-1:10	DB04944	Acadesine	-0.19051264223976103	-1.0067558981889277	0.46267760656393836	0.5577100156348752	NPC
LJP007_JURKAT_24H:D05	DB12494	SGI-1776	-0.18499872011654914	-1.005630609735015	0.46443514644351463	0.5596983555512309	JURKAT
CPC006_U937_6H:BRD-K18849474-001-01-0:79.44	DB12181	Dalcetrapib	-0.18483831003556134	-1.0053774504387243	0.46489468405215645	0.5601218908993896	U937
LJP007_NPC.TAK_24H:K23	DB01590	Everolimus	-0.16805864595445708	-0.999832101936399	0.46751229614289413	0.5631406680283125	NPC.TAK
CPC006_WSUDLCL2_6H:BRD-K32107296-001-03-7:10	DB00853	Temozolomide	-0.16795789890775778	-0.997818589530132	0.46761757902852735	0.5631406680283125	WSUDLCL2
CPC017_NPC_24H:BRD-M45964048-001-02-7:10	DB00460	Verteporfin	-0.182038855459721	-1.004393140023227	0.4680028487129922	0.563468165545853	NPC
AML001_U937_24H:BRD-K71879491:1.11111	DB00982	Isotretinoin	0.16766479690238148	0.9991734030815386	0.46810699588477367	0.563468165545853	U937
LJP009_NEU_24H:I04	DB11798	Tanzisertib	-0.1818758854596118	-1.0040635579356405	0.46861056345335683	0.5638499492535797	NEU
LJP009_NPC.TAK_24H:G10	DB08521	4-[4-(4-Fluorophenyl)-2-[4-[(R)-methylsulfinyl]phenyl]-1H-imidazol-5-yl]pyridine	0.16920355435861395	0.9983854356966491	0.46864178530203926	0.5638499492535797	NPC.TAK
CPC017_NPC_24H:BRD-A34907681-001-01-7:10	DB01698	Rutin	0.17439617346899355	0.9984908588427374	0.4715980812926029	0.5672751293542869	NPC
LJP009_NPC_24H:G16	DB01254	Dasatinib	0.18133480382633974	1.00232270222189	0.4720179085385353	0.5676483643645138	NPC
LJP007_NEU_24H:E09	DB05913	OSI-930	0.1580117642586145	1.0028148100815275	0.4728682170542636	0.568539002500045	NEU
NMH002_NEU_24H:BRD-K87714311-001-01-9:10	DB03068	Zebularine	0.16453557901358884	1.000011217479176	0.4736346516007533	0.5693284074681288	NEU
NMH002_NPC_24H:BRD-K52313696-001-09-9:10	DB12291	Tacedinaline	-0.15275519375750216	-0.9973241078114251	0.4740882917466411	0.5697415417047992	NPC
LPROT001_NPC.TAK_6H:C16	DB12291	Tacedinaline	-0.19159089140209484	-1.0029586860349848	0.47736916548797736	0.5735078307730382	NPC.TAK
CPC016_NPC_24H:BRD-K88871508-001-01-9:10	DB00589	Lisuride	-0.1682374718031863	-0.9977268858594265	0.4774436090225564	0.5735078307730382	NPC
CPC015_NPC_24H:BRD-A83081521-001-01-5:10	DB01216	Finasteride	-0.16615195869127397	-0.9986128238852211	0.47806313536650613	0.5741189264123372	NPC
CPC006_SKM1_6H:BRD-K36927236-001-17-7:10	DB01016	Glyburide	0.1680115882789797	0.9976229613862799	0.47820625549554074	0.5741577423489092	SKM1
LJP007_NPC.TAK_24H:L11	DB11836	Sapanisertib	0.20832371262919827	1.0035228447587123	0.4804	0.5766580495714616	NPC.TAK
CPC006_WSUDLCL2_6H:BRD-A46335897-003-05-4:6.23	DB01069	Promethazine	0.15938942908456927	0.9998577053210559	0.4805194805194805	0.5766678897758102	WSUDLCL2
LPROT003_NPC_6H:F19	DB00480	Lenalidomide	-0.20732126254703698	-1.0037026784111278	0.4815	0.5777108126881222	NPC
LJP009_NPC.TAK_24H:N08	DB08896	Regorafenib	-0.16617158561644765	-0.9976840773125232	0.4824820599409033	0.5787551006050372	NPC.TAK
LJP009_NPC.CAS9_24H:E09	DB01782	Pyrazolanthrone	-0.17037345081921948	-0.9967552156190671	0.4837310195227766	0.580118987078692	NPC.CAS9
LJP009_NPC.TAK_24H:G07	DB08521	4-[4-(4-Fluorophenyl)-2-[4-[(R)-methylsulfinyl]phenyl]-1H-imidazol-5-yl]pyridine	-0.17306900733588984	-0.9958725613801288	0.4853163790493491	0.581885579878234	NPC.TAK
CPC014_NEU_24H:BRD-K83837640-001-01-4:10	DB12985	Quisinostat	-0.1775247846764433	-0.9979498070431904	0.48747655301776455	0.5843403880957797	NEU
DOSBIO002_NPC_24H:BRD-K81418486:0.37037	DB02546	Vorinostat	0.15649680416668044	0.9982436509014416	0.4895370957514268	0.5865638856111235	NPC
LPROT001_NPC.TAK_6H:K22	DB00877	Sirolimus	-0.170010035519325	-0.9955389564068547	0.48955785512699906	0.5865638856111235	NPC.TAK
NMH002_NPC_6H:BRD-K08807999-001-01-6:10	DB12445	Nitroaspirin	-0.18449891517497516	-0.9975304036268751	0.4908759124087591	0.5880071609112782	NPC
CPC015_NPC_24H:BRD-A41304429-001-04-9:10	DB01297	Practolol	0.16358047044366988	0.9962844211865913	0.49157054125998223	0.5887031534109609	NPC
LJP008_NEU_24H:J02	DB12116	Epigallocatechin gallate	0.18300236897417613	0.9987739316620654	0.4926123537861687	0.5897655015163275	NEU
LJP007_NPC.CAS9_24H:K22	DB01590	Everolimus	0.16682143566685517	0.9960871112332034	0.4926852288815479	0.5897655015163275	NPC.CAS9
LJP007_NPC.TAK_24H:K21	DB01590	Everolimus	0.17682959762189907	0.9958504902324914	0.4929001203369434	0.5897901749816602	NPC.TAK
LJP007_NPC.TAK_24H:B07	DB07970	5-[(2-methyl-5-{[3-(trifluoromethyl)phenyl]carbamoyl}phenyl)amino]pyridine-3-carboxamide	-0.16902285259095012	-0.9954813635565765	0.4929334712168218	0.5897901749816602	NPC.TAK
LJP008_NPC.CAS9_24H:N08	DB02665	(1R,2S)-2-Phenylcyclopropanaminium	-0.1788158482685267	-0.9976318691524836	0.49333192209991533	0.5901306602774149	NPC.CAS9
CPC006_NOMO1_6H:BRD-A35108200-001-04-7:10	DB01234	Dexamethasone	-0.1516935908934619	-1.000189555055597	0.4946236559139785	0.5915392995490969	NOMO1
CPC006_THP1_6H:BRD-K88510285-001-01-2:0.04	DB00188	Bortezomib	0.1782637459590955	0.9974412330410847	0.49475524475524474	0.5915601472823439	THP1
LJP007_NEU_24H:G14	DB01254	Dasatinib	0.18015163042459856	0.9958780760333333	0.4969567177637511	0.5940552967593444	NEU
LJP009_NPC.TAK_24H:N07	DB08896	Regorafenib	0.18112354035850187	0.9941008546118401	0.4972320080523402	0.5942472937562793	NPC.TAK
CPC014_NEU_24H:BRD-K07736136-001-01-2:10	DB05470	VX-702	0.22243079427298817	1.0003735753426795	0.4991	0.5963422181231266	NEU
DOSBIO002_NEU_24H:BRD-A90490067:10	DB00947	Fulvestrant	0.17637700240997406	0.9949818255649191	0.49985189573459715	0.5964548802946593	NEU
DOSBIO002_NPC_24H:BRD-A13084692:3.33333	DB08607	(5R)-5-(4-{[(2R)-6-HYDROXY-2,5,7,8-TETRAMETHYL-3,4-DIHYDRO-2H-CHROMEN-2-YL]METHOXY}BENZYL)-1,3-THIAZOLIDINE-2,4-DIONE	-0.16400093024644183	-1.0379637470204157	0.5	0.5964548802946593	NPC
LJP009_NPC.TAK_24H:H11	DB08912	Dabrafenib	-0.16796802480724804	-1.0097332645587727	0.5	0.5964548802946593	NPC.TAK
CPC013_NPC_24H:BRD-K61192372-001-01-4:10	DB01101	Capecitabine	0.16014290527659697	1.0018856596891255	0.5	0.5964548802946593	NPC
CPC014_NEU_24H:BRD-K79404599-001-03-6:10	DB06486	Enzastaurin	0.16130786714281387	0.9999251930772585	0.5	0.5964548802946593	NEU
LJP008_NPC.CAS9_24H:F03	DB12376	Ricolinostat	0.163572712442507	0.9989872888637572	0.5	0.5964548802946593	NPC.CAS9
NMH001_NEU_6H:BRD-K25210139-001-01-3:10	DB13575	Bietaserpine	0.15288523224075495	0.9935862868911035	0.5	0.5964548802946593	NEU
CPC017_NPC_24H:BRD-A07029265-004-02-9:10	DB00332	Ipratropium	0.1974043947169928	0.9994932367370041	0.5006517597513286	0.5970949180739665	NPC
LJP007_NPC.CAS9_24H:M11	DB05575	Motesanib	0.1934709493527031	1.000335325539094	0.501456261926283	0.5979167853893231	NPC.CAS9
CPC006_THP1_6H:BRD-K26657438-001-01-2:10	DB00724	Imiquimod	0.18623169004061976	0.998732812818981	0.5030624744793794	0.5996939826897041	THP1
LJP007_JURKAT_24H:F05	DB12848	PF-04217903	0.18579180208823579	0.9972701513971477	0.5044706360495834	0.6011221151377204	JURKAT
CPC013_NPC_24H:BRD-K05926469-001-01-8:10	DB00480	Lenalidomide	0.1914187445841026	0.998653764750306	0.504570567553993	0.6011221151377204	NPC
CPC014_NEU_24H:BRD-K66956375-001-05-5:10	DB16495	Oleic monoethanolamide	-0.1584030707371521	-0.9989837914255799	0.5047169811320755	0.6011221151377204	NEU
CPC017_NPC_24H:BRD-K07220430-001-03-6:10	DB00568	Cinnarizine	-0.1748256371452806	-0.9964923702814509	0.5047244930459709	0.6011221151377204	NPC
NMH002_NPC_6H:BRD-A79067928-001-04-3:10	DB00773	Etoposide	-0.18264920331905574	-0.9961666421269455	0.5060699588477366	0.6025860585360688	NPC
CPC016_NEU_24H:BRD-M00539986-051-01-1:10	DB01274	Arformoterol	0.16458025742507745	0.9950506258394759	0.5063056379821959	0.6027281911380057	NEU
CPC006_THP1_6H:BRD-K58550667-001-01-2:0.08	DB12731	Daporinad	0.16218090614643565	0.9943537355246427	0.5065346534653465	0.6028623275740528	THP1
LJP007_NPC_24H:E12	DB05913	OSI-930	0.19044022952322462	0.9988100369556524	0.5071061384941035	0.6034039057810434	NPC
CPC014_NEU_24H:BRD-K10916986-001-01-6:10	DB00361	Vinorelbine	-0.16273525196306352	-0.992294893301413	0.5105793450881612	0.6073971915167243	NEU
NMH002_NEU_24H:BRD-K61250553-003-24-9:10	DB00836	Loperamide	0.15557621164582724	0.9951967646858854	0.5110896817743491	0.6078647534897124	NEU
LJP007_NPC.TAK_24H:B09	DB07970	5-[(2-methyl-5-{[3-(trifluoromethyl)phenyl]carbamoyl}phenyl)amino]pyridine-3-carboxamide	-0.16627265983802209	-0.99275502318299	0.5127090301003344	0.6096508017393145	NPC.TAK
LJP009_NPC_24H:P21	DB09074	Olaparib	0.1743291312657526	0.9919858187432339	0.5130771283693621	0.6099485384744288	NPC
LJP009_NPC.CAS9_24H:H16	DB07138	Neflamapimod	0.1662105161972124	0.9926211953569346	0.5147718773373223	0.6118229055876157	NPC.CAS9
LJP007_NPC.CAS9_24H:M24	DB12874	Quizartinib	-0.17470556207255444	-0.9924672582741747	0.5150869719559815	0.6120570256078642	NPC.CAS9
CPC013_NEU_24H:BRD-K14791739-001-01-9:10	DB00588	Fluticasone propionate	-0.17671597761341992	-0.9925688160221074	0.515371372356124	0.6122545739453082	NEU
LPROT003_NPC_6H:F11	DB12021	Dinaciclib	0.17351656229984969	0.9913069327564636	0.5185185185185185	0.6158521574519741	NPC
LPROT003_NPC_6H:L05	DB12500	Fedratinib	-0.17849843448855746	-0.9920265393543546	0.518766009577904	0.6160049178810033	NPC
CPC006_SKM1_6H:BRD-K50128260-001-01-6:160	DB00203	Sildenafil	0.16133990312361865	0.9936607124331932	0.5223880597014925	0.6201637858815885	SKM1
CPC017_NPC_24H:BRD-A26384407-001-15-2:10	DB08046	2-chloro-5-[(1S)-1-hydroxy-3-oxo-2H-isoindol-1-yl]benzenesulfonamide	0.17239935948885132	0.9910823797596439	0.5231117623551352	0.6208807037389626	NPC
LJP008_NPC.TAK_24H:J01	DB12116	Epigallocatechin gallate	-0.17818116126088349	-0.9921996831151231	0.5240076824583867	0.6218016511333547	NPC.TAK
CPC006_WSUDLCL2_6H:BRD-K19216856-001-02-7:88.8	DB12116	Epigallocatechin gallate	-0.17040971163959287	-0.9907352481004778	0.5245512143611405	0.6223041192352174	WSUDLCL2
CPC006_NOMO1_6H:BRD-K55966568-001-01-3:6	DB12072	Orantinib	0.18503347611478171	0.9947464976933343	0.5247504788789192	0.622398027363369	NOMO1
CPC006_U937_6H:BRD-K50590187-001-10-8:160	DB09120	Zucapsaicin	-0.17190386675925104	-0.9910197786639324	0.5249083751866431	0.6224428375783032	U937
LJP007_NPC.TAK_24H:I07	DB06589	Pazopanib	0.18689745229436727	0.9924386831799717	0.525437693099897	0.6228008856125794	NPC.TAK
LJP007_JURKAT_24H:C03	DB11800	Tivozanib	-0.16693540172478433	-0.9922260274106741	0.5254506892895016	0.6228008856125794	JURKAT
CPC015_NPC_24H:BRD-K39987650-001-15-9:10	DB09020	Bisacodyl	-0.18761184252446902	-0.9945604162438385	0.5266349944405135	0.6240618662681777	NPC
CPC016_NEU_24H:BRD-K95763993-001-03-7:10	DB09283	Trapidil	-0.1693460620709173	-0.9920851544112075	0.5272892662219527	0.6246943250027799	NEU
CPC013_NPC_24H:BRD-K62982419-001-01-2:10	DB03849	Cilomilast	-0.17269227912368107	-0.9916459434573607	0.527765726681128	0.6251158847226526	NPC
LJP007_NPC.TAK_24H:F02	DB12848	PF-04217903	-0.1590119533858142	-0.9939571894981237	0.5291970802919708	0.6266680233256381	NPC.TAK
CPC015_NPC_24H:BRD-K92428153-001-01-0:10	DB00688	Mycophenolate mofetil	0.1571186168616813	0.9906133054741878	0.5297450424929179	0.6271641944463326	NPC
CPC015_NPC_24H:BRD-K75958195-037-04-5:10	DB06153	Pizotifen	-0.16369579171820073	-0.9899852412309684	0.5298581326294952	0.6271641944463326	NPC
CPC013_NEU_24H:BRD-A66395008-001-03-8:10	DB13063	Parthenolide	0.1806528499425541	0.9910531643169793	0.5358807082945014	0.6341479402562471	NEU
LPROT003_NPC_6H:P11	DB02546	Vorinostat	-0.1863971662124757	-0.9909433921649974	0.5360521336977087	0.6342059718770607	NPC
LJP009_NPC.TAK_24H:L10	DB05984	RAF-265	0.18900463151407731	0.9904928757572846	0.5376604249947402	0.6359635522307108	NPC.TAK
LJP009_NEU_24H:D19	DB13061	MLN8054	-0.16405673439305277	-0.9916209439762633	0.5382081686429513	0.6364661638310757	NEU
CPC006_U937_6H:BRD-A09533288-003-20-5:10	DB14063	Dexverapamil	0.1628809055177159	0.9943930638433865	0.540785498489426	0.6392380840646189	U937
LJP007_NPC.CAS9_24H:M08	DB05575	Motesanib	0.18999505069219907	0.9926817678789239	0.540798873126069	0.6392380840646189	NPC.CAS9
LJP007_NPC_24H:M06	DB07794	5-(2-PHENYLPYRAZOLO[1,5-A]PYRIDIN-3-YL)-1H-PYRAZOLO[3,4-C]PYRIDAZIN-3-AMINE	-0.16996375034113023	-0.9889606318806952	0.5414356984478935	0.6398448778465187	NPC
CPC006_PL21_6H:BRD-K44241590-001-03-3:11.1	DB07697	1-(2,3-dihydro-1,4-benzodioxin-6-ylsulfonyl)-4-[(4-methoxyphenyl)sulfonyl]piperazine	-0.18573774027303652	-0.9910510272729772	0.5415913200723327	0.6398828592373069	PL21
CPC006_THP1_6H:BRD-K41260949-236-02-8:10	DB00313	Valproic acid	-0.1924217024281419	-0.9925458779669076	0.5417792454718303	0.6399589810884487	THP1
LJP008_NPC.TAK_24H:O01	DB07101	PD-0325901	-0.17900133529692255	-0.9871424265758622	0.5423845623707788	0.64052798591736	NPC.TAK
NMH002_NPC_6H:BRD-K79254416-001-11-9:10	DB01262	Decitabine	-0.17817633019827492	-0.9882343463763267	0.5432819383259911	0.6414415594452691	NPC
NMH002_NEU_6H:BRD-K71799949-001-29-9:10	DB00564	Carbamazepine	0.15457224095879776	0.9897572444225385	0.5441176470588235	0.6422819241591853	NEU
CPC015_NPC_24H:BRD-A36074203-003-03-5:10	DB06458	Remacemide	-0.16879611728785504	-0.9883984611475184	0.5453982666116385	0.6436469636942633	NPC
LJP007_JURKAT_24H:E02	DB11743	Ipatasertib	-0.17277636213156963	-0.989075468209896	0.5460649594003748	0.6442870263234841	JURKAT
CPC006_SKM1_6H:BRD-A04352665-001-01-2:10	DB04835	Maraviroc	-0.16997618016102858	-0.9871362322721717	0.5489227391244682	0.6475114122793066	SKM1
CPC006_NOMO1_6H:BRD-K52075040-001-03-0:44.4	DB01034	Cerulenin	-0.161480927999386	-0.9922813645467693	0.5502958579881657	0.6489834174088928	NOMO1
CPC016_NEU_24H:BRD-K71059170-001-02-5:10	DB00671	Cefixime	0.1780097738725827	0.9886872874497779	0.552266611467605	0.6511594040102683	NEU
LJP007_NPC.CAS9_24H:P04	DB09054	Idelalisib	0.16545288681516288	0.9892719308963606	0.5533724340175953	0.652314820991624	NPC.CAS9
NMH001_NPC_6H:BRD-K60511616-001-01-2:10	DB00175	Pravastatin	-0.16689505925122045	-0.9871107619858839	0.553880266075388	0.6527649622021061	NPC
LJP007_JURKAT_24H:M03	DB07794	5-(2-PHENYLPYRAZOLO[1,5-A]PYRIDIN-3-YL)-1H-PYRAZOLO[3,4-C]PYRIDAZIN-3-AMINE	-0.19098510420527381	-0.9903384902616874	0.5545982768984171	0.6534625445401541	JURKAT
LJP009_NPC_24H:M13	DB06314	SGX-523	0.16646263773687642	0.991740330477081	0.5554923164484917	0.6543671706833563	NPC
LJP007_NPC.CAS9_24H:F18	DB12247	AZD-4547	0.19255340750502478	0.988656380885728	0.5573110596759585	0.6563604343729129	NPC.CAS9
LJP007_NPC_24H:G08	DB11963	Dacomitinib	0.16054320704285024	0.9902383193829307	0.5587846763540291	0.6579464196470299	NPC
LJP007_NPC_24H:K04	DB12064	BMS-777607	-0.16489602383059013	-0.9877820490945061	0.5607843137254902	0.659964223710402	NPC
NMH002_NPC_24H:BRD-A70814879-003-01-8:10	DB12764	Opaganib	-0.19643649445257677	-0.9902836788662387	0.5608	0.659964223710402	NPC
CPC006_U937_6H:BRD-A75409952:10	DB08059	Wortmannin	0.18685949972059215	0.9886939370290947	0.5608804402201101	0.659964223710402	U937
CPC006_PL21_6H:BRD-K56343971-001-02-3:10	DB08881	Vemurafenib	-0.18180877719231256	-0.9877718386685496	0.5613465828432367	0.6603627678305681	PL21
LJP008_NPC.TAK_24H:G08	DB02546	Vorinostat	0.1688811794326279	0.9859862433666645	0.5617548150412718	0.6606930212310191	NPC.TAK
LJP008_NPC.CAS9_24H:F05	DB12376	Ricolinostat	0.16552769343085763	0.9868302877350058	0.5621682034087734	0.661029187670584	NPC.CAS9
LJP007_NPC.CAS9_24H:J23	DB03044	Doramapimod	-0.18130778597562688	-0.9864264486288229	0.5629689718109917	0.6616750026977309	NPC.CAS9
NMH002_NPC_24H:BRD-K08252256-236-26-2:10	DB00586	Diclofenac	-0.17413717502872147	-0.9863444056105095	0.5629728071968922	0.6616750026977309	NPC
CPC006_SKM1_6H:BRD-K50590187-001-10-8:160	DB09120	Zucapsaicin	-0.1783363741548424	-0.9859966473221624	0.5637160573016892	0.6623983240220757	SKM1
CPC016_NEU_24H:BRD-K70778732-003-15-0:10	DB00656	Trazodone	0.16400482179787473	0.9891118919390353	0.5654885654885655	0.6643235437699733	NEU
CPC006_WSUDLCL2_6H:BRD-A01145011-001-01-4:11.1	DB03068	Zebularine	0.1624949757959607	0.9922282941449816	0.5656108597285068	0.6643235437699733	WSUDLCL2
LJP007_NPC.CAS9_24H:C02	DB11800	Tivozanib	0.16233572328653909	0.9894257563239655	0.5663329161451814	0.6650208863504034	NPC.CAS9
CPC006_SKM1_6H:BRD-K22134346-001-09-0:10	DB00641	Simvastatin	0.16071261858890953	0.9868940874466159	0.5674518201284796	0.6661838087688676	SKM1
AML001_HL60_6H:BRD-K27316855:1.11111	DB00136	Calcitriol	-0.16513226601099196	-0.9880264443129556	0.5678627145085804	0.6665151951491424	HL60
NMH002_NEU_6H:BRD-K08807999-001-01-6:10	DB12445	Nitroaspirin	-0.1624663659300338	-0.9868016138678095	0.5682148040638607	0.6667774263267496	NEU
LJP008_NEU_24H:D21	DB13978	Selisistat	-0.15574269833215876	-1.0112317246063793	0.5714285714285714	0.6703968433649212	NEU
LJP007_NPC.TAK_24H:P04	DB09054	Idelalisib	-0.18465988427213487	-0.9850701704949729	0.5736227728855212	0.6728187435701157	NPC.TAK
CPC014_NEU_24H:BRD-K23192422-001-01-1:10	DB06469	Lestaurtinib	-0.1644220975653558	-0.9900095743871722	0.5742092457420924	0.6733542229996657	NEU
CPC006_NOMO1_6H:BRD-A34817987-001-11-8:10	DB01167	Itraconazole	0.15462143161535594	0.9912909688022434	0.5760869565217391	0.6754033051347629	NOMO1
CPC015_NPC_24H:BRD-A17411484-001-05-1:10	DB00821	Carprofen	-0.17124303734447222	-0.9829903550741086	0.5769835447018132	0.6763014541155387	NPC
CPC006_PL21_6H:BRD-K85606544-001-01-8:10	DB11828	Neratinib	0.1726309853337815	0.9809835581387184	0.5771768523526231	0.6763750449776782	PL21
LJP009_NPC_24H:E10	DB01782	Pyrazolanthrone	-0.1702152296756986	-0.9819724942275799	0.5784127843986999	0.6776701444164737	NPC
CPC016_NEU_24H:BRD-K18250272-003-03-7:10	DB09342	Propoxycaine	-0.159565756102469	-0.9907190339879753	0.5789473684210527	0.6781431426667935	NEU
LJP007_NPC.TAK_24H:P08	DB07859	4-(4-CHLOROPHENYL)-4-[4-(1H-PYRAZOL-4-YL)PHENYL]PIPERIDINE	0.16694354803779932	0.9852489214274169	0.5796862097440132	0.6788043003919213	NPC.TAK
CPC016_NPC_24H:BRD-A64977602-001-04-3:10	DB06678	Esmirtazapine	0.1719424992709885	0.9828093184801776	0.5797738003733391	0.6788043003919213	NPC
DOSBIO001_NEU_24H:BRD-A90490067:0.37037	DB00947	Fulvestrant	-0.1813566214615597	-0.9858348627219684	0.5799719044752157	0.678882857237535	NEU
CPC016_NPC_24H:BRD-K90789829-003-03-3:10	DB01149	Nefazodone	0.1790614490365302	0.9829976899855927	0.5812110324421431	0.6801796680476931	NPC
CPC015_NPC_24H:BRD-K77695569-001-16-9:10	DB00730	Thiabendazole	0.21228222001008326	0.986813982864838	0.5849	0.6843422442989389	NPC
DOSBIO002_NPC_24H:BRD-K27305650:3.33333	DB02656	LY-294002	-0.16051294536529012	-0.9889777183153253	0.5851528384279476	0.6844835234161681	NPC
CPC014_NPC_24H:BRD-K61341215-004-01-2:10	DB01339	Vecuronium	-0.17341538510943838	-0.9803159207039835	0.5873493975903614	0.6868978962566583	NPC
LJP008_NPC.CAS9_24H:M06	DB02709	Resveratrol	0.1651984523520982	0.9850606264260874	0.5882352941176471	0.6874953989232818	NPC.CAS9
LJP007_NPC_24H:P23	DB11886	Infigratinib	0.16870219117753665	0.9816822405075161	0.5882352941176471	0.6874953989232818	NPC
LJP008_NPC_24H:H16	DB11841	Entinostat	-0.16541780071222387	-0.9853579144609161	0.5882583170254403	0.6874953989232818	NPC
LJP008_NEU_24H:I10	DB11830	Mocetinostat	0.16774610736248144	0.989396001731326	0.5886178861788618	0.6876397868390339	NEU
LJP009_NPC.TAK_24H:K23	DB12432	CC-401	-0.16021142509642974	-0.9885210799309756	0.5886792452830188	0.6876397868390339	NPC.TAK
LJP007_JURKAT_24H:P17	DB05294	Vandetanib	0.16643213147293717	0.9854426577264167	0.5887799564270153	0.6876397868390339	JURKAT
LJP008_NPC_24H:J11	DB05223	Pracinostat	-0.17309015151227283	-0.9813948482987105	0.5889168062534896	0.6876446349719656	NPC
CPC006_THP1_6H:BRD-K04430056-001-09-4:80	DB02207	7-Nitroindazole	-0.17949740964996475	-0.9829095278580745	0.589302088639837	0.6879394961323801	THP1
CPC018_NPC_24H:BRD-K46556543-237-03-0:10	DB09015	Canrenoic acid	-0.18764203780917044	-0.9833560698031107	0.5904399238400642	0.6891125417430659	NPC
NMH001_NEU_24H:BRD-K22134346-001-18-1:10	DB00641	Simvastatin	-0.19819810986878666	-0.9842221837769429	0.5913591359135913	0.690029957735697	NEU
CPC006_PL21_6H:BRD-K58550667-001-01-2:0.08	DB12731	Daporinad	-0.2034643963913171	-0.9858437337060137	0.592	0.6906222422332282	PL21
LJP007_NEU_24H:I08	DB06589	Pazopanib	-0.19531779504915422	-0.9825231465170707	0.5934110084371234	0.6921125018503653	NEU
CPC006_PL21_6H:BRD-K57080016-001-04-3:80	DB11689	Selumetinib	0.18813475152999237	0.9820879800209055	0.5997198038627038	0.6993132366373833	PL21
CPC013_NPC_24H:BRD-A47706533-001-01-8:10	DB12870	Buthionine sulfoximine	-0.15107199447227462	-0.995769489015948	0.6	0.699482564679415	NPC
LJP009_NPC_24H:N12	DB08896	Regorafenib	-0.17189978402479983	-0.978268973442626	0.6007858078342659	0.700241128249475	NPC
CPC018_NPC_24H:BRD-K77641333-003-15-6:10	DB06711	Naphazoline	0.17620551050467678	0.9789415921669691	0.6018609742747674	0.7013365344483572	NPC
CPC006_THP1_6H:BRD-K12502280-001-01-5:11.1	DB12500	Fedratinib	-0.159990917021194	-0.9840447970118295	0.6031468531468531	0.7026769318810686	THP1
LJP009_NPC.CAS9_24H:O04	DB07101	PD-0325901	-0.1737914448844797	-0.9781327391528565	0.6043931159420289	0.7039705836843322	NPC.CAS9
LJP008_NPC.CAS9_24H:D21	DB13978	Selisistat	0.17177035214642636	0.9769461224618966	0.6076548899129545	0.707610705512119	NPC.CAS9
NMH002_NPC_6H:BRD-A16694057-001-05-0:10	DB14083	Bisphenol A diglycidyl ether	0.18966859509167716	0.9811534110604792	0.6083608360836084	0.7082736132521363	NPC
CPC017_NPC_24H:BRD-A16694057-001-03-5:10	DB14083	Bisphenol A diglycidyl ether	0.1575787042714498	0.9849416168038057	0.6086956521739131	0.7085042384468144	NPC
CPC015_NPC_24H:BRD-A02759312-003-11-2:10	DB09351	Levobetaxolol	-0.1803912397014343	-0.9786298327622655	0.6095064355933921	0.7092886479328449	NPC
LPROT003_NPC_6H:D19	DB04868	Nilotinib	-0.172830702538616	-0.9764984376221929	0.6099683544303798	0.7096668191868495	NPC
AML001_U937_6H:BRD-K93754473:0.49846	DB00675	Tamoxifen	-0.16217641784540088	-0.9825786041007756	0.6120063191153239	0.7118780573862197	U937
CPC006_WSUDLCL2_6H:BRD-K01638814-051-10-1:10	DB11738	Rilmenidine	0.16962080386903197	0.9756928643452409	0.6147289464711899	0.7148601419477372	WSUDLCL2
CPC013_NEU_24H:BRD-K16621777-001-01-9:10	DB12078	Enobosarm	0.16419550170001232	0.9849233746835314	0.6148459383753502	0.7148601419477372	NEU
NMH001_NPC_24H:BRD-K12807006-001-14-4:10	DB01852	Kaempherol	-0.17741727520163414	-0.9771108576913426	0.6151112013811313	0.71500813045245	NPC
LJP007_JURKAT_24H:N16	DB09330	Osimertinib	0.17065460993206047	0.9762456986970692	0.6158364661654135	0.7156906408766928	JURKAT
LJP007_NPC.TAK_24H:G13	DB01254	Dasatinib	0.18629733711646485	0.9784797902385798	0.6164050632911392	0.7161281299172155	NPC.TAK
LJP007_JURKAT_24H:K04	DB12064	BMS-777607	0.18084594452421565	0.9764133104794226	0.6164893067465648	0.7161281299172155	JURKAT
LJP007_NPC_24H:I08	DB06589	Pazopanib	0.17505775558526152	0.9753242367246864	0.6175426923929918	0.7171909977544786	NPC
LJP009_NPC_24H:H11	DB08912	Dabrafenib	0.17091599813932334	0.9755469696579973	0.6183474157796555	0.7179646669437989	NPC
NMH002_NEU_24H:BRD-K35923252-001-03-6:10	DB07558	acetylleucyl-leucyl-norleucinal	-0.17136143320912348	-0.9801468307468074	0.6195626616505996	0.7192145413694908	NEU
LJP008_NPC.TAK_24H:K12	DB11962	GSK-1059615	0.1805136339419693	0.9748861386296944	0.6215642576674095	0.7213764800072824	NPC.TAK
LJP008_NPC.TAK_24H:G14	DB01254	Dasatinib	0.18992946921866438	0.9784033337269064	0.6218655967903711	0.7215646042471346	NPC.TAK
LJP008_NPC.CAS9_24H:D01	DB09074	Olaparib	-0.20918440504750493	-0.9791649913188167	0.6229	0.7226030445489142	NPC.CAS9
LJP008_NPC_24H:M05	DB02709	Resveratrol	0.16743835928356152	0.9752309943032861	0.6240044711471286	0.7237222850233708	NPC
LJP007_JURKAT_24H:D12	DB08875	Cabozantinib	-0.1642889067404427	-0.9851412809187309	0.6243093922651933	0.7239139115502868	JURKAT
CPC006_SKM1_6H:BRD-A01145011-001-01-4:11.1	DB03068	Zebularine	-0.20166794774720453	-0.9785252870762717	0.627	0.7268711409395974	SKM1
NMH002_NPC_6H:BRD-K46018455-001-23-5:10	DB01393	Bezafibrate	-0.18136312177742622	-0.9752541981418714	0.6271460311048274	0.7268778199922199	NPC
CPC015_NPC_24H:BRD-A41250306-001-03-4:10	DB13532	Cyclopenthiazide	-0.15827087850376811	-0.9727280279126288	0.6298245614035087	0.7298190691397545	NPC
LJP009_NPC.TAK_24H:K20	DB12432	CC-401	0.16804843587948007	0.9743701507298592	0.6313439499925584	0.7314161298594763	NPC.TAK
CPC014_NEU_24H:BRD-K53972329-001-01-3:10	DB08877	Ruxolitinib	-0.16483122285041396	-0.9770940231284743	0.6316577540106952	0.7316161111496251	NEU
CPC006_PL21_6H:BRD-K63195589-001-01-4:10	DB04960	Tipifarnib	0.1678298514115563	0.9736614338982486	0.6321713870733479	0.7320474028634835	PL21
LJP009_NPC.TAK_24H:B07	DB12242	AZD-7762	-0.1758013736780601	-0.9719940515416375	0.6355084543939034	0.7356455285650667	NPC.TAK
CPC006_NOMO1_6H:BRD-A13084692-001-04-1:10	DB08607	(5R)-5-(4-{[(2R)-6-HYDROXY-2,5,7,8-TETRAMETHYL-3,4-DIHYDRO-2H-CHROMEN-2-YL]METHOXY}BENZYL)-1,3-THIAZOLIDINE-2,4-DIONE	0.16834588475364903	0.9732192537089515	0.6355625301786576	0.7356455285650667	NOMO1
LJP009_NPC.CAS9_24H:I16	DB12146	Rigosertib	-0.17678757571229187	-0.9722049030331205	0.6381549977983267	0.7384812859738564	NPC.CAS9
CPC013_NPC_24H:BRD-K71512533-001-01-7:10	DB06134	SNS-314	0.16100965312692517	0.9772464515253907	0.64	0.7404509935253405	NPC
LJP007_NPC_24H:B08	DB07970	5-[(2-methyl-5-{[3-(trifluoromethyl)phenyl]carbamoyl}phenyl)amino]pyridine-3-carboxamide	-0.19873722182215414	-0.9756643176782457	0.6420926277883365	0.7427062493748126	NPC
CPC014_NPC_24H:BRD-K19687926-379-01-7:10	DB01259	Lapatinib	-0.18161679825614083	-0.9722861522476558	0.6422535211267606	0.742726566944627	NPC
CPC006_NOMO1_6H:BRD-A93255169-001-13-5:10	DB01041	Thalidomide	-0.16978627734710092	-0.970870638295525	0.6438036679741334	0.7441542903295804	NOMO1
LJP007_JURKAT_24H:A03	DB02546	Vorinostat	0.16918722349962034	0.9829830711261386	0.6438356164383562	0.7441542903295804	JURKAT
LJP008_NPC.CAS9_24H:N12	DB02665	(1R,2S)-2-Phenylcyclopropanaminium	-0.17120932193750749	-0.9710973175215898	0.643918918918919	0.7441542903295804	NPC.CAS9
CPC016_NPC_24H:BRD-K64994968-001-03-6:10	DB00396	Progesterone	0.1660126075678585	0.9807818191446966	0.6443076923076924	0.7444375611011064	NPC
NMH002_NPC_6H:BRD-A48430263-001-05-1:10	DB01132	Pioglitazone	-0.1920017507700207	-0.9742025265694517	0.6447289457891578	0.7447582249396826	NPC
CPC017_NPC_24H:BRD-K89210380-001-03-8:10	DB04650	5-[(3AS,4R,6AR)-2-OXOHEXAHYDRO-1H-THIENO[3,4-D]IMIDAZOL-4-YL]PENTANOIC ACID	0.16556790262082924	0.9735176060509273	0.6455592105263158	0.7455511096383705	NPC
LJP007_NPC.CAS9_24H:J21	DB03044	Doramapimod	0.15712661170673736	0.9850829092050802	0.6458333333333334	0.7457015002970886	NPC.CAS9
CPC015_NPC_24H:BRD-K29458283-001-17-4:10	DB00291	Chlorambucil	-0.18306530550251468	-0.9712276510985005	0.6461429582448691	0.7458572255622355	NPC
CPC006_SKM1_6H:BRD-K32107296-001-03-7:10	DB00853	Temozolomide	-0.1953316966942827	-0.9747920110817294	0.6463	0.7458572255622355	SKM1
LJP007_NPC.CAS9_24H:M04	DB07794	5-(2-PHENYLPYRAZOLO[1,5-A]PYRIDIN-3-YL)-1H-PYRAZOLO[3,4-C]PYRIDAZIN-3-AMINE	0.20158829709904788	0.9748833139471982	0.6464	0.7458572255622355	NPC.CAS9
CPC006_U937_6H:BRD-K26657438-001-01-2:10	DB00724	Imiquimod	-0.16676916097218117	-0.9721402065981112	0.6498330550918197	0.7496515786922996	U937
CPC006_PL21_6H:BRD-K53414658-001-01-7:10	DB11800	Tivozanib	0.17472573045727252	0.9685648524377032	0.6532930387661525	0.7534753008872028	PL21
LJP008_NPC_24H:H15	DB11841	Entinostat	-0.16827769836169054	-0.9745759693383357	0.6534446764091858	0.7534824906881177	NPC
LJP008_NPC.TAK_24H:H16	DB11841	Entinostat	-0.19993759664099142	-0.9742938255547144	0.6537615046018407	0.7536721085409254	NPC.TAK
CPC006_U937_6H:BRD-K80738081-001-21-1:10	DB02709	Resveratrol	-0.20872569120640175	-0.9757346920478203	0.6539	0.7536721085409254	U937
CPC014_NPC_24H:BRD-K79404599-001-03-6:10	DB06486	Enzastaurin	-0.16427628927549318	-0.9807669884812706	0.6543985637342908	0.7540227929912027	NPC
LJP009_NPC_24H:K22	DB12432	CC-401	-0.17557644418234478	-0.9684523933715311	0.6544952765099247	0.7540227929912027	NPC
LJP007_JURKAT_24H:M17	DB07460	2-({5-CHLORO-2-[(2-METHOXY-4-MORPHOLIN-4-YLPHENYL)AMINO]PYRIMIDIN-4-YL}AMINO)-N-METHYLBENZAMIDE	0.1702335341145494	0.9691596995924873	0.6589740523735501	0.7590139007334379	JURKAT
CPC006_PL21_6H:BRD-K88510285-001-01-2:0.04	DB00188	Bortezomib	0.1762650390533313	0.9697056739732076	0.6598481012658228	0.7598517468354431	PL21
CPC006_PL21_6H:BRD-K31342827-001-05-4:12.12	DB03777	Bisindolylmaleimide I	-0.18040287830617777	-0.9702060895810588	0.6603375527426161	0.7602464337507746	PL21
LJP007_NPC_24H:N17	DB09330	Osimertinib	0.15823367019005588	0.9838833050171165	0.6610169491525424	0.7608595802995278	NPC
LPROT002_NPC.TAK_6H:K24	DB12369	Sotrastaurin	-0.16759698083583224	-0.9690612126414321	0.6637995512341062	0.7637874767275139	NPC.TAK
NMH002_NEU_6H:BRD-K53597484-001-01-9:10	DB08633	TNP-470	-0.15972108442945596	-0.9768066491831604	0.6638554216867469	0.7637874767275139	NEU
LJP009_NPC.TAK_24H:O19	DB07232	Veliparib	0.17765331889340336	0.9680626608622241	0.6652551125800454	0.7652247669773635	NPC.TAK
LJP009_NPC.CAS9_24H:O24	DB07232	Veliparib	0.2044354638329049	0.9721259847927708	0.6654	0.7652247669773635	NPC.CAS9
NMH001_NEU_24H:BRD-K49808142-001-01-1:10	DB14630	Tyramine O-sulfate	0.1457291659761686	0.9814281510154201	0.6666666666666666	0.7661713609817401	NEU
LJP007_NPC.TAK_24H:M10	DB05575	Motesanib	0.1563675271748278	0.9776394230194747	0.6666666666666666	0.7661713609817401	NPC.TAK
LJP008_NEU_24H:I09	DB11830	Mocetinostat	-0.1703544806670393	-0.9687308677045435	0.6666666666666666	0.7661713609817401	NEU
CPC017_NPC_24H:BRD-A99411506-002-01-3:10	DB13155	Esculin	-0.16676233233128765	-0.9661322990272689	0.670748940178992	0.7706920195138662	NPC
NMH001_NEU_24H:BRD-K52075040-001-06-3:10	DB01034	Cerulenin	0.17818670063848377	0.9664615861341833	0.6709643605870022	0.7707686359037564	NEU
LJP007_NPC_24H:K19	DB01590	Everolimus	-0.16022404770610987	-0.9813910985671596	0.6714285714285714	0.7711309523809523	NPC
CPC015_NPC_24H:BRD-K38305202-001-08-3:10	DB01184	Domperidone	-0.1806602435299223	-0.9676878045098433	0.6719767558360885	0.7715895299673411	NPC
CPC015_NPC_24H:BRD-A55962179-001-08-0:10	DB00736	Esomeprazole	0.18161395377902956	0.9674935210229909	0.6721344880285277	0.7715996714585358	NPC
LJP007_NPC.TAK_24H:E02	DB11743	Ipatasertib	0.17130449436359954	0.9652916586473326	0.6724808237890092	0.7717921169176262	NPC.TAK
AML001_HL60_24H:BRD-K26684619:1.11111	DB08784	2-(4-CHLORO-PHENYLAMINO)-NICOTINIC ACID	-0.16429321806678163	-0.9664739788118936	0.6726	0.7717921169176262	HL60
AML001_HL60_24H:BRD-K71879491:3.33333	DB00982	Isotretinoin	0.17866494667393143	0.9670259704285916	0.6728992765720645	0.7719645895940753	HL60
CPC018_NPC_24H:BRD-A18917088-001-03-1:10	DB00783	Estradiol	0.17919416608102415	0.9674327469688385	0.675238573581115	0.7744768234389859	NPC
LJP007_NPC_24H:E11	DB05913	OSI-930	0.15918151278454815	0.9739577602541744	0.6771578445398188	0.7765062957303255	NPC
LJP009_NEU_24H:H13	DB07138	Neflamapimod	-0.15606558891704939	-0.9808319129718839	0.6774193548387096	0.776634313445618	NEU
NMH002_NPC_6H:BRD-K58550667-001-04-6:10	DB12731	Daporinad	0.170894412292611	0.9653801602405024	0.6778711484593838	0.7769803785261064	NPC
LJP008_NPC_24H:K07	DB11962	GSK-1059615	0.19858554043013227	0.9700536424651386	0.6783	0.7772688424972506	NPC
LJP009_NPC.CAS9_24H:N11	DB08896	Regorafenib	-0.1751592798142048	-0.9650074798998227	0.6784228048272992	0.7772688424972506	NPC.CAS9
LJP009_NPC_24H:K08	DB11962	GSK-1059615	0.1891581751729865	0.9676059082688544	0.680672268907563	0.779673673182801	NPC
LJP007_JURKAT_24H:C02	DB11800	Tivozanib	0.18535560689801994	0.9666715799996652	0.6808297424591643	0.7796817072758871	JURKAT
LJP008_NPC_24H:G09	DB02546	Vorinostat	-0.17289765048375105	-0.9644471734377803	0.6816793893129771	0.7804032548246509	NPC
CPC006_THP1_6H:BRD-A69951442-001-01-3:10	DB01234	Dexamethasone	0.16121562662389374	0.9768391073483077	0.6817610062893081	0.7804032548246509	THP1
PCLB001_JURKAT_6H:BRD-A58955223-001-02-0:0.63	DB12422	Sulforaphane	0.16632643310311163	0.9691249506462304	0.682341650671785	0.7808954138209342	JURKAT
LJP009_NEU_24H:M18	DB06314	SGX-523	0.17863866199378076	0.9635150851060403	0.6826488706365503	0.7810745082001775	NEU
LJP007_JURKAT_24H:I14	DB11526	Masitinib	-0.1655233124908693	-0.965419766783944	0.6830105417994606	0.7813158118332902	JURKAT
CPC015_NPC_24H:BRD-K82562631-236-03-8:10	DB00500	Tolmetin	-0.17208057135993582	-0.9639378294755651	0.683486723791389	0.7815900226347835	NPC
LJP009_NEU_24H:O24	DB07232	Veliparib	0.18971942447356288	0.9671326815269455	0.6835519070978076	0.7815900226347835	NEU
LJP008_NPC.TAK_24H:J11	DB05223	Pracinostat	-0.17401856990056433	-0.9637614958122762	0.6867936712948014	0.7851234954003223	NPC.TAK
CPC018_NPC_24H:BRD-K35960502-001-10-1:10	DB06803	Niclosamide	0.17831775683006795	0.9643554838665428	0.687355629205584	0.7854380139564177	NPC
LJP007_NPC_24H:B09	DB07970	5-[(2-methyl-5-{[3-(trifluoromethyl)phenyl]carbamoyl}phenyl)amino]pyridine-3-carboxamide	-0.17222086071215095	-0.9619690213977563	0.6873719400409792	0.7854380139564177	NPC
LJP007_NPC.TAK_24H:E11	DB05913	OSI-930	0.18548066619447667	0.9652256753606214	0.6893428600181141	0.7875164683893006	NPC.TAK
LJP009_NPC_24H:N07	DB08896	Regorafenib	0.187645769140704	0.9646410730825855	0.689703808180536	0.7877551540646986	NPC
LJP009_NPC.TAK_24H:I22	DB11363	Alectinib	-0.17052568574525562	-0.9631301451552697	0.6900219678575558	0.787944873829408	NPC.TAK
LJP009_NPC.CAS9_24H:G14	DB01254	Dasatinib	-0.15995431904083085	-0.979249839130939	0.6914893617021277	0.7894465460102282	NPC.CAS9
CPC018_NPC_24H:BRD-K36616567-003-01-5:10	DB14750	Cidoxepin	-0.1718443781846078	-0.9618078295399314	0.6917748917748918	0.7895985658981255	NPC
LJP007_NPC_24H:F16	DB12247	AZD-4547	0.18459777032381167	0.964805412986702	0.6925310372446937	0.790287565514645	NPC
LJP009_NPC.TAK_24H:H15	DB07138	Neflamapimod	-0.18474680884271108	-0.9640179162235893	0.693062368605466	0.7906892055601706	NPC.TAK
CPC018_NPC_24H:BRD-K74913225-001-03-3:10	DB01194	Brinzolamide	-0.1644090370290601	-0.9723020499795372	0.6931881630374093	0.7906892055601706	NPC
CPC018_NPC_24H:BRD-K40992116-001-05-5:10	DB13154	Parachlorophenol	0.17735589908882998	0.9623382639976179	0.6937164828493373	0.791117696770525	NPC
CPC006_WSUDLCL2_6H:BRD-K58550667-001-01-2:0.08	DB12731	Daporinad	0.1541769260203185	0.9800884360681344	0.6944444444444444	0.7917592102200341	WSUDLCL2
CPC014_NPC_24H:BRD-K31484631-001-05-0:10	DB00615	Rifabutin	-0.17491640880648646	-0.9621606054659501	0.6945845946855028	0.7917592102200341	NPC
LJP009_NPC.TAK_24H:H08	DB08912	Dabrafenib	0.19360476031975024	0.9642245878389593	0.6964785914365746	0.7937435805639609	NPC.TAK
CPC018_NPC_24H:BRD-K19533706-001-01-9:10	DB07615	Tranilast	-0.17601864582818125	-0.9618689352506002	0.6976183298160988	0.7948217147521041	NPC
AML001_U937_6H:BRD-K19706299:10	DB00374	Treprostinil	-0.16797026427040096	-0.9644642249649048	0.6977313740654808	0.7948217147521041	U937
PCLB001_JURKAT_6H:BRD-K07572174-001-22-0:0.16	DB11672	Curcumin	-0.18123212132876845	-0.9631422806548917	0.7003107146436804	0.7975846424799016	JURKAT
LJP008_NPC.CAS9_24H:K08	DB11962	GSK-1059615	0.19316606581146567	0.965710557590547	0.7009803921568627	0.7981719165363355	NPC.CAS9
LPROT003_NPC_6H:D17	DB11899	MK-8776	-0.18640683994161053	-0.9632083535400257	0.7012439807383628	0.7982966406384437	NPC
CPC014_NPC_24H:BRD-K51313569-001-02-9:10	DB09073	Palbociclib	-0.15645566184457996	-0.974846933576249	0.7027027027027027	0.7997815518131793	NPC
NMH002_NPC_24H:BRD-K93258693-001-13-2:10	DB07863	2-chloro-5-nitro-N-phenylbenzamide	0.20237733709962338	0.9666833718501017	0.7037	0.8007407553798859	NPC
LJP007_NPC.CAS9_24H:I16	DB11526	Masitinib	0.1627540950010431	0.9680152356070261	0.7042421828321052	0.8011817763855036	NPC.CAS9
LJP007_JURKAT_24H:I20	DB13005	Rebastinib	-0.18857998180486768	-0.9636070924051134	0.7059412884480513	0.8029384891874016	JURKAT
CPC014_NEU_24H:BRD-K48722833-001-01-9:10	DB04946	Iloperidone	0.19894172400691407	0.9646219651612915	0.7061706170617061	0.803023071672978	NEU
CPC006_U937_6H:BRD-K98548675-001-02-6:10	DB13063	Parthenolide	-0.15182603974109782	-0.9776967559035614	0.7066666666666667	0.8034108527131784	U937
KMS002_NOMO1_6H:BRD-K81418486-001-01-2:9.99	DB02546	Vorinostat	-0.15874763939801775	-0.9616345919190696	0.7081150159744409	0.8048808977362476	NOMO1
LJP007_NPC.TAK_24H:D21	DB06616	Bosutinib	-0.17704165568623564	-0.9580087470443905	0.7094884402134114	0.8062651528916442	NPC.TAK
CPC015_NPC_24H:BRD-K37991163-003-06-8:10	DB00715	Paroxetine	0.1754966180727685	0.9582187241226643	0.710747995534355	0.8075194283839131	NPC
LJP009_NPC.TAK_24H:N10	DB08896	Regorafenib	0.17120096843802232	0.9603074077424167	0.7117424704304353	0.8084720477357553	NPC.TAK
CPC018_NPC_24H:BRD-A15131297-003-01-9:10	DB00542	Benazepril	-0.16771572942096172	-0.9598054042724318	0.7126476719944406	0.8093228657188672	NPC
CPC006_WSUDLCL2_6H:BRD-K13049116-001-01-6:10	DB15399	BMS-754807	-0.19333922168911838	-0.9622035274188974	0.7145	0.8112486853637161	WSUDLCL2
NMH001_NEU_24H:BRD-K21283037-001-16-5:10	DB00740	Riluzole	0.15973078170709315	0.956896646918379	0.7152280858676208	0.8118974679005501	NEU
NMH002_NEU_6H:BRD-A93000692-001-06-5:10	DB09201	Ciglitazone	0.1552356588214067	0.9657835889226178	0.7155627793579845	0.8120995012337003	NEU
NMH002_NEU_6H:BRD-A99117172-001-01-1:10	DB01611	Hydroxychloroquine	-0.17045431690740123	-0.9580011990479137	0.7157492969063881	0.812133316524831	NEU
CPC016_NPC_24H:BRD-K77771411-003-03-2:10	DB09242	Moxonidine	0.16428751826148136	0.9607888039868044	0.7163353955508753	0.8126204071244825	NPC
LJP007_JURKAT_24H:D11	DB08875	Cabozantinib	0.17257630558457623	0.9580410136304321	0.7167080678258991	0.8128652237850316	JURKAT
CPC006_THP1_6H:BRD-K67844266-001-01-3:11.1	DB11759	Pevonedistat	-0.17032350354713288	-0.9586767436697039	0.7181683224848693	0.8143431612946592	THP1
LJP007_NPC.CAS9_24H:I12	DB06589	Pazopanib	0.1842358967632108	0.9574749114664066	0.7192137986361813	0.8153115529067153	NPC.CAS9
CPC006_NOMO1_6H:BRD-K12502280-001-01-5:11.1	DB12500	Fedratinib	0.15929729537750045	0.9700932025824611	0.7193370165745856	0.8153115529067153	NOMO1
CPC015_NPC_24H:BRD-A79981887-003-09-9:10	DB00211	Midodrine	0.15440383540488536	0.9818974420333463	0.7209302325581395	0.8169386540818454	NPC
LJP009_NPC.CAS9_24H:H09	DB08912	Dabrafenib	-0.16136238457123434	-0.976520143273547	0.7216117216117216	0.8175321253589728	NPC.CAS9
CPC006_U937_6H:BRD-A62025033-001-01-8:10	DB06287	Temsirolimus	0.17115691277514156	0.9566007812979209	0.7218521349787048	0.8176257406469176	U937
PCLB001_JURKAT_24H:BRD-A58955223-001-02-0:1.11	DB12422	Sulforaphane	-0.16257557946161877	-0.9607394510964662	0.7225385363144008	0.8182094548755564	JURKAT
CPC017_NPC_24H:BRD-K08287586-001-08-5:10	DB14084	Butylparaben	-0.1614504644316142	-0.972280216542176	0.7226832641770401	0.8182094548755564	NPC
LJP007_NPC.TAK_24H:E01	DB11743	Ipatasertib	0.17019532395002146	0.954688701891982	0.7240057995028998	0.8195277529541343	NPC.TAK
CPC006_NOMO1_6H:BRD-K48692744-001-01-2:10	DB02690	NU1025	0.19308588251475733	0.9601943017551086	0.7261	0.8217187595544878	NOMO1
NMH002_NEU_24H:BRD-K89732114-300-10-5:10	DB00831	Trifluoperazine	-0.16160693643193044	-0.9709513655100477	0.726530612244898	0.8218697230529943	NEU
LJP009_NPC.TAK_24H:E10	DB01782	Pyrazolanthrone	-0.16946162272190302	-0.9546121005564218	0.726550598476605	0.8218697230529943	NPC.TAK
CPC014_NPC_24H:BRD-K14681867-015-01-6:10	DB09099	Somatostatin	-0.1708139745497361	-0.9556071629896377	0.7281488121918422	0.8234978491440695	NPC
NMH002_NPC_24H:BRD-K05396879-001-06-7:10	DB08435	(5E,14E)-11-oxoprosta-5,9,12,14-tetraen-1-oic acid	0.1671275245930899	0.9578698029458204	0.7291448058761805	0.8244443342898466	NPC
LJP008_NEU_24H:G07	DB02546	Vorinostat	-0.1650081984017428	-0.9632590362593862	0.730068527494568	0.8249137060902383	NEU
LJP008_NPC.CAS9_24H:D05	DB09074	Olaparib	0.17778356922220756	0.954593217258387	0.7301263758662861	0.8249137060902383	NPC.CAS9
CPC006_THP1_6H:BRD-K57080016-001-04-3:80	DB11689	Selumetinib	0.18756214451829437	0.959595450118889	0.7301920768307323	0.8249137060902383	THP1
CPC006_PL21_6H:BRD-K08316444-001-04-3:0.63	DB11457	Rotenone	-0.16954412098654228	-0.9551491196709789	0.7301966749972835	0.8249137060902383	PL21
LJP007_NPC.TAK_24H:F06	DB12848	PF-04217903	0.17728851243783064	0.95375790013536	0.7338849729287976	0.8288997231292566	NPC.TAK
CPC013_NEU_24H:BRD-K05104363-001-02-7:10	DB12429	CI-1040	0.17790476714370107	0.9534671333103839	0.7349111202976436	0.8298778438401371	NEU
NMH002_NEU_6H:BRD-K59773493-001-01-9:10	DB01924	Benzhydroxamic Acid	0.15807485760599904	0.9730003541187983	0.7354211663066955	0.8302728722878641	NEU
CPC006_U937_6H:BRD-A67373739-001-01-4:10	DB01700	AICA ribonucleotide	0.15066425280233953	0.9876112471604711	0.7368421052631579	0.8316632621450298	U937
LPROT003_NPC_6H:P17	DB12015	Alpelisib	0.19512855497390655	0.9581825677553858	0.736973697369737	0.8316632621450298	NPC
AML001_U937_6H:BRD-K93754473:4.48614	DB00675	Tamoxifen	-0.19069378367836698	-0.9565187472730367	0.7387216164849455	0.8334542600968838	U937
LJP007_NPC_24H:F18	DB12247	AZD-4547	0.19767421090880602	0.9570827550154098	0.7413	0.8361812363952981	NPC
CPC014_NEU_24H:BRD-K19687926-379-01-7:10	DB01259	Lapatinib	0.18450864992403984	0.9539947643177645	0.74162727547018	0.8361901935573613	NEU
CPC006_WSUDLCL2_6H:BRD-A19500257:10	DB02424	Geldanamycin	0.1653789365288564	0.9667250818895817	0.7416306695464363	0.8361901935573613	WSUDLCL2
NMH001_NPC_6H:BRD-K41160163-001-02-7:10	DB12931	Fenobam	-0.15875381100416505	-0.9698494905962931	0.7423146473779385	0.8367793131852246	NPC
NMH002_NPC_24H:BRD-A13084692-001-10-8:10	DB08607	(5R)-5-(4-{[(2R)-6-HYDROXY-2,5,7,8-TETRAMETHYL-3,4-DIHYDRO-2H-CHROMEN-2-YL]METHOXY}BENZYL)-1,3-THIAZOLIDINE-2,4-DIONE	0.18327279844040534	0.9536713315042598	0.7443232969890967	0.8388610972156371	NPC
NMH002_NPC_24H:BRD-A58048407-001-12-1:10	DB00393	Nimodipine	-0.18268054426205602	-0.9525866450792629	0.745190380761523	0.8396556975660388	NPC
LJP009_NPC.CAS9_24H:K22	DB12432	CC-401	0.18270200141092904	0.952577785250692	0.7471876255524307	0.8417231033940643	NPC.CAS9
CPC016_NPC_24H:BRD-K93461745-003-14-4:10	DB00490	Buspirone	-0.1629260207306762	-0.9517725280206938	0.7475373547315993	0.8419340517755156	NPC
LPROT003_NPC_6H:J11	DB12006	BMS-906024	-0.19519977491059137	-0.9553375565000679	0.7498	0.844157254561251	NPC
LJP009_NPC.TAK_24H:B03	DB00877	Sirolimus	-0.1567317000487859	-0.9758562102165912	0.75	0.844157254561251	NPC.TAK
CPC006_PL21_6H:BRD-K26657438-001-01-2:10	DB00724	Imiquimod	-0.154210802466747	-0.9744355853558754	0.75	0.844157254561251	PL21
CPC014_NEU_24H:BRD-M72442222-001-01-0:10	DB06652	Vicriviroc	-0.1810006020955646	-0.9531869961312405	0.7506514331529365	0.8447069981755736	NEU
CPC006_NOMO1_6H:BRD-K92991072-001-02-3:10	DB13048	PAC-1	-0.20192844189766307	-0.9575224261552402	0.7528	0.8469408597481546	NOMO1
LJP007_NPC.TAK_24H:F15	DB12247	AZD-4547	-0.15979034445039808	-0.9699613909761963	0.7534246575342466	0.8474596430090006	NPC.TAK
CPC016_NEU_24H:BRD-A36066264-001-03-1:10	DB13953	Estradiol benzoate	-0.1829306525965358	-0.9503943058305916	0.7576153614155021	0.8519884554807143	NEU
CPC006_THP1_6H:BRD-A09533288-003-20-5:10	DB14063	Dexverapamil	0.16008865120823412	0.9702447108822915	0.7582697201017812	0.8525393121213778	THP1
CPC006_NOMO1_6H:BRD-K93754473-001-06-0:28.39	DB00675	Tamoxifen	-0.18130318887782032	-0.9505209104175325	0.7594708358388454	0.8537045274006284	NOMO1
LJP007_NPC.TAK_24H:O02	DB07101	PD-0325901	-0.18611128277344338	-0.9494714202253569	0.7600840756681013	0.8539834029295092	NPC.TAK
NMH002_NEU_6H:BRD-K32107296-001-11-0:10	DB00853	Temozolomide	-0.1527553771880133	-0.9566162786404209	0.7601108936725375	0.8539834029295092	NEU
CPC014_NEU_24H:BRD-K84085265-001-01-3:10	DB11798	Tanzisertib	-0.18057231521391184	-0.9495432581010846	0.7602133226001208	0.8539834029295092	NEU
LJP009_NPC.CAS9_24H:D06	DB11775	PF-03758309	0.1667092848096191	0.9664785772917159	0.7627443464929091	0.8566409197066006	NPC.CAS9
LPROT003_NPC_6H:N03	DB08895	Tofacitinib	0.1613309111130734	0.9692453719993751	0.7648401826484018	0.8588086297906865	NPC
CPC015_NPC_24H:BRD-K60770992-066-15-1:10	DB01186	Pergolide	-0.16744269246656357	-0.949563688535248	0.7650214592274678	0.8588260835608185	NPC
CPC018_NPC_24H:BRD-A34255068-001-16-2:10	DB04149	(R)-Rolipram	-0.15123558003375764	-0.9689281865878503	0.7665024630541872	0.8603023096267702	NPC
LJP007_NPC.CAS9_24H:P09	DB07859	4-(4-CHLOROPHENYL)-4-[4-(1H-PYRAZOL-4-YL)PHENYL]PIPERIDINE	-0.17831032243452882	-0.9462571789190037	0.7698044749042532	0.8638213055335296	NPC.CAS9
DOSBIO001_NEU_24H:BRD-K81418486:1.11111	DB02546	Vorinostat	-0.17521803844882436	-0.9462926050091152	0.7700213696957362	0.8638776223778534	NEU
CPC015_NPC_24H:BRD-A42167015-003-03-7:10	DB00521	Carteolol	0.17301173760522703	0.9449749681229013	0.7709846650524617	0.8647512280197982	NPC
CPC006_NOMO1_6H:BRD-K68185022-001-06-4:70.07	DB15588	Ursolic acid	0.18031206707412736	0.9481278844445428	0.7711338141025641	0.8647512280197982	NOMO1
CPC018_NPC_24H:BRD-K83597974-003-15-6:10	DB01626	Pargyline	-0.17952557315879103	-0.9466737435038236	0.7734129796496912	0.867119441917936	NPC
LJP008_NPC.CAS9_24H:F06	DB12376	Ricolinostat	-0.16194583486595804	-0.959892659357631	0.7744956772334294	0.8681454898169221	NPC.CAS9
LPROT003_NPC_6H:J03	DB08881	Vemurafenib	-0.1876931112001009	-0.9466134053739679	0.7760536590249274	0.8696161258827125	NPC
NMH001_NEU_24H:BRD-K12539581-001-18-7:10	DB08313	Nocodazole	-0.18778104311891383	-0.9491598221396339	0.7761433003102172	0.8696161258827125	NEU
NMH002_NEU_6H:BRD-K23984367-075-10-3:10	DB15414	CM-4307	0.18111355484073563	0.9462901962533026	0.7781142741772663	0.8716360070874608	NEU
CPC014_NPC_24H:BRD-A84327315-001-01-1:10	DB00136	Calcitriol	0.18557309710315528	0.946814760306724	0.7782891445722862	0.8716434724818644	NPC
LJP007_NPC.TAK_24H:P09	DB07859	4-(4-CHLOROPHENYL)-4-[4-(1H-PYRAZOL-4-YL)PHENYL]PIPERIDINE	-0.16284463060567786	-0.9623047686295155	0.7786747393205516	0.8718868840015339	NPC.TAK
CPC006_THP1_6H:BRD-K52075040-001-03-0:44.4	DB01034	Cerulenin	0.17818031442822727	0.9443733795957922	0.7789971808296415	0.8720594925597759	THP1
LJP007_NPC.CAS9_24H:K03	DB12064	BMS-777607	0.1643207725584373	0.947764802432156	0.7796590241034685	0.8726118926358907	NPC.CAS9
LJP008_NPC.CAS9_24H:O06	DB07101	PD-0325901	-0.1643006350232679	-0.9527846522697965	0.7799008168028004	0.8726940256255911	NPC.CAS9
LJP007_NPC.TAK_24H:O05	DB07101	PD-0325901	0.15586121703997521	0.9667805295653804	0.7801204819277109	0.8727513681669684	NPC.TAK
CPC006_U937_6H:BRD-A93255169-001-13-5:10	DB01041	Thalidomide	-0.19529867328761322	-0.948743153413429	0.7806	0.8730993308871141	U937
NMH002_NPC_6H:BRD-A38878059-001-02-8:10	DB07557	3,20-Pregnanedione	0.17480520236756708	0.942226229128142	0.7833488084184463	0.8759847918050041	NPC
CPC013_NEU_24H:BRD-K29733039-001-01-1:10	DB06233	Ridaforolimus	0.16457426506559839	0.9612958507065397	0.7835276967930029	0.8759957982268266	NEU
CPC018_NPC_24H:BRD-K06980535-003-15-0:10	DB00420	Promazine	0.162613419079819	0.9416813734773303	0.7840731884811311	0.8763221671946319	NPC
NMH001_NPC_24H:BRD-K32814891-001-01-1:10	DB12395	Esreboxetine	0.16428835065913902	0.9622084104549481	0.7841578327444052	0.8763221671946319	NPC
CPC015_NPC_24H:BRD-A40639672-234-09-9:10	DB00465	Ketorolac	0.20528873321511612	0.9502970533507686	0.7848	0.8768507115135834	NPC
LJP007_NPC.TAK_24H:G10	DB11963	Dacomitinib	0.1538917567597809	0.9664990387004038	0.7857142857142857	0.8775508621076059	NPC.TAK
NMH002_NEU_24H:BRD-K91509126-001-19-4:10	DB08399	Piceatannol	0.1938706823175781	0.9484710443119908	0.7859	0.8775508621076059	NEU
LJP009_NPC_24H:I20	DB11363	Alectinib	0.16522221762006215	0.9475481457154943	0.7859346875803549	0.8775508621076059	NPC
LJP007_NPC.CAS9_24H:D20	DB06616	Bosutinib	-0.1653158217450482	-0.9601171045786888	0.7861979166666667	0.8776556665589544	NPC.CAS9
CPC006_THP1_6H:BRD-K52836380-001-01-7:22.2	DB07403	4-[(3-CHLORO-4-{[(2R)-3,3,3-TRIFLUORO-2-HYDROXY-2-METHYLPROPANOYL]AMINO}PHENYL)SULFONYL]-N,N-DIMETHYLBENZAMIDE	0.1604480567382736	0.9499570918679163	0.7869459883140943	0.8783015531862238	THP1
CPC016_NEU_24H:BRD-A44780397-001-01-1:10	DB00834	Mifepristone	0.15982551488201874	0.9638435834916583	0.7873051224944321	0.8785131664009791	NEU
LJP009_NPC_24H:P20	DB09074	Olaparib	-0.1577245539083101	-0.9724252484202673	0.7878787878787878	0.8789640212675734	NPC
CPC018_NPC_24H:BRD-K61250553-003-16-5:10	DB00836	Loperamide	0.17565896624263105	0.9419637909595329	0.78954802259887	0.8805051000645577	NPC
LJP007_NEU_24H:M01	DB07794	5-(2-PHENYLPYRAZOLO[1,5-A]PYRIDIN-3-YL)-1H-PYRAZOLO[3,4-C]PYRIDAZIN-3-AMINE	-0.20731081611954844	-0.9516678038580018	0.7896	0.8805051000645577	NEU
LJP008_NPC.TAK_24H:I11	DB11830	Mocetinostat	-0.17034887397358378	-0.9459833085624257	0.7910817506193228	0.8819676488187028	NPC.TAK
CPC016_NEU_24H:BRD-K88871508-001-01-9:10	DB00589	Lisuride	0.1640326806524282	0.9463729908811593	0.7916056612981942	0.8822401433691757	NEU
CPC015_NPC_24H:BRD-A14966924-001-03-0:10	DB13233	Alaproclate	0.13721316764137198	0.9788406767188583	0.7916666666666666	0.8822401433691757	NPC
LJP009_NPC.CAS9_24H:B20	DB16107	BI 2536	0.16918934316458298	0.9433531641263927	0.792253136933988	0.8827038820881372	NPC.CAS9
NMH002_NEU_6H:BRD-K92723993-066-14-4:10	DB00619	Imatinib	0.16177155319957634	0.950370157591467	0.7938388625592417	0.8842805214492672	NEU
LJP007_JURKAT_24H:K02	DB12064	BMS-777607	0.16687660493295162	0.9438192167413075	0.7940305308726361	0.8843039353066838	JURKAT
NMH001_NPC_24H:BRD-K09557221-001-01-6:10	DB13070	Surinabant	0.17714151624332913	0.9424886598405657	0.7943120368515922	0.8844273689224218	NPC
LJP007_NPC.TAK_24H:F04	DB12848	PF-04217903	-0.17050954042287278	-0.9480270593995074	0.7953133091662351	0.8853520017399421	NPC.TAK
LJP009_NPC_24H:B24	DB16107	BI 2536	0.2091217075876835	0.9496502015741811	0.7958	0.885696558507707	NPC
LJP008_NEU_24H:H16	DB11841	Entinostat	0.16848556372593482	0.9449712400849711	0.7959646609360076	0.885696558507707	NEU
CPC018_NPC_24H:BRD-A23072235-050-09-4:10	DB01620	Pheniramine	-0.1652530198516911	-0.9401845791923918	0.7968454258675078	0.8864862595202717	NPC
CPC006_SKM1_6H:BRD-A67373739-001-01-4:10	DB01700	AICA ribonucleotide	0.15126565899672073	0.9703083317214991	0.8	0.8894228706286206	SKM1
LJP009_NEU_24H:L20	DB12588	AZD-1480	-0.15960957216043614	-0.970084298796746	0.8	0.8894228706286206	NEU
LJP009_NPC.TAK_24H:H09	DB08912	Dabrafenib	-0.15957660130705983	-0.9661085617428928	0.8	0.8894228706286206	NPC.TAK
LJP008_NPC.CAS9_24H:A24	DB11740	MK-1775	0.1687380614462827	0.9458530918833614	0.8004316364098006	0.8897118704151838	NPC.CAS9
NMH002_NEU_6H:BRD-K00959089-001-02-2:10	DB04795	Thenoyltrifluoroacetone	-0.1598078948911157	-0.9387847451163897	0.8013706080713586	0.8905173670668953	NEU
LJP008_NEU_24H:A21	DB11740	MK-1775	0.18980338949204179	0.9442340681305657	0.8015	0.8905173670668953	NEU
LJP007_JURKAT_24H:M13	DB07460	2-({5-CHLORO-2-[(2-METHOXY-4-MORPHOLIN-4-YLPHENYL)AMINO]PYRIMIDIN-4-YL}AMINO)-N-METHYLBENZAMIDE	0.16694794011726663	0.951409795923171	0.8019064124783363	0.8907779270016589	JURKAT
NMH002_NEU_6H:BRD-K95785537-001-19-9:10	DB03023	1-Tert-Butyl-3-(4-Chloro-Phenyl)-1h-Pyrazolo[3,4-D]Pyrimidin-4-Ylamine	0.16022184458391248	0.9384241703282517	0.8026092490453967	0.891367580058561	NEU
LJP009_NPC.CAS9_24H:H12	DB08912	Dabrafenib	0.17014772903880176	0.9414577864802682	0.803380984796914	0.8920334825835886	NPC.CAS9
LJP007_NPC.TAK_24H:P02	DB09054	Idelalisib	0.15834833132366988	0.9638196822376327	0.80440097799511	0.8929746932242203	NPC.TAK
NMH002_NPC_24H:BRD-K13005598-001-01-5:10	DB13034	Foxy-5	0.1610894447629461	0.95161352757813	0.8059982862039418	0.8945562473996201	NPC
NMH002_NEU_24H:BRD-K27450477-003-06-8:10	DB07711	(2S,3R)-3-(6-amino-9H-purin-9-yl)nonan-2-ol	-0.16413268935254266	-0.939481163045386	0.8066890356099145	0.8951311739894169	NEU
CPC016_NEU_24H:BRD-K12513978-001-16-7:10	DB08981	Fenbufen	0.15133254628328874	0.97521882303875	0.8070175438596491	0.8953039846458363	NEU
LJP009_NPC.CAS9_24H:I15	DB12146	Rigosertib	-0.1749523246980945	-0.9372913974791651	0.8075049238105111	0.8956529356134565	NPC.CAS9
LJP009_NPC.CAS9_24H:G08	DB08521	4-[4-(4-Fluorophenyl)-2-[4-[(R)-methylsulfinyl]phenyl]-1H-imidazol-5-yl]pyridine	-0.1556973954860723	-0.9612823883005248	0.8080469404861693	0.8960623251871024	NPC.CAS9
LPROT003_NPC_6H:L09	DB00460	Verteporfin	-0.19924804986028574	-0.9438880257753214	0.8113811381138114	0.8995671924916069	NPC
CPC006_U937_6H:BRD-A19633847-050-20-6:10	DB01074	Perhexiline	0.15174205616745254	0.9596631444438957	0.8117913832199547	0.8998295075606	U937
LJP007_NPC.TAK_24H:I05	DB01268	Sunitinib	-0.16275122237359677	-0.9445782451258885	0.812423542204703	0.9003376380891299	NPC.TAK
LJP007_NEU_24H:L10	DB11836	Sapanisertib	0.20347417953380983	0.9439881550843789	0.814	0.9018918109899507	NEU
NMH002_NEU_6H:BRD-A91699651-001-02-4:10	DB00608	Chloroquine	-0.16367398758375357	-0.9511322875428254	0.8150424877960586	0.9028538203846036	NEU
LJP007_NPC_24H:M02	DB07794	5-(2-PHENYLPYRAZOLO[1,5-A]PYRIDIN-3-YL)-1H-PYRAZOLO[3,4-C]PYRIDAZIN-3-AMINE	0.15787131115406092	0.9543881810504855	0.8153537380832915	0.9028809151031373	NPC
CPC014_NEU_24H:BRD-K93918653-001-01-4:10	DB12874	Quizartinib	-0.181528496677023	-0.9353259236404577	0.8154154154154154	0.9028809151031373	NEU
AML001_HL60_6H:BRD-A45664787:1.11111	DB01088	Iloprost	0.1542397901641727	0.9656571558970454	0.8163265306122449	0.9035443141597136	HL60
LJP007_NPC.TAK_24H:P23	DB11886	Infigratinib	-0.18928839201964826	-0.9404258065918439	0.8163632726545309	0.9035443141597136	NPC.TAK
CPC015_NPC_24H:BRD-A28746609-001-05-7:10	DB01229	Paclitaxel	0.17287519725471973	0.9360803653209636	0.8170353317986188	0.9040950436430584	NPC
CPC014_NPC_24H:BRD-A18497530-001-05-3:10	DB04604	5-iodotubercidin	-0.1722167744375683	-0.9324802354448478	0.8174677002583979	0.9043803635224206	NPC
AML001_HL60_6H:BRD-K93754473:4.48614	DB00675	Tamoxifen	-0.18143684139987815	-0.9360677011066004	0.8201864287862083	0.9071944661622479	HL60
NMH002_NEU_24H:BRD-A56798952-001-01-5:10	DB06733	Bafilomycin A1	0.17999538956392416	0.9337688371444572	0.8206187644865464	0.9074789666174313	NEU
CPC015_NPC_24H:BRD-K63828191-003-11-5:10	DB00481	Raloxifene	0.15730937589116653	0.959251548373224	0.8208955223880597	0.9075913371058087	NPC
AML001_U937_24H:BRD-K26684619:3.33333	DB08784	2-(4-CHLORO-PHENYLAMINO)-NICOTINIC ACID	-0.18769896050133897	-0.9355256117847157	0.8230115057528764	0.9097245718034631	U937
AML001_HL60_24H:BRD-A19500257:10	DB02424	Geldanamycin	0.1660070998083606	0.9318935978493618	0.8232359230220955	0.9097245718034631	HL60
CPC006_WSUDLCL2_6H:BRD-K04430056-001-09-4:80	DB02207	7-Nitroindazole	-0.16304356557123648	-0.944686102915498	0.8233516483516483	0.9097245718034631	WSUDLCL2
LJP007_JURKAT_24H:K06	DB12064	BMS-777607	-0.1905868875761285	-0.9374913710950211	0.8236647329465894	0.9098764967233481	JURKAT
NMH001_NPC_24H:BRD-K60511616-001-01-2:10	DB00175	Pravastatin	0.16314856518339874	0.9431942036952748	0.8240950226244343	0.9101578020545223	NPC
LJP007_JURKAT_24H:B10	DB07970	5-[(2-methyl-5-{[3-(trifluoromethyl)phenyl]carbamoyl}phenyl)amino]pyridine-3-carboxamide	0.1833084745022591	0.9345021336169326	0.8247619047619048	0.9107002323622823	JURKAT
LJP008_NPC.TAK_24H:K21	DB12332	Rucaparib	-0.1727446267919115	-0.9323389407954313	0.8257598861441496	0.9113391645354086	NPC.TAK
NMH002_NEU_6H:BRD-K61250553-003-24-9:10	DB00836	Loperamide	0.1754582580357496	0.9336249079345291	0.8258279483037156	0.9113391645354086	NEU
CPC013_NPC_24H:BRD-K49865102-001-01-9:10	DB07101	PD-0325901	-0.18193133784138835	-0.9331869161884057	0.8258681429290388	0.9113391645354086	NPC
CPC016_NEU_24H:BRD-K80315159-051-01-2:10	DB04905	Tesmilifene	0.15982698326605357	0.9599998140087236	0.8263305322128851	0.9116552731375709	NEU
LJP007_NPC_24H:K02	DB12064	BMS-777607	-0.17892711293970617	-0.932949414027187	0.8273338012634112	0.9125678497545757	NPC
LJP009_NPC_24H:I06	DB11798	Tanzisertib	-0.16524594068821838	-0.9341907142712743	0.8276408052476815	0.9127122053188945	NPC
LJP007_NPC_24H:L09	DB11836	Sapanisertib	0.21155689005849093	0.9435510105374748	0.8281	0.9130242978723403	NPC
LJP007_NPC.CAS9_24H:G15	DB01254	Dasatinib	0.170976131647141	0.9307011579536686	0.8290139390810531	0.9138375308057897	NPC.CAS9
NMH002_NPC_6H:BRD-A97437073-050-09-5:10	DB00412	Rosiglitazone	-0.16671871032897637	-0.9359548217397776	0.8294002532519857	0.9140689307426181	NPC
CPC012_NEU_24H:BRD-K48935217-001-01-3:10	DB03010	Patupilone	0.14751977541567357	0.9669065356379345	0.83	0.9145354029342972	NEU
LJP007_JURKAT_24H:K23	DB01590	Everolimus	0.15896320753186335	0.9551416678687761	0.8303571428571429	0.9147344205539358	JURKAT
LJP008_NPC.TAK_24H:H18	DB11841	Entinostat	0.17292115486888246	0.9312614688921131	0.8313278225384535	0.9156090916884732	NPC.TAK
CPC006_PL21_6H:BRD-K76964878-001-01-8:24	DB13978	Selisistat	-0.17868811363861634	-0.932179409201841	0.8321482223335003	0.9163179107803227	PL21
PCLB001_JURKAT_6H:BRD-A58955223-001-02-0:0.16	DB12422	Sulforaphane	0.16228261714262016	0.9427479484073025	0.8337282229965157	0.9176804617754478	JURKAT
NMH001_NEU_6H:BRD-A31159102-001-02-7:10	DB08544	(S)-Fluoxetine	0.16773025371260586	0.9307907366764375	0.8337397942954088	0.9176804617754478	NEU
CPC006_PL21_6H:BRD-A84481105-003-17-2:10	DB00679	Thioridazine	0.18156207757553547	0.9330015573808689	0.8354670934186837	0.9193863831165044	PL21
NMH001_NPC_24H:BRD-K22134346-001-18-1:10	DB00641	Simvastatin	0.16171547643176365	0.9498175306015838	0.8364030335861322	0.9202209172066533	NPC
LJP007_NPC_24H:C03	DB11800	Tivozanib	-0.16094912115040713	-0.9520348796721783	0.839174137462646	0.9230737381302127	NPC
LJP008_NPC.CAS9_24H:N10	DB02665	(1R,2S)-2-Phenylcyclopropanaminium	0.1737267261793436	0.9275919186549645	0.8400402414486922	0.9238303334437866	NPC.CAS9
LJP007_NPC_24H:F14	DB12247	AZD-4547	0.18436210885100393	0.9321908260053728	0.8402360944377751	0.9238496586837579	NPC
LJP008_NPC.TAK_24H:F02	DB12376	Ricolinostat	-0.1626734447385742	-0.9425686528528819	0.8407595693779905	0.9242291235716475	NPC.TAK
AML001_HL60_6H:BRD-A75409952:1.11111	DB08059	Wortmannin	0.17507496549283608	0.9295508409293989	0.8419681330794668	0.9253613712869134	HL60
LJP008_NPC.CAS9_24H:J03	DB12116	Epigallocatechin gallate	0.16589712377245078	0.934047114324344	0.8421718624180375	0.9253890142176147	NPC.CAS9
LJP009_NPC.TAK_24H:O04	DB07101	PD-0325901	-0.18437211402463038	-0.9319499778479088	0.8431529458837651	0.9261317186235045	NPC.TAK
NMH002_NPC_24H:BRD-A09533288-003-26-2:10	DB14063	Dexverapamil	0.17170098120026756	0.9269865461326013	0.8432052196961973	0.9261317186235045	NPC
CPC006_SKM1_6H:BRD-K53414658-001-01-7:10	DB11800	Tivozanib	-0.17121774521057295	-0.9278746607036076	0.8436268068331143	0.926398413436999	SKM1
LJP009_NEU_24H:B08	DB12242	AZD-7762	0.16175329112060932	0.9416454665692326	0.8451090882820401	0.9278295117537144	NEU
CPC006_SKM1_6H:BRD-K26657438-001-01-2:10	DB00724	Imiquimod	0.15824312700890988	0.9563177407805677	0.8462783171521036	0.9287662502646623	SKM1
LJP007_NPC_24H:H12	DB09053	Ibrutinib	0.16149376754318717	0.9367695888598057	0.8464940809158319	0.9287662502646623	NPC
LJP009_NPC.TAK_24H:L23	DB12588	AZD-1480	0.1908884599075195	0.9332794991202773	0.8465	0.9287662502646623	NPC.TAK
NMH002_NPC_6H:BRD-K11528507-001-05-9:10	DB02424	Geldanamycin	0.16678379106606978	0.9330691668069553	0.846746378477811	0.9288399096680814	NPC
LJP008_NPC.CAS9_24H:A11	DB07232	Veliparib	-0.15808881462951377	-0.9546721901255105	0.8469613259668508	0.9288790669122161	NPC.CAS9
CPC014_NEU_24H:BRD-K46212057-001-01-2:10	DB00582	Voriconazole	0.16905956301082745	0.9284094272144898	0.8472322440985466	0.9289795786962903	NEU
LJP008_NPC.CAS9_24H:G11	DB02546	Vorinostat	0.1686582407830623	0.9248718185832216	0.8498861990482102	0.9316201353637902	NPC.CAS9
LJP008_NPC.TAK_24H:G09	DB02546	Vorinostat	0.1557325942840064	0.9528195993993975	0.85	0.9316201353637902	NPC.TAK
LJP008_NPC_24H:I09	DB11830	Mocetinostat	-0.1744400082233118	-0.9273639052130237	0.8529815303430079	0.9346902707205471	NPC
LJP007_NPC_24H:O04	DB07101	PD-0325901	-0.18696613890257727	-0.9301559134225739	0.8538	0.9353169869060372	NPC
CPC016_NPC_24H:BRD-K33453211-003-03-2:10	DB01106	Levocabastine	0.17453333135896143	0.924801041539757	0.8539144471347861	0.9353169869060372	NPC
LJP008_NPC.CAS9_24H:K19	DB12332	Rucaparib	0.1588550073432052	0.9568557677941769	0.8548387096774194	0.9361314863796254	NPC.CAS9
CPC006_THP1_6H:BRD-A01145011-001-01-4:11.1	DB03068	Zebularine	-0.15780948250989346	-0.9382092023025637	0.8551058620193001	0.9362261941652256	THP1
LJP009_NPC_24H:I02	DB11798	Tanzisertib	-0.1612383422318732	-0.9330619534008604	0.8554821341164953	0.9364403081942709	NPC
NMH002_NPC_6H:BRD-K02404261-001-12-6:10	DB00201	Caffeine	-0.18456500091759012	-0.9315182928491955	0.8561	0.936918732840549	NPC
AML001_U937_24H:BRD-K93754473:13.4584	DB00675	Tamoxifen	-0.17274277621314116	-0.9249010578010303	0.8576288144072036	0.9382229144261397	U937
LJP008_NPC.CAS9_24H:A08	DB07232	Veliparib	-0.15965303394310068	-0.9575974082211961	0.857653791130186	0.9382229144261397	NPC.CAS9
NMH002_NPC_6H:BRD-K33127281-001-02-3:10	DB00210	Adapalene	-0.18800823357227814	-0.9304472589452663	0.8586	0.9390597720557198	NPC
LJP008_NPC.CAS9_24H:J10	DB05223	Pracinostat	-0.16764578660500043	-0.9303188517989401	0.8593984095885675	0.9397346610018901	NPC.CAS9
CPC014_NEU_24H:BRD-K05396879-001-05-9:10	DB08435	(5E,14E)-11-oxoprosta-5,9,12,14-tetraen-1-oic acid	-0.16184158573510532	-0.9712288447505538	0.86	0.94018613799456	NEU
CPC017_NPC_24H:BRD-A07875874-001-01-6:10	DB09232	Cilnidipine	-0.17712153279860504	-0.9242856417911975	0.860174156741067	0.94018613799456	NPC
CPC015_NPC_24H:BRD-K38323065-001-09-0:10	DB03783	Phenacetin	-0.15430191027908557	-0.9323679137815623	0.8636656778021411	0.9438033619508004	NPC
LJP009_NPC.CAS9_24H:D14	DB16108	TAK-715	-0.16994372097401372	-0.9220487081898263	0.8645908020075797	0.9446151246053717	NPC.CAS9
LJP007_JURKAT_24H:D22	DB06616	Bosutinib	-0.16744012528476448	-0.9228669766667614	0.8650668350699926	0.9448822760800842	JURKAT
CPC016_NPC_24H:BRD-K88358234-003-01-4:10	DB06393	Xaliproden	-0.18858115339486817	-0.9261333911494896	0.8652	0.9448822760800842	NPC
LPROT003_NPC_6H:L13	DB11651	Dactolisib	0.18344703383625272	0.9231169375484396	0.8666866686668667	0.9463064300530348	NPC
CPC013_NPC_24H:BRD-K89839824-001-01-2:10	DB00293	Raltitrexed	-0.1850817968921156	-0.9246805053934116	0.866986698669867	0.9464346055418688	NPC
NMH002_NPC_6H:BRD-K24994810-001-02-7:10	DB01889	16,17-Androstene-3-Ol	0.20319790385638778	0.9328881869199862	0.8682	0.9475594776748104	NPC
LJP009_NEU_24H:E13	DB13113	JNJ-38877605	0.16582498579919236	0.9186536012830313	0.8685202159079336	0.9476861385773512	NEU
LPROT001_NPC.TAK_6H:O10	DB02546	Vorinostat	-0.18105923056476703	-0.9201147201440291	0.868681813632269	0.9476861385773512	NPC.TAK
LJP009_NEU_24H:O01	DB07101	PD-0325901	0.16469265737107414	0.9207466812097618	0.8690106120698896	0.9478452939899322	NEU
DOSBIO001_NPC_24H:BRD-K81418486:0.37037	DB02546	Vorinostat	0.16506389204602687	0.919532744153822	0.8698966273363267	0.9486120208032081	NPC
NMH002_NPC_6H:BRD-K22429181-001-12-6:10	DB00162	Vitamin A	-0.16395805026226182	-0.928659215946597	0.8706525532162382	0.9491990557015865	NPC
CPC016_NPC_24H:BRD-K92760278-001-02-4:10	DB00140	Riboflavin	0.1695745777389032	0.9190896364812201	0.8708012950222582	0.9491990557015865	NPC
LJP007_NPC.CAS9_24H:D10	DB08875	Cabozantinib	0.16096182946733537	0.9349030222439894	0.8731601731601731	0.9515701403398564	NPC.CAS9
CPC016_NEU_24H:BRD-K47631482-003-03-9:10	DB09019	Bromhexine	0.17036443790789166	0.9204361416932373	0.8750500200080032	0.9534291849624627	NEU
NMH002_NPC_6H:BRD-K93258693-001-12-4:10	DB07863	2-chloro-5-nitro-N-phenylbenzamide	0.15911451714042896	0.9377341043334402	0.8777257308996931	0.9561399650038613	NPC
LJP008_NPC.TAK_24H:H17	DB11841	Entinostat	0.15970111126760347	0.9487417409947634	0.877906976744186	0.9561399650038613	NPC.TAK
CPC014_NPC_24H:BRD-K14880289-001-01-4:10	DB05416	Cardarine	-0.1621056770933079	-0.9270031567641809	0.8789380530973452	0.9570617758248461	NPC
CPC006_SKM1_6H:BRD-K41260949-236-02-8:10	DB00313	Valproic acid	0.1747508956746104	0.9175496298218687	0.8793864046520955	0.9573488127956217	SKM1
LJP009_NPC_24H:O06	DB07101	PD-0325901	-0.1743307611705301	-0.9183492594132534	0.8796818364881193	0.957469287267682	NPC
LJP007_JURKAT_24H:I06	DB01268	Sunitinib	-0.18123531506313836	-0.9171931546655346	0.8800682456844641	0.9576887125444966	JURKAT
LJP007_JURKAT_24H:L11	DB11836	Sapanisertib	0.17097948123342832	0.9174961779819979	0.8805787650295496	0.9579377348819132	JURKAT
LJP007_NPC.TAK_24H:G09	DB11963	Dacomitinib	0.16873109046268117	0.9170399407543511	0.8806668021955683	0.9579377348819132	NPC.TAK
LJP009_NPC_24H:F01	DB11962	GSK-1059615	0.1610231231582134	0.9330772494430489	0.8808704035256851	0.9579581177481847	NPC
LJP008_NPC.CAS9_24H:H13	DB11841	Entinostat	-0.16277768736529502	-0.9340823238082959	0.8835389708095095	0.9606586124076538	NPC.CAS9
CPC006_THP1_6H:BRD-K50590187-001-10-8:160	DB09120	Zucapsaicin	0.1624313312937414	0.9244066145685114	0.8840791544861705	0.96104430009384	THP1
CPC006_SKM1_6H:BRD-K56851771-001-02-7:0.25	DB08899	Enzalutamide	0.17163751986452233	0.9118749137550326	0.8872771229978845	0.9643183832581874	SKM1
CPC006_THP1_6H:BRD-K01292756-001-10-2:10	DB01100	Pimozide	-0.17386392612508056	-0.9140430143681717	0.88820688267257	0.9651264554433335	THP1
LJP007_JURKAT_24H:A04	DB05134	Tanespimycin	0.16319854157162855	0.9412329098056417	0.8887904297740363	0.9655580727650013	JURKAT
CPC016_NPC_24H:BRD-K06926592-001-01-7:10	DB00982	Isotretinoin	0.14769276583062918	0.950433126741833	0.8894601542416453	0.9657934197106174	NPC
LJP008_NPC.TAK_24H:G18	DB01254	Dasatinib	0.18921069594784906	0.9188799950586781	0.8895	0.9657934197106174	NPC.TAK
LJP007_NPC.TAK_24H:F17	DB12247	AZD-4547	0.1764070048041224	0.9157435910610354	0.8895661891699685	0.9657934197106174	NPC.TAK
LJP007_JURKAT_24H:A17	DB12742	Amuvatinib	-0.1675640053255165	-0.9150407146012316	0.8899571533075556	0.9660154940175436	JURKAT
LJP007_NPC_24H:E10	DB05913	OSI-930	0.17276878078958008	0.910297902436333	0.8910871101241546	0.9668391462261804	NPC
LJP009_NEU_24H:H12	DB08912	Dabrafenib	0.16215824046135535	0.9309362982270694	0.8910891089108911	0.9668391462261804	NEU
LPROT003_NPC_6H:F07	DB12021	Dinaciclib	-0.1594059520992428	-0.9455210171681339	0.8916737468139337	0.9671926340561853	NPC
LJP007_NEU_24H:K21	DB01590	Everolimus	0.16282306654231518	0.9120219715367025	0.892087073145569	0.9671926340561853	NEU
LJP007_NPC.CAS9_24H:C01	DB11800	Tivozanib	0.17705873136109643	0.9141568740535049	0.8922521800140323	0.9671926340561853	NPC.CAS9
LJP009_NPC_24H:I05	DB11798	Tanzisertib	-0.17613631549648084	-0.9138019472097237	0.8922876341390031	0.9671926340561853	NPC
CPC015_NPC_24H:BRD-K40887525-001-14-4:10	DB12693	Ritanserin	-0.16376900914475145	-0.9105176009081937	0.892348124936824	0.9671926340561853	NPC
LJP009_NEU_24H:K07	DB11962	GSK-1059615	0.20194048342917365	0.9248924656517805	0.8927	0.9673716854872438	NEU
CPC006_PL21_6H:BRD-K69932463-001-03-1:10	DB12774	AZD-8055	0.18053758255857244	0.916359518105887	0.8930572228891557	0.9675564559923907	PL21
LJP008_NPC_24H:A09	DB07232	Veliparib	0.19963957609072602	0.9233206524948097	0.8962	0.9707584448160536	NPC
NMH001_NEU_24H:BRD-K37289225-001-30-7:10	DB00363	Clozapine	-0.16013069875368335	-0.948806806223986	0.8968609865470852	0.9711185114660027	NEU
NMH002_NEU_6H:BRD-K18910433-001-24-2:10	DB00783	Estradiol	-0.17666379456391665	-0.9112367502769144	0.8969072164948454	0.9711185114660027	NEU
CPC006_THP1_6H:BRD-K19295594-001-08-5:11.1	DB13044	Gossypol	0.16227911284664712	0.9262165335508654	0.8984155379504216	0.9725484265007489	THP1
LJP007_NEU_24H:E06	DB11743	Ipatasertib	-0.1718835396439999	-0.9085788361134931	0.9003105901212304	0.9743962986650408	NEU
LJP009_NPC_24H:G11	DB08521	4-[4-(4-Fluorophenyl)-2-[4-[(R)-methylsulfinyl]phenyl]-1H-imidazol-5-yl]pyridine	-0.18283145995613942	-0.9134538640641958	0.9006801360272054	0.9745927051353056	NPC
CPC018_NPC_24H:BRD-K10207760-236-03-0:10	DB11423	Lasalocid	0.1712782052534729	0.9077169827965308	0.9009291052312665	0.974658585241842	NPC
LJP008_NEU_24H:A22	DB11740	MK-1775	0.1709028156976937	0.9103664478283856	0.9012383900928792	0.9747896759468379	NEU
CPC006_WSUDLCL2_6H:BRD-A67373739-001-01-4:10	DB01700	AICA ribonucleotide	-0.17933001811975208	-0.9098888261352668	0.90162129703763	0.9750003258032135	WSUDLCL2
CPC006_PL21_6H:BRD-A47829399-001-01-1:10	DB09274	Artesunate	-0.15722715362188885	-0.9373002189164119	0.9032394664408215	0.9765464041511239	PL21
DOSBIO002_NEU_24H:BRD-A13084692:3.33333	DB08607	(5R)-5-(4-{[(2R)-6-HYDROXY-2,5,7,8-TETRAMETHYL-3,4-DIHYDRO-2H-CHROMEN-2-YL]METHOXY}BENZYL)-1,3-THIAZOLIDINE-2,4-DIONE	-0.1556819822532679	-0.947636744688432	0.9035812672176309	0.9767121666086281	NEU
LPROT003_NPC_6H:H05	DB01590	Everolimus	-0.16285110732979038	-0.9212195736730602	0.9051103944430663	0.9781610143908174	NPC
CPC014_NPC_24H:BRD-K70401845-001-02-5:10	DB00530	Erlotinib	0.16539443910821205	0.9030978067747691	0.9060253164556962	0.9789456192396617	NPC
LJP009_NPC_24H:D19	DB13061	MLN8054	-0.15905509164586015	-0.9342696858826646	0.9075887392900857	0.9804304454870177	NPC
CPC015_NPC_24H:BRD-K25836724-001-01-6:10	DB14093	(1,2,6,7-3H)Testosterone	-0.16219940255129695	-0.9081740078082857	0.9085455693538202	0.9812595123783862	NPC
LJP007_JURKAT_24H:K12	DB11962	GSK-1059615	-0.15848282474379694	-0.9828002946799693	0.9090909090909091	0.9816439030858701	JURKAT
LJP007_NPC_24H:D10	DB08875	Cabozantinib	-0.16661679758033415	-0.9042455849417904	0.9102189044688792	0.9826571589495274	NPC
CPC014_NEU_24H:BRD-A31374339-001-01-9:10	DB04441	2-Fluoroadenosine	0.19026684647353811	0.9132530071587479	0.9114	0.983727306811081	NEU
NMH002_NEU_6H:BRD-K89085489-001-14-1:10	DB05076	Fenretinide	0.15099472251578377	0.9469947921621826	0.9117647058823529	0.9839160153857461	NEU
LJP008_NPC_24H:D03	DB09074	Olaparib	-0.1609828419149583	-0.9188054001283512	0.9120474777448071	0.9840162460282303	NPC
LJP007_NPC.CAS9_24H:O06	DB07101	PD-0325901	-0.16308844281021628	-0.9046437391793469	0.9127776645608314	0.9844182310093652	NPC.CAS9
CPC014_NPC_24H:BRD-K24656285-001-03-6:10	DB02509	Farnesol	0.1869748896287037	0.9096213046198364	0.9128	0.9844182310093652	NPC
CPC016_NEU_24H:BRD-K21283037-003-06-2:10	DB00740	Riluzole	0.1636182554489444	0.9176744762619647	0.9132425451984034	0.9846044135333102	NEU
CPC006_THP1_6H:BRD-U88459701-000-01-8:10	DB01076	Atorvastatin	0.1589313955672028	0.9215212454797804	0.9133526468264419	0.9846044135333102	THP1
LJP009_NPC.TAK_24H:M13	DB06314	SGX-523	0.1658110869537848	0.9065707354443983	0.9136055817771394	0.9846722389286889	NPC.TAK
CPC013_NEU_24H:BRD-K23984367-075-05-3:10	DB15414	CM-4307	0.157154637249991	0.9543828649233318	0.9148936170212766	0.9858554217933573	NEU
CPC016_NPC_24H:BRD-K91290917-336-03-8:10	DB00613	Amodiaquine	0.16524489966566547	0.9042919807725914	0.9164675324675324	0.9872759935397505	NPC
LJP008_NPC_24H:L18	DB08756	Y-27632	0.15673331666382495	0.9423490095025711	0.9166255550074001	0.9872759935397505	NPC
CPC015_NPC_24H:BRD-K62200014-003-05-5:10	DB00261	Anagrelide	0.1615369013298044	0.8999328403249901	0.916783496895654	0.9872759935397505	NPC
LPROT002_NPC.TAK_6H:O06	DB00864	Tacrolimus	-0.16783170363251143	-0.9103327960839656	0.9171752397558849	0.9874926433440673	NPC.TAK
LJP009_NPC.TAK_24H:I17	DB12146	Rigosertib	-0.16142686337695106	-0.9345175939341273	0.9174134172923226	0.9875099703523108	NPC.TAK
AML001_U937_24H:BRD-K27316855:3.33333	DB00136	Calcitriol	-0.15818733513196206	-0.9124725664543121	0.917572463768116	0.9875099703523108	U937
LJP007_NPC.TAK_24H:P15	DB05294	Vandetanib	-0.15493998051729813	-0.9356552512254448	0.9183152520740268	0.9881041603504167	NPC.TAK
LJP009_NPC.CAS9_24H:I01	DB11798	Tanzisertib	0.1566024677454767	0.9302832537025553	0.9189605389797882	0.9884816857419596	NPC.CAS9
CPC018_NPC_24H:BRD-A78322124-003-06-6:10	DB00841	Dobutamine	-0.1581127030150544	-0.9418027593453766	0.919047619047619	0.9884816857419596	NPC
CPC006_U937_6H:BRD-K35723520-001-01-0:10	DB06179	Darinaparsin	0.17013848044478727	0.9039453452823123	0.9195142033758749	0.9886650556897518	U937
LJP008_NPC_24H:G08	DB02546	Vorinostat	0.1623577461451347	0.9104265209692582	0.9195996851456202	0.9886650556897518	NPC
CPC006_NOMO1_6H:BRD-K71799949-001-20-8:96	DB00564	Carbamazepine	-0.17085037524191676	-0.901871770630843	0.9201925005013034	0.9890971868072505	NOMO1
NMH002_NPC_6H:BRD-K39965020-001-05-9:10	DB03756	Doconexent	0.17886304476503542	0.907875389276018	0.9203920392039204	0.9891065008616167	NPC
LJP007_JURKAT_24H:J22	DB03044	Doramapimod	-0.17606284270058484	-0.9012121404689346	0.920804965959151	0.9892985542569322	JURKAT
CPC016_NEU_24H:BRD-K92073408-001-03-3:10	DB00717	Norethisterone	0.18298647606261603	0.9025364821441187	0.9209525715429258	0.9892985542569322	NEU
NMH002_NEU_24H:BRD-K58550667-001-04-6:10	DB12731	Daporinad	-0.18904311011629052	-0.9063033004480125	0.9222	0.9902612636941167	NEU
CPC006_SKM1_6H:BRD-K32164935-001-17-5:10	DB00839	Tolazamide	-0.15779673164343994	-0.9118327915225182	0.9224743693122912	0.9902612636941167	SKM1
LJP009_NPC.TAK_24H:I03	DB11798	Tanzisertib	-0.17349445558661392	-0.9016189415961867	0.922629785528162	0.9902612636941167	NPC.TAK
LJP007_NPC.TAK_24H:D11	DB08875	Cabozantinib	0.18563684945050823	0.9027025823252132	0.9227	0.9902612636941167	NPC.TAK
CPC006_THP1_6H:BRD-A13084692-001-04-1:10	DB08607	(5R)-5-(4-{[(2R)-6-HYDROXY-2,5,7,8-TETRAMETHYL-3,4-DIHYDRO-2H-CHROMEN-2-YL]METHOXY}BENZYL)-1,3-THIAZOLIDINE-2,4-DIONE	-0.1563353875900044	-0.9377179117931208	0.9228042536431666	0.9902612636941167	THP1
CPC006_WSUDLCL2_6H:BRD-K92991072-001-02-3:10	DB13048	PAC-1	-0.17287559767377456	-0.9002309966269801	0.9231926200742003	0.9904729103984484	WSUDLCL2
CPC006_THP1_6H:BRD-K77947974-001-05-6:4.21	DB04842	Fluspirilene	0.16101283259570132	0.9080705046888496	0.9236226582418801	0.9906785375904793	THP1
LJP008_NPC.TAK_24H:A22	DB11740	MK-1775	0.17220371735041987	0.8969050295115724	0.9238229945443523	0.9906785375904793	NPC.TAK
LJP007_NPC.TAK_24H:I17	DB11526	Masitinib	-0.17446580383296023	-0.89876454627142	0.9239578101456555	0.9906785375904793	NPC.TAK
LJP008_NEU_24H:K20	DB12332	Rucaparib	0.158815956069574	0.9461194946388133	0.9248366013071896	0.9912263644472251	NEU
LJP008_NPC.CAS9_24H:M02	DB02709	Resveratrol	0.16350334188605609	0.9022219131435449	0.9249973775306829	0.9912263644472251	NPC.CAS9
LJP009_NPC_24H:O02	DB07101	PD-0325901	-0.17545989046497362	-0.8988401746132518	0.9250425894378195	0.9912263644472251	NPC
NMH002_NEU_6H:BRD-K27305650-001-11-7:10	DB02656	LY-294002	0.1734800968993194	0.8998560745531444	0.9263705482192878	0.9924441143006717	NEU
LJP007_NEU_24H:B15	DB12200	Tivantinib	0.17488110757978398	0.8977570295785405	0.9272836538461539	0.9932170099691545	NEU
AML001_U937_6H:BRD-K26684619:0.37037	DB08784	2-(4-CHLORO-PHENYLAMINO)-NICOTINIC ACID	-0.17373349610154967	-0.8977894495866099	0.927663831915958	0.9934188834446155	U937
LJP007_NPC_24H:P05	DB09054	Idelalisib	-0.17635842823850062	-0.8979664316451931	0.9279207127840625	0.9934886639766554	NPC
CPC013_NEU_24H:BRD-K42125900-001-01-9:10	DB01248	Docetaxel	0.1848352837547757	0.9033105771458595	0.9292787836350905	0.9947371734759427	NEU
CPC014_NPC_24H:BRD-K49865102-001-02-7:10	DB07101	PD-0325901	-0.15889554345725312	-0.9262868696668728	0.931021044427124	0.9963963346182066	NPC
LJP007_JURKAT_24H:I09	DB06589	Pazopanib	-0.16113603645736513	-0.8984249700284834	0.9320570180002081	0.9972990847154818	JURKAT
NMH002_NPC_6H:BRD-A99117172-001-01-1:10	DB01611	Hydroxychloroquine	-0.15106250384215694	-0.9459635827707532	0.932258064516129	0.9973082762845955	NPC
CPC016_NEU_24H:BRD-K76810206-001-06-5:10	DB00699	Nicergoline	-0.1557827053362328	-0.9367674754962877	0.9329140461215933	0.997804042724891	NEU
LJP008_NPC_24H:M04	DB02709	Resveratrol	-0.15575856514247943	-0.9172236335524226	0.9333697433096668	0.998085433312153	NPC
CPC016_NPC_24H:BRD-K62996583-001-03-8:10	DB13766	Lidoflazine	-0.17486658914692116	-0.8986515886374269	0.9336601961176706	0.9981900425586484	NPC
NMH002_NEU_24H:BRD-A84228258-001-03-6:10	DB07348	Brefeldin A	0.1597134581152269	0.9193255305225314	0.9340643891466329	0.9984161849335502	NEU
CPC006_U937_6H:BRD-A56359832-001-03-8:160	DB00744	Zileuton	0.16613375756051163	0.8953731151014891	0.9349027635619243	0.9991062323732505	U937
LJP007_NPC.CAS9_24H:G08	DB11963	Dacomitinib	0.17705256933995425	0.8921222688744853	0.9352994282275052	0.9993240488814293	NPC.CAS9
LJP008_NEU_24H:I07	DB11830	Mocetinostat	0.16084246317452897	0.8921481826146668	0.9365159467097295	1.0	NEU
AML001_HL60_24H:BRD-K27316855:0.37037	DB00136	Calcitriol	0.1417236458517592	0.9395682582075586	0.9375	1.0	HL60
LJP009_NPC.TAK_24H:K08	DB11962	GSK-1059615	0.18373332601013692	0.8987752165988739	0.9375	1.0	NPC.TAK
CPC016_NEU_24H:BRD-K49671696-045-03-6:10	DB12465	Ketanserin	0.15658424354632342	0.934160923471003	0.9377104377104377	1.0	NEU
CPC017_NPC_24H:BRD-A98725278-103-01-9:10	DB00247	Methysergide	0.16524836130293033	0.8920374958782509	0.9387465829705376	1.0	NPC
LJP007_NPC.TAK_24H:P24	DB11886	Infigratinib	-0.16235154803099988	-0.901525466370759	0.9393312275351269	1.0	NPC.TAK
LJP009_NPC.CAS9_24H:O23	DB07232	Veliparib	0.193167602544196	0.8988435614237046	0.9397	1.0	NPC.CAS9
LJP007_NPC.CAS9_24H:K20	DB01590	Everolimus	0.16467226679004246	0.8927707827111774	0.9397217928902627	1.0	NPC.CAS9
LJP007_NPC_24H:B14	DB12200	Tivantinib	-0.16911009656128898	-0.8906033906800105	0.9403391883706844	1.0	NPC
KMS002_NOMO1_24H:BRD-A75409952-001-02-4:10	DB08059	Wortmannin	-0.12830924177063802	-0.9311858547492244	0.9403973509933775	1.0	NOMO1
CPC006_U937_6H:BRD-K52075040-001-03-0:44.4	DB01034	Cerulenin	0.17360351844288377	0.8929348785786533	0.940482144643393	1.0	U937
CPC006_WSUDLCL2_6H:BRD-A93255169-001-13-5:10	DB01041	Thalidomide	0.1509537805337651	0.9348275029700523	0.9405320813771518	1.0	WSUDLCL2
LJP007_NPC_24H:M10	DB05575	Motesanib	-0.16596016714162465	-0.889800433414552	0.941063679483298	1.0	NPC
NMH002_NPC_24H:BRD-K77830450-001-03-2:10	DB02587	Colforsin	0.16112890683189357	0.8872605481243057	0.9424489385250026	1.0	NPC
CPC015_NPC_24H:BRD-A43882281-001-11-4:10	DB06762	Pinacidil	-0.14986671833550474	-0.9072257778199756	0.9439158738107161	1.0	NPC
LJP007_JURKAT_24H:G16	DB01254	Dasatinib	-0.15695990149648403	-0.9083853204939858	0.9439161180199951	1.0	JURKAT
CPC006_WSUDLCL2_6H:BRD-K77947974-001-05-6:4.21	DB04842	Fluspirilene	-0.1697882285341646	-0.8891895896601784	0.9447175679743153	1.0	WSUDLCL2
LJP007_NPC.CAS9_24H:B03	DB00877	Sirolimus	-0.15974530367920525	-0.9192774656331514	0.9458505905813775	1.0	NPC.CAS9
NMH002_NPC_24H:BRD-K52313696-001-10-7:10	DB12291	Tacedinaline	0.15064090521333887	0.8837256240116437	0.9477903391572456	1.0	NPC
CPC013_NEU_24H:BRD-K65261396-002-01-3:10	DB00864	Tacrolimus	-0.1642324978269741	-0.8831654140906003	0.9486921529175051	1.0	NEU
AML001_U937_24H:BRD-K71879491:10	DB00982	Isotretinoin	-0.15159895201977644	-0.9373597019867637	0.9489247311827957	1.0	U937
LJP007_NPC.CAS9_24H:O01	DB07101	PD-0325901	-0.1742245785041689	-0.8864886475694267	0.9493198992443325	1.0	NPC.CAS9
CPC016_NPC_24H:BRD-K92073408-001-03-3:10	DB00717	Norethisterone	0.15817500177956537	0.9177222257116454	0.9493527508090615	1.0	NPC
DOSBIO002_NEU_24H:BRD-A90490067:1.11111	DB00947	Fulvestrant	-0.20533722389019182	-0.9073390489233862	0.9499	1.0	NEU
CPC014_NEU_24H:BRD-K86930074-001-01-9:10	DB04849	Cediranib	0.17920924242621952	0.8909215611948686	0.94999499949995	1.0	NEU
CPC016_NPC_24H:BRD-K35708212-331-03-1:10	DB01092	Ouabain	0.17360402485341253	0.8896176293943089	0.9502	1.0	NPC
LJP008_NEU_24H:N12	DB02665	(1R,2S)-2-Phenylcyclopropanaminium	0.16564485097313358	0.8913245300078891	0.9503524046434494	1.0	NEU
LJP007_NPC.TAK_24H:D05	DB12494	SGI-1776	0.16509563824512768	0.8829548105475026	0.9514210844587785	1.0	NPC.TAK
NMH002_NEU_24H:BRD-K47192521-001-04-7:10	DB00159	Icosapent	0.17039516135756333	0.885844199899102	0.9518373886051867	1.0	NEU
CPC014_NPC_24H:BRD-K43880410-001-07-8:10	DB02789	Pregnenolone	-0.17094403938094233	-0.8821614618949214	0.9520705905946054	1.0	NPC
LPROT001_NPC.TAK_6H:C24	DB02709	Resveratrol	0.16690384441807643	0.8820296807386347	0.9526931611862013	1.0	NPC.TAK
LJP007_JURKAT_24H:P22	DB11886	Infigratinib	-0.15491883575906776	-0.9342994816433681	0.9527720739219713	1.0	JURKAT
LJP007_JURKAT_24H:B03	DB00877	Sirolimus	0.16411482267488514	0.8976945186583258	0.9530760082171046	1.0	JURKAT
LJP009_NEU_24H:D17	DB16108	TAK-715	0.17027571945048772	0.8813272321957734	0.9532597793380141	1.0	NEU
LJP009_NPC.TAK_24H:B19	DB16107	BI 2536	0.18667346767864065	0.8913083399094469	0.9542	1.0	NPC.TAK
NMH001_NEU_6H:BRD-K88611939-001-18-2:10	DB04599	Aniracetam	0.16463174316268703	0.8849130443267855	0.9547258113745041	1.0	NEU
CPC006_WSUDLCL2_6H:BRD-A38030642-001-02-0:10	DB00091	Cyclosporine	-0.16236586918843862	-0.8833607262878816	0.955978039853599	1.0	WSUDLCL2
AML001_HL60_24H:BRD-A75409952:0.37037	DB08059	Wortmannin	-0.1303159263792165	-0.8640086937821182	0.9560692484739317	1.0	HL60
LJP009_NPC.TAK_24H:G15	DB01254	Dasatinib	0.17491085320076383	0.8806783816940073	0.9565826330532213	1.0	NPC.TAK
LJP008_NPC.CAS9_24H:O04	DB07101	PD-0325901	0.1532302904764693	0.9306144504386753	0.9566003616636528	1.0	NPC.CAS9
CPC017_NPC_24H:BRD-K52930707-001-04-8:10	DB01180	Rescinnamine	0.15226962448028183	0.9335376924816207	0.9572649572649573	1.0	NPC
LJP009_NPC.CAS9_24H:B18	DB11805	Saracatinib	-0.15342791568558006	-0.9591598547725194	0.9583333333333334	1.0	NPC.CAS9
LJP008_NEU_24H:O02	DB07101	PD-0325901	0.21483696440852842	0.9042605394184348	0.9584	1.0	NEU
AML001_HL60_6H:BRD-K26684619:0.37037	DB08784	2-(4-CHLORO-PHENYLAMINO)-NICOTINIC ACID	-0.17420478443606185	-0.8845778851845773	0.9587958795879588	1.0	HL60
LJP007_NPC.TAK_24H:L08	DB11836	Sapanisertib	0.19542894135525232	0.8923111260639521	0.96	1.0	NPC.TAK
LJP008_NPC.CAS9_24H:L18	DB08756	Y-27632	0.18966800209951173	0.8865719668513515	0.9604	1.0	NPC.CAS9
LJP007_NPC.CAS9_24H:I05	DB01268	Sunitinib	0.17200369097400028	0.8777787927188258	0.9605382066472538	1.0	NPC.CAS9
CPC006_WSUDLCL2_6H:BRD-K33583600-001-09-6:10	DB03285	Isoliquiritigenin	-0.1533085791900226	-0.9238600104023568	0.9606529928840519	1.0	WSUDLCL2
LJP008_NPC.CAS9_24H:C08	DB13877	Iniparib	-0.15733182805777127	-0.8986288391734637	0.9606940509915014	1.0	NPC.CAS9
LJP007_NPC.CAS9_24H:K09	DB11962	GSK-1059615	0.1620472642315122	0.8804985684201142	0.960828317861879	1.0	NPC.CAS9
LJP007_NPC.TAK_24H:M19	DB12874	Quizartinib	-0.160464085552614	-0.8956400630656505	0.9609058134294728	1.0	NPC.TAK
NMH001_NEU_24H:BRD-A19500257-001-03-9:10	DB02424	Geldanamycin	0.15896930382113567	0.8727054370997199	0.9612676056338029	1.0	NEU
LJP008_NPC_24H:L17	DB08756	Y-27632	-0.15414266514546954	-0.9205617199474154	0.9619170984455958	1.0	NPC
CPC013_NEU_24H:BRD-K49328571-001-04-4:10	DB01254	Dasatinib	0.17808292178702556	0.8817050292956461	0.9625962596259626	1.0	NEU
CPC006_THP1_6H:BRD-K32164935-001-17-5:10	DB00839	Tolazamide	-0.19569055248094844	-0.8886317845095758	0.9628	1.0	THP1
LJP008_NPC.CAS9_24H:D02	DB09074	Olaparib	-0.1818821199364817	-0.8845194853155328	0.9634	1.0	NPC.CAS9
LJP009_NEU_24H:B21	DB16107	BI 2536	0.1788553578099126	0.8814649648814132	0.9637927585517103	1.0	NEU
CPC016_NPC_24H:BRD-A18579359-001-02-3:10	DB01731	(S)-wiskostatin	-0.1508433302051756	-0.9216850394401643	0.9643214404801601	1.0	NPC
CPC016_NEU_24H:BRD-K39915878-036-15-2:10	DB00408	Loxapine	-0.16089203072958896	-0.8716889680351124	0.9647723831634198	1.0	NEU
LJP008_NEU_24H:N08	DB02665	(1R,2S)-2-Phenylcyclopropanaminium	-0.15335263283015652	-0.9121907412068896	0.9649181986844324	1.0	NEU
CPC006_SKM1_6H:BRD-K85606544-001-01-8:10	DB11828	Neratinib	-0.16389096682144505	-0.8794923773531849	0.9652501783348619	1.0	SKM1
CPC014_NPC_24H:BRD-A31374339-001-01-9:10	DB04441	2-Fluoroadenosine	0.17679761937709396	0.8781069195017226	0.9652513518926497	1.0	NPC
LJP008_NPC.TAK_24H:G15	DB01254	Dasatinib	0.18077002299363082	0.8791159255966199	0.9660932186437288	1.0	NPC.TAK
LJP007_NPC.TAK_24H:G14	DB01254	Dasatinib	0.1551218343467027	0.9169404127466528	0.9663716814159292	1.0	NPC.TAK
CPC006_U937_6H:BRD-U88459701-000-01-8:10	DB01076	Atorvastatin	0.17201548470259687	0.8766754938532968	0.9663831915957979	1.0	U937
LJP008_NPC.TAK_24H:I10	DB11830	Mocetinostat	-0.16100873729487716	-0.8894388484873178	0.9665448100144013	1.0	NPC.TAK
CPC016_NEU_24H:BRD-K89046952-001-03-4:10	DB01000	Cyclacillin	0.16903076861505387	0.8708914352084319	0.9665766036225357	1.0	NEU
LJP008_NPC.CAS9_24H:M17	DB01262	Decitabine	-0.16844581395011554	-0.871854541844802	0.9666800481734243	1.0	NPC.CAS9
NMH002_NEU_6H:BRD-A75409952-001-06-5:10	DB08059	Wortmannin	0.17535625416500125	0.8796371597488518	0.9668	1.0	NEU
LJP009_NPC.TAK_24H:H13	DB07138	Neflamapimod	-0.16816481258743446	-0.869579463140281	0.9672723622126292	1.0	NPC.TAK
CPC016_NPC_24H:BRD-K54094468-003-05-3:10	DB00409	Remoxipride	0.16797058837934173	0.8699860985771237	0.9676255387391	1.0	NPC
CPC006_WSUDLCL2_6H:BRD-K62965247-001-01-5:10	DB04960	Tipifarnib	0.16275784441818164	0.8719901491449463	0.9676571659591672	1.0	WSUDLCL2
NMH002_NEU_24H:BRD-K39965020-001-06-7:10	DB03756	Doconexent	0.16206657199020938	0.8937357140047961	0.9678805700067858	1.0	NEU
NMH001_NEU_24H:BRD-A93269281-001-01-4:10	DB00758	Clopidogrel	-0.17513187651603576	-0.8737305356718584	0.967996799679968	1.0	NEU
LJP009_NPC_24H:N10	DB08896	Regorafenib	-0.18399840074371945	-0.8800646831279466	0.9681	1.0	NPC
LJP008_NPC_24H:I08	DB11830	Mocetinostat	-0.16623031250290712	-0.8810878328571151	0.9682174594877156	1.0	NPC
NMH001_NPC_24H:BRD-K25075681-001-01-2:10	DB06455	Meclinertant	0.1681276968071073	0.8739565095300827	0.9686968696869687	1.0	NPC
CPC006_WSUDLCL2_6H:BRD-A71390734-001-01-7:0.08	DB01177	Idarubicin	-0.16856458990193063	-0.8701662362536194	0.9687123947051745	1.0	WSUDLCL2
KMS002_THP1_24H:BRD-A75409952-001-02-4:10	DB08059	Wortmannin	0.1416828825729993	0.858580629575245	0.9688595173725844	1.0	THP1
NMH002_NEU_6H:BRD-K54028654-001-01-8:10	DB12310	Trehalose	-0.17824307522096822	-0.8753789122818095	0.9688968896889689	1.0	NEU
NMH002_NEU_6H:BRD-K22429181-001-12-6:10	DB00162	Vitamin A	-0.16323835563048153	-0.8710078704461441	0.9691389254275018	1.0	NEU
NMH001_NPC_6H:BRD-A47564106-001-07-5:10	DB12161	Deutetrabenazine	-0.16940305999122857	-0.8755206758264303	0.9695878351340537	1.0	NPC
LPROT003_NPC_6H:P13	DB12015	Alpelisib	0.18175301699171528	0.8781554563423652	0.9698	1.0	NPC
NMH001_NEU_6H:BRD-K03243820-001-16-2:10	DB00432	Trifluridine	-0.1708159439804814	-0.8705087449988754	0.96999399879976	1.0	NEU
LJP007_NPC_24H:M20	DB12874	Quizartinib	0.16037831304706193	0.8895648647464424	0.9700564971751412	1.0	NPC
LPROT001_NPC.TAK_6H:E20	DB13978	Selisistat	-0.16538112188621637	-0.867786747513602	0.9709314021323677	1.0	NPC.TAK
CPC015_NPC_24H:BRD-A48720949-001-03-2:10	DB01420	Testosterone propionate	-0.1623201563369902	-0.886822986203867	0.9713303983678728	1.0	NPC
CPC017_NPC_24H:BRD-A37704979-001-04-0:10	DB08521	4-[4-(4-Fluorophenyl)-2-[4-[(R)-methylsulfinyl]phenyl]-1H-imidazol-5-yl]pyridine	-0.17722259931700104	-0.8740687435897443	0.9724	1.0	NPC
KHW001_U937_6H:BRD-A18929998-001-02-2:10	DB02097	Cytidine	0.17847882814133517	0.8718532614569297	0.9731839103462078	1.0	U937
CPC013_NEU_24H:BRD-A19500257:10	DB02424	Geldanamycin	-0.16690735906267967	-0.8659446736775245	0.9735894357743097	1.0	NEU
CPC016_NEU_24H:BRD-K70799801-311-02-7:10	DB00908	Quinidine	-0.16226294192042062	-0.8642633106405477	0.9762072789595725	1.0	NEU
CPC013_NPC_24H:BRD-K63068307-001-01-4:10	DB12904	ZSTK-474	0.15764404483801397	0.8647446626076538	0.9764026736884748	1.0	NPC
NMH001_NPC_24H:BRD-K13296708-001-01-7:10	DB06155	Rimonabant	0.15583627063474206	0.8622224110904497	0.9764231738035265	1.0	NPC
CPC006_NOMO1_6H:BRD-K50128260-001-01-6:160	DB00203	Sildenafil	-0.16626389670714903	-0.8600761928428851	0.9771794615153638	1.0	NOMO1
CPC006_THP1_6H:BRD-A62025033-001-01-8:10	DB06287	Temsirolimus	0.15421747237220354	0.8740430281239723	0.9774902703271274	1.0	THP1
CPC016_NEU_24H:BRD-K36007650-300-02-3:10	DB08437	Puromycin	-0.16051051958791462	-0.8655083312369322	0.9779022403258656	1.0	NEU
LJP008_NPC.CAS9_24H:M14	DB01262	Decitabine	-0.17157869438392184	-0.8620328052178096	0.9779691568195473	1.0	NPC.CAS9
LJP008_NPC.TAK_24H:K08	DB11962	GSK-1059615	0.19781892131802578	0.8795375625098405	0.9785	1.0	NPC.TAK
CPC006_WSUDLCL2_6H:BRD-A70155556-001-04-4:40	DB03785	Mevinolinic acid	0.15246678264196722	0.9196838886039147	0.9788213627992634	1.0	WSUDLCL2
LJP009_NEU_24H:G11	DB08521	4-[4-(4-Fluorophenyl)-2-[4-[(R)-methylsulfinyl]phenyl]-1H-imidazol-5-yl]pyridine	-0.15072816534596983	-0.8991290419269803	0.9788359788359788	1.0	NEU
LJP007_NPC.TAK_24H:K08	DB11962	GSK-1059615	0.18743298610546202	0.8734602886991268	0.9796	1.0	NPC.TAK
LJP009_NPC_24H:M17	DB06314	SGX-523	0.1529700304666778	0.9292805939975912	0.9804560260586319	1.0	NPC
NMH001_NPC_6H:BRD-K67097529-001-01-1:10	DB04466	SR12813	0.1689962169326803	0.8627202594948525	0.9807	1.0	NPC
LJP007_JURKAT_24H:D23	DB06616	Bosutinib	-0.1619661715752436	-0.8604255988432054	0.9808781869688386	1.0	JURKAT
PCLB001_JURKAT_6H:BRD-K36452089-001-01-8:0.63	DB07726	t-Butylhydroquinone	0.1510403734917353	0.8805154338652892	0.9812132186509733	1.0	JURKAT
NMH002_NEU_6H:BRD-K88809146-065-01-2:10	DB02665	(1R,2S)-2-Phenylcyclopropanaminium	0.15209348976645112	0.929955083806676	0.9813664596273292	1.0	NEU
LJP009_NPC.CAS9_24H:H13	DB07138	Neflamapimod	-0.18967144196809566	-0.8707836710489603	0.9814	1.0	NPC.CAS9
LJP008_NEU_24H:J12	DB05223	Pracinostat	-0.15901429838530995	-0.8851211287412653	0.9819318181818182	1.0	NEU
LJP008_NEU_24H:K19	DB12332	Rucaparib	-0.18158242696746493	-0.8640103209253999	0.9823	1.0	NEU
CPC014_NEU_24H:BRD-A19500257:10	DB02424	Geldanamycin	0.179252735077939	0.867334855209746	0.9825	1.0	NEU
LJP007_NPC_24H:M14	DB07460	2-({5-CHLORO-2-[(2-METHOXY-4-MORPHOLIN-4-YLPHENYL)AMINO]PYRIMIDIN-4-YL}AMINO)-N-METHYLBENZAMIDE	0.15535333828891268	0.8642673210562154	0.9828717948717949	1.0	NPC
CPC015_NPC_24H:BRD-K70505054-001-02-9:10	DB00863	Ranitidine	0.17651118972221155	0.8597361351462505	0.9829	1.0	NPC
NMH002_NPC_6H:BRD-K86465814-001-04-5:10	DB06926	(9Z,11E,13S)-13-hydroxyoctadeca-9,11-dienoic acid	0.15833285656743157	0.8525725834712867	0.9829659318637275	1.0	NPC
LJP007_JURKAT_24H:G15	DB01254	Dasatinib	0.1805445386518646	0.8637793101786726	0.9839	1.0	JURKAT
LJP007_JURKAT_24H:B17	DB12200	Tivantinib	0.1638167099266907	0.8520456242944879	0.9846678023850085	1.0	JURKAT
NMH002_NPC_6H:BRD-K50590187-001-17-3:10	DB09120	Zucapsaicin	0.1636979323957306	0.8506503288855485	0.9848863977579821	1.0	NPC
LJP007_NPC_24H:K20	DB01590	Everolimus	0.19233601016011115	0.8704144011826539	0.9849	1.0	NPC
LJP008_NPC.TAK_24H:F04	DB12376	Ricolinostat	0.1631494943464744	0.8538749107884741	0.9852157296590566	1.0	NPC.TAK
LPROT001_NPC.TAK_6H:K06	DB01262	Decitabine	0.1627856432203714	0.8479979607146572	0.98568281938326	1.0	NPC.TAK
CPC016_NEU_24H:BRD-K99621550-003-03-4:10	DB01199	Tubocurarine	0.159054180514262	0.8434969429230944	0.9861362266425557	1.0	NEU
AML001_U937_24H:BRD-K27316855:0.37037	DB00136	Calcitriol	-0.1556321764011427	-0.8587870677247098	0.9865281777046483	1.0	U937
CPC017_NPC_24H:BRD-A38030642-001-01-2:10	DB00091	Cyclosporine	0.15955593557576042	0.8480397382138896	0.98676293622142	1.0	NPC
LJP008_NPC.CAS9_24H:G16	DB01254	Dasatinib	0.18682986342151298	0.8621653031908281	0.9868	1.0	NPC.CAS9
CPC014_NEU_24H:BRD-M64432851-001-01-9:10	DB01268	Sunitinib	-0.1570976832603351	-0.8725268048707387	0.9871193101189827	1.0	NEU
CPC017_NPC_24H:BRD-K30240666-051-08-4:10	DB00283	Clemastine	0.16281028070356793	0.8466195806151351	0.9872566726871362	1.0	NPC
CPC014_NPC_24H:BRD-K36627727-001-01-3:10	DB04942	Tamibarotene	0.16064732758088585	0.8400087596322017	0.987479967948718	1.0	NPC
LJP007_NPC.CAS9_24H:N15	DB09330	Osimertinib	-0.16252848638009262	-0.8452191201349252	0.9876567987957853	1.0	NPC.CAS9
LJP007_NPC.TAK_24H:E07	DB05913	OSI-930	0.17015285206288633	0.8451838143767808	0.9876852222667201	1.0	NPC.TAK
LJP008_NPC_24H:P15	DB11662	Rabusertib	0.1525764323204432	0.8659133145776879	0.9877379799935463	1.0	NPC
DOSBIO002_NEU_24H:BRD-A90490067:0.37037	DB00947	Fulvestrant	-0.1637387581618365	-0.8454441661230325	0.9877865652217439	1.0	NEU
LJP008_NPC_24H:O06	DB07101	PD-0325901	-0.16229955979196856	-0.841879662358258	0.9879843796936016	1.0	NPC
LJP009_NPC.CAS9_24H:D04	DB11775	PF-03758309	0.15953477588631423	0.916422924673816	0.9880952380952381	1.0	NPC.CAS9
NMH001_NPC_24H:BRD-A95696066-001-01-7:10	DB09186	Nisoxetine	-0.17351124050323896	-0.8535179947211677	0.9881	1.0	NPC
LJP008_NPC_24H:N10	DB02665	(1R,2S)-2-Phenylcyclopropanaminium	0.1597964742484408	0.8436446238676646	0.9888956188168787	1.0	NPC
CPC015_NPC_24H:BRD-K92049597-001-10-9:10	DB00384	Triamterene	0.13941319804674657	0.9022232419927642	0.989247311827957	1.0	NPC
CPC015_NPC_24H:BRD-K04218075-048-03-4:10	DB06735	Enclomiphene	-0.13813633312401924	-0.84482215296294	0.989282769991756	1.0	NPC
LJP007_NPC.CAS9_24H:I14	DB11526	Masitinib	0.15858012488486364	0.851456381671892	0.9894402296493746	1.0	NPC.CAS9
LJP007_NPC.TAK_24H:L12	DB11836	Sapanisertib	0.16040364368103285	0.8400853931732137	0.9894884372810091	1.0	NPC.TAK
NMH002_NPC_6H:BRD-K30466858-335-01-5:10	DB08846	Ellagic acid	0.1559349659438759	0.8394884840685839	0.9897662285542289	1.0	NPC
CPC015_NPC_24H:BRD-A16665823-001-01-2:10	DB00639	Butoconazole	-0.16554690999684032	-0.842227363792484	0.9897948974487244	1.0	NPC
CPC006_NOMO1_6H:BRD-K56343971-001-02-3:10	DB08881	Vemurafenib	0.16259481467009643	0.8389369906786138	0.9898979795959192	1.0	NOMO1
LPROT003_NPC_6H:J05	DB08881	Vemurafenib	0.15340830211017709	0.9165569069361723	0.98989898989899	1.0	NPC
CPC006_PL21_6H:BRD-A70449690-001-01-4:10	DB02587	Colforsin	-0.15773414415803835	-0.8532235453314001	0.9900594384095102	1.0	PL21
LJP007_NPC.CAS9_24H:I18	DB11526	Masitinib	0.1729403401922331	0.8456610676877848	0.9900970291087327	1.0	NPC.CAS9
LJP007_NPC_24H:E06	DB11743	Ipatasertib	0.15855694320388913	0.8463494734924687	0.9901322482197356	1.0	NPC
LJP007_JURKAT_24H:D06	DB12494	SGI-1776	0.1475840118406746	0.9173357191444763	0.9902597402597403	1.0	JURKAT
LJP007_NPC_24H:P20	DB11886	Infigratinib	0.17333727050894088	0.8488401839316385	0.9908	1.0	NPC
CPC006_SKM1_6H:BRD-K01292756-001-10-2:10	DB01100	Pimozide	-0.16613769407815965	-0.8344129759068778	0.9911911911911911	1.0	SKM1
LJP009_NPC.TAK_24H:B14	DB11805	Saracatinib	0.16742997510426502	0.8384675401862824	0.9913	1.0	NPC.TAK
CPC016_NEU_24H:BRD-K89923877-003-02-4:10	DB00747	Scopolamine	-0.1595170235336042	-0.8348739487621722	0.991480404931342	1.0	NEU
CPC018_NPC_24H:BRD-A92651262-003-03-9:10	DB00844	Nalbuphine	0.15956039756547963	0.8394900871821404	0.9916381221035664	1.0	NPC
LJP007_NPC_24H:N18	DB09330	Osimertinib	-0.17500407182483999	-0.8411010166928603	0.9916991699169917	1.0	NPC
CPC006_NOMO1_6H:BRD-K52836380-001-01-7:22.2	DB07403	4-[(3-CHLORO-4-{[(2R)-3,3,3-TRIFLUORO-2-HYDROXY-2-METHYLPROPANOYL]AMINO}PHENYL)SULFONYL]-N,N-DIMETHYLBENZAMIDE	-0.15584085727617017	-0.8399523469790938	0.9917587939698492	1.0	NOMO1
CPC014_NPC_24H:BRD-K49685476-001-09-2:10	DB02877	Arotinoid acid	-0.18001688896900658	-0.8468984767762495	0.9919	1.0	NPC
LJP007_NEU_24H:L11	DB11836	Sapanisertib	0.18515810756041473	0.8433621848247548	0.9924	1.0	NEU
CPC006_WSUDLCL2_6H:BRD-A04352665-001-01-2:10	DB04835	Maraviroc	0.14767024276808924	0.8979419515968622	0.992462311557789	1.0	WSUDLCL2
LPROT001_NPC.TAK_6H:O08	DB02546	Vorinostat	-0.16970938282422632	-0.8339944079160875	0.9925992599259926	1.0	NPC.TAK
LJP009_NPC.CAS9_24H:H07	DB08912	Dabrafenib	0.15230114072590295	0.8811048017113221	0.992780275166871	1.0	NPC.CAS9
AML001_U937_24H:BRD-K71879491:0.37037	DB00982	Isotretinoin	0.15621665286473052	0.8399662811745352	0.9932783379162847	1.0	U937
LJP009_NPC.CAS9_24H:D16	DB16108	TAK-715	0.1744393683374214	0.8358598363888529	0.9936	1.0	NPC.CAS9
LJP007_NPC_24H:I12	DB06589	Pazopanib	0.16062543303786303	0.8282955401458488	0.993991588223513	1.0	NPC
DOSBIO002_NEU_24H:BRD-A13084692:10	DB08607	(5R)-5-(4-{[(2R)-6-HYDROXY-2,5,7,8-TETRAMETHYL-3,4-DIHYDRO-2H-CHROMEN-2-YL]METHOXY}BENZYL)-1,3-THIAZOLIDINE-2,4-DIONE	-0.14881976611033915	-0.8220152460453011	0.9939969984992496	1.0	NEU
LPROT001_NPC.TAK_6H:E02	DB16239	Molibresib	0.20751228629466756	0.858333951357541	0.9941	1.0	NPC.TAK
CPC006_THP1_6H:BRD-K35960502-001-10-1:10	DB06803	Niclosamide	0.16911002155910704	0.8358571609178584	0.9941994199419942	1.0	THP1
CPC013_NPC_24H:BRD-A19500257:10	DB02424	Geldanamycin	-0.16549167112390153	-0.8281305456662793	0.9943	1.0	NPC
CPC006_WSUDLCL2_6H:BRD-A79768653-001-02-1:10	DB00877	Sirolimus	0.15018845368935754	0.9013838481053387	0.9943310657596371	1.0	WSUDLCL2
LJP008_NPC_24H:N07	DB02665	(1R,2S)-2-Phenylcyclopropanaminium	-0.16310339304962068	-0.8282417692796823	0.9946909746569168	1.0	NPC
DOSBIO001_NPC_24H:BRD-K81418486:3.33333	DB02546	Vorinostat	0.15808807495258656	0.8740648804280019	0.9950608360438501	1.0	NPC
CPC016_NEU_24H:BRD-K96862998-001-03-1:10	DB04951	Pirfenidone	-0.149736326158914	-0.8228939111453693	0.9950872267896531	1.0	NEU
LJP008_NPC.TAK_24H:C07	DB13877	Iniparib	-0.16131814950839088	-0.8189017158611782	0.9950931303825356	1.0	NPC.TAK
NMH002_NEU_24H:BRD-K49685476-001-11-8:10	DB02877	Arotinoid acid	-0.1606174231652437	-0.8331391596419848	0.9956548100242523	1.0	NEU
DOSBIO002_NEU_24H:BRD-A75409952:1.11111	DB08059	Wortmannin	0.16266170397693167	0.8258638275010286	0.9958	1.0	NEU
LJP009_NPC.CAS9_24H:H08	DB08912	Dabrafenib	0.15969509741930765	0.8758333712478938	0.9960485877359871	1.0	NPC.CAS9
CPC015_NPC_24H:BRD-A16332958-001-04-0:10	DB06413	Armodafinil	-0.17052377858220236	-0.8296319808000456	0.9961	1.0	NPC
CPC006_PL21_6H:BRD-K32107296-001-03-7:10	DB00853	Temozolomide	0.15993007575630158	0.8142522734458679	0.9962977786672004	1.0	PL21
CPC017_NPC_24H:BRD-K22031190-001-13-7:10	DB00861	Diflunisal	0.16154775054999587	0.8180918849597044	0.9964957949539447	1.0	NPC
LJP008_NPC_24H:M13	DB01262	Decitabine	-0.15643837979615527	-0.8573504298886739	0.9965465141377078	1.0	NPC
LJP009_NEU_24H:B16	DB11805	Saracatinib	-0.15276142467583217	-0.869847737771082	0.9965717299578059	1.0	NEU
PCLB001_JURKAT_6H:BRD-K36452089-001-01-8:0.16	DB07726	t-Butylhydroquinone	0.15482044433425654	0.8192739363984626	0.996592503507717	1.0	JURKAT
CPC016_NEU_24H:BRD-K90553655-001-03-6:10	DB01420	Testosterone propionate	0.16461413048374227	0.8190814521454102	0.9967996799679968	1.0	NEU
LJP007_NPC.TAK_24H:H10	DB09053	Ibrutinib	0.17853702569294144	0.8321053215291484	0.9968	1.0	NPC.TAK
CPC006_NOMO1_6H:BRD-K80738081-001-21-1:10	DB02709	Resveratrol	0.17015704088327263	0.8178732880077719	0.9974	1.0	NOMO1
NMH002_NEU_6H:BRD-K76773351-001-03-5:10	DB04769	5-QUINOXALIN-6-YLMETHYLENE-THIAZOLIDINE-2,4-DIONE	-0.16990891742322653	-0.8137039047591924	0.9974	1.0	NEU
NMH002_NEU_6H:BRD-K12184916-001-08-9:10	DB11651	Dactolisib	0.18188729373137089	0.8337701405734921	0.9975	1.0	NEU
CPC015_NPC_24H:BRD-A59174698-003-12-8:10	DB00867	Ritodrine	0.18049526217727377	0.82213116129254	0.9976	1.0	NPC
LJP007_NPC_24H:G14	DB01254	Dasatinib	0.1599865385327535	0.8177926062068337	0.9976875125678665	1.0	NPC
CPC013_NEU_24H:BRD-K82164249-001-01-9:10	DB07423	Andarine	0.1537479487680211	0.8233850024001014	0.9977655900873451	1.0	NEU
LJP008_NPC.CAS9_24H:I09	DB11830	Mocetinostat	-0.15381320778385651	-0.8508203975237156	0.9977693508811064	1.0	NPC.CAS9
LJP009_NPC_24H:G14	DB01254	Dasatinib	0.156517469787219	0.8175776018318158	0.9977849375755135	1.0	NPC
CPC006_U937_6H:BRD-K68185022-001-06-4:70.07	DB15588	Ursolic acid	-0.16574387952655123	-0.8125178679465141	0.9978	1.0	U937
LJP008_NPC.CAS9_24H:D06	DB09074	Olaparib	0.1539379358756032	0.8369062618245331	0.9979007032644064	1.0	NPC.CAS9
CPC016_NPC_24H:BRD-A97104540-004-08-5:10	DB01288	Fenoterol	-0.1666001917618441	-0.8141418057445535	0.9980998099809981	1.0	NPC
LJP009_NPC_24H:G12	DB08521	4-[4-(4-Fluorophenyl)-2-[4-[(R)-methylsulfinyl]phenyl]-1H-imidazol-5-yl]pyridine	-0.1499233115444245	-0.8243951322992098	0.9981532779316713	1.0	NPC
NMH001_NEU_6H:BRD-K04809113-001-01-7:10	DB12771	Hydroxytyrosol	-0.17031086799249462	-0.8105713428369431	0.9983	1.0	NEU
LJP008_NPC_24H:G16	DB01254	Dasatinib	0.15057611753722658	0.8223838239009811	0.9983753046303818	1.0	NPC
NMH002_NPC_24H:BRD-K06902185-001-13-6:10	DB00350	Minoxidil	-0.15467999095523174	-0.8059524333043844	0.9984	1.0	NPC
CPC015_NPC_24H:BRD-A95513702-001-03-0:10	DB07373	Boldione	-0.13902252493483963	-0.8156132371989423	0.9984796270018245	1.0	NPC
CPC006_NOMO1_6H:BRD-K76188144-001-01-2:160	DB08263	N-(carboxycarbonyl)-D-phenylalanine	0.15551825934803978	0.7990781172405976	0.998499699939988	1.0	NOMO1
CPC014_NPC_24H:BRD-K16485616-001-03-0:10	DB11830	Mocetinostat	0.1684142094001546	0.8120864024277699	0.9985	1.0	NPC
LJP007_NPC.CAS9_24H:G11	DB11963	Dacomitinib	-0.15716291801621116	-0.7930186426603291	0.9985	1.0	NPC.CAS9
LJP007_NPC.CAS9_24H:F14	DB12247	AZD-4547	0.15495109156473422	0.7957571605308877	0.9985981776309202	1.0	NPC.CAS9
CPC013_NEU_24H:BRD-K31283835-001-01-9:10	DB08895	Tofacitinib	-0.15496170688330282	-0.7934854187399625	0.9985985985985986	1.0	NEU
LJP008_NPC.TAK_24H:A04	DB05134	Tanespimycin	0.15983544033938596	0.8030409964201435	0.9986990893625538	1.0	NPC.TAK
CPC006_PL21_6H:BRD-K32164935-001-17-5:10	DB00839	Tolazamide	-0.16166555958577514	-0.8021976212246683	0.9986998699869987	1.0	PL21
LJP009_NPC_24H:O01	DB07101	PD-0325901	-0.1718695106760039	-0.8129083114248706	0.9987	1.0	NPC
NMH002_NPC_24H:BRD-K01638814-050-01-2:10	DB11738	Rilmenidine	-0.16394476166521937	-0.8070127320663046	0.9987	1.0	NPC
LJP008_NPC.CAS9_24H:G09	DB02546	Vorinostat	-0.15392741798929294	-0.7905778237633379	0.9987993996998499	1.0	NPC.CAS9
CPC014_NPC_24H:BRD-K24994810-001-01-9:10	DB01889	16,17-Androstene-3-Ol	-0.16274128349123596	-0.7932523435551418	0.9988996699009703	1.0	NPC
CPC006_WSUDLCL2_6H:BRD-A09533288-003-20-5:10	DB14063	Dexverapamil	-0.16050684332019427	-0.7959185621822372	0.9989	1.0	WSUDLCL2
NMH002_NPC_24H:BRD-K71879491-001-30-9:10	DB00982	Isotretinoin	-0.15051548967970776	-0.7867587959488819	0.9991	1.0	NPC
LJP009_NPC.CAS9_24H:H10	DB08912	Dabrafenib	0.15572211654988047	0.7954693788549176	0.9991941170544978	1.0	NPC.CAS9
CPC016_NPC_24H:BRD-K95763993-001-03-7:10	DB09283	Trapidil	-0.15448852097984284	-0.7937203480089476	0.9991997599279784	1.0	NPC
LJP007_NPC.CAS9_24H:P17	DB05294	Vandetanib	-0.1579475680219996	-0.7937542460453316	0.9991998399679936	1.0	NPC.CAS9
LJP009_NPC.TAK_24H:L22	DB12588	AZD-1480	0.17086645020634694	0.8037858617786057	0.9992	1.0	NPC.TAK
LJP008_NPC_24H:A11	DB07232	Veliparib	-0.1607152606148741	-0.7956585269764459	0.9992	1.0	NPC
CPC006_WSUDLCL2_6H:BRD-K17561142-003-16-8:10	DB01118	Amiodarone	-0.16816565335725156	-0.7937644721107868	0.9992	1.0	WSUDLCL2
CPC018_NPC_24H:BRD-K01095011-001-03-5:10	DB01216	Finasteride	-0.1387213090049402	-0.7965082484877173	0.9992886901737629	1.0	NPC
CPC006_WSUDLCL2_6H:BRD-K67844266-001-01-3:11.1	DB11759	Pevonedistat	-0.15044998114353308	-0.7992539381117089	0.9993954050785974	1.0	WSUDLCL2
LJP007_NPC.CAS9_24H:A04	DB05134	Tanespimycin	0.15528259393514762	0.8012963191089759	0.9993980738362761	1.0	NPC.CAS9
LPROT003_NPC_6H:D13	DB11899	MK-8776	-0.15437333579426232	-0.7909387240611496	0.9994994994994995	1.0	NPC
LJP007_NPC.CAS9_24H:H08	DB09053	Ibrutinib	0.19238164248368528	0.8251259245788067	0.9995	1.0	NPC.CAS9
CPC013_NPC_24H:BRD-K07881437-001-01-2:10	DB11778	Danusertib	0.16101380456525083	0.7828230474909501	0.9995	1.0	NPC
LJP007_NPC_24H:K08	DB11962	GSK-1059615	0.15755911215511378	0.7739864984600182	0.9995	1.0	NPC
NMH001_NEU_6H:BRD-K52075040-001-06-3:10	DB01034	Cerulenin	0.15340324090852192	0.7836209960394573	0.999599278701663	1.0	NEU
CPC006_SKM1_6H:BRD-A70155556-001-04-4:40	DB03785	Mevinolinic acid	0.15177194314354042	0.7761248608740683	0.9995999599959996	1.0	SKM1
PCLB001_JURKAT_24H:BRD-A58955223-001-02-0:0.37	DB12422	Sulforaphane	-0.16789625892929644	-0.7882195480119336	0.9996	1.0	JURKAT
CPC006_SKM1_6H:BRD-K58550667-001-01-2:0.08	DB12731	Daporinad	-0.14241397870042866	-0.8087412937465567	0.9996912945050422	1.0	SKM1
CPC006_PL21_6H:BRD-A75817871-001-04-2:40	DB01944	(S)-blebbistatin	-0.14601808460242907	-0.7765879836251922	0.9996999399879976	1.0	PL21
CPC006_THP1_6H:BRD-U94846492-000-01-1:10	DB00908	Quinidine	0.18027836673053682	0.800297254654867	0.9997	1.0	THP1
LJP008_NPC_24H:A04	DB05134	Tanespimycin	0.1586273218421164	0.781058549107174	0.9997	1.0	NPC
DOSBIO002_NPC_24H:BRD-A19500257:10	DB02424	Geldanamycin	0.15369927621104895	0.7685965614425935	0.9997	1.0	NPC
LJP008_NPC.CAS9_24H:I08	DB11830	Mocetinostat	-0.15360785235799512	-0.8048758941890695	0.9997941327843541	1.0	NPC.CAS9
NMH002_NPC_6H:BRD-K01493881-001-24-5:10	DB07352	Apigenin	0.1470158481662588	0.7852818491792464	0.99979883323275	1.0	NPC
NMH001_NEU_6H:BRD-K12807006-001-14-4:10	DB01852	Kaempherol	-0.15394501913526945	-0.7869256663534923	0.9997994384275972	1.0	NEU
CPC016_NPC_24H:BRD-K96720755-001-01-8:10	DB13929	Relcovaptan	0.15597420748817034	0.7839289535714952	0.9997997997997998	1.0	NPC
CPC012_NPC_24H:BRD-K48935217-001-01-3:10	DB03010	Patupilone	0.14104315556375507	0.7540935792753503	0.9997998599019313	1.0	NPC
LJP007_NPC_24H:M15	DB07460	2-({5-CHLORO-2-[(2-METHOXY-4-MORPHOLIN-4-YLPHENYL)AMINO]PYRIMIDIN-4-YL}AMINO)-N-METHYLBENZAMIDE	0.1457828119931234	0.7672542609014658	0.9997999599919984	1.0	NPC
LJP009_NPC_24H:B14	DB11805	Saracatinib	0.15433959525167013	0.771815583964383	0.9997999799979999	1.0	NPC
CPC006_THP1_6H:BRD-K27316855-001-02-6:1	DB00136	Calcitriol	0.17576409203903393	0.7926537390089029	0.9998	1.0	THP1
LPROT002_NPC.TAK_6H:E20	DB06195	Seliciclib	0.17280507614977864	0.7913351545726413	0.9998	1.0	NPC.TAK
NMH001_NPC_6H:BRD-K10852020-001-02-9:10	DB00323	Tolcapone	-0.16167880092453016	-0.7775156196393793	0.9998	1.0	NPC
CPC017_NPC_24H:BRD-K45330754-001-09-2:10	DB00255	Diethylstilbestrol	-0.1564535431680392	-0.760846557535753	0.9998	1.0	NPC
LJP007_NPC_24H:I22	DB13005	Rebastinib	0.1551452571384349	0.749673649206522	0.9998	1.0	NPC
LJP007_NPC_24H:I21	DB13005	Rebastinib	0.1434172111933112	0.7240654974331898	0.9998999599839936	1.0	NPC
LJP009_NEU_24H:O23	DB07232	Veliparib	0.18826212007694032	0.8032725114274188	0.9999	1.0	NEU
NMH002_NEU_24H:BRD-A08027849-236-01-7:10	DB03619	Deoxycholic acid	0.15623811389347353	0.7761572468442784	0.9999	1.0	NEU
CPC015_NPC_24H:BRD-K19352500-070-05-8:10	DB00433	Prochlorperazine	0.15492934617396653	0.7628106538376749	0.9999	1.0	NPC
LJP009_NPC.TAK_24H:K09	DB11962	GSK-1059615	0.1603390290071122	0.7604471547235089	0.9999	1.0	NPC.TAK
LJP007_NPC.CAS9_24H:K10	DB11962	GSK-1059615	0.15741010472580966	0.7595383828368464	0.9999	1.0	NPC.CAS9
LJP007_NPC_24H:C01	DB11800	Tivozanib	0.1535801479258906	0.7568959161836891	0.9999	1.0	NPC
LJP007_NPC_24H:O05	DB07101	PD-0325901	-0.152405855815999	-0.7543569638189298	0.9999	1.0	NPC
DOSBIO001_NPC_24H:BRD-A19500257:10	DB02424	Geldanamycin	0.15601648131916743	0.7462798679249427	0.9999	1.0	NPC
LJP007_NPC.CAS9_24H:P16	DB05294	Vandetanib	-0.15517503572732738	-0.7372563252965855	0.9999	1.0	NPC.CAS9
CPC006_SKM1_6H:BRD-A46335897-003-05-4:6.23	DB01069	Promethazine	0.16014842164546403	0.7321200262032468	0.9999	1.0	SKM1
CPC014_NPC_24H:BRD-K81062487-001-01-7:10	DB04348	Taurocholic acid	0.15361260921306266	0.9942097523321041	1.0	1.0	NPC
CPC013_NPC_24H:BRD-K22096725-001-01-9:10	DB07970	5-[(2-methyl-5-{[3-(trifluoromethyl)phenyl]carbamoyl}phenyl)amino]pyridine-3-carboxamide	0.15662545439872413	0.9926180339489575	1.0	1.0	NPC
NMH002_NEU_24H:BRD-K64994968-001-24-2:10	DB00396	Progesterone	0.16325014938017354	0.9720938562271014	1.0	1.0	NEU
NMH001_NPC_6H:BRD-K37289225-001-30-7:10	DB00363	Clozapine	-0.14700336533380093	-0.9593383340917903	1.0	1.0	NPC
NMH002_NPC_6H:BRD-A91699651-001-02-4:10	DB00608	Chloroquine	0.15022338046996514	0.9577143001400237	1.0	1.0	NPC
LJP008_NPC_24H:A23	DB11740	MK-1775	-0.1504868162669246	-0.9574911516212885	1.0	1.0	NPC
NMH002_NPC_24H:BRD-A84228258-001-03-6:10	DB07348	Brefeldin A	-0.15512148462598754	-0.957123590327859	1.0	1.0	NPC
LJP007_NPC.TAK_24H:P20	DB11886	Infigratinib	-0.1503969365882936	-0.9433467929425273	1.0	1.0	NPC.TAK
LJP007_JURKAT_24H:C04	DB11800	Tivozanib	-0.14800600387494717	-0.9333689557617852	1.0	1.0	JURKAT
LJP009_NEU_24H:D06	DB11775	PF-03758309	-0.15121161793372626	-0.9311751070890305	1.0	1.0	NEU
CPC016_NEU_24H:BRD-K36927236-001-15-1:10	DB01016	Glyburide	0.1521279030614515	0.9245130491552024	1.0	1.0	NEU
LJP007_NPC_24H:I04	DB01268	Sunitinib	0.14500372591462332	0.921011347087246	1.0	1.0	NPC
LJP009_NPC.TAK_24H:G13	DB01254	Dasatinib	-0.15277762714286738	-0.9180530841235574	1.0	1.0	NPC.TAK
LJP009_NPC_24H:G13	DB01254	Dasatinib	-0.14679614713020428	-0.91752213072923	1.0	1.0	NPC
LJP007_NPC.CAS9_24H:K08	DB11962	GSK-1059615	-0.13582646747635732	-0.9051978070137857	1.0	1.0	NPC.CAS9
LJP008_NPC_24H:H13	DB11841	Entinostat	0.13955436776364727	0.8232451141585813	1.0	1.0	NPC
AML001_U937_24H:BRD-A19037878:0.37037	DB04297	Trichostatin A	0.14041899470211391	0.8213163305968022	1.0	1.0	U937
LJP008_NPC.TAK_24H:I07	DB11830	Mocetinostat	-0.1450298177619827	-0.8020683855884391	1.0	1.0	NPC.TAK
NMH002_NPC_6H:BRD-K41170226-001-10-4:10	DB03619	Deoxycholic acid	0.1837397810972132	0.7981352102722828	1.0	1.0	NPC
LJP007_NPC_24H:A04	DB05134	Tanespimycin	0.17292021834032803	0.7824746113206488	1.0	1.0	NPC
LJP008_NPC.TAK_24H:D22	DB13978	Selisistat	0.16991503005204733	0.7821722020247921	1.0	1.0	NPC.TAK
LJP007_NEU_24H:N16	DB09330	Osimertinib	-0.15335895106588723	-0.7750618245262156	1.0	1.0	NEU
LJP009_NPC.CAS9_24H:L10	DB05984	RAF-265	0.14497120225706545	0.7618847615222251	1.0	1.0	NPC.CAS9
NMH001_NEU_24H:BRD-K39981244-001-01-5:10	DB00368	Norepinephrine	0.15751648586391345	0.7617359739419483	1.0	1.0	NEU
NMH002_NEU_6H:BRD-A79067928-001-04-3:10	DB00773	Etoposide	-0.1441872040370099	-0.7608500418259116	1.0	1.0	NEU
LJP009_NPC.CAS9_24H:K11	DB11962	GSK-1059615	0.14690541317269823	0.7586881963686568	1.0	1.0	NPC.CAS9
CPC006_PL21_6H:BRD-A79768653-001-02-1:10	DB00877	Sirolimus	0.15511405920682136	0.7562173274689052	1.0	1.0	PL21
LJP007_NPC.CAS9_24H:I07	DB06589	Pazopanib	0.15259906088518665	0.7553684952248639	1.0	1.0	NPC.CAS9
LJP009_NPC.CAS9_24H:G17	DB01254	Dasatinib	0.14810194053717485	0.7549664244472538	1.0	1.0	NPC.CAS9
LJP008_NPC.TAK_24H:I08	DB11830	Mocetinostat	-0.14753143123470633	-0.7531640923255568	1.0	1.0	NPC.TAK
CPC015_NPC_24H:BRD-K52662033-003-14-7:10	DB00281	Lidocaine	-0.16780186138618444	-0.7501960098728024	1.0	1.0	NPC
CPC006_SKM1_6H:BRD-K13049116-001-01-6:10	DB15399	BMS-754807	0.15004362248046976	0.7484252459601358	1.0	1.0	SKM1
CPC006_PL21_6H:BRD-K56851771-001-02-7:0.25	DB08899	Enzalutamide	-0.15616490289838106	-0.7460731011325902	1.0	1.0	PL21
LJP007_NPC.CAS9_24H:I17	DB11526	Masitinib	0.167140420349175	0.744522549083339	1.0	1.0	NPC.CAS9
CPC006_WSUDLCL2_6H:BRD-K14888893-001-05-6:10	DB00350	Minoxidil	0.14861448309443043	0.7407067572517596	1.0	1.0	WSUDLCL2
CPC016_NEU_24H:BRD-K35629949-001-01-2:10	DB04867	Lintitript	-0.15554439288494148	-0.7406112302662216	1.0	1.0	NEU
AML001_HL60_6H:BRD-K93754473:1.49538	DB00675	Tamoxifen	-0.15298857252372827	-0.7349879252333573	1.0	1.0	HL60
CPC015_NPC_24H:BRD-K51033547-003-01-8:10	DB00193	Tramadol	-0.15453515955369204	-0.7316379693742083	1.0	1.0	NPC
CPC018_NPC_24H:BRD-K01292756-001-13-6:10	DB01100	Pimozide	-0.15883198436266524	-0.7279272116123612	1.0	1.0	NPC
LJP009_NPC.TAK_24H:O02	DB07101	PD-0325901	-0.151958320208892	-0.7271504760615992	1.0	1.0	NPC.TAK
LJP009_NPC.CAS9_24H:K08	DB11962	GSK-1059615	0.15031197085092413	0.726871662331844	1.0	1.0	NPC.CAS9
NMH002_NPC_24H:BRD-A19500257-001-03-9:10	DB02424	Geldanamycin	0.14920515838814938	0.7256920223407934	1.0	1.0	NPC
AML001_HL60_24H:BRD-A45664787:1.11111	DB01088	Iloprost	-0.13338578137038104	-0.7250217600447947	1.0	1.0	HL60
CPC006_NOMO1_6H:BRD-K26657438-001-01-2:10	DB00724	Imiquimod	-0.1392068577584796	-0.7247071931122477	1.0	1.0	NOMO1
CPC006_THP1_6H:BRD-K41895714-001-02-2:10	DB04769	5-QUINOXALIN-6-YLMETHYLENE-THIAZOLIDINE-2,4-DIONE	0.13860524609338873	0.7236064375181607	1.0	1.0	THP1
LJP007_NPC_24H:B11	DB07970	5-[(2-methyl-5-{[3-(trifluoromethyl)phenyl]carbamoyl}phenyl)amino]pyridine-3-carboxamide	-0.15942580172881873	-0.7235696183822387	1.0	1.0	NPC
CPC006_THP1_6H:BRD-K85606544-001-01-8:10	DB11828	Neratinib	-0.1464042460468468	-0.7205918091216709	1.0	1.0	THP1
LJP007_NPC.CAS9_24H:L10	DB11836	Sapanisertib	0.14529957215307615	0.7178521019681605	1.0	1.0	NPC.CAS9
NMH001_NPC_24H:BRD-A57226833-001-01-1:10	DB07780	Farnesyl diphosphate	-0.15169563244364503	-0.7168246820453749	1.0	1.0	NPC
NMH002_NEU_24H:BRD-K50590187-001-17-3:10	DB09120	Zucapsaicin	0.14450383038558554	0.7147317486919776	1.0	1.0	NEU
NMH002_NPC_24H:BRD-K52313696-001-08-1:10	DB12291	Tacedinaline	0.11846452876775714	0.7124827483106341	1.0	1.0	NPC
NMH002_NEU_24H:BRD-K71879491-001-30-9:10	DB00982	Isotretinoin	-0.15994346337957807	-0.710898156009044	1.0	1.0	NEU
LJP007_NPC.CAS9_24H:L12	DB11836	Sapanisertib	0.14728276651415906	0.7084226052350157	1.0	1.0	NPC.CAS9
CPC013_NPC_24H:BRD-K64785675-001-01-6:10	DB05552	TG100-115	-0.15828092204589048	-0.706578287444854	1.0	1.0	NPC
CPC017_NPC_24H:BRD-K76133116-001-01-2:10	DB02464	Benzylamine	-0.15062513432840144	-0.7045817232472997	1.0	1.0	NPC
LJP007_NPC_24H:L10	DB11836	Sapanisertib	0.1728670944042638	0.7041280263762367	1.0	1.0	NPC
CPC014_NEU_24H:BRD-K93331255-001-01-2:10	DB14642	Lypressin	-0.1475647314686976	-0.6974093122582562	1.0	1.0	NEU
LJP008_NPC.CAS9_24H:G15	DB01254	Dasatinib	0.16275485397818776	0.6909174725607592	1.0	1.0	NPC.CAS9
NMH002_NEU_6H:BRD-A38878059-001-02-8:10	DB07557	3,20-Pregnanedione	0.1583314481456809	0.6904809475267409	1.0	1.0	NEU
LJP007_NPC.CAS9_24H:M07	DB05575	Motesanib	0.14798413711169847	0.6849852770301743	1.0	1.0	NPC.CAS9
DOSBIO001_NEU_24H:BRD-A19500257:0.37037	DB02424	Geldanamycin	-0.1484536436461868	-0.683269208399792	1.0	1.0	NEU
LJP007_NEU_24H:N17	DB09330	Osimertinib	-0.14744664115271694	-0.6781801786537969	1.0	1.0	NEU
PCLB001_JURKAT_6H:BRD-K07572174-001-22-0:1.11	DB11672	Curcumin	-0.139616669854576	-0.6718730434787595	1.0	1.0	JURKAT
LJP007_NPC.TAK_24H:O06	DB07101	PD-0325901	-0.14409610619734772	-0.6655058014936535	1.0	1.0	NPC.TAK
CPC006_WSUDLCL2_6H:BRD-A13084692-001-04-1:10	DB08607	(5R)-5-(4-{[(2R)-6-HYDROXY-2,5,7,8-TETRAMETHYL-3,4-DIHYDRO-2H-CHROMEN-2-YL]METHOXY}BENZYL)-1,3-THIAZOLIDINE-2,4-DIONE	-0.13463179708247966	-0.6590822475410281	1.0	1.0	WSUDLCL2
NMH002_NPC_6H:BRD-K23984367-075-10-3:10	DB15414	CM-4307	0.13999531864560702	0.6503010344121152	1.0	1.0	NPC
LJP007_NPC.TAK_24H:L07	DB11836	Sapanisertib	0.13841147955175756	0.6400315031903788	1.0	1.0	NPC.TAK
LJP007_NPC.TAK_24H:H07	DB09053	Ibrutinib	0.14368128033201044	0.6391026088301914	1.0	1.0	NPC.TAK
CPC016_NPC_24H:BRD-A36066264-001-03-1:10	DB13953	Estradiol benzoate	-0.13356180016595864	-0.6381735070189931	1.0	1.0	NPC
LJP008_NPC.CAS9_24H:A04	DB05134	Tanespimycin	0.14735840404497888	0.6369533365972537	1.0	1.0	NPC.CAS9
CPC006_THP1_6H:BRD-A35108200-001-04-7:10	DB01234	Dexamethasone	0.13547135335843039	0.6365993299943369	1.0	1.0	THP1
CPC006_PL21_6H:BRD-A70155556-001-04-4:40	DB03785	Mevinolinic acid	0.12990317254401593	0.6315513623041772	1.0	1.0	PL21
CPC006_THP1_6H:BRD-K00766422-001-01-9:80	DB03459	Sparfosic acid	0.12789417220222496	0.6192782241177384	1.0	1.0	THP1
CPC018_NPC_24H:BRD-K27351809-001-02-0:10	DB13981	Nomegestrol acetate	-0.1269661482270634	-0.6110522987394821	1.0	1.0	NPC
CPC006_THP1_6H:BRD-K11853856-003-01-3:10	DB08348	N~2~,N~2~-DIMETHYL-N~1~-(6-OXO-5,6-DIHYDROPHENANTHRIDIN-2-YL)GLYCINAMIDE	0.14559604713498175	0.6072850616505369	1.0	1.0	THP1
CPC016_NPC_24H:BRD-K59058766-003-15-1:10	DB01239	Chlorprothixene	0.1314053690981035	0.583101053646583	1.0	1.0	NPC
LJP009_NPC_24H:B11	DB12242	AZD-7762	0.1375915241485059	0.5655586138199071	1.0	1.0	NPC
CPC006_NOMO1_6H:BRD-A58280226-001-01-2:4	DB08756	Y-27632	-0.11464020997992097	-0.5022194968257303	1.0	1.0	NOMO1
