ID1	ID2	Name1	Name2	Separation	ATC_Codes1	ATC_Codes2	Reported_Interaction	Reported_Combination
DB08597	DB00800	Dorsomorphin	Fenoldopam	1.35		C	False	False
DB08597	DB00925	Dorsomorphin	Phenoxybenzamine	1.3375		C	False	False
DB04599	DB08175	Aniracetam	(2E,4E)-11-METHOXY-3,7,11-TRIMETHYLDODECA-2,4-DIENOIC ACID	1.2619047619047619	N		False	False
DB04149	DB00925	(R)-Rolipram	Phenoxybenzamine	1.2374999999999998		C	False	False
DB08597	DB00679	Dorsomorphin	Thioridazine	1.2083333333333335		N	False	False
DB08597	DB04513	Dorsomorphin	N-(6-Aminohexyl)-5-Chloro-1-Naphthalenesulfonamide	1.2000000000000002			False	False
DB04599	DB01388	Aniracetam	Mibefradil	1.193939393939394	N	C	False	False
DB08597	DB00939	Dorsomorphin	Meclofenamic acid	1.1857142857142855		M	False	False
DB04149	DB02659	(R)-Rolipram	Cholic Acid	1.1853002070393375		A	False	False
DB08597	DB00875	Dorsomorphin	Flupentixol	1.1749999999999998		N	False	False
DB08597	DB08073	Dorsomorphin	(2S)-1-(1H-INDOL-3-YL)-3-{[5-(3-METHYL-1H-INDAZOL-5-YL)PYRIDIN-3-YL]OXY}PROPAN-2-AMINE	1.1666666666666665			False	False
DB08597	DB07859	Dorsomorphin	4-(4-CHLOROPHENYL)-4-[4-(1H-PYRAZOL-4-YL)PHENYL]PIPERIDINE	1.1666666666666665			False	False
DB08597	DB04599	Dorsomorphin	Aniracetam	1.1666666666666665		N	False	False
DB04599	DB04942	Aniracetam	Tamibarotene	1.1666666666666665	N		False	False
DB08597	DB08756	Dorsomorphin	Y-27632	1.1666666666666665			False	False
DB08175	DB00875	(2E,4E)-11-METHOXY-3,7,11-TRIMETHYLDODECA-2,4-DIENOIC ACID	Flupentixol	1.162878787878788		N	False	False
DB04599	DB02659	Aniracetam	Cholic Acid	1.1609523809523807	N	A	False	False
DB04149	DB00800	(R)-Rolipram	Fenoldopam	1.15		C	False	False
DB00800	DB04942	Fenoldopam	Tamibarotene	1.15	C		False	False
DB00459	DB00800	Acitretin	Fenoldopam	1.1452380952380954	D	C	False	False
DB04599	DB07863	Aniracetam	2-chloro-5-nitro-N-phenylbenzamide	1.1428571428571428	N		False	False
DB04942	DB00925	Tamibarotene	Phenoxybenzamine	1.1375000000000002		C	False	False
DB07841	DB12093	Geranylgeranyl diphosphate	Tetrahydropalmatine	1.1349206349206349			True	False
DB04599	DB07859	Aniracetam	4-(4-CHLOROPHENYL)-4-[4-(1H-PYRAZOL-4-YL)PHENYL]PIPERIDINE	1.125	N		False	False
DB04599	DB08756	Aniracetam	Y-27632	1.125	N		False	False
DB04599	DB08073	Aniracetam	(2S)-1-(1H-INDOL-3-YL)-3-{[5-(3-METHYL-1H-INDAZOL-5-YL)PYRIDIN-3-YL]OXY}PROPAN-2-AMINE	1.125	N		False	False
DB07863	DB00800	2-chloro-5-nitro-N-phenylbenzamide	Fenoldopam	1.1136363636363638		C	False	False
DB04149	DB01069	(R)-Rolipram	Promethazine	1.1118881118881119		R, V, D	False	False
DB04599	DB00459	Aniracetam	Acitretin	1.1103896103896103	N	D	False	False
DB08597	DB00555	Dorsomorphin	Lamotrigine	1.1076388888888888		N	False	False
DB08597	DB00715	Dorsomorphin	Paroxetine	1.1071428571428572		N	False	False
DB04599	DB00393	Aniracetam	Nimodipine	1.1071428571428572	N	C	False	False
DB04149	DB00622	(R)-Rolipram	Nicardipine	1.0941176470588234		C	False	False
DB04599	DB07780	Aniracetam	Farnesyl diphosphate	1.0909090909090908	N		False	False
DB08597	DB00818	Dorsomorphin	Propofol	1.0857142857142856		N	False	False
DB04149	DB00818	(R)-Rolipram	Propofol	1.0857142857142856		N	False	False
DB08597	DB01622	Dorsomorphin	Thioproperazine	1.0833333333333335		N	False	False
DB08597	DB04946	Dorsomorphin	Iloperidone	1.0804195804195802		N	False	False
DB01622	DB07841	Thioproperazine	Geranylgeranyl diphosphate	1.0616883116883118	N		False	False
DB07863	DB00875	2-chloro-5-nitro-N-phenylbenzamide	Flupentixol	1.0568181818181817		N	False	False
DB12093	DB07780	Tetrahydropalmatine	Farnesyl diphosphate	1.0555555555555554			True	False
DB15399	DB02659	BMS-754807	Cholic Acid	1.0548654244306417		A	False	False
DB15399	DB00800	BMS-754807	Fenoldopam	1.0499999999999998		C	False	False
DB01239	DB04942	Chlorprothixene	Tamibarotene	1.0489510489510492	N		False	False
DB08597	DB00477	Dorsomorphin	Chlorpromazine	1.0465838509316767		N	False	False
DB04149	DB00939	(R)-Rolipram	Meclofenamic acid	1.0428571428571427		M	False	False
DB04599	DB01645	Aniracetam	Genistein	1.0407239819004526	N		False	False
DB04599	DB07841	Aniracetam	Geranylgeranyl diphosphate	1.0389610389610389	N		False	False
DB00622	DB04942	Nicardipine	Tamibarotene	1.035294117647059	C		False	False
DB01388	DB04942	Mibefradil	Tamibarotene	1.0349650349650348	C		False	False
DB00850	DB08597	Perphenazine	Dorsomorphin	1.0333333333333337	N		False	False
DB07863	DB01239	2-chloro-5-nitro-N-phenylbenzamide	Chlorprothixene	1.0324675324675328		N	False	False
DB07863	DB00925	2-chloro-5-nitro-N-phenylbenzamide	Phenoxybenzamine	1.0284090909090908		C	False	False
DB00508	DB07841	Triflupromazine	Geranylgeranyl diphosphate	1.0238095238095237	N		False	False
DB01622	DB07780	Thioproperazine	Farnesyl diphosphate	1.022727272727273	N		False	False
DB01092	DB00800	Ouabain	Fenoldopam	1.022727272727273	C	C	False	False
DB04599	DB00255	Aniracetam	Diethylstilbestrol	1.0213675213675215	N	L, G	False	False
DB02659	DB00939	Cholic Acid	Meclofenamic acid	1.0117216117216117	A	M	False	False
DB02659	DB04942	Cholic Acid	Tamibarotene	1.0113871635610767	A		False	False
DB08597	DB02659	Dorsomorphin	Cholic Acid	1.0113871635610767		A	False	False
DB04599	DB00939	Aniracetam	Meclofenamic acid	1.011111111111111	N	M	False	False
DB02659	DB00800	Cholic Acid	Fenoldopam	1.0102627257799672	A	C	False	False
DB08175	DB01239	(2E,4E)-11-METHOXY-3,7,11-TRIMETHYLDODECA-2,4-DIENOIC ACID	Chlorprothixene	1.0086580086580088		N	False	False
DB04513	DB01092	N-(6-Aminohexyl)-5-Chloro-1-Naphthalenesulfonamide	Ouabain	1.0		C	False	False
DB04149	DB08916	(R)-Rolipram	Afatinib	1.0		L	False	False
DB08597	DB02116	Dorsomorphin	Olomoucine	1.0			False	False
DB04149	DB08877	(R)-Rolipram	Ruxolitinib	1.0		L	False	False
DB08597	DB01092	Dorsomorphin	Ouabain	1.0		C	False	False
DB05134	DB04942	Tanespimycin	Tamibarotene	1.0			False	False
DB04149	DB04599	(R)-Rolipram	Aniracetam	1.0		N	False	False
DB04149	DB01092	(R)-Rolipram	Ouabain	1.0		C	False	False
DB04149	DB08895	(R)-Rolipram	Tofacitinib	1.0		L	False	False
DB04149	DB07780	(R)-Rolipram	Farnesyl diphosphate	1.0			False	False
DB01092	DB07863	Ouabain	2-chloro-5-nitro-N-phenylbenzamide	1.0	C		False	False
DB01092	DB08877	Ouabain	Ruxolitinib	1.0	C	L	False	False
DB01092	DB04942	Ouabain	Tamibarotene	1.0	C		False	False
DB01092	DB08895	Ouabain	Tofacitinib	1.0	C	L	False	False
DB04942	DB08916	Tamibarotene	Afatinib	1.0		L	False	False
DB08756	DB08895	Y-27632	Tofacitinib	1.0		L	False	False
DB07863	DB08877	2-chloro-5-nitro-N-phenylbenzamide	Ruxolitinib	1.0		L	False	False
DB15399	DB08756	BMS-754807	Y-27632	1.0			False	False
DB08877	DB04942	Ruxolitinib	Tamibarotene	1.0	L		False	False
DB15399	DB04942	BMS-754807	Tamibarotene	1.0			False	False
DB08597	DB08877	Dorsomorphin	Ruxolitinib	1.0		L	False	False
DB07594	DB04599	CCT-018159	Aniracetam	1.0		N	False	False
DB07594	DB01092	CCT-018159	Ouabain	1.0		C	False	False
DB07594	DB04149	CCT-018159	(R)-Rolipram	1.0			False	False
DB08877	DB08756	Ruxolitinib	Y-27632	1.0	L		False	False
DB07594	DB04942	CCT-018159	Tamibarotene	1.0			False	False
DB15399	DB04149	BMS-754807	(R)-Rolipram	1.0			False	False
DB15399	DB07859	BMS-754807	4-(4-CHLOROPHENYL)-4-[4-(1H-PYRAZOL-4-YL)PHENYL]PIPERIDINE	1.0			False	False
DB15399	DB04599	BMS-754807	Aniracetam	1.0		N	False	False
DB15399	DB08073	BMS-754807	(2S)-1-(1H-INDOL-3-YL)-3-{[5-(3-METHYL-1H-INDAZOL-5-YL)PYRIDIN-3-YL]OXY}PROPAN-2-AMINE	1.0			False	False
DB15399	DB01092	BMS-754807	Ouabain	1.0		C	False	False
DB15399	DB08597	BMS-754807	Dorsomorphin	1.0			False	False
DB07863	DB07780	2-chloro-5-nitro-N-phenylbenzamide	Farnesyl diphosphate	1.0			False	False
DB07863	DB08895	2-chloro-5-nitro-N-phenylbenzamide	Tofacitinib	1.0		L	False	False
DB07859	DB08877	4-(4-CHLOROPHENYL)-4-[4-(1H-PYRAZOL-4-YL)PHENYL]PIPERIDINE	Ruxolitinib	1.0		L	False	False
DB08073	DB08877	(2S)-1-(1H-INDOL-3-YL)-3-{[5-(3-METHYL-1H-INDAZOL-5-YL)PYRIDIN-3-YL]OXY}PROPAN-2-AMINE	Ruxolitinib	1.0		L	False	False
DB07859	DB08895	4-(4-CHLOROPHENYL)-4-[4-(1H-PYRAZOL-4-YL)PHENYL]PIPERIDINE	Tofacitinib	1.0		L	False	False
DB08073	DB08895	(2S)-1-(1H-INDOL-3-YL)-3-{[5-(3-METHYL-1H-INDAZOL-5-YL)PYRIDIN-3-YL]OXY}PROPAN-2-AMINE	Tofacitinib	1.0		L	False	False
DB08597	DB13345	Dorsomorphin	Dihydroergocristine	1.0		C	False	False
DB08597	DB08895	Dorsomorphin	Tofacitinib	1.0		L	False	False
DB04599	DB07557	Aniracetam	3,20-Pregnanedione	1.0	N		False	False
DB08521	DB04599	4-[4-(4-Fluorophenyl)-2-[4-[(R)-methylsulfinyl]phenyl]-1H-imidazol-5-yl]pyridine	Aniracetam	1.0		N	False	False
DB08521	DB08597	4-[4-(4-Fluorophenyl)-2-[4-[(R)-methylsulfinyl]phenyl]-1H-imidazol-5-yl]pyridine	Dorsomorphin	1.0			False	False
DB08597	DB04942	Dorsomorphin	Tamibarotene	1.0			False	False
DB04942	DB07780	Tamibarotene	Farnesyl diphosphate	1.0			False	False
DB04942	DB08895	Tamibarotene	Tofacitinib	1.0		L	False	False
DB15399	DB07863	BMS-754807	2-chloro-5-nitro-N-phenylbenzamide	1.0			False	False
DB02116	DB08756	Olomoucine	Y-27632	1.0			False	False
DB08597	DB04149	Dorsomorphin	(R)-Rolipram	1.0			False	False
DB04513	DB04942	N-(6-Aminohexyl)-5-Chloro-1-Naphthalenesulfonamide	Tamibarotene	1.0			False	False
DB04599	DB01092	Aniracetam	Ouabain	1.0	N	C	False	False
DB04149	DB04942	(R)-Rolipram	Tamibarotene	1.0			False	False
DB04149	DB07863	(R)-Rolipram	2-chloro-5-nitro-N-phenylbenzamide	1.0			False	False
DB04149	DB04513	(R)-Rolipram	N-(6-Aminohexyl)-5-Chloro-1-Naphthalenesulfonamide	1.0			False	False
DB05134	DB04149	Tanespimycin	(R)-Rolipram	1.0			False	False
DB05134	DB01092	Tanespimycin	Ouabain	1.0		C	False	False
DB05134	DB04599	Tanespimycin	Aniracetam	1.0		N	False	False
DB08597	DB12093	Dorsomorphin	Tetrahydropalmatine	1.0			False	False
DB04149	DB00555	(R)-Rolipram	Lamotrigine	0.9965277777777777		N	False	False
DB08597	DB01645	Dorsomorphin	Genistein	0.98974358974359			False	False
DB04149	DB01645	(R)-Rolipram	Genistein	0.98974358974359			False	False
DB08597	DB00622	Dorsomorphin	Nicardipine	0.976470588235294		C	False	False
DB15399	DB00875	BMS-754807	Flupentixol	0.9750000000000001		N	False	False
DB04149	DB00875	(R)-Rolipram	Flupentixol	0.9750000000000001		N	False	False
DB08597	DB01239	Dorsomorphin	Chlorprothixene	0.9720279720279721		N	False	False
DB04149	DB01239	(R)-Rolipram	Chlorprothixene	0.9720279720279721		N	False	False
DB01205	DB00925	Flumazenil	Phenoxybenzamine	0.9678030303030303	V	C	False	False
DB00622	DB01205	Nicardipine	Flumazenil	0.9666666666666668	C	V	False	False
DB04149	DB13956	(R)-Rolipram	Estradiol valerate	0.9666666666666666			False	False
DB04149	DB13954	(R)-Rolipram	Estradiol cypionate	0.9666666666666666			False	False
DB15399	DB00715	BMS-754807	Paroxetine	0.9642857142857144		N	False	False
DB04599	DB08896	Aniracetam	Regorafenib	0.9621212121212119	N	L	False	False
DB15399	DB00679	BMS-754807	Thioridazine	0.9583333333333335		N	False	False
DB00679	DB04942	Thioridazine	Tamibarotene	0.9583333333333335	N		False	False
DB08175	DB00508	(2E,4E)-11-METHOXY-3,7,11-TRIMETHYLDODECA-2,4-DIENOIC ACID	Triflupromazine	0.9583333333333335		N	False	False
DB07557	DB00875	3,20-Pregnanedione	Flupentixol	0.9583333333333335		N	False	False
DB04149	DB00679	(R)-Rolipram	Thioridazine	0.9583333333333335		N	False	False
DB08597	DB01069	Dorsomorphin	Promethazine	0.9580419580419581		R, V, D	False	False
DB08597	DB01388	Dorsomorphin	Mibefradil	0.9580419580419581		C	False	False
DB15399	DB01388	BMS-754807	Mibefradil	0.9580419580419581		C	False	False
DB04513	DB07841	N-(6-Aminohexyl)-5-Chloro-1-Naphthalenesulfonamide	Geranylgeranyl diphosphate	0.9571428571428573			False	False
DB04599	DB03010	Aniracetam	Patupilone	0.9545454545454546	N		False	False
DB04513	DB03010	N-(6-Aminohexyl)-5-Chloro-1-Naphthalenesulfonamide	Patupilone	0.9545454545454546			False	False
DB08597	DB03010	Dorsomorphin	Patupilone	0.9545454545454546			False	False
DB08521	DB03010	4-[4-(4-Fluorophenyl)-2-[4-[(R)-methylsulfinyl]phenyl]-1H-imidazol-5-yl]pyridine	Patupilone	0.9545454545454546			False	False
DB03010	DB04942	Patupilone	Tamibarotene	0.9545454545454546			False	False
DB08756	DB03010	Y-27632	Patupilone	0.9545454545454546			False	False
DB04149	DB03010	(R)-Rolipram	Patupilone	0.9545454545454546			False	False
DB04599	DB12695	Aniracetam	Phenethyl Isothiocyanate	0.9537414965986393	N		False	False
DB08175	DB00925	(2E,4E)-11-METHOXY-3,7,11-TRIMETHYLDODECA-2,4-DIENOIC ACID	Phenoxybenzamine	0.9526515151515151		C	False	False
DB04599	DB01205	Aniracetam	Flumazenil	0.9523809523809521	N	V	False	False
DB02659	DB05266	Cholic Acid	Ibudilast	0.9501831501831501	A	R	True	False
DB02659	DB00818	Cholic Acid	Propofol	0.9501831501831501	A	N	False	False
DB08597	DB01016	Dorsomorphin	Glyburide	0.9500000000000002		A	False	False
DB07863	DB00715	2-chloro-5-nitro-N-phenylbenzamide	Paroxetine	0.9500000000000002		N	False	False
DB04599	DB00436	Aniracetam	Bendroflumethiazide	0.9444444444444446	N	C, G	False	False
DB07863	DB00679	2-chloro-5-nitro-N-phenylbenzamide	Thioridazine	0.9444444444444446		N	False	False
DB08597	DB00255	Dorsomorphin	Diethylstilbestrol	0.9444444444444444		L, G	False	False
DB07780	DB00255	Farnesyl diphosphate	Diethylstilbestrol	0.9444444444444444		L, G	False	False
DB04149	DB00255	(R)-Rolipram	Diethylstilbestrol	0.9444444444444444		L, G	False	False
DB08912	DB04942	Dabrafenib	Tamibarotene	0.9428571428571428	L		False	False
DB00800	DB00436	Fenoldopam	Bendroflumethiazide	0.9423076923076925	C	C, G	False	False
DB07863	DB01388	2-chloro-5-nitro-N-phenylbenzamide	Mibefradil	0.9415584415584417		C	False	False
DB04599	DB01115	Aniracetam	Nifedipine	0.9375	N	C	False	False
DB00925	DB08895	Phenoxybenzamine	Tofacitinib	0.9375	C	L	False	False
DB08877	DB00925	Ruxolitinib	Phenoxybenzamine	0.9375	L	C	False	False
DB02116	DB00925	Olomoucine	Phenoxybenzamine	0.9375		C	False	False
DB08597	DB06486	Dorsomorphin	Enzastaurin	0.9375			False	False
DB02659	DB00679	Cholic Acid	Thioridazine	0.9365079365079367	A	N	False	False
DB08175	DB12093	(2E,4E)-11-METHOXY-3,7,11-TRIMETHYLDODECA-2,4-DIENOIC ACID	Tetrahydropalmatine	0.9333333333333336			False	False
DB01092	DB00836	Ouabain	Loperamide	0.9285714285714286	C	A	False	False
DB15399	DB00459	BMS-754807	Acitretin	0.9285714285714286		D	False	False
DB04149	DB00459	(R)-Rolipram	Acitretin	0.9285714285714286		D	False	False
DB05134	DB00459	Tanespimycin	Acitretin	0.9285714285714286		D	False	False
DB08597	DB00836	Dorsomorphin	Loperamide	0.9285714285714286		A	False	False
DB08877	DB00459	Ruxolitinib	Acitretin	0.9285714285714286	L	D	False	False
DB00459	DB08895	Acitretin	Tofacitinib	0.9285714285714286	D	L	False	False
DB04599	DB06195	Aniracetam	Seliciclib	0.9285714285714286	N		False	False
DB08597	DB06195	Dorsomorphin	Seliciclib	0.9285714285714286			False	False
DB04149	DB00836	(R)-Rolipram	Loperamide	0.9285714285714286		A	False	False
DB07594	DB00459	CCT-018159	Acitretin	0.9285714285714286		D	False	False
DB00836	DB02116	Loperamide	Olomoucine	0.9285714285714286	A		False	False
DB01092	DB00459	Ouabain	Acitretin	0.9285714285714286	C	D	False	False
DB00459	DB07780	Acitretin	Farnesyl diphosphate	0.9285714285714286	D		False	False
DB02659	DB00875	Cholic Acid	Flupentixol	0.9283661740558293	A	N	False	False
DB08877	DB01388	Ruxolitinib	Mibefradil	0.9272727272727275	L	C	False	False
DB01388	DB08895	Mibefradil	Tofacitinib	0.9272727272727275	C	L	False	False
DB07863	DB00818	2-chloro-5-nitro-N-phenylbenzamide	Propofol	0.925		N	False	False
DB01092	DB00818	Ouabain	Propofol	0.925	C	N	False	False
DB08521	DB02659	4-[4-(4-Fluorophenyl)-2-[4-[(R)-methylsulfinyl]phenyl]-1H-imidazol-5-yl]pyridine	Cholic Acid	0.9244306418219463		A	False	False
DB07594	DB02659	CCT-018159	Cholic Acid	0.9244306418219463		A	False	False
DB05134	DB02659	Tanespimycin	Cholic Acid	0.9244306418219463		A	False	False
DB07841	DB00939	Geranylgeranyl diphosphate	Meclofenamic acid	0.9238095238095236		M	False	False
DB08073	DB02659	(2S)-1-(1H-INDOL-3-YL)-3-{[5-(3-METHYL-1H-INDAZOL-5-YL)PYRIDIN-3-YL]OXY}PROPAN-2-AMINE	Cholic Acid	0.920952380952381		A	False	False
DB08756	DB02659	Y-27632	Cholic Acid	0.920952380952381		A	False	False
DB07859	DB02659	4-(4-CHLOROPHENYL)-4-[4-(1H-PYRAZOL-4-YL)PHENYL]PIPERIDINE	Cholic Acid	0.920952380952381		A	False	False
DB07841	DB01388	Geranylgeranyl diphosphate	Mibefradil	0.9177489177489178		C	True	False
DB08175	DB00715	(2E,4E)-11-METHOXY-3,7,11-TRIMETHYLDODECA-2,4-DIENOIC ACID	Paroxetine	0.916666666666667		N	False	False
DB15399	DB01622	BMS-754807	Thioproperazine	0.9166666666666665		N	False	False
DB04149	DB01622	(R)-Rolipram	Thioproperazine	0.9166666666666665		N	False	False
DB04149	DB06595	(R)-Rolipram	Midostaurin	0.9166666666666665		L	False	False
DB04599	DB01016	Aniracetam	Glyburide	0.9166666666666665	N	A	False	False
DB15399	DB00393	BMS-754807	Nimodipine	0.9166666666666665		C	False	False
DB08756	DB06595	Y-27632	Midostaurin	0.9166666666666665		L	False	False
DB15399	DB07557	BMS-754807	3,20-Pregnanedione	0.9166666666666665			False	False
DB08877	DB00800	Ruxolitinib	Fenoldopam	0.9166666666666665	L	C	False	False
DB08597	DB06595	Dorsomorphin	Midostaurin	0.9166666666666665		L	False	False
DB08597	DB00831	Dorsomorphin	Trifluoperazine	0.9166666666666665		N	False	False
DB00800	DB08895	Fenoldopam	Tofacitinib	0.9166666666666665	C	L	False	False
DB08597	DB08896	Dorsomorphin	Regorafenib	0.9166666666666665		L	False	False
DB07557	DB00800	3,20-Pregnanedione	Fenoldopam	0.9166666666666665		C	False	False
DB08597	DB00393	Dorsomorphin	Nimodipine	0.9166666666666665		C	False	False
DB00393	DB04942	Nimodipine	Tamibarotene	0.9166666666666665	C		False	False
DB01622	DB04942	Thioproperazine	Tamibarotene	0.9166666666666665	N		False	False
DB00508	DB07780	Triflupromazine	Farnesyl diphosphate	0.9166666666666665	N		False	False
DB04149	DB07557	(R)-Rolipram	3,20-Pregnanedione	0.9166666666666665			False	False
DB04149	DB00831	(R)-Rolipram	Trifluoperazine	0.9166666666666665		N	False	False
DB04149	DB00477	(R)-Rolipram	Chlorpromazine	0.9161490683229814		N	False	False
DB04599	DB01054	Aniracetam	Nitrendipine	0.9155844155844157	N	C	False	False
DB04599	DB05266	Aniracetam	Ibudilast	0.9111111111111112	N	R	False	False
DB08175	DB00477	(2E,4E)-11-METHOXY-3,7,11-TRIMETHYLDODECA-2,4-DIENOIC ACID	Chlorpromazine	0.9107142857142856		N	False	False
DB07863	DB00477	2-chloro-5-nitro-N-phenylbenzamide	Chlorpromazine	0.9107142857142856		N	False	False
DB04599	DB00210	Aniracetam	Adapalene	0.9102564102564106	N	D	False	False
DB04599	DB00622	Aniracetam	Nicardipine	0.9052631578947368	N	C	False	False
DB01092	DB00393	Ouabain	Nimodipine	0.9038461538461537	C	C	False	False
DB01388	DB00818	Mibefradil	Propofol	0.9022727272727273	C	N	True	False
DB07557	DB01239	3,20-Pregnanedione	Chlorprothixene	0.9015151515151518		N	False	False
DB00939	DB08895	Meclofenamic acid	Tofacitinib	0.8999999999999999	M	L	False	False
DB07780	DB00939	Farnesyl diphosphate	Meclofenamic acid	0.8999999999999999		M	False	False
DB04599	DB02546	Aniracetam	Vorinostat	0.8999999999999999	N	L	False	False
DB01092	DB00939	Ouabain	Meclofenamic acid	0.8999999999999999	C	M	False	False
DB04149	DB02546	(R)-Rolipram	Vorinostat	0.8999999999999999		L	False	False
DB07863	DB00939	2-chloro-5-nitro-N-phenylbenzamide	Meclofenamic acid	0.8999999999999999		M	False	False
DB04942	DB00939	Tamibarotene	Meclofenamic acid	0.8999999999999999		M	False	False
DB05134	DB00939	Tanespimycin	Meclofenamic acid	0.8999999999999999		M	False	False
DB06155	DB00939	Rimonabant	Meclofenamic acid	0.8999999999999999	A	M	False	False
DB08597	DB00675	Dorsomorphin	Tamoxifen	0.8999999999999999		L	False	False
DB04513	DB02546	N-(6-Aminohexyl)-5-Chloro-1-Naphthalenesulfonamide	Vorinostat	0.8999999999999999		L	False	False
DB04149	DB00675	(R)-Rolipram	Tamoxifen	0.8999999999999999		L	False	False
DB08877	DB00939	Ruxolitinib	Meclofenamic acid	0.8999999999999999	L	M	False	False
DB07594	DB00939	CCT-018159	Meclofenamic acid	0.8999999999999999		M	False	False
DB08597	DB02546	Dorsomorphin	Vorinostat	0.8999999999999999		L	False	False
DB15399	DB00939	BMS-754807	Meclofenamic acid	0.8999999999999999		M	False	False
DB08597	DB00783	Dorsomorphin	Estradiol	0.8968253968253967		G	False	False
DB04149	DB00783	(R)-Rolipram	Estradiol	0.8968253968253967		G	False	False
DB04599	DB01118	Aniracetam	Amiodarone	0.8961038961038961	N	C	False	False
DB01205	DB01069	Flumazenil	Promethazine	0.893939393939394	V	R, V, D	False	False
DB01205	DB01388	Flumazenil	Mibefradil	0.893939393939394	V	C	False	False
DB04942	DB00715	Tamibarotene	Paroxetine	0.8928571428571428		N	False	False
DB01092	DB07557	Ouabain	3,20-Pregnanedione	0.8928571428571428	C		False	False
DB04149	DB00715	(R)-Rolipram	Paroxetine	0.8928571428571428		N	False	False
DB05266	DB00925	Ibudilast	Phenoxybenzamine	0.8913461538461538	R	C	True	False
DB08597	DB12695	Dorsomorphin	Phenethyl Isothiocyanate	0.8907801418439716			False	False
DB08175	DB00679	(2E,4E)-11-METHOXY-3,7,11-TRIMETHYLDODECA-2,4-DIENOIC ACID	Thioridazine	0.8888888888888891		N	False	False
DB01115	DB04942	Nifedipine	Tamibarotene	0.8875000000000002	C		False	False
DB08597	DB01115	Dorsomorphin	Nifedipine	0.8875000000000002		C	False	False
DB02659	DB01239	Cholic Acid	Chlorprothixene	0.8866341991341993	A	N	False	False
DB04599	DB02010	Aniracetam	Staurosporine	0.8846153846153846	N		False	False
DB08597	DB13954	Dorsomorphin	Estradiol cypionate	0.8833333333333335			False	False
DB08597	DB13956	Dorsomorphin	Estradiol valerate	0.8833333333333335			False	False
DB07557	DB00679	3,20-Pregnanedione	Thioridazine	0.8833333333333333		N	False	False
DB00459	DB03010	Acitretin	Patupilone	0.8831168831168832	D		False	False
DB04149	DB01388	(R)-Rolipram	Mibefradil	0.881118881118881		C	False	False
DB01069	DB04942	Promethazine	Tamibarotene	0.881118881118881	R, V, D		False	False
DB02659	DB08916	Cholic Acid	Afatinib	0.8809523809523809	A	L	False	False
DB12500	DB02659	Fedratinib	Cholic Acid	0.8809523809523809	L	A	False	False
DB02659	DB08895	Cholic Acid	Tofacitinib	0.8809523809523809	A	L	False	False
DB08877	DB02659	Ruxolitinib	Cholic Acid	0.8809523809523809	L	A	False	False
DB02659	DB07841	Cholic Acid	Geranylgeranyl diphosphate	0.8809523809523809	A		False	False
DB07863	DB00555	2-chloro-5-nitro-N-phenylbenzamide	Lamotrigine	0.8766447368421053		N	False	False
DB04599	DB01254	Aniracetam	Dasatinib	0.8760064412238326	N	L	False	False
DB02587	DB02116	Colforsin	Olomoucine	0.875			False	False
DB07594	DB00875	CCT-018159	Flupentixol	0.875		N	False	False
DB08597	DB00588	Dorsomorphin	Fluticasone propionate	0.875			False	False
DB05134	DB00875	Tanespimycin	Flupentixol	0.875		N	False	False
DB02587	DB04942	Colforsin	Tamibarotene	0.875			False	False
DB08521	DB00875	4-[4-(4-Fluorophenyl)-2-[4-[(R)-methylsulfinyl]phenyl]-1H-imidazol-5-yl]pyridine	Flupentixol	0.875		N	False	False
DB05134	DB08059	Tanespimycin	Wortmannin	0.875			False	False
DB04149	DB00588	(R)-Rolipram	Fluticasone propionate	0.875			False	False
DB15399	DB02587	BMS-754807	Colforsin	0.875			False	False
DB04149	DB02587	(R)-Rolipram	Colforsin	0.875			False	False
DB08521	DB08059	4-[4-(4-Fluorophenyl)-2-[4-[(R)-methylsulfinyl]phenyl]-1H-imidazol-5-yl]pyridine	Wortmannin	0.875			False	False
DB04599	DB08059	Aniracetam	Wortmannin	0.875	N		True	False
DB08597	DB02587	Dorsomorphin	Colforsin	0.875			False	False
DB08521	DB02587	4-[4-(4-Fluorophenyl)-2-[4-[(R)-methylsulfinyl]phenyl]-1H-imidazol-5-yl]pyridine	Colforsin	0.875			False	False
DB07863	DB02587	2-chloro-5-nitro-N-phenylbenzamide	Colforsin	0.875			False	False
DB01092	DB08059	Ouabain	Wortmannin	0.875	C		False	False
DB15399	DB00588	BMS-754807	Fluticasone propionate	0.875			False	False
DB07594	DB08059	CCT-018159	Wortmannin	0.875			False	False
DB00588	DB07780	Fluticasone propionate	Farnesyl diphosphate	0.875			False	False
DB04942	DB00875	Tamibarotene	Flupentixol	0.875		N	False	False
DB00800	DB00588	Fenoldopam	Fluticasone propionate	0.875	C		False	False
DB04599	DB00588	Aniracetam	Fluticasone propionate	0.875	N		True	False
DB04599	DB01088	Aniracetam	Iloprost	0.875	N	B	False	False
DB01092	DB02587	Ouabain	Colforsin	0.875	C		False	False
DB07863	DB00508	2-chloro-5-nitro-N-phenylbenzamide	Triflupromazine	0.875		N	False	False
DB01092	DB00875	Ouabain	Flupentixol	0.875	C	N	False	False
DB07780	DB00875	Farnesyl diphosphate	Flupentixol	0.875		N	True	False
DB04942	DB00477	Tamibarotene	Chlorpromazine	0.872670807453416		N	False	False
DB01782	DB00939	Pyrazolanthrone	Meclofenamic acid	0.8722222222222222		M	False	False
DB04599	DB13954	Aniracetam	Estradiol cypionate	0.8714285714285717	N		False	False
DB04599	DB00396	Aniracetam	Progesterone	0.8714285714285717	N	G	False	False
DB04599	DB13956	Aniracetam	Estradiol valerate	0.8714285714285717	N		False	False
DB01622	DB02659	Thioproperazine	Cholic Acid	0.8709523809523811	N	A	False	False
DB01092	DB01388	Ouabain	Mibefradil	0.8701298701298701	C	C	False	False
DB08175	DB01100	(2E,4E)-11-METHOXY-3,7,11-TRIMETHYLDODECA-2,4-DIENOIC ACID	Pimozide	0.8690476190476191		N	False	False
DB00393	DB07780	Nimodipine	Farnesyl diphosphate	0.8676470588235294	C		True	False
DB02659	DB03010	Cholic Acid	Patupilone	0.8667478354978355	A		False	False
DB08521	DB00794	4-[4-(4-Fluorophenyl)-2-[4-[(R)-methylsulfinyl]phenyl]-1H-imidazol-5-yl]pyridine	Primidone	0.8666666666666665		N	False	False
DB00459	DB00925	Acitretin	Phenoxybenzamine	0.8660714285714286	D	C	False	False
DB07841	DB00875	Geranylgeranyl diphosphate	Flupentixol	0.8654761904761905		N	True	False
DB01622	DB00459	Thioproperazine	Acitretin	0.8603896103896103	N	D	False	False
DB15399	DB00622	BMS-754807	Nicardipine	0.8588235294117645		C	False	False
DB08175	DB00939	(2E,4E)-11-METHOXY-3,7,11-TRIMETHYLDODECA-2,4-DIENOIC ACID	Meclofenamic acid	0.8583333333333334		M	False	False
DB00459	DB01239	Acitretin	Chlorprothixene	0.8578643578643579	D	N	False	False
DB00800	DB00818	Fenoldopam	Propofol	0.8576923076923075	C	N	False	False
DB00800	DB05266	Fenoldopam	Ibudilast	0.8576923076923075	C	R	False	False
DB07841	DB00353	Geranylgeranyl diphosphate	Methylergometrine	0.8571428571428572		G	False	False
DB07863	DB07841	2-chloro-5-nitro-N-phenylbenzamide	Geranylgeranyl diphosphate	0.8571428571428572			False	False
DB07841	DB04942	Geranylgeranyl diphosphate	Tamibarotene	0.8571428571428572			False	False
DB07859	DB07841	4-(4-CHLOROPHENYL)-4-[4-(1H-PYRAZOL-4-YL)PHENYL]PIPERIDINE	Geranylgeranyl diphosphate	0.8571428571428572			False	False
DB08073	DB07841	(2S)-1-(1H-INDOL-3-YL)-3-{[5-(3-METHYL-1H-INDAZOL-5-YL)PYRIDIN-3-YL]OXY}PROPAN-2-AMINE	Geranylgeranyl diphosphate	0.8571428571428572			False	False
DB01092	DB07841	Ouabain	Geranylgeranyl diphosphate	0.8571428571428572	C		False	False
DB08877	DB07841	Ruxolitinib	Geranylgeranyl diphosphate	0.8571428571428572	L		False	False
DB02116	DB07841	Olomoucine	Geranylgeranyl diphosphate	0.8571428571428572			False	False
DB08756	DB07841	Y-27632	Geranylgeranyl diphosphate	0.8571428571428572			False	False
DB04149	DB07841	(R)-Rolipram	Geranylgeranyl diphosphate	0.8571428571428572			False	False
DB07841	DB08895	Geranylgeranyl diphosphate	Tofacitinib	0.8571428571428572		L	False	False
DB07594	DB07841	CCT-018159	Geranylgeranyl diphosphate	0.8571428571428572			False	False
DB08521	DB07841	4-[4-(4-Fluorophenyl)-2-[4-[(R)-methylsulfinyl]phenyl]-1H-imidazol-5-yl]pyridine	Geranylgeranyl diphosphate	0.8571428571428572			False	False
DB05134	DB07841	Tanespimycin	Geranylgeranyl diphosphate	0.8571428571428572			False	False
DB08175	DB00800	(2E,4E)-11-METHOXY-3,7,11-TRIMETHYLDODECA-2,4-DIENOIC ACID	Fenoldopam	0.8560606060606064		C	False	False
DB12500	DB00800	Fedratinib	Fenoldopam	0.8560606060606064	L	C	False	False
DB07863	DB00622	2-chloro-5-nitro-N-phenylbenzamide	Nicardipine	0.8555555555555554		C	False	False
DB03010	DB00939	Patupilone	Meclofenamic acid	0.8545454545454545		M	False	False
DB04599	DB06486	Aniracetam	Enzastaurin	0.8541666666666667	N		False	False
DB07557	DB00925	3,20-Pregnanedione	Phenoxybenzamine	0.8541666666666665		C	False	False
DB04513	DB00794	N-(6-Aminohexyl)-5-Chloro-1-Naphthalenesulfonamide	Primidone	0.8538461538461537		N	False	False
DB02116	DB00622	Olomoucine	Nicardipine	0.8526315789473686		C	False	False
DB01092	DB12695	Ouabain	Phenethyl Isothiocyanate	0.8500000000000001	C		False	False
DB04149	DB01016	(R)-Rolipram	Glyburide	0.8500000000000001		A	False	False
DB08521	DB00800	4-[4-(4-Fluorophenyl)-2-[4-[(R)-methylsulfinyl]phenyl]-1H-imidazol-5-yl]pyridine	Fenoldopam	0.8500000000000001		C	False	False
DB08521	DB01016	4-[4-(4-Fluorophenyl)-2-[4-[(R)-methylsulfinyl]phenyl]-1H-imidazol-5-yl]pyridine	Glyburide	0.8500000000000001		A	False	False
DB04149	DB04946	(R)-Rolipram	Iloperidone	0.8496503496503498		N	False	False
DB15399	DB04946	BMS-754807	Iloperidone	0.8496503496503498		N	False	False
DB04149	DB12695	(R)-Rolipram	Phenethyl Isothiocyanate	0.84822695035461			False	False
DB01092	DB00925	Ouabain	Phenoxybenzamine	0.8465909090909092	C	C	False	False
DB08175	DB01069	(2E,4E)-11-METHOXY-3,7,11-TRIMETHYLDODECA-2,4-DIENOIC ACID	Promethazine	0.8463203463203461		R, V, D	False	False
DB08175	DB01388	(2E,4E)-11-METHOXY-3,7,11-TRIMETHYLDODECA-2,4-DIENOIC ACID	Mibefradil	0.8463203463203461		C	False	False
DB00939	DB00255	Meclofenamic acid	Diethylstilbestrol	0.8444444444444446	M	L, G	False	False
DB07863	DB04946	2-chloro-5-nitro-N-phenylbenzamide	Iloperidone	0.8441558441558443		N	False	False
DB03010	DB07780	Patupilone	Farnesyl diphosphate	0.8434343434343434			False	False
DB00393	DB07841	Nimodipine	Geranylgeranyl diphosphate	0.8424369747899161	C		True	False
DB01205	DB01239	Flumazenil	Chlorprothixene	0.8419913419913421	V	N	False	False
DB07841	DB01239	Geranylgeranyl diphosphate	Chlorprothixene	0.8419913419913418		N	True	False
DB04513	DB00800	N-(6-Aminohexyl)-5-Chloro-1-Naphthalenesulfonamide	Fenoldopam	0.8409090909090908		C	False	False
DB01205	DB02659	Flumazenil	Cholic Acid	0.839285714285714	V	A	False	False
DB00622	DB07841	Nicardipine	Geranylgeranyl diphosphate	0.8389610389610387	C		True	False
DB00679	DB00459	Thioridazine	Acitretin	0.838827838827839	N	D	False	False
DB01388	DB07780	Mibefradil	Farnesyl diphosphate	0.8383838383838385	C		True	False
DB00836	DB08895	Loperamide	Tofacitinib	0.8376623376623378	A	L	False	False
DB00836	DB08877	Loperamide	Ruxolitinib	0.8376623376623378	A	L	False	False
DB15399	DB01013	BMS-754807	Clobetasol propionate	0.8333333333333335			False	False
DB02424	DB04149	Geldanamycin	(R)-Rolipram	0.8333333333333335			False	False
DB02424	DB04599	Geldanamycin	Aniracetam	0.8333333333333335		N	False	False
DB08597	DB08175	Dorsomorphin	(2E,4E)-11-METHOXY-3,7,11-TRIMETHYLDODECA-2,4-DIENOIC ACID	0.8333333333333335			False	False
DB08597	DB12500	Dorsomorphin	Fedratinib	0.8333333333333335		L	False	False
DB08877	DB01013	Ruxolitinib	Clobetasol propionate	0.8333333333333335	L		False	False
DB00850	DB04942	Perphenazine	Tamibarotene	0.8333333333333335	N		False	False
DB08175	DB08895	(2E,4E)-11-METHOXY-3,7,11-TRIMETHYLDODECA-2,4-DIENOIC ACID	Tofacitinib	0.8333333333333335		L	False	False
DB00850	DB01092	Perphenazine	Ouabain	0.8333333333333335	N	C	False	False
DB11781	DB04599	Tosedostat	Aniracetam	0.8333333333333335		N	False	False
DB08175	DB08877	(2E,4E)-11-METHOXY-3,7,11-TRIMETHYLDODECA-2,4-DIENOIC ACID	Ruxolitinib	0.8333333333333335		L	False	False
DB08175	DB08756	(2E,4E)-11-METHOXY-3,7,11-TRIMETHYLDODECA-2,4-DIENOIC ACID	Y-27632	0.8333333333333335			False	False
DB08521	DB00679	4-[4-(4-Fluorophenyl)-2-[4-[(R)-methylsulfinyl]phenyl]-1H-imidazol-5-yl]pyridine	Thioridazine	0.8333333333333335		N	False	False
DB08175	DB07859	(2E,4E)-11-METHOXY-3,7,11-TRIMETHYLDODECA-2,4-DIENOIC ACID	4-(4-CHLOROPHENYL)-4-[4-(1H-PYRAZOL-4-YL)PHENYL]PIPERIDINE	0.8333333333333335			False	False
DB08175	DB08073	(2E,4E)-11-METHOXY-3,7,11-TRIMETHYLDODECA-2,4-DIENOIC ACID	(2S)-1-(1H-INDOL-3-YL)-3-{[5-(3-METHYL-1H-INDAZOL-5-YL)PYRIDIN-3-YL]OXY}PROPAN-2-AMINE	0.8333333333333335			False	False
DB08175	DB08916	(2E,4E)-11-METHOXY-3,7,11-TRIMETHYLDODECA-2,4-DIENOIC ACID	Afatinib	0.8333333333333335		L	False	False
DB08175	DB07780	(2E,4E)-11-METHOXY-3,7,11-TRIMETHYLDODECA-2,4-DIENOIC ACID	Farnesyl diphosphate	0.8333333333333335			False	False
DB00210	DB07780	Adapalene	Farnesyl diphosphate	0.8333333333333335	D		False	False
DB04599	DB00800	Aniracetam	Fenoldopam	0.8333333333333335	N	C	False	False
DB12500	DB07859	Fedratinib	4-(4-CHLOROPHENYL)-4-[4-(1H-PYRAZOL-4-YL)PHENYL]PIPERIDINE	0.8333333333333335	L		False	False
DB12500	DB08073	Fedratinib	(2S)-1-(1H-INDOL-3-YL)-3-{[5-(3-METHYL-1H-INDAZOL-5-YL)PYRIDIN-3-YL]OXY}PROPAN-2-AMINE	0.8333333333333335	L		False	False
DB02424	DB01092	Geldanamycin	Ouabain	0.8333333333333335		C	False	False
DB12500	DB08756	Fedratinib	Y-27632	0.8333333333333335	L		False	False
DB12500	DB04942	Fedratinib	Tamibarotene	0.8333333333333335	L		False	False
DB04149	DB00210	(R)-Rolipram	Adapalene	0.8333333333333335		D	False	False
DB08521	DB00393	4-[4-(4-Fluorophenyl)-2-[4-[(R)-methylsulfinyl]phenyl]-1H-imidazol-5-yl]pyridine	Nimodipine	0.8333333333333335		C	False	False
DB04149	DB12500	(R)-Rolipram	Fedratinib	0.8333333333333335		L	False	False
DB08597	DB01013	Dorsomorphin	Clobetasol propionate	0.8333333333333335			False	False
DB02116	DB00800	Olomoucine	Fenoldopam	0.8333333333333335		C	False	False
DB01092	DB00679	Ouabain	Thioridazine	0.8333333333333335	C	N	False	False
DB01092	DB08175	Ouabain	(2E,4E)-11-METHOXY-3,7,11-TRIMETHYLDODECA-2,4-DIENOIC ACID	0.8333333333333335	C		False	False
DB12500	DB01092	Fedratinib	Ouabain	0.8333333333333335	L	C	False	False
DB12500	DB07863	Fedratinib	2-chloro-5-nitro-N-phenylbenzamide	0.8333333333333335	L		False	False
DB04599	DB01013	Aniracetam	Clobetasol propionate	0.8333333333333335	N		False	False
DB02424	DB04942	Geldanamycin	Tamibarotene	0.8333333333333335			False	False
DB00679	DB07780	Thioridazine	Farnesyl diphosphate	0.8333333333333335	N		True	False
DB04149	DB00393	(R)-Rolipram	Nimodipine	0.8333333333333335		C	False	False
DB04149	DB08175	(R)-Rolipram	(2E,4E)-11-METHOXY-3,7,11-TRIMETHYLDODECA-2,4-DIENOIC ACID	0.8333333333333335			False	False
DB01013	DB08895	Clobetasol propionate	Tofacitinib	0.8333333333333335		L	False	False
DB04513	DB08175	N-(6-Aminohexyl)-5-Chloro-1-Naphthalenesulfonamide	(2E,4E)-11-METHOXY-3,7,11-TRIMETHYLDODECA-2,4-DIENOIC ACID	0.8333333333333335			False	False
DB04149	DB01013	(R)-Rolipram	Clobetasol propionate	0.8333333333333335			False	False
DB15399	DB08175	BMS-754807	(2E,4E)-11-METHOXY-3,7,11-TRIMETHYLDODECA-2,4-DIENOIC ACID	0.8333333333333335			False	False
DB15399	DB00210	BMS-754807	Adapalene	0.8333333333333335		D	False	False
DB00850	DB04149	Perphenazine	(R)-Rolipram	0.8333333333333335	N		False	False
DB00850	DB08175	Perphenazine	(2E,4E)-11-METHOXY-3,7,11-TRIMETHYLDODECA-2,4-DIENOIC ACID	0.8333333333333333	N		False	False
DB08597	DB01254	Dorsomorphin	Dasatinib	0.8330434782608696		L	False	False
DB03010	DB00875	Patupilone	Flupentixol	0.8295454545454546		N	False	False
DB00459	DB00939	Acitretin	Meclofenamic acid	0.8285714285714287	D	M	False	False
DB00836	DB02546	Loperamide	Vorinostat	0.8285714285714287	A	L	True	False
DB02659	DB01388	Cholic Acid	Mibefradil	0.8269751082251082	A	C	False	False
DB12695	DB04942	Phenethyl Isothiocyanate	Tamibarotene	0.826950354609929			False	False
DB08521	DB12695	4-[4-(4-Fluorophenyl)-2-[4-[(R)-methylsulfinyl]phenyl]-1H-imidazol-5-yl]pyridine	Phenethyl Isothiocyanate	0.826950354609929			False	False
DB08597	DB01118	Dorsomorphin	Amiodarone	0.8253968253968256		C	False	False
DB08597	DB01088	Dorsomorphin	Iloprost	0.8250000000000002		B	False	False
DB00393	DB02659	Nimodipine	Cholic Acid	0.824500768049155	C	A	False	False
DB07841	DB00818	Geranylgeranyl diphosphate	Propofol	0.8238095238095235		N	True	False
DB01645	DB00939	Genistein	Meclofenamic acid	0.8230769230769233		M	False	False
DB01645	DB07780	Genistein	Farnesyl diphosphate	0.823076923076923			False	False
DB00459	DB01388	Acitretin	Mibefradil	0.8225108225108224	D	C	False	False
DB07863	DB02010	2-chloro-5-nitro-N-phenylbenzamide	Staurosporine	0.8221153846153846			False	False
DB00393	DB08877	Nimodipine	Ruxolitinib	0.8214285714285716	C	L	False	False
DB02116	DB00393	Olomoucine	Nimodipine	0.8214285714285716		C	False	False
DB00393	DB08895	Nimodipine	Tofacitinib	0.8214285714285716	C	L	False	False
DB07863	DB08896	2-chloro-5-nitro-N-phenylbenzamide	Regorafenib	0.8214285714285712		L	False	False
DB04513	DB08896	N-(6-Aminohexyl)-5-Chloro-1-Naphthalenesulfonamide	Regorafenib	0.8214285714285712		L	False	False
DB08175	DB04946	(2E,4E)-11-METHOXY-3,7,11-TRIMETHYLDODECA-2,4-DIENOIC ACID	Iloperidone	0.8203463203463204		N	False	False
DB00875	DB00255	Flupentixol	Diethylstilbestrol	0.8194444444444444	N	L, G	False	False
DB00210	DB00800	Adapalene	Fenoldopam	0.8186274509803924	D	C	False	False
DB01239	DB07780	Chlorprothixene	Farnesyl diphosphate	0.8181818181818183	N		True	False
DB15399	DB01239	BMS-754807	Chlorprothixene	0.8181818181818183		N	False	False
DB07594	DB01239	CCT-018159	Chlorprothixene	0.8181818181818183		N	False	False
DB05134	DB01239	Tanespimycin	Chlorprothixene	0.8181818181818183		N	False	False
DB08521	DB01239	4-[4-(4-Fluorophenyl)-2-[4-[(R)-methylsulfinyl]phenyl]-1H-imidazol-5-yl]pyridine	Chlorprothixene	0.8181818181818183		N	False	False
DB07859	DB07780	4-(4-CHLOROPHENYL)-4-[4-(1H-PYRAZOL-4-YL)PHENYL]PIPERIDINE	Farnesyl diphosphate	0.8181818181818181			False	False
DB08073	DB07780	(2S)-1-(1H-INDOL-3-YL)-3-{[5-(3-METHYL-1H-INDAZOL-5-YL)PYRIDIN-3-YL]OXY}PROPAN-2-AMINE	Farnesyl diphosphate	0.8181818181818181			False	False
DB08877	DB07780	Ruxolitinib	Farnesyl diphosphate	0.8181818181818181	L		False	False
DB07780	DB08895	Farnesyl diphosphate	Tofacitinib	0.8181818181818181		L	False	False
DB00393	DB00818	Nimodipine	Propofol	0.8166666666666667	C	N	True	False
DB08896	DB00939	Regorafenib	Meclofenamic acid	0.8166666666666667	L	M	False	False
DB08896	DB04942	Regorafenib	Tamibarotene	0.8166666666666664	L		False	False
DB08175	DB00555	(2E,4E)-11-METHOXY-3,7,11-TRIMETHYLDODECA-2,4-DIENOIC ACID	Lamotrigine	0.8152412280701755		N	False	False
DB01388	DB00939	Mibefradil	Meclofenamic acid	0.8147727272727274	C	M	False	False
DB04149	DB00313	(R)-Rolipram	Valproic acid	0.8131313131313131		N	False	False
DB08597	DB00313	Dorsomorphin	Valproic acid	0.8131313131313131		N	False	False
DB01388	DB00875	Mibefradil	Flupentixol	0.8127990430622012	C	N	True	False
DB02659	DB00715	Cholic Acid	Paroxetine	0.8127705627705626	A	N	False	False
DB06195	DB00800	Seliciclib	Fenoldopam	0.8119047619047619		C	False	False
DB07841	DB03010	Geranylgeranyl diphosphate	Patupilone	0.8116883116883118			False	False
DB07863	DB03010	2-chloro-5-nitro-N-phenylbenzamide	Patupilone	0.8116883116883118			False	False
DB01092	DB03010	Ouabain	Patupilone	0.8116883116883118	C		False	False
DB04942	DB00568	Tamibarotene	Cinnarizine	0.8076923076923075		N	False	False
DB01069	DB07841	Promethazine	Geranylgeranyl diphosphate	0.8066378066378066	R, V, D		True	False
DB15399	DB12695	BMS-754807	Phenethyl Isothiocyanate	0.8056737588652483			False	False
DB01118	DB08895	Amiodarone	Tofacitinib	0.8051948051948052	C	L	False	False
DB08877	DB01118	Ruxolitinib	Amiodarone	0.8051948051948052	L	C	False	False
DB07594	DB01388	CCT-018159	Mibefradil	0.8041958041958044		C	False	False
DB08521	DB01388	4-[4-(4-Fluorophenyl)-2-[4-[(R)-methylsulfinyl]phenyl]-1H-imidazol-5-yl]pyridine	Mibefradil	0.8041958041958044		C	False	False
DB05134	DB01388	Tanespimycin	Mibefradil	0.8041958041958044		C	False	False
DB07780	DB00925	Farnesyl diphosphate	Phenoxybenzamine	0.8041666666666667		C	False	False
DB00794	DB00925	Primidone	Phenoxybenzamine	0.8041666666666665	N	C	False	False
DB00800	DB00939	Fenoldopam	Meclofenamic acid	0.8038461538461537	C	M	False	False
DB01016	DB00939	Glyburide	Meclofenamic acid	0.8038461538461537	A	M	False	False
DB02587	DB00459	Colforsin	Acitretin	0.8035714285714286		D	False	False
DB06195	DB00875	Seliciclib	Flupentixol	0.8035714285714286		N	False	False
DB00459	DB00875	Acitretin	Flupentixol	0.8035714285714286	D	N	False	False
DB02587	DB06195	Colforsin	Seliciclib	0.8035714285714286			False	False
DB07841	DB00255	Geranylgeranyl diphosphate	Diethylstilbestrol	0.8015873015873014		L, G	False	False
DB00393	DB01205	Nimodipine	Flumazenil	0.8012820512820511	C	V	False	False
DB02116	DB02659	Olomoucine	Cholic Acid	0.8009523809523809		A	False	False
DB15399	DB03010	BMS-754807	Patupilone	0.8006993006993008			False	False
DB00622	DB05266	Nicardipine	Ibudilast	0.8000000000000003	C	R	True	False
DB08597	DB08912	Dorsomorphin	Dabrafenib	0.8		L	False	False
DB08521	DB00818	4-[4-(4-Fluorophenyl)-2-[4-[(R)-methylsulfinyl]phenyl]-1H-imidazol-5-yl]pyridine	Propofol	0.8		N	False	False
DB07863	DB05266	2-chloro-5-nitro-N-phenylbenzamide	Ibudilast	0.8		R	False	False
DB00396	DB07780	Progesterone	Farnesyl diphosphate	0.8	G		False	False
DB05266	DB08895	Ibudilast	Tofacitinib	0.8	R	L	True	False
DB02116	DB00818	Olomoucine	Propofol	0.8		N	False	False
DB04942	DB00818	Tamibarotene	Propofol	0.8		N	False	False
DB13956	DB07780	Estradiol valerate	Farnesyl diphosphate	0.8			False	False
DB05266	DB08916	Ibudilast	Afatinib	0.8	R	L	False	False
DB08597	DB05266	Dorsomorphin	Ibudilast	0.8		R	False	False
DB04599	DB08912	Aniracetam	Dabrafenib	0.8	N	L	False	False
DB08597	DB00396	Dorsomorphin	Progesterone	0.8		G	False	False
DB05134	DB00818	Tanespimycin	Propofol	0.8		N	False	False
DB00818	DB08916	Propofol	Afatinib	0.8	N	L	False	False
DB05134	DB05266	Tanespimycin	Ibudilast	0.8		R	False	False
DB00818	DB07780	Propofol	Farnesyl diphosphate	0.8	N		True	False
DB13954	DB07780	Estradiol cypionate	Farnesyl diphosphate	0.8			False	False
DB04599	DB00818	Aniracetam	Propofol	0.8	N	N	True	False
DB08877	DB05266	Ruxolitinib	Ibudilast	0.8	L	R	True	False
DB08877	DB00818	Ruxolitinib	Propofol	0.8	L	N	False	False
DB07594	DB05266	CCT-018159	Ibudilast	0.8		R	False	False
DB07594	DB00818	CCT-018159	Propofol	0.8		N	False	False
DB01092	DB07780	Ouabain	Farnesyl diphosphate	0.8	C		False	False
DB04942	DB05266	Tamibarotene	Ibudilast	0.8		R	False	False
DB01092	DB05266	Ouabain	Ibudilast	0.8	C	R	False	False
DB04513	DB05266	N-(6-Aminohexyl)-5-Chloro-1-Naphthalenesulfonamide	Ibudilast	0.8		R	False	False
DB04149	DB08912	(R)-Rolipram	Dabrafenib	0.8		L	False	False
DB00818	DB08895	Propofol	Tofacitinib	0.8	N	L	False	False
DB05266	DB07780	Ibudilast	Farnesyl diphosphate	0.8	R		False	False
DB07863	DB08912	2-chloro-5-nitro-N-phenylbenzamide	Dabrafenib	0.8		L	False	False
DB04513	DB07780	N-(6-Aminohexyl)-5-Chloro-1-Naphthalenesulfonamide	Farnesyl diphosphate	0.8			False	False
DB04149	DB00396	(R)-Rolipram	Progesterone	0.8		G	False	False
DB15399	DB00818	BMS-754807	Propofol	0.8		N	False	False
DB15399	DB05266	BMS-754807	Ibudilast	0.8		R	False	False
DB08175	DB00622	(2E,4E)-11-METHOXY-3,7,11-TRIMETHYLDODECA-2,4-DIENOIC ACID	Nicardipine	0.7999999999999998		C	False	False
DB06155	DB00818	Rimonabant	Propofol	0.7999999999999998	A	N	True	False
DB04599	DB00313	Aniracetam	Valproic acid	0.7991452991452994	N	N	True	False
DB01388	DB08916	Mibefradil	Afatinib	0.7987012987012989	C	L	False	False
DB07863	DB01069	2-chloro-5-nitro-N-phenylbenzamide	Promethazine	0.7987012987012989		R, V, D	False	False
DB01645	DB00875	Genistein	Flupentixol	0.7980769230769231		N	False	False
DB01092	DB02659	Ouabain	Cholic Acid	0.7976190476190477	C	A	False	False
DB04513	DB02659	N-(6-Aminohexyl)-5-Chloro-1-Naphthalenesulfonamide	Cholic Acid	0.7976190476190477		A	False	False
DB07863	DB02659	2-chloro-5-nitro-N-phenylbenzamide	Cholic Acid	0.7976190476190477		A	False	False
DB02659	DB08896	Cholic Acid	Regorafenib	0.7976190476190474	A	L	False	False
DB02587	DB02659	Colforsin	Cholic Acid	0.795952380952381		A	False	False
DB07841	DB00925	Geranylgeranyl diphosphate	Phenoxybenzamine	0.7946428571428572		C	False	False
DB06486	DB07841	Enzastaurin	Geranylgeranyl diphosphate	0.7946428571428572			False	False
DB02116	DB01388	Olomoucine	Mibefradil	0.7939393939393942		C	False	False
DB07841	DB00794	Geranylgeranyl diphosphate	Primidone	0.7924369747899158		N	False	False
DB07841	DB02010	Geranylgeranyl diphosphate	Staurosporine	0.7917582417582416			False	False
DB00393	DB00875	Nimodipine	Flupentixol	0.7916666666666665	C	N	True	False
DB08059	DB01016	Wortmannin	Glyburide	0.7916666666666665		A	False	False
DB08896	DB00875	Regorafenib	Flupentixol	0.7916666666666665	L	N	False	False
DB00831	DB04942	Trifluoperazine	Tamibarotene	0.7916666666666665	N		False	False
DB01782	DB02659	Pyrazolanthrone	Cholic Acid	0.7909523809523811		A	False	False
DB08756	DB00255	Y-27632	Diethylstilbestrol	0.7905982905982907		L, G	False	False
DB08877	DB00255	Ruxolitinib	Diethylstilbestrol	0.7905982905982907	L	L, G	False	False
DB08895	DB00255	Tofacitinib	Diethylstilbestrol	0.7905982905982907	L	L, G	False	False
DB08756	DB12695	Y-27632	Phenethyl Isothiocyanate	0.7904761904761906			False	False
DB00850	DB07841	Perphenazine	Geranylgeranyl diphosphate	0.7904761904761906	N		False	False
DB08756	DB00939	Y-27632	Meclofenamic acid	0.7888888888888888		M	False	False
DB00679	DB03010	Thioridazine	Patupilone	0.7878787878787881	N		False	False
DB00850	DB03010	Perphenazine	Patupilone	0.7878787878787881	N		False	False
DB12500	DB03010	Fedratinib	Patupilone	0.7878787878787881	L		False	False
DB08175	DB03010	(2E,4E)-11-METHOXY-3,7,11-TRIMETHYLDODECA-2,4-DIENOIC ACID	Patupilone	0.7878787878787881			False	False
DB04149	DB01115	(R)-Rolipram	Nifedipine	0.7875000000000001		C	False	False
DB08597	DB01023	Dorsomorphin	Felodipine	0.787179487179487		C	False	False
DB00836	DB07780	Loperamide	Farnesyl diphosphate	0.7857142857142858	A		True	False
DB04599	DB08080	Aniracetam	Latrunculin B	0.7857142857142856	N		False	False
DB00836	DB07841	Loperamide	Geranylgeranyl diphosphate	0.7857142857142856	A		True	False
DB07863	DB00568	2-chloro-5-nitro-N-phenylbenzamide	Cinnarizine	0.7857142857142856		N	False	False
DB08521	DB00477	4-[4-(4-Fluorophenyl)-2-[4-[(R)-methylsulfinyl]phenyl]-1H-imidazol-5-yl]pyridine	Chlorpromazine	0.7857142857142856		N	False	False
DB01092	DB00477	Ouabain	Chlorpromazine	0.7857142857142856	C	N	False	False
DB07841	DB00459	Geranylgeranyl diphosphate	Acitretin	0.7857142857142856		D	False	False
DB07841	DB00477	Geranylgeranyl diphosphate	Chlorpromazine	0.7857142857142856		N	True	False
DB15399	DB00477	BMS-754807	Chlorpromazine	0.7857142857142856		N	False	False
DB00508	DB04942	Triflupromazine	Tamibarotene	0.7857142857142856	N		False	False
DB04599	DB00783	Aniracetam	Estradiol	0.7857142857142856	N	G	False	False
DB00887	DB04942	Bumetanide	Tamibarotene	0.7857142857142856	C, G		False	False
DB08597	DB00887	Dorsomorphin	Bumetanide	0.7857142857142856		C, G	False	False
DB00783	DB07780	Estradiol	Farnesyl diphosphate	0.7857142857142856	G		False	False
DB06195	DB07841	Seliciclib	Geranylgeranyl diphosphate	0.7857142857142856			False	False
DB00393	DB01622	Nimodipine	Thioproperazine	0.7857142857142856	C	N	True	False
DB15399	DB00436	BMS-754807	Bendroflumethiazide	0.7857142857142856		C, G	False	False
DB04149	DB00436	(R)-Rolipram	Bendroflumethiazide	0.7857142857142856		C, G	False	False
DB01054	DB00875	Nitrendipine	Flupentixol	0.7845238095238094	C	N	True	False
DB00800	DB00794	Fenoldopam	Primidone	0.7833333333333334	C	N	False	False
DB04149	DB01244	(R)-Rolipram	Bepridil	0.7833333333333334		C	False	False
DB05134	DB00794	Tanespimycin	Primidone	0.7833333333333334		N	False	False
DB04149	DB00794	(R)-Rolipram	Primidone	0.7833333333333334		N	False	False
DB08597	DB01244	Dorsomorphin	Bepridil	0.7833333333333334		C	False	False
DB07594	DB00794	CCT-018159	Primidone	0.7833333333333334		N	False	False
DB08597	DB00794	Dorsomorphin	Primidone	0.7833333333333334		N	False	False
DB00675	DB07780	Tamoxifen	Farnesyl diphosphate	0.7823529411764705	L		True	False
DB08175	DB02010	(2E,4E)-11-METHOXY-3,7,11-TRIMETHYLDODECA-2,4-DIENOIC ACID	Staurosporine	0.7804487179487181			False	False
DB08597	DB07780	Dorsomorphin	Farnesyl diphosphate	0.7777777777777777			False	False
DB01092	DB00831	Ouabain	Trifluoperazine	0.7777777777777777	C	N	False	False
DB08521	DB07780	4-[4-(4-Fluorophenyl)-2-[4-[(R)-methylsulfinyl]phenyl]-1H-imidazol-5-yl]pyridine	Farnesyl diphosphate	0.7777777777777777			False	False
DB00679	DB00255	Thioridazine	Diethylstilbestrol	0.7777777777777777	N	L, G	False	False
DB08896	DB00925	Regorafenib	Phenoxybenzamine	0.7772435897435896	L	C	False	False
DB07863	DB00794	2-chloro-5-nitro-N-phenylbenzamide	Primidone	0.776923076923077		N	False	False
DB01092	DB00794	Ouabain	Primidone	0.776923076923077	C	N	False	False
DB02587	DB00939	Colforsin	Meclofenamic acid	0.7749999999999999		M	False	False
DB00875	DB00939	Flupentixol	Meclofenamic acid	0.7749999999999999	N	M	True	False
DB02546	DB00875	Vorinostat	Flupentixol	0.7749999999999999	L	N	True	False
DB12500	DB01388	Fedratinib	Mibefradil	0.774891774891775	L	C	False	False
DB15399	DB00555	BMS-754807	Lamotrigine	0.7743055555555554		N	False	False
DB04942	DB00555	Tamibarotene	Lamotrigine	0.7743055555555554		N	False	False
DB00622	DB00459	Nicardipine	Acitretin	0.7740259740259741	C	D	False	False
DB01092	DB08896	Ouabain	Regorafenib	0.7738095238095237	C	L	False	False
DB07841	DB06595	Geranylgeranyl diphosphate	Midostaurin	0.7738095238095237		L	False	False
DB04946	DB04942	Iloperidone	Tamibarotene	0.7727272727272727	N		False	False
DB08521	DB04946	4-[4-(4-Fluorophenyl)-2-[4-[(R)-methylsulfinyl]phenyl]-1H-imidazol-5-yl]pyridine	Iloperidone	0.7727272727272727		N	False	False
DB01092	DB04946	Ouabain	Iloperidone	0.7727272727272727	C	N	False	False
DB04946	DB07780	Iloperidone	Farnesyl diphosphate	0.7727272727272727	N		True	False
DB01239	DB01388	Chlorprothixene	Mibefradil	0.7727272727272725	N	C	True	False
DB07557	DB00818	3,20-Pregnanedione	Propofol	0.7722222222222224		N	False	False
DB01622	DB05266	Thioproperazine	Ibudilast	0.7722222222222224	N	R	True	False
DB00836	DB03010	Loperamide	Patupilone	0.772005772005772	A		False	False
DB04599	DB01023	Aniracetam	Felodipine	0.7714932126696832	N	C	False	False
DB00794	DB08895	Primidone	Tofacitinib	0.7714285714285716	N	L	False	False
DB02116	DB00794	Olomoucine	Primidone	0.7714285714285716		N	False	False
DB08877	DB00794	Ruxolitinib	Primidone	0.7714285714285716	L	N	False	False
DB01622	DB00255	Thioproperazine	Diethylstilbestrol	0.7713675213675215	N	L, G	False	False
DB12500	DB00925	Fedratinib	Phenoxybenzamine	0.7708333333333335	L	C	False	False
DB08175	DB06486	(2E,4E)-11-METHOXY-3,7,11-TRIMETHYLDODECA-2,4-DIENOIC ACID	Enzastaurin	0.7708333333333335			False	False
DB08756	DB00925	Y-27632	Phenoxybenzamine	0.7708333333333333		C	False	False
DB07859	DB00925	4-(4-CHLOROPHENYL)-4-[4-(1H-PYRAZOL-4-YL)PHENYL]PIPERIDINE	Phenoxybenzamine	0.7708333333333333		C	False	False
DB08073	DB00925	(2S)-1-(1H-INDOL-3-YL)-3-{[5-(3-METHYL-1H-INDAZOL-5-YL)PYRIDIN-3-YL]OXY}PROPAN-2-AMINE	Phenoxybenzamine	0.7708333333333333		C	False	False
DB07841	DB00679	Geranylgeranyl diphosphate	Thioridazine	0.7673992673992676		N	True	False
DB13954	DB00939	Estradiol cypionate	Meclofenamic acid	0.766666666666667		M	False	False
DB13956	DB00939	Estradiol valerate	Meclofenamic acid	0.766666666666667		M	False	False
DB00836	DB08896	Loperamide	Regorafenib	0.7652380952380953	A	L	False	False
DB00800	DB01013	Fenoldopam	Clobetasol propionate	0.7651515151515151	C		False	False
DB07841	DB00715	Geranylgeranyl diphosphate	Paroxetine	0.7650375939849625		N	False	False
DB08175	DB00794	(2E,4E)-11-METHOXY-3,7,11-TRIMETHYLDODECA-2,4-DIENOIC ACID	Primidone	0.764102564102564		N	False	False
DB07780	DB06595	Farnesyl diphosphate	Midostaurin	0.7628205128205128		L	False	False
DB02546	DB00477	Vorinostat	Chlorpromazine	0.7626373626373628	L	N	True	False
DB01239	DB00255	Chlorprothixene	Diethylstilbestrol	0.7626262626262625	N	L, G	False	False
DB04149	DB00280	(R)-Rolipram	Disopyramide	0.7625000000000002		C	False	False
DB08175	DB00568	(2E,4E)-11-METHOXY-3,7,11-TRIMETHYLDODECA-2,4-DIENOIC ACID	Cinnarizine	0.7619047619047619		N	False	False
DB06195	DB00679	Seliciclib	Thioridazine	0.7619047619047619		N	False	False
DB12500	DB00459	Fedratinib	Acitretin	0.7619047619047619	L	D	False	False
DB07557	DB00939	3,20-Pregnanedione	Meclofenamic acid	0.7611111111111111		M	False	False
DB00622	DB07557	Nicardipine	3,20-Pregnanedione	0.7605263157894739	C		False	False
DB08896	DB00818	Regorafenib	Propofol	0.7601449275362322	L	N	False	False
DB04513	DB02010	N-(6-Aminohexyl)-5-Chloro-1-Naphthalenesulfonamide	Staurosporine	0.7596153846153846			False	False
DB01092	DB01254	Ouabain	Dasatinib	0.7591973244147159	C	L	False	False
DB07863	DB01254	2-chloro-5-nitro-N-phenylbenzamide	Dasatinib	0.7591973244147159		L	False	False
DB00794	DB07780	Primidone	Farnesyl diphosphate	0.7588235294117645	N		False	False
DB08597	DB00159	Dorsomorphin	Icosapent	0.7587412587412588			False	False
DB04149	DB00159	(R)-Rolipram	Icosapent	0.7587412587412588			False	False
DB00393	DB01239	Nimodipine	Chlorprothixene	0.758658008658009	C	N	True	False
DB08912	DB02659	Dabrafenib	Cholic Acid	0.7578754578754581	L	A	False	False
DB01622	DB08896	Thioproperazine	Regorafenib	0.7575757575757573	N	L	False	False
DB04599	DB00675	Aniracetam	Tamoxifen	0.7571428571428571	N	L	False	False
DB00675	DB07841	Tamoxifen	Geranylgeranyl diphosphate	0.7571428571428571	L		True	False
DB01054	DB01622	Nitrendipine	Thioproperazine	0.7564935064935066	C	N	True	False
DB01645	DB12093	Genistein	Tetrahydropalmatine	0.7564102564102566			False	False
DB01645	DB00679	Genistein	Thioridazine	0.7564102564102564		N	False	False
DB08059	DB02659	Wortmannin	Cholic Acid	0.7559523809523809		A	False	False
DB07863	DB06486	2-chloro-5-nitro-N-phenylbenzamide	Enzastaurin	0.7556818181818181			False	False
DB08073	DB03010	(2S)-1-(1H-INDOL-3-YL)-3-{[5-(3-METHYL-1H-INDAZOL-5-YL)PYRIDIN-3-YL]OXY}PROPAN-2-AMINE	Patupilone	0.7545454545454546			False	False
DB07859	DB03010	4-(4-CHLOROPHENYL)-4-[4-(1H-PYRAZOL-4-YL)PHENYL]PIPERIDINE	Patupilone	0.7545454545454546			False	False
DB03010	DB00818	Patupilone	Propofol	0.7545454545454546		N	False	False
DB01054	DB04942	Nitrendipine	Tamibarotene	0.753968253968254	C		False	False
DB08597	DB01054	Dorsomorphin	Nitrendipine	0.753968253968254		C	False	False
DB03010	DB06595	Patupilone	Midostaurin	0.7535650623885917		L	False	False
DB12695	DB00939	Phenethyl Isothiocyanate	Meclofenamic acid	0.7533333333333334		M	False	False
DB05266	DB00875	Ibudilast	Flupentixol	0.7519230769230771	R	N	True	False
DB08597	DB02010	Dorsomorphin	Staurosporine	0.7512820512820513			False	False
DB07863	DB01622	2-chloro-5-nitro-N-phenylbenzamide	Thioproperazine	0.75		N	False	False
DB01782	DB08895	Pyrazolanthrone	Tofacitinib	0.75		L	False	False
DB07594	DB00800	CCT-018159	Fenoldopam	0.75		C	False	False
DB04599	DB02116	Aniracetam	Olomoucine	0.75	N		False	False
DB04599	DB08877	Aniracetam	Ruxolitinib	0.75	N	L	False	False
DB04149	DB01100	(R)-Rolipram	Pimozide	0.75		N	False	False
DB08597	DB01100	Dorsomorphin	Pimozide	0.75		N	False	False
DB00800	DB08916	Fenoldopam	Afatinib	0.75	C	L	False	False
DB00800	DB07780	Fenoldopam	Farnesyl diphosphate	0.75	C		False	False
DB08597	DB01782	Dorsomorphin	Pyrazolanthrone	0.75			False	False
DB01100	DB04942	Pimozide	Tamibarotene	0.75	N		False	False
DB02116	DB01016	Olomoucine	Glyburide	0.75		A	False	False
DB08521	DB01622	4-[4-(4-Fluorophenyl)-2-[4-[(R)-methylsulfinyl]phenyl]-1H-imidazol-5-yl]pyridine	Thioproperazine	0.75		N	False	False
DB07557	DB00715	3,20-Pregnanedione	Paroxetine	0.75		N	False	False
DB02587	DB07557	Colforsin	3,20-Pregnanedione	0.75			False	False
DB00393	DB08916	Nimodipine	Afatinib	0.75	C	L	False	False
DB01782	DB04149	Pyrazolanthrone	(R)-Rolipram	0.75			False	False
DB01782	DB07863	Pyrazolanthrone	2-chloro-5-nitro-N-phenylbenzamide	0.75			False	False
DB08175	DB08896	(2E,4E)-11-METHOXY-3,7,11-TRIMETHYLDODECA-2,4-DIENOIC ACID	Regorafenib	0.75		L	False	False
DB15399	DB01782	BMS-754807	Pyrazolanthrone	0.75			False	False
DB08877	DB01622	Ruxolitinib	Thioproperazine	0.75	L	N	False	False
DB15399	DB01016	BMS-754807	Glyburide	0.75		A	False	False
DB01092	DB01622	Ouabain	Thioproperazine	0.75	C	N	False	False
DB08175	DB06595	(2E,4E)-11-METHOXY-3,7,11-TRIMETHYLDODECA-2,4-DIENOIC ACID	Midostaurin	0.75		L	False	False
DB07557	DB01622	3,20-Pregnanedione	Thioproperazine	0.75		N	False	False
DB01782	DB08756	Pyrazolanthrone	Y-27632	0.75			False	False
DB01782	DB04599	Pyrazolanthrone	Aniracetam	0.75		N	False	False
DB01782	DB04513	Pyrazolanthrone	N-(6-Aminohexyl)-5-Chloro-1-Naphthalenesulfonamide	0.75			False	False
DB01782	DB01092	Pyrazolanthrone	Ouabain	0.75		C	False	False
DB01092	DB01100	Ouabain	Pimozide	0.75	C	N	False	False
DB01092	DB00715	Ouabain	Paroxetine	0.75	C	N	False	False
DB08877	DB07557	Ruxolitinib	3,20-Pregnanedione	0.75	L		False	False
DB07594	DB01622	CCT-018159	Thioproperazine	0.75		N	False	False
DB04942	DB12093	Tamibarotene	Tetrahydropalmatine	0.75			False	False
DB01782	DB08877	Pyrazolanthrone	Ruxolitinib	0.75		L	False	False
DB07557	DB08895	3,20-Pregnanedione	Tofacitinib	0.75		L	False	False
DB11781	DB00800	Tosedostat	Fenoldopam	0.75		C	False	False
DB01782	DB00353	Pyrazolanthrone	Methylergometrine	0.75		G	False	False
DB08059	DB00875	Wortmannin	Flupentixol	0.75		N	False	False
DB08059	DB00588	Wortmannin	Fluticasone propionate	0.75			True	False
DB04599	DB08895	Aniracetam	Tofacitinib	0.75	N	L	False	False
DB00588	DB00875	Fluticasone propionate	Flupentixol	0.75		N	False	False
DB01622	DB08895	Thioproperazine	Tofacitinib	0.75	N	L	False	False
DB01622	DB01016	Thioproperazine	Glyburide	0.75	N	A	False	False
DB05134	DB01622	Tanespimycin	Thioproperazine	0.75		N	False	False
DB00715	DB07780	Paroxetine	Farnesyl diphosphate	0.75	N		False	False
DB05134	DB00800	Tanespimycin	Fenoldopam	0.75		C	False	False
DB01016	DB04942	Glyburide	Tamibarotene	0.75	A		False	False
DB00477	DB07780	Chlorpromazine	Farnesyl diphosphate	0.7499999999999998	N		True	False
DB07841	DB00555	Geranylgeranyl diphosphate	Lamotrigine	0.749805900621118		N	True	False
DB02659	DB00925	Cholic Acid	Phenoxybenzamine	0.7494868637110017	A	C	False	False
DB04599	DB00159	Aniracetam	Icosapent	0.7484848484848485	N		False	False
DB02659	DB04946	Cholic Acid	Iloperidone	0.7474296536796536	A	N	False	False
DB08877	DB00622	Ruxolitinib	Nicardipine	0.7473684210526317	L	C	False	False
DB00622	DB08895	Nicardipine	Tofacitinib	0.7473684210526317	C	L	False	False
DB07859	DB00836	4-(4-CHLOROPHENYL)-4-[4-(1H-PYRAZOL-4-YL)PHENYL]PIPERIDINE	Loperamide	0.7467532467532467		A	False	False
DB08073	DB00836	(2S)-1-(1H-INDOL-3-YL)-3-{[5-(3-METHYL-1H-INDAZOL-5-YL)PYRIDIN-3-YL]OXY}PROPAN-2-AMINE	Loperamide	0.7467532467532467		A	False	False
DB00836	DB08756	Loperamide	Y-27632	0.7467532467532467	A		False	False
DB08756	DB06195	Y-27632	Seliciclib	0.7467532467532467			False	False
DB06195	DB01239	Seliciclib	Chlorprothixene	0.7467532467532467		N	False	False
DB08756	DB01645	Y-27632	Genistein	0.746606334841629			False	False
DB00836	DB00794	Loperamide	Primidone	0.746218487394958	A	N	False	False
DB07841	DB00568	Geranylgeranyl diphosphate	Cinnarizine	0.746031746031746		N	True	False
DB07863	DB12695	2-chloro-5-nitro-N-phenylbenzamide	Phenethyl Isothiocyanate	0.7458333333333333			False	False
DB02116	DB00477	Olomoucine	Chlorpromazine	0.7457142857142856		N	False	False
DB00925	DB00436	Phenoxybenzamine	Bendroflumethiazide	0.7451923076923075	C	C, G	False	False
DB01115	DB07841	Nifedipine	Geranylgeranyl diphosphate	0.7446428571428574	C		True	False
DB00818	DB00255	Propofol	Diethylstilbestrol	0.7444444444444445	N	L, G	False	False
DB05266	DB00255	Ibudilast	Diethylstilbestrol	0.7444444444444445	R	L, G	False	False
DB07863	DB00280	2-chloro-5-nitro-N-phenylbenzamide	Disopyramide	0.7443181818181817		C	False	False
DB01622	DB01388	Thioproperazine	Mibefradil	0.7439393939393939	N	C	True	False
DB08896	DB00800	Regorafenib	Fenoldopam	0.7435897435897436	L	C	False	False
DB01239	DB00818	Chlorprothixene	Propofol	0.7431818181818182	N	N	False	False
DB01054	DB07863	Nitrendipine	2-chloro-5-nitro-N-phenylbenzamide	0.7428571428571429	C		False	False
DB02546	DB02659	Vorinostat	Cholic Acid	0.7424908424908423	L	A	False	False
DB01645	DB01239	Genistein	Chlorprothixene	0.7412587412587412		N	False	False
DB07841	DB00800	Geranylgeranyl diphosphate	Fenoldopam	0.7404761904761905		C	False	False
DB00622	DB00794	Nicardipine	Primidone	0.7400000000000002	C	N	False	False
DB01054	DB02659	Nitrendipine	Cholic Acid	0.7380952380952381	C	A	False	False
DB06195	DB02659	Seliciclib	Cholic Acid	0.7380952380952381		A	False	False
DB04149	DB06486	(R)-Rolipram	Enzastaurin	0.7375			False	False
DB00818	DB00925	Propofol	Phenoxybenzamine	0.7375	N	C	False	False
DB06486	DB07780	Enzastaurin	Farnesyl diphosphate	0.7375			False	False
DB15399	DB00925	BMS-754807	Phenoxybenzamine	0.7375		C	False	False
DB07594	DB00925	CCT-018159	Phenoxybenzamine	0.7375		C	False	False
DB05134	DB00925	Tanespimycin	Phenoxybenzamine	0.7375		C	False	False
DB11781	DB00925	Tosedostat	Phenoxybenzamine	0.7374999999999998		C	False	False
DB07863	DB00201	2-chloro-5-nitro-N-phenylbenzamide	Caffeine	0.7373949579831931		R, V, N	False	False
DB01622	DB01254	Thioproperazine	Dasatinib	0.7371175523349436	N	L	False	False
DB00201	DB00939	Caffeine	Meclofenamic acid	0.736466165413534	R, V, N	M	False	False
DB02659	DB02010	Cholic Acid	Staurosporine	0.7361560008618833	A		False	False
DB02659	DB00555	Cholic Acid	Lamotrigine	0.734837516087516	A	N	False	False
DB02010	DB07780	Staurosporine	Farnesyl diphosphate	0.7346153846153847			False	False
DB01054	DB02116	Nitrendipine	Olomoucine	0.7337662337662336	C		False	False
DB00679	DB00210	Thioridazine	Adapalene	0.7333333333333336	N	D	False	False
DB00679	DB00939	Thioridazine	Meclofenamic acid	0.7333333333333334	N	M	True	False
DB02424	DB00939	Geldanamycin	Meclofenamic acid	0.7333333333333334		M	False	False
DB02546	DB00679	Vorinostat	Thioridazine	0.7333333333333334	L	N	True	False
DB12500	DB00939	Fedratinib	Meclofenamic acid	0.7333333333333334	L	M	False	False
DB01013	DB00939	Clobetasol propionate	Meclofenamic acid	0.7333333333333334		M	True	False
DB13956	DB05266	Estradiol valerate	Ibudilast	0.7333333333333334		R	False	False
DB08175	DB02546	(2E,4E)-11-METHOXY-3,7,11-TRIMETHYLDODECA-2,4-DIENOIC ACID	Vorinostat	0.7333333333333334		L	False	False
DB13954	DB05266	Estradiol cypionate	Ibudilast	0.7333333333333334		R	False	False
DB00850	DB02546	Perphenazine	Vorinostat	0.7333333333333334	N	L	False	False
DB12695	DB00875	Phenethyl Isothiocyanate	Flupentixol	0.7328616352201258		N	False	False
DB07841	DB12695	Geranylgeranyl diphosphate	Phenethyl Isothiocyanate	0.7327838827838826			False	False
DB06195	DB00925	Seliciclib	Phenoxybenzamine	0.7327380952380953		C	False	False
DB07841	DB00588	Geranylgeranyl diphosphate	Fluticasone propionate	0.7321428571428572			False	False
DB02587	DB07841	Colforsin	Geranylgeranyl diphosphate	0.7321428571428572			False	False
DB08059	DB07841	Wortmannin	Geranylgeranyl diphosphate	0.7321428571428572			False	False
DB01622	DB01645	Thioproperazine	Genistein	0.7319004524886876	N		False	False
DB00459	DB00715	Acitretin	Paroxetine	0.7312030075187972	D	N	False	False
DB13954	DB00875	Estradiol cypionate	Flupentixol	0.7305555555555554		N	False	False
DB13956	DB00875	Estradiol valerate	Flupentixol	0.7305555555555554		N	False	False
DB12695	DB08895	Phenethyl Isothiocyanate	Tofacitinib	0.7292517006802721		L	False	False
DB08877	DB12695	Ruxolitinib	Phenethyl Isothiocyanate	0.7292517006802721	L		False	False
DB00588	DB00925	Fluticasone propionate	Phenoxybenzamine	0.7291666666666667		C	False	False
DB04599	DB00280	Aniracetam	Disopyramide	0.7291666666666665	N	C	False	False
DB00836	DB05266	Loperamide	Ibudilast	0.7285714285714286	A	R	False	False
DB06195	DB00818	Seliciclib	Propofol	0.7285714285714286		N	False	False
DB08912	DB00459	Dabrafenib	Acitretin	0.7285714285714286	L	D	False	False
DB00459	DB08916	Acitretin	Afatinib	0.7285714285714286	D	L	False	False
DB00459	DB00818	Acitretin	Propofol	0.7285714285714286	D	N	False	False
DB00459	DB05266	Acitretin	Ibudilast	0.7285714285714286	D	R	False	False
DB04513	DB00459	N-(6-Aminohexyl)-5-Chloro-1-Naphthalenesulfonamide	Acitretin	0.7285714285714286		D	False	False
DB06155	DB01388	Rimonabant	Mibefradil	0.7272727272727275	A	C	False	False
DB08756	DB07780	Y-27632	Farnesyl diphosphate	0.7272727272727273			False	False
DB02116	DB07780	Olomoucine	Farnesyl diphosphate	0.7272727272727273			False	False
DB04513	DB01388	N-(6-Aminohexyl)-5-Chloro-1-Naphthalenesulfonamide	Mibefradil	0.7272727272727273		C	False	False
DB02546	DB00800	Vorinostat	Fenoldopam	0.726923076923077	L	C	False	False
DB08175	DB01622	(2E,4E)-11-METHOXY-3,7,11-TRIMETHYLDODECA-2,4-DIENOIC ACID	Thioproperazine	0.7261904761904763		N	False	False
DB01016	DB00679	Glyburide	Thioridazine	0.7261904761904763	A	N	False	False
DB12500	DB01622	Fedratinib	Thioproperazine	0.7261904761904763	L	N	False	False
DB00850	DB01782	Perphenazine	Pyrazolanthrone	0.7261904761904763	N		False	False
DB00459	DB08896	Acitretin	Regorafenib	0.7252380952380952	D	L	False	False
DB15399	DB01088	BMS-754807	Iloprost	0.7250000000000001		B	False	False
DB04513	DB12695	N-(6-Aminohexyl)-5-Chloro-1-Naphthalenesulfonamide	Phenethyl Isothiocyanate	0.7250000000000001			False	False
DB00679	DB05266	Thioridazine	Ibudilast	0.7242424242424241	N	R	True	False
DB01205	DB07841	Flumazenil	Geranylgeranyl diphosphate	0.7238095238095239	V		False	False
DB02659	DB06595	Cholic Acid	Midostaurin	0.7235449735449733	A	L	False	False
DB01205	DB00875	Flumazenil	Flupentixol	0.7234848484848482	V	N	False	False
DB01645	DB00818	Genistein	Propofol	0.7230769230769232		N	False	False
DB07557	DB04946	3,20-Pregnanedione	Iloperidone	0.7227272727272729		N	False	False
DB00313	DB08895	Valproic acid	Tofacitinib	0.7222222222222223	N	L	False	False
DB08877	DB00313	Ruxolitinib	Valproic acid	0.7222222222222223	L	N	False	False
DB00393	DB00800	Nimodipine	Fenoldopam	0.7222222222222223	C	C	False	False
DB04599	DB00482	Aniracetam	Celecoxib	0.7222222222222223	N	M, C, G, L	False	False
DB07859	DB00313	4-(4-CHLOROPHENYL)-4-[4-(1H-PYRAZOL-4-YL)PHENYL]PIPERIDINE	Valproic acid	0.7222222222222223		N	False	False
DB08073	DB00313	(2S)-1-(1H-INDOL-3-YL)-3-{[5-(3-METHYL-1H-INDAZOL-5-YL)PYRIDIN-3-YL]OXY}PROPAN-2-AMINE	Valproic acid	0.7222222222222223		N	False	False
DB01205	DB00679	Flumazenil	Thioridazine	0.7222222222222223	V	N	False	False
DB08756	DB00313	Y-27632	Valproic acid	0.7222222222222223		N	False	False
DB15399	DB00313	BMS-754807	Valproic acid	0.7222222222222223		N	False	False
DB04149	DB01023	(R)-Rolipram	Felodipine	0.7205128205128206		C	False	False
DB04942	DB01023	Tamibarotene	Felodipine	0.7205128205128206		C	False	False
DB07594	DB00555	CCT-018159	Lamotrigine	0.71875		N	False	False
DB05134	DB00555	Tanespimycin	Lamotrigine	0.71875		N	False	False
DB01092	DB00555	Ouabain	Lamotrigine	0.71875	C	N	False	False
DB07780	DB00555	Farnesyl diphosphate	Lamotrigine	0.71875		N	True	False
DB08521	DB00555	4-[4-(4-Fluorophenyl)-2-[4-[(R)-methylsulfinyl]phenyl]-1H-imidazol-5-yl]pyridine	Lamotrigine	0.71875		N	False	False
DB01239	DB00939	Chlorprothixene	Meclofenamic acid	0.7181818181818183	N	M	False	False
DB02546	DB01239	Vorinostat	Chlorprothixene	0.7181818181818183	L	N	True	False
DB00588	DB00794	Fluticasone propionate	Primidone	0.7178571428571427		N	False	False
DB06486	DB01388	Enzastaurin	Mibefradil	0.7174043062200959		C	False	False
DB04946	DB00255	Iloperidone	Diethylstilbestrol	0.7171717171717171	N	L, G	False	False
DB00393	DB00939	Nimodipine	Meclofenamic acid	0.7166666666666668	C	M	False	False
DB04149	DB08896	(R)-Rolipram	Regorafenib	0.7166666666666666		L	False	False
DB07859	DB06595	4-(4-CHLOROPHENYL)-4-[4-(1H-PYRAZOL-4-YL)PHENYL]PIPERIDINE	Midostaurin	0.7166666666666666		L	False	False
DB04599	DB00975	Aniracetam	Dipyridamole	0.7166666666666666	N	B	False	False
DB04599	DB06595	Aniracetam	Midostaurin	0.7166666666666666	N	L	False	False
DB08073	DB06595	(2S)-1-(1H-INDOL-3-YL)-3-{[5-(3-METHYL-1H-INDAZOL-5-YL)PYRIDIN-3-YL]OXY}PROPAN-2-AMINE	Midostaurin	0.7166666666666666		L	False	False
DB01088	DB08916	Iloprost	Afatinib	0.7159090909090908	B	L	False	False
DB01092	DB01088	Ouabain	Iloprost	0.7159090909090908	C	B	False	False
DB04513	DB01088	N-(6-Aminohexyl)-5-Chloro-1-Naphthalenesulfonamide	Iloprost	0.7159090909090908		B	False	False
DB01069	DB05266	Promethazine	Ibudilast	0.7147727272727273	R, V, D	R	False	False
DB06195	DB07780	Seliciclib	Farnesyl diphosphate	0.7142857142857144			False	False
DB00459	DB00477	Acitretin	Chlorpromazine	0.7142857142857144	D	N	False	False
DB06195	DB00477	Seliciclib	Chlorpromazine	0.7142857142857144		N	False	False
DB01092	DB01118	Ouabain	Amiodarone	0.7142857142857144	C	C	False	False
DB00836	DB06195	Loperamide	Seliciclib	0.7142857142857144	A		False	False
DB04149	DB01118	(R)-Rolipram	Amiodarone	0.7142857142857144		C	False	False
DB15399	DB01118	BMS-754807	Amiodarone	0.7142857142857144		C	False	False
DB01118	DB07780	Amiodarone	Farnesyl diphosphate	0.7142857142857144	C		True	False
DB01092	DB07859	Ouabain	4-(4-CHLOROPHENYL)-4-[4-(1H-PYRAZOL-4-YL)PHENYL]PIPERIDINE	0.7142857142857142	C		False	False
DB04599	DB08916	Aniracetam	Afatinib	0.7142857142857142	N	L	False	False
DB01092	DB08756	Ouabain	Y-27632	0.7142857142857142	C		False	False
DB04513	DB02116	N-(6-Aminohexyl)-5-Chloro-1-Naphthalenesulfonamide	Olomoucine	0.7142857142857142			False	False
DB04513	DB04599	N-(6-Aminohexyl)-5-Chloro-1-Naphthalenesulfonamide	Aniracetam	0.7142857142857142		N	False	False
DB04513	DB08073	N-(6-Aminohexyl)-5-Chloro-1-Naphthalenesulfonamide	(2S)-1-(1H-INDOL-3-YL)-3-{[5-(3-METHYL-1H-INDAZOL-5-YL)PYRIDIN-3-YL]OXY}PROPAN-2-AMINE	0.7142857142857142			False	False
DB07863	DB08756	2-chloro-5-nitro-N-phenylbenzamide	Y-27632	0.7142857142857142			False	False
DB01092	DB08073	Ouabain	(2S)-1-(1H-INDOL-3-YL)-3-{[5-(3-METHYL-1H-INDAZOL-5-YL)PYRIDIN-3-YL]OXY}PROPAN-2-AMINE	0.7142857142857142	C		False	False
DB04513	DB08895	N-(6-Aminohexyl)-5-Chloro-1-Naphthalenesulfonamide	Tofacitinib	0.7142857142857142		L	False	False
DB04513	DB08756	N-(6-Aminohexyl)-5-Chloro-1-Naphthalenesulfonamide	Y-27632	0.7142857142857142			False	False
DB04513	DB08877	N-(6-Aminohexyl)-5-Chloro-1-Naphthalenesulfonamide	Ruxolitinib	0.7142857142857142		L	False	False
DB04513	DB07859	N-(6-Aminohexyl)-5-Chloro-1-Naphthalenesulfonamide	4-(4-CHLOROPHENYL)-4-[4-(1H-PYRAZOL-4-YL)PHENYL]PIPERIDINE	0.7142857142857142			False	False
DB00836	DB02010	Loperamide	Staurosporine	0.7131868131868131	A		False	False
DB04149	DB01254	(R)-Rolipram	Dasatinib	0.7130434782608697		L	False	False
DB01388	DB00794	Mibefradil	Primidone	0.7129870129870128	C	N	False	False
DB02659	DB01088	Cholic Acid	Iloprost	0.7128489326765188	A	B	True	False
DB06595	DB00925	Midostaurin	Phenoxybenzamine	0.7113095238095237	L	C	False	False
DB02659	DB00794	Cholic Acid	Primidone	0.7099846390168969	A	N	False	False
DB00622	DB07780	Nicardipine	Farnesyl diphosphate	0.7090909090909092	C		True	False
DB01239	DB00794	Chlorprothixene	Primidone	0.7086580086580088	N	N	False	False
DB01016	DB00588	Glyburide	Fluticasone propionate	0.7083333333333335	A		True	False
DB08175	DB08059	(2E,4E)-11-METHOXY-3,7,11-TRIMETHYLDODECA-2,4-DIENOIC ACID	Wortmannin	0.7083333333333335			False	False
DB08059	DB01013	Wortmannin	Clobetasol propionate	0.7083333333333335			True	False
DB08175	DB02587	(2E,4E)-11-METHOXY-3,7,11-TRIMETHYLDODECA-2,4-DIENOIC ACID	Colforsin	0.7083333333333335			False	False
DB00393	DB00679	Nimodipine	Thioridazine	0.7083333333333335	C	N	True	False
DB02424	DB00875	Geldanamycin	Flupentixol	0.7083333333333335		N	False	False
DB08059	DB00679	Wortmannin	Thioridazine	0.7083333333333335		N	True	False
DB00679	DB00588	Thioridazine	Fluticasone propionate	0.7083333333333335	N		True	False
DB02424	DB08059	Geldanamycin	Wortmannin	0.7083333333333335			False	False
DB01782	DB00875	Pyrazolanthrone	Flupentixol	0.7083333333333335		N	False	False
DB02587	DB00210	Colforsin	Adapalene	0.7083333333333335		D	False	False
DB01013	DB00875	Clobetasol propionate	Flupentixol	0.7083333333333335		N	False	False
DB08877	DB01088	Ruxolitinib	Iloprost	0.7083333333333335	L	B	True	False
DB01088	DB08895	Iloprost	Tofacitinib	0.7083333333333335	B	L	True	False
DB00210	DB00875	Adapalene	Flupentixol	0.7083333333333335	D	N	False	False
DB00875	DB08895	Flupentixol	Tofacitinib	0.7083333333333333	N	L	True	False
DB08756	DB00875	Y-27632	Flupentixol	0.7083333333333333		N	False	False
DB02116	DB00875	Olomoucine	Flupentixol	0.7083333333333333		N	False	False
DB08877	DB00875	Ruxolitinib	Flupentixol	0.7083333333333333	L	N	True	False
DB01054	DB00679	Nitrendipine	Thioridazine	0.7069597069597071	C	N	True	False
DB08597	DB00459	Dorsomorphin	Acitretin	0.7063492063492063		D	False	False
DB00836	DB04942	Loperamide	Tamibarotene	0.7063492063492063	A		False	False
DB08521	DB00836	4-[4-(4-Fluorophenyl)-2-[4-[(R)-methylsulfinyl]phenyl]-1H-imidazol-5-yl]pyridine	Loperamide	0.7063492063492063		A	False	False
DB15399	DB00836	BMS-754807	Loperamide	0.7063492063492063		A	False	False
DB08877	DB04946	Ruxolitinib	Iloperidone	0.706060606060606	L	N	False	False
DB04946	DB08895	Iloperidone	Tofacitinib	0.706060606060606	N	L	False	False
DB08877	DB00477	Ruxolitinib	Chlorpromazine	0.7057142857142855	L	N	False	False
DB00477	DB08895	Chlorpromazine	Tofacitinib	0.7057142857142855	N	L	False	False
DB01622	DB03010	Thioproperazine	Patupilone	0.7045454545454546	N		False	False
DB01100	DB03010	Pimozide	Patupilone	0.7045454545454546	N		False	False
DB00393	DB03010	Nimodipine	Patupilone	0.7045454545454546	C		False	False
DB07557	DB03010	3,20-Pregnanedione	Patupilone	0.7045454545454546			False	False
DB03010	DB00800	Patupilone	Fenoldopam	0.7045454545454546		C	False	False
DB03010	DB00715	Patupilone	Paroxetine	0.7045454545454546		N	False	False
DB01016	DB00818	Glyburide	Propofol	0.7038461538461538	A	N	False	False
DB01254	DB07841	Dasatinib	Geranylgeranyl diphosphate	0.70351966873706	L		True	False
DB02659	DB01254	Cholic Acid	Dasatinib	0.7030867683041597	A	L	False	False
DB02659	DB07780	Cholic Acid	Farnesyl diphosphate	0.7023809523809523	A		False	False
DB01622	DB01205	Thioproperazine	Flumazenil	0.7023809523809521	N	V	False	False
DB00210	DB01239	Adapalene	Chlorprothixene	0.7015151515151514	D	N	False	False
DB00459	DB04946	Acitretin	Iloperidone	0.7012987012987013	D	N	False	False
DB06195	DB04946	Seliciclib	Iloperidone	0.7012987012987013		N	False	False
DB05266	DB00477	Ibudilast	Chlorpromazine	0.7010989010989013	R	N	True	False
DB00818	DB00939	Propofol	Meclofenamic acid	0.7000000000000002	N	M	True	False
DB08597	DB08080	Dorsomorphin	Latrunculin B	0.7000000000000002			False	False
DB00396	DB00939	Progesterone	Meclofenamic acid	0.7000000000000002	G	M	False	False
DB00622	DB02546	Nicardipine	Vorinostat	0.7000000000000002	C	L	True	False
DB02546	DB00818	Vorinostat	Propofol	0.7000000000000002	L	N	True	False
DB05266	DB00939	Ibudilast	Meclofenamic acid	0.7000000000000002	R	M	True	False
DB08912	DB00939	Dabrafenib	Meclofenamic acid	0.7000000000000002	L	M	False	False
DB02546	DB05266	Vorinostat	Ibudilast	0.7000000000000002	L	R	True	False
DB07863	DB12093	2-chloro-5-nitro-N-phenylbenzamide	Tetrahydropalmatine	0.7000000000000002			False	False
DB08912	DB00818	Dabrafenib	Propofol	0.7000000000000002	L	N	False	False
DB00630	DB00939	Alendronic acid	Meclofenamic acid	0.7000000000000002	M	M	True	False
DB08073	DB00630	(2S)-1-(1H-INDOL-3-YL)-3-{[5-(3-METHYL-1H-INDAZOL-5-YL)PYRIDIN-3-YL]OXY}PROPAN-2-AMINE	Alendronic acid	0.7		M	False	False
DB00818	DB00436	Propofol	Bendroflumethiazide	0.7	N	C, G	False	False
DB04149	DB00630	(R)-Rolipram	Alendronic acid	0.7		M	False	False
DB04942	DB01244	Tamibarotene	Bepridil	0.7		C	False	False
DB07863	DB00630	2-chloro-5-nitro-N-phenylbenzamide	Alendronic acid	0.7		M	False	False
DB07859	DB00630	4-(4-CHLOROPHENYL)-4-[4-(1H-PYRAZOL-4-YL)PHENYL]PIPERIDINE	Alendronic acid	0.7		M	False	False
DB00630	DB04942	Alendronic acid	Tamibarotene	0.7	M		False	False
DB00630	DB08895	Alendronic acid	Tofacitinib	0.7	M	L	False	False
DB04513	DB00630	N-(6-Aminohexyl)-5-Chloro-1-Naphthalenesulfonamide	Alendronic acid	0.7		M	False	False
DB05134	DB00630	Tanespimycin	Alendronic acid	0.7		M	False	False
DB08597	DB00630	Dorsomorphin	Alendronic acid	0.7		M	False	False
DB15399	DB00794	BMS-754807	Primidone	0.7		N	False	False
DB08877	DB00630	Ruxolitinib	Alendronic acid	0.7	L	M	False	False
DB08756	DB00630	Y-27632	Alendronic acid	0.7		M	False	False
DB07594	DB00630	CCT-018159	Alendronic acid	0.7		M	False	False
DB04599	DB00630	Aniracetam	Alendronic acid	0.7	N	M	False	False
DB04942	DB00794	Tamibarotene	Primidone	0.7		N	False	False
DB01092	DB02010	Ouabain	Staurosporine	0.6971153846153846	C		False	False
DB02587	DB00393	Colforsin	Nimodipine	0.6964285714285716		C	False	False
DB13954	DB00679	Estradiol cypionate	Thioridazine	0.6958333333333333		N	False	False
DB13956	DB00679	Estradiol valerate	Thioridazine	0.6958333333333333		N	False	False
DB01645	DB04946	Genistein	Iloperidone	0.6958041958041958		N	False	False
DB07557	DB00477	3,20-Pregnanedione	Chlorpromazine	0.6957142857142857		N	False	False
DB01254	DB00800	Dasatinib	Fenoldopam	0.6953015427769986	L	C	False	False
DB00836	DB01205	Loperamide	Flumazenil	0.6952380952380954	A	V	False	False
DB07557	DB00508	3,20-Pregnanedione	Triflupromazine	0.6944444444444446		N	False	False
DB01622	DB00436	Thioproperazine	Bendroflumethiazide	0.6944444444444446	N	C, G	False	False
DB01782	DB00508	Pyrazolanthrone	Triflupromazine	0.6944444444444446		N	False	False
DB01092	DB00255	Ouabain	Diethylstilbestrol	0.6944444444444444	C	L, G	False	False
DB00800	DB00255	Fenoldopam	Diethylstilbestrol	0.6944444444444444	C	L, G	False	False
DB00715	DB00255	Paroxetine	Diethylstilbestrol	0.6944444444444444	N	L, G	False	False
DB04513	DB06595	N-(6-Aminohexyl)-5-Chloro-1-Naphthalenesulfonamide	Midostaurin	0.6944444444444442		L	False	False
DB01092	DB06595	Ouabain	Midostaurin	0.6944444444444442	C	L	False	False
DB07863	DB06595	2-chloro-5-nitro-N-phenylbenzamide	Midostaurin	0.6944444444444442		L	False	False
DB12695	DB00818	Phenethyl Isothiocyanate	Propofol	0.6933333333333334		N	False	False
DB01239	DB00588	Chlorprothixene	Fluticasone propionate	0.6931818181818183	N		False	False
DB08059	DB01239	Wortmannin	Chlorprothixene	0.6931818181818183		N	False	False
DB08916	DB00875	Afatinib	Flupentixol	0.6931818181818181	L	N	False	False
DB01088	DB07780	Iloprost	Farnesyl diphosphate	0.6916666666666669	B		False	False
DB01205	DB00939	Flumazenil	Meclofenamic acid	0.6916666666666667	V	M	False	False
DB00459	DB06595	Acitretin	Midostaurin	0.6913919413919416	D	L	False	False
DB01254	DB00875	Dasatinib	Flupentixol	0.6912692847124826	L	N	True	False
DB07841	DB00210	Geranylgeranyl diphosphate	Adapalene	0.6904761904761905		D	False	False
DB08175	DB07841	(2E,4E)-11-METHOXY-3,7,11-TRIMETHYLDODECA-2,4-DIENOIC ACID	Geranylgeranyl diphosphate	0.6904761904761905			False	False
DB12500	DB07841	Fedratinib	Geranylgeranyl diphosphate	0.6904761904761905	L		False	False
DB07841	DB01013	Geranylgeranyl diphosphate	Clobetasol propionate	0.6904761904761905			False	False
DB02424	DB07841	Geldanamycin	Geranylgeranyl diphosphate	0.6904761904761905			False	False
DB02546	DB01069	Vorinostat	Promethazine	0.6897727272727274	L	R, V, D	True	False
DB01205	DB00800	Flumazenil	Fenoldopam	0.6893939393939394	V	C	False	False
DB01092	DB00622	Ouabain	Nicardipine	0.6888888888888889	C	C	False	False
DB00459	DB12695	Acitretin	Phenethyl Isothiocyanate	0.6888278388278388	D		False	False
DB01388	DB12093	Mibefradil	Tetrahydropalmatine	0.688811188811189	C		False	False
DB02659	DB00508	Cholic Acid	Triflupromazine	0.6886446886446884	A	N	False	False
DB03010	DB08895	Patupilone	Tofacitinib	0.687878787878788		L	False	False
DB08877	DB03010	Ruxolitinib	Patupilone	0.687878787878788	L		False	False
DB00800	DB01388	Fenoldopam	Mibefradil	0.6877990430622012	C	C	False	False
DB01092	DB01115	Ouabain	Nifedipine	0.6875	C	C	False	False
DB04599	DB00925	Aniracetam	Phenoxybenzamine	0.6875	N	C	False	False
DB01016	DB00800	Glyburide	Fenoldopam	0.6875	A	C	False	False
DB01016	DB00875	Glyburide	Flupentixol	0.6875	A	N	False	False
DB00393	DB06486	Nimodipine	Enzastaurin	0.6875	C		False	False
DB06486	DB01016	Enzastaurin	Glyburide	0.6875		A	False	False
DB01782	DB00925	Pyrazolanthrone	Phenoxybenzamine	0.6875		C	False	False
DB00783	DB00939	Estradiol	Meclofenamic acid	0.6857142857142857	G	M	False	False
DB00675	DB08756	Tamoxifen	Y-27632	0.6857142857142857	L		False	False
DB07841	DB04946	Geranylgeranyl diphosphate	Iloperidone	0.685425685425685		N	True	False
DB11781	DB02659	Tosedostat	Cholic Acid	0.6853002070393375		A	False	False
DB04297	DB02659	Trichostatin A	Cholic Acid	0.6853002070393375		A	False	False
DB02659	DB12093	Cholic Acid	Tetrahydropalmatine	0.6853002070393375	A		False	False
DB01239	DB08895	Chlorprothixene	Tofacitinib	0.684848484848485	N	L	False	False
DB08877	DB01239	Ruxolitinib	Chlorprothixene	0.684848484848485	L	N	False	False
DB02116	DB01239	Olomoucine	Chlorprothixene	0.684848484848485		N	False	False
DB02659	DB00280	Cholic Acid	Disopyramide	0.6848316912972083	A	C	False	False
DB02010	DB00818	Staurosporine	Propofol	0.6846153846153846		N	False	False
DB01248	DB00875	Docetaxel	Flupentixol	0.6845238095238093	L	N	True	False
DB01229	DB00875	Paclitaxel	Flupentixol	0.6845238095238093	L	N	True	False
DB00925	DB00939	Phenoxybenzamine	Meclofenamic acid	0.6836538461538462	C	M	False	False
DB06486	DB00939	Enzastaurin	Meclofenamic acid	0.6836538461538462		M	False	False
DB02546	DB00925	Vorinostat	Phenoxybenzamine	0.6836538461538462	L	C	False	False
DB01782	DB00679	Pyrazolanthrone	Thioridazine	0.6833333333333336		N	False	False
DB12500	DB12695	Fedratinib	Phenethyl Isothiocyanate	0.6833333333333333	L		False	False
DB01205	DB00715	Flumazenil	Paroxetine	0.6833333333333331	V	N	False	False
DB00875	DB00436	Flupentixol	Bendroflumethiazide	0.6826923076923075	N	C, G	False	False
DB05134	DB00622	Tanespimycin	Nicardipine	0.6823529411764706		C	False	False
DB07594	DB00622	CCT-018159	Nicardipine	0.6823529411764706		C	False	False
DB08521	DB00622	4-[4-(4-Fluorophenyl)-2-[4-[(R)-methylsulfinyl]phenyl]-1H-imidazol-5-yl]pyridine	Nicardipine	0.6823529411764706		C	False	False
DB03010	DB01388	Patupilone	Mibefradil	0.6818181818181819		C	False	False
DB15399	DB00159	BMS-754807	Icosapent	0.6818181818181817			False	False
DB03010	DB00925	Patupilone	Phenoxybenzamine	0.6815191387559809		C	False	False
DB01239	DB05266	Chlorprothixene	Ibudilast	0.6806818181818182	N	R	False	False
DB02587	DB01645	Colforsin	Genistein	0.6804298642533937			False	False
DB01645	DB07841	Genistein	Geranylgeranyl diphosphate	0.68021978021978			False	False
DB08877	DB00210	Ruxolitinib	Adapalene	0.6794871794871797	L	D	False	False
DB00210	DB08895	Adapalene	Tofacitinib	0.6794871794871797	D	L	False	False
DB01622	DB06195	Thioproperazine	Seliciclib	0.6785714285714286	N		False	False
DB01782	DB00836	Pyrazolanthrone	Loperamide	0.6785714285714286		A	False	False
DB00201	DB04942	Caffeine	Tamibarotene	0.6785714285714286	R, V, N		False	False
DB00393	DB06195	Nimodipine	Seliciclib	0.6785714285714286	C		False	False
DB00393	DB00459	Nimodipine	Acitretin	0.6785714285714286	C	D	False	False
DB08877	DB00201	Ruxolitinib	Caffeine	0.6785714285714286	L	R, V, N	False	False
DB00201	DB08895	Caffeine	Tofacitinib	0.6785714285714286	R, V, N	L	False	False
DB00836	DB00800	Loperamide	Fenoldopam	0.6785714285714286	A	C	False	False
DB00201	DB07841	Caffeine	Geranylgeranyl diphosphate	0.6785714285714284	R, V, N		False	False
DB00679	DB01388	Thioridazine	Mibefradil	0.67825311942959	N	C	True	False
DB00393	DB02010	Nimodipine	Staurosporine	0.67809364548495	C		False	False
DB08877	DB02546	Ruxolitinib	Vorinostat	0.6777777777777776	L	L	True	False
DB02116	DB00939	Olomoucine	Meclofenamic acid	0.6777777777777776		M	False	False
DB02546	DB08895	Vorinostat	Tofacitinib	0.6777777777777776	L	L	False	False
DB01254	DB00818	Dasatinib	Propofol	0.6773291925465836	L	N	False	False
DB07557	DB01069	3,20-Pregnanedione	Promethazine	0.6772727272727275		R, V, D	False	False
DB02659	DB00588	Cholic Acid	Fluticasone propionate	0.6759523809523809	A		False	False
DB01239	DB08916	Chlorprothixene	Afatinib	0.6753246753246755	N	L	False	False
DB01092	DB01239	Ouabain	Chlorprothixene	0.6753246753246755	C	N	False	False
DB02587	DB13956	Colforsin	Estradiol valerate	0.675			False	False
DB00588	DB05266	Fluticasone propionate	Ibudilast	0.675		R	False	False
DB08059	DB00818	Wortmannin	Propofol	0.675		N	True	False
DB00588	DB00818	Fluticasone propionate	Propofol	0.675		N	False	False
DB00396	DB00875	Progesterone	Flupentixol	0.675	G	N	False	False
DB02587	DB00818	Colforsin	Propofol	0.675		N	False	False
DB02587	DB13954	Colforsin	Estradiol cypionate	0.675			False	False
DB08912	DB00875	Dabrafenib	Flupentixol	0.675	L	N	True	False
DB02587	DB05266	Colforsin	Ibudilast	0.675		R	False	False
DB01016	DB07841	Glyburide	Geranylgeranyl diphosphate	0.6738095238095241	A		False	False
DB12695	DB06595	Phenethyl Isothiocyanate	Midostaurin	0.6735294117647059		L	False	False
DB03010	DB00555	Patupilone	Lamotrigine	0.6732954545454546		N	False	False
DB04513	DB00393	N-(6-Aminohexyl)-5-Chloro-1-Naphthalenesulfonamide	Nimodipine	0.6730769230769231		C	False	False
DB01645	DB00800	Genistein	Fenoldopam	0.6730769230769231		C	False	False
DB01645	DB00715	Genistein	Paroxetine	0.6730769230769231		N	False	False
DB04513	DB01645	N-(6-Aminohexyl)-5-Chloro-1-Naphthalenesulfonamide	Genistein	0.6730769230769231			False	False
DB01092	DB01645	Ouabain	Genistein	0.6730769230769231	C		False	False
DB01254	DB04942	Dasatinib	Tamibarotene	0.6730434782608696	L		False	False
DB04946	DB00939	Iloperidone	Meclofenamic acid	0.6727272727272728	N	M	True	False
DB02546	DB04946	Vorinostat	Iloperidone	0.6727272727272728	L	N	True	False
DB01254	DB01239	Dasatinib	Chlorprothixene	0.672401767030923	L	N	True	False
DB01069	DB07780	Promethazine	Farnesyl diphosphate	0.6717171717171717	R, V, D		True	False
DB01645	DB00925	Genistein	Phenoxybenzamine	0.6701007326007327		C	False	False
DB00836	DB12695	Loperamide	Phenethyl Isothiocyanate	0.6695970695970697	A		False	False
DB01092	DB00675	Ouabain	Tamoxifen	0.6692307692307691	C	L	False	False
DB00783	DB05266	Estradiol	Ibudilast	0.6690476190476193	G	R	False	False
DB01388	DB00588	Mibefradil	Fluticasone propionate	0.6689393939393942	C		False	False
DB02587	DB01388	Colforsin	Mibefradil	0.6689393939393942		C	False	False
DB00679	DB12695	Thioridazine	Phenethyl Isothiocyanate	0.668627450980392	N		False	False
DB08073	DB12695	(2S)-1-(1H-INDOL-3-YL)-3-{[5-(3-METHYL-1H-INDAZOL-5-YL)PYRIDIN-3-YL]OXY}PROPAN-2-AMINE	Phenethyl Isothiocyanate	0.6680272108843537			False	False
DB07859	DB12695	4-(4-CHLOROPHENYL)-4-[4-(1H-PYRAZOL-4-YL)PHENYL]PIPERIDINE	Phenethyl Isothiocyanate	0.6680272108843537			False	False
DB01645	DB05266	Genistein	Ibudilast	0.6675213675213676		R	False	False
DB00794	DB00939	Primidone	Meclofenamic acid	0.666666666666667	N	M	False	False
DB02546	DB00794	Vorinostat	Primidone	0.666666666666667	L	N	False	False
DB08521	DB08895	4-[4-(4-Fluorophenyl)-2-[4-[(R)-methylsulfinyl]phenyl]-1H-imidazol-5-yl]pyridine	Tofacitinib	0.6666666666666667		L	False	False
DB04513	DB07863	N-(6-Aminohexyl)-5-Chloro-1-Naphthalenesulfonamide	2-chloro-5-nitro-N-phenylbenzamide	0.6666666666666667			False	False
DB08756	DB01016	Y-27632	Glyburide	0.6666666666666667		A	False	False
DB12500	DB08175	Fedratinib	(2E,4E)-11-METHOXY-3,7,11-TRIMETHYLDODECA-2,4-DIENOIC ACID	0.6666666666666667	L		False	False
DB12500	DB01013	Fedratinib	Clobetasol propionate	0.6666666666666667	L		False	False
DB04513	DB00210	N-(6-Aminohexyl)-5-Chloro-1-Naphthalenesulfonamide	Adapalene	0.6666666666666667		D	False	False
DB01016	DB08895	Glyburide	Tofacitinib	0.6666666666666667	A	L	False	False
DB08756	DB04942	Y-27632	Tamibarotene	0.6666666666666667			False	False
DB05134	DB07780	Tanespimycin	Farnesyl diphosphate	0.6666666666666667			False	False
DB01092	DB00210	Ouabain	Adapalene	0.6666666666666667	C	D	False	False
DB07859	DB04942	4-(4-CHLOROPHENYL)-4-[4-(1H-PYRAZOL-4-YL)PHENYL]PIPERIDINE	Tamibarotene	0.6666666666666667			False	False
DB08521	DB08877	4-[4-(4-Fluorophenyl)-2-[4-[(R)-methylsulfinyl]phenyl]-1H-imidazol-5-yl]pyridine	Ruxolitinib	0.6666666666666667		L	False	False
DB12500	DB00210	Fedratinib	Adapalene	0.6666666666666667	L	D	False	False
DB08877	DB01016	Ruxolitinib	Glyburide	0.6666666666666667	L	A	False	False
DB08521	DB08756	4-[4-(4-Fluorophenyl)-2-[4-[(R)-methylsulfinyl]phenyl]-1H-imidazol-5-yl]pyridine	Y-27632	0.6666666666666667			False	False
DB08073	DB04942	(2S)-1-(1H-INDOL-3-YL)-3-{[5-(3-METHYL-1H-INDAZOL-5-YL)PYRIDIN-3-YL]OXY}PROPAN-2-AMINE	Tamibarotene	0.6666666666666667			False	False
DB00679	DB08896	Thioridazine	Regorafenib	0.6666666666666667	N	L	False	False
DB00679	DB01013	Thioridazine	Clobetasol propionate	0.6666666666666667	N		False	False
DB07594	DB07780	CCT-018159	Farnesyl diphosphate	0.6666666666666667			False	False
DB08073	DB00831	(2S)-1-(1H-INDOL-3-YL)-3-{[5-(3-METHYL-1H-INDAZOL-5-YL)PYRIDIN-3-YL]OXY}PROPAN-2-AMINE	Trifluoperazine	0.6666666666666665		N	False	False
DB06155	DB01205	Rimonabant	Flumazenil	0.6666666666666665	A	V	False	False
DB01248	DB04942	Docetaxel	Tamibarotene	0.6666666666666665	L		False	False
DB04149	DB01205	(R)-Rolipram	Flumazenil	0.6666666666666665		V	False	False
DB15399	DB01229	BMS-754807	Paclitaxel	0.6666666666666665		L	False	False
DB01782	DB06595	Pyrazolanthrone	Midostaurin	0.6666666666666665		L	False	False
DB04599	DB01248	Aniracetam	Docetaxel	0.6666666666666665	N	L	False	False
DB04942	DB01229	Tamibarotene	Paclitaxel	0.6666666666666665		L	False	False
DB07859	DB00831	4-(4-CHLOROPHENYL)-4-[4-(1H-PYRAZOL-4-YL)PHENYL]PIPERIDINE	Trifluoperazine	0.6666666666666665		N	False	False
DB01092	DB01248	Ouabain	Docetaxel	0.6666666666666665	C	L	False	False
DB01092	DB01229	Ouabain	Paclitaxel	0.6666666666666665	C	L	False	False
DB01205	DB08895	Flumazenil	Tofacitinib	0.6666666666666665	V	L	False	False
DB00353	DB07780	Methylergometrine	Farnesyl diphosphate	0.6666666666666665	G		False	False
DB15399	DB13345	BMS-754807	Dihydroergocristine	0.6666666666666665		C	False	False
DB07863	DB01205	2-chloro-5-nitro-N-phenylbenzamide	Flumazenil	0.6666666666666665		V	False	False
DB04942	DB06595	Tamibarotene	Midostaurin	0.6666666666666665		L	False	False
DB04942	DB13345	Tamibarotene	Dihydroergocristine	0.6666666666666665		C	False	False
DB00393	DB12093	Nimodipine	Tetrahydropalmatine	0.6666666666666665	C		False	False
DB00393	DB08896	Nimodipine	Regorafenib	0.6666666666666665	C	L	False	False
DB01205	DB04942	Flumazenil	Tamibarotene	0.6666666666666665	V		False	False
DB01205	DB07780	Flumazenil	Farnesyl diphosphate	0.6666666666666665	V		False	False
DB01205	DB00508	Flumazenil	Triflupromazine	0.6666666666666665	V	N	False	False
DB01092	DB01205	Ouabain	Flumazenil	0.6666666666666665	C	V	False	False
DB15399	DB01248	BMS-754807	Docetaxel	0.6666666666666665		L	False	False
DB08877	DB01205	Ruxolitinib	Flumazenil	0.6666666666666665	L	V	False	False
DB04599	DB01229	Aniracetam	Paclitaxel	0.6666666666666665	N	L	False	False
DB01205	DB08916	Flumazenil	Afatinib	0.6666666666666665	V	L	False	False
DB04513	DB01205	N-(6-Aminohexyl)-5-Chloro-1-Naphthalenesulfonamide	Flumazenil	0.6666666666666665		V	False	False
DB15399	DB06595	BMS-754807	Midostaurin	0.6666666666666665		L	False	False
DB15399	DB01205	BMS-754807	Flumazenil	0.6666666666666665		V	False	False
DB08597	DB01205	Dorsomorphin	Flumazenil	0.6666666666666665		V	False	False
DB04149	DB01248	(R)-Rolipram	Docetaxel	0.6666666666666665		L	False	False
DB04149	DB01229	(R)-Rolipram	Paclitaxel	0.6666666666666665		L	False	False
DB08756	DB00831	Y-27632	Trifluoperazine	0.6666666666666665		N	False	False
DB02116	DB01205	Olomoucine	Flumazenil	0.6666666666666665		V	False	False
DB15399	DB00831	BMS-754807	Trifluoperazine	0.6666666666666665		N	False	False
DB05134	DB01205	Tanespimycin	Flumazenil	0.6666666666666665		V	False	False
DB07594	DB01205	CCT-018159	Flumazenil	0.6666666666666665		V	False	False
DB08521	DB01205	4-[4-(4-Fluorophenyl)-2-[4-[(R)-methylsulfinyl]phenyl]-1H-imidazol-5-yl]pyridine	Flumazenil	0.6666666666666665		V	False	False
DB04149	DB13345	(R)-Rolipram	Dihydroergocristine	0.6666666666666665		C	False	False
DB01645	DB00794	Genistein	Primidone	0.6665551839464885		N	False	False
DB00555	DB00939	Lamotrigine	Meclofenamic acid	0.6663690476190474	N	M	True	False
DB00836	DB06486	Loperamide	Enzastaurin	0.6660714285714286	A		False	False
DB08756	DB00477	Y-27632	Chlorpromazine	0.6657142857142855		N	False	False
DB02587	DB00255	Colforsin	Diethylstilbestrol	0.6655982905982907		L, G	False	False
DB01092	DB06486	Ouabain	Enzastaurin	0.6647727272727273	C		False	False
DB00675	DB00875	Tamoxifen	Flupentixol	0.6638888888888888	L	N	True	False
DB01622	DB12695	Thioproperazine	Phenethyl Isothiocyanate	0.6629251700680272	N		False	False
DB00280	DB04942	Disopyramide	Tamibarotene	0.6625000000000001	C		False	False
DB08175	DB12695	(2E,4E)-11-METHOXY-3,7,11-TRIMETHYLDODECA-2,4-DIENOIC ACID	Phenethyl Isothiocyanate	0.6624999999999999			False	False
DB00836	DB00939	Loperamide	Meclofenamic acid	0.661904761904762	A	M	True	False
DB12500	DB00836	Fedratinib	Loperamide	0.6619047619047618	L	A	False	False
DB07557	DB05266	3,20-Pregnanedione	Ibudilast	0.6611111111111112		R	False	False
DB06595	DB00255	Midostaurin	Diethylstilbestrol	0.6611111111111112	L	L, G	False	False
DB07557	DB08912	3,20-Pregnanedione	Dabrafenib	0.6611111111111112		L	False	False
DB13954	DB00800	Estradiol cypionate	Fenoldopam	0.6611111111111112		C	False	False
DB13956	DB00800	Estradiol valerate	Fenoldopam	0.6611111111111112		C	False	False
DB07841	DB01023	Geranylgeranyl diphosphate	Felodipine	0.6609890109890109		C	True	False
DB02587	DB00783	Colforsin	Estradiol	0.6607142857142856		G	False	False
DB00783	DB00875	Estradiol	Flupentixol	0.6607142857142856	G	N	False	False
DB02116	DB01069	Olomoucine	Promethazine	0.6606060606060606		R, V, D	False	False
DB12500	DB00393	Fedratinib	Nimodipine	0.6602564102564106	L	C	False	False
DB01622	DB00210	Thioproperazine	Adapalene	0.6602564102564106	N	D	False	False
DB01054	DB00800	Nitrendipine	Fenoldopam	0.6595238095238094	C	C	False	False
DB01092	DB01016	Ouabain	Glyburide	0.6590909090909092	C	A	False	False
DB07863	DB01016	2-chloro-5-nitro-N-phenylbenzamide	Glyburide	0.6590909090909092		A	False	False
DB00831	DB02546	Trifluoperazine	Vorinostat	0.6575757575757575	N	L	False	False
DB00396	DB08895	Progesterone	Tofacitinib	0.6571428571428573	G	L	False	False
DB07841	DB08916	Geranylgeranyl diphosphate	Afatinib	0.6571428571428573		L	False	False
DB13956	DB08756	Estradiol valerate	Y-27632	0.6571428571428573			False	False
DB08877	DB13954	Ruxolitinib	Estradiol cypionate	0.6571428571428573	L		False	False
DB08877	DB00396	Ruxolitinib	Progesterone	0.6571428571428573	L	G	False	False
DB13954	DB08895	Estradiol cypionate	Tofacitinib	0.6571428571428573		L	False	False
DB13954	DB08756	Estradiol cypionate	Y-27632	0.6571428571428573			False	False
DB13956	DB08895	Estradiol valerate	Tofacitinib	0.6571428571428573		L	False	False
DB08877	DB13956	Ruxolitinib	Estradiol valerate	0.6571428571428573	L		False	False
DB07841	DB00396	Geranylgeranyl diphosphate	Progesterone	0.657142857142857		G	False	False
DB07841	DB05266	Geranylgeranyl diphosphate	Ibudilast	0.657142857142857		R	False	False
DB13954	DB07841	Estradiol cypionate	Geranylgeranyl diphosphate	0.657142857142857			False	False
DB13956	DB07841	Estradiol valerate	Geranylgeranyl diphosphate	0.657142857142857			False	False
DB08756	DB00459	Y-27632	Acitretin	0.6558441558441559		D	False	False
DB04599	DB00836	Aniracetam	Loperamide	0.6558441558441559	N	A	False	False
DB06195	DB01388	Seliciclib	Mibefradil	0.6558441558441559		C	False	False
DB01088	DB00818	Iloprost	Propofol	0.6557692307692309	B	N	True	False
DB02587	DB08896	Colforsin	Regorafenib	0.65530303030303		L	False	False
DB00850	DB08896	Perphenazine	Regorafenib	0.6547619047619047	N	L	False	False
DB00630	DB03010	Alendronic acid	Patupilone	0.6545454545454545	M		False	False
DB03010	DB00794	Patupilone	Primidone	0.6545454545454545		N	False	False
DB15399	DB00568	BMS-754807	Cinnarizine	0.6538461538461537		N	False	False
DB08597	DB00568	Dorsomorphin	Cinnarizine	0.6538461538461537		N	False	False
DB01092	DB01023	Ouabain	Felodipine	0.6538461538461537	C	C	False	False
DB02010	DB01388	Staurosporine	Mibefradil	0.6535547785547784		C	False	False
DB00280	DB08916	Disopyramide	Afatinib	0.6534090909090908	C	L	False	False
DB00210	DB00925	Adapalene	Phenoxybenzamine	0.653186274509804	D	C	False	False
DB04297	DB00622	Trichostatin A	Nicardipine	0.6529411764705884		C	False	False
DB01388	DB05266	Mibefradil	Ibudilast	0.6522727272727273	C	R	False	False
DB01205	DB01645	Flumazenil	Genistein	0.6522435897435899	V		False	False
DB00630	DB00875	Alendronic acid	Flupentixol	0.651923076923077	M	N	False	False
DB06486	DB01118	Enzastaurin	Amiodarone	0.6517857142857144		C	False	False
DB01239	DB01013	Chlorprothixene	Clobetasol propionate	0.6515151515151516	N		False	False
DB02424	DB01239	Geldanamycin	Chlorprothixene	0.6515151515151516		N	False	False
DB08597	DB00210	Dorsomorphin	Adapalene	0.6515151515151516		D	False	False
DB00459	DB12093	Acitretin	Tetrahydropalmatine	0.6507936507936509	D		False	False
DB15399	DB01069	BMS-754807	Promethazine	0.6503496503496504		R, V, D	False	False
DB08521	DB01069	4-[4-(4-Fluorophenyl)-2-[4-[(R)-methylsulfinyl]phenyl]-1H-imidazol-5-yl]pyridine	Promethazine	0.6503496503496504		R, V, D	False	False
DB00393	DB00794	Nimodipine	Primidone	0.6500000000000001	C	N	False	False
DB02546	DB00715	Vorinostat	Paroxetine	0.6499999999999999	L	N	False	False
DB01092	DB02546	Ouabain	Vorinostat	0.6499999999999999	C	L	False	False
DB01622	DB00939	Thioproperazine	Meclofenamic acid	0.6499999999999999	N	M	True	False
DB00622	DB00818	Nicardipine	Propofol	0.6499999999999999	C	N	False	False
DB08916	DB00939	Afatinib	Meclofenamic acid	0.6499999999999999	L	M	False	False
DB04513	DB00939	N-(6-Aminohexyl)-5-Chloro-1-Naphthalenesulfonamide	Meclofenamic acid	0.6499999999999999		M	False	False
DB00393	DB00508	Nimodipine	Triflupromazine	0.6499999999999999	C	N	False	False
DB01100	DB02546	Pimozide	Vorinostat	0.6499999999999999	N	L	True	False
DB00715	DB00939	Paroxetine	Meclofenamic acid	0.6499999999999999	N	M	True	False
DB00393	DB02546	Nimodipine	Vorinostat	0.6499999999999999	C	L	True	False
DB02546	DB01622	Vorinostat	Thioproperazine	0.6499999999999999	L	N	False	False
DB06595	DB00875	Midostaurin	Flupentixol	0.6488095238095237	L	N	False	False
DB00831	DB05266	Trifluoperazine	Ibudilast	0.6484848484848484	N	R	True	False
DB04946	DB00588	Iloperidone	Fluticasone propionate	0.6477272727272727	N		False	False
DB08059	DB04946	Wortmannin	Iloperidone	0.6477272727272727		N	True	False
DB12500	DB01118	Fedratinib	Amiodarone	0.6476190476190478	L	C	False	False
DB00459	DB00555	Acitretin	Lamotrigine	0.6473214285714286	D	N	False	False
DB06195	DB00555	Seliciclib	Lamotrigine	0.6473214285714286		N	False	False
DB00477	DB00939	Chlorpromazine	Meclofenamic acid	0.6472527472527472	N	M	True	False
DB00925	DB00255	Phenoxybenzamine	Diethylstilbestrol	0.6466503267973855	C	L, G	False	False
DB01092	DB13956	Ouabain	Estradiol valerate	0.6461538461538463	C		False	False
DB01092	DB13954	Ouabain	Estradiol cypionate	0.6461538461538463	C		False	False
DB02659	DB06486	Cholic Acid	Enzastaurin	0.6460385878489328	A		False	False
DB00393	DB00280	Nimodipine	Disopyramide	0.6458333333333335	C	C	False	False
DB06486	DB00588	Enzastaurin	Fluticasone propionate	0.6458333333333333			False	False
DB08059	DB00925	Wortmannin	Phenoxybenzamine	0.6458333333333333		C	False	False
DB00508	DB01645	Triflupromazine	Genistein	0.6452991452991454	N		False	False
DB00836	DB00818	Loperamide	Propofol	0.6452380952380954	A	N	True	False
DB00794	DB00255	Primidone	Diethylstilbestrol	0.6444444444444444	N	L, G	False	False
DB01388	DB06595	Mibefradil	Midostaurin	0.643939393939394	C	L	False	False
DB08896	DB01388	Regorafenib	Mibefradil	0.643939393939394	L	C	False	False
DB04513	DB01254	N-(6-Aminohexyl)-5-Chloro-1-Naphthalenesulfonamide	Dasatinib	0.6438127090301005		L	False	False
DB01054	DB00459	Nitrendipine	Acitretin	0.6428571428571432	C	D	False	False
DB07841	DB01118	Geranylgeranyl diphosphate	Amiodarone	0.642857142857143		C	True	False
DB04149	DB01054	(R)-Rolipram	Nitrendipine	0.6428571428571428		C	False	False
DB05134	DB01054	Tanespimycin	Nitrendipine	0.6428571428571428		C	False	False
DB07841	DB00783	Geranylgeranyl diphosphate	Estradiol	0.6428571428571428		G	False	False
DB01054	DB08916	Nitrendipine	Afatinib	0.6428571428571428	C	L	False	False
DB04149	DB01119	(R)-Rolipram	Diazoxide	0.6428571428571428		C, V, G	False	False
DB15399	DB01119	BMS-754807	Diazoxide	0.6428571428571428		C, V, G	False	False
DB04942	DB00436	Tamibarotene	Bendroflumethiazide	0.6428571428571428		C, G	False	False
DB15399	DB00887	BMS-754807	Bumetanide	0.6428571428571428		C, G	False	False
DB15399	DB01054	BMS-754807	Nitrendipine	0.6428571428571428		C	False	False
DB08597	DB00436	Dorsomorphin	Bendroflumethiazide	0.6428571428571428		C, G	False	False
DB01782	DB00393	Pyrazolanthrone	Nimodipine	0.6428571428571428		C	False	False
DB08597	DB00482	Dorsomorphin	Celecoxib	0.6428571428571428		M, C, G, L	False	False
DB06155	DB01054	Rimonabant	Nitrendipine	0.6428571428571428	A	C	False	False
DB01092	DB01054	Ouabain	Nitrendipine	0.6428571428571428	C	C	False	False
DB01054	DB08895	Nitrendipine	Tofacitinib	0.6428571428571428	C	L	False	False
DB02659	DB00477	Cholic Acid	Chlorpromazine	0.6428571428571428	A	N	False	False
DB07594	DB01054	CCT-018159	Nitrendipine	0.6428571428571428		C	False	False
DB01054	DB08877	Nitrendipine	Ruxolitinib	0.6428571428571428	C	L	False	False
DB01054	DB07841	Nitrendipine	Geranylgeranyl diphosphate	0.6428571428571428	C		True	False
DB15399	DB00508	BMS-754807	Triflupromazine	0.6428571428571428		N	False	False
DB08521	DB01054	4-[4-(4-Fluorophenyl)-2-[4-[(R)-methylsulfinyl]phenyl]-1H-imidazol-5-yl]pyridine	Nitrendipine	0.6428571428571428		C	False	False
DB04149	DB00482	(R)-Rolipram	Celecoxib	0.6428571428571428		M, C, G, L	False	False
DB04149	DB00508	(R)-Rolipram	Triflupromazine	0.6428571428571428		N	False	False
DB08597	DB00508	Dorsomorphin	Triflupromazine	0.6428571428571428		N	False	False
DB04149	DB00887	(R)-Rolipram	Bumetanide	0.6428571428571428		C, G	False	False
DB07859	DB00622	4-(4-CHLOROPHENYL)-4-[4-(1H-PYRAZOL-4-YL)PHENYL]PIPERIDINE	Nicardipine	0.6421052631578947		C	False	False
DB08073	DB00622	(2S)-1-(1H-INDOL-3-YL)-3-{[5-(3-METHYL-1H-INDAZOL-5-YL)PYRIDIN-3-YL]OXY}PROPAN-2-AMINE	Nicardipine	0.6421052631578947		C	False	False
DB08756	DB00622	Y-27632	Nicardipine	0.6421052631578947		C	False	False
DB00313	DB07841	Valproic acid	Geranylgeranyl diphosphate	0.6418650793650793	N		True	False
DB00630	DB02010	Alendronic acid	Staurosporine	0.6401709401709399	M		False	False
DB08175	DB01088	(2E,4E)-11-METHOXY-3,7,11-TRIMETHYLDODECA-2,4-DIENOIC ACID	Iloprost	0.6401515151515151		B	False	False
DB00622	DB06195	Nicardipine	Seliciclib	0.6376623376623378	C		False	False
DB06486	DB04942	Enzastaurin	Tamibarotene	0.6375			False	False
DB00630	DB00925	Alendronic acid	Phenoxybenzamine	0.6375	M	C	False	False
DB08521	DB00925	4-[4-(4-Fluorophenyl)-2-[4-[(R)-methylsulfinyl]phenyl]-1H-imidazol-5-yl]pyridine	Phenoxybenzamine	0.6375		C	False	False
DB08896	DB00555	Regorafenib	Lamotrigine	0.6354166666666665	L	N	False	False
DB04946	DB05266	Iloperidone	Ibudilast	0.6352272727272728	N	R	True	False
DB08597	DB07841	Dorsomorphin	Geranylgeranyl diphosphate	0.6349206349206349			False	False
DB15399	DB07841	BMS-754807	Geranylgeranyl diphosphate	0.6349206349206349			False	False
DB02546	DB06595	Vorinostat	Midostaurin	0.6348484848484848	L	L	False	False
DB01622	DB02010	Thioproperazine	Staurosporine	0.6346153846153846	N		False	False
DB01205	DB00159	Flumazenil	Icosapent	0.634199134199134	V		False	False
DB12500	DB07780	Fedratinib	Farnesyl diphosphate	0.6333333333333335	L		False	False
DB07780	DB01013	Farnesyl diphosphate	Clobetasol propionate	0.6333333333333335			False	False
DB00850	DB07780	Perphenazine	Farnesyl diphosphate	0.6333333333333335	N		False	False
DB02116	DB00679	Olomoucine	Thioridazine	0.6333333333333335		N	False	False
DB00679	DB08895	Thioridazine	Tofacitinib	0.6333333333333335	N	L	False	False
DB08877	DB00679	Ruxolitinib	Thioridazine	0.6333333333333335	L	N	False	False
DB08912	DB00679	Dabrafenib	Thioridazine	0.6333333333333333	L	N	False	False
DB00850	DB05266	Perphenazine	Ibudilast	0.6333333333333333	N	R	False	False
DB00679	DB00396	Thioridazine	Progesterone	0.6333333333333333	N	G	False	False
DB08175	DB05266	(2E,4E)-11-METHOXY-3,7,11-TRIMETHYLDODECA-2,4-DIENOIC ACID	Ibudilast	0.6333333333333333		R	False	False
DB08175	DB00818	(2E,4E)-11-METHOXY-3,7,11-TRIMETHYLDODECA-2,4-DIENOIC ACID	Propofol	0.6333333333333333		N	False	False
DB00679	DB00818	Thioridazine	Propofol	0.6333333333333333	N	N	True	False
DB12500	DB05266	Fedratinib	Ibudilast	0.6333333333333333	L	R	False	False
DB00622	DB08916	Nicardipine	Afatinib	0.6333333333333333	C	L	False	False
DB08175	DB08912	(2E,4E)-11-METHOXY-3,7,11-TRIMETHYLDODECA-2,4-DIENOIC ACID	Dabrafenib	0.6333333333333333		L	False	False
DB12500	DB00622	Fedratinib	Nicardipine	0.6333333333333333	L	C	False	False
DB08877	DB00568	Ruxolitinib	Cinnarizine	0.6333333333333333	L	N	False	False
DB05266	DB01013	Ibudilast	Clobetasol propionate	0.6333333333333333	R		False	False
DB00210	DB05266	Adapalene	Ibudilast	0.6333333333333333	D	R	False	False
DB12500	DB00818	Fedratinib	Propofol	0.6333333333333333	L	N	False	False
DB00818	DB01013	Propofol	Clobetasol propionate	0.6333333333333333	N		False	False
DB08912	DB00794	Dabrafenib	Primidone	0.6333333333333333	L	N	False	False
DB00210	DB00818	Adapalene	Propofol	0.6333333333333333	D	N	False	False
DB02424	DB05266	Geldanamycin	Ibudilast	0.6333333333333333		R	False	False
DB00568	DB08895	Cinnarizine	Tofacitinib	0.6333333333333333	N	L	False	False
DB00201	DB03010	Caffeine	Patupilone	0.6331168831168832	R, V, N		False	False
DB15399	DB01254	BMS-754807	Dasatinib	0.6330434782608696		L	False	False
DB01205	DB01023	Flumazenil	Felodipine	0.6330128205128205	V	C	False	False
DB02424	DB01388	Geldanamycin	Mibefradil	0.6320346320346322		C	False	False
DB00850	DB02659	Perphenazine	Cholic Acid	0.6309523809523812	N	A	False	False
DB02659	DB01013	Cholic Acid	Clobetasol propionate	0.6309523809523812	A		False	False
DB08175	DB02659	(2E,4E)-11-METHOXY-3,7,11-TRIMETHYLDODECA-2,4-DIENOIC ACID	Cholic Acid	0.6309523809523812		A	False	False
DB02659	DB00568	Cholic Acid	Cinnarizine	0.6309523809523809	A	N	False	False
DB00210	DB00715	Adapalene	Paroxetine	0.6309523809523809	D	N	False	False
DB01205	DB08896	Flumazenil	Regorafenib	0.6309523809523807	V	L	False	False
DB04946	DB08916	Iloperidone	Afatinib	0.6298701298701299	N	L	False	False
DB08175	DB00201	(2E,4E)-11-METHOXY-3,7,11-TRIMETHYLDODECA-2,4-DIENOIC ACID	Caffeine	0.6295518207282913		R, V, N	False	False
DB12500	DB00201	Fedratinib	Caffeine	0.6295518207282913	L	R, V, N	False	False
DB03010	DB05266	Patupilone	Ibudilast	0.6295454545454546		R	False	False
DB01645	DB08895	Genistein	Tofacitinib	0.6289592760180995		L	False	False
DB08877	DB01645	Ruxolitinib	Genistein	0.6289592760180995	L		False	False
DB00459	DB00794	Acitretin	Primidone	0.6285714285714286	D	N	False	False
DB06195	DB00794	Seliciclib	Primidone	0.6285714285714286		N	False	False
DB00836	DB00630	Loperamide	Alendronic acid	0.6285714285714286	A	M	False	False
DB00630	DB00459	Alendronic acid	Acitretin	0.6285714285714286	M	D	False	False
DB08877	DB01244	Ruxolitinib	Bepridil	0.6285714285714286	L	C	False	False
DB06195	DB08916	Seliciclib	Afatinib	0.6285714285714286		L	False	False
DB04599	DB01244	Aniracetam	Bepridil	0.6285714285714286	N	C	False	False
DB01244	DB08895	Bepridil	Tofacitinib	0.6285714285714286	C	L	False	False
DB00836	DB08916	Loperamide	Afatinib	0.6285714285714286	A	L	False	False
DB01088	DB00255	Iloprost	Diethylstilbestrol	0.6282679738562089	B	L, G	False	False
DB06486	DB00679	Enzastaurin	Thioridazine	0.6279761904761907		N	False	False
DB01054	DB01239	Nitrendipine	Chlorprothixene	0.6277056277056277	C	N	True	False
DB02546	DB01388	Vorinostat	Mibefradil	0.6272727272727274	L	C	True	False
DB01016	DB05266	Glyburide	Ibudilast	0.6269230769230771	A	R	False	False
DB08912	DB00800	Dabrafenib	Fenoldopam	0.6269230769230771	L	C	False	False
DB01115	DB01205	Nifedipine	Flumazenil	0.6268939393939394	C	V	False	False
DB12093	DB00255	Tetrahydropalmatine	Diethylstilbestrol	0.6262626262626261		L, G	False	False
DB00622	DB02659	Nicardipine	Cholic Acid	0.6253968253968254	C	A	False	False
DB08059	DB00393	Wortmannin	Nimodipine	0.625		C	False	False
DB00588	DB00715	Fluticasone propionate	Paroxetine	0.625		N	True	False
DB08059	DB01622	Wortmannin	Thioproperazine	0.625		N	True	False
DB01782	DB01622	Pyrazolanthrone	Thioproperazine	0.625		N	False	False
DB07594	DB01088	CCT-018159	Iloprost	0.625		B	False	False
DB06486	DB00875	Enzastaurin	Flupentixol	0.625		N	False	False
DB01622	DB00588	Thioproperazine	Fluticasone propionate	0.625	N		True	False
DB00715	DB08895	Paroxetine	Tofacitinib	0.625	N	L	False	False
DB05134	DB01088	Tanespimycin	Iloprost	0.625		B	False	False
DB08877	DB00588	Ruxolitinib	Fluticasone propionate	0.625	L		False	False
DB08756	DB00588	Y-27632	Fluticasone propionate	0.625			False	False
DB01782	DB00588	Pyrazolanthrone	Fluticasone propionate	0.625			False	False
DB01782	DB00715	Pyrazolanthrone	Paroxetine	0.625		N	False	False
DB08756	DB07557	Y-27632	3,20-Pregnanedione	0.625			False	False
DB08059	DB00800	Wortmannin	Fenoldopam	0.625		C	False	False
DB07863	DB00436	2-chloro-5-nitro-N-phenylbenzamide	Bendroflumethiazide	0.625		C, G	False	False
DB08059	DB00715	Wortmannin	Paroxetine	0.625		N	True	False
DB01782	DB02587	Pyrazolanthrone	Colforsin	0.625			False	False
DB07863	DB01119	2-chloro-5-nitro-N-phenylbenzamide	Diazoxide	0.625		C, V, G	False	False
DB08059	DB08756	Wortmannin	Y-27632	0.625			False	False
DB04599	DB02587	Aniracetam	Colforsin	0.625	N		False	False
DB00588	DB08895	Fluticasone propionate	Tofacitinib	0.625		L	False	False
DB01092	DB00508	Ouabain	Triflupromazine	0.625	C	N	False	False
DB07863	DB00887	2-chloro-5-nitro-N-phenylbenzamide	Bumetanide	0.625		C, G	False	False
DB06486	DB00925	Enzastaurin	Phenoxybenzamine	0.625		C	False	False
DB08916	DB00436	Afatinib	Bendroflumethiazide	0.625	L	C, G	False	False
DB08877	DB00715	Ruxolitinib	Paroxetine	0.625	L	N	False	False
DB04599	DB00201	Aniracetam	Caffeine	0.623015873015873	N	R, V, N	False	False
DB08059	DB00622	Wortmannin	Nicardipine	0.6223684210526317		C	False	False
DB00313	DB00679	Valproic acid	Thioridazine	0.6222222222222225	N	N	True	False
DB00836	DB08059	Loperamide	Wortmannin	0.6217532467532467	A		False	False
DB01388	DB00255	Mibefradil	Diethylstilbestrol	0.6217171717171717	C	L, G	False	False
DB13954	DB01622	Estradiol cypionate	Thioproperazine	0.6214285714285717		N	False	False
DB13956	DB01622	Estradiol valerate	Thioproperazine	0.6214285714285717		N	False	False
DB02116	DB03010	Olomoucine	Patupilone	0.6212121212121213			False	False
DB00831	DB03010	Trifluoperazine	Patupilone	0.6212121212121211	N		False	False
DB00588	DB00477	Fluticasone propionate	Chlorpromazine	0.6207142857142856		N	False	False
DB08059	DB00477	Wortmannin	Chlorpromazine	0.6207142857142856		N	False	False
DB13956	DB01205	Estradiol valerate	Flumazenil	0.6205128205128205		V	False	False
DB13954	DB01205	Estradiol cypionate	Flumazenil	0.6205128205128205		V	False	False
DB08896	DB04946	Regorafenib	Iloperidone	0.6204284221525602	L	N	False	False
DB13954	DB04946	Estradiol cypionate	Iloperidone	0.6203463203463202		N	False	False
DB13956	DB04946	Estradiol valerate	Iloperidone	0.6203463203463202		N	False	False
DB00836	DB01088	Loperamide	Iloprost	0.6202380952380955	A	B	False	False
DB06486	DB00159	Enzastaurin	Icosapent	0.6193181818181817			False	False
DB00477	DB01013	Chlorpromazine	Clobetasol propionate	0.6190476190476191	N		False	False
DB00679	DB00783	Thioridazine	Estradiol	0.6190476190476191	N	G	False	False
DB00477	DB08916	Chlorpromazine	Afatinib	0.6190476190476188	N	L	False	False
DB02546	DB00555	Vorinostat	Lamotrigine	0.6187499999999999	L	N	True	False
DB08877	DB00555	Ruxolitinib	Lamotrigine	0.6187499999999999	L	N	False	False
DB02116	DB00555	Olomoucine	Lamotrigine	0.6187499999999999		N	False	False
DB00555	DB08895	Lamotrigine	Tofacitinib	0.6187499999999999	N	L	False	False
DB08756	DB01239	Y-27632	Chlorprothixene	0.6181818181818184		N	False	False
DB13954	DB01239	Estradiol cypionate	Chlorprothixene	0.6181818181818182		N	False	False
DB13956	DB01239	Estradiol valerate	Chlorprothixene	0.6181818181818182		N	False	False
DB08912	DB01239	Dabrafenib	Chlorprothixene	0.6181818181818182	L	N	True	False
DB00396	DB01239	Progesterone	Chlorprothixene	0.6181818181818182	G	N	False	False
DB01205	DB01254	Flumazenil	Dasatinib	0.6181716833890745	V	L	False	False
DB02010	DB04942	Staurosporine	Tamibarotene	0.617948717948718			False	False
DB04149	DB02010	(R)-Rolipram	Staurosporine	0.617948717948718			False	False
DB02010	DB00939	Staurosporine	Meclofenamic acid	0.6179487179487178		M	False	False
DB00393	DB08912	Nimodipine	Dabrafenib	0.6166666666666669	C	L	True	False
DB00393	DB05266	Nimodipine	Ibudilast	0.6166666666666669	C	R	False	False
DB00715	DB08916	Paroxetine	Afatinib	0.6166666666666667	N	L	False	False
DB08896	DB00794	Regorafenib	Primidone	0.6166666666666667	L	N	False	False
DB00210	DB06595	Adapalene	Midostaurin	0.6166666666666667	D	L	False	False
DB15399	DB01244	BMS-754807	Bepridil	0.6166666666666667		C	False	False
DB04513	DB00715	N-(6-Aminohexyl)-5-Chloro-1-Naphthalenesulfonamide	Paroxetine	0.6166666666666667		N	False	False
DB15399	DB08896	BMS-754807	Regorafenib	0.6166666666666665		L	False	False
DB07841	DB01244	Geranylgeranyl diphosphate	Bepridil	0.6159663865546214		C	True	False
DB01782	DB00477	Pyrazolanthrone	Chlorpromazine	0.6157142857142857		N	False	False
DB07841	DB01088	Geranylgeranyl diphosphate	Iloprost	0.6154761904761905		B	False	False
DB00836	DB06595	Loperamide	Midostaurin	0.6144688644688645	A	L	False	False
DB08521	DB00939	4-[4-(4-Fluorophenyl)-2-[4-[(R)-methylsulfinyl]phenyl]-1H-imidazol-5-yl]pyridine	Meclofenamic acid	0.6142857142857141		M	False	False
DB00675	DB08877	Tamoxifen	Ruxolitinib	0.6142857142857141	L	L	False	False
DB00675	DB08895	Tamoxifen	Tofacitinib	0.6142857142857141	L	L	False	False
DB05266	DB00555	Ibudilast	Lamotrigine	0.6139880952380954	R	N	False	False
DB01205	DB02010	Flumazenil	Staurosporine	0.6137820512820511	V		False	False
DB00679	DB02010	Thioridazine	Staurosporine	0.6126855600539811	N		False	False
DB01388	DB00925	Mibefradil	Phenoxybenzamine	0.6121411483253589	C	C	True	False
DB04297	DB01388	Trichostatin A	Mibefradil	0.6118881118881119		C	False	False
DB04297	DB01069	Trichostatin A	Promethazine	0.6118881118881119		R, V, D	False	False
DB05134	DB00477	Tanespimycin	Chlorpromazine	0.6118012422360246		N	False	False
DB07594	DB00477	CCT-018159	Chlorpromazine	0.6118012422360246		N	False	False
DB02659	DB00436	Cholic Acid	Bendroflumethiazide	0.6117216117216118	A	C, G	False	False
DB08895	DB01119	Tofacitinib	Diazoxide	0.6111111111111112	L	C, V, G	False	False
DB08877	DB01119	Ruxolitinib	Diazoxide	0.6111111111111112	L	C, V, G	False	False
DB04599	DB01119	Aniracetam	Diazoxide	0.6111111111111112	N	C, V, G	False	False
DB08877	DB00436	Ruxolitinib	Bendroflumethiazide	0.6111111111111112	L	C, G	False	False
DB00679	DB08916	Thioridazine	Afatinib	0.6111111111111112	N	L	False	False
DB04513	DB00255	N-(6-Aminohexyl)-5-Chloro-1-Naphthalenesulfonamide	Diethylstilbestrol	0.6111111111111112		L, G	False	False
DB02116	DB00887	Olomoucine	Bumetanide	0.6111111111111112		C, G	False	False
DB08175	DB00831	(2E,4E)-11-METHOXY-3,7,11-TRIMETHYLDODECA-2,4-DIENOIC ACID	Trifluoperazine	0.6111111111111112		N	False	False
DB04513	DB00679	N-(6-Aminohexyl)-5-Chloro-1-Naphthalenesulfonamide	Thioridazine	0.6111111111111112		N	False	False
DB00436	DB08895	Bendroflumethiazide	Tofacitinib	0.6111111111111112	C, G	L	False	False
DB01205	DB00255	Flumazenil	Diethylstilbestrol	0.6111111111111112	V	L, G	False	False
DB04599	DB00887	Aniracetam	Bumetanide	0.6111111111111112	N	C, G	False	False
DB08756	DB00436	Y-27632	Bendroflumethiazide	0.6111111111111112		C, G	False	False
DB12500	DB00255	Fedratinib	Diethylstilbestrol	0.6111111111111109	L	L, G	False	False
DB01782	DB01388	Pyrazolanthrone	Mibefradil	0.6106060606060606		C	False	False
DB07557	DB01388	3,20-Pregnanedione	Mibefradil	0.6106060606060606		C	False	False
DB00210	DB01388	Adapalene	Mibefradil	0.6106060606060604	D	C	False	False
DB04513	DB00159	N-(6-Aminohexyl)-5-Chloro-1-Naphthalenesulfonamide	Icosapent	0.6103896103896103			False	False
DB00794	DB01013	Primidone	Clobetasol propionate	0.6102564102564103	N		False	False
DB12500	DB00794	Fedratinib	Primidone	0.6102564102564103	L	N	False	False
DB01115	DB00794	Nifedipine	Primidone	0.6097222222222223	C	N	False	False
DB01054	DB01205	Nitrendipine	Flumazenil	0.6095238095238094	C	V	False	False
DB05266	DB00715	Ibudilast	Paroxetine	0.6088235294117645	R	N	True	False
DB00818	DB00715	Propofol	Paroxetine	0.6088235294117645	N	N	True	False
DB01645	DB01388	Genistein	Mibefradil	0.6086829836829837		C	False	False
DB12695	DB01239	Phenethyl Isothiocyanate	Chlorprothixene	0.6086580086580087		N	False	False
DB01254	DB00679	Dasatinib	Thioridazine	0.6084457771114442	L	N	True	False
DB03010	DB01023	Patupilone	Felodipine	0.6083916083916083		C	False	False
DB06152	DB00555	Nylidrin	Lamotrigine	0.6076388888888888	C, G	N	False	False
DB06152	DB00715	Nylidrin	Paroxetine	0.6071428571428572	C, G	N	True	False
DB04513	DB07557	N-(6-Aminohexyl)-5-Chloro-1-Naphthalenesulfonamide	3,20-Pregnanedione	0.6071428571428572			False	False
DB04513	DB01622	N-(6-Aminohexyl)-5-Chloro-1-Naphthalenesulfonamide	Thioproperazine	0.6071428571428572		N	False	False
DB01100	DB07841	Pimozide	Geranylgeranyl diphosphate	0.6071428571428572	N		True	False
DB04297	DB00715	Trichostatin A	Paroxetine	0.6071428571428572		N	False	False
DB11781	DB00715	Tosedostat	Paroxetine	0.6071428571428572		N	False	False
DB07594	DB00715	CCT-018159	Paroxetine	0.6071428571428572		N	False	False
DB01782	DB07841	Pyrazolanthrone	Geranylgeranyl diphosphate	0.6071428571428572			False	False
DB05134	DB00715	Tanespimycin	Paroxetine	0.6071428571428572		N	False	False
DB00818	DB00159	Propofol	Icosapent	0.6068181818181819	N		True	False
DB12695	DB07780	Phenethyl Isothiocyanate	Farnesyl diphosphate	0.6064102564102565			False	False
DB00679	DB00436	Thioridazine	Bendroflumethiazide	0.6060606060606064	N	C, G	False	False
DB04946	DB01013	Iloperidone	Clobetasol propionate	0.606060606060606	N		False	False
DB00210	DB04946	Adapalene	Iloperidone	0.606060606060606	D	N	False	False
DB00800	DB00396	Fenoldopam	Progesterone	0.6055555555555554	C	G	False	False
DB04942	DB00159	Tamibarotene	Icosapent	0.6048951048951048			False	False
DB01115	DB08877	Nifedipine	Ruxolitinib	0.6041666666666667	C	L	False	False
DB01115	DB08895	Nifedipine	Tofacitinib	0.6041666666666667	C	L	False	False
DB04513	DB01239	N-(6-Aminohexyl)-5-Chloro-1-Naphthalenesulfonamide	Chlorprothixene	0.6038961038961042		N	False	False
DB00783	DB01239	Estradiol	Chlorprothixene	0.6038961038961039	G	N	False	False
DB00783	DB08895	Estradiol	Tofacitinib	0.6038961038961037	G	L	False	False
DB08877	DB00783	Ruxolitinib	Estradiol	0.6038961038961037	L	G	False	False
DB08756	DB00783	Y-27632	Estradiol	0.6038961038961037		G	False	False
DB00630	DB00800	Alendronic acid	Fenoldopam	0.6038461538461537	M	C	False	False
DB01118	DB04942	Amiodarone	Tamibarotene	0.6031746031746033	C		False	False
DB02587	DB01254	Colforsin	Dasatinib	0.6028582930756845		L	False	False
DB08756	DB00210	Y-27632	Adapalene	0.6025641025641026		D	False	False
DB00783	DB00800	Estradiol	Fenoldopam	0.6023809523809525	G	C	False	False
DB00508	DB01388	Triflupromazine	Mibefradil	0.6022727272727273	N	C	False	False
DB04513	DB00875	N-(6-Aminohexyl)-5-Chloro-1-Naphthalenesulfonamide	Flupentixol	0.6022727272727273		N	False	False
DB08059	DB01388	Wortmannin	Mibefradil	0.6022727272727273		C	False	False
DB02587	DB07780	Colforsin	Farnesyl diphosphate	0.6022727272727273			False	False
DB08896	DB00255	Regorafenib	Diethylstilbestrol	0.6018518518518519	L	L, G	False	False
DB08912	DB00255	Dabrafenib	Diethylstilbestrol	0.6015873015873017	L	L, G	False	False
DB00630	DB00477	Alendronic acid	Chlorpromazine	0.6010989010989012	M	N	False	False
DB00831	DB07841	Trifluoperazine	Geranylgeranyl diphosphate	0.6007326007326008	N		False	False
DB01069	DB00459	Promethazine	Acitretin	0.6002886002886003	R, V, D	D	False	False
DB06195	DB01069	Seliciclib	Promethazine	0.6002886002886003		R, V, D	False	False
DB00396	DB05266	Progesterone	Ibudilast	0.6000000000000001	G	R	False	False
DB05134	DB04513	Tanespimycin	N-(6-Aminohexyl)-5-Chloro-1-Naphthalenesulfonamide	0.6000000000000001			False	False
DB00622	DB00939	Nicardipine	Meclofenamic acid	0.6000000000000001	C	M	False	False
DB08916	DB07780	Afatinib	Farnesyl diphosphate	0.6000000000000001	L		False	False
DB15399	DB04513	BMS-754807	N-(6-Aminohexyl)-5-Chloro-1-Naphthalenesulfonamide	0.6000000000000001			False	False
DB08521	DB08916	4-[4-(4-Fluorophenyl)-2-[4-[(R)-methylsulfinyl]phenyl]-1H-imidazol-5-yl]pyridine	Afatinib	0.6000000000000001		L	False	False
DB08521	DB01092	4-[4-(4-Fluorophenyl)-2-[4-[(R)-methylsulfinyl]phenyl]-1H-imidazol-5-yl]pyridine	Ouabain	0.6000000000000001		C	False	False
DB08521	DB04513	4-[4-(4-Fluorophenyl)-2-[4-[(R)-methylsulfinyl]phenyl]-1H-imidazol-5-yl]pyridine	N-(6-Aminohexyl)-5-Chloro-1-Naphthalenesulfonamide	0.6000000000000001			False	False
DB00630	DB00794	Alendronic acid	Primidone	0.6000000000000001	M	N	False	False
DB02546	DB00939	Vorinostat	Meclofenamic acid	0.6000000000000001	L	M	False	False
DB05266	DB00818	Ibudilast	Propofol	0.6000000000000001	R	N	True	False
DB00887	DB00939	Bumetanide	Meclofenamic acid	0.6000000000000001	C, G	M	False	False
DB08597	DB07863	Dorsomorphin	2-chloro-5-nitro-N-phenylbenzamide	0.6000000000000001			False	False
DB07594	DB04513	CCT-018159	N-(6-Aminohexyl)-5-Chloro-1-Naphthalenesulfonamide	0.6000000000000001			False	False
DB00436	DB00939	Bendroflumethiazide	Meclofenamic acid	0.6000000000000001	C, G	M	False	False
DB00675	DB00939	Tamoxifen	Meclofenamic acid	0.6000000000000001	L	M	False	False
DB08912	DB05266	Dabrafenib	Ibudilast	0.6000000000000001	L	R	False	False
DB00396	DB00818	Progesterone	Propofol	0.6000000000000001	G	N	False	False
DB00630	DB00818	Alendronic acid	Propofol	0.6000000000000001	M	N	True	False
DB08896	DB00715	Regorafenib	Paroxetine	0.5999999999999999	L	N	False	False
DB00850	DB12695	Perphenazine	Phenethyl Isothiocyanate	0.5999999999999999	N		False	False
DB00794	DB00436	Primidone	Bendroflumethiazide	0.5999999999999999	N	C, G	True	False
DB00436	DB00555	Bendroflumethiazide	Lamotrigine	0.5997023809523809	C, G	N	False	False
DB06486	DB00459	Enzastaurin	Acitretin	0.599404761904762		D	False	False
DB06486	DB01239	Enzastaurin	Chlorprothixene	0.597787081339713		N	False	False
DB01239	DB00925	Chlorprothixene	Phenoxybenzamine	0.597787081339713	N	C	False	False
DB01118	DB00818	Amiodarone	Propofol	0.5976190476190477	C	N	False	False
DB01054	DB03010	Nitrendipine	Patupilone	0.5974025974025974	C		False	False
DB00588	DB00436	Fluticasone propionate	Bendroflumethiazide	0.5972222222222223		C, G	True	False
DB00313	DB07780	Valproic acid	Farnesyl diphosphate	0.5972222222222223	N		True	False
DB00313	DB00875	Valproic acid	Flupentixol	0.5972222222222223	N	N	True	False
DB08896	DB01239	Regorafenib	Chlorprothixene	0.5969174503657262	L	N	False	False
DB00477	DB00255	Chlorpromazine	Diethylstilbestrol	0.5968253968253969	N	L, G	False	False
DB08896	DB07780	Regorafenib	Farnesyl diphosphate	0.5966666666666665	L		False	False
DB07863	DB00393	2-chloro-5-nitro-N-phenylbenzamide	Nimodipine	0.5961538461538463		C	False	False
DB00679	DB00794	Thioridazine	Primidone	0.5958333333333332	N	N	False	False
DB00622	DB08896	Nicardipine	Regorafenib	0.5954545454545457	C	L	False	False
DB13956	DB00715	Estradiol valerate	Paroxetine	0.5954545454545455		N	False	False
DB13954	DB00715	Estradiol cypionate	Paroxetine	0.5954545454545455		N	False	False
DB06195	DB01205	Seliciclib	Flumazenil	0.5952380952380953		V	False	False
DB00836	DB02659	Loperamide	Cholic Acid	0.5952380952380953	A	A	False	False
DB01205	DB00459	Flumazenil	Acitretin	0.5952380952380953	V	D	False	False
DB08521	DB00459	4-[4-(4-Fluorophenyl)-2-[4-[(R)-methylsulfinyl]phenyl]-1H-imidazol-5-yl]pyridine	Acitretin	0.5952380952380953		D	False	False
DB00887	DB00459	Bumetanide	Acitretin	0.5952380952380951	C, G	D	False	False
DB00508	DB00459	Triflupromazine	Acitretin	0.5952380952380951	N	D	False	False
DB00459	DB00568	Acitretin	Cinnarizine	0.5952380952380951	D	N	False	False
DB01205	DB00568	Flumazenil	Cinnarizine	0.5952380952380949	V	N	False	False
DB01023	DB08895	Felodipine	Tofacitinib	0.595022624434389	C	L	False	False
DB02116	DB01023	Olomoucine	Felodipine	0.595022624434389		C	False	False
DB08877	DB01023	Ruxolitinib	Felodipine	0.595022624434389	L	C	False	False
DB07841	DB00159	Geranylgeranyl diphosphate	Icosapent	0.5945165945165942			False	False
DB00800	DB01023	Fenoldopam	Felodipine	0.5943223443223444	C	C	False	False
DB01069	DB08895	Promethazine	Tofacitinib	0.593939393939394	R, V, D	L	False	False
DB08756	DB01069	Y-27632	Promethazine	0.593939393939394		R, V, D	False	False
DB08877	DB01069	Ruxolitinib	Promethazine	0.593939393939394	L	R, V, D	False	False
DB08073	DB01069	(2S)-1-(1H-INDOL-3-YL)-3-{[5-(3-METHYL-1H-INDAZOL-5-YL)PYRIDIN-3-YL]OXY}PROPAN-2-AMINE	Promethazine	0.593939393939394		R, V, D	False	False
DB07859	DB01069	4-(4-CHLOROPHENYL)-4-[4-(1H-PYRAZOL-4-YL)PHENYL]PIPERIDINE	Promethazine	0.593939393939394		R, V, D	False	False
DB00588	DB00555	Fluticasone propionate	Lamotrigine	0.59375		N	False	False
DB08059	DB00555	Wortmannin	Lamotrigine	0.59375		N	False	False
DB12695	DB05266	Phenethyl Isothiocyanate	Ibudilast	0.5933333333333335		R	False	False
DB00850	DB02010	Perphenazine	Staurosporine	0.5929487179487181	N		False	False
DB01622	DB00794	Thioproperazine	Primidone	0.5928571428571427	N	N	True	False
DB07557	DB00794	3,20-Pregnanedione	Primidone	0.5928571428571427		N	False	False
DB08175	DB01254	(2E,4E)-11-METHOXY-3,7,11-TRIMETHYLDODECA-2,4-DIENOIC ACID	Dasatinib	0.5925306577480491		L	False	False
DB08912	DB01205	Dabrafenib	Flumazenil	0.5916666666666668	L	V	False	False
DB01645	DB00477	Genistein	Chlorpromazine	0.5911441499676795		N	False	False
DB07557	DB02659	3,20-Pregnanedione	Cholic Acid	0.5909523809523809		A	False	False
DB00210	DB00939	Adapalene	Meclofenamic acid	0.5904761904761906	D	M	False	False
DB00313	DB01239	Valproic acid	Chlorprothixene	0.5904040404040403	N	N	False	False
DB00313	DB00800	Valproic acid	Fenoldopam	0.5898692810457518	N	C	False	False
DB01069	DB00818	Promethazine	Propofol	0.5897727272727273	R, V, D	N	False	False
DB08912	DB01388	Dabrafenib	Mibefradil	0.5897727272727273	L	C	False	False
DB15399	DB01645	BMS-754807	Genistein	0.5897435897435899			False	False
DB00831	DB07780	Trifluoperazine	Farnesyl diphosphate	0.5897435897435896	N		False	False
DB01016	DB08896	Glyburide	Regorafenib	0.5897435897435896	A	L	False	False
DB01782	DB04946	Pyrazolanthrone	Iloperidone	0.5893939393939396		N	False	False
DB02587	DB01118	Colforsin	Amiodarone	0.5892857142857144		C	False	False
DB08080	DB02659	Latrunculin B	Cholic Acid	0.5892857142857144		A	False	False
DB08059	DB01118	Wortmannin	Amiodarone	0.5892857142857144		C	False	False
DB04513	DB00588	N-(6-Aminohexyl)-5-Chloro-1-Naphthalenesulfonamide	Fluticasone propionate	0.5892857142857142			False	False
DB01092	DB00588	Ouabain	Fluticasone propionate	0.5892857142857142	C		False	False
DB04513	DB08059	N-(6-Aminohexyl)-5-Chloro-1-Naphthalenesulfonamide	Wortmannin	0.5892857142857142			False	False
DB12695	DB01388	Phenethyl Isothiocyanate	Mibefradil	0.5891774891774892		C	False	False
DB01013	DB00925	Clobetasol propionate	Phenoxybenzamine	0.5890151515151516		C	False	False
DB01118	DB01239	Amiodarone	Chlorprothixene	0.5880230880230879	C	N	True	False
DB06486	DB00715	Enzastaurin	Paroxetine	0.5874999999999999		N	False	False
DB15399	DB01115	BMS-754807	Nifedipine	0.5874999999999999		C	False	False
DB01115	DB02546	Nifedipine	Vorinostat	0.5874999999999999	C	L	True	False
DB06152	DB01239	Nylidrin	Chlorprothixene	0.5874125874125875	C, G	N	True	False
DB00508	DB00255	Triflupromazine	Diethylstilbestrol	0.5873015873015872	N	L, G	False	False
DB15399	DB01023	BMS-754807	Felodipine	0.5871794871794871		C	False	False
DB02010	DB00800	Staurosporine	Fenoldopam	0.5869963369963369		C	False	False
DB07859	DB13956	4-(4-CHLOROPHENYL)-4-[4-(1H-PYRAZOL-4-YL)PHENYL]PIPERIDINE	Estradiol valerate	0.5857142857142859			False	False
DB07859	DB13954	4-(4-CHLOROPHENYL)-4-[4-(1H-PYRAZOL-4-YL)PHENYL]PIPERIDINE	Estradiol cypionate	0.5857142857142859			False	False
DB08073	DB13956	(2S)-1-(1H-INDOL-3-YL)-3-{[5-(3-METHYL-1H-INDAZOL-5-YL)PYRIDIN-3-YL]OXY}PROPAN-2-AMINE	Estradiol valerate	0.5857142857142859			False	False
DB08073	DB13954	(2S)-1-(1H-INDOL-3-YL)-3-{[5-(3-METHYL-1H-INDAZOL-5-YL)PYRIDIN-3-YL]OXY}PROPAN-2-AMINE	Estradiol cypionate	0.5857142857142859			False	False
DB08073	DB00477	(2S)-1-(1H-INDOL-3-YL)-3-{[5-(3-METHYL-1H-INDAZOL-5-YL)PYRIDIN-3-YL]OXY}PROPAN-2-AMINE	Chlorpromazine	0.5857142857142856		N	False	False
DB00210	DB00477	Adapalene	Chlorpromazine	0.5857142857142856	D	N	False	False
DB07859	DB00477	4-(4-CHLOROPHENYL)-4-[4-(1H-PYRAZOL-4-YL)PHENYL]PIPERIDINE	Chlorpromazine	0.5857142857142856		N	False	False
DB01092	DB00783	Ouabain	Estradiol	0.5857142857142856	C	G	False	False
DB04946	DB00436	Iloperidone	Bendroflumethiazide	0.5852272727272727	N	C, G	False	False
DB02659	DB01248	Cholic Acid	Docetaxel	0.5846560846560847	A	L	False	False
DB02659	DB01229	Cholic Acid	Paclitaxel	0.5846560846560847	A	L	False	False
DB01092	DB01069	Ouabain	Promethazine	0.5844155844155845	C	R, V, D	False	False
DB02010	DB00925	Staurosporine	Phenoxybenzamine	0.5840201465201464		C	False	False
DB00201	DB00818	Caffeine	Propofol	0.5838345864661654	R, V, N	N	False	False
DB08912	DB00925	Dabrafenib	Phenoxybenzamine	0.5836538461538463	L	C	False	False
DB06486	DB00818	Enzastaurin	Propofol	0.5836538461538463		N	False	False
DB01782	DB00800	Pyrazolanthrone	Fenoldopam	0.5833333333333335		C	False	False
DB01782	DB12500	Pyrazolanthrone	Fedratinib	0.5833333333333335		L	False	False
DB08175	DB00887	(2E,4E)-11-METHOXY-3,7,11-TRIMETHYLDODECA-2,4-DIENOIC ACID	Bumetanide	0.5833333333333335		C, G	False	False
DB07594	DB00679	CCT-018159	Thioridazine	0.5833333333333335		N	False	False
DB00715	DB01013	Paroxetine	Clobetasol propionate	0.5833333333333335	N		False	False
DB11781	DB01622	Tosedostat	Thioproperazine	0.5833333333333335		N	False	False
DB11781	DB00679	Tosedostat	Thioridazine	0.5833333333333335		N	False	False
DB07557	DB00436	3,20-Pregnanedione	Bendroflumethiazide	0.5833333333333335		C, G	False	False
DB07557	DB12093	3,20-Pregnanedione	Tetrahydropalmatine	0.5833333333333335			False	False
DB01782	DB12093	Pyrazolanthrone	Tetrahydropalmatine	0.5833333333333335			False	False
DB07780	DB00436	Farnesyl diphosphate	Bendroflumethiazide	0.5833333333333335		C, G	False	False
DB01088	DB00588	Iloprost	Fluticasone propionate	0.5833333333333335	B		False	False
DB01248	DB00679	Docetaxel	Thioridazine	0.5833333333333335	L	N	False	False
DB05134	DB00679	Tanespimycin	Thioridazine	0.5833333333333335		N	False	False
DB00679	DB01229	Thioridazine	Paclitaxel	0.5833333333333335	N	L	True	False
DB12500	DB00436	Fedratinib	Bendroflumethiazide	0.5833333333333335	L	C, G	False	False
DB12500	DB07557	Fedratinib	3,20-Pregnanedione	0.5833333333333335	L		False	False
DB02424	DB01622	Geldanamycin	Thioproperazine	0.5833333333333335		N	False	False
DB02424	DB00800	Geldanamycin	Fenoldopam	0.5833333333333335		C	False	False
DB01622	DB01013	Thioproperazine	Clobetasol propionate	0.5833333333333335	N		False	False
DB01782	DB08175	Pyrazolanthrone	(2E,4E)-11-METHOXY-3,7,11-TRIMETHYLDODECA-2,4-DIENOIC ACID	0.5833333333333335			False	False
DB01782	DB01013	Pyrazolanthrone	Clobetasol propionate	0.5833333333333335			False	False
DB12500	DB00508	Fedratinib	Triflupromazine	0.5833333333333335	L	N	False	False
DB08756	DB00800	Y-27632	Fenoldopam	0.5833333333333333		C	False	False
DB07859	DB00800	4-(4-CHLOROPHENYL)-4-[4-(1H-PYRAZOL-4-YL)PHENYL]PIPERIDINE	Fenoldopam	0.5833333333333333		C	False	False
DB00831	DB06595	Trifluoperazine	Midostaurin	0.5833333333333333	N	L	False	False
DB08073	DB00800	(2S)-1-(1H-INDOL-3-YL)-3-{[5-(3-METHYL-1H-INDAZOL-5-YL)PYRIDIN-3-YL]OXY}PROPAN-2-AMINE	Fenoldopam	0.5833333333333333		C	False	False
DB00555	DB00255	Lamotrigine	Diethylstilbestrol	0.5831944444444443	N	L, G	False	False
DB02587	DB02010	Colforsin	Staurosporine	0.5831447963800904			False	False
DB02659	DB13345	Cholic Acid	Dihydroergocristine	0.5809523809523811	A	C	False	False
DB00630	DB02659	Alendronic acid	Cholic Acid	0.5809523809523809	M	A	False	False
DB15399	DB00255	BMS-754807	Diethylstilbestrol	0.5808080808080809		L, G	False	False
DB00630	DB01239	Alendronic acid	Chlorprothixene	0.5806818181818181	M	N	False	False
DB00201	DB01205	Caffeine	Flumazenil	0.5805322128851542	R, V, N	V	False	False
DB01054	DB06486	Nitrendipine	Enzastaurin	0.5803571428571428	C		False	False
DB01622	DB01023	Thioproperazine	Felodipine	0.5803167420814477	N	C	True	False
DB12500	DB01239	Fedratinib	Chlorprothixene	0.5800865800865802	L	N	False	False
DB03010	DB01088	Patupilone	Iloprost	0.5795454545454546		B	False	False
DB08912	DB01088	Dabrafenib	Iloprost	0.5788461538461538	L	B	False	False
DB01054	DB00794	Nitrendipine	Primidone	0.5781512605042018	C	N	False	False
DB12695	DB00715	Phenethyl Isothiocyanate	Paroxetine	0.5780701754385964		N	False	False
DB01054	DB02010	Nitrendipine	Staurosporine	0.5774725274725272	C		False	False
DB12500	DB00477	Fedratinib	Chlorpromazine	0.5773809523809523	L	N	False	False
DB01069	DB02659	Promethazine	Cholic Acid	0.5769751082251082	R, V, D	A	False	False
DB04149	DB00568	(R)-Rolipram	Cinnarizine	0.5769230769230771		N	False	False
DB06152	DB02659	Nylidrin	Cholic Acid	0.5766045548654244	C, G	A	False	False
DB02659	DB00353	Cholic Acid	Methylergometrine	0.5766045548654244	A	G	False	False
DB01645	DB06595	Genistein	Midostaurin	0.5765856950067478		L	False	False
DB00393	DB00925	Nimodipine	Phenoxybenzamine	0.5763888888888888	C	C	True	False
DB01054	DB08175	Nitrendipine	(2E,4E)-11-METHOXY-3,7,11-TRIMETHYLDODECA-2,4-DIENOIC ACID	0.5761904761904764	C		False	False
DB07557	DB08896	3,20-Pregnanedione	Regorafenib	0.5757575757575757		L	False	False
DB01388	DB00477	Mibefradil	Chlorpromazine	0.5754870129870131	C	N	True	False
DB01016	DB04946	Glyburide	Iloperidone	0.5753588516746413	A	N	False	False
DB00675	DB01239	Tamoxifen	Chlorprothixene	0.5753246753246755	L	N	True	False
DB04297	DB00875	Trichostatin A	Flupentixol	0.5750000000000002		N	False	False
DB11781	DB00875	Tosedostat	Flupentixol	0.5750000000000002		N	False	False
DB06152	DB00875	Nylidrin	Flupentixol	0.5750000000000002	C, G	N	False	False
DB02587	DB00794	Colforsin	Primidone	0.575		N	False	False
DB00630	DB00588	Alendronic acid	Fluticasone propionate	0.575	M		False	False
DB02587	DB00630	Colforsin	Alendronic acid	0.575		M	False	False
DB13954	DB01388	Estradiol cypionate	Mibefradil	0.5748917748917748		C	False	False
DB13956	DB01388	Estradiol valerate	Mibefradil	0.5748917748917748		C	False	False
DB01782	DB01054	Pyrazolanthrone	Nitrendipine	0.5746753246753245		C	False	False
DB02010	DB04946	Staurosporine	Iloperidone	0.574009324009324		N	False	False
DB08916	DB00925	Afatinib	Phenoxybenzamine	0.5738636363636365	L	C	False	False
DB00622	DB06595	Nicardipine	Midostaurin	0.573809523809524	C	L	False	False
DB07841	DB08896	Geranylgeranyl diphosphate	Regorafenib	0.5738095238095238		L	False	False
DB07594	DB01069	CCT-018159	Promethazine	0.5734265734265735		R, V, D	False	False
DB05134	DB01069	Tanespimycin	Promethazine	0.5734265734265735		R, V, D	False	False
DB06486	DB00555	Enzastaurin	Lamotrigine	0.5729166666666667		N	False	False
DB01645	DB00555	Genistein	Lamotrigine	0.5728614058355439		N	False	False
DB00396	DB04946	Progesterone	Iloperidone	0.5727272727272728	G	N	False	False
DB04946	DB00818	Iloperidone	Propofol	0.5727272727272728	N	N	False	False
DB08756	DB04946	Y-27632	Iloperidone	0.5727272727272728		N	False	False
DB02116	DB04946	Olomoucine	Iloperidone	0.5727272727272728		N	False	False
DB08912	DB04946	Dabrafenib	Iloperidone	0.5727272727272728	L	N	False	False
DB01092	DB00568	Ouabain	Cinnarizine	0.5714285714285716	C	N	False	False
DB01054	DB06195	Nitrendipine	Seliciclib	0.5714285714285716	C		False	False
DB00836	DB00459	Loperamide	Acitretin	0.5714285714285714	A	D	False	False
DB01092	DB02116	Ouabain	Olomoucine	0.5714285714285714	C		False	False
DB07863	DB08073	2-chloro-5-nitro-N-phenylbenzamide	(2S)-1-(1H-INDOL-3-YL)-3-{[5-(3-METHYL-1H-INDAZOL-5-YL)PYRIDIN-3-YL]OXY}PROPAN-2-AMINE	0.5714285714285714			False	False
DB02116	DB08916	Olomoucine	Afatinib	0.5714285714285714		L	False	False
DB07863	DB07859	2-chloro-5-nitro-N-phenylbenzamide	4-(4-CHLOROPHENYL)-4-[4-(1H-PYRAZOL-4-YL)PHENYL]PIPERIDINE	0.5714285714285714			False	False
DB13956	DB00925	Estradiol valerate	Phenoxybenzamine	0.5708333333333333		C	False	False
DB13954	DB00925	Estradiol cypionate	Phenoxybenzamine	0.5708333333333333		C	False	False
DB00159	DB07780	Icosapent	Farnesyl diphosphate	0.5707070707070705			False	False
DB01069	DB00794	Promethazine	Primidone	0.57012987012987	R, V, D	N	False	False
DB00622	DB00588	Nicardipine	Fluticasone propionate	0.5697368421052631	C		False	False
DB04513	DB13954	N-(6-Aminohexyl)-5-Chloro-1-Naphthalenesulfonamide	Estradiol cypionate	0.5692307692307692			False	False
DB01092	DB00396	Ouabain	Progesterone	0.5692307692307692	C	G	False	False
DB04513	DB13956	N-(6-Aminohexyl)-5-Chloro-1-Naphthalenesulfonamide	Estradiol valerate	0.5692307692307692			False	False
DB07557	DB00555	3,20-Pregnanedione	Lamotrigine	0.5687500000000001		N	False	False
DB01782	DB01239	Pyrazolanthrone	Chlorprothixene	0.5681818181818183		N	False	False
DB01016	DB01239	Glyburide	Chlorprothixene	0.5681818181818183	A	N	False	False
DB01239	DB00436	Chlorprothixene	Bendroflumethiazide	0.5681818181818183	N	C, G	False	False
DB01100	DB07780	Pimozide	Farnesyl diphosphate	0.5681818181818181	N		True	False
DB07557	DB07780	3,20-Pregnanedione	Farnesyl diphosphate	0.5681818181818181			False	False
DB01782	DB07780	Pyrazolanthrone	Farnesyl diphosphate	0.5681818181818181			False	False
DB04513	DB01016	N-(6-Aminohexyl)-5-Chloro-1-Naphthalenesulfonamide	Glyburide	0.5681818181818181		A	False	False
DB00393	DB00477	Nimodipine	Chlorpromazine	0.5679723502304146	C	N	True	False
DB00630	DB00715	Alendronic acid	Paroxetine	0.5676470588235294	M	N	False	False
DB00630	DB01645	Alendronic acid	Genistein	0.5675213675213675	M		False	False
DB00675	DB05266	Tamoxifen	Ibudilast	0.5666666666666669	L	R	False	False
DB05266	DB01244	Ibudilast	Bepridil	0.5666666666666669	R	C	False	False
DB01248	DB00939	Docetaxel	Meclofenamic acid	0.5666666666666667	L	M	False	False
DB08756	DB02546	Y-27632	Vorinostat	0.5666666666666667		L	False	False
DB02546	DB01205	Vorinostat	Flumazenil	0.5666666666666667	L	V	False	False
DB01229	DB00939	Paclitaxel	Meclofenamic acid	0.5666666666666667	L	M	False	False
DB08877	DB00831	Ruxolitinib	Trifluoperazine	0.5666666666666664	L	N	False	False
DB00831	DB08895	Trifluoperazine	Tofacitinib	0.5666666666666664	N	L	False	False
DB08896	DB12093	Regorafenib	Tetrahydropalmatine	0.5666666666666664	L		False	False
DB08073	DB00459	(2S)-1-(1H-INDOL-3-YL)-3-{[5-(3-METHYL-1H-INDAZOL-5-YL)PYRIDIN-3-YL]OXY}PROPAN-2-AMINE	Acitretin	0.5649350649350651		D	False	False
DB07859	DB00459	4-(4-CHLOROPHENYL)-4-[4-(1H-PYRAZOL-4-YL)PHENYL]PIPERIDINE	Acitretin	0.5649350649350651		D	False	False
DB06152	DB00622	Nylidrin	Nicardipine	0.564705882352941	C, G	C	False	False
DB01115	DB05266	Nifedipine	Ibudilast	0.5644230769230771	C	R	True	False
DB01205	DB01088	Flumazenil	Iloprost	0.5643939393939394	V	B	False	False
DB08896	DB00588	Regorafenib	Fluticasone propionate	0.5643939393939392	L		False	False
DB01388	DB00715	Mibefradil	Paroxetine	0.5642292490118577	C	N	False	False
DB00622	DB06486	Nicardipine	Enzastaurin	0.5635869565217391	C		False	False
DB02587	DB03010	Colforsin	Patupilone	0.562878787878788			False	False
DB03010	DB00588	Patupilone	Fluticasone propionate	0.562878787878788			False	False
DB07557	DB00280	3,20-Pregnanedione	Disopyramide	0.5625		C	False	False
DB08877	DB00280	Ruxolitinib	Disopyramide	0.5625	L	C	False	False
DB00280	DB07780	Disopyramide	Farnesyl diphosphate	0.5625	C		True	False
DB00800	DB01088	Fenoldopam	Iloprost	0.5625	C	B	False	False
DB15399	DB00280	BMS-754807	Disopyramide	0.5625		C	False	False
DB01088	DB00875	Iloprost	Flupentixol	0.5625	B	N	False	False
DB06486	DB00800	Enzastaurin	Fenoldopam	0.5625		C	False	False
DB01092	DB00280	Ouabain	Disopyramide	0.5625	C	C	False	False
DB00280	DB08895	Disopyramide	Tofacitinib	0.5625	C	L	False	False
DB08597	DB00280	Dorsomorphin	Disopyramide	0.5625		C	False	False
DB02587	DB06486	Colforsin	Enzastaurin	0.5625			False	False
DB00850	DB00459	Perphenazine	Acitretin	0.5619047619047619	N	D	False	False
DB00836	DB08912	Loperamide	Dabrafenib	0.5619047619047619	A	L	False	False
DB00850	DB06195	Perphenazine	Seliciclib	0.5619047619047619	N		False	False
DB08175	DB00836	(2E,4E)-11-METHOXY-3,7,11-TRIMETHYLDODECA-2,4-DIENOIC ACID	Loperamide	0.5619047619047619		A	False	False
DB02424	DB00459	Geldanamycin	Acitretin	0.5619047619047619		D	False	False
DB00800	DB01244	Fenoldopam	Bepridil	0.5611111111111111	C	C	False	False
DB01092	DB00201	Ouabain	Caffeine	0.5609243697478992	C	R, V, N	False	False
DB01388	DB01013	Mibefradil	Clobetasol propionate	0.5606060606060606	C		False	False
DB12695	DB00794	Phenethyl Isothiocyanate	Primidone	0.5606060606060606		N	False	False
DB01254	DB00925	Dasatinib	Phenoxybenzamine	0.5602208976157084	L	C	False	False
DB02659	DB00459	Cholic Acid	Acitretin	0.5595238095238095	A	D	False	False
DB00201	DB00459	Caffeine	Acitretin	0.5595238095238095	R, V, N	D	False	False
DB07557	DB01205	3,20-Pregnanedione	Flumazenil	0.5595238095238093		V	False	False
DB03010	DB01244	Patupilone	Bepridil	0.5593073593073592		C	False	False
DB04513	DB04946	N-(6-Aminohexyl)-5-Chloro-1-Naphthalenesulfonamide	Iloperidone	0.5584415584415585		N	False	False
DB00783	DB04946	Estradiol	Iloperidone	0.5584415584415585	G	N	False	False
DB01239	DB06595	Chlorprothixene	Midostaurin	0.5583778966131907	N	L	False	False
DB01118	DB03010	Amiodarone	Patupilone	0.5577200577200578	C		False	False
DB00800	DB00482	Fenoldopam	Celecoxib	0.5576923076923075	C	M, C, G, L	False	False
DB00800	DB01119	Fenoldopam	Diazoxide	0.5576923076923075	C	C, V, G	False	False
DB00794	DB13345	Primidone	Dihydroergocristine	0.5571428571428572	N	C	False	False
DB01388	DB00555	Mibefradil	Lamotrigine	0.5571338383838385	C	N	False	False
DB08059	DB00159	Wortmannin	Icosapent	0.5568181818181817			False	False
DB08912	DB01645	Dabrafenib	Genistein	0.5564102564102564	L		False	False
DB12500	DB00313	Fedratinib	Valproic acid	0.5555555555555556	L	N	False	False
DB00831	DB01205	Trifluoperazine	Flumazenil	0.5555555555555556	N	V	False	False
DB04513	DB00313	N-(6-Aminohexyl)-5-Chloro-1-Naphthalenesulfonamide	Valproic acid	0.5555555555555556		N	False	False
DB15399	DB07780	BMS-754807	Farnesyl diphosphate	0.5555555555555556			False	False
DB01092	DB00313	Ouabain	Valproic acid	0.5555555555555556	C	N	False	False
DB00568	DB07780	Cinnarizine	Farnesyl diphosphate	0.5555555555555554	N		True	False
DB00393	DB01016	Nimodipine	Glyburide	0.5555555555555554	C	A	True	False
DB07863	DB00831	2-chloro-5-nitro-N-phenylbenzamide	Trifluoperazine	0.5555555555555554		N	False	False
DB01622	DB01118	Thioproperazine	Amiodarone	0.5551948051948052	N	C	True	False
DB05984	DB02659	RAF-265	Cholic Acid	0.5548654244306417		A	False	False
DB00836	DB00159	Loperamide	Icosapent	0.5548340548340549	A		True	False
DB01115	DB07780	Nifedipine	Farnesyl diphosphate	0.5541666666666667	C		True	False
DB00850	DB01254	Perphenazine	Dasatinib	0.5540691192865106	N	L	False	False
DB02546	DB01023	Vorinostat	Felodipine	0.5538461538461539	L	C	True	False
DB15399	DB00201	BMS-754807	Caffeine	0.5535714285714286		R, V, N	False	False
DB08073	DB08896	(2S)-1-(1H-INDOL-3-YL)-3-{[5-(3-METHYL-1H-INDAZOL-5-YL)PYRIDIN-3-YL]OXY}PROPAN-2-AMINE	Regorafenib	0.553030303030303		L	False	False
DB07859	DB08896	4-(4-CHLOROPHENYL)-4-[4-(1H-PYRAZOL-4-YL)PHENYL]PIPERIDINE	Regorafenib	0.553030303030303		L	False	False
DB08756	DB08896	Y-27632	Regorafenib	0.553030303030303		L	False	False
DB00588	DB00939	Fluticasone propionate	Meclofenamic acid	0.5527777777777776		M	True	False
DB08059	DB00939	Wortmannin	Meclofenamic acid	0.5527777777777776		M	False	False
DB01205	DB00783	Flumazenil	Estradiol	0.5523809523809524	V	G	False	False
DB06486	DB04946	Enzastaurin	Iloperidone	0.5523325358851674		N	False	False
DB00630	DB01069	Alendronic acid	Promethazine	0.5522727272727272	M	R, V, D	False	False
DB11781	DB00555	Tosedostat	Lamotrigine	0.5520833333333335		N	False	False
DB01013	DB00555	Clobetasol propionate	Lamotrigine	0.5520833333333335		N	False	False
DB00210	DB00555	Adapalene	Lamotrigine	0.5520833333333335	D	N	False	False
DB15399	DB02010	BMS-754807	Staurosporine	0.5512820512820513			False	False
DB00800	DB12695	Fenoldopam	Phenethyl Isothiocyanate	0.5512578616352202	C		False	False
DB01118	DB08896	Amiodarone	Regorafenib	0.5509523809523809	C	L	False	False
DB04513	DB08912	N-(6-Aminohexyl)-5-Chloro-1-Naphthalenesulfonamide	Dabrafenib	0.55		L	False	False
DB13956	DB12093	Estradiol valerate	Tetrahydropalmatine	0.55			False	False
DB01782	DB00622	Pyrazolanthrone	Nicardipine	0.55		C	False	False
DB01622	DB00818	Thioproperazine	Propofol	0.55	N	N	True	False
DB08912	DB01622	Dabrafenib	Thioproperazine	0.55	L	N	False	False
DB01100	DB05266	Pimozide	Ibudilast	0.55	N	R	False	False
DB08080	DB00818	Latrunculin B	Propofol	0.55		N	False	False
DB00622	DB00210	Nicardipine	Adapalene	0.55	C	D	False	False
DB00396	DB00715	Progesterone	Paroxetine	0.55	G	N	False	False
DB01782	DB05266	Pyrazolanthrone	Ibudilast	0.55		R	False	False
DB04513	DB00818	N-(6-Aminohexyl)-5-Chloro-1-Naphthalenesulfonamide	Propofol	0.55		N	False	False
DB13954	DB12093	Estradiol cypionate	Tetrahydropalmatine	0.55			False	False
DB01622	DB00396	Thioproperazine	Progesterone	0.55	N	G	False	False
DB08912	DB00715	Dabrafenib	Paroxetine	0.55	L	N	False	False
DB01782	DB00818	Pyrazolanthrone	Propofol	0.55		N	False	False
DB00568	DB00818	Cinnarizine	Propofol	0.55	N	N	True	False
DB01092	DB08912	Ouabain	Dabrafenib	0.55	C	L	False	False
DB01016	DB07780	Glyburide	Farnesyl diphosphate	0.55	A		False	False
DB00622	DB00436	Nicardipine	Bendroflumethiazide	0.55	C	C, G	False	False
DB01016	DB12093	Glyburide	Tetrahydropalmatine	0.5499999999999998	A		True	False
DB01016	DB00715	Glyburide	Paroxetine	0.5499999999999998	A	N	True	False
DB00622	DB00630	Nicardipine	Alendronic acid	0.5499999999999998	C	M	False	False
DB01088	DB01013	Iloprost	Clobetasol propionate	0.5492424242424243	B		False	False
DB12500	DB01088	Fedratinib	Iloprost	0.5492424242424243	L	B	False	False
DB00850	DB01088	Perphenazine	Iloprost	0.5492424242424243	N	B	False	False
DB01622	DB00313	Thioproperazine	Valproic acid	0.5491452991452994	N	N	True	False
DB11781	DB01239	Tosedostat	Chlorprothixene	0.5489510489510492		N	False	False
DB08877	DB00159	Ruxolitinib	Icosapent	0.5484848484848484	L		False	False
DB00159	DB08895	Icosapent	Tofacitinib	0.5484848484848484		L	False	False
DB08073	DB00159	(2S)-1-(1H-INDOL-3-YL)-3-{[5-(3-METHYL-1H-INDAZOL-5-YL)PYRIDIN-3-YL]OXY}PROPAN-2-AMINE	Icosapent	0.5484848484848484			False	False
DB07859	DB00159	4-(4-CHLOROPHENYL)-4-[4-(1H-PYRAZOL-4-YL)PHENYL]PIPERIDINE	Icosapent	0.5484848484848484			False	False
DB08756	DB00159	Y-27632	Icosapent	0.5484848484848484			False	False
DB01645	DB01088	Genistein	Iloprost	0.5480769230769231		B	False	False
DB12500	DB02116	Fedratinib	Olomoucine	0.5476190476190477	L		False	False
DB08175	DB02116	(2E,4E)-11-METHOXY-3,7,11-TRIMETHYLDODECA-2,4-DIENOIC ACID	Olomoucine	0.5476190476190477			False	False
DB04599	DB12500	Aniracetam	Fedratinib	0.5476190476190477	N	L	False	False
DB00850	DB08073	Perphenazine	(2S)-1-(1H-INDOL-3-YL)-3-{[5-(3-METHYL-1H-INDAZOL-5-YL)PYRIDIN-3-YL]OXY}PROPAN-2-AMINE	0.5476190476190477	N		False	False
DB00850	DB07859	Perphenazine	4-(4-CHLOROPHENYL)-4-[4-(1H-PYRAZOL-4-YL)PHENYL]PIPERIDINE	0.5476190476190477	N		False	False
DB00850	DB08756	Perphenazine	Y-27632	0.5476190476190477	N		False	False
DB00850	DB08877	Perphenazine	Ruxolitinib	0.5476190476190477	N	L	False	False
DB00850	DB02116	Perphenazine	Olomoucine	0.5476190476190477	N		False	False
DB00850	DB08895	Perphenazine	Tofacitinib	0.5476190476190477	N	L	False	False
DB08912	DB00477	Dabrafenib	Chlorpromazine	0.5472527472527473	L	N	False	False
DB11781	DB00477	Tosedostat	Chlorpromazine	0.5465838509316767		N	False	False
DB01254	DB07780	Dasatinib	Farnesyl diphosphate	0.5463768115942029	L		True	False
DB07863	DB01244	2-chloro-5-nitro-N-phenylbenzamide	Bepridil	0.5461538461538462		C	False	False
DB00794	DB08916	Primidone	Afatinib	0.5461538461538462	N	L	False	False
DB00393	DB00555	Nimodipine	Lamotrigine	0.5456730769230771	C	N	False	False
DB01069	DB01388	Promethazine	Mibefradil	0.5454545454545454	R, V, D	C	True	False
DB00393	DB00715	Nimodipine	Paroxetine	0.5454545454545454	C	N	False	False
DB04946	DB01388	Iloperidone	Mibefradil	0.5454545454545454	N	C	False	False
DB01239	DB00159	Chlorprothixene	Icosapent	0.5454545454545454	N		False	False
DB00836	DB01016	Loperamide	Glyburide	0.5452380952380953	A	A	False	False
DB06195	DB01016	Seliciclib	Glyburide	0.5452380952380953		A	False	False
DB01016	DB00459	Glyburide	Acitretin	0.5452380952380953	A	D	False	False
DB00622	DB01645	Nicardipine	Genistein	0.5445054945054946	C		False	False
DB08912	DB00159	Dabrafenib	Icosapent	0.5443181818181819	L		False	False
DB05266	DB00159	Ibudilast	Icosapent	0.5443181818181819	R		True	False
DB00715	DB00436	Paroxetine	Bendroflumethiazide	0.5441176470588234	N	C, G	True	False
DB06595	DB00939	Midostaurin	Meclofenamic acid	0.543939393939394	L	M	False	False
DB01239	DB01229	Chlorprothixene	Paclitaxel	0.5436720142602494	N	L	False	False
DB01248	DB01239	Docetaxel	Chlorprothixene	0.5436720142602494	L	N	False	False
DB12695	DB00588	Phenethyl Isothiocyanate	Fluticasone propionate	0.5430272108843537			False	False
DB01054	DB02546	Nitrendipine	Vorinostat	0.5428571428571429	C	L	True	False
DB01054	DB00939	Nitrendipine	Meclofenamic acid	0.5428571428571429	C	M	False	False
DB04297	DB00939	Trichostatin A	Meclofenamic acid	0.5428571428571427		M	False	False
DB11781	DB00939	Tosedostat	Meclofenamic acid	0.5428571428571427		M	False	False
DB08896	DB05266	Regorafenib	Ibudilast	0.5427536231884058	L	R	False	False
DB08756	DB01254	Y-27632	Dasatinib	0.5426731078904992		L	False	False
DB00313	DB00925	Valproic acid	Phenoxybenzamine	0.5420751633986929	N	C	False	False
DB05134	DB04946	Tanespimycin	Iloperidone	0.5419580419580419		N	False	False
DB07594	DB04946	CCT-018159	Iloperidone	0.5419580419580419		N	False	False
DB06152	DB04946	Nylidrin	Iloperidone	0.5419580419580416	C, G	N	False	False
DB07859	DB00875	4-(4-CHLOROPHENYL)-4-[4-(1H-PYRAZOL-4-YL)PHENYL]PIPERIDINE	Flupentixol	0.5416666666666667		N	False	False
DB08073	DB00875	(2S)-1-(1H-INDOL-3-YL)-3-{[5-(3-METHYL-1H-INDAZOL-5-YL)PYRIDIN-3-YL]OXY}PROPAN-2-AMINE	Flupentixol	0.5416666666666667		N	False	False
DB08597	DB08059	Dorsomorphin	Wortmannin	0.5416666666666667			False	False
DB04942	DB00588	Tamibarotene	Fluticasone propionate	0.5416666666666667			False	False
DB02587	DB01205	Colforsin	Flumazenil	0.5416666666666665		V	False	False
DB08521	DB06595	4-[4-(4-Fluorophenyl)-2-[4-[(R)-methylsulfinyl]phenyl]-1H-imidazol-5-yl]pyridine	Midostaurin	0.5416666666666665		L	False	False
DB01622	DB01088	Thioproperazine	Iloprost	0.5416666666666665	N	B	False	False
DB00393	DB06595	Nimodipine	Midostaurin	0.5416666666666665	C	L	False	False
DB08521	DB00831	4-[4-(4-Fluorophenyl)-2-[4-[(R)-methylsulfinyl]phenyl]-1H-imidazol-5-yl]pyridine	Trifluoperazine	0.5416666666666665		N	False	False
DB01205	DB00588	Flumazenil	Fluticasone propionate	0.5416666666666665	V		False	False
DB08059	DB01205	Wortmannin	Flumazenil	0.5416666666666665		V	False	False
DB00836	DB01254	Loperamide	Dasatinib	0.541614906832298	A	L	False	False
DB01254	DB00459	Dasatinib	Acitretin	0.541614906832298	L	D	False	False
DB00679	DB01023	Thioridazine	Felodipine	0.5398110661268558	N	C	True	False
DB11781	DB00836	Tosedostat	Loperamide	0.5396825396825398		A	False	False
DB00280	DB00939	Disopyramide	Meclofenamic acid	0.539423076923077	C	M	False	False
DB01092	DB00159	Ouabain	Icosapent	0.5389610389610389	C		False	False
DB05984	DB00925	RAF-265	Phenoxybenzamine	0.5375000000000001		C	False	False
DB04297	DB00925	Trichostatin A	Phenoxybenzamine	0.5375000000000001		C	False	False
DB12695	DB00555	Phenethyl Isothiocyanate	Lamotrigine	0.5373292349726777		N	False	False
DB00836	DB00875	Loperamide	Flupentixol	0.536904761904762	A	N	True	False
DB01115	DB03010	Nifedipine	Patupilone	0.5367822966507176	C		False	False
DB00622	DB00255	Nicardipine	Diethylstilbestrol	0.5361111111111112	C	L, G	False	False
DB13956	DB01088	Estradiol valerate	Iloprost	0.5361111111111112		B	False	False
DB13954	DB01088	Estradiol cypionate	Iloprost	0.5361111111111112		B	False	False
DB08073	DB00393	(2S)-1-(1H-INDOL-3-YL)-3-{[5-(3-METHYL-1H-INDAZOL-5-YL)PYRIDIN-3-YL]OXY}PROPAN-2-AMINE	Nimodipine	0.5357142857142858		C	False	False
DB07859	DB00393	4-(4-CHLOROPHENYL)-4-[4-(1H-PYRAZOL-4-YL)PHENYL]PIPERIDINE	Nimodipine	0.5357142857142858		C	False	False
DB08521	DB00715	4-[4-(4-Fluorophenyl)-2-[4-[(R)-methylsulfinyl]phenyl]-1H-imidazol-5-yl]pyridine	Paroxetine	0.5357142857142858		N	False	False
DB01205	DB00477	Flumazenil	Chlorpromazine	0.5357142857142858	V	N	False	False
DB01622	DB00783	Thioproperazine	Estradiol	0.5357142857142856	N	G	False	False
DB00783	DB00715	Estradiol	Paroxetine	0.5357142857142856	G	N	False	False
DB01069	DB00588	Promethazine	Fluticasone propionate	0.5356060606060606	R, V, D		False	False
DB11781	DB00622	Tosedostat	Nicardipine	0.5352941176470589		C	False	False
DB05266	DB06595	Ibudilast	Midostaurin	0.5348484848484849	R	L	False	False
DB12500	DB04946	Fedratinib	Iloperidone	0.5346320346320346	L	N	False	False
DB07863	DB01088	2-chloro-5-nitro-N-phenylbenzamide	Iloprost	0.5340909090909092		B	False	False
DB06152	DB00794	Nylidrin	Primidone	0.5333333333333337	C, G	N	False	False
DB12500	DB12093	Fedratinib	Tetrahydropalmatine	0.5333333333333337	L		False	False
DB00850	DB11781	Perphenazine	Tosedostat	0.5333333333333337	N		False	False
DB08756	DB00679	Y-27632	Thioridazine	0.5333333333333334		N	False	False
DB08073	DB00679	(2S)-1-(1H-INDOL-3-YL)-3-{[5-(3-METHYL-1H-INDAZOL-5-YL)PYRIDIN-3-YL]OXY}PROPAN-2-AMINE	Thioridazine	0.5333333333333334		N	False	False
DB13954	DB00818	Estradiol cypionate	Propofol	0.5333333333333334		N	False	False
DB11781	DB00794	Tosedostat	Primidone	0.5333333333333334		N	False	False
DB13956	DB00818	Estradiol valerate	Propofol	0.5333333333333334		N	False	False
DB07859	DB00679	4-(4-CHLOROPHENYL)-4-[4-(1H-PYRAZOL-4-YL)PHENYL]PIPERIDINE	Thioridazine	0.5333333333333334		N	False	False
DB02424	DB07780	Geldanamycin	Farnesyl diphosphate	0.5333333333333334			False	False
DB00210	DB00794	Adapalene	Primidone	0.5333333333333332	D	N	False	False
DB12500	DB00630	Fedratinib	Alendronic acid	0.5333333333333332	L	M	False	False
DB02424	DB00630	Geldanamycin	Alendronic acid	0.5333333333333332		M	False	False
DB00630	DB01013	Alendronic acid	Clobetasol propionate	0.5333333333333332	M		False	False
DB08175	DB00630	(2E,4E)-11-METHOXY-3,7,11-TRIMETHYLDODECA-2,4-DIENOIC ACID	Alendronic acid	0.5333333333333332		M	False	False
DB00850	DB00794	Perphenazine	Primidone	0.5333333333333332	N	N	False	False
DB00850	DB00630	Perphenazine	Alendronic acid	0.5333333333333332	N	M	False	False
DB08175	DB01244	(2E,4E)-11-METHOXY-3,7,11-TRIMETHYLDODECA-2,4-DIENOIC ACID	Bepridil	0.5333333333333332		C	False	False
DB00630	DB00679	Alendronic acid	Thioridazine	0.5333333333333332	M	N	False	False
DB01229	DB00925	Paclitaxel	Phenoxybenzamine	0.5327380952380951	L	C	True	False
DB01248	DB00925	Docetaxel	Phenoxybenzamine	0.5327380952380951	L	C	False	False
DB00675	DB01388	Tamoxifen	Mibefradil	0.5320346320346321	L	C	False	False
DB01118	DB00794	Amiodarone	Primidone	0.5319327731092436	C	N	False	False
DB08877	DB02010	Ruxolitinib	Staurosporine	0.5316742081447963	L		False	False
DB02010	DB08895	Staurosporine	Tofacitinib	0.5316742081447963		L	False	False
DB00836	DB00679	Loperamide	Thioridazine	0.531135531135531	A	N	True	False
DB01118	DB00939	Amiodarone	Meclofenamic acid	0.5309523809523811	C	M	True	False
DB02587	DB00836	Colforsin	Loperamide	0.5308441558441559		A	False	False
DB00836	DB00588	Loperamide	Fluticasone propionate	0.5308441558441559	A		False	False
DB00393	DB00210	Nimodipine	Adapalene	0.5307017543859651	C	D	False	False
DB01016	DB01388	Glyburide	Mibefradil	0.5299043062200959	A	C	False	False
DB00675	DB04946	Tamoxifen	Iloperidone	0.52987012987013	L	N	False	False
DB00679	DB01088	Thioridazine	Iloprost	0.5297619047619051	N	B	True	False
DB08896	DB00159	Regorafenib	Icosapent	0.5295193312434692	L		False	False
DB00396	DB06595	Progesterone	Midostaurin	0.5291666666666668	G	L	False	False
DB00887	DB00875	Bumetanide	Flupentixol	0.5288461538461537	C, G	N	False	False
DB00622	DB01254	Nicardipine	Dasatinib	0.5288329519450801	C	L	False	False
DB04513	DB06195	N-(6-Aminohexyl)-5-Chloro-1-Naphthalenesulfonamide	Seliciclib	0.5285714285714287			False	False
DB07863	DB00836	2-chloro-5-nitro-N-phenylbenzamide	Loperamide	0.5285714285714287		A	False	False
DB01229	DB00715	Paclitaxel	Paroxetine	0.5277777777777777	L	N	False	False
DB01248	DB00715	Docetaxel	Paroxetine	0.5277777777777777	L	N	False	False
DB00850	DB06595	Perphenazine	Midostaurin	0.5277777777777777	N	L	False	False
DB01254	DB00939	Dasatinib	Meclofenamic acid	0.5273291925465837	L	M	False	False
DB01115	DB08896	Nifedipine	Regorafenib	0.5272435897435896	C	L	False	False
DB12500	DB00875	Fedratinib	Flupentixol	0.5265151515151516	L	N	False	False
DB06486	DB00794	Enzastaurin	Primidone	0.5263888888888888		N	False	False
DB03010	DB08896	Patupilone	Regorafenib	0.5263845350052245		L	False	False
DB01069	DB06595	Promethazine	Midostaurin	0.5262923351158646	R, V, D	L	False	False
DB01054	DB08912	Nitrendipine	Dabrafenib	0.5261904761904765	C	L	True	False
DB01054	DB00818	Nitrendipine	Propofol	0.5261904761904765	C	N	True	False
DB00836	DB00313	Loperamide	Valproic acid	0.5257936507936507	A	N	True	False
DB02546	DB01088	Vorinostat	Iloprost	0.5249999999999999	L	B	True	False
DB00568	DB00939	Cinnarizine	Meclofenamic acid	0.5249999999999999	N	M	True	False
DB01088	DB04942	Iloprost	Tamibarotene	0.5249999999999999	B		False	False
DB00393	DB01069	Nimodipine	Promethazine	0.5248917748917747	C	R, V, D	True	False
DB00393	DB00313	Nimodipine	Valproic acid	0.5248538011695909	C	N	False	False
DB00836	DB01239	Loperamide	Chlorprothixene	0.5245310245310244	A	N	True	False
DB02659	DB01118	Cholic Acid	Amiodarone	0.523809523809524	A	C	False	False
DB01016	DB06595	Glyburide	Midostaurin	0.5238095238095237	A	L	False	False
DB07841	DB01229	Geranylgeranyl diphosphate	Paclitaxel	0.5238095238095237		L	False	False
DB06152	DB07841	Nylidrin	Geranylgeranyl diphosphate	0.5238095238095237	C, G		False	False
DB01248	DB07841	Docetaxel	Geranylgeranyl diphosphate	0.5238095238095237	L		False	False
DB00622	DB03010	Nicardipine	Patupilone	0.5237762237762238	C		False	False
DB00783	DB00925	Estradiol	Phenoxybenzamine	0.5232142857142856	G	C	False	False
DB00393	DB04946	Nimodipine	Iloperidone	0.5227272727272727	C	N	True	False
DB01254	DB01388	Dasatinib	Mibefradil	0.5226691467100673	L	C	False	False
DB01118	DB00875	Amiodarone	Flupentixol	0.5226190476190478	C	N	True	False
DB00313	DB00818	Valproic acid	Propofol	0.5222222222222221	N	N	False	False
DB00622	DB01013	Nicardipine	Clobetasol propionate	0.5222222222222221	C		False	False
DB00313	DB05266	Valproic acid	Ibudilast	0.5222222222222221	N	R	False	False
DB01782	DB00794	Pyrazolanthrone	Primidone	0.5214285714285716		N	False	False
DB00818	DB00875	Propofol	Flupentixol	0.5211538461538463	N	N	False	False
DB01782	DB01115	Pyrazolanthrone	Nifedipine	0.5208333333333335		C	False	False
DB07557	DB06486	3,20-Pregnanedione	Enzastaurin	0.5208333333333333			False	False
DB01622	DB06486	Thioproperazine	Enzastaurin	0.5208333333333333	N		False	False
DB08877	DB06486	Ruxolitinib	Enzastaurin	0.5208333333333333	L		False	False
DB06486	DB08895	Enzastaurin	Tofacitinib	0.5208333333333333		L	False	False
DB00836	DB00715	Loperamide	Paroxetine	0.5206766917293233	A	N	False	False
DB06195	DB00715	Seliciclib	Paroxetine	0.5206766917293233		N	False	False
DB08521	DB01023	4-[4-(4-Fluorophenyl)-2-[4-[(R)-methylsulfinyl]phenyl]-1H-imidazol-5-yl]pyridine	Felodipine	0.5205128205128204		C	False	False
DB07557	DB12695	3,20-Pregnanedione	Phenethyl Isothiocyanate	0.5200680272108844			False	False
DB00459	DB13345	Acitretin	Dihydroergocristine	0.5194805194805194	D	C	False	False
DB08912	DB00555	Dabrafenib	Lamotrigine	0.51875	L	N	True	False
DB01782	DB00555	Pyrazolanthrone	Lamotrigine	0.5187499999999998		N	False	False
DB01054	DB00588	Nitrendipine	Fluticasone propionate	0.5178571428571428	C		False	False
DB01054	DB08059	Nitrendipine	Wortmannin	0.5178571428571428	C		False	False
DB01054	DB02587	Nitrendipine	Colforsin	0.5178571428571428	C		False	False
DB01205	DB12695	Flumazenil	Phenethyl Isothiocyanate	0.5166666666666668	V		False	False
DB12500	DB00715	Fedratinib	Paroxetine	0.5166666666666668	L	N	False	False
DB01622	DB01229	Thioproperazine	Paclitaxel	0.5166666666666666	N	L	False	False
DB07557	DB00831	3,20-Pregnanedione	Trifluoperazine	0.5166666666666666		N	False	False
DB02116	DB06595	Olomoucine	Midostaurin	0.5166666666666666		L	False	False
DB01622	DB01248	Thioproperazine	Docetaxel	0.5166666666666666	N	L	False	False
DB00393	DB00436	Nimodipine	Bendroflumethiazide	0.5166666666666666	C	C, G	False	False
DB00477	DB00436	Chlorpromazine	Bendroflumethiazide	0.5164835164835164	N	C, G	False	False
DB00280	DB00818	Disopyramide	Propofol	0.5163461538461538	C	N	False	False
DB01054	DB01645	Nitrendipine	Genistein	0.5159340659340661	C		False	False
DB00887	DB00679	Bumetanide	Thioridazine	0.5151515151515151	C, G	N	True	False
DB00679	DB00159	Thioridazine	Icosapent	0.5151515151515151	N		True	False
DB00679	DB00482	Thioridazine	Celecoxib	0.5151515151515151	N	M, C, G, L	False	False
DB01118	DB08916	Amiodarone	Afatinib	0.5142857142857145	C	L	False	False
DB04513	DB01118	N-(6-Aminohexyl)-5-Chloro-1-Naphthalenesulfonamide	Amiodarone	0.5142857142857145		C	False	False
DB08756	DB00396	Y-27632	Progesterone	0.5142857142857142		G	False	False
DB08912	DB01118	Dabrafenib	Amiodarone	0.5142857142857142	L	C	False	False
DB01118	DB05266	Amiodarone	Ibudilast	0.5142857142857142	C	R	True	False
DB00159	DB00925	Icosapent	Phenoxybenzamine	0.5140550239234447		C	False	False
DB01054	DB00925	Nitrendipine	Phenoxybenzamine	0.5136904761904761	C	C	True	False
DB01205	DB06486	Flumazenil	Enzastaurin	0.5132575757575757	V		False	False
DB00459	DB02010	Acitretin	Staurosporine	0.5131868131868131	D		False	False
DB00783	DB01388	Estradiol	Mibefradil	0.5129870129870131	G	C	False	False
DB07859	DB00783	4-(4-CHLOROPHENYL)-4-[4-(1H-PYRAZOL-4-YL)PHENYL]PIPERIDINE	Estradiol	0.5129870129870129		G	False	False
DB08073	DB00783	(2S)-1-(1H-INDOL-3-YL)-3-{[5-(3-METHYL-1H-INDAZOL-5-YL)PYRIDIN-3-YL]OXY}PROPAN-2-AMINE	Estradiol	0.5129870129870129		G	False	False
DB04946	DB06595	Iloperidone	Midostaurin	0.5129233511586453	N	L	False	False
DB01248	DB07780	Docetaxel	Farnesyl diphosphate	0.5128205128205128	L		False	False
DB01229	DB07780	Paclitaxel	Farnesyl diphosphate	0.5128205128205128	L		False	False
DB00836	DB01119	Loperamide	Diazoxide	0.5119047619047621	A	C, V, G	False	False
DB00836	DB00436	Loperamide	Bendroflumethiazide	0.5119047619047621	A	C, G	False	False
DB00459	DB00436	Acitretin	Bendroflumethiazide	0.5119047619047621	D	C, G	False	False
DB00836	DB00210	Loperamide	Adapalene	0.5119047619047619	A	D	False	False
DB08059	DB00255	Wortmannin	Diethylstilbestrol	0.5117521367521367		L, G	False	False
DB01248	DB01388	Docetaxel	Mibefradil	0.5115864527629235	L	C	False	False
DB01388	DB01229	Mibefradil	Paclitaxel	0.5115864527629235	C	L	False	False
DB08073	DB01645	(2S)-1-(1H-INDOL-3-YL)-3-{[5-(3-METHYL-1H-INDAZOL-5-YL)PYRIDIN-3-YL]OXY}PROPAN-2-AMINE	Genistein	0.5113122171945701			False	False
DB07859	DB01645	4-(4-CHLOROPHENYL)-4-[4-(1H-PYRAZOL-4-YL)PHENYL]PIPERIDINE	Genistein	0.5113122171945701			False	False
DB01100	DB02659	Pimozide	Cholic Acid	0.5109523809523808	N	A	False	False
DB00459	DB01244	Acitretin	Bepridil	0.5109243697478991	D	C	False	False
DB01205	DB04946	Flumazenil	Iloperidone	0.5108225108225111	V	N	False	False
DB00831	DB02659	Trifluoperazine	Cholic Acid	0.5105820105820105	N	A	False	False
DB01016	DB00555	Glyburide	Lamotrigine	0.5104166666666665	A	N	False	False
DB01088	DB01388	Iloprost	Mibefradil	0.5101674641148326	B	C	False	False
DB05266	DB01023	Ibudilast	Felodipine	0.5094017094017094	R	C	False	False
DB00477	DB00818	Chlorpromazine	Propofol	0.508791208791209	N	N	False	False
DB02587	DB00679	Colforsin	Thioridazine	0.5083333333333335		N	False	False
DB04513	DB00555	N-(6-Aminohexyl)-5-Chloro-1-Naphthalenesulfonamide	Lamotrigine	0.5082236842105263		N	False	False
DB08916	DB00555	Afatinib	Lamotrigine	0.5082236842105263	L	N	False	False
DB00313	DB00477	Valproic acid	Chlorpromazine	0.5079365079365079	N	N	False	False
DB02546	DB07841	Vorinostat	Geranylgeranyl diphosphate	0.5071428571428571	L		True	False
DB00280	DB00255	Disopyramide	Diethylstilbestrol	0.5069444444444444	C	L, G	False	False
DB08175	DB00393	(2E,4E)-11-METHOXY-3,7,11-TRIMETHYLDODECA-2,4-DIENOIC ACID	Nimodipine	0.5064102564102566		C	False	False
DB00850	DB00393	Perphenazine	Nimodipine	0.5064102564102566	N	C	False	False
DB12500	DB01645	Fedratinib	Genistein	0.5064102564102564	L		False	False
DB00850	DB01645	Perphenazine	Genistein	0.5064102564102564	N		False	False
DB01069	DB08896	Promethazine	Regorafenib	0.5060083594566354	R, V, D	L	False	False
DB01115	DB08916	Nifedipine	Afatinib	0.5056818181818181	C	L	False	False
DB08073	DB01254	(2S)-1-(1H-INDOL-3-YL)-3-{[5-(3-METHYL-1H-INDAZOL-5-YL)PYRIDIN-3-YL]OXY}PROPAN-2-AMINE	Dasatinib	0.5056360708534622		L	False	False
DB07859	DB01254	4-(4-CHLOROPHENYL)-4-[4-(1H-PYRAZOL-4-YL)PHENYL]PIPERIDINE	Dasatinib	0.5056360708534622		L	False	False
DB01016	DB00794	Glyburide	Primidone	0.5055555555555553	A	N	False	False
DB00159	DB00875	Icosapent	Flupentixol	0.5041866028708133		N	True	False
DB00675	DB00925	Tamoxifen	Phenoxybenzamine	0.5041666666666667	L	C	False	False
DB01023	DB07780	Felodipine	Farnesyl diphosphate	0.5038461538461538	C		True	False
DB08059	DB01244	Wortmannin	Bepridil	0.5035714285714286		C	False	False
DB12500	DB00675	Fedratinib	Tamoxifen	0.5025641025641026	L	L	False	False
DB03010	DB01013	Patupilone	Clobetasol propionate	0.5021645021645023			False	False
DB01205	DB00280	Flumazenil	Disopyramide	0.5018939393939394	V	C	False	False
DB00836	DB01645	Loperamide	Genistein	0.5016483516483516	A		False	False
DB00393	DB12695	Nimodipine	Phenethyl Isothiocyanate	0.5015151515151515	C		False	False
DB01016	DB00477	Glyburide	Chlorpromazine	0.5012315270935959	A	N	False	False
DB00850	DB07863	Perphenazine	2-chloro-5-nitro-N-phenylbenzamide	0.5000000000000002	N		False	False
DB00675	DB00818	Tamoxifen	Propofol	0.5000000000000002	L	N	False	False
DB08912	DB02546	Dabrafenib	Vorinostat	0.5000000000000002	L	L	True	False
DB04513	DB12500	N-(6-Aminohexyl)-5-Chloro-1-Naphthalenesulfonamide	Fedratinib	0.5000000000000002		L	False	False
DB05266	DB00436	Ibudilast	Bendroflumethiazide	0.5000000000000002	R	C, G	False	False
DB01054	DB00477	Nitrendipine	Chlorpromazine	0.5000000000000002	C	N	False	False
DB00818	DB01119	Propofol	Diazoxide	0.5000000000000002	N	C, V, G	False	False
DB00508	DB05266	Triflupromazine	Ibudilast	0.5000000000000002	N	R	False	False
DB00482	DB00818	Celecoxib	Propofol	0.5000000000000002	M, C, G, L	N	False	False
DB13954	DB00436	Estradiol cypionate	Bendroflumethiazide	0.5000000000000002		C, G	False	False
DB01092	DB01013	Ouabain	Clobetasol propionate	0.5000000000000002	C		False	False
DB13956	DB00436	Estradiol valerate	Bendroflumethiazide	0.5000000000000002		C, G	False	False
DB03010	DB01239	Patupilone	Chlorprothixene	0.5000000000000002		N	False	False
DB00887	DB00818	Bumetanide	Propofol	0.5000000000000002	C, G	N	True	False
DB04513	DB01013	N-(6-Aminohexyl)-5-Chloro-1-Naphthalenesulfonamide	Clobetasol propionate	0.5000000000000002			False	False
DB01088	DB00925	Iloprost	Phenoxybenzamine	0.5	B	C	False	False
DB00850	DB01205	Perphenazine	Flumazenil	0.5	N	V	False	False
DB07863	DB08080	2-chloro-5-nitro-N-phenylbenzamide	Latrunculin B	0.5			False	False
DB08073	DB08059	(2S)-1-(1H-INDOL-3-YL)-3-{[5-(3-METHYL-1H-INDAZOL-5-YL)PYRIDIN-3-YL]OXY}PROPAN-2-AMINE	Wortmannin	0.5			False	False
DB06266	DB07863	Lonidamine	2-chloro-5-nitro-N-phenylbenzamide	0.5	L		False	False
DB08073	DB02116	(2S)-1-(1H-INDOL-3-YL)-3-{[5-(3-METHYL-1H-INDAZOL-5-YL)PYRIDIN-3-YL]OXY}PROPAN-2-AMINE	Olomoucine	0.5			False	False
DB08073	DB01622	(2S)-1-(1H-INDOL-3-YL)-3-{[5-(3-METHYL-1H-INDAZOL-5-YL)PYRIDIN-3-YL]OXY}PROPAN-2-AMINE	Thioproperazine	0.5		N	False	False
DB00622	DB08912	Nicardipine	Dabrafenib	0.5	C	L	False	False
DB08756	DB00715	Y-27632	Paroxetine	0.5		N	False	False
DB08073	DB01016	(2S)-1-(1H-INDOL-3-YL)-3-{[5-(3-METHYL-1H-INDAZOL-5-YL)PYRIDIN-3-YL]OXY}PROPAN-2-AMINE	Glyburide	0.5		A	False	False
DB08521	DB04942	4-[4-(4-Fluorophenyl)-2-[4-[(R)-methylsulfinyl]phenyl]-1H-imidazol-5-yl]pyridine	Tamibarotene	0.5			False	False
DB07859	DB00715	4-(4-CHLOROPHENYL)-4-[4-(1H-PYRAZOL-4-YL)PHENYL]PIPERIDINE	Paroxetine	0.5		N	False	False
DB07594	DB08080	CCT-018159	Latrunculin B	0.5			False	False
DB00887	DB08895	Bumetanide	Tofacitinib	0.5	C, G	L	False	False
DB07594	DB00393	CCT-018159	Nimodipine	0.5		C	False	False
DB02587	DB07859	Colforsin	4-(4-CHLOROPHENYL)-4-[4-(1H-PYRAZOL-4-YL)PHENYL]PIPERIDINE	0.5			False	False
DB11781	DB08877	Tosedostat	Ruxolitinib	0.5		L	False	False
DB02587	DB08073	Colforsin	(2S)-1-(1H-INDOL-3-YL)-3-{[5-(3-METHYL-1H-INDAZOL-5-YL)PYRIDIN-3-YL]OXY}PROPAN-2-AMINE	0.5			False	False
DB01782	DB07557	Pyrazolanthrone	3,20-Pregnanedione	0.5			False	False
DB05984	DB08895	RAF-265	Tofacitinib	0.5		L	False	False
DB02116	DB01622	Olomoucine	Thioproperazine	0.5		N	False	False
DB07594	DB08597	CCT-018159	Dorsomorphin	0.5			False	False
DB07594	DB11781	CCT-018159	Tosedostat	0.5			False	False
DB04297	DB08895	Trichostatin A	Tofacitinib	0.5		L	False	False
DB11781	DB04149	Tosedostat	(R)-Rolipram	0.5			False	False
DB08597	DB06155	Dorsomorphin	Rimonabant	0.5		A	False	False
DB11781	DB04513	Tosedostat	N-(6-Aminohexyl)-5-Chloro-1-Naphthalenesulfonamide	0.5			False	False
DB11781	DB01092	Tosedostat	Ouabain	0.5		C	False	False
DB12093	DB08895	Tetrahydropalmatine	Tofacitinib	0.5		L	False	False
DB08597	DB11781	Dorsomorphin	Tosedostat	0.5			False	False
DB05984	DB04149	RAF-265	(R)-Rolipram	0.5			False	False
DB01205	DB01013	Flumazenil	Clobetasol propionate	0.5	V		False	False
DB08597	DB04297	Dorsomorphin	Trichostatin A	0.5			False	False
DB02116	DB08895	Olomoucine	Tofacitinib	0.5		L	False	False
DB02116	DB13345	Olomoucine	Dihydroergocristine	0.5		C	False	False
DB05984	DB07863	RAF-265	2-chloro-5-nitro-N-phenylbenzamide	0.5			False	False
DB08080	DB08756	Latrunculin B	Y-27632	0.5			False	False
DB06155	DB00393	Rimonabant	Nimodipine	0.5	A	C	False	False
DB06152	DB04942	Nylidrin	Tamibarotene	0.5	C, G		False	False
DB02116	DB08877	Olomoucine	Ruxolitinib	0.5		L	False	False
DB06266	DB15399	Lonidamine	BMS-754807	0.5	L		False	False
DB06266	DB08597	Lonidamine	Dorsomorphin	0.5	L		False	False
DB02116	DB00715	Olomoucine	Paroxetine	0.5		N	False	False
DB02116	DB00482	Olomoucine	Celecoxib	0.5		M, C, G, L	False	False
DB02116	DB04942	Olomoucine	Tamibarotene	0.5			False	False
DB02116	DB00436	Olomoucine	Bendroflumethiazide	0.5		C, G	False	False
DB06266	DB04599	Lonidamine	Aniracetam	0.5	L	N	False	False
DB06266	DB01092	Lonidamine	Ouabain	0.5	L	C	False	False
DB06266	DB04149	Lonidamine	(R)-Rolipram	0.5	L		False	False
DB08080	DB08877	Latrunculin B	Ruxolitinib	0.5		L	False	False
DB07863	DB08916	2-chloro-5-nitro-N-phenylbenzamide	Afatinib	0.5		L	False	False
DB06152	DB13345	Nylidrin	Dihydroergocristine	0.5	C, G	C	False	False
DB07859	DB02116	4-(4-CHLOROPHENYL)-4-[4-(1H-PYRAZOL-4-YL)PHENYL]PIPERIDINE	Olomoucine	0.5			False	False
DB07859	DB08059	4-(4-CHLOROPHENYL)-4-[4-(1H-PYRAZOL-4-YL)PHENYL]PIPERIDINE	Wortmannin	0.5			False	False
DB07859	DB00436	4-(4-CHLOROPHENYL)-4-[4-(1H-PYRAZOL-4-YL)PHENYL]PIPERIDINE	Bendroflumethiazide	0.5		C, G	False	False
DB07859	DB01016	4-(4-CHLOROPHENYL)-4-[4-(1H-PYRAZOL-4-YL)PHENYL]PIPERIDINE	Glyburide	0.5		A	False	False
DB07859	DB01622	4-(4-CHLOROPHENYL)-4-[4-(1H-PYRAZOL-4-YL)PHENYL]PIPERIDINE	Thioproperazine	0.5		N	False	False
DB07594	DB13345	CCT-018159	Dihydroergocristine	0.5		C	False	False
DB07594	DB01119	CCT-018159	Diazoxide	0.5		C, V, G	False	False
DB04149	DB04447	(R)-Rolipram	1,4-Dithiothreitol	0.5			False	False
DB06152	DB04599	Nylidrin	Aniracetam	0.5	C, G	N	False	False
DB13345	DB08895	Dihydroergocristine	Tofacitinib	0.5	C	L	False	False
DB05134	DB11781	Tanespimycin	Tosedostat	0.5			False	False
DB07863	DB04447	2-chloro-5-nitro-N-phenylbenzamide	1,4-Dithiothreitol	0.5			False	False
DB07863	DB00482	2-chloro-5-nitro-N-phenylbenzamide	Celecoxib	0.5		M, C, G, L	False	False
DB04297	DB04149	Trichostatin A	(R)-Rolipram	0.5			False	False
DB04297	DB04513	Trichostatin A	N-(6-Aminohexyl)-5-Chloro-1-Naphthalenesulfonamide	0.5			False	False
DB01092	DB00436	Ouabain	Bendroflumethiazide	0.5	C	C, G	False	False
DB01092	DB13345	Ouabain	Dihydroergocristine	0.5	C	C	False	False
DB01092	DB12093	Ouabain	Tetrahydropalmatine	0.5	C		False	False
DB08877	DB00887	Ruxolitinib	Bumetanide	0.5	L	C, G	False	False
DB00482	DB08895	Celecoxib	Tofacitinib	0.5	M, C, G, L	L	False	False
DB00482	DB07780	Celecoxib	Farnesyl diphosphate	0.5	M, C, G, L		False	False
DB11781	DB08756	Tosedostat	Y-27632	0.5			False	False
DB08080	DB08895	Latrunculin B	Tofacitinib	0.5		L	False	False
DB06266	DB08521	Lonidamine	4-[4-(4-Fluorophenyl)-2-[4-[(R)-methylsulfinyl]phenyl]-1H-imidazol-5-yl]pyridine	0.5	L		False	False
DB08521	DB00436	4-[4-(4-Fluorophenyl)-2-[4-[(R)-methylsulfinyl]phenyl]-1H-imidazol-5-yl]pyridine	Bendroflumethiazide	0.5		C, G	False	False
DB08521	DB13345	4-[4-(4-Fluorophenyl)-2-[4-[(R)-methylsulfinyl]phenyl]-1H-imidazol-5-yl]pyridine	Dihydroergocristine	0.5		C	False	False
DB08521	DB00568	4-[4-(4-Fluorophenyl)-2-[4-[(R)-methylsulfinyl]phenyl]-1H-imidazol-5-yl]pyridine	Cinnarizine	0.5		N	False	False
DB08521	DB12093	4-[4-(4-Fluorophenyl)-2-[4-[(R)-methylsulfinyl]phenyl]-1H-imidazol-5-yl]pyridine	Tetrahydropalmatine	0.5			False	False
DB08912	DB00630	Dabrafenib	Alendronic acid	0.5	L	M	False	False
DB00794	DB01244	Primidone	Bepridil	0.5	N	C	False	False
DB08916	DB13345	Afatinib	Dihydroergocristine	0.5	L	C	False	False
DB04513	DB00482	N-(6-Aminohexyl)-5-Chloro-1-Naphthalenesulfonamide	Celecoxib	0.5		M, C, G, L	False	False
DB04513	DB13345	N-(6-Aminohexyl)-5-Chloro-1-Naphthalenesulfonamide	Dihydroergocristine	0.5		C	False	False
DB04513	DB01119	N-(6-Aminohexyl)-5-Chloro-1-Naphthalenesulfonamide	Diazoxide	0.5		C, V, G	False	False
DB04513	DB08916	N-(6-Aminohexyl)-5-Chloro-1-Naphthalenesulfonamide	Afatinib	0.5		L	False	False
DB05134	DB13345	Tanespimycin	Dihydroergocristine	0.5		C	False	False
DB02587	DB08059	Colforsin	Wortmannin	0.5			False	False
DB04297	DB00393	Trichostatin A	Nimodipine	0.5		C	False	False
DB04297	DB08877	Trichostatin A	Ruxolitinib	0.5		L	False	False
DB07863	DB13345	2-chloro-5-nitro-N-phenylbenzamide	Dihydroergocristine	0.5		C	False	False
DB02587	DB08756	Colforsin	Y-27632	0.5			False	False
DB07594	DB00508	CCT-018159	Triflupromazine	0.5		N	False	False
DB04149	DB12093	(R)-Rolipram	Tetrahydropalmatine	0.5			False	False
DB05134	DB08080	Tanespimycin	Latrunculin B	0.5			False	False
DB08521	DB04447	4-[4-(4-Fluorophenyl)-2-[4-[(R)-methylsulfinyl]phenyl]-1H-imidazol-5-yl]pyridine	1,4-Dithiothreitol	0.5			False	False
DB05134	DB00393	Tanespimycin	Nimodipine	0.5		C	False	False
DB01100	DB08877	Pimozide	Ruxolitinib	0.5	N	L	False	False
DB05134	DB08597	Tanespimycin	Dorsomorphin	0.5			False	False
DB08175	DB01205	(2E,4E)-11-METHOXY-3,7,11-TRIMETHYLDODECA-2,4-DIENOIC ACID	Flumazenil	0.5		V	False	False
DB00836	DB01118	Loperamide	Amiodarone	0.5	A	C	True	False
DB08877	DB12093	Ruxolitinib	Tetrahydropalmatine	0.5	L		False	False
DB04447	DB04942	1,4-Dithiothreitol	Tamibarotene	0.5			False	False
DB01054	DB07780	Nitrendipine	Farnesyl diphosphate	0.5	C		True	False
DB00508	DB08895	Triflupromazine	Tofacitinib	0.5	N	L	False	False
DB01782	DB07859	Pyrazolanthrone	4-(4-CHLOROPHENYL)-4-[4-(1H-PYRAZOL-4-YL)PHENYL]PIPERIDINE	0.5			False	False
DB01782	DB08073	Pyrazolanthrone	(2S)-1-(1H-INDOL-3-YL)-3-{[5-(3-METHYL-1H-INDAZOL-5-YL)PYRIDIN-3-YL]OXY}PROPAN-2-AMINE	0.5			False	False
DB01782	DB01100	Pyrazolanthrone	Pimozide	0.5		N	False	False
DB08597	DB01119	Dorsomorphin	Diazoxide	0.5		C, V, G	False	False
DB06266	DB04942	Lonidamine	Tamibarotene	0.5	L		False	False
DB01100	DB08756	Pimozide	Y-27632	0.5	N		False	False
DB04513	DB00436	N-(6-Aminohexyl)-5-Chloro-1-Naphthalenesulfonamide	Bendroflumethiazide	0.5		C, G	False	False
DB04149	DB08080	(R)-Rolipram	Latrunculin B	0.5			False	False
DB04149	DB08756	(R)-Rolipram	Y-27632	0.5			False	False
DB07557	DB13345	3,20-Pregnanedione	Dihydroergocristine	0.5		C	False	False
DB02587	DB00715	Colforsin	Paroxetine	0.5		N	False	False
DB02587	DB00588	Colforsin	Fluticasone propionate	0.5			False	False
DB07594	DB00568	CCT-018159	Cinnarizine	0.5		N	False	False
DB07594	DB12093	CCT-018159	Tetrahydropalmatine	0.5			False	False
DB07780	DB13345	Farnesyl diphosphate	Dihydroergocristine	0.5		C	False	False
DB00939	DB01119	Meclofenamic acid	Diazoxide	0.5	M	C, V, G	False	False
DB08521	DB00508	4-[4-(4-Fluorophenyl)-2-[4-[(R)-methylsulfinyl]phenyl]-1H-imidazol-5-yl]pyridine	Triflupromazine	0.5		N	False	False
DB04297	DB01092	Trichostatin A	Ouabain	0.5		C	False	False
DB08080	DB07780	Latrunculin B	Farnesyl diphosphate	0.5			False	False
DB08080	DB04942	Latrunculin B	Tamibarotene	0.5			False	False
DB00396	DB00794	Progesterone	Primidone	0.5	G	N	False	False
DB01092	DB00482	Ouabain	Celecoxib	0.5	C	M, C, G, L	False	False
DB01092	DB08916	Ouabain	Afatinib	0.5	C	L	False	False
DB00482	DB04942	Celecoxib	Tamibarotene	0.5	M, C, G, L		False	False
DB05134	DB00568	Tanespimycin	Cinnarizine	0.5		N	False	False
DB05134	DB12093	Tanespimycin	Tetrahydropalmatine	0.5			False	False
DB04297	DB07863	Trichostatin A	2-chloro-5-nitro-N-phenylbenzamide	0.5			False	False
DB04297	DB02116	Trichostatin A	Olomoucine	0.5			False	False
DB04297	DB04599	Trichostatin A	Aniracetam	0.5		N	False	False
DB05134	DB00508	Tanespimycin	Triflupromazine	0.5		N	False	False
DB08073	DB00715	(2S)-1-(1H-INDOL-3-YL)-3-{[5-(3-METHYL-1H-INDAZOL-5-YL)PYRIDIN-3-YL]OXY}PROPAN-2-AMINE	Paroxetine	0.5		N	False	False
DB00831	DB08896	Trifluoperazine	Regorafenib	0.5	N	L	False	False
DB08521	DB11781	4-[4-(4-Fluorophenyl)-2-[4-[(R)-methylsulfinyl]phenyl]-1H-imidazol-5-yl]pyridine	Tosedostat	0.5			False	False
DB15399	DB08080	BMS-754807	Latrunculin B	0.5			False	False
DB15399	DB11781	BMS-754807	Tosedostat	0.5			False	False
DB08521	DB04297	4-[4-(4-Fluorophenyl)-2-[4-[(R)-methylsulfinyl]phenyl]-1H-imidazol-5-yl]pyridine	Trichostatin A	0.5			False	False
DB05984	DB04942	RAF-265	Tamibarotene	0.5			False	False
DB11781	DB00353	Tosedostat	Methylergometrine	0.5		G	False	False
DB11781	DB04942	Tosedostat	Tamibarotene	0.5			False	False
DB11781	DB12093	Tosedostat	Tetrahydropalmatine	0.5			False	False
DB11781	DB08916	Tosedostat	Afatinib	0.5		L	False	False
DB04942	DB01119	Tamibarotene	Diazoxide	0.5		C, V, G	False	False
DB06486	DB00280	Enzastaurin	Disopyramide	0.5		C	False	False
DB05984	DB04513	RAF-265	N-(6-Aminohexyl)-5-Chloro-1-Naphthalenesulfonamide	0.5			False	False
DB05984	DB04599	RAF-265	Aniracetam	0.5		N	False	False
DB05984	DB01092	RAF-265	Ouabain	0.5		C	False	False
DB05984	DB08877	RAF-265	Ruxolitinib	0.5		L	False	False
DB08877	DB00482	Ruxolitinib	Celecoxib	0.5	L	M, C, G, L	False	False
DB01092	DB08080	Ouabain	Latrunculin B	0.5	C		False	False
DB00615	DB04942	Rifabutin	Tamibarotene	0.5	J		False	False
DB12500	DB01229	Fedratinib	Paclitaxel	0.5	L	L	False	False
DB00630	DB05266	Alendronic acid	Ibudilast	0.5	M	R	False	False
DB11781	DB06155	Tosedostat	Rimonabant	0.5		A	False	False
DB08877	DB00508	Ruxolitinib	Triflupromazine	0.5	L	N	False	False
DB01115	DB00800	Nifedipine	Fenoldopam	0.5	C	C	True	False
DB01115	DB00875	Nifedipine	Flupentixol	0.5	C	N	True	False
DB04297	DB04942	Trichostatin A	Tamibarotene	0.5			False	False
DB04297	DB07780	Trichostatin A	Farnesyl diphosphate	0.5			False	False
DB08756	DB01622	Y-27632	Thioproperazine	0.5		N	False	False
DB11781	DB08895	Tosedostat	Tofacitinib	0.5		L	False	False
DB00615	DB04599	Rifabutin	Aniracetam	0.5	J	N	False	False
DB11781	DB07863	Tosedostat	2-chloro-5-nitro-N-phenylbenzamide	0.5			False	False
DB01100	DB08895	Pimozide	Tofacitinib	0.5	N	L	False	False
DB08877	DB13345	Ruxolitinib	Dihydroergocristine	0.5	L	C	False	False
DB15399	DB12093	BMS-754807	Tetrahydropalmatine	0.5			False	False
DB08073	DB00436	(2S)-1-(1H-INDOL-3-YL)-3-{[5-(3-METHYL-1H-INDAZOL-5-YL)PYRIDIN-3-YL]OXY}PROPAN-2-AMINE	Bendroflumethiazide	0.5		C, G	False	False
DB12500	DB01248	Fedratinib	Docetaxel	0.5	L	L	False	False
DB12500	DB01205	Fedratinib	Flumazenil	0.5	L	V	False	False
DB01205	DB00210	Flumazenil	Adapalene	0.5	V	D	False	False
DB05984	DB08597	RAF-265	Dorsomorphin	0.5			False	False
DB01100	DB02116	Pimozide	Olomoucine	0.5	N		False	False
DB00615	DB01092	Rifabutin	Ouabain	0.5	J	C	False	False
DB05134	DB01119	Tanespimycin	Diazoxide	0.5		C, V, G	False	False
DB00615	DB04149	Rifabutin	(R)-Rolipram	0.5	J		False	False
DB05266	DB00794	Ibudilast	Primidone	0.5	R	N	False	False
DB00850	DB00210	Perphenazine	Adapalene	0.5	N	D	False	False
DB01016	DB00925	Glyburide	Phenoxybenzamine	0.5	A	C	False	False
DB01782	DB01016	Pyrazolanthrone	Glyburide	0.5		A	False	False
DB12500	DB08080	Fedratinib	Latrunculin B	0.5	L		False	False
DB01782	DB12695	Pyrazolanthrone	Phenethyl Isothiocyanate	0.49965986394557826			False	False
DB00313	DB01388	Valproic acid	Mibefradil	0.4994949494949492	N	C	True	False
DB01115	DB02659	Nifedipine	Cholic Acid	0.4994868637110017	C	A	False	False
DB01054	DB12695	Nitrendipine	Phenethyl Isothiocyanate	0.4992673992673995	C		False	False
DB01118	DB02010	Amiodarone	Staurosporine	0.4989010989010989	C		False	False
DB01254	DB05266	Dasatinib	Ibudilast	0.49875776397515525	L	R	False	False
DB01622	DB00159	Thioproperazine	Icosapent	0.49848484848484853	N		True	False
DB01782	DB00159	Pyrazolanthrone	Icosapent	0.49848484848484853			False	False
DB01118	DB00588	Amiodarone	Fluticasone propionate	0.4983766233766236	C		False	False
DB01023	DB00939	Felodipine	Meclofenamic acid	0.4982905982905983	C	M	False	False
DB01054	DB00715	Nitrendipine	Paroxetine	0.4981203007518795	C	N	False	False
DB02010	DB00794	Staurosporine	Primidone	0.49765886287625416		N	False	False
DB00975	DB00925	Dipyridamole	Phenoxybenzamine	0.49702380952380953	B	C	True	False
DB01782	DB06195	Pyrazolanthrone	Seliciclib	0.4967532467532467			False	False
DB01100	DB00459	Pimozide	Acitretin	0.4967532467532467	N	D	False	False
DB01100	DB06195	Pimozide	Seliciclib	0.4967532467532467	N		False	False
DB12695	DB01013	Phenethyl Isothiocyanate	Clobetasol propionate	0.49583333333333335			False	False
DB01088	DB01239	Iloprost	Chlorprothixene	0.49581339712918693	B	N	False	False
DB00715	DB00794	Paroxetine	Primidone	0.49545454545454537	N	N	False	False
DB06195	DB00939	Seliciclib	Meclofenamic acid	0.4952380952380955		M	False	False
DB00313	DB04946	Valproic acid	Iloperidone	0.4949494949494948	N	N	False	False
DB01016	DB03010	Glyburide	Patupilone	0.4940191387559809	A		False	False
DB01388	DB13345	Mibefradil	Dihydroergocristine	0.4939393939393939	C	C	False	False
DB02587	DB01239	Colforsin	Chlorprothixene	0.4931818181818184		N	False	False
DB01254	DB12093	Dasatinib	Tetrahydropalmatine	0.4930434782608697	L		True	False
DB08175	DB01016	(2E,4E)-11-METHOXY-3,7,11-TRIMETHYLDODECA-2,4-DIENOIC ACID	Glyburide	0.49242424242424265		A	False	False
DB12500	DB01016	Fedratinib	Glyburide	0.49242424242424265	L	A	False	False
DB01054	DB00555	Nitrendipine	Lamotrigine	0.4920419254658386	C	N	False	False
DB12695	DB04946	Phenethyl Isothiocyanate	Iloperidone	0.49177489177489186		N	False	False
DB01016	DB02010	Glyburide	Staurosporine	0.4917582417582418	A		False	False
DB01205	DB00630	Flumazenil	Alendronic acid	0.4916666666666667	V	M	False	False
DB00588	DB06595	Fluticasone propionate	Midostaurin	0.4916666666666665		L	False	False
DB00459	DB00280	Acitretin	Disopyramide	0.4910714285714286	D	C	False	False
DB08597	DB00201	Dorsomorphin	Caffeine	0.4910714285714286		R, V, N	False	False
DB08912	DB00210	Dabrafenib	Adapalene	0.4904761904761905	L	D	False	False
DB08912	DB07841	Dabrafenib	Geranylgeranyl diphosphate	0.4904761904761903	L		True	False
DB04942	DB00255	Tamibarotene	Diethylstilbestrol	0.48989898989898983		L, G	False	False
DB12500	DB01069	Fedratinib	Promethazine	0.48917748917748916	L	R, V, D	False	False
DB01069	DB01013	Promethazine	Clobetasol propionate	0.48917748917748916	R, V, D		False	False
DB00850	DB01388	Perphenazine	Mibefradil	0.48917748917748916	N	C	False	False
DB13954	DB00477	Estradiol cypionate	Chlorpromazine	0.48894009216589884		N	False	False
DB13956	DB00477	Estradiol valerate	Chlorpromazine	0.48894009216589884		N	False	False
DB00201	DB07780	Caffeine	Farnesyl diphosphate	0.48809523809523814	R, V, N		False	False
DB00800	DB01229	Fenoldopam	Paclitaxel	0.48809523809523814	C	L	True	False
DB01248	DB00800	Docetaxel	Fenoldopam	0.48809523809523814	L	C	False	False
DB08521	DB01115	4-[4-(4-Fluorophenyl)-2-[4-[(R)-methylsulfinyl]phenyl]-1H-imidazol-5-yl]pyridine	Nifedipine	0.48750000000000004		C	False	False
DB01115	DB00818	Nifedipine	Propofol	0.48750000000000004	C	N	True	False
DB01254	DB13345	Dasatinib	Dihydroergocristine	0.4871175523349436	L	C	False	False
DB08175	DB00280	(2E,4E)-11-METHOXY-3,7,11-TRIMETHYLDODECA-2,4-DIENOIC ACID	Disopyramide	0.4867424242424243		C	False	False
DB12500	DB00280	Fedratinib	Disopyramide	0.4867424242424243	L	C	False	False
DB07594	DB12695	CCT-018159	Phenethyl Isothiocyanate	0.4865248226950354			False	False
DB05134	DB12695	Tanespimycin	Phenethyl Isothiocyanate	0.4865248226950354			False	False
DB07841	DB00280	Geranylgeranyl diphosphate	Disopyramide	0.4863095238095241		C	True	False
DB00887	DB00588	Bumetanide	Fluticasone propionate	0.48611111111111116	C, G		True	False
DB00393	DB01088	Nimodipine	Iloprost	0.48611111111111116	C	B	False	False
DB07859	DB00794	4-(4-CHLOROPHENYL)-4-[4-(1H-PYRAZOL-4-YL)PHENYL]PIPERIDINE	Primidone	0.48571428571428577		N	False	False
DB04599	DB00794	Aniracetam	Primidone	0.48571428571428577	N	N	True	False
DB08073	DB00794	(2S)-1-(1H-INDOL-3-YL)-3-{[5-(3-METHYL-1H-INDAZOL-5-YL)PYRIDIN-3-YL]OXY}PROPAN-2-AMINE	Primidone	0.48571428571428577		N	False	False
DB08756	DB00794	Y-27632	Primidone	0.48571428571428577		N	False	False
DB04513	DB00783	N-(6-Aminohexyl)-5-Chloro-1-Naphthalenesulfonamide	Estradiol	0.48571428571428554		G	False	False
DB01645	DB00280	Genistein	Disopyramide	0.48557692307692313		C	False	False
DB07859	DB01239	4-(4-CHLOROPHENYL)-4-[4-(1H-PYRAZOL-4-YL)PHENYL]PIPERIDINE	Chlorprothixene	0.4848484848484851		N	False	False
DB08073	DB01239	(2S)-1-(1H-INDOL-3-YL)-3-{[5-(3-METHYL-1H-INDAZOL-5-YL)PYRIDIN-3-YL]OXY}PROPAN-2-AMINE	Chlorprothixene	0.4848484848484851		N	False	False
DB01782	DB08896	Pyrazolanthrone	Regorafenib	0.48484848484848464		L	False	False
DB01100	DB08896	Pimozide	Regorafenib	0.48484848484848464	N	L	False	False
DB00280	DB00794	Disopyramide	Primidone	0.4847222222222223	C	N	False	False
DB01254	DB00508	Dasatinib	Triflupromazine	0.48447204968944124	L	N	False	False
DB00800	DB00159	Fenoldopam	Icosapent	0.48444976076555024	C		False	False
DB00794	DB01023	Primidone	Felodipine	0.4842809364548497	N	C	False	False
DB15399	DB06195	BMS-754807	Seliciclib	0.4841269841269842			False	False
DB06195	DB04942	Seliciclib	Tamibarotene	0.4841269841269842			False	False
DB06152	DB00459	Nylidrin	Acitretin	0.4841269841269842	C, G	D	False	False
DB07594	DB00836	CCT-018159	Loperamide	0.4841269841269842		A	False	False
DB05134	DB00836	Tanespimycin	Loperamide	0.4841269841269842		A	False	False
DB06155	DB00459	Rimonabant	Acitretin	0.4841269841269842	A	D	False	False
DB00201	DB07557	Caffeine	3,20-Pregnanedione	0.48412698412698396	R, V, N		False	False
DB00630	DB06486	Alendronic acid	Enzastaurin	0.4836538461538462	M		False	False
DB12500	DB02546	Fedratinib	Vorinostat	0.4833333333333334	L	L	False	False
DB00675	DB00800	Tamoxifen	Fenoldopam	0.48333333333333317	L	C	False	False
DB15399	DB00675	BMS-754807	Tamoxifen	0.48333333333333317		L	False	False
DB02010	DB00159	Staurosporine	Icosapent	0.483100233100233			False	False
DB04513	DB06486	N-(6-Aminohexyl)-5-Chloro-1-Naphthalenesulfonamide	Enzastaurin	0.4829545454545454			False	False
DB07859	DB00255	4-(4-CHLOROPHENYL)-4-[4-(1H-PYRAZOL-4-YL)PHENYL]PIPERIDINE	Diethylstilbestrol	0.48290598290598297		L, G	False	False
DB08073	DB00255	(2S)-1-(1H-INDOL-3-YL)-3-{[5-(3-METHYL-1H-INDAZOL-5-YL)PYRIDIN-3-YL]OXY}PROPAN-2-AMINE	Diethylstilbestrol	0.48290598290598297		L, G	False	False
DB01088	DB12695	Iloprost	Phenethyl Isothiocyanate	0.4828616352201258	B		False	False
DB00459	DB01023	Acitretin	Felodipine	0.4824175824175825	D	C	False	False
DB06486	DB00477	Enzastaurin	Chlorpromazine	0.48183497536945796		N	False	False
DB01054	DB01069	Nitrendipine	Promethazine	0.48124098124098147	C	R, V, D	True	False
DB01023	DB00875	Felodipine	Flupentixol	0.48122710622710607	C	N	True	False
DB01205	DB01118	Flumazenil	Amiodarone	0.480952380952381	V	C	False	False
DB00887	DB00800	Bumetanide	Fenoldopam	0.48076923076923084	C, G	C	False	False
DB01088	DB00396	Iloprost	Progesterone	0.4805555555555554	B	G	False	False
DB01088	DB00477	Iloprost	Chlorpromazine	0.47967980295566504	B	N	True	False
DB01054	DB08896	Nitrendipine	Regorafenib	0.47952380952380946	C	L	False	False
DB12500	DB13954	Fedratinib	Estradiol cypionate	0.47948717948717956	L		False	False
DB12500	DB13956	Fedratinib	Estradiol valerate	0.47948717948717956	L		False	False
DB12500	DB00396	Fedratinib	Progesterone	0.47948717948717956	L	G	False	False
DB00313	DB00939	Valproic acid	Meclofenamic acid	0.47936507936507944	N	M	False	False
DB01100	DB12695	Pimozide	Phenethyl Isothiocyanate	0.4792517006802721	N		False	False
DB00393	DB00975	Nimodipine	Dipyridamole	0.47916666666666674	C	B	False	False
DB02587	DB00925	Colforsin	Phenoxybenzamine	0.47916666666666674		C	False	False
DB00393	DB01248	Nimodipine	Docetaxel	0.4791666666666665	C	L	False	False
DB00393	DB01229	Nimodipine	Paclitaxel	0.4791666666666665	C	L	True	False
DB00836	DB04946	Loperamide	Iloperidone	0.479076479076479	A	N	False	False
DB00783	DB00588	Estradiol	Fluticasone propionate	0.4788961038961037	G		False	False
DB00630	DB01088	Alendronic acid	Iloprost	0.4788461538461537	M	B	True	False
DB01645	DB00436	Genistein	Bendroflumethiazide	0.4786324786324785		C, G	False	False
DB01205	DB03010	Flumazenil	Patupilone	0.4783549783549783	V		False	False
DB02116	DB00630	Olomoucine	Alendronic acid	0.47777777777777763		M	False	False
DB00783	DB01088	Estradiol	Iloprost	0.47738095238095246	G	B	False	False
DB01100	DB01388	Pimozide	Mibefradil	0.4772727272727273	N	C	False	False
DB01016	DB08916	Glyburide	Afatinib	0.4772727272727273	A	L	False	False
DB01069	DB00436	Promethazine	Bendroflumethiazide	0.4772727272727273	R, V, D	C, G	False	False
DB02424	DB01054	Geldanamycin	Nitrendipine	0.4761904761904763		C	False	False
DB12500	DB00568	Fedratinib	Cinnarizine	0.4761904761904763	L	N	False	False
DB12500	DB01054	Fedratinib	Nitrendipine	0.4761904761904763	L	C	False	False
DB01054	DB00210	Nitrendipine	Adapalene	0.4761904761904763	C	D	False	False
DB01054	DB12093	Nitrendipine	Tetrahydropalmatine	0.4761904761904763	C		False	False
DB01054	DB01013	Nitrendipine	Clobetasol propionate	0.4761904761904763	C		False	False
DB08175	DB13345	(2E,4E)-11-METHOXY-3,7,11-TRIMETHYLDODECA-2,4-DIENOIC ACID	Dihydroergocristine	0.4761904761904763		C	False	False
DB02659	DB01023	Cholic Acid	Felodipine	0.47597500538676996	A	C	False	False
DB12695	DB12093	Phenethyl Isothiocyanate	Tetrahydropalmatine	0.4758865248226949			False	False
DB02116	DB00459	Olomoucine	Acitretin	0.474025974025974		D	False	False
DB07859	DB06195	4-(4-CHLOROPHENYL)-4-[4-(1H-PYRAZOL-4-YL)PHENYL]PIPERIDINE	Seliciclib	0.474025974025974			False	False
DB08073	DB06195	(2S)-1-(1H-INDOL-3-YL)-3-{[5-(3-METHYL-1H-INDAZOL-5-YL)PYRIDIN-3-YL]OXY}PROPAN-2-AMINE	Seliciclib	0.474025974025974			False	False
DB02010	DB00875	Staurosporine	Flupentixol	0.47390109890109877		N	False	False
DB08912	DB01016	Dabrafenib	Glyburide	0.4730769230769232	L	A	False	False
DB08756	DB02010	Y-27632	Staurosporine	0.47285067873303155			False	False
DB00630	DB04946	Alendronic acid	Iloperidone	0.47272727272727266	M	N	False	False
DB00313	DB00715	Valproic acid	Paroxetine	0.4722222222222223	N	N	True	False
DB01205	DB00313	Flumazenil	Valproic acid	0.4722222222222223	V	N	False	False
DB07557	DB01119	3,20-Pregnanedione	Diazoxide	0.4722222222222223		C, V, G	False	False
DB00887	DB01622	Bumetanide	Thioproperazine	0.4722222222222223	C, G	N	False	False
DB01622	DB00482	Thioproperazine	Celecoxib	0.4722222222222223	N	M, C, G, L	True	False
DB04297	DB01239	Trichostatin A	Chlorprothixene	0.4720279720279721		N	False	False
DB06152	DB00939	Nylidrin	Meclofenamic acid	0.47142857142857153	C, G	M	True	False
DB15399	DB02546	BMS-754807	Vorinostat	0.4714285714285713		L	False	False
DB01054	DB04946	Nitrendipine	Iloperidone	0.4711399711399711	C	N	True	False
DB00622	DB02010	Nicardipine	Staurosporine	0.47032967032967044	C		False	False
DB06486	DB00255	Enzastaurin	Diethylstilbestrol	0.4701797385620914		L, G	False	False
DB08059	DB01023	Wortmannin	Felodipine	0.470022624434389		C	False	False
DB07594	DB00210	CCT-018159	Adapalene	0.46969696969696995		D	False	False
DB05134	DB00210	Tanespimycin	Adapalene	0.46969696969696995		D	False	False
DB08059	DB01069	Wortmannin	Promethazine	0.468939393939394		R, V, D	False	False
DB02546	DB08896	Vorinostat	Regorafenib	0.4688405797101449	L	L	False	False
DB00622	DB01088	Nicardipine	Iloprost	0.46847826086956545	C	B	False	False
DB00675	DB00715	Tamoxifen	Paroxetine	0.46818181818181803	L	N	False	False
DB00622	DB01248	Nicardipine	Docetaxel	0.4666666666666668	C	L	False	False
DB13956	DB08912	Estradiol valerate	Dabrafenib	0.4666666666666668		L	False	False
DB01205	DB05266	Flumazenil	Ibudilast	0.4666666666666668	V	R	False	False
DB08073	DB00818	(2S)-1-(1H-INDOL-3-YL)-3-{[5-(3-METHYL-1H-INDAZOL-5-YL)PYRIDIN-3-YL]OXY}PROPAN-2-AMINE	Propofol	0.4666666666666668		N	False	False
DB02546	DB01244	Vorinostat	Bepridil	0.4666666666666668	L	C	True	False
DB08912	DB07780	Dabrafenib	Farnesyl diphosphate	0.4666666666666668	L		True	False
DB01248	DB00818	Docetaxel	Propofol	0.4666666666666668	L	N	False	False
DB08756	DB00818	Y-27632	Propofol	0.4666666666666668		N	False	False
DB07859	DB00818	4-(4-CHLOROPHENYL)-4-[4-(1H-PYRAZOL-4-YL)PHENYL]PIPERIDINE	Propofol	0.4666666666666668		N	False	False
DB13954	DB08912	Estradiol cypionate	Dabrafenib	0.4666666666666668		L	False	False
DB00622	DB01229	Nicardipine	Paclitaxel	0.4666666666666668	C	L	False	False
DB02116	DB08912	Olomoucine	Dabrafenib	0.4666666666666668		L	False	False
DB08521	DB13954	4-[4-(4-Fluorophenyl)-2-[4-[(R)-methylsulfinyl]phenyl]-1H-imidazol-5-yl]pyridine	Estradiol cypionate	0.4666666666666668			False	False
DB01248	DB05266	Docetaxel	Ibudilast	0.4666666666666668	L	R	True	False
DB08521	DB13956	4-[4-(4-Fluorophenyl)-2-[4-[(R)-methylsulfinyl]phenyl]-1H-imidazol-5-yl]pyridine	Estradiol valerate	0.4666666666666668			False	False
DB13956	DB06595	Estradiol valerate	Midostaurin	0.4666666666666668		L	False	False
DB08877	DB08912	Ruxolitinib	Dabrafenib	0.4666666666666668	L	L	False	False
DB05266	DB01229	Ibudilast	Paclitaxel	0.4666666666666668	R	L	True	False
DB01229	DB00818	Paclitaxel	Propofol	0.4666666666666668	L	N	False	False
DB13954	DB06595	Estradiol cypionate	Midostaurin	0.4666666666666668		L	False	False
DB01205	DB00396	Flumazenil	Progesterone	0.4666666666666668	V	G	False	False
DB08912	DB08895	Dabrafenib	Tofacitinib	0.4666666666666668	L	L	False	False
DB07557	DB06595	3,20-Pregnanedione	Midostaurin	0.46666666666666656		L	False	False
DB08877	DB01229	Ruxolitinib	Paclitaxel	0.46666666666666656	L	L	False	False
DB01248	DB08895	Docetaxel	Tofacitinib	0.46666666666666656	L	L	False	False
DB01229	DB08895	Paclitaxel	Tofacitinib	0.46666666666666656	L	L	False	False
DB01100	DB06595	Pimozide	Midostaurin	0.46666666666666656	N	L	False	False
DB02424	DB00622	Geldanamycin	Nicardipine	0.46666666666666656		C	False	False
DB00508	DB00794	Triflupromazine	Primidone	0.46666666666666656	N	N	False	False
DB08877	DB01248	Ruxolitinib	Docetaxel	0.46666666666666656	L	L	False	False
DB01622	DB06595	Thioproperazine	Midostaurin	0.46666666666666656	N	L	False	False
DB08916	DB01023	Afatinib	Felodipine	0.46634615384615374	L	C	False	False
DB07863	DB01023	2-chloro-5-nitro-N-phenylbenzamide	Felodipine	0.46634615384615374		C	False	False
DB02659	DB12695	Cholic Acid	Phenethyl Isothiocyanate	0.4658008658008659	A		False	False
DB01016	DB00210	Glyburide	Adapalene	0.46568627450980404	A	D	False	False
DB02010	DB00555	Staurosporine	Lamotrigine	0.4654343501326259		N	False	False
DB01244	DB07780	Bepridil	Farnesyl diphosphate	0.4647058823529411	C		True	False
DB02587	DB00622	Colforsin	Nicardipine	0.46447368421052637		C	False	False
DB01782	DB01118	Pyrazolanthrone	Amiodarone	0.4642857142857144		C	False	False
DB02424	DB02659	Geldanamycin	Cholic Acid	0.4642857142857144		A	False	False
DB00393	DB13345	Nimodipine	Dihydroergocristine	0.4642857142857144	C	C	False	False
DB01622	DB08916	Thioproperazine	Afatinib	0.4642857142857142	N	L	False	False
DB08896	DB01013	Regorafenib	Clobetasol propionate	0.4642857142857142	L		False	False
DB00783	DB00477	Estradiol	Chlorpromazine	0.4642857142857142	G	N	False	False
DB07863	DB01100	2-chloro-5-nitro-N-phenylbenzamide	Pimozide	0.4642857142857142		N	False	False
DB00794	DB00875	Primidone	Flupentixol	0.4638888888888888	N	N	False	False
DB01782	DB00255	Pyrazolanthrone	Diethylstilbestrol	0.4636752136752136		L, G	False	False
DB00622	DB01016	Nicardipine	Glyburide	0.46304347826086967	C	A	False	False
DB01254	DB00715	Dasatinib	Paroxetine	0.46304347826086967	L	N	False	False
DB01782	DB01023	Pyrazolanthrone	Felodipine	0.46266968325791824		C	False	False
DB02546	DB00280	Vorinostat	Disopyramide	0.4624999999999999	L	C	False	False
DB02010	DB05266	Staurosporine	Ibudilast	0.4623931623931623		R	False	False
DB01054	DB00255	Nitrendipine	Diethylstilbestrol	0.46230158730158744	C	L, G	False	False
DB12500	DB06195	Fedratinib	Seliciclib	0.4619047619047618	L		False	False
DB00836	DB01013	Loperamide	Clobetasol propionate	0.4619047619047618	A		False	False
DB02010	DB01023	Staurosporine	Felodipine	0.46153846153846145		C	False	False
DB08756	DB01388	Y-27632	Mibefradil	0.4606060606060607		C	False	False
DB08073	DB01388	(2S)-1-(1H-INDOL-3-YL)-3-{[5-(3-METHYL-1H-INDAZOL-5-YL)PYRIDIN-3-YL]OXY}PROPAN-2-AMINE	Mibefradil	0.4606060606060607		C	False	False
DB07859	DB01388	4-(4-CHLOROPHENYL)-4-[4-(1H-PYRAZOL-4-YL)PHENYL]PIPERIDINE	Mibefradil	0.4606060606060607		C	False	False
DB01069	DB00210	Promethazine	Adapalene	0.46060606060606046	R, V, D	D	False	False
DB00508	DB08896	Triflupromazine	Regorafenib	0.46014492753623193	N	L	False	False
DB13954	DB06486	Estradiol cypionate	Enzastaurin	0.45972222222222237			False	False
DB00396	DB00925	Progesterone	Phenoxybenzamine	0.45972222222222237	G	C	False	False
DB13956	DB06486	Estradiol valerate	Enzastaurin	0.45972222222222237			False	False
DB04297	DB00477	Trichostatin A	Chlorpromazine	0.45962732919254634		N	False	False
DB01016	DB00255	Glyburide	Diethylstilbestrol	0.45915032679738554	A	L, G	False	False
DB02659	DB01016	Cholic Acid	Glyburide	0.45853858784893275	A	A	False	False
DB01100	DB01088	Pimozide	Iloprost	0.4583333333333335	N	B	False	False
DB02424	DB01088	Geldanamycin	Iloprost	0.4583333333333335		B	False	False
DB01013	DB00436	Clobetasol propionate	Bendroflumethiazide	0.4583333333333335		C, G	True	False
DB12500	DB01119	Fedratinib	Diazoxide	0.4583333333333335	L	C, V, G	False	False
DB04297	DB00679	Trichostatin A	Thioridazine	0.4583333333333335		N	False	False
DB01782	DB01088	Pyrazolanthrone	Iloprost	0.4583333333333335		B	False	False
DB02587	DB00800	Colforsin	Fenoldopam	0.45833333333333326		C	False	False
DB07557	DB02010	3,20-Pregnanedione	Staurosporine	0.4581447963800904			False	False
DB11781	DB01069	Tosedostat	Promethazine	0.45804195804195813		R, V, D	False	False
DB02659	DB00482	Cholic Acid	Celecoxib	0.457875457875458	A	M, C, G, L	False	False
DB02659	DB01119	Cholic Acid	Diazoxide	0.457875457875458	A	C, V, G	False	False
DB00831	DB00630	Trifluoperazine	Alendronic acid	0.4575757575757575	N	M	False	False
DB01069	DB01088	Promethazine	Iloprost	0.457535885167464	R, V, D	B	False	False
DB01645	DB04942	Genistein	Tamibarotene	0.45641025641025657			False	False
DB12500	DB01244	Fedratinib	Bepridil	0.45641025641025634	L	C	False	False
DB01054	DB01254	Nitrendipine	Dasatinib	0.45590062111801233	C	L	False	False
DB07859	DB00939	4-(4-CHLOROPHENYL)-4-[4-(1H-PYRAZOL-4-YL)PHENYL]PIPERIDINE	Meclofenamic acid	0.4555555555555555		M	False	False
DB08073	DB00939	(2S)-1-(1H-INDOL-3-YL)-3-{[5-(3-METHYL-1H-INDAZOL-5-YL)PYRIDIN-3-YL]OXY}PROPAN-2-AMINE	Meclofenamic acid	0.4555555555555555		M	False	False
DB05984	DB03010	RAF-265	Patupilone	0.4545454545454546			False	False
DB03010	DB00482	Patupilone	Celecoxib	0.4545454545454546		M, C, G, L	False	False
DB03010	DB08916	Patupilone	Afatinib	0.4545454545454546		L	False	False
DB03010	DB12093	Patupilone	Tetrahydropalmatine	0.4545454545454546			False	False
DB03010	DB00568	Patupilone	Cinnarizine	0.4545454545454546		N	False	False
DB03010	DB00436	Patupilone	Bendroflumethiazide	0.4545454545454546		C, G	False	False
DB11781	DB03010	Tosedostat	Patupilone	0.4545454545454546			False	False
DB04297	DB03010	Trichostatin A	Patupilone	0.4545454545454546			False	False
DB03010	DB13345	Patupilone	Dihydroergocristine	0.4545454545454546		C	False	False
DB00508	DB03010	Triflupromazine	Patupilone	0.4545454545454546	N		False	False
DB08080	DB03010	Latrunculin B	Patupilone	0.4545454545454546			False	False
DB04946	DB00159	Iloperidone	Icosapent	0.4545454545454546	N		True	False
DB00818	DB01023	Propofol	Felodipine	0.453846153846154	N	C	False	False
DB00313	DB08896	Valproic acid	Regorafenib	0.4537037037037037	N	L	False	False
DB08896	DB00210	Regorafenib	Adapalene	0.4537037037037037	L	D	False	False
DB00477	DB00794	Chlorpromazine	Primidone	0.45345622119815676	N	N	False	False
DB00508	DB12695	Triflupromazine	Phenethyl Isothiocyanate	0.45333333333333337	N		False	False
DB02010	DB01239	Staurosporine	Chlorprothixene	0.4527972027972029		N	False	False
DB08912	DB00588	Dabrafenib	Fluticasone propionate	0.4527777777777777	L		False	False
DB02587	DB08912	Colforsin	Dabrafenib	0.4527777777777777		L	False	False
DB01069	DB01248	Promethazine	Docetaxel	0.45276292335115853	R, V, D	L	False	False
DB01069	DB01229	Promethazine	Paclitaxel	0.45276292335115853	R, V, D	L	False	False
DB00800	DB06595	Fenoldopam	Midostaurin	0.45238095238095233	C	L	False	False
DB04513	DB00477	N-(6-Aminohexyl)-5-Chloro-1-Naphthalenesulfonamide	Chlorpromazine	0.45238095238095233		N	False	False
DB08521	DB00783	4-[4-(4-Fluorophenyl)-2-[4-[(R)-methylsulfinyl]phenyl]-1H-imidazol-5-yl]pyridine	Estradiol	0.45238095238095233		G	False	False
DB00783	DB00436	Estradiol	Bendroflumethiazide	0.4523809523809521	G	C, G	False	False
DB00875	DB01119	Flupentixol	Diazoxide	0.4519230769230771	N	C, V, G	False	False
DB00482	DB00875	Celecoxib	Flupentixol	0.4519230769230771	M, C, G, L	N	True	False
DB02659	DB01645	Cholic Acid	Genistein	0.45108812755871575	A		False	False
DB08521	DB00159	4-[4-(4-Fluorophenyl)-2-[4-[(R)-methylsulfinyl]phenyl]-1H-imidazol-5-yl]pyridine	Icosapent	0.4510489510489508			False	False
DB00393	DB01254	Nimodipine	Dasatinib	0.45092226613965747	C	L	True	False
DB01254	DB04946	Dasatinib	Iloperidone	0.45047663334108323	L	N	False	False
DB01088	DB04946	Iloprost	Iloperidone	0.4503588516746413	B	N	False	False
DB06152	DB00800	Nylidrin	Fenoldopam	0.4500000000000002	C, G	C	False	False
DB04297	DB00800	Trichostatin A	Fenoldopam	0.4500000000000002		C	False	False
DB01782	DB00568	Pyrazolanthrone	Cinnarizine	0.4500000000000002		N	False	False
DB07557	DB00568	3,20-Pregnanedione	Cinnarizine	0.4500000000000002		N	False	False
DB02424	DB00715	Geldanamycin	Paroxetine	0.4500000000000002		N	False	False
DB07594	DB01016	CCT-018159	Glyburide	0.44999999999999996		A	False	False
DB01782	DB01244	Pyrazolanthrone	Bepridil	0.44999999999999996		C	False	False
DB07594	DB01244	CCT-018159	Bepridil	0.44999999999999996		C	False	False
DB01622	DB01244	Thioproperazine	Bepridil	0.44999999999999996	N	C	True	False
DB01100	DB00794	Pimozide	Primidone	0.44999999999999996	N	N	False	False
DB07557	DB00630	3,20-Pregnanedione	Alendronic acid	0.44999999999999996		M	False	False
DB05134	DB01244	Tanespimycin	Bepridil	0.44999999999999996		C	False	False
DB00630	DB08916	Alendronic acid	Afatinib	0.44999999999999996	M	L	False	False
DB05134	DB01016	Tanespimycin	Glyburide	0.44999999999999996		A	False	False
DB04297	DB00794	Trichostatin A	Primidone	0.44999999999999996		N	False	False
DB01782	DB00630	Pyrazolanthrone	Alendronic acid	0.44999999999999996		M	False	False
DB07557	DB01244	3,20-Pregnanedione	Bepridil	0.44999999999999996		C	False	False
DB00630	DB01016	Alendronic acid	Glyburide	0.44999999999999996	M	A	False	False
DB00393	DB00630	Nimodipine	Alendronic acid	0.44999999999999996	C	M	False	False
DB01100	DB00630	Pimozide	Alendronic acid	0.44999999999999996	N	M	False	False
DB01622	DB00630	Thioproperazine	Alendronic acid	0.44999999999999996	N	M	False	False
DB00313	DB04942	Valproic acid	Tamibarotene	0.4494949494949496	N		False	False
DB08521	DB00313	4-[4-(4-Fluorophenyl)-2-[4-[(R)-methylsulfinyl]phenyl]-1H-imidazol-5-yl]pyridine	Valproic acid	0.4494949494949496		N	False	False
DB07859	DB00210	4-(4-CHLOROPHENYL)-4-[4-(1H-PYRAZOL-4-YL)PHENYL]PIPERIDINE	Adapalene	0.4487179487179489		D	False	False
DB08073	DB00210	(2S)-1-(1H-INDOL-3-YL)-3-{[5-(3-METHYL-1H-INDAZOL-5-YL)PYRIDIN-3-YL]OXY}PROPAN-2-AMINE	Adapalene	0.4487179487179489		D	False	False
DB01088	DB00939	Iloprost	Meclofenamic acid	0.44807692307692304	B	M	True	False
DB07841	DB13345	Geranylgeranyl diphosphate	Dihydroergocristine	0.44805194805194803		C	False	False
DB00280	DB01388	Disopyramide	Mibefradil	0.4476674641148326	C	C	False	False
DB02659	DB00210	Cholic Acid	Adapalene	0.4476190476190478	A	D	False	False
DB12500	DB00555	Fedratinib	Lamotrigine	0.44682017543859653	L	N	False	False
DB02424	DB00555	Geldanamycin	Lamotrigine	0.44682017543859653		N	False	False
DB07863	DB08059	2-chloro-5-nitro-N-phenylbenzamide	Wortmannin	0.4464285714285714			False	False
DB02587	DB08916	Colforsin	Afatinib	0.4464285714285714		L	False	False
DB04513	DB02587	N-(6-Aminohexyl)-5-Chloro-1-Naphthalenesulfonamide	Colforsin	0.4464285714285714			False	False
DB08896	DB00477	Regorafenib	Chlorpromazine	0.44597069597069594	L	N	False	False
DB06152	DB07780	Nylidrin	Farnesyl diphosphate	0.44444444444444464	C, G		False	False
DB06266	DB00255	Lonidamine	Diethylstilbestrol	0.4444444444444444	L	L, G	False	False
DB00850	DB00255	Perphenazine	Diethylstilbestrol	0.4444444444444444	N	L, G	False	False
DB13345	DB00255	Dihydroergocristine	Diethylstilbestrol	0.4444444444444444	C	L, G	False	False
DB02424	DB00679	Geldanamycin	Thioridazine	0.4444444444444444		N	False	False
DB00436	DB00255	Bendroflumethiazide	Diethylstilbestrol	0.4444444444444444	C, G	L, G	False	False
DB08080	DB00255	Latrunculin B	Diethylstilbestrol	0.4444444444444444		L, G	False	False
DB12500	DB00679	Fedratinib	Thioridazine	0.4444444444444444	L	N	False	False
DB05984	DB00255	RAF-265	Diethylstilbestrol	0.4444444444444444		L, G	False	False
DB04513	DB01229	N-(6-Aminohexyl)-5-Chloro-1-Naphthalenesulfonamide	Paclitaxel	0.4444444444444442		L	False	False
DB00715	DB06595	Paroxetine	Midostaurin	0.4444444444444442	N	L	False	False
DB04513	DB01248	N-(6-Aminohexyl)-5-Chloro-1-Naphthalenesulfonamide	Docetaxel	0.4444444444444442		L	False	False
DB00818	DB06595	Propofol	Midostaurin	0.4439393939393941	N	L	False	False
DB01205	DB01244	Flumazenil	Bepridil	0.4435897435897438	V	C	False	False
DB02587	DB00313	Colforsin	Valproic acid	0.4433760683760686		N	False	False
DB00836	DB00393	Loperamide	Nimodipine	0.4432773109243697	A	C	False	False
DB00887	DB01239	Bumetanide	Chlorprothixene	0.44318181818181834	C, G	N	False	False
DB01239	DB01119	Chlorprothixene	Diazoxide	0.44318181818181834	N	C, V, G	False	False
DB00482	DB01239	Celecoxib	Chlorprothixene	0.44318181818181834	M, C, G, L	N	False	False
DB00477	DB06595	Chlorpromazine	Midostaurin	0.443121693121693	N	L	False	False
DB01054	DB05266	Nitrendipine	Ibudilast	0.44285714285714306	C	R	False	False
DB05984	DB00818	RAF-265	Propofol	0.44285714285714284		N	False	False
DB05266	DB12093	Ibudilast	Tetrahydropalmatine	0.44285714285714284	R		False	False
DB04297	DB00818	Trichostatin A	Propofol	0.44285714285714284		N	False	False
DB11781	DB00818	Tosedostat	Propofol	0.44285714285714284		N	False	False
DB04513	DB01054	N-(6-Aminohexyl)-5-Chloro-1-Naphthalenesulfonamide	Nitrendipine	0.44285714285714284		C	False	False
DB01069	DB01645	Promethazine	Genistein	0.44201631701631716	R, V, D		False	False
DB00588	DB00568	Fluticasone propionate	Cinnarizine	0.4416666666666669		N	False	False
DB02587	DB02546	Colforsin	Vorinostat	0.44166666666666665		L	False	False
DB08080	DB01388	Latrunculin B	Mibefradil	0.4415584415584417		C	False	False
DB01069	DB08916	Promethazine	Afatinib	0.4415584415584415	R, V, D	L	False	False
DB08896	DB01023	Regorafenib	Felodipine	0.44148056244830425	L	C	False	False
DB00831	DB00459	Trifluoperazine	Acitretin	0.4413919413919416	N	D	False	False
DB08059	DB12695	Wortmannin	Phenethyl Isothiocyanate	0.4409863945578232			False	False
DB01782	DB01254	Pyrazolanthrone	Dasatinib	0.4408212560386473		L	False	False
DB07841	DB00436	Geranylgeranyl diphosphate	Bendroflumethiazide	0.4404761904761907		C, G	False	False
DB00887	DB07841	Bumetanide	Geranylgeranyl diphosphate	0.4404761904761907	C, G		False	False
DB00850	DB07557	Perphenazine	3,20-Pregnanedione	0.4404761904761907	N		False	False
DB07841	DB00482	Geranylgeranyl diphosphate	Celecoxib	0.4404761904761907		M, C, G, L	False	False
DB07841	DB01119	Geranylgeranyl diphosphate	Diazoxide	0.4404761904761907		C, V, G	False	False
DB00201	DB01118	Caffeine	Amiodarone	0.44047619047619024	R, V, N	C	False	False
DB13956	DB00622	Estradiol valerate	Nicardipine	0.44000000000000017		C	False	False
DB13954	DB00622	Estradiol cypionate	Nicardipine	0.44000000000000017		C	False	False
DB08059	DB06195	Wortmannin	Seliciclib	0.43993506493506507			False	False
DB01069	DB00939	Promethazine	Meclofenamic acid	0.4397727272727274	R, V, D	M	False	False
DB00280	DB05266	Disopyramide	Ibudilast	0.43942307692307714	C	R	False	False
DB08073	DB04946	(2S)-1-(1H-INDOL-3-YL)-3-{[5-(3-METHYL-1H-INDAZOL-5-YL)PYRIDIN-3-YL]OXY}PROPAN-2-AMINE	Iloperidone	0.43939393939393945		N	False	False
DB07859	DB04946	4-(4-CHLOROPHENYL)-4-[4-(1H-PYRAZOL-4-YL)PHENYL]PIPERIDINE	Iloperidone	0.43939393939393945		N	False	False
DB00622	DB00313	Nicardipine	Valproic acid	0.4388888888888889	C	N	False	False
DB00313	DB06595	Valproic acid	Midostaurin	0.4388888888888889	N	L	False	False
DB04513	DB00675	N-(6-Aminohexyl)-5-Chloro-1-Naphthalenesulfonamide	Tamoxifen	0.43846153846153846		L	False	False
DB01388	DB00975	Mibefradil	Dipyridamole	0.4380570409982174	C	B	False	False
DB06152	DB00477	Nylidrin	Chlorpromazine	0.43788819875776364	C, G	N	False	False
DB01782	DB03010	Pyrazolanthrone	Patupilone	0.437878787878788			False	False
DB01100	DB01645	Pimozide	Genistein	0.43778280542986425	N		False	False
DB08521	DB06486	4-[4-(4-Fluorophenyl)-2-[4-[(R)-methylsulfinyl]phenyl]-1H-imidazol-5-yl]pyridine	Enzastaurin	0.4375			False	False
DB00482	DB00925	Celecoxib	Phenoxybenzamine	0.4375	M, C, G, L	C	False	False
DB01016	DB01088	Glyburide	Iloprost	0.4375	A	B	False	False
DB01115	DB01622	Nifedipine	Thioproperazine	0.4375	C	N	True	False
DB06486	DB13345	Enzastaurin	Dihydroergocristine	0.4375		C	False	False
DB01115	DB06486	Nifedipine	Enzastaurin	0.4375	C		False	False
DB08073	DB01115	(2S)-1-(1H-INDOL-3-YL)-3-{[5-(3-METHYL-1H-INDAZOL-5-YL)PYRIDIN-3-YL]OXY}PROPAN-2-AMINE	Nifedipine	0.4375		C	False	False
DB08080	DB00925	Latrunculin B	Phenoxybenzamine	0.4375		C	False	False
DB07859	DB01115	4-(4-CHLOROPHENYL)-4-[4-(1H-PYRAZOL-4-YL)PHENYL]PIPERIDINE	Nifedipine	0.4375		C	False	False
DB01115	DB01088	Nifedipine	Iloprost	0.4375	C	B	True	False
DB01115	DB02116	Nifedipine	Olomoucine	0.4375	C		False	False
DB15399	DB06486	BMS-754807	Enzastaurin	0.4375			False	False
DB01115	DB08756	Nifedipine	Y-27632	0.4375	C		False	False
DB06486	DB00436	Enzastaurin	Bendroflumethiazide	0.4375		C, G	False	False
DB08059	DB00280	Wortmannin	Disopyramide	0.4375		C	False	False
DB00887	DB06486	Bumetanide	Enzastaurin	0.4375	C, G		False	False
DB08756	DB06486	Y-27632	Enzastaurin	0.4375			False	False
DB00280	DB00588	Disopyramide	Fluticasone propionate	0.4375	C		True	False
DB06486	DB01088	Enzastaurin	Iloprost	0.4375		B	False	False
DB06152	DB00925	Nylidrin	Phenoxybenzamine	0.4375	C, G	C	False	False
DB01118	DB12093	Amiodarone	Tetrahydropalmatine	0.43650793650793673	C		True	False
DB00313	DB02659	Valproic acid	Cholic Acid	0.4365079365079365	N	A	False	False
DB01088	DB00794	Iloprost	Primidone	0.4361111111111111	B	N	False	False
DB01118	DB12695	Amiodarone	Phenethyl Isothiocyanate	0.4360805860805861	C		False	False
DB00675	DB01622	Tamoxifen	Thioproperazine	0.4357142857142857	L	N	False	False
DB00831	DB01088	Trifluoperazine	Iloprost	0.4345238095238093	N	B	False	False
DB01069	DB01254	Promethazine	Dasatinib	0.4344338525924203	R, V, D	L	False	False
DB01115	DB00939	Nifedipine	Meclofenamic acid	0.43365384615384617	C	M	True	False
DB00836	DB01388	Loperamide	Mibefradil	0.4336219336219336	A	C	False	False
DB08175	DB00353	(2E,4E)-11-METHOXY-3,7,11-TRIMETHYLDODECA-2,4-DIENOIC ACID	Methylergometrine	0.43333333333333357		G	False	False
DB08521	DB08175	4-[4-(4-Fluorophenyl)-2-[4-[(R)-methylsulfinyl]phenyl]-1H-imidazol-5-yl]pyridine	(2E,4E)-11-METHOXY-3,7,11-TRIMETHYLDODECA-2,4-DIENOIC ACID	0.43333333333333357			False	False
DB00850	DB15399	Perphenazine	BMS-754807	0.43333333333333357	N		False	False
DB08521	DB12500	4-[4-(4-Fluorophenyl)-2-[4-[(R)-methylsulfinyl]phenyl]-1H-imidazol-5-yl]pyridine	Fedratinib	0.43333333333333357		L	False	False
DB08597	DB02424	Dorsomorphin	Geldanamycin	0.43333333333333357			False	False
DB05134	DB00850	Tanespimycin	Perphenazine	0.43333333333333357		N	False	False
DB00850	DB08521	Perphenazine	4-[4-(4-Fluorophenyl)-2-[4-[(R)-methylsulfinyl]phenyl]-1H-imidazol-5-yl]pyridine	0.43333333333333357	N		False	False
DB04942	DB01013	Tamibarotene	Clobetasol propionate	0.43333333333333357			False	False
DB07594	DB00850	CCT-018159	Perphenazine	0.43333333333333357		N	False	False
DB13954	DB00508	Estradiol cypionate	Triflupromazine	0.43333333333333335		N	False	False
DB13956	DB00630	Estradiol valerate	Alendronic acid	0.43333333333333335		M	False	False
DB13954	DB00630	Estradiol cypionate	Alendronic acid	0.43333333333333335		M	False	False
DB13956	DB00508	Estradiol valerate	Triflupromazine	0.43333333333333335		N	False	False
DB04599	DB00568	Aniracetam	Cinnarizine	0.43333333333333335	N	N	False	False
DB08912	DB12695	Dabrafenib	Phenethyl Isothiocyanate	0.43333333333333335	L		False	False
DB08521	DB01254	4-[4-(4-Fluorophenyl)-2-[4-[(R)-methylsulfinyl]phenyl]-1H-imidazol-5-yl]pyridine	Dasatinib	0.43304347826086964		L	False	False
DB08059	DB00794	Wortmannin	Primidone	0.43214285714285716		N	True	False
DB00396	DB01388	Progesterone	Mibefradil	0.432034632034632	G	C	False	False
DB00715	DB00159	Paroxetine	Icosapent	0.43181818181818166	N		True	False
DB00393	DB00159	Nimodipine	Icosapent	0.43181818181818166	C		False	False
DB01118	DB04946	Amiodarone	Iloperidone	0.4314574314574313	C	N	False	False
DB01248	DB00555	Docetaxel	Lamotrigine	0.43087121212121193	L	N	False	False
DB01229	DB00555	Paclitaxel	Lamotrigine	0.43087121212121193	L	N	False	False
DB01239	DB01023	Chlorprothixene	Felodipine	0.43036130536130535	N	C	True	False
DB00630	DB00255	Alendronic acid	Diethylstilbestrol	0.4301587301587302	M	L, G	False	False
DB12500	DB01115	Fedratinib	Nifedipine	0.42992424242424265	L	C	False	False
DB08175	DB01115	(2E,4E)-11-METHOXY-3,7,11-TRIMETHYLDODECA-2,4-DIENOIC ACID	Nifedipine	0.42992424242424265		C	False	False
DB06486	DB05266	Enzastaurin	Ibudilast	0.42980769230769234		R	False	False
DB01100	DB00210	Pimozide	Adapalene	0.42948717948717974	N	D	False	False
DB00831	DB00794	Trifluoperazine	Primidone	0.4291666666666667	N	N	False	False
DB01054	DB00836	Nitrendipine	Loperamide	0.4285714285714288	C	A	False	False
DB06195	DB00568	Seliciclib	Cinnarizine	0.4285714285714286		N	False	False
DB11781	DB00459	Tosedostat	Acitretin	0.4285714285714286		D	False	False
DB06195	DB13345	Seliciclib	Dihydroergocristine	0.4285714285714286		C	False	False
DB04297	DB00836	Trichostatin A	Loperamide	0.4285714285714286		A	False	False
DB07594	DB00201	CCT-018159	Caffeine	0.4285714285714286		R, V, N	False	False
DB01092	DB06195	Ouabain	Seliciclib	0.4285714285714286	C		False	False
DB04297	DB00459	Trichostatin A	Acitretin	0.4285714285714286		D	False	False
DB00459	DB00482	Acitretin	Celecoxib	0.4285714285714286	D	M, C, G, L	False	False
DB05984	DB00836	RAF-265	Loperamide	0.4285714285714286		A	False	False
DB00836	DB00887	Loperamide	Bumetanide	0.4285714285714286	A	C, G	False	False
DB08521	DB00201	4-[4-(4-Fluorophenyl)-2-[4-[(R)-methylsulfinyl]phenyl]-1H-imidazol-5-yl]pyridine	Caffeine	0.4285714285714286		R, V, N	False	False
DB00568	DB08916	Cinnarizine	Afatinib	0.4285714285714286	N	L	False	False
DB06195	DB00508	Seliciclib	Triflupromazine	0.4285714285714286		N	False	False
DB06195	DB12093	Seliciclib	Tetrahydropalmatine	0.4285714285714286			False	False
DB01100	DB00393	Pimozide	Nimodipine	0.4285714285714286	N	C	True	False
DB08080	DB00459	Latrunculin B	Acitretin	0.4285714285714286		D	False	False
DB00836	DB08080	Loperamide	Latrunculin B	0.4285714285714286	A		False	False
DB00459	DB04447	Acitretin	1,4-Dithiothreitol	0.4285714285714286	D		False	False
DB00887	DB06195	Bumetanide	Seliciclib	0.4285714285714286	C, G		False	False
DB00836	DB00783	Loperamide	Estradiol	0.4285714285714286	A	G	False	False
DB00836	DB13345	Loperamide	Dihydroergocristine	0.4285714285714286	A	C	False	False
DB04513	DB00568	N-(6-Aminohexyl)-5-Chloro-1-Naphthalenesulfonamide	Cinnarizine	0.4285714285714286		N	False	False
DB00836	DB00482	Loperamide	Celecoxib	0.4285714285714286	A	M, C, G, L	False	False
DB04599	DB04447	Aniracetam	1,4-Dithiothreitol	0.4285714285714286	N		False	False
DB08756	DB08916	Y-27632	Afatinib	0.4285714285714286		L	False	False
DB05134	DB00201	Tanespimycin	Caffeine	0.4285714285714286		R, V, N	False	False
DB00459	DB01119	Acitretin	Diazoxide	0.4285714285714286	D	C, V, G	False	False
DB05984	DB00459	RAF-265	Acitretin	0.4285714285714286		D	False	False
DB06266	DB00459	Lonidamine	Acitretin	0.4285714285714286	L	D	False	False
DB11781	DB00508	Tosedostat	Triflupromazine	0.4285714285714284		N	False	False
DB12093	DB00436	Tetrahydropalmatine	Bendroflumethiazide	0.4285714285714284		C, G	False	False
DB04297	DB00508	Trichostatin A	Triflupromazine	0.4285714285714284		N	False	False
DB00630	DB01388	Alendronic acid	Mibefradil	0.42727272727272725	M	C	False	False
DB00313	DB03010	Valproic acid	Patupilone	0.4267676767676769	N		False	False
DB01254	DB03010	Dasatinib	Patupilone	0.42641246221808893	L		False	False
DB07557	DB07841	3,20-Pregnanedione	Geranylgeranyl diphosphate	0.4253246753246753			False	False
DB01088	DB00715	Iloprost	Paroxetine	0.4249999999999998	B	N	True	False
DB01088	DB12093	Iloprost	Tetrahydropalmatine	0.4249999999999998	B		False	False
DB08175	DB01023	(2E,4E)-11-METHOXY-3,7,11-TRIMETHYLDODECA-2,4-DIENOIC ACID	Felodipine	0.4246794871794872		C	False	False
DB12500	DB01023	Fedratinib	Felodipine	0.4246794871794872	L	C	False	False
DB00210	DB12093	Adapalene	Tetrahydropalmatine	0.4242424242424243	D		False	False
DB00679	DB01119	Thioridazine	Diazoxide	0.4242424242424243	N	C, V, G	False	False
DB02587	DB00159	Colforsin	Icosapent	0.42348484848484835			False	False
DB01645	DB13345	Genistein	Dihydroergocristine	0.42307692307692313		C	False	False
DB01239	DB01244	Chlorprothixene	Bepridil	0.42294372294372273	N	C	True	False
DB12500	DB00588	Fedratinib	Fluticasone propionate	0.42261904761904767	L		False	False
DB12500	DB02587	Fedratinib	Colforsin	0.42261904761904767	L		False	False
DB00850	DB08059	Perphenazine	Wortmannin	0.42261904761904767	N		True	False
DB00850	DB00588	Perphenazine	Fluticasone propionate	0.42261904761904767	N		True	False
DB01069	DB00255	Promethazine	Diethylstilbestrol	0.4217171717171717	R, V, D	L, G	False	False
DB06152	DB01054	Nylidrin	Nitrendipine	0.4206349206349205	C, G	C	False	False
DB12093	DB01023	Tetrahydropalmatine	Felodipine	0.42051282051282035		C	False	False
DB08059	DB07780	Wortmannin	Farnesyl diphosphate	0.4204545454545454			False	False
DB00459	DB01088	Acitretin	Iloprost	0.4202380952380953	D	B	False	False
DB00201	DB00794	Caffeine	Primidone	0.4202380952380951	R, V, N	N	False	False
DB02546	DB01254	Vorinostat	Dasatinib	0.42018633540372674	L	L	True	False
DB00675	DB00622	Tamoxifen	Nicardipine	0.42000000000000015	L	C	False	False
DB02659	DB01244	Cholic Acid	Bepridil	0.41966205837173565	A	C	False	False
DB06152	DB01069	Nylidrin	Promethazine	0.41958041958042	C, G	R, V, D	True	False
DB08912	DB00783	Dabrafenib	Estradiol	0.4190476190476191	L	G	False	False
DB00783	DB01013	Estradiol	Clobetasol propionate	0.4190476190476191	G		False	False
DB12500	DB00783	Fedratinib	Estradiol	0.4190476190476191	L	G	False	False
DB00783	DB00818	Estradiol	Propofol	0.4190476190476191	G	N	False	False
DB08756	DB00555	Y-27632	Lamotrigine	0.41874999999999996		N	False	False
DB00630	DB00555	Alendronic acid	Lamotrigine	0.41874999999999996	M	N	False	False
DB07859	DB00555	4-(4-CHLOROPHENYL)-4-[4-(1H-PYRAZOL-4-YL)PHENYL]PIPERIDINE	Lamotrigine	0.41874999999999996		N	False	False
DB08073	DB00555	(2S)-1-(1H-INDOL-3-YL)-3-{[5-(3-METHYL-1H-INDAZOL-5-YL)PYRIDIN-3-YL]OXY}PROPAN-2-AMINE	Lamotrigine	0.41874999999999996		N	False	False
DB08756	DB01023	Y-27632	Felodipine	0.41855203619909487		C	False	False
DB07859	DB01023	4-(4-CHLOROPHENYL)-4-[4-(1H-PYRAZOL-4-YL)PHENYL]PIPERIDINE	Felodipine	0.41855203619909487		C	False	False
DB08073	DB01023	(2S)-1-(1H-INDOL-3-YL)-3-{[5-(3-METHYL-1H-INDAZOL-5-YL)PYRIDIN-3-YL]OXY}PROPAN-2-AMINE	Felodipine	0.41855203619909487		C	False	False
DB12695	DB00925	Phenethyl Isothiocyanate	Phenoxybenzamine	0.41800314465408817		C	False	False
DB05984	DB00622	RAF-265	Nicardipine	0.4176470588235295		C	False	False
DB02116	DB00975	Olomoucine	Dipyridamole	0.41666666666666674		B	False	False
DB08521	DB01100	4-[4-(4-Fluorophenyl)-2-[4-[(R)-methylsulfinyl]phenyl]-1H-imidazol-5-yl]pyridine	Pimozide	0.41666666666666674		N	False	False
DB04513	DB00975	N-(6-Aminohexyl)-5-Chloro-1-Naphthalenesulfonamide	Dipyridamole	0.41666666666666674		B	False	False
DB01013	DB06595	Clobetasol propionate	Midostaurin	0.41666666666666674		L	False	False
DB08597	DB07557	Dorsomorphin	3,20-Pregnanedione	0.41666666666666674			False	False
DB00975	DB08895	Dipyridamole	Tofacitinib	0.41666666666666674	B	L	True	False
DB08916	DB00975	Afatinib	Dipyridamole	0.41666666666666674	L	B	False	False
DB00201	DB02659	Caffeine	Cholic Acid	0.41666666666666674	R, V, N	A	False	False
DB01092	DB00975	Ouabain	Dipyridamole	0.41666666666666674	C	B	False	False
DB02587	DB00875	Colforsin	Flupentixol	0.41666666666666674		N	False	False
DB15399	DB01100	BMS-754807	Pimozide	0.41666666666666674		N	False	False
DB00210	DB08916	Adapalene	Afatinib	0.41666666666666674	D	L	False	False
DB08521	DB07557	4-[4-(4-Fluorophenyl)-2-[4-[(R)-methylsulfinyl]phenyl]-1H-imidazol-5-yl]pyridine	3,20-Pregnanedione	0.41666666666666674			False	False
DB07780	DB00975	Farnesyl diphosphate	Dipyridamole	0.41666666666666674		B	False	False
DB07780	DB01119	Farnesyl diphosphate	Diazoxide	0.41666666666666674		C, V, G	False	False
DB08597	DB00975	Dorsomorphin	Dipyridamole	0.41666666666666674		B	False	False
DB00679	DB06595	Thioridazine	Midostaurin	0.41666666666666674	N	L	False	False
DB15399	DB00975	BMS-754807	Dipyridamole	0.41666666666666674		B	False	False
DB08877	DB00975	Ruxolitinib	Dipyridamole	0.41666666666666674	L	B	True	False
DB04942	DB00975	Tamibarotene	Dipyridamole	0.41666666666666674		B	False	False
DB07863	DB00975	2-chloro-5-nitro-N-phenylbenzamide	Dipyridamole	0.41666666666666674		B	False	False
DB06266	DB07557	Lonidamine	3,20-Pregnanedione	0.4166666666666665	L		False	False
DB02116	DB08896	Olomoucine	Regorafenib	0.4166666666666665		L	False	False
DB06155	DB07557	Rimonabant	3,20-Pregnanedione	0.4166666666666665	A		False	False
DB05134	DB00831	Tanespimycin	Trifluoperazine	0.4166666666666665		N	False	False
DB08877	DB08896	Ruxolitinib	Regorafenib	0.4166666666666665	L	L	False	False
DB08597	DB01229	Dorsomorphin	Paclitaxel	0.4166666666666665		L	False	False
DB01782	DB01205	Pyrazolanthrone	Flumazenil	0.4166666666666665		V	False	False
DB06152	DB00393	Nylidrin	Nimodipine	0.4166666666666665	C, G	C	False	False
DB04297	DB06595	Trichostatin A	Midostaurin	0.4166666666666665		L	False	False
DB08597	DB01248	Dorsomorphin	Docetaxel	0.4166666666666665		L	False	False
DB08521	DB08896	4-[4-(4-Fluorophenyl)-2-[4-[(R)-methylsulfinyl]phenyl]-1H-imidazol-5-yl]pyridine	Regorafenib	0.4166666666666665		L	False	False
DB01205	DB01016	Flumazenil	Glyburide	0.4166666666666665	V	A	False	False
DB01782	DB00831	Pyrazolanthrone	Trifluoperazine	0.4166666666666665		N	False	False
DB11781	DB00393	Tosedostat	Nimodipine	0.4166666666666665		C	False	False
DB08896	DB00568	Regorafenib	Cinnarizine	0.4166666666666665	L	N	False	False
DB01100	DB01205	Pimozide	Flumazenil	0.4166666666666665	N	V	False	False
DB07594	DB00831	CCT-018159	Trifluoperazine	0.4166666666666665		N	False	False
DB08896	DB08895	Regorafenib	Tofacitinib	0.4166666666666665	L	L	False	False
DB01016	DB13345	Glyburide	Dihydroergocristine	0.4166666666666665	A	C	False	False
DB00887	DB01205	Bumetanide	Flumazenil	0.4166666666666665	C, G	V	False	False
DB08896	DB00436	Regorafenib	Bendroflumethiazide	0.4166666666666665	L	C, G	False	False
DB01205	DB00436	Flumazenil	Bendroflumethiazide	0.4166666666666665	V	C, G	False	False
DB04297	DB00831	Trichostatin A	Trifluoperazine	0.4166666666666665		N	False	False
DB11781	DB06595	Tosedostat	Midostaurin	0.4166666666666665		L	False	False
DB05984	DB07557	RAF-265	3,20-Pregnanedione	0.4166666666666665			False	False
DB04297	DB01622	Trichostatin A	Thioproperazine	0.4166666666666665		N	False	False
DB04297	DB08896	Trichostatin A	Regorafenib	0.4166666666666665		L	False	False
DB05134	DB03010	Tanespimycin	Patupilone	0.41608391608391604			False	False
DB07594	DB03010	CCT-018159	Patupilone	0.41608391608391604			False	False
DB01054	DB13345	Nitrendipine	Dihydroergocristine	0.4155844155844157	C	C	False	False
DB04513	DB00396	N-(6-Aminohexyl)-5-Chloro-1-Naphthalenesulfonamide	Progesterone	0.41538461538461546		G	False	False
DB01229	DB00477	Paclitaxel	Chlorpromazine	0.41534391534391535	L	N	False	False
DB01248	DB00477	Docetaxel	Chlorpromazine	0.41534391534391535	L	N	False	False
DB06486	DB01244	Enzastaurin	Bepridil	0.41527777777777763		C	False	False
DB00887	DB01388	Bumetanide	Mibefradil	0.4147727272727273	C, G	C	False	False
DB00482	DB01388	Celecoxib	Mibefradil	0.4147727272727273	M, C, G, L	C	False	False
DB07863	DB01115	2-chloro-5-nitro-N-phenylbenzamide	Nifedipine	0.4147727272727273		C	False	False
DB08521	DB00630	4-[4-(4-Fluorophenyl)-2-[4-[(R)-methylsulfinyl]phenyl]-1H-imidazol-5-yl]pyridine	Alendronic acid	0.41428571428571415		M	False	False
DB00630	DB01118	Alendronic acid	Amiodarone	0.41428571428571415	M	C	True	False
DB00675	DB01088	Tamoxifen	Iloprost	0.41388888888888875	L	B	False	False
DB02659	DB04447	Cholic Acid	1,4-Dithiothreitol	0.41321044546850993	A		False	False
DB12695	DB13345	Phenethyl Isothiocyanate	Dihydroergocristine	0.4129251700680272		C	False	False
DB11781	DB12695	Tosedostat	Phenethyl Isothiocyanate	0.4120567375886526			False	False
DB08912	DB13345	Dabrafenib	Dihydroergocristine	0.4111111111111112	L	C	False	False
DB05266	DB13345	Ibudilast	Dihydroergocristine	0.4111111111111112	R	C	False	False
DB02424	DB00477	Geldanamycin	Chlorpromazine	0.4107142857142858		N	False	False
DB01782	DB01069	Pyrazolanthrone	Promethazine	0.41060606060606064		R, V, D	False	False
DB00210	DB13345	Adapalene	Dihydroergocristine	0.4102564102564106	D	C	False	False
DB00482	DB00555	Celecoxib	Lamotrigine	0.4092261904761907	M, C, G, L	N	True	False
DB01388	DB00159	Mibefradil	Icosapent	0.40909090909090917	C		False	False
DB01069	DB03010	Promethazine	Patupilone	0.40909090909090917	R, V, D		False	False
DB03010	DB00159	Patupilone	Icosapent	0.40909090909090895			False	False
DB02659	DB00975	Cholic Acid	Dipyridamole	0.40873015873015883	A	B	True	False
DB01244	DB00875	Bepridil	Flupentixol	0.4083333333333332	C	N	True	False
DB06595	DB00555	Midostaurin	Lamotrigine	0.4081439393939392	L	N	False	False
DB00975	DB00939	Dipyridamole	Meclofenamic acid	0.4075757575757577	B	M	True	False
DB02424	DB00925	Geldanamycin	Phenoxybenzamine	0.40719696969696995		C	False	False
DB12500	DB06486	Fedratinib	Enzastaurin	0.40719696969696995	L		False	False
DB06486	DB01013	Enzastaurin	Clobetasol propionate	0.40719696969696995			False	False
DB00622	DB00975	Nicardipine	Dipyridamole	0.4071428571428575	C	B	True	False
DB01782	DB13956	Pyrazolanthrone	Estradiol valerate	0.40714285714285725			False	False
DB01782	DB13954	Pyrazolanthrone	Estradiol cypionate	0.40714285714285725			False	False
DB02010	DB00588	Staurosporine	Fluticasone propionate	0.40667420814479627			False	False
DB00836	DB01622	Loperamide	Thioproperazine	0.4058441558441559	A	N	True	False
DB01782	DB00459	Pyrazolanthrone	Acitretin	0.4058441558441559		D	False	False
DB02010	DB01013	Staurosporine	Clobetasol propionate	0.40544871794871806			False	False
DB01254	DB01016	Dasatinib	Glyburide	0.40497896213183737	L	A	False	False
DB00622	DB00159	Nicardipine	Icosapent	0.40489510489510505	C		False	False
DB00508	DB00210	Triflupromazine	Adapalene	0.4047619047619051	N	D	False	False
DB00887	DB00210	Bumetanide	Adapalene	0.4047619047619051	C, G	D	False	False
DB08756	DB01013	Y-27632	Clobetasol propionate	0.4047619047619049			False	False
DB00313	DB12093	Valproic acid	Tetrahydropalmatine	0.404040404040404	N		True	False
DB00622	DB00783	Nicardipine	Estradiol	0.403896103896104	C	G	False	False
DB00508	DB01016	Triflupromazine	Glyburide	0.40384615384615374	N	A	False	False
DB01016	DB00436	Glyburide	Bendroflumethiazide	0.40384615384615374	A	C, G	False	False
DB01016	DB00482	Glyburide	Celecoxib	0.40384615384615374	A	M, C, G, L	False	False
DB07557	DB01254	3,20-Pregnanedione	Dasatinib	0.4037842190016103		L	False	False
DB13956	DB00555	Estradiol valerate	Lamotrigine	0.4033653846153846		N	False	False
DB13954	DB00555	Estradiol cypionate	Lamotrigine	0.4033653846153846		N	False	False
DB06155	DB02659	Rimonabant	Cholic Acid	0.40269151138716364	A	A	False	False
DB00850	DB13954	Perphenazine	Estradiol cypionate	0.40256410256410247	N		False	False
DB00850	DB13956	Perphenazine	Estradiol valerate	0.40256410256410247	N		False	False
DB00630	DB00783	Alendronic acid	Estradiol	0.4023809523809525	M	G	False	False
DB08912	DB01069	Dabrafenib	Promethazine	0.40227272727272734	L	R, V, D	False	False
DB01069	DB06486	Promethazine	Enzastaurin	0.40161483253588526	R, V, D		False	False
DB01016	DB01013	Glyburide	Clobetasol propionate	0.4015151515151516	A		True	False
DB00850	DB01016	Perphenazine	Glyburide	0.4015151515151516	N	A	False	False
DB01054	DB01088	Nitrendipine	Iloprost	0.4011904761904761	C	B	False	False
DB00482	DB00477	Celecoxib	Chlorpromazine	0.401098901098901	M, C, G, L	N	False	False
DB01254	DB00555	Dasatinib	Lamotrigine	0.4010242474916388	L	N	True	False
DB06486	DB01023	Enzastaurin	Felodipine	0.4008699633699633		C	False	False
DB00159	DB00555	Icosapent	Lamotrigine	0.40056818181818166		N	True	False
DB01115	DB01239	Nifedipine	Chlorprothixene	0.4004186602870814	C	N	True	False
DB00482	DB05266	Celecoxib	Ibudilast	0.40000000000000013	M, C, G, L	R	True	False
DB00622	DB00482	Nicardipine	Celecoxib	0.40000000000000013	C	M, C, G, L	False	False
DB00630	DB00508	Alendronic acid	Triflupromazine	0.40000000000000013	M	N	False	False
DB00508	DB00818	Triflupromazine	Propofol	0.40000000000000013	N	N	False	False
DB08912	DB00396	Dabrafenib	Progesterone	0.40000000000000013	L	G	False	False
DB00675	DB00794	Tamoxifen	Primidone	0.40000000000000013	L	N	False	False
DB00675	DB00630	Tamoxifen	Alendronic acid	0.40000000000000013	L	M	False	False
DB00887	DB05266	Bumetanide	Ibudilast	0.40000000000000013	C, G	R	True	False
DB05266	DB01119	Ibudilast	Diazoxide	0.40000000000000013	R	C, V, G	False	False
DB02546	DB00630	Vorinostat	Alendronic acid	0.40000000000000013	L	M	False	False
DB01244	DB00939	Bepridil	Meclofenamic acid	0.40000000000000013	C	M	False	False
DB04513	DB06155	N-(6-Aminohexyl)-5-Chloro-1-Naphthalenesulfonamide	Rimonabant	0.3999999999999999		A	False	False
DB00939	DB13345	Meclofenamic acid	Dihydroergocristine	0.3999999999999999	M	C	True	False
DB02546	DB00568	Vorinostat	Cinnarizine	0.3999999999999999	L	N	True	False
DB02546	DB00508	Vorinostat	Triflupromazine	0.3999999999999999	L	N	False	False
DB06152	DB01092	Nylidrin	Ouabain	0.3999999999999999	C, G	C	False	False
DB06266	DB00939	Lonidamine	Meclofenamic acid	0.3999999999999999	L	M	False	False
DB00508	DB00939	Triflupromazine	Meclofenamic acid	0.3999999999999999	N	M	False	False
DB00675	DB04942	Tamoxifen	Tamibarotene	0.3999999999999999	L		False	False
DB02546	DB00436	Vorinostat	Bendroflumethiazide	0.3999999999999999	L	C, G	True	False
DB02546	DB12093	Vorinostat	Tetrahydropalmatine	0.3999999999999999	L		True	False
DB02546	DB07780	Vorinostat	Farnesyl diphosphate	0.3999999999999999	L		True	False
DB02546	DB13345	Vorinostat	Dihydroergocristine	0.3999999999999999	L	C	False	False
DB00615	DB00939	Rifabutin	Meclofenamic acid	0.3999999999999999	J	M	False	False
DB05134	DB07863	Tanespimycin	2-chloro-5-nitro-N-phenylbenzamide	0.3999999999999999			False	False
DB00508	DB00436	Triflupromazine	Bendroflumethiazide	0.3999999999999999	N	C, G	False	False
DB07594	DB07863	CCT-018159	2-chloro-5-nitro-N-phenylbenzamide	0.3999999999999999			False	False
DB12093	DB00939	Tetrahydropalmatine	Meclofenamic acid	0.3999999999999999		M	False	False
DB05984	DB00939	RAF-265	Meclofenamic acid	0.3999999999999999		M	False	False
DB08080	DB00939	Latrunculin B	Meclofenamic acid	0.3999999999999999		M	False	False
DB07863	DB02546	2-chloro-5-nitro-N-phenylbenzamide	Vorinostat	0.3999999999999999		L	False	False
DB11781	DB02546	Tosedostat	Vorinostat	0.3999999999999999		L	False	False
DB08521	DB00255	4-[4-(4-Fluorophenyl)-2-[4-[(R)-methylsulfinyl]phenyl]-1H-imidazol-5-yl]pyridine	Diethylstilbestrol	0.398989898989899		L, G	False	False
DB00887	DB04946	Bumetanide	Iloperidone	0.3977272727272727	C, G	N	False	False
DB01016	DB01118	Glyburide	Amiodarone	0.39761904761904776	A	C	False	False
DB01118	DB00800	Amiodarone	Fenoldopam	0.39761904761904776	C	C	True	False
DB00783	DB12093	Estradiol	Tetrahydropalmatine	0.39682539682539675	G		False	False
DB03010	DB00477	Patupilone	Chlorpromazine	0.3965097402597402		N	False	False
DB01622	DB00280	Thioproperazine	Disopyramide	0.3958333333333335	N	C	False	False
DB00210	DB00280	Adapalene	Disopyramide	0.3958333333333335	D	C	False	False
DB00280	DB01013	Disopyramide	Clobetasol propionate	0.3958333333333335	C		True	False
DB01782	DB00280	Pyrazolanthrone	Disopyramide	0.3958333333333335		C	False	False
DB01115	DB00588	Nifedipine	Fluticasone propionate	0.39583333333333326	C		False	False
DB01115	DB08059	Nifedipine	Wortmannin	0.39583333333333326	C		False	False
DB08896	DB00396	Regorafenib	Progesterone	0.3952380952380954	L	G	False	False
DB13954	DB08896	Estradiol cypionate	Regorafenib	0.3952380952380954		L	False	False
DB08912	DB06195	Dabrafenib	Seliciclib	0.3952380952380954	L		False	False
DB13956	DB08896	Estradiol valerate	Regorafenib	0.3952380952380954		L	False	False
DB00783	DB06595	Estradiol	Midostaurin	0.3946886446886446	G	L	False	False
DB02010	DB00715	Staurosporine	Paroxetine	0.3946153846153846		N	False	False
DB02116	DB01254	Olomoucine	Dasatinib	0.394524959742351		L	False	False
DB00568	DB00255	Cinnarizine	Diethylstilbestrol	0.3944444444444444	N	L, G	False	False
DB00831	DB01388	Trifluoperazine	Mibefradil	0.39393939393939403	N	C	True	False
DB02587	DB00555	Colforsin	Lamotrigine	0.39375000000000004		N	False	False
DB02116	DB01645	Olomoucine	Genistein	0.3936651583710409			False	False
DB00630	DB12695	Alendronic acid	Phenethyl Isothiocyanate	0.3933333333333333	M		False	False
DB01054	DB00508	Nitrendipine	Triflupromazine	0.3928571428571428	C	N	False	False
DB01054	DB01016	Nitrendipine	Glyburide	0.3928571428571428	C	A	False	False
DB01054	DB07557	Nitrendipine	3,20-Pregnanedione	0.3928571428571428	C		False	False
DB08080	DB07557	Latrunculin B	3,20-Pregnanedione	0.3928571428571428			False	False
DB08080	DB01622	Latrunculin B	Thioproperazine	0.3928571428571428		N	False	False
DB04513	DB00925	N-(6-Aminohexyl)-5-Chloro-1-Naphthalenesulfonamide	Phenoxybenzamine	0.3920454545454546		C	False	False
DB02424	DB04946	Geldanamycin	Iloperidone	0.3917748917748918		N	False	False
DB02587	DB06595	Colforsin	Midostaurin	0.3916666666666666		L	False	False
DB02659	DB00396	Cholic Acid	Progesterone	0.3906298003072197	A	G	False	False
DB00568	DB00794	Cinnarizine	Primidone	0.39047619047619064	N	N	False	False
DB00630	DB00210	Alendronic acid	Adapalene	0.3904761904761904	M	D	False	False
DB01115	DB06595	Nifedipine	Midostaurin	0.38988095238095233	C	L	False	False
DB06486	DB00783	Enzastaurin	Estradiol	0.38988095238095233		G	False	False
DB05134	DB01645	Tanespimycin	Genistein	0.3897435897435897			False	False
DB07594	DB01645	CCT-018159	Genistein	0.3897435897435897			False	False
DB08521	DB01645	4-[4-(4-Fluorophenyl)-2-[4-[(R)-methylsulfinyl]phenyl]-1H-imidazol-5-yl]pyridine	Genistein	0.3897435897435897			False	False
DB02587	DB00396	Colforsin	Progesterone	0.38928571428571423		G	False	False
DB08059	DB00396	Wortmannin	Progesterone	0.38928571428571423		G	False	False
DB00313	DB08916	Valproic acid	Afatinib	0.38888888888888906	N	L	False	False
DB12500	DB00831	Fedratinib	Trifluoperazine	0.38888888888888884	L	N	False	False
DB08756	DB01119	Y-27632	Diazoxide	0.38888888888888884		C, V, G	False	False
DB00850	DB00313	Perphenazine	Valproic acid	0.38888888888888884	N	N	True	False
DB00280	DB04946	Disopyramide	Iloperidone	0.3878588516746413	C	N	True	False
DB11781	DB01115	Tosedostat	Nifedipine	0.3875000000000002		C	False	False
DB04297	DB01115	Trichostatin A	Nifedipine	0.3875000000000002		C	False	False
DB01115	DB00630	Nifedipine	Alendronic acid	0.38749999999999996	C	M	False	False
DB05134	DB01023	Tanespimycin	Felodipine	0.38717948717948714		C	False	False
DB07594	DB01023	CCT-018159	Felodipine	0.38717948717948714		C	False	False
DB00393	DB00201	Nimodipine	Caffeine	0.38690476190476186	C	R, V, N	False	False
DB01100	DB00255	Pimozide	Diethylstilbestrol	0.3867521367521367	N	L, G	False	False
DB08059	DB01645	Wortmannin	Genistein	0.3863122171945701			False	False
DB01205	DB00555	Flumazenil	Lamotrigine	0.3854166666666665	V	N	False	False
DB01088	DB00555	Iloprost	Lamotrigine	0.3854166666666665	B	N	False	False
DB04297	DB00555	Trichostatin A	Lamotrigine	0.3854166666666665		N	False	False
DB00831	DB00939	Trifluoperazine	Meclofenamic acid	0.3848484848484848	N	M	True	False
DB04297	DB00568	Trichostatin A	Cinnarizine	0.3846153846153846		N	False	False
DB02010	DB13345	Staurosporine	Dihydroergocristine	0.3846153846153846		C	False	False
DB02010	DB00436	Staurosporine	Bendroflumethiazide	0.3846153846153846		C, G	False	False
DB02010	DB12093	Staurosporine	Tetrahydropalmatine	0.3846153846153846			False	False
DB01054	DB13956	Nitrendipine	Estradiol valerate	0.38403361344537834	C		False	False
DB01054	DB13954	Nitrendipine	Estradiol cypionate	0.38403361344537834	C		False	False
DB06195	DB06595	Seliciclib	Midostaurin	0.3836996336996339		L	False	False
DB05984	DB13954	RAF-265	Estradiol cypionate	0.3833333333333335			False	False
DB05984	DB13956	RAF-265	Estradiol valerate	0.3833333333333335			False	False
DB05134	DB13954	Tanespimycin	Estradiol cypionate	0.3833333333333333			False	False
DB15399	DB00396	BMS-754807	Progesterone	0.3833333333333333		G	False	False
DB07594	DB13956	CCT-018159	Estradiol valerate	0.3833333333333333			False	False
DB05134	DB13956	Tanespimycin	Estradiol valerate	0.3833333333333333			False	False
DB00850	DB08912	Perphenazine	Dabrafenib	0.3833333333333333	N	L	False	False
DB00850	DB00818	Perphenazine	Propofol	0.3833333333333333	N	N	True	False
DB00393	DB00887	Nimodipine	Bumetanide	0.3833333333333333	C	C, G	True	False
DB08912	DB01013	Dabrafenib	Clobetasol propionate	0.3833333333333333	L		False	False
DB15399	DB13956	BMS-754807	Estradiol valerate	0.3833333333333333			False	False
DB00396	DB04942	Progesterone	Tamibarotene	0.3833333333333333	G		False	False
DB00210	DB00568	Adapalene	Cinnarizine	0.3833333333333333	D	N	False	False
DB07594	DB13954	CCT-018159	Estradiol cypionate	0.3833333333333333			False	False
DB00393	DB01119	Nimodipine	Diazoxide	0.3833333333333333	C	C, V, G	False	False
DB02424	DB00818	Geldanamycin	Propofol	0.3833333333333333		N	False	False
DB15399	DB13954	BMS-754807	Estradiol cypionate	0.3833333333333333			False	False
DB00201	DB00800	Caffeine	Fenoldopam	0.3831168831168832	R, V, N	C	False	False
DB06195	DB08895	Seliciclib	Tofacitinib	0.3831168831168832		L	False	False
DB06195	DB03010	Seliciclib	Patupilone	0.3831168831168832			False	False
DB08877	DB06195	Ruxolitinib	Seliciclib	0.3831168831168832	L		False	False
DB06195	DB01023	Seliciclib	Felodipine	0.3824175824175826		C	False	False
DB02116	DB12695	Olomoucine	Phenethyl Isothiocyanate	0.3823129251700681			False	False
DB00630	DB00159	Alendronic acid	Icosapent	0.38181818181818183	M		True	False
DB00794	DB00159	Primidone	Icosapent	0.38181818181818183	N		False	False
DB01115	DB02010	Nifedipine	Staurosporine	0.3816391941391941	C		False	False
DB05984	DB01069	RAF-265	Promethazine	0.38111888111888104		R, V, D	False	False
DB11781	DB01388	Tosedostat	Mibefradil	0.38111888111888104		C	False	False
DB06266	DB01388	Lonidamine	Mibefradil	0.38111888111888104	L	C	False	False
DB05984	DB01388	RAF-265	Mibefradil	0.38111888111888104		C	False	False
DB08521	DB01118	4-[4-(4-Fluorophenyl)-2-[4-[(R)-methylsulfinyl]phenyl]-1H-imidazol-5-yl]pyridine	Amiodarone	0.38095238095238115		C	False	False
DB06266	DB02659	Lonidamine	Cholic Acid	0.38095238095238093	L	A	False	False
DB00508	DB01118	Triflupromazine	Amiodarone	0.38095238095238093	N	C	False	False
DB00887	DB01118	Bumetanide	Amiodarone	0.38095238095238093	C, G	C	True	False
DB00887	DB02659	Bumetanide	Cholic Acid	0.38095238095238093	C, G	A	False	False
DB08073	DB01205	(2S)-1-(1H-INDOL-3-YL)-3-{[5-(3-METHYL-1H-INDAZOL-5-YL)PYRIDIN-3-YL]OXY}PROPAN-2-AMINE	Flumazenil	0.3809523809523807		V	False	False
DB07859	DB01205	4-(4-CHLOROPHENYL)-4-[4-(1H-PYRAZOL-4-YL)PHENYL]PIPERIDINE	Flumazenil	0.3809523809523807		V	False	False
DB08756	DB01205	Y-27632	Flumazenil	0.3809523809523807		V	False	False
DB02659	DB00783	Cholic Acid	Estradiol	0.3809523809523807	A	G	False	False
DB01254	DB00588	Dasatinib	Fluticasone propionate	0.3806360708534622	L		False	False
DB01248	DB04946	Docetaxel	Iloperidone	0.38057040998217473	L	N	False	False
DB04946	DB01229	Iloperidone	Paclitaxel	0.38057040998217473	N	L	False	False
DB01088	DB01244	Iloprost	Bepridil	0.3805555555555553	B	C	False	False
DB01054	DB00159	Nitrendipine	Icosapent	0.38023088023088003	C		False	False
DB00313	DB02010	Valproic acid	Staurosporine	0.3795648795648796	N		False	False
DB08912	DB03010	Dabrafenib	Patupilone	0.37954545454545463	L		False	False
DB02424	DB00794	Geldanamycin	Primidone	0.37948717948717947		N	False	False
DB08912	DB00313	Dabrafenib	Valproic acid	0.37936507936507935	L	N	False	False
DB00831	DB01645	Trifluoperazine	Genistein	0.3792172739541162	N		False	False
DB08521	DB00210	4-[4-(4-Fluorophenyl)-2-[4-[(R)-methylsulfinyl]phenyl]-1H-imidazol-5-yl]pyridine	Adapalene	0.3787878787878789		D	False	False
DB00393	DB00255	Nimodipine	Diethylstilbestrol	0.3786549707602338	C	L, G	False	False
DB06195	DB00630	Seliciclib	Alendronic acid	0.37857142857142856		M	False	False
DB00201	DB00630	Caffeine	Alendronic acid	0.37857142857142856	R, V, N	M	False	False
DB01115	DB00679	Nifedipine	Thioridazine	0.3779761904761907	C	N	True	False
DB01645	DB03010	Genistein	Patupilone	0.3776223776223777			False	False
DB02010	DB00477	Staurosporine	Chlorpromazine	0.3762120232708466		N	False	False
DB00313	DB13345	Valproic acid	Dihydroergocristine	0.37606837606837606	N	C	False	False
DB00800	DB00280	Fenoldopam	Disopyramide	0.375	C	C	False	False
DB08059	DB13345	Wortmannin	Dihydroergocristine	0.375		C	False	False
DB08059	DB00436	Wortmannin	Bendroflumethiazide	0.375		C, G	False	False
DB08059	DB00508	Wortmannin	Triflupromazine	0.375		N	False	False
DB06266	DB00588	Lonidamine	Fluticasone propionate	0.375	L		False	False
DB08059	DB00887	Wortmannin	Bumetanide	0.375		C, G	False	False
DB02587	DB08877	Colforsin	Ruxolitinib	0.375		L	False	False
DB05984	DB00875	RAF-265	Flupentixol	0.375		N	False	False
DB01100	DB08059	Pimozide	Wortmannin	0.375	N		True	False
DB04513	DB00887	N-(6-Aminohexyl)-5-Chloro-1-Naphthalenesulfonamide	Bumetanide	0.375		C, G	False	False
DB02587	DB08080	Colforsin	Latrunculin B	0.375			False	False
DB11781	DB00588	Tosedostat	Fluticasone propionate	0.375			False	False
DB02587	DB00482	Colforsin	Celecoxib	0.375		M, C, G, L	False	False
DB02587	DB01119	Colforsin	Diazoxide	0.375		C, V, G	False	False
DB01100	DB07557	Pimozide	3,20-Pregnanedione	0.375	N		False	False
DB01782	DB08059	Pyrazolanthrone	Wortmannin	0.375			False	False
DB02587	DB13345	Colforsin	Dihydroergocristine	0.375		C	False	False
DB04513	DB00508	N-(6-Aminohexyl)-5-Chloro-1-Naphthalenesulfonamide	Triflupromazine	0.375		N	False	False
DB07859	DB00588	4-(4-CHLOROPHENYL)-4-[4-(1H-PYRAZOL-4-YL)PHENYL]PIPERIDINE	Fluticasone propionate	0.375			False	False
DB02587	DB08895	Colforsin	Tofacitinib	0.375		L	False	False
DB06266	DB08059	Lonidamine	Wortmannin	0.375	L		False	False
DB02587	DB00436	Colforsin	Bendroflumethiazide	0.375		C, G	False	False
DB08059	DB01119	Wortmannin	Diazoxide	0.375		C, V, G	False	False
DB06266	DB00875	Lonidamine	Flupentixol	0.375	L	N	False	False
DB01782	DB13345	Pyrazolanthrone	Dihydroergocristine	0.375		C	False	False
DB05984	DB00588	RAF-265	Fluticasone propionate	0.375			False	False
DB08059	DB00568	Wortmannin	Cinnarizine	0.375		N	False	False
DB04297	DB00588	Trichostatin A	Fluticasone propionate	0.375			False	False
DB08756	DB01088	Y-27632	Iloprost	0.375		B	False	False
DB00615	DB08059	Rifabutin	Wortmannin	0.375	J		False	False
DB08073	DB00588	(2S)-1-(1H-INDOL-3-YL)-3-{[5-(3-METHYL-1H-INDAZOL-5-YL)PYRIDIN-3-YL]OXY}PROPAN-2-AMINE	Fluticasone propionate	0.375			False	False
DB00588	DB13345	Fluticasone propionate	Dihydroergocristine	0.375		C	False	False
DB08073	DB07557	(2S)-1-(1H-INDOL-3-YL)-3-{[5-(3-METHYL-1H-INDAZOL-5-YL)PYRIDIN-3-YL]OXY}PROPAN-2-AMINE	3,20-Pregnanedione	0.375			False	False
DB01016	DB00280	Glyburide	Disopyramide	0.375	A	C	True	False
DB01100	DB00588	Pimozide	Fluticasone propionate	0.375	N		False	False
DB00508	DB00588	Triflupromazine	Fluticasone propionate	0.375	N		False	False
DB00588	DB12093	Fluticasone propionate	Tetrahydropalmatine	0.375			True	False
DB02116	DB08059	Olomoucine	Wortmannin	0.375			False	False
DB08059	DB12093	Wortmannin	Tetrahydropalmatine	0.375			True	False
DB08059	DB04942	Wortmannin	Tamibarotene	0.375			False	False
DB08080	DB00875	Latrunculin B	Flupentixol	0.375		N	False	False
DB07859	DB07557	4-(4-CHLOROPHENYL)-4-[4-(1H-PYRAZOL-4-YL)PHENYL]PIPERIDINE	3,20-Pregnanedione	0.375			False	False
DB00615	DB00875	Rifabutin	Flupentixol	0.375	J	N	False	False
DB02587	DB01622	Colforsin	Thioproperazine	0.375		N	False	False
DB04297	DB02587	Trichostatin A	Colforsin	0.375			False	False
DB00477	DB00159	Chlorpromazine	Icosapent	0.37378246753246747	N		True	False
DB02546	DB12695	Vorinostat	Phenethyl Isothiocyanate	0.3733333333333335	L		False	False
DB00201	DB08912	Caffeine	Dabrafenib	0.3733082706766917	R, V, N	L	False	False
DB00459	DB00353	Acitretin	Methylergometrine	0.37301587301587347	D	G	False	False
DB00836	DB00255	Loperamide	Diethylstilbestrol	0.373015873015873	A	L, G	False	False
DB04149	DB06195	(R)-Rolipram	Seliciclib	0.373015873015873			False	False
DB12500	DB00159	Fedratinib	Icosapent	0.37229437229437234	L		False	False
DB00850	DB00159	Perphenazine	Icosapent	0.37229437229437234	N		False	False
DB01069	DB01016	Promethazine	Glyburide	0.37200956937799035	R, V, D	A	False	False
DB02116	DB00210	Olomoucine	Adapalene	0.37179487179487203		D	False	False
DB13956	DB13345	Estradiol valerate	Dihydroergocristine	0.37142857142857166		C	False	False
DB00396	DB13345	Progesterone	Dihydroergocristine	0.37142857142857166	G	C	False	False
DB13954	DB13345	Estradiol cypionate	Dihydroergocristine	0.37142857142857166		C	False	False
DB06155	DB05266	Rimonabant	Ibudilast	0.37142857142857144	A	R	False	False
DB06152	DB00818	Nylidrin	Propofol	0.37142857142857144	C, G	N	True	False
DB03010	DB00975	Patupilone	Dipyridamole	0.3712121212121213		B	False	False
DB08896	DB13345	Regorafenib	Dihydroergocristine	0.3712121212121211	L	C	False	False
DB01254	DB00794	Dasatinib	Primidone	0.3706192358366269	L	N	False	False
DB00280	DB00436	Disopyramide	Bendroflumethiazide	0.3701923076923075	C	C, G	False	False
DB00313	DB00794	Valproic acid	Primidone	0.3695906432748537	N	N	False	False
DB08080	DB00477	Latrunculin B	Chlorpromazine	0.36904761904761907		N	False	False
DB00482	DB00715	Celecoxib	Paroxetine	0.36764705882352944	M, C, G, L	N	True	False
DB00887	DB00715	Bumetanide	Paroxetine	0.36764705882352944	C, G	N	False	False
DB02010	DB01088	Staurosporine	Iloprost	0.3667582417582418		B	False	False
DB01100	DB01254	Pimozide	Dasatinib	0.36674718196457334	N	L	False	False
DB00675	DB08912	Tamoxifen	Dabrafenib	0.3666666666666669	L	L	False	False
DB00396	DB00436	Progesterone	Bendroflumethiazide	0.3666666666666669	G	C, G	False	False
DB00831	DB00210	Trifluoperazine	Adapalene	0.3666666666666667	N	D	False	False
DB00818	DB01244	Propofol	Bepridil	0.3666666666666667	N	C	True	False
DB01205	DB12093	Flumazenil	Tetrahydropalmatine	0.3666666666666667	V		False	False
DB11781	DB01205	Tosedostat	Flumazenil	0.3666666666666667		V	False	False
DB00794	DB06595	Primidone	Midostaurin	0.3666666666666667	N	L	False	False
DB08521	DB01244	4-[4-(4-Fluorophenyl)-2-[4-[(R)-methylsulfinyl]phenyl]-1H-imidazol-5-yl]pyridine	Bepridil	0.3666666666666667		C	False	False
DB00622	DB12695	Nicardipine	Phenethyl Isothiocyanate	0.3666666666666667	C		False	False
DB08912	DB01244	Dabrafenib	Bepridil	0.3666666666666667	L	C	True	False
DB01229	DB00794	Paclitaxel	Primidone	0.3666666666666667	L	N	False	False
DB02116	DB00568	Olomoucine	Cinnarizine	0.3666666666666667		N	False	False
DB06155	DB00794	Rimonabant	Primidone	0.3666666666666667	A	N	True	False
DB08896	DB01244	Regorafenib	Bepridil	0.3666666666666667	L	C	False	False
DB04297	DB01205	Trichostatin A	Flumazenil	0.3666666666666667		V	False	False
DB00630	DB01229	Alendronic acid	Paclitaxel	0.3666666666666667	M	L	True	False
DB00630	DB01248	Alendronic acid	Docetaxel	0.3666666666666667	M	L	True	False
DB01248	DB00794	Docetaxel	Primidone	0.3666666666666667	L	N	False	False
DB12093	DB00794	Tetrahydropalmatine	Primidone	0.3666666666666665		N	False	False
DB05984	DB00794	RAF-265	Primidone	0.3666666666666665		N	False	False
DB08059	DB00313	Wortmannin	Valproic acid	0.3664529914529915		N	True	False
DB01054	DB00675	Nitrendipine	Tamoxifen	0.36638655462184877	C	L	False	False
DB04149	DB00201	(R)-Rolipram	Caffeine	0.3660714285714286		R, V, N	False	False
DB11781	DB00201	Tosedostat	Caffeine	0.3660714285714286		R, V, N	False	False
DB00201	DB01388	Caffeine	Mibefradil	0.36584415584415586	R, V, N	C	False	False
DB01054	DB00313	Nitrendipine	Valproic acid	0.3650793650793651	C	N	True	False
DB04297	DB01054	Trichostatin A	Nitrendipine	0.3650793650793651		C	False	False
DB11781	DB01054	Tosedostat	Nitrendipine	0.3650793650793651		C	False	False
DB00831	DB12695	Trifluoperazine	Phenethyl Isothiocyanate	0.3647058823529412	N		False	False
DB00715	DB01023	Paroxetine	Felodipine	0.3638461538461537	N	C	False	False
DB00159	DB06595	Icosapent	Midostaurin	0.3631907308377895		L	False	False
DB01248	DB01088	Docetaxel	Iloprost	0.36309523809523814	L	B	True	False
DB01088	DB01229	Iloprost	Paclitaxel	0.36309523809523814	B	L	True	False
DB08059	DB03010	Wortmannin	Patupilone	0.362878787878788			False	False
DB00477	DB01119	Chlorpromazine	Diazoxide	0.3626373626373627	N	C, V, G	False	False
DB08912	DB00280	Dabrafenib	Disopyramide	0.36250000000000004	L	C	False	False
DB00568	DB05266	Cinnarizine	Ibudilast	0.36250000000000004	N	R	False	False
DB13956	DB00280	Estradiol valerate	Disopyramide	0.36250000000000004		C	False	False
DB13954	DB00280	Estradiol cypionate	Disopyramide	0.36250000000000004		C	False	False
DB08521	DB00280	4-[4-(4-Fluorophenyl)-2-[4-[(R)-methylsulfinyl]phenyl]-1H-imidazol-5-yl]pyridine	Disopyramide	0.36250000000000004		C	False	False
DB01645	DB01244	Genistein	Bepridil	0.36220735785953173		C	False	False
DB08175	DB06195	(2E,4E)-11-METHOXY-3,7,11-TRIMETHYLDODECA-2,4-DIENOIC ACID	Seliciclib	0.36190476190476195			False	False
DB12695	DB00568	Phenethyl Isothiocyanate	Cinnarizine	0.36190476190476195		N	False	False
DB00887	DB07557	Bumetanide	3,20-Pregnanedione	0.36111111111111116	C, G		False	False
DB08916	DB00255	Afatinib	Diethylstilbestrol	0.36111111111111116	L	L, G	False	False
DB00975	DB00255	Dipyridamole	Diethylstilbestrol	0.36111111111111116	B	L, G	False	False
DB01782	DB00887	Pyrazolanthrone	Bumetanide	0.36111111111111116		C, G	False	False
DB01782	DB00436	Pyrazolanthrone	Bendroflumethiazide	0.36111111111111116		C, G	False	False
DB01622	DB01119	Thioproperazine	Diazoxide	0.36111111111111116	N	C, V, G	False	False
DB01100	DB00436	Pimozide	Bendroflumethiazide	0.36111111111111116	N	C, G	False	False
DB07557	DB00482	3,20-Pregnanedione	Celecoxib	0.36111111111111116		M, C, G, L	False	False
DB00588	DB01244	Fluticasone propionate	Bepridil	0.36071428571428577		C	False	False
DB02587	DB01244	Colforsin	Bepridil	0.36071428571428577		C	False	False
DB00925	DB01119	Phenoxybenzamine	Diazoxide	0.36057692307692313	C	C, V, G	False	False
DB01645	DB08916	Genistein	Afatinib	0.36057692307692313		L	False	False
DB00201	DB00159	Caffeine	Icosapent	0.3603896103896105	R, V, N		False	False
DB00622	DB00396	Nicardipine	Progesterone	0.3600000000000001	C	G	False	False
DB01023	DB06595	Felodipine	Midostaurin	0.3599865047233468	C	L	False	False
DB03010	DB04447	Patupilone	1,4-Dithiothreitol	0.35930735930735924			False	False
DB00393	DB00783	Nimodipine	Estradiol	0.35924369747899143	C	G	False	False
DB00715	DB01244	Paroxetine	Bepridil	0.3590909090909091	N	C	False	False
DB00622	DB12093	Nicardipine	Tetrahydropalmatine	0.35882352941176454	C		False	False
DB00850	DB00939	Perphenazine	Meclofenamic acid	0.3583333333333334	N	M	False	False
DB00800	DB01239	Fenoldopam	Chlorprothixene	0.35765550239234467	C	N	False	False
DB07841	DB04447	Geranylgeranyl diphosphate	1,4-Dithiothreitol	0.3571428571428572			False	False
DB00836	DB00477	Loperamide	Chlorpromazine	0.3571428571428572	A	N	False	False
DB00615	DB07841	Rifabutin	Geranylgeranyl diphosphate	0.3571428571428572	J		False	False
DB06266	DB07841	Lonidamine	Geranylgeranyl diphosphate	0.3571428571428572	L		False	False
DB04297	DB07841	Trichostatin A	Geranylgeranyl diphosphate	0.3571428571428572			False	False
DB08080	DB07841	Latrunculin B	Geranylgeranyl diphosphate	0.3571428571428572			False	False
DB08877	DB04447	Ruxolitinib	1,4-Dithiothreitol	0.3571428571428572	L		False	False
DB01054	DB00783	Nitrendipine	Estradiol	0.3571428571428572	C	G	False	False
DB04447	DB08895	1,4-Dithiothreitol	Tofacitinib	0.3571428571428572		L	False	False
DB01115	DB12695	Nifedipine	Phenethyl Isothiocyanate	0.356682389937107	C		False	False
DB08912	DB01254	Dabrafenib	Dasatinib	0.35590062111801224	L	L	False	False
DB01088	DB00436	Iloprost	Bendroflumethiazide	0.35576923076923084	B	C, G	False	False
DB04513	DB00622	N-(6-Aminohexyl)-5-Chloro-1-Naphthalenesulfonamide	Nicardipine	0.3555555555555556		C	False	False
DB02010	DB00210	Staurosporine	Adapalene	0.3543123543123545		D	False	False
DB00393	DB00831	Nimodipine	Trifluoperazine	0.3541666666666665	C	N	True	False
DB01115	DB13345	Nifedipine	Dihydroergocristine	0.3541666666666665	C	C	False	False
DB00313	DB01254	Valproic acid	Dasatinib	0.3540157004830917	N	L	False	False
DB11781	DB01023	Tosedostat	Felodipine	0.3538461538461539		C	False	False
DB00630	DB01023	Alendronic acid	Felodipine	0.3538461538461539	M	C	False	False
DB04297	DB01023	Trichostatin A	Felodipine	0.3538461538461539		C	False	False
DB08080	DB00794	Latrunculin B	Primidone	0.3538461538461537		N	False	False
DB12695	DB00436	Phenethyl Isothiocyanate	Bendroflumethiazide	0.3533333333333333		C, G	False	False
DB08059	DB00630	Wortmannin	Alendronic acid	0.35277777777777763		M	False	False
DB02424	DB00393	Geldanamycin	Nimodipine	0.35256410256410264		C	False	False
DB02587	DB01023	Colforsin	Felodipine	0.3523755656108596		C	False	False
DB01069	DB00482	Promethazine	Celecoxib	0.3522727272727273	R, V, D	M, C, G, L	False	False
DB01388	DB00436	Mibefradil	Bendroflumethiazide	0.3522727272727273	C	C, G	False	False
DB08912	DB02010	Dabrafenib	Staurosporine	0.35128205128205137	L		False	False
DB08521	DB02010	4-[4-(4-Fluorophenyl)-2-[4-[(R)-methylsulfinyl]phenyl]-1H-imidazol-5-yl]pyridine	Staurosporine	0.35128205128205114			False	False
DB00210	DB01023	Adapalene	Felodipine	0.35081585081585076	D	C	False	False
DB08073	DB01118	(2S)-1-(1H-INDOL-3-YL)-3-{[5-(3-METHYL-1H-INDAZOL-5-YL)PYRIDIN-3-YL]OXY}PROPAN-2-AMINE	Amiodarone	0.3506493506493509		C	False	False
DB07859	DB01118	4-(4-CHLOROPHENYL)-4-[4-(1H-PYRAZOL-4-YL)PHENYL]PIPERIDINE	Amiodarone	0.3506493506493509		C	False	False
DB02116	DB01118	Olomoucine	Amiodarone	0.3506493506493509		C	False	False
DB08756	DB01118	Y-27632	Amiodarone	0.3506493506493509		C	False	False
DB04297	DB01016	Trichostatin A	Glyburide	0.3500000000000001		A	False	False
DB05984	DB01016	RAF-265	Glyburide	0.3500000000000001		A	False	False
DB13954	DB00794	Estradiol cypionate	Primidone	0.3500000000000001		N	False	False
DB00393	DB13954	Nimodipine	Estradiol cypionate	0.3500000000000001	C		False	False
DB06266	DB00800	Lonidamine	Fenoldopam	0.3500000000000001	L	C	False	False
DB05984	DB00800	RAF-265	Fenoldopam	0.3500000000000001		C	False	False
DB13956	DB00794	Estradiol valerate	Primidone	0.3500000000000001		N	False	False
DB00393	DB13956	Nimodipine	Estradiol valerate	0.3500000000000001	C		False	False
DB00675	DB00393	Tamoxifen	Nimodipine	0.34999999999999987	L	C	True	False
DB00622	DB01119	Nicardipine	Diazoxide	0.34999999999999987	C	C, V, G	False	False
DB11781	DB04946	Tosedostat	Iloperidone	0.3496503496503498		N	False	False
DB04297	DB04946	Trichostatin A	Iloperidone	0.3496503496503498		N	False	False
DB01115	DB00459	Nifedipine	Acitretin	0.349404761904762	C	D	False	False
DB08059	DB00459	Wortmannin	Acitretin	0.349025974025974		D	False	False
DB00459	DB00588	Acitretin	Fluticasone propionate	0.349025974025974	D		False	False
DB03010	DB00255	Patupilone	Diethylstilbestrol	0.34898989898989896		L, G	False	False
DB02116	DB00159	Olomoucine	Icosapent	0.3484848484848484			False	False
DB00831	DB00436	Trifluoperazine	Bendroflumethiazide	0.3484848484848482	N	C, G	False	False
DB00783	DB00280	Estradiol	Disopyramide	0.3482142857142856	G	C	False	False
DB01118	DB01013	Amiodarone	Clobetasol propionate	0.3476190476190477	C		False	False
DB00850	DB01118	Perphenazine	Amiodarone	0.3476190476190477	N	C	False	False
DB00313	DB01088	Valproic acid	Iloprost	0.3472222222222223	N	B	False	False
DB00675	DB08059	Tamoxifen	Wortmannin	0.3464285714285713	L		False	False
DB02587	DB00675	Colforsin	Tamoxifen	0.3464285714285713		L	False	False
DB02424	DB01069	Geldanamycin	Promethazine	0.34632034632034636		R, V, D	False	False
DB01092	DB04447	Ouabain	1,4-Dithiothreitol	0.34615384615384626	C		False	False
DB00836	DB00975	Loperamide	Dipyridamole	0.34523809523809534	A	B	False	False
DB08756	DB00201	Y-27632	Caffeine	0.34523809523809534		R, V, N	False	False
DB00459	DB00975	Acitretin	Dipyridamole	0.34523809523809534	D	B	False	False
DB00831	DB00255	Trifluoperazine	Diethylstilbestrol	0.34444444444444455	N	L, G	False	False
DB08073	DB02546	(2S)-1-(1H-INDOL-3-YL)-3-{[5-(3-METHYL-1H-INDAZOL-5-YL)PYRIDIN-3-YL]OXY}PROPAN-2-AMINE	Vorinostat	0.34444444444444433		L	False	False
DB02116	DB02546	Olomoucine	Vorinostat	0.34444444444444433		L	False	False
DB07859	DB02546	4-(4-CHLOROPHENYL)-4-[4-(1H-PYRAZOL-4-YL)PHENYL]PIPERIDINE	Vorinostat	0.34444444444444433		L	False	False
DB00630	DB06595	Alendronic acid	Midostaurin	0.343939393939394	M	L	False	False
DB12500	DB02010	Fedratinib	Staurosporine	0.34294871794871806	L		False	False
DB01054	DB00630	Nitrendipine	Alendronic acid	0.34285714285714297	C	M	False	False
DB02116	DB01244	Olomoucine	Bepridil	0.34285714285714275		C	False	False
DB08912	DB01023	Dabrafenib	Felodipine	0.34273504273504285	L	C	False	False
DB12695	DB01244	Phenethyl Isothiocyanate	Bepridil	0.3424242424242423		C	False	False
DB00783	DB08896	Estradiol	Regorafenib	0.34238095238095223	G	L	False	False
DB02546	DB01016	Vorinostat	Glyburide	0.3423076923076922	L	A	False	False
DB02587	DB01248	Colforsin	Docetaxel	0.34166666666666656		L	False	False
DB00831	DB00588	Trifluoperazine	Fluticasone propionate	0.34166666666666656	N		True	False
DB00588	DB01229	Fluticasone propionate	Paclitaxel	0.34166666666666656		L	False	False
DB08059	DB00831	Wortmannin	Trifluoperazine	0.34166666666666656		N	True	False
DB01248	DB00588	Docetaxel	Fluticasone propionate	0.34166666666666656	L		False	False
DB02587	DB01229	Colforsin	Paclitaxel	0.34166666666666656		L	False	False
DB01254	DB00436	Dasatinib	Bendroflumethiazide	0.3416149068322982	L	C, G	True	False
DB15399	DB00783	BMS-754807	Estradiol	0.34126984126984117		G	False	False
DB08080	DB00800	Latrunculin B	Fenoldopam	0.34090909090909083		C	False	False
DB08080	DB01016	Latrunculin B	Glyburide	0.34090909090909083		A	False	False
DB00831	DB02010	Trifluoperazine	Staurosporine	0.3407557354925774	N		False	False
DB00210	DB01088	Adapalene	Iloprost	0.34068627450980404	D	B	False	False
DB01645	DB00568	Genistein	Cinnarizine	0.33974358974358987		N	False	False
DB01645	DB00975	Genistein	Dipyridamole	0.33974358974358987		B	False	False
DB00630	DB00280	Alendronic acid	Disopyramide	0.33942307692307705	M	C	False	False
DB01118	DB01088	Amiodarone	Iloprost	0.3392857142857144	C	B	True	False
DB01069	DB12695	Promethazine	Phenethyl Isothiocyanate	0.33917748917748924	R, V, D		False	False
DB03010	DB02010	Patupilone	Staurosporine	0.33916083916083917			False	False
DB01115	DB01013	Nifedipine	Clobetasol propionate	0.3390151515151516	C		False	False
DB01016	DB01244	Glyburide	Bepridil	0.3388888888888888	A	C	True	False
DB13954	DB08916	Estradiol cypionate	Afatinib	0.3384615384615386		L	False	False
DB13956	DB08916	Estradiol valerate	Afatinib	0.3384615384615386		L	False	False
DB00831	DB01254	Trifluoperazine	Dasatinib	0.3383308345827085	N	L	False	False
DB00201	DB00210	Caffeine	Adapalene	0.3379917184265009	R, V, N	D	False	False
DB00201	DB01016	Caffeine	Glyburide	0.3376623376623378	R, V, N	A	False	False
DB12093	DB00925	Tetrahydropalmatine	Phenoxybenzamine	0.3374999999999999		C	True	False
DB01115	DB00715	Nifedipine	Paroxetine	0.3374999999999999	C	N	False	False
DB06486	DB12093	Enzastaurin	Tetrahydropalmatine	0.3374999999999999			False	False
DB00675	DB06486	Tamoxifen	Enzastaurin	0.3374999999999999	L		False	False
DB13956	DB01069	Estradiol valerate	Promethazine	0.33679653679653687		R, V, D	False	False
DB13954	DB01069	Estradiol cypionate	Promethazine	0.33679653679653687		R, V, D	False	False
DB00201	DB00482	Caffeine	Celecoxib	0.3364661654135339	R, V, N	M, C, G, L	False	False
DB00201	DB00436	Caffeine	Bendroflumethiazide	0.3364661654135339	R, V, N	C, G	False	False
DB00675	DB01205	Tamoxifen	Flumazenil	0.3358974358974358	L	V	False	False
DB01100	DB13956	Pimozide	Estradiol valerate	0.33571428571428585	N		False	False
DB01100	DB13954	Pimozide	Estradiol cypionate	0.33571428571428585	N		False	False
DB01782	DB00396	Pyrazolanthrone	Progesterone	0.33571428571428585		G	False	False
DB11781	DB00159	Tosedostat	Icosapent	0.3356643356643354			False	False
DB00201	DB01013	Caffeine	Clobetasol propionate	0.3354341736694677	R, V, N		False	False
DB04946	DB01119	Iloperidone	Diazoxide	0.3352272727272727	N	C, V, G	False	False
DB01254	DB00477	Dasatinib	Chlorpromazine	0.3351214003387917	L	N	False	False
DB01115	DB08912	Nifedipine	Dabrafenib	0.3336538461538463	C	L	False	False
DB12500	DB00887	Fedratinib	Bumetanide	0.3333333333333335	L	C, G	False	False
DB02424	DB00508	Geldanamycin	Triflupromazine	0.3333333333333335		N	False	False
DB11781	DB02424	Tosedostat	Geldanamycin	0.3333333333333335			False	False
DB05984	DB08175	RAF-265	(2E,4E)-11-METHOXY-3,7,11-TRIMETHYLDODECA-2,4-DIENOIC ACID	0.3333333333333335			False	False
DB05984	DB12500	RAF-265	Fedratinib	0.3333333333333335		L	False	False
DB06266	DB00210	Lonidamine	Adapalene	0.3333333333333335	L	D	False	False
DB02424	DB08080	Geldanamycin	Latrunculin B	0.3333333333333335			False	False
DB04297	DB08175	Trichostatin A	(2E,4E)-11-METHOXY-3,7,11-TRIMETHYLDODECA-2,4-DIENOIC ACID	0.3333333333333335			False	False
DB04297	DB12500	Trichostatin A	Fedratinib	0.3333333333333335		L	False	False
DB00850	DB04297	Perphenazine	Trichostatin A	0.3333333333333335	N		False	False
DB00850	DB05984	Perphenazine	RAF-265	0.3333333333333335	N		False	False
DB00482	DB01013	Celecoxib	Clobetasol propionate	0.3333333333333335	M, C, G, L		True	False
DB02424	DB07863	Geldanamycin	2-chloro-5-nitro-N-phenylbenzamide	0.3333333333333335			False	False
DB08916	DB01013	Afatinib	Clobetasol propionate	0.3333333333333335	L		False	False
DB00850	DB12500	Perphenazine	Fedratinib	0.3333333333333335	N	L	False	False
DB00975	DB06595	Dipyridamole	Midostaurin	0.3333333333333335	B	L	False	False
DB12500	DB00482	Fedratinib	Celecoxib	0.3333333333333335	L	M, C, G, L	False	False
DB11781	DB01013	Tosedostat	Clobetasol propionate	0.3333333333333335			False	False
DB05984	DB00393	RAF-265	Nimodipine	0.3333333333333335		C	False	False
DB01013	DB13345	Clobetasol propionate	Dihydroergocristine	0.3333333333333335		C	False	False
DB08175	DB08080	(2E,4E)-11-METHOXY-3,7,11-TRIMETHYLDODECA-2,4-DIENOIC ACID	Latrunculin B	0.3333333333333335			False	False
DB00508	DB01013	Triflupromazine	Clobetasol propionate	0.3333333333333335	N		False	False
DB00436	DB13345	Bendroflumethiazide	Dihydroergocristine	0.3333333333333335	C, G	C	False	False
DB12500	DB13345	Fedratinib	Dihydroergocristine	0.3333333333333335	L	C	False	False
DB12500	DB04447	Fedratinib	1,4-Dithiothreitol	0.3333333333333335	L		False	False
DB04297	DB00210	Trichostatin A	Adapalene	0.3333333333333335		D	False	False
DB00850	DB01013	Perphenazine	Clobetasol propionate	0.3333333333333335	N		False	False
DB00850	DB00482	Perphenazine	Celecoxib	0.3333333333333335	N	M, C, G, L	False	False
DB02424	DB01119	Geldanamycin	Diazoxide	0.3333333333333335		C, V, G	False	False
DB02424	DB00568	Geldanamycin	Cinnarizine	0.3333333333333335		N	False	False
DB02424	DB13345	Geldanamycin	Dihydroergocristine	0.3333333333333335		C	False	False
DB08175	DB01119	(2E,4E)-11-METHOXY-3,7,11-TRIMETHYLDODECA-2,4-DIENOIC ACID	Diazoxide	0.3333333333333335		C, V, G	False	False
DB08175	DB00436	(2E,4E)-11-METHOXY-3,7,11-TRIMETHYLDODECA-2,4-DIENOIC ACID	Bendroflumethiazide	0.3333333333333335		C, G	False	False
DB11781	DB13345	Tosedostat	Dihydroergocristine	0.3333333333333335		C	False	False
DB02424	DB12093	Geldanamycin	Tetrahydropalmatine	0.3333333333333335			False	False
DB08175	DB04447	(2E,4E)-11-METHOXY-3,7,11-TRIMETHYLDODECA-2,4-DIENOIC ACID	1,4-Dithiothreitol	0.3333333333333335			False	False
DB08175	DB00482	(2E,4E)-11-METHOXY-3,7,11-TRIMETHYLDODECA-2,4-DIENOIC ACID	Celecoxib	0.3333333333333335		M, C, G, L	False	False
DB12093	DB01013	Tetrahydropalmatine	Clobetasol propionate	0.3333333333333335			False	False
DB00568	DB01013	Cinnarizine	Clobetasol propionate	0.3333333333333335	N		False	False
DB05984	DB00210	RAF-265	Adapalene	0.3333333333333335		D	False	False
DB11781	DB12500	Tosedostat	Fedratinib	0.3333333333333335		L	False	False
DB00850	DB08080	Perphenazine	Latrunculin B	0.3333333333333335	N		False	False
DB06152	DB00679	Nylidrin	Thioridazine	0.3333333333333335	C, G	N	False	False
DB11781	DB08175	Tosedostat	(2E,4E)-11-METHOXY-3,7,11-TRIMETHYLDODECA-2,4-DIENOIC ACID	0.3333333333333335			False	False
DB02424	DB04513	Geldanamycin	N-(6-Aminohexyl)-5-Chloro-1-Naphthalenesulfonamide	0.3333333333333335			False	False
DB06155	DB08756	Rimonabant	Y-27632	0.3333333333333335	A		False	False
DB05984	DB01013	RAF-265	Clobetasol propionate	0.3333333333333335			False	False
DB06266	DB00679	Lonidamine	Thioridazine	0.3333333333333335	L	N	False	False
DB06266	DB00393	Lonidamine	Nimodipine	0.3333333333333335	L	C	False	False
DB00850	DB01119	Perphenazine	Diazoxide	0.3333333333333335	N	C, V, G	False	False
DB00850	DB00436	Perphenazine	Bendroflumethiazide	0.3333333333333335	N	C, G	False	False
DB08080	DB00210	Latrunculin B	Adapalene	0.3333333333333335		D	False	False
DB04297	DB01013	Trichostatin A	Clobetasol propionate	0.3333333333333335			False	False
DB08080	DB00679	Latrunculin B	Thioridazine	0.3333333333333335		N	False	False
DB00850	DB00887	Perphenazine	Bumetanide	0.3333333333333335	N	C, G	False	False
DB05984	DB00679	RAF-265	Thioridazine	0.3333333333333335		N	False	False
DB08521	DB07859	4-[4-(4-Fluorophenyl)-2-[4-[(R)-methylsulfinyl]phenyl]-1H-imidazol-5-yl]pyridine	4-(4-CHLOROPHENYL)-4-[4-(1H-PYRAZOL-4-YL)PHENYL]PIPERIDINE	0.33333333333333326			False	False
DB07863	DB01229	2-chloro-5-nitro-N-phenylbenzamide	Paclitaxel	0.33333333333333326		L	False	False
DB01248	DB08916	Docetaxel	Afatinib	0.33333333333333326	L	L	False	False
DB01229	DB08916	Paclitaxel	Afatinib	0.33333333333333326	L	L	False	False
DB01100	DB00800	Pimozide	Fenoldopam	0.33333333333333326	N	C	False	False
DB05134	DB08756	Tanespimycin	Y-27632	0.33333333333333326			False	False
DB01100	DB01016	Pimozide	Glyburide	0.33333333333333326	N	A	False	False
DB07594	DB08756	CCT-018159	Y-27632	0.33333333333333326			False	False
DB07863	DB01248	2-chloro-5-nitro-N-phenylbenzamide	Docetaxel	0.33333333333333326		L	False	False
DB02587	DB01088	Colforsin	Iloprost	0.33333333333333326		B	False	False
DB04149	DB07859	(R)-Rolipram	4-(4-CHLOROPHENYL)-4-[4-(1H-PYRAZOL-4-YL)PHENYL]PIPERIDINE	0.33333333333333326			False	False
DB00794	DB01119	Primidone	Diazoxide	0.33333333333333326	N	C, V, G	False	False
DB08521	DB08073	4-[4-(4-Fluorophenyl)-2-[4-[(R)-methylsulfinyl]phenyl]-1H-imidazol-5-yl]pyridine	(2S)-1-(1H-INDOL-3-YL)-3-{[5-(3-METHYL-1H-INDAZOL-5-YL)PYRIDIN-3-YL]OXY}PROPAN-2-AMINE	0.33333333333333326			False	False
DB08597	DB04447	Dorsomorphin	1,4-Dithiothreitol	0.33333333333333326			False	False
DB15399	DB08895	BMS-754807	Tofacitinib	0.33333333333333326		L	False	False
DB15399	DB08877	BMS-754807	Ruxolitinib	0.33333333333333326		L	False	False
DB15399	DB02116	BMS-754807	Olomoucine	0.33333333333333326			False	False
DB04149	DB08073	(R)-Rolipram	(2S)-1-(1H-INDOL-3-YL)-3-{[5-(3-METHYL-1H-INDAZOL-5-YL)PYRIDIN-3-YL]OXY}PROPAN-2-AMINE	0.33333333333333326			False	False
DB04149	DB02116	(R)-Rolipram	Olomoucine	0.33333333333333326			False	False
DB08080	DB01205	Latrunculin B	Flumazenil	0.33333333333333304		V	False	False
DB11781	DB01254	Tosedostat	Dasatinib	0.33304347826086955		L	False	False
DB04297	DB01254	Trichostatin A	Dasatinib	0.33304347826086955		L	False	False
DB00836	DB00925	Loperamide	Phenoxybenzamine	0.33273809523809517	A	C	True	False
DB00568	DB00925	Cinnarizine	Phenoxybenzamine	0.33223684210526305	N	C	True	False
DB06486	DB00568	Enzastaurin	Cinnarizine	0.33223684210526305		N	False	False
DB00201	DB00588	Caffeine	Fluticasone propionate	0.3313492063492063	R, V, N		False	False
DB00675	DB03010	Tamoxifen	Patupilone	0.33073593073593077	L		False	False
DB00783	DB00555	Estradiol	Lamotrigine	0.3305512422360246	G	N	False	False
DB01069	DB01118	Promethazine	Amiodarone	0.3304473304473303	R, V, D	C	True	False
DB12695	DB00975	Phenethyl Isothiocyanate	Dipyridamole	0.33039215686274526		B	False	False
DB01023	DB13345	Felodipine	Dihydroergocristine	0.3303167420814477	C	C	False	False
DB04946	DB00794	Iloperidone	Primidone	0.32987012987012987	N	N	False	False
DB04946	DB01244	Iloperidone	Bepridil	0.32987012987012987	N	C	True	False
DB05984	DB00555	RAF-265	Lamotrigine	0.32986111111111116		N	False	False
DB00887	DB08896	Bumetanide	Regorafenib	0.32971014492753614	C, G	L	False	False
DB08896	DB01119	Regorafenib	Diazoxide	0.32971014492753614	L	C, V, G	False	False
DB03010	DB01119	Patupilone	Diazoxide	0.3295454545454546		C, V, G	False	False
DB05984	DB00477	RAF-265	Chlorpromazine	0.329192546583851		N	False	False
DB12695	DB08916	Phenethyl Isothiocyanate	Afatinib	0.3291666666666666		L	False	False
DB01244	DB00255	Bepridil	Diethylstilbestrol	0.32865497076023376	C	L, G	False	False
DB02546	DB00459	Vorinostat	Acitretin	0.32857142857142874	L	D	False	False
DB00675	DB08073	Tamoxifen	(2S)-1-(1H-INDOL-3-YL)-3-{[5-(3-METHYL-1H-INDAZOL-5-YL)PYRIDIN-3-YL]OXY}PROPAN-2-AMINE	0.3285714285714285	L		False	False
DB00675	DB07859	Tamoxifen	4-(4-CHLOROPHENYL)-4-[4-(1H-PYRAZOL-4-YL)PHENYL]PIPERIDINE	0.3285714285714285	L		False	False
DB12695	DB01023	Phenethyl Isothiocyanate	Felodipine	0.32855879752431494		C	False	False
DB00818	DB00555	Propofol	Lamotrigine	0.3282738095238096	N	N	False	False
DB01100	DB08912	Pimozide	Dabrafenib	0.3277777777777777	N	L	False	False
DB01100	DB00818	Pimozide	Propofol	0.3277777777777777	N	N	False	False
DB01782	DB08912	Pyrazolanthrone	Dabrafenib	0.3277777777777777		L	False	False
DB01016	DB00396	Glyburide	Progesterone	0.3277777777777777	A	G	False	False
DB13956	DB01016	Estradiol valerate	Glyburide	0.3277777777777777		A	False	False
DB13954	DB01016	Estradiol cypionate	Glyburide	0.3277777777777777		A	False	False
DB01254	DB01118	Dasatinib	Amiodarone	0.32732919254658377	L	C	False	False
DB04599	DB01069	Aniracetam	Promethazine	0.3272727272727274	N	R, V, D	False	False
DB01088	DB01023	Iloprost	Felodipine	0.3264652014652012	B	C	False	False
DB06595	DB00436	Midostaurin	Bendroflumethiazide	0.3257575757575757	L	C, G	False	False
DB00508	DB06595	Triflupromazine	Midostaurin	0.3257575757575757	N	L	False	False
DB04513	DB00201	N-(6-Aminohexyl)-5-Chloro-1-Naphthalenesulfonamide	Caffeine	0.3256302521008403		R, V, N	False	False
DB06266	DB01118	Lonidamine	Amiodarone	0.3253968253968256	L	C	False	False
DB11781	DB01118	Tosedostat	Amiodarone	0.3253968253968256		C	False	False
DB04297	DB01118	Trichostatin A	Amiodarone	0.3253968253968256		C	False	False
DB02659	DB00255	Cholic Acid	Diethylstilbestrol	0.32539682539682535	A	L, G	False	False
DB00393	DB01645	Nimodipine	Genistein	0.3252508361204014	C		False	False
DB01054	DB00396	Nitrendipine	Progesterone	0.3252100840336136	C	G	False	False
DB04297	DB01088	Trichostatin A	Iloprost	0.3250000000000002		B	False	False
DB08916	DB00159	Afatinib	Icosapent	0.32467532467532445	L		False	False
DB00887	DB00477	Bumetanide	Chlorpromazine	0.3241758241758239	C, G	N	False	False
DB01645	DB08896	Genistein	Regorafenib	0.32361455748552537		L	False	False
DB04447	DB07780	1,4-Dithiothreitol	Farnesyl diphosphate	0.32352941176470584			False	False
DB01118	DB06595	Amiodarone	Midostaurin	0.3232600732600732	C	L	False	False
DB00280	DB00555	Disopyramide	Lamotrigine	0.3229166666666665	C	N	False	False
DB00210	DB01244	Adapalene	Bepridil	0.32280701754385954	D	C	False	False
DB00831	DB00313	Trifluoperazine	Valproic acid	0.3222222222222222	N	N	True	False
DB01054	DB00201	Nitrendipine	Caffeine	0.3214285714285716	C	R, V, N	False	False
DB07557	DB04447	3,20-Pregnanedione	1,4-Dithiothreitol	0.3214285714285716			False	False
DB00393	DB08756	Nimodipine	Y-27632	0.3214285714285714	C		False	False
DB07557	DB08916	3,20-Pregnanedione	Afatinib	0.3214285714285714		L	False	False
DB06155	DB01023	Rimonabant	Felodipine	0.32051282051282026	A	C	False	False
DB01782	DB01645	Pyrazolanthrone	Genistein	0.3201357466063348			False	False
DB00836	DB00622	Loperamide	Nicardipine	0.3194805194805195	A	C	False	False
DB00850	DB00783	Perphenazine	Estradiol	0.319047619047619	N	G	False	False
DB01645	DB01013	Genistein	Clobetasol propionate	0.3189102564102564			False	False
DB01115	DB00975	Nifedipine	Dipyridamole	0.31845238095238115	C	B	True	False
DB01118	DB00925	Amiodarone	Phenoxybenzamine	0.31845238095238115	C	C	True	False
DB01100	DB00313	Pimozide	Valproic acid	0.3183760683760686	N	N	False	False
DB00615	DB01239	Rifabutin	Chlorprothixene	0.31818181818181834	J	N	False	False
DB08080	DB01239	Latrunculin B	Chlorprothixene	0.31818181818181834		N	False	False
DB06266	DB01239	Lonidamine	Chlorprothixene	0.31818181818181834	L	N	False	False
DB05984	DB01239	RAF-265	Chlorprothixene	0.31818181818181834		N	False	False
DB01069	DB00159	Promethazine	Icosapent	0.31818181818181834	R, V, D		False	False
DB03010	DB04946	Patupilone	Iloperidone	0.3181818181818181		N	False	False
DB04297	DB02010	Trichostatin A	Staurosporine	0.31794871794871793			False	False
DB13954	DB00588	Estradiol cypionate	Fluticasone propionate	0.31785714285714284			False	False
DB13956	DB00588	Estradiol valerate	Fluticasone propionate	0.31785714285714284			False	False
DB08059	DB13956	Wortmannin	Estradiol valerate	0.31785714285714284			False	False
DB08059	DB13954	Wortmannin	Estradiol cypionate	0.31785714285714284			False	False
DB00679	DB01118	Thioridazine	Amiodarone	0.31684981684981683	N	C	True	False
DB00836	DB13956	Loperamide	Estradiol valerate	0.3168067226890756	A		False	False
DB00836	DB13954	Loperamide	Estradiol cypionate	0.3168067226890756	A		False	False
DB02546	DB00975	Vorinostat	Dipyridamole	0.3166666666666669	L	B	True	False
DB00675	DB00975	Tamoxifen	Dipyridamole	0.3166666666666669	L	B	True	False
DB00393	DB00482	Nimodipine	Celecoxib	0.3166666666666669	C	M, C, G, L	False	False
DB08080	DB00715	Latrunculin B	Paroxetine	0.3166666666666669		N	False	False
DB00675	DB06595	Tamoxifen	Midostaurin	0.31666666666666665	L	L	False	False
DB08521	DB00675	4-[4-(4-Fluorophenyl)-2-[4-[(R)-methylsulfinyl]phenyl]-1H-imidazol-5-yl]pyridine	Tamoxifen	0.31666666666666665		L	False	False
DB01782	DB02546	Pyrazolanthrone	Vorinostat	0.31666666666666665		L	False	False
DB00675	DB00831	Tamoxifen	Trifluoperazine	0.31666666666666665	L	N	False	False
DB01100	DB00939	Pimozide	Meclofenamic acid	0.31666666666666665	N	M	False	False
DB00675	DB01016	Tamoxifen	Glyburide	0.31666666666666665	L	A	False	False
DB07557	DB02546	3,20-Pregnanedione	Vorinostat	0.31666666666666665		L	False	False
DB00675	DB08896	Tamoxifen	Regorafenib	0.31666666666666665	L	L	False	False
DB08896	DB00353	Regorafenib	Methylergometrine	0.31666666666666643	L	G	False	False
DB06266	DB08896	Lonidamine	Regorafenib	0.31666666666666643	L	L	False	False
DB00850	DB06486	Perphenazine	Enzastaurin	0.3162878787878789	N		False	False
DB01092	DB01244	Ouabain	Bepridil	0.3153846153846154	C	C	False	False
DB08916	DB01244	Afatinib	Bepridil	0.3153846153846154	L	C	False	False
DB02587	DB04946	Colforsin	Iloperidone	0.31439393939393945		N	False	False
DB08080	DB01118	Latrunculin B	Amiodarone	0.3142857142857145		C	False	False
DB00555	DB01119	Lamotrigine	Diazoxide	0.31398809523809534	N	C, V, G	False	False
DB00201	DB00313	Caffeine	Valproic acid	0.3138371290545203	R, V, N	N	False	False
DB08073	DB00280	(2S)-1-(1H-INDOL-3-YL)-3-{[5-(3-METHYL-1H-INDAZOL-5-YL)PYRIDIN-3-YL]OXY}PROPAN-2-AMINE	Disopyramide	0.3125		C	False	False
DB07859	DB00280	4-(4-CHLOROPHENYL)-4-[4-(1H-PYRAZOL-4-YL)PHENYL]PIPERIDINE	Disopyramide	0.3125		C	False	False
DB02587	DB01115	Colforsin	Nifedipine	0.3125		C	False	False
DB08756	DB00280	Y-27632	Disopyramide	0.3125		C	False	False
DB01115	DB01016	Nifedipine	Glyburide	0.3125	C	A	False	False
DB00280	DB00925	Disopyramide	Phenoxybenzamine	0.3125	C	C	False	False
DB00280	DB01088	Disopyramide	Iloprost	0.3125	C	B	False	False
DB01115	DB00925	Nifedipine	Phenoxybenzamine	0.3125	C	C	True	False
DB00201	DB00679	Caffeine	Thioridazine	0.3119047619047619	R, V, N	N	False	False
DB12695	DB00159	Phenethyl Isothiocyanate	Icosapent	0.3115800865800866			False	False
DB08896	DB01088	Regorafenib	Iloprost	0.3108974358974357	L	B	False	False
DB12695	DB00477	Phenethyl Isothiocyanate	Chlorpromazine	0.30995670995671		N	False	False
DB01054	DB01248	Nitrendipine	Docetaxel	0.30952380952380953	C	L	False	False
DB01054	DB01229	Nitrendipine	Paclitaxel	0.30952380952380953	C	L	False	False
DB01054	DB00831	Nitrendipine	Trifluoperazine	0.30952380952380953	C	N	True	False
DB01054	DB00436	Nitrendipine	Bendroflumethiazide	0.3095238095238093	C	C, G	False	False
DB01205	DB13345	Flumazenil	Dihydroergocristine	0.3095238095238093	V	C	False	False
DB00783	DB00794	Estradiol	Primidone	0.3092436974789916	G	N	False	False
DB00715	DB01119	Paroxetine	Diazoxide	0.3088235294117645	N	C, V, G	False	False
DB01016	DB01023	Glyburide	Felodipine	0.3086080586080584	A	C	False	False
DB02587	DB00568	Colforsin	Cinnarizine	0.30833333333333335		N	False	False
DB00353	DB00255	Methylergometrine	Diethylstilbestrol	0.3080808080808084	G	L, G	False	False
DB06152	DB00255	Nylidrin	Diethylstilbestrol	0.3080808080808084	C, G	L, G	False	False
DB05134	DB00255	Tanespimycin	Diethylstilbestrol	0.30808080808080796		L, G	False	False
DB07594	DB00255	CCT-018159	Diethylstilbestrol	0.30808080808080796		L, G	False	False
DB11781	DB00568	Tosedostat	Cinnarizine	0.3076923076923075		N	False	False
DB08080	DB01088	Latrunculin B	Iloprost	0.30681818181818166		B	False	False
DB00313	DB06486	Valproic acid	Enzastaurin	0.306781045751634	N		False	False
DB04599	DB00477	Aniracetam	Chlorpromazine	0.3057142857142856	N	N	False	False
DB04447	DB00800	1,4-Dithiothreitol	Fenoldopam	0.30555555555555536		C	False	False
DB00615	DB01388	Rifabutin	Mibefradil	0.3041958041958044	J	C	False	False
DB01244	DB06595	Bepridil	Midostaurin	0.3041666666666667	C	L	False	False
DB00831	DB01118	Trifluoperazine	Amiodarone	0.30402930402930406	N	C	False	False
DB00588	DB08916	Fluticasone propionate	Afatinib	0.3035714285714286		L	False	False
DB01016	DB00568	Glyburide	Cinnarizine	0.3026315789473686	A	N	False	False
DB01244	DB01013	Bepridil	Clobetasol propionate	0.3025641025641024	C		False	False
DB01115	DB04946	Nifedipine	Iloperidone	0.3023325358851674	C	N	True	False
DB00482	DB00255	Celecoxib	Diethylstilbestrol	0.3015873015873016	M, C, G, L	L, G	False	False
DB04946	DB01023	Iloperidone	Felodipine	0.3015734265734267	N	C	True	False
DB00159	DB01013	Icosapent	Clobetasol propionate	0.30086580086580095			True	False
DB02587	DB00477	Colforsin	Chlorpromazine	0.3007142857142855		N	False	False
DB00280	DB01229	Disopyramide	Paclitaxel	0.30059523809523814	C	L	False	False
DB01248	DB00280	Docetaxel	Disopyramide	0.30059523809523814	L	C	False	False
DB13954	DB02546	Estradiol cypionate	Vorinostat	0.30000000000000027		L	False	False
DB13956	DB02546	Estradiol valerate	Vorinostat	0.30000000000000027		L	False	False
DB00887	DB00630	Bumetanide	Alendronic acid	0.30000000000000004	C, G	M	True	False
DB08912	DB00508	Dabrafenib	Triflupromazine	0.30000000000000004	L	N	False	False
DB00630	DB00396	Alendronic acid	Progesterone	0.30000000000000004	M	G	False	False
DB04297	DB08912	Trichostatin A	Dabrafenib	0.30000000000000004		L	False	False
DB04447	DB05266	1,4-Dithiothreitol	Ibudilast	0.30000000000000004		R	False	False
DB06266	DB13956	Lonidamine	Estradiol valerate	0.30000000000000004	L		False	False
DB06266	DB13954	Lonidamine	Estradiol cypionate	0.30000000000000004	L		False	False
DB02116	DB13954	Olomoucine	Estradiol cypionate	0.30000000000000004			False	False
DB02116	DB13956	Olomoucine	Estradiol valerate	0.30000000000000004			False	False
DB04297	DB05266	Trichostatin A	Ibudilast	0.30000000000000004		R	False	False
DB08080	DB08912	Latrunculin B	Dabrafenib	0.30000000000000004		L	False	False
DB06266	DB08912	Lonidamine	Dabrafenib	0.30000000000000004	L	L	False	False
DB08080	DB05266	Latrunculin B	Ibudilast	0.30000000000000004		R	False	False
DB06266	DB05266	Lonidamine	Ibudilast	0.30000000000000004	L	R	False	False
DB13954	DB00568	Estradiol cypionate	Cinnarizine	0.30000000000000004		N	False	False
DB05984	DB05266	RAF-265	Ibudilast	0.30000000000000004		R	False	False
DB11781	DB08912	Tosedostat	Dabrafenib	0.30000000000000004		L	False	False
DB13956	DB01244	Estradiol valerate	Bepridil	0.30000000000000004		C	False	False
DB00887	DB08912	Bumetanide	Dabrafenib	0.30000000000000004	C, G	L	False	False
DB04513	DB12093	N-(6-Aminohexyl)-5-Chloro-1-Naphthalenesulfonamide	Tetrahydropalmatine	0.30000000000000004			False	False
DB11781	DB05266	Tosedostat	Ibudilast	0.30000000000000004		R	False	False
DB06266	DB00818	Lonidamine	Propofol	0.30000000000000004	L	N	False	False
DB00393	DB01244	Nimodipine	Bepridil	0.30000000000000004	C	C	False	False
DB00508	DB00396	Triflupromazine	Progesterone	0.30000000000000004	N	G	False	False
DB08080	DB00622	Latrunculin B	Nicardipine	0.30000000000000004		C	False	False
DB13956	DB04942	Estradiol valerate	Tamibarotene	0.30000000000000004			False	False
DB13956	DB00568	Estradiol valerate	Cinnarizine	0.30000000000000004		N	False	False
DB12093	DB00818	Tetrahydropalmatine	Propofol	0.30000000000000004		N	True	False
DB06266	DB00396	Lonidamine	Progesterone	0.30000000000000004	L	G	False	False
DB08912	DB01119	Dabrafenib	Diazoxide	0.30000000000000004	L	C, V, G	False	False
DB13956	DB00482	Estradiol valerate	Celecoxib	0.30000000000000004		M, C, G, L	False	False
DB13954	DB01244	Estradiol cypionate	Bepridil	0.30000000000000004		C	False	False
DB05984	DB00396	RAF-265	Progesterone	0.30000000000000004		G	False	False
DB08912	DB00436	Dabrafenib	Bendroflumethiazide	0.30000000000000004	L	C, G	False	False
DB08912	DB00568	Dabrafenib	Cinnarizine	0.30000000000000004	L	N	False	False
DB08080	DB13956	Latrunculin B	Estradiol valerate	0.30000000000000004			False	False
DB08080	DB13954	Latrunculin B	Estradiol cypionate	0.30000000000000004			False	False
DB08912	DB08916	Dabrafenib	Afatinib	0.30000000000000004	L	L	False	False
DB08912	DB12093	Dabrafenib	Tetrahydropalmatine	0.30000000000000004	L		True	False
DB13954	DB04942	Estradiol cypionate	Tamibarotene	0.30000000000000004			False	False
DB13954	DB00482	Estradiol cypionate	Celecoxib	0.30000000000000004		M, C, G, L	False	False
DB00396	DB12093	Progesterone	Tetrahydropalmatine	0.30000000000000004	G		False	False
DB00615	DB05266	Rifabutin	Ibudilast	0.30000000000000004	J	R	False	False
DB00818	DB13345	Propofol	Dihydroergocristine	0.30000000000000004	N	C	True	False
DB08912	DB00482	Dabrafenib	Celecoxib	0.30000000000000004	L	M, C, G, L	False	False
DB00508	DB00482	Triflupromazine	Celecoxib	0.2999999999999998	N	M, C, G, L	False	False
DB00675	DB00836	Tamoxifen	Loperamide	0.2991596638655465	L	A	False	False
DB08080	DB01069	Latrunculin B	Promethazine	0.2987012987012989		R, V, D	False	False
DB00675	DB00477	Tamoxifen	Chlorpromazine	0.29861751152073723	L	N	False	False
DB01100	DB00159	Pimozide	Icosapent	0.29848484848484835	N		False	False
DB08080	DB01645	Latrunculin B	Genistein	0.29807692307692313			False	False
DB01118	DB00436	Amiodarone	Bendroflumethiazide	0.2976190476190479	C	C, G	True	False
DB01118	DB01119	Amiodarone	Diazoxide	0.2976190476190479	C	C, V, G	True	False
DB01100	DB01013	Pimozide	Clobetasol propionate	0.29761904761904767	N		False	False
DB12500	DB01100	Fedratinib	Pimozide	0.29761904761904767	L	N	False	False
DB07594	DB00159	CCT-018159	Icosapent	0.2972027972027971			False	False
DB05134	DB00159	Tanespimycin	Icosapent	0.2972027972027971			False	False
DB00675	DB02659	Tamoxifen	Cholic Acid	0.29708141321044534	L	A	False	False
DB00280	DB00159	Disopyramide	Icosapent	0.29694976076555024	C		False	False
DB07859	DB02010	4-(4-CHLOROPHENYL)-4-[4-(1H-PYRAZOL-4-YL)PHENYL]PIPERIDINE	Staurosporine	0.2963800904977376			False	False
DB08073	DB02010	(2S)-1-(1H-INDOL-3-YL)-3-{[5-(3-METHYL-1H-INDAZOL-5-YL)PYRIDIN-3-YL]OXY}PROPAN-2-AMINE	Staurosporine	0.2963800904977376			False	False
DB00675	DB00679	Tamoxifen	Thioridazine	0.2958333333333334	L	N	False	False
DB01254	DB00568	Dasatinib	Cinnarizine	0.2953964194373402	L	N	True	False
DB00396	DB00477	Progesterone	Chlorpromazine	0.2953917050691246	G	N	False	False
DB00201	DB06595	Caffeine	Midostaurin	0.2952380952380953	R, V, N	L	False	False
DB00675	DB01069	Tamoxifen	Promethazine	0.29393939393939417	L	R, V, D	False	False
DB13956	DB02659	Estradiol valerate	Cholic Acid	0.2938556067588325		A	False	False
DB13954	DB02659	Estradiol cypionate	Cholic Acid	0.2938556067588325		A	False	False
DB00313	DB00508	Valproic acid	Triflupromazine	0.29365079365079394	N	N	False	False
DB00313	DB00436	Valproic acid	Bendroflumethiazide	0.29365079365079394	N	C, G	False	False
DB13954	DB02010	Estradiol cypionate	Staurosporine	0.2933110367892977			False	False
DB13956	DB02010	Estradiol valerate	Staurosporine	0.2933110367892977			False	False
DB00280	DB01119	Disopyramide	Diazoxide	0.29326923076923084	C	C, V, G	False	False
DB01016	DB01645	Glyburide	Genistein	0.2921245421245422	A		False	False
DB08059	DB00975	Wortmannin	Dipyridamole	0.29166666666666674		B	False	False
DB02587	DB00975	Colforsin	Dipyridamole	0.29166666666666674		B	False	False
DB07859	DB01088	4-(4-CHLOROPHENYL)-4-[4-(1H-PYRAZOL-4-YL)PHENYL]PIPERIDINE	Iloprost	0.29166666666666674		B	False	False
DB07557	DB01088	3,20-Pregnanedione	Iloprost	0.29166666666666674		B	False	False
DB02587	DB01016	Colforsin	Glyburide	0.29166666666666674		A	False	False
DB08073	DB01088	(2S)-1-(1H-INDOL-3-YL)-3-{[5-(3-METHYL-1H-INDAZOL-5-YL)PYRIDIN-3-YL]OXY}PROPAN-2-AMINE	Iloprost	0.29166666666666674		B	False	False
DB12093	DB06595	Tetrahydropalmatine	Midostaurin	0.2916666666666665		L	False	False
DB11781	DB00831	Tosedostat	Trifluoperazine	0.2916666666666665		N	False	False
DB05984	DB00831	RAF-265	Trifluoperazine	0.2916666666666665		N	False	False
DB01205	DB01119	Flumazenil	Diazoxide	0.2916666666666665	V	C, V, G	False	False
DB01205	DB00482	Flumazenil	Celecoxib	0.2916666666666665	V	M, C, G, L	False	False
DB00836	DB00280	Loperamide	Disopyramide	0.29107142857142865	A	C	False	False
DB01069	DB00783	Promethazine	Estradiol	0.2907647907647908	R, V, D	G	False	False
DB01069	DB01119	Promethazine	Diazoxide	0.2897727272727273	R, V, D	C, V, G	False	False
DB04513	DB00280	N-(6-Aminohexyl)-5-Chloro-1-Naphthalenesulfonamide	Disopyramide	0.2897727272727273		C	False	False
DB11781	DB01645	Tosedostat	Genistein	0.2897435897435898			False	False
DB05984	DB01645	RAF-265	Genistein	0.2897435897435898			False	False
DB06486	DB01645	Enzastaurin	Genistein	0.28914835164835173			False	False
DB01254	DB01023	Dasatinib	Felodipine	0.2891118543292457	L	C	False	False
DB00280	DB12695	Disopyramide	Phenethyl Isothiocyanate	0.28828616352201264	C		False	False
DB00396	DB00555	Progesterone	Lamotrigine	0.2879807692307692	G	N	False	False
DB02424	DB03010	Geldanamycin	Patupilone	0.28787878787878807			False	False
DB03010	DB00210	Patupilone	Adapalene	0.28787878787878807		D	False	False
DB00836	DB01248	Loperamide	Docetaxel	0.28754578754578763	A	L	False	False
DB00836	DB01229	Loperamide	Paclitaxel	0.28754578754578763	A	L	False	False
DB05984	DB01115	RAF-265	Nifedipine	0.2875000000000001		C	False	False
DB01115	DB12093	Nifedipine	Tetrahydropalmatine	0.2875000000000001	C		False	False
DB06155	DB01115	Rimonabant	Nifedipine	0.2875000000000001	A	C	False	False
DB06152	DB01115	Nylidrin	Nifedipine	0.2875000000000001	C, G	C	False	False
DB01244	DB00159	Bepridil	Icosapent	0.2865800865800865	C		False	False
DB06486	DB12695	Enzastaurin	Phenethyl Isothiocyanate	0.28592767295597477			False	False
DB08877	DB08916	Ruxolitinib	Afatinib	0.2857142857142858	L	L	False	False
DB08916	DB08895	Afatinib	Tofacitinib	0.2857142857142858	L	L	False	False
DB06195	DB00459	Seliciclib	Acitretin	0.2857142857142858		D	False	False
DB00393	DB07557	Nimodipine	3,20-Pregnanedione	0.2857142857142858	C		False	False
DB04297	DB00436	Trichostatin A	Bendroflumethiazide	0.2857142857142856		C, G	False	False
DB11781	DB00482	Tosedostat	Celecoxib	0.2857142857142856		M, C, G, L	False	False
DB00459	DB01118	Acitretin	Amiodarone	0.2857142857142856	D	C	False	False
DB00887	DB12093	Bumetanide	Tetrahydropalmatine	0.2857142857142856	C, G		False	False
DB00482	DB12093	Celecoxib	Tetrahydropalmatine	0.2857142857142856	M, C, G, L		False	False
DB06266	DB00477	Lonidamine	Chlorpromazine	0.2857142857142856	L	N	False	False
DB00783	DB00482	Estradiol	Celecoxib	0.2857142857142856	G	M, C, G, L	False	False
DB08080	DB00783	Latrunculin B	Estradiol	0.2857142857142856		G	False	False
DB00783	DB13345	Estradiol	Dihydroergocristine	0.2857142857142856	G	C	False	False
DB06195	DB01118	Seliciclib	Amiodarone	0.2857142857142856		C	False	False
DB06266	DB00783	Lonidamine	Estradiol	0.2857142857142856	L	G	False	False
DB05984	DB00783	RAF-265	Estradiol	0.2857142857142856		G	False	False
DB00508	DB00783	Triflupromazine	Estradiol	0.2857142857142856	N	G	False	False
DB00313	DB01023	Valproic acid	Felodipine	0.28515928515928524	N	C	True	False
DB08912	DB00831	Dabrafenib	Trifluoperazine	0.2848484848484849	L	N	False	False
DB00831	DB00818	Trifluoperazine	Propofol	0.2848484848484849	N	N	True	False
DB01254	DB01013	Dasatinib	Clobetasol propionate	0.28483835005574143	L		False	False
DB00313	DB00280	Valproic acid	Disopyramide	0.2847222222222223	N	C	True	False
DB07863	DB00675	2-chloro-5-nitro-N-phenylbenzamide	Tamoxifen	0.2846153846153845		L	False	False
DB00675	DB08916	Tamoxifen	Afatinib	0.2846153846153845	L	L	False	False
DB02546	DB02010	Vorinostat	Staurosporine	0.2846153846153845	L		False	False
DB01248	DB00568	Docetaxel	Cinnarizine	0.28431372549019596	L	N	False	False
DB00568	DB01229	Cinnarizine	Paclitaxel	0.28431372549019596	N	L	False	False
DB06486	DB00508	Enzastaurin	Triflupromazine	0.28365384615384626		N	False	False
DB00887	DB00925	Bumetanide	Phenoxybenzamine	0.28365384615384626	C, G	C	True	False
DB00508	DB00925	Triflupromazine	Phenoxybenzamine	0.28365384615384626	N	C	False	False
DB02010	DB00255	Staurosporine	Diethylstilbestrol	0.2836052836052836		L, G	False	False
DB05984	DB01244	RAF-265	Bepridil	0.28333333333333344		C	False	False
DB12093	DB01244	Tetrahydropalmatine	Bepridil	0.28333333333333344		C	False	False
DB04297	DB01244	Trichostatin A	Bepridil	0.28333333333333344		C	False	False
DB00630	DB07780	Alendronic acid	Farnesyl diphosphate	0.2833333333333332	M		False	False
DB01100	DB02010	Pimozide	Staurosporine	0.28167420814479627	N		False	False
DB00313	DB00555	Valproic acid	Lamotrigine	0.2809722222222224	N	N	False	False
DB02010	DB01244	Staurosporine	Bepridil	0.280267558528428		C	False	False
DB01023	DB00255	Felodipine	Diethylstilbestrol	0.28010878010878026	C	L, G	False	False
DB01054	DB07859	Nitrendipine	4-(4-CHLOROPHENYL)-4-[4-(1H-PYRAZOL-4-YL)PHENYL]PIPERIDINE	0.27922077922077926	C		False	False
DB01054	DB08073	Nitrendipine	(2S)-1-(1H-INDOL-3-YL)-3-{[5-(3-METHYL-1H-INDAZOL-5-YL)PYRIDIN-3-YL]OXY}PROPAN-2-AMINE	0.27922077922077926	C		False	False
DB01054	DB08756	Nitrendipine	Y-27632	0.27922077922077926	C		False	False
DB13956	DB00831	Estradiol valerate	Trifluoperazine	0.2791666666666668		N	False	False
DB13954	DB00831	Estradiol cypionate	Trifluoperazine	0.2791666666666668		N	False	False
DB00508	DB01088	Triflupromazine	Iloprost	0.27884615384615374	N	B	False	False
DB08896	DB12695	Regorafenib	Phenethyl Isothiocyanate	0.2785714285714287	L		False	False
DB01069	DB02010	Promethazine	Staurosporine	0.2785547785547786	R, V, D		False	False
DB01115	DB08080	Nifedipine	Latrunculin B	0.27840909090909083	C		False	False
DB13954	DB03010	Estradiol cypionate	Patupilone	0.27835497835497836			False	False
DB13956	DB03010	Estradiol valerate	Patupilone	0.27835497835497836			False	False
DB01248	DB01013	Docetaxel	Clobetasol propionate	0.2777777777777777	L		False	False
DB08073	DB00508	(2S)-1-(1H-INDOL-3-YL)-3-{[5-(3-METHYL-1H-INDAZOL-5-YL)PYRIDIN-3-YL]OXY}PROPAN-2-AMINE	Triflupromazine	0.2777777777777777		N	False	False
DB01013	DB00255	Clobetasol propionate	Diethylstilbestrol	0.2777777777777777		L, G	False	False
DB07859	DB00508	4-(4-CHLOROPHENYL)-4-[4-(1H-PYRAZOL-4-YL)PHENYL]PIPERIDINE	Triflupromazine	0.2777777777777777		N	False	False
DB00615	DB07780	Rifabutin	Farnesyl diphosphate	0.2777777777777777	J		False	False
DB07859	DB01119	4-(4-CHLOROPHENYL)-4-[4-(1H-PYRAZOL-4-YL)PHENYL]PIPERIDINE	Diazoxide	0.2777777777777777		C, V, G	False	False
DB00887	DB08756	Bumetanide	Y-27632	0.2777777777777777	C, G		False	False
DB00850	DB01248	Perphenazine	Docetaxel	0.2777777777777777	N	L	False	False
DB08756	DB00508	Y-27632	Triflupromazine	0.2777777777777777		N	False	False
DB08073	DB01119	(2S)-1-(1H-INDOL-3-YL)-3-{[5-(3-METHYL-1H-INDAZOL-5-YL)PYRIDIN-3-YL]OXY}PROPAN-2-AMINE	Diazoxide	0.2777777777777777		C, V, G	False	False
DB00831	DB01013	Trifluoperazine	Clobetasol propionate	0.2777777777777777	N		False	False
DB02116	DB00508	Olomoucine	Triflupromazine	0.2777777777777777		N	False	False
DB00850	DB01229	Perphenazine	Paclitaxel	0.2777777777777777	N	L	False	False
DB01229	DB01013	Paclitaxel	Clobetasol propionate	0.2777777777777777	L		False	False
DB02587	DB12695	Colforsin	Phenethyl Isothiocyanate	0.27772108843537424			False	False
DB01254	DB00210	Dasatinib	Adapalene	0.2776268115942029	L	D	False	False
DB06195	DB00159	Seliciclib	Icosapent	0.2770562770562772			False	False
DB02424	DB00201	Geldanamycin	Caffeine	0.276610644257703		R, V, N	False	False
DB00850	DB01054	Perphenazine	Nitrendipine	0.2761904761904763	N	C	False	False
DB02587	DB00201	Colforsin	Caffeine	0.2757936507936509		R, V, N	False	False
DB00201	DB00255	Caffeine	Diethylstilbestrol	0.2751897860593513	R, V, N	L, G	False	False
DB00201	DB00715	Caffeine	Paroxetine	0.27472527472527486	R, V, N	N	False	False
DB01016	DB00159	Glyburide	Icosapent	0.27392344497607635	A		False	False
DB12500	DB08896	Fedratinib	Regorafenib	0.2738095238095237	L	L	False	False
DB07841	DB00975	Geranylgeranyl diphosphate	Dipyridamole	0.2738095238095237		B	False	False
DB00482	DB04946	Celecoxib	Iloperidone	0.2727272727272727	M, C, G, L	N	False	False
DB06266	DB04946	Lonidamine	Iloperidone	0.2727272727272727	L	N	False	False
DB05984	DB04946	RAF-265	Iloperidone	0.2727272727272727		N	False	False
DB08080	DB04946	Latrunculin B	Iloperidone	0.2727272727272727		N	False	False
DB00675	DB00555	Tamoxifen	Lamotrigine	0.27259615384615365	L	N	True	False
DB00313	DB00568	Valproic acid	Cinnarizine	0.27222222222222214	N	N	True	False
DB01054	DB00280	Nitrendipine	Disopyramide	0.27202380952380967	C	C	False	False
DB00850	DB00675	Perphenazine	Tamoxifen	0.27179487179487194	N	L	False	False
DB00675	DB01013	Tamoxifen	Clobetasol propionate	0.27179487179487194	L		False	False
DB08175	DB00675	(2E,4E)-11-METHOXY-3,7,11-TRIMETHYLDODECA-2,4-DIENOIC ACID	Tamoxifen	0.27179487179487194		L	False	False
DB00630	DB00353	Alendronic acid	Methylergometrine	0.2714285714285718	M	G	False	False
DB08756	DB01244	Y-27632	Bepridil	0.27142857142857135		C	False	False
DB08073	DB01244	(2S)-1-(1H-INDOL-3-YL)-3-{[5-(3-METHYL-1H-INDAZOL-5-YL)PYRIDIN-3-YL]OXY}PROPAN-2-AMINE	Bepridil	0.27142857142857135		C	False	False
DB07859	DB01244	4-(4-CHLOROPHENYL)-4-[4-(1H-PYRAZOL-4-YL)PHENYL]PIPERIDINE	Bepridil	0.27142857142857135		C	False	False
DB07859	DB06486	4-(4-CHLOROPHENYL)-4-[4-(1H-PYRAZOL-4-YL)PHENYL]PIPERIDINE	Enzastaurin	0.27083333333333326			False	False
DB02587	DB00280	Colforsin	Disopyramide	0.27083333333333326		C	False	False
DB08073	DB06486	(2S)-1-(1H-INDOL-3-YL)-3-{[5-(3-METHYL-1H-INDAZOL-5-YL)PYRIDIN-3-YL]OXY}PROPAN-2-AMINE	Enzastaurin	0.27083333333333326			False	False
DB06155	DB00622	Rimonabant	Nicardipine	0.2705882352941176	A	C	True	False
DB01254	DB01119	Dasatinib	Diazoxide	0.27018633540372683	L	C, V, G	False	False
DB01645	DB01023	Genistein	Felodipine	0.2692307692307694		C	False	False
DB01016	DB00783	Glyburide	Estradiol	0.269047619047619	A	G	False	False
DB02587	DB01069	Colforsin	Promethazine	0.26893939393939403		R, V, D	False	False
DB01645	DB00588	Genistein	Fluticasone propionate	0.2686651583710409			False	False
DB00393	DB00588	Nimodipine	Fluticasone propionate	0.2678571428571428	C		False	False
DB02546	DB01645	Vorinostat	Genistein	0.2675213675213677	L		False	False
DB00887	DB03010	Bumetanide	Patupilone	0.2670454545454546	C, G		False	False
DB00482	DB00794	Celecoxib	Primidone	0.26666666666666683	M, C, G, L	N	False	False
DB00482	DB01244	Celecoxib	Bepridil	0.26666666666666683	M, C, G, L	C	False	False
DB07557	DB00975	3,20-Pregnanedione	Dipyridamole	0.26666666666666683		B	False	False
DB00508	DB01244	Triflupromazine	Bepridil	0.26666666666666683	N	C	False	False
DB04447	DB00939	1,4-Dithiothreitol	Meclofenamic acid	0.2666666666666666		M	False	False
DB01248	DB13345	Docetaxel	Dihydroergocristine	0.2666666666666666	L	C	False	False
DB01229	DB13345	Paclitaxel	Dihydroergocristine	0.2666666666666666	L	C	False	False
DB00630	DB01244	Alendronic acid	Bepridil	0.2666666666666666	M	C	False	False
DB08756	DB01229	Y-27632	Paclitaxel	0.2666666666666666		L	False	False
DB00675	DB00508	Tamoxifen	Triflupromazine	0.2666666666666666	L	N	False	False
DB06152	DB01205	Nylidrin	Flumazenil	0.2666666666666666	C, G	V	False	False
DB00675	DB00436	Tamoxifen	Bendroflumethiazide	0.2666666666666666	L	C, G	False	False
DB11781	DB08896	Tosedostat	Regorafenib	0.2666666666666666		L	False	False
DB02424	DB12695	Geldanamycin	Phenethyl Isothiocyanate	0.2666666666666666			False	False
DB08756	DB01248	Y-27632	Docetaxel	0.2666666666666666		L	False	False
DB00508	DB01023	Triflupromazine	Felodipine	0.2649572649572649	N	C	False	False
DB01244	DB00555	Bepridil	Lamotrigine	0.2649038461538462	C	N	False	False
DB00280	DB06595	Disopyramide	Midostaurin	0.26488095238095233	C	L	False	False
DB01115	DB00436	Nifedipine	Bendroflumethiazide	0.2644230769230771	C	C, G	False	False
DB00588	DB01119	Fluticasone propionate	Diazoxide	0.26388888888888884		C, V, G	False	False
DB01100	DB00783	Pimozide	Estradiol	0.2629870129870129	N	G	False	False
DB01782	DB00783	Pyrazolanthrone	Estradiol	0.2629870129870129		G	False	False
DB11781	DB00255	Tosedostat	Diethylstilbestrol	0.26262626262626254		L, G	False	False
DB00280	DB12093	Disopyramide	Tetrahydropalmatine	0.2625000000000002	C		False	False
DB04297	DB00280	Trichostatin A	Disopyramide	0.2625000000000002		C	False	False
DB05134	DB00280	Tanespimycin	Disopyramide	0.26249999999999996		C	False	False
DB00630	DB00568	Alendronic acid	Cinnarizine	0.26249999999999996	M	N	False	False
DB07594	DB00280	CCT-018159	Disopyramide	0.26249999999999996		C	False	False
DB06152	DB03010	Nylidrin	Patupilone	0.2622377622377621	C, G		False	False
DB08912	DB06595	Dabrafenib	Midostaurin	0.2621212121212122	L	L	False	False
DB06152	DB00836	Nylidrin	Loperamide	0.2619047619047623	C, G	A	False	False
DB07859	DB01013	4-(4-CHLOROPHENYL)-4-[4-(1H-PYRAZOL-4-YL)PHENYL]PIPERIDINE	Clobetasol propionate	0.2619047619047621			False	False
DB08073	DB01013	(2S)-1-(1H-INDOL-3-YL)-3-{[5-(3-METHYL-1H-INDAZOL-5-YL)PYRIDIN-3-YL]OXY}PROPAN-2-AMINE	Clobetasol propionate	0.2619047619047621			False	False
DB00210	DB00436	Adapalene	Bendroflumethiazide	0.2619047619047621	D	C, G	False	False
DB02424	DB08756	Geldanamycin	Y-27632	0.2619047619047621			False	False
DB01782	DB00201	Pyrazolanthrone	Caffeine	0.26190476190476186		R, V, N	False	False
DB00836	DB00568	Loperamide	Cinnarizine	0.26190476190476186	A	N	False	False
DB00459	DB01013	Acitretin	Clobetasol propionate	0.26190476190476186	D		False	False
DB00201	DB01622	Caffeine	Thioproperazine	0.26190476190476186	R, V, N	N	False	False
DB06195	DB00436	Seliciclib	Bendroflumethiazide	0.26190476190476186		C, G	False	False
DB06195	DB01013	Seliciclib	Clobetasol propionate	0.26190476190476186			False	False
DB02424	DB00836	Geldanamycin	Loperamide	0.26190476190476186		A	False	False
DB01069	DB00975	Promethazine	Dipyridamole	0.26158645276292347	R, V, D	B	False	False
DB02116	DB00313	Olomoucine	Valproic acid	0.26068376068376087		N	False	False
DB01118	DB00555	Amiodarone	Lamotrigine	0.25912267080745344	C	N	True	False
DB05984	DB00159	RAF-265	Icosapent	0.25874125874125875			False	False
DB12093	DB00159	Tetrahydropalmatine	Icosapent	0.25874125874125875			False	False
DB12500	DB08912	Fedratinib	Dabrafenib	0.2583333333333333	L	L	False	False
DB06195	DB00588	Seliciclib	Fluticasone propionate	0.2581168831168832			False	False
DB01023	DB00925	Felodipine	Phenoxybenzamine	0.2580128205128205	C	C	True	False
DB00831	DB00482	Trifluoperazine	Celecoxib	0.25757575757575735	N	M, C, G, L	True	False
DB01248	DB00508	Docetaxel	Triflupromazine	0.25757575757575735	L	N	False	False
DB00508	DB01229	Triflupromazine	Paclitaxel	0.25757575757575735	N	L	False	False
DB00831	DB01119	Trifluoperazine	Diazoxide	0.25757575757575735	N	C, V, G	False	False
DB00675	DB02116	Tamoxifen	Olomoucine	0.2571428571428571	L		False	False
DB00675	DB13345	Tamoxifen	Dihydroergocristine	0.2571428571428571	L	C	False	False
DB06155	DB01645	Rimonabant	Genistein	0.25641025641025683	A		False	False
DB01645	DB00353	Genistein	Methylergometrine	0.25641025641025683		G	False	False
DB01645	DB00482	Genistein	Celecoxib	0.2564102564102564		M, C, G, L	False	False
DB01088	DB06595	Iloprost	Midostaurin	0.2559523809523807	B	L	False	False
DB00630	DB01254	Alendronic acid	Dasatinib	0.25590062111801215	M	L	False	False
DB06152	DB01023	Nylidrin	Felodipine	0.25384615384615383	C, G	C	False	False
DB01118	DB00715	Amiodarone	Paroxetine	0.25375939849624074	C	N	False	False
DB12695	DB01119	Phenethyl Isothiocyanate	Diazoxide	0.2533333333333334		C, V, G	False	False
DB00482	DB12695	Celecoxib	Phenethyl Isothiocyanate	0.2533333333333334	M, C, G, L		False	False
DB00201	DB00925	Caffeine	Phenoxybenzamine	0.25243506493506507	R, V, N	C	False	False
DB01023	DB00159	Felodipine	Icosapent	0.25233100233100236	C		False	False
DB02116	DB00255	Olomoucine	Diethylstilbestrol	0.25213675213675213		L, G	False	False
DB01054	DB06595	Nitrendipine	Midostaurin	0.2518315018315018	C	L	False	False
DB00280	DB00396	Disopyramide	Progesterone	0.2513888888888889	C	G	False	False
DB00783	DB01244	Estradiol	Bepridil	0.2504201680672269	G	C	False	False
DB02659	DB00159	Cholic Acid	Icosapent	0.2502705627705626	A		False	False
DB08896	DB00975	Regorafenib	Dipyridamole	0.2500000000000002	L	B	False	False
DB01100	DB08080	Pimozide	Latrunculin B	0.25	N		False	False
DB00508	DB08916	Triflupromazine	Afatinib	0.25	N	L	False	False
DB06266	DB00715	Lonidamine	Paroxetine	0.25	L	N	False	False
DB01782	DB08080	Pyrazolanthrone	Latrunculin B	0.25			False	False
DB01782	DB02116	Pyrazolanthrone	Olomoucine	0.25			False	False
DB01782	DB11781	Pyrazolanthrone	Tosedostat	0.25			False	False
DB05984	DB01782	RAF-265	Pyrazolanthrone	0.25			False	False
DB07594	DB04447	CCT-018159	1,4-Dithiothreitol	0.25			False	False
DB01118	DB00477	Amiodarone	Chlorpromazine	0.25	C	N	False	False
DB00887	DB00622	Bumetanide	Nicardipine	0.25	C, G	C	True	False
DB00353	DB04942	Methylergometrine	Tamibarotene	0.25	G		False	False
DB00831	DB01229	Trifluoperazine	Paclitaxel	0.25	N	L	False	False
DB01092	DB00887	Ouabain	Bumetanide	0.25	C	C, G	True	False
DB00615	DB00715	Rifabutin	Paroxetine	0.25	J	N	False	False
DB08080	DB00508	Latrunculin B	Triflupromazine	0.25		N	False	False
DB05984	DB01100	RAF-265	Pimozide	0.25		N	False	False
DB15399	DB00353	BMS-754807	Methylergometrine	0.25		G	False	False
DB04149	DB06155	(R)-Rolipram	Rimonabant	0.25		A	False	False
DB08080	DB00887	Latrunculin B	Bumetanide	0.25		C, G	False	False
DB08073	DB01100	(2S)-1-(1H-INDOL-3-YL)-3-{[5-(3-METHYL-1H-INDAZOL-5-YL)PYRIDIN-3-YL]OXY}PROPAN-2-AMINE	Pimozide	0.25		N	False	False
DB05134	DB15399	Tanespimycin	BMS-754807	0.25			False	False
DB07557	DB01016	3,20-Pregnanedione	Glyburide	0.25		A	False	False
DB05984	DB00715	RAF-265	Paroxetine	0.25		N	False	False
DB00482	DB08916	Celecoxib	Afatinib	0.25	M, C, G, L	L	False	False
DB01100	DB00887	Pimozide	Bumetanide	0.25	N	C, G	False	False
DB11781	DB07557	Tosedostat	3,20-Pregnanedione	0.25			False	False
DB07859	DB01100	4-(4-CHLOROPHENYL)-4-[4-(1H-PYRAZOL-4-YL)PHENYL]PIPERIDINE	Pimozide	0.25		N	False	False
DB05984	DB01622	RAF-265	Thioproperazine	0.25		N	False	False
DB05134	DB07557	Tanespimycin	3,20-Pregnanedione	0.25			False	False
DB08597	DB00353	Dorsomorphin	Methylergometrine	0.25		G	False	False
DB08521	DB15399	4-[4-(4-Fluorophenyl)-2-[4-[(R)-methylsulfinyl]phenyl]-1H-imidazol-5-yl]pyridine	BMS-754807	0.25			False	False
DB01782	DB01119	Pyrazolanthrone	Diazoxide	0.25		C, V, G	False	False
DB08175	DB00975	(2E,4E)-11-METHOXY-3,7,11-TRIMETHYLDODECA-2,4-DIENOIC ACID	Dipyridamole	0.25		B	False	False
DB00615	DB01622	Rifabutin	Thioproperazine	0.25	J	N	False	False
DB00210	DB00975	Adapalene	Dipyridamole	0.25	D	B	False	False
DB00887	DB08916	Bumetanide	Afatinib	0.25	C, G	L	False	False
DB07594	DB01782	CCT-018159	Pyrazolanthrone	0.25			False	False
DB07594	DB15399	CCT-018159	BMS-754807	0.25			False	False
DB04297	DB07557	Trichostatin A	3,20-Pregnanedione	0.25			False	False
DB08521	DB04149	4-[4-(4-Fluorophenyl)-2-[4-[(R)-methylsulfinyl]phenyl]-1H-imidazol-5-yl]pyridine	(R)-Rolipram	0.25			False	False
DB08521	DB01782	4-[4-(4-Fluorophenyl)-2-[4-[(R)-methylsulfinyl]phenyl]-1H-imidazol-5-yl]pyridine	Pyrazolanthrone	0.25			False	False
DB06155	DB01016	Rimonabant	Glyburide	0.25	A	A	False	False
DB08059	DB07557	Wortmannin	3,20-Pregnanedione	0.25			False	False
DB04599	DB13345	Aniracetam	Dihydroergocristine	0.25	N	C	False	False
DB02116	DB07557	Olomoucine	3,20-Pregnanedione	0.25			False	False
DB01782	DB04942	Pyrazolanthrone	Tamibarotene	0.25			False	False
DB00615	DB00800	Rifabutin	Fenoldopam	0.25	J	C	False	False
DB01205	DB06595	Flumazenil	Midostaurin	0.25	V	L	False	False
DB04297	DB01100	Trichostatin A	Pimozide	0.25		N	False	False
DB07594	DB01100	CCT-018159	Pimozide	0.25		N	False	False
DB07594	DB07557	CCT-018159	3,20-Pregnanedione	0.25			False	False
DB00280	DB00875	Disopyramide	Flupentixol	0.25	C	N	True	False
DB05134	DB01782	Tanespimycin	Pyrazolanthrone	0.25			False	False
DB05134	DB01100	Tanespimycin	Pimozide	0.25		N	False	False
DB08059	DB08877	Wortmannin	Ruxolitinib	0.25		L	True	False
DB00831	DB01248	Trifluoperazine	Docetaxel	0.25	N	L	False	False
DB06266	DB01622	Lonidamine	Thioproperazine	0.25	L	N	False	False
DB08059	DB08895	Wortmannin	Tofacitinib	0.25		L	False	False
DB05134	DB04447	Tanespimycin	1,4-Dithiothreitol	0.25			False	False
DB08916	DB01119	Afatinib	Diazoxide	0.25	L	C, V, G	False	False
DB08896	DB01229	Regorafenib	Paclitaxel	0.25	L	L	False	False
DB00393	DB00353	Nimodipine	Methylergometrine	0.25	C	G	False	False
DB00393	DB04447	Nimodipine	1,4-Dithiothreitol	0.25	C		False	False
DB01782	DB04447	Pyrazolanthrone	1,4-Dithiothreitol	0.25			False	False
DB01100	DB01119	Pimozide	Diazoxide	0.25	N	C, V, G	False	False
DB01100	DB00482	Pimozide	Celecoxib	0.25	N	M, C, G, L	False	False
DB01248	DB08896	Docetaxel	Regorafenib	0.25	L	L	False	False
DB11781	DB01100	Tosedostat	Pimozide	0.25		N	False	False
DB06266	DB01782	Lonidamine	Pyrazolanthrone	0.25	L		False	False
DB12500	DB00975	Fedratinib	Dipyridamole	0.25	L	B	False	False
DB08916	DB06595	Afatinib	Midostaurin	0.24999999999999978	L	L	False	False
DB00675	DB01023	Tamoxifen	Felodipine	0.24949832775919734	L	C	False	False
DB00313	DB01069	Valproic acid	Promethazine	0.24949494949494944	N	R, V, D	False	False
DB01254	DB01244	Dasatinib	Bepridil	0.24940711462450582	L	C	True	False
DB13954	DB01013	Estradiol cypionate	Clobetasol propionate	0.24871794871794872			False	False
DB00850	DB00396	Perphenazine	Progesterone	0.24871794871794872	N	G	False	False
DB13956	DB01013	Estradiol valerate	Clobetasol propionate	0.24871794871794872			False	False
DB00159	DB13345	Icosapent	Dihydroergocristine	0.24848484848484853		C	True	False
DB08896	DB00280	Regorafenib	Disopyramide	0.24839743589743568	L	C	False	False
DB00313	DB12695	Valproic acid	Phenethyl Isothiocyanate	0.248148148148148	N		False	False
DB01254	DB01088	Dasatinib	Iloprost	0.24772089761570837	L	B	False	False
DB08175	DB01118	(2E,4E)-11-METHOXY-3,7,11-TRIMETHYLDODECA-2,4-DIENOIC ACID	Amiodarone	0.24761904761904763		C	False	False
DB00831	DB06486	Trifluoperazine	Enzastaurin	0.2470238095238093	N		False	False
DB01254	DB08895	Dasatinib	Tofacitinib	0.24637681159420288	L	L	False	False
DB08877	DB01254	Ruxolitinib	Dasatinib	0.24637681159420288	L	L	False	False
DB01115	DB01254	Nifedipine	Dasatinib	0.24570476858345036	C	L	False	False
DB00201	DB01229	Caffeine	Paclitaxel	0.24523809523809526	R, V, N	L	False	False
DB00201	DB01248	Caffeine	Docetaxel	0.24523809523809526	R, V, N	L	False	False
DB06195	DB08896	Seliciclib	Regorafenib	0.24523809523809526		L	False	False
DB02116	DB05266	Olomoucine	Ibudilast	0.24444444444444446		R	False	False
DB08756	DB05266	Y-27632	Ibudilast	0.24444444444444446		R	False	False
DB00508	DB00159	Triflupromazine	Icosapent	0.24431818181818166	N		False	False
DB00396	DB00159	Progesterone	Icosapent	0.24372294372294379	G		False	False
DB01248	DB01244	Docetaxel	Bepridil	0.2416666666666667	L	C	False	False
DB00794	DB00975	Primidone	Dipyridamole	0.2416666666666667	N	B	False	False
DB01229	DB01244	Paclitaxel	Bepridil	0.2416666666666667	L	C	True	False
DB08059	DB01248	Wortmannin	Docetaxel	0.24166666666666647		L	True	False
DB08059	DB01229	Wortmannin	Paclitaxel	0.24166666666666647		L	True	False
DB06195	DB01254	Seliciclib	Dasatinib	0.24161490683229792		L	False	False
DB00622	DB01118	Nicardipine	Amiodarone	0.24155844155844153	C	C	True	False
DB01069	DB00396	Promethazine	Progesterone	0.24155844155844153	R, V, D	G	False	False
DB01782	DB00313	Pyrazolanthrone	Valproic acid	0.24145299145299148		N	False	False
DB06486	DB00210	Enzastaurin	Adapalene	0.24142156862745123		D	False	False
DB04297	DB00201	Trichostatin A	Caffeine	0.2410714285714286		R, V, N	False	False
DB00201	DB01254	Caffeine	Dasatinib	0.2402635554809467	R, V, N	L	False	False
DB02116	DB00783	Olomoucine	Estradiol	0.24025974025974017		G	False	False
DB00568	DB06595	Cinnarizine	Midostaurin	0.24019607843137236	N	L	False	False
DB01115	DB00555	Nifedipine	Lamotrigine	0.23958333333333326	C	N	False	False
DB00783	DB01023	Estradiol	Felodipine	0.2395604395604396	G	C	False	False
DB00201	DB12695	Caffeine	Phenethyl Isothiocyanate	0.23902340597255867	R, V, N		False	False
DB01016	DB00975	Glyburide	Dipyridamole	0.23809523809523836	A	B	False	False
DB00800	DB00975	Fenoldopam	Dipyridamole	0.23809523809523836	C	B	False	False
DB02116	DB02010	Olomoucine	Staurosporine	0.2375565610859729			False	False
DB06266	DB06486	Lonidamine	Enzastaurin	0.23750000000000004	L		False	False
DB11781	DB06486	Tosedostat	Enzastaurin	0.23750000000000004			False	False
DB00313	DB01016	Valproic acid	Glyburide	0.23692810457516345	N	A	False	False
DB00201	DB00875	Caffeine	Flupentixol	0.23538961038961048	R, V, N	N	False	False
DB01239	DB00975	Chlorprothixene	Dipyridamole	0.23484848484848486	N	B	False	False
DB06595	DB01119	Midostaurin	Diazoxide	0.23484848484848464	L	C, V, G	False	False
DB00887	DB06595	Bumetanide	Midostaurin	0.23484848484848464	C, G	L	False	False
DB01023	DB00555	Felodipine	Lamotrigine	0.23466511936339507	C	N	False	False
DB02116	DB00201	Olomoucine	Caffeine	0.23412698412698418		R, V, N	False	False
DB04447	DB00255	1,4-Dithiothreitol	Diethylstilbestrol	0.23391812865497075		L, G	False	False
DB06155	DB08175	Rimonabant	(2E,4E)-11-METHOXY-3,7,11-TRIMETHYLDODECA-2,4-DIENOIC ACID	0.2333333333333334	A		False	False
DB05134	DB08175	Tanespimycin	(2E,4E)-11-METHOXY-3,7,11-TRIMETHYLDODECA-2,4-DIENOIC ACID	0.2333333333333334			False	False
DB06152	DB00675	Nylidrin	Tamoxifen	0.2333333333333334	C, G	L	False	False
DB08521	DB01013	4-[4-(4-Fluorophenyl)-2-[4-[(R)-methylsulfinyl]phenyl]-1H-imidazol-5-yl]pyridine	Clobetasol propionate	0.2333333333333334			False	False
DB06155	DB00675	Rimonabant	Tamoxifen	0.2333333333333334	A	L	False	False
DB02546	DB01013	Vorinostat	Clobetasol propionate	0.2333333333333334	L		True	False
DB07594	DB08175	CCT-018159	(2E,4E)-11-METHOXY-3,7,11-TRIMETHYLDODECA-2,4-DIENOIC ACID	0.2333333333333334			False	False
DB06152	DB08175	Nylidrin	(2E,4E)-11-METHOXY-3,7,11-TRIMETHYLDODECA-2,4-DIENOIC ACID	0.2333333333333334	C, G		False	False
DB02546	DB00210	Vorinostat	Adapalene	0.2333333333333334	L	D	False	False
DB00675	DB12093	Tamoxifen	Tetrahydropalmatine	0.23333333333333317	L		True	False
DB06266	DB00675	Lonidamine	Tamoxifen	0.23333333333333317	L	L	False	False
DB11781	DB00675	Tosedostat	Tamoxifen	0.23333333333333317		L	False	False
DB05984	DB00675	RAF-265	Tamoxifen	0.23333333333333317		L	False	False
DB05134	DB01254	Tanespimycin	Dasatinib	0.23304347826086969		L	False	False
DB07594	DB01254	CCT-018159	Dasatinib	0.23304347826086969		L	False	False
DB04513	DB01115	N-(6-Aminohexyl)-5-Chloro-1-Naphthalenesulfonamide	Nifedipine	0.23295454545454541		C	False	False
DB04447	DB00588	1,4-Dithiothreitol	Fluticasone propionate	0.2321428571428572			False	False
DB08059	DB04447	Wortmannin	1,4-Dithiothreitol	0.2321428571428572			False	False
DB00201	DB01119	Caffeine	Diazoxide	0.2312030075187972	R, V, N	C, V, G	False	False
DB08059	DB08912	Wortmannin	Dabrafenib	0.23055555555555562		L	False	False
DB01088	DB00568	Iloprost	Cinnarizine	0.23026315789473673	B	N	False	False
DB00887	DB00255	Bumetanide	Diethylstilbestrol	0.23015873015873023	C, G	L, G	False	False
DB01119	DB00255	Diazoxide	Diethylstilbestrol	0.23015873015873023	C, V, G	L, G	False	False
DB00783	DB00568	Estradiol	Cinnarizine	0.23015873015873	G	N	False	False
DB00783	DB04942	Estradiol	Tamibarotene	0.23015873015873	G		False	False
DB01645	DB00159	Genistein	Icosapent	0.229895104895105			False	False
DB04447	DB06595	1,4-Dithiothreitol	Midostaurin	0.22916666666666652		L	False	False
DB08521	DB05266	4-[4-(4-Fluorophenyl)-2-[4-[(R)-methylsulfinyl]phenyl]-1H-imidazol-5-yl]pyridine	Ibudilast	0.22857142857142865		R	False	False
DB07863	DB06195	2-chloro-5-nitro-N-phenylbenzamide	Seliciclib	0.22857142857142865			False	False
DB15399	DB08912	BMS-754807	Dabrafenib	0.22857142857142865		L	False	False
DB04513	DB00836	N-(6-Aminohexyl)-5-Chloro-1-Naphthalenesulfonamide	Loperamide	0.22857142857142865		A	False	False
DB07859	DB00396	4-(4-CHLOROPHENYL)-4-[4-(1H-PYRAZOL-4-YL)PHENYL]PIPERIDINE	Progesterone	0.22857142857142865		G	False	False
DB08073	DB00396	(2S)-1-(1H-INDOL-3-YL)-3-{[5-(3-METHYL-1H-INDAZOL-5-YL)PYRIDIN-3-YL]OXY}PROPAN-2-AMINE	Progesterone	0.22857142857142865		G	False	False
DB06195	DB05266	Seliciclib	Ibudilast	0.22857142857142865		R	False	False
DB07557	DB01023	3,20-Pregnanedione	Felodipine	0.2273755656108596		C	False	False
DB00564	DB01388	Carbamazepine	Mibefradil	0.22727272727272751	N	C	False	False
DB00887	DB01069	Bumetanide	Promethazine	0.2272727272727273	C, G	R, V, D	False	False
DB04447	DB01388	1,4-Dithiothreitol	Mibefradil	0.2272727272727273		C	False	False
DB01388	DB01119	Mibefradil	Diazoxide	0.2272727272727273	C	C, V, G	False	False
DB04513	DB01069	N-(6-Aminohexyl)-5-Chloro-1-Naphthalenesulfonamide	Promethazine	0.2272727272727273		R, V, D	False	False
DB01118	DB01229	Amiodarone	Paclitaxel	0.2271062271062272	C	L	False	False
DB01248	DB01118	Docetaxel	Amiodarone	0.2271062271062272	L	C	False	False
DB01115	DB00210	Nifedipine	Adapalene	0.2267156862745099	C	D	False	False
DB00159	DB00255	Icosapent	Diethylstilbestrol	0.2262626262626264		L, G	False	False
DB00201	DB06195	Caffeine	Seliciclib	0.22619047619047628	R, V, N		False	False
DB00836	DB00201	Loperamide	Caffeine	0.22619047619047628	A	R, V, N	False	False
DB01054	DB00887	Nitrendipine	Bumetanide	0.22619047619047628	C	C, G	True	False
DB02424	DB01244	Geldanamycin	Bepridil	0.2256410256410255		C	False	False
DB00850	DB00925	Perphenazine	Phenoxybenzamine	0.22537878787878807	N	C	False	False
DB00630	DB08896	Alendronic acid	Regorafenib	0.22536231884057978	M	L	False	False
DB11781	DB01088	Tosedostat	Iloprost	0.2250000000000001		B	False	False
DB05984	DB01088	RAF-265	Iloprost	0.2250000000000001		B	False	False
DB07557	DB06195	3,20-Pregnanedione	Seliciclib	0.22402597402597402			False	False
DB00630	DB07841	Alendronic acid	Geranylgeranyl diphosphate	0.22380952380952368	M		False	False
DB01782	DB02010	Pyrazolanthrone	Staurosporine	0.22285067873303155			False	False
DB02010	DB06595	Staurosporine	Midostaurin	0.22233468286099844		L	False	False
DB08080	DB00313	Latrunculin B	Valproic acid	0.22222222222222232		N	False	False
DB11781	DB00313	Tosedostat	Valproic acid	0.22222222222222232		N	False	False
DB00313	DB04447	Valproic acid	1,4-Dithiothreitol	0.22222222222222232	N		False	False
DB00887	DB13345	Bumetanide	Dihydroergocristine	0.22222222222222232	C, G	C	False	False
DB00831	DB00783	Trifluoperazine	Estradiol	0.2216117216117215	N	G	False	False
DB00459	DB00159	Acitretin	Icosapent	0.22150072150072164	D		False	False
DB05984	DB12695	RAF-265	Phenethyl Isothiocyanate	0.22056737588652475			False	False
DB04297	DB12695	Trichostatin A	Phenethyl Isothiocyanate	0.22056737588652475			False	False
DB05984	DB01023	RAF-265	Felodipine	0.22051282051282062		C	False	False
DB00783	DB02010	Estradiol	Staurosporine	0.2203296703296702	G		False	False
DB00201	DB08896	Caffeine	Regorafenib	0.22023809523809534	R, V, N	L	False	False
DB00850	DB00800	Perphenazine	Fenoldopam	0.21969696969696995	N	C	False	False
DB02424	DB01016	Geldanamycin	Glyburide	0.21969696969696995		A	False	False
DB04599	DB00555	Aniracetam	Lamotrigine	0.21875	N	N	False	False
DB08080	DB00555	Latrunculin B	Lamotrigine	0.21875		N	False	False
DB06266	DB00555	Lonidamine	Lamotrigine	0.21875	L	N	False	False
DB02010	DB00568	Staurosporine	Cinnarizine	0.21794871794871784		N	False	False
DB02010	DB01119	Staurosporine	Diazoxide	0.21794871794871784		C, V, G	False	False
DB01254	DB00280	Dasatinib	Disopyramide	0.21747896213183737	L	C	True	False
DB06155	DB00255	Rimonabant	Diethylstilbestrol	0.21717171717171757	A	L, G	False	False
DB00201	DB01239	Caffeine	Chlorprothixene	0.2167532467532467	R, V, N	N	False	False
DB13956	DB00975	Estradiol valerate	Dipyridamole	0.21666666666666679		B	False	False
DB13954	DB00975	Estradiol cypionate	Dipyridamole	0.21666666666666679		B	False	False
DB00818	DB00975	Propofol	Dipyridamole	0.21666666666666679	N	B	True	False
DB01100	DB01229	Pimozide	Paclitaxel	0.21666666666666656	N	L	False	False
DB01100	DB01248	Pimozide	Docetaxel	0.21666666666666656	N	L	False	False
DB06595	DB13345	Midostaurin	Dihydroergocristine	0.21666666666666656	L	C	False	False
DB05134	DB08896	Tanespimycin	Regorafenib	0.21666666666666656		L	False	False
DB07594	DB08896	CCT-018159	Regorafenib	0.21666666666666656		L	False	False
DB06152	DB13954	Nylidrin	Estradiol cypionate	0.21666666666666634	C, G		False	False
DB06152	DB13956	Nylidrin	Estradiol valerate	0.21666666666666634	C, G		False	False
DB06155	DB08896	Rimonabant	Regorafenib	0.21666666666666634	A	L	False	False
DB06155	DB13954	Rimonabant	Estradiol cypionate	0.21666666666666634	A		False	False
DB06155	DB13956	Rimonabant	Estradiol valerate	0.21666666666666634	A		False	False
DB00280	DB00482	Disopyramide	Celecoxib	0.21634615384615374	C	M, C, G, L	False	False
DB00887	DB00280	Bumetanide	Disopyramide	0.21634615384615374	C, G	C	False	False
DB01115	DB06195	Nifedipine	Seliciclib	0.2160714285714287	C		False	False
DB00201	DB05266	Caffeine	Ibudilast	0.2154135338345866	R, V, N	R	False	False
DB04447	DB00925	1,4-Dithiothreitol	Phenoxybenzamine	0.21527777777777768		C	False	False
DB06486	DB04447	Enzastaurin	1,4-Dithiothreitol	0.21527777777777768			False	False
DB01248	DB01023	Docetaxel	Felodipine	0.21524966261808354	L	C	False	False
DB01229	DB01023	Paclitaxel	Felodipine	0.21524966261808354	L	C	False	False
DB05984	DB01118	RAF-265	Amiodarone	0.2142857142857144		C	False	False
DB06155	DB00436	Rimonabant	Bendroflumethiazide	0.2142857142857144	A	C, G	False	False
DB06155	DB00482	Rimonabant	Celecoxib	0.2142857142857144	A	M, C, G, L	False	False
DB08080	DB00568	Latrunculin B	Cinnarizine	0.2142857142857144		N	False	False
DB06152	DB00508	Nylidrin	Triflupromazine	0.2142857142857144	C, G	N	True	False
DB06152	DB00436	Nylidrin	Bendroflumethiazide	0.2142857142857144	C, G	C, G	False	False
DB01118	DB04447	Amiodarone	1,4-Dithiothreitol	0.2142857142857144	C		False	False
DB00353	DB00436	Methylergometrine	Bendroflumethiazide	0.2142857142857144	G	C, G	False	False
DB07594	DB00887	CCT-018159	Bumetanide	0.2142857142857142		C, G	False	False
DB07594	DB00482	CCT-018159	Celecoxib	0.2142857142857142		M, C, G, L	False	False
DB05134	DB00482	Tanespimycin	Celecoxib	0.2142857142857142		M, C, G, L	False	False
DB08521	DB00887	4-[4-(4-Fluorophenyl)-2-[4-[(R)-methylsulfinyl]phenyl]-1H-imidazol-5-yl]pyridine	Bumetanide	0.2142857142857142		C, G	False	False
DB08756	DB04447	Y-27632	1,4-Dithiothreitol	0.2142857142857142			False	False
DB08521	DB00482	4-[4-(4-Fluorophenyl)-2-[4-[(R)-methylsulfinyl]phenyl]-1H-imidazol-5-yl]pyridine	Celecoxib	0.2142857142857142		M, C, G, L	False	False
DB07859	DB08080	4-(4-CHLOROPHENYL)-4-[4-(1H-PYRAZOL-4-YL)PHENYL]PIPERIDINE	Latrunculin B	0.2142857142857142			False	False
DB08073	DB08080	(2S)-1-(1H-INDOL-3-YL)-3-{[5-(3-METHYL-1H-INDAZOL-5-YL)PYRIDIN-3-YL]OXY}PROPAN-2-AMINE	Latrunculin B	0.2142857142857142			False	False
DB07594	DB00436	CCT-018159	Bendroflumethiazide	0.2142857142857142		C, G	False	False
DB05134	DB00887	Tanespimycin	Bumetanide	0.2142857142857142		C, G	False	False
DB05134	DB00436	Tanespimycin	Bendroflumethiazide	0.2142857142857142		C, G	False	False
DB08521	DB01119	4-[4-(4-Fluorophenyl)-2-[4-[(R)-methylsulfinyl]phenyl]-1H-imidazol-5-yl]pyridine	Diazoxide	0.2142857142857142		C, V, G	False	False
DB01069	DB00800	Promethazine	Fenoldopam	0.21411483253588526	R, V, D	C	False	False
DB01054	DB00975	Nitrendipine	Dipyridamole	0.2133699633699635	C	B	False	False
DB01254	DB00159	Dasatinib	Icosapent	0.21250871890258072	L		False	False
DB00280	DB00715	Disopyramide	Paroxetine	0.2124999999999999	C	N	False	False
DB00313	DB01244	Valproic acid	Bepridil	0.21169590643274838	N	C	True	False
DB01054	DB01100	Nitrendipine	Pimozide	0.21103896103896091	C	N	False	False
DB01248	DB00459	Docetaxel	Acitretin	0.21062271062271076	L	D	False	False
DB00459	DB01229	Acitretin	Paclitaxel	0.21062271062271076	D	L	False	False
DB06486	DB08916	Enzastaurin	Afatinib	0.2102272727272727		L	False	False
DB00201	DB02546	Caffeine	Vorinostat	0.21015037593984975	R, V, N	L	False	False
DB00675	DB00568	Tamoxifen	Cinnarizine	0.20952380952380945	L	N	False	False
DB01023	DB00436	Felodipine	Bendroflumethiazide	0.2094017094017091	C	C, G	False	False
DB00482	DB01023	Celecoxib	Felodipine	0.2094017094017091	M, C, G, L	C	False	False
DB01013	DB01119	Clobetasol propionate	Diazoxide	0.20833333333333348		C, V, G	False	False
DB00353	DB00588	Methylergometrine	Fluticasone propionate	0.20833333333333348	G		False	False
DB00679	DB04447	Thioridazine	1,4-Dithiothreitol	0.20833333333333348	N		False	False
DB01088	DB13345	Iloprost	Dihydroergocristine	0.20833333333333348	B	C	False	False
DB06152	DB02587	Nylidrin	Colforsin	0.20833333333333348	C, G		False	False
DB07594	DB02587	CCT-018159	Colforsin	0.20833333333333326			False	False
DB15399	DB08059	BMS-754807	Wortmannin	0.20833333333333326			False	False
DB05134	DB02587	Tanespimycin	Colforsin	0.20833333333333326			False	False
DB06195	DB12695	Seliciclib	Phenethyl Isothiocyanate	0.2080586080586082			False	False
DB00630	DB00313	Alendronic acid	Valproic acid	0.20793650793650786	M	N	False	False
DB06486	DB03010	Enzastaurin	Patupilone	0.2078349282296652			False	False
DB02546	DB00159	Vorinostat	Icosapent	0.2068181818181818	L		False	False
DB06486	DB01119	Enzastaurin	Diazoxide	0.20673076923076916		C, V, G	False	False
DB06266	DB00836	Lonidamine	Loperamide	0.20634920634920628	L	A	False	False
DB06266	DB06195	Lonidamine	Seliciclib	0.20634920634920628	L		False	False
DB00615	DB00459	Rifabutin	Acitretin	0.20634920634920628	J	D	False	False
DB11781	DB06195	Tosedostat	Seliciclib	0.20634920634920628			False	False
DB04297	DB06195	Trichostatin A	Seliciclib	0.20634920634920628			False	False
DB08059	DB00783	Wortmannin	Estradiol	0.206168831168831		G	False	False
DB00396	DB00568	Progesterone	Cinnarizine	0.2047619047619047	G	N	False	False
DB08080	DB12695	Latrunculin B	Phenethyl Isothiocyanate	0.2041666666666666			False	False
DB00588	DB00255	Fluticasone propionate	Diethylstilbestrol	0.204059829059829		L, G	False	False
DB00675	DB00588	Tamoxifen	Fluticasone propionate	0.20357142857142851	L		False	False
DB00783	DB00975	Estradiol	Dipyridamole	0.20238095238095255	G	B	True	False
DB01088	DB01119	Iloprost	Diazoxide	0.2019230769230771	B	C, V, G	False	False
DB01645	DB00459	Genistein	Acitretin	0.20164835164835182		D	False	False
DB06195	DB01645	Seliciclib	Genistein	0.20164835164835182			False	False
DB02546	DB00255	Vorinostat	Diethylstilbestrol	0.20158730158730176	L	L, G	False	False
DB01088	DB00159	Iloprost	Icosapent	0.2015550239234447	B		True	False
DB03010	DB00280	Patupilone	Disopyramide	0.20125598086124397		C	False	False
DB01254	DB00255	Dasatinib	Diethylstilbestrol	0.20123792270531382	L	L, G	False	False
DB01645	DB01119	Genistein	Diazoxide	0.2008547008547008		C, V, G	False	False
DB04149	DB00564	(R)-Rolipram	Carbamazepine	0.20000000000000018		N	False	False
DB07863	DB00353	2-chloro-5-nitro-N-phenylbenzamide	Methylergometrine	0.20000000000000018		G	False	False
DB06152	DB07863	Nylidrin	2-chloro-5-nitro-N-phenylbenzamide	0.20000000000000018	C, G		False	False
DB06152	DB01244	Nylidrin	Bepridil	0.20000000000000018	C, G	C	False	False
DB08597	DB00564	Dorsomorphin	Carbamazepine	0.20000000000000018		N	False	False
DB04513	DB06152	N-(6-Aminohexyl)-5-Chloro-1-Naphthalenesulfonamide	Nylidrin	0.20000000000000018		C, G	False	False
DB00353	DB00794	Methylergometrine	Primidone	0.20000000000000018	G	N	False	False
DB00887	DB00482	Bumetanide	Celecoxib	0.20000000000000018	C, G	M, C, G, L	False	False
DB04513	DB00353	N-(6-Aminohexyl)-5-Chloro-1-Naphthalenesulfonamide	Methylergometrine	0.20000000000000018		G	False	False
DB06155	DB01244	Rimonabant	Bepridil	0.20000000000000018	A	C	False	False
DB00887	DB00508	Bumetanide	Triflupromazine	0.20000000000000018	C, G	N	False	False
DB01092	DB00353	Ouabain	Methylergometrine	0.20000000000000018	C	G	False	False
DB06155	DB07863	Rimonabant	2-chloro-5-nitro-N-phenylbenzamide	0.20000000000000018	A		False	False
DB08080	DB12093	Latrunculin B	Tetrahydropalmatine	0.20000000000000018			False	False
DB00508	DB01119	Triflupromazine	Diazoxide	0.20000000000000018	N	C, V, G	False	False
DB00630	DB00436	Alendronic acid	Bendroflumethiazide	0.19999999999999996	M	C, G	False	False
DB05984	DB00630	RAF-265	Alendronic acid	0.19999999999999996		M	False	False
DB01244	DB13345	Bepridil	Dihydroergocristine	0.19999999999999996	C	C	False	False
DB08597	DB08916	Dorsomorphin	Afatinib	0.19999999999999996		L	False	False
DB00630	DB13345	Alendronic acid	Dihydroergocristine	0.19999999999999996	M	C	False	False
DB00887	DB02546	Bumetanide	Vorinostat	0.19999999999999996	C, G	L	False	False
DB04297	DB00630	Trichostatin A	Alendronic acid	0.19999999999999996		M	False	False
DB00630	DB00482	Alendronic acid	Celecoxib	0.19999999999999996	M	M, C, G, L	True	False
DB02546	DB01119	Vorinostat	Diazoxide	0.19999999999999996	L	C, V, G	False	False
DB00630	DB12093	Alendronic acid	Tetrahydropalmatine	0.19999999999999996	M		False	False
DB08080	DB01244	Latrunculin B	Bepridil	0.19999999999999996		C	False	False
DB00630	DB04447	Alendronic acid	1,4-Dithiothreitol	0.19999999999999996	M		False	False
DB00396	DB01244	Progesterone	Bepridil	0.19999999999999996	G	C	False	False
DB00675	DB04447	Tamoxifen	1,4-Dithiothreitol	0.19999999999999996	L		False	False
DB00675	DB02546	Tamoxifen	Vorinostat	0.19999999999999996	L	L	True	False
DB15399	DB08916	BMS-754807	Afatinib	0.19999999999999996		L	False	False
DB08521	DB07863	4-[4-(4-Fluorophenyl)-2-[4-[(R)-methylsulfinyl]phenyl]-1H-imidazol-5-yl]pyridine	2-chloro-5-nitro-N-phenylbenzamide	0.19999999999999996			False	False
DB06266	DB00794	Lonidamine	Primidone	0.19999999999999996	L	N	False	False
DB00615	DB00630	Rifabutin	Alendronic acid	0.19999999999999996	J	M	False	False
DB01092	DB00630	Ouabain	Alendronic acid	0.19999999999999996	C	M	False	False
DB11781	DB01244	Tosedostat	Bepridil	0.19999999999999996		C	False	False
DB02546	DB04447	Vorinostat	1,4-Dithiothreitol	0.19999999999999996	L		False	False
DB08080	DB00630	Latrunculin B	Alendronic acid	0.19999999999999996		M	False	False
DB08896	DB00482	Regorafenib	Celecoxib	0.19927536231884035	L	M, C, G, L	False	False
DB00459	DB00396	Acitretin	Progesterone	0.1991596638655464	D	G	False	False
DB01782	DB00210	Pyrazolanthrone	Adapalene	0.1987179487179489		D	False	False
DB00393	DB01013	Nimodipine	Clobetasol propionate	0.1987179487179489	C		False	False
DB13954	DB01254	Estradiol cypionate	Dasatinib	0.1978919631093543		L	False	False
DB13956	DB01254	Estradiol valerate	Dasatinib	0.1978919631093543		L	False	False
DB02546	DB01118	Vorinostat	Amiodarone	0.19761904761904758	L	C	True	False
DB02010	DB08916	Staurosporine	Afatinib	0.19711538461538458		L	False	False
DB00210	DB00353	Adapalene	Methylergometrine	0.19696969696969724	D	G	False	False
DB06155	DB00210	Rimonabant	Adapalene	0.19696969696969724	A	D	False	False
DB00622	DB00555	Nicardipine	Lamotrigine	0.1961693548387098	C	N	False	False
DB00201	DB01645	Caffeine	Genistein	0.1942409442409443	R, V, N		False	False
DB02424	DB01645	Geldanamycin	Genistein	0.1939102564102564			False	False
DB06155	DB01254	Rimonabant	Dasatinib	0.19304347826086943	A	L	False	False
DB13954	DB01023	Estradiol cypionate	Felodipine	0.19297658862876266		C	False	False
DB13956	DB01023	Estradiol valerate	Felodipine	0.19297658862876266		C	False	False
DB01100	DB00396	Pimozide	Progesterone	0.19285714285714284	N	G	False	False
DB00201	DB02010	Caffeine	Staurosporine	0.19281644281644272	R, V, N		False	False
DB04513	DB04447	N-(6-Aminohexyl)-5-Chloro-1-Naphthalenesulfonamide	1,4-Dithiothreitol	0.1923076923076923			False	False
DB07557	DB01118	3,20-Pregnanedione	Amiodarone	0.1915584415584417		C	False	False
DB06195	DB00975	Seliciclib	Dipyridamole	0.1913919413919416		B	False	False
DB06155	DB07841	Rimonabant	Geranylgeranyl diphosphate	0.1904761904761907	A		False	False
DB00783	DB00159	Estradiol	Icosapent	0.1897546897546898	G		False	False
DB06152	DB01645	Nylidrin	Genistein	0.18974358974358996	C, G		False	False
DB00850	DB00622	Perphenazine	Nicardipine	0.18888888888888888	N	C	False	False
DB06152	DB01388	Nylidrin	Mibefradil	0.1888111888111892	C, G	C	False	False
DB01388	DB00353	Mibefradil	Methylergometrine	0.1888111888111892	C	G	False	False
DB00622	DB04946	Nicardipine	Iloperidone	0.18811188811188817	C	N	False	False
DB00887	DB00568	Bumetanide	Cinnarizine	0.1875	C, G	N	False	False
DB07594	DB01115	CCT-018159	Nifedipine	0.1875		C	False	False
DB05134	DB01115	Tanespimycin	Nifedipine	0.1875		C	False	False
DB02116	DB06486	Olomoucine	Enzastaurin	0.1875			False	False
DB01782	DB06486	Pyrazolanthrone	Enzastaurin	0.1875			False	False
DB00482	DB00568	Celecoxib	Cinnarizine	0.1875	M, C, G, L	N	False	False
DB01115	DB00482	Nifedipine	Celecoxib	0.1875	C	M, C, G, L	False	False
DB01100	DB06486	Pimozide	Enzastaurin	0.1875	N		False	False
DB01100	DB00925	Pimozide	Phenoxybenzamine	0.1875	N	C	False	False
DB01115	DB00508	Nifedipine	Triflupromazine	0.1875	C	N	False	False
DB01115	DB01119	Nifedipine	Diazoxide	0.1875	C	C, V, G	True	False
DB01115	DB00887	Nifedipine	Bumetanide	0.1875	C	C, G	False	False
DB08521	DB02546	4-[4-(4-Fluorophenyl)-2-[4-[(R)-methylsulfinyl]phenyl]-1H-imidazol-5-yl]pyridine	Vorinostat	0.18571428571428572		L	False	False
DB02546	DB04942	Vorinostat	Tamibarotene	0.18571428571428572	L		False	False
DB02546	DB00783	Vorinostat	Estradiol	0.18571428571428572	L	G	False	False
DB07863	DB00783	2-chloro-5-nitro-N-phenylbenzamide	Estradiol	0.1857142857142855		G	False	False
DB00783	DB08916	Estradiol	Afatinib	0.1857142857142855	G	L	False	False
DB00459	DB00255	Acitretin	Diethylstilbestrol	0.18551587301587302	D	L, G	False	False
DB03010	DB00783	Patupilone	Estradiol	0.1847041847041846		G	False	False
DB03010	DB00396	Patupilone	Progesterone	0.18311688311688323		G	False	False
DB00836	DB01023	Loperamide	Felodipine	0.18241758241758266	A	C	False	False
DB06266	DB00622	Lonidamine	Nicardipine	0.1823529411764706	L	C	False	False
DB01254	DB08916	Dasatinib	Afatinib	0.18227424749163879	L	L	False	False
DB00568	DB00159	Cinnarizine	Icosapent	0.18181818181818166	N		True	False
DB00159	DB00436	Icosapent	Bendroflumethiazide	0.18181818181818166		C, G	False	False
DB07863	DB00159	2-chloro-5-nitro-N-phenylbenzamide	Icosapent	0.18181818181818166			False	False
DB04447	DB00159	1,4-Dithiothreitol	Icosapent	0.18181818181818166			False	False
DB08080	DB00159	Latrunculin B	Icosapent	0.18181818181818166			False	False
DB00675	DB00459	Tamoxifen	Acitretin	0.18151260504201705	L	D	False	False
DB02010	DB12695	Staurosporine	Phenethyl Isothiocyanate	0.18001768346595926			False	False
DB04447	DB01013	1,4-Dithiothreitol	Clobetasol propionate	0.17948717948717974			False	False
DB08073	DB00201	(2S)-1-(1H-INDOL-3-YL)-3-{[5-(3-METHYL-1H-INDAZOL-5-YL)PYRIDIN-3-YL]OXY}PROPAN-2-AMINE	Caffeine	0.1785714285714286		R, V, N	False	False
DB07859	DB00201	4-(4-CHLOROPHENYL)-4-[4-(1H-PYRAZOL-4-YL)PHENYL]PIPERIDINE	Caffeine	0.1785714285714286		R, V, N	False	False
DB01782	DB08916	Pyrazolanthrone	Afatinib	0.1785714285714286		L	False	False
DB01100	DB08916	Pimozide	Afatinib	0.1785714285714286	N	L	False	False
DB00836	DB00508	Loperamide	Triflupromazine	0.1785714285714286	A	N	False	False
DB01622	DB04447	Thioproperazine	1,4-Dithiothreitol	0.1785714285714286	N		False	False
DB08080	DB00201	Latrunculin B	Caffeine	0.1785714285714286		R, V, N	False	False
DB08080	DB08896	Latrunculin B	Regorafenib	0.17857142857142838		L	False	False
DB05134	DB00313	Tanespimycin	Valproic acid	0.1767676767676769		N	False	False
DB07594	DB00313	CCT-018159	Valproic acid	0.1767676767676769		N	False	False
DB00588	DB01023	Fluticasone propionate	Felodipine	0.17590497737556543		C	False	False
DB01023	DB00975	Felodipine	Dipyridamole	0.17577597840755743	C	B	False	False
DB00564	DB01239	Carbamazepine	Chlorprothixene	0.17532467532467555	N	N	False	False
DB00477	DB01023	Chlorpromazine	Felodipine	0.17485455720749843	N	C	False	False
DB02424	DB01023	Geldanamycin	Felodipine	0.17467948717948723		C	False	False
DB01115	DB00313	Nifedipine	Valproic acid	0.17442810457516345	C	N	False	False
DB08080	DB00393	Latrunculin B	Nimodipine	0.17307692307692313		C	False	False
DB07863	DB01645	2-chloro-5-nitro-N-phenylbenzamide	Genistein	0.17307692307692313			False	False
DB06266	DB01254	Lonidamine	Dasatinib	0.17304347826086963	L	L	False	False
DB01229	DB00159	Paclitaxel	Icosapent	0.17201426024955424	L		False	False
DB00831	DB00159	Trifluoperazine	Icosapent	0.17201426024955424	N		True	False
DB01248	DB00159	Docetaxel	Icosapent	0.17201426024955424	L		False	False
DB00887	DB00555	Bumetanide	Lamotrigine	0.17113095238095233	C, G	N	False	False
DB01254	DB12695	Dasatinib	Phenethyl Isothiocyanate	0.1699062233589086	L		False	False
DB08059	DB00210	Wortmannin	Adapalene	0.16987179487179493		D	False	False
DB00210	DB00588	Adapalene	Fluticasone propionate	0.16987179487179493	D		False	False
DB01254	DB01645	Dasatinib	Genistein	0.1694537346711258	L		False	False
DB00675	DB08080	Tamoxifen	Latrunculin B	0.16923076923076907	L		False	False
DB00836	DB00555	Loperamide	Lamotrigine	0.1690605590062113	A	N	False	False
DB05134	DB08877	Tanespimycin	Ruxolitinib	0.16666666666666674		L	False	False
DB08912	DB04447	Dabrafenib	1,4-Dithiothreitol	0.16666666666666674	L		False	False
DB05984	DB07780	RAF-265	Farnesyl diphosphate	0.16666666666666674			False	False
DB06266	DB08877	Lonidamine	Ruxolitinib	0.16666666666666674	L	L	False	False
DB13954	DB01119	Estradiol cypionate	Diazoxide	0.16666666666666674		C, V, G	False	False
DB04513	DB08080	N-(6-Aminohexyl)-5-Chloro-1-Naphthalenesulfonamide	Latrunculin B	0.16666666666666674			False	False
DB06266	DB07780	Lonidamine	Farnesyl diphosphate	0.16666666666666674	L		False	False
DB00396	DB00482	Progesterone	Celecoxib	0.16666666666666674	G	M, C, G, L	False	False
DB07594	DB08895	CCT-018159	Tofacitinib	0.16666666666666674		L	False	False
DB06266	DB08895	Lonidamine	Tofacitinib	0.16666666666666674	L	L	False	False
DB00850	DB02424	Perphenazine	Geldanamycin	0.16666666666666674	N		False	False
DB07594	DB00975	CCT-018159	Dipyridamole	0.16666666666666674		B	False	False
DB01782	DB00975	Pyrazolanthrone	Dipyridamole	0.16666666666666674		B	False	False
DB01100	DB00975	Pimozide	Dipyridamole	0.16666666666666674	N	B	False	False
DB07594	DB08073	CCT-018159	(2S)-1-(1H-INDOL-3-YL)-3-{[5-(3-METHYL-1H-INDAZOL-5-YL)PYRIDIN-3-YL]OXY}PROPAN-2-AMINE	0.16666666666666674			False	False
DB06266	DB02116	Lonidamine	Olomoucine	0.16666666666666674	L		False	False
DB05134	DB07859	Tanespimycin	4-(4-CHLOROPHENYL)-4-[4-(1H-PYRAZOL-4-YL)PHENYL]PIPERIDINE	0.16666666666666674			False	False
DB05134	DB08073	Tanespimycin	(2S)-1-(1H-INDOL-3-YL)-3-{[5-(3-METHYL-1H-INDAZOL-5-YL)PYRIDIN-3-YL]OXY}PROPAN-2-AMINE	0.16666666666666674			False	False
DB04297	DB08073	Trichostatin A	(2S)-1-(1H-INDOL-3-YL)-3-{[5-(3-METHYL-1H-INDAZOL-5-YL)PYRIDIN-3-YL]OXY}PROPAN-2-AMINE	0.16666666666666674			False	False
DB04297	DB07859	Trichostatin A	4-(4-CHLOROPHENYL)-4-[4-(1H-PYRAZOL-4-YL)PHENYL]PIPERIDINE	0.16666666666666674			False	False
DB07594	DB08877	CCT-018159	Ruxolitinib	0.16666666666666674		L	False	False
DB02116	DB12093	Olomoucine	Tetrahydropalmatine	0.16666666666666674			False	False
DB08756	DB12093	Y-27632	Tetrahydropalmatine	0.16666666666666674			False	False
DB13956	DB01119	Estradiol valerate	Diazoxide	0.16666666666666674		C, V, G	False	False
DB08073	DB00887	(2S)-1-(1H-INDOL-3-YL)-3-{[5-(3-METHYL-1H-INDAZOL-5-YL)PYRIDIN-3-YL]OXY}PROPAN-2-AMINE	Bumetanide	0.16666666666666674		C, G	False	False
DB08080	DB08916	Latrunculin B	Afatinib	0.16666666666666674		L	False	False
DB08073	DB00568	(2S)-1-(1H-INDOL-3-YL)-3-{[5-(3-METHYL-1H-INDAZOL-5-YL)PYRIDIN-3-YL]OXY}PROPAN-2-AMINE	Cinnarizine	0.16666666666666674		N	False	False
DB08073	DB12093	(2S)-1-(1H-INDOL-3-YL)-3-{[5-(3-METHYL-1H-INDAZOL-5-YL)PYRIDIN-3-YL]OXY}PROPAN-2-AMINE	Tetrahydropalmatine	0.16666666666666674			False	False
DB11781	DB02116	Tosedostat	Olomoucine	0.16666666666666674			False	False
DB00615	DB08756	Rifabutin	Y-27632	0.16666666666666674	J		False	False
DB05984	DB08756	RAF-265	Y-27632	0.16666666666666674			False	False
DB07594	DB07859	CCT-018159	4-(4-CHLOROPHENYL)-4-[4-(1H-PYRAZOL-4-YL)PHENYL]PIPERIDINE	0.16666666666666674			False	False
DB02424	DB00831	Geldanamycin	Trifluoperazine	0.16666666666666674		N	False	False
DB08756	DB00568	Y-27632	Cinnarizine	0.16666666666666674		N	False	False
DB02424	DB01205	Geldanamycin	Flumazenil	0.16666666666666674		V	False	False
DB08521	DB00975	4-[4-(4-Fluorophenyl)-2-[4-[(R)-methylsulfinyl]phenyl]-1H-imidazol-5-yl]pyridine	Dipyridamole	0.16666666666666674		B	False	False
DB02424	DB00210	Geldanamycin	Adapalene	0.16666666666666674		D	False	False
DB05134	DB08895	Tanespimycin	Tofacitinib	0.16666666666666674		L	False	False
DB00887	DB07780	Bumetanide	Farnesyl diphosphate	0.16666666666666674	C, G		False	False
DB04297	DB08756	Trichostatin A	Y-27632	0.16666666666666674			False	False
DB04447	DB00818	1,4-Dithiothreitol	Propofol	0.16666666666666674		N	False	False
DB04149	DB00975	(R)-Rolipram	Dipyridamole	0.16666666666666674		B	False	False
DB07859	DB00887	4-(4-CHLOROPHENYL)-4-[4-(1H-PYRAZOL-4-YL)PHENYL]PIPERIDINE	Bumetanide	0.16666666666666674		C, G	False	False
DB07859	DB00568	4-(4-CHLOROPHENYL)-4-[4-(1H-PYRAZOL-4-YL)PHENYL]PIPERIDINE	Cinnarizine	0.16666666666666674		N	False	False
DB07859	DB12093	4-(4-CHLOROPHENYL)-4-[4-(1H-PYRAZOL-4-YL)PHENYL]PIPERIDINE	Tetrahydropalmatine	0.16666666666666674			False	False
DB05134	DB00975	Tanespimycin	Dipyridamole	0.16666666666666674		B	False	False
DB08059	DB01088	Wortmannin	Iloprost	0.16666666666666674		B	False	False
DB02116	DB01119	Olomoucine	Diazoxide	0.16666666666666674		C, V, G	False	False
DB00850	DB08916	Perphenazine	Afatinib	0.16666666666666674	N	L	False	False
DB06266	DB08756	Lonidamine	Y-27632	0.16666666666666674	L		False	False
DB06155	DB08895	Rimonabant	Tofacitinib	0.16666666666666652	A	L	False	False
DB06152	DB00831	Nylidrin	Trifluoperazine	0.16666666666666652	C, G	N	False	False
DB01248	DB12093	Docetaxel	Tetrahydropalmatine	0.16666666666666652	L		False	False
DB06152	DB07859	Nylidrin	4-(4-CHLOROPHENYL)-4-[4-(1H-PYRAZOL-4-YL)PHENYL]PIPERIDINE	0.16666666666666652	C, G		False	False
DB06155	DB06595	Rimonabant	Midostaurin	0.16666666666666652	A	L	False	False
DB06155	DB08877	Rimonabant	Ruxolitinib	0.16666666666666652	A	L	False	False
DB06152	DB08073	Nylidrin	(2S)-1-(1H-INDOL-3-YL)-3-{[5-(3-METHYL-1H-INDAZOL-5-YL)PYRIDIN-3-YL]OXY}PROPAN-2-AMINE	0.16666666666666652	C, G		False	False
DB06152	DB08896	Nylidrin	Regorafenib	0.16666666666666652	C, G	L	False	False
DB01229	DB12093	Paclitaxel	Tetrahydropalmatine	0.16666666666666652	L		False	False
DB08521	DB01229	4-[4-(4-Fluorophenyl)-2-[4-[(R)-methylsulfinyl]phenyl]-1H-imidazol-5-yl]pyridine	Paclitaxel	0.16666666666666652		L	False	False
DB06266	DB01205	Lonidamine	Flumazenil	0.16666666666666652	L	V	False	False
DB05984	DB01229	RAF-265	Paclitaxel	0.16666666666666652		L	False	False
DB07594	DB06595	CCT-018159	Midostaurin	0.16666666666666652		L	False	False
DB06152	DB08756	Nylidrin	Y-27632	0.16666666666666652	C, G		False	False
DB06266	DB06595	Lonidamine	Midostaurin	0.16666666666666652	L	L	False	False
DB01248	DB00436	Docetaxel	Bendroflumethiazide	0.16666666666666652	L	C, G	True	False
DB01248	DB01119	Docetaxel	Diazoxide	0.16666666666666652	L	C, V, G	False	False
DB00887	DB00831	Bumetanide	Trifluoperazine	0.16666666666666652	C, G	N	False	False
DB01248	DB06595	Docetaxel	Midostaurin	0.16666666666666652	L	L	False	False
DB01229	DB01119	Paclitaxel	Diazoxide	0.16666666666666652	L	C, V, G	True	False
DB05984	DB01205	RAF-265	Flumazenil	0.16666666666666652		V	False	False
DB01229	DB00436	Paclitaxel	Bendroflumethiazide	0.16666666666666652	L	C, G	True	False
DB01229	DB06595	Paclitaxel	Midostaurin	0.16666666666666652	L	L	False	False
DB04297	DB13345	Trichostatin A	Dihydroergocristine	0.16666666666666652		C	False	False
DB05134	DB06595	Tanespimycin	Midostaurin	0.16666666666666652		L	False	False
DB01205	DB04447	Flumazenil	1,4-Dithiothreitol	0.16666666666666652	V		False	False
DB08521	DB01248	4-[4-(4-Fluorophenyl)-2-[4-[(R)-methylsulfinyl]phenyl]-1H-imidazol-5-yl]pyridine	Docetaxel	0.16666666666666652		L	False	False
DB05984	DB01248	RAF-265	Docetaxel	0.16666666666666652		L	False	False
DB04297	DB01248	Trichostatin A	Docetaxel	0.16666666666666652		L	False	False
DB04297	DB01229	Trichostatin A	Paclitaxel	0.16666666666666652		L	False	False
DB01254	DB01248	Dasatinib	Docetaxel	0.16591704147926034	L	L	False	False
DB01254	DB01229	Dasatinib	Paclitaxel	0.16591704147926034	L	L	False	False
DB01254	DB00783	Dasatinib	Estradiol	0.16542443064182177	L	G	False	False
DB07557	DB00159	3,20-Pregnanedione	Icosapent	0.16515151515151505			False	False
DB08080	DB06486	Latrunculin B	Enzastaurin	0.1647727272727273			False	False
DB02010	DB00396	Staurosporine	Progesterone	0.16287625418060192		G	False	False
DB11781	DB00280	Tosedostat	Disopyramide	0.1625000000000001		C	False	False
DB05984	DB00280	RAF-265	Disopyramide	0.1625000000000001		C	False	False
DB00508	DB02010	Triflupromazine	Staurosporine	0.16239316239316226	N		False	False
DB01645	DB04447	Genistein	1,4-Dithiothreitol	0.16220735785953178			False	False
DB00675	DB00201	Tamoxifen	Caffeine	0.161904761904762	L	R, V, N	False	False
DB01118	DB00396	Amiodarone	Progesterone	0.16134453781512592	C	G	False	False
DB01115	DB00159	Nifedipine	Icosapent	0.15879186602870798	C		True	False
DB06155	DB01118	Rimonabant	Amiodarone	0.15873015873015905	A	C	False	False
DB05134	DB01118	Tanespimycin	Amiodarone	0.15873015873015883		C	False	False
DB07594	DB01118	CCT-018159	Amiodarone	0.15873015873015883		C	False	False
DB08059	DB01254	Wortmannin	Dasatinib	0.15841384863124008		L	True	False
DB00679	DB01244	Thioridazine	Bepridil	0.15833333333333321	N	C	False	False
DB02424	DB00159	Geldanamycin	Icosapent	0.15800865800865793			False	False
DB08175	DB00159	(2E,4E)-11-METHOXY-3,7,11-TRIMETHYLDODECA-2,4-DIENOIC ACID	Icosapent	0.15800865800865793			False	False
DB06195	DB01244	Seliciclib	Bepridil	0.1579831932773108		C	False	False
DB00159	DB00975	Icosapent	Dipyridamole	0.15730837789661312		B	True	False
DB02116	DB00396	Olomoucine	Progesterone	0.15714285714285725		G	False	False
DB00622	DB00679	Nicardipine	Thioridazine	0.15714285714285703	C	N	False	False
DB00588	DB00159	Fluticasone propionate	Icosapent	0.15681818181818175			True	False
DB06266	DB01645	Lonidamine	Genistein	0.15641025641025652	L		False	False
DB04297	DB01645	Trichostatin A	Genistein	0.15641025641025652			False	False
DB00836	DB01069	Loperamide	Promethazine	0.1558441558441559	A	R, V, D	True	False
DB12695	DB00255	Phenethyl Isothiocyanate	Diethylstilbestrol	0.15555555555555545		L, G	False	False
DB02424	DB07557	Geldanamycin	3,20-Pregnanedione	0.15476190476190488			False	False
DB01782	DB02424	Pyrazolanthrone	Geldanamycin	0.15476190476190488			False	False
DB08896	DB08916	Regorafenib	Afatinib	0.15476190476190466	L	L	False	False
DB00831	DB00396	Trifluoperazine	Progesterone	0.15416666666666679	N	G	False	False
DB01115	DB00396	Nifedipine	Progesterone	0.15416666666666679	C	G	False	False
DB01248	DB00396	Docetaxel	Progesterone	0.15416666666666679	L	G	False	False
DB00396	DB01229	Progesterone	Paclitaxel	0.15416666666666679	G	L	False	False
DB01645	DB02010	Genistein	Staurosporine	0.15384615384615397			False	False
DB06266	DB00568	Lonidamine	Cinnarizine	0.15384615384615374	L	N	False	False
DB08080	DB00280	Latrunculin B	Disopyramide	0.15340909090909083		C	False	False
DB00675	DB00159	Tamoxifen	Icosapent	0.1532467532467532	L		False	False
DB04447	DB00875	1,4-Dithiothreitol	Flupentixol	0.15277777777777768		N	False	False
DB02587	DB00508	Colforsin	Triflupromazine	0.15277777777777768		N	False	False
DB00482	DB00588	Celecoxib	Fluticasone propionate	0.15277777777777768	M, C, G, L		True	False
DB04599	DB01239	Aniracetam	Chlorprothixene	0.1515151515151516	N	N	False	False
DB11781	DB00210	Tosedostat	Adapalene	0.1515151515151516		D	False	False
DB08912	DB08896	Dabrafenib	Regorafenib	0.1514492753623189	L	L	False	False
DB05134	DB02010	Tanespimycin	Staurosporine	0.1512820512820512			False	False
DB07594	DB02010	CCT-018159	Staurosporine	0.1512820512820512			False	False
DB06155	DB00836	Rimonabant	Loperamide	0.15079365079365115	A	A	False	False
DB00887	DB00313	Bumetanide	Valproic acid	0.15079365079365092	C, G	N	False	False
DB00313	DB00482	Valproic acid	Celecoxib	0.15079365079365092	N	M, C, G, L	False	False
DB08521	DB06195	4-[4-(4-Fluorophenyl)-2-[4-[(R)-methylsulfinyl]phenyl]-1H-imidazol-5-yl]pyridine	Seliciclib	0.15079365079365092			False	False
DB00313	DB00459	Valproic acid	Acitretin	0.1507936507936507	N	D	False	False
DB07594	DB00675	CCT-018159	Tamoxifen	0.1499999999999999		L	False	False
DB05134	DB00675	Tanespimycin	Tamoxifen	0.1499999999999999		L	False	False
DB01016	DB00353	Glyburide	Methylergometrine	0.1499999999999999	A	G	False	False
DB04297	DB00675	Trichostatin A	Tamoxifen	0.1499999999999999		L	False	False
DB06152	DB01016	Nylidrin	Glyburide	0.1499999999999999	C, G	A	False	False
DB00794	DB00555	Primidone	Lamotrigine	0.1495192307692308	N	N	False	False
DB01645	DB12695	Genistein	Phenethyl Isothiocyanate	0.14951370468611858			False	False
DB01115	DB00836	Nifedipine	Loperamide	0.14940476190476204	C	A	False	False
DB00201	DB08916	Caffeine	Afatinib	0.14915966386554635	R, V, N	L	False	False
DB12695	DB01229	Phenethyl Isothiocyanate	Paclitaxel	0.1490196078431374		L	False	False
DB01248	DB12695	Docetaxel	Phenethyl Isothiocyanate	0.1490196078431374	L		False	False
DB00975	DB00875	Dipyridamole	Flupentixol	0.14880952380952395	B	N	True	False
DB13954	DB00159	Estradiol cypionate	Icosapent	0.14848484848484866			False	False
DB13956	DB00159	Estradiol valerate	Icosapent	0.14848484848484866			False	False
DB00564	DB00875	Carbamazepine	Flupentixol	0.14772727272727293	N	N	True	False
DB08080	DB00396	Latrunculin B	Progesterone	0.1461538461538463		G	False	False
DB06152	DB12695	Nylidrin	Phenethyl Isothiocyanate	0.14609929078014217	C, G		False	False
DB00280	DB13345	Disopyramide	Dihydroergocristine	0.14583333333333348	C	C	False	False
DB00887	DB01645	Bumetanide	Genistein	0.14529914529914545	C, G		False	False
DB08080	DB01254	Latrunculin B	Dasatinib	0.14381270903010046		L	False	False
DB04297	DB01119	Trichostatin A	Diazoxide	0.1428571428571428		C, V, G	False	False
DB07863	DB02116	2-chloro-5-nitro-N-phenylbenzamide	Olomoucine	0.1428571428571428			False	False
DB05984	DB01054	RAF-265	Nitrendipine	0.1428571428571428		C	False	False
DB11781	DB00436	Tosedostat	Bendroflumethiazide	0.1428571428571428		C, G	False	False
DB06266	DB00436	Lonidamine	Bendroflumethiazide	0.1428571428571428	L	C, G	False	False
DB01054	DB08080	Nitrendipine	Latrunculin B	0.1428571428571428	C		False	False
DB05984	DB00887	RAF-265	Bumetanide	0.1428571428571428		C, G	False	False
DB12093	DB01119	Tetrahydropalmatine	Diazoxide	0.1428571428571428		C, V, G	False	False
DB01054	DB00482	Nitrendipine	Celecoxib	0.1428571428571428	C	M, C, G, L	False	False
DB08073	DB08916	(2S)-1-(1H-INDOL-3-YL)-3-{[5-(3-METHYL-1H-INDAZOL-5-YL)PYRIDIN-3-YL]OXY}PROPAN-2-AMINE	Afatinib	0.1428571428571428		L	False	False
DB01054	DB04447	Nitrendipine	1,4-Dithiothreitol	0.1428571428571428	C		False	False
DB04599	DB00564	Aniracetam	Carbamazepine	0.1428571428571428	N	N	True	False
DB07859	DB04447	4-(4-CHLOROPHENYL)-4-[4-(1H-PYRAZOL-4-YL)PHENYL]PIPERIDINE	1,4-Dithiothreitol	0.1428571428571428			False	False
DB02116	DB04447	Olomoucine	1,4-Dithiothreitol	0.1428571428571428			False	False
DB05984	DB01119	RAF-265	Diazoxide	0.1428571428571428		C, V, G	False	False
DB06266	DB01054	Lonidamine	Nitrendipine	0.1428571428571428	L	C	False	False
DB07859	DB08916	4-(4-CHLOROPHENYL)-4-[4-(1H-PYRAZOL-4-YL)PHENYL]PIPERIDINE	Afatinib	0.1428571428571428		L	False	False
DB05984	DB00436	RAF-265	Bendroflumethiazide	0.1428571428571428		C, G	False	False
DB04297	DB00887	Trichostatin A	Bumetanide	0.1428571428571428		C, G	False	False
DB06266	DB01119	Lonidamine	Diazoxide	0.1428571428571428	L	C, V, G	False	False
DB08073	DB04447	(2S)-1-(1H-INDOL-3-YL)-3-{[5-(3-METHYL-1H-INDAZOL-5-YL)PYRIDIN-3-YL]OXY}PROPAN-2-AMINE	1,4-Dithiothreitol	0.1428571428571428			False	False
DB00615	DB01054	Rifabutin	Nitrendipine	0.1428571428571428	J	C	False	False
DB02587	DB00831	Colforsin	Trifluoperazine	0.1416666666666666		N	False	False
DB13954	DB00459	Estradiol cypionate	Acitretin	0.14033613445378168		D	False	False
DB13956	DB00459	Estradiol valerate	Acitretin	0.14033613445378168		D	False	False
DB01254	DB04447	Dasatinib	1,4-Dithiothreitol	0.14031620553359692	L		False	False
DB00622	DB04447	Nicardipine	1,4-Dithiothreitol	0.14000000000000012	C		False	False
DB00313	DB00975	Valproic acid	Dipyridamole	0.13888888888888884	N	B	False	False
DB00313	DB01013	Valproic acid	Clobetasol propionate	0.13888888888888884	N		False	False
DB01782	DB00482	Pyrazolanthrone	Celecoxib	0.13888888888888884		M, C, G, L	False	False
DB07594	DB06486	CCT-018159	Enzastaurin	0.13749999999999996			False	False
DB05134	DB06486	Tanespimycin	Enzastaurin	0.13749999999999996			False	False
DB06266	DB00925	Lonidamine	Phenoxybenzamine	0.13749999999999996	L	C	False	False
DB01244	DB00925	Bepridil	Phenoxybenzamine	0.13749999999999996	C	C	True	False
DB01645	DB01118	Genistein	Amiodarone	0.13736263736263732		C	False	False
DB12500	DB08059	Fedratinib	Wortmannin	0.13690476190476208	L		False	False
DB02587	DB01013	Colforsin	Clobetasol propionate	0.13690476190476208			False	False
DB00850	DB02587	Perphenazine	Colforsin	0.13690476190476208	N		False	False
DB06195	DB00210	Seliciclib	Adapalene	0.13690476190476186		D	False	False
DB11781	DB07841	Tosedostat	Geranylgeranyl diphosphate	0.13492063492063489			False	False
DB05984	DB07841	RAF-265	Geranylgeranyl diphosphate	0.13492063492063489			False	False
DB00393	DB00564	Nimodipine	Carbamazepine	0.13461538461538458	C	N	False	False
DB00836	DB04447	Loperamide	1,4-Dithiothreitol	0.134453781512605	A		False	False
DB00831	DB06195	Trifluoperazine	Seliciclib	0.1336996336996339	N		False	False
DB00836	DB00831	Loperamide	Trifluoperazine	0.1336996336996339	A	N	True	False
DB11781	DB13954	Tosedostat	Estradiol cypionate	0.1333333333333333			False	False
DB08073	DB05266	(2S)-1-(1H-INDOL-3-YL)-3-{[5-(3-METHYL-1H-INDAZOL-5-YL)PYRIDIN-3-YL]OXY}PROPAN-2-AMINE	Ibudilast	0.1333333333333333		R	False	False
DB01244	DB00436	Bepridil	Bendroflumethiazide	0.1333333333333333	C	C, G	False	False
DB00675	DB01119	Tamoxifen	Diazoxide	0.1333333333333333	L	C, V, G	False	False
DB08521	DB00396	4-[4-(4-Fluorophenyl)-2-[4-[(R)-methylsulfinyl]phenyl]-1H-imidazol-5-yl]pyridine	Progesterone	0.1333333333333333		G	False	False
DB11781	DB00396	Tosedostat	Progesterone	0.1333333333333333		G	False	False
DB07859	DB05266	4-(4-CHLOROPHENYL)-4-[4-(1H-PYRAZOL-4-YL)PHENYL]PIPERIDINE	Ibudilast	0.1333333333333333		R	False	False
DB04297	DB13956	Trichostatin A	Estradiol valerate	0.1333333333333333			False	False
DB13954	DB00353	Estradiol cypionate	Methylergometrine	0.1333333333333333		G	False	False
DB11781	DB13956	Tosedostat	Estradiol valerate	0.1333333333333333			False	False
DB13956	DB00353	Estradiol valerate	Methylergometrine	0.1333333333333333		G	False	False
DB04297	DB13954	Trichostatin A	Estradiol cypionate	0.1333333333333333			False	False
DB05984	DB01254	RAF-265	Dasatinib	0.1330434782608696		L	False	False
DB00675	DB02010	Tamoxifen	Staurosporine	0.13244147157190622	L		False	False
DB05984	DB00313	RAF-265	Valproic acid	0.1313131313131315		N	False	False
DB00201	DB04946	Caffeine	Iloperidone	0.13129870129870125	R, V, N	N	False	False
DB01118	DB00482	Amiodarone	Celecoxib	0.13095238095238115	C	M, C, G, L	False	False
DB01118	DB00975	Amiodarone	Dipyridamole	0.13095238095238093	C	B	True	False
DB01248	DB01016	Docetaxel	Glyburide	0.1309523809523807	L	A	False	False
DB00831	DB01016	Trifluoperazine	Glyburide	0.1309523809523807	N	A	False	False
DB01016	DB01229	Glyburide	Paclitaxel	0.1309523809523807	A	L	False	False
DB01248	DB02010	Docetaxel	Staurosporine	0.13022941970310375	L		False	False
DB02010	DB01229	Staurosporine	Paclitaxel	0.13022941970310375		L	False	False
DB06486	DB00482	Enzastaurin	Celecoxib	0.1298076923076923		M, C, G, L	False	False
DB01100	DB00622	Pimozide	Nicardipine	0.1289473684210527	N	C	False	False
DB06152	DB00630	Nylidrin	Alendronic acid	0.12857142857142856	C, G	M	False	False
DB15399	DB00630	BMS-754807	Alendronic acid	0.12857142857142856		M	False	False
DB01115	DB00477	Nifedipine	Chlorpromazine	0.128386699507389	C	N	False	False
DB04447	DB01239	1,4-Dithiothreitol	Chlorprothixene	0.12770562770562788		N	False	False
DB00887	DB00201	Bumetanide	Caffeine	0.12593984962406024	C, G	R, V, N	False	False
DB02116	DB01088	Olomoucine	Iloprost	0.125		B	False	False
DB00925	DB00875	Phenoxybenzamine	Flupentixol	0.125	C	N	False	False
DB00568	DB00436	Cinnarizine	Bendroflumethiazide	0.125	N	C, G	False	False
DB00615	DB01088	Rifabutin	Iloprost	0.125	J	B	False	False
DB02587	DB01100	Colforsin	Pimozide	0.125		N	False	False
DB08073	DB13345	(2S)-1-(1H-INDOL-3-YL)-3-{[5-(3-METHYL-1H-INDAZOL-5-YL)PYRIDIN-3-YL]OXY}PROPAN-2-AMINE	Dihydroergocristine	0.125		C	False	False
DB08756	DB13345	Y-27632	Dihydroergocristine	0.125		C	False	False
DB08521	DB01088	4-[4-(4-Fluorophenyl)-2-[4-[(R)-methylsulfinyl]phenyl]-1H-imidazol-5-yl]pyridine	Iloprost	0.125		B	False	False
DB07859	DB13345	4-(4-CHLOROPHENYL)-4-[4-(1H-PYRAZOL-4-YL)PHENYL]PIPERIDINE	Dihydroergocristine	0.125		C	False	False
DB06266	DB01088	Lonidamine	Iloprost	0.125	L	B	False	False
DB02116	DB00588	Olomoucine	Fluticasone propionate	0.125			False	False
DB04447	DB12695	1,4-Dithiothreitol	Phenethyl Isothiocyanate	0.12424242424242427			False	False
DB02010	DB08896	Staurosporine	Regorafenib	0.12386269644334136		L	False	False
DB02010	DB04447	Staurosporine	1,4-Dithiothreitol	0.12374581939799323			False	False
DB00615	DB00622	Rifabutin	Nicardipine	0.12352941176470589	J	C	False	False
DB02424	DB00280	Geldanamycin	Disopyramide	0.12310606060606077		C	False	False
DB00850	DB00280	Perphenazine	Disopyramide	0.12310606060606077	N	C	False	False
DB06195	DB00255	Seliciclib	Diethylstilbestrol	0.12301587301587302		L, G	False	False
DB00201	DB13345	Caffeine	Dihydroergocristine	0.12301587301587302	R, V, N	C	False	False
DB01254	DB00975	Dasatinib	Dipyridamole	0.12281359320339824	L	B	True	False
DB04447	DB00210	1,4-Dithiothreitol	Adapalene	0.12280701754385981		D	False	False
DB00675	DB06195	Tamoxifen	Seliciclib	0.12268907563025233	L		False	False
DB00353	DB01023	Methylergometrine	Felodipine	0.12051282051282053	G	C	False	False
DB00615	DB02659	Rifabutin	Cholic Acid	0.12008281573498958	J	A	False	False
DB08059	DB05266	Wortmannin	Ibudilast	0.11944444444444446		R	False	False
DB00159	DB01119	Icosapent	Diazoxide	0.11931818181818166		C, V, G	False	False
DB00210	DB01119	Adapalene	Diazoxide	0.11904761904761929	D	C, V, G	False	False
DB02116	DB01013	Olomoucine	Clobetasol propionate	0.11904761904761929			False	False
DB00210	DB00482	Adapalene	Celecoxib	0.11904761904761929	D	M, C, G, L	False	False
DB02424	DB08877	Geldanamycin	Ruxolitinib	0.11904761904761929		L	False	False
DB02424	DB08895	Geldanamycin	Tofacitinib	0.11904761904761929		L	False	False
DB06152	DB00783	Nylidrin	Estradiol	0.11904761904761907	C, G	G	False	False
DB06155	DB00783	Rimonabant	Estradiol	0.11904761904761907	A	G	False	False
DB08175	DB00783	(2E,4E)-11-METHOXY-3,7,11-TRIMETHYLDODECA-2,4-DIENOIC ACID	Estradiol	0.11904761904761907		G	False	False
DB07594	DB00783	CCT-018159	Estradiol	0.11904761904761885		G	False	False
DB00783	DB01119	Estradiol	Diazoxide	0.11904761904761885	G	C, V, G	False	False
DB05134	DB00783	Tanespimycin	Estradiol	0.11904761904761885		G	False	False
DB00615	DB04946	Rifabutin	Iloperidone	0.11888111888111896	J	N	False	False
DB11781	DB02010	Tosedostat	Staurosporine	0.11794871794871797			False	False
DB05984	DB02010	RAF-265	Staurosporine	0.11794871794871797			False	False
DB01016	DB12695	Glyburide	Phenethyl Isothiocyanate	0.11729559748427665	A		False	False
DB00630	DB00975	Alendronic acid	Dipyridamole	0.1166666666666667	M	B	False	False
DB01244	DB00975	Bepridil	Dipyridamole	0.1166666666666667	C	B	False	False
DB06595	DB08895	Midostaurin	Tofacitinib	0.11666666666666647	L	L	False	False
DB08877	DB06595	Ruxolitinib	Midostaurin	0.11666666666666647	L	L	False	False
DB00675	DB01254	Tamoxifen	Dasatinib	0.11607378129117252	L	L	False	False
DB06152	DB00201	Nylidrin	Caffeine	0.11607142857142883	C, G	R, V, N	True	False
DB00201	DB06486	Caffeine	Enzastaurin	0.1160714285714286	R, V, N		False	False
DB05984	DB00201	RAF-265	Caffeine	0.1160714285714286		R, V, N	False	False
DB00622	DB00800	Nicardipine	Fenoldopam	0.11521739130434794	C	C	False	False
DB05984	DB02546	RAF-265	Vorinostat	0.1142857142857141		L	False	False
DB01254	DB00353	Dasatinib	Methylergometrine	0.1130434782608698	L	G	False	False
DB01023	DB01013	Felodipine	Clobetasol propionate	0.11217948717948723	C		False	False
DB02546	DB01248	Vorinostat	Docetaxel	0.11212121212121207	L	L	True	False
DB02546	DB01229	Vorinostat	Paclitaxel	0.11212121212121207	L	L	True	False
DB00615	DB00477	Rifabutin	Chlorpromazine	0.11180124223602461	J	N	False	False
DB13345	DB01119	Dihydroergocristine	Diazoxide	0.11111111111111116	C	C, V, G	False	False
DB06155	DB07780	Rimonabant	Farnesyl diphosphate	0.11111111111111116	A		False	False
DB00482	DB13345	Celecoxib	Dihydroergocristine	0.11111111111111116	M, C, G, L	C	False	False
DB00715	DB00975	Paroxetine	Dipyridamole	0.11111111111111116	N	B	True	False
DB01205	DB01229	Flumazenil	Paclitaxel	0.11111111111111094	V	L	False	False
DB01205	DB01248	Flumazenil	Docetaxel	0.11111111111111094	V	L	False	False
DB02424	DB00255	Geldanamycin	Diethylstilbestrol	0.11111111111111094		L, G	False	False
DB01118	DB00210	Amiodarone	Adapalene	0.11011904761904767	C	D	False	False
DB00679	DB00280	Thioridazine	Disopyramide	0.11011904761904767	N	C	True	False
DB02546	DB00588	Vorinostat	Fluticasone propionate	0.10833333333333317	L		True	False
DB07863	DB00396	2-chloro-5-nitro-N-phenylbenzamide	Progesterone	0.10769230769230775		G	False	False
DB00396	DB08916	Progesterone	Afatinib	0.10769230769230775	G	L	False	False
DB07863	DB13956	2-chloro-5-nitro-N-phenylbenzamide	Estradiol valerate	0.10769230769230775			False	False
DB07863	DB13954	2-chloro-5-nitro-N-phenylbenzamide	Estradiol cypionate	0.10769230769230775			False	False
DB00615	DB00555	Rifabutin	Lamotrigine	0.10763888888888884	J	N	False	False
DB00887	DB02010	Bumetanide	Staurosporine	0.1068376068376069	C, G		False	False
DB06152	DB00210	Nylidrin	Adapalene	0.10606060606060641	C, G	D	False	False
DB00622	DB00715	Nicardipine	Paroxetine	0.10555555555555562	C	N	False	False
DB04297	DB00159	Trichostatin A	Icosapent	0.10489510489510478			False	False
DB00201	DB00280	Caffeine	Disopyramide	0.10470779220779214	R, V, N	C	False	False
DB02546	DB03010	Vorinostat	Patupilone	0.1045454545454545	L		False	False
DB01115	DB07557	Nifedipine	3,20-Pregnanedione	0.10416666666666674	C		False	False
DB13956	DB00201	Estradiol valerate	Caffeine	0.10357142857142865		R, V, N	False	False
DB00201	DB00396	Caffeine	Progesterone	0.10357142857142865	R, V, N	G	False	False
DB13954	DB00201	Estradiol cypionate	Caffeine	0.10357142857142865		R, V, N	False	False
DB08912	DB01229	Dabrafenib	Paclitaxel	0.10303030303030325	L	L	False	False
DB08912	DB01248	Dabrafenib	Docetaxel	0.10303030303030325	L	L	False	False
DB13956	DB04447	Estradiol valerate	1,4-Dithiothreitol	0.10000000000000009			False	False
DB13956	DB00887	Estradiol valerate	Bumetanide	0.10000000000000009		C, G	False	False
DB12093	DB08916	Tetrahydropalmatine	Afatinib	0.10000000000000009		L	False	False
DB00393	DB00396	Nimodipine	Progesterone	0.10000000000000009	C	G	False	False
DB00615	DB07863	Rifabutin	2-chloro-5-nitro-N-phenylbenzamide	0.10000000000000009	J		False	False
DB06266	DB04513	Lonidamine	N-(6-Aminohexyl)-5-Chloro-1-Naphthalenesulfonamide	0.10000000000000009	L		False	False
DB05984	DB08916	RAF-265	Afatinib	0.10000000000000009		L	False	False
DB00887	DB00396	Bumetanide	Progesterone	0.10000000000000009	C, G	G	False	False
DB04447	DB00396	1,4-Dithiothreitol	Progesterone	0.10000000000000009		G	False	False
DB00887	DB00436	Bumetanide	Bendroflumethiazide	0.10000000000000009	C, G	C, G	False	False
DB00396	DB01119	Progesterone	Diazoxide	0.10000000000000009	G	C, V, G	False	False
DB13954	DB00887	Estradiol cypionate	Bumetanide	0.10000000000000009		C, G	False	False
DB00675	DB01244	Tamoxifen	Bepridil	0.10000000000000009	L	C	False	False
DB13954	DB04447	Estradiol cypionate	1,4-Dithiothreitol	0.10000000000000009			False	False
DB02546	DB00396	Vorinostat	Progesterone	0.10000000000000009	L	G	False	False
DB00210	DB12695	Adapalene	Phenethyl Isothiocyanate	0.09999999999999987	D		False	False
DB04447	DB00794	1,4-Dithiothreitol	Primidone	0.09999999999999987		N	False	False
DB01115	DB01069	Nifedipine	Promethazine	0.09898325358851667	C	R, V, D	True	False
DB00482	DB00975	Celecoxib	Dipyridamole	0.09848484848484862	M, C, G, L	B	True	False
DB00887	DB00975	Bumetanide	Dipyridamole	0.09848484848484862	C, G	B	True	False
DB00887	DB01023	Bumetanide	Felodipine	0.09829059829059816	C, G	C	True	False
DB00836	DB12093	Loperamide	Tetrahydropalmatine	0.09523809523809534	A		False	False
DB00201	DB04447	Caffeine	1,4-Dithiothreitol	0.09523809523809534	R, V, N		False	False
DB02424	DB13956	Geldanamycin	Estradiol valerate	0.09487179487179476			False	False
DB02424	DB13954	Geldanamycin	Estradiol cypionate	0.09487179487179476			False	False
DB01388	DB01244	Mibefradil	Bepridil	0.09393939393939399	C	C	False	False
DB00800	DB00568	Fenoldopam	Cinnarizine	0.09210526315789469	C	N	False	False
DB00588	DB00975	Fluticasone propionate	Dipyridamole	0.09166666666666679		B	False	False
DB00887	DB01254	Bumetanide	Dasatinib	0.09161490683229823	C, G	L	False	False
DB01254	DB00482	Dasatinib	Celecoxib	0.09161490683229823	L	M, C, G, L	False	False
DB06195	DB00280	Seliciclib	Disopyramide	0.09107142857142869		C	False	False
DB02010	DB00975	Staurosporine	Dipyridamole	0.09075573549257765		B	False	False
DB00564	DB02659	Carbamazepine	Cholic Acid	0.08928571428571441	N	A	False	False
DB08080	DB00588	Latrunculin B	Fluticasone propionate	0.08928571428571419			False	False
DB08059	DB08080	Wortmannin	Latrunculin B	0.08928571428571419			False	False
DB06195	DB00313	Seliciclib	Valproic acid	0.0882936507936507		N	False	False
DB07557	DB00313	3,20-Pregnanedione	Valproic acid	0.08760683760683774		N	False	False
DB06195	DB01088	Seliciclib	Iloprost	0.08690476190476204		B	False	False
DB01115	DB01645	Nifedipine	Genistein	0.0867673992673994	C		False	False
DB00831	DB00280	Trifluoperazine	Disopyramide	0.08630952380952372	N	C	False	False
DB08521	DB08912	4-[4-(4-Fluorophenyl)-2-[4-[(R)-methylsulfinyl]phenyl]-1H-imidazol-5-yl]pyridine	Dabrafenib	0.08571428571428585		L	False	False
DB00353	DB00818	Methylergometrine	Propofol	0.08571428571428541	G	N	True	False
DB06152	DB08912	Nylidrin	Dabrafenib	0.08571428571428541	C, G	L	False	False
DB01205	DB00975	Flumazenil	Dipyridamole	0.08333333333333348	V	B	False	False
DB02424	DB00436	Geldanamycin	Bendroflumethiazide	0.08333333333333348		C, G	False	False
DB01229	DB00975	Paclitaxel	Dipyridamole	0.08333333333333348	L	B	False	False
DB00831	DB00975	Trifluoperazine	Dipyridamole	0.08333333333333348	N	B	True	False
DB00887	DB01013	Bumetanide	Clobetasol propionate	0.08333333333333348	C, G		True	False
DB07557	DB00353	3,20-Pregnanedione	Methylergometrine	0.08333333333333348		G	False	False
DB00615	DB00679	Rifabutin	Thioridazine	0.08333333333333348	J	N	False	False
DB02424	DB00482	Geldanamycin	Celecoxib	0.08333333333333348		M, C, G, L	False	False
DB00201	DB00783	Caffeine	Estradiol	0.08333333333333348	R, V, N	G	False	False
DB06152	DB07557	Nylidrin	3,20-Pregnanedione	0.08333333333333348	C, G		False	False
DB06152	DB01622	Nylidrin	Thioproperazine	0.08333333333333348	C, G	N	False	False
DB01248	DB00975	Docetaxel	Dipyridamole	0.08333333333333348	L	B	True	False
DB00679	DB00975	Thioridazine	Dipyridamole	0.08333333333333326	N	B	True	False
DB00615	DB00393	Rifabutin	Nimodipine	0.08333333333333326	J	C	False	False
DB15399	DB04447	BMS-754807	1,4-Dithiothreitol	0.08333333333333326			False	False
DB08080	DB06595	Latrunculin B	Midostaurin	0.08333333333333326		L	False	False
DB04447	DB04946	1,4-Dithiothreitol	Iloperidone	0.08225108225108224		N	False	False
DB13956	DB06195	Estradiol valerate	Seliciclib	0.08151260504201696			False	False
DB13954	DB06195	Estradiol cypionate	Seliciclib	0.08151260504201696			False	False
DB00313	DB01119	Valproic acid	Diazoxide	0.07936507936507953	N	C, V, G	False	False
DB02546	DB06195	Vorinostat	Seliciclib	0.07857142857142874	L		False	False
DB01782	DB00675	Pyrazolanthrone	Tamoxifen	0.07857142857142851		L	False	False
DB01248	DB00255	Docetaxel	Diethylstilbestrol	0.07777777777777772	L	L, G	False	False
DB01229	DB00255	Paclitaxel	Diethylstilbestrol	0.07777777777777772	L	L, G	False	False
DB05984	DB00568	RAF-265	Cinnarizine	0.0769230769230771		N	False	False
DB06486	DB01254	Enzastaurin	Dasatinib	0.07634992987377287		L	False	False
DB00482	DB01229	Celecoxib	Paclitaxel	0.07575757575757569	M, C, G, L	L	False	False
DB01248	DB00482	Docetaxel	Celecoxib	0.07575757575757569	L	M, C, G, L	False	False
DB00675	DB00280	Tamoxifen	Disopyramide	0.07361111111111107	L	C	True	False
DB00280	DB01023	Disopyramide	Felodipine	0.07348901098901095	C	C	False	False
DB06266	DB01069	Lonidamine	Promethazine	0.07342657342657355	L	R, V, D	False	False
DB00201	DB00508	Caffeine	Triflupromazine	0.07330827067669166	R, V, N	N	False	False
DB06152	DB01254	Nylidrin	Dasatinib	0.07304347826086977	C, G	L	False	False
DB08080	DB02010	Latrunculin B	Staurosporine	0.07211538461538458			False	False
DB04946	DB00975	Iloperidone	Dipyridamole	0.07174688057041001	N	B	True	False
DB06152	DB01119	Nylidrin	Diazoxide	0.07142857142857162	C, G	C, V, G	False	False
DB06152	DB00482	Nylidrin	Celecoxib	0.07142857142857162	C, G	M, C, G, L	True	False
DB06152	DB00887	Nylidrin	Bumetanide	0.07142857142857162	C, G	C, G	False	False
DB00459	DB00783	Acitretin	Estradiol	0.07142857142857162	D	G	False	False
DB15399	DB00482	BMS-754807	Celecoxib	0.0714285714285714		M, C, G, L	False	False
DB06486	DB00396	Enzastaurin	Progesterone	0.0708333333333333		G	False	False
DB00393	DB00622	Nimodipine	Nicardipine	0.07000000000000006	C	C	False	False
DB06266	DB03010	Lonidamine	Patupilone	0.06993006993007	L		False	False
DB00615	DB03010	Rifabutin	Patupilone	0.06993006993007	J		False	False
DB00675	DB12695	Tamoxifen	Phenethyl Isothiocyanate	0.06969696969696981	L		False	False
DB04447	DB01088	1,4-Dithiothreitol	Iloprost	0.06944444444444442		B	False	False
DB06486	DB00975	Enzastaurin	Dipyridamole	0.06845238095238093		B	False	False
DB06486	DB06595	Enzastaurin	Midostaurin	0.06845238095238071		L	False	False
DB01115	DB00831	Nifedipine	Trifluoperazine	0.06845238095238071	C	N	True	False
DB01118	DB01023	Amiodarone	Felodipine	0.06813186813186811	C	C	True	False
DB00887	DB00794	Bumetanide	Primidone	0.06666666666666665	C, G	N	False	False
DB01622	DB00975	Thioproperazine	Dipyridamole	0.06666666666666665	N	B	True	False
DB00675	DB00887	Tamoxifen	Bumetanide	0.06666666666666665	L	C, G	False	False
DB00675	DB00482	Tamoxifen	Celecoxib	0.06666666666666665	L	M, C, G, L	False	False
DB02116	DB00831	Olomoucine	Trifluoperazine	0.06666666666666643		N	False	False
DB08073	DB01248	(2S)-1-(1H-INDOL-3-YL)-3-{[5-(3-METHYL-1H-INDAZOL-5-YL)PYRIDIN-3-YL]OXY}PROPAN-2-AMINE	Docetaxel	0.06666666666666643		L	False	False
DB07859	DB01229	4-(4-CHLOROPHENYL)-4-[4-(1H-PYRAZOL-4-YL)PHENYL]PIPERIDINE	Paclitaxel	0.06666666666666643		L	False	False
DB08073	DB01229	(2S)-1-(1H-INDOL-3-YL)-3-{[5-(3-METHYL-1H-INDAZOL-5-YL)PYRIDIN-3-YL]OXY}PROPAN-2-AMINE	Paclitaxel	0.06666666666666643		L	False	False
DB07859	DB01248	4-(4-CHLOROPHENYL)-4-[4-(1H-PYRAZOL-4-YL)PHENYL]PIPERIDINE	Docetaxel	0.06666666666666643		L	False	False
DB04599	DB00831	Aniracetam	Trifluoperazine	0.06666666666666643	N	N	True	False
DB01205	DB00353	Flumazenil	Methylergometrine	0.06666666666666643	V	G	False	False
DB06152	DB00159	Nylidrin	Icosapent	0.06643356643356624	C, G		True	False
DB00622	DB00875	Nicardipine	Flupentixol	0.06630434782608696	C	N	False	False
DB02010	DB00280	Staurosporine	Disopyramide	0.06616300366300365		C	False	False
DB06195	DB06486	Seliciclib	Enzastaurin	0.06607142857142856			False	False
DB00622	DB01388	Nicardipine	Mibefradil	0.06573426573426588	C	C	False	False
DB00210	DB00159	Adapalene	Icosapent	0.06515151515151518	D		False	False
DB11781	DB00783	Tosedostat	Estradiol	0.06349206349206327		G	False	False
DB04297	DB00783	Trichostatin A	Estradiol	0.06349206349206327		G	False	False
DB02116	DB00280	Olomoucine	Disopyramide	0.0625		C	False	False
DB06152	DB00280	Nylidrin	Disopyramide	0.0625	C, G	C	False	False
DB06266	DB00280	Lonidamine	Disopyramide	0.0625	L	C	False	False
DB04599	DB00715	Aniracetam	Paroxetine	0.0625	N	N	True	False
DB00850	DB00836	Perphenazine	Loperamide	0.06190476190476191	N	A	False	False
DB01118	DB01244	Amiodarone	Bepridil	0.06134453781512583	C	C	True	False
DB13956	DB12695	Estradiol valerate	Phenethyl Isothiocyanate	0.060606060606060774			False	False
DB13954	DB12695	Estradiol cypionate	Phenethyl Isothiocyanate	0.060606060606060774			False	False
DB01054	DB01119	Nitrendipine	Diazoxide	0.059523809523809534	C	C, V, G	False	False
DB00313	DB00588	Valproic acid	Fluticasone propionate	0.058760683760683774	N		True	False
DB00564	DB04946	Carbamazepine	Iloperidone	0.05844155844155807	N	N	False	False
DB00313	DB01229	Valproic acid	Paclitaxel	0.05555555555555558	N	L	False	False
DB08756	DB00482	Y-27632	Celecoxib	0.05555555555555558		M, C, G, L	False	False
DB08175	DB00313	(2E,4E)-11-METHOXY-3,7,11-TRIMETHYLDODECA-2,4-DIENOIC ACID	Valproic acid	0.05555555555555558		N	False	False
DB11781	DB07780	Tosedostat	Farnesyl diphosphate	0.05555555555555558			False	False
DB08175	DB01248	(2E,4E)-11-METHOXY-3,7,11-TRIMETHYLDODECA-2,4-DIENOIC ACID	Docetaxel	0.05555555555555558		L	False	False
DB00313	DB01248	Valproic acid	Docetaxel	0.05555555555555558	N	L	False	False
DB08073	DB00482	(2S)-1-(1H-INDOL-3-YL)-3-{[5-(3-METHYL-1H-INDAZOL-5-YL)PYRIDIN-3-YL]OXY}PROPAN-2-AMINE	Celecoxib	0.05555555555555558		M, C, G, L	False	False
DB02424	DB00313	Geldanamycin	Valproic acid	0.05555555555555558		N	False	False
DB08175	DB01229	(2E,4E)-11-METHOXY-3,7,11-TRIMETHYLDODECA-2,4-DIENOIC ACID	Paclitaxel	0.05555555555555558		L	False	False
DB07859	DB00482	4-(4-CHLOROPHENYL)-4-[4-(1H-PYRAZOL-4-YL)PHENYL]PIPERIDINE	Celecoxib	0.05555555555555558		M, C, G, L	False	False
DB00210	DB00255	Adapalene	Diethylstilbestrol	0.05555555555555536	D	L, G	False	False
DB08080	DB00831	Latrunculin B	Trifluoperazine	0.05555555555555536		N	False	False
DB00210	DB00396	Adapalene	Progesterone	0.05438596491228065	D	G	False	False
DB00477	DB00975	Chlorpromazine	Dipyridamole	0.05423280423280441	N	B	False	False
DB12500	DB01254	Fedratinib	Dasatinib	0.05406911928651059	L	L	False	False
DB00201	DB12093	Caffeine	Tetrahydropalmatine	0.0535714285714286	R, V, N		False	False
DB06266	DB00201	Lonidamine	Caffeine	0.0535714285714286	L	R, V, N	False	False
DB00482	DB06595	Celecoxib	Midostaurin	0.05303030303030298	M, C, G, L	L	False	False
DB00393	DB01118	Nimodipine	Amiodarone	0.05252100840336138	C	C	True	False
DB00783	DB04447	Estradiol	1,4-Dithiothreitol	0.05042016806722671	G		False	False
DB05134	DB00396	Tanespimycin	Progesterone	0.050000000000000044		G	False	False
DB11781	DB01016	Tosedostat	Glyburide	0.050000000000000044		A	False	False
DB07594	DB00396	CCT-018159	Progesterone	0.050000000000000044		G	False	False
DB04297	DB00396	Trichostatin A	Progesterone	0.050000000000000044		G	False	False
DB00396	DB00353	Progesterone	Methylergometrine	0.04999999999999982	G	G	False	False
DB06152	DB00396	Nylidrin	Progesterone	0.04999999999999982	C, G	G	False	False
DB00850	DB01023	Perphenazine	Felodipine	0.049679487179487225	N	C	False	False
DB00675	DB00210	Tamoxifen	Adapalene	0.04912280701754401	L	D	False	True
DB01115	DB00201	Nifedipine	Caffeine	0.04788961038961048	C	R, V, N	False	False
DB01069	DB01023	Promethazine	Felodipine	0.047785547785548	R, V, D	C	True	False
DB02424	DB01118	Geldanamycin	Amiodarone	0.04761904761904767		C	False	False
DB06486	DB08896	Enzastaurin	Regorafenib	0.04647435897435881		L	False	False
DB08912	DB06486	Dabrafenib	Enzastaurin	0.045192307692307754	L		False	False
DB01115	DB00255	Nifedipine	Diethylstilbestrol	0.04370915032679745	C	L, G	False	False
DB07594	DB02546	CCT-018159	Vorinostat	0.042857142857142705		L	False	False
DB05134	DB02546	Tanespimycin	Vorinostat	0.042857142857142705		L	False	False
DB01023	DB01119	Felodipine	Diazoxide	0.04273504273504258	C	C, V, G	False	False
DB00836	DB01100	Loperamide	Pimozide	0.04220779220779214	A	N	False	False
DB00836	DB07557	Loperamide	3,20-Pregnanedione	0.04220779220779214	A		False	False
DB05134	DB00588	Tanespimycin	Fluticasone propionate	0.04166666666666674			False	False
DB07594	DB00588	CCT-018159	Fluticasone propionate	0.04166666666666674			False	False
DB08521	DB00588	4-[4-(4-Fluorophenyl)-2-[4-[(R)-methylsulfinyl]phenyl]-1H-imidazol-5-yl]pyridine	Fluticasone propionate	0.04166666666666674			False	False
DB04297	DB08059	Trichostatin A	Wortmannin	0.04166666666666674			False	False
DB05984	DB02587	RAF-265	Colforsin	0.04166666666666674			False	False
DB11781	DB02587	Tosedostat	Colforsin	0.04166666666666674			False	False
DB04149	DB08059	(R)-Rolipram	Wortmannin	0.04166666666666674			False	False
DB02587	DB12093	Colforsin	Tetrahydropalmatine	0.04166666666666674			False	False
DB05134	DB01248	Tanespimycin	Docetaxel	0.04166666666666652		L	False	False
DB06155	DB08059	Rimonabant	Wortmannin	0.04166666666666652	A		True	False
DB06152	DB01248	Nylidrin	Docetaxel	0.04166666666666652	C, G	L	False	False
DB06152	DB01229	Nylidrin	Paclitaxel	0.04166666666666652	C, G	L	False	False
DB06152	DB06595	Nylidrin	Midostaurin	0.04166666666666652	C, G	L	False	False
DB06152	DB00588	Nylidrin	Fluticasone propionate	0.04166666666666652	C, G		False	False
DB05134	DB01229	Tanespimycin	Paclitaxel	0.04166666666666652		L	False	False
DB07594	DB01248	CCT-018159	Docetaxel	0.04166666666666652		L	False	False
DB07594	DB01229	CCT-018159	Paclitaxel	0.04166666666666652		L	False	False
DB04297	DB00313	Trichostatin A	Valproic acid	0.04040404040404044		N	False	False
DB06266	DB00313	Lonidamine	Valproic acid	0.04040404040404044	L	N	False	False
DB12695	DB00353	Phenethyl Isothiocyanate	Methylergometrine	0.039716312056737646		G	False	False
DB06152	DB06195	Nylidrin	Seliciclib	0.039682539682539986	C, G		False	False
DB00836	DB00353	Loperamide	Methylergometrine	0.039682539682539986	A	G	False	False
DB01100	DB00201	Pimozide	Caffeine	0.039682539682539764	N	R, V, N	False	False
DB04599	DB04946	Aniracetam	Iloperidone	0.039393939393939315	N	N	True	False
DB04447	DB08916	1,4-Dithiothreitol	Afatinib	0.03846153846153855		L	False	False
DB00615	DB00925	Rifabutin	Phenoxybenzamine	0.03750000000000009	J	C	False	False
DB06486	DB00353	Enzastaurin	Methylergometrine	0.03750000000000009		G	False	False
DB00353	DB00925	Methylergometrine	Phenoxybenzamine	0.03750000000000009	G	C	False	False
DB00622	DB13345	Nicardipine	Dihydroergocristine	0.03684210526315801	C	C	False	False
DB00201	DB00477	Caffeine	Chlorpromazine	0.03571428571428581	R, V, N	N	False	False
DB00887	DB00783	Bumetanide	Estradiol	0.03571428571428559	C, G	G	False	False
DB08912	DB00975	Dabrafenib	Dipyridamole	0.034848484848484906	L	B	False	False
DB00568	DB00975	Cinnarizine	Dipyridamole	0.0343137254901964	N	B	False	False
DB00477	DB01244	Chlorpromazine	Bepridil	0.03410138248847927	N	C	False	False
DB01118	DB00255	Amiodarone	Diethylstilbestrol	0.03373015873015861	C	L, G	False	False
DB06155	DB01013	Rimonabant	Clobetasol propionate	0.03333333333333366	A		False	False
DB00850	DB06152	Perphenazine	Nylidrin	0.03333333333333366	N	C, G	False	False
DB00353	DB01013	Methylergometrine	Clobetasol propionate	0.03333333333333366	G		False	False
DB12500	DB06155	Fedratinib	Rimonabant	0.03333333333333366	L	A	False	False
DB12500	DB00353	Fedratinib	Methylergometrine	0.03333333333333366	L	G	False	False
DB00353	DB01244	Methylergometrine	Bepridil	0.03333333333333366	G	C	False	False
DB00818	DB00794	Propofol	Primidone	0.03333333333333344	N	N	False	False
DB05134	DB01013	Tanespimycin	Clobetasol propionate	0.03333333333333344			False	False
DB07594	DB01013	CCT-018159	Clobetasol propionate	0.03333333333333344			False	False
DB15399	DB02424	BMS-754807	Geldanamycin	0.03333333333333344			False	False
DB08521	DB02424	4-[4-(4-Fluorophenyl)-2-[4-[(R)-methylsulfinyl]phenyl]-1H-imidazol-5-yl]pyridine	Geldanamycin	0.03333333333333344			False	False
DB15399	DB12500	BMS-754807	Fedratinib	0.03333333333333344		L	False	False
DB06266	DB01244	Lonidamine	Bepridil	0.033333333333333215	L	C	False	False
DB00615	DB00794	Rifabutin	Primidone	0.033333333333333215	J	N	False	False
DB06486	DB01248	Enzastaurin	Docetaxel	0.03273809523809512		L	False	False
DB06486	DB01229	Enzastaurin	Paclitaxel	0.03273809523809512		L	False	False
DB01118	DB13345	Amiodarone	Dihydroergocristine	0.032467532467532534	C	C	False	False
DB03010	DB00353	Patupilone	Methylergometrine	0.03146853146853168		G	False	False
DB00201	DB01088	Caffeine	Iloprost	0.030844155844155896	R, V, N	B	False	False
DB00201	DB00555	Caffeine	Lamotrigine	0.030654761904761907	R, V, N	N	False	False
DB08080	DB01023	Latrunculin B	Felodipine	0.028846153846153744		C	False	False
DB06266	DB00159	Lonidamine	Icosapent	0.027972027972027913	L		False	False
DB00975	DB01013	Dipyridamole	Clobetasol propionate	0.02777777777777768	B		False	False
DB00850	DB00975	Perphenazine	Dipyridamole	0.02777777777777768	N	B	False	False
DB02424	DB00975	Geldanamycin	Dipyridamole	0.02777777777777768		B	False	False
DB04447	DB00477	1,4-Dithiothreitol	Chlorpromazine	0.027649769585253337		N	False	False
DB00783	DB12695	Estradiol	Phenethyl Isothiocyanate	0.026739926739926867	G		False	False
DB04447	DB00555	1,4-Dithiothreitol	Lamotrigine	0.02644230769230771		N	False	False
DB07557	DB01645	3,20-Pregnanedione	Genistein	0.026018099547511442			False	False
DB02546	DB08916	Vorinostat	Afatinib	0.02499999999999991	L	L	False	False
DB06155	DB01088	Rimonabant	Iloprost	0.02499999999999991	A	B	False	False
DB08080	DB02546	Latrunculin B	Vorinostat	0.02499999999999991		L	False	False
DB00622	DB01622	Nicardipine	Thioproperazine	0.023684210526315752	C	N	False	False
DB00564	DB00800	Carbamazepine	Fenoldopam	0.02272727272727293	N	C	False	False
DB04447	DB00715	1,4-Dithiothreitol	Paroxetine	0.022727272727272707		N	False	False
DB00836	DB00396	Loperamide	Progesterone	0.022689075630252242	A	G	False	False
DB06195	DB00396	Seliciclib	Progesterone	0.022689075630252242		G	False	False
DB08756	DB08912	Y-27632	Dabrafenib	0.022222222222222365		L	False	False
DB08073	DB08912	(2S)-1-(1H-INDOL-3-YL)-3-{[5-(3-METHYL-1H-INDAZOL-5-YL)PYRIDIN-3-YL]OXY}PROPAN-2-AMINE	Dabrafenib	0.022222222222222365		L	False	False
DB07859	DB08912	4-(4-CHLOROPHENYL)-4-[4-(1H-PYRAZOL-4-YL)PHENYL]PIPERIDINE	Dabrafenib	0.022222222222222365		L	False	False
DB06266	DB01023	Lonidamine	Felodipine	0.02051282051282044	L	C	False	False
DB00159	DB00939	Icosapent	Meclofenamic acid	0.01931818181818179		M	True	False
DB00396	DB01023	Progesterone	Felodipine	0.019063545150501904	G	C	False	False
DB08175	DB13954	(2E,4E)-11-METHOXY-3,7,11-TRIMETHYLDODECA-2,4-DIENOIC ACID	Estradiol cypionate	0.017948717948717885			False	False
DB06155	DB02010	Rimonabant	Staurosporine	0.017948717948717885	A		False	False
DB02010	DB00353	Staurosporine	Methylergometrine	0.017948717948717885		G	False	False
DB08175	DB13956	(2E,4E)-11-METHOXY-3,7,11-TRIMETHYLDODECA-2,4-DIENOIC ACID	Estradiol valerate	0.017948717948717885			False	False
DB02587	DB04447	Colforsin	1,4-Dithiothreitol	0.017857142857142794			False	False
DB07863	DB00588	2-chloro-5-nitro-N-phenylbenzamide	Fluticasone propionate	0.017857142857142794			False	False
DB08756	DB00975	Y-27632	Dipyridamole	0.01666666666666683		B	False	False
DB02424	DB01254	Geldanamycin	Dasatinib	0.015607580824972045		L	False	False
DB07863	DB01118	2-chloro-5-nitro-N-phenylbenzamide	Amiodarone	0.014285714285714457		C	False	False
DB00615	DB00818	Rifabutin	Propofol	0.014285714285714235	J	N	False	False
DB03010	DB12695	Patupilone	Phenethyl Isothiocyanate	0.012878787878787934			False	False
DB02424	DB01100	Geldanamycin	Pimozide	0.011904761904762085		N	False	False
DB07557	DB01013	3,20-Pregnanedione	Clobetasol propionate	0.011904761904762085			False	False
DB06195	DB00482	Seliciclib	Celecoxib	0.011904761904761862		M, C, G, L	False	False
DB00313	DB01645	Valproic acid	Genistein	0.008935508935508762	N		False	False
DB00508	DB00975	Triflupromazine	Dipyridamole	0.007575757575757791	N	B	False	False
DB00975	DB00436	Dipyridamole	Bendroflumethiazide	0.007575757575757791	B	C, G	False	False
DB00675	DB07557	Tamoxifen	3,20-Pregnanedione	0.0071428571428571175	L		False	False
DB00675	DB01100	Tamoxifen	Pimozide	0.0071428571428571175	L	N	False	False
DB08175	DB01645	(2E,4E)-11-METHOXY-3,7,11-TRIMETHYLDODECA-2,4-DIENOIC ACID	Genistein	0.0064102564102563875			False	False
DB00201	DB01069	Caffeine	Promethazine	0.005844155844155985	R, V, N	R, V, D	False	False
DB13956	DB00210	Estradiol valerate	Adapalene	0.0017543859649122862		D	False	False
DB13954	DB00210	Estradiol cypionate	Adapalene	0.0017543859649122862		D	False	False
DB06195	DB00783	Seliciclib	Estradiol	2.220446049250313e-16		G	False	False
DB07863	DB01013	2-chloro-5-nitro-N-phenylbenzamide	Clobetasol propionate	2.220446049250313e-16			False	False
DB12500	DB08916	Fedratinib	Afatinib	2.220446049250313e-16	L	L	False	False
DB07557	DB00588	3,20-Pregnanedione	Fluticasone propionate	0.0			False	False
DB04149	DB00353	(R)-Rolipram	Methylergometrine	0.0		G	False	False
DB08521	DB06155	4-[4-(4-Fluorophenyl)-2-[4-[(R)-methylsulfinyl]phenyl]-1H-imidazol-5-yl]pyridine	Rimonabant	0.0		A	False	False
DB08521	DB02116	4-[4-(4-Fluorophenyl)-2-[4-[(R)-methylsulfinyl]phenyl]-1H-imidazol-5-yl]pyridine	Olomoucine	0.0			False	False
DB06152	DB06155	Nylidrin	Rimonabant	0.0	C, G	A	True	False
DB05134	DB04297	Tanespimycin	Trichostatin A	0.0			False	False
DB05984	DB08080	RAF-265	Latrunculin B	0.0			False	False
DB00615	DB11781	Rifabutin	Tosedostat	0.0	J		False	False
DB00615	DB08597	Rifabutin	Dorsomorphin	0.0	J		False	False
DB08877	DB00353	Ruxolitinib	Methylergometrine	0.0	L	G	False	False
DB06266	DB00508	Lonidamine	Triflupromazine	0.0	L	N	False	False
DB06266	DB00482	Lonidamine	Celecoxib	0.0	L	M, C, G, L	False	False
DB00353	DB08895	Methylergometrine	Tofacitinib	0.0	G	L	False	False
DB08073	DB00564	(2S)-1-(1H-INDOL-3-YL)-3-{[5-(3-METHYL-1H-INDAZOL-5-YL)PYRIDIN-3-YL]OXY}PROPAN-2-AMINE	Carbamazepine	0.0		N	False	False
DB00615	DB00508	Rifabutin	Triflupromazine	0.0	J	N	False	False
DB00353	DB08916	Methylergometrine	Afatinib	0.0	G	L	False	False
DB07594	DB08916	CCT-018159	Afatinib	0.0		L	False	False
DB05134	DB06152	Tanespimycin	Nylidrin	0.0		C, G	False	False
DB00568	DB01119	Cinnarizine	Diazoxide	0.0	N	C, V, G	False	False
DB07859	DB00564	4-(4-CHLOROPHENYL)-4-[4-(1H-PYRAZOL-4-YL)PHENYL]PIPERIDINE	Carbamazepine	0.0		N	False	False
DB06266	DB12093	Lonidamine	Tetrahydropalmatine	0.0	L		False	False
DB06152	DB02116	Nylidrin	Olomoucine	0.0	C, G		False	False
DB06155	DB08916	Rimonabant	Afatinib	0.0	A	L	False	False
DB06266	DB08080	Lonidamine	Latrunculin B	0.0	L		False	False
DB08521	DB06152	4-[4-(4-Fluorophenyl)-2-[4-[(R)-methylsulfinyl]phenyl]-1H-imidazol-5-yl]pyridine	Nylidrin	0.0		C, G	False	False
DB00210	DB01013	Adapalene	Clobetasol propionate	0.0	D		False	False
DB05134	DB06155	Tanespimycin	Rimonabant	0.0		A	False	False
DB08521	DB00564	4-[4-(4-Fluorophenyl)-2-[4-[(R)-methylsulfinyl]phenyl]-1H-imidazol-5-yl]pyridine	Carbamazepine	0.0		N	False	False
DB06266	DB04297	Lonidamine	Trichostatin A	0.0	L		False	False
DB06266	DB05984	Lonidamine	RAF-265	0.0	L		False	False
DB11781	DB06152	Tosedostat	Nylidrin	0.0		C, G	False	False
DB00564	DB00436	Carbamazepine	Bendroflumethiazide	0.0	N	C, G	True	False
DB05134	DB02116	Tanespimycin	Olomoucine	0.0			False	False
DB00564	DB07780	Carbamazepine	Farnesyl diphosphate	0.0	N		False	False
DB05984	DB11781	RAF-265	Tosedostat	0.0			False	False
DB05984	DB00508	RAF-265	Triflupromazine	0.0		N	False	False
DB05984	DB04297	RAF-265	Trichostatin A	0.0			False	False
DB15399	DB00564	BMS-754807	Carbamazepine	0.0		N	False	False
DB06155	DB07859	Rimonabant	4-(4-CHLOROPHENYL)-4-[4-(1H-PYRAZOL-4-YL)PHENYL]PIPERIDINE	0.0	A		False	False
DB06152	DB00353	Nylidrin	Methylergometrine	0.0	C, G	G	False	False
DB15399	DB05984	BMS-754807	RAF-265	0.0			False	False
DB15399	DB04297	BMS-754807	Trichostatin A	0.0			False	False
DB00564	DB08916	Carbamazepine	Afatinib	0.0	N	L	False	False
DB07594	DB04297	CCT-018159	Trichostatin A	0.0			False	False
DB07594	DB06152	CCT-018159	Nylidrin	0.0		C, G	False	False
DB07594	DB06155	CCT-018159	Rimonabant	0.0		A	False	False
DB11781	DB00887	Tosedostat	Bumetanide	0.0		C, G	False	False
DB00615	DB13345	Rifabutin	Dihydroergocristine	0.0	J	C	False	False
DB00615	DB01119	Rifabutin	Diazoxide	0.0	J	C, V, G	False	False
DB15399	DB06152	BMS-754807	Nylidrin	0.0		C, G	False	False
DB04297	DB04447	Trichostatin A	1,4-Dithiothreitol	0.0			False	False
DB07594	DB08521	CCT-018159	4-[4-(4-Fluorophenyl)-2-[4-[(R)-methylsulfinyl]phenyl]-1H-imidazol-5-yl]pyridine	0.0			False	False
DB01054	DB01118	Nitrendipine	Amiodarone	0.0	C	C	True	False
DB05134	DB00353	Tanespimycin	Methylergometrine	0.0		G	False	False
DB06152	DB12093	Nylidrin	Tetrahydropalmatine	0.0	C, G		False	False
DB04297	DB12093	Trichostatin A	Tetrahydropalmatine	0.0			False	False
DB00564	DB04942	Carbamazepine	Tamibarotene	0.0	N		False	False
DB00887	DB01119	Bumetanide	Diazoxide	0.0	C, G	C, V, G	True	False
DB02546	DB00482	Vorinostat	Celecoxib	0.0	L	M, C, G, L	False	False
DB06155	DB04942	Rimonabant	Tamibarotene	0.0	A		False	False
DB04447	DB00482	1,4-Dithiothreitol	Celecoxib	0.0		M, C, G, L	False	False
DB08080	DB00482	Latrunculin B	Celecoxib	0.0		M, C, G, L	False	False
DB06152	DB08916	Nylidrin	Afatinib	0.0	C, G	L	False	False
DB08080	DB01119	Latrunculin B	Diazoxide	0.0		C, V, G	False	False
DB01118	DB00783	Amiodarone	Estradiol	0.0	C	G	False	False
DB05984	DB13345	RAF-265	Dihydroergocristine	0.0		C	False	False
DB02116	DB00353	Olomoucine	Methylergometrine	0.0		G	False	False
DB15399	DB06155	BMS-754807	Rimonabant	0.0		A	False	False
DB05134	DB08521	Tanespimycin	4-[4-(4-Fluorophenyl)-2-[4-[(R)-methylsulfinyl]phenyl]-1H-imidazol-5-yl]pyridine	0.0			False	False
DB06266	DB13345	Lonidamine	Dihydroergocristine	0.0	L	C	False	False
DB04297	DB11781	Trichostatin A	Tosedostat	0.0			False	False
DB07863	DB04942	2-chloro-5-nitro-N-phenylbenzamide	Tamibarotene	0.0			False	False
DB11781	DB08080	Tosedostat	Latrunculin B	0.0			False	False
DB11781	DB08073	Tosedostat	(2S)-1-(1H-INDOL-3-YL)-3-{[5-(3-METHYL-1H-INDAZOL-5-YL)PYRIDIN-3-YL]OXY}PROPAN-2-AMINE	0.0			False	False
DB11781	DB07859	Tosedostat	4-(4-CHLOROPHENYL)-4-[4-(1H-PYRAZOL-4-YL)PHENYL]PIPERIDINE	0.0			False	False
DB05984	DB00482	RAF-265	Celecoxib	0.0		M, C, G, L	False	False
DB04149	DB06152	(R)-Rolipram	Nylidrin	0.0		C, G	False	False
DB05984	DB12093	RAF-265	Tetrahydropalmatine	0.0			False	False
DB08597	DB06152	Dorsomorphin	Nylidrin	0.0		C, G	False	False
DB11781	DB01119	Tosedostat	Diazoxide	0.0		C, V, G	False	False
DB01100	DB00715	Pimozide	Paroxetine	0.0	N	N	True	False
DB01100	DB13345	Pimozide	Dihydroergocristine	0.0	N	C	False	False
DB04599	DB01622	Aniracetam	Thioproperazine	0.0	N	N	True	False
DB00615	DB08080	Rifabutin	Latrunculin B	0.0	J		False	False
DB06155	DB02116	Rimonabant	Olomoucine	0.0	A		False	False
DB06155	DB08073	Rimonabant	(2S)-1-(1H-INDOL-3-YL)-3-{[5-(3-METHYL-1H-INDAZOL-5-YL)PYRIDIN-3-YL]OXY}PROPAN-2-AMINE	0.0	A		False	False
DB01092	DB00564	Ouabain	Carbamazepine	0.0	C	N	False	False
DB00615	DB00568	Rifabutin	Cinnarizine	0.0	J	N	False	False
DB00508	DB04447	Triflupromazine	1,4-Dithiothreitol	0.0	N		False	False
DB08877	DB00564	Ruxolitinib	Carbamazepine	0.0	L	N	False	False
DB07594	DB00353	CCT-018159	Methylergometrine	0.0		G	False	False
DB08756	DB00564	Y-27632	Carbamazepine	0.0		N	False	False
DB08521	DB00353	4-[4-(4-Fluorophenyl)-2-[4-[(R)-methylsulfinyl]phenyl]-1H-imidazol-5-yl]pyridine	Methylergometrine	0.0		G	False	False
DB00630	DB01119	Alendronic acid	Diazoxide	0.0	M	C, V, G	False	False
DB00615	DB12093	Rifabutin	Tetrahydropalmatine	0.0	J		False	False
DB04297	DB06155	Trichostatin A	Rimonabant	0.0		A	False	False
DB08080	DB13345	Latrunculin B	Dihydroergocristine	0.0		C	False	False
DB08080	DB00436	Latrunculin B	Bendroflumethiazide	0.0		C, G	False	False
DB04447	DB12093	1,4-Dithiothreitol	Tetrahydropalmatine	0.0			False	False
DB04447	DB13345	1,4-Dithiothreitol	Dihydroergocristine	0.0		C	False	False
DB04447	DB00436	1,4-Dithiothreitol	Bendroflumethiazide	0.0		C, G	False	False
DB04447	DB01244	1,4-Dithiothreitol	Bepridil	0.0		C	False	False
DB08756	DB00353	Y-27632	Methylergometrine	0.0		G	False	False
DB05134	DB08916	Tanespimycin	Afatinib	0.0		L	False	False
DB00564	DB08895	Carbamazepine	Tofacitinib	0.0	N	L	False	False
DB07594	DB02116	CCT-018159	Olomoucine	0.0			False	False
DB00831	DB08916	Trifluoperazine	Afatinib	-2.220446049250313e-16	N	L	False	False
DB08059	DB00201	Wortmannin	Caffeine	-0.001984126984126977		R, V, N	False	False
DB06155	DB12695	Rimonabant	Phenethyl Isothiocyanate	-0.0028368794326238955	A		False	False
DB00615	DB01069	Rifabutin	Promethazine	-0.0034965034965035446	J	R, V, D	False	False
DB02010	DB00482	Staurosporine	Celecoxib	-0.004273504273504258		M, C, G, L	False	False
DB00201	DB00831	Caffeine	Trifluoperazine	-0.004761904761904745	R, V, N	N	False	False
DB06152	DB00313	Nylidrin	Valproic acid	-0.00505050505050475	C, G	N	False	False
DB00313	DB00353	Valproic acid	Methylergometrine	-0.00505050505050475	N	G	False	False
DB00887	DB00159	Bumetanide	Icosapent	-0.005681818181818343	C, G		False	False
DB02424	DB02587	Geldanamycin	Colforsin	-0.005952380952380709			False	False
DB01100	DB01023	Pimozide	Felodipine	-0.007918552036199289	N	C	False	False
DB00615	DB00201	Rifabutin	Caffeine	-0.008928571428571397	J	R, V, N	False	False
DB00675	DB00313	Tamoxifen	Valproic acid	-0.009356725146198785	L	N	False	False
DB07557	DB00783	3,20-Pregnanedione	Estradiol	-0.009740259740259827		G	False	False
DB04297	DB00255	Trichostatin A	Diethylstilbestrol	-0.010101010101010166		L, G	False	False
DB02424	DB08896	Geldanamycin	Regorafenib	-0.011904761904761862		L	False	False
DB04447	DB08896	1,4-Dithiothreitol	Regorafenib	-0.011904761904762085		L	False	False
DB01115	DB13954	Nifedipine	Estradiol cypionate	-0.012499999999999956	C		False	False
DB01115	DB13956	Nifedipine	Estradiol valerate	-0.012499999999999956	C		False	False
DB06266	DB01115	Lonidamine	Nifedipine	-0.012499999999999956	L	C	False	False
DB01254	DB00396	Dasatinib	Progesterone	-0.014229249011857847	L	G	False	False
DB06155	DB00630	Rimonabant	Alendronic acid	-0.014285714285714235	A	M	False	False
DB00679	DB00925	Thioridazine	Phenoxybenzamine	-0.014880952380952328	N	C	False	False
DB13956	DB01118	Estradiol valerate	Amiodarone	-0.015126050420168013		C	False	False
DB13954	DB01118	Estradiol cypionate	Amiodarone	-0.015126050420168013		C	False	False
DB00887	DB01229	Bumetanide	Paclitaxel	-0.01515151515151536	C, G	L	True	False
DB00887	DB01248	Bumetanide	Docetaxel	-0.01515151515151536	C, G	L	True	False
DB06266	DB02010	Lonidamine	Staurosporine	-0.01538461538461533	L		False	False
DB05984	DB06195	RAF-265	Seliciclib	-0.015873015873015817			False	False
DB00615	DB00836	Rifabutin	Loperamide	-0.015873015873015817	J	A	False	False
DB01645	DB00210	Genistein	Adapalene	-0.01631701631701632		D	False	False
DB00850	DB00201	Perphenazine	Caffeine	-0.017507002801120386	N	R, V, N	False	False
DB00836	DB01244	Loperamide	Bepridil	-0.018487394957983128	A	C	False	False
DB04447	DB01023	1,4-Dithiothreitol	Felodipine	-0.020066889632107232		C	False	False
DB13954	DB07557	Estradiol cypionate	3,20-Pregnanedione	-0.021428571428571352			False	False
DB13956	DB07557	Estradiol valerate	3,20-Pregnanedione	-0.021428571428571352			False	False
DB00201	DB00568	Caffeine	Cinnarizine	-0.021428571428571352	R, V, N	N	False	False
DB00622	DB00353	Nicardipine	Methylergometrine	-0.023529411764706243	C	G	False	False
DB02424	DB07859	Geldanamycin	4-(4-CHLOROPHENYL)-4-[4-(1H-PYRAZOL-4-YL)PHENYL]PIPERIDINE	-0.023809523809523725			False	False
DB02424	DB08073	Geldanamycin	(2S)-1-(1H-INDOL-3-YL)-3-{[5-(3-METHYL-1H-INDAZOL-5-YL)PYRIDIN-3-YL]OXY}PROPAN-2-AMINE	-0.023809523809523725			False	False
DB02424	DB01115	Geldanamycin	Nifedipine	-0.024621212121211933		C	False	False
DB00850	DB01115	Perphenazine	Nifedipine	-0.024621212121211933	N	C	False	False
DB01069	DB00679	Promethazine	Thioridazine	-0.027629233511586415	R, V, D	N	False	False
DB07863	DB00313	2-chloro-5-nitro-N-phenylbenzamide	Valproic acid	-0.02777777777777768		N	False	False
DB01016	DB04447	Glyburide	1,4-Dithiothreitol	-0.02777777777777768	A		False	False
DB06266	DB02546	Lonidamine	Vorinostat	-0.028571428571428692	L	L	False	False
DB00887	DB01088	Bumetanide	Iloprost	-0.028846153846153744	C, G	B	True	False
DB01088	DB00482	Iloprost	Celecoxib	-0.028846153846153744	B	M, C, G, L	True	False
DB00396	DB12695	Progesterone	Phenethyl Isothiocyanate	-0.030303030303030276	G		False	False
DB01100	DB00555	Pimozide	Lamotrigine	-0.03125	N	N	False	False
DB02424	DB02010	Geldanamycin	Staurosporine	-0.03205128205128194			False	False
DB00210	DB01229	Adapalene	Paclitaxel	-0.03333333333333344	D	L	False	False
DB01248	DB00210	Docetaxel	Adapalene	-0.03333333333333344	L	D	False	False
DB00622	DB00564	Nicardipine	Carbamazepine	-0.03333333333333366	C	N	False	False
DB06155	DB00396	Rimonabant	Progesterone	-0.03333333333333366	A	G	False	False
DB01115	DB04447	Nifedipine	1,4-Dithiothreitol	-0.03472222222222232	C		False	False
DB06486	DB02010	Enzastaurin	Staurosporine	-0.035027472527472625			False	False
DB06195	DB02010	Seliciclib	Staurosporine	-0.036813186813186904			False	False
DB00568	DB01244	Cinnarizine	Bepridil	-0.03809523809523818	N	C	False	False
DB06155	DB00568	Rimonabant	Cinnarizine	-0.038461538461538325	A	N	False	False
DB01069	DB13345	Promethazine	Dihydroergocristine	-0.039393939393939315	R, V, D	C	False	False
DB02424	DB00887	Geldanamycin	Bumetanide	-0.04166666666666652		C, G	False	False
DB04599	DB00875	Aniracetam	Flupentixol	-0.04166666666666674	N	N	False	False
DB01645	DB01229	Genistein	Paclitaxel	-0.04183535762483115		L	False	False
DB01248	DB01645	Docetaxel	Genistein	-0.04183535762483115	L		False	False
DB06155	DB01069	Rimonabant	Promethazine	-0.04195804195804165	A	R, V, D	True	False
DB06195	DB04447	Seliciclib	1,4-Dithiothreitol	-0.04201680672268915			False	False
DB00564	DB07841	Carbamazepine	Geranylgeranyl diphosphate	-0.042857142857142705	N		False	False
DB00831	DB01239	Trifluoperazine	Chlorprothixene	-0.044563279857397387	N	N	False	False
DB00564	DB03010	Carbamazepine	Patupilone	-0.045454545454545414	N		False	False
DB00975	DB00555	Dipyridamole	Lamotrigine	-0.04640151515151514	B	N	False	False
DB02424	DB06486	Geldanamycin	Enzastaurin	-0.04734848484848464			False	False
DB00564	DB00477	Carbamazepine	Chlorpromazine	-0.047619047619047894	N	N	False	False
DB04447	DB00280	1,4-Dithiothreitol	Disopyramide	-0.04861111111111116		C	False	False
DB06152	DB02010	Nylidrin	Staurosporine	-0.048717948717948545	C, G		False	False
DB01069	DB01244	Promethazine	Bepridil	-0.04891774891774903	R, V, D	C	True	False
DB06155	DB00800	Rimonabant	Fenoldopam	-0.04999999999999982	A	C	False	False
DB00564	DB00715	Carbamazepine	Paroxetine	-0.04999999999999982	N	N	False	False
DB00615	DB01016	Rifabutin	Glyburide	-0.050000000000000044	J	A	False	False
DB00800	DB12093	Fenoldopam	Tetrahydropalmatine	-0.050000000000000044	C		False	False
DB00925	DB00555	Phenoxybenzamine	Lamotrigine	-0.05208333333333326	C	N	False	False
DB00313	DB00783	Valproic acid	Estradiol	-0.05456349206349209	N	G	False	False
DB00564	DB00679	Carbamazepine	Thioridazine	-0.05555555555555536	N	N	True	False
DB00313	DB00210	Valproic acid	Adapalene	-0.05555555555555558	N	D	False	False
DB07863	DB00255	2-chloro-5-nitro-N-phenylbenzamide	Diethylstilbestrol	-0.05555555555555558		L, G	False	False
DB08080	DB01229	Latrunculin B	Paclitaxel	-0.0555555555555558		L	False	False
DB08080	DB01248	Latrunculin B	Docetaxel	-0.0555555555555558		L	False	False
DB00313	DB00255	Valproic acid	Diethylstilbestrol	-0.0555555555555558	N	L, G	False	False
DB00615	DB12695	Rifabutin	Phenethyl Isothiocyanate	-0.056028368794326155	J		False	False
DB13956	DB00313	Estradiol valerate	Valproic acid	-0.05672514619883051		N	False	False
DB00313	DB00396	Valproic acid	Progesterone	-0.05672514619883051	N	G	False	False
DB13954	DB00313	Estradiol cypionate	Valproic acid	-0.05672514619883051		N	False	False
DB07594	DB08912	CCT-018159	Dabrafenib	-0.05714285714285716		L	False	False
DB05134	DB08912	Tanespimycin	Dabrafenib	-0.05714285714285716		L	False	False
DB08912	DB00353	Dabrafenib	Methylergometrine	-0.057142857142857384	L	G	False	False
DB00353	DB05266	Methylergometrine	Ibudilast	-0.057142857142857384	G	R	False	False
DB06155	DB08912	Rimonabant	Dabrafenib	-0.057142857142857384	A	L	False	False
DB06152	DB05266	Nylidrin	Ibudilast	-0.057142857142857384	C, G	R	False	False
DB00887	DB01016	Bumetanide	Glyburide	-0.05769230769230771	C, G	A	False	False
DB00508	DB00800	Triflupromazine	Fenoldopam	-0.05769230769230771	N	C	False	False
DB08175	DB00396	(2E,4E)-11-METHOXY-3,7,11-TRIMETHYLDODECA-2,4-DIENOIC ACID	Progesterone	-0.05897435897435899		G	False	False
DB01115	DB00783	Nifedipine	Estradiol	-0.06011904761904785	C	G	False	False
DB06155	DB06486	Rimonabant	Enzastaurin	-0.0625	A		False	False
DB04297	DB06486	Trichostatin A	Enzastaurin	-0.0625			False	False
DB00715	DB00925	Paroxetine	Phenoxybenzamine	-0.0625	N	C	False	False
DB06155	DB00925	Rimonabant	Phenoxybenzamine	-0.0625	A	C	False	False
DB05984	DB06486	RAF-265	Enzastaurin	-0.0625			False	False
DB00564	DB06486	Carbamazepine	Enzastaurin	-0.0625	N		False	False
DB01115	DB00280	Nifedipine	Disopyramide	-0.0625	C	C	False	False
DB00564	DB00925	Carbamazepine	Phenoxybenzamine	-0.0625	N	C	False	False
DB01118	DB00353	Amiodarone	Methylergometrine	-0.06349206349206327	C	G	False	False
DB08059	DB02010	Wortmannin	Staurosporine	-0.06391402714932126			False	False
DB06266	DB01013	Lonidamine	Clobetasol propionate	-0.06666666666666643	L		False	False
DB00850	DB06266	Perphenazine	Lonidamine	-0.06666666666666643	N	L	False	False
DB06266	DB12500	Lonidamine	Fedratinib	-0.06666666666666643	L	L	False	False
DB04599	DB00679	Aniracetam	Thioridazine	-0.06666666666666643	N	N	True	False
DB04297	DB02424	Trichostatin A	Geldanamycin	-0.06666666666666643			False	False
DB06266	DB08175	Lonidamine	(2E,4E)-11-METHOXY-3,7,11-TRIMETHYLDODECA-2,4-DIENOIC ACID	-0.06666666666666643	L		False	False
DB00887	DB01244	Bumetanide	Bepridil	-0.06666666666666665	C, G	C	True	False
DB00568	DB13345	Cinnarizine	Dihydroergocristine	-0.06666666666666665	N	C	False	False
DB01254	DB06595	Dasatinib	Midostaurin	-0.06684157921039491	L	L	False	False
DB00564	DB01016	Carbamazepine	Glyburide	-0.06818181818181834	N	A	False	False
DB00783	DB00210	Estradiol	Adapalene	-0.06845238095238093	G	D	False	False
DB02587	DB00887	Colforsin	Bumetanide	-0.06944444444444442		C, G	False	False
DB08059	DB00482	Wortmannin	Celecoxib	-0.06944444444444442		M, C, G, L	False	False
DB06155	DB06195	Rimonabant	Seliciclib	-0.07142857142857117	A		False	False
DB06195	DB00353	Seliciclib	Methylergometrine	-0.07142857142857117		G	False	False
DB08080	DB06195	Latrunculin B	Seliciclib	-0.0714285714285714			False	False
DB07594	DB06195	CCT-018159	Seliciclib	-0.0714285714285714			False	False
DB05134	DB06195	Tanespimycin	Seliciclib	-0.0714285714285714			False	False
DB02116	DB08080	Olomoucine	Latrunculin B	-0.0714285714285714			False	False
DB00482	DB00353	Celecoxib	Methylergometrine	-0.07142857142857162	M, C, G, L	G	True	False
DB06155	DB01119	Rimonabant	Diazoxide	-0.07142857142857162	A	C, V, G	False	False
DB00887	DB00353	Bumetanide	Methylergometrine	-0.07142857142857162	C, G	G	False	False
DB00353	DB01119	Methylergometrine	Diazoxide	-0.07142857142857162	G	C, V, G	False	False
DB08059	DB08896	Wortmannin	Regorafenib	-0.07196969696969702		L	False	False
DB01069	DB00925	Promethazine	Phenoxybenzamine	-0.07206937799043067	R, V, D	C	False	False
DB01115	DB01248	Nifedipine	Docetaxel	-0.07440476190476208	C	L	False	False
DB01115	DB01229	Nifedipine	Paclitaxel	-0.07440476190476208	C	L	False	False
DB07557	DB00255	3,20-Pregnanedione	Diethylstilbestrol	-0.07478632478632474		L, G	False	False
DB04149	DB01088	(R)-Rolipram	Iloprost	-0.07499999999999996		B	False	False
DB06152	DB01088	Nylidrin	Iloprost	-0.07500000000000018	C, G	B	False	False
DB00679	DB00568	Thioridazine	Cinnarizine	-0.07843137254901955	N	N	True	False
DB00675	DB01115	Tamoxifen	Nifedipine	-0.07916666666666683	L	C	False	False
DB01069	DB12093	Promethazine	Tetrahydropalmatine	-0.08041958041958042	R, V, D		False	False
DB02424	DB00783	Geldanamycin	Estradiol	-0.08095238095238089		G	False	False
DB01100	DB01118	Pimozide	Amiodarone	-0.081168831168831	N	C	False	False
DB00850	DB01244	Perphenazine	Bepridil	-0.0820512820512822	N	C	False	False
DB00850	DB01069	Perphenazine	Promethazine	-0.08225108225108224	N	R, V, D	False	False
DB06155	DB00975	Rimonabant	Dipyridamole	-0.08333333333333304	A	B	False	False
DB05984	DB00975	RAF-265	Dipyridamole	-0.08333333333333304		B	False	False
DB06266	DB00975	Lonidamine	Dipyridamole	-0.08333333333333304	L	B	False	False
DB11781	DB00975	Tosedostat	Dipyridamole	-0.08333333333333304		B	False	False
DB04447	DB00975	1,4-Dithiothreitol	Dipyridamole	-0.08333333333333304		B	False	False
DB08080	DB00975	Latrunculin B	Dipyridamole	-0.08333333333333304		B	False	False
DB04297	DB00975	Trichostatin A	Dipyridamole	-0.08333333333333304		B	False	False
DB00975	DB01119	Dipyridamole	Diazoxide	-0.08333333333333304	B	C, V, G	False	False
DB06266	DB01100	Lonidamine	Pimozide	-0.08333333333333326	L	N	False	False
DB00615	DB07557	Rifabutin	3,20-Pregnanedione	-0.08333333333333326	J		False	False
DB08073	DB00975	(2S)-1-(1H-INDOL-3-YL)-3-{[5-(3-METHYL-1H-INDAZOL-5-YL)PYRIDIN-3-YL]OXY}PROPAN-2-AMINE	Dipyridamole	-0.08333333333333326		B	False	False
DB07859	DB00975	4-(4-CHLOROPHENYL)-4-[4-(1H-PYRAZOL-4-YL)PHENYL]PIPERIDINE	Dipyridamole	-0.08333333333333326		B	False	False
DB00850	DB00715	Perphenazine	Paroxetine	-0.08333333333333326	N	N	False	False
DB07557	DB04942	3,20-Pregnanedione	Tamibarotene	-0.08333333333333326			False	False
DB01782	DB04297	Pyrazolanthrone	Trichostatin A	-0.08333333333333326			False	False
DB07557	DB01248	3,20-Pregnanedione	Docetaxel	-0.08333333333333348		L	False	False
DB07557	DB01229	3,20-Pregnanedione	Paclitaxel	-0.08333333333333348		L	False	False
DB01782	DB01229	Pyrazolanthrone	Paclitaxel	-0.08333333333333348		L	False	False
DB00353	DB06595	Methylergometrine	Midostaurin	-0.08333333333333348	G	L	False	False
DB06266	DB01248	Lonidamine	Docetaxel	-0.08333333333333348	L	L	False	False
DB11781	DB01229	Tosedostat	Paclitaxel	-0.08333333333333348		L	False	False
DB01248	DB04447	Docetaxel	1,4-Dithiothreitol	-0.08333333333333348	L		False	False
DB06155	DB01248	Rimonabant	Docetaxel	-0.08333333333333348	A	L	False	False
DB06152	DB04447	Nylidrin	1,4-Dithiothreitol	-0.08333333333333348	C, G		False	False
DB01782	DB01248	Pyrazolanthrone	Docetaxel	-0.08333333333333348		L	False	False
DB06155	DB00831	Rimonabant	Trifluoperazine	-0.08333333333333348	A	N	True	False
DB06155	DB01229	Rimonabant	Paclitaxel	-0.08333333333333348	A	L	False	False
DB06266	DB00831	Lonidamine	Trifluoperazine	-0.08333333333333348	L	N	False	False
DB06152	DB01100	Nylidrin	Pimozide	-0.08333333333333348	C, G	N	False	False
DB00564	DB08896	Carbamazepine	Regorafenib	-0.08333333333333348	N	L	False	False
DB06266	DB01229	Lonidamine	Paclitaxel	-0.08333333333333348	L	L	False	False
DB11781	DB01248	Tosedostat	Docetaxel	-0.08333333333333348		L	False	False
DB00831	DB00800	Trifluoperazine	Fenoldopam	-0.08333333333333348	N	C	False	False
DB01782	DB06155	Pyrazolanthrone	Rimonabant	-0.08333333333333348		A	False	False
DB04447	DB01229	1,4-Dithiothreitol	Paclitaxel	-0.08333333333333348		L	False	False
DB04447	DB00353	1,4-Dithiothreitol	Methylergometrine	-0.08333333333333348		G	False	False
DB02546	DB06486	Vorinostat	Enzastaurin	-0.08557692307692322	L		False	False
DB06266	DB00630	Lonidamine	Alendronic acid	-0.08571428571428585	L	M	False	False
DB11781	DB00630	Tosedostat	Alendronic acid	-0.08571428571428585		M	False	False
DB00887	DB12695	Bumetanide	Phenethyl Isothiocyanate	-0.08666666666666667	C, G		False	False
DB00353	DB00159	Methylergometrine	Icosapent	-0.0874125874125875	G		True	False
DB06155	DB00159	Rimonabant	Icosapent	-0.0874125874125875	A		False	False
DB00564	DB12695	Carbamazepine	Phenethyl Isothiocyanate	-0.08749999999999969	N		False	False
DB00280	DB00975	Disopyramide	Dipyridamole	-0.09226190476190443	C	B	False	False
DB07557	DB00396	3,20-Pregnanedione	Progesterone	-0.09285714285714275		G	False	False
DB00280	DB00568	Disopyramide	Cinnarizine	-0.09539473684210531	C	N	False	False
DB04513	DB01023	N-(6-Aminohexyl)-5-Chloro-1-Naphthalenesulfonamide	Felodipine	-0.09615384615384626		C	False	False
DB06195	DB01229	Seliciclib	Paclitaxel	-0.09706959706959695		L	False	False
DB06195	DB01248	Seliciclib	Docetaxel	-0.09706959706959695		L	False	False
DB01622	DB01239	Thioproperazine	Chlorprothixene	-0.0984848484848484	N	N	False	False
DB06266	DB08916	Lonidamine	Afatinib	-0.10000000000000009	L	L	False	False
DB00564	DB00939	Carbamazepine	Meclofenamic acid	-0.10000000000000009	N	M	False	False
DB06155	DB02546	Rimonabant	Vorinostat	-0.10000000000000009	A	L	False	False
DB06152	DB02546	Nylidrin	Vorinostat	-0.10000000000000009	C, G	L	False	False
DB08080	DB00353	Latrunculin B	Methylergometrine	-0.10000000000000009		G	False	False
DB00675	DB00353	Tamoxifen	Methylergometrine	-0.10000000000000009	L	G	False	False
DB00564	DB02546	Carbamazepine	Vorinostat	-0.10000000000000009	N	L	True	False
DB06155	DB08080	Rimonabant	Latrunculin B	-0.10000000000000009	A		False	False
DB02546	DB00353	Vorinostat	Methylergometrine	-0.10000000000000009	L	G	False	False
DB00482	DB00939	Celecoxib	Meclofenamic acid	-0.10000000000000009	M, C, G, L	M	True	False
DB06152	DB08080	Nylidrin	Latrunculin B	-0.10000000000000009	C, G		False	False
DB04297	DB08916	Trichostatin A	Afatinib	-0.10000000000000009		L	False	False
DB00615	DB04513	Rifabutin	N-(6-Aminohexyl)-5-Chloro-1-Naphthalenesulfonamide	-0.10000000000000009	J		False	False
DB00353	DB00939	Methylergometrine	Meclofenamic acid	-0.10000000000000009	G	M	True	False
DB00783	DB00353	Estradiol	Methylergometrine	-0.10317460317460325	G	G	False	False
DB00477	DB00925	Chlorpromazine	Phenoxybenzamine	-0.10437192118226624	N	C	False	False
DB01069	DB04447	Promethazine	1,4-Dithiothreitol	-0.10606060606060597	R, V, D		False	False
DB04513	DB01100	N-(6-Aminohexyl)-5-Chloro-1-Naphthalenesulfonamide	Pimozide	-0.1071428571428572		N	False	False
DB00622	DB00201	Nicardipine	Caffeine	-0.10763546798029555	C	R, V, N	False	False
DB08059	DB06595	Wortmannin	Midostaurin	-0.10833333333333339		L	False	False
DB00615	DB01645	Rifabutin	Genistein	-0.11025641025641031	J		False	False
DB01115	DB00353	Nifedipine	Methylergometrine	-0.11249999999999982	C	G	False	False
DB02424	DB00675	Geldanamycin	Tamoxifen	-0.11282051282051286		L	False	False
DB00615	DB01023	Rifabutin	Felodipine	-0.11282051282051286	J	C	False	False
DB08059	DB02546	Wortmannin	Vorinostat	-0.11388888888888893		L	True	False
DB06155	DB00555	Rimonabant	Lamotrigine	-0.11458333333333348	A	N	True	False
DB01069	DB00353	Promethazine	Methylergometrine	-0.11888111888111874	R, V, D	G	False	False
DB01254	DB02010	Dasatinib	Staurosporine	-0.11900780379041254	L		False	False
DB00615	DB00210	Rifabutin	Adapalene	-0.1212121212121211	J	D	False	False
DB01100	DB01069	Pimozide	Promethazine	-0.1227272727272728	N	R, V, D	False	False
DB01622	DB01069	Thioproperazine	Promethazine	-0.1227272727272728	N	R, V, D	False	False
DB07859	DB08756	4-(4-CHLOROPHENYL)-4-[4-(1H-PYRAZOL-4-YL)PHENYL]PIPERIDINE	Y-27632	-0.125			False	False
DB06155	DB00588	Rimonabant	Fluticasone propionate	-0.125	A		True	False
DB08059	DB00564	Wortmannin	Carbamazepine	-0.125		N	True	False
DB06152	DB08059	Nylidrin	Wortmannin	-0.125	C, G		False	False
DB04599	DB01100	Aniracetam	Pimozide	-0.125	N	N	True	False
DB00800	DB00875	Fenoldopam	Flupentixol	-0.125	C	N	False	False
DB02587	DB00564	Colforsin	Carbamazepine	-0.125		N	False	False
DB00615	DB02587	Rifabutin	Colforsin	-0.125	J		False	False
DB01092	DB01119	Ouabain	Diazoxide	-0.125	C	C, V, G	False	False
DB02587	DB00353	Colforsin	Methylergometrine	-0.125		G	False	False
DB08059	DB08916	Wortmannin	Afatinib	-0.125		L	False	False
DB08059	DB00353	Wortmannin	Methylergometrine	-0.125		G	False	False
DB00564	DB00588	Carbamazepine	Fluticasone propionate	-0.125	N		False	False
DB08073	DB08756	(2S)-1-(1H-INDOL-3-YL)-3-{[5-(3-METHYL-1H-INDAZOL-5-YL)PYRIDIN-3-YL]OXY}PROPAN-2-AMINE	Y-27632	-0.125			False	False
DB11781	DB08059	Tosedostat	Wortmannin	-0.125			False	False
DB00615	DB00159	Rifabutin	Icosapent	-0.12587412587412605	J		False	False
DB06155	DB00477	Rimonabant	Chlorpromazine	-0.12732919254658404	A	N	True	False
DB00850	DB04447	Perphenazine	1,4-Dithiothreitol	-0.12820512820512797	N		False	False
DB02424	DB04447	Geldanamycin	1,4-Dithiothreitol	-0.12820512820512797			False	False
DB00482	DB00159	Celecoxib	Icosapent	-0.13068181818181834	M, C, G, L		True	False
DB00850	DB00477	Perphenazine	Chlorpromazine	-0.13095238095238093	N	N	False	False
DB04946	DB00925	Iloperidone	Phenoxybenzamine	-0.13187799043062198	N	C	False	False
DB00622	DB00925	Nicardipine	Phenoxybenzamine	-0.1320652173913044	C	C	False	False
DB00850	DB00555	Perphenazine	Lamotrigine	-0.1321271929824559	N	N	False	False
DB00615	DB01244	Rifabutin	Bepridil	-0.1333333333333333	J	C	False	False
DB04447	DB01119	1,4-Dithiothreitol	Diazoxide	-0.1333333333333333		C, V, G	False	False
DB02116	DB01248	Olomoucine	Docetaxel	-0.13333333333333353		L	False	False
DB02116	DB01229	Olomoucine	Paclitaxel	-0.13333333333333353		L	False	False
DB01016	DB01119	Glyburide	Diazoxide	-0.13461538461538458	A	C, V, G	False	False
DB01054	DB00353	Nitrendipine	Methylergometrine	-0.13492063492063489	C	G	False	False
DB02424	DB00396	Geldanamycin	Progesterone	-0.13589743589743586		G	False	False
DB06155	DB00280	Rimonabant	Disopyramide	-0.13750000000000018	A	C	True	False
DB02424	DB06595	Geldanamycin	Midostaurin	-0.13888888888888884		L	False	False
DB08175	DB00255	(2E,4E)-11-METHOXY-3,7,11-TRIMETHYLDODECA-2,4-DIENOIC ACID	Diethylstilbestrol	-0.13888888888888906		L, G	False	False
DB00622	DB01244	Nicardipine	Bepridil	-0.1399999999999999	C	C	False	False
DB02424	DB02546	Geldanamycin	Vorinostat	-0.1416666666666666		L	False	False
DB00564	DB00568	Carbamazepine	Cinnarizine	-0.1428571428571428	N	N	False	False
DB03010	DB01229	Patupilone	Paclitaxel	-0.14349376114082002		L	False	False
DB01248	DB03010	Docetaxel	Patupilone	-0.14349376114082002	L		False	False
DB00201	DB00564	Caffeine	Carbamazepine	-0.14495798319327724	R, V, N	N	False	False
DB01115	DB01100	Nifedipine	Pimozide	-0.14583333333333326	C	N	False	False
DB01054	DB00622	Nitrendipine	Nicardipine	-0.14805194805194777	C	C	False	False
DB02424	DB00588	Geldanamycin	Fluticasone propionate	-0.14880952380952372			False	False
DB08175	DB00588	(2E,4E)-11-METHOXY-3,7,11-TRIMETHYLDODECA-2,4-DIENOIC ACID	Fluticasone propionate	-0.14880952380952372			False	False
DB06266	DB01016	Lonidamine	Glyburide	-0.1499999999999999	L	A	False	False
DB01622	DB00568	Thioproperazine	Cinnarizine	-0.1499999999999999	N	N	True	False
DB00622	DB00508	Nicardipine	Triflupromazine	-0.1499999999999999	C	N	False	False
DB01100	DB00568	Pimozide	Cinnarizine	-0.1499999999999999	N	N	False	False
DB00675	DB01118	Tamoxifen	Amiodarone	-0.1504201680672268	L	C	False	False
DB00622	DB00831	Nicardipine	Trifluoperazine	-0.15238095238095228	C	N	False	False
DB08080	DB04447	Latrunculin B	1,4-Dithiothreitol	-0.15384615384615374			False	False
DB00201	DB00975	Caffeine	Dipyridamole	-0.15476190476190466	R, V, N	B	False	False
DB06195	DB01119	Seliciclib	Diazoxide	-0.15476190476190466		C, V, G	False	False
DB01054	DB00564	Nitrendipine	Carbamazepine	-0.15714285714285703	C	N	False	False
DB13954	DB01229	Estradiol cypionate	Paclitaxel	-0.15833333333333321		L	False	False
DB13954	DB01248	Estradiol cypionate	Docetaxel	-0.15833333333333321		L	False	False
DB01205	DB00818	Flumazenil	Propofol	-0.15833333333333321	V	N	False	False
DB13956	DB01229	Estradiol valerate	Paclitaxel	-0.15833333333333321		L	False	False
DB00396	DB00975	Progesterone	Dipyridamole	-0.15833333333333321	G	B	False	False
DB13956	DB01248	Estradiol valerate	Docetaxel	-0.15833333333333321		L	False	False
DB00201	DB01244	Caffeine	Bepridil	-0.16309523809523818	R, V, N	C	False	False
DB02546	DB00313	Vorinostat	Valproic acid	-0.16349206349206358	L	N	True	False
DB00564	DB00280	Carbamazepine	Disopyramide	-0.16477272727272707	N	C	False	False
DB00850	DB04599	Perphenazine	Aniracetam	-0.16666666666666652	N	N	True	False
DB02424	DB08175	Geldanamycin	(2E,4E)-11-METHOXY-3,7,11-TRIMETHYLDODECA-2,4-DIENOIC ACID	-0.16666666666666652			False	False
DB02424	DB06152	Geldanamycin	Nylidrin	-0.16666666666666652		C, G	False	False
DB07594	DB12500	CCT-018159	Fedratinib	-0.16666666666666652		L	False	False
DB12500	DB00564	Fedratinib	Carbamazepine	-0.16666666666666652	L	N	False	False
DB08175	DB04942	(2E,4E)-11-METHOXY-3,7,11-TRIMETHYLDODECA-2,4-DIENOIC ACID	Tamibarotene	-0.16666666666666652			False	False
DB02424	DB01013	Geldanamycin	Clobetasol propionate	-0.16666666666666652			False	False
DB02424	DB08916	Geldanamycin	Afatinib	-0.16666666666666652		L	False	False
DB02424	DB06155	Geldanamycin	Rimonabant	-0.16666666666666652		A	False	False
DB05134	DB12500	Tanespimycin	Fedratinib	-0.16666666666666652		L	False	False
DB02424	DB12500	Geldanamycin	Fedratinib	-0.16666666666666652		L	False	False
DB00564	DB01013	Carbamazepine	Clobetasol propionate	-0.16666666666666652	N		False	False
DB08175	DB01013	(2E,4E)-11-METHOXY-3,7,11-TRIMETHYLDODECA-2,4-DIENOIC ACID	Clobetasol propionate	-0.16666666666666652			False	False
DB07863	DB00210	2-chloro-5-nitro-N-phenylbenzamide	Adapalene	-0.16666666666666652		D	False	False
DB06152	DB01013	Nylidrin	Clobetasol propionate	-0.16666666666666652	C, G		False	False
DB06155	DB00679	Rimonabant	Thioridazine	-0.16666666666666652	A	N	True	False
DB02424	DB00353	Geldanamycin	Methylergometrine	-0.16666666666666652		G	False	False
DB02424	DB02116	Geldanamycin	Olomoucine	-0.16666666666666652			False	False
DB08080	DB01013	Latrunculin B	Clobetasol propionate	-0.16666666666666652			False	False
DB00850	DB04513	Perphenazine	N-(6-Aminohexyl)-5-Chloro-1-Naphthalenesulfonamide	-0.16666666666666652	N		False	False
DB00615	DB08895	Rifabutin	Tofacitinib	-0.16666666666666674	J	L	False	False
DB05984	DB08073	RAF-265	(2S)-1-(1H-INDOL-3-YL)-3-{[5-(3-METHYL-1H-INDAZOL-5-YL)PYRIDIN-3-YL]OXY}PROPAN-2-AMINE	-0.16666666666666674			False	False
DB11781	DB04447	Tosedostat	1,4-Dithiothreitol	-0.16666666666666674			False	False
DB05984	DB07859	RAF-265	4-(4-CHLOROPHENYL)-4-[4-(1H-PYRAZOL-4-YL)PHENYL]PIPERIDINE	-0.16666666666666674			False	False
DB02424	DB01229	Geldanamycin	Paclitaxel	-0.16666666666666674		L	False	False
DB02424	DB01248	Geldanamycin	Docetaxel	-0.16666666666666674		L	False	False
DB06266	DB08073	Lonidamine	(2S)-1-(1H-INDOL-3-YL)-3-{[5-(3-METHYL-1H-INDAZOL-5-YL)PYRIDIN-3-YL]OXY}PROPAN-2-AMINE	-0.16666666666666674	L		False	False
DB05984	DB02116	RAF-265	Olomoucine	-0.16666666666666674			False	False
DB06266	DB07859	Lonidamine	4-(4-CHLOROPHENYL)-4-[4-(1H-PYRAZOL-4-YL)PHENYL]PIPERIDINE	-0.16666666666666674	L		False	False
DB00615	DB08877	Rifabutin	Ruxolitinib	-0.16666666666666674	J	L	False	False
DB00564	DB01205	Carbamazepine	Flumazenil	-0.16666666666666696	N	V	False	False
DB01115	DB01244	Nifedipine	Bepridil	-0.16805555555555562	C	C	False	False
DB01118	DB01388	Amiodarone	Mibefradil	-0.16955266955266968	C	C	True	False
DB07863	DB00459	2-chloro-5-nitro-N-phenylbenzamide	Acitretin	-0.17142857142857137		D	False	False
DB00679	DB01239	Thioridazine	Chlorprothixene	-0.17201426024955424	N	N	False	False
DB01088	DB00353	Iloprost	Methylergometrine	-0.17499999999999982	B	G	False	False
DB00564	DB02010	Carbamazepine	Staurosporine	-0.17788461538461542	N		False	False
DB06155	DB00715	Rimonabant	Paroxetine	-0.17857142857142838	A	N	True	False
DB01100	DB04447	Pimozide	1,4-Dithiothreitol	-0.1785714285714286	N		False	False
DB00783	DB00396	Estradiol	Progesterone	-0.17899159663865527	G	G	False	True
DB00831	DB00925	Trifluoperazine	Phenoxybenzamine	-0.1815476190476193	N	C	False	False
DB00975	DB13345	Dipyridamole	Dihydroergocristine	-0.18333333333333313	B	C	False	False
DB00675	DB01229	Tamoxifen	Paclitaxel	-0.18333333333333335	L	L	False	False
DB00675	DB01248	Tamoxifen	Docetaxel	-0.18333333333333335	L	L	False	False
DB00201	DB01023	Caffeine	Felodipine	-0.18610093610093603	R, V, N	C	False	False
DB01054	DB01244	Nitrendipine	Bepridil	-0.18655462184873928	C	C	False	False
DB00622	DB01239	Nicardipine	Chlorprothixene	-0.18951048951048954	C	N	False	False
DB01118	DB00280	Amiodarone	Disopyramide	-0.18988095238095215	C	C	False	False
DB04447	DB00568	1,4-Dithiothreitol	Cinnarizine	-0.19047619047619047		N	False	False
DB00615	DB00255	Rifabutin	Diethylstilbestrol	-0.19191919191919204	J	L, G	False	False
DB06152	DB00568	Nylidrin	Cinnarizine	-0.1923076923076925	C, G	N	False	False
DB12093	DB00477	Tetrahydropalmatine	Chlorpromazine	-0.1925465838509317		N	False	False
DB00564	DB01088	Carbamazepine	Iloprost	-0.19318181818181834	N	B	True	False
DB00201	DB00353	Caffeine	Methylergometrine	-0.19642857142857117	R, V, N	G	False	False
DB06155	DB00201	Rimonabant	Caffeine	-0.19642857142857117	A	R, V, N	False	False
DB00800	DB00555	Fenoldopam	Lamotrigine	-0.19791666666666674	C	N	False	False
DB00887	DB04447	Bumetanide	1,4-Dithiothreitol	-0.19999999999999996	C, G		False	False
DB01244	DB01119	Bepridil	Diazoxide	-0.19999999999999996	C	C, V, G	False	False
DB00482	DB00436	Celecoxib	Bendroflumethiazide	-0.19999999999999996	M, C, G, L	C, G	False	False
DB13954	DB00396	Estradiol cypionate	Progesterone	-0.19999999999999996		G	False	False
DB00615	DB13956	Rifabutin	Estradiol valerate	-0.19999999999999996	J		False	False
DB13956	DB00396	Estradiol valerate	Progesterone	-0.19999999999999996		G	False	False
DB00615	DB13954	Rifabutin	Estradiol cypionate	-0.19999999999999996	J		False	False
DB00564	DB05266	Carbamazepine	Ibudilast	-0.20000000000000018	N	R	True	False
DB08912	DB00564	Dabrafenib	Carbamazepine	-0.20000000000000018	L	N	False	False
DB00564	DB01254	Carbamazepine	Dasatinib	-0.2023411371237458	N	L	False	False
DB01239	DB00555	Chlorprothixene	Lamotrigine	-0.20380892255892236	N	N	False	False
DB06266	DB12695	Lonidamine	Phenethyl Isothiocyanate	-0.20496453900709222	L		False	False
DB00850	DB01239	Perphenazine	Chlorprothixene	-0.2056277056277056	N	N	False	False
DB00831	DB01023	Trifluoperazine	Felodipine	-0.2058029689608638	N	C	True	False
DB12093	DB00975	Tetrahydropalmatine	Dipyridamole	-0.20833333333333304		B	False	False
DB06152	DB00975	Nylidrin	Dipyridamole	-0.20833333333333304	C, G	B	False	False
DB00615	DB00831	Rifabutin	Trifluoperazine	-0.20833333333333348	J	N	False	False
DB00831	DB04447	Trifluoperazine	1,4-Dithiothreitol	-0.20833333333333348	N		False	False
DB00396	DB01013	Progesterone	Clobetasol propionate	-0.21282051282051295	G		False	False
DB06155	DB00887	Rimonabant	Bumetanide	-0.2142857142857144	A	C, G	False	False
DB01118	DB00159	Amiodarone	Icosapent	-0.2150072150072151	C		True	False
DB00622	DB00477	Nicardipine	Chlorpromazine	-0.21984126984126973	C	N	False	False
DB04513	DB01244	N-(6-Aminohexyl)-5-Chloro-1-Naphthalenesulfonamide	Bepridil	-0.22307692307692317		C	False	False
DB01622	DB00477	Thioproperazine	Chlorpromazine	-0.22428571428571442	N	N	False	False
DB01069	DB04946	Promethazine	Iloperidone	-0.2272727272727273	R, V, D	N	False	False
DB01622	DB00925	Thioproperazine	Phenoxybenzamine	-0.22916666666666674	N	C	False	False
DB01118	DB00568	Amiodarone	Cinnarizine	-0.23015873015873	C	N	True	False
DB00615	DB01118	Rifabutin	Amiodarone	-0.23015873015873	J	C	False	False
DB01622	DB00555	Thioproperazine	Lamotrigine	-0.23124999999999996	N	N	False	False
DB01100	DB01239	Pimozide	Chlorprothixene	-0.2318181818181817	N	N	False	False
DB00615	DB00313	Rifabutin	Valproic acid	-0.23232323232323226	J	N	False	False
DB05984	DB08896	RAF-265	Regorafenib	-0.2333333333333334		L	False	False
DB00615	DB01205	Rifabutin	Flumazenil	-0.2333333333333334	J	V	False	False
DB00280	DB00353	Disopyramide	Methylergometrine	-0.23749999999999982	C	G	False	False
DB00615	DB00280	Rifabutin	Disopyramide	-0.23750000000000004	J	C	False	False
DB05266	DB00975	Ibudilast	Dipyridamole	-0.2378787878787878	R	B	True	False
DB00280	DB00477	Disopyramide	Chlorpromazine	-0.2379926108374386	C	N	True	False
DB00850	DB13345	Perphenazine	Dihydroergocristine	-0.23809523809523792	N	C	False	False
DB02424	DB06195	Geldanamycin	Seliciclib	-0.23809523809523814			False	False
DB00622	DB00568	Nicardipine	Cinnarizine	-0.2384615384615385	C	N	False	False
DB01248	DB00783	Docetaxel	Estradiol	-0.23992673992673996	L	G	False	False
DB00783	DB01229	Estradiol	Paclitaxel	-0.23992673992673996	G	L	False	False
DB02424	DB08912	Geldanamycin	Dabrafenib	-0.2416666666666667		L	False	False
DB01088	DB00975	Iloprost	Dipyridamole	-0.24404761904761907	B	B	True	False
DB00831	DB00568	Trifluoperazine	Cinnarizine	-0.24509803921568651	N	N	True	False
DB00622	DB00280	Nicardipine	Disopyramide	-0.24619565217391304	C	C	False	False
DB00615	DB01782	Rifabutin	Pyrazolanthrone	-0.25	J		False	False
DB06155	DB04447	Rimonabant	1,4-Dithiothreitol	-0.25	A		False	False
DB06266	DB00353	Lonidamine	Methylergometrine	-0.25	L	G	False	False
DB00615	DB08521	Rifabutin	4-[4-(4-Fluorophenyl)-2-[4-[(R)-methylsulfinyl]phenyl]-1H-imidazol-5-yl]pyridine	-0.25	J		False	False
DB00564	DB00482	Carbamazepine	Celecoxib	-0.25	N	M, C, G, L	False	False
DB07594	DB06266	CCT-018159	Lonidamine	-0.25		L	False	False
DB04297	DB00353	Trichostatin A	Methylergometrine	-0.25		G	False	False
DB01782	DB00564	Pyrazolanthrone	Carbamazepine	-0.25		N	False	False
DB05134	DB06266	Tanespimycin	Lonidamine	-0.25		L	False	False
DB06266	DB06152	Lonidamine	Nylidrin	-0.25	L	C, G	False	False
DB08521	DB05984	4-[4-(4-Fluorophenyl)-2-[4-[(R)-methylsulfinyl]phenyl]-1H-imidazol-5-yl]pyridine	RAF-265	-0.25			False	False
DB04297	DB06152	Trichostatin A	Nylidrin	-0.25		C, G	False	False
DB00564	DB00508	Carbamazepine	Triflupromazine	-0.25	N	N	False	False
DB01782	DB06152	Pyrazolanthrone	Nylidrin	-0.25		C, G	False	False
DB00564	DB01622	Carbamazepine	Thioproperazine	-0.25	N	N	True	False
DB00887	DB00564	Bumetanide	Carbamazepine	-0.25	C, G	N	False	False
DB05984	DB04447	RAF-265	1,4-Dithiothreitol	-0.25			False	False
DB00800	DB00715	Fenoldopam	Paroxetine	-0.25	C	N	False	False
DB06155	DB01622	Rimonabant	Thioproperazine	-0.25	A	N	True	False
DB00615	DB15399	Rifabutin	BMS-754807	-0.25	J		False	False
DB06266	DB04447	Lonidamine	1,4-Dithiothreitol	-0.25	L		False	False
DB00831	DB00715	Trifluoperazine	Paroxetine	-0.2500000000000002	N	N	True	False
DB00280	DB01239	Disopyramide	Chlorprothixene	-0.2508971291866027	C	N	False	False
DB00831	DB00555	Trifluoperazine	Lamotrigine	-0.25094696969696995	N	N	False	False
DB00313	DB01118	Valproic acid	Amiodarone	-0.2509920634920635	N	C	False	False
DB00568	DB00875	Cinnarizine	Flupentixol	-0.256578947368421	N	N	True	False
DB00800	DB00477	Fenoldopam	Chlorpromazine	-0.2573891625615765	C	N	False	False
DB00508	DB00555	Triflupromazine	Lamotrigine	-0.2574404761904763	N	N	False	False
DB00210	DB04942	Adapalene	Tamibarotene	-0.25757575757575746	D		False	False
DB01069	DB00555	Promethazine	Lamotrigine	-0.2576809764309764	R, V, D	N	False	False
DB06155	DB01239	Rimonabant	Chlorprothixene	-0.25874125874125853	A	N	True	False
DB06152	DB06486	Nylidrin	Enzastaurin	-0.26249999999999996	C, G		False	False
DB00568	DB00555	Cinnarizine	Lamotrigine	-0.2627314814814814	N	N	False	False
DB01115	DB01118	Nifedipine	Amiodarone	-0.26488095238095233	C	C	True	False
DB00679	DB00555	Thioridazine	Lamotrigine	-0.26609848484848464	N	N	False	False
DB00615	DB00850	Rifabutin	Perphenazine	-0.2666666666666666	J	N	False	False
DB08059	DB06486	Wortmannin	Enzastaurin	-0.27083333333333337			False	False
DB00836	DB00564	Loperamide	Carbamazepine	-0.27142857142857113	A	N	False	False
DB00564	DB06195	Carbamazepine	Seliciclib	-0.27142857142857113	N		False	False
DB08175	DB07557	(2E,4E)-11-METHOXY-3,7,11-TRIMETHYLDODECA-2,4-DIENOIC ACID	3,20-Pregnanedione	-0.2738095238095237			False	False
DB06155	DB03010	Rimonabant	Patupilone	-0.27622377622377625	A		False	False
DB04599	DB00508	Aniracetam	Triflupromazine	-0.2777777777777777	N	N	False	False
DB06155	DB00313	Rimonabant	Valproic acid	-0.2777777777777777	A	N	True	False
DB12093	DB00555	Tetrahydropalmatine	Lamotrigine	-0.28125		N	False	False
DB00564	DB01023	Carbamazepine	Felodipine	-0.28365384615384626	N	C	False	False
DB06152	DB01118	Nylidrin	Amiodarone	-0.2857142857142856	C, G	C	True	False
DB00615	DB00887	Rifabutin	Bumetanide	-0.2857142857142858	J	C, G	False	False
DB00615	DB00482	Rifabutin	Celecoxib	-0.2857142857142858	J	M, C, G, L	False	False
DB04297	DB00482	Trichostatin A	Celecoxib	-0.2857142857142858		M, C, G, L	False	False
DB02116	DB00564	Olomoucine	Carbamazepine	-0.2857142857142858		N	False	False
DB00615	DB00436	Rifabutin	Bendroflumethiazide	-0.2857142857142858	J	C, G	False	False
DB00831	DB00477	Trifluoperazine	Chlorpromazine	-0.28835978835978837	N	N	False	False
DB06266	DB02587	Lonidamine	Colforsin	-0.29166666666666674	L		False	False
DB05984	DB08059	RAF-265	Wortmannin	-0.29166666666666674			False	False
DB01069	DB00875	Promethazine	Flupentixol	-0.29246411483253576	R, V, D	N	False	False
DB00280	DB01244	Disopyramide	Bepridil	-0.2930555555555556	C	C	False	False
DB01115	DB00622	Nifedipine	Nicardipine	-0.2951086956521738	C	C	False	False
DB00564	DB00630	Carbamazepine	Alendronic acid	-0.2999999999999998	N	M	False	False
DB05984	DB00564	RAF-265	Carbamazepine	-0.2999999999999998		N	False	False
DB04297	DB00564	Trichostatin A	Carbamazepine	-0.2999999999999998		N	False	False
DB00675	DB00396	Tamoxifen	Progesterone	-0.2999999999999998	L	G	False	False
DB08521	DB08080	4-[4-(4-Fluorophenyl)-2-[4-[(R)-methylsulfinyl]phenyl]-1H-imidazol-5-yl]pyridine	Latrunculin B	-0.30000000000000004			False	False
DB06155	DB04946	Rimonabant	Iloperidone	-0.3041958041958044	A	N	True	False
DB01069	DB00715	Promethazine	Paroxetine	-0.30533596837944654	R, V, D	N	False	False
DB00564	DB06595	Carbamazepine	Midostaurin	-0.3055555555555558	N	L	False	False
DB00615	DB01254	Rifabutin	Dasatinib	-0.30695652173913035	J	L	False	False
DB00568	DB12093	Cinnarizine	Tetrahydropalmatine	-0.3076923076923077	N		False	False
DB00850	DB00568	Perphenazine	Cinnarizine	-0.3095238095238093	N	N	False	False
DB00831	DB01069	Trifluoperazine	Promethazine	-0.31194295900178237	N	R, V, D	False	False
DB01622	DB00715	Thioproperazine	Paroxetine	-0.3125	N	N	True	False
DB00615	DB01115	Rifabutin	Nifedipine	-0.3125	J	C	False	False
DB00925	DB13345	Phenoxybenzamine	Dihydroergocristine	-0.3125	C	C	False	False
DB00675	DB00783	Tamoxifen	Estradiol	-0.3142857142857143	L	G	False	False
DB00615	DB02546	Rifabutin	Vorinostat	-0.3142857142857143	J	L	False	False
DB00477	DB13345	Chlorpromazine	Dihydroergocristine	-0.3142857142857145	N	C	False	False
DB00564	DB00159	Carbamazepine	Icosapent	-0.31818181818181834	N		False	False
DB00800	DB04946	Fenoldopam	Iloperidone	-0.319377990430622	C	N	False	False
DB01645	DB00396	Genistein	Progesterone	-0.320401337792642		G	False	False
DB00831	DB01244	Trifluoperazine	Bepridil	-0.3208333333333333	N	C	True	False
DB12093	DB00715	Tetrahydropalmatine	Paroxetine	-0.3214285714285714		N	True	False
DB07557	DB00459	3,20-Pregnanedione	Acitretin	-0.3214285714285714		D	False	False
DB00850	DB04946	Perphenazine	Iloperidone	-0.32251082251082264	N	N	True	False
DB06155	DB00875	Rimonabant	Flupentixol	-0.32499999999999996	A	N	True	False
DB00615	DB00975	Rifabutin	Dipyridamole	-0.33333333333333304	J	B	False	False
DB06152	DB08877	Nylidrin	Ruxolitinib	-0.33333333333333326	C, G	L	False	False
DB04599	DB00353	Aniracetam	Methylergometrine	-0.33333333333333326	N	G	False	False
DB08073	DB00353	(2S)-1-(1H-INDOL-3-YL)-3-{[5-(3-METHYL-1H-INDAZOL-5-YL)PYRIDIN-3-YL]OXY}PROPAN-2-AMINE	Methylergometrine	-0.33333333333333326		G	False	False
DB06152	DB08895	Nylidrin	Tofacitinib	-0.33333333333333326	C, G	L	False	False
DB00615	DB07859	Rifabutin	4-(4-CHLOROPHENYL)-4-[4-(1H-PYRAZOL-4-YL)PHENYL]PIPERIDINE	-0.33333333333333326	J		False	False
DB04513	DB00564	N-(6-Aminohexyl)-5-Chloro-1-Naphthalenesulfonamide	Carbamazepine	-0.33333333333333326		N	False	False
DB08175	DB00210	(2E,4E)-11-METHOXY-3,7,11-TRIMETHYLDODECA-2,4-DIENOIC ACID	Adapalene	-0.33333333333333326		D	False	False
DB00615	DB08073	Rifabutin	(2S)-1-(1H-INDOL-3-YL)-3-{[5-(3-METHYL-1H-INDAZOL-5-YL)PYRIDIN-3-YL]OXY}PROPAN-2-AMINE	-0.33333333333333326	J		False	False
DB07859	DB00353	4-(4-CHLOROPHENYL)-4-[4-(1H-PYRAZOL-4-YL)PHENYL]PIPERIDINE	Methylergometrine	-0.33333333333333326		G	False	False
DB08896	DB06595	Regorafenib	Midostaurin	-0.33333333333333337	L	L	False	False
DB00353	DB01229	Methylergometrine	Paclitaxel	-0.3333333333333335	G	L	False	False
DB04513	DB00831	N-(6-Aminohexyl)-5-Chloro-1-Naphthalenesulfonamide	Trifluoperazine	-0.3333333333333335		N	False	False
DB06155	DB13345	Rimonabant	Dihydroergocristine	-0.3333333333333335	A	C	False	False
DB01248	DB00353	Docetaxel	Methylergometrine	-0.3333333333333335	L	G	False	False
DB00615	DB08896	Rifabutin	Regorafenib	-0.3333333333333335	J	L	False	False
DB08175	DB00459	(2E,4E)-11-METHOXY-3,7,11-TRIMETHYLDODECA-2,4-DIENOIC ACID	Acitretin	-0.3380952380952381		D	False	False
DB00568	DB00477	Cinnarizine	Chlorpromazine	-0.3392857142857144	N	N	False	False
DB07557	DB00210	3,20-Pregnanedione	Adapalene	-0.33974358974358965		D	False	False
DB01254	DB08896	Dasatinib	Regorafenib	-0.34102156238953707	L	L	False	False
DB01100	DB04946	Pimozide	Iloperidone	-0.343939393939394	N	N	False	False
DB00564	DB01069	Carbamazepine	Promethazine	-0.3441558441558439	N	R, V, D	False	False
DB01100	DB00477	Pimozide	Chlorpromazine	-0.3442857142857143	N	N	False	False
DB00353	DB00477	Methylergometrine	Chlorpromazine	-0.34472049689441	G	N	False	False
DB00679	DB00800	Thioridazine	Fenoldopam	-0.3452380952380951	N	C	False	False
DB01239	DB13345	Chlorprothixene	Dihydroergocristine	-0.3484848484848484	N	C	False	False
DB00615	DB02010	Rifabutin	Staurosporine	-0.3487179487179488	J		False	False
DB00564	DB00396	Carbamazepine	Progesterone	-0.3538461538461539	N	G	False	False
DB01100	DB00280	Pimozide	Disopyramide	-0.35416666666666674	N	C	True	False
DB12500	DB06595	Fedratinib	Midostaurin	-0.36111111111111116	L	L	False	False
DB00615	DB06486	Rifabutin	Enzastaurin	-0.36250000000000004	J		False	False
DB01069	DB00568	Promethazine	Cinnarizine	-0.36363636363636354	R, V, D	N	True	False
DB01239	DB00568	Chlorprothixene	Cinnarizine	-0.36363636363636354	N	N	True	False
DB04946	DB00568	Iloperidone	Cinnarizine	-0.36363636363636376	N	N	True	False
DB00875	DB00555	Flupentixol	Lamotrigine	-0.36458333333333326	N	N	False	False
DB06152	DB12500	Nylidrin	Fedratinib	-0.3666666666666665	C, G	L	False	False
DB00615	DB00396	Rifabutin	Progesterone	-0.3666666666666667	J	G	False	False
DB01100	DB01622	Pimozide	Thioproperazine	-0.375	N	N	True	False
DB00564	DB01119	Carbamazepine	Diazoxide	-0.375	N	C, V, G	False	False
DB00564	DB01244	Carbamazepine	Bepridil	-0.3769230769230767	N	C	False	False
DB00831	DB00508	Trifluoperazine	Triflupromazine	-0.3787878787878789	N	N	False	False
DB00615	DB00783	Rifabutin	Estradiol	-0.38095238095238115	J	G	False	False
DB01100	DB00831	Pimozide	Trifluoperazine	-0.3833333333333335	N	N	True	False
DB00831	DB04946	Trifluoperazine	Iloperidone	-0.3841354723707664	N	N	False	False
DB00564	DB01118	Carbamazepine	Amiodarone	-0.3857142857142857	N	C	False	False
DB00564	DB00555	Carbamazepine	Lamotrigine	-0.38651315789473695	N	N	False	False
DB01100	DB00564	Pimozide	Carbamazepine	-0.3928571428571428	N	N	False	False
DB07863	DB07557	2-chloro-5-nitro-N-phenylbenzamide	3,20-Pregnanedione	-0.3928571428571429			False	False
DB00675	DB01645	Tamoxifen	Genistein	-0.3943143812709028	L		False	False
DB00313	DB00159	Valproic acid	Icosapent	-0.39595959595959607	N		False	False
DB00508	DB00280	Triflupromazine	Disopyramide	-0.39903846153846145	N	C	False	False
DB06155	DB00564	Rimonabant	Carbamazepine	-0.3999999999999999	A	N	True	False
DB00482	DB01119	Celecoxib	Diazoxide	-0.3999999999999999	M, C, G, L	C, V, G	False	False
DB04297	DB08080	Trichostatin A	Latrunculin B	-0.3999999999999999			False	False
DB06152	DB00564	Nylidrin	Carbamazepine	-0.3999999999999999	C, G	N	False	False
DB01092	DB06155	Ouabain	Rimonabant	-0.3999999999999999	C	A	False	False
DB00459	DB04942	Acitretin	Tamibarotene	-0.40476190476190477	D		False	False
DB00508	DB00477	Triflupromazine	Chlorpromazine	-0.4065934065934067	N	N	False	False
DB01100	DB01244	Pimozide	Bepridil	-0.40714285714285725	N	C	False	False
DB00396	DB00255	Progesterone	Diethylstilbestrol	-0.41345029239766085	G	L, G	False	False
DB00679	DB00715	Thioridazine	Paroxetine	-0.4166666666666665	N	N	False	False
DB00615	DB01100	Rifabutin	Pimozide	-0.41666666666666674	J	N	False	False
DB06155	DB01100	Rimonabant	Pimozide	-0.41666666666666674	A	N	True	False
DB00615	DB04447	Rifabutin	1,4-Dithiothreitol	-0.41666666666666674	J		False	False
DB06266	DB00887	Lonidamine	Bumetanide	-0.4285714285714286	L	C, G	False	False
DB00615	DB00675	Rifabutin	Tamoxifen	-0.43333333333333335	J	L	False	False
DB00831	DB13345	Trifluoperazine	Dihydroergocristine	-0.43333333333333357	N	C	True	False
DB00477	DB00555	Chlorpromazine	Lamotrigine	-0.44148166023166047	N	N	False	False
DB00508	DB13345	Triflupromazine	Dihydroergocristine	-0.4444444444444444	N	C	False	False
DB00850	DB00679	Perphenazine	Thioridazine	-0.4444444444444444	N	N	False	False
DB00831	DB00564	Trifluoperazine	Carbamazepine	-0.44444444444444464	N	N	False	False
DB00568	DB00715	Cinnarizine	Paroxetine	-0.44565217391304346	N	N	False	False
DB00675	DB13956	Tamoxifen	Estradiol valerate	-0.44999999999999984	L		False	False
DB00675	DB13954	Tamoxifen	Estradiol cypionate	-0.44999999999999984	L		False	False
DB00800	DB00353	Fenoldopam	Methylergometrine	-0.44999999999999996	C	G	False	False
DB00564	DB00818	Carbamazepine	Propofol	-0.4500000000000002	N	N	False	False
DB01239	DB12093	Chlorprothixene	Tetrahydropalmatine	-0.4510489510489508	N		False	False
DB00679	DB00477	Thioridazine	Chlorpromazine	-0.455026455026455	N	N	False	False
DB00783	DB00255	Estradiol	Diethylstilbestrol	-0.45734126984126977	G	L, G	False	False
DB00353	DB00975	Methylergometrine	Dipyridamole	-0.45833333333333304	G	B	False	False
DB06155	DB02587	Rimonabant	Colforsin	-0.45833333333333326	A		False	False
DB00615	DB00588	Rifabutin	Fluticasone propionate	-0.45833333333333326	J		False	False
DB01100	DB00875	Pimozide	Flupentixol	-0.45833333333333337	N	N	True	False
DB00831	DB00875	Trifluoperazine	Flupentixol	-0.4583333333333335	N	N	False	False
DB00615	DB01229	Rifabutin	Paclitaxel	-0.4583333333333335	J	L	False	False
DB05984	DB06595	RAF-265	Midostaurin	-0.4583333333333335		L	False	False
DB00615	DB06595	Rifabutin	Midostaurin	-0.4583333333333335	J	L	False	False
DB00831	DB00353	Trifluoperazine	Methylergometrine	-0.4583333333333335	N	G	True	False
DB00615	DB01248	Rifabutin	Docetaxel	-0.4583333333333335	J	L	False	False
DB00615	DB06195	Rifabutin	Seliciclib	-0.46031746031746024	J		False	False
DB06266	DB02424	Lonidamine	Geldanamycin	-0.46666666666666656	L		False	False
DB00615	DB01013	Rifabutin	Clobetasol propionate	-0.46666666666666656	J		False	False
DB00615	DB08175	Rifabutin	(2E,4E)-11-METHOXY-3,7,11-TRIMETHYLDODECA-2,4-DIENOIC ACID	-0.46666666666666656	J		False	False
DB00615	DB12500	Rifabutin	Fedratinib	-0.46666666666666656	J	L	False	False
DB00396	DB00588	Progesterone	Fluticasone propionate	-0.46785714285714286	G		False	False
DB00564	DB00459	Carbamazepine	Acitretin	-0.4714285714285711	N	D	False	False
DB00850	DB00875	Perphenazine	Flupentixol	-0.4734848484848483	N	N	False	False
DB00508	DB04946	Triflupromazine	Iloperidone	-0.4772727272727273	N	N	False	False
DB01205	DB00794	Flumazenil	Primidone	-0.47948717948717956	V	N	False	False
DB04149	DB05266	(R)-Rolipram	Ibudilast	-0.48571428571428565		R	False	False
DB01069	DB00477	Promethazine	Chlorpromazine	-0.4870129870129869	R, V, D	N	False	False
DB01069	DB00280	Promethazine	Disopyramide	-0.49970095693779903	R, V, D	C	False	False
DB00850	DB00564	Perphenazine	Carbamazepine	-0.4999999999999998	N	N	False	False
DB00564	DB00210	Carbamazepine	Adapalene	-0.4999999999999998	N	D	False	False
DB08175	DB07863	(2E,4E)-11-METHOXY-3,7,11-TRIMETHYLDODECA-2,4-DIENOIC ACID	2-chloro-5-nitro-N-phenylbenzamide	-0.4999999999999999			False	False
DB00615	DB08916	Rifabutin	Afatinib	-0.5	J	L	False	False
DB00564	DB04447	Carbamazepine	1,4-Dithiothreitol	-0.5	N		False	False
DB06266	DB11781	Lonidamine	Tosedostat	-0.5	L		False	False
DB00564	DB13345	Carbamazepine	Dihydroergocristine	-0.5	N	C	False	False
DB05984	DB06155	RAF-265	Rimonabant	-0.5		A	False	False
DB08080	DB00564	Latrunculin B	Carbamazepine	-0.5		N	False	False
DB00615	DB04297	Rifabutin	Trichostatin A	-0.5	J		False	False
DB00564	DB12093	Carbamazepine	Tetrahydropalmatine	-0.5	N		False	False
DB04599	DB06155	Aniracetam	Rimonabant	-0.5	N	A	True	False
DB00615	DB02116	Rifabutin	Olomoucine	-0.5	J		False	False
DB11781	DB00564	Tosedostat	Carbamazepine	-0.5		N	False	False
DB07863	DB00564	2-chloro-5-nitro-N-phenylbenzamide	Carbamazepine	-0.5		N	False	False
DB00615	DB06155	Rifabutin	Rimonabant	-0.5	J	A	False	False
DB00615	DB06152	Rifabutin	Nylidrin	-0.5	J	C, G	False	False
DB06266	DB06155	Lonidamine	Rimonabant	-0.5	L	A	False	False
DB05134	DB05984	Tanespimycin	RAF-265	-0.5			False	False
DB00615	DB00353	Rifabutin	Methylergometrine	-0.5	J	G	False	False
DB05984	DB06152	RAF-265	Nylidrin	-0.5		C, G	False	False
DB07594	DB05984	CCT-018159	RAF-265	-0.5			False	False
DB06266	DB00564	Lonidamine	Carbamazepine	-0.5	L	N	False	False
DB05984	DB00353	RAF-265	Methylergometrine	-0.5		G	False	False
DB04599	DB12093	Aniracetam	Tetrahydropalmatine	-0.5	N		True	False
DB00477	DB00875	Chlorpromazine	Flupentixol	-0.5116995073891627	N	N	True	False
DB02116	DB06195	Olomoucine	Seliciclib	-0.525974025974026			False	False
DB01100	DB00508	Pimozide	Triflupromazine	-0.5277777777777777	N	N	False	False
DB00564	DB00794	Carbamazepine	Primidone	-0.5307692307692307	N	N	False	False
DB00555	DB13345	Lamotrigine	Dihydroergocristine	-0.53125	N	C	False	False
DB01388	DB01023	Mibefradil	Felodipine	-0.5355477855477855	C	C	False	False
DB07557	DB00564	3,20-Pregnanedione	Carbamazepine	-0.5357142857142858		N	False	False
DB13956	DB01645	Estradiol valerate	Genistein	-0.5377926421404682			False	False
DB13954	DB01645	Estradiol cypionate	Genistein	-0.5377926421404682			False	False
DB01645	DB00783	Genistein	Estradiol	-0.5412087912087911		G	False	False
DB01622	DB04946	Thioproperazine	Iloperidone	-0.543939393939394	N	N	False	False
DB04946	DB01239	Iloperidone	Chlorprothixene	-0.5454545454545455	N	N	False	False
DB04946	DB00555	Iloperidone	Lamotrigine	-0.5455597643097644	N	N	False	False
DB01239	DB00477	Chlorprothixene	Chlorpromazine	-0.5523538961038961	N	N	False	False
DB00393	DB01023	Nimodipine	Felodipine	-0.5526755852842811	C	C	False	False
DB00615	DB08912	Rifabutin	Dabrafenib	-0.5571428571428572	J	L	False	False
DB05984	DB08912	RAF-265	Dabrafenib	-0.5571428571428572		L	False	False
DB00353	DB00555	Methylergometrine	Lamotrigine	-0.5590277777777777	G	N	False	False
DB01239	DB00715	Chlorprothixene	Paroxetine	-0.5622529644268773	N	N	True	False
DB00508	DB00568	Triflupromazine	Cinnarizine	-0.5625	N	N	False	False
DB00850	DB06155	Perphenazine	Rimonabant	-0.5666666666666664	N	A	True	False
DB01239	DB00875	Chlorprothixene	Flupentixol	-0.5699760765550238	N	N	False	False
DB00679	DB04946	Thioridazine	Iloperidone	-0.5704099821746882	N	N	False	False
DB04946	DB12093	Iloperidone	Tetrahydropalmatine	-0.5734265734265735	N		True	False
DB00508	DB00679	Triflupromazine	Thioridazine	-0.5757575757575757	N	N	False	False
DB00564	DB01645	Carbamazepine	Genistein	-0.5769230769230766	N		False	False
DB00353	DB00568	Methylergometrine	Cinnarizine	-0.5769230769230769	G	N	False	False
DB00622	DB01023	Nicardipine	Felodipine	-0.5818681318681317	C	C	False	False
DB00564	DB00975	Carbamazepine	Dipyridamole	-0.583333333333333	N	B	True	False
DB01100	DB00353	Pimozide	Methylergometrine	-0.5833333333333333	N	G	False	False
DB01622	DB00800	Thioproperazine	Fenoldopam	-0.5833333333333334	N	C	False	False
DB00831	DB00679	Trifluoperazine	Thioridazine	-0.5833333333333334	N	N	False	False
DB00831	DB12093	Trifluoperazine	Tetrahydropalmatine	-0.5833333333333335	N		True	False
DB01069	DB00508	Promethazine	Triflupromazine	-0.5852272727272727	R, V, D	N	False	False
DB01115	DB00564	Nifedipine	Carbamazepine	-0.5852272727272727	C	N	False	False
DB12500	DB08895	Fedratinib	Tofacitinib	-0.5952380952380951	L	L	False	False
DB12500	DB08877	Fedratinib	Ruxolitinib	-0.5952380952380951	L	L	False	False
DB00568	DB01023	Cinnarizine	Felodipine	-0.5961538461538463	N	C	False	False
DB05134	DB00564	Tanespimycin	Carbamazepine	-0.6000000000000001		N	False	False
DB07594	DB00564	CCT-018159	Carbamazepine	-0.6000000000000001		N	False	False
DB00393	DB00568	Nimodipine	Cinnarizine	-0.6071428571428572	C	N	False	False
DB00850	DB00831	Perphenazine	Trifluoperazine	-0.6111111111111112	N	N	True	False
DB01100	DB00679	Pimozide	Thioridazine	-0.6166666666666665	N	N	False	False
DB01115	DB00393	Nifedipine	Nimodipine	-0.6180555555555556	C	C	False	False
DB13954	DB00255	Estradiol cypionate	Diethylstilbestrol	-0.6239766081871345		L, G	False	False
DB13956	DB00255	Estradiol valerate	Diethylstilbestrol	-0.6239766081871345		L, G	False	False
DB00715	DB00875	Paroxetine	Flupentixol	-0.625	N	N	True	False
DB00675	DB00564	Tamoxifen	Carbamazepine	-0.6384615384615386	L	N	False	False
DB00564	DB00255	Carbamazepine	Diethylstilbestrol	-0.6388888888888886	N	L, G	False	False
DB01622	DB00508	Thioproperazine	Triflupromazine	-0.6388888888888888	N	N	False	False
DB01239	DB00353	Chlorprothixene	Methylergometrine	-0.6433566433566431	N	G	False	False
DB00477	DB00715	Chlorpromazine	Paroxetine	-0.6461038961038962	N	N	False	False
DB01088	DB05266	Iloprost	Ibudilast	-0.6519230769230768	B	R	False	False
DB01115	DB01023	Nifedipine	Felodipine	-0.6586538461538463	C	C	False	False
DB01054	DB00393	Nitrendipine	Nimodipine	-0.6659663865546219	C	C	False	False
DB02424	DB00564	Geldanamycin	Carbamazepine	-0.6666666666666665		N	False	False
DB05984	DB02424	RAF-265	Geldanamycin	-0.6666666666666665			False	False
DB08175	DB00564	(2E,4E)-11-METHOXY-3,7,11-TRIMETHYLDODECA-2,4-DIENOIC ACID	Carbamazepine	-0.6666666666666665		N	False	False
DB12093	DB13345	Tetrahydropalmatine	Dihydroergocristine	-0.6666666666666667		C	False	False
DB00715	DB00555	Paroxetine	Lamotrigine	-0.6741071428571429	N	N	True	False
DB00675	DB00255	Tamoxifen	Diethylstilbestrol	-0.6818713450292397	L	L, G	False	False
DB00831	DB01622	Trifluoperazine	Thioproperazine	-0.6833333333333335	N	N	False	False
DB04946	DB00353	Iloperidone	Methylergometrine	-0.688811188811189	N	G	False	False
DB00508	DB00715	Triflupromazine	Paroxetine	-0.6911764705882353	N	N	True	False
DB00850	DB01622	Perphenazine	Thioproperazine	-0.7023809523809522	N	N	True	False
DB01622	DB00875	Thioproperazine	Flupentixol	-0.7083333333333334	N	N	False	False
DB00875	DB13345	Flupentixol	Dihydroergocristine	-0.7083333333333334	N	C	True	False
DB00588	DB01013	Fluticasone propionate	Clobetasol propionate	-0.7202380952380951			True	False
DB00679	DB00875	Thioridazine	Flupentixol	-0.7202380952380951	N	N	True	False
DB04946	DB00875	Iloperidone	Flupentixol	-0.7206937799043063	N	N	True	False
DB01645	DB00255	Genistein	Diethylstilbestrol	-0.7233877233877233		L, G	False	False
DB12093	DB00875	Tetrahydropalmatine	Flupentixol	-0.725		N	False	False
DB00459	DB00210	Acitretin	Adapalene	-0.7380952380952381	D	D	False	False
DB04297	DB02546	Trichostatin A	Vorinostat	-0.742857142857143		L	False	False
DB01054	DB00568	Nitrendipine	Cinnarizine	-0.746031746031746	C	N	False	False
DB00615	DB06266	Rifabutin	Lonidamine	-0.75	J	L	False	False
DB05134	DB00615	Tanespimycin	Rifabutin	-0.75		J	False	False
DB06155	DB00353	Rimonabant	Methylergometrine	-0.75	A	G	False	False
DB00800	DB13345	Fenoldopam	Dihydroergocristine	-0.75	C	C	False	False
DB00615	DB07594	Rifabutin	CCT-018159	-0.75	J		False	False
DB00679	DB13345	Thioridazine	Dihydroergocristine	-0.7666666666666665	N	C	True	False
DB07594	DB02424	CCT-018159	Geldanamycin	-0.7666666666666665			False	False
DB05134	DB02424	Tanespimycin	Geldanamycin	-0.7666666666666665			False	False
DB00564	DB00313	Carbamazepine	Valproic acid	-0.7777777777777777	N	N	False	False
DB00564	DB01248	Carbamazepine	Docetaxel	-0.7777777777777779	N	L	False	False
DB00564	DB01229	Carbamazepine	Paclitaxel	-0.7777777777777779	N	L	False	False
DB00622	DB01069	Nicardipine	Promethazine	-0.7804195804195804	C	R, V, D	False	False
DB04946	DB00715	Iloperidone	Paroxetine	-0.7816205533596838	N	N	False	False
DB06155	DB00508	Rimonabant	Triflupromazine	-0.7857142857142858	A	N	True	False
DB00679	DB12093	Thioridazine	Tetrahydropalmatine	-0.7916666666666665	N		True	False
DB00850	DB00508	Perphenazine	Triflupromazine	-0.7916666666666665	N	N	False	False
DB04946	DB13345	Iloperidone	Dihydroergocristine	-0.793939393939394	N	C	True	False
DB01115	DB01388	Nifedipine	Mibefradil	-0.7957535885167464	C	C	False	False
DB01054	DB01115	Nitrendipine	Nifedipine	-0.8029761904761905	C	C	False	False
DB00715	DB13345	Paroxetine	Dihydroergocristine	-0.8125	N	C	False	False
DB00800	DB00925	Fenoldopam	Phenoxybenzamine	-0.8125	C	C	False	False
DB01115	DB00568	Nifedipine	Cinnarizine	-0.8125	C	N	False	False
DB04946	DB00477	Iloperidone	Chlorpromazine	-0.8165584415584415	N	N	False	False
DB01069	DB01239	Promethazine	Chlorprothixene	-0.8181818181818182	R, V, D	N	False	False
DB01244	DB01023	Bepridil	Felodipine	-0.8200668896321069	C	C	False	False
DB00353	DB00715	Methylergometrine	Paroxetine	-0.8214285714285714	G	N	False	False
DB00353	DB00875	Methylergometrine	Flupentixol	-0.825	G	N	True	False
DB00850	DB01100	Perphenazine	Pimozide	-0.8452380952380951	N	N	False	False
DB01054	DB01388	Nitrendipine	Mibefradil	-0.8520923520923519	C	C	False	False
DB00508	DB01239	Triflupromazine	Chlorprothixene	-0.8693181818181817	N	N	False	False
DB01622	DB13345	Thioproperazine	Dihydroergocristine	-0.875	N	C	True	False
DB00615	DB00564	Rifabutin	Carbamazepine	-0.8999999999999999	J	N	False	False
DB00679	DB00353	Thioridazine	Methylergometrine	-0.9166666666666665	N	G	True	False
DB01100	DB12093	Pimozide	Tetrahydropalmatine	-0.9166666666666666	N		True	False
DB01622	DB00353	Thioproperazine	Methylergometrine	-0.9166666666666667	N	G	True	False
DB00508	DB00875	Triflupromazine	Flupentixol	-0.9326923076923077	N	N	False	False
DB00850	DB00353	Perphenazine	Methylergometrine	-0.9666666666666666	N	G	False	False
DB06155	DB12093	Rimonabant	Tetrahydropalmatine	-1.0	A		True	False
DB05134	DB07594	Tanespimycin	CCT-018159	-1.0			False	False
DB00615	DB05984	Rifabutin	RAF-265	-1.0	J		False	False
DB07841	DB07780	Geranylgeranyl diphosphate	Farnesyl diphosphate	-1.0			True	False
DB07859	DB08073	4-(4-CHLOROPHENYL)-4-[4-(1H-PYRAZOL-4-YL)PHENYL]PIPERIDINE	(2S)-1-(1H-INDOL-3-YL)-3-{[5-(3-METHYL-1H-INDAZOL-5-YL)PYRIDIN-3-YL]OXY}PROPAN-2-AMINE	-1.0			False	False
DB00564	DB00353	Carbamazepine	Methylergometrine	-1.0	N	G	False	False
DB08877	DB08895	Ruxolitinib	Tofacitinib	-1.0	L	L	False	False
DB13954	DB00564	Estradiol cypionate	Carbamazepine	-1.0461538461538464		N	False	False
DB13956	DB00564	Estradiol valerate	Carbamazepine	-1.0461538461538464		N	False	False
DB00393	DB01388	Nimodipine	Mibefradil	-1.0465367965367967	C	C	False	False
DB01622	DB12093	Thioproperazine	Tetrahydropalmatine	-1.0833333333333335	N		True	False
DB01054	DB01023	Nitrendipine	Felodipine	-1.1032967032967034	C	C	False	False
DB01622	DB00679	Thioproperazine	Thioridazine	-1.1166666666666665	N	N	False	False
DB13954	DB00783	Estradiol cypionate	Estradiol	-1.1201680672268906		G	False	False
DB13956	DB00783	Estradiol valerate	Estradiol	-1.1201680672268906		G	False	False
DB01388	DB00568	Mibefradil	Cinnarizine	-1.1363636363636362	C	N	False	False
DB00508	DB12093	Triflupromazine	Tetrahydropalmatine	-1.1428571428571428	N		False	False
DB00353	DB13345	Methylergometrine	Dihydroergocristine	-1.1666666666666667	G	C	False	False
DB00436	DB01119	Bendroflumethiazide	Diazoxide	-1.2	C, G	C, V, G	False	False
DB00564	DB00783	Carbamazepine	Estradiol	-1.2142857142857144	N	G	False	False
DB13956	DB13954	Estradiol valerate	Estradiol cypionate	-1.4			False	False
DB00615	DB02424	Rifabutin	Geldanamycin	-1.4666666666666666	J		False	False
DB00850	DB12093	Perphenazine	Tetrahydropalmatine	-1.4666666666666666	N		True	False
DB00353	DB12093	Methylergometrine	Tetrahydropalmatine	-1.5	G		False	False
DB00508	DB00353	Triflupromazine	Methylergometrine	-1.6428571428571428	N	G	False	False
DB01248	DB01229	Docetaxel	Paclitaxel	-1.6666666666666667	L	L	False	False
