GO_ID	Name	Gene Count	Gene Ratio	Fold Enrichment	p-value	FDR	-log10 FDR	FWER	Associated Genes
HP:0012263	Immotile cilia	11	0.004242190512919399	6.7219140288943615	7.542634696041798e-09	3.7124920152240175e-07	6.430334471748234	7.759108311818197e-05	RSPH1, RSPH3, TTC12, DNAAF5, DNAAF4, RSPH4A, CFAP298, CFAP300, DNAAF3, DNAAF1, DNAI1
HP:0032559	Short sperm flagella	25	0.009641342074816815	5.3676217675446365	1.1400159068897373e-14	1.3961123374017533e-12	11.855079635043223	1.1727343634174728e-10	CFAP44, CFAP54, DNAH1, DRC1, CFAP74, CCDC146, CFAP47, TTC21A, IFT74, STK33, BRWD1, DNAH2, LRRC23, WDR19, CFAP70, CFAP69, DNAH10, DNAH7, CFAP65, DNHD1, DZIP1, CFAP61, AK7, CFAP43, TTC29
HP:0032558	Absent sperm flagella	22	0.008484381025838797	5.296053477310709	6.991045032003857e-13	5.2113681336393967e-11	10.283048246971195	7.1916880244223676e-09	CFAP44, CFAP54, DNAH1, DRC1, CCDC146, CFAP47, TTC21A, ARMC2, STK33, BRWD1, DNAH2, LRRC23, WDR19, DNAH10, CFAP65, SPEF2, DNHD1, DZIP1, CFAP61, AK7, CFAP43, TTC29
HP:0033036	Decreased nasal nitric oxide	19	0.007327419976860779	5.204742210460524	4.238363792469108e-11	2.6913610082178835e-09	8.57002804383368	4.3600048333129713e-07	RSPH1, DRC1, CFAP74, RSPH9, DNAAF5, NEK10, RSPH3, DNAJB13, CFAP298, WDR19, SPAG1, DNAH9, CFAP300, DNAH11, DNAH5, CFAP45, RSPH4A, BRWD1, CFAP52
HP:0000090	Nephronophthisis	24	0.009255688391824142	5.152916896842851	1.5492584723613217e-13	1.2648588813635648e-11	10.897957925447711	1.5937221905180915e-09	INVS, NPHP4, CEP83, DCDC2, MAPKBP1, IFT80, NPHP3, SDCCAG8, WDR19, AHI1, TRIP11, IFT43, NPHP1, IFT172, DYNC2H1, DYNC2LI1, TMEM67, IFT140, TRAF3IP1, KIAA0753, RPGRIP1L, CEP41, TTC21B, CEP290
HP:0032560	Coiled sperm flagella	23	0.00887003470883147	4.938212026141066	1.877521316180917e-12	1.3601451957431756e-10	9.86641472814138	1.9314061779553094e-08	CFAP44, CFAP54, DNAH1, DRC1, CFAP74, CCDC146, CFAP47, TTC21A, ARMC2, STK33, DNAH2, LRRC23, WDR19, CFAP69, DNAH10, DNAH7, CFAP65, SPEF2, DNHD1, CFAP61, AK7, CFAP43, TTC29
HP:0033393	Irregularly shaped sperm tail	11	0.004242190512919399	4.854715687534816	1.674938497919138e-06	5.811132075091329e-05	4.235739253827872	0.017230092328094172	DNHD1, CFAP54, STK33, DNAH1, CFAP61, DNAH10, CFAP47, WDR19, BRWD1, IFT74, TTC21A
HP:0012265	Ciliary dyskinesia	19	0.007327419976860779	4.71679762822985	5.036324310934585e-10	2.910599336324948e-08	7.536017574018138	5.180866818658408e-06	RSPH1, DRC1, CFAP74, DNAAF4, HYDIN, CCDC39, RSPH9, DNAAF1, DNAAF5, RSPH3, CFAP298, DNAAF3, SPAG1, CCDC40, DNAI1, DNAH11, DNAH5, RSPH4A, DNAL1
HP:0025177	Peribronchovascular interstitial thickening	29	0.011183956806787505	4.701598495163588	1.5016376531322736e-14	1.6433347380608189e-12	11.784273964206042	1.54473465377717e-10	RSPH1, DNAH1, TTC12, DRC1, CFAP221, CFAP74, DNAAF4, DNAL1, RSPH9, CCDC39, DNAAF1, DNAAF5, NEK10, NME5, RSPH3, DNAJB13, CFAP298, DNAAF3, SPAG1, RPGR, CCDC40, CFAP300, DNAI1, DNAH11, SPEF2, DNAH5, RSPH4A, HYDIN, DNAH9
HP:0025576	Abnormal inferior vena cava morphology	29	0.011183956806787505	4.701598495163588	1.5016376531322736e-14	1.6433347380608189e-12	11.784273964206042	1.54473465377717e-10	RSPH1, DNAH1, TTC12, DRC1, CFAP221, CFAP74, DNAAF4, DNAL1, RSPH9, CCDC39, DNAAF1, DNAAF5, NEK10, NME5, RSPH3, DNAJB13, CFAP298, DNAAF3, SPAG1, RPGR, CCDC40, CFAP300, DNAI1, DNAH11, SPEF2, DNAH5, RSPH4A, HYDIN, DNAH9
HP:0011617	Pulmonary situs ambiguus	29	0.011183956806787505	4.701598495163588	1.5016376531322736e-14	1.6433347380608189e-12	11.784273964206042	1.54473465377717e-10	RSPH1, DNAH1, TTC12, DRC1, CFAP221, CFAP74, DNAAF4, DNAL1, RSPH9, CCDC39, DNAAF1, DNAAF5, NEK10, NME5, RSPH3, DNAJB13, CFAP298, DNAAF3, SPAG1, RPGR, CCDC40, CFAP300, DNAI1, DNAH11, SPEF2, DNAH5, RSPH4A, HYDIN, DNAH9
HP:0032016	Abnormal sputum	29	0.011183956806787505	4.701598495163588	1.5016376531322736e-14	1.6433347380608189e-12	11.784273964206042	1.54473465377717e-10	RSPH1, DNAH1, TTC12, DRC1, CFAP221, CFAP74, DNAAF4, DNAL1, RSPH9, CCDC39, DNAAF1, DNAAF5, NEK10, NME5, RSPH3, DNAJB13, CFAP298, DNAAF3, SPAG1, RPGR, CCDC40, CFAP300, DNAI1, DNAH11, SPEF2, DNAH5, RSPH4A, HYDIN, DNAH9
HP:0032543	Lithoptysis	29	0.011183956806787505	4.701598495163588	1.5016376531322736e-14	1.6433347380608189e-12	11.784273964206042	1.54473465377717e-10	RSPH1, DNAH1, TTC12, DRC1, CFAP221, CFAP74, DNAAF4, DNAL1, RSPH9, CCDC39, DNAAF1, DNAAF5, NEK10, NME5, RSPH3, DNAJB13, CFAP298, DNAAF3, SPAG1, RPGR, CCDC40, CFAP300, DNAI1, DNAH11, SPEF2, DNAH5, RSPH4A, HYDIN, DNAH9
HP:0031456	Ectopic pregnancy	29	0.011183956806787505	4.701598495163588	1.5016376531322736e-14	1.6433347380608189e-12	11.784273964206042	1.54473465377717e-10	RSPH1, DNAH1, TTC12, DRC1, CFAP221, CFAP74, DNAAF4, DNAL1, RSPH9, CCDC39, DNAAF1, DNAAF5, NEK10, NME5, RSPH3, DNAJB13, CFAP298, DNAAF3, SPAG1, RPGR, CCDC40, CFAP300, DNAI1, DNAH11, SPEF2, DNAH5, RSPH4A, HYDIN, DNAH9
HP:0011535	Abnormal atrial arrangement	29	0.011183956806787505	4.607566525260316	3.1455504997787763e-14	3.111372883771565e-12	11.507047937570169	3.235827799122427e-10	RSPH1, DNAH1, TTC12, DRC1, CFAP221, CFAP74, DNAAF4, DNAL1, RSPH9, CCDC39, DNAAF1, DNAAF5, NEK10, NME5, RSPH3, DNAJB13, CFAP298, DNAAF3, SPAG1, RPGR, CCDC40, CFAP300, DNAI1, DNAH11, SPEF2, DNAH5, RSPH4A, HYDIN, DNAH9
HP:0011539	Atrial situs ambiguous	29	0.011183956806787505	4.607566525260316	3.1455504997787763e-14	3.111372883771565e-12	11.507047937570169	3.235827799122427e-10	RSPH1, DNAH1, TTC12, DRC1, CFAP221, CFAP74, DNAAF4, DNAL1, RSPH9, CCDC39, DNAAF1, DNAAF5, NEK10, NME5, RSPH3, DNAJB13, CFAP298, DNAAF3, SPAG1, RPGR, CCDC40, CFAP300, DNAI1, DNAH11, SPEF2, DNAH5, RSPH4A, HYDIN, DNAH9
HP:0012206	Abnormal sperm motility	29	0.011183956806787505	4.517222083588545	6.415536270700768e-14	5.545934589638554e-12	11.256025256923062	6.59966216166988e-10	RSPH1, DNAH1, TTC12, DRC1, CFAP221, CFAP74, DNAAF4, DNAL1, RSPH9, CCDC39, DNAAF1, DNAAF5, NEK10, NME5, RSPH3, DNAJB13, CFAP298, DNAAF3, SPAG1, RPGR, CCDC40, CFAP300, DNAI1, DNAH11, SPEF2, DNAH5, RSPH4A, HYDIN, DNAH9
HP:0002236	Frontal upsweep of hair	15	0.005784805244890089	4.413377897758924	1.1887118143651832e-07	4.9708448920222114e-06	5.303569788176595	0.001222827843437464	EP300, YY1, POLA1, FOXP1, CREBBP, HDAC4, IFT140, UBAP2L, FBXO11, UBR1, MED13L, TCF4, HERC2, CAMTA1, TRIO
HP:0011026	Aplasia/Hypoplasia of the vagina	15	0.005784805244890089	4.413377897758924	1.1887118143651832e-07	4.9708448920222114e-06	5.303569788176595	0.001222827843437464	TTC8, NPHP1, IFT172, GLI3, BBS5, WDPCP, SDCCAG8, LZTFL1, BBS9, SCLT1, BBS1, BBS7, SCAPER, IFT74, CEP290
HP:0010747	Medial flaring of the eyebrow	20	0.007713073659853451	4.413377897758924	9.036359844078393e-10	5.052012701958393e-08	7.296535566195981	9.295703371603443e-06	LZTFL1, BBS9, BBS7, IFT74, NRCAM, SDCCAG8, SIN3A, APTX, PRKD1, NPHP1, IFT172, UBAP2L, SCLT1, TTC8, FRA10AC1, BBS5, WDPCP, CEP290, BBS1, SCAPER
HP:0030010	Hydrometrocolpos	16	0.006170458927882761	4.382940808808862	5.0988909340109154e-08	2.2511712891918577e-06	5.647591458744199	0.0005245229103817029	TTC8, NPHP1, DYNC2LI1, IFT172, GLI3, BBS5, WDPCP, SDCCAG8, LZTFL1, BBS9, SCLT1, BBS1, BBS7, SCAPER, IFT74, CEP290
HP:0034011	Reduced progressive sperm motility	13	0.005013497878904744	4.30304345031495	1.248215462360167e-06	4.4554157708495576e-05	4.351111762208396	0.012840392461299038	DNHD1, CFAP54, STK33, CFAP61, DRC1, LRRC23, CFAP45, DNAH7, CCDC146, DNAH10, WDR19, BRWD1, IFT74
HP:0025691	Impaired fasting glucose	14	0.005399151561897416	4.277581654750957	5.309129290997072e-07	2.0227782598698842e-05	4.694051722663224	0.0054615013016486875	TTC8, NPHP1, IFT172, BBS5, WDPCP, SDCCAG8, LZTFL1, BBS9, SCLT1, BBS1, BBS7, SCAPER, IFT74, CEP290
HP:0031245	Productive cough	37	0.014269186270728885	4.259869101315135	3.0442507711795693e-16	5.2193679471873713e-14	13.282382085823139	3.131620768312423e-12	RSPH1, CFAP54, ZBTB16, DNAH1, TTC12, DRC1, CFAP221, CFAP74, DNAAF4, DNAL1, RSPH9, CCDC39, DNAAF1, DNAAF5, NEK10, NME5, RSPH3, TBL1XR1, DNAJB13, CFAP298, DNAAF3, SPAG1, RPGR, CCDC40, CFAP300, STAT3, DNAH11, DNAI1, SPEF2, DNAH5, FIP1L1, RSPH4A, NUMA1, HYDIN, BRWD1, IRF2BP2, DNAH9
HP:0001742	Nasal congestion	32	0.012340917855765523	4.2368427818485666	3.790569609811837e-14	3.6372773568659716e-12	11.439223581000904	3.899358957613437e-10	RSPH1, DNAH1, TTC12, DRC1, CFAP221, CFAP74, DNAAF4, DNAL1, RSPH9, CCDC39, DNAAF1, DNAAF5, NEK10, NME5, RSPH3, ANKH, DNAJB13, CFAP298, DNAAF3, SPAG1, RPGR, CCDC40, CFAP300, DNAI1, DNAH11, SPEF2, DNAH5, GNAS, FGFR1, RSPH4A, HYDIN, DNAH9
HP:0002011	Morphological central nervous system abnormality	33	0.012726571538758195	4.161184875029842	3.0218924275921584e-14	3.0476673924157387e-12	11.516032431532064	3.108620740264053e-10	RSPH1, DNAH1, TTC12, DRC1, CFAP221, CFAP74, DNAAF4, DNAL1, RSPH9, CCDC39, DNAAF1, DNAAF5, NEK10, NME5, RSPH3, DNAJB13, CFAP298, SATB2, DNAAF3, SPAG1, FLCN, NSD2, RPGR, CCDC40, KANSL1, CFAP300, DNAH11, DNAI1, SPEF2, DNAH5, RSPH4A, HYDIN, DNAH9
HP:0010772	Anomalous pulmonary venous return	32	0.012340917855765523	4.035088363665301	2.2788640954551846e-13	1.8172616240269367e-11	10.740582544518057	2.344267494994748e-09	RSPH1, DNAH1, TTC12, DRC1, CFAP221, AFF4, CFAP74, DNAAF4, DNAL1, RSPH9, CCDC39, DNAAF1, DNAAF5, NEK10, NME5, RSPH3, DNAJB13, CFAP298, DNAAF3, SPAG1, RPGR, CCDC40, CFAP300, RERE, DNAH11, DNAI1, SPEF2, DNAH5, SMAD2, RSPH4A, HYDIN, DNAH9
HP:0002612	Congenital hepatic fibrosis	23	0.00887003470883147	3.9720401079830316	8.073274077128009e-10	4.5883851067080574e-08	7.338340138569515	8.304977043141583e-06	INVS, B9D1, NPHP4, DZIP1L, RBPJ, DCDC2, IFT80, NPHP3, SDCCAG8, TCTN1, WDR19, CSPP1, WDR35, ARHGAP31, NPHP1, CC2D2A, DYNC2H1, TMEM231, TMEM67, IFT140, TRAF3IP1, RPGRIP1L, CEP290
HP:0002257	Chronic rhinitis	30	0.011569610489780177	3.972040107983031	2.168652083120616e-12	1.54923083187929e-10	9.809883868527034	2.2308923979061776e-08	RSPH1, DNAH1, TTC12, DRC1, CFAP221, CFAP74, DNAAF4, DNAL1, RSPH9, CCDC39, DNAAF1, DNAAF5, NEK10, NME5, RSPH3, DNAJB13, CFAP298, DNAAF3, SPAG1, RPGR, CCDC40, CFAP300, DNAH11, DNAI1, SPEF2, DNAH5, RSPH4A, HYDIN, BRWD1, DNAH9
HP:0011229	Broad eyebrow	14	0.005399151561897416	3.972040107983031	1.7231448392949716e-06	5.9284250708452754e-05	4.227060664795227	0.01772599096182737	FRA10AC1, MAPK1, EP300, POLA1, ZEB2, CHD1, SIN3A, HERC1, CREBBP, SPTBN1, FBXO11, BPTF, SON, RERE
HP:0005769	Fifth finger distal phalanx clinodactyly	14	0.005399151561897416	3.972040107983031	1.7231448392949716e-06	5.9284250708452754e-05	4.227060664795227	0.01772599096182737	TTC8, NPHP1, IFT172, BBS5, WDPCP, SDCCAG8, LZTFL1, BBS9, SCLT1, BBS1, BBS7, SCAPER, IFT74, CEP290
HP:0002419	Molar tooth sign on MRI	20	0.007713073659853451	3.9720401079830308	1.0293250852531114e-08	4.971205235680168e-07	6.303538306689316	0.00010588667151998757	B9D1, TOGARAM1, PIBF1, IFT74, EXOC2, TCTN1, AHI1, CSPP1, NPHP1, CC2D2A, ARMC9, TMEM231, CPLANE1, TMEM67, ARL13B, CEP290, KIAA0753, RPGRIP1L, CEP41, C2CD3
HP:0011109	Chronic sinusitis	33	0.012726571538758195	3.9127559272668666	2.988562417919832e-13	2.335733929840944e-11	10.631576630473639	3.074334159314131e-09	RSPH1, DNAH1, TTC12, DRC1, CFAP221, CFAP74, DNAAF4, DNAL1, RSPH9, CCDC39, DNAAF1, DNAAF5, NEK10, NME5, RSPH3, DNAJB13, CFAP298, CSPP1, DNAAF3, SPAG1, DNAH9, RPGR, CCDC40, CFAP300, DNAH7, DNAI1, DNAH11, SPEF2, DNAH5, CFAP45, RSPH4A, HYDIN, CFAP52
HP:0001748	Polysplenia	33	0.012726571538758195	3.8552153989247064	5.106966683780995e-13	3.862894579121699e-11	10.413087143869275	5.25353662760551e-09	RSPH1, DNAH1, TTC12, DRC1, CFAP221, CFAP74, DNAAF4, DNAL1, RSPH9, CCDC39, DNAAF1, DNAAF5, NEK10, NME5, RSPH3, NPHP3, DNAJB13, CFAP298, WDR35, DNAAF3, SPAG1, FRYL, RPGR, CCDC40, CFAP300, DNAH11, DNAI1, SPEF2, DNAH5, CFAP45, RSPH4A, HYDIN, DNAH9
HP:0008915	Childhood-onset truncal obesity	15	0.005784805244890089	3.8439097819190624	1.2516916086084594e-06	4.4554157708495576e-05	4.351111762208396	0.012876151577755223	TTC8, NPHP1, IFT172, BBS5, WDPCP, VPS13B, SDCCAG8, LZTFL1, BBS9, SCLT1, BBS1, BBS7, SCAPER, IFT74, CEP290
HP:0006817	Aplasia/Hypoplasia of the cerebellar vermis	14	0.005399151561897416	3.8350732077077545	2.9451681974668836e-06	9.741783037730493e-05	4.01136154696356	0.030296945247341833	RAB3GAP2, PCYT1A, OPHN1, TMEM67, USP45, RPE65, ITPR1, IFT140, SPATA7, PGAP1, MID1, LCA5, CRB1, CEP290
HP:0011274	Recurrent mycobacterial infections	29	0.011183956806787505	3.7766938731641937	2.4948119946864637e-11	1.614096288637714e-09	8.792070561078203	2.566413098933965e-07	RSPH1, DNAH1, TTC12, DRC1, CFAP221, CFAP74, DNAAF4, DNAL1, RSPH9, CCDC39, DNAAF1, DNAAF5, NEK10, NME5, RSPH3, DNAJB13, CFAP298, DNAAF3, SPAG1, RPGR, CCDC40, CFAP300, DNAI1, DNAH11, SPEF2, DNAH5, RSPH4A, HYDIN, DNAH9
HP:0001696	Situs inversus totalis	61	0.023524874662553028	3.7276068705686907	6.652401088386919e-22	3.2587261902969634e-19	18.486952128960684	6.843324999623624e-18	INVS, RSPH1, B9D1, CFAP53, DNAH1, TOGARAM1, PIBF1, TTC12, DRC1, EVC2, CFAP221, CFAP74, LZTFL1, DNAAF4, DNAL1, RSPH9, CCDC39, IFT74, DNAAF1, DNAAF5, NEK10, NME5, RSPH3, NPHP3, DNAJB13, TCTN1, CFAP298, AHI1, CSPP1, DNAAF3, SPAG1, CC2D2A, DAW1, ARMC9, DNAH9, RPGR, CCDC40, CFAP300, DNAH11, TMEM231, SPEF2, DNAI1, CPLANE1, DYNC2LI1, DNAH5, TMEM67, TTC8, MNS1, SLC19A2, CFAP45, PRKACB, ARL13B, CEP290, RSPH4A, UBR1, KIAA0753, RPGRIP1L, CEP41, HYDIN, BRWD1, CFAP52
HP:0030828	Wheezing	30	0.011569610489780177	3.723787601234092	1.7806299068064228e-11	1.1593253070454223e-09	8.935794683767703	1.8317339851317672e-07	RSPH1, DNAH1, TTC12, DRC1, CFAP221, CFAP74, DNAAF4, DNAL1, RSPH9, CCDC39, DNAAF1, DNAAF5, NEK10, NME5, RSPH3, CRLF1, DNAJB13, CFAP298, DNAAF3, SPAG1, RPGR, CCDC40, CFAP300, DNAI1, DNAH11, SPEF2, DNAH5, RSPH4A, HYDIN, DNAH9
HP:0005425	Recurrent sinopulmonary infections	32	0.012340917855765523	3.6842111146509273	5.4440875106769835e-12	3.7586126323714177e-10	9.42497243094816	5.600332822233413e-08	RSPH1, DNAH1, TTC12, DRC1, CFAP221, CFAP74, CTNNBL1, DNAAF4, DNAL1, RSPH9, CCDC39, DNAAF1, DNAAF5, NEK10, NME5, RSPH3, DNAJB13, CFAP298, DNAAF3, SPAG1, PLCG2, RPGR, CCDC40, CFAP300, STAT3, DNAH11, DNAI1, SPEF2, DNAH5, RSPH4A, HYDIN, DNAH9
HP:0001746	Asplenia	43	0.016583108368684922	3.6730693471671048	1.4459640748202655e-15	2.1557438315472567e-13	12.66640284791726	1.4874632437676072e-11	RSPH1, B9D1, DNAH1, TTC12, DRC1, CFAP221, CFAP74, DNAAF4, DNAL1, RSPH9, CCDC39, DNAAF1, DNAAF5, NEK10, NME5, RSPH3, NPHP3, DNAJB13, TCTN1, CFAP298, CSPP1, DNAAF3, SPAG1, STIM1, CC2D2A, ZEB2, FRYL, DNAH9, RPGR, CCDC40, CFAP300, DNAH11, TMEM231, SPEF2, DNAI1, DNAH5, TMEM67, MNS1, SMAD2, RSPH4A, RPGRIP1L, HYDIN, CEP290
HP:0001212	Prominent fingertip pads	22	0.008484381025838797	3.641036765651112	1.4788572421745363e-08	7.010601129147214e-07	6.154244741537117	0.00015213004450249454	NR2F1, FOXP1, AHDC1, ADNP, DEAF1, TCF4, ZNF292, RUSC2, TBL1XR1, CHD1, CREBBP, NFIX, WAC, EP300, MED12L, KANSL1, CAPRIN1, NXN, JARID2, ARID1B, ZNF407, FOXP2
HP:0005301	Persistent left superior vena cava	33	0.012726571538758195	3.5911595496832884	6.1377575370659395e-12	4.209274118919821e-10	9.375792790940547	6.313911178379732e-08	RSPH1, DNAH1, TTC12, DRC1, CFAP221, CFAP74, DNAAF4, DNAL1, RSPH9, CCDC39, DNAAF1, DNAAF5, NEK10, NME5, RSPH3, CREBBP, DNAJB13, CFAP298, DNAAF3, SPAG1, EP300, RPGR, CCDC40, MID1, CFAP300, DNAH11, DNAI1, SPEF2, DNAH5, SMAD2, RSPH4A, HYDIN, DNAH9
HP:0100750	Atelectasis	36	0.013883532587736213	3.487644972863149	1.992569195993374e-12	1.4333957565862823e-10	9.843633885546602	2.049755931918384e-08	RSPH1, LAMA2, CFAP54, RREB1, DNAH1, TTC12, DRC1, CFAP221, CFAP74, DNAAF4, DNAL1, RSPH9, CCDC39, DNAAF1, DNAAF5, LTBP4, NEK10, NME5, RSPH3, HSPB8, DNAJB13, CFAP298, DNAAF3, SPAG1, RPGR, CCDC40, CFAP300, STAT3, DNAI1, DNAH11, SPEF2, DNAH5, JMJD1C, RSPH4A, HYDIN, DNAH9
HP:0000629	Periorbital fullness	20	0.007713073659853451	3.4539479199852448	1.9679469347599698e-07	7.969370936617078e-06	5.09857595834519	0.002024427011787581	EDEM3, RBL2, MED13, KMT2E, PPP2CA, TASP1, NRCAM, CHD1, RBMX, SPEN, FGFR2, NSD2, FBXO11, HS2ST1, ANKRD17, SETD2, DOCK7, TRIO, GATAD2B, YY1
HP:0012207	Reduced sperm motility	28	0.010798303123794832	3.4220653238007652	9.565909028193012e-10	5.319162495839001e-08	7.274156742153897	9.840450617302152e-06	CEP112, CFAP54, DNAH1, SPAG17, CCDC146, CFAP47, RSPH9, TTC21A, CCDC39, ARMC2, STK33, BRWD1, DNAH2, LRRC23, CFAP298, CFAP69, DNAH10, DNAH7, BICC1, SPEF2, DNHD1, CFAP61, AK7, IFT140, RSPH4A, CFAP43, HYDIN, TTC29
HP:0010579	Cone-shaped epiphysis	26	0.010026995757809487	3.3860014035265187	4.974158321315619e-09	2.533127061949197e-07	6.596343025401162	5.1169166651373776e-05	INVS, NPHP4, RSPRY1, BMPR1B, SMAD4, NSMCE2, PDE3A, IFT80, NPHP3, SDCCAG8, ZMIZ1, WDR19, CSPP1, TRIP11, NPHP1, IFT172, FBN1, TRPS1, DYNC2H1, DYNC2LI1, ATR, IFT140, TRAF3IP1, KIAA0753, TTC21B, CEP290
HP:0045025	Narrow palpebral fissure	31	0.01195526417277285	3.37351351636915	1.894826255543803e-10	1.1602427196892323e-08	7.935451148018791	1.94920776907791e-06	SMARCA2, RFX7, EDEM3, AHDC1, MED13, ADNP, HDAC4, ARID2, DHX9, SMAD4, SPOP, ZMYM2, TBL1XR1, RBMX, TENM3, WDR35, LARP7, PIK3CA, KDM4B, SPEN, KCTD1, DDR2, UBAP2L, FBXO11, TRIP12, GATAD2B, FRA10AC1, DDX6, KMT2A, B3GLCT, GPC6
HP:0001830	Postaxial foot polydactyly	29	0.011183956806787505	3.2911189466145117	1.4668170952015586e-09	7.941656557020228e-08	7.100088898261318	1.5089147458338433e-05	B9D1, NEK1, EVC2, LZTFL1, BBS9, IFT74, IQCE, IFT80, NPHP3, TCTN1, WDR19, CSPP1, IFT172, GLI3, SMOC1, CC2D2A, KIAA0825, DYNC2H1, TMEM231, DYNC2LI1, TMEM67, PRKACB, IFT140, CEP290, KIAA0753, BBS1, RPGRIP1L, TTC21B, C2CD3
HP:0002876	Episodic tachypnea	19	0.007327419976860779	3.2812505239859826	1.0376900029064078e-06	3.758703190105006e-05	4.424961967446313	0.010674717059898217	B9D1, TOGARAM1, PIBF1, MECP2, IFT74, TCTN1, AHI1, CSPP1, CC2D2A, UQCRC2, ARMC9, TMEM231, CPLANE1, TMEM67, ARL13B, KIAA0753, RPGRIP1L, CEP41, CEP290
HP:0001719	Double outlet right ventricle	37	0.014269186270728885	3.2658996443416033	1.0917848290314208e-11	7.340647409311259e-10	9.13426563573893	1.1231190536246225e-07	RSPH1, CFAP53, DNAH1, TTC12, DRC1, CFAP221, CFAP74, DNAAF4, DNAL1, RSPH9, CCDC39, DNAAF1, DNAAF5, NEK10, SH3PXD2B, RSPH3, NME5, DNAJB13, MMP14, CFAP298, DNAAF3, SPAG1, DAW1, RPGR, CCDC40, CFAP300, DNAH11, DNAI1, SPEF2, DNAH5, CHD7, SMAD2, STAG2, RSPH4A, PLCH1, HYDIN, DNAH9
HP:0010442	Polydactyly	30	0.011569610489780177	3.2646904997120805	9.698536980109421e-10	5.3639166620637427e-08	7.270517978301239	9.976884991438562e-06	B9D1, AFF3, ALMS1, DYRK1A, LZTFL1, ADNP, BBS9, BBS7, IFT74, TASP1, SPRED1, INTU, CREBBP, SDCCAG8, WDR19, WDR35, LMBR1, PIK3CA, GLI3, EP300, ARMC9, GLI2, TMEM231, TTC8, TMEM67, CHD7, STAG2, TRAF3IP1, TTC21B, CEP290
HP:0000548	Cone/cone-rod dystrophy	22	0.008484381025838797	3.2364771250232107	1.97549294141864e-07	7.969370936617078e-06	5.09857595834519	0.002032189588837355	PCYT1A, ALMS1, PIBF1, LZTFL1, BBS9, ATXN7, BBS7, IFT74, SCAPER, TTLL5, SDCCAG8, NPHP1, IFT172, SCLT1, ADAM9, TTC8, BBS5, WDPCP, RAB28, SLC19A2, BBS1, CEP290
HP:0000924	Abnormality of the skeletal system	50	0.01928268414963363	3.229300900799213	4.674337593720998e-15	6.086697572988344e-13	12.215618276306014	4.808491082660791e-11	RSPH1, DNAH1, TTC12, DRC1, EVC2, CFAP221, CFAP74, DNAAF4, CEP57, DNAL1, TGIF1, RSPH9, CCDC39, EFL1, DNAAF1, DNAAF5, NEK10, NME5, RSPH3, NF1, MTRR, SIN3A, CDC42, POR, DNAJB13, CFAP298, SATB2, DNAAF3, SPAG1, SPTBN1, GLI2, RPGR, CCDC40, CFAP300, DNAH11, DNAI1, SPEF2, DYNC2LI1, GNAS, DNAH5, FGFR1, TMEM67, SPART, DISP1, PRKACB, STAG2, RSPH4A, PLCH1, HYDIN, DNAH9
HP:0001162	Postaxial hand polydactyly	38	0.014654839953721558	3.1776320863864247	1.5603829712278954e-11	1.0289525400654718e-09	8.987604656396964	1.605165962502136e-07	B9D1, NEK1, EVC2, BMPR1B, LZTFL1, CTNNB1, BBS9, IQCE, IFT80, TCTN1, WDR19, CSPP1, WDR35, LMBR1, SETBP1, IFT172, GLI3, SMOC1, CC2D2A, KIAA0825, ARMC9, GLI2, FGFR2, DYNC2H1, AKT3, TMEM231, CPLANE1, DYNC2LI1, TMEM67, WDPCP, PRKACB, IFT140, CEP290, KIAA0753, BBS1, RPGRIP1L, TTC21B, C2CD3
HP:0000119	Abnormality of the genitourinary system	71	0.027381411492479753	3.1687061535594965	3.1539837838559024e-20	1.1587511137330595e-17	16.93600983542532	3.2445031184525666e-16	RSPH1, RPS28, DNAH1, TTC12, FOXP1, DRC1, CFAP221, DYRK1A, CFAP74, APPL1, LZTFL1, BBS9, DEAF1, SON, ARID2, TGIF1, BBS7, RSPH9, CCDC39, DNAAF4, IFT74, DNAAF1, DNAAF5, SCAPER, NEK10, NME5, RSPH3, RPS24, USP9X, CREBBP, SDCCAG8, CDC42, DNAJB13, CFAP298, ARID1A, DNAAF3, NPHP1, SPAG1, IFT172, EP300, ZEB2, RPS27, DNAL1, FGFR2, GLI2, NSD2, DNAH9, SCLT1, RPGR, KANSL1, MID1, CCDC40, RPL9, CFAP300, RERE, DNAH11, DNAI1, SPEF2, DNAH5, TTC8, FGFR1, BBS5, WDPCP, ARID1B, DISP1, STAG2, RSPH4A, BBS1, PLCH1, HYDIN, CEP290
HP:0001669	Transposition of the great arteries	32	0.012340917855765523	3.138402060628568	8.973797287620948e-10	5.052012701958393e-08	7.296535566195981	9.23134526977567e-06	RSPH1, CFAP53, DNAH1, TTC12, DRC1, CFAP221, CFAP74, DNAAF4, DNAL1, RSPH9, CCDC39, DNAAF1, DNAAF5, NEK10, NME5, RSPH3, DNAJB13, CFAP298, DNAAF3, SPAG1, DAW1, RPGR, CCDC40, CFAP300, DNAH11, DNAI1, SPEF2, DNAH5, RSPH4A, MED13L, HYDIN, DNAH9
HP:0001217	Clubbing	38	0.014654839953721558	3.1121138990382513	3.2835012584558816e-11	2.1110860903584783e-09	8.675494055747167	3.377737744573565e-07	RSPH1, LIFR, DNAH1, TTC12, DRC1, CFAP221, CFAP74, DNAAF4, DNAL1, TCF4, RSPH9, CCDC39, SMAD4, DNAAF1, DNAAF5, NEK10, NME5, RSPH3, POLA1, DNAJB13, BMPR1A, CFAP298, GTF2E2, IL6ST, DNAAF3, SPAG1, RPGR, CCDC40, CFAP300, DNAH11, DNAI1, SPEF2, DNAH5, SMARCAD1, PRKACB, RSPH4A, HYDIN, DNAH9
HP:0004691	2-3 toe syndactyly	36	0.013883532587736213	3.1085531279867205	1.1169797846971687e-10	6.963861239502893e-09	8.157149891132907	1.1490371045179774e-06	CERT1, CNOT2, BMPR1B, KDM5A, ADNP, TBCK, BBS7, RBPJ, SMAD4, SIK3, CSGALNACT1, MAPRE2, ITPR1, FBXW11, ZMIZ1, IFT43, LMBR1, MEIS2, IFT172, ARMC9, NEDD4L, PHIP, FGFR2, KCTD1, TRIO, FGFR1, JARID2, TXNL4A, NSD1, WDPCP, DDX6, NIPBL, STAG1, SOX5, KMT2A, PLAAT3
HP:0100582	Nasal polyposis	30	0.011569610489780177	3.0950961880387253	4.4146582176761734e-09	2.25938254155397e-07	6.646010231398904	4.5413589085234796e-05	RSPH1, DNAH1, TTC12, DRC1, CFAP221, CFAP74, DNAAF4, DNAL1, RSPH9, CCDC39, DNAAF1, DNAAF5, NEK10, NME5, RSPH3, DNAJB13, CFAP298, DNAAF3, SPAG1, GCLC, RPGR, CCDC40, CFAP300, DNAI1, DNAH11, SPEF2, DNAH5, RSPH4A, HYDIN, DNAH9
HP:0000766	Abnormal sternum morphology	22	0.008484381025838797	3.0661362237061995	6.049710718970208e-07	2.2712910279579028e-05	4.643727214640524	0.006223337416604653	RSPRY1, PRKG1, SHOC2, SMAD4, DSE, SPRED1, HEY2, IFT80, CDC42, SOS1, WDR19, IFT172, FBN1, RIN2, DYNC2H1, PIK3C2A, DYNC2LI1, BRAF, SMAD2, IFT140, KIAA0753, TTC21B
HP:0001829	Foot polydactyly	30	0.011569610489780177	3.055415467679255	6.313986927777209e-09	3.1377769819345e-07	6.503377927210886	6.495198352604414e-05	B9D1, RREB1, PTEN, TOGARAM1, PIBF1, EVC2, IFT74, PRDM16, TCTN1, AHI1, CSPP1, SKI, LMBR1, PIK3CA, UBE4B, CC2D2A, ARMC9, SPEN, RERE, TMEM231, CPLANE1, DYNC2LI1, JMJD1C, TMEM67, PRKACB, ARL13B, KIAA0753, BBS1, CEP41, CEP290
HP:0001601	Laryngomalacia	33	0.012726571538758195	3.048309850312559	1.2000069918196829e-09	6.566208470664402e-08	7.182685332964898	1.2344471924849077e-05	RFX7, RREB1, AHDC1, AFF4, KAT6B, HDAC4, EFL1, LTBP4, GALC, NRCAM, PSAP, VPS13B, CREBBP, PPM1D, WRN, POR, NFIX, SATB2, SETBP1, MEIS2, FBN1, EP300, FGFR2, KANSL1, APC, JMJD1C, SOX9, KCNMA1, CHD7, ZBTB7A, SMAD2, RALGAPA1, KAT6A
HP:0002779	Tracheomalacia	21	0.008098727342846125	3.0331942642779515	1.337850137661412e-06	4.729369197980394e-05	4.325196781483208	0.013762464366122945	AHDC1, KMT2C, USP9X, AFF4, HDAC4, P4HA1, CHD6, LTBP4, CSGALNACT1, RAB3GAP2, SKI, EHMT1, XYLT1, FBN1, FGFR2, TRIM2, KANSL1, MID1, SETD2, SOX9, RALGAPA1
HP:0006536	Airway obstruction	35	0.01349787890474354	3.022204429987089	5.012504678841477e-10	2.910599336324948e-08	7.536017574018138	5.156363563124227e-06	RSPH1, DNAH1, TTC12, DRC1, CFAP221, CFAP74, DNAAF4, IDS, DNAL1, RSPH9, CCDC39, DNAAF1, DNAAF5, NEK10, NME5, RSPH3, DNAJB13, CFAP298, NFIX, DNAAF3, SPAG1, GCLC, FBN1, FGFR2, RPGR, CCDC40, CFAP300, DNAH11, APC, SPEF2, DNAI1, DNAH5, RSPH4A, HYDIN, DNAH9
HP:0000818	Abnormality of the endocrine system	23	0.00887003470883147	2.9953089338888437	5.515352970095708e-07	2.0858983824770053e-05	4.680706852670974	0.005673643600337455	LEMD3, DYRK1A, LZTFL1, BBS9, TGIF1, BBS7, IFT74, SCAPER, SDCCAG8, CDC42, NPHP1, IFT172, GLI2, SCLT1, TTC8, FGFR1, BBS5, WDPCP, DISP1, STAG2, BBS1, PLCH1, CEP290
HP:0002793	Abnormal pattern of respiration	26	0.010026995757809487	2.950658365930252	1.4543311060011353e-07	5.984281634973472e-06	5.222987975698962	0.0014960704087433679	B9D1, TOGARAM1, PIBF1, TCF4, TGIF1, MECP2, IFT74, PLCH1, TCTN1, AHI1, CSPP1, NPHP1, WAC, CC2D2A, ARMC9, GLI2, CPLANE1, FGFR1, TMEM67, DISP1, STAG2, ARL13B, KIAA0753, RPGRIP1L, CEP41, AGO2
HP:0100259	Postaxial polydactyly	33	0.012726571538758195	2.945557832886293	3.348490827428736e-09	1.739693188977748e-07	6.7595273368225	3.444592514175941e-05	IFT57, TOGARAM1, USP9X, LZTFL1, BBS9, BBS7, IFT52, IFT74, SCAPER, SETD5, INTU, SDCCAG8, CSPP1, WDR35, IFT43, LMBR1, NPHP1, IFT172, GLI3, GLI2, SCLT1, DYNC2H1, SYNGAP1, TMEM231, CPLANE1, DYNC2LI1, TTC8, BBS5, WDPCP, IFT81, BBS1, RPGRIP1L, CEP290
HP:0000011	Neurogenic bladder	24	0.009255688391824142	2.8887564421694774	6.845024334203694e-07	2.5512596132591813e-05	4.593245345831954	0.007041476532595341	COG7, LZTFL1, TBCK, BBS9, TBCD, BBS7, IFT74, SCAPER, HSPB8, MACF1, SDCCAG8, COG5, ATXN3, NPHP1, IFT172, GBE1, GNB1, SCLT1, ARNT2, TTC8, BBS5, WDPCP, BBS1, CEP290
HP:0002230	Generalized hirsutism	32	0.012340917855765523	2.888756442169477	1.0034294658741485e-08	4.868999488418569e-07	6.312560271085037	0.00010322278915447366	MAPK1, NOTCH2, LZTFL1, BBS9, SLC25A12, BBS7, IFT74, RAB3GAP1, SCAPER, PRDM16, RAB3GAP2, MAPRE2, HDAC8, SDCCAG8, SKI, NFIX, NPHP1, UBE4B, IFT172, SPEN, SCLT1, RERE, TTC8, BSCL2, BBS5, WDPCP, NIPBL, CEP290, KMT2A, ABCC9, BBS1, MBD5
HP:0000388	Otitis media	26	0.010026995757809487	2.8686956335433003	2.7866519776029655e-07	1.0941331638779278e-05	4.960929818022767	0.0028666288893601705	ALMS1, LZTFL1, BBS9, BBS7, CCDC39, IFT74, SCAPER, NEK10, CREBBP, SDCCAG8, DNAAF3, NPHP1, IFT172, EP300, SPTBN1, FGFR2, SCLT1, RPGR, TLK2, TTC8, BBS5, NSD1, WDPCP, NIPBL, BBS1, CEP290
HP:0004279	Short palm	40	0.015426147319706903	2.86273160935714	2.0586519204926628e-10	1.2530977695921908e-08	7.902015043021893	2.1177352306108024e-06	SMARCA2, RSPRY1, CAMK2G, MAPK1, IGF1R, ANTXR2, NEK1, EVC2, KAT6B, HDAC4, TCF4, ANKRD11, HERC2, MRPS28, RBPJ, SMAD4, DYNC1H1, RAB3GAP2, SH3PXD2B, MAPRE2, IFT80, TBL1XR1, SIN3A, CRLF1, WDR35, CAMTA1, TRIP11, WAC, FBN1, KDM4B, TRPS1, FGFR2, DDR2, FBXO11, DYNC2H1, TRIO, FGFR1, ROR2, B3GLCT, MBD5
HP:0000455	Broad nasal tip	59	0.022753567296567682	2.857931297207303	1.2231609387082897e-14	1.4803125384108442e-12	11.829646582322965	1.2582656576492177e-10	RFX7, IGF1R, NEK1, KAT6A, FOXP1, AHDC1, DYRK1A, KDM5A, ADNP, HDAC4, CTNNB1, ARID2, RAB3GAP1, RAB3GAP2, PPP2CA, SH3PXD2B, ZMYM2, TBL1XR1, HDAC8, ZBTB20, ARID1A, EXT2, SATB2, POGZ, ZSWIM6, WAC, SETBP1, PTPRF, WASHC4, CASK, PHIP, TBC1D32, GLI2, ASXL2, FBXO11, BPTF, LTBP1, HS2ST1, TLK2, CAPRIN1, SETD2, DOCK7, TMEM231, APC, CPLANE1, GATAD2B, NXN, PHF21A, YY1, NSD1, NIPBL, ARID1B, CDH11, KCNN3, KMT2A, ABCC9, KIAA0753, HUWE1, DPYD
HP:0004422	Biparietal narrowing	23	0.00887003470883147	2.854903827612804	1.4762628649907792e-06	5.147903760054287e-05	4.288369580817389	0.015186316092160146	B9D1, PTEN, TOGARAM1, PIBF1, HNRNPU, ANKRD11, IFT74, TCTN1, AHI1, CSPP1, NPHP1, MEIS2, CC2D2A, ARMC9, TMEM231, CPLANE1, TMEM67, BRAF, ARL13B, KIAA0753, RPGRIP1L, CEP41, CEP290
HP:0002566	Intestinal malrotation	52	0.020053991515618975	2.8489115257257605	5.203194546360105e-13	3.906953452438424e-11	10.408161762941983	5.35252622984064e-09	RSPH1, RREB1, TTC7A, DNAH1, LEMD3, TTC12, NEK1, DRC1, CFAP221, HNRNPU, NOTCH2, CFAP74, DNAAF4, KAT6A, DNAL1, RSPH9, CCDC39, DNAAF1, DNAAF5, NEK10, NME5, RSPH3, VPS35L, HDAC8, NPHP3, CREBBP, DNAJB13, CFAP298, EXT2, DNAAF3, IFT43, SPAG1, EP300, FGFR2, DYNC2H1, RPGR, CCDC40, CFAP300, DNAH11, DNAI1, SPEF2, EYA1, ASXL1, JMJD1C, DNAH5, NIPBL, ARID1B, CFAP45, SMAD2, RSPH4A, HYDIN, DNAH9
HP:0002553	Highly arched eyebrow	76	0.029309679907443115	2.8478778132708524	2.3943666786502157e-18	6.007524395920675e-16	15.221304456896561	2.463085002327477e-14	SMARCA2, B9D1, CAMK2G, MAPK1, IGF1R, AUTS2, TOGARAM1, PIBF1, KAT6A, AFF4, MBD5, TBCK, HDAC4, ANKRD11, IFT74, SMAD4, TRRAP, SPOP, TASP1, RUSC2, PACS1, VPS35L, HDAC8, CREBBP, CDC42, FBXO31, ACBD6, TCTN1, AHI1, NFIX, CSPP1, POGZ, EHMT1, ZSWIM6, ZBTB18, STXBP1, NPHP1, PTPRF, MEIS2, WASHC4, CC2D2A, EP300, ZEB2, CASK, ARMC9, SPECC1L, SPEN, ASXL2, NSD2, FBXO11, PGAP1, LTBP1, SETD2, TRIO, TMEM231, CPLANE1, PPP1CB, FGFR1, TMEM67, HSPA9, NIPBL, DDX6, CHD7, HNRNPH1, STAG2, NELFA, CEP290, KMT2A, ARL13B, KIAA0753, STRADA, CDH11, CEP41, RPGRIP1L, ZNF462, CDK13
HP:0008222	Female infertility	31	0.01195526417277285	2.8306492723557235	2.9498140004572984e-08	1.3309095009957994e-06	5.875851474618773	0.0003034473662270423	RSPH1, DNAH1, TTC12, DRC1, CFAP221, CFAP74, DNAAF4, DNAL1, RSPH9, CCDC39, DNAAF1, DNAAF5, NEK10, NME5, RSPH3, ZFP36L2, DNAJB13, MSH5, CFAP298, DNAAF3, SPAG1, RPGR, CCDC40, CFAP300, DNAI1, DNAH11, SPEF2, DNAH5, RSPH4A, HYDIN, DNAH9
HP:0001627	Abnormal heart morphology	98	0.037794060933281914	2.8004311552686123	1.1997716662167521e-22	6.856695072428738e-20	19.163885163835804	1.234205113037173e-18	ADNP, TGIF1, ARID2, BBS7, DNAAF1, DNAAF5, NME5, DSE, SIN3A, ITPR1, CDC42, BMPR1A, DNAAF3, ZEB2, SCLT1, MID1, RERE, TMEM231, TTC8, BBS5, NSD1, RSPH4A, MED13L, BBS1, HYDIN, SCAPER, CFAP221, DYRK1A, CFAP74, DEAF1, BBS9, SON, IFT74, TKT, SDCCAG8, DNAJB13, PBX1, ARID1A, POGZ, WAC, SPAG1, GLI3, EP300, RPS27, GLI2, KANSL1, CPLANE1, WDPCP, KIAA0753, DNAH9, RSPH1, MAP3K20, CEP290, AUTS2, LEMD3, FOXP1, DRC1, KMT2C, AFF4, LZTFL1, EFL1, NEK10, RPS24, NF1, CREBBP, CFAP298, EHMT1, FGFR2, RPGR, RPL9, CFAP300, STAT3, DNAH11, SPEF2, SOX9, ARID1B, DISP1, STAG2, ROR2, PLCH1, ZNF462, RPS28, COG7, PTEN, DNAH1, TTC12, DNAAF4, RSPH9, CCDC39, RSPH3, NPHP1, SETBP1, IFT172, CCDC40, DNAI1, DNAH5, FGFR1, DNAL1
HP:0001773	Short foot	51	0.019668337832626302	2.7749869247552685	2.767030915196308e-12	1.9630653120430636e-10	9.70706525099192	2.8464447024624422e-08	CAMK2G, IGF1R, CERT1, AHDC1, BMPR1B, USP9X, DYRK1A, HDAC4, USP7, OCA2, SON, HERC2, MECP2, SMAD4, CHD6, PRDM16, TRRAP, DYNC1H1, ZMYM2, IFT80, TBL1XR1, HDAC8, SIN3A, PPM1D, WDR19, SKI, WDR35, SATB2, TRIP11, LMBR1, UBE4B, IFT172, FBN1, KDM4B, TRPS1, SPEN, FGFR2, FBXO11, DYNC2H1, RERE, DYNC2LI1, FGFR1, SPART, NIPBL, IFT140, KIAA0753, BBS1, B3GLCT, HUWE1, TTC21B, MBD5
HP:0001852	Sandal gap	34	0.013112225221750868	2.7561094626821037	1.4001988640781213e-08	6.668447090172053e-07	6.175975290324925	0.00014403845714771633	SMARCA2, RFX7, MAPK1, IGF1R, IFT57, KAT6A, ADNP, NBAS, HERC2, IFT52, LTBP4, SETD5, VPS13B, CREBBP, FBXW11, MTX2, ARID1A, IFT43, PIK3CA, SETBP1, MEIS2, EP300, SMOC1, FBXO11, BPTF, TRIP12, TRIO, NXN, YY1, NSD1, ATR, ARID1B, ROR2, MBD5
HP:0000319	Smooth philtrum	67	0.025838796760509063	2.743574095204774	2.0897241433193756e-15	3.027745389060059e-13	12.518880648582611	2.1496992262326417e-11	SMARCA2, COG7, AFF3, TRAPPC9, MAPK1, IGF1R, AASS, CERT1, AHDC1, MED13, AP3B1, HNRNPU, DYRK1A, ADNP, KDM5A, CTNNB1, USP9X, SON, ZNF292, SRRM2, ASH1L, DHX9, ANKRD11, TRRAP, SPOP, SETD5, TASP1, DIS3L2, PACS1, TBL1XR1, ATP9A, CREBBP, CDC42, SIN3A, ZMIZ1, EXOC2, WDR19, WDR35, SATB2, ZBTB18, ATG7, PIK3CA, PTPRF, HNRNPC, MEIS2, FBN1, EP300, CASK, TRPS1, FLCN, ZNF148, SPTBN1, FBXO11, CDH2, MID1, ANKRD17, RERE, TRIP12, PPP1CB, FRA10AC1, JARID2, NIPBL, DDX6, STAG2, IFT140, DYM, CDK13
HP:0002084	Encephalocele	30	0.011569610489780177	2.739338005505539	1.1421598208755248e-07	4.815327080879723e-06	5.3173742081039865	0.0011749398077346524	B9D1, PCYT1A, TOGARAM1, PIBF1, USP45, RPE65, LCA5, RBPJ, IFT74, CRB1, TCTN1, AHI1, CSPP1, ZSWIM6, ARHGAP31, NPHP1, CC2D2A, ARMC9, PAK2, TMEM231, CPLANE1, FGFR1, TMEM67, IFT140, ARL13B, SPATA7, KIAA0753, RPGRIP1L, CEP41, CEP290
HP:0000574	Thick eyebrow	54	0.02082529888160432	2.7323588003959705	1.2964791056748345e-12	9.458780539061717e-11	10.024164850838615	1.3336880560077022e-08	SMARCA2, DDB1, DEPDC5, IGF1R, AUTS2, LEMD3, CNOT2, KMT2C, AFF4, NOTCH2, TBCK, NBAS, PDCD6IP, ARID2, ANKRD11, CDK13, SMAD4, TASP1, RUSC2, NRCAM, TBL1XR1, HDAC8, VPS13B, SOX6, CREBBP, ERLIN2, FBXO31, BCAS3, CCDC8, CHD1, ARID1A, NFIX, ZSWIM6, WAC, EP300, TRPS1, SPECC1L, PHIP, SPTBN1, SPEN, EXT1, BPTF, DOCK7, TRIO, JARID2, NIPBL, ARID1B, CDH11, KCNN3, KMT2A, ABCC9, RALGAPA1, DYM, MBD5
HP:0000729	Autistic behavior	151	0.05823370613189356	2.7200818880065207	1.1724141214737372e-32	2.412124813520067e-29	28.617600223720697	1.2060624067600335e-28	SMARCA2, RFX7, RSPRY1, NTRK2, PRRT2, TCF12, USP9X, ADNP, HDAC4, THOC2, ARID2, HERC2, SETD5, TBL1XR1, SIN3A, ATP9A, FBXW11, COG5, CAMTA1, KDM4B, RSRC1, MED12L, KCNN2, CDH2, SBF2, MID1, RERE, TRIO, TMEM231, PRORP, NSD1, YY1, HIVEP2, GNAQ, UBA2, CDH11, NBEA, MED13L, FOXP2, MBD5, PCYT1A, ALMS1, NR2F1, MED13, DYRK1A, DEAF1, SON, ZNF292, ASH1L, CRB1, CUL3, SOX6, CHD1, PPM1D, ZMIZ1, ACBD6, NFIX, ARID1A, POGZ, ATG7, STXBP1, WAC, CC2D2A, EP300, CASK, SPECC1L, SPEN, NSD2, FBXO11, KANSL1, ANKRD17, TRIP12, SETD2, SYNGAP1, CELF2, PLA2G6, MTSS2, GNAO1, NIPBL, CHKA, STAG1, IFT140, CEP290, DPYD, AFF3, OPHN1, AUTS2, FOXP1, AHDC1, KMT2C, USP45, UBE3C, TCF4, EFL1, TRRAP, PPP2CA, NF1, PACS1, VPS13B, CREBBP, VAMP2, SATB2, EHMT1, MEIS2, TNRC6B, TLK2, CAPRIN1, RORA, GATAD2B, FRA10AC1, PHF21A, JARID2, MAPK10, ARID1B, ZBTB7A, GRIN2A, STAG2, SPATA7, RPGRIP1L, LCA5, ZNF462, SCAF4, CTNNA2, FOSL2, PTEN, DEPDC5, TOGARAM1, KAT6A, SLC35A3, KDM5A, RPE65, OCA2, CTNNB1, USP7, SRRM2, MECP2, CHD2, ZMYM2, POLA1, ZSWIM6, EXT2, SETBP1, ADGRV1, SPTBN1, PLCB4, UBAP2L, TANC2, PHACTR1, TAOK1, SNX14, AGO2
HP:0012745	Short palpebral fissure	42	0.01619745468569225	2.712612756671339	5.102870120447853e-10	2.932582398270786e-08	7.5327497764463365	5.249322492904706e-06	SMARCA2, COG7, AFF3, CHD4, DDB1, LIFR, AUTS2, MUSK, USP9X, KAT6B, PPP1R12A, ADNP, CEP57, CHN1, RBPJ, SMAD4, MAPRE2, POLA1, SOX6, CREBBP, SIN3A, SEPTIN9, ZBTB18, LARP7, WAC, SMC5, SETBP1, EP300, SMOC1, ZNF148, BPTF, KANSL1, SETD2, SOX9, TXNL4A, FANCL, SNX14, KMT2A, B3GLCT, HUWE1, FOXP2, CDK13
HP:0001161	Hand polydactyly	31	0.01195526417277285	2.7062251285159116	9.704430870227811e-08	4.125185138927004e-06	5.384556555475252	0.0009982948036203348	B9D1, RREB1, PTEN, TOGARAM1, PIBF1, NEK1, EVC2, DEAF1, IFT74, VPS35L, TCTN1, AHI1, CSPP1, LMBR1, NPHP1, PIK3CA, CC2D2A, ARMC9, TBC1D32, TMEM231, CPLANE1, DYNC2LI1, JMJD1C, TMEM67, CHD7, PRKACB, ARL13B, KIAA0753, RPGRIP1L, CEP41, CEP290
HP:0000147	Polycystic ovaries	32	0.012340917855765523	2.7043677330948297	6.174726526439137e-08	2.691500499045737e-06	5.570005535323386	0.000635194117774794	PTEN, ANTXR2, ALMS1, BAZ1B, LZTFL1, BBS9, PHKB, BBS7, IFT74, SCAPER, FOS, CLIP2, SDCCAG8, POR, STOX1, MMP14, ESR1, NPHP1, IFT172, SCLT1, ATM, SETD2, GTF2I, TTC8, SOX9, BBS5, WDPCP, GTF2IRD1, CEP290, PLAAT3, BBS1, BSCL2
HP:0000219	Thin upper lip vermilion	110	0.042421905129193985	2.67232056194577	2.2823629299856493e-23	1.3810980859271985e-20	19.859775476624677	2.3478667460762373e-19	SMARCA2, RFX7, CDK5RAP2, IGF1R, USP9X, ADNP, ARID2, ANKRD11, HERC2, CDK13, SETD5, DSE, VPS35L, TBL1XR1, SIN3A, ATP9A, CDC42, ZBTB18, MED12L, EXT1, CDH2, MID1, TRIO, HIVEP2, HK1, MPC1, CDH11, ZNF407, MBD5, TRAPPC9, ATRX, MED13, DYRK1A, NFIA, MCPH1, ZNF292, SMAD4, SH3PXD2B, MAPRE2, PPM1D, PBX1, EXOC2, ACBD6, ARID1A, POGZ, GLIS3, WAC, FBN1, EP300, TRPS1, SPECC1L, SPEN, ASXL2, FBXO11, HS2ST1, ANKRD17, TRIP12, SYNGAP1, PPP1CB, KCNMA1, NIPBL, HUWE1, AFF3, OPHN1, DDB1, MAPK1, PRKDC, AHDC1, CNOT2, KAT6B, AFF4, PDCD6IP, TRRAP, PACS1, CREBBP, SATB2, IFT43, MEIS2, WASHC4, ARMC9, FGFR2, CIT, TNRC6B, TLK2, CAPRIN1, GATAD2B, ARID1B, STAG2, ROR2, KMT2A, EDEM3, KAT6A, AP3B1, OCA2, CTNNB1, SRRM2, DHX9, TASP1, CHD2, HDAC8, WDR19, SETBP1, HNRNPC, CUX1, SPTBN1, UBAP2L, BPTF, ABCC9, B3GLCT, AGO2
HP:0011947	Respiratory tract infection	38	0.014654839953721558	2.671460603599207	5.4540475169041975e-09	2.7235818838055086e-07	6.564859563240011	5.610578680639348e-05	RSPH1, DNAH1, TTC12, DRC1, CFAP221, CFAP74, DNAAF4, DNAL1, RSPH9, CCDC39, DNAAF1, DNAAF5, MAGI2, NEK10, NME5, RSPH3, CREBBP, DNAJB13, CFAP298, CD2AP, DNAAF3, SPAG1, EP300, PLCE1, MYO1E, RPGR, CCDC40, CFAP300, TRPC6, ANKFY1, DNAH11, DNAI1, SPEF2, DNAH5, HK1, RSPH4A, HYDIN, DNAH9
HP:0000426	Prominent nasal bridge	80	0.030852294639413805	2.659106348440523	3.2665526357066754e-17	7.46733932522546e-15	14.126834113339662	3.360302696351457e-13	B9D1, MIA3, NDE1, PIBF1, ANKRD11, BBS7, CDK13, RAB3GAP2, SIN3A, PRKD1, CSPP1, MED12L, SCLT1, ASPH, TRIO, TMEM231, TTC8, TMEM67, BBS5, HIVEP2, BBS1, SCAPER, NR2F1, MED13, DYRK1A, TBCK, BBS9, PUM1, ASH1L, IFT74, SMAD4, SPOP, SDCCAG8, HERC1, SPRED2, ZMIZ1, AHI1, RB1, CC2D2A, FBN1, CASK, SPECC1L, SPEN, FBXO11, KANSL1, DOCK7, CPLANE1, TXNL4A, WDPCP, STAG1, KIAA0753, CEP41, CEP290, RREB1, MAPK1, IFT57, LEMD3, KAT6B, LZTFL1, TCF4, TRRAP, VPS13B, ANKH, TCTN1, SATB2, MEIS2, ARMC9, FGFR2, TLK2, PHF21A, ARL13B, RPGRIP1L, TOGARAM1, MECP2, HDAC8, EXT2, NPHP1, IFT172, JMJD1C, KAT6A
HP:0002983	Micromelia	31	0.01195526417277285	2.6480267386553544	1.7011588962510183e-07	6.944373637196121e-06	5.158366920290225	0.0017499821565734224	SERPINH1, LIFR, ANTXR2, EVC2, GPC6, BMPR1B, NBAS, CSGALNACT1, GLUL, IFT80, HDAC8, CCDC8, WDR19, WDR35, IFT43, TRIP11, IFT172, FGFR2, DDR2, DYNC2H1, APC, DYNC2LI1, CCN2, NIPBL, PRKACB, IFT140, IFT81, KIAA0753, B3GLCT, TTC21B, DPYD
HP:0000687	Widely spaced teeth	41	0.015811801002699577	2.6266716843113596	2.4436737333012137e-09	1.289131881767671e-07	6.88970265084354	2.5138071694469584e-05	SMARCA2, CDK5RAP2, AFF3, MAPK1, LRP6, CERT1, AHDC1, DYRK1A, ADNP, HDAC4, IDS, OCA2, TCF4, TBCD, IFT52, MECP2, TBL1XR1, HDAC8, BCAS3, CDC42, PRKD1, WDR35, ZSWIM6, IFT43, LARP7, PTPRF, ZEB2, GALNS, KANSL1, TANC2, PPP1CB, FGFR1, ACVR1, NIPBL, HK1, IFT140, MED13L, KIAA0753, B3GLCT, IFT122, MBD5
HP:0010535	Sleep apnea	27	0.01041264944080216	2.6157337296473617	1.3701948270164259e-06	4.8271212964102644e-05	4.316311788046899	0.014095194185517973	MUSK, AHDC1, AFF4, DEAF1, IDS, CTNNB1, USP7, CEP57, TCF4, HERC2, SPOP, HSPB8, SIN3A, PRNP, EXT2, LARP7, FLCN, FGFR2, UBAP2L, RERE, COLQ, SOX9, BRAF, ZBTB7A, GRIN2A, ABCC9, C2CD3
HP:0002342	Moderate intellectual disability	40	0.015426147319706903	2.604616464251168	5.018774138060865e-09	2.5432576137060153e-07	6.5946096466884425	5.162812955823212e-05	PREPL, RSPRY1, OPHN1, FOXP1, AHDC1, USP9X, SLC35A3, OCA2, THOC2, ARID2, TCF4, ANKRD11, TBCD, MECP2, PSPH, LAMA1, ITPR1, RBMX, COG5, SATB2, ARID1A, EXT2, NFIX, XYLT1, CC2D2A, SMOC1, CASK, GLUD1, FGFR2, KANSL1, SYNGAP1, TMEM67, YY1, NSD1, ARID1B, GRIN2A, CDH11, STAG2, MED13L, RPGRIP1L
HP:0000733	Motor stereotypy	64	0.024681835711531045	2.59398537664198	1.732775491630039e-13	1.4035481482203317e-11	10.852772684456164	1.7825061482398212e-09	SMARCA2, RFX7, NTRK2, OPHN1, AFF3, DEPDC5, ATRX, AUTS2, CERT1, KAT6A, FOXP1, RBL2, DYRK1A, ADNP, HDAC4, THOC2, DEAF1, ARID2, TCF4, TBCD, ASH1L, MECP2, PRDM16, SETD5, PPP2CA, TKT, ZMYM2, POLA1, MACF1, TARDBP, ATP9A, CREBBP, CHD1, FBXW11, ZBTB20, SKI, EXT2, CAMTA1, EHMT1, POGZ, LARP7, UBE4B, CHMP2B, EP300, ZEB2, FLCN, KCNN2, SPTBN1, SPEN, NSD2, UBAP2L, PGAP1, RERE, TANC2, DOCK7, TRIO, TMEM67, TAOK1, NIPBL, DDX6, SOX5, KMT2A, HUWE1, MBD5
HP:0001159	Syndactyly	50	0.01928268414963363	2.5792468233656045	9.437951745284001e-11	5.920012780715642e-09	8.227677355677708	9.708820960373653e-07	LEMD3, PIBF1, NEK1, PPP1R12A, LZTFL1, NBAS, BBS9, ANKRD11, BBS7, HERC2, IFT74, SCAPER, CHD2, MTRR, CREBBP, SDCCAG8, WDR35, SEPTIN9, POGZ, LAMA3, ZSWIM6, LMBR1, NPHP1, PIK3CA, IFT172, GLI3, EP300, ZEB2, FGFR2, SCLT1, LTBP1, RERE, SYNGAP1, TMEM231, CPLANE1, TTC8, ASXL1, FGFR1, PHF21A, BBS5, WDPCP, NIPBL, CDH11, ROR2, MED13L, BBS1, IFT81, KIAA0753, B3GLCT, CEP290
HP:0002162	Low posterior hairline	37	0.014269186270728885	2.578341824480213	2.5286426577293342e-08	1.1612565633956098e-06	5.935071818368859	0.0002601214702006166	SMARCA2, RRAS2, MAPK1, EDEM3, MBD5, CHN1, ANKRD11, CDK13, SHOC2, RAB3GAP1, FOS, RAB3GAP2, SPRED1, INTU, NF1, HDAC8, CREBBP, SPRED2, SOS1, NFIX, RASA2, EP300, KDM4B, NSD2, CDH2, PGAP1, PIK3C2A, APC, PPP1CB, NIPBL, BRAF, NELFA, KMT2A, SOS2, ABCC9, HUWE1, RPS28
HP:0000076	Vesicoureteral reflux	70	0.02699575780948708	2.562606521279375	2.549256263367276e-14	2.6759386919652216e-12	11.572523840846744	2.622419918125917e-10	CDK5RAP2, RREB1, CHD4, ATRX, PPP3CA, KMT2C, HNRNPU, AFF4, BAZ1B, NFIA, BBS9, MCPH1, LZTFL1, PDCD6IP, BBS7, SDHA, IFT74, SCAPER, TRRAP, SPOP, CLIP2, DCDC2, NRIP1, MAPKBP1, HDAC8, CREBBP, GREB1L, SDCCAG8, POR, RBMX, PBX1, ZMIZ1, EHMT1, NPHP1, BNC2, IFT172, EP300, ZEB2, TRPS1, PAK2, FGFR2, CIT, SCLT1, JAG1, EXT1, BPTF, KANSL1, HPSE2, ARNT2, MID1, RERE, LTBP1, BICC1, GTF2I, ROBO2, EYA1, TTC8, ASXL1, JMJD1C, BBS5, NSD1, HSPA9, WDPCP, DDX6, CHD7, NIPBL, GTF2IRD1, BBS1, RALGAPA1, CEP290
HP:0001182	Tapered finger	48	0.018511376783648285	2.559166780982356	3.0094199317857206e-10	1.8210531081341004e-08	7.739677388508617	3.095790283827971e-06	SMARCA2, TRAPPC9, MAPK1, ATRX, CHD4, NR2F1, AHDC1, KMT2C, USP9X, DYRK1A, TBCK, ADNP, SLC25A12, TCF4, PUM1, KMT2E, RNF13, SPOP, SETD5, DSE, MAPRE2, RETREG1, ZMYM2, RUSC2, HDAC8, VPS13B, CRLF1, CDC42, ACBD6, ZMIZ1, EHMT1, EXOC6B, KIF1A, SPEN, GNB1, PHIP, FBXO11, COPB1, WNK1, TRIO, ASXL1, SMARCAD1, PHF21A, HIVEP2, DDX6, KMT2A, CNOT1, HUWE1
HP:0000389	Chronic otitis media	47	0.018125723100655612	2.539944014628605	6.0965821768365e-10	3.48419671406206e-08	7.45789733316497	6.271554085311708e-06	RSPH1, RREB1, DNAH1, TTC12, AHDC1, DRC1, CFAP221, CFAP74, BAZ1B, DNAAF4, KAT6A, DNAL1, SLC25A12, ANKRD11, RSPH9, CCDC39, DNAAF1, DNAAF5, NEK10, NME5, RSPH3, CLIP2, DNAJB13, CFAP298, DNAAF3, SPAG1, FGFR2, NSD2, RPGR, CCDC40, CFAP300, STAT3, DNAH11, GTF2I, SPEF2, DNAH5, JMJD1C, DNAI1, NXN, NSD1, CFAP45, NELFA, GTF2IRD1, ROR2, RSPH4A, HYDIN, DNAH9
HP:0000126	Hydronephrosis	86	0.033166216737369844	2.53974311737205	5.2583977755555436e-17	1.1039415901457118e-14	13.957053904639867	5.409313791713988e-13	RFX7, MIA3, USP9X, HDAC4, BBS7, RAB3GAP1, RAB3GAP2, DSE, NRIP1, IFT80, VPS35L, CDC42, BNC2, ZEB2, SCLT1, MID1, RERE, APC, TTC8, BBS5, NSD1, YY1, BBS1, SCAPER, ATRX, DYRK1A, NFIA, BBS9, IFT74, DLG5, SDCCAG8, SOS1, WDR35, UBE4B, GLI3, EP300, SPEN, DYNC2H1, KANSL1, HPSE2, EYA1, NIPBL, WDPCP, DDX6, KIAA0753, CEP290, DDB1, PPP3CA, KAT6B, LZTFL1, ITGA6, LTBP4, TRRAP, PRDM16, NF1, CREBBP, EHMT1, FGFR2, ARNT2, RORA, NXN, SOX9, SPART, ARID1B, ROR2, UBR1, SCAF4, COG7, PGM1, TOGARAM1, CTNNB1, TASP1, ZMYM2, GREB1L, SKI, LAMA3, NPHP1, SETBP1, IFT172, GNB1, FGFR1, CHD7, BRAF, ITGB4, B3GLCT, KAT6A
HP:0000414	Bulbous nose	65	0.025067489394523718	2.5312020295970297	4.032048030703356e-13	3.118622412920709e-11	10.506037204246303	4.147767809184542e-09	SCAF4, SMARCA2, AFF3, RREB1, EDEM3, USP9X, MBD5, DYRK1A, TBCK, CEP57, KAT6B, ZNF292, SRRM2, TRRAP, SPOP, SETD5, RUSC2, ZMYM2, PACS1, CDC42, FBXO31, RBMX, MIPEP, CCDC8, MTX2, POR, CAMTA1, EXT2, C2CD3, SATB2, STXBP1, WAC, SMC5, MPDZ, CUX1, FBN1, KDM4B, MED12L, TRPS1, SPEN, SPTBN1, CIT, JAG1, UBAP2L, FBXO11, EXT1, KANSL1, RERE, DOCK7, TRIO, JMJD1C, FRA10AC1, JARID2, YY1, SNX14, BRAF, HK1, CDH11, STAG2, KCNN3, SOX5, KMT2A, MED13L, HUWE1, CDK13
HP:0000717	Autism	85	0.03278056305437717	2.5290143009629786	1.0643017374799975e-16	1.9906312679012244e-14	13.701009178519248	1.0948471973456735e-12	NTRK2, TCF12, UBA5, ADNP, HDAC4, ANKRD11, BBS7, USF3, HERC2, SIN3A, ZBTB20, PIK3CA, SCLT1, RERE, TTC8, BBS5, YY1, MED13L, BBS1, SLC1A2, SCAPER, ATRX, NR2F1, DYRK1A, TBCK, SOX2, DEAF1, BBS9, IFT74, SMAD4, CHD1, SDCCAG8, UBE4B, EP300, FRYL, SPEN, SETD2, DOCK7, SYNGAP1, CELF2, NIPBL, WDPCP, DPYD, CEP290, RREB1, PPP3CA, AHDC1, LZTFL1, PRDM16, CREBBP, SATB2, EHMT1, REV3L, MEIS2, ARNT2, RPL17, GTF2IRD1, KMT2A, PTEN, WWOX, BAZ1B, OCA2, GATM, MECP2, CLIP2, HDAC8, SKI, EXT2, NSUN6, NPHP1, IFT172, FLCN, GNB1, PAK2, SPTBN1, NFIB, GTF2I, DICER1, JMJD1C, FGFR1, TAOK1, CHD7, TRAK1, BRAF, CDK13
HP:0000154	Wide mouth	71	0.027381411492479753	2.5067986459270686	5.784790570684391e-14	5.0861658633017375e-12	11.293609481293194	5.950814060063033e-10	SMARCA2, AFF3, NRXN1, MAPK1, ATRX, DDB1, AUTS2, NR2F1, KAT6A, AHDC1, MED13, BAZ1B, ADNP, OCA2, ARID2, TCF4, ANKRD11, TRRAP, PSPH, SH3PXD2B, TASP1, CLIP2, CHD2, POLA1, PACS1, PPM1D, CDC42, ZMYND11, MIPEP, SPRED2, ERLIN2, ZMIZ1, SOS1, ARID1A, POGZ, ZSWIM6, LARP7, WAC, PIK3CA, SETBP1, DPYD, FLCN, ZNF148, SPEN, FBXO11, GALNS, PGAP1, HS2ST1, TRIP12, SYNGAP1, TRIO, GTF2I, GATAD2B, TMEM67, NXN, KCNMA1, ARID1B, STAG1, GTF2IRD1, IFT140, KCNN3, STRADA, ABCC9, MED13L, ROR2, RALGAPA1, B3GLCT, HUWE1, FOXP2, DYM, MBD5
HP:0000322	Short philtrum	81	0.031237948322406478	2.5037762548375526	1.0642140447575569e-15	1.6445557001140755e-13	12.783951412638897	1.0947569878420987e-11	SMARCA2, TGIF1, ARID2, RAB3GAP1, RAB3GAP2, SETD5, SIN3A, CDC42, ERLIN2, ZBTB18, LARP7, KDM4B, MED12L, ZEB2, CDH2, KIDINS220, TRIO, APC, HIVEP2, NELFA, CDH11, TRAPPC9, DEAF1, SON, ZNF292, ASH1L, SMAD4, SH3PXD2B, ACBD6, MTX2, NFIX, ARID1A, POGZ, STIM1, FRYL, SPEN, PHIP, GLI2, NSD2, FBXO11, ANKRD17, TRIP12, DOCK7, ITCH, TXNL4A, PRKACB, HUWE1, AFF3, RREB1, OPHN1, IFT57, AUTS2, PPP3CA, AHDC1, TCF4, TRRAP, PPP2CA, VPS13B, CREBBP, SATB2, MEIS2, GATAD2B, NXN, PHF21A, JARID2, ARID1B, DISP1, STAG2, ROR2, EDEM3, KAT6A, BCAS3, EXT2, SETBP1, GNB1, SPTBN1, BPTF, JMJD1C, FGFR1, TAOK1, CDK13
HP:0007370	Aplasia/Hypoplasia of the corpus callosum	32	0.012340917855765523	2.4922604599109217	5.16809438144665e-07	1.976363825350992e-05	4.704133103879073	0.005316418690194169	B9D1, TOGARAM1, PIBF1, NFIA, DEAF1, CEP57, TCF4, IFT74, RAB3GAP1, HIBCH, RAB3GAP2, TCTN1, AHI1, CSPP1, ZBTB18, LMBR1, PIK3CA, GLI3, CC2D2A, ARMC9, TMEM231, CPLANE1, FGFR1, TMEM67, NSD1, BRAF, ARL13B, KIAA0753, RPGRIP1L, CEP41, B3GLCT, CEP290
HP:0003251	Male infertility	69	0.026610104126494408	2.4915524313711743	2.997150566141777e-13	2.335733929840944e-11	10.631576630473639	3.0831687873900462e-09	CEP112, RSPH1, CFAP44, CFAP54, DNAH1, TTC12, WWOX, DRC1, CFAP221, CFAP74, DNAAF4, TSGA10, DNAL1, SPAG17, CCDC146, CFAP47, RSPH9, TTC21A, CCDC39, IFT74, DNAAF1, CCDC62, DNAAF5, ARMC2, NEK10, STK33, NME5, RSPH3, TTC29, DDX3Y, DPY19L2, DNAH2, LRRC23, KDM5D, DNAJB13, MSH5, WDR19, CFAP298, CFAP70, DNAAF3, SPAG1, GCLC, TEX15, CDC14A, DNAH9, RPGR, CCDC40, DNAH10, CFAP300, DNAH7, CFAP65, DNAH11, DNAI1, SPEF2, DNAH5, DNHD1, SOX9, DZIP1, MNS1, CFAP61, AK7, SHOC1, BRAF, RSPH4A, USP9Y, CFAP43, HYDIN, BRWD1, CFAP52
HP:0000276	Long face	91	0.0350944851523332	2.4842312702849196	3.9127313451199467e-17	8.75005811896715e-15	14.057989062330499	4.025026734724889e-13	B9D1, PIBF1, MUSK, PPP1R12A, ADNP, NBAS, ANKRD11, EFEMP1, SIN3A, CSPP1, CAMTA1, NEDD4L, ASPH, TMEM231, APC, ASXL1, TMEM67, NSD1, GFPT1, PRKG1, DYRK1A, ARIH1, IFT74, SMAD4, MAPRE2, HEY2, SOX6, MYO9A, HERC1, PBX1, ACBD6, AHI1, NFIX, TTN, ATG7, CC2D2A, FBN1, SPEN, FRYL, JAG1, ASXL2, FBXO11, KANSL1, SETD2, SYNGAP1, EYA1, CPLANE1, SMAD2, PRKACB, KIAA0753, CEP41, HUWE1, MAP3K20, CEP290, RREB1, OPHN1, MAPK1, RUSC2, NF1, ANKH, TCTN1, SATB2, SMC5, MEIS2, ARMC9, TLK2, CAPRIN1, FRA10AC1, HNRNPH1, ARL13B, STRADA, RPGRIP1L, TOGARAM1, CEP57, SYNE1, BRWD3, NRCAM, POLA1, BCAS3, NPHP1, SETBP1, CUX1, NEB, DDR2, UBAP2L, NFIB, JMJD1C, PAK1, BRAF, B3GLCT, KAT6A
HP:0001156	Brachydactyly	118	0.045507134593135365	2.4798980568359665	7.4809005644758905e-22	3.4980010957619764e-19	18.456180058812944	7.695602410676348e-18	SMARCA2, RSPRY1, TCF12, BMPR1B, ADNP, HDAC4, NBAS, ARID2, BBS7, USF3, SIK3, CSGALNACT1, IFT80, VPS35L, SIN3A, POR, FBXW11, CSPP1, PIK3CA, SCLT1, EXT1, RERE, TRIO, TMEM231, TTC8, DYNC2LI1, TMEM67, BBS5, CDH11, SOS2, IFT81, BBS1, STX16, SCAPER, PCYT1A, LIFR, ATRX, NEK1, DEAF1, BBS9, RBPJ, IFT74, SHOC2, SMAD4, SH3PXD2B, SDCCAG8, PPM1D, SPRED2, ZMIZ1, SOS1, WDR35, ARID1A, POGZ, RB1, WAC, UBE4B, GLI3, FBN1, RASA2, TRPS1, SPECC1L, SPEN, JAG1, DYNC2H1, CPLANE1, PPP1CB, NIPBL, WDPCP, PRKACB, IFT140, KIAA0753, HUWE1, CEP290, CAMK2G, FTO, IFT57, ANTXR2, PPP3CA, EVC2, AHDC1, KAT6B, NOTCH2, LZTFL1, AFF4, PRDM16, EHMT1, ARHGAP31, IFT43, REV3L, FGFR2, TLK2, GNAS, NXN, SPART, ROR2, TTC21B, DYM, IFT122, RRAS2, PTEN, CHN1, IFT52, TASP1, PDE3A, WDR19, SKI, TRIP11, NPHP1, IFT172, RIN2, UBAP2L, LTBP1, FGFR1, SNX14, CHD7, BRAF, B3GLCT, KAT6A
HP:0000944	Abnormal metaphysis morphology	29	0.011183956806787505	2.477186303903396	1.996259396564641e-06	6.79984119617896e-05	4.167501229709721	0.020535520412460463	LIFR, GPC6, CTNNB1, IFT52, SMAD4, CSGALNACT1, IFT80, ANKH, CCDC8, WDR19, SKI, WDR35, IFT43, TRIP11, RB1, ANTXR1, XYLT1, LMBR1, IFT172, FBN1, DYNC2H1, DYNC2LI1, NSD1, CHD7, IFT140, ABCC9, KIAA0753, TTC21B, IFT122
HP:0000722	Compulsive behaviors	33	0.012726571538758195	2.473157048366793	4.2111683873165e-07	1.6347278943518804e-05	4.786554526683294	0.004332028920032483	VPS13A, MAPK1, AUTS2, NR2F1, FOXP1, USP9X, BAZ1B, ADNP, HDAC4, NFIA, TRRAP, SETD5, TKT, CLIP2, HDAC8, CREBBP, PPM1D, SIN3A, POGZ, EHMT1, EP300, KDM4B, SPTBN1, UBAP2L, TLK2, TRIO, GTF2I, JARID2, NIPBL, CHD7, ARID1B, GTF2IRD1, TTC19
HP:0000540	Hypermetropia	75	0.028924026224450443	2.4620083313944408	3.861537235341129e-14	3.6372773568659716e-12	11.439223581000904	3.9723633539954196e-10	PCYT1A, RRAS2, NR2F1, NEK1, AHDC1, USP45, KMT2C, DYRK1A, PPP1R12A, RPE65, MBD5, CTNNB1, ADNP, SON, NBAS, SRRM2, ASH1L, HERC2, IFT52, SHOC2, SMAD4, CRB1, SYNE1, CSGALNACT1, RAD50, TASP1, ZMYM2, LAMA1, USP9X, HDAC8, CREBBP, PPM1D, ITPR1, SIN3A, PBX1, ACBD6, WDR19, NFIX, SATB2, WDR35, EHMT1, ATF6, MARK3, POGZ, WAC, SETBP1, IFT172, FBN1, EP300, MED12L, FLCN, ZNF148, PHIP, UBAP2L, FBXO11, KIDINS220, RPGR, KANSL1, CAPRIN1, RORA, GATAD2B, YY1, NSD1, HIVEP2, TAOK1, DDX6, BRAF, IFT140, SPATA7, MED13L, KIAA0753, LCA5, HUWE1, NADK2, CEP290
HP:0100716	Self-injurious behavior	47	0.018125723100655612	2.456393224673717	3.3105123698478165e-09	1.728692423788045e-07	6.762282271349761	3.405524074862449e-05	SCAF4, RFX7, VPS13A, ATRX, RBL2, FOXP1, AHDC1, KMT2C, DEAF1, HDAC4, CTNNB1, OCA2, TCF4, HERC2, KMT2E, PRDM16, SPOP, PPP2CA, TKT, NRCAM, CREBBP, FBXW11, VAMP2, ACBD6, ZBTB20, SKI, NFIX, POGZ, EHMT1, WAC, DPYD, SETBP1, UBE4B, WASHC4, EP300, CASK, SPEN, UBAP2L, CDH2, RERE, TRIO, TAOK1, GNAO1, NIPBL, CHKA, SOX5, MBD5
HP:0000736	Short attention span	46	0.01774006941766294	2.4525348317747575	5.100021460589899e-09	2.5717608218180536e-07	6.589769424003912	5.2463920765088295e-05	SMARCA2, VPS13A, PTEN, AASS, FOXP1, LZTFL1, OCA2, BBS9, TGIF1, BBS7, EFL1, IFT74, PRKN, DNAJC6, SYNE1, SCAPER, AUH, SPRED1, NF1, PSAP, ATP9A, CREBBP, SDCCAG8, SIN3A, PRNP, NPHP1, IFT172, EP300, SPTBN1, GLI2, VPS13C, FBXO11, SCLT1, MID1, PLA2G6, TTC8, BBS5, TAOK1, WDPCP, DISP1, GRIN2A, CEP290, KMT2A, BBS1, FOXP2, MBD5
HP:0000341	Narrow forehead	58	0.02236791361357501	2.450833258117189	4.086384760950468e-11	2.6109714308010844e-09	8.583197880192882	4.2036640035897464e-07	COG7, SERPINH1, CAMK2G, TRAPPC9, MAPK1, ATRX, NDE1, WWOX, AHDC1, USP9X, AFF4, DYRK1A, TBCK, NBAS, SON, TCF4, TBCD, PUM1, HERC2, SHOC2, RNF13, RAB3GAP1, SPOP, PSPH, SETD5, NF1, NRCAM, FUT8, SOX6, CDC42, SPRED2, WDR35, POGZ, ADAM22, SETBP1, GPT2, MEIS2, KDM4B, FRYL, ZNF148, SPTBN1, PLCB4, SPEN, HS2ST1, DOCK7, ASXL1, PPP1CB, FRA10AC1, FGFR1, MTSS2, VPS53, NIPBL, DDX6, BRAF, CDH11, IFT140, MED13L, KAT6A
HP:0000691	Microdontia	53	0.020439645198611647	2.447885182826752	3.1286451927595135e-10	1.8711844824370414e-08	7.727883392748662	3.2184373097917116e-06	SMARCA2, MAPK1, LRP6, TCF12, EVC2, MBD5, BAZ1B, ADNP, LZTFL1, BBS9, KAT6B, BBS7, IFT52, CDK13, IFT74, SCAPER, MAPRE2, CLIP2, SDCCAG8, PRKD1, WDR19, NFIX, SATB2, WDR35, LAMA3, IFT43, WHRN, NPHP1, REV3L, IFT172, ADGRV1, TRPS1, FGFR2, SCLT1, HS2ST1, PIK3C2A, GTF2I, TTC8, EYA1, DYNC2LI1, FGFR1, BBS5, WDPCP, ARID1B, CDH11, GTF2IRD1, IFT140, PRKACB, UBR1, BBS1, KIAA0753, IFT122, CEP290
HP:0000490	Deeply set eye	92	0.03548013883532588	2.444332374143404	7.01724746281819e-17	1.3882004740386678e-14	13.857547811632015	7.218642465001072e-13	IGF1R, HDAC4, TBCD, BBS7, RAB3GAP1, RAB3GAP2, DIS3L2, TBL1XR1, SIN3A, ZBTB20, CAMTA1, LARP7, PIK3CA, MED12L, ZEB2, NEDD4L, CDH2, KIDINS220, PGAP1, RERE, TMEM67, RALGAPA1, PRKG1, LIFR, ALMS1, DYRK1A, TBCK, DEAF1, ARIH1, SON, ASH1L, SMAD4, CRB1, SPOP, SH3PXD2B, HEY2, ACBD6, NFIX, WAC, STIM1, UBE4B, FBN1, EP300, FRYL, SPEN, JAG1, PHIP, FBXO11, ANKRD17, SYNGAP1, SMAD2, STAG1, PLAAT3, HUWE1, DPYD, OPHN1, MAPK1, LEMD3, PRKDC, AHDC1, PDCD6IP, TCF4, KMT2E, TRRAP, PRDM16, NF1, CREBBP, FBXO31, MIPEP, SATB2, SEPTIN9, MEIS2, CAPRIN1, ARNT2, STAT3, GATAD2B, JARID2, EDEM3, TOGARAM1, CHN1, CEP57, SRRM2, HDAC8, SKI, SETBP1, HNRNPC, AGO2, SPTBN1, UBAP2L, BPTF, PAK1, KAT6A
HP:0030680	Abnormal cardiovascular system morphology	110	0.042421905129193985	2.4409185021124773	1.0934271085416386e-19	3.2137384758765244e-17	16.49298946767999	1.1248084665567836e-15	SMARCA2, B9D1, PIBF1, ADNP, HDAC4, TGIF1, CHD6, DNAAF5, DNAAF1, NME5, IFT80, CSPP1, SEMA3A, DNAAF3, PIK3CA, EXT1, RERE, TMEM231, DYNC2LI1, TMEM67, NSD1, NELFA, RSPH4A, SOS2, HYDIN, NEK1, CFAP221, CFAP74, DEAF1, SOX2, IFT74, DNAJB13, SPRED2, SOS1, AHI1, NFIX, WDR35, RB1, SPAG1, UBE4B, CC2D2A, FBN1, EP300, RASA2, TRPS1, SPEN, GLI2, NSD2, DYNC2H1, CPLANE1, NIPBL, PRKACB, KIAA0753, CEP41, CEP290, RSPH1, DNAH9, RREB1, DRC1, EVC2, NOTCH2, PRDM16, NEK10, CREBBP, TCTN1, CFAP298, ARMC9, FGFR2, RPGR, ARNT2, CFAP300, DNAH11, SPEF2, SOX9, ARID1B, DISP1, ARL13B, KCNN3, STRADA, CTNND2, UBR1, RPGRIP1L, GPC6, RRAS2, DNAH1, TOGARAM1, TTC12, WWOX, DNAAF4, CEP57, CHN1, RSPH9, CCDC39, LRP5, RSPH3, HDAC8, GREB1L, SKI, EXT2, TRIP11, NPHP1, LTBP1, CCDC40, DNAI1, DNAH5, JMJD1C, FGFR1, CHD7, BRAF, DNAL1
HP:0000179	Thick lower lip vermilion	47	0.018125723100655612	2.440338366996111	3.7209621844025825e-09	1.9234943714044907e-07	6.715909080202784	3.827753799094937e-05	SMARCA2, B9D1, AFF3, RRAS2, ATRX, KMT2C, DYRK1A, BAZ1B, ADNP, HDAC4, IDS, DEAF1, ARID2, SHOC2, TASP1, CLIP2, CHD2, SIN3A, RBMX, SPRED2, SOS1, ZBTB20, ARID1A, CAMTA1, EHMT1, P3H2, ANTXR1, SMC5, RASA2, FBN1, ZEB2, GLI2, FBXO11, LTBP1, SYNGAP1, GTF2I, PPP1CB, YY1, BRAF, ARID1B, CDH11, GTF2IRD1, KCNN3, SOS2, STRADA, ABCC9, HUWE1
HP:0001395	Hepatic fibrosis	34	0.013112225221750868	2.433321867953569	4.3428709690198665e-07	1.673225230648216e-05	4.776445595293487	0.004467511365830737	DZIP1L, ALMS1, NEK1, LZTFL1, CTNNB1, BBS9, TCF4, PHKB, BBS7, CP, IFT74, SCAPER, SLC25A13, DCDC2, NPHP3, SDCCAG8, WDR35, GLIS3, NPHP1, IFT172, CC2D2A, USP53, SCLT1, TTC8, TMEM67, BBS5, WDPCP, IFT140, UBR1, BBS1, ABCD3, TRAF3IP1, IFT122, CEP290
HP:0000556	Retinal dystrophy	37	0.014269186270728885	2.4291815536425148	2.2469386119602403e-07	8.924423745650576e-06	5.049419816914793	0.002311425750123499	INVS, DRAM2, NPHP4, ALMS1, NEK1, LZTFL1, BBS9, EFEMP1, BBS7, IFT74, SCAPER, LAMA1, NPHP3, SDCCAG8, WDR19, AHI1, CSPP1, NPHP1, IFT172, CC2D2A, ARMC9, DDR2, SCLT1, PGAP1, TMEM231, TTC8, PGK1, BBS5, WDPCP, SLC19A2, IFT140, TRAF3IP1, BBS1, RPGRIP1L, CEP41, IFT122, CEP290
HP:0000527	Long eyelashes	40	0.015426147319706903	2.4256733483865838	6.856227452970041e-08	2.9513662474063906e-06	5.529976893733509	0.0007053001180870281	SMARCA2, PREPL, DDB1, DEPDC5, CNOT2, AFF4, NOTCH2, TBCK, SHOC2, SMAD4, SPOP, RUSC2, NRCAM, PACS1, HDAC8, VPS13B, SLC30A9, CREBBP, CHD1, ARID1A, SATB2, CAMTA1, DPYD, FBN1, EP300, EGFR, SPEN, ASXL2, FBXO11, LTBP1, DOCK7, NXN, NIPBL, ARID1B, STAG1, KCNN3, ROR2, KMT2A, ABCC9, MBD5
HP:0000752	Hyperactivity	65	0.025067489394523718	2.4242498311633525	3.90725238755562e-12	2.734279272842494e-10	9.563157129687632	4.019390531078466e-08	VPS13A, OPHN1, TRAPPC9, ATRX, AASS, AUTS2, AHDC1, DYRK1A, ADNP, HDAC4, OCA2, UBE3C, ARID2, PDCD6IP, ASH1L, HERC2, MECP2, SHOC2, SMAD4, SLC25A13, SPRED1, RUSC2, CHD2, CUL3, ATP9A, CREBBP, SIN3A, DPP6, ARID1A, CAMTA1, SATB2, NFIX, POGZ, ZSWIM6, STXBP1, DPYD, SETBP1, EP300, CASK, FLCN, SPTBN1, NSD2, FBXO11, KANSL1, TRIP12, SYNGAP1, AQP4, PLA2G6, BSCL2, GATAD2B, MAPK10, HIVEP2, GNAO1, CHKA, ATR, ARID1B, STAG2, MICU1, GRIN2A, KMT2A, MED13L, HUWE1, FOXP2, DYM, MBD5
HP:0001642	Pulmonic stenosis	43	0.016583108368684922	2.422662760897452	2.121284507107241e-08	9.785494943772282e-07	6.009417203126776	0.00021821653724612188	NRXN1, KAT6A, BAZ1B, NOTCH2, TBCK, SHOC2, SMAD4, SETD5, SPRED1, CLIP2, CUL3, NF1, VPS35L, NPHP3, CREBBP, ITPR1, CDC42, FBXW11, SPRED2, SOS1, ARHGAP31, WAC, SMC5, FBN1, EP300, DAW1, ZEB2, FRYL, BPTF, PGAP1, KANSL1, GTF2I, ADK, PPP1CB, HIVEP2, NIPBL, CHD7, BRAF, SMAD2, GTF2IRD1, SOS2, B3GLCT, AGO2
HP:0000107	Renal cyst	38	0.014654839953721558	2.415000385653683	1.6335610181066394e-07	6.694996889746215e-06	5.174249620409459	0.0016804442193262999	TULP3, DYRK1A, NOTCH2, APPL1, LZTFL1, LRP5, PRDM16, TRRAP, TKT, MAPKBP1, IFT80, NPHP3, SDCCAG8, PBX1, SKI, CSPP1, WDR35, LAMA3, EHMT1, GLIS3, PIK3CA, SETBP1, UBE4B, GLI3, CC2D2A, FLCN, ZNF148, SPEN, DYNC2H1, RERE, BICC1, TMEM231, TMEM67, NIPBL, IFT140, CDC73, RPGRIP1L, CEP290
HP:0000233	Thin vermilion border	41	0.015811801002699577	2.394906535695651	5.9154663573699436e-08	2.589463932692111e-06	5.58679013366786	0.0006085240241826461	SMARCA2, LIFR, FTO, IGF1R, LEMD3, EVC2, HNRNPU, NOTCH2, ADNP, HDAC4, NBAS, SON, SHOC2, SMAD4, RAB3GAP1, SPOP, NF1, GLUL, TBL1XR1, HDAC8, WDR19, SATB2, CAMTA1, POGZ, ZBTB18, STXBP1, SMOC1, SPECC1L, PHIP, JAG1, NSD2, SYNGAP1, DYNC2LI1, PPP1CB, PRORP, TXNL4A, NIPBL, CDH11, PRKACB, B3GLCT, CDK13
HP:0000581	Blepharophimosis	38	0.014654839953721558	2.3769688835174043	2.197920907685939e-07	8.763570688901262e-06	5.057318905872627	0.0022610012377365257	SMARCA2, MAPK1, MUSK, FOXP1, KAT6B, BAZ1B, CHN1, HDAC4, CEP57, MECP2, SMAD4, SETD5, MAPRE2, CLIP2, TBL1XR1, CREBBP, RBMX, WDR35, SEPTIN9, EP300, SMOC1, KCTD1, DDR2, KANSL1, TLK2, NFIB, RERE, GTF2I, GATAD2B, SOX9, TXNL4A, ATR, HNRNPH1, GTF2IRD1, KMT2A, HUWE1, GPC6, CDK13
HP:0200055	Small hand	34	0.013112225221750868	2.3692870819547904	1.0752913742111195e-06	3.881235918073609e-05	4.411029958186661	0.011061522366509787	IGF1R, AHDC1, EVC2, USP9X, AFF4, ADNP, USP7, HDAC4, CTNNB1, SON, OCA2, TCF4, PUM1, HERC2, MECP2, CHD6, CSGALNACT1, HDAC8, SIN3A, PPM1D, WRN, ACBD6, SATB2, XYLT1, FBN1, SPECC1L, FGFR2, FBXO11, BPTF, NIPBL, ROR2, KMT2A, CTNND2, HUWE1
HP:0000582	Upslanted palpebral fissure	100	0.03856536829926726	2.364309588085138	5.768623672846303e-17	1.1868366344513985e-14	13.925609056646959	5.934183172256991e-13	RFX7, CDK5RAP2, IGF1R, USP9X, HNRNPU, PPP1R12A, ADNP, HDAC4, TBCD, ANKRD11, HERC2, CDK13, SETD5, ITPR1, CDC42, KDM4B, ZNF148, PGAP1, COPB1, RERE, TRIO, ASXL1, HIVEP2, MED13L, ATRX, NR2F1, DYRK1A, NFIA, TBCK, DEAF1, MCPH1, ZNF292, MAPRE2, HERC1, EXOC2, ZMIZ1, ACBD6, NFIX, WDR35, POGZ, EP300, SPECC1L, FRYL, SPEN, JAG1, PHIP, NSD2, KANSL1, HS2ST1, ANKRD17, TRIP12, SETD2, PPP1CB, MTSS2, IFT140, HUWE1, DPYD, RREB1, DDB1, IFT57, AUTS2, CERT1, AHDC1, CNOT2, PDCD6IP, TCF4, TRRAP, SLC30A9, CREBBP, FBXO31, SEPTIN9, EHMT1, MEIS2, FGFR2, CIT, TLK2, GATAD2B, NXN, JARID2, ARID1B, ROR2, UBR1, COG7, CHD4, WWOX, AP3B1, DHX9, MECP2, NRCAM, POLA1, ZMYND11, AGO2, SPTBN1, UBAP2L, BPTF, JMJD1C, FGFR1, FANCL, B3GLCT, C2CD3
HP:0000089	Renal hypoplasia	41	0.015811801002699577	2.3601977453232506	8.433837553908715e-08	3.599953813985849e-06	5.443703071027089	0.0008675888691705895	AFF3, RREB1, ATRX, LEMD3, BAZ1B, NOTCH2, NFIA, MDM2, SRRM2, TRRAP, CLIP2, DCDC2, INTU, NRIP1, IFT80, SLC30A9, ITPR1, FBXW11, PBX1, WDR19, WDR35, PIK3CA, GLI3, ATP5F1A, JAG1, FGFR2, KCTD1, DYNC2H1, RERE, GTF2I, ROBO2, JMJD1C, TMEM67, TXNL4A, FANCL, HSPA9, NIPBL, CHD7, ARID1B, GTF2IRD1, B3GLCT
HP:0001320	Cerebellar vermis hypoplasia	54	0.02082529888160432	2.3314148459900403	1.5931503083893908e-09	8.535800636667532e-08	7.068755736906723	1.6388737222401662e-05	B9D1, RFX7, FOSL2, OPHN1, MRE11, TOGARAM1, PIBF1, PRKDC, NEK1, USP9X, MBD5, RPE65, TBCK, PSAT1, THOC2, IFT74, RAB3GAP1, TRRAP, DYNC1H1, RAB3GAP2, LAMA1, VPS35L, MACF1, ATP9A, ITPR1, PAFAH1B1, ACBD6, TCTN1, EXOC2, AHI1, CSPP1, C2CD3, NSUN6, TSEN15, NPHP1, IFT172, CC2D2A, ZEB2, ARMC9, PGAP1, MID1, RERE, TMEM231, SACS, CPLANE1, TMEM67, NSD1, ATR, HNRNPH1, ARL13B, KIAA0753, RPGRIP1L, CEP41, CEP290
HP:0004467	Preauricular pit	41	0.015811801002699577	2.3264806346757756	1.2448877763959647e-07	5.163774417655358e-06	5.287032738386133	0.0012806160555785288	CHD4, CFAP53, DYRK1A, NOTCH2, ADNP, KAT6B, ANKRD11, HEY2, NF1, NPHP3, PRKD1, SOS1, EHMT1, GLYR1, CTNND1, FBN1, FRYL, SPECC1L, JAG1, FGFR2, NSD2, FBXO11, MID1, RERE, EYA1, DICER1, PPP1CB, DZIP1, NSD1, HK1, CHD7, BRAF, NELFA, CFAP45, TAB2, STAG2, KMT2A, MED13L, B3GLCT, ZNF462, KAT6A
HP:0000325	Triangular face	50	0.01928268414963363	2.322830472504697	7.770752200133149e-09	3.806558470608081e-07	6.419467494842845	7.99377278827697e-05	SMARCA2, B9D1, SERPINH1, RRAS2, IGF1R, LEMD3, KAT6A, NOTCH2, CEP57, ANKRD11, PAPPA2, SPOP, PLOD2, SPRED1, ZMYM2, SOX6, SIN3A, HERC1, SPRED2, CCDC8, MTX2, SOS1, NFIX, LARP7, SMC5, RASA2, FBN1, MED12L, TRPS1, FLCN, ZNF148, JAG1, FBXO11, BPTF, TNRC6B, ANKRD17, RERE, SYNGAP1, RPL17, FRA10AC1, JARID2, NSD1, TAOK1, TRIM37, BRAF, STAG2, SOS2, MED13L, HUWE1, BSCL2
HP:0000160	Narrow mouth	69	0.026610104126494408	2.3226336224646538	7.71923759756293e-12	5.258794514313235e-10	9.279113798770759	7.940779716612987e-08	COG7, RREB1, MAPK1, IGF1R, PTEN, AUTS2, MUSK, AHDC1, KAT6A, TRIM33, NOTCH2, NFIA, CEP57, SON, MDM2, BBS7, MECP2, SMAD4, CHD6, RAB3GAP1, PRDM16, DSE, MAPRE2, SOX6, CREBBP, SIN3A, CRLF1, POR, PAFAH1B1, BMPR1A, MTX2, ZMIZ1, ZBTB20, SKI, NFIX, CAMTA1, SATB2, SEPTIN9, POGZ, TTN, STXBP1, PIK3CA, SETBP1, UBE4B, FBN1, EP300, MED12L, NEB, NEDD4L, SPEN, FGFR2, PLCB4, FBXO11, BPTF, TLK2, AKT3, RERE, PHACTR1, SYNGAP1, APC, ASXL1, JMJD1C, SOX9, TXNL4A, HIVEP2, CHD7, YWHAE, HUWE1, CDK13
HP:0000712	Emotional lability	48	0.018511376783648285	2.311005153735582	1.814737172649301e-08	8.409099682451965e-07	6.075250499311913	0.0001866820129504336	RFX7, VPS13A, ATRX, NEK1, LZTFL1, DEAF1, PDCD6IP, BBS9, ERBB4, BBS7, MECP2, IFT74, SCAPER, GALC, PSAP, HDAC8, TARDBP, CREBBP, SDCCAG8, PPARGC1A, SLC1A3, SATB2, PRNP, ANXA11, NPHP1, PIK3CA, USP48, IFT172, CHMP2B, EP300, SPTBN1, EPM2A, SCLT1, BPTF, PLA2G6, TTC8, GNAS, PGK1, ATXN2, BBS5, USP8, WDPCP, SPART, BRAF, GRIN2A, ELP1, BBS1, CEP290
HP:0000483	Astigmatism	68	0.026224450443501735	2.3085361311354373	1.4535958272273792e-11	9.64718727399229e-10	9.01559929074369	1.495314027468805e-07	PRKG1, CHD4, EDEM3, KAT6A, AHDC1, USP9X, DYRK1A, PPP1R12A, MBD5, HDAC4, BBS9, ADNP, LZTFL1, TCF4, ANKRD11, BBS7, ASH1L, EFEMP1, ARIH1, SHOC2, SMAD4, IFT74, SCAPER, SETD5, DSE, ZEB1, HEY2, SDCCAG8, PBX1, ZMIZ1, NFIX, CAMTA1, GTF2E2, POGZ, STXBP1, WAC, NPHP1, SETBP1, DPYD, IFT172, CC2D2A, FBN1, ZEB2, JAG1, UBAP2L, SCLT1, KIDINS220, CAPRIN1, ALDH3A2, RERE, TTC8, GATAD2B, CEP78, BBS5, FANCL, YY1, FBXW7, TRIM37, NSD1, WDPCP, NIPBL, ZBTB7A, SMAD2, TEAD1, HK1, ARID1B, BBS1, CEP290
HP:0000824	Decreased response to growth hormone stimulation test	33	0.012726571538758195	2.2996021677796494	2.8064726495025984e-06	9.312962627559106e-05	4.030912139843041	0.028870184145433228	PREPL, RRAS2, ALMS1, AFF4, DYRK1A, ADNP, CEP57, THOC2, OCA2, TGIF1, TBCK, HERC2, EFL1, VPS13B, SIN3A, GLI3, ZNF148, GLI2, BPTF, KANSL1, ARNT2, GNAS, FGFR1, TMEM67, YY1, CHD7, DISP1, STAG2, KMT2A, KIAA0753, PLCH1, STX16, ZNF462
HP:0002360	Sleep disturbance	66	0.02545314307751639	2.2996021677796494	5.660754530219102e-11	3.572526494010055e-09	8.447024541778502	5.82321818523639e-07	VPS13A, WDR45, GIGYF2, ALMS1, NEK1, DYRK1A, MBD5, ADNP, HDAC4, CTNNB1, USP7, OCA2, DEAF1, EIF4G1, TCF4, ASH1L, SOX2, MECP2, ERBB4, ASPA, SLC25A13, HIBCH, NF1, HDAC8, ATP9A, TARDBP, PPARGC1A, STOX1, PRNP, SATB2, EHMT1, SEPTIN9, LARP7, ATXN3, TSEN15, WAC, ANXA11, POGZ, CHMP2B, ZEB2, CASK, PHIP, EPM2A, NSD2, ATXN10, ARNT2, SYNGAP1, TRIO, ASXL1, GATAD2B, FGFR1, BSCL2, ATXN2, GNAO1, GNAQ, SPART, NIPBL, NELFA, BRAF, DNAJC13, GPHN, KMT2A, GFAP, GRIN2A, STAG2, MAP3K20
HP:0000077	Abnormality of the kidney	33	0.012726571538758195	2.2996021677796494	2.8064726495025984e-06	9.312962627559106e-05	4.030912139843041	0.028870184145433228	COG7, ATRX, PTEN, LEMD3, KITLG, FOXP1, EVC2, KMT2C, APPL1, USF3, PRDM16, CREBBP, STOX1, SKI, EXT2, EHMT1, STXBP1, PIK3CA, UBE4B, EP300, ZEB2, SPEN, KCTD1, NSD2, RERE, APC, TTC8, DYNC2LI1, NSD1, NELFA, PRKACB, ELP1, BBS1
HP:0000718	Aggressive behavior	87	0.03355187042036251	2.2961294976380313	3.010590302944486e-14	3.0476673924157387e-12	11.516032431532064	3.096994244638993e-10	SMARCA2, RFX7, PRRT2, USP9X, ADNP, HDAC4, ARID2, HERC2, SIN3A, ATP9A, FBXW11, ZBTB20, CAMTA1, KDM4B, MED12L, TRIO, TMEM231, TMEM67, NSD1, HIVEP2, SOX5, NBEA, MED13L, MBD5, VPS13A, DYRK1A, DEAF1, SLC25A13, DCDC2, SLC1A3, CACNB4, ZMIZ1, ACBD6, ARID1A, POGZ, WAC, EP300, SPEN, PHIP, NSD2, TRIP12, SETD2, TTC19, PLA2G6, NIPBL, CHKA, DPYD, CEP290, MAPK1, FOXP1, AHDC1, UBE3C, GDAP2, TCF4, KMT2E, IMPA1, RUSC2, PACS1, CREBBP, SATB2, EHMT1, CHMP2B, ATXN10, CAPRIN1, JARID2, MAPK10, ARID1B, GRIN2A, KMT2A, SCAF4, WDR45, USP7, CTNNB1, MECP2, CHD2, NRCAM, ZMYND11, PRNP, NSUN6, SETBP1, GNB1, SPTBN1, UBAP2L, BPTF, NFIB, EFHC1, AGO2
HP:0000307	Pointed chin	54	0.02082529888160432	2.2818102747987625	2.966782946153777e-09	1.5571069473001994e-07	6.807681557613486	3.05192961670839e-05	MIA3, SERPINH1, MAPK1, LIFR, NR2F1, BAZ1B, NOTCH2, NBAS, PDCD6IP, ZNF292, PUM1, ANKRD11, P4HA1, LRP5, PRDM16, SPOP, PLOD2, PLS3, CLIP2, CHD1, SIN3A, SPRED2, CCDC8, SKI, NFIX, CAMTA1, POGZ, XYLT1, SETBP1, MEIS2, UBE4B, MED12L, ZEB2, SPEN, ZNF148, SPTBN1, FBXO11, CDH2, HS2ST1, TLK2, RERE, TRIP12, SETD2, GTF2I, FRA10AC1, JARID2, YY1, NSD1, SNX14, CDH11, GTF2IRD1, SGMS2, CBFB, KAT6A
HP:0001513	Obesity	87	0.03355187042036251	2.280973527356592	6.498130895086467e-14	5.570522709812874e-12	11.25410405090593	6.684627251775448e-10	MIA3, NTRK2, APPL1, HDAC4, ADNP, BBS7, HERC2, SIN3A, RBMX, SEMA3A, PIK3CA, SCLT1, KIDINS220, COPB1, RERE, TTC8, PRORP, TMEM67, BBS5, BBS1, STX16, SCAPER, TRAPPC9, ATRX, ALMS1, SOX2, DEAF1, BBS9, IFT74, SMAD4, SDCCAG8, ACBD6, POGZ, WAC, UBE4B, EP300, SPEN, PHIP, FBXO11, SYNE2, TRIP12, SETD2, WDPCP, DDX6, DPYD, CEP290, RREB1, DDB1, FOXP1, AFF4, LZTFL1, UBE3C, PRDM16, VPS13B, CREBBP, EXOC6B, EHMT1, ARNT2, MEF2A, GNAS, PHF21A, USP8, GTF2IRD1, ARL13B, TRAF3IP1, SCAF4, PTEN, TOGARAM1, BAZ1B, OCA2, CTNNB1, SRRM2, MECP2, SYNE1, CLIP2, NIN, SKI, NPHP1, SETBP1, IFT172, SPTBN1, FXR1, GTF2I, JMJD1C, FGFR1, CHD7, BRAF
HP:0001007	Hirsutism	40	0.015426147319706903	2.269737204561732	4.77623875064019e-07	1.8333271652177473e-05	4.7367600263798195	0.004913316802783563	ATRX, ALMS1, CNOT2, NOTCH2, ADNP, TBCK, ARID2, TBCD, PUM1, TASP1, FUT8, SOX6, HDAC8, CREBBP, POR, MMP14, ARID1A, XYLT1, WAC, SETBP1, USP48, GLI3, EP300, SPEN, FGFR2, RIN2, FBXO11, COPB1, SETD2, TRIO, ASXL1, GNAS, HIVEP2, USP8, NIPBL, BRAF, ARID1B, PLAAT3, BBS1, BSCL2
HP:0000612	Iris coloboma	51	0.019668337832626302	2.250822727857051	1.2977443034224467e-08	6.209253790375213e-07	6.206960588904704	0.00013349895649306708	SMCHD1, B9D1, TOGARAM1, PIBF1, DYRK1A, NOTCH2, ADNP, CHN1, SOX2, TGIF1, IFT74, VPS35L, VPS13B, SIN3A, MMP14, TCTN1, AHI1, TENM3, CSPP1, YAP1, POGZ, RB1, MPDZ, NPHP1, CC2D2A, MED12L, ZEB2, ARMC9, SPTBN1, FGFR2, GLI2, NSD2, KCTD1, ELP4, RERE, ROR1, TMEM231, CPLANE1, FGFR1, TMEM67, TRIM37, GNAQ, CHD7, DISP1, NELFA, ARL13B, KIAA0753, RPGRIP1L, CEP41, B3GLCT, CEP290
HP:0001442	Typified by somatic mosaicism	49	0.018897030466640957	2.2500574022100412	2.5584840453556748e-08	1.1697389055366146e-06	5.931911065210009	0.00026319125374573826	PTPN12, FOXO1, PTEN, CHIC2, NUP214, TET2, WWOX, HDAC4, CTNNB1, ZFHX3, PRKN, SMAD4, ARHGAP26, NF1, PPP2R1B, LPP, PPM1D, MLH3, ESR1, RNF6, IL6ST, IGF2R, RB1CC1, RB1, PIK3CA, PICALM, EP300, MXI1, JAK2, EGFR, FLCN, GNB1, FGFR2, EXT1, ATM, EWSR1, ASCC1, MCC, APC, DICER1, ASXL1, GNAS, FGFR1, KIF1B, BRAF, MLLT10, ELP1, MAP3K8, CDC73
HP:0002007	Frontal bossing	131	0.05052063247204011	2.24283299200766	7.651212083124764e-20	2.459625584347014e-17	16.609130998192462	7.870801869910444e-16	SMARCA2, B9D1, RFX7, RSPRY1, HNRNPU, HDAC4, ARID2, TBCD, ANKRD11, EFEMP1, CHD6, SIK3, CSGALNACT1, DSE, INTU, IFT80, VPS35L, SIN3A, ITPR1, POR, PRKD1, CCDC8, BMPR1A, CSPP1, XYLT1, PIK3CA, ZEB2, ZNF148, ASPH, KIDINS220, CDH2, MID1, RERE, TRIO, TMEM231, APC, NSD1, HK1, YWHAE, NELFA, SOX5, MED13L, POLD3, MBD5, LIFR, NFIA, DEAF1, SOX2, SON, SPOP, CHD1, HERC1, PAFAH1B1, MTX2, NFIX, WDR35, UBE4B, GLI3, FBN1, EP300, TRPS1, SPECC1L, FRYL, SPEN, JAG1, NSD2, FBXO11, DYNC2H1, PLA2G6, ITCH, CPLANE1, PPP1CB, TRIM37, DDX6, SMAD2, IFT140, KIAA0753, PREPL, OPHN1, LEMD3, AHDC1, PRDM16, PPP2CA, CREBBP, ANKH, SATB2, IFT43, MPDZ, ANTXR1, SMC5, SMOC1, FGFR2, STAT3, GATAD2B, NXN, SOX9, JARID2, ARID1B, STAG2, ROR2, PLCH1, GPC6, IFT122, PTEN, DEPDC5, TOGARAM1, KAT6A, WWOX, KDM5A, CEP57, CTNNB1, IFT52, LRP5, P4HA1, BRWD3, WDR19, SKI, TRIP11, SETBP1, CUX1, KCTD1, DDR2, ADK, DICER1, FGFR1, FANCL, PAK1, SNX14, BRAF, B3GLCT, AGO2
HP:0002705	High, narrow palate	45	0.017354415734670267	2.234272560740455	1.1940247773325168e-07	4.972847321627369e-06	5.303394874448175	0.00122829328844196	SMARCA2, PRKG1, MAPK1, PTEN, MUSK, AFF4, TBCK, ADNP, CTNNB1, ARID2, SLC25A12, SMAD4, CHD6, SETD5, SPRED1, DIS3L2, INTU, HEY2, VPS35L, VPS13B, CREBBP, SIN3A, POR, SPRED2, BMPR1A, SKI, GTF2E2, ANTXR1, FBN1, EP300, MED12L, NEB, SPEN, SPTBN1, COPB1, APC, FGFR1, NSD1, TAOK1, BRAF, SMAD2, BBS1, ABCD3, FOXP2, IFT122
HP:0002104	Apnea	52	0.020053991515618975	2.2329306552985693	1.7231137329215837e-08	8.093913685189192e-07	6.091841431306686	0.0001772567097056433	B9D1, PRRT2, LIFR, NUP214, PIBF1, TOGARAM1, NEK1, KAT6B, HDAC4, PSAT1, CEP57, SLC25A12, BTD, HSPD1, MECP2, IFT74, DST, GLUL, MYO9A, SLC1A3, TCTN1, AHI1, PCCA, PRNP, SKI, SATB2, NFIX, CSPP1, TSEN15, DHRSX, NPHP1, ADAM22, CC2D2A, FBN1, ATP5F1A, NEB, ARMC9, PLCB4, PRKAG2, NDUFS1, TMEM231, OPA1, CPLANE1, ASXL1, TMEM67, SOX9, GPHN, ARL13B, KIAA0753, RPGRIP1L, CEP41, CEP290
HP:0000232	Everted lower lip vermilion	40	0.015426147319706903	2.222120340130367	7.252119415139417e-07	2.6932329394779487e-05	4.569726082550287	0.007460255242353918	SMARCA2, ATRX, IGF1R, AHDC1, KMT2C, BAZ1B, ADNP, CHN1, IFT52, MECP2, RAB3GAP1, RAB3GAP2, CLIP2, TBL1XR1, BCAS3, RBMX, CCDC8, ACBD6, WDR19, NFIX, WDR35, POGZ, EHMT1, IFT43, ZSWIM6, ANTXR1, REV3L, MED12L, SPECC1L, UBAP2L, FBXO11, KANSL1, DOCK7, GTF2I, KCNMA1, CDH11, GTF2IRD1, MED13L, IFT122, MBD5
HP:0012622	Chronic kidney disease	38	0.014654839953721558	2.2196694721081642	1.4558558030741994e-06	5.0940097436137036e-05	4.292940228670869	0.01497638864622429	INVS, NPHP4, ALMS1, LZTFL1, BBS9, BBS7, GATM, IFT74, MAGI2, SCAPER, DCDC2, NPHP3, SDCCAG8, STOX1, PBX1, WDR19, CD2AP, COL4A5, NPHP1, BNC2, IFT172, PLCE1, MYO1E, SCLT1, TRPC6, BICC1, ANKFY1, TTC8, TMEM67, CLCN5, BBS5, WDPCP, IFT140, TRAF3IP1, BBS1, COL4A6, IFT122, CEP290
HP:0000293	Full cheeks	43	0.016583108368684922	2.21815226809442	2.809650864550582e-07	1.098968762115279e-05	4.959014652102233	0.0028902878443631836	B9D1, DDB1, LIFR, AFF4, NOTCH2, SON, TCF4, IFT52, KMT2E, KLHL7, PSPH, SH3PXD2B, TBL1XR1, CREBBP, CRLF1, TCTN1, WDR19, CSPP1, WDR35, STXBP1, WAC, PIK3CA, DPYD, CC2D2A, FBN1, EP300, SPTBN1, PLCB4, FBXO11, KIDINS220, TMEM231, EYA1, ASXL1, GNAS, TMEM67, SNX14, BRAF, STAG2, IFT140, RPGRIP1L, STX16, IFT122, CEP290
HP:0000506	Telecanthus	56	0.021596606247589665	2.2132760800701465	5.4160169922526594e-09	2.7177837463074684e-07	6.565785102983131	5.5714566799303105e-05	RFX7, RREB1, DDB1, ATRX, NEK1, MUSK, USP9X, KITLG, HNRNPU, NOTCH2, ANKRD11, EFEMP1, IFT52, CHD6, SPOP, DSE, ZMYM2, TBL1XR1, HDAC8, CREBBP, ANKH, ACBD6, SKI, NFIX, C2CD3, WDR35, ZBTB18, IFT43, ZSWIM6, STXBP1, GLI3, FBN1, ZEB2, ZNF148, TBC1D32, FGFR2, PLCB4, NSD2, ASPH, CDH2, KCTD1, MID1, TLK2, AKT3, DOCK7, JMJD1C, FGFR1, YY1, SNX14, SMAD2, CDH11, KCNN3, KMT2A, FOXP2, IFT122, CDK13
HP:0000358	Posteriorly rotated ears	139	0.05360586193598149	2.2128800601588834	2.6762869551010477e-20	1.0196653298934992e-17	16.991542347091237	2.7530963907124477e-16	SMARCA2, B9D1, RFX7, MUSK, USP9X, ADNP, ARID2, ANKRD11, BBS7, EFEMP1, CDK13, RAB3GAP1, CSGALNACT1, RAB3GAP2, DSE, DIS3L2, TBL1XR1, CDC42, CSPP1, COG5, CAMTA1, XYLT1, GPT2, KDM4B, ZEB2, ZNF148, SCLT1, ASPH, EXT1, CDH2, MID1, RERE, TMEM231, TTC8, ASXL1, TMEM67, BBS5, NSD1, YY1, SOX5, NELFA, CDH11, SOS2, BBS1, SCAPER, ATRX, BBS9, IFT74, SHOC2, SPOP, SPRED1, MAPRE2, SDCCAG8, HERC1, PPM1D, SPRED2, SOS1, AHI1, NFIX, POGZ, WAC, UBE4B, GLI3, CC2D2A, FBN1, EP300, RASA2, TRPS1, FRYL, SPEN, ASXL2, GLI2, NSD2, FBXO11, HS2ST1, ITCH, CPLANE1, PPP1CB, NIPBL, WDPCP, SMAD2, IFT140, KIAA0753, CEP41, HUWE1, CEP290, PREPL, MAPK1, KAT6B, LZTFL1, AFF4, MRPS28, TRRAP, PRDM16, RUSC2, NF1, ANKH, TCTN1, SATB2, MPDZ, SMOC1, FGFR2, TLK2, FRA10AC1, NXN, ARID1B, GTF2IRD1, ROR2, CTNND2, RPGRIP1L, GPC6, RPS28, RRAS2, TOGARAM1, KAT6A, AP3B1, BAZ1B, CEP57, CTNNB1, SRRM2, CLIP2, ZMYM2, NRCAM, HDAC8, SKI, IL6ST, NPHP1, IFT172, GNB1, KCTD1, PLCB4, DDR2, UBAP2L, GTF2I, FGFR1, CHD7, BRAF, B3GLCT, C2CD3
HP:0012471	Thick vermilion border	43	0.016583108368684922	2.2038416083002628	3.346843162088375e-07	1.3041278639546635e-05	4.884679825868217	0.0034428975608403116	COG7, RSPRY1, ATRX, EDEM3, AUTS2, RBL2, FOXP1, PPP3CA, USP9X, TBCK, TCF4, ANKRD11, IFT52, SH3PXD2B, ZMYM2, NF1, VPS13B, BCAS3, FBXO31, SPRED2, CCDC8, SOS1, ARID1A, NFIX, LARP7, ANTXR1, XYLT1, ADAM22, SETBP1, SPEN, SPTBN1, CIT, RIN2, FBXO11, RPL17, DOCK7, TRIO, FRA10AC1, JARID2, SNX14, BRAF, STAG2, ABCC9
HP:0004209	Clinodactyly of the 5th finger	132	0.05090628615503278	2.2029802279569752	4.014688218996973e-19	1.0868183607584701e-16	15.963843033201579	4.1299097708821864e-15	SMARCA2, MIA3, RSPRY1, BMPR1B, ADNP, HDAC4, ANKRD11, CHD6, SIK3, CSGALNACT1, SIN3A, PRKD1, CCDC8, XYLT1, KDM4B, NEDD4L, RERE, TRIO, BBS5, NSD1, UBA2, ATR, YWHAE, CDH11, SOS2, MED13L, MBD5, TRAPPC9, ATRX, NEK1, DYRK1A, DEAF1, ZNF292, SMAD4, SPOP, SH3PXD2B, MAPRE2, SPRED1, HEY2, SOX6, SPRED2, PAFAH1B1, SOS1, NFIX, WDR35, P3H2, RB1, ATG7, GLYR1, UBE4B, RASA2, FBN1, EP300, TRPS1, SPECC1L, RNF216, SPEN, JAG1, PHIP, NSD2, DZIP1, NIPBL, STAG1, PRKACB, IFT140, CFAP53, MAPK1, AUTS2, LEMD3, AHDC1, EVC2, CNOT2, KAT6B, NOTCH2, TRRAP, PRDM16, NF1, PACS1, VPS13B, CREBBP, SATB2, EHMT1, IFT43, REV3L, CTNND1, SMOC1, FGFR2, CAPRIN1, COL27A1, RPL17, FRA10AC1, NXN, PHF21A, ACVR1, ARID1B, HNRNPH1, STAG2, GTF2IRD1, ROR2, KMT2A, UBR1, ZNF462, IFT122, DYM, RRAS2, CHD4, BAZ1B, KDM5A, CEP57, CTNNB1, USP7, IFT52, MECP2, CLIP2, ZMYM2, NIN, POLA1, HDAC8, WDR19, SKI, EXT2, KCTD1, BPTF, LTBP1, GTF2I, FANCL, CHD7, CFAP45, BRAF, TAB2, B3GLCT, AGO2
HP:0000348	High forehead	87	0.03355187042036251	2.2010668114300875	4.565406383502956e-13	3.4788396642292525e-11	10.4585655869308	4.696433546709491e-09	SERPINH1, NTRK2, HNRNPU, UBA5, THOC2, ARID2, ANKRD11, SETD5, DIS3L2, FUT8, TBL1XR1, NPHP3, SIN3A, PIK3CA, MED12L, AKT3, TRIO, APC, NSD1, HIVEP2, UBA2, YWHAE, NELFA, CDH11, SOS2, SLC1A2, SH3PXD2B, SOX6, SLC1A3, SPRED2, PAFAH1B1, MTX2, SOS1, NFIX, WDR35, STIM1, GLI3, FBN1, RASA2, PHIP, NSD2, FBXO11, KANSL1, SETD2, SYNGAP1, CELF2, PPP1CB, IFT140, HUWE1, CAMK2G, MAPK1, PPP3CA, AHDC1, PDCD6IP, SATB2, ANTXR1, CTNND1, FGFR2, RPL17, FRA10AC1, NXN, SOX9, SHPK, HNRNPH1, GTF2IRD1, KMT2A, STRADA, IFT122, RRAS2, WWOX, BAZ1B, CEP57, IFT52, LRP5, CLIP2, SKI, EXT2, SETBP1, SPTBN1, RIN2, NFIB, GTF2I, FGFR1, TAOK1, CCN2, BRAF, TRAK1
HP:0000601	Hypotelorism	41	0.015811801002699577	2.200724924693301	6.597451757302413e-07	2.4679267719043605e-05	4.607667730793445	0.006786798622736992	OPHN1, TRAPPC9, DDB1, NDE1, AASS, USP9X, EVC2, DYRK1A, CEP57, TGIF1, IFT52, RAB3GAP1, TRRAP, RAB3GAP2, NIN, NF1, WDR19, WDR35, GTF2E2, SEPTIN9, IFT43, STIM1, GPT2, CUX1, HNRNPC, KCTD1, FGFR2, GLI2, KANSL1, CAPRIN1, RERE, FGFR1, SHPK, ARID1B, DISP1, STAG2, ABCC9, CNOT1, PLCH1, HUWE1, IFT122
HP:0002714	Downturned corners of mouth	62	0.0239105283455457	2.198807916919178	1.3851788896468046e-09	7.539330813649037e-08	7.122667200129829	1.4249335237796678e-05	MIA3, SERPINH1, AFF3, TRAPPC9, LIFR, LEMD3, KAT6A, FOXP1, AFF4, MBD5, DYRK1A, HDAC4, NOTCH2, OCA2, SON, NBAS, EFEMP1, ASH1L, P4HA1, HERC2, LRP5, PLOD2, SETD5, TASP1, PLS3, ZMYM2, POLA1, PACS1, TBL1XR1, HDAC8, SLC1A3, CDC42, ZBTB20, ZSWIM6, EXT2, CAMTA1, EHMT1, POGZ, LMBR1, XYLT1, WAC, SMC5, KDM4B, MED12L, GLI2, NSD2, FBXO11, STAT3, TRIP12, NXN, PHF21A, KCNMA1, NIPBL, NELFA, CDH11, ROR2, ZNF407, MED13L, UBR1, KIAA0753, SGMS2, CDK13
HP:0001680	Coarctation of aorta	42	0.01619745468569225	2.1950747965169386	8.061442889813177e-07	2.9830238491909405e-05	4.525343274452011	0.008292806300750815	SMARCA2, RRAS2, CHD4, PGM1, KDM5A, CEP57, CTNNB1, TGIF1, SMAD4, TRRAP, RPS24, NF1, CREBBP, SPRED2, MMP14, SOS1, EHMT1, WAC, MEIS2, RASA2, EP300, GLI3, ZEB2, EGFR, RPS27, ZNF148, JAG1, GLI2, CDH2, MID1, RPL9, ADK, CPLANE1, PPP1CB, DYNC2LI1, FGFR1, WDPCP, BRAF, DISP1, STAG2, SOS2, RPS28
HP:0000238	Hydrocephalus	117	0.04512148091014269	2.1869585535718334	6.403948691592198e-17	1.2917141213805675e-14	13.888833592567543	6.587742019040894e-13	B9D1, PIBF1, MUSK, HNRNPU, TGIF1, EFEMP1, SIK3, DNAAF5, DNAAF1, NME5, GALC, MTRR, VPS35L, POR, ZBTB20, CSPP1, DNAAF3, LMBR1, PIK3CA, OGDH, ZEB2, ASPH, AKT3, TMEM231, CCDC88C, TMEM67, GNAQ, SOX5, RSPH4A, HYDIN, NEK1, CFAP221, CFAP74, TBCK, SOX2, IDS, RBPJ, IFT74, SHOC2, DNAJB13, ACBD6, AHI1, NFIX, SPAG1, GLI3, CC2D2A, FBN1, GLI2, NSD2, KANSL1, SETD2, CPLANE1, PPP1CB, SMAD2, KIAA0753, CEP41, CEP290, DNAH9, RSPH1, RREB1, FTO, DRC1, NOTCH2, B3GLCT, NEK10, NF1, PSAP, ANKH, TCTN1, CFAP298, ARHGAP31, IFT43, MPDZ, SMOC1, ARMC9, FGFR2, RPGR, CFAP300, ALK, DNAH11, SPEF2, SOX9, DISP1, STAG2, ARL13B, RPGRIP1L, PLCH1, NADK2, CTNNA2, PTEN, DNAH1, TOGARAM1, TTC12, DNAAF4, USP7, CTNNB1, RSPH9, CEP83, CCDC39, RSPH3, NRCAM, SKI, NPHP1, IFT172, PAK2, SPTBN1, PRKAG2, CCDC40, DNAI1, DNAH5, JMJD1C, FGFR1, FANCL, TAOK1, BRAF, GFAP, DNAL1
HP:0000294	Low anterior hairline	40	0.015426147319706903	2.176460333141387	1.8110688286341227e-06	6.210155013386406e-05	4.206897559144174	0.01863046504015922	SMARCA2, COG7, RBL2, TCF12, NOTCH2, ARID2, ANKRD11, ASH1L, SPOP, FOS, RAB3GAP2, SETD5, MAPRE2, RPS24, PACS1, HDAC8, VPS13B, CREBBP, ARID1A, EP300, RPS27, SPEN, FGFR2, CIT, UBAP2L, PGAP1, CAPRIN1, RPL9, PIK3C2A, TRIO, DOCK7, ASXL1, NIPBL, ARID1B, STAG2, KCNN3, ABCC9, MED13L, RALGAPA1, RPS28
HP:0007018	Attention deficit hyperactivity disorder	115	0.044350173544157344	2.169998158755575	2.9833499896323625e-16	5.2016476853132394e-14	13.283859066501154	3.068972134334811e-12	SMARCA2, RFX7, NTRK2, PPP1R12A, UBA5, HDAC4, ADNP, TGIF1, ARID2, ANKRD11, HERC2, CSGALNACT1, SETD5, GALC, SIN3A, ATP9A, PRKD1, BMPR1A, ZBTB20, CAMTA1, PIK3CA, KDM4B, RSRC1, MED12L, GLUD1, KCNN2, CDH2, RERE, TRIO, TMEM67, NSD1, YY1, GNAQ, SOX5, CDH11, NBEA, SLC1A2, SCAPER, NR2F1, MED13, DYRK1A, NFIA, DEAF1, ZNF292, SLC25A36, SHOC2, SPRED1, TKT, DCDC2, SOX6, PPM1D, ZMIZ1, POGZ, WAC, FRYL, SPEN, PHIP, GLI2, ATM, KANSL1, ANKRD17, SYNGAP1, CELF2, NIPBL, RREB1, OPHN1, DDB1, MAPK1, AUTS2, FOXP1, PPP3CA, PPP2CA, NF1, SATB2, EHMT1, SMC5, NPAT, TNRC6B, TLK2, CAPRIN1, RPL17, PHF21A, JARID2, DISP1, GRIN2A, STAG2, GTF2IRD1, PLCH1, PTEN, DEPDC5, WWOX, BAZ1B, USP7, SRRM2, CLIP2, CHD2, ZMYM2, POLA1, HDAC8, PRNP, NSUN6, SETBP1, GNB1, SPTBN1, UBAP2L, NFIB, TANC2, GTF2I, JMJD1C, FGFR1, FANCL, TAOK1, CHD7, TRAK1, AGO2
HP:0000248	Brachycephaly	72	0.027767065175472425	2.166567331627108	1.2058167079870604e-10	7.472431611483668e-09	8.12653805098138	1.240423647506289e-06	RFX7, TRAPPC9, AUTS2, NEK1, TCF12, AHDC1, KMT2C, USP9X, TBCK, ADNP, HDAC4, CTNNB1, USP7, DEAF1, NBAS, ANKRD11, EFEMP1, LRP5, MECP2, RAB3GAP1, CHD6, PRDM16, SPOP, RAB3GAP2, SETD5, DSE, SH3PXD2B, INTU, TBL1XR1, HDAC8, ZMYND11, POR, PRKD1, MTX2, MMP14, ZBTB20, SKI, ZSWIM6, EXT2, SATB2, EHMT1, POGZ, STXBP1, WAC, SETBP1, HNRNPC, UBE4B, FBN1, SPECC1L, RNF216, SPEN, FGFR2, FBXO11, ASPH, KIDINS220, ANKRD17, RERE, TRIP12, TTC8, FGFR1, PHF21A, HSPA9, NIPBL, BRAF, ARID1B, SMAD2, CDH11, MED13L, RALGAPA1, B3GLCT, HUWE1, MBD5
HP:0003196	Short nose	104	0.04010798303123795	2.157139275353709	9.655333554374111e-15	1.2112733691932497e-12	11.91675783098244	9.932441627384648e-11	SMARCA2, RFX7, RSPRY1, SERPINH1, MIA3, PPP1R12A, ADNP, NBAS, TGIF1, ARID2, RAB3GAP1, RAB3GAP2, DSE, PLS3, DIS3L2, FUT8, VPS35L, TBL1XR1, SIN3A, POR, RBMX, XYLT1, NEDD4L, TRIO, APC, YWHAE, CDH11, MED13L, MBD5, LIFR, ATRX, DYRK1A, NFIA, DEAF1, SON, SHOC2, SPOP, PAFAH1B1, NFIX, ARID1A, P3H2, WAC, GLI3, FBN1, CASK, SPECC1L, FRYL, PHIP, GLI2, FBXO11, TRIP12, PLA2G6, PPP1CB, TXNL4A, HSPA9, VPS53, NIPBL, SMAD2, SGMS2, HUWE1, DPYD, DDB1, FOXP1, AFF4, RNF13, TRRAP, CREBBP, SATB2, EHMT1, ANTXR1, SMOC1, FGFR2, NXN, ARID1B, DISP1, GRIN2A, GTF2IRD1, ROR2, KMT2A, UBR1, ZNF462, GPC6, COG7, PTEN, BAZ1B, CEP57, P4HA1, LRP5, PLOD2, CLIP2, ZMYM2, GLUL, POLA1, NRCAM, HDAC8, ZSWIM6, TRIP11, SETBP1, SPTBN1, DDR2, GTF2I, FGFR1, BRAF, B3GLCT
HP:0000085	Horseshoe kidney	42	0.01619745468569225	2.1525894778746753	1.0799948768847012e-06	3.884582971508014e-05	4.410655597942655	0.011109907298512921	AFF3, DDB1, LEMD3, HNRNPU, AFF4, LZTFL1, BBS9, SON, ARID2, BBS7, IFT74, SCAPER, DSE, DIS3L2, RPS24, SDCCAG8, GREB1L, POR, PBX1, ARID1A, NPHP1, IFT172, CC2D2A, SMOC1, RPS27, FRYL, FGFR2, SCLT1, RPL9, TTC8, DYNC2LI1, BBS5, WDPCP, UBA2, CHD7, NIPBL, HNRNPH1, STAG1, CEP290, ARID1B, BBS1, RPS28
HP:0030084	Clinodactyly	49	0.018897030466640957	2.15060735128363	1.9207054909277176e-07	7.809603709554716e-06	5.1073710033980175	0.0019758297385173433	MAPK1, ATRX, IGF1R, FOXP1, AHDC1, TBCK, CEP57, ARID2, TCF4, BBS7, PUM1, HERC2, TASP1, INTU, MTRR, SIN3A, CDC42, POR, SPRED2, ARID1A, NFIX, WDR35, POGZ, XYLT1, SMC5, TRPS1, FGFR2, UBAP2L, FBXO11, TRIP12, PIK3C2A, ITCH, CPLANE1, FGFR1, NXN, SNX14, ACVR1, NIPBL, SPART, BRAF, KCNN3, SOX5, KMT2A, ARID1B, MED13L, ROR2, HUWE1, IFT122, CDK13
HP:0000494	Downslanted palpebral fissures	146	0.056305437716930196	2.1438737736248523	7.999586837264226e-20	2.4936893877253667e-17	16.603157642917576	8.22917497949371e-16	SMARCA2, NTRK2, USP9X, UBA5, ADNP, ARID2, ANKRD11, BBS7, EFEMP1, CSGALNACT1, DYNC1H1, RAB3GAP2, SETD5, DSE, VPS35L, SIN3A, CDC42, BMPR1A, ZBTB20, CAMTA1, PIK3CA, MED12L, ZEB2, ZNF148, SCLT1, ASPH, CDH2, MID1, RERE, TRIO, APC, TTC8, DYNC2LI1, BBS5, NSD1, YY1, ATR, YWHAE, NELFA, CDH11, SOX5, SOS2, BBS1, SLC1A2, SCAPER, PRKG1, DYRK1A, BBS9, ARIH1, SON, IFT74, SHOC2, SMAD4, SPOP, SH3PXD2B, MAPRE2, SPRED1, HEY2, CHD1, SDCCAG8, HERC1, SPRED2, PAFAH1B1, ZMIZ1, SOS1, NFIX, POGZ, WAC, GLI3, FBN1, EP300, RASA2, CASK, SPECC1L, FRYL, SPEN, JAG1, NSD2, FBXO11, SETD2, SYNGAP1, CELF2, PPP1CB, KCNMA1, WDPCP, SMAD2, HUWE1, CEP290, DPYD, RREB1, MAPK1, AUTS2, FOXP1, PPP3CA, AHDC1, KAT6B, NOTCH2, LZTFL1, AFF4, KMT2E, NF1, PACS1, VPS13B, CREBBP, FBXO31, SATB2, MPDZ, SMOC1, FGFR2, TNRC6B, NXN, JARID2, SPART, ARID1B, HNRNPH1, KCNN3, ROR2, KMT2A, CTNND2, ZNF462, RPS28, RRAS2, PTEN, EDEM3, WWOX, KDM5A, CEP57, TASP1, ZMYM2, SKI, ZSWIM6, IL6ST, NPHP1, SETBP1, HNRNPC, IFT172, FLCN, RIN2, BPTF, LTBP1, NFIB, JMJD1C, FGFR1, CHD7, TRAK1, BRAF
HP:0000256	Macrocephaly	111	0.042807558812186654	2.1402740387675556	2.205075939918141e-15	3.1505022491580437e-13	12.501620206003915	2.2683616193937916e-11	RFX7, PIBF1, PPP1R12A, HDAC4, TGIF1, GAN, USF3, CSGALNACT1, DIS3L2, IFT80, VPS35L, POR, BMPR1A, ZBTB20, CAMTA1, PIK3CA, CDH2, AKT3, RERE, TRIO, TMEM67, NSD1, FBXW7, GNAQ, BBS1, FOXP2, NFIA, TBCK, IDS, DEAF1, SON, ASH1L, IFT74, SHOC2, SMAD4, SPRED1, CHD1, HERC1, SOS1, NFIX, WDR35, GLI3, CC2D2A, FBN1, ASXL2, GLI2, FBXO11, DYNC2H1, KANSL1, ANKRD17, SETD2, PPP1CB, TRIM37, HUWE1, DPYD, CAMK2G, OPHN1, ANTXR2, FOXP1, AHDC1, NOTCH2, KMT2E, PPP2CA, NF1, ANKH, SATB2, IFT43, MPDZ, FGFR2, TNRC6B, NXN, SOX9, PHF21A, JARID2, SHPK, ZBTB7A, DISP1, STAG2, ROR2, STRADA, RPGRIP1L, PLCH1, CTNNA2, CHD4, PTEN, DEPDC5, CTNNB1, SRRM2, LRP5, MECP2, ASPA, BRWD3, SLC39A14, ZSWIM6, EXT2, IL6ST, TRIP11, GNB1, SPTBN1, PLCB4, RIN2, NFIB, AQP4, TNFRSF11B, ADK, DICER1, FGFR1, TAOK1, BRAF, ABCC9, B3GLCT
HP:0000431	Wide nasal bridge	139	0.05360586193598149	2.1399750969365945	5.733642988946873e-19	1.51235860069991e-16	15.820345219522718	5.8981985427296486e-15	SMARCA2, RFX7, IGF1R, NDE1, USP9X, ADNP, CDK13, RAB3GAP1, RAB3GAP2, SETD5, DIS3L2, FUT8, VPS35L, SIN3A, CDC42, ZBTB20, COG5, LARP7, KDM4B, RSRC1, ZEB2, EXT1, MID1, RERE, TRIO, ASXL1, HIVEP2, SOX5, NELFA, CDH11, MED13L, TRAPPC9, ATRX, NEK1, MED13, TRIM33, TBCK, DEAF1, SON, PUM1, SH3PXD2B, MAPRE2, SOX6, PBX1, EXOC2, ZMIZ1, AHI1, WDR35, RB1, WAC, UBE4B, GLI3, FBN1, EP300, CASK, RPS27, SPECC1L, TRPS1, SPEN, NSD2, FBXO11, KANSL1, HS2ST1, SETD2, SYNGAP1, TXNL4A, KCNMA1, TRIM37, IFT140, KIAA0753, RREB1, OPHN1, MAPK1, IFT57, AUTS2, PRKDC, RBL2, AHDC1, KAT6B, NOTCH2, TCF4, LTBP4, TRRAP, PRDM16, RPS24, CREBBP, FBXO31, ANKH, ARMC9, RPL9, STAT3, COL27A1, PIK3C2A, GATAD2B, NXN, JARID2, ARID1B, STAG2, KCNN3, GTF2IRD1, KMT2A, CTNND2, STRADA, ROR2, GPC6, IFT122, RPS28, EDEM3, TOGARAM1, AP3B1, BAZ1B, CHN1, CTNNB1, IFT52, DHX9, MECP2, TASP1, CLIP2, CHD2, ZMYM2, GLUL, BCAS3, WDR19, SKI, ZSWIM6, SPTBN1, RIN2, SCO2, BPTF, UBAP2L, LTBP1, GTF2I, JMJD1C, FGFR1, FANCL, SNX14, BRAF, ABCC9, AGO2
HP:0000403	Recurrent otitis media	65	0.025067489394523718	2.133740553875182	1.8752864425449232e-09	9.995373903865091e-08	7.000200955287923	1.9291071634459624e-05	RSPH1, PCYT1A, DDB1, MAPK1, DNAH1, PTEN, PGM1, KAT6A, TTC12, FOXP1, DRC1, AP3B1, CFAP221, DYRK1A, CFAP74, IDS, DEAF1, DNAAF4, COBLL1, DNAL1, RSPH9, CBLB, CCDC39, DNAAF1, EYA4, DNAAF5, NEK10, NME5, RSPH3, SDCCAG8, DNAJB13, CFAP298, IL6ST, POGZ, DNAAF3, P3H2, SPAG1, STIM1, DAW1, ZEB2, PHIP, DNAH9, FBXO11, LRBA, PLCG2, RPGR, TNRC6B, KANSL1, CCDC40, CFAP300, BPTF, SETD2, DOCK11, DNAH11, DNAI1, SPEF2, IKBKB, DNAH5, MNS1, TAOK1, RSPH4A, KMT2A, DLG1, HYDIN, CFAP52
HP:0002808	Kyphosis	83	0.03200925568839182	2.126963412661881	1.0638016975237068e-11	7.199557935806824e-10	9.142694169115085	1.0943328062426371e-07	LAMA2, TCF12, HDAC4, ANKRD11, USF3, HERC2, RAB3GAP1, RAB3GAP2, SETD5, VPS35L, SIN3A, ITPR1, ERLIN2, CCDC8, ZBTB20, PIK3CA, COPB1, RERE, TRIO, NSD1, NELFA, ZNF407, ATRX, ALMS1, DYRK1A, IDS, SON, SMAD4, SH3PXD2B, HERC1, SPRED2, ACBD6, NFIX, UBE4B, FBN1, SPEN, ASXL2, NSD2, GALNS, KANSL1, HS2ST1, SYNE2, PLAAT3, AUTS2, KMT2C, NOTCH2, KMT2E, PRDM16, NF1, PSAP, VPS13B, CRLF1, MMP14, EHMT1, SMC5, MEIS2, TLK2, GNAS, NXN, SOX9, USP8, ARID1B, GTF2IRD1, KCNN3, ROR2, DYM, SCAF4, PTEN, BAZ1B, USP7, LRP5, MECP2, SYNE1, PLOD2, CLIP2, SKI, NEB, SPTBN1, ALDH3A2, TNFRSF11B, GTF2I, DICER1, CCN2
HP:0000316	Hypertelorism	234	0.09024296182028538	2.122048824812852	8.015904619635313e-31	1.3743268470364743e-27	26.861909969617248	8.245961082218846e-27	SMARCA2, B9D1, RSPRY1, TTC7A, NDE1, MUSK, TCF12, HNRNPU, PPP1R12A, ADNP, HDAC4, THOC2, NBAS, TBCD, ANKRD11, BBS7, EFEMP1, SIK3, CSGALNACT1, DSE, INTU, VPS35L, TBL1XR1, SIN3A, CDC42, POR, BMPR1A, ZBTB20, CSPP1, TENM3, CAMTA1, ZBTB18, LMBR1, XYLT1, PIK3CA, BNC2, MED12L, RSRC1, ZEB2, NEDD4L, TBC1D32, SCLT1, ASPH, CDH2, MID1, AKT3, RERE, TRIO, TMEM231, APC, TTC8, ASXL1, PRORP, TMEM67, BBS5, NSD1, HIVEP2, YWHAE, NELFA, CDH11, SOS2, MED13L, BBS1, FOXP2, MBD5, SCAPER, PRKG1, TRAPPC9, ATRX, NEK1, MED13, TRIM33, TBCK, DEAF1, BBS9, ZNF292, PUM1, ASH1L, IFT74, SHOC2, SMAD4, SPOP, SH3PXD2B, MAPRE2, SPRED1, HEY2, SOX6, SDCCAG8, HERC1, SPRED2, EXOC2, PAFAH1B1, SOS1, ZMIZ1, NFIX, WDR35, GTF2E2, POGZ, P3H2, RB1, WAC, GLI3, CC2D2A, FBN1, EP300, RASA2, CASK, RPS27, SPECC1L, FRYL, SPEN, ASXL2, JAG1, NSD2, FBXO11, PHIP, HS2ST1, TRIP12, SETD2, ITCH, CPLANE1, PPP1CB, TXNL4A, KCNMA1, TRIM37, WDPCP, DDX6, SMAD2, PRKACB, IFT140, KIAA0753, HUWE1, CEP290, DPYD, SMCHD1, AFF3, RREB1, MAPK1, AUTS2, LEMD3, RBL2, FOXP1, PPP3CA, AHDC1, KAT6B, NOTCH2, LZTFL1, AFF4, LTBP4, TRRAP, PPP2CA, RUSC2, RPS24, NF1, PACS1, CREBBP, FBXO31, ANKH, TCTN1, EHMT1, IFT43, ANTXR1, CTNND1, FGFR2, CIT, TLK2, RPL9, CAPRIN1, STAT3, COL27A1, GATAD2B, FRA10AC1, NXN, SOX9, JARID2, SPART, ARID1B, MICU1, KCNN3, ROR2, KMT2A, CTNND2, STRADA, THRA, RPGRIP1L, ZNF462, RPS28, RRAS2, CHD4, PTEN, DEPDC5, EDEM3, TOGARAM1, KDM5A, PSAT1, SLC25A12, DHX9, LRP5, P4HA1, TASP1, ZMYM2, NRCAM, MACF1, HDAC8, GREB1L, BCAS3, ZMYND11, SKI, ZSWIM6, EXT2, IL6ST, NPHP1, SETBP1, HNRNPC, IFT172, NEB, FLCN, SPTBN1, DDR2, UBAP2L, BPTF, PHACTR1, ADK, DICER1, JMJD1C, FGFR1, FANCL, TAOK1, PDHX, CHD7, BRAF, INTS8, B3GLCT, CDK13
HP:0000463	Anteverted nares	151	0.05823370613189356	2.1156192462272934	5.561986578881137e-20	1.972970894377595e-17	16.704879321491063	5.721615593695026e-16	SMARCA2, B9D1, MIA3, SERPINH1, PIBF1, ADNP, HDAC4, NBAS, TGIF1, ARID2, ANKRD11, EFEMP1, RAB3GAP1, CSGALNACT1, RAB3GAP2, SETD5, PLS3, DIS3L2, VPS35L, SIN3A, PRKD1, CCDC8, ZBTB20, CSPP1, CAMTA1, XYLT1, KDM4B, MED12L, NEDD4L, ASPH, MID1, RERE, TRIO, TMEM231, ASXL1, TMEM67, NSD1, HIVEP2, HK1, YWHAE, CDH11, RALGAPA1, LIFR, ATRX, NR2F1, TRIM33, NFIA, TBCK, DEAF1, ZNF292, ASH1L, IFT74, SHOC2, SPOP, SH3PXD2B, PPM1D, PAFAH1B1, PBX1, AHI1, NFIX, WDR35, ARID1A, P3H2, PTPRF, GLI3, CC2D2A, FBN1, CASK, SPECC1L, FRYL, SPEN, GLI2, PHIP, FBXO11, TRIP12, SYNGAP1, DOCK7, EYA1, CPLANE1, PPP1CB, GNAO1, NIPBL, SMAD2, KIAA0753, CEP41, SGMS2, CEP290, DPYD, DDB1, MAPK1, FTO, AUTS2, CERT1, AHDC1, CNOT2, AFF4, NOTCH2, TCF4, TRRAP, CREBBP, FBXO31, CRLF1, MIPEP, TCTN1, SATB2, EHMT1, IFT43, ANTXR1, ARMC9, FGFR2, COL27A1, NXN, ARID1B, DISP1, MICU1, ARL13B, ROR2, RPGRIP1L, PLCH1, ZNF462, IFT122, GPC6, PTEN, TOGARAM1, WWOX, KDM5A, CHN1, IFT52, LRP5, MECP2, P4HA1, PLOD2, CHD2, ZMYM2, GLUL, HDAC8, WDR19, SKI, IL6ST, TRIP11, NPHP1, SETBP1, KCTD1, SPTBN1, NFIB, DICER1, FGFR1, SNX14, BRAF, ABCC9, B3GLCT
HP:0000750	Delayed speech and language development	360	0.13883532587736214	2.1152876314702533	1.804973383484314e-47	1.856776119590314e-43	42.73124045807392	1.8567761195903137e-43	IGF1R, BMPR1B, UBA5, ANKRD11, DNAAF1, SETD5, AUH, NME5, DSE, INTU, SIN3A, FBXW11, SLC44A1, ZBTB20, ZBTB18, RSRC1, KCNN2, ADD3, SCLT1, GNAQ, DLG1, FOXP2, SMAD4, MYO9A, PBX1, ACBD6, SOS1, ARID1A, SPAG1, STIM1, UBE4B, GLI2, NSD2, DYNC2H1, HS2ST1, SETD2, PLA2G6, PPP1CB, HSPA9, WDPCP, FMN2, SGMS2, DPYD, AFF3, MAPK1, AASS, ANTXR2, LEMD3, PPP3CA, FOXP1, KAT6B, COBLL1, KMT2E, MMP14, LPIN2, CFAP298, ARMC9, FGFR2, TNRC6B, CAPRIN1, SPEF2, PHF21A, STAG2, ROR2, KMT2A, RPGRIP1L, ZNF462, TTC21B, GPC6, SCAF4, DNAH1, WWOX, USP7, PSAT1, PHKB, PAPPA2, NSMCE2, ZMYM2, SETBP1, UBAP2L, SCO2, CCDC40, ADK, FGFR1, SNX14, PRKRA, AGO2, RSPRY1, MRE11, HDAC4, THOC2, TBCD, HERC2, DNAAF5, PLS3, ITPR1, POR, CCDC8, SEMA3A, MED12L, NEDD4L, HIVEP2, NBEA, MBD5, ALMS1, MED13, CFAP74, GALNT3, ZNF292, RBPJ, SDCCAG8, SPRED2, ATG7, STXBP1, ATM, CELF2, CPLANE1, PGK1, DMD, KIAA0753, HUWE1, DNAH9, MAP3K20, CAMK2G, ZBTB16, KMT2C, CNOT2, LTBP4, TRRAP, RUSC2, SLC30A9, CREBBP, ARHGAP31, MEIS2, CIT, RPGR, RORA, FRA10AC1, NXN, SPART, ZBTB7A, MICU1, DYM, NEMF, TTC12, RSPH9, IFT52, ZSWIM6, PRNP, EXT2, TRIP11, NSUN6, IFT172, GNB1, NFIB, TNFRSF11B, KCNJ10, CRADD, CDK13, RFX7, NTRK2, TCF12, HNRNPU, NBAS, BTRC, CSGALNACT1, IFT80, VPS35L, CDC42, TENM3, LMBR1, XYLT1, KDM4B, EXT1, PGAP1, RERE, TRIO, TMEM231, DYNC2LI1, BBS5, NSD1, FBXW7, YY1, UBA2, HK1, ATR, RSPH4A, SOS2, BBS1, SLC1A2, SCAPER, PCYT1A, TRAPPC9, LIFR, DYRK1A, DEAF1, SOX2, IDS, ASH1L, IFT74, SFXN4, SH3PXD2B, SPRED1, SLC1A3, DNAJB13, ZMIZ1, TTN, WAC, KIF1A, EP300, TRPS1, SPECC1L, FRYL, ANKRD17, SYNGAP1, DDX6, PRKACB, SULF1, IFT140, BSCL2, RSPH1, TMEM163, AUTS2, AHDC1, EVC2, PRDM16, NEK10, PACS1, VPS13B, SATB2, EHMT1, IFT43, TLK2, STAT3, COL27A1, GNAS, ACVR1, IFT122, RRAS2, WDR45, SRRM2, CCDC39, MECP2, ASPA, PLOD2, CHD2, NIN, ZMYND11, IL6ST, ATXN3, NPHP1, HNRNPC, CUX1, PLCB4, DDR2, BPTF, DNAI1, DNAH5, TAOK1, PAK1, BRAF, TAB2, DNAL1, SMARCA2, SERPINH1, CUBN, USP9X, ADNP, ARID2, BBS7, NT5C2, SIK3, DYNC1H1, RAB3GAP2, LAMA1, TBL1XR1, ATP9A, RBMX, PRKD1, COG5, CAMTA1, DNAAF3, OGDH, GPT2, ZEB2, KIDINS220, COPB1, TTC8, TMEM67, SOX5, ZNF407, IFT81, MED13L, HYDIN, NEK1, CFAP221, TBCK, BBS9, SHOC2, SPOP, TKT, MAPRE2, CUL3, PPM1D, WDR35, NFIX, POGZ, CC2D2A, GLI3, FBN1, SPEN, JAG1, ASXL2, FBXO11, GALNS, KANSL1, TRIP12, IKBKB, KCNMA1, TRIM37, NIPBL, SMAD2, STAG1, MTAP, CDC73, CEP290, RREB1, DRC1, NOTCH2, LZTFL1, EFL1, PPP2CA, NF1, ANKH, EXOC6B, WASHC4, CFAP300, DNAH11, SOX9, ARID1B, GRIN2A, TRAF3IP1, CNOT1, PTEN, DNAAF4, LRP5, GATM, BRWD3, RSPH3, PDE3A, HDAC8, WDR19, SKI, TSEN15, SPTBN1, LTBP1, TANC2, CLCN5, TRAK1, ABCC9
HP:0006101	Finger syndactyly	48	0.018511376783648285	2.0951420349800607	4.2396451278283987e-07	1.6395950913522835e-05	4.785263390551808	0.004361322942997074	NEK1, LZTFL1, HDAC4, PSAT1, BBS9, BBS7, IFT52, BTRC, IFT74, RBPJ, SCAPER, EPS15L1, VPS35L, VPS13B, SDCCAG8, WDR19, WDR35, ARHGAP31, IFT43, RB1, LMBR1, NPHP1, REV3L, PIK3CA, IFT172, GLI3, SMOC1, CTNND1, SPECC1L, KCTD1, FGFR2, SCLT1, APC, TTC8, FGFR1, NXN, BBS5, FANCL, NSD1, WDPCP, UBA2, ROR2, ITGB4, ABCC9, CTNND2, BBS1, IFT122, CEP290
HP:0012758	Neurodevelopmental delay	53	0.020439645198611647	2.0947077186378174	1.4295494007710646e-07	5.905933608727687e-06	5.228711439444302	0.0014705774685731942	RRAS2, RPS28, AASS, LEMD3, LZTFL1, OCA2, BBS9, ARID2, BBS7, IFT74, SCAPER, CHD2, RPS24, NF1, MACF1, CREBBP, SDCCAG8, ITPR1, SLC1A3, SPRED2, PBX1, PAFAH1B1, SOS1, IL6ST, NPHP1, SETBP1, IFT172, RASA2, EP300, ZEB2, ATP5F1A, RPS27, PHIP, SCLT1, MID1, RPL9, STAT3, ALK, PIK3C2A, TTC8, ASXL1, BBS5, TG, MAPK10, WDPCP, GNAQ, BRAF, SOX5, SOS2, BBS1, FOXP2, ZNF462, CEP290
HP:0000405	Conductive hearing impairment	103	0.039722329348245274	2.087347607766593	1.3689261791957451e-13	1.1265714884309305e-11	10.948241244201151	1.408214360538663e-09	HDAC4, ARID2, EFEMP1, KLHL7, DNAAF1, DNAAF5, CSGALNACT1, NME5, POR, ZBTB20, CERKL, DNAAF3, XYLT1, EXT1, ASPH, RERE, TMEM231, TTC8, TMEM67, NSD1, DLST, RSPH4A, BBS1, DLG1, MAK, HYDIN, SCAPER, KIAA1549, NEK1, CFAP221, CFAP74, DEAF1, IFT88, CRB1, DNAJB13, AHI1, NFIX, SPAG1, UBE4B, CC2D2A, FBN1, EP300, TRPS1, SPEN, NSD2, SETD2, CPLANE1, EYA1, TXNL4A, NIPBL, SMAD2, IFT140, KIAA0753, DNAH9, RSPH1, SMCHD1, RREB1, DRC1, AFF4, NOTCH2, COBLL1, PRDM16, TSHZ1, B3GLCT, NEK10, NF1, CREBBP, ANKH, CFAP298, IFT43, CTNND1, FGFR2, RPGR, CFAP300, PIK3C2A, DNAH11, SPEF2, SOX9, ACVR1, SPATA7, CNOT1, DNAH1, TTC12, RPE65, DNAAF4, CTNNB1, RSPH9, CCDC39, SDHA, LRP5, P4HA1, RSPH3, HDAC8, SKI, IFT172, DDR2, CCDC40, DNAI1, DNAH5, JMJD1C, P4HA2, KIF1B, DNAL1
HP:0002099	Asthma	45	0.017354415734670267	2.078393079758563	1.2631593322807936e-06	4.480731052128457e-05	4.348651123054574	0.012994120051172524	RFX7, MIA3, CFAP54, RREB1, LIFR, ALMS1, AFF4, LZTFL1, TBCK, IDS, USP7, BBS9, TGIF1, BBS7, IFT74, SIK3, SCAPER, JAK1, CREBBP, SDCCAG8, IL6ST, STXBP1, NPHP1, WAC, GCLC, IFT172, FBN1, EP300, GNB1, GLI2, UBAP2L, FBXO11, PLCG2, SCLT1, LRBA, TTC8, JMJD1C, FGFR1, BBS5, WDPCP, DISP1, SMAD2, BBS1, FOXP2, CEP290
HP:0011220	Prominent forehead	79	0.030466640956421133	2.078087208812314	1.2301536539278587e-10	7.57759918440472e-09	8.120468370373372	1.2654590637955882e-06	SERPINH1, TTC7A, USP9X, ADNP, EFEMP1, CSGALNACT1, DYNC1H1, VPS35L, SIN3A, CDC42, ZBTB20, ZBTB18, LARP7, XYLT1, ASPH, KIDINS220, CDH2, MID1, ASXL1, NSD1, IFT81, MED13L, CBFB, SON, ZNF292, SHOC2, SH3PXD2B, HERC1, NFIX, WAC, FBN1, EP300, CASK, SPECC1L, GLI2, NSD2, SETD2, SYNGAP1, PLA2G6, PPP1CB, SMAD2, IFT140, KIAA0753, DPYD, OPHN1, PRKDC, FOXP1, KMT2E, TRRAP, CREBBP, FBXO31, SATB2, WASHC4, SMOC1, FGFR2, ARNT2, STAT3, COL27A1, JARID2, ZBTB7A, ROR2, KMT2A, PTEN, CEP57, CTNNB1, P4HA1, BRWD3, CHD2, SKI, ZSWIM6, EXT2, IL6ST, TRIP11, SETBP1, FGFR1, SNX14, BRAF, ABCC9, B3GLCT
HP:0000510	Rod-cone dystrophy	109	0.04203625144620131	2.0765101763556375	4.0098896522561025e-14	3.650419013518454e-12	11.437657282169694	4.1249734852758527e-10	DRAM2, NBAS, EFEMP1, BBS7, KLHL7, DNAAF1, DNAAF5, NME5, LAMA1, NPHP3, APTX, CSPP1, CERKL, ADGRA3, DNAAF3, ATF6, OAT, DTHD1, TTC8, TMEM67, BBS5, HK1, RSPH4A, IFT81, BBS1, MAK, HYDIN, GDPD1, SCAPER, INVS, KIAA1549, PCYT1A, ALMS1, NR2F1, CFAP221, CFAP74, BBS9, HSPD1, IFT74, CRB1, SDCCAG8, DNAJB13, AHI1, POGZ, P3H2, SPAG1, CC2D2A, JAG1, DYNC2H1, CPLANE1, PGK1, CEP78, WDPCP, IFT140, CEP41, CHM, DNAH9, RSPH1, CEP290, USP45, DRC1, LZTFL1, NDUFA9, NEK10, CTNNA1, TTLL5, VPS13B, CFAP298, WHRN, IFT43, ATP5F1A, RPGR, CFAP300, DNAH11, ADAM9, SPEF2, OPA1, VWA8, SLC19A2, TEAD1, SPATA7, TRAF3IP1, RPGRIP1L, LCA5, NPHP4, DNAH1, TTC12, RPE65, DNAAF4, ATXN7, RSPH9, CCDC39, LRP5, ASPA, RSPH3, DHX40, WDR19, NPHP1, IFT172, ADGRV1, SCO2, CCDC40, DNAI1, DNAH5, P4HA2, ATXN2, RAB28, ZNF644, DNAL1
HP:0010864	Severe intellectual disability	59	0.022753567296567682	2.0738970475309633	2.8139948569649915e-08	1.2752231318766023e-06	5.894413818003132	0.0002894756509359887	SMARCA2, CDK5RAP2, OPHN1, TRAPPC9, KAT6A, FOXP1, AHDC1, SLC35A3, HNRNPU, PDCD6IP, OCA2, THOC2, MCPH1, SON, ARID2, MECP2, RAB3GAP1, RAB3GAP2, DLAT, NIN, MACF1, HDAC8, ATP9A, HERC1, ERLIN2, RBMX, PAFAH1B1, COG5, ARID1A, EXT2, SATB2, NFIX, LARP7, ACAT1, STXBP1, PIK3CA, POGZ, GLI3, SMOC1, CIT, NSD2, KANSL1, AKT3, STAT3, SYNGAP1, ASXL1, GATAD2B, YY1, NSD1, PDHX, SNX14, NIPBL, ARID1B, NELFA, GRIN2A, STAG1, CTNND2, DYM, MBD5
HP:0002643	Neonatal respiratory distress	179	0.06903200925568839	2.0638466743946666	3.3823663382549334e-22	1.739720126081425e-19	18.75952061233511	3.47944025216285e-18	RSPRY1, SERPINH1, IGF1R, TCF12, BMPR1B, HDAC4, NBAS, ANKRD11, BTRC, DNAAF1, DNAAF5, CSGALNACT1, NME5, PLS3, DSE, INTU, IFT80, VPS35L, NPHP3, CDC42, POR, CCDC8, SEMA3A, DNAAF3, MDFIC, LMBR1, XYLT1, EXT1, ASCC1, TMEM231, DYNC2LI1, ASXL1, TMEM67, NSD1, ATR, RSPH4A, SOS2, IFT81, RALGAPA1, HYDIN, PCYT1A, LIFR, ALMS1, NEK1, CFAP221, CFAP74, SOX2, IDS, GALNT3, RBPJ, SHOC2, SMAD4, SPOP, DST, SH3PXD2B, SPRED1, PPM1D, DNAJB13, SPRED2, PBX1, SOS1, NFIX, WDR35, SPAG1, STIM1, GLI3, CC2D2A, FBN1, EP300, TRPS1, SPECC1L, GLI2, NSD2, GALNS, DYNC2H1, HS2ST1, SETD2, IKBKB, CPLANE1, PPP1CB, HSPA9, TRIM37, NIPBL, SMAD2, PRKACB, IFT140, SULF1, KIAA0753, MTAP, SGMS2, DNAH9, CEP290, MAP3K20, RSPH1, CDC73, RREB1, AFF3, MAPK1, ZBTB16, ANTXR2, LEMD3, AHDC1, DRC1, EVC2, KAT6B, NOTCH2, EFL1, NEK10, NF1, SLC30A9, CREBBP, ANKH, MMP14, LPIN2, CFAP298, SATB2, EXOC6B, ARHGAP31, IFT43, FGFR2, RPGR, CFAP300, STAT3, COL27A1, DNAH11, SPEF2, GNAS, NXN, SOX9, ACVR1, ARID1B, ROR2, KMT2A, TRAF3IP1, RPGRIP1L, TTC21B, IFT122, DYM, GPC6, RRAS2, DNAH1, NUP214, TTC12, DNAAF4, PSAT1, PAPPA2, RSPH9, IFT52, LRP5, CCDC39, NSMCE2, PLOD2, RSPH3, PDE3A, NIN, GLUL, HDAC8, WDR19, SKI, ZSWIM6, EXT2, IL6ST, TRIP11, IFT172, PLCB4, DDR2, LTBP1, CCDC40, COLQ, DNAI1, TNFRSF11B, DNAH5, FGFR1, CLCN5, BRAF, TAB2, ABCC9, DNAL1, KAT6A
HP:0011800	Midface retrusion	78	0.03008098727342846	2.045010748664531	4.169634876548994e-10	2.451030512860543e-08	7.610651282185509	4.28930339750595e-06	SERPINH1, TCF12, ADNP, HDAC4, RAB3GAP1, CSGALNACT1, RAB3GAP2, DSE, TBL1XR1, CDC42, POR, CCDC8, ZBTB20, XYLT1, RERE, TRIO, CDH11, SOS2, ZNF407, IFT81, MED13L, MBD5, LIFR, ATRX, DEAF1, SON, SMAD4, CHD1, SPRED2, ZMIZ1, SOS1, NFIX, WDR35, POGZ, P3H2, WAC, UBE4B, RASA2, FBN1, SPEN, GLI2, ANKRD17, ITCH, HSPA9, SMAD2, SMCHD1, DDB1, KMT2C, RNF13, LTBP4, PRDM16, NF1, MIPEP, SATB2, EHMT1, ANTXR1, FGFR2, TLK2, COL27A1, NXN, SOX9, JARID2, ROR2, RPS28, RRAS2, PTEN, DEPDC5, IFT52, MECP2, P4HA1, SKI, SETBP1, PAK2, DDR2, BPTF, FGFR1, BRAF, KAT6A
HP:0001328	Specific learning disability	71	0.027381411492479753	2.0435858526579365	2.3670738433340783e-09	1.2551592075452406e-07	6.901301183686484	2.4350088626377662e-05	SMARCA2, SUGCT, PRRT2, RREB1, RRAS2, AUTS2, LEMD3, ALMS1, KAT6B, LZTFL1, SOX2, OCA2, CTNNB1, BBS9, TGIF1, TCF4, BBS7, PAPPA2, HERC2, IFT74, SMAD4, ASPA, LTBP4, SCAPER, SPRED1, DIS3L2, NF1, EFHC1, HDAC8, SDCCAG8, ITPR1, APTX, SPRED2, PRKD1, SOS1, PRNP, EHMT1, NPHP1, DPYD, IFT172, RASA2, GLUD1, JAG1, GLI2, LYST, SCLT1, SBF2, MID1, LTBP1, PIK3C2A, TRIO, TTC8, JMJD1C, FGFR1, BBS5, NSD1, FBXW7, WDPCP, DMD, DISP1, SPART, MICU1, BRAF, GRIN2A, SOS2, STAG2, MED13L, BBS1, PLCH1, FOXP2, CEP290
HP:0000369	Low-set ears	217	0.08368684920940996	2.0352602206194046	5.737622975306323e-26	6.558103060775128e-23	22.183221762662956	5.902292754697615e-22	SMARCA2, B9D1, MIA3, RSPRY1, SERPINH1, IGF1R, NDE1, PIBF1, MUSK, USP9X, PPP1R12A, ADNP, NBAS, ARID2, EFEMP1, CDK13, RAB3GAP1, RAB3GAP2, SETD5, PLS3, DIS3L2, INTU, VPS35L, CDC42, POR, BMPR1A, CSPP1, COG5, TENM3, CAMTA1, ZBTB18, LARP7, XYLT1, GPT2, KDM4B, ZNF148, ASPH, CDH2, MID1, SAMHD1, RERE, DYNC2LI1, ASXL1, TMEM67, NSD1, YY1, UBA2, ATR, YWHAE, CDH11, SOX5, IFT81, MED13L, RALGAPA1, FOXP2, MBD5, DZIP1L, LIFR, ATRX, DYRK1A, NFIA, TBCK, SON, ZNF292, PUM1, ASH1L, IFT74, SHOC2, SMAD4, SPOP, DST, SH3PXD2B, MAPRE2, SPRED1, SOX6, MYO9A, HERC1, PPM1D, SPRED2, EXOC2, PAFAH1B1, SOS1, ZMIZ1, AHI1, NFIX, WDR35, POGZ, PBX1, P3H2, RB1, STXBP1, GLIS3, CC2D2A, FBN1, EP300, RPS27, SPECC1L, FRYL, SPEN, ASXL2, JAG1, FBXO11, HS2ST1, TRIP12, EYA1, ITCH, PPP1CB, CPLANE1, NIPBL, DDX6, SMAD2, STAG1, IFT140, PLAAT3, KIAA0753, CEP41, SGMS2, HUWE1, CAMK2G, RREB1, DDB1, MAPK1, AFF3, ANTXR2, AUTS2, PRKDC, AHDC1, CNOT2, KAT6B, NOTCH2, EFL1, MRPS28, TRRAP, RUSC2, RPS24, NF1, PACS1, CREBBP, CRLF1, ANKH, TCTN1, SATB2, SEPTIN9, ANTXR1, SMC5, MEIS2, WASHC4, SMOC1, ARMC9, FGFR2, RPL9, RPL17, FRA10AC1, NXN, SOX9, JARID2, SPART, ARID1B, HNRNPH1, STAG2, ARL13B, ROR2, KMT2A, RPGRIP1L, CNOT1, PLCH1, ZNF462, IFT122, RPS28, GPC6, COG7, CHD4, PTEN, DEPDC5, EDEM3, TOGARAM1, KAT6A, AP3B1, KDM5A, CEP57, CTNNB1, PSAT1, USP7, SRRM2, IFT52, LRP5, DHX9, MECP2, P4HA1, PLOD2, TASP1, ZMYM2, GLUL, MACF1, GREB1L, SKI, ZSWIM6, IL6ST, TRIP11, NSUN6, SETBP1, CUX1, NEB, KCTD1, PLCB4, DDR2, SCO2, PHACTR1, JMJD1C, FGFR1, FANCL, TAOK1, CCN2, CHD7, BRAF, B3GLCT, C2CD3
HP:0001631	Atrial septal defect	125	0.04820671037408407	2.030695351729566	2.9866108238389767e-15	3.99003448634176e-13	12.399023350638263	3.0723265544831554e-11	IGF1R, NDE1, USP9X, ADNP, ARID2, EFEMP1, CDK13, SIK3, CSGALNACT1, SETD5, FUT8, VPS35L, NPHP3, ITPR1, POR, BMPR1A, LARP7, XYLT1, PIK3CA, ZEB2, ASPH, MID1, TRIO, DYNC2LI1, ASXL1, NSD1, NELFA, SOS2, FOXP2, NEK1, SON, SLC25A36, SHOC2, SMAD4, DLG5, SH3PXD2B, TKT, CUL3, SPRED2, SOS1, AHI1, NFIX, WDR35, ARID1A, POGZ, GLI3, FBN1, EP300, DAW1, RASA2, RPS27, SPECC1L, FRYL, JAG1, ASXL2, NSD2, FBXO11, KANSL1, PPP1CB, TXNL4A, HSPA9, NIPBL, SMAD2, PRKACB, CEP290, RREB1, MAPK1, AUTS2, AHDC1, EVC2, KAT6B, NOTCH2, PPP2CA, RPS24, NF1, PACS1, CREBBP, MMP14, EHMT1, ARHGAP31, MPDZ, MEIS2, UQCRC2, FGFR2, RPL9, NXN, SLC19A2, ZBTB7A, ARID1B, GTF2IRD1, ROR2, KMT2A, STRADA, UBR1, GPC6, RPS28, RRAS2, CHD4, PTEN, KAT6A, BAZ1B, KDM5A, CEP57, P4HA1, TASP1, CLIP2, ZMYM2, POLA1, HDAC8, SKI, EXT2, SETBP1, IFT172, CUX1, AGO2, FLCN, GTF2I, JMJD1C, FGFR1, FANCL, SNX14, CHD7, BRAF, B3GLCT, C2CD3
HP:0002079	Hypoplasia of the corpus callosum	121	0.04666409564211338	2.0279192112487205	1.0517334123364396e-14	1.303515856952404e-12	11.884883681377094	1.0819181612704954e-10	RSPRY1, IGF1R, NDE1, USP9X, UBA5, ADNP, TBCD, ANKRD11, CDK13, RAB3GAP1, NT5C2, DYNC1H1, RAB3GAP2, SIN3A, ATP9A, CDC42, FBXW11, ERLIN2, ZBTB20, CSPP1, GPT2, MED12L, ZEB2, NEDD4L, ZNF148, KIDINS220, PGAP1, MID1, SAMHD1, AKT3, RERE, ASXL1, YY1, HIVEP2, HK1, YWHAE, RALGAPA1, SLC1A2, TRAPPC9, NR2F1, EIF2AK2, DYRK1A, NFIA, TBCK, SOX2, SON, SHOC2, SH3PXD2B, MAPRE2, PAFAH1B1, EXOC2, ZMIZ1, ACBD6, NFIX, POGZ, RB1, STXBP1, WAC, GLI3, CASK, KANSL1, HS2ST1, SETD2, DOCK7, GNAO1, VPS53, DDX6, ARFGEF2, IFT140, KIAA0753, HUWE1, CEP290, PRKDC, AHDC1, KMT2C, TCF4, RNF13, TRRAP, PPP2CA, RUSC2, NF1, PSAP, VAMP2, EHMT1, ARHGAP31, CIT, ARNT2, RORA, FRA10AC1, TMX2, ARID1B, GRIN2A, STAG2, CNOT1, ZNF462, NADK2, SCAF4, COG7, CTNNA2, TOGARAM1, WWOX, KDM5A, OCA2, CTNNB1, PSAT1, USP7, IFT52, ATL1, VWA3B, GLUL, MACF1, ZSWIM6, TSEN15, SETBP1, FLCN, PLCB4, SACS, FGFR1, PDHX, ZFR, C2CD3
HP:0000739	Anxiety	118	0.045507134593135365	2.024625195429796	2.844029305370611e-14	2.925652946434748e-12	11.533777193039038	2.9256529464347475e-10	RFX7, PRRT2, IGF1R, TCF12, ADNP, THOC2, TGIF1, ARID2, BBS7, PRKN, ZNRF3, PPARGC1A, SIN3A, BMPR1A, ZBTB20, LARP7, PIK3CA, MED12L, KCNN2, SCLT1, CDH2, TTC8, BBS5, NSD1, YY1, HIVEP2, SOX5, BBS1, STX16, MBD5, SCAPER, VPS13A, NEK1, DYRK1A, DEAF1, BBS9, ASH1L, DNAJC6, IFT74, DLAT, EFHC1, SDCCAG8, PPM1D, NFIX, POGZ, WAC, PPP2R2B, SPECC1L, FRYL, PHIP, VPS13C, GLI2, NSD2, ATM, KANSL1, TRIP12, SETD2, PPP1CB, CEP78, NIPBL, WDPCP, CEP290, RREB1, DDB1, MAPK1, FOXP1, AHDC1, LZTFL1, ERBB4, KMT2E, WHRN, SATB2, EHMT1, SMC5, GCLC, NPAT, CHMP2B, TLK2, CAPRIN1, GNAS, PHF21A, SPART, DISP1, GRIN2A, STAG2, GTF2IRD1, KMT2A, PLCH1, WDR45, DEPDC5, BAZ1B, CTNNB1, SRRM2, MECP2, CLIP2, SLC20A2, TARDBP, HDAC8, PRNP, ANXA11, XPR1, NPHP1, SETBP1, IFT172, ADGRV1, GNB1, SPTBN1, UBAP2L, BPTF, NFIB, TANC2, GTF2I, JMJD1C, FGFR1, ATXN2, CHD7, ABCC9, TTC19
HP:0000954	Single transverse palmar crease	175	0.0674893945237177	2.0206599386541586	1.181627730718763e-20	4.8621617863615666e-18	17.31317059428843	1.2155404465903914e-16	SMARCA2, RSPRY1, SERPINH1, IGF1R, TCF12, BMPR1B, ADNP, HDAC4, THOC2, NBAS, ANKRD11, BTRC, CSGALNACT1, DSE, PLS3, INTU, IFT80, VPS35L, CDC42, POR, CCDC8, SEMA3A, LMBR1, XYLT1, KDM4B, EXT1, RERE, TRIO, TMEM231, APC, DYNC2LI1, TMEM67, NSD1, ATR, SOS2, IFT81, PCYT1A, LIFR, ALMS1, NEK1, TBCK, SOX2, IDS, GALNT3, ZNF292, RBPJ, SHOC2, SMAD4, SH3PXD2B, SPRED1, PPM1D, SPRED2, SOS1, NFIX, WDR35, STXBP1, WAC, STIM1, GLI3, CC2D2A, FBN1, EP300, TRPS1, SPECC1L, GLI2, NSD2, FBXO11, GALNS, DYNC2H1, HS2ST1, SETD2, IKBKB, ITCH, PPP1CB, CPLANE1, HSPA9, TRIM37, NIPBL, SMAD2, PRKACB, IFT140, SULF1, STAG1, KIAA0753, MTAP, SGMS2, CEP290, MAP3K20, CDC73, AFF3, RREB1, MAPK1, ZBTB16, IFT57, ANTXR2, LEMD3, FOXP1, EVC2, PPP3CA, AHDC1, NOTCH2, KAT6B, TCF4, EFL1, LTBP4, PPP2CA, NF1, PACS1, VPS13B, CREBBP, ANKH, MMP14, LPIN2, SATB2, EXOC6B, EHMT1, ARHGAP31, IFT43, SMC5, SMOC1, FGFR2, STAT3, COL27A1, GNAS, SMARCAD1, NXN, SOX9, JARID2, ACVR1, ARID1B, ROR2, KMT2A, UBR1, TRAF3IP1, RPGRIP1L, ZNF462, IFT122, TTC21B, DYM, GPC6, RRAS2, DEPDC5, CEP57, PSAT1, SLC25A12, PAPPA2, IFT52, LRP5, NSMCE2, PLOD2, TASP1, PDE3A, ZMYM2, NIN, HDAC8, WDR19, SKI, ZSWIM6, EXT2, IL6ST, TRIP11, SETBP1, IFT172, SPTBN1, PLCB4, DDR2, RIN2, LTBP1, TNFRSF11B, FGFR1, CLCN5, BRAF, TAB2, ABCC9, B3GLCT
HP:0001629	Ventricular septal defect	131	0.05052063247204011	2.0168110625805316	1.0711114212855357e-15	1.6445557001140755e-13	12.783951412638897	1.1018523190764306e-11	RFX7, TTC7A, IGF1R, ARID2, ANKRD11, EFEMP1, CDK13, CSGALNACT1, SETD5, VPS35L, RBMX, XYLT1, PIK3CA, ZEB2, NEDD4L, ASPH, MID1, AKT3, RERE, TRIO, DYNC2LI1, ASXL1, NSD1, SOS2, IFT81, MED13L, ATRX, NEK1, DYRK1A, TBCK, SOX2, SON, SHOC2, SMAD4, DST, DLG5, SH3PXD2B, TKT, PPM1D, EXOC2, SOS1, NFIX, ARID1A, GTF2E2, WAC, GLI3, FBN1, EP300, DTNA, DAW1, CASK, RPS27, SPECC1L, FRYL, SPEN, JAG1, NSD2, KANSL1, PPP1CB, TXNL4A, GNAO1, NIPBL, SMAD2, PRKACB, STAG1, CEP290, RREB1, MAPK1, FTO, AHDC1, EVC2, KAT6B, NOTCH2, AFF4, TRRAP, RPS24, NF1, PACS1, VPS13B, CREBBP, MMP14, SATB2, EHMT1, ARHGAP31, MEIS2, FGFR2, RPL9, FRA10AC1, NXN, SLC19A2, ZBTB7A, ARID1B, STAG2, GTF2IRD1, MICU1, ROR2, UBR1, PLCH1, ZNF462, GPC6, RPS28, SCAF4, RRAS2, CHD4, PGM1, KAT6A, BAZ1B, KDM5A, CEP57, P4HA1, LRP5, TASP1, CLIP2, ZMYM2, POLA1, MACF1, HDAC8, SKI, EXT2, IFT172, CUX1, SPTBN1, GTF2I, JMJD1C, FGFR1, TAOK1, CHD7, BRAF, TAB2, B3GLCT, C2CD3
HP:0002119	Ventriculomegaly	168	0.064789818742769	2.016020356921901	1.2316933787273852e-19	3.5195638297135033e-17	16.45351115415984	1.2670429786968612e-15	MIA3, CDK5RAP2, SERPINH1, NDE1, USP9X, HNRNPU, ADNP, HDAC4, THOC2, NBAS, TBCD, ANKRD11, HERC2, DNAAF1, DNAAF5, CSGALNACT1, HIBCH, RAB3GAP2, NME5, PLS3, DSE, INTU, IFT80, MTRR, VPS35L, TBL1XR1, SIN3A, ITPR1, CDC42, ZBTB20, CSPP1, DNAAF3, XYLT1, OGDH, PIK3CA, ZEB2, ZNF148, EXT1, KIDINS220, MID1, SAMHD1, AKT3, RERE, ASXL1, CCDC88C, NSD1, YY1, HK1, YWHAE, RSPH4A, HYDIN, LIFR, CFAP221, DYRK1A, NFIA, TBCK, CFAP74, DEAF1, MCPH1, SON, ZNF292, MAPRE2, HERC1, DNAJB13, PAFAH1B1, ZMIZ1, ACBD6, NFIX, WDR35, GTF2E2, POGZ, WAC, SPAG1, UBE4B, GLI3, CC2D2A, FBN1, TRPS1, SPEN, ASXL2, NSD2, DYNC2H1, KANSL1, SETD2, CELF2, PARN, GNAO1, TRIM37, VPS53, NIPBL, IFT140, KIAA0753, SGMS2, HUWE1, DNAH9, RSPH1, AFF3, OPHN1, AHDC1, DRC1, KMT2C, PDCD6IP, TCF4, TRRAP, PRDM16, B3GLCT, NEK10, PPP2CA, PSAP, CFAP298, EHMT1, ARHGAP31, IFT43, MPDZ, ANTXR1, ARMC9, FGFR2, CIT, RPGR, CFAP300, ISCA1, DNAH11, SPEF2, SOX9, TMX2, SHPK, ARID1B, STRADA, PLCH1, ZNF462, NADK2, RRAS2, CHD4, DNAH1, TTC12, DNAAF4, CEP57, CTNNB1, PSAT1, OCA2, USP7, RSPH9, CCDC39, DHX9, LRP5, P4HA1, PLOD2, RSPH3, KANK1, NRCAM, HDAC8, SKI, ZSWIM6, PRNP, TSEN15, SETBP1, IFT172, SPTBN1, SCO2, CCDC40, NFIB, PHACTR1, DNAI1, DNAH5, FGFR1, FANCL, PDHX, DNAL1
HP:0008872	Feeding difficulties in infancy	114	0.043964519861164675	2.0125003213780692	1.2234614545844823e-13	1.0232315433585827e-11	10.990026080242247	1.2585747983310568e-09	B9D1, LAMA2, PIBF1, EFEMP1, HERC2, RAB3GAP1, RAB3GAP2, IFT80, VPS35L, SIN3A, CSPP1, MED12L, ASPH, MID1, SAMHD1, RERE, TRIO, TMEM231, DYNC2LI1, ASXL1, TMEM67, NSD1, YY1, DLEC1, SOS2, DLG1, LIFR, ATRX, DYRK1A, DEAF1, HADHB, SON, BTD, HSPD1, IFT74, SPOP, SPRED2, ZMIZ1, SOS1, AHI1, PCCA, NFIX, POGZ, COX10, UBE4B, CC2D2A, KIF1A, FBN1, EP300, RASA2, CASK, SPEN, PHIP, ASXL2, DYNC2H1, KANSL1, WNK1, SYNGAP1, ITCH, CPLANE1, PPP1CB, TXNL4A, TG, NIPBL, SMAD2, IFT140, KIAA0753, CEP41, DPYD, RREB1, HADH, AUTS2, FOXP1, CNOT2, COBLL1, RNF13, PRDM16, RETREG1, PSAP, VPS13B, CREBBP, CRLF1, TCTN1, SATB2, REV3L, ARMC9, FGFR2, OPA1, SOX9, ARID1B, ARL13B, ELP1, RPGRIP1L, TTC21B, RRAS2, TOGARAM1, WWOX, OCA2, PSAT1, USP7, SDHA, LRP5, MECP2, HDAC8, WDR19, SKI, RNF6, IFT172, FLCN, COLQ, JMJD1C, CHD7, BRAF, B3GLCT
HP:0001643	Patent ductus arteriosus	102	0.039336675665252605	2.0056836188825207	3.3356313442736754e-12	2.3502492903111846e-10	9.628886069785926	3.43136396385433e-08	SMARCA2, RSPRY1, USP9X, HDAC4, ARID2, EFEMP1, SIK3, CSGALNACT1, SETD5, FUT8, NPHP3, CDC42, BMPR1A, C2CD3, DHRSX, PIK3CA, ZEB2, NEDD4L, ZNF148, ASPH, MID1, RERE, ASCC1, TRIO, DYNC2LI1, NSD1, SOS2, PRKG1, TRIM33, DYRK1A, SOX2, SON, SMAD4, TKT, HEY2, SPRED2, ZMIZ1, SOS1, NFIX, WDR35, ARID1A, POGZ, STXBP1, WAC, UBE4B, GLI3, FBN1, EP300, DTNA, DAW1, RASA2, SPEN, SPECC1L, FRYL, ASXL2, KANSL1, PPP1CB, NIPBL, WDPCP, SMAD2, ARFGEF2, DNAH9, RREB1, FTO, KAT6B, NOTCH2, AFF4, TRRAP, PRDM16, PACS1, CREBBP, EHMT1, SMC5, FGFR2, FRA10AC1, ARID1B, ZBTB7A, STAG2, KCNN3, GTF2IRD1, KMT2A, RRAS2, CHD4, PTEN, BAZ1B, CLIP2, ZMYM2, SKI, EXT2, TRIP11, CUX1, AGO2, PAK2, GTF2I, JMJD1C, FANCL, SNX14, CHD7, BRAF, ABCC9, B3GLCT, KAT6A
HP:0000023	Inguinal hernia	83	0.03200925568839182	2.004129659347061	4.2260185305667074e-10	2.470059808178393e-08	7.607292530931677	4.347305262393972e-06	SMARCA2, SERPINH1, ADNP, EFEMP1, RAB3GAP2, DSE, DIS3L2, VPS35L, NPHP3, SIN3A, CDC42, FBXW11, MDFIC, ASPH, MID1, TMEM67, NSD1, YWHAE, GPHN, PRKG1, TRIM33, DYRK1A, NFIA, IDS, SHOC2, SMAD4, SH3PXD2B, MAPRE2, HEY2, PAFAH1B1, WDR35, ARID1A, POGZ, GLI3, CC2D2A, FBN1, GALNS, TXNL4A, NIPBL, DDX6, SMAD2, SMCHD1, RREB1, MAPK1, AUTS2, AHDC1, KMT2C, NOTCH2, RNF13, LTBP4, TRRAP, PPP2CA, PACS1, CREBBP, SATB2, EHMT1, MEIS2, TNRC6B, RPL17, NXN, SHPK, ARID1B, GTF2IRD1, ROR2, CTNND2, RPGRIP1L, IFT122, DEPDC5, BAZ1B, PLOD2, ZEB1, CLIP2, TASP1, WDR19, SKI, SETBP1, LTBP1, GTF2I, DICER1, JMJD1C, FGFR1, BRAF, B3GLCT
HP:0000337	Broad forehead	71	0.027381411492479753	2.0001053026013844	6.4375062561736245e-09	3.1837801373681767e-07	6.497056931017492	6.622262685725808e-05	CHD4, CFAP53, PTEN, TCF12, AHDC1, DYRK1A, BAZ1B, NOTCH2, ADNP, THOC2, NFIA, DEAF1, TBCK, ANKRD11, KAT6B, LRP5, SHOC2, PSPH, PPP2CA, SH3PXD2B, CLIP2, HEY2, NF1, FUT8, SIN3A, PPM1D, ANKH, PRKD1, CCDC8, SOS1, ZBTB20, NFIX, CAMTA1, SATB2, EHMT1, POGZ, ANTXR1, WAC, PIK3CA, SETBP1, GLYR1, CTNND1, CUX1, FBN1, CASK, FLCN, SPTBN1, FGFR2, JAG1, UBAP2L, FBXO11, CDH2, KANSL1, GTF2I, GATAD2B, JARID2, DZIP1, YY1, NSD1, PAK1, CHD7, BRAF, SMAD2, GTF2IRD1, TAB2, PRKACB, KMT2A, CFAP45, MED13L, CDH11, MBD5
HP:0000278	Retrognathia	84	0.0323949093713845	1.9979123896441595	3.300169564470299e-10	1.9623609427575706e-08	7.707221108561183	3.3948844309705964e-06	MIA3, IGF1R, ARID2, BBS7, DIS3L2, INTU, FUT8, FBXW11, COG5, BNC2, RSRC1, SCLT1, ASPH, TRIO, TTC8, ASXL1, BBS5, NSD1, UBA2, BBS1, MBD5, SCAPER, PRKG1, NR2F1, DYRK1A, BBS9, ARIH1, IFT74, SMAD4, HEY2, SDCCAG8, NFIX, WDR35, GTF2E2, POGZ, TTN, ATG7, FBN1, EP300, CASK, FRYL, SPEN, JAG1, ASXL2, FBXO11, HS2ST1, SETD2, EYA1, WDPCP, SMAD2, DPYD, CEP290, PREPL, DDB1, FTO, AUTS2, FOXP1, PPP3CA, KAT6B, LZTFL1, LTBP4, CREBBP, FBXO31, CRLF1, SMOC1, ARNT2, RPL17, PIK3C2A, FRA10AC1, JARID2, ARID1B, HNRNPH1, ROR2, COG7, EDEM3, CTNNB1, DHX9, POLA1, HDAC8, SKI, TRIP11, NPHP1, SETBP1, IFT172
HP:0000343	Long philtrum	220	0.08484381025838797	1.9973687400143243	3.8030472342796556e-25	3.5565406271849834e-22	21.448972225891627	3.912194689903481e-21	SMARCA2, RFX7, RSPRY1, SERPINH1, IGF1R, MUSK, TCF12, BMPR1B, USP9X, PPP1R12A, ADNP, HDAC4, NBAS, ANKRD11, BBS7, EFEMP1, BTRC, CSGALNACT1, RAB3GAP2, SETD5, DSE, PLS3, INTU, IFT80, VPS35L, SIN3A, CDC42, POR, CCDC8, TENM3, SEMA3A, CAMTA1, LMBR1, XYLT1, KDM4B, SCLT1, EXT1, CDH2, MID1, RERE, TRIO, TMEM231, APC, DYNC2LI1, TTC8, TMEM67, BBS5, NSD1, ATR, MPC1, CDH11, SOS2, IFT81, BBS1, FOXP2, SCAPER, PCYT1A, LIFR, ALMS1, NEK1, TBCK, SOX2, IDS, BBS9, GALNT3, RBPJ, IFT74, SHOC2, SMAD4, SH3PXD2B, MAPRE2, SPRED1, SDCCAG8, PPM1D, SPRED2, EXOC2, MTX2, SOS1, ZMIZ1, ARID1A, NFIX, WDR35, P3H2, GLIS3, STIM1, UBE4B, GLI3, CC2D2A, FBN1, EP300, CASK, TRPS1, SPECC1L, FRYL, SPEN, GLI2, PHIP, NSD2, FBXO11, GALNS, DYNC2H1, HS2ST1, TRIP12, SETD2, SYNGAP1, IKBKB, CPLANE1, PPP1CB, HSPA9, TRIM37, NIPBL, WDPCP, SMAD2, PRKACB, IFT140, SULF1, KIAA0753, MTAP, HUWE1, SGMS2, CEP290, MAP3K20, CDC73, CAMK2G, RREB1, AFF3, MAPK1, ZBTB16, ANTXR2, LEMD3, PRKDC, AHDC1, EVC2, KAT6B, NOTCH2, LZTFL1, AFF4, EFL1, MRPS28, LTBP4, PRDM16, NF1, CREBBP, CRLF1, ANKH, MMP14, LPIN2, SATB2, EXOC6B, ARHGAP31, IFT43, ANTXR1, MEIS2, SMOC1, FGFR2, STAT3, COL27A1, GNAS, NXN, SOX9, ACVR1, ARID1B, STAG2, GTF2IRD1, ROR2, KMT2A, UBR1, CNOT1, TRAF3IP1, RPGRIP1L, TTC21B, IFT122, DYM, SCAF4, GPC6, RRAS2, PTEN, WWOX, AP3B1, BAZ1B, CTNNB1, PSAT1, PAPPA2, IFT52, LRP5, SYNE1, NSMCE2, PLOD2, TASP1, CLIP2, PDE3A, CHD2, NIN, HDAC8, WDR19, SKI, ZSWIM6, EXT2, IL6ST, TRIP11, NPHP1, SETBP1, IFT172, NEB, PLCB4, DDR2, UBAP2L, RIN2, LTBP1, NFIB, TNFRSF11B, GTF2I, JMJD1C, FGFR1, CLCN5, SNX14, BRAF, TAB2, ABCC9, B3GLCT
HP:0008551	Microtia	47	0.018125723100655612	1.9966404820877268	2.315104998864622e-06	7.782838275594891e-05	4.108861993930834	0.023815485123320365	RSPRY1, RPS28, ATRX, AHDC1, ADNP, ITGA6, SMAD4, PRDM16, SPOP, MAPRE2, ZMYM2, INTU, RPS24, POLA1, NIN, HDAC8, PBX1, SKI, NFIX, PIK3CA, UBE4B, GLI3, RPS27, SPEN, KCTD1, FGFR2, UQCRH, NSD2, UBAP2L, FBXO11, BPTF, RPL9, RERE, RPL17, EYA1, FANCL, HSPA9, HIVEP2, PAK1, CHD7, NELFA, STAG2, ROR2, ITGB4, CNOT1, ZNF462, MBD5
HP:0000664	Synophrys	184	0.07096027767065176	1.9860200539915158	8.546441469188581e-21	3.663218474730956e-18	17.436137179194958	8.791724339354294e-17	SMARCA2, RSPRY1, SERPINH1, IGF1R, TCF12, BMPR1B, HNRNPU, HDAC4, NBAS, TBCD, ANKRD11, BTRC, CSGALNACT1, SETD5, DSE, PLS3, INTU, IFT80, VPS35L, CDC42, POR, ERLIN2, CCDC8, ZBTB20, SEMA3A, LMBR1, XYLT1, KDM4B, EXT1, CDH2, TRIO, TMEM231, DYNC2LI1, ASXL1, TMEM67, NSD1, HIVEP2, ATR, CDH11, SOS2, ZNF407, IFT81, MBD5, PCYT1A, TRAPPC9, LIFR, ALMS1, NEK1, MED13, TBCK, DEAF1, IDS, SOX2, GALNT3, ZNF292, ASH1L, RBPJ, SHOC2, SMAD4, SPOP, SH3PXD2B, MAPRE2, SPRED1, PPM1D, SPRED2, SOS1, NFIX, WDR35, WAC, STIM1, GLI3, CC2D2A, FBN1, EP300, TRPS1, SPECC1L, SPEN, PHIP, ASXL2, GLI2, NSD2, GALNS, DYNC2H1, HS2ST1, SETD2, DOCK7, IKBKB, CPLANE1, PPP1CB, KCNMA1, HSPA9, TRIM37, NIPBL, SMAD2, PRKACB, IFT140, SULF1, STAG1, KIAA0753, MTAP, SGMS2, CEP290, MAP3K20, CDC73, SMCHD1, AFF3, RREB1, DDB1, MAPK1, ZBTB16, ANTXR2, CERT1, LEMD3, AHDC1, EVC2, KAT6B, NOTCH2, AFF4, EFL1, RUSC2, NF1, PACS1, CREBBP, FBXO31, ANKH, MMP14, LPIN2, SATB2, EXOC6B, EHMT1, ARHGAP31, IFT43, FGFR2, STAT3, COL27A1, GNAS, FRA10AC1, NXN, SOX9, JARID2, ACVR1, ARID1B, KCNN3, ROR2, KMT2A, TRAF3IP1, RPGRIP1L, TTC21B, IFT122, DYM, GPC6, RRAS2, PSAT1, PAPPA2, IFT52, LRP5, NSMCE2, PLOD2, TASP1, PDE3A, NIN, HDAC8, BCAS3, ZMYND11, WDR19, SKI, ZSWIM6, EXT2, IL6ST, TRIP11, SETBP1, IFT172, SPTBN1, PLCB4, DDR2, UBAP2L, BPTF, LTBP1, TNFRSF11B, FGFR1, CLCN5, BRAF, TAB2, ABCC9
HP:0002465	Poor speech	49	0.018897030466640957	1.9860200539915158	2.034273594800539e-06	6.883740943984588e-05	4.162175481853332	0.020926572469713148	SMARCA2, CAMK2G, OPHN1, WDR45, AHDC1, DYRK1A, TBCK, OCA2, CTNNB1, TGIF1, TBCD, ASPA, PRDM16, NUBPL, TRRAP, SLC39A14, DLAT, HDAC8, ITPR1, CDC42, SKI, EXT2, SATB2, UBE4B, CHMP2B, ZEB2, SPEN, ZNF148, GLI2, KANSL1, MID1, RERE, NDUFS1, SYNGAP1, DOCK7, TRIO, ADK, GATAD2B, FGFR1, PAK1, DISP1, STAG2, FMN2, MED13L, NDUFA13, PLCH1, FOXP2, DYM, KAT6A
HP:0002020	Gastroesophageal reflux	137	0.052834554569996146	1.9860200539915156	1.3297418889080152e-15	2.0116257075289342e-13	12.696452822958339	1.3679054811196753e-11	SMARCA2, LAMA2, NTRK2, USP9X, UBA5, ADNP, TGIF1, ARID2, EFEMP1, CDK13, GALC, VPS35L, SIN3A, ATP9A, ITPR1, POR, CSPP1, CAMTA1, COL4A5, ZBTB18, DHRSX, MED12L, NEDD4L, MEGF10, ASPH, MID1, RERE, ASCC1, ASXL1, NSD1, FBXW7, HIVEP2, GPHN, SOX5, FOXP2, SLC1A2, MBD5, ATRX, ALMS1, DYRK1A, DEAF1, SON, FAM13A, SPOP, DST, MYO9A, PPM1D, NFIX, POGZ, WAC, UBE4B, KIF1A, FBN1, EP300, SPEN, PHIP, GLI2, NSD2, FBXO11, WNK1, SYNGAP1, CELF2, ITCH, PARN, NIPBL, SMAD2, ARFGEF2, STAG1, AFF3, RREB1, DDB1, MAPK1, AASS, PPP3CA, KMT2C, KAT6B, AFF4, TCF4, LTBP4, PRDM16, PSPH, RETREG1, PSAP, PACS1, CREBBP, CRLF1, SATB2, EHMT1, SMC5, MEIS2, GCLC, ARNT2, STAT3, GNAS, SLC19A2, ZBTB7A, HNRNPH1, STAG2, DISP1, GTF2IRD1, ELP1, KMT2A, PLCH1, COL4A6, COG7, NRXN1, EDEM3, NUP214, KAT6A, WWOX, AP3B1, BAZ1B, DNAAF4, USP7, DHX9, LRP5, MECP2, ASPA, ATL1, CLIP2, NRCAM, HDAC8, SKI, ZSWIM6, EXT2, TSEN15, FLCN, GTF2I, JMJD1C, FGFR1, CCN2, PAK1, CHD7, TRAK1, BRAF, NDUFA13, AGO2
HP:0000708	Atypical behavior	115	0.044350173544157344	1.977422564580297	2.867452487863019e-13	2.2690372109728364e-11	10.644158381864003	2.9497483742646873e-09	NTRK2, UBA5, HDAC4, THOC2, TGIF1, ARID2, BBS7, HERC2, GALC, MTRR, PPARGC1A, SIN3A, CDC42, BMPR1A, PIK3CA, ZEB2, SCLT1, RERE, TRIO, TMEM231, TTC8, BBS5, NSD1, YY1, GNAQ, TLR4, SOX5, MED13L, BBS1, SLC1A2, SCAPER, VPS13A, ATRX, NEK1, DYRK1A, BBS9, IFT74, SMAD4, SPRED1, DLAT, SDCCAG8, SLC1A3, ARID1A, STXBP1, WAC, PPP2R2B, CC2D2A, UBE4B, EP300, RNF216, SPEN, GLI2, ATM, KANSL1, SYNGAP1, CELF2, PLA2G6, WDPCP, CEP290, DPYD, ALS2, RREB1, AASS, FOXP1, PPP3CA, KMT2C, LZTFL1, ERBB4, EFL1, PRDM16, NF1, CREBBP, VAMP2, SATB2, EHMT1, NPAT, CHMP2B, GBE1, HNRNPA2B1, ALK, ELOVL5, MAPK10, USP8, ARID1B, DISP1, APP, STAG2, GRIN2A, ELP1, KMT2A, DIP2B, PLCH1, DEPDC5, WWOX, OCA2, CTNNB1, CHD2, TARDBP, HDAC8, LGI1, SKI, PRNP, ANXA11, NPHP1, USP48, IFT172, GNB1, SPTBN1, BPTF, SACS, JMJD1C, FGFR1, ATXN2, BRAF, TRAK1
HP:0000286	Epicanthus	262	0.10104126494408022	1.9765897593381847	4.406287931115619e-29	5.665935493423297e-26	25.24672837422253	4.532748394738637e-25	SMARCA2, RFX7, RSPRY1, SERPINH1, IGF1R, PHIP, TCF12, BMPR1B, HNRNPU, PPP1R12A, ADNP, HDAC4, NBAS, ARID2, ANKRD11, BTRC, CDK13, CSGALNACT1, HIBCH, RAB3GAP2, SETD5, DSE, PLS3, DIS3L2, INTU, IFT80, VPS35L, SIN3A, ATP9A, CDC42, POR, CCDC8, ZBTB20, CSPP1, SEMA3A, ZBTB18, LMBR1, XYLT1, PIK3CA, GPT2, ZEB2, ZNF148, EXT1, RERE, TRIO, TMEM231, DYNC2LI1, ASXL1, PRORP, TMEM67, NSD1, HK1, ATR, YWHAE, NELFA, MPC1, SOX5, SOS2, ZNF407, MED13L, IFT81, FOXP2, PCYT1A, TRAPPC9, LIFR, ATRX, ALMS1, NR2F1, NEK1, TRIM33, TBCK, DEAF1, IDS, SOX2, GALNT3, SON, ZNF292, PUM1, RBPJ, SHOC2, SMAD4, SPOP, SH3PXD2B, MAPRE2, SPRED1, PPM1D, SPRED2, PAFAH1B1, ZMIZ1, SOS1, ACBD6, AHI1, NFIX, WDR35, GTF2E2, POGZ, P3H2, RB1, GLIS3, WAC, STIM1, UBE4B, GLI3, CC2D2A, FBN1, EP300, CASK, RPS27, SPECC1L, FRYL, TRPS1, ASXL2, SPEN, NSD2, FBXO11, GALNS, DYNC2H1, KANSL1, HS2ST1, GLI2, TRIP12, SETD2, IKBKB, CPLANE1, PPP1CB, MTSS2, HSPA9, TRIM37, NIPBL, DDX6, VPS53, SMAD2, PRKACB, IFT140, SULF1, KIAA0753, MTAP, SGMS2, CEP290, MAP3K20, CDC73, PREPL, AFF3, RREB1, DDB1, MAPK1, ZBTB16, ANTXR2, AUTS2, CERT1, LEMD3, AHDC1, EVC2, KAT6B, NOTCH2, EFL1, TRRAP, PRDM16, PPP2CA, RPS24, NF1, CREBBP, ANKH, MMP14, LPIN2, SATB2, SEPTIN9, EXOC6B, ARHGAP31, IFT43, ANTXR1, REV3L, SMC5, PBX1, FGFR2, TLK2, RPL9, STAT3, COL27A1, RPL17, PIK3C2A, GNAS, GATAD2B, NXN, SOX9, PHF21A, JARID2, SPART, ARID1B, ACVR1, STAG2, GTF2IRD1, MICU1, KMT2A, CTNND2, TRAF3IP1, CNOT1, RPGRIP1L, ROR2, ZNF462, IFT122, RPS28, SCAF4, TTC21B, DYM, GPC6, RRAS2, CHD4, PTEN, EDEM3, KAT6A, WWOX, AP3B1, BAZ1B, CEP57, CTNNB1, PSAT1, PAPPA2, SRRM2, IFT52, LRP5, DHX9, MECP2, NSMCE2, PLOD2, TASP1, CLIP2, PDE3A, ZMYM2, NIN, MACF1, HDAC8, GREB1L, BCAS3, WDR19, SKI, ZSWIM6, EXT2, IL6ST, TRIP11, IFT172, PAK2, KCTD1, DDR2, UBAP2L, BPTF, RIN2, PLCB4, LTBP1, TNFRSF11B, GTF2I, JMJD1C, FGFR1, CLCN5, FANCL, PDHX, SNX14, CHD7, BRAF, TAB2, ABCC9, AGO2
HP:0008736	Hypoplasia of penis	52	0.020053991515618975	1.9765175656949057	9.68271430416526e-07	3.5196495422949836e-05	4.453500577835698	0.009960608204694802	SMCHD1, ATRX, WWOX, MBD5, BAZ1B, LZTFL1, SOX2, BBS9, TGIF1, BBS7, IFT74, RAB3GAP1, SCAPER, PRDM16, RAB3GAP2, CLIP2, DIS3L2, IFT80, VPS35L, HDAC8, SDCCAG8, PAFAH1B1, SKI, WDR35, SEMA3A, EHMT1, NPHP1, UBE4B, IFT172, SPEN, GLI2, SCLT1, DYNC2H1, ARNT2, RERE, GTF2I, TTC8, FGFR1, NXN, SOX9, BBS5, NSD1, WDPCP, CHD7, DISP1, NIPBL, GTF2IRD1, ROR2, YWHAE, UBR1, BBS1, CEP290
HP:0001256	Mild intellectual disability	50	0.01928268414963363	1.9761393572054882	1.6777546673492025e-06	5.811132075091329e-05	4.235739253827872	0.017259062263021246	PRRT2, RSPRY1, RREB1, DEPDC5, PTEN, AASS, LEMD3, FOXP1, AHDC1, SLC35A3, DYRK1A, OCA2, CTNNB1, THOC2, LRP5, MECP2, RAB3GAP2, TKT, POLA1, SIN3A, ITPR1, PAFAH1B1, BMPR1A, COG5, CAMTA1, EXT2, NFIX, POGZ, TTN, ACAT1, WAC, GLI3, FBN1, FGFR2, BPTF, PGAP1, KANSL1, TRIO, APC, JMJD1C, BBS5, ANO10, YY1, NSD1, ZFR, BRAF, ARID1B, ABCC9, DYM, DPYD
HP:0000400	Macrotia	66	0.02545314307751639	1.9637052219241953	4.492425747383013e-08	1.991964813074528e-06	5.700718337409577	0.00046213583663329055	SMARCA2, OPHN1, DDB1, NDE1, PTEN, DYRK1A, BAZ1B, LZTFL1, HDAC4, BBS9, THOC2, TBCD, ANKRD11, BBS7, EFEMP1, MECP2, SHOC2, IFT74, RAB3GAP1, SYNE1, SCAPER, BRWD3, RAB3GAP2, DSE, CLIP2, PACS1, TBL1XR1, HDAC8, SOX6, HERC1, SDCCAG8, SIN3A, RBMX, ZBTB20, TENM3, NPHP1, IFT172, KDM4B, CASK, TRPS1, PHIP, JAG1, FGFR2, GLI2, CIT, FBXO11, SCLT1, PGAP1, KANSL1, SYNGAP1, TRIO, GTF2I, EYA1, TTC8, BSCL2, PPP1CB, BBS5, NSD1, WDPCP, NIPBL, BRAF, GTF2IRD1, MED13L, BBS1, PLCH1, CEP290
HP:0001382	Joint hypermobility	226	0.087157732356344	1.9536040574628184	2.8327930813191144e-24	2.081495887680695e-21	20.681624442792742	2.9140942427529727e-20	SMARCA2, RFX7, RSPRY1, SERPINH1, IGF1R, MRE11, TCF12, BMPR1B, USP9X, ADNP, HDAC4, THOC2, NBAS, ARID2, ANKRD11, GAN, BBS7, EFEMP1, BTRC, RAB3GAP1, CSGALNACT1, RAB3GAP2, DSE, PLS3, INTU, IFT80, VPS35L, TBL1XR1, SIN3A, CDC42, POR, CCDC8, ZBTB20, SEMA3A, LMBR1, XYLT1, PIK3CA, NEDD4L, SCLT1, ASPH, EXT1, TMEM231, TTC8, DYNC2LI1, TMEM67, BBS5, NSD1, GFPT1, ATR, SOS2, IFT81, BBS1, SCAPER, PCYT1A, PRKG1, LIFR, ALMS1, NEK1, TRIM33, DEAF1, IDS, BBS9, SOX2, GALNT3, SON, ARIH1, PUM1, RBPJ, IFT74, SHOC2, SMAD4, SH3PXD2B, SPRED1, HEY2, MYO9A, HERC1, SDCCAG8, PPM1D, SPRED2, ZMIZ1, ACBD6, SOS1, NFIX, WDR35, ARID1A, POGZ, STIM1, GLI3, CC2D2A, FBN1, EP300, RASA2, TRPS1, SPECC1L, PHIP, JAG1, GLI2, NSD2, FBXO11, GALNS, DYNC2H1, KANSL1, HS2ST1, ANKRD17, SETD2, IKBKB, CPLANE1, PPP1CB, HSPA9, TRIM37, NIPBL, WDPCP, SMAD2, PRKACB, IFT140, SULF1, ARFGEF2, STAG1, KIAA0753, MTAP, SGMS2, CEP290, MAP3K20, DPYD, CDC73, AFF3, RREB1, DDB1, MAPK1, ZBTB16, ANTXR2, LEMD3, AHDC1, EVC2, KAT6B, NOTCH2, LZTFL1, EFL1, RNF13, LTBP4, RUSC2, NF1, VPS13B, CREBBP, ANKH, MMP14, LPIN2, SATB2, EXOC6B, EHMT1, ARHGAP31, IFT43, ANTXR1, SMOC1, FGFR2, TNRC6B, TLK2, STAT3, COL27A1, GNAS, GATAD2B, NXN, SOX9, JARID2, SPART, ARID1B, ACVR1, HNRNPH1, GTF2IRD1, KCNN3, MICU1, KMT2A, CTNND2, UBR1, TRAF3IP1, STRADA, RPGRIP1L, ROR2, TTC21B, IFT122, DYM, SCAF4, GPC6, RRAS2, PTEN, TOGARAM1, BAZ1B, PSAT1, PAPPA2, IFT52, LRP5, P4HA1, NSMCE2, PLOD2, CLIP2, PDE3A, ZMYM2, NIN, HDAC8, WDR19, SKI, ZSWIM6, EXT2, IL6ST, TRIP11, NPHP1, IFT172, GNB1, PAK2, SPTBN1, DDR2, RIN2, PLCB4, LTBP1, TANC2, TNFRSF11B, GTF2I, JMJD1C, FGFR1, CLCN5, TAOK1, BRAF, TAB2, ABCC9, B3GLCT, CDK13
HP:0001956	Truncal obesity	148	0.05707674508291554	1.9530296876461415	4.148837666256213e-16	6.883724689157687e-14	13.162176507369837	4.267909307277766e-12	RSPRY1, SERPINH1, IGF1R, TCF12, BMPR1B, ADNP, HDAC4, THOC2, NBAS, ANKRD11, BTRC, CSGALNACT1, DSE, PLS3, INTU, IFT80, VPS35L, CDC42, POR, CCDC8, ZBTB20, SEMA3A, LMBR1, XYLT1, EXT1, TMEM231, DYNC2LI1, TMEM67, NSD1, ATR, SOS2, IFT81, BBS1, PCYT1A, TRAPPC9, LIFR, ATRX, ALMS1, NEK1, SOX2, IDS, BBS9, GALNT3, RBPJ, SHOC2, SMAD4, SH3PXD2B, SPRED1, PPM1D, SPRED2, SOS1, NFIX, WDR35, WAC, STIM1, GLI3, CC2D2A, FBN1, EP300, TRPS1, SPECC1L, GLI2, NSD2, GALNS, DYNC2H1, HS2ST1, SETD2, IKBKB, CPLANE1, PPP1CB, HSPA9, TRIM37, NIPBL, SMAD2, PRKACB, IFT140, SULF1, KIAA0753, MTAP, SGMS2, CEP290, MAP3K20, CDC73, AFF3, RREB1, MAPK1, ZBTB16, ANTXR2, LEMD3, EVC2, KAT6B, NOTCH2, EFL1, NF1, VPS13B, CREBBP, ANKH, MMP14, LPIN2, SATB2, EXOC6B, ARHGAP31, IFT43, FGFR2, STAT3, COL27A1, GNAS, NXN, SOX9, USP8, ACVR1, ARID1B, ROR2, KMT2A, TRAF3IP1, RPGRIP1L, TTC21B, IFT122, DYM, GPC6, RRAS2, PSAT1, PAPPA2, IFT52, LRP5, NSMCE2, PLOD2, PDE3A, NIN, HDAC8, WDR19, SKI, ZSWIM6, EXT2, IL6ST, TRIP11, USP48, IFT172, PLCB4, DDR2, BPTF, LTBP1, TNFRSF11B, FGFR1, CLCN5, BRAF, TAB2, ABCC9
HP:0000365	Hearing impairment	203	0.07828769764751253	1.9499979248381025	8.204553563645684e-22	3.6695757612705716e-19	18.435384141521485	8.440024250922315e-18	PRRT2, KITLG, TCF12, USP9X, ARID2, ANKRD11, BBS7, USF3, DNAAF1, DNAAF5, CSGALNACT1, RAB3GAP2, NME5, DSE, INTU, GALC, MTRR, TBL1XR1, SIN3A, CDC42, RBMX, TRDN, ZBTB20, COG5, DNAAF3, XYLT1, PIK3CA, OAT, ANK2, USP53, BAG3, SCLT1, MID1, RERE, APC, TTC8, TMEM67, BBS5, NSD1, HK1, NELFA, CDH11, RSPH4A, ZNF407, MED13L, BBS1, HYDIN, CBFB, SCAPER, PCYT1A, NR2F1, CFAP221, DYRK1A, TBCK, CFAP74, IDS, BBS9, SOX2, SON, BTD, HSPD1, IFT74, SHOC2, CRB1, EYA4, SPIDR, SPOP, SMAD4, SPRED1, TKT, DCDC2, HSPB8, SDCCAG8, DNAJB13, PBX1, ZMIZ1, SOS1, NFIX, ARID1A, WAC, SPAG1, GLI3, EP300, CASK, FRYL, SPEN, NSD2, GALNS, KANSL1, SETD2, PLA2G6, EYA1, PPP1CB, PARN, TXNL4A, NIPBL, WDPCP, IFT140, NOS1AP, SREBF1, HUWE1, AKAP9, DNAH9, CEP290, RSPH1, SMCHD1, RREB1, IFRD1, USP45, CERT1, AHDC1, DRC1, CNOT2, KAT6B, NOTCH2, LZTFL1, NDUFA9, UBE3C, KMT2C, AFF4, EFL1, TRRAP, B3GLCT, NEK10, PSAP, CREBBP, ANKH, CFAP298, WHRN, EHMT1, ANTXR1, REV3L, GCLC, FGFR2, RPGR, TNRC6B, CAPRIN1, CFAP300, STAT3, RPL17, PIK3C2A, DNAH11, SPEF2, GNAS, NXN, SOX9, ACVR1, ARID1B, STAG2, MICU1, ROR2, SPATA7, LCA5, ZNF462, DYM, CHD4, PTEN, DNAH1, TTC12, CALM2, RPE65, DNAAF4, CEP57, CTNNB1, CHN1, USP7, RSPH9, CCDC39, P4HA1, LRP5, ASPA, SYNE1, TASP1, RSPH3, ATL1, NRCAM, HDAC8, SKI, YAP1, NPHP1, SETBP1, IFT172, FLCN, SPTBN1, PLCB4, SCO2, UBAP2L, LTBP1, CCDC40, DNAI1, TNFRSF11B, DNAH5, JMJD1C, P4HA2, FGFR1, FANCL, SNX14, CHD7, BRAF, NDUFA13, TTC19, DNAL1, AGO2
HP:0000311	Round face	155	0.05977632086386425	1.9483108124600312	9.049863235936347e-17	1.7239989464458742e-14	13.76346300391321	9.30959431080772e-13	RSPRY1, SERPINH1, IGF1R, TCF12, BMPR1B, HDAC4, NBAS, ANKRD11, BTRC, CSGALNACT1, DSE, PLS3, DIS3L2, INTU, IFT80, VPS35L, CDC42, POR, CCDC8, SEMA3A, ZBTB18, LMBR1, XYLT1, KDM4B, NEDD4L, EXT1, TMEM231, DYNC2LI1, TMEM67, NSD1, ATR, SOS2, IFT81, MED13L, STX16, PCYT1A, TRAPPC9, LIFR, ALMS1, NEK1, SOX2, IDS, GALNT3, RBPJ, SHOC2, SMAD4, SH3PXD2B, SPRED1, PPM1D, SPRED2, SOS1, NFIX, WDR35, STXBP1, STIM1, GLI3, CC2D2A, FBN1, EP300, TRPS1, SPECC1L, PHIP, GLI2, NSD2, GALNS, DYNC2H1, HS2ST1, SETD2, IKBKB, CPLANE1, PPP1CB, HSPA9, TRIM37, NIPBL, SMAD2, PRKACB, IFT140, SULF1, KIAA0753, MTAP, SGMS2, CEP290, MAP3K20, CDC73, AFF3, RREB1, MAPK1, ZBTB16, ANTXR2, LEMD3, RBL2, EVC2, KAT6B, NOTCH2, AFF4, EFL1, MRPS28, NF1, CREBBP, FBXO31, ANKH, MMP14, LPIN2, SATB2, SEPTIN9, EXOC6B, ARHGAP31, IFT43, FGFR2, STAT3, COL27A1, GNAS, NXN, SOX9, ACVR1, ARID1B, ROR2, KMT2A, CTNND2, TRAF3IP1, RPGRIP1L, TTC21B, IFT122, DYM, GPC6, RRAS2, WWOX, PSAT1, PAPPA2, IFT52, LRP5, NSMCE2, PLOD2, PDE3A, NIN, HDAC8, WDR19, SKI, ZSWIM6, EXT2, IL6ST, TRIP11, HNRNPC, IFT172, PLCB4, DDR2, UBAP2L, LTBP1, TNFRSF11B, FGFR1, CLCN5, BRAF, TAB2, ABCC9, B3GLCT
HP:0011304	Broad thumb	150	0.057848052448900886	1.9439021735642892	2.8892925577798624e-16	5.124509058945076e-14	13.290347734799807	2.9722152541881444e-12	RSPRY1, SERPINH1, IGF1R, TCF12, BMPR1B, USP9X, ADNP, HDAC4, NBAS, ANKRD11, BTRC, CSGALNACT1, SETD5, DSE, PLS3, INTU, IFT80, VPS35L, CDC42, POR, PRKD1, CCDC8, BMPR1A, SEMA3A, LMBR1, XYLT1, EXT1, RERE, TMEM231, DYNC2LI1, TMEM67, NSD1, ATR, SOS2, IFT81, CBFB, PCYT1A, LIFR, ALMS1, NEK1, SOX2, IDS, GALNT3, RBPJ, SHOC2, SMAD4, SH3PXD2B, SPRED1, PPM1D, SPRED2, SOS1, NFIX, WDR35, POGZ, STIM1, GLI3, CC2D2A, FBN1, EP300, TRPS1, SPECC1L, GLI2, NSD2, GALNS, DYNC2H1, HS2ST1, SETD2, IKBKB, CPLANE1, PPP1CB, HSPA9, TRIM37, NIPBL, SMAD2, PRKACB, IFT140, SULF1, KIAA0753, MTAP, SGMS2, CEP290, MAP3K20, CDC73, AFF3, RREB1, MAPK1, ZBTB16, ANTXR2, LEMD3, EVC2, KAT6B, NOTCH2, EFL1, NF1, PACS1, CREBBP, ANKH, MMP14, LPIN2, SATB2, EXOC6B, ARHGAP31, IFT43, MEIS2, SMOC1, FGFR2, STAT3, COL27A1, GNAS, NXN, SOX9, ACVR1, ARID1B, ROR2, KMT2A, TRAF3IP1, RPGRIP1L, TTC21B, IFT122, DYM, GPC6, RRAS2, PTEN, PSAT1, PAPPA2, IFT52, LRP5, NSMCE2, PLOD2, PDE3A, NIN, HDAC8, WDR19, SKI, ZSWIM6, EXT2, IL6ST, TRIP11, IFT172, KCTD1, PLCB4, DDR2, BPTF, LTBP1, TNFRSF11B, FGFR1, CLCN5, BRAF, TAB2, ABCC9
HP:0000218	High palate	188	0.07250289240262245	1.9395936111709349	6.34485049254331e-20	2.1054670005417103e-17	16.676651560985558	6.526947701679302e-16	RFX7, IGF1R, MUSK, USP9X, HNRNPU, THOC2, TGIF1, ANKRD11, BBS7, USF3, EFEMP1, RAB3GAP1, KLHL7, SIK3, RAB3GAP2, DSE, FUT8, SIN3A, ATP9A, ITPR1, ERLIN2, AK9, ZBTB20, COG5, CAMTA1, PIK3CA, ADAM22, GPT2, TBC1D32, MEGF10, SCLT1, ASPH, CDH2, MID1, RERE, TRIO, TMEM231, APC, TTC8, BBS5, NSD1, YY1, HIVEP2, GFPT1, ATR, YWHAE, CDH11, SOS2, MED13L, BBS1, ABCD3, SCAPER, PRKG1, ATRX, FASTKD2, NR2F1, NEK1, TBCK, DEAF1, BBS9, ARIH1, SON, ZNF292, PUM1, ASH1L, IFT74, SHOC2, SMAD4, SPOP, DST, SH3PXD2B, SPRED1, HEY2, SOX6, MYO9A, HERC1, SDCCAG8, SPRED2, PAFAH1B1, MTX2, SOS1, NFIX, WDR35, ARID1A, POGZ, TTN, ATG7, COX10, RASA2, FBN1, EP300, CASK, RPS27, TRPS1, SPEN, JAG1, GLI2, PHIP, FBXO11, KANSL1, TRIP12, SYNGAP1, EYA1, CPLANE1, PPP1CB, HSPA9, NIPBL, WDPCP, DDX6, SMAD2, STAG1, IFT140, CHKA, KIAA0753, HUWE1, CEP290, MAP3K20, DPYD, SMCHD1, MAPK1, AASS, AHDC1, AFF4, NOTCH2, LZTFL1, EFL1, PPP2CA, RUSC2, RPS24, NF1, CREBBP, CRLF1, SATB2, REV3L, SMC5, SMOC1, ARMC9, FGFR2, TLK2, RPL9, STAT3, RPL17, GATAD2B, FRA10AC1, SOX9, ARID1B, DISP1, HNRNPH1, STAG2, KCNN3, KMT2A, CTNND2, CNOT1, PLCH1, IFT122, RPS28, SCAF4, RRAS2, PTEN, EDEM3, TOGARAM1, CTNNB1, PSAT1, MECP2, TASP1, ZMYM2, NRCAM, HDAC8, SKI, IL6ST, NPHP1, SETBP1, IFT172, NEB, GNB1, SPTBN1, FLCN, DDR2, SCO2, UBAP2L, RIN2, LTBP1, COLQ, FGFR1, FANCL, PDHX, SNX14, BRAF
HP:0001769	Broad foot	143	0.05514847666795218	1.9385724759098073	2.463148481870828e-15	3.4241092477034063e-13	12.465452387418408	2.5338408433005206e-11	RSPRY1, SERPINH1, IGF1R, TCF12, BMPR1B, HDAC4, NBAS, ANKRD11, BTRC, CSGALNACT1, DYNC1H1, DSE, PLS3, INTU, IFT80, VPS35L, TBL1XR1, CDC42, POR, CCDC8, SEMA3A, LMBR1, XYLT1, EXT1, TMEM231, DYNC2LI1, TMEM67, NSD1, ATR, SOS2, IFT81, BBS1, PCYT1A, LIFR, ALMS1, NEK1, SOX2, IDS, GALNT3, RBPJ, SHOC2, SMAD4, DLG5, SH3PXD2B, SPRED1, PPM1D, SPRED2, SOS1, NFIX, WDR35, POGZ, STIM1, GLI3, CC2D2A, FBN1, EP300, TRPS1, SPECC1L, GLI2, NSD2, FBXO11, GALNS, DYNC2H1, HS2ST1, SETD2, IKBKB, CPLANE1, PPP1CB, HSPA9, TRIM37, NIPBL, SMAD2, PRKACB, IFT140, SULF1, KIAA0753, MTAP, SGMS2, MAP3K20, CEP290, CDC73, AFF3, RREB1, MAPK1, ZBTB16, ANTXR2, LEMD3, EVC2, KAT6B, NOTCH2, EFL1, NF1, CREBBP, ANKH, MMP14, LPIN2, SATB2, EXOC6B, ARHGAP31, IFT43, FGFR2, STAT3, COL27A1, GNAS, NXN, SOX9, ACVR1, ARID1B, ROR2, KMT2A, TRAF3IP1, RPGRIP1L, TTC21B, IFT122, DYM, GPC6, RRAS2, PSAT1, PAPPA2, IFT52, LRP5, NSMCE2, PLOD2, PDE3A, NIN, HDAC8, WDR19, SKI, ZSWIM6, EXT2, IL6ST, TRIP11, IFT172, PLCB4, DDR2, LTBP1, TNFRSF11B, FGFR1, CLCN5, BRAF, TAB2, ABCC9, B3GLCT
HP:0000054	Micropenis	67	0.025838796760509063	1.9354668162535498	6.856970284146275e-08	2.9513662474063906e-06	5.529976893733509	0.0007053765331301274	SMCHD1, OPHN1, CHD4, ATRX, ALMS1, SGPL1, TCF12, WWOX, TOGARAM1, DYRK1A, PPP1R12A, PRKDC, USP7, THOC2, AHDC1, LZTFL1, TCF4, KAT6B, SRRM2, SOX2, HERC2, RAB3GAP2, NEK1, INTU, TBL1XR1, HDAC8, HERC1, STT3B, POR, PBX1, COG5, EXT2, C2CD3, EHMT1, SATB2, SEMA3A, POGZ, STXBP1, SETBP1, IFT172, GLI3, ZEB2, CASK, NEB, ARMC9, SPTBN1, GLI2, CDH2, DYNC2H1, MID1, SAMHD1, FGFR1, PHF21A, SOX9, BBS5, GNAO1, FANCL, DDX6, CHD7, CDH11, ROR2, UBR1, BBS1, KIAA0753, CEP41, HUWE1, MBD5
HP:0000193	Bifid uvula	166	0.06401851137678365	1.9307720583460708	1.3940512941943608e-17	3.4144299198517594e-15	14.46668179661786	1.434060566337739e-13	RFX7, RSPRY1, SERPINH1, IGF1R, TCF12, BMPR1B, USP9X, HDAC4, NBAS, TGIF1, ANKRD11, BTRC, CSGALNACT1, DSE, PLS3, INTU, IFT80, VPS35L, CDC42, POR, CCDC8, SEMA3A, LMBR1, XYLT1, ZEB2, EXT1, ASPH, PGAP1, TMEM231, DYNC2LI1, TMEM67, NSD1, ATR, CDH11, SOS2, IFT81, PCYT1A, LIFR, ALMS1, NEK1, SOX2, IDS, GALNT3, SON, RBPJ, SHOC2, SMAD4, SH3PXD2B, SPRED1, CUL3, PPM1D, SPRED2, SOS1, NFIX, WDR35, POGZ, P3H2, TTN, STIM1, GLI3, CC2D2A, FBN1, EP300, TRPS1, SPECC1L, GLI2, NSD2, FBXO11, GALNS, DYNC2H1, HS2ST1, SETD2, EYA1, IKBKB, PPP1CB, CPLANE1, TXNL4A, HSPA9, TRIM37, NIPBL, SMAD2, PRKACB, IFT140, SULF1, KIAA0753, MTAP, SGMS2, CEP290, MAP3K20, CDC73, SMCHD1, AFF3, RREB1, MAPK1, ZBTB16, FTO, ANTXR2, LEMD3, EVC2, KMT2C, KAT6B, NOTCH2, EFL1, NF1, CREBBP, ANKH, MMP14, LPIN2, SATB2, SEPTIN9, EXOC6B, ARHGAP31, IFT43, ARMC9, FGFR2, STAT3, COL27A1, GNAS, NXN, SOX9, ACVR1, ARID1B, DISP1, STAG2, KCNN3, ROR2, KMT2A, TRAF3IP1, RPGRIP1L, PLCH1, TTC21B, IFT122, RPS28, DYM, GPC6, RRAS2, CHD4, PGM1, CTNNB1, PSAT1, PAPPA2, IFT52, LRP5, NSMCE2, PLOD2, PDE3A, NIN, POLA1, HDAC8, WDR19, SKI, ZSWIM6, EXT2, IL6ST, TRIP11, IFT172, KCTD1, PLCB4, DDR2, LTBP1, TNFRSF11B, FGFR1, CLCN5, BRAF, TAB2, ABCC9
HP:0003180	Flat acetabular roof	138	0.053220208252988815	1.9266837782132102	1.3705645127360287e-14	1.6205743841971871e-12	11.790331030102319	1.4098997142515529e-10	RSPRY1, SERPINH1, IGF1R, TCF12, BMPR1B, HDAC4, NBAS, ANKRD11, BTRC, CSGALNACT1, DSE, PLS3, INTU, IFT80, VPS35L, CDC42, POR, CCDC8, SEMA3A, LMBR1, XYLT1, EXT1, TMEM231, DYNC2LI1, TMEM67, NSD1, ATR, SOS2, IFT81, PCYT1A, LIFR, ALMS1, NEK1, SOX2, IDS, GALNT3, RBPJ, SHOC2, SMAD4, SH3PXD2B, SPRED1, PPM1D, SPRED2, SOS1, NFIX, WDR35, STIM1, GLI3, CC2D2A, FBN1, EP300, TRPS1, SPECC1L, GLI2, NSD2, GALNS, DYNC2H1, HS2ST1, SETD2, IKBKB, CPLANE1, PPP1CB, HSPA9, TRIM37, NIPBL, SMAD2, PRKACB, IFT140, SULF1, KIAA0753, MTAP, SGMS2, MAP3K20, CEP290, CDC73, AFF3, RREB1, MAPK1, ZBTB16, ANTXR2, LEMD3, EVC2, KAT6B, NOTCH2, EFL1, NF1, CREBBP, ANKH, MMP14, LPIN2, SATB2, EXOC6B, ARHGAP31, IFT43, FGFR2, STAT3, COL27A1, GNAS, NXN, SOX9, ACVR1, ARID1B, ROR2, KMT2A, TRAF3IP1, RPGRIP1L, TTC21B, IFT122, DYM, GPC6, RRAS2, CHD4, PSAT1, PAPPA2, IFT52, LRP5, NSMCE2, PLOD2, PDE3A, NIN, HDAC8, WDR19, SKI, ZSWIM6, EXT2, IL6ST, TRIP11, IFT172, PLCB4, DDR2, LTBP1, TNFRSF11B, FGFR1, CLCN5, CCN2, BRAF, TAB2, ABCC9
HP:0004482	Relative macrocephaly	144	0.05553413035094485	1.9258376281129848	2.588428319624889e-15	3.5502882831974977e-13	12.449736380826975	2.6627162123981235e-11	RSPRY1, SERPINH1, IGF1R, TCF12, BMPR1B, USP9X, HDAC4, NBAS, ANKRD11, BTRC, CSGALNACT1, DSE, PLS3, INTU, IFT80, VPS35L, CDC42, POR, CCDC8, SEMA3A, LMBR1, XYLT1, EXT1, TMEM231, APC, DYNC2LI1, TMEM67, NSD1, ATR, SOS2, IFT81, PCYT1A, LIFR, ALMS1, NEK1, SOX2, IDS, GALNT3, SON, RBPJ, SHOC2, SMAD4, SH3PXD2B, SPRED1, PPM1D, SPRED2, SOS1, NFIX, WDR35, STIM1, GLI3, CC2D2A, FBN1, EP300, TRPS1, SPECC1L, GLI2, NSD2, GALNS, DYNC2H1, HS2ST1, SETD2, IKBKB, ITCH, PPP1CB, CPLANE1, HSPA9, TRIM37, NIPBL, SMAD2, PRKACB, IFT140, SULF1, KIAA0753, MTAP, SGMS2, MAP3K20, CEP290, CDC73, AFF3, RREB1, MAPK1, ZBTB16, ANTXR2, LEMD3, AHDC1, EVC2, KAT6B, NOTCH2, EFL1, NF1, CREBBP, ANKH, MMP14, LPIN2, SATB2, EXOC6B, ARHGAP31, IFT43, FGFR2, STAT3, COL27A1, GNAS, NXN, SOX9, ACVR1, ARID1B, ROR2, KMT2A, TRAF3IP1, THRA, RPGRIP1L, TTC21B, IFT122, DYM, GPC6, RRAS2, USP7, PSAT1, PAPPA2, IFT52, LRP5, NSMCE2, PLOD2, PDE3A, NIN, HDAC8, WDR19, SKI, ZSWIM6, EXT2, IL6ST, TRIP11, IFT172, PLCB4, DDR2, LTBP1, TNFRSF11B, FGFR1, CLCN5, SNX14, BRAF, TAB2, ABCC9
HP:0000767	Pectus excavatum	191	0.07365985345160046	1.9255321335653783	6.175611418249203e-20	2.1054670005417103e-17	16.676651560985558	6.352851465952956e-16	RSPRY1, SERPINH1, IGF1R, TCF12, BMPR1B, ADNP, HDAC4, NBAS, ARID2, TBCD, ANKRD11, EFEMP1, USF3, BTRC, SIK3, CSGALNACT1, RAB3GAP2, DSE, PLS3, INTU, IFT80, VPS35L, CDC42, POR, CCDC8, ZBTB20, SEMA3A, LMBR1, XYLT1, PIK3CA, ZEB2, MEGF10, EXT1, ASPH, TRIO, TMEM231, DYNC2LI1, ASXL1, TMEM67, NSD1, ATR, CDH11, SOS2, IFT81, PCYT1A, PRKG1, LIFR, ALMS1, NEK1, DYRK1A, TBCK, SOX2, IDS, ARIH1, GALNT3, PUM1, RBPJ, SHOC2, SMAD4, SH3PXD2B, MAPRE2, SPRED1, HEY2, PPM1D, SPRED2, ZMIZ1, MTX2, SOS1, NFIX, WDR35, ATG7, STIM1, GLI3, CC2D2A, FBN1, EP300, RASA2, TRPS1, SPECC1L, JAG1, GLI2, NSD2, GALNS, DYNC2H1, KANSL1, HS2ST1, SYNE2, SETD2, IKBKB, ITCH, PPP1CB, CPLANE1, HSPA9, TRIM37, NIPBL, SMAD2, PRKACB, IFT140, SULF1, KIAA0753, MTAP, HUWE1, SGMS2, CEP290, MAP3K20, CDC73, SMCHD1, AFF3, RREB1, MAPK1, ZBTB16, ANTXR2, LEMD3, AHDC1, EVC2, KAT6B, NOTCH2, EFL1, NF1, PACS1, VPS13B, CREBBP, ANKH, MMP14, LPIN2, SATB2, EXOC6B, EHMT1, ARHGAP31, IFT43, FGFR2, STAT3, COL27A1, RPL17, GNAS, NXN, SOX9, ACVR1, ARID1B, GTF2IRD1, ROR2, KMT2A, TRAF3IP1, RPGRIP1L, TTC21B, IFT122, DYM, SCAF4, GPC6, RRAS2, PTEN, BAZ1B, KDM5A, PSAT1, PAPPA2, IFT52, LRP5, MECP2, P4HA1, SYNE1, NSMCE2, PLOD2, CLIP2, PDE3A, NIN, HDAC8, WDR19, SKI, ZSWIM6, EXT2, IL6ST, TRIP11, IFT172, CUX1, NEB, GNB1, PLCB4, DDR2, RIN2, LTBP1, TNFRSF11B, GTF2I, DICER1, FGFR1, CLCN5, PDHX, BRAF, TAB2, ABCC9, B3GLCT, KAT6A
HP:0000411	Protruding ear	54	0.02082529888160432	1.923678617319136	1.9736706782320976e-06	6.74523264683508e-05	4.1710030666749125	0.020303150266973588	RFX7, CAMK2G, EDEM3, NR2F1, NEK1, AHDC1, DYRK1A, PPP1R12A, BAZ1B, ADNP, SON, ANKRD11, SPOP, SH3PXD2B, DSE, TASP1, CLIP2, NF1, POLA1, PACS1, CREBBP, SIN3A, CCDC8, DPP6, WDR19, SKI, CAMTA1, GTF2E2, TTN, RB1, ANTXR1, SMC5, FBN1, TRPS1, SPTBN1, KCTD1, NSD2, FBXO11, EXT1, KANSL1, GTF2I, APC, EYA1, FGFR1, JARID2, TXNL4A, UBA2, GTF2IRD1, ZNF407, B3GLCT, HUWE1, ZNF462, IFT122, MBD5
HP:0003048	Radial head subluxation	138	0.053220208252988815	1.9233036312338887	1.448065496972492e-14	1.6433347380608189e-12	11.784273964206042	1.4896249767356026e-10	RSPRY1, SERPINH1, IGF1R, TCF12, BMPR1B, HDAC4, NBAS, ANKRD11, BTRC, CSGALNACT1, DSE, PLS3, INTU, IFT80, VPS35L, CDC42, POR, CCDC8, SEMA3A, LMBR1, XYLT1, EXT1, TMEM231, DYNC2LI1, TMEM67, NSD1, ATR, SOS2, IFT81, PCYT1A, LIFR, ALMS1, NEK1, SOX2, IDS, GALNT3, RBPJ, SHOC2, SMAD4, SH3PXD2B, SPRED1, PPM1D, SPRED2, SOS1, NFIX, WDR35, STIM1, GLI3, CC2D2A, FBN1, EP300, TRPS1, SPECC1L, GLI2, NSD2, GALNS, DYNC2H1, HS2ST1, SETD2, IKBKB, CPLANE1, PPP1CB, HSPA9, TRIM37, NIPBL, SMAD2, PRKACB, IFT140, SULF1, KIAA0753, MTAP, SGMS2, MAP3K20, CEP290, CDC73, AFF3, RREB1, MAPK1, ZBTB16, ANTXR2, LEMD3, EVC2, KAT6B, NOTCH2, EFL1, NF1, CREBBP, ANKH, MMP14, LPIN2, SATB2, EXOC6B, ARHGAP31, IFT43, FGFR2, STAT3, COL27A1, GNAS, NXN, SOX9, ACVR1, ARID1B, HNRNPH1, ROR2, KMT2A, TRAF3IP1, RPGRIP1L, TTC21B, IFT122, DYM, GPC6, RRAS2, PSAT1, PAPPA2, IFT52, LRP5, NSMCE2, PLOD2, PDE3A, NIN, HDAC8, WDR19, SKI, ZSWIM6, EXT2, IL6ST, TRIP11, IFT172, PLCB4, DDR2, LTBP1, TNFRSF11B, FGFR1, CLCN5, CHD7, BRAF, TAB2, ABCC9
HP:0010049	Short metacarpal	144	0.05553413035094485	1.9193750857367666	4.33508034770907e-15	5.717304043190155e-13	12.24280871162189	4.4594971536883203e-11	SMARCA2, RSPRY1, SERPINH1, IGF1R, TCF12, BMPR1B, HDAC4, NBAS, ANKRD11, BTRC, CSGALNACT1, RAB3GAP2, DSE, PLS3, INTU, IFT80, VPS35L, CDC42, POR, CCDC8, SEMA3A, LMBR1, XYLT1, EXT1, TMEM231, DYNC2LI1, TMEM67, NSD1, ATR, SOS2, IFT81, STX16, PCYT1A, LIFR, ALMS1, NEK1, SOX2, IDS, GALNT3, RBPJ, SHOC2, SMAD4, SH3PXD2B, SPRED1, PPM1D, SPRED2, SOS1, NFIX, WDR35, STIM1, GLI3, CC2D2A, FBN1, EP300, TRPS1, SPECC1L, ASXL2, GLI2, NSD2, GALNS, DYNC2H1, HS2ST1, SETD2, IKBKB, CPLANE1, PPP1CB, HSPA9, TRIM37, NIPBL, SMAD2, PRKACB, IFT140, SULF1, KIAA0753, MTAP, SGMS2, CEP290, MAP3K20, CDC73, AFF3, RREB1, MAPK1, ZBTB16, ANTXR2, LEMD3, EVC2, KAT6B, NOTCH2, EFL1, NF1, VPS13B, CREBBP, ANKH, MMP14, LPIN2, SATB2, EXOC6B, ARHGAP31, IFT43, FGFR2, STAT3, COL27A1, GNAS, NXN, SOX9, ACVR1, ARID1B, ROR2, KMT2A, TRAF3IP1, RPGRIP1L, TTC21B, IFT122, DYM, GPC6, RRAS2, PSAT1, PAPPA2, IFT52, LRP5, P4HA1, NSMCE2, PLOD2, PDE3A, NIN, HDAC8, WDR19, SKI, ZSWIM6, EXT2, IL6ST, TRIP11, IFT172, PLCB4, DDR2, LTBP1, TNFRSF11B, FGFR1, CLCN5, CCN2, BRAF, TAB2, ABCC9, B3GLCT
HP:0005280	Depressed nasal bridge	242	0.09332819128422676	1.9186301519598672	7.7837829516828695e-25	6.672647935330139e-22	21.17570178894767	8.007177522396167e-21	RSPRY1, SERPINH1, IGF1R, MUSK, TCF12, BMPR1B, USP9X, ADNP, HDAC4, NBAS, TGIF1, ARID2, ANKRD11, BBS7, BTRC, RAB3GAP1, KLHL7, CSGALNACT1, RAB3GAP2, SETD5, DSE, PLS3, DIS3L2, INTU, IFT80, VPS35L, SIN3A, CDC42, POR, PRKD1, CCDC8, BMPR1A, ZBTB20, CSPP1, SEMA3A, ZBTB18, LARP7, LMBR1, XYLT1, PIK3CA, MED12L, SCLT1, EXT1, PGAP1, CDH2, AKT3, RERE, TRIO, TMEM231, TTC8, DYNC2LI1, ASXL1, TMEM67, BBS5, NSD1, ATR, SOX5, CDH11, SOS2, MED13L, IFT81, BBS1, RALGAPA1, STX16, SCAPER, PCYT1A, LIFR, ATRX, ALMS1, NEK1, DEAF1, IDS, BBS9, SOX2, GALNT3, SON, ZNF292, ASH1L, RBPJ, IFT74, SHOC2, SMAD4, SPOP, SH3PXD2B, MAPRE2, SPRED1, SDCCAG8, PPM1D, SPRED2, ACBD6, MTX2, SOS1, ARID1A, NFIX, WDR35, POGZ, P3H2, GLIS3, WAC, STIM1, UBE4B, GLI3, CC2D2A, FBN1, EP300, CASK, RPS27, SPECC1L, FRYL, TRPS1, SPEN, GLI2, NSD2, JAG1, GALNS, DYNC2H1, HS2ST1, TRIP12, SETD2, EYA1, IKBKB, PPP1CB, CPLANE1, TG, GNAO1, HSPA9, TRIM37, NIPBL, WDPCP, SMAD2, PRKACB, IFT140, SULF1, KIAA0753, MTAP, HUWE1, SGMS2, CEP290, MAP3K20, DPYD, PREPL, CDC73, RREB1, DDB1, MAPK1, ZBTB16, AFF3, AUTS2, LEMD3, ANTXR2, AHDC1, EVC2, KAT6B, NOTCH2, LZTFL1, EFL1, TRRAP, PRDM16, RPS24, NF1, CREBBP, CRLF1, ANKH, MIPEP, MMP14, LPIN2, SATB2, SEPTIN9, EXOC6B, ARHGAP31, IFT43, ANTXR1, SMOC1, FGFR2, RPL9, STAT3, COL27A1, PIK3C2A, GNAS, GATAD2B, NXN, SOX9, JARID2, ACVR1, ARID1B, STAG2, ROR2, KMT2A, TRAF3IP1, CNOT1, RPGRIP1L, TTC21B, IFT122, RPS28, DYM, GPC6, RRAS2, PTEN, CEP57, PSAT1, PAPPA2, IFT52, LRP5, MECP2, P4HA1, SYNE1, NSMCE2, PLOD2, PDE3A, NIN, GLUL, POLA1, NRCAM, MACF1, HDAC8, WDR19, SKI, ZSWIM6, EXT2, IL6ST, TRIP11, NPHP1, SETBP1, IFT172, PAK2, KCTD1, DDR2, SCO2, PLCB4, LTBP1, TNFRSF11B, DICER1, FGFR1, CLCN5, TAOK1, CCN2, SNX14, CHD7, BRAF, TAB2, ABCC9, B3GLCT
HP:0004976	Knee dislocation	139	0.05360586193598149	1.9170610243390325	1.2675135107369622e-14	1.5161524982501313e-12	11.81925711412766	1.303891148495113e-10	RSPRY1, SERPINH1, IGF1R, TCF12, BMPR1B, HDAC4, NBAS, ANKRD11, BTRC, CSGALNACT1, DSE, PLS3, INTU, IFT80, VPS35L, CDC42, POR, CCDC8, SEMA3A, LMBR1, XYLT1, EXT1, TMEM231, DYNC2LI1, TMEM67, NSD1, ATR, SOS2, IFT81, PCYT1A, LIFR, ALMS1, NEK1, SOX2, IDS, GALNT3, RBPJ, SHOC2, SMAD4, SH3PXD2B, SPRED1, PPM1D, SPRED2, SOS1, NFIX, WDR35, STIM1, GLI3, CC2D2A, FBN1, EP300, TRPS1, SPECC1L, GLI2, NSD2, GALNS, DYNC2H1, HS2ST1, SETD2, IKBKB, CPLANE1, PPP1CB, HSPA9, TRIM37, NIPBL, SMAD2, PRKACB, IFT140, SULF1, KIAA0753, MTAP, SGMS2, MAP3K20, CEP290, CDC73, AFF3, RREB1, MAPK1, ZBTB16, ANTXR2, LEMD3, EVC2, KAT6B, NOTCH2, EFL1, NF1, CREBBP, ANKH, MMP14, LPIN2, SATB2, EXOC6B, ARHGAP31, IFT43, FGFR2, STAT3, COL27A1, GNAS, NXN, SOX9, ACVR1, ARID1B, HNRNPH1, ROR2, KMT2A, TRAF3IP1, RPGRIP1L, GPC6, IFT122, TTC21B, DYM, RRAS2, SLC35A3, PSAT1, PAPPA2, IFT52, LRP5, P4HA1, NSMCE2, PLOD2, PDE3A, NIN, HDAC8, WDR19, SKI, ZSWIM6, EXT2, IL6ST, TRIP11, IFT172, PLCB4, DDR2, LTBP1, TNFRSF11B, FGFR1, CLCN5, BRAF, TAB2, ABCC9
HP:0000575	Scotoma	76	0.029309679907443115	1.9166669727410182	1.5266994474979683e-08	7.204200557986973e-07	6.142414205345199	0.00015705157216411598	INVS, DRAM2, NPHP4, KIAA1549, PRRT2, PCYT1A, NR2F1, ALMS1, USP45, RPE65, LZTFL1, NBAS, BBS9, ATXN7, BBS7, LCA5, BTD, LRP5, IFT74, KLHL7, CRB1, EFEMP1, SCAPER, CTNNA1, TTLL5, DHX40, LAMA1, NPHP3, VPS13B, SDCCAG8, WDR19, AHI1, CERKL, CSPP1, ADGRA3, WHRN, P3H2, ATF6, IFT43, NPHP1, OAT, IFT172, CC2D2A, ADGRV1, JAG1, SCO2, DYNC2H1, RPGR, DTHD1, ADAM9, TTC8, MAK, OPA1, PGK1, CPLANE1, CEP78, TMEM67, P4HA2, BBS5, WDPCP, RAB28, SLC19A2, VWA8, TEAD1, IFT140, HK1, SPATA7, IFT81, BBS1, TRAF3IP1, CEP41, CHM, GDPD1, RPGRIP1L, ZNF644, CEP290
HP:0000678	Dental crowding	165	0.06363285769379097	1.9135375702691975	4.454421576545521e-17	9.749496757005058e-15	14.011017800844673	4.582263475792377e-13	RSPRY1, SERPINH1, IGF1R, TCF12, BMPR1B, HDAC4, NBAS, ANKRD11, BBS7, EFEMP1, BTRC, CSGALNACT1, SETD5, DSE, PLS3, INTU, IFT80, VPS35L, CDC42, POR, CCDC8, SEMA3A, LMBR1, XYLT1, ZEB2, NEDD4L, SCLT1, EXT1, KIDINS220, TRIO, TMEM231, TTC8, DYNC2LI1, TMEM67, BBS5, NSD1, ATR, SOX5, SOS2, IFT81, BBS1, SCAPER, PCYT1A, PRKG1, LIFR, ALMS1, NEK1, SOX2, IDS, BBS9, ARIH1, GALNT3, RBPJ, IFT74, SHOC2, SMAD4, SH3PXD2B, SPRED1, HEY2, SDCCAG8, PPM1D, SPRED2, SOS1, NFIX, WDR35, STIM1, GLI3, CC2D2A, FBN1, EP300, TRPS1, SPECC1L, SPEN, JAG1, GLI2, NSD2, GALNS, DYNC2H1, HS2ST1, SETD2, IKBKB, CPLANE1, PPP1CB, HSPA9, TRIM37, NIPBL, WDPCP, SMAD2, PRKACB, IFT140, SULF1, KIAA0753, MTAP, SGMS2, CEP290, MAP3K20, CDC73, AFF3, RREB1, MAPK1, ZBTB16, ANTXR2, LEMD3, EVC2, KAT6B, NOTCH2, LZTFL1, EFL1, NF1, CREBBP, ANKH, MMP14, LPIN2, SATB2, EXOC6B, ARHGAP31, IFT43, FGFR2, STAT3, COL27A1, GNAS, NXN, SOX9, ACVR1, ARID1B, ZBTB7A, HNRNPH1, ROR2, KMT2A, TRAF3IP1, RPGRIP1L, TTC21B, IFT122, DYM, GPC6, RRAS2, PSAT1, PAPPA2, IFT52, LRP5, NSMCE2, PLOD2, PDE3A, NIN, HDAC8, WDR19, SKI, ZSWIM6, EXT2, IL6ST, TRIP11, NPHP1, SETBP1, IFT172, FLCN, PLCB4, DDR2, LTBP1, TNFRSF11B, FGFR1, CLCN5, SNX14, BRAF, TAB2, ABCC9
HP:0002878	Respiratory failure	65	0.025067489394523718	1.9124637556955337	2.3428778261289744e-07	9.234170190570406e-06	5.034602125437416	0.0024101184197388758	INVS, RSPH1, LAMA2, DNAH1, FASTKD2, DZIP1L, NEK1, MUSK, TTC12, DRC1, CFAP221, CFAP74, DNAAF4, DNAL1, HADHB, SON, ATXN1, ERBB4, RSPH9, CCDC39, TBCD, LYRM7, SMAD4, DNAAF1, DNAAF5, NEK10, NME5, RSPH3, HSPB8, GALC, PSAP, TARDBP, MTR, PPARGC1A, DNAJB13, AK9, CFAP298, CSPP1, LAMA3, DNAAF3, TTN, ANXA11, COX10, SPAG1, CHMP2B, NEB, MEGF10, DNAH9, SCO2, RPGR, CCDC40, CFAP300, ASCC1, DNAH11, DNAI1, SPEF2, DNAH5, BSCL2, ATXN2, ACVR1, DMD, RSPH4A, IFT81, HYDIN, MAP3K20
HP:0002656	Epiphyseal dysplasia	137	0.052834554569996146	1.9093666483988607	2.6877926803448845e-14	2.7928609396674576e-12	11.553950687871705	2.7649323302707827e-10	RSPRY1, SERPINH1, IGF1R, TCF12, BMPR1B, HDAC4, NBAS, ANKRD11, BTRC, CSGALNACT1, DSE, PLS3, INTU, IFT80, VPS35L, CDC42, POR, CCDC8, SEMA3A, LMBR1, XYLT1, EXT1, TMEM231, DYNC2LI1, TMEM67, NSD1, ATR, SOS2, IFT81, PCYT1A, LIFR, ALMS1, NEK1, SOX2, IDS, GALNT3, RBPJ, SHOC2, SMAD4, SH3PXD2B, SPRED1, PPM1D, SPRED2, SOS1, NFIX, WDR35, STIM1, GLI3, CC2D2A, FBN1, EP300, TRPS1, SPECC1L, GLI2, NSD2, GALNS, DYNC2H1, HS2ST1, SETD2, IKBKB, CPLANE1, PPP1CB, HSPA9, TRIM37, NIPBL, SMAD2, PRKACB, IFT140, SULF1, KIAA0753, MTAP, SGMS2, MAP3K20, CEP290, CDC73, DPYD, AFF3, RREB1, MAPK1, ZBTB16, ANTXR2, LEMD3, EVC2, KAT6B, NOTCH2, EFL1, NF1, CREBBP, ANKH, MMP14, LPIN2, SATB2, EXOC6B, ARHGAP31, IFT43, FGFR2, STAT3, COL27A1, GNAS, NXN, SOX9, ACVR1, ARID1B, ROR2, KMT2A, TRAF3IP1, RPGRIP1L, TTC21B, IFT122, DYM, GPC6, RRAS2, PSAT1, PAPPA2, IFT52, LRP5, NSMCE2, PLOD2, PDE3A, NIN, HDAC8, WDR19, SKI, ZSWIM6, EXT2, IL6ST, TRIP11, IFT172, PLCB4, DDR2, LTBP1, TNFRSF11B, FGFR1, CLCN5, BRAF, TAB2, ABCC9
HP:0000486	Strabismus	253	0.09757038179714617	1.9068807349520056	1.1987222021467032e-25	1.2331255293483137e-22	21.90899271097251	1.2331255293483137e-21	B9D1, RSPRY1, IGF1R, SGPL1, PIBF1, TCF12, MUSK, USP9X, HNRNPU, PPP1R12A, ADNP, NBAS, THOC2, TGIF1, ARID2, ANKRD11, GAN, BBS7, HERC2, CDK13, EFEMP1, NT5C2, CHD6, TBCD, HIBCH, RAB3GAP2, SETD5, DSE, LAMA1, TBL1XR1, SIN3A, ATP9A, ITPR1, CDC42, FBXW11, ERLIN2, SLC44A1, ZBTB20, CSPP1, COG5, CAMTA1, LARP7, MED12L, ZEB2, TBC1D32, ADD3, SCLT1, ASPH, KIDINS220, CDH2, MID1, RERE, TRIO, TMEM231, TTC8, DYNC2LI1, ASXL1, TMEM67, BBS5, NSD1, FBXW7, YY1, GFPT1, GNAQ, ATR, NELFA, UBA2, HK1, CDH11, SOS2, ZNF407, MED13L, BBS1, SOX5, SCAPER, PCYT1A, PRKG1, NR2F1, DYRK1A, TBCK, DEAF1, SOX2, BBS9, ARIH1, SON, ZNF292, ASH1L, HSPD1, RBPJ, IFT74, SHOC2, CRB1, SMAD4, SPOP, TKT, MAPRE2, DLAT, HEY2, SDCCAG8, PPM1D, SPRED2, PBX1, ACBD6, SOS1, AHI1, NFIX, WDR35, ARID1A, GTF2E2, POGZ, ATG7, STXBP1, WAC, UBE4B, CC2D2A, FBN1, EP300, RASA2, CASK, RPS27, SPECC1L, SPEN, JAG1, GLI2, PHIP, NSD2, FBXO11, LYST, ATM, KANSL1, ANKRD17, TRIP12, SYNGAP1, PLA2G6, CPLANE1, KCNMA1, GNAO1, TRIM37, VPS53, NIPBL, WDPCP, DDX6, SMAD2, PRKACB, STAG1, KIAA0753, CEP41, SREBF1, HUWE1, CEP290, DPYD, CAMK2G, RREB1, OPHN1, AFF3, AASS, AUTS2, RBL2, FOXP1, EVC2, AHDC1, AFF4, LZTFL1, PDCD6IP, TCF4, PRDM16, RPS24, NF1, PACS1, VPS13B, SLC30A9, CREBBP, TCTN1, SATB2, EHMT1, ARHGAP31, MPDZ, ANTXR1, REV3L, WASHC4, ATP5F1A, ARMC9, FGFR2, TLK2, ARNT2, RORA, RPL9, ISCA1, NDUFS1, CAPRIN1, OPA1, GNAS, GATAD2B, NXN, PHF21A, ARID1B, DISP1, HNRNPH1, GTF2IRD1, ARL13B, ROR2, KMT2A, STRADA, UBR1, TRAF3IP1, RPGRIP1L, RPS28, RRAS2, NRXN1, EDEM3, TOGARAM1, KAT6A, AP3B1, BAZ1B, KDM5A, CHN1, CTNNB1, OCA2, USP7, SRRM2, CEP83, LRP5, SYNE1, NUBPL, TASP1, CLIP2, NRCAM, NDUFAF5, HDAC8, MACF1, BCAS3, SKI, ZSWIM6, EXT2, YAP1, TRIP11, TSEN15, NPHP1, SETBP1, IFT172, GNB1, PAK2, SPTBN1, SCO2, GTF2I, JMJD1C, TRIM44, FGFR1, FANCL, TAOK1, CHD7, BRAF, AGO2
HP:0002938	Lumbar hyperlordosis	150	0.057848052448900886	1.906579251831855	1.6893786327963024e-15	2.4826625707965087e-13	12.605082303240177	1.7378637995575564e-11	RSPRY1, SERPINH1, IGF1R, TCF12, BMPR1B, HDAC4, NBAS, ANKRD11, BTRC, CSGALNACT1, RAB3GAP2, DSE, PLS3, INTU, IFT80, VPS35L, CDC42, POR, CCDC8, SEMA3A, LMBR1, XYLT1, EXT1, RERE, TMEM231, DYNC2LI1, TMEM67, NSD1, GFPT1, ATR, SOX5, SOS2, IFT81, PCYT1A, LIFR, ALMS1, NEK1, SOX2, IDS, GALNT3, SON, ASH1L, RBPJ, SHOC2, SMAD4, SH3PXD2B, SPRED1, HSPB8, HERC1, PPM1D, SPRED2, SOS1, NFIX, WDR35, STIM1, GLI3, CC2D2A, FBN1, EP300, TRPS1, SPECC1L, GLI2, NSD2, GALNS, DYNC2H1, HS2ST1, SETD2, IKBKB, ITCH, PPP1CB, CPLANE1, HSPA9, TRIM37, NIPBL, DMD, SMAD2, PRKACB, IFT140, SULF1, KIAA0753, MTAP, SGMS2, CEP290, MAP3K20, CDC73, AFF3, RREB1, MAPK1, ZBTB16, ANTXR2, LEMD3, AHDC1, EVC2, KAT6B, NOTCH2, EFL1, NF1, VPS13B, CREBBP, ANKH, MMP14, LPIN2, SATB2, EXOC6B, ARHGAP31, IFT43, FGFR2, STAT3, COL27A1, GNAS, NXN, SOX9, ACVR1, ARID1B, ROR2, KMT2A, TRAF3IP1, RPGRIP1L, TTC21B, IFT122, DYM, GPC6, RRAS2, TOGARAM1, PSAT1, PAPPA2, IFT52, LRP5, NSMCE2, PLOD2, PDE3A, NIN, HDAC8, WDR19, SKI, ZSWIM6, EXT2, IL6ST, TRIP11, SETBP1, IFT172, PLCB4, DDR2, LTBP1, TNFRSF11B, FGFR1, CLCN5, BRAF, TAB2, ABCC9
HP:0000028	Cryptorchidism	190	0.07327419976860779	1.905776819486808	2.3736283886569083e-19	6.599328441652329e-17	16.18050025671931	2.4417515234113615e-15	SMARCA2, B9D1, SGPL1, MUSK, TCF12, PPP1R12A, ADNP, HDAC4, THOC2, ARID2, ANKRD11, BBS7, EFEMP1, HERC2, RAB3GAP1, CHD6, CSGALNACT1, HIBCH, RAB3GAP2, DSE, DIS3L2, IFT80, VPS35L, TBL1XR1, SIN3A, ITPR1, CDC42, POR, STT3B, ZBTB20, CSPP1, COG5, SEMA3A, LMBR1, XYLT1, ZEB2, NEDD4L, SCLT1, ASPH, CDH2, MID1, RERE, TMEM231, TTC8, DYNC2LI1, TMEM67, BBS5, NSD1, FBXW7, YY1, ATR, SOX5, NELFA, SOS2, MED13L, BBS1, MBD5, SCAPER, ATRX, DYRK1A, TBCK, SOX2, BBS9, PUM1, ASH1L, IFT74, SHOC2, SMAD4, MAPRE2, SDCCAG8, SPRED2, PBX1, ZMIZ1, SOS1, ACBD6, NFIX, WDR35, ARID1A, GTF2E2, POGZ, STXBP1, PTPRF, UBE4B, GLI3, CC2D2A, FBN1, EP300, RASA2, SPECC1L, FRYL, SPEN, GLI2, JAG1, NSD2, FBXO11, PHIP, DYNC2H1, KANSL1, HS2ST1, HPSE2, PPP1CB, NIPBL, WDPCP, DDX6, SMAD2, PRKACB, STAG1, HUWE1, CEP290, SMCHD1, RREB1, OPHN1, MAPK1, FTO, AUTS2, AHDC1, EVC2, KAT6B, NOTCH2, LZTFL1, AFF4, TCF4, MRPS28, KMT2E, TRRAP, PRDM16, DDX3Y, NF1, PACS1, VPS13B, NAF1, CREBBP, TCTN1, SATB2, EHMT1, SMOC1, FGFR2, TNRC6B, ARNT2, RORA, ALK, PIK3C2A, NXN, SOX9, SLC19A2, ARID1B, HNRNPH1, GTF2IRD1, ROR2, USP9Y, KMT2A, UBR1, RPGRIP1L, ZNF462, GPC6, RRAS2, CHD4, DEPDC5, TOGARAM1, KAT6A, WWOX, BAZ1B, OCA2, USP7, P4HA1, MECP2, SYNE1, BRWD3, TASP1, CLIP2, ZMYM2, POLA1, HDAC8, SKI, ZSWIM6, EXT2, NPHP1, SETBP1, IFT172, RIN2, FXR1, PHACTR1, GTF2I, JMJD1C, FGFR1, FANCL, CHD7, BRAF, B3GLCT, C2CD3
HP:0033102	Monkey wrench femoral neck	136	0.05244890088700347	1.905458393953059	3.91453773495311e-14	3.6372773568659716e-12	11.439223581000904	4.026884967946264e-10	RSPRY1, SERPINH1, IGF1R, TCF12, BMPR1B, HDAC4, NBAS, ANKRD11, BTRC, CSGALNACT1, DSE, PLS3, INTU, IFT80, VPS35L, CDC42, POR, CCDC8, SEMA3A, LMBR1, XYLT1, EXT1, TMEM231, DYNC2LI1, TMEM67, NSD1, ATR, SOS2, IFT81, PCYT1A, LIFR, ALMS1, NEK1, SOX2, IDS, GALNT3, RBPJ, SHOC2, SMAD4, SH3PXD2B, SPRED1, PPM1D, SPRED2, SOS1, NFIX, WDR35, STIM1, GLI3, CC2D2A, FBN1, EP300, TRPS1, SPECC1L, GLI2, NSD2, GALNS, DYNC2H1, HS2ST1, SETD2, IKBKB, CPLANE1, PPP1CB, HSPA9, TRIM37, NIPBL, SMAD2, PRKACB, IFT140, SULF1, KIAA0753, MTAP, SGMS2, MAP3K20, CEP290, CDC73, AFF3, RREB1, MAPK1, ZBTB16, ANTXR2, LEMD3, EVC2, KAT6B, NOTCH2, EFL1, NF1, CREBBP, ANKH, MMP14, LPIN2, SATB2, EXOC6B, ARHGAP31, IFT43, FGFR2, STAT3, COL27A1, GNAS, NXN, SOX9, ACVR1, ARID1B, ROR2, KMT2A, TRAF3IP1, RPGRIP1L, TTC21B, IFT122, DYM, GPC6, RRAS2, PSAT1, PAPPA2, IFT52, LRP5, NSMCE2, PLOD2, PDE3A, NIN, HDAC8, WDR19, SKI, ZSWIM6, EXT2, IL6ST, TRIP11, IFT172, PLCB4, DDR2, LTBP1, TNFRSF11B, FGFR1, CLCN5, BRAF, TAB2, ABCC9
HP:6000816	Prominent lesser trochanter	136	0.05244890088700347	1.905458393953059	3.91453773495311e-14	3.6372773568659716e-12	11.439223581000904	4.026884967946264e-10	RSPRY1, SERPINH1, IGF1R, TCF12, BMPR1B, HDAC4, NBAS, ANKRD11, BTRC, CSGALNACT1, DSE, PLS3, INTU, IFT80, VPS35L, CDC42, POR, CCDC8, SEMA3A, LMBR1, XYLT1, EXT1, TMEM231, DYNC2LI1, TMEM67, NSD1, ATR, SOS2, IFT81, PCYT1A, LIFR, ALMS1, NEK1, SOX2, IDS, GALNT3, RBPJ, SHOC2, SMAD4, SH3PXD2B, SPRED1, PPM1D, SPRED2, SOS1, NFIX, WDR35, STIM1, GLI3, CC2D2A, FBN1, EP300, TRPS1, SPECC1L, GLI2, NSD2, GALNS, DYNC2H1, HS2ST1, SETD2, IKBKB, CPLANE1, PPP1CB, HSPA9, TRIM37, NIPBL, SMAD2, PRKACB, IFT140, SULF1, KIAA0753, MTAP, SGMS2, MAP3K20, CEP290, CDC73, AFF3, RREB1, MAPK1, ZBTB16, ANTXR2, LEMD3, EVC2, KAT6B, NOTCH2, EFL1, NF1, CREBBP, ANKH, MMP14, LPIN2, SATB2, EXOC6B, ARHGAP31, IFT43, FGFR2, STAT3, COL27A1, GNAS, NXN, SOX9, ACVR1, ARID1B, ROR2, KMT2A, TRAF3IP1, RPGRIP1L, TTC21B, IFT122, DYM, GPC6, RRAS2, PSAT1, PAPPA2, IFT52, LRP5, NSMCE2, PLOD2, PDE3A, NIN, HDAC8, WDR19, SKI, ZSWIM6, EXT2, IL6ST, TRIP11, IFT172, PLCB4, DDR2, LTBP1, TNFRSF11B, FGFR1, CLCN5, BRAF, TAB2, ABCC9
HP:0012725	Cutaneous syndactyly	140	0.05399151561897416	1.9044027914987136	1.891022815577285e-14	2.0476791267203716e-12	11.688738096725785	1.945295170384353e-10	RFX7, RSPRY1, SERPINH1, IGF1R, TCF12, BMPR1B, HDAC4, NBAS, ANKRD11, BTRC, CSGALNACT1, DSE, PLS3, INTU, IFT80, VPS35L, CDC42, POR, CCDC8, SEMA3A, LMBR1, XYLT1, PIK3CA, EXT1, TMEM231, DYNC2LI1, TMEM67, NSD1, ATR, SOS2, IFT81, PCYT1A, LIFR, ALMS1, NEK1, SOX2, IDS, GALNT3, RBPJ, SHOC2, SMAD4, SH3PXD2B, SPRED1, PPM1D, SPRED2, SOS1, NFIX, WDR35, STIM1, GLI3, CC2D2A, FBN1, EP300, TRPS1, SPECC1L, GLI2, NSD2, GALNS, DYNC2H1, HS2ST1, SETD2, IKBKB, CPLANE1, PPP1CB, HSPA9, TRIM37, NIPBL, SMAD2, PRKACB, IFT140, SULF1, KIAA0753, MTAP, SGMS2, MAP3K20, CEP290, CDC73, AFF3, RREB1, MAPK1, ZBTB16, ANTXR2, LEMD3, EVC2, KAT6B, NOTCH2, EFL1, NF1, CREBBP, ANKH, MMP14, LPIN2, SATB2, EXOC6B, ARHGAP31, IFT43, MEIS2, CTNND1, FGFR2, STAT3, COL27A1, GNAS, NXN, SOX9, ACVR1, ARID1B, ROR2, KMT2A, TRAF3IP1, RPGRIP1L, TTC21B, IFT122, DYM, GPC6, RRAS2, PSAT1, PAPPA2, IFT52, LRP5, NSMCE2, PLOD2, PDE3A, NIN, HDAC8, WDR19, SKI, ZSWIM6, EXT2, IL6ST, TRIP11, IFT172, PLCB4, DDR2, LTBP1, TNFRSF11B, FGFR1, CLCN5, BRAF, TAB2, ABCC9
HP:0002970	Genu varum	139	0.05360586193598149	1.9038399138263495	2.5278104140832786e-14	2.6759386919652216e-12	11.572523840846744	2.6003585729674685e-10	RSPRY1, SERPINH1, IGF1R, TCF12, BMPR1B, HDAC4, NBAS, ANKRD11, BTRC, CSGALNACT1, DSE, PLS3, INTU, IFT80, VPS35L, CDC42, POR, CCDC8, SEMA3A, LMBR1, XYLT1, EXT1, TMEM231, DYNC2LI1, TMEM67, NSD1, ATR, SOS2, IFT81, PCYT1A, LIFR, ALMS1, NEK1, SOX2, IDS, GALNT3, RBPJ, SHOC2, SMAD4, SH3PXD2B, SPRED1, PPM1D, SPRED2, SOS1, NFIX, WDR35, STIM1, GLI3, CC2D2A, FBN1, EP300, TRPS1, SPECC1L, GLI2, NSD2, GALNS, DYNC2H1, HS2ST1, SETD2, IKBKB, CPLANE1, PPP1CB, HSPA9, TRIM37, NIPBL, SMAD2, PRKACB, IFT140, SULF1, KIAA0753, MTAP, SGMS2, MAP3K20, CEP290, CDC73, AFF3, RREB1, MAPK1, ZBTB16, ANTXR2, LEMD3, EVC2, KAT6B, NOTCH2, EFL1, NF1, CREBBP, ANKH, MMP14, LPIN2, SATB2, EXOC6B, ARHGAP31, IFT43, FGFR2, STAT3, COL27A1, GNAS, NXN, SOX9, ACVR1, ARID1B, ROR2, KMT2A, TRAF3IP1, RPGRIP1L, TTC21B, IFT122, DYM, GPC6, RRAS2, PSAT1, PAPPA2, IFT52, LRP5, NSMCE2, PLOD2, PDE3A, NIN, HDAC8, WDR19, SKI, ZSWIM6, EXT2, IL6ST, TRIP11, IFT172, NEB, PLCB4, DDR2, LTBP1, TNFRSF11B, FGFR1, CLCN5, CCN2, BRAF, TAB2, ABCC9, KAT6A
HP:0009803	Short phalanx of finger	139	0.05360586193598149	1.9038399138263495	2.5278104140832786e-14	2.6759386919652216e-12	11.572523840846744	2.6003585729674685e-10	SMARCA2, MIA3, RSPRY1, SERPINH1, IGF1R, TCF12, BMPR1B, HDAC4, NBAS, ANKRD11, BTRC, CSGALNACT1, RAB3GAP2, DSE, PLS3, INTU, IFT80, VPS35L, CDC42, POR, CCDC8, SEMA3A, LMBR1, XYLT1, EXT1, TMEM231, DYNC2LI1, TMEM67, NSD1, ATR, SOS2, IFT81, PCYT1A, LIFR, ALMS1, NEK1, SOX2, IDS, GALNT3, RBPJ, SHOC2, SMAD4, SH3PXD2B, SPRED1, PPM1D, SPRED2, SOS1, NFIX, WDR35, STIM1, GLI3, CC2D2A, FBN1, EP300, TRPS1, SPECC1L, GLI2, NSD2, GALNS, DYNC2H1, HS2ST1, SETD2, IKBKB, CPLANE1, PPP1CB, HSPA9, TRIM37, NIPBL, SMAD2, PRKACB, IFT140, SULF1, KIAA0753, MTAP, SGMS2, MAP3K20, CEP290, CDC73, AFF3, RREB1, MAPK1, ZBTB16, ANTXR2, LEMD3, EVC2, KAT6B, NOTCH2, EFL1, NF1, CREBBP, ANKH, MMP14, LPIN2, SATB2, EXOC6B, ARHGAP31, IFT43, FGFR2, STAT3, COL27A1, GNAS, NXN, SOX9, ACVR1, ARID1B, ROR2, KMT2A, TRAF3IP1, RPGRIP1L, TTC21B, IFT122, DYM, GPC6, RRAS2, PSAT1, PAPPA2, IFT52, LRP5, NSMCE2, PLOD2, PDE3A, NIN, HDAC8, WDR19, SKI, ZSWIM6, EXT2, IL6ST, TRIP11, IFT172, PLCB4, DDR2, LTBP1, TNFRSF11B, FGFR1, CLCN5, BRAF, TAB2, ABCC9
HP:0001863	Toe clinodactyly	137	0.052834554569996146	1.9026905412366268	4.591704915817705e-14	4.10737986687102e-12	11.386435130003184	4.723486846901674e-10	RFX7, RSPRY1, SERPINH1, IGF1R, TCF12, BMPR1B, HDAC4, NBAS, ANKRD11, BTRC, CSGALNACT1, DSE, PLS3, INTU, IFT80, VPS35L, CDC42, POR, CCDC8, SEMA3A, LMBR1, XYLT1, EXT1, TMEM231, DYNC2LI1, TMEM67, NSD1, ATR, SOS2, IFT81, PCYT1A, LIFR, ALMS1, NEK1, SOX2, IDS, GALNT3, RBPJ, SHOC2, SMAD4, SH3PXD2B, SPRED1, PPM1D, SPRED2, SOS1, NFIX, WDR35, STIM1, GLI3, CC2D2A, FBN1, EP300, TRPS1, SPECC1L, GLI2, NSD2, GALNS, DYNC2H1, HS2ST1, SETD2, IKBKB, CPLANE1, PPP1CB, HSPA9, TRIM37, NIPBL, SMAD2, PRKACB, IFT140, SULF1, KIAA0753, MTAP, SGMS2, MAP3K20, CEP290, CDC73, AFF3, RREB1, MAPK1, ZBTB16, ANTXR2, LEMD3, EVC2, KAT6B, NOTCH2, EFL1, NF1, CREBBP, ANKH, MMP14, LPIN2, SATB2, EXOC6B, ARHGAP31, IFT43, FGFR2, STAT3, COL27A1, GNAS, NXN, SOX9, ACVR1, ARID1B, ROR2, KMT2A, TRAF3IP1, RPGRIP1L, TTC21B, IFT122, DYM, GPC6, RRAS2, PSAT1, PAPPA2, IFT52, LRP5, NSMCE2, PLOD2, PDE3A, NIN, HDAC8, WDR19, SKI, ZSWIM6, EXT2, IL6ST, TRIP11, IFT172, PLCB4, DDR2, LTBP1, TNFRSF11B, FGFR1, CLCN5, BRAF, TAB2, ABCC9
HP:0003026	Short long bone	137	0.052834554569996146	1.9026905412366268	4.591704915817705e-14	4.10737986687102e-12	11.386435130003184	4.723486846901674e-10	RSPRY1, SERPINH1, IGF1R, TCF12, BMPR1B, HDAC4, NBAS, ANKRD11, BTRC, CSGALNACT1, DSE, PLS3, INTU, IFT80, VPS35L, CDC42, POR, CCDC8, SEMA3A, LMBR1, XYLT1, EXT1, TMEM231, DYNC2LI1, TMEM67, NSD1, ATR, SOS2, IFT81, PCYT1A, LIFR, ALMS1, NEK1, SOX2, IDS, GALNT3, RBPJ, SHOC2, SMAD4, SH3PXD2B, SPRED1, PPM1D, SPRED2, SOS1, NFIX, WDR35, STIM1, GLI3, CC2D2A, FBN1, EP300, TRPS1, SPECC1L, GLI2, NSD2, GALNS, DYNC2H1, HS2ST1, SETD2, IKBKB, CPLANE1, PPP1CB, HSPA9, TRIM37, NIPBL, SMAD2, PRKACB, IFT140, SULF1, KIAA0753, MTAP, SGMS2, MAP3K20, CEP290, CDC73, AFF3, RREB1, MAPK1, ZBTB16, ANTXR2, LEMD3, EVC2, KAT6B, NOTCH2, EFL1, NF1, CREBBP, ANKH, MMP14, LPIN2, SATB2, EXOC6B, ARHGAP31, IFT43, SMOC1, FGFR2, STAT3, COL27A1, GNAS, NXN, SOX9, ACVR1, ARID1B, ROR2, KMT2A, TRAF3IP1, RPGRIP1L, TTC21B, IFT122, DYM, GPC6, RRAS2, PSAT1, PAPPA2, IFT52, LRP5, NSMCE2, PLOD2, PDE3A, NIN, HDAC8, WDR19, SKI, ZSWIM6, EXT2, IL6ST, TRIP11, IFT172, PLCB4, DDR2, LTBP1, TNFRSF11B, FGFR1, CLCN5, BRAF, TAB2, ABCC9
HP:0004233	Advanced ossification of carpal bones	136	0.05244890088700347	1.902103713682015	6.242636813432967e-14	5.442203805066519e-12	11.264225198359565	6.421800489978494e-10	RSPRY1, SERPINH1, IGF1R, TCF12, BMPR1B, HDAC4, NBAS, ANKRD11, BTRC, CSGALNACT1, DSE, PLS3, INTU, IFT80, VPS35L, CDC42, POR, CCDC8, SEMA3A, LMBR1, XYLT1, EXT1, TMEM231, DYNC2LI1, TMEM67, NSD1, ATR, SOS2, IFT81, PCYT1A, LIFR, ALMS1, NEK1, SOX2, IDS, GALNT3, RBPJ, SHOC2, SMAD4, SH3PXD2B, SPRED1, PPM1D, SPRED2, SOS1, NFIX, WDR35, STIM1, GLI3, CC2D2A, FBN1, EP300, TRPS1, SPECC1L, GLI2, NSD2, GALNS, DYNC2H1, HS2ST1, SETD2, IKBKB, CPLANE1, PPP1CB, HSPA9, TRIM37, NIPBL, SMAD2, PRKACB, IFT140, SULF1, KIAA0753, MTAP, SGMS2, MAP3K20, CEP290, CDC73, AFF3, RREB1, MAPK1, ZBTB16, ANTXR2, LEMD3, EVC2, KAT6B, NOTCH2, EFL1, NF1, CREBBP, ANKH, MMP14, LPIN2, SATB2, EXOC6B, ARHGAP31, IFT43, FGFR2, STAT3, COL27A1, GNAS, NXN, SOX9, ACVR1, ARID1B, ROR2, KMT2A, TRAF3IP1, RPGRIP1L, TTC21B, IFT122, DYM, GPC6, RRAS2, PSAT1, PAPPA2, IFT52, LRP5, NSMCE2, PLOD2, PDE3A, NIN, HDAC8, WDR19, SKI, ZSWIM6, EXT2, IL6ST, TRIP11, IFT172, PLCB4, DDR2, LTBP1, TNFRSF11B, FGFR1, CLCN5, BRAF, TAB2, ABCC9
HP:0031936	Delayed ability to walk	202	0.07790204396451986	1.9013082981340574	2.059004428690146e-20	8.146530214590589e-18	17.089027327397915	2.1180978557935532e-16	SMARCA2, LAMA2, RSPRY1, CUBN, SERPINH1, IGF1R, TCF12, BMPR1B, HDAC4, NBAS, ANKRD11, HERC2, BTRC, CDK13, RAB3GAP1, CSGALNACT1, DYNC1H1, RAB3GAP2, SETD5, DSE, PLS3, INTU, IFT80, VPS35L, ITPR1, CDC42, POR, ERLIN2, CCDC8, SEMA3A, LMBR1, XYLT1, ZEB2, ZNF148, EXT1, TRIM2, PGAP1, COPB1, MID1, TRIO, TMEM231, DYNC2LI1, TMEM67, NSD1, YY1, HIVEP2, HK1, ATR, SOS2, ZNF407, NBEA, IFT81, PCYT1A, TRAPPC9, LIFR, FASTKD2, ALMS1, NEK1, SOX2, IDS, GALNT3, SON, PUM1, RBPJ, SHOC2, SMAD4, SPOP, SH3PXD2B, SPRED1, DLAT, CUL3, MYO9A, PPM1D, SPRED2, ACBD6, SOS1, AHI1, NFIX, WDR35, ATG7, STIM1, GLI3, CC2D2A, FBN1, EP300, CASK, TRPS1, SPECC1L, JAG1, GLI2, NSD2, FBXO11, GALNS, DYNC2H1, HS2ST1, SETD2, CELF2, IKBKB, CPLANE1, PPP1CB, HSPA9, TRIM37, NIPBL, SMAD2, PRKACB, IFT140, SULF1, KIAA0753, MTAP, HUWE1, SGMS2, CEP290, MAP3K20, CDC73, ALS2, AFF3, RREB1, OPHN1, MAPK1, ZBTB16, TMEM163, ANTXR2, LEMD3, RBL2, FOXP1, EVC2, AHDC1, KAT6B, NOTCH2, EFL1, KMT2E, TRRAP, PPP2CA, RETREG1, RUSC2, NF1, VPS13B, CREBBP, ANKH, MMP14, LPIN2, SATB2, EXOC6B, ARHGAP31, IFT43, WASHC4, FGFR2, RORA, STAT3, COL27A1, GNAS, NXN, SOX9, ACVR1, ARID1B, STAG2, ARL13B, ROR2, KMT2A, TRAF3IP1, RPGRIP1L, TTC21B, IFT122, DYM, SCAF4, GPC6, RRAS2, WDR45, CTNNB1, PSAT1, SLC25A12, PAPPA2, SRRM2, IFT52, LRP5, MECP2, SYNE1, NSMCE2, PLOD2, PDE3A, NIN, MACF1, HDAC8, WDR19, SKI, ZSWIM6, EXT2, IL6ST, TRIP11, HNRNPC, IFT172, PLCB4, DDR2, LTBP1, TNFRSF11B, FGFR1, CLCN5, PAK1, BRAF, TAB2, ABCC9, KAT6A
HP:0000822	Hypertension	95	0.03663709988430389	1.9009763740976722	3.4080703705012983e-10	2.014874706973957e-08	7.695751954863636	3.5058819901346857e-06	BBS7, DIS3L2, ZNRF3, MTRR, NPHP3, WRN, POR, COL4A5, ACAT1, XYLT1, BNC2, EGFR, SCLT1, TTC8, TMEM67, BBS5, BBS1, SCAPER, INVS, SUGCT, PRKG1, DZIP1L, ATRX, ALMS1, BBS9, IFT74, SMAD4, DST, DCDC2, HSPB8, HEY2, CUL3, SDCCAG8, STOX1, PBX1, ACBD6, NFIX, WDR35, CC2D2A, FBN1, HPSE2, WNK1, WDPCP, SMAD2, IFT140, TGFBR3, PLAAT3, CEP290, BSCL2, LRP6, LEMD3, NOTCH2, LZTFL1, MDM2, NF1, SLC30A9, MMP14, CD2AP, ARHGAP31, JAZF1, JAK2, FGFR2, MEF2A, BICC1, ALK, GNAS, PHF21A, USP8, GTF2IRD1, ELP1, TRAF3IP1, NPHP4, DEPDC5, BAZ1B, CTNNB1, CEP83, MECP2, NSMCE2, CLIP2, PDE3A, SLC20A2, WDR19, PRNP, EXT2, XPR1, NPHP1, USP48, IFT172, KCTD1, TRPC6, TNFRSF11B, GTF2I, KIF1B, BRAF, KCNJ10
HP:0000470	Short neck	195	0.07520246818357115	1.900730849218874	1.0259158809477676e-19	3.1039990197969664e-17	16.508078424558448	1.0553596667309684e-15	RFX7, RSPRY1, SERPINH1, IGF1R, MUSK, TCF12, BMPR1B, HDAC4, NBAS, ANKRD11, BBS7, EFEMP1, BTRC, CSGALNACT1, DSE, PLS3, INTU, IFT80, VPS35L, TBL1XR1, CDC42, POR, CCDC8, COG5, SEMA3A, LMBR1, XYLT1, SCLT1, ASPH, PGAP1, EXT1, TMEM231, APC, DYNC2LI1, TTC8, TMEM67, BBS5, NSD1, ATR, YWHAE, CDH11, SOS2, IFT81, MED13L, BBS1, STX16, SCAPER, PCYT1A, TRAPPC9, LIFR, ATRX, ALMS1, NEK1, TBCK, SOX2, IDS, BBS9, GALNT3, RBPJ, IFT74, SHOC2, SMAD4, SH3PXD2B, MAPRE2, SPRED1, SDCCAG8, PPM1D, SPRED2, PAFAH1B1, SOS1, NFIX, WDR35, POGZ, RB1, STXBP1, WAC, STIM1, GLI3, CC2D2A, FBN1, EP300, RPS27, SPECC1L, TRPS1, GLI2, NSD2, GALNS, DYNC2H1, HS2ST1, SETD2, IKBKB, CPLANE1, PPP1CB, HSPA9, TRIM37, NIPBL, WDPCP, SMAD2, PRKACB, IFT140, SULF1, PLAAT3, KIAA0753, MTAP, SGMS2, CEP290, MAP3K20, CDC73, DPYD, AFF3, RREB1, MAPK1, ZBTB16, FTO, ANTXR2, LEMD3, AHDC1, EVC2, KAT6B, NOTCH2, LZTFL1, TCF4, EFL1, MRPS28, RPS24, NF1, CREBBP, CRLF1, ANKH, MMP14, LPIN2, SATB2, EXOC6B, ARHGAP31, IFT43, FGFR2, RPL9, STAT3, COL27A1, GNAS, NXN, SOX9, ACVR1, ARID1B, MICU1, KCNN3, ROR2, KMT2A, CTNND2, TRAF3IP1, RPGRIP1L, TTC21B, IFT122, RPS28, DYM, GPC6, COG7, RRAS2, WWOX, CHN1, PSAT1, PAPPA2, SRRM2, IFT52, LRP5, MECP2, NSMCE2, PLOD2, PDE3A, NIN, HDAC8, WDR19, SKI, ZSWIM6, EXT2, IL6ST, TRIP11, NPHP1, SETBP1, IFT172, NEB, PLCB4, DDR2, BPTF, LTBP1, TNFRSF11B, JMJD1C, FGFR1, CLCN5, FANCL, BRAF, TAB2, ABCC9, B3GLCT, C2CD3
HP:0002167	Abnormal speech pattern	59	0.022753567296567682	1.8975738167692213	9.320947906082348e-07	3.4001628053145076e-05	4.4685002877351145	0.009588459110986911	PRRT2, ALS2, OPHN1, RRAS2, PTEN, BAZ1B, ADNP, OCA2, BBS9, LZTFL1, DEAF1, DNAAF4, BBS7, MECP2, IFT74, SCAPER, PRDM16, CLIP2, MTRR, VPS35L, HDAC8, VPS13B, SDCCAG8, ITPR1, SPRED2, BMPR1A, SOS1, SKI, SEPTIN9, NPHP1, PIK3CA, STIM1, NPAT, RASA2, UBE4B, CHMP2B, IFT172, RNF216, SPEN, SPTBN1, SCLT1, ATM, ALDH3A2, RERE, GTF2I, TTC8, EYA1, CCDC88C, FGFR1, BBS5, WDPCP, NIPBL, BRAF, GTF2IRD1, SOS2, KCNJ10, BBS1, FOXP2, CEP290
HP:0000894	Short clavicles	138	0.053220208252988815	1.896683511770444	3.9600958877125385e-14	3.6372773568659716e-12	11.439223581000904	4.0737506396898883e-10	RSPRY1, SERPINH1, IGF1R, TCF12, BMPR1B, HDAC4, NBAS, ANKRD11, BTRC, CSGALNACT1, DSE, PLS3, INTU, IFT80, VPS35L, CDC42, POR, CCDC8, SEMA3A, LMBR1, XYLT1, EXT1, TMEM231, DYNC2LI1, TMEM67, NSD1, ATR, SOS2, IFT81, CBFB, PCYT1A, LIFR, ALMS1, NEK1, SOX2, IDS, GALNT3, RBPJ, SHOC2, SMAD4, SH3PXD2B, SPRED1, PPM1D, SPRED2, SOS1, NFIX, WDR35, STIM1, GLI3, CC2D2A, FBN1, EP300, TRPS1, SPECC1L, GLI2, NSD2, GALNS, DYNC2H1, HS2ST1, SETD2, IKBKB, CPLANE1, PPP1CB, HSPA9, TRIM37, NIPBL, SMAD2, PRKACB, IFT140, SULF1, KIAA0753, MTAP, SGMS2, MAP3K20, CEP290, CDC73, AFF3, RREB1, MAPK1, ZBTB16, ANTXR2, LEMD3, EVC2, KAT6B, NOTCH2, EFL1, NF1, CREBBP, ANKH, MMP14, LPIN2, SATB2, EXOC6B, ARHGAP31, IFT43, FGFR2, STAT3, COL27A1, GNAS, NXN, SOX9, ACVR1, ARID1B, ROR2, KMT2A, TRAF3IP1, RPGRIP1L, TTC21B, IFT122, DYM, GPC6, RRAS2, CHD4, PSAT1, PAPPA2, IFT52, LRP5, NSMCE2, PLOD2, PDE3A, NIN, HDAC8, WDR19, SKI, ZSWIM6, EXT2, IL6ST, TRIP11, IFT172, PLCB4, DDR2, LTBP1, TNFRSF11B, FGFR1, CLCN5, BRAF, TAB2, ABCC9
HP:0012368	Flat face	151	0.05823370613189356	1.8920443416575323	2.7246134965786744e-15	3.6879077683295825e-13	12.433219948845739	2.8028099039304825e-11	SMARCA2, MIA3, RSPRY1, SERPINH1, IGF1R, TCF12, BMPR1B, PPP1R12A, HDAC4, NBAS, ANKRD11, BTRC, CSGALNACT1, DSE, PLS3, INTU, IFT80, VPS35L, CDC42, POR, CCDC8, SEMA3A, LMBR1, XYLT1, EXT1, TMEM231, DYNC2LI1, TMEM67, NSD1, ATR, CDH11, SOS2, IFT81, PCYT1A, LIFR, ATRX, ALMS1, NEK1, DEAF1, IDS, SOX2, GALNT3, RBPJ, SHOC2, SMAD4, SH3PXD2B, MAPRE2, SPRED1, PPM1D, SPRED2, SOS1, NFIX, WDR35, STIM1, GLI3, CC2D2A, FBN1, EP300, TRPS1, SPECC1L, GLI2, NSD2, GALNS, DYNC2H1, HS2ST1, SETD2, IKBKB, CPLANE1, PPP1CB, HSPA9, TRIM37, NIPBL, SMAD2, PRKACB, IFT140, SULF1, KIAA0753, MTAP, SGMS2, CEP290, MAP3K20, CDC73, CAMK2G, RREB1, AFF3, MAPK1, ZBTB16, ANTXR2, LEMD3, EVC2, KAT6B, NOTCH2, EFL1, NF1, CREBBP, FBXO31, ANKH, MMP14, LPIN2, SATB2, EXOC6B, EHMT1, ARHGAP31, IFT43, CTNND1, FGFR2, STAT3, COL27A1, GNAS, NXN, SOX9, ACVR1, ARID1B, ROR2, KMT2A, TRAF3IP1, RPGRIP1L, TTC21B, IFT122, DYM, GPC6, RRAS2, CTNNB1, PSAT1, PAPPA2, IFT52, LRP5, P4HA1, NSMCE2, PLOD2, PDE3A, NIN, HDAC8, WDR19, SKI, ZSWIM6, EXT2, IL6ST, TRIP11, IFT172, PLCB4, DDR2, UBAP2L, LTBP1, TNFRSF11B, FGFR1, CLCN5, CCN2, BRAF, TAB2, ABCC9
HP:0003016	Metaphyseal widening	139	0.05360586193598149	1.8907999144165801	5.137281476882165e-14	4.5557943579902444e-12	11.341435887579262	5.284721455268683e-10	RSPRY1, SERPINH1, IGF1R, TCF12, BMPR1B, HDAC4, NBAS, ANKRD11, EFEMP1, BTRC, CSGALNACT1, DSE, PLS3, INTU, IFT80, VPS35L, CDC42, POR, CCDC8, SEMA3A, LMBR1, XYLT1, EXT1, ASPH, TMEM231, DYNC2LI1, TMEM67, NSD1, ATR, SOS2, IFT81, PCYT1A, LIFR, ALMS1, NEK1, SOX2, IDS, GALNT3, RBPJ, SHOC2, SMAD4, SH3PXD2B, SPRED1, PPM1D, SPRED2, SOS1, NFIX, WDR35, STIM1, GLI3, CC2D2A, FBN1, EP300, TRPS1, SPECC1L, GLI2, NSD2, GALNS, DYNC2H1, HS2ST1, SETD2, IKBKB, CPLANE1, PPP1CB, HSPA9, TRIM37, NIPBL, SMAD2, PRKACB, IFT140, SULF1, KIAA0753, MTAP, SGMS2, MAP3K20, CEP290, CDC73, AFF3, RREB1, MAPK1, ZBTB16, ANTXR2, LEMD3, EVC2, KAT6B, NOTCH2, EFL1, NF1, CREBBP, ANKH, MMP14, LPIN2, SATB2, EXOC6B, ARHGAP31, IFT43, FGFR2, STAT3, COL27A1, GNAS, NXN, SOX9, ACVR1, ARID1B, HNRNPH1, ROR2, KMT2A, TRAF3IP1, RPGRIP1L, TTC21B, IFT122, DYM, GPC6, RRAS2, PSAT1, PAPPA2, IFT52, LRP5, NSMCE2, PLOD2, PDE3A, NIN, HDAC8, WDR19, SKI, ZSWIM6, EXT2, IL6ST, TRIP11, IFT172, PLCB4, DDR2, LTBP1, TNFRSF11B, FGFR1, CLCN5, BRAF, TAB2, ABCC9
HP:0008897	Postnatal growth retardation	170	0.06556112610875434	1.888802289110812	7.272165408145315e-17	1.4114861425205822e-14	13.850323381248119	7.480876555359085e-13	MIA3, RSPRY1, SERPINH1, IGF1R, NDE1, TCF12, BMPR1B, HDAC4, NBAS, ARID2, ANKRD11, BTRC, CSGALNACT1, RAB3GAP2, DSE, PLS3, INTU, IFT80, MTRR, VPS35L, SIN3A, ATP9A, CDC42, POR, CCDC8, SEMA3A, LARP7, LMBR1, XYLT1, BNC2, EXT1, RERE, TMEM231, DYNC2LI1, TMEM67, NSD1, ATR, SOS2, IFT81, FOXP2, MBD5, PCYT1A, LIFR, ATRX, ALMS1, NEK1, SOX2, IDS, GALNT3, RBPJ, SHOC2, SMAD4, SH3PXD2B, SPRED1, CHD1, PPM1D, SPRED2, MTX2, SOS1, NFIX, WDR35, ARID1A, STIM1, GLI3, CC2D2A, FBN1, EP300, RASA2, CASK, TRPS1, SPECC1L, GLI2, NSD2, GALNS, DOCK11, KANSL1, HS2ST1, ANKRD17, DYNC2H1, SETD2, IKBKB, CPLANE1, PPP1CB, HSPA9, TRIM37, NIPBL, SMAD2, PRKACB, IFT140, SULF1, KIAA0753, MTAP, SGMS2, CEP290, MAP3K20, CDC73, AFF3, RREB1, MAPK1, ZBTB16, ANTXR2, LEMD3, EVC2, KAT6B, NOTCH2, TCF4, EFL1, PSPH, NF1, CREBBP, ANKH, MMP14, LPIN2, SATB2, EXOC6B, ARHGAP31, IFT43, SMOC1, FGFR2, STAT3, COL27A1, GNAS, FRA10AC1, NXN, SOX9, ACVR1, ARID1B, ROR2, KMT2A, TRAF3IP1, RPGRIP1L, TTC21B, IFT122, DYM, GPC6, COG7, RRAS2, FOSL2, CTNNB1, PSAT1, PHKB, PAPPA2, IFT52, LRP5, P4HA1, SYNE1, NSMCE2, PLOD2, PDE3A, NIN, HDAC8, WDR19, SKI, ZSWIM6, EXT2, IL6ST, TRIP11, SETBP1, IFT172, PLCB4, DDR2, LTBP1, TNFRSF11B, FGFR1, CLCN5, CHD7, BRAF, TAB2, ABCC9, B3GLCT
HP:0001999	Abnormal facial shape	76	0.029309679907443115	1.8867190512919396	3.297641802827754e-08	1.4813467784143715e-06	5.829343262665501	0.000339228412256891	COG7, RREB1, TRAPPC9, OPHN1, NDE1, IGF1R, AUTS2, NR2F1, PTEN, AHDC1, AASS, KMT2C, DYRK1A, NOTCH2, TBCK, USP7, CTNNB1, OCA2, SON, ARID2, DHX9, KMT2E, RNF13, PSPH, FOS, DIS3L2, CHD2, NF1, PACS1, HDAC8, CREBBP, HERC1, ITPR1, CDC42, SIN3A, POR, MMP14, BMPR1A, PBX1, ARID1A, SATB2, NFIX, EHMT1, DHRSX, TTN, TSEN15, POGZ, WAC, MPDZ, EP300, ZEB2, WDFY3, KAT6A, SPTBN1, FGFR2, SCO2, LTBP1, KANSL1, MID1, HPSE2, RERE, SYNGAP1, COLQ, PIK3C2A, ITCH, JMJD1C, PHF21A, YY1, ARID1B, GRIN2A, STAG1, STRADA, CNOT1, PCYT1A, POLD3, C2CD3
HP:0003510	Severe short stature	141	0.054377169301966836	1.8825467402541425	3.635789526901947e-14	3.562034939356222e-12	11.44830182493589	3.7401366863240326e-10	SMARCA2, RSPRY1, SERPINH1, IGF1R, TCF12, BMPR1B, HDAC4, NBAS, ANKRD11, BTRC, CSGALNACT1, DSE, PLS3, INTU, IFT80, VPS35L, CDC42, POR, CCDC8, SEMA3A, LARP7, LMBR1, XYLT1, EXT1, TMEM231, DYNC2LI1, TMEM67, NSD1, ATR, SOS2, IFT81, PCYT1A, LIFR, ALMS1, NEK1, SOX2, IDS, GALNT3, RBPJ, SHOC2, SMAD4, SH3PXD2B, SPRED1, PPM1D, SPRED2, SOS1, NFIX, WDR35, STIM1, GLI3, CC2D2A, FBN1, EP300, TRPS1, SPECC1L, GLI2, NSD2, GALNS, DYNC2H1, HS2ST1, SETD2, IKBKB, CPLANE1, PPP1CB, HSPA9, TRIM37, NIPBL, SMAD2, PRKACB, IFT140, SULF1, KIAA0753, MTAP, SGMS2, CEP290, MAP3K20, CDC73, AFF3, RREB1, MAPK1, ZBTB16, ANTXR2, LEMD3, EVC2, KAT6B, NOTCH2, EFL1, NF1, CREBBP, ANKH, MMP14, LPIN2, SATB2, EXOC6B, ARHGAP31, IFT43, ANTXR1, FGFR2, STAT3, COL27A1, GNAS, NXN, SOX9, ACVR1, ARID1B, ROR2, KMT2A, TRAF3IP1, RPGRIP1L, TTC21B, IFT122, DYM, GPC6, RRAS2, CTNNB1, PSAT1, PAPPA2, IFT52, LRP5, SDHA, NSMCE2, PLOD2, PDE3A, NIN, HDAC8, WDR19, SKI, ZSWIM6, EXT2, IL6ST, TRIP11, IFT172, PLCB4, DDR2, LTBP1, TNFRSF11B, FGFR1, CLCN5, BRAF, TAB2, ABCC9
HP:0002650	Scoliosis	253	0.09757038179714617	1.8818841710106873	1.0819247663748571e-24	8.561353901306273e-22	21.067457550115943	1.1129760071698155e-20	SMARCA2, B9D1, MIA3, RSPRY1, SERPINH1, LAMA2, PIBF1, TCF12, MUSK, BMPR1B, HNRNPU, USP9X, ADNP, HDAC4, NBAS, TGIF1, ARID2, ANKRD11, GAN, USF3, HERC2, EFEMP1, TBCD, RAB3GAP1, KLHL7, CSGALNACT1, RAB3GAP2, SETD5, DSE, PLS3, GALC, MTRR, VPS35L, TBL1XR1, SIN3A, ITPR1, CDC42, POR, ERLIN2, PRKD1, CCDC8, AK9, ZBTB20, CSPP1, APTX, CAMTA1, DHRSX, LARP7, XYLT1, PIK3CA, ZEB2, NEDD4L, MEGF10, BAG3, ASPH, GDAP1, SBF2, SAMHD1, RERE, TRIO, TMEM231, APC, PRORP, TMEM67, NSD1, GFPT1, GNAQ, ATR, NELFA, HK1, SOX5, SOS2, ZNF407, BBS1, FOXP2, MBD5, PCYT1A, PRKG1, LIFR, ATRX, ALMS1, NEK1, DYRK1A, TBCK, DEAF1, ARIH1, SON, PUM1, HSPD1, DNAJC6, IFT74, SMAD4, SH3PXD2B, SPRED1, HSPB8, HEY2, HERC1, SPRED2, PAFAH1B1, ZMIZ1, SOS1, ACBD6, AHI1, ARID1A, NFIX, POGZ, TTN, UBE4B, CC2D2A, FBN1, EP300, RASA2, CASK, TRPS1, SPEN, JAG1, ASXL2, GLI2, NSD2, GALNS, DYNC2H1, KANSL1, HS2ST1, ANKRD17, SYNE2, CPLANE1, PPP1CB, PARN, VPS53, DMD, DDX6, SMAD2, ARFGEF2, STAG1, CHKA, PLAAT3, KIAA0753, CEP41, SGMS2, HUWE1, CEP290, MAP3K20, SMCHD1, ALS2, AFF3, RREB1, MAPK1, AUTS2, LEMD3, AHDC1, CNOT2, KMT2C, KAT6B, NOTCH2, TCF4, RNF13, LTBP4, TRRAP, PRDM16, RUSC2, NF1, PACS1, VPS13B, CREBBP, CRLF1, TCTN1, EXOC6B, EHMT1, ANTXR1, MEIS2, ARMC9, FGFR2, TLK2, CAPRIN1, STAT3, COL27A1, PIK3C2A, GNAS, NXN, SOX9, JARID2, ACVR1, ARID1B, DISP1, HNRNPH1, STAG2, ARL13B, GTF2IRD1, ELP1, CTNND2, KMT2A, RPGRIP1L, ROR2, PLCH1, TTC21B, DYM, SCAF4, RRAS2, NRXN1, PTEN, TOGARAM1, SLC35A3, BAZ1B, OCA2, CTNNB1, PSAT1, USP7, P4HA1, LRP5, MECP2, SYNE1, PLOD2, SLC39A14, ATL1, CLIP2, ZMYM2, MAPKBP1, NRCAM, POLA1, NDUFAF5, DPP6, SKI, EXT2, IL6ST, TRIP11, NPHP1, SETBP1, IFT172, NEB, FLCN, SPTBN1, DDR2, RIN2, BPTF, LTBP1, ALDH3A2, TANC2, PHACTR1, COLQ, GTF2I, SACS, JMJD1C, FGFR1, FANCL, CCN2, SNX14, CHD7, BRAF, GFAP, ABCC9, TTC19, B3GLCT, CDK13
HP:0001270	Motor delay	175	0.0674893945237177	1.8812097940379717	3.22048485706745e-17	7.46733932522546e-15	14.126834113339662	3.3129127724652856e-13	LAMA2, RFX7, RSPRY1, IGF1R, MUSK, ADNP, HDAC4, ARID2, EFEMP1, GAN, HERC2, CDK13, NT5C2, CSGALNACT1, DYNC1H1, HIBCH, SETD5, AUH, GALC, LAMA1, SIN3A, ATP9A, ITPR1, FBXW11, APTX, BMPR1A, COG5, ACAT1, OGDH, MED12L, RSRC1, ZEB2, KCNN2, MEGF10, ASPH, PGAP1, SBF2, GDAP1, VPS41, TRIO, ZNF592, NSD1, YY1, GFPT1, UBA2, SOX5, MED13L, RALGAPA1, POLD3, MBD5, PCYT1A, FASTKD2, NEK1, DYRK1A, TBCK, DEAF1, HADHB, IFT74, CRB1, SPOP, SH3PXD2B, MAPRE2, SPRED1, DLAT, CUL3, MYO9A, SLC1A3, PBX1, ZMIZ1, AHI1, NFIX, GTF2E2, POGZ, TTN, COX10, STXBP1, WAC, FBN1, SPEN, GALNS, HS2ST1, ROR1, ANKRD17, TRIP12, SYNGAP1, ITCH, NIPBL, DMD, SMAD2, IFT140, SGMS2, HUWE1, CEP290, MAP3K20, DPYD, PREPL, ALS2, HADH, FOXP1, CNOT2, AHDC1, KAT6B, KMT2C, USP45, UBE3C, TCF4, LTBP4, RUSC2, VPS13B, CREBBP, EHMT1, MPDZ, ANTXR1, REV3L, SMC5, GBF1, ATP5F1A, HNRNPA2B1, TLK2, RORA, STAT3, OPA1, FRA10AC1, SPART, ZBTB7A, MICU1, SPATA7, CNOT1, LCA5, ZNF462, DYM, RRAS2, PTEN, PGM1, WWOX, AP3B1, RPE65, CTNNB1, ATXN7, IFT52, LRP5, SDHA, ASPA, SYNE1, ATL1, NRCAM, ZMYND11, SKI, ZSWIM6, EXT2, IL6ST, TRIP11, NSUN6, TSEN15, SETBP1, CUX1, NEB, SPTBN1, DDR2, SCO2, BPTF, FXR1, UBAP2L, LTBP1, NFIB, TANC2, VPS13D, TNFRSF11B, TAOK1, PAK1, CHD7, BRAF, MFF, PRKRA, AGO2
HP:0007688	Undetectable light- and dark-adapted electroretinogram	74	0.02853837254145777	1.8721717706416836	6.780422304221053e-08	2.94304659255367e-06	5.531202862355441	0.0006975020424352197	INVS, DRAM2, NPHP4, KIAA1549, PCYT1A, NR2F1, ALMS1, USP45, RPE65, LZTFL1, NBAS, BBS9, ATXN7, BBS7, LCA5, EFEMP1, LRP5, IFT74, KLHL7, CRB1, SCAPER, CTNNA1, TTLL5, DHX40, LAMA1, NPHP3, VPS13B, SDCCAG8, WDR19, AHI1, CERKL, CSPP1, ADGRA3, WHRN, P3H2, ATF6, IFT43, NPHP1, OAT, IFT172, CC2D2A, ADGRV1, JAG1, SCO2, DYNC2H1, RPGR, DTHD1, ADAM9, TTC8, MAK, OPA1, PGK1, CPLANE1, CEP78, TMEM67, P4HA2, BBS5, WDPCP, RAB28, SLC19A2, VWA8, TEAD1, IFT140, HK1, SPATA7, IFT81, BBS1, TRAF3IP1, CEP41, CHM, GDPD1, RPGRIP1L, ZNF644, CEP290
HP:0007737	Bone spicule pigmentation of the retina	75	0.028924026224450443	1.867730458299231	5.621254510925489e-08	2.4711899638414746e-06	5.607093868488217	0.000578258451538905	INVS, DRAM2, NPHP4, KIAA1549, PCYT1A, NR2F1, ALMS1, USP45, RPE65, LZTFL1, NBAS, BBS9, ATXN7, BBS7, LCA5, EFEMP1, LRP5, IFT74, KLHL7, CRB1, IFT88, SCAPER, CTNNA1, TTLL5, DHX40, LAMA1, NPHP3, VPS13B, SDCCAG8, WDR19, AHI1, CERKL, CSPP1, ADGRA3, WHRN, P3H2, ATF6, IFT43, NPHP1, OAT, IFT172, CC2D2A, ADGRV1, JAG1, SCO2, DYNC2H1, RPGR, DTHD1, ADAM9, TTC8, MAK, OPA1, PGK1, CPLANE1, CEP78, TMEM67, P4HA2, BBS5, WDPCP, RAB28, SLC19A2, VWA8, TEAD1, IFT140, HK1, SPATA7, IFT81, BBS1, TRAF3IP1, CEP41, CHM, GDPD1, RPGRIP1L, ZNF644, CEP290
HP:0000926	Platyspondyly	141	0.054377169301966836	1.8668588507520247	7.540901542190304e-14	6.4110127408687315e-12	11.193073360024163	7.757325416451166e-10	MIA3, RSPRY1, SERPINH1, IGF1R, TCF12, BMPR1B, HDAC4, NBAS, ANKRD11, BTRC, CSGALNACT1, DSE, PLS3, INTU, IFT80, VPS35L, CDC42, POR, CCDC8, SEMA3A, LMBR1, XYLT1, EXT1, TMEM231, DYNC2LI1, TMEM67, NSD1, ATR, SOS2, IFT81, PCYT1A, LIFR, ALMS1, NEK1, SOX2, IDS, GALNT3, RBPJ, SHOC2, SMAD4, SH3PXD2B, SPRED1, PPM1D, SPRED2, SOS1, NFIX, WDR35, P3H2, STIM1, GLI3, CC2D2A, FBN1, EP300, TRPS1, SPECC1L, GLI2, NSD2, GALNS, DYNC2H1, HS2ST1, SETD2, IKBKB, CPLANE1, PPP1CB, HSPA9, TRIM37, NIPBL, SMAD2, PRKACB, IFT140, SULF1, KIAA0753, MTAP, SGMS2, MAP3K20, CEP290, CDC73, AFF3, RREB1, MAPK1, ZBTB16, ANTXR2, LEMD3, EVC2, KAT6B, NOTCH2, EFL1, MRPS28, NF1, CREBBP, ANKH, MMP14, LPIN2, SATB2, EXOC6B, ARHGAP31, IFT43, FGFR2, STAT3, COL27A1, GNAS, NXN, SOX9, ACVR1, ARID1B, ROR2, KMT2A, TRAF3IP1, RPGRIP1L, TTC21B, IFT122, DYM, GPC6, RRAS2, PSAT1, PAPPA2, IFT52, LRP5, P4HA1, NSMCE2, PLOD2, PDE3A, NIN, HDAC8, WDR19, SKI, ZSWIM6, EXT2, IL6ST, TRIP11, IFT172, PLCB4, DDR2, LTBP1, TNFRSF11B, FGFR1, CLCN5, CCN2, BRAF, TAB2, ABCC9
HP:0002673	Coxa valga	142	0.054762822984959506	1.86456097630939	8.874025495192833e-14	7.482549202381037e-12	11.125950418724011	9.128710026904867e-10	RSPRY1, SERPINH1, IGF1R, TCF12, BMPR1B, HDAC4, NBAS, ANKRD11, BTRC, CSGALNACT1, DSE, PLS3, INTU, IFT80, VPS35L, CDC42, POR, CCDC8, SEMA3A, LMBR1, XYLT1, EXT1, TMEM231, DYNC2LI1, TMEM67, NSD1, ATR, SOS2, IFT81, CBFB, PCYT1A, LIFR, ATRX, ALMS1, NEK1, SOX2, IDS, GALNT3, RBPJ, SHOC2, SMAD4, SH3PXD2B, SPRED1, PPM1D, SPRED2, SOS1, NFIX, WDR35, GTF2E2, P3H2, STIM1, GLI3, CC2D2A, FBN1, EP300, TRPS1, SPECC1L, GLI2, NSD2, GALNS, DYNC2H1, HS2ST1, SETD2, IKBKB, CPLANE1, PPP1CB, HSPA9, TRIM37, NIPBL, SMAD2, PRKACB, IFT140, SULF1, KIAA0753, MTAP, SGMS2, MAP3K20, CEP290, CDC73, AFF3, RREB1, MAPK1, ZBTB16, ANTXR2, LEMD3, EVC2, KAT6B, NOTCH2, EFL1, NF1, CREBBP, ANKH, MMP14, LPIN2, SATB2, EXOC6B, ARHGAP31, IFT43, FGFR2, STAT3, COL27A1, GNAS, NXN, SOX9, ACVR1, ARID1B, HNRNPH1, ROR2, KMT2A, TRAF3IP1, RPGRIP1L, TTC21B, IFT122, DYM, GPC6, RRAS2, PSAT1, PAPPA2, IFT52, LRP5, NSMCE2, PLOD2, PDE3A, NIN, NRCAM, HDAC8, WDR19, SKI, ZSWIM6, EXT2, IL6ST, TRIP11, IFT172, PLCB4, DDR2, LTBP1, TNFRSF11B, FGFR1, CLCN5, BRAF, TAB2, ABCC9
HP:0000280	Coarse facial features	172	0.06633243347473969	1.8640952212089534	1.7774584233715062e-16	3.265127643075479e-14	13.486099836257278	1.8284714801222685e-12	RSPRY1, SERPINH1, IGF1R, TCF12, BMPR1B, ADNP, HDAC4, NBAS, ARID2, ANKRD11, BTRC, CSGALNACT1, DSE, PLS3, INTU, IFT80, VPS35L, CDC42, POR, RBMX, CCDC8, SEMA3A, LMBR1, XYLT1, ZNF148, EXT1, TMEM231, DYNC2LI1, TMEM67, NSD1, ATR, SOS2, IFT81, MBD5, PCYT1A, LIFR, ATRX, ALMS1, NEK1, TBCK, DEAF1, IDS, SOX2, GALNT3, RBPJ, SHOC2, SMAD4, DLG5, SH3PXD2B, SPRED1, PPM1D, SPRED2, ACBD6, SOS1, NFIX, WDR35, ARID1A, GTF2E2, WAC, STIM1, GLI3, CC2D2A, FBN1, EP300, TRPS1, SPECC1L, SPEN, GLI2, NSD2, FBXO11, GALNS, DYNC2H1, HS2ST1, SETD2, IKBKB, CPLANE1, PPP1CB, HSPA9, TRIM37, NIPBL, SMAD2, PRKACB, IFT140, SULF1, KIAA0753, MTAP, SGMS2, CEP290, MAP3K20, CDC73, BSCL2, AFF3, RREB1, MAPK1, ZBTB16, FTO, ANTXR2, LEMD3, PPP3CA, EVC2, AHDC1, KAT6B, NOTCH2, AFF4, TCF4, EFL1, NF1, CREBBP, FBXO31, ANKH, MMP14, LPIN2, SATB2, EXOC6B, EHMT1, ARHGAP31, IFT43, FGFR2, STAT3, COL27A1, PIK3C2A, GNAS, NXN, SOX9, ACVR1, ARID1B, GTF2IRD1, KCNN3, ROR2, KMT2A, TRAF3IP1, RPGRIP1L, TTC21B, IFT122, DYM, GPC6, RRAS2, CHD4, AP3B1, BAZ1B, PSAT1, PAPPA2, IFT52, LRP5, NSMCE2, PLOD2, CLIP2, PDE3A, NIN, NRCAM, HDAC8, WDR19, SKI, ZSWIM6, EXT2, IL6ST, TRIP11, SETBP1, IFT172, SPTBN1, PLCB4, DDR2, RIN2, LTBP1, TNFRSF11B, GTF2I, FGFR1, CLCN5, SNX14, BRAF, TAB2, ABCC9
HP:0001840	Metatarsus adductus	145	0.05591978403393753	1.8639023160438173	3.9483856646307466e-14	3.6372773568659716e-12	11.439223581000904	4.061704333205649e-10	RSPRY1, SERPINH1, IGF1R, TCF12, BMPR1B, HDAC4, NBAS, ANKRD11, EFEMP1, BTRC, CSGALNACT1, RAB3GAP2, DSE, PLS3, INTU, IFT80, VPS35L, CDC42, POR, CCDC8, ZBTB20, SEMA3A, LMBR1, XYLT1, EXT1, ASPH, TMEM231, DYNC2LI1, TMEM67, NSD1, ATR, SOS2, IFT81, PCYT1A, PRKG1, LIFR, ALMS1, NEK1, SOX2, IDS, ARIH1, GALNT3, RBPJ, SHOC2, SMAD4, SH3PXD2B, SPRED1, HEY2, PPM1D, SPRED2, SOS1, NFIX, WDR35, STIM1, GLI3, CC2D2A, FBN1, EP300, TRPS1, SPECC1L, JAG1, GLI2, NSD2, GALNS, DYNC2H1, HS2ST1, SETD2, IKBKB, CPLANE1, PPP1CB, HSPA9, TRIM37, NIPBL, SMAD2, PRKACB, IFT140, SULF1, KIAA0753, MTAP, SGMS2, MAP3K20, CEP290, CDC73, AFF3, RREB1, MAPK1, ZBTB16, ANTXR2, LEMD3, EVC2, KAT6B, NOTCH2, EFL1, NF1, CREBBP, ANKH, MMP14, LPIN2, SATB2, EXOC6B, ARHGAP31, IFT43, FGFR2, STAT3, COL27A1, GNAS, NXN, SOX9, ACVR1, ARID1B, ROR2, KMT2A, TRAF3IP1, RPGRIP1L, TTC21B, IFT122, DYM, GPC6, RRAS2, PSAT1, PAPPA2, IFT52, LRP5, NSMCE2, PLOD2, PDE3A, NIN, HDAC8, WDR19, SKI, ZSWIM6, EXT2, IL6ST, TRIP11, IFT172, PLCB4, DDR2, UBAP2L, LTBP1, TNFRSF11B, FGFR1, CLCN5, BRAF, TAB2, ABCC9
HP:0001763	Pes planus	200	0.07713073659853452	1.8604403316079772	6.466457270697166e-19	1.6630111485915436e-16	15.779104839321937	6.6520445943661746e-15	SMARCA2, PRRT2, RSPRY1, SERPINH1, IGF1R, TCF12, BMPR1B, USP9X, ADNP, HDAC4, NBAS, ANKRD11, GAN, EFEMP1, BTRC, CSGALNACT1, RAB3GAP2, DSE, PLS3, INTU, IFT80, VPS35L, TBL1XR1, MTR, CDC42, POR, CCDC8, SEMA3A, LMBR1, XYLT1, MED12L, ZEB2, ZNF148, EXT1, ASPH, COPB1, SBF2, TRIO, TMEM231, DYNC2LI1, TMEM67, NSD1, HIVEP2, GFPT1, ATR, HK1, SOX5, SOS2, IFT81, CBFB, PCYT1A, PRKG1, LIFR, ATRX, ALMS1, NEK1, DEAF1, IDS, SOX2, ARIH1, GALNT3, RBPJ, SHOC2, SMAD4, SH3PXD2B, MAPRE2, SPRED1, HEY2, HERC1, PPM1D, SPRED2, SOS1, NFIX, WDR35, TTN, WAC, STIM1, GLI3, CC2D2A, FBN1, EP300, TRPS1, SPECC1L, SPEN, JAG1, GLI2, NSD2, FBXO11, GALNS, DYNC2H1, KANSL1, HS2ST1, SETD2, IKBKB, CPLANE1, PPP1CB, HSPA9, TRIM37, NIPBL, DMD, SMAD2, PRKACB, IFT140, SULF1, KIAA0753, MTAP, SGMS2, CEP290, MAP3K20, CDC73, BSCL2, AFF3, RREB1, MAPK1, ZBTB16, ANTXR2, LEMD3, AHDC1, EVC2, KAT6B, NOTCH2, TCF4, EFL1, NF1, PACS1, VPS13B, CREBBP, CRLF1, ANKH, MMP14, LPIN2, SATB2, EXOC6B, EHMT1, ARHGAP31, IFT43, SMC5, FGFR2, TLK2, STAT3, COL27A1, RAB7A, GNAS, NXN, SOX9, JARID2, ACVR1, ARID1B, STAG2, KCNN3, GTF2IRD1, KMT2A, ROR2, TRAF3IP1, RPGRIP1L, TTC21B, IFT122, DYM, SCAF4, GPC6, RRAS2, BAZ1B, PSAT1, PAPPA2, IFT52, LRP5, NSMCE2, BRWD3, PLOD2, CLIP2, PDE3A, NIN, HDAC8, WDR19, SKI, ZSWIM6, EXT2, IL6ST, TRIP11, IFT172, ADGRV1, GNB1, PLCB4, DDR2, SCO2, BPTF, UBAP2L, RIN2, LTBP1, TNFRSF11B, GTF2I, FGFR1, CLCN5, FANCL, TAOK1, CHD7, BRAF, TAB2, ABCC9, KAT6A
HP:0000662	Nyctalopia	81	0.031237948322406478	1.8597413222348298	2.655892833463449e-08	1.208901308753916e-06	5.917609152251773	0.00027321169577838503	DRAM2, NBAS, EFEMP1, BBS7, KLHL7, AGBL1, LAMA1, NPHP3, CSPP1, CERKL, ADGRA3, ATF6, OAT, SCLT1, DTHD1, TTC8, TMEM67, BBS5, HK1, IFT81, BBS1, MAK, GDPD1, SCAPER, INVS, KIAA1549, PCYT1A, ALMS1, NR2F1, BBS9, IFT74, IFT88, CRB1, SDCCAG8, ACBD6, AHI1, P3H2, STIM1, CC2D2A, JAG1, DYNC2H1, CPLANE1, PGK1, CEP78, WDPCP, IFT140, CEP41, CHM, CEP290, USP45, LZTFL1, TCF4, CTNNA1, TTLL5, VPS13B, WHRN, IFT43, RPGR, ADAM9, OPA1, VWA8, SLC19A2, TEAD1, SPATA7, TRAF3IP1, RPGRIP1L, LCA5, NPHP4, RPE65, ATXN7, LRP5, ZEB1, DHX40, WDR19, NPHP1, IFT172, ADGRV1, SCO2, P4HA2, RAB28, ZNF644
HP:0000545	Myopia	162	0.062475896644812956	1.8543818371563432	2.3529646486457193e-15	3.315746211043632e-13	12.479418717977412	2.4204947340618514e-11	DRAM2, MIA3, SERPINH1, USP9X, NBAS, ARID2, ANKRD11, BBS7, USF3, HERC2, EFEMP1, KLHL7, CHD6, NT5C2, SETD5, DSE, PLS3, LAMA1, NPHP3, FBXW11, CSPP1, CERKL, CAMTA1, ADGRA3, COL4A5, ATF6, XYLT1, PIK3CA, OAT, MED12L, ZEB2, NEDD4L, ASPH, RERE, DTHD1, TTC8, ASXL1, TMEM67, BBS5, NSD1, HK1, SOX5, IFT81, MED13L, BBS1, MAK, GDPD1, MBD5, INVS, SCAPER, KIAA1549, PCYT1A, PRKG1, LIFR, ATRX, ALMS1, NR2F1, DYRK1A, DEAF1, BBS9, ARIH1, SON, IFT74, SHOC2, CRB1, SMAD4, HEY2, SDCCAG8, AHI1, NFIX, WDR35, ARID1A, GTF2E2, P3H2, POGZ, WAC, CC2D2A, FBN1, CASK, JAG1, DYNC2H1, CPLANE1, PGK1, CEP78, NIPBL, WDPCP, SMAD2, IFT140, CEP41, CHM, HUWE1, SGMS2, CEP290, DPYD, CAMK2G, USP45, AFF4, NOTCH2, LZTFL1, TCF4, CTNNA1, TTLL5, PSAP, PACS1, VPS13B, CREBBP, WHRN, IFT43, ANTXR1, FGFR2, RPGR, TLK2, CAPRIN1, ADAM9, OPA1, SOX9, VWA8, SLC19A2, ARID1B, TEAD1, GTF2IRD1, ELP1, SPATA7, TRAF3IP1, RPGRIP1L, LCA5, COL4A6, IFT122, NPHP4, PTEN, BAZ1B, RPE65, OCA2, CTNNB1, USP7, ATXN7, IFT52, LRP5, P4HA1, PLOD2, CLIP2, DHX40, HDAC8, WDR19, SKI, ZSWIM6, NPHP1, SETBP1, IFT172, ADGRV1, PAK2, SCO2, BPTF, UBAP2L, ALDH3A2, GTF2I, P4HA2, RAB28, BRAF, ZNF644, B3GLCT, KAT6A
HP:0000668	Hypodontia	171	0.06594677979174701	1.8382107130313894	6.800497708638915e-16	1.1104241258534685e-13	12.954511111000164	6.9956719928768514e-12	RSPRY1, SERPINH1, NTRK2, IGF1R, TCF12, BMPR1B, UBA5, HDAC4, NBAS, ANKRD11, BBS7, BTRC, CSGALNACT1, DSE, PLS3, INTU, IFT80, VPS35L, CDC42, POR, CCDC8, SEMA3A, LMBR1, XYLT1, SCLT1, EXT1, MID1, TMEM231, APC, DYNC2LI1, TTC8, TMEM67, BBS5, NSD1, ATR, NELFA, SOS2, IFT81, BBS1, SLC1A2, SCAPER, PCYT1A, LIFR, ALMS1, NEK1, SOX2, IDS, BBS9, GALNT3, RBPJ, IFT74, SHOC2, SMAD4, SH3PXD2B, SPRED1, SDCCAG8, PPM1D, SPRED2, MTX2, SOS1, NFIX, WDR35, STIM1, GLI3, CC2D2A, FBN1, EP300, TRPS1, SPECC1L, GLI2, NSD2, GALNS, DYNC2H1, HS2ST1, SETD2, SYNGAP1, CELF2, IKBKB, CPLANE1, PPP1CB, PARN, HSPA9, TRIM37, NIPBL, WDPCP, SMAD2, PRKACB, IFT140, SULF1, KIAA0753, MTAP, SGMS2, CEP290, MAP3K20, CDC73, AFF3, RREB1, MAPK1, ZBTB16, ANTXR2, LEMD3, PPP3CA, EVC2, KAT6B, NOTCH2, LZTFL1, UBE3C, EFL1, RNF13, NF1, CREBBP, ANKH, MMP14, LPIN2, SATB2, EXOC6B, ARHGAP31, IFT43, FGFR2, STAT3, COL27A1, GNAS, NXN, SOX9, ACVR1, ARID1B, GTF2IRD1, KCNN3, ROR2, KMT2A, TRAF3IP1, RPGRIP1L, TTC21B, IFT122, DYM, GPC6, RRAS2, FOSL2, WWOX, BAZ1B, CTNNB1, PSAT1, PAPPA2, IFT52, LRP5, P4HA1, NSMCE2, PLOD2, CLIP2, PDE3A, NIN, HDAC8, WDR19, SKI, ZSWIM6, EXT2, IL6ST, TRIP11, NPHP1, IFT172, PLCB4, DDR2, LTBP1, TNFRSF11B, GTF2I, FGFR1, CLCN5, BRAF, TRAK1, TAB2, ABCC9
HP:0002019	Constipation	87	0.03355187042036251	1.838124943587892	1.081116293703067e-08	5.196936127721239e-07	6.2842526207851215	0.0001112144331332345	SMARCA2, RFX7, CUBN, ADNP, TGIF1, ARID2, TBCD, PRKN, SIK3, DSE, SIN3A, POR, BMPR1A, CAMTA1, PIK3CA, MED12L, ZEB2, RERE, NSD1, FBXW7, MBD5, ATRX, SNCAIP, DYRK1A, DEAF1, SOX2, DNAJC6, SLC1A3, PPM1D, ZMIZ1, PCCA, NFIX, POGZ, STXBP1, WAC, UBE4B, EP300, SPEN, PHIP, VPS13C, GLI2, FBXO11, ATM, HPSE2, PLA2G6, TG, SREBF1, CDC73, RREB1, FOXP1, AHDC1, AFF4, TCF4, PRDM16, PACS1, CREBBP, NPAT, TLK2, ARNT2, STAT3, SPART, DISP1, STAG2, GTF2IRD1, ELP1, KMT2A, THRA, PLCH1, NRXN1, BAZ1B, OCA2, SDHA, MECP2, CLIP2, SKI, ZSWIM6, PRNP, EXT2, LAMA3, ATXN3, SPTBN1, GTF2I, JMJD1C, FGFR1, ATXN2, BRAF, CDK13
HP:0000508	Ptosis	172	0.06633243347473969	1.8365346735835524	7.924269827980616e-16	1.2737025581318218e-13	12.894931978942552	8.15169637204366e-12	SMARCA2, B9D1, RSPRY1, NTRK2, SGPL1, PIBF1, TCF12, KITLG, MUSK, UBA5, PPP1R12A, ADNP, TGIF1, ARID2, ANKRD11, EFEMP1, CDK13, RAB3GAP1, SETD5, DIS3L2, ITPR1, CDC42, AK9, ZBTB20, CSPP1, TENM3, SEMA3A, PIK3CA, ZEB2, KCNN2, ASPH, SBF2, MID1, SAMHD1, RERE, TRIO, TMEM231, APC, TMEM67, YY1, GFPT1, HK1, NELFA, CDH11, SOS2, MED13L, BBS1, SLC1A2, ATRX, FASTKD2, TBCK, IDS, PUM1, IFT74, SHOC2, SMAD4, LYRM7, SPRED1, MAPRE2, DLAT, MYO9A, SPRED2, ZMIZ1, SOS1, AHI1, ARID1A, POGZ, TTN, ATG7, COX10, RB1, GLI3, CC2D2A, FBN1, EP300, RASA2, RPS27, SPECC1L, PHIP, ASXL2, GLI2, NSD2, KANSL1, SYNE2, SYNGAP1, CELF2, ITCH, CPLANE1, PPP1CB, MTSS2, NIPBL, SMAD2, KIAA0753, CEP41, HUWE1, CEP290, PREPL, RREB1, MAPK1, AUTS2, FOXP1, PPP3CA, AHDC1, AFF4, MRPS28, RPS24, NF1, PSAP, PACS1, SLC30A9, CREBBP, TCTN1, SEPTIN9, REV3L, ATP5F1A, ARMC9, HNRNPA2B1, FGFR2, TLK2, RPL9, NDUFS1, CAPRIN1, OPA1, NXN, JARID2, ARID1B, MICU1, ARL13B, ROR2, KMT2A, RPGRIP1L, ZNF462, RPS28, RRAS2, CHD4, EDEM3, TOGARAM1, WWOX, CHN1, SDHA, MECP2, SYNE1, NUBPL, NDUFAF5, TARDBP, HDAC8, BCAS3, ZMYND11, SKI, ZSWIM6, YAP1, MARK3, ATXN3, ANXA11, NPHP1, SETBP1, NEB, PLCB4, SCO2, BPTF, COLQ, JMJD1C, TRIM44, P4HA2, FGFR1, FANCL, ANO10, CHD7, TRAK1, BRAF, B3GLCT, KAT6A
HP:0000592	Blue sclerae	140	0.05399151561897416	1.8322425539295697	4.454042727422e-13	3.4193087714171726e-11	10.4660616796457	4.5818737536990115e-09	RSPRY1, SERPINH1, IGF1R, TCF12, BMPR1B, HDAC4, NBAS, ANKRD11, BTRC, CSGALNACT1, DSE, PLS3, INTU, IFT80, VPS35L, CDC42, POR, CCDC8, SEMA3A, LMBR1, XYLT1, EXT1, TMEM231, DYNC2LI1, TMEM67, NSD1, ATR, SOS2, IFT81, PCYT1A, LIFR, ALMS1, NEK1, SOX2, IDS, GALNT3, SON, RBPJ, SHOC2, SMAD4, SH3PXD2B, SPRED1, PPM1D, SPRED2, SOS1, NFIX, WDR35, STIM1, GLI3, CC2D2A, FBN1, EP300, TRPS1, SPECC1L, GLI2, NSD2, GALNS, DYNC2H1, HS2ST1, SETD2, IKBKB, CPLANE1, PPP1CB, HSPA9, TRIM37, NIPBL, SMAD2, PRKACB, IFT140, SULF1, KIAA0753, MTAP, SGMS2, MAP3K20, CEP290, CDC73, TMEM163, AFF3, RREB1, MAPK1, ZBTB16, ANTXR2, LEMD3, EVC2, KAT6B, NOTCH2, EFL1, NF1, CREBBP, ANKH, MMP14, LPIN2, SATB2, EXOC6B, ARHGAP31, IFT43, FGFR2, STAT3, COL27A1, GNAS, NXN, SOX9, ACVR1, ARID1B, ROR2, KMT2A, TRAF3IP1, RPGRIP1L, TTC21B, IFT122, DYM, GPC6, RRAS2, PGM1, WWOX, PSAT1, PAPPA2, IFT52, LRP5, NSMCE2, PLOD2, PDE3A, NIN, HDAC8, WDR19, SKI, ZSWIM6, EXT2, IL6ST, TRIP11, IFT172, PLCB4, DDR2, LTBP1, TNFRSF11B, FGFR1, CLCN5, BRAF, TAB2, ABCC9
HP:0011968	Feeding difficulties	191	0.07365985345160046	1.8303007493962822	1.8579250049583443e-17	4.444761517675927e-15	14.352151536006676	1.9112474526006487e-13	SMARCA2, NTRK2, NDE1, MUSK, USP9X, UBA5, ADNP, HDAC4, THOC2, TGIF1, ARID2, ANKRD11, TBCD, CDK13, KLHL7, SIK3, HIBCH, SETD5, GALC, MTRR, FUT8, TBL1XR1, SIN3A, MTR, ITPR1, STT3B, PRKD1, CSPP1, ZBTB18, NEDD4L, ZNF148, PGAP1, RERE, TRIO, ASXL1, PRORP, NSD1, FBXW7, HIVEP2, YY1, GFPT1, UBA2, HK1, NELFA, GPHN, SOX5, FOXP2, MRPL3, SLC1A2, POLD3, MBD5, DZIP1L, LIFR, NR2F1, DYRK1A, TBCK, DEAF1, SON, ZNF292, ASH1L, SHOC2, DST, DLAT, CUL3, MYO9A, PPM1D, PAFAH1B1, PBX1, AHI1, NFIX, ARID1A, POGZ, ATG7, WAC, FBN1, EP300, CASK, PHIP, GLI2, NSD2, KANSL1, HS2ST1, ANKRD17, SETD2, SYNGAP1, CELF2, PLA2G6, PPP1CB, GNAO1, NIPBL, WDPCP, DDX6, STAG1, CHKA, KIAA0753, CEP41, SREBF1, MAP3K20, PREPL, AASS, HADH, AUTS2, ANTXR2, FOXP1, PPP3CA, AHDC1, KAT6B, UBE3C, TCF4, KMT2E, RNF13, LTBP4, TRRAP, PSPH, PPP2CA, PSAP, PACS1, SLC30A9, CREBBP, CRLF1, ANKH, MIPEP, SATB2, EHMT1, MEIS2, ATP5F1A, HNRNPA2B1, TLK2, NDUFS1, ISCA1, OPA1, GATAD2B, FRA10AC1, SOX9, ARID1B, ZBTB7A, HNRNPH1, STAG2, DISP1, PDSS2, KMT2A, STRADA, RPGRIP1L, PLCH1, ZNF462, NADK2, RPS28, SCAF4, COG7, NRXN1, DEPDC5, NUP214, KAT6A, WWOX, KDM5A, OCA2, CTNNB1, PSAT1, ATXN7, SRRM2, DHX9, MECP2, ASPA, NUBPL, TASP1, ZMYM2, POLA1, NDUFAF5, MACF1, ZSWIM6, EXT2, TSEN15, NPHP1, HNRNPC, NEB, GNB1, SPTBN1, PLCB4, SCO2, BPTF, PRKAG2, UBAP2L, LTBP1, FGFR1, FANCL, TAOK1, CHD7, TRAK1, MFF, BRAF, AGO2
HP:0000768	Pectus carinatum	154	0.059390667180871576	1.825952766057871	3.912657623983549e-14	3.6372773568659716e-12	11.439223581000904	4.024950897791877e-10	RSPRY1, SERPINH1, IGF1R, TCF12, BMPR1B, HDAC4, NBAS, TBCD, ANKRD11, EFEMP1, BTRC, CSGALNACT1, RAB3GAP2, DSE, PLS3, INTU, IFT80, VPS35L, CDC42, POR, CCDC8, SEMA3A, LMBR1, XYLT1, ZEB2, EXT1, ASPH, TMEM231, DYNC2LI1, TMEM67, NSD1, ATR, SOX5, SOS2, IFT81, PCYT1A, PRKG1, LIFR, ALMS1, NEK1, SOX2, IDS, ARIH1, GALNT3, ASH1L, RBPJ, SHOC2, SMAD4, SH3PXD2B, SPRED1, HEY2, MYO9A, PPM1D, SPRED2, SOS1, NFIX, WDR35, STIM1, GLI3, CC2D2A, FBN1, EP300, RASA2, TRPS1, SPECC1L, FRYL, JAG1, GLI2, NSD2, GALNS, DYNC2H1, KANSL1, HS2ST1, SETD2, IKBKB, CPLANE1, PPP1CB, HSPA9, TRIM37, NIPBL, SMAD2, PRKACB, IFT140, SULF1, KIAA0753, MTAP, SGMS2, CEP290, MAP3K20, CDC73, AFF3, RREB1, MAPK1, ZBTB16, ANTXR2, LEMD3, EVC2, KAT6B, NOTCH2, EFL1, NF1, CREBBP, ANKH, MMP14, LPIN2, SATB2, EXOC6B, ARHGAP31, IFT43, FGFR2, STAT3, COL27A1, GNAS, NXN, SOX9, ACVR1, ARID1B, HNRNPH1, ROR2, KMT2A, TRAF3IP1, RPGRIP1L, TTC21B, IFT122, DYM, GPC6, RRAS2, PSAT1, PAPPA2, IFT52, LRP5, P4HA1, NSMCE2, PLOD2, PDE3A, NIN, HDAC8, WDR19, SKI, ZSWIM6, EXT2, IL6ST, TRIP11, IFT172, PLCB4, DDR2, LTBP1, TNFRSF11B, FGFR1, CLCN5, SNX14, BRAF, TAB2, ABCC9
HP:0001274	Agenesis of corpus callosum	77	0.029695333590435788	1.825952766057871	1.1359527285029937e-07	4.8088665506626735e-06	5.317957274728016	0.0011685545718110295	CDK5RAP2, NDE1, HNRNPU, PPP1R12A, TGIF1, ARID2, RAB3GAP1, HIBCH, RAB3GAP2, DIS3L2, IFT80, ZBTB18, KDM4B, MED12L, ZEB2, ZNF148, CDH2, KIDINS220, PGAP1, MID1, RERE, ASXL1, YY1, NELFA, ATRX, NFIA, SOX2, MCPH1, ACBD6, AHI1, NFIX, WDR35, ARID1A, UBE4B, GLI3, CC2D2A, EP300, SPEN, GLI2, NSD2, DYNC2H1, KANSL1, HS2ST1, CPLANE1, HSPA9, KIAA0753, CEP41, DPYD, AHDC1, KAT6B, PDCD6IP, PRDM16, SLC30A9, CREBBP, EHMT1, MPDZ, ARMC9, FGFR2, CIT, ARNT2, FRA10AC1, ARID1B, DISP1, STAG2, RPGRIP1L, CNOT1, PLCH1, ZNF462, NDUFAF5, SKI, ZSWIM6, NPHP1, NFIB, FGFR1, PDHX, B3GLCT, CDK13
HP:0000520	Proptosis	181	0.06980331662167373	1.8247189328551487	2.0732210308567445e-16	3.741618376214619e-14	13.426940510143329	2.132722474442333e-12	RSPRY1, CDK5RAP2, SERPINH1, IGF1R, NDE1, MUSK, TCF12, BMPR1B, ADNP, HDAC4, NBAS, ANKRD11, EFEMP1, BTRC, CSGALNACT1, DSE, PLS3, INTU, IFT80, VPS35L, CDC42, POR, PRKD1, CCDC8, SEMA3A, LMBR1, XYLT1, PIK3CA, NEDD4L, EXT1, ASPH, TMEM231, APC, DYNC2LI1, ASXL1, TMEM67, NSD1, ATR, NELFA, CDH11, SOS2, IFT81, MED13L, PCYT1A, LIFR, ALMS1, NEK1, DYRK1A, TBCK, SOX2, IDS, GALNT3, RBPJ, SHOC2, SMAD4, SH3PXD2B, SPRED1, HEY2, HERC1, PPM1D, SPRED2, MTX2, SOS1, NFIX, WDR35, GLYR1, STIM1, GLI3, CC2D2A, FBN1, EP300, RASA2, TRPS1, SPECC1L, JAG1, ASXL2, GLI2, NSD2, FBXO11, GALNS, DYNC2H1, HS2ST1, SETD2, IKBKB, ITCH, PPP1CB, CPLANE1, DZIP1, HSPA9, TRIM37, NIPBL, SMAD2, PRKACB, IFT140, SULF1, KIAA0753, MTAP, SGMS2, CEP290, MAP3K20, CDC73, AFF3, RREB1, CFAP53, MAPK1, ZBTB16, AUTS2, LEMD3, ANTXR2, AHDC1, EVC2, KAT6B, NOTCH2, AFF4, EFL1, PPP2CA, NF1, CREBBP, ANKH, MMP14, LPIN2, SATB2, EXOC6B, EHMT1, ARHGAP31, IFT43, CTNND1, FGFR2, STAT3, COL27A1, ALK, GNAS, NXN, SOX9, ACVR1, ARID1B, STAG2, ROR2, KMT2A, TRAF3IP1, RPGRIP1L, TTC21B, IFT122, DYM, GPC6, RRAS2, CHD4, KDM5A, PSAT1, PAPPA2, IFT52, LRP5, NSMCE2, PLOD2, SLC39A14, PDE3A, NIN, HDAC8, WDR19, SKI, ZSWIM6, EXT2, IL6ST, TRIP11, ATXN3, SETBP1, IFT172, SPTBN1, PLCB4, DDR2, LTBP1, TNFRSF11B, FGFR1, CLCN5, FANCL, CHD7, CFAP45, BRAF, TAB2, ABCC9, KAT6A
HP:0001344	Absent speech	103	0.039722329348245274	1.8223613858452212	8.99782599865483e-10	5.052012701958393e-08	7.296535566195981	9.256063604816224e-06	SMARCA2, NTRK2, ARFGEF1, HNRNPU, UBA5, ADNP, HDAC4, TGIF1, ARID2, TBCD, RAB3GAP2, SETD5, TBL1XR1, ATP9A, CDC42, ERLIN2, CSPP1, C2CD3, ZBTB18, GPT2, ZEB2, NEDD4L, PGAP1, COPB1, VPS41, RERE, TRIO, TMEM231, NSD1, YY1, HIVEP2, RALGAPA1, SLC1A2, NR2F1, EIF2AK2, DYRK1A, TBCK, DEAF1, ASH1L, TKT, HERC1, ACBD6, NFIX, ARID1A, POGZ, ATG7, STXBP1, WAC, UBE4B, KIF1A, EP300, CASK, SPEN, GLI2, SYNGAP1, DOCK7, GNAO1, CHKA, HUWE1, DPYD, OPHN1, PPP3CA, AHDC1, TCF4, TRRAP, PRDM16, PACS1, CREBBP, SATB2, EHMT1, ATP5F1A, FRA10AC1, ARID1B, DISP1, HNRNPH1, STAG2, ARL13B, STRADA, PLCH1, DYM, CTNNA2, WDR45, TOGARAM1, KDM5A, OCA2, USP7, SLC25A12, MECP2, ASPA, SLC39A14, MACF1, BCAS3, SKI, ZSWIM6, SETBP1, HNRNPC, SPTBN1, FGFR1, SNX14, MFF, KCNJ10, INTS8, KAT6A
HP:0007843	Attenuation of retinal blood vessels	75	0.028924026224450443	1.8220367467812069	1.993218679314852e-07	8.009468966449955e-06	5.096396276997613	0.0020504240554111886	INVS, DRAM2, NPHP4, KIAA1549, PCYT1A, NR2F1, ALMS1, USP45, RPE65, LZTFL1, NBAS, BBS9, ATXN7, BBS7, LCA5, EFEMP1, LRP5, IFT74, KLHL7, CRB1, IFT88, SCAPER, CTNNA1, TTLL5, DHX40, LAMA1, NPHP3, VPS13B, SDCCAG8, WDR19, AHI1, CERKL, CSPP1, ADGRA3, WHRN, P3H2, ATF6, IFT43, NPHP1, OAT, IFT172, CC2D2A, ADGRV1, JAG1, SCO2, DYNC2H1, RPGR, DTHD1, ADAM9, TTC8, MAK, OPA1, PGK1, CPLANE1, CEP78, TMEM67, P4HA2, BBS5, WDPCP, RAB28, SLC19A2, VWA8, TEAD1, IFT140, HK1, SPATA7, IFT81, BBS1, TRAF3IP1, CEP41, CHM, GDPD1, RPGRIP1L, ZNF644, CEP290
HP:0011461	Fetal onset	150	0.057848052448900886	1.8192550112899377	1.2971136842894845e-13	1.076081328248865e-11	10.968154904250536	1.3343408470285927e-09	MIA3, RSPRY1, SERPINH1, IGF1R, TCF12, BMPR1B, HDAC4, NBAS, ANKRD11, HERC2, BTRC, CSGALNACT1, DSE, PLS3, INTU, IFT80, VPS35L, CDC42, POR, STT3B, CCDC8, SEMA3A, LMBR1, XYLT1, MEGF10, EXT1, KIDINS220, TMEM231, DYNC2LI1, TMEM67, NSD1, ATR, SOS2, IFT81, PCYT1A, LIFR, ALMS1, NEK1, SOX2, IDS, GALNT3, RBPJ, SHOC2, SMAD4, SH3PXD2B, SPRED1, PPM1D, SPRED2, SOS1, NFIX, WDR35, STIM1, GLI3, CC2D2A, FBN1, EP300, TRPS1, SPECC1L, GLI2, NSD2, GALNS, DYNC2H1, HS2ST1, SETD2, IKBKB, CPLANE1, PPP1CB, HSPA9, TRIM37, NIPBL, SMAD2, PRKACB, IFT140, SULF1, KIAA0753, MTAP, SGMS2, CEP290, MAP3K20, CDC73, AFF3, RREB1, MAPK1, ZBTB16, FTO, ANTXR2, LEMD3, EVC2, KAT6B, NOTCH2, EFL1, NF1, SLC30A9, CREBBP, ANKH, MMP14, LPIN2, SATB2, EXOC6B, ARHGAP31, IFT43, FGFR2, STAT3, COL27A1, GNAS, NXN, SOX9, ACVR1, ARID1B, ROR2, KMT2A, TRAF3IP1, RPGRIP1L, PLCH1, GPC6, IFT122, TTC21B, DYM, RRAS2, TOGARAM1, CALM2, SLC35A3, PSAT1, PAPPA2, IFT52, LRP5, P4HA1, SYNE1, NSMCE2, PLOD2, PDE3A, NIN, HDAC8, WDR19, SKI, ZSWIM6, EXT2, IL6ST, TRIP11, IFT172, PLCB4, DDR2, LTBP1, TNFRSF11B, FGFR1, CLCN5, CHD7, BRAF, TAB2, ABCC9
HP:0000774	Narrow chest	140	0.05399151561897416	1.8143086953266698	9.553926237831062e-13	7.020088514897723e-11	10.153657411903058	9.828123920856813e-09	RSPRY1, SERPINH1, IGF1R, TCF12, BMPR1B, HDAC4, NBAS, ANKRD11, BTRC, CSGALNACT1, DSE, PLS3, INTU, IFT80, VPS35L, CDC42, POR, CCDC8, ZBTB20, SEMA3A, LMBR1, XYLT1, PIK3CA, EXT1, TMEM231, DYNC2LI1, TMEM67, NSD1, ATR, SOS2, IFT81, PCYT1A, LIFR, ALMS1, NEK1, SOX2, IDS, GALNT3, RBPJ, SHOC2, SMAD4, SH3PXD2B, SPRED1, PPM1D, SPRED2, SOS1, NFIX, WDR35, STIM1, GLI3, CC2D2A, FBN1, EP300, TRPS1, SPECC1L, GLI2, NSD2, GALNS, DYNC2H1, HS2ST1, SETD2, IKBKB, CPLANE1, PPP1CB, HSPA9, TRIM37, NIPBL, SMAD2, PRKACB, IFT140, SULF1, KIAA0753, MTAP, SGMS2, MAP3K20, CEP290, CDC73, AFF3, RREB1, MAPK1, ZBTB16, ANTXR2, LEMD3, EVC2, KAT6B, NOTCH2, EFL1, NF1, CREBBP, ANKH, MMP14, LPIN2, SATB2, EXOC6B, ARHGAP31, IFT43, FGFR2, STAT3, COL27A1, GNAS, NXN, SOX9, ACVR1, ARID1B, ROR2, KMT2A, TRAF3IP1, RPGRIP1L, TTC21B, IFT122, DYM, GPC6, RRAS2, PSAT1, PAPPA2, IFT52, LRP5, NSMCE2, PLOD2, PDE3A, NIN, HDAC8, WDR19, SKI, ZSWIM6, EXT2, IL6ST, TRIP11, IFT172, NEB, PLCB4, DDR2, LTBP1, TNFRSF11B, FGFR1, CLCN5, BRAF, TAB2, ABCC9, KAT6A
HP:0001249	Intellectual disability	442	0.1704589278827613	1.8108733653723568	1.8422030599354474e-39	9.475371438777974e-36	35.023403756489195	1.8950742877555948e-35	PRRT2, IGF1R, NDE1, BMPR1B, UBA5, ANKRD11, EFEMP1, KLHL7, SETD5, DSE, INTU, MTR, SIN3A, FBXW11, ZBTB20, ZBTB18, ACAT1, RSRC1, KCNN2, SCLT1, VPS41, CCDC88C, ZNF592, GNAQ, FOXP2, FASTKD2, NR2F1, EIF2AK2, SON, SMAD4, CHD1, MYO9A, HERC1, SOS1, AHI1, ARID1A, STIM1, UBE4B, GLI2, NSD2, DYNC2H1, HS2ST1, SETD2, PLA2G6, EYA1, PPP1CB, GNAO1, HSPA9, VPS53, WDPCP, GPI, FMN2, PC, SGMS2, DPYD, SMCHD1, AFF3, DDB1, MAPK1, AASS, ANTXR2, LEMD3, FOXP1, USP45, PPP3CA, KAT6B, CRLF1, MMP14, LPIN2, GBE1, ATP5F1A, ARMC9, FGFR2, TNRC6B, ARNT2, PHF21A, USP8, GTF2IRD1, ROR2, STAG2, KMT2A, SPATA7, RPGRIP1L, PLCH1, TTC21B, GPC6, SCAF4, DEPDC5, WWOX, SLC35A3, CEP57, PSAT1, USP7, PAPPA2, P4HA1, NSMCE2, ZMYM2, VWA3B, KANK1, YAP1, SETBP1, PAK2, UBAP2L, SCO2, ALDH3A2, JMJD1C, FGFR1, ANO10, SNX14, CHD7, PRKRA, EFHC1, AGO2, KAT6A, RSPRY1, SLC4A4, HDAC4, THOC2, TGIF1, TBCD, USF3, HERC2, RAB3GAP1, CHD6, PLS3, MTRR, ITPR1, APTX, POR, CCDC8, SEMA3A, PIK3CA, MED12L, GLUD1, NEDD4L, MEGF10, CDH2, PRORP, HIVEP2, MBD5, ALMS1, NFIA, GALNT3, ZNF292, BTD, RBPJ, DNAJC6, SDCCAG8, SPRED2, RB1, STXBP1, WDFY3, LYST, CELF2, CPLANE1, PGK1, PARN, ARFGEF2, KIAA0753, HUWE1, MAP3K20, ZBTB16, CERT1, KMT2C, AFF4, TCF4, TRRAP, RUSC2, CREBBP, TCTN1, ARHGAP31, MEIS2, SMOC1, CIT, RORA, OPA1, FRA10AC1, NXN, ZBTB7A, DISP1, HNRNPH1, KCNN3, ARL13B, STRADA, DIP2B, UBR1, DYM, NEMF, KDM5A, CTNNB1, IFT52, SLC39A14, NRCAM, ZC3H14, ZSWIM6, EXT2, TRIP11, NSUN6, IFT172, GNB1, TUSC3, NFIB, PHACTR1, COLQ, TNFRSF11B, KCNJ10, CRADD, CDK13, RFX7, NTRK2, TCF12, HNRNPU, NBAS, GAN, BTRC, CSGALNACT1, RAD50, IFT80, VPS35L, CDC42, BMPR1A, TENM3, LMBR1, XYLT1, KDM4B, EXT1, ASPH, PGAP1, MID1, AKT3, RERE, TRIO, TMEM231, DYNC2LI1, BBS5, NSD1, FBXW7, YY1, HK1, SORL1, ATR, SOS2, BBS1, SLC1A2, SCAPER, PCYT1A, TRAPPC9, LIFR, DYRK1A, DEAF1, SOX2, IDS, ASH1L, LYRM7, IFT74, SH3PXD2B, SPRED1, SOX6, SLC1A3, PAFAH1B1, ZMIZ1, PCCA, COX10, WAC, RASA2, EP300, KIF1A, TRPS1, SPECC1L, FRYL, ST3GAL3, SYNGAP1, DDX6, PRKACB, SULF1, IFT140, CEP41, OPHN1, HADH, AUTS2, AHDC1, EVC2, PDCD6IP, PRDM16, PSPH, FOS, IMPA1, PACS1, VPS13B, SATB2, EHMT1, IFT43, ANTXR1, MPDZ, GCLC, HNRNPA2B1, TLK2, STAT3, COL27A1, GNAS, MAPK10, ACVR1, APP, CTNND2, IFT122, RRAS2, WDR45, RPE65, MECP2, SYNE1, PLOD2, CLIP2, CHD2, NIN, LGI1, IL6ST, NPHP1, CUX1, PLCB4, DDR2, ATP2A2, BPTF, AQP4, SACS, TAOK1, PDHX, BRAF, TAB2, B9D1, SMARCA2, LAMA2, SERPINH1, PIBF1, USP9X, ADNP, ARID2, BBS7, NT5C2, DYNC1H1, RAB3GAP2, DIS3L2, FUT8, TBL1XR1, ERLIN2, RBMX, STT3B, CSPP1, COG5, CAMTA1, GPT2, ZEB2, ZNF148, LAMP2, KIDINS220, TTC8, TMEM67, SOX5, CDH11, GPHN, ARL6IP1, IFT81, ATRX, NEK1, BBS9, MCPH1, PUM1, SHOC2, CRB1, SPOP, TKT, MAPRE2, PPM1D, CACNB4, WDR35, NFIX, POGZ, CC2D2A, GLI3, FBN1, CASK, SPEN, PHIP, ASXL2, FBXO11, GALNS, KANSL1, SYNE2, TRIP12, DOCK7, IKBKB, TG, TRIM37, NIPBL, SMAD2, STAG1, PLAAT3, MTAP, CDC73, CEP290, RREB1, NOTCH2, LZTFL1, EFL1, NF1, FBXO31, ANKH, VAMP2, EXOC6B, WASHC4, JARID2, SOX9, ARID1B, GRIN2A, TRAF3IP1, CNOT1, LCA5, CHD4, PTEN, EDEM3, TOGARAM1, BAZ1B, CEP83, LRP5, GATM, BRWD3, PDE3A, POLA1, HDAC8, DPP6, WDR19, SKI, TSEN15, SPTBN1, LTBP1, TANC2, GTF2I, CLCN5, FANCL, TRAK1, ABCC9, B3GLCT, C2CD3
HP:0000272	Malar flattening	64	0.024681835711531045	1.8029118220632199	2.009415461372135e-06	6.822064967371337e-05	4.166084149068679	0.02067085685113515	RFX7, MIA3, RSPRY1, SERPINH1, MAPK1, LIFR, RREB1, ATRX, NEK1, PRKG1, FOXP1, TRIM33, NOTCH2, HDAC4, NBAS, ARIH1, BBS7, P4HA1, LRP5, MECP2, SMAD4, CHD6, RAB3GAP1, LTBP4, CSGALNACT1, PLOD2, RAB3GAP2, PLS3, HEY2, NF1, TBL1XR1, HERC1, POR, ZBTB20, SKI, SATB2, POGZ, EHMT1, P3H2, LARP7, XYLT1, SETBP1, FBN1, JAG1, FGFR2, DDR2, GLI2, ASPH, SETD2, RPL17, APC, JMJD1C, FGFR1, YY1, CHD7, ARID1B, SMAD2, STAG2, HNRNPH1, CDH11, ROR2, SGMS2, GPC6, MBD5
HP:0001133	Constriction of peripheral visual field	74	0.02853837254145777	1.7868143950805124	5.482050218267082e-07	2.080953896506032e-05	4.681737541467769	0.005639385059531347	INVS, DRAM2, NPHP4, KIAA1549, PCYT1A, NR2F1, ALMS1, USP45, RPE65, LZTFL1, NBAS, BBS9, ATXN7, BBS7, LCA5, EFEMP1, LRP5, IFT74, KLHL7, CRB1, SCAPER, CTNNA1, TTLL5, DHX40, LAMA1, NPHP3, VPS13B, SDCCAG8, WDR19, AHI1, CERKL, CSPP1, ADGRA3, WHRN, P3H2, ATF6, IFT43, NPHP1, OAT, IFT172, CC2D2A, ADGRV1, JAG1, SCO2, DYNC2H1, RPGR, DTHD1, ADAM9, TTC8, MAK, OPA1, PGK1, CPLANE1, CEP78, TMEM67, P4HA2, BBS5, WDPCP, RAB28, SLC19A2, VWA8, TEAD1, IFT140, HK1, SPATA7, IFT81, BBS1, TRAF3IP1, CEP41, CHM, GDPD1, RPGRIP1L, ZNF644, CEP290
HP:0001762	Talipes equinovarus	89	0.03432317778634786	1.7854119677297464	3.7723951522532615e-08	1.6872447361404044e-06	5.772821918094703	0.000388066289312293	SMARCA2, B9D1, NDE1, MUSK, BMPR1B, EFEMP1, GAN, BBS7, NT5C2, CSGALNACT1, RAB3GAP2, DSE, POR, XYLT1, ZNF148, NEDD4L, MEGF10, SCLT1, ASPH, KIDINS220, SBF2, TRIM2, GDAP1, TTC8, BBS5, NSD1, HK1, NELFA, MED13L, BBS1, SCAPER, LIFR, ATRX, BBS9, IFT74, DST, SH3PXD2B, MYO9A, SDCCAG8, ACBD6, TTN, STXBP1, GLI3, CC2D2A, KIF1A, FBN1, EP300, NSD2, DYNC2H1, WDPCP, SMAD2, MAP3K20, CEP290, RREB1, PPP3CA, EVC2, AHDC1, KAT6B, LZTFL1, RUSC2, CREBBP, CRLF1, SATB2, EHMT1, ARHGAP31, REV3L, SMOC1, GBE1, SOX9, USP8, DYM, EDEM3, CHN1, P4HA1, SYNE1, PLOD2, SKI, ZSWIM6, IL6ST, TRIP11, NPHP1, SETBP1, IFT172, SPTBN1, COLQ, JMJD1C, CCN2, SNX14, JPH1
HP:0002015	Dysphagia	117	0.04512148091014269	1.7805697035786001	3.063525338621655e-10	1.842952348444501e-08	7.734485893796199	3.1514485158400965e-06	LAMA2, NDE1, MUSK, ADNP, TGIF1, TBCD, ANKRD11, EIF4G1, KLHL7, TTBK2, PPARGC1A, DNAJB6, ITPR1, ERLIN2, APTX, SLC44A1, CSPP1, COL4A5, ZEB2, MEGF10, ADD3, EXT1, MID1, RERE, ASCC1, TRIO, GFPT1, GNAQ, FOXP2, VPS13A, LIFR, NEK1, SNCAIP, DYRK1A, SON, MYO9A, SLC1A3, ATG7, STXBP1, WAC, UBE4B, CASK, SPEN, JAG1, VPS13C, GLI2, PLA2G6, GNAO1, MAP3K20, CDC73, ALS2, AASS, GIGYF2, AHDC1, KAT6B, NDUFA9, GDAP2, ATXN1, ERBB4, MRPS28, PRDM16, AOPEP, NF1, PSAP, CRLF1, SATB2, REV3L, CHMP2B, ATP5F1A, HNRNPA2B1, FGFR2, ATXN10, CAPRIN1, NDUFS1, STAT3, OPA1, SOX9, SPART, DISP1, APP, STAG2, KMT2A, PLCH1, COL4A6, OCA2, CTNNB1, ATXN7, SDHA, MECP2, ZMYM2, SLC20A2, MACF1, TARDBP, SKI, PRNP, EXT2, IL6ST, ANXA11, ATXN3, XPR1, SETBP1, NEB, GNB1, COLQ, AQP4, SACS, FGFR1, ATXN2, CCN2, CHD7, BRAF, MFF, GFAP, DNAJC13, PRKRA, TTC19, KAT6A
HP:0000175	Cleft palate	207	0.07983031237948322	1.7662992531739796	5.0057172450639825e-17	1.0727877770827746e-14	13.969486183306852	5.149381329997319e-13	B9D1, RSPRY1, SERPINH1, IGF1R, MUSK, TCF12, BMPR1B, USP9X, HDAC4, NBAS, TGIF1, ARID2, ANKRD11, BTRC, CSGALNACT1, SETD5, DSE, PLS3, INTU, IFT80, VPS35L, CDC42, POR, CCDC8, CSPP1, SEMA3A, LMBR1, XYLT1, ZEB2, NEDD4L, TBC1D32, MEGF10, EXT1, MID1, TMEM231, DYNC2LI1, ASXL1, TMEM67, NSD1, ATR, NELFA, CDH11, SOS2, IFT81, DLG1, PCYT1A, LIFR, ALMS1, NEK1, DEAF1, IDS, SOX2, GALNT3, SON, RBPJ, SHOC2, SMAD4, DLG5, SH3PXD2B, MAPRE2, SPRED1, PPM1D, SPRED2, ACBD6, SOS1, AHI1, NFIX, WDR35, ARID1A, POGZ, P3H2, RB1, STIM1, GLI3, CC2D2A, FBN1, EP300, CASK, TRPS1, SPECC1L, GLI2, NSD2, FBXO11, GALNS, DYNC2H1, KANSL1, HS2ST1, ANKRD17, SETD2, EYA1, IKBKB, PPP1CB, CPLANE1, TXNL4A, GNAO1, HSPA9, TRIM37, NIPBL, SMAD2, PRKACB, IFT140, SULF1, KIAA0753, CEP41, MTAP, SGMS2, CEP290, MAP3K20, CDC73, SMCHD1, AFF3, RREB1, MAPK1, ZBTB16, FTO, ANTXR2, LEMD3, PPP3CA, EVC2, AHDC1, KAT6B, NOTCH2, COBLL1, EFL1, TRRAP, NF1, CREBBP, ANKH, MMP14, TCTN1, LPIN2, SATB2, SEPTIN9, EXOC6B, ARHGAP31, IFT43, REV3L, MEIS2, SMOC1, FGFR2, ARNT2, STAT3, COL27A1, RPL17, GNAS, NXN, SOX9, JARID2, ACVR1, ARID1B, DISP1, STAG2, KCNN3, ROR2, KMT2A, TRAF3IP1, RPGRIP1L, PLCH1, TTC21B, IFT122, RPS28, DYM, GPC6, RRAS2, EDEM3, PGM1, KAT6A, CHN1, CEP57, CTNNB1, PSAT1, PAPPA2, IFT52, LRP5, P4HA1, NSMCE2, PLOD2, PDE3A, NIN, HDAC8, GREB1L, WDR19, SKI, ZSWIM6, EXT2, YAP1, IL6ST, TRIP11, NPHP1, IFT172, NEB, GNB1, PLCB4, DDR2, LTBP1, TNFRSF11B, JMJD1C, FGFR1, CLCN5, FANCL, CCN2, CHD7, BRAF, TAB2, ABCC9, B3GLCT, C2CD3
HP:0007663	Reduced visual acuity	100	0.03856536829926726	1.7614368549813886	9.958796061712135e-09	4.85526706572667e-07	6.313786876573395	0.00010244613508683274	DRAM2, NBAS, EFEMP1, BBS7, KLHL7, AGBL1, LAMA1, NPHP3, ITPR1, CDC42, CSPP1, CERKL, TENM3, ADGRA3, ATF6, XYLT1, OAT, SCLT1, ASPH, KIDINS220, DTHD1, TTC8, TMEM67, BBS5, HK1, IFT81, BBS1, MAK, GDPD1, SCAPER, INVS, KIAA1549, PCYT1A, ALMS1, NR2F1, BBS9, IFT74, IFT88, CRB1, SDCCAG8, SLC1A3, AHI1, P3H2, CC2D2A, FBN1, JAG1, LYST, DYNC2H1, CPLANE1, PGK1, CEP78, WDPCP, IFT140, CEP41, CHM, CEP290, USP45, LZTFL1, TCF4, CTNNA1, TTLL5, PSAP, VPS13B, WHRN, IFT43, ARMC9, RPGR, ADAM9, OPA1, VWA8, SLC19A2, TEAD1, SPATA7, TRAF3IP1, RPGRIP1L, LCA5, NPHP4, WDR45, AP3B1, RPE65, OCA2, CTNNB1, ATXN7, SDHA, LRP5, SLC39A14, ZEB1, DHX40, WDR19, MARK3, TSEN15, NPHP1, IFT172, ADGRV1, SCO2, ALDH3A2, TRIM44, P4HA2, RAB28, ZNF644
HP:0002827	Hip dislocation	155	0.05977632086386425	1.7590463335353423	8.391460535444033e-13	6.21028449842538e-11	10.206888503967365	8.632295452811277e-09	RSPRY1, SERPINH1, IGF1R, TCF12, BMPR1B, USP9X, HDAC4, NBAS, TGIF1, ANKRD11, BTRC, CSGALNACT1, DSE, PLS3, INTU, IFT80, FUT8, VPS35L, CDC42, POR, CCDC8, SEMA3A, LMBR1, XYLT1, EXT1, TMEM231, APC, DYNC2LI1, TMEM67, NSD1, UBA2, ATR, HK1, GPHN, SOS2, IFT81, PCYT1A, LIFR, ALMS1, NEK1, SOX2, IDS, GALNT3, RBPJ, SHOC2, SMAD4, SH3PXD2B, SPRED1, PPM1D, SPRED2, SOS1, NFIX, WDR35, STIM1, GLI3, CC2D2A, FBN1, EP300, TRPS1, SPECC1L, GLI2, NSD2, GALNS, DYNC2H1, KANSL1, HS2ST1, SETD2, IKBKB, CPLANE1, PPP1CB, HSPA9, TRIM37, NIPBL, SMAD2, PRKACB, IFT140, SULF1, KIAA0753, MTAP, SGMS2, CEP290, MAP3K20, CDC73, AFF3, RREB1, MAPK1, ZBTB16, ANTXR2, LEMD3, EVC2, KAT6B, NOTCH2, EFL1, NF1, CREBBP, ANKH, MMP14, LPIN2, SATB2, EXOC6B, ARHGAP31, IFT43, SMOC1, FGFR2, ARNT2, STAT3, COL27A1, GNAS, NXN, SOX9, ACVR1, ARID1B, DISP1, HNRNPH1, STAG2, ROR2, KMT2A, TRAF3IP1, RPGRIP1L, PLCH1, GPC6, IFT122, TTC21B, DYM, RRAS2, SLC35A3, PSAT1, PAPPA2, IFT52, LRP5, P4HA1, NSMCE2, PLOD2, PDE3A, NIN, MACF1, HDAC8, WDR19, SKI, ZSWIM6, EXT2, IL6ST, TRIP11, IFT172, NEB, PLCB4, DDR2, LTBP1, TNFRSF11B, FGFR1, CLCN5, FANCL, BRAF, TAB2, ABCC9
HP:0004322	Short stature	295	0.1137678364828384	1.7554334559625382	1.2645542087570138e-23	8.130293215927126e-21	20.089893791458472	1.3008469145483402e-19	SMARCA2, RSPRY1, CDK5RAP2, SERPINH1, NTRK2, IGF1R, NDE1, MRE11, SLC4A4, USP9X, BMPR1B, HNRNPU, UBA5, ADNP, HDAC4, THOC2, NBAS, TGIF1, ARID2, ANKRD11, BBS7, USF3, HERC2, CDK13, RAB3GAP1, CSGALNACT1, RAB3GAP2, RAD50, GRIN2A, INTU, JAK1, IFT80, FUT8, VPS35L, TBL1XR1, SIN3A, MTR, ITPR1, NPHP3, WRN, CCDC8, BMPR1A, ZBTB20, CSPP1, COG5, CAMTA1, ZBTB18, LMBR1, XYLT1, OGDH, PIK3CA, ZEB2, TBC1D32, ZNF148, SCLT1, EXT1, PGAP1, MID1, SAMHD1, RERE, TMEM231, TTC8, DYNC2LI1, ASXL1, TMEM67, BBS5, NSD1, HK1, ATR, RSPH4A, SOS2, ZNF407, MED13L, BBS1, STX16, SLC1A2, MBD5, INVS, SCAPER, PCYT1A, LIFR, ATRX, ALMS1, NR2F1, NEK1, DYRK1A, DEAF1, IDS, BBS9, SOX2, SON, MCPH1, PUM1, SLC25A36, IFT74, SHOC2, SPIDR, SMAD4, SPRED1, MAPRE2, SDCCAG8, PPM1D, SPRED2, PBX1, MTX2, SOS1, PCCA, NFIX, WDR35, ARID1A, GTF2E2, P3H2, TTN, RB1, POGZ, STIM1, UBE4B, GLI3, KIF1A, FBN1, EP300, RASA2, CASK, RPS27, SPECC1L, RNF216, FRYL, TRPS1, SPEN, NSD2, FBXO11, GLI2, DYNC2H1, ATM, KANSL1, ANKRD17, SETD2, SYNGAP1, CELF2, EYA1, ITCH, PPP1CB, CPLANE1, PARN, TXNL4A, KCNMA1, MYO5B, TRIM37, VPS53, NIPBL, WDPCP, CHKA, SMAD2, STAG1, IFT140, PLAAT3, KIAA0753, SREBF1, HUWE1, CEP290, PREPL, CAMK2G, RREB1, ALS2, MAPK1, AASS, IFT57, AUTS2, AFF3, LEMD3, PPP3CA, AHDC1, KMT2C, KAT6B, NOTCH2, LZTFL1, PDCD6IP, AFF4, MDM2, EFL1, TRRAP, PRDM16, RPS24, NF1, VPS13B, CREBBP, ANKH, SATB2, SEPTIN9, EXOC6B, EHMT1, IFT43, ANTXR1, MEIS2, WASHC4, SMOC1, ATP5F1A, HNRNPA2B1, FGFR2, CIT, TLK2, ARNT2, RPL9, STAT3, COL27A1, RPL17, PIK3C2A, GNAS, FRA10AC1, NXN, SOX9, SHPK, SPART, SLC19A2, DISP1, HNRNPH1, STAG2, GTF2IRD1, ARID1B, KMT2A, CTNND2, UBR1, CNOT1, TRAF3IP1, PLCH1, ROR2, TTC21B, DYM, RPS28, GPC6, NPHP4, COG7, CTNNA2, RRAS2, CHD4, PTEN, PGM1, TOGARAM1, WWOX, BAZ1B, CEP57, OCA2, USP7, PHKB, PAPPA2, RSPH9, IFT52, DHX9, LRP5, GATM, SDHA, MECP2, P4HA1, PLOD2, CLIP2, PDE3A, ZMYM2, NIN, NRCAM, POLA1, MACF1, HDAC8, BCAS3, DPP6, WDR19, SKI, EXT2, IL6ST, TRIP11, NPHP1, IFT172, CUX1, FLCN, KCTD1, RIN2, UBAP2L, BPTF, FXR1, LTBP1, ALDH3A2, TNFRSF11B, GTF2I, JMJD1C, FGFR1, CLCN5, FANCL, TAOK1, CCN2, CHD7, TRAK1, BRAF, KCNJ10, INTS8, B3GLCT, KAT6A
HP:0000821	Hypothyroidism	73	0.028152718858465098	1.7520176911345091	1.4431641478442139e-06	5.0668360371581666e-05	4.29526314925375	0.014845829588873429	RREB1, DDB1, LIFR, DNAH1, PTEN, ALMS1, SGPL1, FOXP1, AFF4, BAZ1B, DYRK1A, HDAC4, CEP57, BBS9, LZTFL1, DEAF1, TGIF1, BBS7, SLC25A36, CBLB, ASH1L, IFT74, CHD6, SCAPER, PRDM16, SPOP, CLIP2, JAK1, FUT8, SDCCAG8, ZBTB20, SKI, EXT2, IL6ST, NPHP1, PIK3CA, TBCK, UBE4B, IFT172, FBN1, ATP5F1A, FLCN, SPEN, GLI2, SCLT1, LRBA, KAT6B, KANSL1, RERE, SAMHD1, STAT3, PIK3C2A, GTF2I, APC, OPA1, ITCH, JMJD1C, GNAS, FGFR1, TTC8, PHF21A, BBS5, YY1, NSD1, WDPCP, CHD7, DISP1, GTF2IRD1, KCNJ10, UBR1, BBS1, PLAAT3, CEP290
HP:0000543	Optic disc pallor	91	0.0350944851523332	1.7419549389226787	8.213286306223248e-08	3.5204198430049393e-06	5.453405539752758	0.0008449007623211856	DRAM2, NBAS, EFEMP1, BBS7, KLHL7, LAMA1, NPHP3, CSPP1, CERKL, ADGRA3, ATF6, OAT, NEDD4L, VPS41, DTHD1, TTC8, PRORP, TMEM67, BBS5, HK1, IFT81, BBS1, MAK, GDPD1, SCAPER, INVS, KIAA1549, PCYT1A, ALMS1, NR2F1, DYRK1A, BBS9, IFT74, IFT88, CRB1, LYRM7, SDCCAG8, AHI1, NFIX, P3H2, CC2D2A, CASK, JAG1, DYNC2H1, CPLANE1, PGK1, CEP78, WDPCP, IFT140, CEP41, CHM, CEP290, USP45, LZTFL1, ATXN1, CTNNA1, TTLL5, VPS13B, WHRN, IFT43, RPGR, NDUFS1, ADAM9, OPA1, VWA8, SLC19A2, HNRNPH1, TEAD1, ARL13B, SPATA7, TRAF3IP1, RPGRIP1L, LCA5, NPHP4, RPE65, ATXN7, LRP5, NUBPL, TASP1, DHX40, NDUFAF5, WDR19, NPHP1, IFT172, ADGRV1, SCO2, P4HA2, RAB28, MFF, ZNF644, NDUFA13
HP:0002750	Delayed skeletal maturation	77	0.029695333590435788	1.737767547242576	9.093466659023538e-07	3.340874697191969e-05	4.476139812700267	0.009354449152137513	SMARCA2, RSPRY1, IGF1R, BMPR1B, LGR4, NBAS, ARID2, ANKRD11, SIN3A, CCDC8, SEMA3A, ZEB2, EXT1, DYNC2LI1, TMEM67, NSD1, ATR, NELFA, SOS2, FOXP2, ATRX, NR2F1, TBCK, SHOC2, SMAD4, SPIDR, SPRED2, SOS1, ARID1A, GTF2E2, RASA2, FBN1, EP300, TRPS1, GLI2, NSD2, FBXO11, ANKRD17, EYA1, ITCH, PPP1CB, NIPBL, PRKACB, HUWE1, IFT57, EVC2, EFL1, RNF13, CREBBP, LPIN2, ESR1, ANTXR1, PIK3C2A, SOX9, ACVR1, ARID1B, GTF2IRD1, ROR2, KMT2A, UBR1, THRA, RRAS2, PTEN, WWOX, BAZ1B, CEP57, MECP2, CLIP2, NIN, POLA1, HDAC8, DPP6, GTF2I, FGFR1, CHD7, BRAF, ABCC9
HP:0001252	Hypotonia	394	0.151947551099113	1.7359775957241426	1.130065679644656e-30	1.6607122352149396e-27	26.779705614680026	1.1624985646504576e-26	PRRT2, IGF1R, BMPR1B, ANKRD11, EFEMP1, SETD5, DSE, INTU, GALC, MTR, SIN3A, ZBTB20, ZBTB18, ACAT1, RSRC1, TRIM2, VPS41, ZNF592, MPC1, FASTKD2, NR2F1, EIF2AK2, SON, HSPD1, SMAD4, DST, CHD1, MYO9A, HERC1, ACBD6, SOS1, AHI1, ARID1A, STIM1, UBE4B, GLI2, NSD2, DYNC2H1, HS2ST1, SETD2, PLA2G6, PPP1CB, HSPA9, PC, SGMS2, DPYD, AFF3, DDB1, MAPK1, AASS, ANTXR2, LEMD3, FOXP1, USP45, PPP3CA, KAT6B, ATXN1, MMP14, LPIN2, REV3L, GBE1, ATP5F1A, ARMC9, FGFR2, TNRC6B, GTF2IRD1, ROR2, KMT2A, SPATA7, RPGRIP1L, ZNF462, TTC21B, GPC6, SCAF4, CTNNA2, NUP214, CEP57, PSAT1, USP7, SLC25A12, PHKB, PAPPA2, NSMCE2, NUBPL, ZMYM2, GLUL, KANK1, NDUFAF5, MACF1, SETBP1, UBAP2L, SCO2, ALDH3A2, ADK, JMJD1C, FGFR1, SNX14, CHD7, AGO2, KAT6A, RSPRY1, MRE11, MUSK, HDAC4, THOC2, TBCD, RAB3GAP1, PLS3, MTRR, ITPR1, APTX, POR, CCDC8, SEMA3A, PIK3CA, NEDD4L, MEGF10, HIVEP2, NBEA, MBD5, ALMS1, MED13, NFIA, PNPLA8, GALNT3, ZNF292, BTD, RBPJ, SPRED2, RB1, STXBP1, ATM, CELF2, CPLANE1, DMD, HEXA, ARFGEF2, KIAA0753, MAP3K20, ZBTB16, KMT2C, CD59, TCF4, LTBP4, TRRAP, RUSC2, CREBBP, MIPEP, TCTN1, ARHGAP31, FRA10AC1, NXN, ZBTB7A, HNRNPH1, MICU1, ARL13B, STRADA, ELP1, UBR1, DYM, KDM5A, CTNNB1, IFT52, SLC39A14, NRCAM, ZSWIM6, EXT2, TRIP11, IFT172, GNB1, RIN2, NFIB, PHACTR1, COLQ, TNFRSF11B, ATXN2, KCNJ10, CDK13, RFX7, NTRK2, TCF12, HNRNPU, NBAS, BTRC, HIBCH, CSGALNACT1, IFT80, VPS35L, CDC42, BMPR1A, LMBR1, XYLT1, KDM4B, EXT1, ASPH, PGAP1, RERE, TRIO, TMEM231, DYNC2LI1, ASXL1, NSD1, FBXW7, YY1, ATR, YWHAE, SOS2, PPA2, PCYT1A, TRAPPC9, VPS13A, LIFR, DEAF1, SOX2, IDS, HADHB, ASH1L, IFT74, SFXN4, SH3PXD2B, SPRED1, DLAT, SLC1A3, PAFAH1B1, ZMIZ1, COX10, RASA2, EP300, KIF1A, TRPS1, SPECC1L, FRYL, ST3GAL3, SYNGAP1, DDX6, PRKACB, SULF1, IFT140, CEP41, TMEM163, PREPL, OPHN1, HADH, AHDC1, EVC2, PRDM16, PSAP, VPS13B, SATB2, EHMT1, IFT43, MPDZ, STAT3, COL27A1, GNAS, ACVR1, CTNND2, IFT122, RRAS2, NRXN1, RPE65, OCA2, SRRM2, MECP2, ASPA, SYNE1, PLOD2, CLIP2, CHD2, NIN, ZMYND11, IL6ST, NPHP1, HNRNPC, CUX1, ADGRV1, PLCB4, DDR2, TAOK1, BRAF, MFF, GFAP, TAB2, B9D1, SMARCA2, LAMA2, SERPINH1, CUBN, PIBF1, USP9X, ADNP, DYNC1H1, RAB3GAP2, DIS3L2, LAMA1, TBL1XR1, FUT8, ATP9A, STT3B, CSPP1, COG5, OGDH, GPT2, ZEB2, TMEM67, GFPT1, SOX5, NELFA, ZNF407, IFT81, MED13L, RALGAPA1, ATRX, NEK1, TBCK, PUM1, SHOC2, CRB1, TKT, MAPRE2, PPM1D, WDR35, NFIX, POGZ, CC2D2A, GLI3, FBN1, CASK, RNF216, PHIP, JAG1, ASXL2, SPEN, FBXO11, GALNS, DOCK11, KANSL1, SYNE2, TRIP12, WNK1, DOCK7, IKBKB, ITCH, KCNMA1, TG, TRIM37, NIPBL, SMAD2, STAG1, MTAP, CDC73, CEP290, RREB1, NOTCH2, UBE3C, EFL1, PPP2CA, RETREG1, NF1, ANKH, EXOC6B, WASHC4, NPAT, NDUFS1, JARID2, SOX9, ARID1B, GRIN2A, TRAF3IP1, LCA5, NADK2, COG7, CHD4, PTEN, EDEM3, TOGARAM1, PGM1, BAZ1B, LRP5, BRWD3, PDE3A, POLA1, HDAC8, BCAS3, WDR19, SKI, TSEN15, SPTBN1, LTBP1, GTF2I, CLCN5, ABCC9, NDUFA10, C2CD3
HP:0001290	Generalized hypotonia	151	0.05823370613189356	1.7359712194079242	5.161269569511054e-12	3.5874310852405547e-10	9.445216433000033	5.3093980061560216e-08	RSPRY1, SERPINH1, NTRK2, MRE11, SGPL1, MUSK, USP9X, HNRNPU, UBA5, TGIF1, ARID2, EFEMP1, GAN, HERC2, LAMA1, ITPR1, CDC42, FBXW11, STT3B, PRKD1, BMPR1A, CSPP1, ZBTB18, PIK3CA, ADAM22, MED12L, ZEB2, ASPH, ASCC1, TMEM231, APC, TMEM67, GFPT1, MPC1, GPHN, SOX5, IFT81, MED13L, SLC1A2, LIFR, FASTKD2, DYRK1A, TBCK, SOX2, SHOC2, LYRM7, DST, MAPRE2, CHD1, PBX1, MTX2, GTF2E2, POGZ, TTN, COX10, WAC, KIF1A, FBN1, EP300, TRPS1, GLI2, NSD2, KANSL1, WNK1, SETD2, SYNGAP1, CELF2, PLA2G6, ITCH, CPLANE1, PPP1CB, KCNMA1, GNAO1, HEXA, SMAD2, ARFGEF2, FMN2, KIAA0753, CEP41, HUWE1, CEP290, CAMK2G, OPHN1, MAPK1, HADH, AUTS2, FOXP1, CNOT2, PPP3CA, KAT6B, CD59, KMT2C, ATXN1, MRPS28, KMT2E, RNF13, RETREG1, PSAP, PACS1, ARHGAP31, ATXN10, TLK2, NDUFS1, RORA, PHF21A, SPART, DISP1, STAG2, ARL13B, KCNN3, ELP1, STRADA, UBR1, CNOT1, RPGRIP1L, PLCH1, ZNF462, NEMF, COG7, NRXN1, PTEN, TOGARAM1, NUP214, WWOX, KAT6A, SLC35A3, USP7, SDHA, SYNE1, TASP1, GLUL, NDUFAF5, HDAC8, SKI, PRNP, NPHP1, NEB, GNB1, FLCN, PLCB4, SCO2, BPTF, TANC2, COLQ, ATXN2, PAK1, BRAF, TRAK1, GFAP, KCNJ10, C2CD3
HP:0001761	Pes cavus	73	0.028152718858465098	1.7310980769120077	2.5415983157742418e-06	8.488773335834294e-05	4.071155062637978	0.026145421874369624	ALS2, RSPRY1, IFRD1, VPS13A, PRKG1, MRE11, EIF2AK2, AHDC1, USP9X, IDS, HADHB, LITAF, ARIH1, GAN, HSPD1, MECP2, DNAJC6, SMAD4, SYNE1, DYNC1H1, DCAF8, ATL1, HSPB8, HEY2, RUSC2, NF1, GALC, NRCAM, HDAC8, MYO9A, UBAP1, ERLIN2, APTX, ZBTB20, NFIX, GTF2E2, SEMA3A, TTN, ATG7, GNB4, SETBP1, FBN1, GBF1, NEB, SPEN, BAG3, JAG1, SCO2, LAMP2, TRIM2, SBF2, KANSL1, GDAP1, VPS41, COL27A1, VPS13D, RAB7A, SACS, OPA1, BSCL2, FGFR1, ANO10, NSD1, KIF1B, SPART, CHD7, SMAD2, HK1, KCNN3, GRIN2A, PLAAT3, B3GLCT, MAP3K20
HP:0001371	Flexion contracture	79	0.030466640956421133	1.724127299619008	9.168408576453162e-07	3.3564206059065365e-05	4.474123621330094	0.009431541902597368	SMARCA2, LAMA2, MUSK, TGIF1, NT5C2, RAB3GAP2, DNAJB6, CDC42, POR, ERLIN2, BMPR1A, ZBTB20, PIK3CA, GPT2, ZEB2, GDAP1, SAMHD1, ASCC1, ASXL1, NSD1, GFPT1, SLC1A2, PRKG1, LIFR, ATRX, IDS, ARIH1, SON, HSPD1, SMAD4, DST, HEY2, EXOC2, MTX2, STIM1, KIF1A, FBN1, EP300, JAG1, GLI2, ATM, PLA2G6, VPS53, DMD, SMAD2, KIAA0753, HUWE1, MAP3K20, ANTXR2, LEMD3, FOXP1, CAPN3, RNF13, LTBP4, CREBBP, CRLF1, LPIN2, NPAT, GBE1, FGFR2, SHPK, SPART, DISP1, STAG2, KCNN3, PLCH1, USP7, SDHA, MECP2, SYNE1, PLOD2, GLUL, NEB, ALDH3A2, PHACTR1, FGFR1, CCN2, TRAK1, ITGB4
HP:0003202	Skeletal muscle atrophy	81	0.031237948322406478	1.7205093515862326	8.186486528729945e-07	3.018436807205912e-05	4.520217911932107	0.008421438692104493	NDE1, C9orf72, MUSK, TBCD, BBS7, NT5C2, SETD5, GALC, PPARGC1A, WRN, ERLIN2, AK9, ZBTB20, OGDH, SCLT1, GDAP1, PGAP1, ASCC1, TTC8, BBS5, GFPT1, BBS1, FOXP2, SCAPER, VPS13A, NEK1, TBCK, BBS9, IFT74, SFXN4, HSPB8, SDCCAG8, TTN, KIF1A, ATM, WNK1, WDPCP, DMD, MTAP, HUWE1, MAP3K20, SMCHD1, CEP290, ALS2, IFRD1, ANTXR2, LEMD3, LZTFL1, CD59, ATXN1, ERBB4, LTBP4, RETREG1, SEPTIN9, REV3L, CHMP2B, GBE1, HNRNPA2B1, CAPRIN1, OPA1, GNAS, USP8, SPART, COG7, PTEN, CHN1, PHKB, SDHA, MECP2, SYNE1, TARDBP, ANXA11, ATXN3, NPHP1, IFT172, NEB, SCO2, COLQ, ADK, ATXN2, TTC19
HP:0001263	Global developmental delay	468	0.18048592364057076	1.7188301160758748	9.157243899913458e-36	2.3550141999602436e-32	31.628006469874453	9.420056799840974e-32	CDK5RAP2, IGF1R, NDE1, SGPL1, BMPR1B, UBA5, ANKRD11, EFEMP1, SETD5, AUH, DSE, INTU, GALC, MTR, SIN3A, ZBTB20, ZBTB18, RSRC1, KCNN2, ADD3, VPS41, MPC1, INVS, FASTKD2, NR2F1, EIF2AK2, SON, SLC25A36, HSPD1, SMAD4, CHD1, HERC1, PBX1, ACBD6, SOS1, AHI1, ARID1A, GLIS3, CD109, STIM1, UBE4B, GLI2, NSD2, DYNC2H1, HS2ST1, SETD2, PLA2G6, EYA1, PPP1CB, GNAO1, HSPA9, VPS53, WDPCP, FMN2, PC, SGMS2, DPYD, AFF3, MAPK1, AASS, ANTXR2, LEMD3, FOXP1, USP45, PPP3CA, KAT6B, KMT2E, MMP14, LPIN2, UQCRC2, ATP5F1A, ARMC9, FGFR2, TNRC6B, CAPRIN1, ARNT2, PIK3C2A, GATAD2B, PHF21A, STAG2, ROR2, KMT2A, SPATA7, RPGRIP1L, PLCH1, TTC21B, GPC6, RPS28, SCAF4, RIPOR2, FOSL2, NUP214, WWOX, SLC35A3, CHN1, CEP57, PSAT1, USP7, SLC25A12, PAPPA2, P4HA1, NSMCE2, NUBPL, TASP1, ZMYM2, NDUFAF5, MACF1, SETBP1, FLCN, PAK2, UBAP2L, SCO2, JMJD1C, FGFR1, SNX14, CHD7, KAT6A, RSPRY1, HDAC4, TBCD, USF3, HERC2, RAB3GAP1, PLS3, MTRR, ITPR1, APTX, POR, CCDC8, ITGA2, SEMA3A, PIK3CA, GLUD1, NEDD4L, CDH2, ASCC1, PRORP, HIVEP2, NBEA, MRPL3, POLD3, MBD5, ALMS1, MED13, NFIA, GALNT3, ZNF292, BTD, RBPJ, SLC25A13, DLG5, SDCCAG8, SPRED2, GTF2E2, STXBP1, CELF2, CPLANE1, PGK1, PARN, DMD, ARFGEF2, KIAA0753, HUWE1, MAP3K20, CAMK2G, ZBTB16, CERT1, KMT2C, AFF4, TCF4, LTBP4, TRRAP, RUSC2, SLC30A9, CREBBP, MIPEP, TCTN1, ARHGAP31, MEIS2, SMOC1, CIT, RORA, OPA1, NXN, TMX2, SPART, ZBTB7A, HNRNPH1, MICU1, KCNN3, ARL13B, STRADA, DIP2B, DYM, NPHP4, NEMF, KDM5A, CTNNB1, ATXN7, IFT52, DHX9, SLC39A14, NRCAM, ZSWIM6, EXT2, TRIP11, NSUN6, IFT172, GNB1, TUSC3, COLQ, TNFRSF11B, ZFR, KCNJ10, CDK13, NTRK2, TCF12, HNRNPU, NBAS, BTRC, HIBCH, CSGALNACT1, IFT80, VPS35L, CDC42, TENM3, LARP7, LMBR1, XYLT1, KDM4B, EXT1, ASPH, PGAP1, MID1, AKT3, RERE, TRIO, TMEM231, DYNC2LI1, ASXL1, NSD1, FBXW7, YY1, UBA2, HK1, YWHAE, ATR, SOS2, BBS1, SLC1A2, SUGCT, PCYT1A, TRAPPC9, LIFR, DYRK1A, DEAF1, SOX2, IDS, HADHB, ASH1L, LYRM7, IFT74, SH3PXD2B, SPRED1, DLAT, SOX6, PAFAH1B1, ZMIZ1, PCCA, COX10, WAC, KIF1A, EP300, TRPS1, SPECC1L, FRYL, ANKRD17, SYNGAP1, MTSS2, MYO5B, DDX6, PRKACB, SULF1, IFT140, CEP41, TMEM163, ALS2, PREPL, OPHN1, AUTS2, AHDC1, EVC2, PDCD6IP, PRDM16, PSPH, FOS, PACS1, PSAP, VPS13B, SATB2, EHMT1, IFT43, GCLC, TLK2, STAT3, COL27A1, GNAS, ACVR1, APP, IFT122, RRAS2, WDR45, RPE65, OCA2, SRRM2, SDHA, MECP2, ASPA, PLOD2, CHD2, NIN, SLC20A2, ZMYND11, IL6ST, BLOC1S6, NPHP1, XPR1, HNRNPC, CUX1, PLCB4, DDR2, BPTF, AQP4, TAOK1, PAK1, PDHX, BRAF, MFF, GFAP, TAB2, NDUFA13, CFAP43, INTS8, B9D1, SMARCA2, MIA3, SERPINH1, PIBF1, USP9X, ARFGEF1, PPP1R12A, ADNP, ARID2, NT5C2, SIK3, DYNC1H1, RAB3GAP2, DIS3L2, LAMA1, TBL1XR1, NPHP3, ERLIN2, STT3B, PRKD1, CSPP1, CAMTA1, OGDH, GPT2, TBC1D32, ZNF148, LAMP2, KIDINS220, SAMHD1, TTC8, TMEM67, SOX5, NELFA, CDH11, ZNF407, IFT81, MED13L, CBFB, ATRX, NEK1, TBCK, BBS9, MCPH1, PUM1, SHOC2, CRB1, SPOP, TKT, MAPRE2, PPM1D, WDR35, NFIX, POGZ, CC2D2A, GLI3, FBN1, CASK, SPEN, PHIP, ASXL2, FBXO11, GALNS, KANSL1, TRIP12, DOCK7, IKBKB, ITCH, KCNMA1, TRIM37, NIPBL, SMAD2, STAG1, PLAAT3, MTAP, CDC73, CEP290, RREB1, NOTCH2, LZTFL1, UBE3C, EFL1, PPP2CA, NF1, ANKH, VAMP2, EXOC6B, WASHC4, NDUFS1, ISCA1, FNIP1, JARID2, SOX9, SLC19A2, ARID1B, GRIN2A, TRAF3IP1, CNOT1, LCA5, NADK2, CHD4, PTEN, EDEM3, TOGARAM1, PGM1, LRP5, GATM, PDE3A, POLA1, HDAC8, BCAS3, WDR19, SKI, TSEN15, SPTBN1, LTBP1, DICER1, CLCN5, FANCL, TRAK1, ABCC9, TTC19, B3GLCT, NDUFA10, C2CD3
HP:0000006	Autosomal dominant inheritance	483	0.18627072888546087	1.7137073444893294	1.331389853541068e-36	4.565335807792322e-33	32.34052727199444	1.3696007423376968e-32	DRAM2, PRRT2, IGF1R, CHIC2, TCF7L2, BMPR1B, ANKRD11, EFEMP1, KLHL7, SETD5, PPP2R1B, AGBL1, SIN3A, FBXW11, ZBTB20, MIB1, ZBTB18, MYOF, EGFR, KCNN2, CCDC88C, GNAQ, DLST, MAK, FOXP2, INVS, PIKFYVE, PRKG1, NR2F1, EIF2AK2, ARIH1, SON, HSPD1, SMAD4, EYA4, HSPB8, CHD1, PBX1, SOS1, AHI1, ARID1A, STIM1, GLI2, NSD2, DYNC2H1, SETD2, EYA1, PPP1CB, GNAO1, HSPA9, WDPCP, SGMS2, MAP3K8, SMCHD1, AFF3, DDB1, MAPK1, CD164, LEMD3, FOXP1, USP45, PPP3CA, KAT6B, ATXN1, CLPX, KMT2E, TSHZ1, ESR1, WHRN, CTNND1, CHMP2B, JAK2, ATP5F1A, FGFR2, TNRC6B, CAPRIN1, MEF2A, GATAD2B, PHF21A, USP8, ROR2, KMT2A, SPATA7, RPGRIP1L, ZNF462, TTC21B, RPS28, SCAF4, RIPOR2, FOSL2, DEPDC5, NUP214, CALM2, CHN1, USP7, ZFHX3, P4HA1, ZMYM2, GLUL, MACF1, YAP1, ANXA11, PROS1, SETBP1, USP48, FLCN, PAK2, UBAP2L, CRY1, SCO2, PRKAG2, TRIM44, FGFR1, P4HA2, KIF1B, CHD7, EFHC1, AGO2, KAT6A, C9orf72, KITLG, LGR4, APPL1, HDAC4, TGIF1, HERC2, DCAF8, JAK1, NRIP1, DNAJB6, ITPR1, POR, TRDN, CERKL, SEMA3A, PIK3CA, MED12L, ANK2, GLUD1, NEDD4L, BAG3, CDH2, PLCG2, ABCA1, APC, TENM4, HIVEP2, NBEA, ATP2C1, STX16, SYN2, MBD5, KIAA1549, ALMS1, MED13, SNCAIP, NFIA, ZNF292, RBPJ, HEY2, SDCCAG8, RB1, STXBP1, GLYR1, WDFY3, ATM, CELF2, CPLANE1, PGK1, PARN, CEP78, SREBF1, CAMK2G, CFAP53, CERT1, KMT2C, CNOT2, AFF4, TCF4, ERBB4, RNF13, TRRAP, CREBBP, MLH3, SASH1, ARHGAP31, EGLN1, GNB4, MEIS2, RPGR, RORA, ROBO2, RAB7A, OPA1, ZBTB7A, HNRNPH1, KCNN3, ELP1, DIP2B, THRA, NPHP4, KDM5A, CTNNB1, ATXN7, DHX9, SLC39A14, ZEB1, ZSWIM6, PRNP, EXT2, RASA1, PICALM, IFT172, GNB1, KCTD1, SLC16A12, NFIB, TRPC6, PHACTR1, ATXN2, CFAP45, DIAPH3, CDK13, RFX7, NTRK2, TCF12, HNRNPU, NBAS, TTBK2, CSGALNACT1, SMAD9, CDC42, BMPR1A, ADGRA3, ATF6, LMBR1, XYLT1, OAT, KDM4B, EXT1, ASPH, AKT3, RERE, TRIO, ASXL1, BBS5, NSD1, FBXW7, YY1, UBA2, HK1, ZFHX2, ATR, SOS2, BBS1, GDPD1, SLC1A2, SCAPER, PCYT1A, ADAM10, DYRK1A, DEAF1, SOX2, ASH1L, IFT74, SPRED1, SOX6, UBAP1, SLC1A3, TNRC6A, PAFAH1B1, ZMIZ1, TTN, TRPM7, WAC, PPP2R2B, KIF1A, EP300, TRPS1, SPECC1L, FRYL, ELP4, ANKRD17, SYNGAP1, MTSS2, DDX6, PRKACB, IFT140, MLLT10, PALLD, CEP41, CHM, AKAP9, TMEM163, BSCL2, TNNI3K, GIGYF2, AUTS2, AHDC1, EVC2, LITAF, PRDM16, TTLL5, PACS1, PSAP, VPS13B, NAF1, SATB2, EHMT1, IFT43, ANTXR1, GBF1, ANKRD26, HNRNPA2B1, KLHL24, TLK2, STAT3, ADAM9, ELOVL5, GNAS, ACVR1, TEAD1, APP, RRAS2, RPE65, SRRM2, SDHA, SYNE1, ATL1, CHD2, SLC20A2, TARDBP, GREB1L, ZMYND11, LGI1, IL6ST, ATXN3, XPR1, NPHP1, ABCC1, HNRNPC, CUX1, MXI1, ADGRV1, PLCB4, DDR2, ATP2A2, BPTF, AQP4, TAOK1, PAK1, RAB28, BRAF, GFAP, TAB2, SMARCC1, ZNF644, CFAP43, SMARCA2, ARFGEF1, PPP1R12A, ADNP, FHOD3, ARID2, EIF4G1, BBS7, PRKN, DYNC1H1, LAMA1, TBL1XR1, NPHP3, ERLIN2, PRKD1, CSPP1, CAMTA1, COPA, RB1CC1, BNC2, ZEB2, CCDC50, ZNF148, GDAP1, KIDINS220, SAMHD1, DTHD1, MCC, TTC8, TMEM67, SOX5, CDH11, GPHN, IFT81, MED13L, CBFB, PTPN12, NEK1, ALDH2, BBS9, PUM1, SHOC2, CRB1, SPOP, MAPRE2, CUL3, ARHGAP26, LPP, PPM1D, CACNB4, NFIX, POGZ, P3H2, CC2D2A, GLI3, FBN1, DTNA, RPS27, SPEN, PHIP, JAG1, ASXL2, FBXO11, KANSL1, SYNE2, TRIP12, WNK1, IKBKB, DZIP1, KCNMA1, NIPBL, SMAD2, STAG1, MTAP, CELSR1, CDC73, CEP290, LRP6, CAPN3, NOTCH2, LZTFL1, PPP2CA, CTNNA1, RPS24, NF1, ANKH, VAMP2, PER3, SEPTIN9, ATXN10, RPL17, BICC1, SMARCAD1, JARID2, SOX9, SCD5, RPL21, VWA8, SLC19A2, ARID1B, GRIN2A, TRAF3IP1, CNOT1, LCA5, HNRNPDL, IRF2BP2, CHD4, PTEN, DNAAF4, LRP5, GATM, PDE3A, DHX40, RAPGEF2, IRS2, ARHGEF10, DPP6, WDR19, SKI, SPTBN1, TANC2, DICER1, CCN2, ABCC9, JPH1
HP:0000347	Micrognathia	179	0.06903200925568839	1.7132413959734039	2.0867910023344705e-13	1.6770952375792735e-11	10.775442274316553	2.1466819041014697e-09	B9D1, SERPINH1, IGF1R, MUSK, HNRNPU, PPP1R12A, ARID2, TBCD, ANKRD11, EFEMP1, RAB3GAP1, CHD6, RAB3GAP2, SETD5, DIS3L2, INTU, IFT80, VPS35L, FBXW11, RBMX, CSPP1, CAMTA1, ZBTB18, PIK3CA, KDM4B, NEDD4L, ASPH, KIDINS220, MID1, RERE, TRIO, TMEM231, APC, ASXL1, TMEM67, NSD1, YY1, ATR, NELFA, SOS2, MBD5, PRKG1, DZIP1L, LIFR, ATRX, NEK1, DYRK1A, TBCK, DEAF1, ARIH1, ZNF292, SMAD4, SPOP, SH3PXD2B, MAPRE2, SPRED1, HEY2, SOX6, SPRED2, ZMIZ1, MTX2, SOS1, NFIX, WDR35, POGZ, P3H2, RB1, CC2D2A, FBN1, EP300, RASA2, CASK, RPS27, SPECC1L, TRPS1, SPEN, JAG1, PHIP, NSD2, FBXO11, DYNC2H1, SETD2, PLA2G6, EYA1, CPLANE1, TXNL4A, VPS53, NIPBL, SMAD2, STAG1, IFT140, KIAA0753, HUWE1, CEP290, MAP3K20, DPYD, AFF3, RREB1, MAPK1, AUTS2, LEMD3, PPP3CA, CNOT2, AHDC1, KAT6B, NOTCH2, AFF4, LTBP4, TRRAP, PSPH, RPS24, NF1, VPS13B, CREBBP, CRLF1, MIPEP, TCTN1, SATB2, IFT43, ANTXR1, REV3L, SMC5, SMOC1, ARMC9, FGFR2, TNRC6B, CAPRIN1, RPL9, RPL17, GATAD2B, NXN, SOX9, PHF21A, ARID1B, STAG2, KCNN3, GTF2IRD1, KMT2A, ROR2, RPGRIP1L, GPC6, RPS28, COG7, RRAS2, PTEN, PGM1, WWOX, BAZ1B, KDM5A, CEP57, CTNNB1, CHN1, PSAT1, MECP2, NSMCE2, CLIP2, NRCAM, HDAC8, SKI, EXT2, TRIP11, SETBP1, NEB, FLCN, PAK2, PLCB4, DDR2, RIN2, BPTF, GTF2I, DICER1, JMJD1C, FGFR1, FANCL, CCN2, CHD7, BRAF, B3GLCT, C2CD3
HP:0000047	Hypospadias	80	0.030852294639413805	1.7130092109899866	1.125420662298071e-06	4.033868415700438e-05	4.3942782725256455	0.011577202353060256	SMARCA2, TCF12, USP9X, PPP1R12A, ARID2, SETD5, DIS3L2, VPS35L, SIN3A, CDC42, POR, CCDC8, CSPP1, MED12L, ZEB2, MID1, RERE, TTC8, DYNC2LI1, NSD1, ATR, NELFA, CDH11, ATRX, DYRK1A, SOX2, PUM1, SMAD4, MAPRE2, ZMIZ1, ACBD6, WDR35, ARID1A, UBE4B, GLI3, EP300, RPS27, FRYL, SPEN, NSD2, KANSL1, SYNGAP1, NIPBL, PRKACB, KIAA0753, HUWE1, SMCHD1, RREB1, EVC2, KAT6B, NOTCH2, AFF4, PRDM16, PSPH, RPS24, CREBBP, EHMT1, FGFR2, RPL9, GATAD2B, SOX9, ARID1B, HNRNPH1, ROR2, UBR1, RPS28, WWOX, MECP2, ZMYM2, HDAC8, SKI, SETBP1, CUX1, NEB, SPTBN1, JMJD1C, FGFR1, FANCL, BRAF, B3GLCT
HP:0000639	Nystagmus	211	0.08137292711145391	1.6829326561936135	8.165386372471008e-15	1.037004069303818e-12	11.984219539394251	8.399732961360926e-11	B9D1, DRAM2, RFX7, NTRK2, PIBF1, UBA5, THOC2, TBCD, ANKRD11, GAN, BBS7, CP, KLHL7, CHD6, NT5C2, TTBK2, HIBCH, GALC, MTRR, LAMA1, SIN3A, MTR, ITPR1, APTX, PRKD1, CSPP1, CERKL, SEMA3A, CAMTA1, ATF6, ADD3, SCLT1, KIDINS220, PGAP1, SAMHD1, VPS41, RERE, TMEM231, APC, TTC8, TMEM67, BBS5, NSD1, HK1, NELFA, SOS2, BBS1, MAK, STX16, SLC1A2, SCAPER, KIAA1549, PCYT1A, FASTKD2, ALMS1, NR2F1, TBCK, SOX2, BBS9, SON, ZNF292, HSPD1, IFT74, IFT88, CRB1, LYRM7, DLAT, MYO9A, SDCCAG8, CACNB4, SLC1A3, SPRED2, PBX1, ACBD6, SOS1, AHI1, NFIX, WDR35, GTF2E2, POGZ, COX10, UBE4B, CC2D2A, KIF1A, FBN1, EP300, RASA2, CASK, RNF216, SPEN, PHIP, LYST, NSD2, ATM, SYNGAP1, CELF2, PLA2G6, CPLANE1, PPP1CB, CEP78, MTSS2, KCNMA1, NIPBL, WDPCP, CHKA, IFT140, KIAA0753, CEP41, SREBF1, HUWE1, CEP290, DPYD, TMEM163, ALS2, AFF3, OPHN1, DDB1, IFRD1, FOXP1, PPP3CA, AHDC1, USP45, LZTFL1, ATXN1, PRDM16, TTLL5, PACS1, VPS13B, CREBBP, ANKH, TCTN1, WHRN, IFT43, ANTXR1, ATP5F1A, ARMC9, ATXN10, RPGR, ARNT2, RORA, NDUFS1, ADAM9, ELOVL5, OPA1, GNAS, PHF21A, USP8, SPART, SLC19A2, ARID1B, HNRNPH1, ARL13B, SPATA7, TRAF3IP1, RPGRIP1L, LCA5, NADK2, IFT122, RIPOR2, RRAS2, WDR45, TOGARAM1, WWOX, AP3B1, RPE65, CHN1, OCA2, CTNNB1, USP7, ATXN7, IFT52, LRP5, SDHA, ASPA, SYNE1, NUBPL, VWA3B, KANK1, NDUFAF5, HDAC8, BCAS3, WDR19, SKI, PRNP, EXT2, YAP1, BLOC1S6, NPHP1, IFT172, ADGRV1, GNB1, PAK2, SCO2, UBAP2L, SACS, TRIM44, P4HA2, FGFR1, ATXN2, ANO10, FANCL, TAOK1, SNX14, RAB28, TRAK1, CHD7, GFAP, BRAF, ABCC9, TTC19, B3GLCT
HP:0001337	Tremor	97	0.03740840725028924	1.6788143375788847	2.2920233442687468e-07	9.068478516343307e-06	5.042465571526954	0.0023578044142492597	B9D1, PRRT2, NTRK2, PIBF1, UBA5, THOC2, CP, PRKN, GALC, ITPR1, APTX, CSPP1, SEMA3A, GPT2, SBF2, SAMHD1, TRIO, TMEM231, CCDC88C, PRORP, TMEM67, NSD1, YY1, DLST, SLC1A2, EIF2AK2, SNCAIP, DNAJC6, IFT74, SFXN4, SLC25A13, SLC1A3, ACBD6, AHI1, ATG7, STXBP1, CC2D2A, CASK, SPEN, JAG1, VPS13C, LYST, ATM, SYNGAP1, CELF2, PLA2G6, CPLANE1, PGK1, GNAO1, KIAA0753, CEP41, BSCL2, AASS, LEMD3, PPP3CA, UBE3C, CEP126, NF1, PSAP, TCTN1, ARMC9, CAPRIN1, RORA, ELOVL5, OPA1, GTF2IRD1, ARL13B, MICU1, RPGRIP1L, NEMF, WDR45, TOGARAM1, WWOX, BAZ1B, OCA2, ATXN7, SDHA, MECP2, SLC39A14, CLIP2, CHD2, SLC20A2, PRNP, ATXN3, XPR1, NPHP1, ADGRV1, SCO2, UBAP2L, VPS13D, GTF2I, FGFR1, ATXN2, KIF1B, CHD7, TRAK1, TTC19
HP:0001511	Intrauterine growth retardation	218	0.08407250289240262	1.6652014298851936	6.721614106697784e-15	8.643155539450013e-13	12.063327671505647	6.914524431560011e-11	SMARCA2, MIA3, RSPRY1, SERPINH1, TTC7A, IGF1R, NDE1, MUSK, TCF12, BMPR1B, USP9X, APPL1, HDAC4, NBAS, ADNP, TGIF1, ARID2, ANKRD11, HERC2, BTRC, CDK13, RAB3GAP1, CSGALNACT1, RAB3GAP2, DSE, PLS3, INTU, IFT80, MTRR, VPS35L, FUT8, SIN3A, CDC42, POR, STT3B, CCDC8, COG5, SEMA3A, ZBTB18, LMBR1, XYLT1, EXT1, RERE, TMEM231, DYNC2LI1, ASXL1, PRORP, TMEM67, NSD1, YY1, ATR, NELFA, SOS2, IFT81, FOXP2, PCYT1A, LIFR, ALMS1, NEK1, DYRK1A, SOX2, IDS, GALNT3, SON, PUM1, RBPJ, SHOC2, SMAD4, SFXN4, SLC25A13, DST, SH3PXD2B, SPRED1, PPM1D, STOX1, SPRED2, SOS1, NFIX, WDR35, ARID1A, GTF2E2, POGZ, RB1, GLIS3, STIM1, GLI3, CC2D2A, FBN1, EP300, TRPS1, SPECC1L, JAG1, ASXL2, GLI2, NSD2, GALNS, DYNC2H1, KANSL1, HS2ST1, SETD2, IKBKB, CPLANE1, PPP1CB, PARN, HSPA9, TRIM37, NIPBL, SMAD2, PRKACB, IFT140, SULF1, STAG1, KIAA0753, MTAP, SGMS2, CEP290, MAP3K20, CDC73, AFF3, RREB1, MAPK1, HADH, FTO, AUTS2, ZBTB16, LEMD3, AHDC1, EVC2, PRKDC, KAT6B, NOTCH2, ANTXR2, UBE3C, EFL1, MRPS28, PSPH, NF1, VPS13B, SLC30A9, CREBBP, ANKH, MMP14, LPIN2, SATB2, EXOC6B, ARHGAP31, IFT43, ATP5F1A, FGFR2, NDUFS1, STAT3, COL27A1, GNAS, GATAD2B, FRA10AC1, NXN, SOX9, ACVR1, ARID1B, DISP1, ROR2, KMT2A, CTNND2, UBR1, CNOT1, TRAF3IP1, RPGRIP1L, TTC21B, NADK2, IFT122, DYM, GPC6, COG7, RRAS2, FOSL2, CEP57, PSAT1, PAPPA2, IFT52, LRP5, SDHA, P4HA1, NSMCE2, NUBPL, PLOD2, PDE3A, ZMYM2, NIN, NRCAM, POLA1, NDUFAF5, HDAC8, WDR19, SKI, ZSWIM6, EXT2, IL6ST, TRIP11, HNRNPC, IFT172, SPTBN1, PLCB4, DDR2, SCO2, UBAP2L, LTBP1, TNFRSF11B, JMJD1C, FGFR1, CLCN5, FANCL, CHD7, BRAF, TAB2, ABCC9, B3GLCT, NDUFA10, KAT6A
HP:0000505	Visual impairment	121	0.04666409564211338	1.6544469985058408	1.7541526747557e-08	8.202258438732676e-07	6.086066550977908	0.00018044968565211888	DRAM2, NTRK2, PPP1R12A, ADNP, THOC2, ARID2, ANKRD11, EFEMP1, KLHL7, CHD6, GALC, MTRR, NPHP3, ITPR1, BMPR1A, CERKL, TENM3, SEMA3A, ATF6, XYLT1, PIK3CA, OAT, ZEB2, LAMP2, ASPH, ABCA1, RERE, TMEM231, TTC8, TMEM67, BBS1, MAK, MBD5, INVS, SCAPER, KIAA1549, PCYT1A, ALMS1, TET2, SOX2, IFT74, IFT88, CRB1, LYRM7, SFXN4, SDCCAG8, ACBD6, AHI1, ARID1A, POGZ, WAC, UBE4B, CC2D2A, FBN1, CASK, SPEN, ATM, KANSL1, CEP78, IFT140, CHM, CEP290, PRKDC, FOXP1, USP45, LZTFL1, TCF4, TRRAP, PRDM16, PPP2CA, TTLL5, VPS13B, ANKH, IFT43, MPDZ, ANTXR1, REV3L, NPAT, JAK2, FGFR2, RPGR, ARNT2, ADAM9, OPA1, ARID1B, GTF2IRD1, SPATA7, TRAF3IP1, RPGRIP1L, LCA5, NPHP4, DEPDC5, BAZ1B, RPE65, OCA2, SDHA, LRP5, ASPA, CLIP2, POLA1, WDR19, SKI, PRNP, YAP1, LAMA3, NPHP1, SETBP1, IFT172, DDR2, SCO2, UBAP2L, GTF2I, P4HA2, FGFR1, FANCL, TAOK1, RAB28, CHD7, MFF, B3GLCT, AGO2
HP:0000252	Microcephaly	344	0.13266486694947938	1.6472354395975441	2.0197554441511643e-22	1.0935381186306857e-19	18.96116607369408	2.0777224253983027e-18	CDK5RAP2, IGF1R, NDE1, SGPL1, BMPR1B, UBA5, ANKRD11, EFEMP1, AUH, DSE, INTU, MTR, SIN3A, ZBTB18, RSRC1, KCNN2, ADD3, ZNF592, EIF2AK2, SMAD4, SPIDR, SOS1, ARID1A, STIM1, UBE4B, GLI2, NSD2, DYNC2H1, HS2ST1, SETD2, PPP1CB, GNAO1, HSPA9, VPS53, SGMS2, DPYD, AFF3, MAPK1, AASS, ERCC6L2, ANTXR2, LEMD3, PPP3CA, KAT6B, MRPS28, MMP14, LPIN2, AGT, SMC5, UQCRC2, ATP5F1A, FGFR2, TNRC6B, GTF2IRD1, ROR2, STAG2, KMT2A, RPGRIP1L, PLCH1, TTC21B, GPC6, RPS28, SCAF4, NUP214, WWOX, SLC35A3, AP3B1, CHN1, CEP57, PSAT1, USP7, PAPPA2, NSMCE2, NUBPL, TASP1, ZMYM2, NDUFAF5, MACF1, FLCN, SCO2, ALDH3A2, JMJD1C, FGFR1, CHD7, KAT6A, RSPRY1, HDAC4, THOC2, TGIF1, TBCD, RAB3GAP1, CHD6, PLS3, MTRR, ITPR1, POR, CCDC8, SEMA3A, PIK3CA, HIVEP2, NBEA, MBD5, ALMS1, GALNT3, ZNF292, RBPJ, SPRED2, GTF2E2, RB1, STXBP1, WDFY3, ATM, CELF2, CPLANE1, PARN, ARFGEF2, KIAA0753, HUWE1, MAP3K20, ZBTB16, PRKDC, KMT2C, AFF4, TCF4, RNF13, TRRAP, SLC30A9, CREBBP, MIPEP, TCTN1, ARHGAP31, MEIS2, CIT, NXN, TMX2, SPART, DISP1, HNRNPH1, MICU1, UBR1, DYM, KDM5A, CTNNB1, IFT52, DHX9, SLC39A14, NRCAM, ZSWIM6, EXT2, TRIP11, NSUN6, IFT172, GNB1, TUSC3, PHACTR1, TNFRSF11B, CDK13, RFX7, NTRK2, TCF12, HNRNPU, NBAS, BTRC, CSGALNACT1, RAD50, IFT80, VPS35L, CDC42, LARP7, LMBR1, XYLT1, EXT1, ASPH, PGAP1, MID1, RERE, TRIO, TMEM231, DYNC2LI1, ASXL1, NSD1, FBXW7, ATR, SOS2, SLC1A2, PCYT1A, TRAPPC9, LIFR, DYRK1A, DEAF1, SOX2, IDS, ASH1L, IFT74, SH3PXD2B, SPRED1, DLAT, KIF1A, EP300, TRPS1, SPECC1L, FRYL, ANKRD17, SYNGAP1, MTSS2, DDX6, PRKACB, SULF1, IFT140, TMEM163, ALS2, AUTS2, AHDC1, EVC2, PDCD6IP, PRDM16, PSPH, PACS1, PSAP, VPS13B, SATB2, EHMT1, IFT43, MPDZ, TLK2, RPL9, STAT3, COL27A1, GNAS, ACVR1, CTNND2, IFT122, RRAS2, SRRM2, MECP2, ASPA, SYNE1, PLOD2, CLIP2, CHD2, NIN, IL6ST, HNRNPC, PLCB4, DDR2, BPTF, VPS13D, PDHX, BRAF, TAB2, INTS8, B9D1, SMARCA2, SERPINH1, ADNP, ARID2, DYNC1H1, RAB3GAP2, FUT8, TBL1XR1, STT3B, RBMX, PRKD1, CSPP1, COG5, GPT2, ZEB2, TBC1D32, ZNF148, COPB1, SAMHD1, TMEM67, NELFA, CDH11, IFT81, ATRX, NEK1, TBCK, MCPH1, PUM1, SHOC2, MAPRE2, CUL3, PPM1D, WDR35, NFIX, POGZ, CC2D2A, GLI3, FBN1, CASK, RPS27, SPEN, FBXO11, GALNS, KANSL1, TRIP12, IKBKB, KCNMA1, TRIM37, NIPBL, CHKA, SMAD2, STAG1, MTAP, CDC73, CEP290, RREB1, NOTCH2, EFL1, PPP2CA, RPS24, NF1, ANKH, EXOC6B, WASHC4, NDUFS1, ISCA1, JARID2, SOX9, ARID1B, TRAF3IP1, CNOT1, NADK2, BAZ1B, DNAAF4, LRP5, PDE3A, POLA1, HDAC8, BCAS3, DPP6, WDR19, SKI, SPTBN1, LTBP1, TANC2, GTF2I, CLCN5, FANCL, TRAK1, ABCC9, B3GLCT, C2CD3
HP:0001250	Seizure	365	0.1407635942923255	1.646558363899837	9.233808254927324e-24	6.3325457012291585e-21	20.19842166727448	9.498818551843738e-20	PRRT2, NDE1, SGPL1, UBA5, ANKRD11, AUH, GALC, MTR, SIN3A, ZBTB20, ZBTB18, ACAT1, ADAM22, RSRC1, ADD3, SCLT1, VPS41, CCDC88C, ZNF592, GNAQ, MPC1, FASTKD2, NR2F1, EIF2AK2, SON, HSPD1, SMAD4, CHD1, MYO9A, HERC1, ACBD6, AHI1, ARID1A, UBE4B, GLI2, NSD2, SETD2, PLA2G6, GNAO1, WDPCP, PC, DPYD, SMCHD1, MAPK1, AASS, FOXP1, USP45, PPP3CA, KAT6B, KMT2E, CRLF1, SMC5, JAK2, ATP5F1A, ARMC9, FGFR2, TNRC6B, ARNT2, PHF21A, STAG2, KMT2A, SPATA7, RPGRIP1L, PLCH1, SCAF4, CTNNA2, FOSL2, DEPDC5, NUP214, WWOX, CALM2, CHN1, CEP57, PSAT1, USP7, SLC25A12, TASP1, ZMYM2, GLUL, NDUFAF5, MACF1, PROS1, SETBP1, FLCN, PAK2, UBAP2L, SCO2, PRKAG2, ALDH3A2, ADK, JMJD1C, FGFR1, SNX14, CHD7, AGO2, KAT6A, HDAC4, THOC2, TGIF1, TBCD, USF3, HERC2, RAB3GAP1, MTRR, ITPR1, APTX, TRDN, SEMA3A, PIK3CA, MED12L, ANK2, NEDD4L, MEGF10, PRORP, HIVEP2, NBEA, MBD5, NFIA, PNPLA8, ZNF292, BTD, RBPJ, DNAJC6, SLC25A13, SDCCAG8, EXOC2, ATG7, STXBP1, LYST, ATM, CELF2, CPLANE1, PGK1, HEXA, ARFGEF2, TGFBR3, KIAA0753, HUWE1, CAMK2G, PRKDC, KMT2C, TCF4, RNF13, TRRAP, CREBBP, MIPEP, TCTN1, ARHGAP31, MEIS2, CIT, RORA, OPA1, FRA10AC1, TMX2, ZBTB7A, HNRNPH1, DISP1, ARL13B, KCNN3, MICU1, STRADA, ELP1, DIP2B, KDM5A, CTNNB1, DHX9, ZSWIM6, PRNP, EXT2, NSUN6, IFT172, GNB1, NFIB, PHACTR1, TNFRSF11B, KCNJ10, CRADD, CDK13, NTRK2, HNRNPU, NBAS, HIBCH, CDC42, BMPR1A, DHRSX, LARP7, OAT, KDM4B, PGAP1, AKT3, RERE, TRIO, TMEM231, ASXL1, BBS5, NSD1, FBXW7, YY1, SORL1, ATR, YWHAE, BBS1, SLC1A2, SCAPER, PPA2, PCYT1A, TRAPPC9, VPS13A, LIFR, DYRK1A, DEAF1, SOX2, IDS, HADHB, ASH1L, IFT74, SPRED1, UBAP1, SLC1A3, PAFAH1B1, ZMIZ1, PCCA, COX10, WAC, KIF1A, EP300, FRYL, ANKRD17, SYNGAP1, MTSS2, IFT140, CEP41, AKAP9, TMEM163, BSCL2, PREPL, OPHN1, AUTS2, AHDC1, PDCD6IP, PRDM16, PSPH, PACS1, PSAP, VPS13B, SATB2, EHMT1, ANTXR1, MPDZ, TLK2, ALK, GNAS, ACVR1, APP, WDR45, RPE65, OCA2, SDHA, MECP2, ASPA, NIN, SLC20A2, XPR1, NPHP1, ATP2A2, BPTF, RAB27A, AQP4, VPS13D, TAOK1, PAK1, PDHX, BRAF, MFF, GFAP, INTS8, B9D1, SMARCA2, LAMA2, PIBF1, USP9X, ADNP, ARID2, BBS7, SIK3, DYNC1H1, RAB3GAP2, DIS3L2, FUT8, TBL1XR1, ATP9A, ERLIN2, RBMX, STT3B, CSPP1, COG5, CAMTA1, GPT2, ZEB2, SAMHD1, TTC8, TMEM67, SOX5, NELFA, TLR4, CDH11, GPHN, ATRX, TBCK, BBS9, MCPH1, CRB1, SPOP, MAPRE2, CUL3, NFIX, POGZ, CC2D2A, GLI3, CASK, SPEN, PHIP, ASXL2, FBXO11, KANSL1, TRIP12, KCNMA1, NIPBL, SMAD2, STAG1, NOS1AP, CEP290, RREB1, FTO, LZTFL1, NF1, ANKH, JAZF1, NPAT, EPM2A, ATXN10, NDUFS1, ISCA1, JARID2, SOX9, SLC19A2, ARID1B, GRIN2A, CNOT1, LCA5, NADK2, COG7, PTEN, TOGARAM1, POLA1, RAPGEF2, HDAC8, BCAS3, SKI, LAMA3, TSEN15, SPTBN1, TANC2, TRAK1, B3GLCT
HP:0000648	Optic atrophy	127	0.04897801774006942	1.6272551410124032	1.768416623947637e-08	8.231539280791557e-07	6.084518945025177	0.0001819170181054934	B9D1, NTRK2, UBA5, NBAS, TBCD, RAB3GAP1, KLHL7, NT5C2, RAB3GAP2, AUH, GALC, VPS35L, CDC42, STT3B, RBMX, SLC44A1, CSPP1, CERKL, PIK3CA, ADAM22, ZEB2, SBF2, AKT3, RERE, TMEM231, TTC8, ASXL1, TMEM67, ZNF592, GNAQ, HK1, SOX5, NELFA, MT-ND4L, BBS1, MAK, SLC1A2, SCAPER, KIAA1549, ATRX, FASTKD2, NR2F1, DYRK1A, SON, BTD, IFT88, CRB1, AHI1, NFIX, POGZ, ATG7, COX10, UBE4B, CC2D2A, KIF1A, CASK, RNF216, SPEN, NSD2, KANSL1, ELP4, SYNGAP1, CELF2, PLA2G6, MTSS2, VPS53, NIPBL, IFT140, HUWE1, CEP290, DPYD, SMCHD1, RREB1, RBL2, PPP3CA, AFF4, ATXN1, PRDM16, PSAP, VPS13B, SLC30A9, ANKH, TCTN1, IFT43, MPDZ, ANTXR1, SMOC1, ATP5F1A, FGFR2, RPGR, NDUFS1, OPA1, SLC19A2, MICU1, ELP1, SPATA7, RPGRIP1L, NADK2, CTNNA2, WDR45, WWOX, RPE65, CTNNB1, ATXN7, SDHA, LRP5, ASPA, SYNE1, SLC39A14, NRCAM, NDUFAF5, SKI, YAP1, IFT172, SCO2, TNFRSF11B, JMJD1C, P4HA2, PDHX, CHD7, TRAK1, MFF, BRAF, NDUFA13, INTS8, B3GLCT, KAT6A
HP:0011462	Young adult onset	159	0.06131893559583494	1.5908170709554206	1.5114215380440152e-09	8.14031066065905e-08	7.089359020708406	1.5547993361858786e-05	DRAM2, SERPINH1, EIF2AK4, APPL1, TSGA10, NBAS, CCDC146, EFEMP1, BBS7, PRKN, KLHL7, NT5C2, TTBK2, GALC, DPY19L2, LRRC23, LAMA1, NPHP3, DNAJB6, ITPR1, ERLIN2, WRN, TRDN, CSPP1, CERKL, ADGRA3, ATF6, OAT, BAG3, CDH2, DTHD1, APC, TTC8, HFM1, DNHD1, TMEM67, BBS5, TENM4, AK7, HK1, IFT81, BBS1, MAK, GDPD1, CBFB, SCAPER, INVS, KIAA1549, PCYT1A, VPS13A, ALMS1, NR2F1, IDS, BBS9, IFT74, CRB1, HSPB8, ZFP36L2, SDCCAG8, CACNB4, STOX1, AHI1, P3H2, CC2D2A, FBN1, DTNA, CASK, JAG1, VPS13C, LYST, DYNC2H1, PLA2G6, CPLANE1, PGK1, CEP78, SHOC1, WDPCP, SMAD2, IFT140, PLAAT3, CEP41, CHM, CEP290, CD164, TULP3, USP45, DRC1, CAPN3, LZTFL1, SPAG17, TTC21A, TRRAP, PRDM16, DDX3Y, AOPEP, CTNNA1, TTLL5, NF1, PSAP, VPS13B, NAF1, KDM5D, MSH5, WHRN, DIAPH3, IFT43, GNB4, GBF1, HNRNPA2B1, ATXN10, KLHL24, RPGR, ADAM9, ELOVL5, OPA1, SOX9, CFAP61, VWA8, SLC19A2, TEAD1, USP9Y, SPATA7, TRAF3IP1, RPGRIP1L, LCA5, RIPOR2, NPHP4, CFAP44, CFAP54, DNAH1, RPE65, ATXN7, CCDC39, LRP5, CCDC62, STK33, SLC39A14, ATL1, DHX40, MAPKBP1, LGI1, WDR19, PRNP, NPHP1, USP48, IFT172, ADGRV1, TEX15, SCO2, PRKAG2, TRPC6, VPS13D, P4HA2, ATXN2, ANO10, CCN2, RAB28, ZNF644, CFAP43
HP:0003593	Infantile onset	281	0.108368684920941	1.58768601755794	4.0043360236555515e-16	6.752886012351583e-14	13.17051058104015	4.119260467534466e-12	B9D1, RFX7, RSPRY1, NTRK2, PRRT2, MIA3, SGPL1, MUSK, KITLG, ARFGEF1, HNRNPU, UBA5, ADNP, HDAC4, NBAS, ARID2, TBCD, EFEMP1, GAN, HERC2, KLHL7, NT5C2, DNAAF5, HIBCH, DYNC1H1, SETD5, AUH, GALC, MTRR, TBL1XR1, NPHP3, SIN3A, MTR, ITPR1, ATP9A, ERLIN2, TRDN, APTX, CAMTA1, ZBTB18, DHRSX, OGDH, ADAM22, GPT2, KDM4B, RSRC1, GLUD1, USP53, NEDD4L, MEGF10, KCNN2, ADD3, TRIM2, KIDINS220, PGAP1, PLCG2, COPB1, SAMHD1, VPS41, RERE, GDAP1, TRIO, TMEM67, HIVEP2, GFPT1, ATR, GPHN, ZNF407, NBEA, MED13L, ABCD3, HYDIN, MRPL3, POLD3, MBD5, SLC1A2, PPA2, PCYT1A, TRAPPC9, DZIP1L, FASTKD2, TET2, EIF2AK2, DYRK1A, NFIA, TBCK, IDS, DEAF1, HADHB, SON, PUM1, SLC25A36, CBLB, BTD, ASH1L, LYRM7, CRB1, DST, DCDC2, DLAT, CUL3, SOX6, CHD1, SLC1A3, SPRED2, EXOC2, MTX2, ZMIZ1, POGZ, TTN, ATG7, STXBP1, COX10, WAC, KIF1A, EP300, PLCE1, DAW1, CASK, PHIP, JAG1, ST3GAL3, LYST, NSD2, GALNS, DOCK11, ROR1, WNK1, SYNGAP1, DOCK7, CELF2, IKBKB, CPLANE1, PARN, MTSS2, KCNMA1, GNAO1, TRIM37, MYO5B, NIPBL, CHKA, HEXA, ARFGEF2, STAG1, IFT140, VPS53, TJP2, FMN2, PLAAT3, PC, NOS1AP, HUWE1, DPYD, TMEM163, ALS2, CAMK2G, OPHN1, DDB1, AASS, ANTXR2, AUTS2, TULP3, PRKDC, FOXP1, DRC1, PPP3CA, AHDC1, CD59, KAT6B, UBE3C, CLPX, PTPRC, EFL1, KMT2E, PSPH, NEK10, PPP2CA, RETREG1, RUSC2, NF1, PSAP, SLC30A9, CREBBP, ANKH, MIPEP, VAMP2, SASH1, MMP14, SATB2, ANTXR1, WASHC4, JAK2, ATP5F1A, HNRNPA2B1, TLK2, NDUFS1, CAPRIN1, ISCA1, COL27A1, STAT3, FNIP1, OPA1, GNAS, GATAD2B, TMX2, RDX, RPL21, SPATA7, RPGRIP1L, DIP2B, LCA5, ZNF462, NADK2, UQCRB, SCAF4, NEMF, CTNNA2, FOSL2, PTEN, DEPDC5, EDEM3, TOGARAM1, WWOX, RPE65, DNAAF4, CTNNB1, SLC25A12, PHKB, SRRM2, CCDC39, DHX9, LRP5, GATM, SDHA, MAGI2, ASPA, MECP2, BRWD3, SLC39A14, CHD2, ZMYM2, GLUL, MACF1, CAST, BCAS3, ZMYND11, ZSWIM6, EXT2, IL6ST, NSUN6, TSEN15, SETBP1, HNRNPC, CUX1, ADGRV1, NEB, GNB1, RIN2, SCO2, RAB27A, LTBP1, COLQ, AQP4, VPS13D, TNFRSF11B, SACS, DNAH5, ADK, FGFR1, FANCL, PAK1, SNX14, BRAF, MFF, GFAP, KCNJ10, ABCC9, JPH1, NDUFA13, NDUFA10, AGO2
HP:0000518	Cataract	141	0.054377169301966836	1.5687889502117855	3.9385656985633824e-08	1.7539404909576414e-06	5.7559851457973155	0.00040516025341121514	B9D1, MIA3, SERPINH1, SLC4A4, USP9X, UBA5, NBAS, BBS7, USF3, RAB3GAP1, RAB3GAP2, PLS3, IFT80, NPHP3, SIN3A, WRN, ZBTB20, CSPP1, COL4A5, XYLT1, PIK3CA, OAT, ZEB2, SCLT1, ASPH, PLCG2, SBF2, COPB1, RERE, TMEM231, APC, TTC8, TMEM67, BBS5, NSD1, TLR4, CDH11, BBS1, RALGAPA1, STX16, SCAPER, INVS, PCYT1A, PRKG1, LIFR, ALMS1, DYRK1A, TBCK, SOX2, BBS9, ARIH1, RBPJ, IFT74, SMAD4, CRB1, SLC25A13, SPRED1, TKT, HEY2, SDCCAG8, WDR35, P3H2, RB1, UBE4B, CC2D2A, FBN1, EP300, SPEN, JAG1, DYNC2H1, KANSL1, ELP4, SETD2, CEP78, PARN, HSPA9, NIPBL, WDPCP, SMAD2, IFT140, SREBF1, SGMS2, CEP290, SMCHD1, RREB1, USP45, AFF4, NOTCH2, LZTFL1, MRPS28, RNF13, PRDM16, CREBBP, MIPEP, TCTN1, WHRN, ARHGAP31, ATP5F1A, HNRNPA2B1, OPA1, GNAS, GTF2IRD1, KCNN3, SPATA7, TRAF3IP1, RPGRIP1L, LCA5, HNRNPDL, COL4A6, NPHP4, FOSL2, PTEN, BAZ1B, RPE65, CEP57, CTNNB1, PSAT1, P4HA1, LRP5, PLOD2, CLIP2, NRCAM, HDAC8, WDR19, SKI, YAP1, NPHP1, IFT172, ADGRV1, PAK2, KCTD1, SPTBN1, SLC16A12, PRKAG2, GTF2I, JMJD1C, TRIM44, FANCL, ANO10, CHD7, B3GLCT
HP:0001251	Ataxia	177	0.06826070188970304	1.5537040864375613	1.1662319374914151e-09	6.4155229630878e-08	7.192767936214049	1.1997027940974188e-05	B9D1, PRRT2, NTRK2, MRE11, SGPL1, PIBF1, UBA5, TBCD, BBS7, USF3, CP, HIBCH, RAD50, SETD5, AUH, GALC, LAMA1, NPHP3, ITPR1, CDC42, APTX, ZBTB20, CSPP1, SEMA3A, CAMTA1, ACAT1, PIK3CA, OGDH, KDM4B, KCNN2, NEDD4L, SCLT1, VPS41, TMEM231, TTC8, CCDC88C, TMEM67, BBS5, ZNF592, FBXW7, HIVEP2, HK1, SORL1, TLR4, NELFA, YWHAE, GPHN, MT-ND4L, MED13L, BBS1, SLC1A2, MBD5, INVS, SCAPER, FASTKD2, ALMS1, DYRK1A, BBS9, PUM1, BTD, IFT74, SMAD4, SPIDR, LYRM7, DLAT, MYO9A, SDCCAG8, CACNB4, SLC1A3, PAFAH1B1, ACBD6, AHI1, ATG7, STXBP1, COX10, PPP2R2B, CC2D2A, KIF1A, RNF216, SPEN, LYST, NSD2, ATM, SYNGAP1, CELF2, PLA2G6, CPLANE1, PGK1, CEP78, PARN, KCNMA1, WDPCP, IFT140, GPI, KIAA0753, CEP41, CEP290, BSCL2, ALS2, OPHN1, PPP3CA, AHDC1, LZTFL1, PDCD6IP, UBE3C, LITAF, TCF4, PSAP, TCTN1, WHRN, GCLC, GBE1, ATP5F1A, ARMC9, EPM2A, CAPRIN1, NDUFS1, RORA, STAT3, ALK, ELOVL5, OPA1, SLC19A2, HNRNPH1, APP, ARL13B, GTF2IRD1, ELP1, MICU1, TRAF3IP1, RPGRIP1L, NADK2, NPHP4, NEMF, CTNNA2, PTEN, TOGARAM1, NUP214, WWOX, BAZ1B, KDM5A, OCA2, ATXN7, DHX9, SDHA, MECP2, SYNE1, NUBPL, CLIP2, CHD2, VWA3B, NRCAM, NDUFAF5, WDR19, ZSWIM6, PRNP, ATXN3, NPHP1, IFT172, ADGRV1, SPTBN1, SCO2, VPS13D, GTF2I, SACS, P4HA2, FGFR1, ATXN2, PDHX, KIF1B, SNX14, TRAK1, CHD7, GFAP, BRAF, KCNJ10, TTC19
HP:0001257	Spasticity	131	0.05052063247204011	1.553245534763514	2.155709795948738e-07	8.628710766896758e-06	5.064054088253382	0.0022175786670924668	NTRK2, UBA5, THOC2, TGIF1, TBCD, GAN, BBS7, PRKN, RAB3GAP1, RAB3GAP2, RAD50, AUH, GALC, PPARGC1A, MTR, ITPR1, ERLIN2, RBMX, ACAT1, ADAM22, GPT2, ZEB2, ADD3, SCLT1, PGAP1, COPB1, SAMHD1, TTC8, TMEM67, BBS5, ZNF592, NSD1, ARL6IP1, GPHN, BBS1, RALGAPA1, SLC1A2, SCAPER, ATRX, NR2F1, NEK1, EIF2AK2, PNPLA8, BBS9, SON, DNAJC6, IFT74, LYRM7, SDCCAG8, ACBD6, GTF2E2, STXBP1, KIF1A, CASK, VPS13C, GLI2, ATM, SYNGAP1, CELF2, PLA2G6, GNAO1, VPS53, WDPCP, CEP290, BSCL2, ALS2, OPHN1, AUTS2, FOXP1, PPP3CA, LZTFL1, GDAP2, ATXN1, ERBB4, RNF13, RETREG1, RUSC2, PSAP, WASHC4, CHMP2B, GBE1, EPM2A, CIT, ARNT2, ISCA1, OPA1, SPART, DISP1, STAG2, GTF2IRD1, CNOT1, PLCH1, NADK2, NUP214, WWOX, BAZ1B, CTNNB1, SLC25A12, ATXN7, SDHA, MECP2, ASPA, SYNE1, NUBPL, SLC39A14, CLIP2, POLA1, NDUFAF5, TARDBP, MACF1, BCAS3, PRNP, ANXA11, ATXN3, TSEN15, NPHP1, SETBP1, IFT172, SPTBN1, RAB27A, ALDH3A2, AQP4, VPS13D, GTF2I, SACS, FGFR1, ATXN2, SNX14, TRAK1, MFF, GFAP
HP:0003577	Congenital onset	220	0.08484381025838797	1.5466350862942775	1.6637704256405953e-11	1.0901405330296055e-09	8.962517512348215	1.7115206368564804e-07	LAMA2, CDK5RAP2, TTC7A, IGF1R, NDE1, MUSK, TCF12, BMPR1B, KITLG, UBA5, ADNP, HDAC4, TGIF1, TBCD, EFEMP1, HERC2, CDK13, RAB3GAP1, SIK3, RAB3GAP2, DSE, NRIP1, FUT8, VPS35L, NPHP3, SIN3A, ATP9A, ITPR1, PRKD1, ZBTB20, CSPP1, TENM3, DNAAF3, MDFIC, LMBR1, PIK3CA, EGFR, NEDD4L, MEGF10, ZNF148, ASPH, GDAP1, MID1, SAMHD1, RERE, ASCC1, TMEM231, TTC8, ASXL1, TMEM67, BBS5, YY1, HIVEP2, UBA2, ATR, MPC1, HK1, CDH11, BBS1, CBFB, LIFR, ALMS1, DYRK1A, TBCK, SOX2, BBS9, MCPH1, ASH1L, RBPJ, IFT74, IQCE, SFXN4, DLG5, TKT, MAPRE2, DCDC2, MYO9A, HERC1, SPRED2, EXOC2, PAFAH1B1, WDR35, POGZ, GLI3, CC2D2A, KIF1A, DTNA, FBN1, KIAA0825, CASK, EP300, SPECC1L, TRPS1, JAG1, ASXL2, GLI2, DOCK11, HS2ST1, ELP4, CPLANE1, PPP1CB, TXNL4A, NIPBL, WDPCP, SMAD2, PRKACB, IFT140, STAG1, PC, KIAA0753, SREBF1, DNAH9, MAP3K20, DPYD, PREPL, BSCL2, CFAP53, CD164, FTO, LEMD3, PPP3CA, AHDC1, AFF4, LZTFL1, PDCD6IP, ITGA6, RNF13, LTBP4, RUSC2, NF1, PSAP, CREBBP, ANKH, WHRN, SATB2, EXOC6B, MPDZ, MEIS2, SMOC1, ATP5F1A, ARMC9, CDC14A, FGFR2, CIT, KLHL24, TLK2, CAPRIN1, RPL17, OPA1, NXN, SOX9, ACVR1, ZBTB7A, HNRNPH1, STAG2, ROR2, ELP1, RPGRIP1L, CNOT1, COL4A6, IFT122, RPS28, SCAF4, RIPOR2, COG7, FOSL2, DEPDC5, KAT6A, SLC35A3, AP3B1, PSAT1, LRTOMT, SLC25A12, CCDC39, IFT52, LRP5, MECP2, BRWD3, TASP1, RSPH3, NIN, KANK1, POLA1, NRCAM, GREB1L, DPP6, WDR19, SKI, ZSWIM6, EXT2, YAP1, LAMA3, NSUN6, MARK3, TSEN15, NPHP1, USP48, IFT172, PLCB4, ATP2A2, SCO2, PRKAG2, LTBP1, ALDH3A2, COLQ, DICER1, TRIM44, FGFR1, FANCL, PDHX, CHD7, CFAP45, BRAF, TAB2, SMARCC1, ITGB4, ABCC9, KCNJ10, EPS8, C2CD3
HP:0011463	Childhood onset	228	0.08792903972232935	1.5349578722375103	1.2469604188365783e-11	8.329533654916806e-10	9.079379312730756	1.282748182857188e-07	DRAM2, LAMA2, CUBN, MRE11, SLC4A4, SGPL1, MUSK, UBA5, HDAC4, NBAS, EFEMP1, BBS7, KLHL7, NT5C2, DYNC1H1, NRIP1, GALC, LAMA1, NPHP3, SIN3A, ATP9A, ITPR1, ERLIN2, APTX, TRDN, CSPP1, CERKL, ADGRA3, COPA, ATF6, OAT, USP53, MEGF10, BAG3, KCNN2, EXT1, LAMP2, ASPH, PGAP1, PLCG2, SBF2, SAMHD1, CDH2, DTHD1, NFATC2, VPS41, TRIO, TTC8, TMEM67, BBS5, TENM4, NSD1, GFPT1, ATR, ARL6IP1, HK1, NBEA, IFT81, BBS1, MAK, HYDIN, BRWD1, FOXP2, GDPD1, CBFB, SCAPER, INVS, KIAA1549, PCYT1A, PPA2, DZIP1L, ATRX, ADAM10, ALMS1, NR2F1, EIF2AK2, CFAP74, IDS, PNPLA8, BBS9, HADHB, PUM1, CBLB, BTD, IFT74, SMAD4, CRB1, LYRM7, UBAP1, SDCCAG8, CACNB4, MTX2, AHI1, NFIX, P3H2, TTN, STIM1, CC2D2A, FBN1, PLCE1, DAW1, CAP2, CASK, RNF216, JAG1, UQCRH, DOCK11, ATM, DYNC2H1, SYNE2, BDP1, PLA2G6, IKBKB, CPLANE1, PGK1, CEP78, KCNMA1, MYO5B, WDPCP, DMD, CHKA, SMAD2, CLIC5, IFT140, PLAAT3, CEP41, CHM, DNAH9, CEP290, MAP3K20, ALS2, DPYD, EXPH5, DDB1, CD164, ANTXR2, TULP3, PPP3CA, AHDC1, CAPN3, USP45, LZTFL1, TCF4, EFL1, GDAP1, TRRAP, PPP2CA, RETREG1, CTNNA1, TTLL5, NF1, PSAP, VPS13B, SLC30A9, ANKH, MMP14, WHRN, IFT43, GBF1, HNRNPA2B1, RPGR, CAPRIN1, STAT3, COL27A1, DNAH11, ADAM9, OPA1, DBT, VWA8, SLC19A2, SPART, TEAD1, KMT2A, SPATA7, TRAF3IP1, RPGRIP1L, LCA5, DYM, SCAF4, NPHP4, NEMF, CFAP54, RIPOR2, FOSL2, WDR45, DNAH1, WWOX, CALM2, RPE65, CTNNBL1, ATXN7, RSPH9, PHKB, CCDC39, LRP5, GATM, MECP2, SYNE1, NUBPL, CHD2, DHX40, GLUL, POLA1, SLC20A2, MACF1, WDR19, EXT2, IL6ST, XPR1, NPHP1, USP48, IFT172, ADGRV1, MYO1E, TUSC3, SCO2, UBAP2L, PRKAG2, VPS13D, P4HA2, FGFR1, CCN2, SNX14, RAB28, GFAP, PRKRA, ZNF644, TTC19
HP:0003621	Juvenile onset	185	0.07134593135364442	1.5119905760840755	4.2635713148204685e-09	2.192967905777908e-07	6.6589677242028005	4.385935811555816e-05	DRAM2, PRRT2, LAMA2, EIF2AK4, MRE11, SGPL1, UBA5, ADNP, NBAS, EFEMP1, GAN, BBS7, PRKN, KLHL7, NT5C2, TTBK2, NRIP1, LAMA1, NPHP3, SMAD9, ITPR1, ERLIN2, APTX, TRDN, WRN, CSPP1, CERKL, SEMA3A, ADGRA3, ATF6, OAT, USP53, KCNN2, BAG3, CCDC50, EXT1, LAMP2, CDH2, SBF2, DTHD1, TTC8, TMEM67, BBS5, TENM4, GFPT1, HK1, IFT81, BBS1, MAK, HYDIN, GDPD1, CBFB, SCAPER, INVS, KIAA1549, PCYT1A, PPA2, DZIP1L, ADAM10, ALMS1, NR2F1, EIF2AK2, IDS, BBS9, HADHB, GALNT3, DNAJC6, IFT74, CRB1, SPIDR, LYRM7, HSPB8, EFHC1, UBAP1, SDCCAG8, CACNB4, AHI1, P3H2, STIM1, CC2D2A, KIF1A, FBN1, PLCE1, CAP2, CASK, RNF216, JAG1, GALNS, DOCK11, DYNC2H1, SYNE2, PLA2G6, CPLANE1, PGK1, CEP78, KCNMA1, CHST6, WDPCP, DMD, IFT140, PLAAT3, CEP41, CHM, AKAP9, CEP290, DNAH9, DPYD, BSCL2, DDB1, ERCC6L2, TULP3, USP45, CAPN3, LZTFL1, LITAF, TCF4, PRDM16, PPP2CA, AOPEP, RETREG1, TTLL5, CTNNA1, VPS13B, SLC30A9, ANKH, MSH5, ESR1, WHRN, DIAPH3, IFT43, GNB4, HNRNPA2B1, RPGR, CAPRIN1, STAT3, ADAM9, RAB7A, OPA1, GNAS, VWA8, SLC19A2, TEAD1, SPATA7, TRAF3IP1, RPGRIP1L, LCA5, RIPOR2, NPHP4, CALM2, RPE65, CTNNB1, ATXN7, PAPPA2, CCDC39, LRP5, SLC39A14, ATL1, DHX40, MAPKBP1, NRCAM, MACF1, LGI1, WDR19, EXT2, IL6ST, NPHP1, USP48, IFT172, ADGRV1, TOR1AIP1, MYO1E, SCO2, SLC16A12, PRKAG2, UBAP2L, COLQ, P4HA2, FGFR1, ANO10, RAB28, CHD7, GFAP, PRKRA, ZNF644, TTC19
HP:0001288	Gait disturbance	126	0.048592364057076745	1.4984342922331195	2.5162307837949363e-06	8.431422173582577e-05	4.074099164397111	0.02588446607289851	B9D1, RSPRY1, NTRK2, PIBF1, USP9X, UBA5, THOC2, GAN, PRKN, TTBK2, DYNC1H1, GALC, MTRR, MTR, ITPR1, ERLIN2, APTX, BMPR1A, ZBTB20, CSPP1, SEMA3A, PIK3CA, GPT2, MEGF10, BAG3, LAMP2, PGAP1, SBF2, GDAP1, SAMHD1, RERE, TMEM231, TMEM67, GFPT1, HK1, TLR4, ARL6IP1, GPHN, ABCD3, SLC1A2, EIF2AK2, DYRK1A, DEAF1, IFT74, LYRM7, HSPB8, DLAT, UBAP1, MYO9A, HERC1, AHI1, TTN, PPP2R2B, CC2D2A, UBE4B, CASK, SPEN, PHIP, LYST, ATM, SYNE2, SYNGAP1, CELF2, PLA2G6, CPLANE1, DMD, DDX6, KIAA0753, CEP41, BSCL2, SMCHD1, ALS2, PPP3CA, AHDC1, CAPN3, GDAP2, ATXN1, PRDM16, AOPEP, PSAP, SLC30A9, TCTN1, NPAT, CHMP2B, GBE1, GBF1, ARMC9, EPM2A, ELOVL5, OPA1, JARID2, SPART, APP, GTF2IRD1, ARL13B, MICU1, ELP1, STRADA, RPGRIP1L, DYM, TOGARAM1, WWOX, BAZ1B, KDM5A, USP7, SDHA, MECP2, SYNE1, NUBPL, SLC39A14, ATL1, CLIP2, SLC20A2, SKI, PRNP, XPR1, NPHP1, NEB, GTF2I, SACS, FGFR1, CHD7, TRAK1, PRKRA, KCNJ10, CFAP43
HP:0000407	Sensorineural hearing impairment	162	0.062475896644812956	1.4267638525349247	2.1353673151493468e-06	7.20213887571847e-05	4.142538508571967	0.02196652357094133	MIA3, CDK5RAP2, SERPINH1, SGPL1, KITLG, HDAC4, THOC2, NBAS, TGIF1, BTRC, KLHL7, SETD5, PLS3, SIN3A, CDC42, APTX, CSPP1, COG5, CERKL, SEMA3A, DHRSX, COL4A5, XYLT1, ZEB2, NEDD4L, BAG3, CCDC50, SBF2, RERE, TTC8, PRORP, TMEM67, SOS2, BBS1, MAK, POLD3, SCAPER, KIAA1549, LIFR, FASTKD2, ATRX, ALMS1, TBCK, SOX2, BTD, ASH1L, IFT88, CRB1, EYA4, EPS15L1, DCDC2, SOX6, MYO9A, SPRED2, SOS1, AHI1, POGZ, P3H2, TTN, COX10, GLIS3, WAC, UBE4B, GLI3, CC2D2A, FBN1, EP300, RASA2, CAP2, CASK, SPEN, JAG1, GLI2, NSD2, HS2ST1, BDP1, SETD2, EYA1, CEP78, MTSS2, TG, NIPBL, DMD, CLIC5, IFT140, SGMS2, MAP3K20, SMCHD1, TBL1Y, MAPK1, CD164, FTO, PRKDC, AFF4, MRPS28, RNF13, TRRAP, PRDM16, VPS13B, CREBBP, ANKH, WHRN, IFT43, MPDZ, ATP5F1A, CDC14A, FGFR2, RPGR, ARNT2, NDUFS1, COL27A1, RPL17, PIK3C2A, OPA1, GNAS, ACVR1, SLC19A2, DISP1, ARID1B, STAG2, KCNN3, GTF2IRD1, SPATA7, UBR1, CNOT1, PLCH1, COL4A6, RPS28, RIPOR2, COG7, RRAS2, BAZ1B, CHN1, RPE65, SDHA, LRP5, P4HA1, NUBPL, PLOD2, SLC39A14, CLIP2, NDUFAF5, HDAC8, SKI, YAP1, ABCC1, USP48, IFT172, ADGRV1, GNB1, SCO2, TNFRSF11B, GTF2I, ADK, FGFR1, TAOK1, SNX14, CHD7, BRAF, KCNJ10, ABCC9, DIAPH3
HP:0001508	Failure to thrive	183	0.07057462398765908	1.4210817981640171	5.780848521763097e-07	2.1782999539698527e-05	4.661882317700316	0.0059467588743376985	SMARCA2, NTRK2, CUBN, UBA5, ADNP, TGIF1, EFEMP1, USF3, RAB3GAP1, HIBCH, AUH, JAK1, GALC, MTRR, FUT8, TBL1XR1, SIN3A, MTR, ATP9A, STT3B, NPHP3, BMPR1A, CSPP1, COL4A5, DHRSX, PIK3CA, GPT2, ADAM17, ZEB2, GLUD1, EGFR, NEDD4L, MEGF10, PGAP1, RERE, TRIO, TMEM231, DYNC2LI1, ASXL1, HIVEP2, UBA2, NELFA, CBFB, MRPL3, SLC1A2, SUGCT, FASTKD2, DYRK1A, NFIA, SON, RBPJ, SHOC2, SMAD4, LYRM7, SLC25A13, CUL3, SLC1A3, PBX1, PCCA, NFIX, POGZ, TTN, COX10, UBE4B, FBN1, EP300, CASK, SPEN, JAG1, GLI2, NSD2, LRBA, DOCK11, ATM, KANSL1, SETD2, SYNGAP1, CELF2, IKBKB, CPLANE1, PPP1CB, PARN, GNAO1, MYO5B, VPS53, NIPBL, SMAD2, PRKACB, IFT140, ARFGEF2, STAG1, TJP2, KIAA0753, MAP3K20, DPYD, PREPL, AFF3, RREB1, AASS, HADH, FTO, ANTXR2, LEMD3, FOXP1, EVC2, PPP3CA, AHDC1, NOTCH2, KAT6B, KMT2C, TCF4, EFL1, MRPS28, RNF13, PRDM16, FOS, PSAP, PACS1, CREBBP, MIPEP, LPIN2, EHMT1, ARHGAP31, GCLC, SMOC1, GBE1, ATP5F1A, CIT, TLK2, NDUFS1, STAT3, RPL17, SOX9, ACVR1, ARID1B, DISP1, HNRNPH1, STAG2, KMT2A, STRADA, UBR1, PLCH1, COL4A6, NADK2, DYM, COG7, PTEN, NUP214, WWOX, OCA2, USP7, ATXN7, DHX9, GATM, MECP2, NUBPL, TASP1, NRCAM, POLA1, NDUFAF5, HDAC8, SKI, ZSWIM6, LAMA3, SETBP1, FLCN, GNB1, SPTBN1, PLCB4, SCO2, UBAP2L, TNFRSF11B, ADK, JMJD1C, FGFR1, TAOK1, PDHX, KIF1B, CHD7, TRAK1, BRAF, GFAP, NDUFA13
HP:0000007	Autosomal recessive inheritance	575	0.22175086772078673	1.3426943339742756	9.912626232441682e-16	1.5687874777404243e-13	12.804435885919785	1.0197118605312758e-11	DRAM2, CDK5RAP2, IGF1R, NDE1, SGPL1, BMPR1B, UBA5, ANKRD11, EFEMP1, KLHL7, DNAAF1, AUH, NME5, DSE, INTU, GALC, MTR, SLC44A1, ACAT1, ADAM22, RSRC1, EGFR, USP53, HOGA1, ADD3, TRIM2, VPS41, DNAH7, CCDC88C, MPC1, ABCD3, MAK, BRWD1, INVS, FASTKD2, NR2F1, SLC25A36, HSPD1, SMAD4, SPIDR, IQCE, DST, MYO9A, HERC1, ACBD6, SOS1, AHI1, GLIS3, SPAG1, PTPRF, STIM1, DAW1, PLCE1, GLI2, NSD2, DYNC2H1, HS2ST1, SETD2, PLA2G6, PPP1CB, TXNL4A, HSPA9, VPS53, WDPCP, TNFRSF10B, GPI, FMN2, PC, SGMS2, DPYD, AFF3, MAPK1, AASS, ERCC6L2, ANTXR2, LEMD3, USP45, KAT6B, MRPS28, CRLF1, MMP14, ANO6, LPIN2, CFAP298, MSH5, ESR1, WHRN, AGT, SMC5, GBE1, UQCRC2, JAK2, ATP5F1A, ARMC9, FGFR2, ARNT2, PIK3C2A, SPEF2, CFAP61, USP8, ROR2, PDSS2, KMT2A, SPATA7, RPGRIP1L, PLCH1, TTC21B, GPC6, CFAP52, RIPOR2, CTNNA2, DEPDC5, DNAH1, NUP214, WWOX, SLC35A3, AP3B1, CEP57, PSAT1, SLC25A12, PHKB, PAPPA2, P4HA1, NSMCE2, CCDC62, NUBPL, TASP1, VWA3B, GLUL, NDUFAF5, SPPL2A, MARK3, PROS1, CFAP69, TOR1AIP1, SCO2, FXR1, CCDC40, ALDH3A2, ADK, FGFR1, P4HA2, ANO10, MNS1, SNX14, CHD7, PRKRA, RSPRY1, TTC7A, MRE11, SLC4A4, KITLG, MUSK, HDAC4, TBCD, CP, HERC2, RAB3GAP1, DNAAF5, PLS3, MTRR, WRN, APTX, ITPR1, TRDN, POR, CCDC8, CERKL, SEMA3A, MDFIC, ADAM17, MEGF10, CDH2, SBF2, ABCA1, ASCC1, HFM1, PRORP, MRPL3, POLD3, KIAA1549, ALMS1, CFAP74, PNPLA8, GALNT3, BTD, CBLB, RBPJ, DNAJC6, SLC25A13, DLG5, DCDC2, DNAH2, SDCCAG8, SPRED2, EXOC2, GTF2E2, ATG7, KIAA0825, LYST, UQCRH, LRBA, ATM, HPSE2, CPLANE1, PGK1, PARN, CEP78, SHOC1, HEXA, ARFGEF2, CLIC5, TJP2, KIAA0753, MAP3K20, DNAH9, ZBTB16, CFAP53, PRKDC, TULP3, RBL2, CD59, NDUFA9, GDAP2, PTPRC, LTBP4, RUSC2, SLC30A9, CREBBP, SASH1, MIPEP, TCTN1, ARHGAP31, SMOC1, CIT, RPGR, OPA1, FRA10AC1, NXN, TMX2, RDX, SPART, MICU1, ARL13B, STRADA, ELP1, UBR1, DYM, UQCRB, NPHP4, NEMF, CFAP54, TTC12, LRTOMT, CTNNB1, ATXN7, RSPH9, IFT52, C5, SLC39A14, MAPKBP1, NRCAM, CD36, ZC3H14, ZSWIM6, EXT2, TRIP11, NSUN6, IFT172, TUSC3, RIN2, COLQ, TNFRSF11B, CFAP45, ITGB4, KCNJ10, EPS8, CRADD, TCF12, NBAS, TSGA10, GAN, BTRC, HIBCH, CSGALNACT1, RAD50, IFT80, DPY19L2, VPS35L, LRRC23, CDC42, TENM3, ADGRA3, ATF6, LARP7, LMBR1, XYLT1, OAT, EXT1, ASPH, PGAP1, TMEM231, DYNC2LI1, DNHD1, BBS5, NSD1, HK1, ATR, RSPH4A, SOS2, BBS1, GDPD1, SCAPER, SUGCT, PPA2, PCYT1A, TRAPPC9, VPS13A, LIFR, TET2, DEAF1, SOX2, IDS, HADHB, LYRM7, IFT74, SFXN4, SH3PXD2B, SPRED1, DLAT, DNAJB13, MTX2, PCCA, TTN, COX10, KIF1A, EP300, CAP2, TRPS1, SPECC1L, VPS13C, ST3GAL3, BDP1, MYO5B, CHST6, PRKACB, SULF1, IFT140, CEP41, CHM, BSCL2, RSPH1, ALS2, PREPL, HADH, EVC2, PDCD6IP, ITGA6, SPAG17, MDM2, TTC21A, PSPH, IMPA1, NEK10, TTLL5, PSAP, VPS13B, AK1, SATB2, IFT43, ANTXR1, MPDZ, GCLC, KLHL24, STAT3, COL27A1, ADAM9, GNAS, SHPK, ACVR1, TEAD1, IFT122, CFAP44, RRAS2, NRXN1, WDR45, RPE65, OCA2, CCDC39, SDHA, MAGI2, ASPA, SYNE1, PLOD2, STK33, NIN, CAST, IL6ST, BLOC1S6, NPHP1, ADGRV1, MYO1E, DDR2, PLCB4, RAB27A, CFAP65, DNAI1, VPS13D, SACS, DNAH5, PDHX, RAB28, BRAF, MFF, TAB2, ZNF644, NDUFA13, CFAP43, DNAL1, INTS8, B9D1, LAMA2, MIA3, SERPINH1, CUBN, EIF2AK4, PIBF1, CCDC146, BBS7, PRKN, NT5C2, SIK3, RAB3GAP2, DIS3L2, LAMA1, FUT8, NPHP3, ATP9A, ERLIN2, STT3B, CSPP1, COG5, DNAAF3, OGDH, GPT2, TBC1D32, GDAP1, KIDINS220, COPB1, SAMHD1, DTHD1, NFATC2, TTC8, TMEM67, AK7, GFPT1, GPHN, CDH11, ARL6IP1, ZNF407, IFT81, EXPH5, RALGAPA1, HYDIN, DZIP1L, NEK1, CFAP221, TBCK, BBS9, MCPH1, SHOC2, CRB1, ITPR2, TKT, ZFP36L2, RSPO4, PPM1D, WDR35, NFIX, MRTFA, P3H2, CC2D2A, GLI3, FBN1, RNF216, JAG1, GALNS, ROR1, WNK1, DOCK7, IKBKB, ITCH, DZIP1, TG, KCNMA1, TRIM37, NIPBL, CHKA, SMAD2, PLAAT3, NOS1AP, MTAP, IFNAR2, CDC73, CEP112, CEP290, RREB1, IFT57, FTO, DRC1, CAPN3, NOTCH2, LZTFL1, UBE3C, DMGDH, EFL1, CTNNA1, AOPEP, RETREG1, NF1, FBXO31, ANKH, EXOC6B, WASHC4, CDC14A, EPM2A, DNAH10, NDUFS1, CFAP300, ISCA1, FNIP1, DNAH11, DBT, SOX9, VWA8, SLC19A2, ARID1B, TRAF3IP1, LCA5, NADK2, COG7, EDEM3, TOGARAM1, PGM1, CTNNBL1, DNAAF4, CEP83, LRP5, GATM, ARMC2, RSPH3, PDE3A, DHX40, HDAC8, BCAS3, WDR19, SKI, LAMA3, CFAP70, TSEN15, TEX15, NEB, LTBP1, CLCN5, FANCL, CCN2, BCAT2, TRAK1, ABCC9, JPH1, TTC19, B3GLCT, TTC29, NDUFA10, C2CD3
