Signature	DrugBank_ID	DrugBank_Name	Enrichment_Score	Normalized_Enrichment_Score	p-value	FDR	Cell_Line
CPC006_PL21_6H:BRD-A36630025-001-02-6:0.35	DB05482	7-ethyl-10-hydroxycamptothecin	-0.5377203483789726	-3.026895127371293	<0.0001	<0.0001	PL21
LJP007_NPC.TAK_24H:I13	DB11526	Masitinib	-0.43740916822474996	-2.7651611012110626	<0.0001	<0.0001	NPC.TAK
CPC006_THP1_6H:BRD-A36630025-001-02-6:0.35	DB05482	7-ethyl-10-hydroxycamptothecin	-0.4463179764956253	-2.7421780944699647	<0.0001	<0.0001	THP1
CPC006_U937_6H:BRD-A36630025-001-02-6:0.35	DB05482	7-ethyl-10-hydroxycamptothecin	-0.47808313628685883	-2.737544211779489	<0.0001	<0.0001	U937
AML001_U937_24H:BRD-K43389675:1.11111	DB00694	Daunorubicin	-0.4575694770832962	-2.721653825544031	<0.0001	<0.0001	U937
LJP008_NEU_24H:A20	DB11740	MK-1775	-0.39062238529945914	-2.6855048432126187	<0.0001	<0.0001	NEU
CPC006_WSUDLCL2_6H:BRD-A36630025-001-02-6:0.35	DB05482	7-ethyl-10-hydroxycamptothecin	-0.42427877386995994	-2.6698195016035773	<0.0001	<0.0001	WSUDLCL2
LJP007_NPC.CAS9_24H:D19	DB06616	Bosutinib	-0.43595596052499364	-2.665432945363696	<0.0001	<0.0001	NPC.CAS9
LJP007_NEU_24H:O06	DB07101	PD-0325901	0.3532963957381419	2.6650155329725562	<0.0001	<0.0001	NEU
LJP007_NEU_24H:J23	DB03044	Doramapimod	-0.4144430943681367	-2.638986591568327	<0.0001	<0.0001	NEU
LJP007_NPC.TAK_24H:F13	DB12247	AZD-4547	-0.3896001674576625	-2.6368540440947768	<0.0001	<0.0001	NPC.TAK
LJP007_NEU_24H:F02	DB12848	PF-04217903	0.38454778937935663	2.630103420851336	<0.0001	<0.0001	NEU
LJP008_NPC.TAK_24H:P13	DB11662	Rabusertib	-0.4202320526308369	-2.6116242651295316	<0.0001	<0.0001	NPC.TAK
LJP007_NEU_24H:J24	DB03044	Doramapimod	-0.4009375659211352	-2.6044830228661966	<0.0001	<0.0001	NEU
LJP008_NEU_24H:A11	DB07232	Veliparib	0.3760165210333793	2.5852187752830647	<0.0001	<0.0001	NEU
LJP007_NEU_24H:O04	DB07101	PD-0325901	0.3737925737106844	2.5771898125068775	<0.0001	<0.0001	NEU
LJP007_NPC.CAS9_24H:I13	DB11526	Masitinib	-0.4407794129631671	-2.54935396205046	<0.0001	<0.0001	NPC.CAS9
LJP007_NEU_24H:K24	DB01590	Everolimus	-0.37469061232648754	-2.5466933632446764	<0.0001	<0.0001	NEU
LJP007_NPC.TAK_24H:D19	DB06616	Bosutinib	-0.3902507417899878	-2.5343290564263605	<0.0001	<0.0001	NPC.TAK
NMH002_NPC_24H:BRD-K99792991-001-29-9:10	DB00756	Hexachlorophene	0.4144810928419926	2.5234114062277033	<0.0001	<0.0001	NPC
NMH002_NPC_6H:BRD-K35960502-001-16-8:10	DB06803	Niclosamide	0.44893753401609465	2.52216075780129	<0.0001	<0.0001	NPC
LJP007_NEU_24H:H10	DB09053	Ibrutinib	0.3734841473726644	2.505054287534252	<0.0001	<0.0001	NEU
LJP007_NEU_24H:M07	DB05575	Motesanib	0.3556162610616969	2.4970926488467486	<0.0001	<0.0001	NEU
LJP007_NEU_24H:M24	DB12874	Quizartinib	-0.4275669440566906	-2.4842008891005096	<0.0001	<0.0001	NEU
LJP007_NEU_24H:K10	DB11962	GSK-1059615	0.41868011952253087	2.4841177039051563	<0.0001	<0.0001	NEU
LJP009_NEU_24H:E22	DB08901	Ponatinib	-0.3809815551259673	-2.482915798148727	<0.0001	<0.0001	NEU
LJP007_NEU_24H:D07	DB08875	Cabozantinib	0.3752905890146698	2.467215282798358	<0.0001	<0.0001	NEU
LJP007_NEU_24H:N14	DB09330	Osimertinib	0.39962968807041704	2.463884198309145	<0.0001	<0.0001	NEU
LPROT002_NPC.TAK_6H:K06	DB06803	Niclosamide	0.421267386717112	2.457190758569279	<0.0001	<0.0001	NPC.TAK
LJP007_NEU_24H:H07	DB09053	Ibrutinib	0.4041045263485508	2.454608093904603	<0.0001	<0.0001	NEU
CPC006_SKM1_6H:BRD-K78126613-001-16-0:10	DB00170	Menadione	-0.3821702503039137	-2.4470958701177166	<0.0001	<0.0001	SKM1
LJP007_JURKAT_24H:I24	DB13005	Rebastinib	0.40862076902396965	2.4436062645588073	<0.0001	<0.0001	JURKAT
LJP009_NEU_24H:D24	DB13061	MLN8054	-0.3738954913598521	-2.4338834843959876	<0.0001	<0.0001	NEU
CPC006_U937_6H:BRD-A26711594-003-06-4:10	DB00622	Nicardipine	0.41208216984836504	2.433568362491889	<0.0001	<0.0001	U937
LJP007_NPC.TAK_24H:D02	DB12494	SGI-1776	-0.41823976997065815	-2.43224831935352	<0.0001	<0.0001	NPC.TAK
LJP008_NEU_24H:N07	DB02665	(1R,2S)-2-Phenylcyclopropanaminium	0.3767545766827004	2.430325816062674	<0.0001	<0.0001	NEU
LJP007_NEU_24H:F04	DB12848	PF-04217903	0.3778430447579525	2.428034465797713	<0.0001	<0.0001	NEU
NMH002_NPC_6H:BRD-A62336480-003-01-3:10	DB14068	Dexniguldipine	0.4331127834109961	2.4267415844475604	<0.0001	<0.0001	NPC
LJP009_NPC_24H:B03	DB00877	Sirolimus	0.46353147348517365	2.412752978079642	<0.0001	<0.0001	NPC
AML001_U937_24H:BRD-K43389675:0.37037	DB00694	Daunorubicin	-0.40169374667504937	-2.405279554388727	<0.0001	<0.0001	U937
LJP007_NEU_24H:E01	DB11743	Ipatasertib	-0.3572509174670513	-2.3871638852483326	<0.0001	<0.0001	NEU
CPC014_NEU_24H:BRD-K19540840-001-02-9:10	DB11805	Saracatinib	-0.3936086430135457	-2.3774695894085434	<0.0001	<0.0001	NEU
LJP007_NEU_24H:O02	DB07101	PD-0325901	0.3354932231538431	2.374614850104772	<0.0001	<0.0001	NEU
LJP009_NEU_24H:E24	DB08901	Ponatinib	-0.3773645182630335	-2.3610138460177064	<0.0001	<0.0001	NEU
CPC014_NEU_24H:BRD-K01507359-001-05-4:10	DB01045	Rifampicin	0.3640703325510066	2.3594290869242	<0.0001	<0.0001	NEU
LJP008_NEU_24H:A09	DB07232	Veliparib	0.3500540345791985	2.345792726146896	<0.0001	<0.0001	NEU
LJP007_JURKAT_24H:P24	DB11886	Infigratinib	0.42317245389744146	2.337318768788237	<0.0001	<0.0001	JURKAT
CPC006_U937_6H:BRD-K78126613-001-16-0:10	DB00170	Menadione	-0.36253981026747395	-2.33708807164286	<0.0001	<0.0001	U937
LJP007_NEU_24H:C04	DB11800	Tivozanib	-0.3617196841387101	-2.335898800947094	<0.0001	<0.0001	NEU
LJP007_NEU_24H:B08	DB07970	5-[(2-methyl-5-{[3-(trifluoromethyl)phenyl]carbamoyl}phenyl)amino]pyridine-3-carboxamide	-0.37123390921283034	-2.3354861590914173	<0.0001	<0.0001	NEU
LJP007_NEU_24H:D24	DB06616	Bosutinib	-0.3860532259979729	-2.3329147553768395	<0.0001	<0.0001	NEU
CPC006_PL21_6H:BRD-K15108141-001-01-7:0.08	DB00441	Gemcitabine	-0.3994425418289661	-2.317813366115379	<0.0001	<0.0001	PL21
CPC006_WSUDLCL2_6H:BRD-K73319509-001-02-3:40	DB12848	PF-04217903	0.3777258013165944	2.3168996098570123	<0.0001	<0.0001	WSUDLCL2
LJP007_NEU_24H:A03	DB02546	Vorinostat	-0.41483124655536147	-2.3161589124997706	<0.0001	<0.0001	NEU
LJP008_NEU_24H:A07	DB07232	Veliparib	0.3749516101061867	2.3107253306670974	<0.0001	<0.0001	NEU
LJP007_NEU_24H:B12	DB07970	5-[(2-methyl-5-{[3-(trifluoromethyl)phenyl]carbamoyl}phenyl)amino]pyridine-3-carboxamide	-0.3405523600037817	-2.309975938418847	<0.0001	<0.0001	NEU
LJP007_NPC_24H:D11	DB08875	Cabozantinib	0.3849981139407421	2.303869443223571	<0.0001	<0.0001	NPC
LJP007_NEU_24H:D11	DB08875	Cabozantinib	0.3779230683091535	2.302095757715639	<0.0001	<0.0001	NEU
LJP007_NPC.CAS9_24H:P13	DB05294	Vandetanib	-0.3721287331515807	-2.3019550115390803	<0.0001	<0.0001	NPC.CAS9
LJP008_NEU_24H:L24	DB05015	Belinostat	-0.38402507932099106	-2.299407195630116	<0.0001	<0.0001	NEU
LJP008_NEU_24H:M05	DB02709	Resveratrol	0.3421960286198659	2.295925281740784	<0.0001	<0.0001	NEU
LJP009_NEU_24H:B24	DB16107	BI 2536	-0.36243011538203507	-2.2941858735266454	<0.0001	<0.0001	NEU
CPC017_NPC_24H:BRD-K48970916-001-03-0:10	DB01406	Danazol	0.37854080514169003	2.292267144796973	<0.0001	<0.0001	NPC
LJP007_NEU_24H:O05	DB07101	PD-0325901	0.3218198416784306	2.291978016898405	<0.0001	<0.0001	NEU
LJP007_NEU_24H:O01	DB07101	PD-0325901	0.32713671520383575	2.289882086950508	<0.0001	<0.0001	NEU
LJP007_NEU_24H:D23	DB06616	Bosutinib	-0.3569108677647887	-2.2895801732338676	<0.0001	<0.0001	NEU
LJP007_NEU_24H:H08	DB09053	Ibrutinib	0.3214606096841912	2.2894631126362093	<0.0001	<0.0001	NEU
LJP007_JURKAT_24H:E01	DB11743	Ipatasertib	0.3891678020328435	2.2806415689776895	<0.0001	<0.0001	JURKAT
LJP007_NEU_24H:K12	DB11962	GSK-1059615	0.3519113823655575	2.278580814213897	<0.0001	<0.0001	NEU
LJP007_NEU_24H:O03	DB07101	PD-0325901	0.3211105957332584	2.2772287029429563	<0.0001	<0.0001	NEU
CPC016_NEU_24H:BRD-A29322418-237-03-2:10	DB09015	Canrenoic acid	-0.38117585074257154	-2.2767687940453585	<0.0001	<0.0001	NEU
LJP007_NEU_24H:I11	DB06589	Pazopanib	0.3319394112055858	2.274264304266606	<0.0001	<0.0001	NEU
LJP007_NEU_24H:D05	DB12494	SGI-1776	0.32756299987579124	2.2736154686588637	<0.0001	<0.0001	NEU
KMS002_THP1_6H:BRD-K81418486-001-01-2:9.99	DB02546	Vorinostat	0.37515921920809936	2.2694118171460875	<0.0001	<0.0001	THP1
CPC016_NEU_24H:BRD-K91370081-001-10-3:10	DB07374	Anisomycin	0.3811691007016946	2.2630664595598233	<0.0001	<0.0001	NEU
NMH002_NPC_24H:BRD-K27305650-001-11-7:10	DB02656	LY-294002	0.41718625118806646	2.2600633062635542	<0.0001	<0.0001	NPC
LJP007_JURKAT_24H:C01	DB11800	Tivozanib	0.38041712957550045	2.253112969924893	<0.0001	<0.0001	JURKAT
CPC006_NOMO1_6H:BRD-A36630025-001-02-6:0.35	DB05482	7-ethyl-10-hydroxycamptothecin	-0.38819164670946466	-2.2509945099847566	<0.0001	<0.0001	NOMO1
LJP008_NEU_24H:C07	DB13877	Iniparib	0.3398366831240268	2.2456550040437326	<0.0001	<0.0001	NEU
DOSBIO001_NEU_24H:BRD-A19037878:3.33333	DB04297	Trichostatin A	-0.4036536844162113	-2.2444002885718652	<0.0001	<0.0001	NEU
LJP008_NPC_24H:L22	DB05015	Belinostat	-0.3857994447777277	-2.2436904782215197	<0.0001	<0.0001	NPC
LJP007_NEU_24H:K20	DB01590	Everolimus	0.3373870836831846	2.243063098799045	<0.0001	<0.0001	NEU
LJP007_NEU_24H:I22	DB13005	Rebastinib	-0.36907115647227734	-2.2425939702753293	<0.0001	<0.0001	NEU
CPC006_SKM1_6H:BRD-A36630025-001-02-6:0.35	DB05482	7-ethyl-10-hydroxycamptothecin	-0.34319060732229	-2.241638248340804	<0.0001	<0.0001	SKM1
LJP008_NEU_24H:C11	DB13877	Iniparib	-0.34955674612328375	-2.2386067994853973	<0.0001	<0.0001	NEU
LJP007_NEU_24H:A18	DB12742	Amuvatinib	-0.3250804322320916	-2.237087997071752	<0.0001	<0.0001	NEU
LJP007_NEU_24H:P09	DB07859	4-(4-CHLOROPHENYL)-4-[4-(1H-PYRAZOL-4-YL)PHENYL]PIPERIDINE	0.30757483578997624	2.234198121679646	<0.0001	<0.0001	NEU
LJP007_NEU_24H:F01	DB12848	PF-04217903	0.3213760813267582	2.232181307848132	<0.0001	<0.0001	NEU
LJP008_NEU_24H:O04	DB07101	PD-0325901	0.3479400969341301	2.23075248327774	<0.0001	<0.0001	NEU
LJP007_NEU_24H:P04	DB09054	Idelalisib	0.3240462678694939	2.2306284470404245	<0.0001	<0.0001	NEU
LJP007_NEU_24H:P07	DB07859	4-(4-CHLOROPHENYL)-4-[4-(1H-PYRAZOL-4-YL)PHENYL]PIPERIDINE	0.3601977118228688	2.223506369924933	<0.0001	<0.0001	NEU
NMH002_NPC_6H:BRD-K77947974-001-14-8:10	DB04842	Fluspirilene	0.3619876258857082	2.2213612956371387	<0.0001	<0.0001	NPC
LJP007_NEU_24H:P10	DB07859	4-(4-CHLOROPHENYL)-4-[4-(1H-PYRAZOL-4-YL)PHENYL]PIPERIDINE	-0.3961169083201215	-2.2189116219051934	<0.0001	<0.0001	NEU
CPC014_NEU_24H:BRD-A19037878:10	DB04297	Trichostatin A	-0.380717956922072	-2.215582440484346	<0.0001	<0.0001	NEU
CPC014_NEU_24H:BRD-K28428262-001-01-7:10	DB11958	Brivanib	-0.350575374354377	-2.207800726655047	<0.0001	<0.0001	NEU
LJP007_NEU_24H:M06	DB07794	5-(2-PHENYLPYRAZOLO[1,5-A]PYRIDIN-3-YL)-1H-PYRAZOLO[3,4-C]PYRIDAZIN-3-AMINE	0.3185079358601408	2.202323035061834	<0.0001	<0.0001	NEU
LJP009_NPC_24H:K10	DB11962	GSK-1059615	0.3803253847390958	2.20160472618297	<0.0001	<0.0001	NPC
LJP008_NEU_24H:M13	DB01262	Decitabine	0.3320430068726756	2.200398661523978	<0.0001	<0.0001	NEU
CPC016_NPC_24H:BRD-K21283037-003-06-2:10	DB00740	Riluzole	-0.3384435476916414	-2.1998025035056314	<0.0001	<0.0001	NPC
LJP007_NPC_24H:B17	DB12200	Tivantinib	0.37829362478657597	2.1992079170961794	<0.0001	<0.0001	NPC
AML001_HL60_6H:BRD-A19500257:0.37037	DB02424	Geldanamycin	0.3840840772035736	2.1935620481505493	<0.0001	<0.0001	HL60
NMH001_NEU_6H:BRD-A75409952-001-04-0:10	DB08059	Wortmannin	-0.34393678328605376	-2.191283986781313	<0.0001	<0.0001	NEU
CPC006_PL21_6H:BRD-A58048407-001-10-5:10	DB00393	Nimodipine	-0.3523757958528775	-2.1910691521363237	<0.0001	<0.0001	PL21
LJP007_NEU_24H:D09	DB08875	Cabozantinib	0.32913204402734003	2.1907268916392924	<0.0001	<0.0001	NEU
CPC014_NEU_24H:BRD-K83794624-001-01-7:10	DB11616	Pirarubicin	-0.37786308171778105	-2.189925307994808	<0.0001	<0.0001	NEU
LJP007_NEU_24H:I07	DB06589	Pazopanib	0.3153579157103769	2.1897423143554757	<0.0001	<0.0001	NEU
LJP007_JURKAT_24H:F01	DB12848	PF-04217903	0.36842184250651727	2.1861618756284162	<0.0001	<0.0001	JURKAT
LJP007_NPC.TAK_24H:P13	DB05294	Vandetanib	-0.34018359570892637	-2.185667364281691	<0.0001	<0.0001	NPC.TAK
NMH002_NPC_24H:BRD-K32610195-001-14-9:10	DB01536	Androstenedione	-0.3711071969414464	-2.1854321976913873	<0.0001	<0.0001	NPC
KMS002_NOMO1_6H:BRD-A75409952-001-02-4:10	DB08059	Wortmannin	0.3930279297825004	2.18381473568167	<0.0001	<0.0001	NOMO1
DOSBIO002_NEU_24H:BRD-A19037878:10	DB04297	Trichostatin A	-0.3909124057243281	-2.1807930360081063	<0.0001	<0.0001	NEU
CPC016_NEU_24H:BRD-K86204871-001-02-2:10	DB00251	Terconazole	-0.37297369016671156	-2.1806431141026437	<0.0001	<0.0001	NEU
LJP007_NEU_24H:P22	DB11886	Infigratinib	-0.3299197003173	-2.1801524753307286	<0.0001	<0.0001	NEU
NMH002_NPC_24H:BRD-A73908300-001-03-4:10	DB13978	Selisistat	0.3300452568972443	2.1711629158409504	<0.0001	<0.0001	NPC
DOSBIO001_NEU_24H:BRD-A19037878:10	DB04297	Trichostatin A	-0.3730773047505249	-2.16520374430544	<0.0001	<0.0001	NEU
LJP008_NEU_24H:M04	DB02709	Resveratrol	0.3352837385558704	2.1607387389594774	<0.0001	<0.0001	NEU
CPC015_NPC_24H:BRD-K76205745-001-04-1:10	DB00678	Losartan	-0.3487177259406688	-2.1596300724116477	<0.0001	<0.0001	NPC
LJP008_NPC_24H:K11	DB11962	GSK-1059615	0.3511160469674455	2.159382985660116	<0.0001	<0.0001	NPC
DOSBIO001_NEU_24H:BRD-A19037878:1.11111	DB04297	Trichostatin A	-0.3812368072690116	-2.1586844401926215	<0.0001	<0.0001	NEU
CPC006_THP1_6H:BRD-K31342827-001-05-4:12.12	DB03777	Bisindolylmaleimide I	-0.38226839462021656	-2.1577162173047846	<0.0001	<0.0001	THP1
CPC014_NEU_24H:BRD-K74733595-001-02-9:10	DB07350	(2E)-N-hydroxy-3-[1-methyl-4-(phenylacetyl)-1H-pyrrol-2-yl]prop-2-enamide	-0.3667971841795586	-2.155882356310763	<0.0001	<0.0001	NEU
CPC015_NPC_24H:BRD-A19037878:10	DB04297	Trichostatin A	-0.36736483033740946	-2.155754670269895	<0.0001	<0.0001	NPC
CPC014_NEU_24H:BRD-M30523314-002-01-5:10	DB00361	Vinorelbine	-0.3670951195533924	-2.153471454458697	<0.0001	<0.0001	NEU
NMH002_NEU_6H:BRD-K62012036-001-10-2:10	DB00459	Acitretin	-0.3168061680344569	-2.151393348707415	<0.0001	<0.0001	NEU
NMH002_NPC_24H:BRD-A50287119-001-01-5:10	DB00877	Sirolimus	0.38857744214018347	2.150955510056187	<0.0001	<0.0001	NPC
NMH002_NPC_6H:BRD-K61559475-001-07-7:10	DB14122	Dihydroxymethoxychalcone	0.33887365973158007	2.148952645851208	<0.0001	<0.0001	NPC
LJP007_NEU_24H:M10	DB05575	Motesanib	0.2964395969076907	2.1476860944140848	<0.0001	<0.0001	NEU
CPC012_NEU_24H:BRD-A19037878:10	DB04297	Trichostatin A	-0.36821306769609485	-2.1473774527973686	<0.0001	<0.0001	NEU
LJP007_NEU_24H:M04	DB07794	5-(2-PHENYLPYRAZOLO[1,5-A]PYRIDIN-3-YL)-1H-PYRAZOLO[3,4-C]PYRIDAZIN-3-AMINE	0.3129034632436238	2.1462752529997835	<0.0001	<0.0001	NEU
LJP008_NEU_24H:M06	DB02709	Resveratrol	0.33757964061402995	2.1462278843797566	<0.0001	<0.0001	NEU
LJP007_NEU_24H:D04	DB12494	SGI-1776	0.3145816783901657	2.145754266285905	<0.0001	<0.0001	NEU
NMH002_NEU_6H:BRD-A30142024-001-01-1:10	DB04447	1,4-Dithiothreitol	0.34746380907368846	2.1453724373237497	<0.0001	<0.0001	NEU
NMH002_NEU_24H:BRD-K98530306-003-13-4:10	DB00575	Clonidine	0.3347294092992566	2.1423140195216472	<0.0001	<0.0001	NEU
AML001_U937_24H:BRD-A45664787:10	DB01088	Iloprost	0.3387104172661449	2.1392723873262764	<0.0001	<0.0001	U937
LJP007_NEU_24H:B03	DB00877	Sirolimus	-0.31539012139335	-2.1389185359838154	<0.0001	<0.0001	NEU
LJP008_NEU_24H:A12	DB07232	Veliparib	0.31328482425842025	2.137850112580986	<0.0001	<0.0001	NEU
LJP007_NEU_24H:L07	DB11836	Sapanisertib	0.41298535642572703	2.135681043375054	<0.0001	<0.0001	NEU
LJP007_NEU_24H:I24	DB13005	Rebastinib	-0.2935630641729946	-2.135529669466788	<0.0001	<0.0001	NEU
LJP007_NEU_24H:K02	DB12064	BMS-777607	0.3186054614595269	2.133894581423773	<0.0001	<0.0001	NEU
CPC012_NEU_24H:BRD-K81418486:10	DB02546	Vorinostat	-0.37154002726221036	-2.131904561984281	<0.0001	<0.0001	NEU
LJP007_NEU_24H:I20	DB13005	Rebastinib	-0.32527860817774273	-2.13037466577586	<0.0001	<0.0001	NEU
LJP007_NEU_24H:E21	DB12021	Dinaciclib	-0.32158235382464917	-2.128705744964712	<0.0001	<0.0001	NEU
CPC016_NEU_24H:BRD-K82865713-001-02-6:10	DB02304	Prostaglandin B2	0.35487515939028264	2.1247623242502276	<0.0001	<0.0001	NEU
CPC006_SKM1_6H:BRD-K12502280-001-01-5:11.1	DB12500	Fedratinib	0.3686892070690719	2.124217489314404	<0.0001	<0.0001	SKM1
LJP007_NEU_24H:P20	DB11886	Infigratinib	0.32661925462803987	2.1237953698297836	<0.0001	<0.0001	NEU
CPC016_NPC_24H:BRD-K11399644-003-03-0:10	DB00914	Phenformin	0.3506294251658704	2.1183585342440856	<0.0001	<0.0001	NPC
LJP007_NEU_24H:E04	DB11743	Ipatasertib	-0.313110027199017	-2.118052226708891	<0.0001	<0.0001	NEU
LJP008_NEU_24H:D22	DB13978	Selisistat	-0.333262839061225	-2.115366797473271	<0.0001	<0.0001	NEU
NMH002_NEU_6H:BRD-K82261406-001-02-0:10	DB07374	Anisomycin	0.3879231624692995	2.1138712269060878	<0.0001	<0.0001	NEU
CPC012_NEU_24H:BRD-K68202742-001-06-6:10	DB04297	Trichostatin A	-0.391207997657051	-2.1116617150310355	<0.0001	<0.0001	NEU
LJP007_NPC.CAS9_24H:E20	DB12021	Dinaciclib	-0.3474296851492973	-2.111372369152599	<0.0001	<0.0001	NPC.CAS9
LJP008_NEU_24H:D24	DB13978	Selisistat	-0.328398354589024	-2.107000873580953	<0.0001	<0.0001	NEU
LJP008_NEU_24H:F03	DB12376	Ricolinostat	-0.34527831868855996	-2.1062354902064064	<0.0001	<0.0001	NEU
LJP007_NEU_24H:E07	DB05913	OSI-930	0.3589211776304403	2.1028253061690485	<0.0001	<0.0001	NEU
CPC017_NPC_24H:BRD-A92537424-001-03-9:10	DB01406	Danazol	0.35932669583945276	2.102227362852626	<0.0001	<0.0001	NPC
NMH002_NPC_24H:BRD-K02637541-001-13-1:10	DB00482	Celecoxib	-0.30945798755101905	-2.100881980793457	<0.0001	<0.0001	NPC
NMH002_NEU_24H:BRD-K79254416-001-12-7:10	DB01262	Decitabine	0.32883577794601654	2.099928976856916	<0.0001	<0.0001	NEU
NMH002_NEU_6H:BRD-K59946561-001-07-5:10	DB03374	3,5-Diiodotyrosine	-0.31581661612654627	-2.0945502316152784	<0.0001	<0.0001	NEU
CPC018_NPC_24H:BRD-K06902185-001-10-2:10	DB00350	Minoxidil	-0.34340529849382795	-2.0856962198911213	<0.0001	<0.0001	NPC
LJP007_NEU_24H:A14	DB12742	Amuvatinib	0.31012392526983745	2.0841989262644662	<0.0001	<0.0001	NEU
LJP008_NPC_24H:K09	DB11962	GSK-1059615	0.41232404537378575	2.0840805327407645	<0.0001	<0.0001	NPC
DOSBIO002_NEU_24H:BRD-K81418486:10	DB02546	Vorinostat	-0.3745829142377749	-2.0840472116040845	<0.0001	<0.0001	NEU
CPC006_U937_6H:BRD-K61033289-001-01-2:10	DB08435	(5E,14E)-11-oxoprosta-5,9,12,14-tetraen-1-oic acid	0.36166185586312327	2.0829502706198006	<0.0001	<0.0001	U937
CPC016_NPC_24H:BRD-K39915878-036-15-2:10	DB00408	Loxapine	-0.3471834345501855	-2.082166848559305	<0.0001	<0.0001	NPC
LJP008_NPC_24H:F05	DB12376	Ricolinostat	-0.35596252643562926	-2.0820019277719095	<0.0001	<0.0001	NPC
CPC006_SKM1_6H:BRD-K67844266-001-01-3:11.1	DB11759	Pevonedistat	-0.3918698618049211	-2.0737779974095476	<0.0001	<0.0001	SKM1
LJP008_NEU_24H:G18	DB01254	Dasatinib	-0.31492468378339133	-2.070401601145232	<0.0001	<0.0001	NEU
LJP009_NEU_24H:I22	DB11363	Alectinib	-0.3687312640258113	-2.0702045369123687	<0.0001	<0.0001	NEU
CPC013_NEU_24H:BRD-K68202742-001-05-8:10	DB04297	Trichostatin A	-0.36727598438760656	-2.069266985327241	<0.0001	<0.0001	NEU
CPC017_NPC_24H:BRD-A88080608-001-03-4:10	DB02187	Equilin	0.28172662074957217	2.067087175609441	<0.0001	<0.0001	NPC
NMH002_NEU_24H:BRD-A58048407-001-12-1:10	DB00393	Nimodipine	0.3384728795384517	2.0654120422191324	<0.0001	<0.0001	NEU
CPC006_PL21_6H:BRD-K98530306-003-07-6:10	DB00575	Clonidine	-0.37359615217686265	-2.0636659534653155	<0.0001	<0.0001	PL21
LJP007_NPC.CAS9_24H:F13	DB12247	AZD-4547	-0.3214289317305923	-2.0633691476116223	<0.0001	<0.0001	NPC.CAS9
LJP009_NEU_24H:D04	DB11775	PF-03758309	-0.332047216554365	-2.0629700808508153	<0.0001	<0.0001	NEU
CPC015_NPC_24H:BRD-K85603128-001-02-7:10	DB15480	Resorcinol monoacetate	0.32152843577297746	2.062801356317153	<0.0001	<0.0001	NPC
LJP007_JURKAT_24H:D24	DB06616	Bosutinib	0.349035694614482	2.0621267920250546	<0.0001	<0.0001	JURKAT
CPC006_U937_6H:BRD-K76188144-001-01-2:160	DB08263	N-(carboxycarbonyl)-D-phenylalanine	0.37389365825359616	2.059049788682941	<0.0001	<0.0001	U937
LJP008_NPC.TAK_24H:L23	DB05015	Belinostat	-0.3559454112213937	-2.056258825692246	<0.0001	<0.0001	NPC.TAK
CPC014_NEU_24H:BRD-K49865102-001-02-7:10	DB07101	PD-0325901	0.36189707876432	2.05593421746796	<0.0001	<0.0001	NEU
CPC006_SKM1_6H:BRD-K57080016-001-04-3:80	DB11689	Selumetinib	0.3736708906606501	2.0551268984908075	<0.0001	<0.0001	SKM1
LJP008_NEU_24H:F02	DB12376	Ricolinostat	-0.3205830319560125	-2.051782636157872	<0.0001	<0.0001	NEU
AML001_HL60_6H:BRD-A19500257:3.33333	DB02424	Geldanamycin	0.361551687571087	2.051529733603353	<0.0001	<0.0001	HL60
LJP007_NEU_24H:I23	DB13005	Rebastinib	-0.37169291400472576	-2.0512726978769713	<0.0001	<0.0001	NEU
CPC018_NPC_24H:BRD-K51662849-001-03-9:10	DB02255	Ilomastat	0.32619928222272915	2.050541194948991	<0.0001	<0.0001	NPC
CPC012_NEU_24H:BRD-K72238567-001-12-4:10	DB04441	2-Fluoroadenosine	-0.3097929724139355	-2.050470360191646	<0.0001	<0.0001	NEU
NMH002_NEU_24H:BRD-K81418486-001-29-3:10	DB02546	Vorinostat	-0.3511273236628095	-2.048883917223105	<0.0001	<0.0001	NEU
KMS002_THP1_6H:BRD-A75409952-001-02-4:10	DB08059	Wortmannin	0.3701439648657917	2.0452674044513603	<0.0001	<0.0001	THP1
NMH002_NPC_24H:BRD-K68202742-001-08-2:10	DB04297	Trichostatin A	-0.3454279695281738	-2.045007329927578	<0.0001	<0.0001	NPC
LJP007_NEU_24H:C03	DB11800	Tivozanib	-0.3081652742261973	-2.0444513560874022	<0.0001	<0.0001	NEU
LJP007_NPC.CAS9_24H:B04	DB01204	Mitoxantrone	-0.31472067945634113	-2.0419614544699627	<0.0001	<0.0001	NPC.CAS9
DOSBIO001_NEU_24H:BRD-A90490067:10	DB00947	Fulvestrant	-0.34721663259663743	-2.0414726192562576	<0.0001	<0.0001	NEU
LJP007_NEU_24H:M20	DB12874	Quizartinib	-0.3800383514462912	-2.0412455139651766	<0.0001	<0.0001	NEU
CPC012_NPC_24H:BRD-A61858259-001-01-0:10	DB11721	Mitoglitazone	0.3049519794058521	2.0410057118265015	<0.0001	<0.0001	NPC
LJP009_NEU_24H:N11	DB08896	Regorafenib	0.3527450264685736	2.0401861166027917	<0.0001	<0.0001	NEU
LJP007_NEU_24H:F06	DB12848	PF-04217903	0.3063363954723183	2.0399030729165655	<0.0001	<0.0001	NEU
LJP007_NEU_24H:P12	DB07859	4-(4-CHLOROPHENYL)-4-[4-(1H-PYRAZOL-4-YL)PHENYL]PIPERIDINE	-0.3267320875711956	-2.039366865004883	<0.0001	<0.0001	NEU
NMH002_NPC_24H:BRD-K58550667-001-04-6:10	DB12731	Daporinad	0.37470521699376325	2.0376100152608796	<0.0001	<0.0001	NPC
NMH002_NEU_6H:BRD-K71879491-001-29-1:10	DB00982	Isotretinoin	-0.3471497572867209	-2.0370382486435115	<0.0001	<0.0001	NEU
LJP007_NEU_24H:D02	DB12494	SGI-1776	0.2802718275019549	2.0363233622975865	<0.0001	<0.0001	NEU
CPC014_NEU_24H:BRD-K24994810-001-01-9:10	DB01889	16,17-Androstene-3-Ol	0.3378545655914563	2.034035469608593	<0.0001	<0.0001	NEU
CPC016_NEU_24H:BRD-K81418486:10	DB02546	Vorinostat	-0.3633392969715535	-2.033963954423986	<0.0001	<0.0001	NEU
LJP007_NEU_24H:H09	DB09053	Ibrutinib	0.31125088999010253	2.033621128017912	<0.0001	<0.0001	NEU
CPC014_NEU_24H:BRD-K73838513-003-01-4:10	DB01012	Cinacalcet	0.34797879314000807	2.0314141740083076	<0.0001	<0.0001	NEU
LJP007_NPC.TAK_24H:A03	DB02546	Vorinostat	-0.3570732227291724	-2.029409797930126	<0.0001	<0.0001	NPC.TAK
NMH002_NPC_24H:BRD-K71799949-001-29-9:10	DB00564	Carbamazepine	-0.2927152862163372	-2.0278745446686353	<0.0001	<0.0001	NPC
NMH002_NEU_24H:BRD-K92723993-066-14-4:10	DB00619	Imatinib	0.31113421451544676	2.02609023300833	<0.0001	<0.0001	NEU
LJP007_NEU_24H:H11	DB09053	Ibrutinib	0.336947126801745	2.0260103350866485	<0.0001	<0.0001	NEU
LJP007_NEU_24H:M21	DB12874	Quizartinib	-0.31864624680406634	-2.0251564707715777	<0.0001	<0.0001	NEU
CPC016_NEU_24H:BRD-K35708212-331-03-1:10	DB01092	Ouabain	0.35234029842527825	2.0224361977187026	<0.0001	<0.0001	NEU
AML001_HL60_24H:BRD-A45664787:0.37037	DB01088	Iloprost	0.3444193032572076	2.022096796840331	<0.0001	<0.0001	HL60
CPC013_NPC_24H:BRD-K68202742-001-05-8:10	DB04297	Trichostatin A	-0.33263957771013175	-2.0200921869508446	<0.0001	<0.0001	NPC
NMH002_NPC_6H:BRD-A56518012-003-03-7:10	DB00997	Doxorubicin	-0.3455671442143137	-2.020051439955781	<0.0001	<0.0001	NPC
LJP008_NPC_24H:L23	DB05015	Belinostat	-0.3319524080654923	-2.019631799685554	<0.0001	<0.0001	NPC
CPC016_NPC_24H:BRD-K08547377-003-03-2:10	DB00762	Irinotecan	-0.32008978793840054	-2.019210605941616	<0.0001	<0.0001	NPC
LJP008_NEU_24H:D23	DB13978	Selisistat	-0.33610739616958074	-2.017561015173675	<0.0001	<0.0001	NEU
CPC016_NEU_24H:BRD-K67100011-003-03-0:10	DB01605	Pivmecillinam	-0.33600525264790276	-2.0175030996452556	<0.0001	<0.0001	NEU
NMH002_NEU_6H:BRD-K93754473-001-16-9:10	DB00675	Tamoxifen	-0.3223848396916263	-2.016621738894347	<0.0001	<0.0001	NEU
LJP009_NEU_24H:K09	DB11962	GSK-1059615	0.37440464782951305	2.0165470336571527	<0.0001	<0.0001	NEU
NMH001_NEU_6H:BRD-A19037878-001-02-3:10	DB04297	Trichostatin A	-0.3638213334066372	-2.0145313992212976	<0.0001	<0.0001	NEU
NMH002_NPC_24H:BRD-K93754473-048-14-5:10	DB00675	Tamoxifen	0.3274567917609541	2.0144237742685185	<0.0001	<0.0001	NPC
LJP007_NEU_24H:A17	DB12742	Amuvatinib	0.3254076784279423	2.0143263815526073	<0.0001	<0.0001	NEU
LJP009_NEU_24H:L07	DB05984	RAF-265	0.33742723361267285	2.013043909683276	<0.0001	<0.0001	NEU
LJP009_NPC_24H:B04	DB01204	Mitoxantrone	-0.2902180477266716	-2.013015481264998	<0.0001	<0.0001	NPC
LJP008_NEU_24H:G24	DB00928	Azacitidine	-0.39059650640829574	-2.0101996955697805	<0.0001	<0.0001	NEU
CPC013_NEU_24H:BRD-K17743125-001-03-5:10	DB05015	Belinostat	-0.35162479457396684	-2.008549698863519	<0.0001	<0.0001	NEU
LJP007_NEU_24H:H12	DB09053	Ibrutinib	0.2997194793059769	2.0079708162718	<0.0001	<0.0001	NEU
CPC013_NEU_24H:BRD-K89839824-001-01-2:10	DB00293	Raltitrexed	0.341840242410703	2.0056927283342327	<0.0001	<0.0001	NEU
CPC016_NPC_24H:BRD-A19037878:10	DB04297	Trichostatin A	-0.32976982836293256	-2.004141146937827	<0.0001	<0.0001	NPC
LJP008_NEU_24H:I04	DB16239	Molibresib	0.3239236998912429	2.003801882799113	<0.0001	<0.0001	NEU
LJP007_NEU_24H:F17	DB12247	AZD-4547	-0.33158274539899796	-2.0034846480327593	<0.0001	<0.0001	NEU
CPC014_NPC_24H:BRD-A19037878:10	DB04297	Trichostatin A	-0.3515879466017329	-2.0030468468032505	<0.0001	<0.0001	NPC
LJP008_NPC.CAS9_24H:A03	DB02546	Vorinostat	-0.3394480078271769	-2.0011498522879134	<0.0001	<0.0001	NPC.CAS9
LJP007_NEU_24H:M18	DB07460	2-({5-CHLORO-2-[(2-METHOXY-4-MORPHOLIN-4-YLPHENYL)AMINO]PYRIMIDIN-4-YL}AMINO)-N-METHYLBENZAMIDE	-0.32058506010352916	-1.9993021242630347	<0.0001	<0.0001	NEU
LJP008_NEU_24H:A03	DB02546	Vorinostat	-0.3448512853902321	-1.998481436026118	<0.0001	<0.0001	NEU
NMH001_NEU_24H:BRD-A19037878-001-02-3:10	DB04297	Trichostatin A	-0.36139456970513173	-1.9977038920594115	<0.0001	<0.0001	NEU
LJP009_NEU_24H:B09	DB12242	AZD-7762	0.317451425104841	1.996863692778883	<0.0001	<0.0001	NEU
LJP007_NPC_24H:B04	DB01204	Mitoxantrone	-0.314052191101605	-1.9963640220870895	<0.0001	<0.0001	NPC
CPC014_NEU_24H:BRD-K37130656-001-01-2:10	DB06228	Rivaroxaban	0.29526857498863307	1.9954312763976318	<0.0001	<0.0001	NEU
CPC014_NEU_24H:BRD-A74904029-001-05-7:10	DB08473	Dichlororibofuranosylbenzimidazole	-0.33200368444171624	-1.9937161925485534	<0.0001	<0.0001	NEU
LJP007_NPC.CAS9_24H:A15	DB12742	Amuvatinib	-0.35415987762923445	-1.990777678652949	<0.0001	<0.0001	NPC.CAS9
NMH002_NEU_24H:BRD-K04923131-001-11-3:10	DB03444	6-bromoindirubin-3'-oxime	-0.3507375681277156	-1.9902289035077627	<0.0001	<0.0001	NEU
CPC006_SKM1_6H:BRD-A75409952:10	DB08059	Wortmannin	0.33814997753542486	1.988209267723601	<0.0001	<0.0001	SKM1
CPC015_NPC_24H:BRD-A41145729-001-02-7:10	DB08175	(2E,4E)-11-METHOXY-3,7,11-TRIMETHYLDODECA-2,4-DIENOIC ACID	-0.3008416067728458	-1.9856561293728352	<0.0001	<0.0001	NPC
NMH002_NPC_24H:BRD-K76773351-001-03-5:10	DB04769	5-QUINOXALIN-6-YLMETHYLENE-THIAZOLIDINE-2,4-DIONE	0.34718937774858727	1.9844439123169568	<0.0001	<0.0001	NPC
CPC016_NEU_24H:BRD-A19195498-050-09-1:10	DB00726	Trimipramine	-0.3081328117311368	-1.9840543408873224	<0.0001	<0.0001	NEU
NMH002_NEU_24H:BRD-A73908300-001-03-4:10	DB13978	Selisistat	0.3066368838053616	1.9836928147373332	<0.0001	<0.0001	NEU
CPC006_PL21_6H:BRD-A19633847-050-20-6:10	DB01074	Perhexiline	0.3717185005288468	1.9812433658060415	<0.0001	<0.0001	PL21
LJP007_JURKAT_24H:M01	DB07794	5-(2-PHENYLPYRAZOLO[1,5-A]PYRIDIN-3-YL)-1H-PYRAZOLO[3,4-C]PYRIDAZIN-3-AMINE	0.3877010435582011	1.9812211456497961	<0.0001	<0.0001	JURKAT
LJP007_NPC.TAK_24H:K10	DB11962	GSK-1059615	0.34219070974141014	1.9809911904598374	<0.0001	<0.0001	NPC.TAK
AML001_U937_24H:BRD-A19500257:1.11111	DB02424	Geldanamycin	0.352569146178563	1.9807919918267565	<0.0001	<0.0001	U937
CPC016_NEU_24H:BRD-K04111260-001-05-0:10	DB12518	Raclopride	-0.34519446251388786	-1.980351137748333	<0.0001	<0.0001	NEU
NMH002_NPC_24H:BRD-K23984367-075-10-3:10	DB15414	CM-4307	0.35078991416936584	1.9799184029641832	<0.0001	<0.0001	NPC
CPC012_NEU_24H:BRD-A19248578-001-03-7:10	DB08080	Latrunculin B	0.323364688617311	1.979364612448552	<0.0001	<0.0001	NEU
LJP007_NEU_24H:B18	DB12200	Tivantinib	-0.34480658034814815	-1.9777345765267953	<0.0001	<0.0001	NEU
LJP009_NEU_24H:B07	DB12242	AZD-7762	0.33076302853512213	1.9770172349243573	<0.0001	<0.0001	NEU
LJP007_NPC_24H:B03	DB00877	Sirolimus	0.363320565548153	1.976217439414336	<0.0001	<0.0001	NPC
CPC016_NPC_24H:BRD-K69600043-328-03-0:10	DB00372	Thiethylperazine	-0.3248815193489554	-1.9752197820282011	<0.0001	<0.0001	NPC
LJP008_NEU_24H:M16	DB01262	Decitabine	0.3042717282850157	1.9744777202244417	<0.0001	<0.0001	NEU
NMH002_NEU_24H:BRD-K40438880-001-03-8:10	DB03566	Spermidine	0.2998300237015661	1.9739571259550388	<0.0001	<0.0001	NEU
AML001_HL60_24H:BRD-A19500257:3.33333	DB02424	Geldanamycin	0.38704983995918557	1.972662179389821	<0.0001	<0.0001	HL60
CPC012_NPC_24H:BRD-K89626439-001-01-0:10	DB00877	Sirolimus	0.38224330537801815	1.9715482428597209	<0.0001	<0.0001	NPC
LJP008_NEU_24H:D02	DB09074	Olaparib	-0.31932337673285327	-1.967944501514245	<0.0001	<0.0001	NEU
CPC015_NPC_24H:BRD-K41731458-001-04-5:10	DB08604	Triclosan	0.3897312523958024	1.967635832043398	<0.0001	<0.0001	NPC
CPC015_NPC_24H:BRD-K82036761-003-07-0:10	DB01104	Sertraline	0.35170430728317303	1.9656741794747634	<0.0001	<0.0001	NPC
CPC018_NPC_24H:BRD-K48692744-001-01-2:10	DB02690	NU1025	0.31002737189274515	1.9627676331437571	<0.0001	<0.0001	NPC
LJP008_NPC_24H:B03	DB00877	Sirolimus	0.38118085311694827	1.9621367430689727	<0.0001	<0.0001	NPC
LJP009_NEU_24H:A03	DB02546	Vorinostat	-0.3400327586914453	-1.9608178979255109	<0.0001	<0.0001	NEU
LJP007_NEU_24H:E05	DB11743	Ipatasertib	-0.2872937545737991	-1.9598664710194111	<0.0001	<0.0001	NEU
NMH002_NEU_24H:BRD-K23984367-075-10-3:10	DB15414	CM-4307	0.32096615316428295	1.9595726382025094	<0.0001	<0.0001	NEU
LJP009_NPC.CAS9_24H:B13	DB11805	Saracatinib	-0.30573795782546437	-1.9591894903974092	<0.0001	<0.0001	NPC.CAS9
LPROT002_NPC.TAK_6H:E22	DB06195	Seliciclib	-0.31800116929009514	-1.9590152045183455	<0.0001	<0.0001	NPC.TAK
CPC017_NPC_24H:BRD-K29173907-001-03-5:10	DB14640	Isoflupredone acetate	-0.3317232836648749	-1.9585118951441634	<0.0001	<0.0001	NPC
LJP009_NEU_24H:E14	DB13113	JNJ-38877605	-0.3198139038831533	-1.957889508862246	<0.0001	<0.0001	NEU
LPROT003_NPC_6H:J01	DB08881	Vemurafenib	-0.32704853976227927	-1.957468726394303	<0.0001	<0.0001	NPC
NMH002_NEU_6H:BRD-K08316444-001-06-8:10	DB11457	Rotenone	0.3122893206855904	1.957454618680958	<0.0001	<0.0001	NEU
CPC006_PL21_6H:BRD-A75409952:10	DB08059	Wortmannin	0.40392907932343486	1.956031081970707	<0.0001	<0.0001	PL21
CPC018_NPC_24H:BRD-K77830450-001-02-4:10	DB02587	Colforsin	0.3019287251595782	1.9540596649698658	<0.0001	<0.0001	NPC
CPC012_NEU_24H:BRD-K89626439-001-01-0:10	DB00877	Sirolimus	-0.31194278131935127	-1.9509000852972287	<0.0001	<0.0001	NEU
LJP009_NEU_24H:F01	DB11962	GSK-1059615	-0.30871256375367073	-1.95027134224545	<0.0001	<0.0001	NEU
NMH002_NEU_6H:BRD-K81473043-001-07-0:10	DB05134	Tanespimycin	-0.31639220276074403	-1.949452407640188	<0.0001	<0.0001	NEU
LJP007_NPC_24H:E08	DB05913	OSI-930	0.34075436236479695	1.948923370749071	<0.0001	<0.0001	NPC
CPC015_NPC_24H:BRD-A62035778-004-02-8:10	DB00747	Scopolamine	0.3192952055842516	1.9488049868291455	<0.0001	<0.0001	NPC
CPC015_NPC_24H:BRD-A06390036-001-03-8:10	DB15300	Hydroquinidine	0.2867079304100832	1.948779200900115	<0.0001	<0.0001	NPC
CPC006_U937_6H:BRD-K31342827-001-05-4:12.12	DB03777	Bisindolylmaleimide I	-0.30868420076786396	-1.9478562266346786	<0.0001	<0.0001	U937
CPC016_NEU_24H:BRD-K76775527-001-15-3:10	DB04743	Nimesulide	0.30259518532820906	1.9458475997870308	<0.0001	<0.0001	NEU
NMH002_NPC_6H:BRD-K82261406-001-02-0:10	DB07374	Anisomycin	0.3633763162462722	1.9456340613296583	<0.0001	<0.0001	NPC
NMH002_NPC_24H:BRD-K13927029-001-02-7:10	DB00162	Vitamin A	0.2800044237646481	1.9442713517438999	<0.0001	<0.0001	NPC
NMH002_NEU_24H:BRD-A95074085-236-01-6:10	DB13242	Bucladesine	0.3149863254016357	1.9408259029690798	<0.0001	<0.0001	NEU
DOSBIO002_NEU_24H:BRD-A19037878:3.33333	DB04297	Trichostatin A	-0.3332469476371351	-1.940445221904064	<0.0001	<0.0001	NEU
DOSBIO002_NEU_24H:BRD-A19037878:1.11111	DB04297	Trichostatin A	-0.3535497907154173	-1.9390797075523407	<0.0001	<0.0001	NEU
LJP008_NEU_24H:I03	DB16239	Molibresib	-0.30753058216117835	-1.9387341584435502	<0.0001	<0.0001	NEU
LJP009_NEU_24H:E09	DB01782	Pyrazolanthrone	0.30992067686244035	1.93854797897328	<0.0001	<0.0001	NEU
LJP009_NEU_24H:L08	DB05984	RAF-265	0.311867336004649	1.937592764408013	<0.0001	<0.0001	NEU
NMH002_NEU_6H:BRD-A19500257-001-03-9:10	DB02424	Geldanamycin	-0.35013318626431844	-1.9371519497618985	<0.0001	<0.0001	NEU
LJP009_NEU_24H:D16	DB16108	TAK-715	0.3094771832306727	1.936183891805749	<0.0001	<0.0001	NEU
CPC012_NEU_24H:BRD-K14550461-001-01-3:10	DB06410	Doxercalciferol	-0.3354714719911661	-1.9357722838547167	<0.0001	<0.0001	NEU
LJP007_NPC.TAK_24H:I02	DB01268	Sunitinib	-0.32736294241615305	-1.9351813311891823	<0.0001	<0.0001	NPC.TAK
NMH002_NPC_24H:BRD-K54771420-001-09-9:10	DB02691	Glycocholic acid	-0.3082143502147226	-1.9333948924352953	<0.0001	<0.0001	NPC
LJP007_NPC.CAS9_24H:E03	DB11743	Ipatasertib	0.329474868408871	1.9318839626078117	<0.0001	<0.0001	NPC.CAS9
CPC015_NPC_24H:BRD-A29485665-001-03-7:10	DB02932	(R)-Bicalutamide	0.25462779703558375	1.9303203614276314	<0.0001	<0.0001	NPC
LPROT002_NPC.TAK_6H:K02	DB06803	Niclosamide	0.34714383587942	1.9287312875605511	<0.0001	<0.0001	NPC.TAK
LJP007_NPC_24H:K11	DB11962	GSK-1059615	0.321345590061346	1.9287020450240584	<0.0001	<0.0001	NPC
NMH002_NEU_6H:BRD-K79602928-003-15-7:10	DB00331	Metformin	0.3940446883940993	1.9280155607313554	<0.0001	<0.0001	NEU
LJP007_NEU_24H:M09	DB05575	Motesanib	0.285210835589218	1.927364946345158	<0.0001	<0.0001	NEU
LJP007_NEU_24H:M23	DB12874	Quizartinib	-0.2837726418271167	-1.926647343666059	<0.0001	<0.0001	NEU
CPC006_U937_6H:BRD-K15108141-001-01-7:0.08	DB00441	Gemcitabine	0.3397742141786499	1.925060794478249	<0.0001	<0.0001	U937
LJP008_NPC.TAK_24H:K10	DB11962	GSK-1059615	0.35150250118316156	1.9246516385833008	<0.0001	<0.0001	NPC.TAK
CPC016_NPC_24H:BRD-M00539986-051-01-1:10	DB01274	Arformoterol	-0.2950058554485856	-1.9242413642799476	<0.0001	<0.0001	NPC
CPC016_NEU_24H:BRD-K08547377-003-03-2:10	DB00762	Irinotecan	-0.34422800823950706	-1.9241619322227987	<0.0001	<0.0001	NEU
CPC014_NEU_24H:BRD-K14681867-015-01-6:10	DB09099	Somatostatin	-0.33933802738506075	-1.9228718335049393	<0.0001	<0.0001	NEU
CPC014_NEU_24H:BRD-K91900765-001-01-9:10	DB07138	Neflamapimod	0.3213833283593965	1.9226365299860952	<0.0001	<0.0001	NEU
AML001_HL60_6H:BRD-A19500257:1.11111	DB02424	Geldanamycin	0.34796096483983224	1.9200771051577963	<0.0001	<0.0001	HL60
CPC015_NPC_24H:BRD-K76534306-001-11-0:10	DB11404	Enrofloxacin	0.30840943086976164	1.9199657172966598	<0.0001	<0.0001	NPC
NMH002_NPC_24H:BRD-K01507359-001-11-2:10	DB01045	Rifampicin	0.2926057805510443	1.919074771938763	<0.0001	<0.0001	NPC
LJP008_NEU_24H:J06	DB12116	Epigallocatechin gallate	0.3742934728316591	1.917172169950767	<0.0001	<0.0001	NEU
LJP007_NEU_24H:K05	DB12064	BMS-777607	0.3025318289740597	1.917014913065206	<0.0001	<0.0001	NEU
LJP007_NPC_24H:F15	DB12247	AZD-4547	0.3453801441869368	1.915275250325839	<0.0001	<0.0001	NPC
LJP009_NEU_24H:E19	DB08901	Ponatinib	-0.29030154623858906	-1.9152494235137691	<0.0001	<0.0001	NEU
CPC006_SKM1_6H:BRD-K64890080-001-03-9:10	DB16107	BI 2536	0.32569912952074703	1.9145977655097568	<0.0001	<0.0001	SKM1
CPC014_NEU_24H:BRD-K51313569-001-02-9:10	DB09073	Palbociclib	0.32476847782004564	1.9145329082902063	<0.0001	<0.0001	NEU
LJP007_NEU_24H:M05	DB07794	5-(2-PHENYLPYRAZOLO[1,5-A]PYRIDIN-3-YL)-1H-PYRAZOLO[3,4-C]PYRIDAZIN-3-AMINE	0.2809076353570026	1.9134127100305873	<0.0001	<0.0001	NEU
LJP007_NEU_24H:M03	DB07794	5-(2-PHENYLPYRAZOLO[1,5-A]PYRIDIN-3-YL)-1H-PYRAZOLO[3,4-C]PYRIDAZIN-3-AMINE	-0.3130365035040884	-1.9127847998804246	<0.0001	<0.0001	NEU
LJP008_NPC.TAK_24H:A19	DB11740	MK-1775	-0.30401762513314456	-1.9126173410236487	<0.0001	<0.0001	NPC.TAK
LJP007_JURKAT_24H:O04	DB07101	PD-0325901	0.334516784547426	1.9113765075649385	<0.0001	<0.0001	JURKAT
NMH001_NPC_24H:BRD-K47029922-001-02-0:10	DB02665	(1R,2S)-2-Phenylcyclopropanaminium	0.30429524283936676	1.9111476920314263	<0.0001	<0.0001	NPC
CPC014_NEU_24H:BRD-A50454580-001-01-1:10	DB07101	PD-0325901	0.3206824681426876	1.910402545531855	<0.0001	<0.0001	NEU
CPC015_NPC_24H:BRD-A48237631-001-03-0:10	DB00305	Mitomycin	-0.30698442101878426	-1.91028535543729	<0.0001	<0.0001	NPC
LJP008_NPC_24H:A08	DB07232	Veliparib	-0.3090009746103756	-1.9087520181166797	<0.0001	<0.0001	NPC
CPC006_WSUDLCL2_6H:BRD-K35960502-001-10-1:10	DB06803	Niclosamide	0.33987506737310635	1.907713589209932	<0.0001	<0.0001	WSUDLCL2
LJP007_NEU_24H:P06	DB09054	Idelalisib	0.28882358142133857	1.9067901953942816	<0.0001	<0.0001	NEU
CPC015_NPC_24H:BRD-A04553218-050-08-9:10	DB13679	Dexchlorpheniramine	0.2936718975114419	1.9065951797070262	<0.0001	<0.0001	NPC
LJP009_NEU_24H:L09	DB05984	RAF-265	0.31245462462028967	1.9057741301842284	<0.0001	<0.0001	NEU
NMH002_NEU_6H:BRD-A13084692-001-10-8:10	DB08607	(5R)-5-(4-{[(2R)-6-HYDROXY-2,5,7,8-TETRAMETHYL-3,4-DIHYDRO-2H-CHROMEN-2-YL]METHOXY}BENZYL)-1,3-THIAZOLIDINE-2,4-DIONE	0.33217259902822205	1.9049890102798706	<0.0001	<0.0001	NEU
LJP009_NPC_24H:B09	DB12242	AZD-7762	0.3132031695227847	1.9049207231561096	<0.0001	<0.0001	NPC
LJP007_NEU_24H:I01	DB01268	Sunitinib	-0.27675183908181383	-1.9044210153293473	<0.0001	<0.0001	NEU
LJP008_NPC.TAK_24H:L19	DB05015	Belinostat	-0.3280443174506749	-1.9024572946685732	<0.0001	<0.0001	NPC.TAK
CPC016_NPC_24H:BRD-K17075857-001-06-9:10	DB01243	Chloroxine	0.2875775067935477	1.9018995268633152	<0.0001	<0.0001	NPC
NMH002_NEU_6H:BRD-K49685476-001-11-8:10	DB02877	Arotinoid acid	-0.30190916970391296	-1.9015547864587221	<0.0001	<0.0001	NEU
LJP007_JURKAT_24H:O01	DB07101	PD-0325901	0.3237619195234561	1.9003384336961056	<0.0001	<0.0001	JURKAT
CPC017_NPC_24H:BRD-A19037878:10	DB04297	Trichostatin A	-0.3219825779378412	-1.8999183378376208	<0.0001	<0.0001	NPC
CPC006_NOMO1_6H:BRD-A75817871-001-04-2:40	DB01944	(S)-blebbistatin	-0.3620700691628532	-1.8988588648989042	<0.0001	<0.0001	NOMO1
NMH002_NEU_24H:BRD-A19037878-001-02-3:10	DB04297	Trichostatin A	-0.3243968866700067	-1.8970362696478915	<0.0001	<0.0001	NEU
LJP009_NEU_24H:D01	DB11775	PF-03758309	-0.30147424468492523	-1.896489004504397	<0.0001	<0.0001	NEU
NMH002_NPC_6H:BRD-K87714311-001-01-9:10	DB03068	Zebularine	0.27543598234111255	1.8956819213986966	<0.0001	<0.0001	NPC
NMH002_NEU_24H:BRD-A13084692-001-10-8:10	DB08607	(5R)-5-(4-{[(2R)-6-HYDROXY-2,5,7,8-TETRAMETHYL-3,4-DIHYDRO-2H-CHROMEN-2-YL]METHOXY}BENZYL)-1,3-THIAZOLIDINE-2,4-DIONE	0.3372116481239719	1.8951589211255826	<0.0001	<0.0001	NEU
NMH001_NEU_24H:BRD-A75409952-001-04-0:10	DB08059	Wortmannin	-0.2860565619407867	-1.8925306937948951	<0.0001	<0.0001	NEU
NMH002_NEU_6H:BRD-K52313696-001-08-1:10	DB12291	Tacedinaline	-0.33779562371280825	-1.8921213776226553	<0.0001	<0.0001	NEU
CPC006_PL21_6H:BRD-K92241597-001-02-9:80	DB11781	Tosedostat	0.31464224759833853	1.8917531477285818	<0.0001	<0.0001	PL21
CPC006_SKM1_6H:BRD-K55395145-001-01-7:88.8	DB00642	Pemetrexed	-0.35487064487730596	-1.8916785792303021	<0.0001	<0.0001	SKM1
CPC006_NOMO1_6H:BRD-K18849474-001-01-0:79.44	DB12181	Dalcetrapib	-0.31792491523131605	-1.8888324426179348	<0.0001	<0.0001	NOMO1
LJP007_NEU_24H:J20	DB03044	Doramapimod	-0.3381677258477153	-1.8870068707883858	<0.0001	<0.0001	NEU
NMH002_NPC_24H:BRD-K01567962-001-16-4:10	DB01782	Pyrazolanthrone	0.3412265437052698	1.8853992293104245	<0.0001	<0.0001	NPC
LJP008_NPC.CAS9_24H:A20	DB11740	MK-1775	-0.2971450617134271	-1.8847205346783158	<0.0001	<0.0001	NPC.CAS9
NMH001_NPC_6H:BRD-A33749298-002-01-7:10	DB03585	Oxyphenbutazone	0.3303211248887445	1.8845473312552723	<0.0001	<0.0001	NPC
CPC012_NPC_24H:BRD-K02130563-001-06-4:10	DB06603	Panobinostat	-0.3256638431850141	-1.8844769263451124	<0.0001	<0.0001	NPC
CPC015_NPC_24H:BRD-K63550407-001-08-5:10	DB00199	Erythromycin	0.2922289480076881	1.8844391553840023	<0.0001	<0.0001	NPC
PCLB001_JURKAT_24H:BRD-K36452089-001-01-8:10	DB07726	t-Butylhydroquinone	0.3066953227332472	1.8843502786964286	<0.0001	<0.0001	JURKAT
LJP007_NPC_24H:P03	DB09054	Idelalisib	-0.3189722583257406	-1.8838176058671252	<0.0001	<0.0001	NPC
CPC017_NPC_24H:BRD-K12867552-001-01-3:10	DB12565	Abexinostat	-0.3256951213424604	-1.8804375197177277	<0.0001	<0.0001	NPC
NMH001_NPC_24H:BRD-K67097529-001-01-1:10	DB04466	SR12813	0.3542786390539959	1.880198692395875	<0.0001	<0.0001	NPC
LJP007_NPC_24H:M22	DB12874	Quizartinib	-0.34420444556519986	-1.880109048185501	<0.0001	<0.0001	NPC
LJP009_NEU_24H:H11	DB08912	Dabrafenib	0.34418926092442687	1.880075700472323	<0.0001	<0.0001	NEU
NMH002_NEU_24H:BRD-K08316444-001-06-8:10	DB11457	Rotenone	-0.29914691466133064	-1.878211259483334	<0.0001	<0.0001	NEU
CPC006_NOMO1_6H:BRD-A71390734-001-01-7:0.08	DB01177	Idarubicin	0.3263505091049364	1.8780110994768866	<0.0001	<0.0001	NOMO1
LJP009_NPC_24H:K12	DB11962	GSK-1059615	0.32885964861082667	1.8771631423882138	<0.0001	<0.0001	NPC
CPC006_SKM1_6H:BRD-K61033289-001-01-2:10	DB08435	(5E,14E)-11-oxoprosta-5,9,12,14-tetraen-1-oic acid	0.3184640426982813	1.877095116230105	<0.0001	<0.0001	SKM1
CPC012_NPC_24H:BRD-A19037878:10	DB04297	Trichostatin A	-0.3271231192852682	-1.8760269676008434	<0.0001	<0.0001	NPC
LJP009_NPC_24H:A03	DB02546	Vorinostat	-0.31868904380933283	-1.8759858786023302	<0.0001	<0.0001	NPC
LJP008_NEU_24H:F05	DB12376	Ricolinostat	-0.30206705895686803	-1.875525947721739	<0.0001	<0.0001	NEU
LJP007_NEU_24H:P23	DB11886	Infigratinib	0.29004192109975363	1.8753074395838234	<0.0001	<0.0001	NEU
NMH002_NPC_6H:BRD-K99792991-001-29-9:10	DB00756	Hexachlorophene	0.3118050903570592	1.8750943012814636	<0.0001	<0.0001	NPC
LJP007_NPC.TAK_24H:E04	DB11743	Ipatasertib	0.32092668686840864	1.8724834426859942	<0.0001	<0.0001	NPC.TAK
LJP008_NPC.CAS9_24H:L24	DB05015	Belinostat	-0.3253188742706899	-1.8722868977830214	<0.0001	<0.0001	NPC.CAS9
CPC015_NPC_24H:BRD-K09416995-001-21-7:10	DB00227	Lovastatin	0.2950811104104399	1.8713645711502331	<0.0001	<0.0001	NPC
NMH002_NEU_24H:BRD-A91699651-001-02-4:10	DB00608	Chloroquine	-0.302347381620208	-1.8706162166983389	<0.0001	<0.0001	NEU
NMH002_NEU_6H:BRD-K76723084-001-19-0:10	DB00982	Isotretinoin	-0.29405778744093547	-1.8705293822693678	<0.0001	<0.0001	NEU
LJP009_NPC.CAS9_24H:A03	DB02546	Vorinostat	-0.32004477472147425	-1.8697339693222872	<0.0001	<0.0001	NPC.CAS9
AML001_HL60_24H:BRD-A19500257:1.11111	DB02424	Geldanamycin	0.3579993938306701	1.86874081259547	<0.0001	<0.0001	HL60
LJP007_NEU_24H:D20	DB06616	Bosutinib	-0.28803777632092953	-1.8681687636582864	<0.0001	<0.0001	NEU
CPC006_SKM1_6H:BRD-K19295594-001-08-5:11.1	DB13044	Gossypol	0.31004262850336545	1.8667300802771074	<0.0001	<0.0001	SKM1
CPC016_NEU_24H:BRD-K61496577-001-03-8:10	DB00663	Flumethasone	0.3043287359073936	1.86641763828196	<0.0001	<0.0001	NEU
CPC015_NPC_24H:BRD-K88625236-001-03-4:10	DB06804	Nonoxynol-9	0.35524442165884973	1.8663281469172999	<0.0001	<0.0001	NPC
CPC012_NEU_24H:BRD-K02130563-001-06-4:10	DB06603	Panobinostat	-0.3399969921243402	-1.86563010511378	<0.0001	<0.0001	NEU
CPC006_U937_6H:BRD-K78659596-001-01-3:10	DB09570	Ixazomib	0.3248380245802381	1.8648224896595837	<0.0001	<0.0001	U937
CPC006_SKM1_6H:BRD-K35960502-001-10-1:10	DB06803	Niclosamide	0.3266481274490605	1.863621176470723	<0.0001	<0.0001	SKM1
LJP008_NPC_24H:D23	DB13978	Selisistat	-0.3238279400946888	-1.8633394656939903	<0.0001	<0.0001	NPC
CPC006_PL21_6H:BRD-K35960502-001-10-1:10	DB06803	Niclosamide	0.3112165358468922	1.863335997509663	<0.0001	<0.0001	PL21
CPC015_NPC_24H:BRD-K90333595-003-14-9:10	DB00692	Phentolamine	0.3052172036200253	1.8629351525770186	<0.0001	<0.0001	NPC
CPC014_NEU_24H:BRD-K54472332-001-01-8:10	DB09101	Elvitegravir	-0.2814652180347529	-1.860343289006761	<0.0001	<0.0001	NEU
LJP009_NPC.CAS9_24H:O05	DB07101	PD-0325901	-0.31486443656237767	-1.8601611964272982	<0.0001	<0.0001	NPC.CAS9
NMH001_NEU_24H:BRD-K73251053-001-01-0:10	DB04017	Clorgiline	0.2956201040779876	1.8597561063783765	<0.0001	<0.0001	NEU
CPC006_PL21_6H:BRD-A13084692-001-04-1:10	DB08607	(5R)-5-(4-{[(2R)-6-HYDROXY-2,5,7,8-TETRAMETHYL-3,4-DIHYDRO-2H-CHROMEN-2-YL]METHOXY}BENZYL)-1,3-THIAZOLIDINE-2,4-DIONE	-0.3049116731886844	-1.8587677670970608	<0.0001	<0.0001	PL21
NMH002_NEU_24H:BRD-K79602928-003-15-7:10	DB00331	Metformin	0.3323955212068314	1.8586136390201249	<0.0001	<0.0001	NEU
NMH002_NPC_24H:BRD-K93258693-001-12-4:10	DB07863	2-chloro-5-nitro-N-phenylbenzamide	0.26805404181496906	1.858561679525423	<0.0001	<0.0001	NPC
LJP007_NEU_24H:E03	DB11743	Ipatasertib	-0.2936422795886587	-1.8582507595629365	<0.0001	<0.0001	NEU
NMH002_NEU_24H:BRD-K81418486-001-22-8:10	DB02546	Vorinostat	-0.3295635212566959	-1.8576834781524432	<0.0001	<0.0001	NEU
CPC006_NOMO1_6H:BRD-K35723520-001-01-0:10	DB06179	Darinaparsin	-0.3084547249740814	-1.8565256996251724	<0.0001	<0.0001	NOMO1
LJP007_NPC.TAK_24H:B12	DB07970	5-[(2-methyl-5-{[3-(trifluoromethyl)phenyl]carbamoyl}phenyl)amino]pyridine-3-carboxamide	-0.2982516920281179	-1.8558917540615254	<0.0001	<0.0001	NPC.TAK
NMH002_NEU_6H:BRD-K26657438-001-10-3:10	DB00724	Imiquimod	0.3115843127062236	1.8542488804828785	<0.0001	<0.0001	NEU
LJP007_NPC.CAS9_24H:I01	DB01268	Sunitinib	-0.28916258570166503	-1.854038516506013	<0.0001	<0.0001	NPC.CAS9
LJP008_NEU_24H:M17	DB01262	Decitabine	0.2730125673621412	1.8535716714410455	<0.0001	<0.0001	NEU
NMH001_NPC_24H:BRD-K69726342-001-02-6:10	DB01076	Atorvastatin	0.32193739507319197	1.8529789000382142	<0.0001	<0.0001	NPC
LJP007_NEU_24H:K01	DB12064	BMS-777607	-0.3315722772869294	-1.8525365712001263	<0.0001	<0.0001	NEU
CPC006_WSUDLCL2_6H:BRD-K78659596-001-01-3:10	DB09570	Ixazomib	0.34518123503017545	1.8519214600551646	<0.0001	<0.0001	WSUDLCL2
LJP007_NPC_24H:E02	DB11743	Ipatasertib	0.32136569563088946	1.8517648794367947	<0.0001	<0.0001	NPC
LJP009_NEU_24H:K21	DB12432	CC-401	0.3021051694036205	1.8514887527826613	<0.0001	<0.0001	NEU
LJP008_NEU_24H:I05	DB16239	Molibresib	0.30249707698831435	1.8508871965306593	<0.0001	<0.0001	NEU
AML001_HL60_24H:BRD-A19500257:0.37037	DB02424	Geldanamycin	0.3510144025145111	1.8508750443675237	<0.0001	<0.0001	HL60
CPC014_NPC_24H:BRD-K83794624-001-01-7:10	DB11616	Pirarubicin	-0.2893228101412638	-1.8507189558257444	<0.0001	<0.0001	NPC
LJP007_NEU_24H:F03	DB12848	PF-04217903	0.30033180244286917	1.8501269595531917	<0.0001	<0.0001	NEU
LJP009_NEU_24H:B22	DB16107	BI 2536	-0.29601392912582913	-1.849992920124489	<0.0001	<0.0001	NEU
LPROT003_NPC_6H:L15	DB11651	Dactolisib	0.37249120793082324	1.849826940100175	<0.0001	<0.0001	NPC
LJP008_NPC.CAS9_24H:A19	DB11740	MK-1775	-0.303755245436418	-1.8496830334482706	<0.0001	<0.0001	NPC.CAS9
NMH002_NEU_24H:BRD-K17561142-003-25-9:10	DB01118	Amiodarone	-0.29507961611250433	-1.8494190339258723	<0.0001	<0.0001	NEU
CPC018_NPC_24H:BRD-A36267905-003-12-7:10	DB06152	Nylidrin	-0.2959107444444675	-1.8489145389513897	<0.0001	<0.0001	NPC
NMH002_NEU_6H:BRD-A56518012-003-03-7:10	DB00997	Doxorubicin	-0.2946330964975627	-1.8475213620630364	<0.0001	<0.0001	NEU
CPC015_NPC_24H:BRD-K45252063-001-06-0:10	DB00636	Clofibrate	0.28022727860672186	1.8472265453469658	<0.0001	<0.0001	NPC
LJP009_NPC.CAS9_24H:B19	DB16107	BI 2536	0.3395661853437514	1.8470826024094305	<0.0001	<0.0001	NPC.CAS9
LJP007_NPC_24H:J19	DB03044	Doramapimod	0.31487129021401433	1.8470399731935803	<0.0001	<0.0001	NPC
LJP008_NEU_24H:L22	DB05015	Belinostat	-0.33044190045122995	-1.8456053215381905	<0.0001	<0.0001	NEU
LJP007_NEU_24H:B16	DB12200	Tivantinib	-0.3145837311765218	-1.841570537421199	<0.0001	<0.0001	NEU
LJP007_NPC.TAK_24H:A15	DB12742	Amuvatinib	-0.3019771725678585	-1.8400476046000305	<0.0001	<0.0001	NPC.TAK
CPC017_NPC_24H:BRD-K23383398-001-01-6:10	DB07080	TO-901317	-0.3012322903842	-1.8396368211851846	<0.0001	<0.0001	NPC
LJP009_NPC_24H:O04	DB07101	PD-0325901	-0.32048690903138405	-1.8388396417589823	<0.0001	<0.0001	NPC
LJP009_NPC.TAK_24H:G12	DB08521	4-[4-(4-Fluorophenyl)-2-[4-[(R)-methylsulfinyl]phenyl]-1H-imidazol-5-yl]pyridine	0.29982762653201406	1.8386945361258904	<0.0001	<0.0001	NPC.TAK
DOSBIO002_NPC_24H:BRD-A19037878:3.33333	DB04297	Trichostatin A	-0.31860798763506804	-1.8383221256700961	<0.0001	<0.0001	NPC
LPROT003_NPC_6H:N15	DB11648	Afuresertib	0.31006760474347017	1.8382378344865409	<0.0001	<0.0001	NPC
LJP007_NPC.CAS9_24H:D01	DB12494	SGI-1776	-0.2724659763129123	-1.8359925155948804	<0.0001	<0.0001	NPC.CAS9
CPC006_PL21_6H:BRD-K01976263-003-04-5:0.63	DB01735	3-Chloroalaninate	0.3007330946714874	1.8351443660540865	<0.0001	<0.0001	PL21
NMH002_NPC_24H:BRD-A79067928-001-04-3:10	DB00773	Etoposide	-0.2950939349632133	-1.8350860913688394	<0.0001	<0.0001	NPC
CPC015_NPC_24H:BRD-K25394294-001-08-1:10	DB00991	Oxaprozin	0.2938536218808111	1.8330773322614131	<0.0001	<0.0001	NPC
LJP009_NEU_24H:F04	DB11962	GSK-1059615	-0.3172842002884816	-1.832640734870266	<0.0001	<0.0001	NEU
CPC015_NPC_24H:BRD-K57033106-048-03-6:10	DB00792	Tripelennamine	0.27576863193233975	1.832347186182087	<0.0001	<0.0001	NPC
NMH002_NEU_24H:BRD-K68202742-001-08-2:10	DB04297	Trichostatin A	-0.3228291030873468	-1.8318765888595736	<0.0001	<0.0001	NEU
CPC016_NEU_24H:BRD-A06352508-001-02-9:10	DB08683	REL-(9R,12S)-9,10,11,12-TETRAHYDRO-9,12-EPOXY-1H-DIINDOLO[1,2,3-FG:3',2',1'-KL]PYRROLO[3,4-I][1,6]BENZODIAZOCINE-1,3(2H)-DIONE	0.2883356875084482	1.8315845912572957	<0.0001	<0.0001	NEU
NMH002_NEU_6H:BRD-A97437073-050-09-5:10	DB00412	Rosiglitazone	0.3126162237030642	1.8308293144179324	<0.0001	<0.0001	NEU
CPC018_NPC_24H:BRD-A19037878:10	DB04297	Trichostatin A	-0.31488625171120044	-1.8304211393340462	<0.0001	<0.0001	NPC
NMH002_NEU_24H:BRD-K24994810-001-02-7:10	DB01889	16,17-Androstene-3-Ol	-0.2709122831447714	-1.8297386663711994	<0.0001	<0.0001	NEU
LJP007_NPC.CAS9_24H:L11	DB11836	Sapanisertib	0.3504464044156069	1.8291541651494905	<0.0001	<0.0001	NPC.CAS9
NMH002_NEU_24H:BRD-A09533288-003-26-2:10	DB14063	Dexverapamil	-0.301340638564262	-1.8263023517565045	<0.0001	<0.0001	NEU
NMH001_NPC_24H:BRD-A31159102-001-02-7:10	DB08544	(S)-Fluoxetine	0.3132665205421393	1.8261248929544622	<0.0001	<0.0001	NPC
NMH001_NPC_24H:BRD-K66296774-001-05-3:10	DB01095	Fluvastatin	0.3242568664629663	1.8251049099439562	<0.0001	<0.0001	NPC
CPC014_NEU_24H:BRD-K07265709-003-01-5:10	DB00380	Dexrazoxane	0.28111400960416166	1.825017121910192	<0.0001	<0.0001	NEU
LJP009_NEU_24H:L22	DB12588	AZD-1480	-0.3042667392642596	-1.8240932972726576	<0.0001	<0.0001	NEU
LPROT003_NPC_6H:P15	DB12015	Alpelisib	0.34043050915809414	1.8239434982161686	<0.0001	<0.0001	NPC
LJP008_NEU_24H:M14	DB01262	Decitabine	0.28519150594801335	1.8239137800862584	<0.0001	<0.0001	NEU
LJP008_NEU_24H:D03	DB09074	Olaparib	-0.288732971855399	-1.822554781482253	<0.0001	<0.0001	NEU
CPC006_SKM1_6H:BRD-K18849474-001-01-0:79.44	DB12181	Dalcetrapib	-0.30424367520765494	-1.8224334753496696	<0.0001	<0.0001	SKM1
CPC015_NPC_24H:BRD-K22134346-001-11-6:10	DB00641	Simvastatin	0.30894882863419476	1.8223698550545098	<0.0001	<0.0001	NPC
LJP008_NEU_24H:A04	DB05134	Tanespimycin	0.2997265395139347	1.8212936860948286	<0.0001	<0.0001	NEU
CPC006_WSUDLCL2_6H:BRD-K81651477-001-03-5:20	DB13063	Parthenolide	-0.295966141408505	-1.8204022829181243	<0.0001	<0.0001	WSUDLCL2
LJP008_NEU_24H:C08	DB13877	Iniparib	-0.2751016756098855	-1.8198071722417213	<0.0001	<0.0001	NEU
LJP009_NPC.CAS9_24H:I18	DB12146	Rigosertib	-0.3018705286796571	-1.8196823682721588	<0.0001	<0.0001	NPC.CAS9
NMH002_NEU_24H:BRD-K43797669-001-16-3:10	DB01645	Genistein	0.2597981043252575	1.8196667302498644	<0.0001	<0.0001	NEU
CPC006_NOMO1_6H:BRD-K35960502-001-10-1:10	DB06803	Niclosamide	0.31978285896926567	1.8195661486130794	<0.0001	<0.0001	NOMO1
LJP007_NEU_24H:A15	DB12742	Amuvatinib	-0.3045580222670338	-1.8190716141521834	<0.0001	<0.0001	NEU
LJP007_NPC.CAS9_24H:M14	DB07460	2-({5-CHLORO-2-[(2-METHOXY-4-MORPHOLIN-4-YLPHENYL)AMINO]PYRIMIDIN-4-YL}AMINO)-N-METHYLBENZAMIDE	0.3364127068162281	1.8189077573220984	<0.0001	<0.0001	NPC.CAS9
LJP007_NPC.TAK_24H:H11	DB09053	Ibrutinib	0.30538514879959966	1.8187505825584178	<0.0001	<0.0001	NPC.TAK
LJP007_NEU_24H:I19	DB13005	Rebastinib	-0.2643571475195725	-1.818691913414716	<0.0001	<0.0001	NEU
LJP008_NPC.TAK_24H:J07	DB05223	Pracinostat	-0.3235751829102798	-1.8183282549538353	<0.0001	<0.0001	NPC.TAK
LJP007_NEU_24H:M19	DB12874	Quizartinib	-0.2822314940133853	-1.8171874113085589	<0.0001	<0.0001	NEU
LJP009_NEU_24H:E08	DB01782	Pyrazolanthrone	0.28540990593541227	1.8153728208231201	<0.0001	<0.0001	NEU
CPC017_NPC_24H:BRD-K81418486:10	DB02546	Vorinostat	-0.31103914514519293	-1.8151404674499136	<0.0001	<0.0001	NPC
NMH002_NPC_24H:BRD-K93754473-001-16-9:10	DB00675	Tamoxifen	0.3315392448386626	1.8144645274535778	<0.0001	<0.0001	NPC
LJP009_NPC_24H:P22	DB09074	Olaparib	-0.31099269726053913	-1.8143303467014853	<0.0001	<0.0001	NPC
LJP009_NEU_24H:B20	DB16107	BI 2536	-0.29847524720789986	-1.814307117080809	<0.0001	<0.0001	NEU
LJP007_NPC_24H:P06	DB09054	Idelalisib	-0.3213355801790679	-1.8141762226875136	<0.0001	<0.0001	NPC
CPC015_NPC_24H:BRD-K81418486:10	DB02546	Vorinostat	-0.3206647198007125	-1.8140575069698006	<0.0001	<0.0001	NPC
LPROT003_NPC_6H:B07	DB03496	Alvocidib	-0.29490242597540556	-1.8139976525055421	<0.0001	<0.0001	NPC
LJP008_NPC.TAK_24H:A08	DB07232	Veliparib	-0.33531031941281053	-1.8138045326430823	<0.0001	<0.0001	NPC.TAK
LJP007_JURKAT_24H:K01	DB12064	BMS-777607	0.31549860334404645	1.812890614242848	<0.0001	<0.0001	JURKAT
NMH002_NEU_24H:BRD-K70131229-003-01-2:10	DB02678	beta-D-Galactosamine	0.3031267175279749	1.8128823975874582	<0.0001	<0.0001	NEU
NMH002_NEU_24H:BRD-A93255169-001-21-8:10	DB01041	Thalidomide	0.2990521120395318	1.8127773589179847	<0.0001	<0.0001	NEU
CPC018_NPC_24H:BRD-K81418486:10	DB02546	Vorinostat	-0.316563980759331	-1.8126242084154147	<0.0001	<0.0001	NPC
CPC006_SKM1_6H:BRD-K56343971-001-02-3:10	DB08881	Vemurafenib	0.3056865210989818	1.8124852386864743	<0.0001	<0.0001	SKM1
DOSBIO002_NPC_24H:BRD-A19500257:0.37037	DB02424	Geldanamycin	0.3128685189185659	1.8122956856669181	<0.0001	<0.0001	NPC
NMH002_NEU_24H:BRD-K45528773-001-04-9:10	DB02565	4-(dimethylamino)-N-[7-(hydroxyamino)-7-oxoheptyl]benzamide	-0.3166953676725001	-1.8118626940451108	<0.0001	<0.0001	NEU
LJP009_NPC.TAK_24H:P20	DB09074	Olaparib	-0.2984132323877057	-1.8117473137880091	<0.0001	<0.0001	NPC.TAK
NMH002_NPC_24H:BRD-K47192521-001-04-7:10	DB00159	Icosapent	0.2781136827393376	1.811375006338457	<0.0001	<0.0001	NPC
CPC017_NPC_24H:BRD-K16444452-001-03-4:10	DB05266	Ibudilast	-0.2997456772596998	-1.8111776989126758	<0.0001	<0.0001	NPC
LJP007_NPC.TAK_24H:D24	DB06616	Bosutinib	-0.2910228322121111	-1.810834576719551	<0.0001	<0.0001	NPC.TAK
LJP009_NPC.CAS9_24H:F01	DB11962	GSK-1059615	-0.2720685688775328	-1.8103713835644062	<0.0001	<0.0001	NPC.CAS9
DOSBIO001_NPC_24H:BRD-A19500257:1.11111	DB02424	Geldanamycin	0.3328365747867485	1.8102528763544523	<0.0001	<0.0001	NPC
DOSBIO002_NPC_24H:BRD-A19037878:10	DB04297	Trichostatin A	-0.29887128387331	-1.8101928954234938	<0.0001	<0.0001	NPC
AML001_HL60_6H:BRD-A75409952:3.33333	DB08059	Wortmannin	0.33458009120656285	1.8099912263902866	<0.0001	<0.0001	HL60
LJP008_NEU_24H:D01	DB09074	Olaparib	-0.2922150025501539	-1.8098913843695115	<0.0001	<0.0001	NEU
LJP009_NPC_24H:L09	DB05984	RAF-265	0.33529599999937443	1.8091681785275195	<0.0001	<0.0001	NPC
LJP007_JURKAT_24H:M10	DB05575	Motesanib	-0.30191742367925023	-1.8082069669969243	<0.0001	<0.0001	JURKAT
LJP007_NPC.CAS9_24H:B16	DB12200	Tivantinib	-0.31301738550058306	-1.8080832494894552	<0.0001	<0.0001	NPC.CAS9
LJP009_NPC_24H:H07	DB08912	Dabrafenib	0.30492714216075834	1.8079546370910375	<0.0001	<0.0001	NPC
CPC017_NPC_24H:BRD-A25687296-300-03-5:10	DB13393	Emetine	0.38845398851087193	1.807137084266859	<0.0001	<0.0001	NPC
LJP008_NPC_24H:F02	DB12376	Ricolinostat	-0.328861379148932	-1.806886455394168	<0.0001	<0.0001	NPC
CPC015_NPC_24H:BRD-A48430263-003-06-5:10	DB01132	Pioglitazone	0.289932310337181	1.8067765687226884	<0.0001	<0.0001	NPC
LJP007_NEU_24H:L09	DB11836	Sapanisertib	0.3481782453656181	1.8048372172089544	<0.0001	<0.0001	NEU
CPC013_NEU_24H:BRD-K31553034-001-01-4:10	DB06629	Zibotentan	-0.3042499260042117	-1.8043590043412039	<0.0001	<0.0001	NEU
CPC014_NEU_24H:BRD-K84639753-066-01-9:10	DB06654	Safinamide	-0.2990240560847703	-1.804006753642125	<0.0001	<0.0001	NEU
DOSBIO001_NEU_24H:BRD-K81418486:10	DB02546	Vorinostat	-0.30890819970756833	-1.802205039451221	<0.0001	<0.0001	NEU
AML001_HL60_24H:BRD-A75409952:1.11111	DB08059	Wortmannin	-0.32362149293897746	-1.8009226782981076	<0.0001	<0.0001	HL60
LJP007_NPC.TAK_24H:M09	DB05575	Motesanib	0.30838674237129315	1.8001951224023365	<0.0001	<0.0001	NPC.TAK
CPC015_NPC_24H:BRD-A13650332-236-03-9:10	DB00301	Flucloxacillin	-0.2980572139937568	-1.800141950945937	<0.0001	<0.0001	NPC
NMH002_NPC_24H:BRD-K41170226-001-10-4:10	DB03619	Deoxycholic acid	0.25696464743267927	1.7999974414135869	<0.0001	<0.0001	NPC
CPC014_NEU_24H:BRD-K52911425-001-02-3:10	DB11663	Pictilisib	-0.3006249787648488	-1.7996457672589625	<0.0001	<0.0001	NEU
AML001_U937_6H:BRD-A75409952:10	DB08059	Wortmannin	0.32458295418556316	1.7992706149564803	<0.0001	<0.0001	U937
CPC015_NPC_24H:BRD-A05186015-003-09-9:10	DB01156	Bupropion	0.28828201979277085	1.7969779436433424	<0.0001	<0.0001	NPC
CPC015_NPC_24H:BRD-A34806832-001-02-7:10	DB13307	Proscillaridin	0.3503700382913959	1.7964232097896429	<0.0001	<0.0001	NPC
NMH002_NPC_6H:BRD-K12184916-001-08-9:10	DB11651	Dactolisib	0.3407453351607607	1.7963592008244795	<0.0001	<0.0001	NPC
LJP007_NEU_24H:B13	DB12200	Tivantinib	-0.27968000094020734	-1.7958947396356197	<0.0001	<0.0001	NEU
LJP009_NPC.TAK_24H:A03	DB02546	Vorinostat	-0.315117758850997	-1.7956083041455941	<0.0001	<0.0001	NPC.TAK
LJP007_NEU_24H:I05	DB01268	Sunitinib	0.31091839414783723	1.795093335634986	<0.0001	<0.0001	NEU
NMH002_NEU_6H:BRD-K31342827-001-12-0:10	DB03777	Bisindolylmaleimide I	-0.29439128949345406	-1.795064142914185	<0.0001	<0.0001	NEU
CPC006_PL21_6H:BRD-K52075040-001-03-0:44.4	DB01034	Cerulenin	0.3284732872867089	1.79502202988558	<0.0001	<0.0001	PL21
LJP009_NEU_24H:P20	DB09074	Olaparib	0.26693863614993296	1.7944766281390847	<0.0001	<0.0001	NEU
CPC006_PL21_6H:BRD-K19295594-001-08-5:11.1	DB13044	Gossypol	0.2982633429244222	1.7938598781282582	<0.0001	<0.0001	PL21
LJP009_NPC.TAK_24H:E14	DB13113	JNJ-38877605	0.293222385799915	1.7934931574077035	<0.0001	<0.0001	NPC.TAK
LJP008_NEU_24H:N11	DB02665	(1R,2S)-2-Phenylcyclopropanaminium	0.2774930923533698	1.7932235360740765	<0.0001	<0.0001	NEU
NMH002_NPC_24H:BRD-A75409952-001-04-0:10	DB08059	Wortmannin	0.30562408493304716	1.7925390705037048	<0.0001	<0.0001	NPC
CPC006_WSUDLCL2_6H:BRD-A75409952:10	DB08059	Wortmannin	0.34535072499787844	1.7920125359070962	<0.0001	<0.0001	WSUDLCL2
LJP008_NEU_24H:K11	DB11962	GSK-1059615	0.3401116300555142	1.7914562484277912	<0.0001	<0.0001	NEU
CPC016_NEU_24H:BRD-K82731415-001-05-4:10	DB02116	Olomoucine	-0.2816363904301184	-1.7904513720206754	<0.0001	<0.0001	NEU
CPC006_NOMO1_6H:BRD-K31342827-001-05-4:12.12	DB03777	Bisindolylmaleimide I	-0.3027526224368819	-1.790003278151957	<0.0001	<0.0001	NOMO1
CPC006_PL21_6H:BRD-K61250553-003-13-2:10	DB00836	Loperamide	0.30537183936612367	1.7890626719489868	<0.0001	<0.0001	PL21
CPC014_NPC_24H:BRD-K56343971-001-01-5:10	DB08881	Vemurafenib	-0.2879955574697455	-1.7881396709388258	<0.0001	<0.0001	NPC
AML001_U937_24H:BRD-A75409952:0.37037	DB08059	Wortmannin	-0.3204922934268606	-1.788121194055266	<0.0001	<0.0001	U937
CPC015_NPC_24H:BRD-A42759514-001-09-8:10	DB13026	Ornidazole	-0.2680001174017181	-1.7875610143047076	<0.0001	<0.0001	NPC
LJP007_NPC.TAK_24H:M16	DB07460	2-({5-CHLORO-2-[(2-METHOXY-4-MORPHOLIN-4-YLPHENYL)AMINO]PYRIMIDIN-4-YL}AMINO)-N-METHYLBENZAMIDE	0.3349505781402905	1.7874617903328205	<0.0001	<0.0001	NPC.TAK
LJP008_NPC_24H:K21	DB12332	Rucaparib	0.32884490141909195	1.7870981243201076	<0.0001	<0.0001	NPC
NMH002_NEU_6H:BRD-K55591206-001-11-6:10	DB12116	Epigallocatechin gallate	-0.2934021447652296	-1.7851041755176476	<0.0001	<0.0001	NEU
CPC013_NEU_24H:BRD-K81418486:10	DB02546	Vorinostat	-0.31303420444146574	-1.7827692103806445	<0.0001	<0.0001	NEU
LJP007_NPC_24H:P18	DB05294	Vandetanib	-0.3079845738875014	-1.781663081946697	<0.0001	<0.0001	NPC
LJP007_JURKAT_24H:G17	DB01254	Dasatinib	-0.3010279875161792	-1.7812084091253826	<0.0001	<0.0001	JURKAT
NMH002_NEU_6H:BRD-K68202742-001-08-2:10	DB04297	Trichostatin A	-0.33164616374619493	-1.7810240175990777	<0.0001	<0.0001	NEU
LJP007_NPC.CAS9_24H:M15	DB07460	2-({5-CHLORO-2-[(2-METHOXY-4-MORPHOLIN-4-YLPHENYL)AMINO]PYRIMIDIN-4-YL}AMINO)-N-METHYLBENZAMIDE	0.323937963493645	1.7802092984748805	<0.0001	<0.0001	NPC.CAS9
LJP008_NEU_24H:D06	DB09074	Olaparib	-0.3098156996013084	-1.77932333549701	<0.0001	<0.0001	NEU
CPC015_NPC_24H:BRD-A46393198-003-10-9:10	DB16561	Tetramisole	-0.26922438512605856	-1.7787762753714658	<0.0001	<0.0001	NPC
CPC012_NEU_24H:BRD-A59985574-003-01-9:10	DB01030	Topotecan	-0.29788193205040736	-1.7785022074236962	<0.0001	<0.0001	NEU
AML001_HL60_6H:BRD-A19500257:10	DB02424	Geldanamycin	0.31206313413639225	1.7778661009753862	<0.0001	<0.0001	HL60
CPC018_NPC_24H:BRD-K16195444-001-01-7:10	DB00935	Oxymetazoline	0.2730978049173503	1.7778184442244946	<0.0001	<0.0001	NPC
NMH001_NEU_24H:BRD-K12807006-001-14-4:10	DB01852	Kaempherol	0.30040072062841316	1.7771255617871502	<0.0001	<0.0001	NEU
LJP007_NPC_24H:A16	DB12742	Amuvatinib	-0.29698877422253445	-1.7760676122897163	<0.0001	<0.0001	NPC
CPC015_NPC_24H:BRD-K30020243-051-01-7:10	DB09026	Aliskiren	-0.30199105677825505	-1.775170041032084	<0.0001	<0.0001	NPC
LJP008_NPC.TAK_24H:D23	DB13978	Selisistat	-0.3008182464950749	-1.7743682060916222	<0.0001	<0.0001	NPC.TAK
CPC017_NPC_24H:BRD-K24053527-004-03-8:10	DB00514	Dextromethorphan	0.28247802864441474	1.7743075804092698	<0.0001	<0.0001	NPC
CPC014_NPC_24H:BRD-K99749624-001-01-3:10	DB06080	Linifanib	0.27690019154196055	1.7742948032521393	<0.0001	<0.0001	NPC
LJP009_NPC_24H:E16	DB13113	JNJ-38877605	-0.27931329257215354	-1.7742696597045884	<0.0001	<0.0001	NPC
LJP008_NEU_24H:L17	DB08756	Y-27632	0.2891819566399223	1.7742017889214705	<0.0001	<0.0001	NEU
LJP007_NPC_24H:G18	DB01254	Dasatinib	0.3180262776864256	1.774130039732757	<0.0001	<0.0001	NPC
LJP009_NPC_24H:B07	DB12242	AZD-7762	0.31154196542163254	1.7738929689851335	<0.0001	<0.0001	NPC
CPC006_NOMO1_6H:BRD-K82818427-001-01-4:44.4	DB03880	Batimastat	-0.3117129065847509	-1.7736929099646899	<0.0001	<0.0001	NOMO1
NMH002_NEU_6H:BRD-K43880410-001-09-4:10	DB02789	Pregnenolone	0.29158699594863097	1.773320823072671	<0.0001	<0.0001	NEU
CPC016_NEU_24H:BRD-K84175871-003-02-2:10	DB14752	Racephedrine	0.28554719255440797	1.7730880097125565	<0.0001	<0.0001	NEU
LPROT002_NPC.TAK_6H:O18	DB02169	9,10-Deepithio-9,10-Didehydroacanthifolicin	0.3131524569959933	1.7728884878751774	<0.0001	<0.0001	NPC.TAK
NMH001_NEU_6H:BRD-A14240607-001-01-8:10	DB13251	Octopamine	0.27982184284742784	1.7707432537467656	<0.0001	<0.0001	NEU
LJP009_NPC_24H:H09	DB08912	Dabrafenib	0.31211169845466724	1.7706861877220268	<0.0001	<0.0001	NPC
LJP007_NPC.TAK_24H:L10	DB11836	Sapanisertib	0.3561127241996805	1.7702556295701435	<0.0001	<0.0001	NPC.TAK
CPC006_NOMO1_6H:BRD-A58955223-001-01-2:10	DB12422	Sulforaphane	0.30702520021370217	1.7691679259689161	<0.0001	<0.0001	NOMO1
CPC006_WSUDLCL2_6H:BRD-K56343971-001-02-3:10	DB08881	Vemurafenib	0.32533428693475713	1.7688014976608109	<0.0001	<0.0001	WSUDLCL2
LPROT003_NPC_6H:P05	DB00175	Pravastatin	-0.32248970529914056	-1.7685184479852316	<0.0001	<0.0001	NPC
LJP009_NEU_24H:I01	DB11798	Tanzisertib	-0.30159547812603565	-1.7681425499252967	<0.0001	<0.0001	NEU
CPC006_WSUDLCL2_6H:BRD-K31342827-001-05-4:12.12	DB03777	Bisindolylmaleimide I	-0.30399352380673467	-1.7680009276451418	<0.0001	<0.0001	WSUDLCL2
CPC018_NPC_24H:BRD-A93255169-001-13-5:10	DB01041	Thalidomide	0.27500816269335177	1.7676341975292051	<0.0001	<0.0001	NPC
LJP009_NEU_24H:H09	DB08912	Dabrafenib	0.2855925254695009	1.7675325134588116	<0.0001	<0.0001	NEU
CPC016_NPC_24H:BRD-A35588707-001-03-0:10	DB00444	Teniposide	-0.2690315295722693	-1.7670443484162472	<0.0001	<0.0001	NPC
LJP009_NPC.TAK_24H:H14	DB07138	Neflamapimod	-0.30168370989629595	-1.7658055484951873	<0.0001	<0.0001	NPC.TAK
CPC015_NPC_24H:BRD-K57179821-001-08-9:10	DB00265	Crotamiton	0.2777359476690925	1.7655637414857859	<0.0001	<0.0001	NPC
LJP007_NEU_24H:F05	DB12848	PF-04217903	0.3190709149122187	1.7652229622694655	<0.0001	<0.0001	NEU
CPC016_NEU_24H:BRD-A83859836-003-02-8:10	DB11699	Tropisetron	-0.29332050216873895	-1.765185718651622	<0.0001	<0.0001	NEU
LJP008_NPC_24H:K10	DB11962	GSK-1059615	0.31562340948251916	1.764382338597304	<0.0001	<0.0001	NPC
LJP009_NPC.CAS9_24H:I24	DB11363	Alectinib	-0.29958505856624335	-1.763631973037153	<0.0001	<0.0001	NPC.CAS9
CPC016_NPC_24H:BRD-K81418486:10	DB02546	Vorinostat	-0.3018764193572702	-1.7629485247735779	<0.0001	<0.0001	NPC
LJP007_NPC.CAS9_24H:E01	DB11743	Ipatasertib	0.3050446325964885	1.762645310630401	<0.0001	<0.0001	NPC.CAS9
CPC014_NEU_24H:BRD-K89014967-001-01-9:10	DB14904	Pimasertib	0.3028274802015471	1.7622232639187223	<0.0001	<0.0001	NEU
CPC016_NEU_24H:BRD-K91290917-336-03-8:10	DB00613	Amodiaquine	-0.2855735813501609	-1.7612327299806654	<0.0001	<0.0001	NEU
LJP009_NEU_24H:K24	DB12432	CC-401	-0.2944886473896319	-1.7609185821524564	<0.0001	<0.0001	NEU
CPC006_U937_6H:BRD-A71390734-001-01-7:0.08	DB01177	Idarubicin	0.31220796850295085	1.7608311294800119	<0.0001	<0.0001	U937
LJP008_NPC.TAK_24H:M04	DB02709	Resveratrol	0.2876519108889233	1.7603373543749712	<0.0001	<0.0001	NPC.TAK
CPC014_NEU_24H:BRD-K86465814-001-03-7:10	DB06926	(9Z,11E,13S)-13-hydroxyoctadeca-9,11-dienoic acid	-0.2990679039004611	-1.7594345782119694	<0.0001	<0.0001	NEU
NMH002_NEU_24H:BRD-K18910433-001-24-2:10	DB00783	Estradiol	-0.30174638510871277	-1.7594178095613002	<0.0001	<0.0001	NEU
NMH001_NEU_24H:BRD-K32814891-001-01-1:10	DB12395	Esreboxetine	-0.2889059482933538	-1.7591585197804798	<0.0001	<0.0001	NEU
NMH001_NEU_24H:BRD-A47564106-001-07-5:10	DB12161	Deutetrabenazine	-0.2793841389770348	-1.7589171927583003	<0.0001	<0.0001	NEU
LJP007_NPC.CAS9_24H:A03	DB02546	Vorinostat	-0.3277920164064861	-1.7589105866721715	<0.0001	<0.0001	NPC.CAS9
CPC006_SKM1_6H:BRD-K31342827-001-05-4:12.12	DB03777	Bisindolylmaleimide I	-0.29508795072184546	-1.7588130676621245	<0.0001	<0.0001	SKM1
LJP008_NEU_24H:L19	DB05015	Belinostat	-0.30238058798215517	-1.7583278129359172	<0.0001	<0.0001	NEU
CPC006_PL21_6H:BRD-K88560311-011-02-2:10	DB12332	Rucaparib	-0.2880658241913476	-1.757375853799015	<0.0001	<0.0001	PL21
AML001_U937_6H:BRD-A19500257:0.37037	DB02424	Geldanamycin	0.30507884262800034	1.7571763935299447	<0.0001	<0.0001	U937
CPC016_NPC_24H:BRD-K00959089-001-01-4:10	DB04795	Thenoyltrifluoroacetone	-0.27479617953751795	-1.757094770845832	<0.0001	<0.0001	NPC
LJP007_NEU_24H:M08	DB05575	Motesanib	0.24796606540051747	1.754201889433923	<0.0001	<0.0001	NEU
LJP009_NPC_24H:K20	DB12432	CC-401	-0.30880131463445937	-1.7538283745394507	<0.0001	<0.0001	NPC
NMH002_NEU_6H:BRD-A19037878-001-02-3:10	DB04297	Trichostatin A	-0.32260160294580426	-1.7533488753271702	<0.0001	<0.0001	NEU
NMH002_NPC_6H:BRD-K35923252-001-03-6:10	DB07558	acetylleucyl-leucyl-norleucinal	0.295673077681743	1.7532401683086647	<0.0001	<0.0001	NPC
CPC006_THP1_6H:BRD-A19633847-050-20-6:10	DB01074	Perhexiline	0.2858574152807499	1.7529935298171473	<0.0001	<0.0001	THP1
LJP007_NEU_24H:K07	DB11962	GSK-1059615	0.331407179327107	1.7529315552661255	<0.0001	<0.0001	NEU
CPC017_NPC_24H:BRD-K65639003-001-05-8:10	DB12052	Icariin	0.2673883037410055	1.7523319552970094	<0.0001	<0.0001	NPC
CPC012_NEU_24H:BRD-A19500257:10	DB02424	Geldanamycin	-0.273081049209008	-1.7515856982750506	<0.0001	<0.0001	NEU
CPC006_PL21_6H:BRD-A04706586-236-01-7:10	DB13242	Bucladesine	-0.2848577681791567	-1.750602126816598	<0.0001	<0.0001	PL21
CPC014_NEU_24H:BRD-K99498722-001-01-8:10	DB05992	Plinabulin	0.288254538509121	1.7500911349259114	<0.0001	<0.0001	NEU
CPC016_NEU_24H:BRD-K64994968-001-03-6:10	DB00396	Progesterone	0.34015352648168745	1.7498109389960996	<0.0001	<0.0001	NEU
LJP007_NEU_24H:E02	DB11743	Ipatasertib	-0.29971249313313547	-1.749668307174228	<0.0001	<0.0001	NEU
NMH002_NPC_6H:BRD-K95785537-001-19-9:10	DB03023	1-Tert-Butyl-3-(4-Chloro-Phenyl)-1h-Pyrazolo[3,4-D]Pyrimidin-4-Ylamine	-0.29789607121505657	-1.7495266728266379	<0.0001	<0.0001	NPC
NMH002_NPC_24H:BRD-K87714311-001-01-9:10	DB03068	Zebularine	-0.26779019503410895	-1.7493496875999923	<0.0001	<0.0001	NPC
NMH001_NEU_6H:BRD-K21283037-001-16-5:10	DB00740	Riluzole	-0.3002477654364189	-1.749297246699754	<0.0001	<0.0001	NEU
CPC014_NEU_24H:BRD-K43880410-001-07-8:10	DB02789	Pregnenolone	-0.2840496071382886	-1.7481950370931458	<0.0001	<0.0001	NEU
LJP008_NEU_24H:K07	DB11962	GSK-1059615	0.34645828334762047	1.7465539620859636	<0.0001	<0.0001	NEU
CPC006_U937_6H:BRD-K88510285-001-01-2:0.04	DB00188	Bortezomib	0.2901913216042936	1.7443512998601567	<0.0001	<0.0001	U937
CPC006_U937_6H:BRD-K98530306-003-07-6:10	DB00575	Clonidine	-0.3262779308212395	-1.744349211243579	<0.0001	<0.0001	U937
NMH001_NEU_6H:BRD-K49808142-001-01-1:10	DB14630	Tyramine O-sulfate	0.2888307005049662	1.743275745722309	<0.0001	<0.0001	NEU
CPC014_NEU_24H:BRD-A01317026-001-01-2:10	DB04400	L-erythro-7,8-dihydrobiopterin	-0.2846216915852147	-1.743106177540022	<0.0001	<0.0001	NEU
PCLB001_JURKAT_24H:BRD-A19037878-001-02-3:3.33	DB04297	Trichostatin A	-0.2829257739423466	-1.7430219431686127	<0.0001	<0.0001	JURKAT
CPC006_WSUDLCL2_6H:BRD-A26711594-003-06-4:10	DB00622	Nicardipine	0.29099812534748926	1.7425707216824666	<0.0001	<0.0001	WSUDLCL2
CPC018_NPC_24H:BRD-K88701661-001-01-1:10	DB14089	Dimercaptosuccinic acid	-0.29176006568523144	-1.741060592344888	<0.0001	<0.0001	NPC
LJP008_NPC_24H:A19	DB11740	MK-1775	-0.2601114938653434	-1.740978081493646	<0.0001	<0.0001	NPC
CPC014_NPC_24H:BRD-K58772419-001-02-1:10	DB14980	AZD-6482	-0.28772651048141024	-1.7409270968349053	<0.0001	<0.0001	NPC
NMH002_NEU_24H:BRD-K01507359-001-11-2:10	DB01045	Rifampicin	-0.2910790042620041	-1.7406421209011318	<0.0001	<0.0001	NEU
LJP009_NPC.CAS9_24H:D01	DB11775	PF-03758309	-0.27312526620851857	-1.740054436282504	<0.0001	<0.0001	NPC.CAS9
CPC017_NPC_24H:BRD-K27737647-300-01-4:10	DB07995	H-89	0.28958966157843175	1.7398450546291473	<0.0001	<0.0001	NPC
LJP009_NPC.CAS9_24H:E24	DB08901	Ponatinib	-0.27238694765197907	-1.7357671262017986	<0.0001	<0.0001	NPC.CAS9
LJP007_NPC.TAK_24H:F16	DB12247	AZD-4547	0.33968536445301467	1.7353280494396466	<0.0001	<0.0001	NPC.TAK
LJP007_NEU_24H:B17	DB12200	Tivantinib	-0.2665567270644024	-1.7349354507713748	<0.0001	<0.0001	NEU
AML001_U937_24H:BRD-K93754473:4.48614	DB00675	Tamoxifen	0.28593360595200507	1.7333109761042513	<0.0001	<0.0001	U937
LJP009_NPC.TAK_24H:B09	DB12242	AZD-7762	-0.2851237310533048	-1.7332470655121828	<0.0001	<0.0001	NPC.TAK
CPC017_NPC_24H:BRD-A93236127-001-03-7:10	DB01396	Digitoxin	0.3466426889861675	1.7303640669243898	<0.0001	<0.0001	NPC
LJP009_NPC_24H:G18	DB01254	Dasatinib	0.3076261922398425	1.727343894634674	<0.0001	<0.0001	NPC
LJP007_NPC.TAK_24H:M05	DB07794	5-(2-PHENYLPYRAZOLO[1,5-A]PYRIDIN-3-YL)-1H-PYRAZOLO[3,4-C]PYRIDAZIN-3-AMINE	0.2847386895752325	1.7256912719797937	<0.0001	<0.0001	NPC.TAK
CPC017_NPC_24H:BRD-K29950728-048-08-3:10	DB06735	Enclomiphene	0.29386402592349814	1.7253619986635702	<0.0001	<0.0001	NPC
LJP009_NPC.TAK_24H:M17	DB06314	SGX-523	0.3151875270305568	1.7249090964844325	<0.0001	<0.0001	NPC.TAK
CPC017_NPC_24H:BRD-K09963420-066-03-4:10	DB01232	Saquinavir	-0.28297262887808916	-1.724705005150141	<0.0001	<0.0001	NPC
LJP007_NPC.TAK_24H:F14	DB12247	AZD-4547	0.3355196231681002	1.7245323945092388	<0.0001	<0.0001	NPC.TAK
DOSBIO001_NEU_24H:BRD-A19037878:0.37037	DB04297	Trichostatin A	-0.3396678630406369	-1.7244854927782838	<0.0001	<0.0001	NEU
CPC016_NEU_24H:BRD-K80334323-001-03-5:10	DB09371	Norethynodrel	-0.3117078097785317	-1.7243961742612863	<0.0001	<0.0001	NEU
NMH002_NEU_24H:BRD-K08807999-001-01-6:10	DB12445	Nitroaspirin	-0.2585099351219553	-1.7239383520480547	<0.0001	<0.0001	NEU
NMH002_NEU_6H:BRD-K86465814-001-04-5:10	DB06926	(9Z,11E,13S)-13-hydroxyoctadeca-9,11-dienoic acid	-0.30170114197451814	-1.723585091622141	<0.0001	<0.0001	NEU
LJP007_NPC.TAK_24H:P03	DB09054	Idelalisib	-0.3046275558985762	-1.7232672315446795	<0.0001	<0.0001	NPC.TAK
CPC006_PL21_6H:BRD-K33583600-001-09-6:10	DB03285	Isoliquiritigenin	0.28658931181152486	1.722626211525458	<0.0001	<0.0001	PL21
LJP008_NPC.CAS9_24H:D24	DB13978	Selisistat	-0.2898049951843216	-1.7222041704126176	<0.0001	<0.0001	NPC.CAS9
NMH001_NPC_6H:BRD-K58550667-001-05-3:10	DB12731	Daporinad	-0.3124138297009619	-1.722028307703822	<0.0001	<0.0001	NPC
CPC016_NPC_24H:BRD-K97810537-001-03-7:10	DB00394	Beclomethasone dipropionate	0.30122747234295766	1.7219027031235241	<0.0001	<0.0001	NPC
LJP007_NPC.CAS9_24H:B14	DB12200	Tivantinib	-0.2807353530723326	-1.7216967683337188	<0.0001	<0.0001	NPC.CAS9
CPC016_NPC_24H:BRD-K92984783-003-02-4:10	DB09224	Melperone	-0.2747910001271306	-1.7212424076851807	<0.0001	<0.0001	NPC
CPC014_NPC_24H:BRD-K70557564-305-01-0:10	DB06191	Zosuquidar	0.2911787093316792	1.721155060258123	<0.0001	<0.0001	NPC
CPC016_NPC_24H:BRD-A20243730-001-01-4:10	DB01406	Danazol	0.298105034269344	1.7211530337079168	<0.0001	<0.0001	NPC
LJP008_NPC.TAK_24H:D24	DB13978	Selisistat	-0.27402820849570897	-1.7208154801996878	<0.0001	<0.0001	NPC.TAK
CPC014_NEU_24H:BRD-K43797669-001-13-0:10	DB01645	Genistein	-0.3232940943232309	-1.7204255573519311	<0.0001	<0.0001	NEU
CPC014_NEU_24H:BRD-K60460488-066-01-0:10	DB00220	Nelfinavir	0.25852204052780975	1.7204149999348368	<0.0001	<0.0001	NEU
LJP008_NPC.CAS9_24H:J07	DB05223	Pracinostat	-0.2999549093515353	-1.7200645470533222	<0.0001	<0.0001	NPC.CAS9
LJP007_NEU_24H:I16	DB11526	Masitinib	0.2528112657244275	1.7190665264453762	<0.0001	<0.0001	NEU
CPC016_NEU_24H:BRD-K45401373-001-04-3:10	DB12480	Betulinic Acid	-0.293730135268582	-1.7186932963875123	<0.0001	<0.0001	NEU
LPROT003_NPC_6H:B09	DB03496	Alvocidib	-0.26816618509334395	-1.718605030432332	<0.0001	<0.0001	NPC
LJP009_NEU_24H:G07	DB08521	4-[4-(4-Fluorophenyl)-2-[4-[(R)-methylsulfinyl]phenyl]-1H-imidazol-5-yl]pyridine	0.33071630104624894	1.718424987791651	<0.0001	<0.0001	NEU
LJP007_JURKAT_24H:P04	DB09054	Idelalisib	0.28847223734468425	1.7183734117959248	<0.0001	<0.0001	JURKAT
LPROT002_NPC.TAK_6H:K04	DB06803	Niclosamide	0.2904133976566656	1.7183615038374653	<0.0001	<0.0001	NPC.TAK
CPC017_NPC_24H:BRD-A54487287-001-03-9:10	DB01380	Cortisone acetate	0.2844059653687805	1.7183180189145033	<0.0001	<0.0001	NPC
NMH002_NEU_24H:BRD-K13927029-001-02-7:10	DB00162	Vitamin A	0.2595624168822356	1.7180283325584467	<0.0001	<0.0001	NEU
NMH002_NEU_6H:BRD-K61559475-001-07-7:10	DB14122	Dihydroxymethoxychalcone	0.3119010073888675	1.7176966251187384	<0.0001	<0.0001	NEU
NMH002_NEU_24H:BRD-K67102207-236-03-6:10	DB06819	Phenylbutyric acid	0.29247987711626655	1.7176815479304617	<0.0001	<0.0001	NEU
CPC016_NPC_24H:BRD-K81709173-001-03-8:10	DB06786	Halcinonide	-0.2663155812138217	-1.7175106076076108	<0.0001	<0.0001	NPC
LJP009_NEU_24H:O21	DB07232	Veliparib	-0.2784534811740534	-1.716836159098116	<0.0001	<0.0001	NEU
LJP007_NPC.TAK_24H:M11	DB05575	Motesanib	0.28198849271608306	1.7161285807045987	<0.0001	<0.0001	NPC.TAK
CPC013_NPC_24H:BRD-K47832606-001-13-7:10	DB00322	Floxuridine	0.27551665644925666	1.7161037352776893	<0.0001	<0.0001	NPC
LJP007_NEU_24H:F14	DB12247	AZD-4547	-0.2584089220074611	-1.7159532249340257	<0.0001	<0.0001	NEU
LJP008_NEU_24H:G22	DB00928	Azacitidine	-0.2911346177923614	-1.7155187927329214	<0.0001	<0.0001	NEU
NMH002_NEU_24H:BRD-K30466858-335-01-5:10	DB08846	Ellagic acid	0.2930663055551025	1.715423011485137	<0.0001	<0.0001	NEU
DOSBIO002_NEU_24H:BRD-A19500257:10	DB02424	Geldanamycin	0.29709826763150016	1.7139968764939741	<0.0001	<0.0001	NEU
NMH002_NEU_6H:BRD-K77830450-001-03-2:10	DB02587	Colforsin	-0.2884791424096046	-1.713848823446666	<0.0001	<0.0001	NEU
NMH002_NEU_6H:BRD-A13946108-001-13-0:10	DB00605	Sulindac	0.25040004674379107	1.7122728413914086	<0.0001	<0.0001	NEU
CPC006_WSUDLCL2_6H:BRD-K16406336-311-01-2:10	DB08167	Methylthioninium	-0.3267349536177265	-1.711721344723828	<0.0001	<0.0001	WSUDLCL2
NMH002_NPC_24H:BRD-K65331431-001-05-4:10	DB12112	Zuretinol acetate	0.2857612356918533	1.7113339821505122	<0.0001	<0.0001	NPC
LJP008_NEU_24H:M01	DB02709	Resveratrol	-0.281369104300843	-1.7110580610922725	<0.0001	<0.0001	NEU
LJP007_NEU_24H:K06	DB12064	BMS-777607	0.29435013618079053	1.7109236845286875	<0.0001	<0.0001	NEU
LJP009_NEU_24H:K23	DB12432	CC-401	-0.33586613342841964	-1.7101189812895785	<0.0001	<0.0001	NEU
CPC006_U937_6H:BRD-K32107296-001-03-7:10	DB00853	Temozolomide	-0.2934101366077214	-1.7095898463143677	<0.0001	<0.0001	U937
AML001_HL60_6H:BRD-K71879491:0.37037	DB00982	Isotretinoin	0.29337708054639	1.7094647859081742	<0.0001	<0.0001	HL60
AML001_U937_24H:BRD-A19500257:0.37037	DB02424	Geldanamycin	0.3062289420516442	1.7084226921724055	<0.0001	<0.0001	U937
LJP008_NPC.CAS9_24H:I01	DB16239	Molibresib	0.27857728714022173	1.7081581713381198	<0.0001	<0.0001	NPC.CAS9
LJP008_NPC.TAK_24H:L20	DB05015	Belinostat	-0.2980641087090678	-1.7081528069374008	<0.0001	<0.0001	NPC.TAK
NMH002_NPC_6H:BRD-K08316444-001-06-8:10	DB11457	Rotenone	0.27593295053428635	1.7073627062820962	<0.0001	<0.0001	NPC
CPC015_NPC_24H:BRD-A55393291-001-05-7:10	DB14093	(1,2,6,7-3H)Testosterone	0.30154506725005437	1.7061363391582525	<0.0001	<0.0001	NPC
CPC006_SKM1_6H:BRD-K89732114-001-05-9:10	DB00831	Trifluoperazine	0.30844986696051785	1.7059848717172785	<0.0001	<0.0001	SKM1
LJP007_JURKAT_24H:L09	DB11836	Sapanisertib	0.3181602383134175	1.705860323185987	<0.0001	<0.0001	JURKAT
CPC012_NPC_24H:BRD-K68202742-001-06-6:10	DB04297	Trichostatin A	-0.29914505926161994	-1.7051223041788048	<0.0001	<0.0001	NPC
CPC006_U937_6H:BRD-K77947974-001-05-6:4.21	DB04842	Fluspirilene	-0.2816739166803384	-1.7050834941323907	<0.0001	<0.0001	U937
LJP009_NEU_24H:D05	DB11775	PF-03758309	0.277318381121918	1.703851928453145	<0.0001	<0.0001	NEU
LJP007_NEU_24H:I15	DB11526	Masitinib	0.26755256158743873	1.7033837125203928	<0.0001	<0.0001	NEU
LJP007_NPC.CAS9_24H:F04	DB12848	PF-04217903	0.28833064275255055	1.7031515224782054	<0.0001	<0.0001	NPC.CAS9
CPC006_PL21_6H:BRD-A58955223-001-01-2:10	DB12422	Sulforaphane	0.29673043769317975	1.702566866612296	<0.0001	<0.0001	PL21
LJP007_NPC.CAS9_24H:C04	DB11800	Tivozanib	0.2847424829169088	1.7021977022980426	<0.0001	<0.0001	NPC.CAS9
LJP009_NEU_24H:E17	DB13113	JNJ-38877605	-0.2714710545955488	-1.7009139745903719	<0.0001	<0.0001	NEU
CPC017_NPC_24H:BRD-A95939040-008-03-3:10	DB01153	Sertaconazole	-0.25451166506751477	-1.7006204085255492	<0.0001	<0.0001	NPC
LJP007_JURKAT_24H:K11	DB11962	GSK-1059615	-0.2788809645478971	-1.7004679411658477	<0.0001	<0.0001	JURKAT
LPROT003_NPC_6H:D01	DB11689	Selumetinib	-0.29170995269273775	-1.7004419865778597	<0.0001	<0.0001	NPC
LJP008_NEU_24H:L20	DB05015	Belinostat	-0.2905071453701355	-1.7003552852731818	<0.0001	<0.0001	NEU
LJP007_NPC.TAK_24H:P12	DB07859	4-(4-CHLOROPHENYL)-4-[4-(1H-PYRAZOL-4-YL)PHENYL]PIPERIDINE	-0.29469483973344074	-1.6999559661223267	<0.0001	<0.0001	NPC.TAK
LPROT002_NPC.TAK_6H:K20	DB12369	Sotrastaurin	-0.2990860363222029	-1.6996946301429838	<0.0001	<0.0001	NPC.TAK
CPC013_NPC_24H:BRD-K05104363-001-02-7:10	DB12429	CI-1040	0.28855980567816364	1.6994989146577177	<0.0001	<0.0001	NPC
NMH001_NEU_24H:BRD-K13296708-001-01-7:10	DB06155	Rimonabant	-0.27857060975034237	-1.6994063935845682	<0.0001	<0.0001	NEU
CPC006_NOMO1_6H:BRD-A75409952:10	DB08059	Wortmannin	0.30440059359006005	1.6991446522618583	<0.0001	<0.0001	NOMO1
CPC018_NPC_24H:BRD-K25433859-003-14-8:10	DB00934	Maprotiline	0.2781973410196017	1.698824678001285	<0.0001	<0.0001	NPC
LJP007_NEU_24H:N15	DB09330	Osimertinib	0.2679989495808196	1.698056296625978	<0.0001	<0.0001	NEU
CPC016_NEU_24H:BRD-A19037878:10	DB04297	Trichostatin A	-0.309969798172027	-1.6980456767050858	<0.0001	<0.0001	NEU
NMH001_NEU_24H:BRD-K81418486-001-28-5:10	DB02546	Vorinostat	-0.3024472635336584	-1.69798911797594	<0.0001	<0.0001	NEU
CPC006_WSUDLCL2_6H:BRD-A35588707-001-03-0:1.25	DB00444	Teniposide	-0.29600057411394637	-1.697525077874366	<0.0001	<0.0001	WSUDLCL2
AML001_HL60_6H:BRD-A75409952:10	DB08059	Wortmannin	0.33053302199064777	1.6972967643285282	<0.0001	<0.0001	HL60
NMH002_NPC_24H:BRD-A19037878-001-02-3:10	DB04297	Trichostatin A	-0.30843692523081284	-1.6964682190746974	<0.0001	<0.0001	NPC
NMH002_NPC_6H:BRD-K71879491-001-30-9:10	DB00982	Isotretinoin	-0.29932298565053295	-1.6964155758147585	<0.0001	<0.0001	NPC
LJP008_NEU_24H:A24	DB11740	MK-1775	-0.2841271715955995	-1.696034666765262	<0.0001	<0.0001	NEU
CPC006_U937_6H:BRD-K96354014-001-09-6:10	DB01115	Nifedipine	-0.2938188061351235	-1.6959470163115453	<0.0001	<0.0001	U937
CPC006_SKM1_6H:BRD-K82818427-001-01-4:44.4	DB03880	Batimastat	0.28095943004206114	1.6958971875119264	<0.0001	<0.0001	SKM1
LJP008_NEU_24H:G23	DB00928	Azacitidine	-0.2926589494206022	-1.6958494915223936	<0.0001	<0.0001	NEU
CPC016_NEU_24H:BRD-K72676686-103-01-8:10	DB00176	Fluvoxamine	0.28895203769365607	1.6950367888557296	<0.0001	<0.0001	NEU
CPC016_NEU_24H:BRD-K33211335-337-03-7:10	DB00514	Dextromethorphan	0.2771602546839472	1.693735767991762	<0.0001	<0.0001	NEU
CPC013_NPC_24H:BRD-A19037878:10	DB04297	Trichostatin A	-0.2912481165284704	-1.6936237278586828	<0.0001	<0.0001	NPC
LJP009_NPC_24H:D14	DB16108	TAK-715	0.28808347310895577	1.6935558469286676	<0.0001	<0.0001	NPC
LJP007_NPC.CAS9_24H:L08	DB11836	Sapanisertib	0.34270891789381774	1.6926254842766641	<0.0001	<0.0001	NPC.CAS9
NMH002_NEU_6H:BRD-K66956375-001-09-7:10	DB16495	Oleic monoethanolamide	0.25787924986092137	1.6917274225209087	<0.0001	<0.0001	NEU
LJP009_NEU_24H:E18	DB13113	JNJ-38877605	-0.2680445753515026	-1.6914535478188844	<0.0001	<0.0001	NEU
LJP007_NPC.TAK_24H:K09	DB11962	GSK-1059615	0.36292539600806417	1.6906493881987774	<0.0001	<0.0001	NPC.TAK
AML001_HL60_6H:BRD-K19706299:0.37037	DB00374	Treprostinil	0.30204698129849245	1.6903433756916066	<0.0001	<0.0001	HL60
LJP007_NPC_24H:E04	DB11743	Ipatasertib	0.2763246930544723	1.6902936192814144	<0.0001	<0.0001	NPC
LJP007_NPC.CAS9_24H:P18	DB05294	Vandetanib	-0.3378216600082695	-1.689652514846642	<0.0001	<0.0001	NPC.CAS9
LPROT002_NPC.TAK_6H:I10	DB09074	Olaparib	0.2858379423597994	1.6896485019270444	<0.0001	<0.0001	NPC.TAK
LJP007_NPC.TAK_24H:B15	DB12200	Tivantinib	-0.2598791952857611	-1.6889118688330542	<0.0001	<0.0001	NPC.TAK
NMH002_NPC_6H:BRD-K62012036-001-10-2:10	DB00459	Acitretin	-0.2802210157326943	-1.6887280362061827	<0.0001	<0.0001	NPC
CPC015_NPC_24H:BRD-K23566484-001-09-4:10	DB00665	Nilutamide	0.256978617375582	1.6884438876990828	<0.0001	<0.0001	NPC
LJP009_NEU_24H:H10	DB08912	Dabrafenib	0.2916383935970213	1.686431039157752	<0.0001	<0.0001	NEU
LJP009_NPC.CAS9_24H:I17	DB12146	Rigosertib	-0.27009949885852885	-1.6861716376247249	<0.0001	<0.0001	NPC.CAS9
CPC012_NPC_24H:BRD-A59985574-003-01-9:10	DB01030	Topotecan	-0.2560760023205764	-1.6856289803463607	<0.0001	<0.0001	NPC
LJP009_NPC_24H:G09	DB08521	4-[4-(4-Fluorophenyl)-2-[4-[(R)-methylsulfinyl]phenyl]-1H-imidazol-5-yl]pyridine	0.29150446776826516	1.6849239960644338	<0.0001	<0.0001	NPC
LJP007_NEU_24H:D10	DB08875	Cabozantinib	0.26639053916880057	1.6844996942647648	<0.0001	<0.0001	NEU
NMH002_NPC_24H:BRD-K97399794-001-12-0:10	DB04216	Quercetin	0.3054404625088852	1.6840517005607567	<0.0001	<0.0001	NPC
CPC016_NPC_24H:BRD-K85266041-304-01-7:10	DB03759	FG-9041	0.2670590673015578	1.683428340361077	<0.0001	<0.0001	NPC
LJP007_NEU_24H:P11	DB07859	4-(4-CHLOROPHENYL)-4-[4-(1H-PYRAZOL-4-YL)PHENYL]PIPERIDINE	-0.35988131774043247	-1.6821076489755238	<0.0001	<0.0001	NEU
LJP008_NEU_24H:D04	DB09074	Olaparib	-0.285522454981688	-1.6812352668057964	<0.0001	<0.0001	NEU
CPC016_NPC_24H:BRD-A74667430-001-15-2:10	DB00749	Etodolac	0.2491540818281761	1.6809567033639246	<0.0001	<0.0001	NPC
CPC017_NPC_24H:BRD-K53857191-001-05-2:10	DB00734	Risperidone	0.25846989662788294	1.6805979822928643	<0.0001	<0.0001	NPC
LJP009_NEU_24H:G08	DB08521	4-[4-(4-Fluorophenyl)-2-[4-[(R)-methylsulfinyl]phenyl]-1H-imidazol-5-yl]pyridine	-0.28092881118846874	-1.680208782241886	<0.0001	<0.0001	NEU
NMH002_NPC_6H:BRD-K71879491-001-29-1:10	DB00982	Isotretinoin	-0.28523079184246347	-1.6788406562471936	<0.0001	<0.0001	NPC
LJP007_NPC.CAS9_24H:E05	DB11743	Ipatasertib	0.2784618803411228	1.6783906266652635	<0.0001	<0.0001	NPC.CAS9
LJP008_NPC.TAK_24H:J08	DB05223	Pracinostat	-0.28764841214159953	-1.6783181794239437	<0.0001	<0.0001	NPC.TAK
LJP009_NPC_24H:D17	DB16108	TAK-715	0.28861047448603633	1.6779701364277504	<0.0001	<0.0001	NPC
LJP009_NEU_24H:L24	DB12588	AZD-1480	-0.26903634631222534	-1.6777102412318847	<0.0001	<0.0001	NEU
CPC014_NEU_24H:BRD-K77390737-001-03-2:10	DB15359	Xanthohumol	0.29475047101398233	1.6776168700243919	<0.0001	<0.0001	NEU
LJP008_NEU_24H:G11	DB02546	Vorinostat	0.2733159829664111	1.677291016148961	<0.0001	<0.0001	NEU
CPC015_NPC_24H:BRD-K21565985-001-15-9:10	DB11477	Xylazine	0.20837486850019818	1.6769632006128143	<0.0001	<0.0001	NPC
CPC016_NEU_24H:BRD-K47598052-001-06-7:10	DB01809	1-Ter-Butyl-3-P-Tolyl-1h-Pyrazolo[3,4-D]Pyrimidin-4-Ylamine	0.26552376858256765	1.6761852927947105	<0.0001	<0.0001	NEU
CPC015_NPC_24H:BRD-K09859624-004-03-9:10	DB00940	Methantheline	0.24514899311682667	1.6760216855145909	<0.0001	<0.0001	NPC
LJP009_NPC.TAK_24H:I04	DB11798	Tanzisertib	0.2700691550004758	1.6757191374176257	<0.0001	<0.0001	NPC.TAK
NMH001_NPC_24H:BRD-K88611939-001-18-2:10	DB04599	Aniracetam	-0.26585115586495683	-1.675423969090351	<0.0001	<0.0001	NPC
CPC017_NPC_24H:BRD-A43974499-066-01-1:10	DB12395	Esreboxetine	0.2564313320570978	1.675067633734039	<0.0001	<0.0001	NPC
NMH002_NPC_24H:BRD-K61250553-003-24-9:10	DB00836	Loperamide	0.2751465998402171	1.6745708621287807	<0.0001	<0.0001	NPC
LPROT003_NPC_6H:L03	DB12500	Fedratinib	-0.3009223006552986	-1.674253058731586	<0.0001	<0.0001	NPC
CPC016_NPC_24H:BRD-K67043667-001-15-7:10	DB00488	Altretamine	-0.2748804530373342	-1.6741880626486363	<0.0001	<0.0001	NPC
LJP009_NPC.CAS9_24H:P20	DB09074	Olaparib	-0.2738137026000759	-1.6728805163137255	<0.0001	<0.0001	NPC.CAS9
CPC016_NPC_24H:BRD-A90311807-236-01-4:10	DB01597	Cilastatin	-0.2705620271935055	-1.672823470393023	<0.0001	<0.0001	NPC
CPC013_NEU_24H:BRD-K11663430-001-01-5:10	DB12847	Pyroxamide	-0.31880253527149904	-1.6726773857972674	<0.0001	<0.0001	NEU
LJP007_NPC_24H:J21	DB03044	Doramapimod	-0.28111163581492177	-1.6719840752662873	<0.0001	<0.0001	NPC
NMH002_NEU_24H:BRD-K61559475-001-07-7:10	DB14122	Dihydroxymethoxychalcone	0.2742472363837719	1.670864850187141	<0.0001	<0.0001	NEU
LJP007_NPC_24H:M16	DB07460	2-({5-CHLORO-2-[(2-METHOXY-4-MORPHOLIN-4-YLPHENYL)AMINO]PYRIMIDIN-4-YL}AMINO)-N-METHYLBENZAMIDE	0.3002696752297355	1.6702662219519626	<0.0001	<0.0001	NPC
NMH002_NEU_24H:BRD-K01493881-001-24-5:10	DB07352	Apigenin	-0.2769936983842357	-1.6700487489489468	<0.0001	<0.0001	NEU
CPC014_NEU_24H:BRD-K01493881-001-19-5:10	DB07352	Apigenin	0.2502696531288445	1.670022418563586	<0.0001	<0.0001	NEU
CPC006_SKM1_6H:BRD-K73319509-001-02-3:40	DB12848	PF-04217903	-0.28196194242526507	-1.6699574607187686	<0.0001	<0.0001	SKM1
LJP008_NPC.TAK_24H:A03	DB02546	Vorinostat	-0.295661994487918	-1.6699358081445643	<0.0001	<0.0001	NPC.TAK
CPC006_PL21_6H:BRD-K16406336-311-01-2:10	DB08167	Methylthioninium	-0.32635674676790133	-1.6698479255911929	<0.0001	<0.0001	PL21
LJP007_NPC.TAK_24H:G08	DB11963	Dacomitinib	-0.2937072686031134	-1.6696412719941125	<0.0001	<0.0001	NPC.TAK
LJP008_NPC.TAK_24H:A10	DB07232	Veliparib	-0.2935696237673486	-1.6692759119279033	<0.0001	<0.0001	NPC.TAK
CPC013_NEU_24H:BRD-A75409952:10	DB08059	Wortmannin	0.2792875460172554	1.669273555021508	<0.0001	<0.0001	NEU
NMH002_NEU_24H:BRD-K11129031-001-22-6:10	DB01241	Gemfibrozil	0.24869340860117115	1.669244658859796	<0.0001	<0.0001	NEU
CPC014_NEU_24H:BRD-K59946561-001-05-9:10	DB03374	3,5-Diiodotyrosine	0.2814486711511171	1.6690865378710336	<0.0001	<0.0001	NEU
LPROT003_NPC_6H:F01	DB07101	PD-0325901	-0.2705024614204143	-1.6685479003361916	<0.0001	<0.0001	NPC
CPC006_PL21_6H:BRD-K56700933-001-01-3:10	DB12695	Phenethyl Isothiocyanate	0.2766100114537319	1.6683337096098991	<0.0001	<0.0001	PL21
LPROT002_NPC.TAK_6H:E12	DB12463	Semagacestat	0.3254718944939336	1.6675590885583211	<0.0001	<0.0001	NPC.TAK
CPC015_NPC_24H:BRD-K68867920-001-05-2:10	DB01224	Quetiapine	-0.24630450332996331	-1.6670634994651041	<0.0001	<0.0001	NPC
NMH001_NEU_6H:BRD-A14999564-001-01-0:10	DB07841	Geranylgeranyl diphosphate	0.28638825976776633	1.6669743610329308	<0.0001	<0.0001	NEU
CPC017_NPC_24H:BRD-A29734509-011-06-0:10	DB00280	Disopyramide	0.26204961376422636	1.6669011853635771	<0.0001	<0.0001	NPC
CPC015_NPC_24H:BRD-K45033733-001-05-6:10	DB00426	Famciclovir	-0.22724012500598104	-1.6665449833939425	<0.0001	<0.0001	NPC
LJP007_NPC.CAS9_24H:D04	DB12494	SGI-1776	0.32309782145590277	1.6661625810691716	<0.0001	<0.0001	NPC.CAS9
LJP007_JURKAT_24H:I11	DB06589	Pazopanib	-0.28738278497843445	-1.66547337079057	<0.0001	<0.0001	JURKAT
NMH001_NEU_6H:BRD-A95696066-001-01-7:10	DB09186	Nisoxetine	-0.2929213879179005	-1.6654529190985672	<0.0001	<0.0001	NEU
LJP008_NPC_24H:C10	DB13877	Iniparib	-0.2831341773943819	-1.6654084231204418	<0.0001	<0.0001	NPC
CPC016_NEU_24H:BRD-K62996583-001-03-8:10	DB13766	Lidoflazine	-0.28008865118581977	-1.6653208734808558	<0.0001	<0.0001	NEU
CPC006_PL21_6H:BRD-K18849474-001-01-0:79.44	DB12181	Dalcetrapib	-0.28426635557589597	-1.6650791635839743	<0.0001	<0.0001	PL21
CPC016_NPC_24H:BRD-K76775527-001-15-3:10	DB04743	Nimesulide	-0.28182097071947776	-1.6644963721150479	<0.0001	<0.0001	NPC
AML001_U937_24H:BRD-A45664787:1.11111	DB01088	Iloprost	-0.2749616862231389	-1.6629249421613996	<0.0001	<0.0001	U937
LJP008_NPC_24H:D22	DB13978	Selisistat	-0.29399333140812794	-1.6624131765656485	<0.0001	<0.0001	NPC
CPC006_WSUDLCL2_6H:BRD-K88510285-001-01-2:0.04	DB00188	Bortezomib	0.31386889281056085	1.6621898082661148	<0.0001	<0.0001	WSUDLCL2
CPC013_NEU_24H:BRD-K29905972-001-03-0:10	DB06626	Axitinib	0.2876152771681398	1.6616699867631006	<0.0001	<0.0001	NEU
CPC006_WSUDLCL2_6H:BRD-A58048407-001-10-5:10	DB00393	Nimodipine	-0.29084427214371195	-1.661581142528439	<0.0001	<0.0001	WSUDLCL2
LJP007_NPC_24H:L07	DB11836	Sapanisertib	0.364609561055541	1.6612311519831766	<0.0001	<0.0001	NPC
CPC014_NEU_24H:BRD-K18135438-001-08-4:10	DB06777	Chenodeoxycholic acid	0.27344890601495436	1.66104882816482	<0.0001	<0.0001	NEU
NMH001_NPC_24H:BRD-A19037878-001-02-3:10	DB04297	Trichostatin A	-0.28335106243189273	-1.6609464563407779	<0.0001	<0.0001	NPC
LJP007_NPC.TAK_24H:M06	DB07794	5-(2-PHENYLPYRAZOLO[1,5-A]PYRIDIN-3-YL)-1H-PYRAZOLO[3,4-C]PYRIDAZIN-3-AMINE	0.26220761376612534	1.6606347262349972	<0.0001	<0.0001	NPC.TAK
LPROT003_NPC_6H:B23	DB06589	Pazopanib	0.3004721475293386	1.6605366018300192	<0.0001	<0.0001	NPC
CPC016_NEU_24H:BRD-K37848908-001-03-1:10	DB00923	Ceforanide	0.26823548763339466	1.6603426954335054	<0.0001	<0.0001	NEU
NMH001_NEU_6H:BRD-K25075681-001-01-2:10	DB06455	Meclinertant	-0.2882793630222642	-1.660071851446143	<0.0001	<0.0001	NEU
LJP008_NPC.CAS9_24H:L19	DB05015	Belinostat	-0.2788414271335215	-1.6598054745131612	<0.0001	<0.0001	NPC.CAS9
NMH002_NEU_6H:BRD-K21283037-001-15-7:10	DB00740	Riluzole	0.25401494935054547	1.6597925594944807	<0.0001	<0.0001	NEU
CPC016_NEU_24H:BRD-K88358234-003-01-4:10	DB06393	Xaliproden	-0.28611050545386635	-1.6595420625278772	<0.0001	<0.0001	NEU
LJP009_NEU_24H:G18	DB01254	Dasatinib	-0.2625927351582869	-1.6594845253496138	<0.0001	<0.0001	NEU
CPC013_NEU_24H:BRD-A19037878:10	DB04297	Trichostatin A	-0.2929302997593536	-1.6591340933084584	<0.0001	<0.0001	NEU
CPC015_NPC_24H:BRD-K97309399-001-05-2:10	DB01623	Thiothixene	0.26334304595037233	1.6583286884071646	<0.0001	<0.0001	NPC
NMH002_NPC_24H:BRD-A30142024-001-01-1:10	DB04447	1,4-Dithiothreitol	-0.276494170312817	-1.6581770108836476	<0.0001	<0.0001	NPC
LJP009_NPC_24H:B21	DB16107	BI 2536	0.28864492049387497	1.6580223069033868	<0.0001	<0.0001	NPC
NMH002_NPC_24H:BRD-K02404261-001-12-6:10	DB00201	Caffeine	0.2352511892783692	1.657993807065558	<0.0001	<0.0001	NPC
LJP008_NEU_24H:A10	DB07232	Veliparib	0.2729238460918307	1.6573626049666224	<0.0001	<0.0001	NEU
LJP007_NEU_24H:E12	DB05913	OSI-930	0.24600580187140778	1.6571853843227067	<0.0001	<0.0001	NEU
LJP007_NPC.TAK_24H:M07	DB05575	Motesanib	-0.27872519910171095	-1.656123560202318	<0.0001	<0.0001	NPC.TAK
LJP007_NPC_24H:E03	DB11743	Ipatasertib	0.3208769802817068	1.6559410450501744	<0.0001	<0.0001	NPC
NMH002_NEU_24H:BRD-A02006392-001-12-3:10	DB01054	Nitrendipine	-0.29193269059712884	-1.6551875776082507	<0.0001	<0.0001	NEU
NMH001_NPC_24H:BRD-K39981244-001-01-5:10	DB00368	Norepinephrine	0.26664743453560036	1.6551242394714216	<0.0001	<0.0001	NPC
NMH002_NEU_24H:BRD-A97437073-050-09-5:10	DB00412	Rosiglitazone	0.26697676245693247	1.6549893653412517	<0.0001	<0.0001	NEU
CPC006_SKM1_6H:BRD-K92241597-001-02-9:80	DB11781	Tosedostat	0.3191867532153086	1.6540966503812313	<0.0001	<0.0001	SKM1
LJP008_NEU_24H:F01	DB12376	Ricolinostat	-0.2874754601017284	-1.6538638271677253	<0.0001	<0.0001	NEU
LJP007_NPC.CAS9_24H:K12	DB11962	GSK-1059615	0.32039261592583385	1.6531549103883387	<0.0001	<0.0001	NPC.CAS9
CPC006_SKM1_6H:BRD-A79768653-001-02-1:10	DB00877	Sirolimus	0.2842171259208014	1.6529575866977004	<0.0001	<0.0001	SKM1
NMH002_NPC_24H:BRD-K77175907-001-04-9:10	DB00146	Calcifediol	-0.2610135238095841	-1.6527802752475005	<0.0001	<0.0001	NPC
CPC015_NPC_24H:BRD-K50660797-001-03-6:10	DB16120	Epigallo Catechin Gallate	-0.2507975048405449	-1.6522898542389046	<0.0001	<0.0001	NPC
NMH002_NEU_24H:BRD-A79067928-001-04-3:10	DB00773	Etoposide	-0.2620044566613815	-1.6517863002929147	<0.0001	<0.0001	NEU
LJP008_NPC.TAK_24H:B03	DB00877	Sirolimus	0.3025206650113217	1.65132837322673	<0.0001	<0.0001	NPC.TAK
CPC016_NPC_24H:BRD-K63675182-003-14-5:10	DB00508	Triflupromazine	0.28199586472535637	1.6508379332053307	<0.0001	<0.0001	NPC
AML001_U937_6H:BRD-A75409952:3.33333	DB08059	Wortmannin	0.3219391607381656	1.6503804013530634	<0.0001	<0.0001	U937
CPC006_WSUDLCL2_6H:BRD-K41260949-236-02-8:10	DB00313	Valproic acid	0.26578272080490045	1.6503661631262194	<0.0001	<0.0001	WSUDLCL2
LJP007_NEU_24H:C02	DB11800	Tivozanib	-0.30911983169169016	-1.6503495051096	<0.0001	<0.0001	NEU
CPC006_THP1_6H:BRD-K61250553-003-13-2:10	DB00836	Loperamide	0.270613388785179	1.6501941321462863	<0.0001	<0.0001	THP1
AML001_U937_6H:BRD-A75409952:1.11111	DB08059	Wortmannin	0.30407960798780664	1.6499358097128685	<0.0001	<0.0001	U937
LJP007_JURKAT_24H:M18	DB07460	2-({5-CHLORO-2-[(2-METHOXY-4-MORPHOLIN-4-YLPHENYL)AMINO]PYRIMIDIN-4-YL}AMINO)-N-METHYLBENZAMIDE	-0.30311501390516	-1.6496184033481862	<0.0001	<0.0001	JURKAT
CPC015_NPC_24H:BRD-K38055836-001-13-8:10	DB08989	Etamivan	0.2542594634747388	1.6492959533138056	<0.0001	<0.0001	NPC
CPC006_NOMO1_6H:BRD-K36927236-001-17-7:10	DB01016	Glyburide	0.29575842798606183	1.6488389907686427	<0.0001	<0.0001	NOMO1
NMH001_NEU_6H:BRD-K48300629-001-10-3:10	DB00909	Zonisamide	0.2997165341890718	1.648326520960434	<0.0001	<0.0001	NEU
NMH002_NPC_6H:BRD-A93000692-001-06-5:10	DB09201	Ciglitazone	0.2401360401811937	1.6480846481219007	<0.0001	<0.0001	NPC
LJP009_NPC.CAS9_24H:I05	DB11798	Tanzisertib	0.26839524396786496	1.6480840926862583	<0.0001	<0.0001	NPC.CAS9
CPC006_WSUDLCL2_6H:BRD-K78126613-001-16-0:10	DB00170	Menadione	-0.258000515116595	-1.648054500291673	<0.0001	<0.0001	WSUDLCL2
LJP007_JURKAT_24H:M15	DB07460	2-({5-CHLORO-2-[(2-METHOXY-4-MORPHOLIN-4-YLPHENYL)AMINO]PYRIMIDIN-4-YL}AMINO)-N-METHYLBENZAMIDE	-0.2830732593745362	-1.6459819402035656	<0.0001	<0.0001	JURKAT
LJP008_NPC.CAS9_24H:N11	DB02665	(1R,2S)-2-Phenylcyclopropanaminium	-0.2765119923158266	-1.6459183306346303	<0.0001	<0.0001	NPC.CAS9
LJP007_NPC.CAS9_24H:B10	DB07970	5-[(2-methyl-5-{[3-(trifluoromethyl)phenyl]carbamoyl}phenyl)amino]pyridine-3-carboxamide	-0.29665349344137004	-1.6444949627146104	<0.0001	<0.0001	NPC.CAS9
LJP007_NPC_24H:M24	DB12874	Quizartinib	-0.27458987852692046	-1.6442664491581922	<0.0001	<0.0001	NPC
LJP007_NPC.TAK_24H:I18	DB11526	Masitinib	0.25702418815997935	1.6434873082808015	<0.0001	<0.0001	NPC.TAK
NMH002_NPC_6H:BRD-K68202742-001-08-2:10	DB04297	Trichostatin A	-0.3010421737391318	-1.6433396901232735	<0.0001	<0.0001	NPC
CPC015_NPC_24H:BRD-K75089421-003-15-3:10	DB01035	Procainamide	0.23646604426163897	1.641406166084356	<0.0001	<0.0001	NPC
LJP009_NEU_24H:E20	DB08901	Ponatinib	-0.2691919555511465	-1.6413628121419364	<0.0001	<0.0001	NEU
AML001_HL60_24H:BRD-K93754473:0.49846	DB00675	Tamoxifen	0.2542573105900686	1.6409074348326789	<0.0001	<0.0001	HL60
LJP009_NPC.TAK_24H:E22	DB08901	Ponatinib	-0.27275227543555375	-1.640308102523796	<0.0001	<0.0001	NPC.TAK
NMH002_NPC_6H:BRD-A13084692-001-10-8:10	DB08607	(5R)-5-(4-{[(2R)-6-HYDROXY-2,5,7,8-TETRAMETHYL-3,4-DIHYDRO-2H-CHROMEN-2-YL]METHOXY}BENZYL)-1,3-THIAZOLIDINE-2,4-DIONE	0.2606357363112421	1.640252473405698	<0.0001	<0.0001	NPC
LJP009_NPC.CAS9_24H:B08	DB12242	AZD-7762	-0.280914359541077	-1.6400479093313693	<0.0001	<0.0001	NPC.CAS9
NMH002_NEU_6H:BRD-K50590187-001-17-3:10	DB09120	Zucapsaicin	0.3235040400989076	1.6399957131658078	<0.0001	<0.0001	NEU
NMH001_NEU_6H:BRD-K09416995-001-32-4:10	DB00227	Lovastatin	0.2788790190530967	1.639652618379886	<0.0001	<0.0001	NEU
LJP007_NEU_24H:C05	DB11800	Tivozanib	-0.2442045290059728	-1.639601670294209	<0.0001	<0.0001	NEU
LJP009_NPC_24H:L10	DB05984	RAF-265	0.2958054779058231	1.6392514901407853	<0.0001	<0.0001	NPC
LJP009_NEU_24H:H15	DB07138	Neflamapimod	0.2591955132137434	1.6392301466882535	<0.0001	<0.0001	NEU
LJP009_NPC_24H:L19	DB12588	AZD-1480	0.356095915727569	1.6390978395745435	<0.0001	<0.0001	NPC
CPC017_NPC_24H:BRD-A75409952:10	DB08059	Wortmannin	-0.2457177342749946	-1.6390473182909382	<0.0001	<0.0001	NPC
LJP009_NPC.CAS9_24H:E23	DB08901	Ponatinib	-0.27788323162101874	-1.6388619426831332	<0.0001	<0.0001	NPC.CAS9
CPC006_THP1_6H:BRD-A12409803-001-01-3:40	DB12066	Orteronel	0.2713686920950013	1.638750509784208	<0.0001	<0.0001	THP1
LJP007_NPC.TAK_24H:H12	DB09053	Ibrutinib	0.2541729162020282	1.637929781526386	<0.0001	<0.0001	NPC.TAK
CPC006_THP1_6H:BRD-A75409952:10	DB08059	Wortmannin	0.29480725822009135	1.637761028219935	<0.0001	<0.0001	THP1
LJP008_NEU_24H:N09	DB02665	(1R,2S)-2-Phenylcyclopropanaminium	0.2690887800609583	1.637393805107912	<0.0001	<0.0001	NEU
LJP008_NPC_24H:G21	DB00928	Azacitidine	0.2935061540282494	1.636254836522498	<0.0001	<0.0001	NPC
LJP009_NPC.TAK_24H:G18	DB01254	Dasatinib	0.3178389114400437	1.636092233854511	<0.0001	<0.0001	NPC.TAK
NMH001_NEU_6H:BRD-K47029922-001-02-0:10	DB02665	(1R,2S)-2-Phenylcyclopropanaminium	-0.278879244975947	-1.6360437309962335	<0.0001	<0.0001	NEU
CPC006_THP1_6H:BRD-A46335897-003-05-4:6.23	DB01069	Promethazine	-0.2713137553931856	-1.6354881166881043	<0.0001	<0.0001	THP1
LJP007_NPC.TAK_24H:B16	DB12200	Tivantinib	-0.271768284756722	-1.6353548827659283	<0.0001	<0.0001	NPC.TAK
LJP009_NPC.CAS9_24H:G18	DB01254	Dasatinib	0.2876101735748736	1.6348375108133237	<0.0001	<0.0001	NPC.CAS9
LJP009_NPC.TAK_24H:N07	DB08896	Regorafenib	0.3026502922298399	1.63433193319649	<0.0001	<0.0001	NPC.TAK
CPC017_NPC_24H:BRD-A77291778-003-15-4:10	DB00979	Cyclopentolate	0.26329155255112574	1.6341812086151144	<0.0001	<0.0001	NPC
CPC014_NEU_24H:BRD-K64800655-001-01-7:10	DB12686	PHA-793887	0.29467992005617005	1.633889009311274	<0.0001	<0.0001	NEU
LJP007_NPC.CAS9_24H:B07	DB07970	5-[(2-methyl-5-{[3-(trifluoromethyl)phenyl]carbamoyl}phenyl)amino]pyridine-3-carboxamide	0.2681774848378772	1.6336571843798895	<0.0001	<0.0001	NPC.CAS9
CPC017_NPC_24H:BRD-K89595132-050-03-0:10	DB13679	Dexchlorpheniramine	-0.25070953930422446	-1.6335319199397278	<0.0001	<0.0001	NPC
CPC016_NPC_24H:BRD-A75409952:10	DB08059	Wortmannin	-0.2679041904103183	-1.6334868899707988	<0.0001	<0.0001	NPC
CPC016_NEU_24H:BRD-K96720755-001-01-8:10	DB13929	Relcovaptan	-0.27045940003154817	-1.6332039043114435	<0.0001	<0.0001	NEU
LJP007_NPC_24H:F01	DB12848	PF-04217903	-0.3009458437692215	-1.633072273146044	<0.0001	<0.0001	NPC
LJP007_NPC_24H:A03	DB02546	Vorinostat	-0.2967412590377333	-1.6324890917655235	<0.0001	<0.0001	NPC
CPC016_NEU_24H:BRD-K93461745-003-14-4:10	DB00490	Buspirone	-0.2799029238672462	-1.6320220544483592	<0.0001	<0.0001	NEU
NMH002_NEU_24H:BRD-K33127281-001-02-3:10	DB00210	Adapalene	0.2548245332188058	1.631051352136039	<0.0001	<0.0001	NEU
CPC017_NPC_24H:BRD-A87719232-001-02-4:10	DB00788	Naproxen	0.26028431862846807	1.6309316639149103	<0.0001	<0.0001	NPC
LJP008_NEU_24H:M15	DB01262	Decitabine	0.24573925237560343	1.6301869035039227	<0.0001	<0.0001	NEU
NMH002_NEU_6H:BRD-A50287119-001-01-5:10	DB00877	Sirolimus	-0.2591042965999624	-1.6296110243902953	<0.0001	<0.0001	NEU
LJP008_NEU_24H:M18	DB01262	Decitabine	0.2633206704955108	1.6293122891457732	<0.0001	<0.0001	NEU
LJP008_NPC.CAS9_24H:G19	DB00928	Azacitidine	0.30881020461125325	1.6289045456313616	<0.0001	<0.0001	NPC.CAS9
LJP007_JURKAT_24H:P05	DB09054	Idelalisib	0.27273946414613837	1.628322454401279	<0.0001	<0.0001	JURKAT
LJP008_NEU_24H:G19	DB00928	Azacitidine	-0.2575603730837746	-1.6281299995506326	<0.0001	<0.0001	NEU
CPC016_NEU_24H:BRD-A51393488-003-01-9:10	DB06174	Noscapine	-0.33654631164457016	-1.627660896141997	<0.0001	<0.0001	NEU
NMH002_NEU_24H:BRD-K80738081-001-33-6:10	DB02709	Resveratrol	-0.275682474316061	-1.6275198392001717	<0.0001	<0.0001	NEU
LJP007_NPC.TAK_24H:A17	DB12742	Amuvatinib	-0.26362339205295104	-1.6272374835300438	<0.0001	<0.0001	NPC.TAK
LJP009_NEU_24H:N08	DB08896	Regorafenib	0.27449045561324154	1.6269059310852947	<0.0001	<0.0001	NEU
LJP009_NPC_24H:N08	DB08896	Regorafenib	-0.26159226728518387	-1.626665928756492	<0.0001	<0.0001	NPC
CPC013_NEU_24H:BRD-K71512533-001-01-7:10	DB06134	SNS-314	-0.27874955565017284	-1.626320986708978	<0.0001	<0.0001	NEU
LJP007_NEU_24H:P14	DB05294	Vandetanib	-0.2733529476665022	-1.6261908850355213	<0.0001	<0.0001	NEU
CPC006_THP1_6H:BRD-K92241597-001-02-9:80	DB11781	Tosedostat	0.2775168676979168	1.6261740663111288	<0.0001	<0.0001	THP1
LJP009_NPC.TAK_24H:H12	DB08912	Dabrafenib	0.2856358152913642	1.6251202425485622	<0.0001	<0.0001	NPC.TAK
LJP007_NEU_24H:D06	DB12494	SGI-1776	0.2542447274824388	1.6248978831653342	<0.0001	<0.0001	NEU
LJP008_NEU_24H:O06	DB07101	PD-0325901	0.2554563716669754	1.6248633945034414	<0.0001	<0.0001	NEU
DOSBIO002_NEU_24H:BRD-K81418486:0.37037	DB02546	Vorinostat	-0.2670329571759604	-1.6248028438246078	<0.0001	<0.0001	NEU
LJP009_NPC.CAS9_24H:D23	DB13061	MLN8054	-0.2654147084540894	-1.6237570528457197	<0.0001	<0.0001	NPC.CAS9
LJP009_NPC.TAK_24H:G17	DB01254	Dasatinib	0.2843144889495676	1.6235762556649502	<0.0001	<0.0001	NPC.TAK
CPC014_NPC_24H:BRD-K22429181-001-08-4:10	DB00162	Vitamin A	0.249015655834354	1.6229279510438206	<0.0001	<0.0001	NPC
CPC012_NPC_24H:BRD-K05396879-001-02-6:10	DB08435	(5E,14E)-11-oxoprosta-5,9,12,14-tetraen-1-oic acid	-0.26711301815988564	-1.6229174781537452	<0.0001	<0.0001	NPC
CPC006_THP1_6H:BRD-K08316444-001-04-3:0.63	DB11457	Rotenone	0.30039223477088417	1.6228493032349278	<0.0001	<0.0001	THP1
CPC016_NEU_24H:BRD-A64977602-001-04-3:10	DB06678	Esmirtazapine	0.2544395224480258	1.621988789355734	<0.0001	<0.0001	NEU
CPC017_NPC_24H:BRD-K37080523-001-02-8:10	DB00206	Reserpine	-0.2515674034519449	-1.6218516345958407	<0.0001	<0.0001	NPC
CPC006_NOMO1_6H:BRD-A46335897-003-05-4:6.23	DB01069	Promethazine	-0.25753324207559153	-1.6218070083026235	<0.0001	<0.0001	NOMO1
LJP009_NPC.TAK_24H:B24	DB16107	BI 2536	-0.2517777917415001	-1.621762791712801	<0.0001	<0.0001	NPC.TAK
LJP009_NPC.TAK_24H:I20	DB11363	Alectinib	0.26981244870940935	1.620657052505041	<0.0001	<0.0001	NPC.TAK
CPC016_NEU_24H:BRD-A19500257:10	DB02424	Geldanamycin	-0.2871726782106766	-1.6204404056918404	<0.0001	<0.0001	NEU
LJP007_NEU_24H:J19	DB03044	Doramapimod	-0.26083652907304544	-1.6200203767459125	<0.0001	<0.0001	NEU
CPC016_NPC_24H:BRD-A42649439-001-02-8:10	DB12405	Triciribine	0.26666622393465045	1.6199515247606135	<0.0001	<0.0001	NPC
CPC006_PL21_6H:BRD-K35723520-001-01-0:10	DB06179	Darinaparsin	-0.26198669167101235	-1.6191578001664626	<0.0001	<0.0001	PL21
DOSBIO002_NPC_24H:BRD-A19037878:1.11111	DB04297	Trichostatin A	-0.27861999415154515	-1.6191393506031775	<0.0001	<0.0001	NPC
LJP009_NEU_24H:P19	DB09074	Olaparib	-0.2811855340136057	-1.6188197123757375	<0.0001	<0.0001	NEU
CPC014_NEU_24H:BRD-A75409952:10	DB08059	Wortmannin	-0.30461851629471653	-1.6181091940754886	<0.0001	<0.0001	NEU
NMH002_NPC_24H:BRD-A08027849-236-01-7:10	DB03619	Deoxycholic acid	-0.2526893413641006	-1.6174812076950664	<0.0001	<0.0001	NPC
LJP009_NPC.TAK_24H:K11	DB11962	GSK-1059615	0.30893999904338615	1.617327358794573	<0.0001	<0.0001	NPC.TAK
CPC018_NPC_24H:BRD-K63784565-001-02-1:10	DB12385	10-hydroxycamptothecin	-0.2806983315551755	-1.616599208012105	<0.0001	<0.0001	NPC
CPC017_NPC_24H:BRD-K19525698-003-01-1:10	DB12017	Ozagrel	0.24930173487887156	1.615850003278113	<0.0001	<0.0001	NPC
CPC016_NPC_24H:BRD-A11678676-001-03-4:10	DB08059	Wortmannin	0.2729552665293738	1.6155114478558463	<0.0001	<0.0001	NPC
LJP008_NPC.TAK_24H:C10	DB13877	Iniparib	0.28620910013354606	1.6148396510185532	<0.0001	<0.0001	NPC.TAK
LJP007_NPC.CAS9_24H:E02	DB11743	Ipatasertib	0.2768053112597316	1.6142834702307454	<0.0001	<0.0001	NPC.CAS9
LJP009_NEU_24H:D20	DB13061	MLN8054	-0.275004306312846	-1.6142120623641183	<0.0001	<0.0001	NEU
NMH001_NEU_24H:BRD-K81418486-001-22-8:10	DB02546	Vorinostat	-0.2901995127589852	-1.6134914376077252	<0.0001	<0.0001	NEU
CPC017_NPC_24H:BRD-K23478508-001-03-7:10	DB00390	Digoxin	0.30677352688729126	1.6131838066533275	<0.0001	<0.0001	NPC
NMH001_NEU_6H:BRD-K60511616-001-01-2:10	DB00175	Pravastatin	0.28314779234092646	1.6127982098421239	<0.0001	<0.0001	NEU
CPC015_NPC_24H:BRD-A97701745-001-09-5:10	DB00960	Pindolol	0.2724452768255695	1.6117216640493979	<0.0001	<0.0001	NPC
CPC006_SKM1_6H:BRD-K52075040-001-03-0:44.4	DB01034	Cerulenin	0.2887784645343296	1.6111769858066045	<0.0001	<0.0001	SKM1
LJP008_NPC.TAK_24H:J02	DB12116	Epigallocatechin gallate	0.2608879298828305	1.6108445403372245	<0.0001	<0.0001	NPC.TAK
CPC014_NEU_24H:BRD-K53972329-001-02-1:10	DB08877	Ruxolitinib	0.30753836777158494	1.6106203425020718	<0.0001	<0.0001	NEU
LJP007_NPC_24H:I07	DB06589	Pazopanib	0.32710019358202935	1.6106105631146195	<0.0001	<0.0001	NPC
NMH002_NEU_24H:BRD-K95785537-001-19-9:10	DB03023	1-Tert-Butyl-3-(4-Chloro-Phenyl)-1h-Pyrazolo[3,4-D]Pyrimidin-4-Ylamine	0.2921402233572781	1.6096278898162033	<0.0001	<0.0001	NEU
CPC015_NPC_24H:BRD-K42635745-001-02-4:10	DB13340	Suloctidil	-0.2464657220473185	-1.6092495460637493	<0.0001	<0.0001	NPC
LJP007_NEU_24H:M22	DB12874	Quizartinib	-0.24936268708468376	-1.6090907182637773	<0.0001	<0.0001	NEU
NMH002_NPC_24H:BRD-K81418486-001-29-3:10	DB02546	Vorinostat	-0.2459226842280403	-1.6090374251119584	<0.0001	<0.0001	NPC
CPC006_WSUDLCL2_6H:BRD-A58955223-001-01-2:10	DB12422	Sulforaphane	0.27090876605252234	1.6088699782136484	<0.0001	<0.0001	WSUDLCL2
LJP007_NEU_24H:B11	DB07970	5-[(2-methyl-5-{[3-(trifluoromethyl)phenyl]carbamoyl}phenyl)amino]pyridine-3-carboxamide	-0.25618154400805143	-1.608628062081927	<0.0001	<0.0001	NEU
LJP009_NEU_24H:D22	DB13061	MLN8054	-0.2830608882690162	-1.6079875017468996	<0.0001	<0.0001	NEU
NMH001_NPC_6H:BRD-A19037878-001-02-3:10	DB04297	Trichostatin A	-0.29721333267950006	-1.6075215806982874	<0.0001	<0.0001	NPC
CPC015_NPC_24H:BRD-A49160188-003-04-4:10	DB07701	1-BENZYL-4-[(5,6-DIMETHOXY-1-INDANON-2-YL)METHYL]PIPERIDINE	-0.2614980362496907	-1.6068228759716459	<0.0001	<0.0001	NPC
LJP009_NPC_24H:B20	DB16107	BI 2536	-0.25592155959739354	-1.6067467798202937	<0.0001	<0.0001	NPC
LJP007_JURKAT_24H:M24	DB12874	Quizartinib	0.2812728559668527	1.606180061377869	<0.0001	<0.0001	JURKAT
LPROT002_NPC.TAK_6H:K22	DB12369	Sotrastaurin	-0.3064967188407491	-1.6057194216501742	<0.0001	<0.0001	NPC.TAK
LJP008_NEU_24H:I08	DB11830	Mocetinostat	-0.2638098268652078	-1.6051472962810878	<0.0001	<0.0001	NEU
LPROT001_NPC.TAK_6H:K02	DB01262	Decitabine	-0.3050887979183382	-1.6048287468880216	<0.0001	<0.0001	NPC.TAK
CPC017_NPC_24H:BRD-K08252256-236-17-1:10	DB00586	Diclofenac	0.2623640320796896	1.6046194179467022	<0.0001	<0.0001	NPC
CPC013_NEU_24H:BRD-K92723993-066-08-6:10	DB00619	Imatinib	-0.2632385078413783	-1.6036333718248443	<0.0001	<0.0001	NEU
LJP008_NEU_24H:K24	DB12332	Rucaparib	-0.25028015850860785	-1.6030968273490174	<0.0001	<0.0001	NEU
LJP007_NPC.TAK_24H:I10	DB06589	Pazopanib	0.29059910684122836	1.6030629884191376	<0.0001	<0.0001	NPC.TAK
LJP009_NEU_24H:B11	DB12242	AZD-7762	0.2671094050279765	1.6029706976390456	<0.0001	<0.0001	NEU
LJP007_NEU_24H:D01	DB12494	SGI-1776	-0.23987950923436216	-1.6023775816751409	<0.0001	<0.0001	NEU
LJP007_NPC_24H:L11	DB11836	Sapanisertib	0.332472518191781	1.601748447188535	<0.0001	<0.0001	NPC
LJP009_NPC_24H:D15	DB16108	TAK-715	-0.2719300151625716	-1.6014142597280505	<0.0001	<0.0001	NPC
CPC006_SKM1_6H:BRD-K28307902-001-10-0:28.96	DB00499	Flutamide	-0.25644818909856487	-1.6012886989490354	<0.0001	<0.0001	SKM1
CPC006_NOMO1_6H:BRD-K32107296-001-03-7:10	DB00853	Temozolomide	-0.29224125851473987	-1.6007133336697064	<0.0001	<0.0001	NOMO1
CPC015_NPC_24H:BRD-K54790157-001-10-6:10	DB04571	Trioxsalen	0.27201661567763563	1.600062316469721	<0.0001	<0.0001	NPC
AML001_U937_6H:BRD-A19500257:10	DB02424	Geldanamycin	0.27814084100130376	1.5992070013487574	<0.0001	<0.0001	U937
CPC018_NPC_24H:BRD-K76304753-003-08-8:10	DB01438	Phenazopyridine	0.26966349583915833	1.5990794699965103	<0.0001	<0.0001	NPC
CPC015_NPC_24H:BRD-K15933101-001-01-6:10	DB00268	Ropinirole	-0.2521952893151976	-1.5982502568377497	<0.0001	<0.0001	NPC
LJP008_NPC.CAS9_24H:F04	DB12376	Ricolinostat	-0.277082447842416	-1.5980242025115126	<0.0001	<0.0001	NPC.CAS9
LJP009_NPC.TAK_24H:D17	DB16108	TAK-715	-0.2567183790219775	-1.5974859464141573	<0.0001	<0.0001	NPC.TAK
CPC016_NPC_24H:BRD-K49671696-045-03-6:10	DB12465	Ketanserin	-0.2351236202717326	-1.597429780114787	<0.0001	<0.0001	NPC
CPC015_NPC_24H:BRD-K56558538-003-02-8:10	DB06742	Ambroxol	0.25234488754666035	1.5972860560746296	<0.0001	<0.0001	NPC
LJP007_NEU_24H:G18	DB01254	Dasatinib	-0.22305514967685638	-1.5969680240926627	<0.0001	<0.0001	NEU
DOSBIO001_NPC_24H:BRD-A75409952:1.11111	DB08059	Wortmannin	0.29888909096269056	1.5964922765614575	<0.0001	<0.0001	NPC
LJP009_NEU_24H:L10	DB05984	RAF-265	0.26373791395117496	1.5960250197016252	<0.0001	<0.0001	NEU
LPROT002_NPC.TAK_6H:A12	DB00162	Vitamin A	-0.2570467705550204	-1.5958146842956118	<0.0001	<0.0001	NPC.TAK
NMH002_NEU_6H:BRD-K45528773-001-04-9:10	DB02565	4-(dimethylamino)-N-[7-(hydroxyamino)-7-oxoheptyl]benzamide	-0.27539377057750164	-1.5956581339268934	<0.0001	<0.0001	NEU
CPC015_NPC_24H:BRD-K51805276-001-04-4:10	DB12231	Temefos	0.21954977246360813	1.5956177673531613	<0.0001	<0.0001	NPC
CPC012_NPC_24H:BRD-K81418486:10	DB02546	Vorinostat	-0.28497583723456665	-1.5953014386489974	<0.0001	<0.0001	NPC
LJP009_NPC_24H:I24	DB11363	Alectinib	-0.26949463596754475	-1.5948886447333683	<0.0001	<0.0001	NPC
LJP009_NPC_24H:K21	DB12432	CC-401	-0.26324651841931146	-1.5947920481338425	<0.0001	<0.0001	NPC
LJP007_NEU_24H:D19	DB06616	Bosutinib	0.26982981141824186	1.5945562973003464	<0.0001	<0.0001	NEU
LJP008_NPC.TAK_24H:A20	DB11740	MK-1775	-0.24320970486868201	-1.5945004960316915	<0.0001	<0.0001	NPC.TAK
LJP007_NEU_24H:K23	DB01590	Everolimus	-0.268659268183404	-1.5941459289620385	<0.0001	<0.0001	NEU
NMH001_NEU_24H:BRD-K53857191-001-17-7:10	DB00734	Risperidone	-0.26079149106616484	-1.5938175844670848	<0.0001	<0.0001	NEU
LJP008_NEU_24H:I11	DB11830	Mocetinostat	-0.2609535174802822	-1.5937906687751608	<0.0001	<0.0001	NEU
LJP009_NPC_24H:I04	DB11798	Tanzisertib	-0.2628428688981452	-1.5928991626117328	<0.0001	<0.0001	NPC
CPC006_WSUDLCL2_6H:BRD-K64890080-001-03-9:10	DB16107	BI 2536	0.275357301758666	1.592570431837026	<0.0001	<0.0001	WSUDLCL2
CPC006_SKM1_6H:BRD-K01638814-051-10-1:10	DB11738	Rilmenidine	0.25043288555812643	1.5923632573311592	<0.0001	<0.0001	SKM1
NMH001_NPC_24H:BRD-K25210139-001-01-3:10	DB13575	Bietaserpine	0.2813385057929022	1.5921161409934186	<0.0001	<0.0001	NPC
NMH002_NPC_6H:BRD-A93255169-001-21-8:10	DB01041	Thalidomide	-0.2817135889862259	-1.5920379829131415	<0.0001	<0.0001	NPC
LJP008_NEU_24H:L15	DB08756	Y-27632	0.28176783502877645	1.591697317249981	<0.0001	<0.0001	NEU
CPC014_NEU_24H:BRD-K65331431-001-04-7:10	DB12112	Zuretinol acetate	-0.27814438361980004	-1.5912361168961662	<0.0001	<0.0001	NEU
CPC006_WSUDLCL2_6H:BRD-K69932463-001-03-1:10	DB12774	AZD-8055	0.29776238638077457	1.5910355259070934	<0.0001	<0.0001	WSUDLCL2
NMH002_NPC_6H:BRD-A19037878-001-02-3:10	DB04297	Trichostatin A	-0.29030733357799593	-1.590728211132007	<0.0001	<0.0001	NPC
LJP007_NEU_24H:E10	DB05913	OSI-930	-0.24634636887734923	-1.590542395625758	<0.0001	<0.0001	NEU
CPC006_U937_6H:BRD-K12994359-001-07-7:177.6	DB00580	Valdecoxib	0.259199082326789	1.5905233952341784	<0.0001	<0.0001	U937
LJP009_NPC_24H:H08	DB08912	Dabrafenib	0.30620620129820797	1.590332125044732	<0.0001	<0.0001	NPC
NMH002_NEU_24H:BRD-K31342827-001-12-0:10	DB03777	Bisindolylmaleimide I	-0.3021042252014355	-1.5901292262832372	<0.0001	<0.0001	NEU
LJP009_NEU_24H:G17	DB01254	Dasatinib	-0.24451172363586865	-1.5892518875905304	<0.0001	<0.0001	NEU
AML001_HL60_24H:BRD-A75409952:10	DB08059	Wortmannin	-0.26372686515285965	-1.5886916753906635	<0.0001	<0.0001	HL60
LJP008_NPC.CAS9_24H:G17	DB01254	Dasatinib	0.2731928088993968	1.5885697155320848	<0.0001	<0.0001	NPC.CAS9
CPC014_NEU_24H:BRD-K38615104-001-06-8:10	DB08073	(2S)-1-(1H-INDOL-3-YL)-3-{[5-(3-METHYL-1H-INDAZOL-5-YL)PYRIDIN-3-YL]OXY}PROPAN-2-AMINE	-0.24392169067357614	-1.5879586846101041	<0.0001	<0.0001	NEU
CPC018_NPC_24H:BRD-K31542390-001-01-5:10	DB01024	Mycophenolic acid	-0.2754080890023921	-1.586815206672558	<0.0001	<0.0001	NPC
NMH001_NEU_24H:BRD-K47029922-001-02-0:10	DB02665	(1R,2S)-2-Phenylcyclopropanaminium	-0.23609106021460635	-1.5860910632618408	<0.0001	<0.0001	NEU
CPC006_PL21_6H:BRD-K02113016-001-01-4:44.4	DB09074	Olaparib	-0.31033511362980737	-1.5857872171314298	<0.0001	<0.0001	PL21
AML001_U937_6H:BRD-K26684619:3.33333	DB08784	2-(4-CHLORO-PHENYLAMINO)-NICOTINIC ACID	-0.2775393815856379	-1.5855629045220634	<0.0001	<0.0001	U937
LJP009_NEU_24H:G15	DB01254	Dasatinib	-0.24009965450857257	-1.585261416861986	<0.0001	<0.0001	NEU
LJP007_JURKAT_24H:I02	DB01268	Sunitinib	-0.28057757726620636	-1.5845328753087258	<0.0001	<0.0001	JURKAT
LJP009_NPC_24H:I17	DB12146	Rigosertib	0.2737074831915955	1.5843114360183543	<0.0001	<0.0001	NPC
LJP009_NPC.CAS9_24H:E21	DB08901	Ponatinib	-0.25590979059236	-1.5839206738517488	<0.0001	<0.0001	NPC.CAS9
NMH002_NEU_24H:BRD-K75516118-001-02-5:10	DB04149	(R)-Rolipram	0.2754214005917908	1.5838844563632333	<0.0001	<0.0001	NEU
AML001_HL60_6H:BRD-K27316855:10	DB00136	Calcitriol	0.26835401645198004	1.5837709659664132	<0.0001	<0.0001	HL60
CPC016_NEU_24H:BRD-A60571864-001-03-3:10	DB01222	Budesonide	0.25507571869634627	1.5836077646374067	<0.0001	<0.0001	NEU
AML001_U937_24H:BRD-K27316855:1.11111	DB00136	Calcitriol	0.2825844406875368	1.5829146917939627	<0.0001	<0.0001	U937
LJP008_NEU_24H:L13	DB08756	Y-27632	0.28174736919067356	1.582902838742776	<0.0001	<0.0001	NEU
CPC014_NEU_24H:BRD-K99964838-001-03-6:10	DB06616	Bosutinib	-0.292593287559464	-1.5828632402272913	<0.0001	<0.0001	NEU
LJP007_NEU_24H:I09	DB06589	Pazopanib	0.24536009568771652	1.5828249687522247	<0.0001	<0.0001	NEU
DOSBIO002_NEU_24H:BRD-K27305650:1.11111	DB02656	LY-294002	-0.26167595559752976	-1.5823821105399554	<0.0001	<0.0001	NEU
LJP009_NEU_24H:H18	DB07138	Neflamapimod	-0.2500636552830663	-1.5822949158313682	<0.0001	<0.0001	NEU
CPC006_SKM1_6H:BRD-K35723520-001-01-0:10	DB06179	Darinaparsin	-0.28397536021779246	-1.5819678141068867	<0.0001	<0.0001	SKM1
NMH002_NEU_24H:BRD-A13946108-001-13-0:10	DB00605	Sulindac	0.263670849765198	1.5818542143892147	<0.0001	<0.0001	NEU
LJP008_NPC_24H:P17	DB11662	Rabusertib	-0.2688998742651779	-1.5799929958450811	<0.0001	<0.0001	NPC
LJP008_NPC.TAK_24H:I03	DB16239	Molibresib	0.26083285344247037	1.5799062250330418	<0.0001	<0.0001	NPC.TAK
NMH002_NEU_6H:BRD-K98530306-003-13-4:10	DB00575	Clonidine	0.23662253012655368	1.5798859294513417	<0.0001	<0.0001	NEU
LJP008_NPC_24H:L24	DB05015	Belinostat	-0.25439859166044576	-1.5792414503265253	<0.0001	<0.0001	NPC
NMH002_NPC_6H:BRD-K01567962-001-16-4:10	DB01782	Pyrazolanthrone	0.30994407360888027	1.5790235439157065	<0.0001	<0.0001	NPC
LJP007_NPC_24H:K22	DB01590	Everolimus	0.3037753144774525	1.5787574539035125	<0.0001	<0.0001	NPC
CPC014_NPC_24H:BRD-K37846922-001-07-8:10	DB11875	3,3'-diindolylmethane	-0.2616534720094323	-1.5782949065229426	<0.0001	<0.0001	NPC
NMH001_NEU_24H:BRD-K03243820-001-16-2:10	DB00432	Trifluridine	0.2442778036274741	1.5782828600599657	<0.0001	<0.0001	NEU
NMH002_NPC_24H:BRD-K91509126-001-19-4:10	DB08399	Piceatannol	-0.2357219664771861	-1.578031999440775	<0.0001	<0.0001	NPC
LJP008_NPC_24H:F01	DB12376	Ricolinostat	-0.2857318001946708	-1.5775988847419413	<0.0001	<0.0001	NPC
LJP007_NPC.TAK_24H:I19	DB13005	Rebastinib	-0.22916150491862197	-1.5775392939948532	<0.0001	<0.0001	NPC.TAK
LJP009_NPC.CAS9_24H:D22	DB13061	MLN8054	-0.2464562285750852	-1.5773438520046177	<0.0001	<0.0001	NPC.CAS9
LJP007_NEU_24H:K04	DB12064	BMS-777607	0.275136485151656	1.5772451202638116	<0.0001	<0.0001	NEU
LJP009_NPC.TAK_24H:B15	DB11805	Saracatinib	0.26449775776475476	1.5772236972025013	<0.0001	<0.0001	NPC.TAK
LPROT003_NPC_6H:B15	DB12432	CC-401	-0.3261304828925979	-1.5767155321002715	<0.0001	<0.0001	NPC
NMH002_NEU_24H:BRD-K99792991-001-29-9:10	DB00756	Hexachlorophene	0.27787238350801713	1.5763639088380013	<0.0001	<0.0001	NEU
LJP008_NEU_24H:P18	DB11662	Rabusertib	-0.2609775874678984	-1.576320010295195	<0.0001	<0.0001	NEU
LJP007_NPC.CAS9_24H:I06	DB01268	Sunitinib	-0.27368755323507205	-1.5763012298437087	<0.0001	<0.0001	NPC.CAS9
CPC006_U937_6H:BRD-K55395145-001-01-7:88.8	DB00642	Pemetrexed	-0.3092606656716568	-1.5760352440555845	<0.0001	<0.0001	U937
CPC016_NEU_24H:BRD-K18779551-003-03-7:10	DB13550	Bifemelane	-0.2599609720718713	-1.5759947313714333	<0.0001	<0.0001	NEU
CPC016_NEU_24H:BRD-A82371568-001-01-5:10	DB00631	Clofarabine	-0.27075522741905733	-1.5757790179245947	<0.0001	<0.0001	NEU
LJP009_NPC.TAK_24H:D23	DB13061	MLN8054	-0.2523024363854974	-1.575536086837365	<0.0001	<0.0001	NPC.TAK
CPC016_NEU_24H:BRD-A78377521-001-03-0:10	DB04331	Monastrol	-0.32300853998148166	-1.5752157898351844	<0.0001	<0.0001	NEU
NMH002_NEU_24H:BRD-K97808269-001-01-9:10	DB04382	2-Deoxy-alpha-D-galactopyranose	-0.2618662953643049	-1.5752031472122248	<0.0001	<0.0001	NEU
NMH002_NEU_24H:BRD-A64479082-310-01-0:10	DB00908	Quinidine	0.2564803667862806	1.5751000221942972	<0.0001	<0.0001	NEU
DOSBIO001_NPC_24H:BRD-A19037878:10	DB04297	Trichostatin A	-0.2691945606244016	-1.5745589924863423	<0.0001	<0.0001	NPC
LJP009_NPC_24H:B10	DB12242	AZD-7762	0.26826625771378976	1.5744931570173277	<0.0001	<0.0001	NPC
LJP007_NPC_24H:D23	DB06616	Bosutinib	0.2763524643810115	1.5739502132160914	<0.0001	<0.0001	NPC
LJP008_NPC_24H:D21	DB13978	Selisistat	-0.27548268461193365	-1.573914092903458	<0.0001	<0.0001	NPC
CPC014_NEU_24H:BRD-A20697603-001-06-4:10	DB11467	Thiostrepton	-0.2579831314140523	-1.5734539163875803	<0.0001	<0.0001	NEU
NMH002_NEU_6H:BRD-K05396879-001-06-7:10	DB08435	(5E,14E)-11-oxoprosta-5,9,12,14-tetraen-1-oic acid	0.24369818061381016	1.5730005132980962	<0.0001	<0.0001	NEU
AML001_HL60_24H:BRD-A19037878:3.33333	DB04297	Trichostatin A	-0.25475469155564395	-1.5722061237368952	<0.0001	<0.0001	HL60
CPC015_NPC_24H:BRD-A01593789-001-02-3:10	DB15903	Chlormadinone acetate	0.2744987539769542	1.572034103329363	<0.0001	<0.0001	NPC
CPC012_NEU_24H:BRD-K13810148-001-02-1:10	DB12645	Givinostat	-0.2769708763640283	-1.5718067140926273	<0.0001	<0.0001	NEU
CPC018_NPC_24H:BRD-K31920458-001-03-8:10	DB01357	Mestranol	-0.2777614234691292	-1.5711809939027215	<0.0001	<0.0001	NPC
LPROT003_NPC_6H:H01	DB01590	Everolimus	-0.2979640844994903	-1.5709067284982874	<0.0001	<0.0001	NPC
NMH001_NEU_6H:BRD-K81418486-001-28-5:10	DB02546	Vorinostat	-0.30606270914705186	-1.5708644003925432	<0.0001	<0.0001	NEU
NMH002_NEU_6H:BRD-A70814879-003-01-8:10	DB12764	Opaganib	0.28190027478967206	1.5705978173442443	<0.0001	<0.0001	NEU
LJP009_NEU_24H:I18	DB12146	Rigosertib	-0.2905862663147461	-1.5705540647653489	<0.0001	<0.0001	NEU
NMH001_NEU_6H:BRD-K81418486-001-22-8:10	DB02546	Vorinostat	-0.2795080472005014	-1.570527336873726	<0.0001	<0.0001	NEU
CPC014_NEU_24H:BRD-K70557564-305-01-0:10	DB06191	Zosuquidar	0.23412968751596952	1.5700420521618677	<0.0001	<0.0001	NEU
NMH002_NEU_24H:BRD-K26657438-001-10-3:10	DB00724	Imiquimod	0.24443281224515478	1.5699950447638658	<0.0001	<0.0001	NEU
CPC006_THP1_6H:BRD-K64634304-001-01-5:40	DB00162	Vitamin A	-0.27016688719166665	-1.569856614333749	<0.0001	<0.0001	THP1
LJP007_NPC_24H:D07	DB08875	Cabozantinib	0.2836072319574175	1.569771039502156	<0.0001	<0.0001	NPC
LJP008_NEU_24H:P17	DB11662	Rabusertib	-0.2727855213132306	-1.5696484651522102	<0.0001	<0.0001	NEU
NMH001_NEU_6H:BRD-A69512159-001-04-0:10	DB00190	Carbidopa	0.26984006353180096	1.5695523495582115	<0.0001	<0.0001	NEU
LPROT001_NPC.TAK_6H:E16	DB04297	Trichostatin A	-0.2787846629119049	-1.5694734618975474	<0.0001	<0.0001	NPC.TAK
NMH002_NEU_24H:BRD-K77175907-001-04-9:10	DB00146	Calcifediol	-0.2644291953002465	-1.5692689068377925	<0.0001	<0.0001	NEU
LJP009_NPC.TAK_24H:E24	DB08901	Ponatinib	-0.24404203166244892	-1.569208246056777	<0.0001	<0.0001	NPC.TAK
LJP009_NPC.TAK_24H:H18	DB07138	Neflamapimod	0.27122476128739037	1.569108761971298	<0.0001	<0.0001	NPC.TAK
CPC006_U937_6H:BRD-K33583600-001-09-6:10	DB03285	Isoliquiritigenin	0.26704705523314354	1.5690504308771078	<0.0001	<0.0001	U937
LJP008_NEU_24H:M03	DB02709	Resveratrol	0.24058881633782273	1.5689773736493948	<0.0001	<0.0001	NEU
LJP007_NPC.TAK_24H:K19	DB01590	Everolimus	0.29807791339057754	1.5681386284800358	<0.0001	<0.0001	NPC.TAK
LJP009_NPC.TAK_24H:D21	DB13061	MLN8054	-0.2641309092496664	-1.568052893314485	<0.0001	<0.0001	NPC.TAK
CPC014_NEU_24H:BRD-K04923131-001-06-3:10	DB03444	6-bromoindirubin-3'-oxime	-0.2731956768144286	-1.5680515604202978	<0.0001	<0.0001	NEU
LJP008_NPC.CAS9_24H:A21	DB11740	MK-1775	-0.25423135370392874	-1.5677529334240554	<0.0001	<0.0001	NPC.CAS9
NMH002_NEU_6H:BRD-K32164935-001-25-8:10	DB00839	Tolazamide	0.268521766677029	1.567540805006644	<0.0001	<0.0001	NEU
NMH001_NEU_24H:BRD-A95696066-001-01-7:10	DB09186	Nisoxetine	0.2527073252826271	1.5666388294702351	<0.0001	<0.0001	NEU
CPC014_NEU_24H:BRD-K25991148-001-01-7:10	DB14055	(S)-Warfarin	0.22518205866808258	1.566183913297686	<0.0001	<0.0001	NEU
LJP007_NPC.TAK_24H:B11	DB07970	5-[(2-methyl-5-{[3-(trifluoromethyl)phenyl]carbamoyl}phenyl)amino]pyridine-3-carboxamide	-0.2499282230614612	-1.5658865359301932	<0.0001	<0.0001	NPC.TAK
NMH001_NEU_6H:BRD-K70327167-348-11-8:10	DB04786	Suramin	-0.2467839127876999	-1.5653165595882792	<0.0001	<0.0001	NEU
AML001_U937_6H:BRD-K19706299:3.33333	DB00374	Treprostinil	0.2746195816402302	1.5651475417433194	<0.0001	<0.0001	U937
NMH002_NPC_6H:BRD-K76773351-001-03-5:10	DB04769	5-QUINOXALIN-6-YLMETHYLENE-THIAZOLIDINE-2,4-DIONE	0.2988116929040998	1.5646940925600805	<0.0001	<0.0001	NPC
CPC016_NEU_24H:BRD-K94270326-004-01-0:10	DB12273	Ecopipam	0.26461129223347934	1.5639383578095785	<0.0001	<0.0001	NEU
CPC014_NEU_24H:BRD-K52751261-001-01-2:10	DB16108	TAK-715	0.26223930529340633	1.5636516475687126	<0.0001	<0.0001	NEU
CPC018_NPC_24H:BRD-A09533288-003-20-5:10	DB14063	Dexverapamil	0.2509959406948533	1.563286773133102	<0.0001	<0.0001	NPC
CPC015_NPC_24H:BRD-K96319534-001-01-7:10	DB00191	Phentermine	-0.2778079856072535	-1.5631795770974564	<0.0001	<0.0001	NPC
LJP009_NPC_24H:E12	DB01782	Pyrazolanthrone	-0.2966664740210318	-1.5630930841173836	<0.0001	<0.0001	NPC
NMH002_NEU_6H:BRD-A95074085-236-01-6:10	DB13242	Bucladesine	0.28290765584062455	1.5630886500542869	<0.0001	<0.0001	NEU
LJP007_JURKAT_24H:P09	DB07859	4-(4-CHLOROPHENYL)-4-[4-(1H-PYRAZOL-4-YL)PHENYL]PIPERIDINE	-0.2665143374130004	-1.5620731418834846	<0.0001	<0.0001	JURKAT
NMH002_NEU_6H:BRD-K79254416-001-11-9:10	DB01262	Decitabine	0.27679955930707983	1.561981836241279	<0.0001	<0.0001	NEU
CPC006_PL21_6H:BRD-A46335897-003-05-4:6.23	DB01069	Promethazine	-0.26474556959210677	-1.561179442501411	<0.0001	<0.0001	PL21
LJP009_NEU_24H:E16	DB13113	JNJ-38877605	-0.24585088422201695	-1.5608463490259143	<0.0001	<0.0001	NEU
NMH002_NPC_24H:BRD-K43164539-001-09-9:10	DB02659	Cholic Acid	0.24381270773032435	1.56075729823701	<0.0001	<0.0001	NPC
LJP009_NEU_24H:D15	DB16108	TAK-715	0.2633998692662445	1.5606796841791966	<0.0001	<0.0001	NEU
CPC006_SKM1_6H:BRD-K52836380-001-01-7:22.2	DB07403	4-[(3-CHLORO-4-{[(2R)-3,3,3-TRIFLUORO-2-HYDROXY-2-METHYLPROPANOYL]AMINO}PHENYL)SULFONYL]-N,N-DIMETHYLBENZAMIDE	-0.26421548962772373	-1.5605379584309353	<0.0001	<0.0001	SKM1
CPC006_PL21_6H:BRD-K47335880-001-01-3:0.08	DB12980	CHS-828	-0.2591208862370173	-1.5603734871780701	<0.0001	<0.0001	PL21
LJP008_NPC.TAK_24H:I02	DB16239	Molibresib	0.2796304438010975	1.5599046923688373	<0.0001	<0.0001	NPC.TAK
LJP008_NPC.CAS9_24H:I03	DB16239	Molibresib	0.2784945852291026	1.5597528395865423	<0.0001	<0.0001	NPC.CAS9
LJP007_NEU_24H:K11	DB11962	GSK-1059615	0.2834847175014673	1.5591543958735017	<0.0001	<0.0001	NEU
NMH001_NEU_24H:BRD-K10852020-001-02-9:10	DB00323	Tolcapone	0.23901072315764027	1.5589715172694738	<0.0001	<0.0001	NEU
LJP007_NPC_24H:K21	DB01590	Everolimus	0.3014853740394086	1.5584118978259076	<0.0001	<0.0001	NPC
LJP008_NPC.CAS9_24H:L22	DB05015	Belinostat	-0.26743488160523254	-1.55788901178559	<0.0001	<0.0001	NPC.CAS9
CPC013_NPC_24H:BRD-K19416115-001-02-0:10	DB01261	Sitagliptin	-0.23999862939618535	-1.5574002250058856	<0.0001	<0.0001	NPC
LJP009_NPC_24H:H16	DB07138	Neflamapimod	-0.28029284411888317	-1.556719976707121	<0.0001	<0.0001	NPC
CPC006_THP1_6H:BRD-A13122391-001-01-9:0.08	DB12025	Triptolide	-0.26543485864368394	-1.5552837271098847	<0.0001	<0.0001	THP1
LJP009_NEU_24H:F03	DB11962	GSK-1059615	-0.2628217164574558	-1.5552579040660537	<0.0001	<0.0001	NEU
DOSBIO001_NPC_24H:BRD-K27305650:10	DB02656	LY-294002	0.29436926694039867	1.555191361935024	<0.0001	<0.0001	NPC
CPC018_NPC_24H:BRD-K08806317-050-03-6:10	DB00373	Timolol	-0.24970139939613317	-1.5549553054035683	<0.0001	<0.0001	NPC
LJP009_NPC.CAS9_24H:D21	DB13061	MLN8054	-0.275948689103778	-1.55491554610795	<0.0001	<0.0001	NPC.CAS9
LJP007_NPC.CAS9_24H:D05	DB12494	SGI-1776	0.26348557473299045	1.5548429889100681	<0.0001	<0.0001	NPC.CAS9
NMH002_NEU_6H:BRD-A81585303-001-01-1:10	DB04944	Acadesine	0.24492635182485317	1.5548221740431214	<0.0001	<0.0001	NEU
CPC013_NPC_24H:BRD-A45664787-001-01-4:10	DB01088	Iloprost	-0.27306712763312674	-1.5548061136750215	<0.0001	<0.0001	NPC
LJP009_NPC.CAS9_24H:I04	DB11798	Tanzisertib	0.249808031619905	1.5546774716677927	<0.0001	<0.0001	NPC.CAS9
CPC012_NPC_24H:BRD-A15010982-001-01-9:10	DB06444	Dexanabinol	-0.23498101335056298	-1.5546165279215285	<0.0001	<0.0001	NPC
LJP007_NPC.CAS9_24H:M22	DB12874	Quizartinib	0.2554171035161994	1.5544364202407348	<0.0001	<0.0001	NPC.CAS9
CPC006_SKM1_6H:BRD-A19500257:10	DB02424	Geldanamycin	0.2610949282443952	1.55347978591409	<0.0001	<0.0001	SKM1
CPC013_NPC_24H:BRD-K92723993-066-08-6:10	DB00619	Imatinib	-0.24853428920103673	-1.5534538712655699	<0.0001	<0.0001	NPC
CPC006_WSUDLCL2_6H:BRD-K00766422-001-01-9:80	DB03459	Sparfosic acid	-0.2683476103753703	-1.5534417511240222	<0.0001	<0.0001	WSUDLCL2
NMH001_NPC_24H:BRD-K21283037-001-16-5:10	DB00740	Riluzole	0.2745860209977563	1.5532322266986889	<0.0001	<0.0001	NPC
CPC006_NOMO1_6H:BRD-A26711594-003-06-4:10	DB00622	Nicardipine	0.2557397028424549	1.5531186027072423	<0.0001	<0.0001	NOMO1
LJP007_NPC.TAK_24H:L09	DB11836	Sapanisertib	0.33714006687103304	1.5528225940360996	<0.0001	<0.0001	NPC.TAK
LJP009_NPC.TAK_24H:D24	DB13061	MLN8054	-0.25257708401174306	-1.5525064984228556	<0.0001	<0.0001	NPC.TAK
LJP008_NPC.CAS9_24H:K24	DB12332	Rucaparib	-0.28471552041621234	-1.5522890695933993	<0.0001	<0.0001	NPC.CAS9
LJP009_NPC.TAK_24H:L07	DB05984	RAF-265	0.3167703302710672	1.5522789020277574	<0.0001	<0.0001	NPC.TAK
LJP007_NPC.TAK_24H:P17	DB05294	Vandetanib	-0.2694446525984643	-1.5521716051691734	<0.0001	<0.0001	NPC.TAK
CPC013_NPC_24H:BRD-K89839824-001-01-2:10	DB00293	Raltitrexed	-0.3114964494070724	-1.5517214552887086	<0.0001	<0.0001	NPC
LJP007_JURKAT_24H:F15	DB12247	AZD-4547	-0.2509341781771702	-1.5515728366450214	<0.0001	<0.0001	JURKAT
LJP009_NEU_24H:H07	DB08912	Dabrafenib	0.24434304607062846	1.5515147593781728	<0.0001	<0.0001	NEU
LJP008_NPC.CAS9_24H:L20	DB05015	Belinostat	-0.2744425734948368	-1.551411394476526	<0.0001	<0.0001	NPC.CAS9
NMH002_NPC_24H:BRD-K12184916-001-08-9:10	DB11651	Dactolisib	0.3161265741310131	1.5513515868695646	<0.0001	<0.0001	NPC
NMH001_NEU_6H:BRD-K13296708-001-01-7:10	DB06155	Rimonabant	-0.2784906061710147	-1.5509945762816995	<0.0001	<0.0001	NEU
LJP007_NPC_24H:F05	DB12848	PF-04217903	-0.2781527869838252	-1.5508989533789588	<0.0001	<0.0001	NPC
NMH002_NEU_6H:BRD-K39965020-001-06-7:10	DB03756	Doconexent	-0.2431692144760232	-1.5506467200071172	<0.0001	<0.0001	NEU
CPC017_NPC_24H:BRD-K05901394-001-01-1:10	DB13399	Terguride	0.24854867318646212	1.550186609631538	<0.0001	<0.0001	NPC
CPC006_NOMO1_6H:BRD-K28307902-001-10-0:28.96	DB00499	Flutamide	-0.2576514850209918	-1.5494985144772282	<0.0001	<0.0001	NOMO1
NMH002_NPC_6H:BRD-K13005598-001-01-5:10	DB13034	Foxy-5	-0.24385549886441735	-1.548827666717303	<0.0001	<0.0001	NPC
CPC013_NPC_24H:BRD-K81418486:10	DB02546	Vorinostat	-0.2729710749940172	-1.5484304014461119	<0.0001	<0.0001	NPC
LJP008_NPC_24H:G20	DB00928	Azacitidine	0.2961629858056215	1.5476264338825854	<0.0001	<0.0001	NPC
LJP009_NEU_24H:F02	DB11962	GSK-1059615	-0.24517003157663755	-1.5474884159224598	<0.0001	<0.0001	NEU
LJP007_NPC.TAK_24H:D03	DB12494	SGI-1776	0.25837792422047023	1.547370433872468	<0.0001	<0.0001	NPC.TAK
LJP007_NPC.TAK_24H:E19	DB12021	Dinaciclib	-0.24127583340060169	-1.5469091932081906	<0.0001	<0.0001	NPC.TAK
LJP007_JURKAT_24H:I21	DB13005	Rebastinib	-0.2611220277118033	-1.5465466348345729	<0.0001	<0.0001	JURKAT
CPC015_NPC_24H:BRD-K54314721-001-04-5:10	DB00315	Zolmitriptan	0.26332460613937464	1.5463940038628792	<0.0001	<0.0001	NPC
CPC006_NOMO1_6H:BRD-K12502280-001-01-5:11.1	DB12500	Fedratinib	0.2585795377305662	1.5462095151682071	<0.0001	<0.0001	NOMO1
CPC018_NPC_24H:BRD-K34170797-001-01-1:10	DB02545	Fexaramine	0.24251914019822673	1.546121913009559	<0.0001	<0.0001	NPC
NMH002_NEU_6H:BRD-K77175907-001-04-9:10	DB00146	Calcifediol	-0.2672734160997436	-1.545909515678794	<0.0001	<0.0001	NEU
CPC006_PL21_6H:BRD-A45889380-300-04-8:10	DB01103	Quinacrine	0.25496231151745297	1.5456395351851757	<0.0001	<0.0001	PL21
LJP007_JURKAT_24H:F17	DB12247	AZD-4547	-0.27657592138792375	-1.5455965478911826	<0.0001	<0.0001	JURKAT
NMH002_NEU_24H:BRD-K77947974-001-14-8:10	DB04842	Fluspirilene	-0.2795640874686289	-1.5452963269954378	<0.0001	<0.0001	NEU
LPROT003_NPC_6H:L13	DB11651	Dactolisib	0.30800305070780787	1.5448151682567801	<0.0001	<0.0001	NPC
CPC012_NPC_24H:BRD-K18855837-046-01-4:10	DB01273	Varenicline	-0.2418130739307439	-1.5446716928471842	<0.0001	<0.0001	NPC
NMH002_NPC_24H:BRD-K55591206-001-11-6:10	DB12116	Epigallocatechin gallate	0.25605510401146103	1.544353100716386	<0.0001	<0.0001	NPC
CPC014_NPC_24H:BRD-A01317026-001-01-2:10	DB04400	L-erythro-7,8-dihydrobiopterin	-0.2679028162397704	-1.543947413039863	<0.0001	<0.0001	NPC
CPC006_U937_6H:BRD-A84481105-003-17-2:10	DB00679	Thioridazine	-0.2416570835303733	-1.543621991343781	<0.0001	<0.0001	U937
LPROT001_NPC.TAK_6H:K24	DB00877	Sirolimus	0.26683640724771623	1.5430062681023802	<0.0001	<0.0001	NPC.TAK
LJP009_NPC_24H:L08	DB05984	RAF-265	0.3077196348661019	1.542974923466865	<0.0001	<0.0001	NPC
AML001_HL60_24H:BRD-K26684619:1.11111	DB08784	2-(4-CHLORO-PHENYLAMINO)-NICOTINIC ACID	-0.26382811830898123	-1.5428973675775235	<0.0001	<0.0001	HL60
LJP007_NEU_24H:E11	DB05913	OSI-930	-0.23685321593618974	-1.542712228334723	<0.0001	<0.0001	NEU
NMH002_NEU_6H:BRD-K54771420-001-09-9:10	DB02691	Glycocholic acid	-0.27232026860307085	-1.542392846984161	<0.0001	<0.0001	NEU
LJP009_NPC.TAK_24H:E12	DB01782	Pyrazolanthrone	0.24721644857663025	1.5422263747606664	<0.0001	<0.0001	NPC.TAK
NMH002_NEU_6H:BRD-A84228258-001-03-6:10	DB07348	Brefeldin A	-0.23303740839502193	-1.542161358836661	<0.0001	<0.0001	NEU
CPC017_NPC_24H:BRD-K71499074-001-03-8:10	DB01144	Diclofenamide	-0.2253791822630301	-1.5420365103889224	<0.0001	<0.0001	NPC
LJP009_NEU_24H:K11	DB11962	GSK-1059615	0.27427465442727345	1.5417104992829493	<0.0001	<0.0001	NEU
LJP009_NPC.TAK_24H:I24	DB11363	Alectinib	-0.24786322659619858	-1.5416821423081468	<0.0001	<0.0001	NPC.TAK
PCLB001_JURKAT_24H:BRD-A19037878-001-02-3:2.5	DB04297	Trichostatin A	-0.2696714315748572	-1.5414351632191157	<0.0001	<0.0001	JURKAT
LJP008_NEU_24H:C10	DB13877	Iniparib	-0.2920109195577352	-1.5414206541722824	<0.0001	<0.0001	NEU
CPC014_NPC_24H:BRD-K07736136-001-01-2:10	DB05470	VX-702	0.26265011110901254	1.5408815026855542	<0.0001	<0.0001	NPC
CPC014_NEU_24H:BRD-K91696562-001-01-8:10	DB12072	Orantinib	-0.2613916594744645	-1.5408449234155748	<0.0001	<0.0001	NEU
LJP009_NEU_24H:O05	DB07101	PD-0325901	-0.2632982764669954	-1.54066018632281	<0.0001	<0.0001	NEU
CPC006_U937_6H:BRD-K85606544-001-01-8:10	DB11828	Neratinib	0.2589386510857097	1.5404331970311471	<0.0001	<0.0001	U937
CPC018_NPC_24H:BRD-A79768653-001-03-9:10	DB00877	Sirolimus	0.28584773373507016	1.540368274543456	<0.0001	<0.0001	NPC
LJP007_NPC_24H:A14	DB12742	Amuvatinib	0.2626823827451527	1.5403252678541455	<0.0001	<0.0001	NPC
CPC006_SKM1_6H:BRD-A58280226-001-01-2:4	DB08756	Y-27632	-0.24342495293105254	-1.540064621560645	<0.0001	<0.0001	SKM1
CPC006_PL21_6H:BRD-K61033289-001-01-2:10	DB08435	(5E,14E)-11-oxoprosta-5,9,12,14-tetraen-1-oic acid	0.2652580590764512	1.539701608297374	<0.0001	<0.0001	PL21
CPC006_NOMO1_6H:BRD-K02113016-001-01-4:44.4	DB09074	Olaparib	-0.25443194566108585	-1.5396657300927938	<0.0001	<0.0001	NOMO1
LJP009_NPC_24H:D02	DB11775	PF-03758309	-0.24559329626603624	-1.5394520037760266	<0.0001	<0.0001	NPC
AML001_U937_6H:BRD-K71879491:0.37037	DB00982	Isotretinoin	0.2638307260595894	1.5393410431615955	<0.0001	<0.0001	U937
CPC016_NEU_24H:BRD-A90311807-236-01-4:10	DB01597	Cilastatin	-0.2594935600762036	-1.5391260671685738	<0.0001	<0.0001	NEU
LPROT003_NPC_6H:F13	DB11794	Berzosertib	0.25252738061357777	1.5389820109203118	<0.0001	<0.0001	NPC
CPC014_NPC_24H:BRD-K62959606-001-10-4:10	DB03203	Sphingosine	0.26147889658884965	1.5388897504010426	<0.0001	<0.0001	NPC
LJP007_NPC.TAK_24H:P11	DB07859	4-(4-CHLOROPHENYL)-4-[4-(1H-PYRAZOL-4-YL)PHENYL]PIPERIDINE	-0.3041219339857757	-1.5388523438557788	<0.0001	<0.0001	NPC.TAK
LJP007_NPC.CAS9_24H:K11	DB11962	GSK-1059615	0.3027085382242467	1.5388496817198867	<0.0001	<0.0001	NPC.CAS9
CPC013_NPC_24H:BRD-K89162000-001-02-3:10	DB05465	Tandutinib	0.25061213606158667	1.5386392016253678	<0.0001	<0.0001	NPC
LJP007_NEU_24H:B14	DB12200	Tivantinib	-0.23855236895899298	-1.5386276991614731	<0.0001	<0.0001	NEU
LJP009_NPC.TAK_24H:F01	DB11962	GSK-1059615	-0.2596097031002218	-1.5384628725440683	<0.0001	<0.0001	NPC.TAK
CPC006_THP1_6H:BRD-K47335880-001-01-3:0.08	DB12980	CHS-828	-0.2829319768935253	-1.5380333289614991	<0.0001	<0.0001	THP1
CPC014_NEU_24H:BRD-K99616396-001-01-0:10	DB05575	Motesanib	-0.2767983681485912	-1.5377041560339806	<0.0001	<0.0001	NEU
AML001_HL60_6H:BRD-A45664787:10	DB01088	Iloprost	0.2574852461630551	1.53732408453577	<0.0001	<0.0001	HL60
LJP009_NEU_24H:K20	DB12432	CC-401	-0.27533369283589326	-1.5370004180084176	<0.0001	<0.0001	NEU
LJP008_NEU_24H:A23	DB11740	MK-1775	-0.24286650574173074	-1.53682063652329	<0.0001	<0.0001	NEU
NMH002_NPC_6H:BRD-K27316855-001-10-9:10	DB00136	Calcitriol	-0.27648090794171387	-1.5359107499345985	<0.0001	<0.0001	NPC
LJP009_NEU_24H:D02	DB11775	PF-03758309	-0.28177843353690585	-1.5358125508470346	<0.0001	<0.0001	NEU
NMH002_NPC_24H:BRD-K62012036-001-10-2:10	DB00459	Acitretin	-0.24648511456561004	-1.5356769665315981	<0.0001	<0.0001	NPC
NMH002_NPC_24H:BRD-K61559475-001-07-7:10	DB14122	Dihydroxymethoxychalcone	0.2686866852683885	1.5356439252991603	<0.0001	<0.0001	NPC
CPC006_THP1_6H:BRD-K81473043-001-04-7:0.35	DB05134	Tanespimycin	-0.2702581520447123	-1.5355340841117986	<0.0001	<0.0001	THP1
CPC006_SKM1_6H:BRD-K96354014-001-09-6:10	DB01115	Nifedipine	-0.25888864435573716	-1.535466140469176	<0.0001	<0.0001	SKM1
LPROT003_NPC_6H:N17	DB11648	Afuresertib	0.2699279168264234	1.5354163621613288	<0.0001	<0.0001	NPC
LPROT003_NPC_6H:L23	DB11952	Duvelisib	-0.26145629535672954	-1.5351963798198671	<0.0001	<0.0001	NPC
CPC016_NPC_24H:BRD-K04111260-001-05-0:10	DB12518	Raclopride	-0.23741425239954286	-1.5351700323451403	<0.0001	<0.0001	NPC
LJP007_NEU_24H:P05	DB09054	Idelalisib	0.2365894923163529	1.5351615798086804	<0.0001	<0.0001	NEU
CPC006_PL21_6H:BRD-A19037878:10	DB04297	Trichostatin A	-0.26213447209137036	-1.5351560046847872	<0.0001	<0.0001	PL21
CPC016_NEU_24H:BRD-K81709173-001-03-8:10	DB06786	Halcinonide	0.24671233128015108	1.534944206081947	<0.0001	<0.0001	NEU
CPC006_NOMO1_6H:BRD-K12184916-001-03-0:0.63	DB11651	Dactolisib	0.31796479422207874	1.5340638961304207	<0.0001	<0.0001	NOMO1
LJP007_NPC.CAS9_24H:C06	DB11800	Tivozanib	0.2580110712143826	1.5336445794398545	<0.0001	<0.0001	NPC.CAS9
CPC006_SKM1_6H:BRD-K56851771-001-02-7:0.25	DB08899	Enzalutamide	-0.2500006973086373	-1.533547884749678	<0.0001	<0.0001	SKM1
CPC006_THP1_6H:BRD-K69932463-001-03-1:10	DB12774	AZD-8055	0.27383738626177423	1.533524321634222	<0.0001	<0.0001	THP1
LJP009_NEU_24H:L19	DB12588	AZD-1480	-0.23831200213402154	-1.5334402013949482	<0.0001	<0.0001	NEU
NMH002_NPC_24H:BRD-A38878059-001-02-8:10	DB07557	3,20-Pregnanedione	0.25666353261902947	1.5333759620875869	<0.0001	<0.0001	NPC
CPC015_NPC_24H:BRD-K82941592-238-02-9:10	DB01098	Rosuvastatin	0.26621815771197693	1.5332690533836697	<0.0001	<0.0001	NPC
LJP008_NEU_24H:D05	DB09074	Olaparib	0.29650875147022654	1.5329474835326478	<0.0001	<0.0001	NEU
AML001_HL60_24H:BRD-K43389675:0.37037	DB00694	Daunorubicin	-0.24358889347358784	-1.5321909907247575	<0.0001	<0.0001	HL60
CPC016_NPC_24H:BRD-A00993607-003-15-4:10	DB00866	Alprenolol	0.22783359344300988	1.5318042562190175	<0.0001	<0.0001	NPC
LJP007_NPC_24H:P17	DB05294	Vandetanib	-0.268131413216578	-1.5312686569243754	<0.0001	<0.0001	NPC
CPC017_NPC_24H:BRD-K74141488-003-03-9:10	DB00735	Naftifine	-0.2520528920310772	-1.5311625530396977	<0.0001	<0.0001	NPC
NMH002_NEU_24H:BRD-K39965020-001-05-9:10	DB03756	Doconexent	-0.23912414159999676	-1.5308398229574232	<0.0001	<0.0001	NEU
CPC006_WSUDLCL2_6H:BRD-K12184916-001-03-0:0.63	DB11651	Dactolisib	0.28992011448700095	1.5308235698239563	<0.0001	<0.0001	WSUDLCL2
CPC006_SKM1_6H:BRD-A26711594-003-06-4:10	DB00622	Nicardipine	0.25188662148365953	1.5306631699711417	<0.0001	<0.0001	SKM1
LJP009_NPC.TAK_24H:E15	DB13113	JNJ-38877605	0.2565900393296271	1.5306401173832198	<0.0001	<0.0001	NPC.TAK
LJP007_NEU_24H:G12	DB11963	Dacomitinib	-0.29815256138120966	-1.5304024735813027	<0.0001	<0.0001	NEU
LJP009_NPC.CAS9_24H:H18	DB07138	Neflamapimod	0.2455652061758488	1.5303233938686176	<0.0001	<0.0001	NPC.CAS9
CPC018_NPC_24H:BRD-A53576514-048-06-9:10	DB01173	Orphenadrine	-0.2486801544931996	-1.5302828195666738	<0.0001	<0.0001	NPC
LJP008_NPC.TAK_24H:N08	DB02665	(1R,2S)-2-Phenylcyclopropanaminium	0.28378955400722383	1.5299443575229397	<0.0001	<0.0001	NPC.TAK
CPC006_PL21_6H:BRD-A56359832-001-03-8:160	DB00744	Zileuton	0.24626740593236524	1.5294241421023802	<0.0001	<0.0001	PL21
LJP008_NPC.TAK_24H:L24	DB05015	Belinostat	-0.24728019794988185	-1.5293570600374842	<0.0001	<0.0001	NPC.TAK
CPC006_WSUDLCL2_6H:BRD-A47829399-001-01-1:10	DB09274	Artesunate	-0.26434050083148225	-1.5291571997130033	<0.0001	<0.0001	WSUDLCL2
DOSBIO002_NPC_24H:BRD-A19500257:1.11111	DB02424	Geldanamycin	0.29901778378355476	1.5290211031633196	<0.0001	<0.0001	NPC
LJP007_NPC.CAS9_24H:L09	DB11836	Sapanisertib	0.3222887232124913	1.5288800186165412	<0.0001	<0.0001	NPC.CAS9
CPC006_WSUDLCL2_6H:BRD-A19037878:10	DB04297	Trichostatin A	-0.26836480762233583	-1.5287451385969402	<0.0001	<0.0001	WSUDLCL2
LJP007_NPC.CAS9_24H:H09	DB09053	Ibrutinib	-0.2649945385568878	-1.5284917327302006	<0.0001	<0.0001	NPC.CAS9
CPC015_NPC_24H:BRD-A36471396-003-02-2:10	DB00810	Biperiden	-0.2531499733270947	-1.5283621995512147	<0.0001	<0.0001	NPC
NMH002_NPC_24H:BRD-K35923252-001-03-6:10	DB07558	acetylleucyl-leucyl-norleucinal	0.28297552775218965	1.528059525673295	<0.0001	<0.0001	NPC
NMH002_NPC_6H:BRD-K93754473-048-14-5:10	DB00675	Tamoxifen	0.2869906183750447	1.5277223610273234	<0.0001	<0.0001	NPC
NMH002_NPC_24H:BRD-K39965020-001-06-7:10	DB03756	Doconexent	0.25354299254703627	1.5273545309624414	<0.0001	<0.0001	NPC
LJP008_NPC.CAS9_24H:K10	DB11962	GSK-1059615	0.28109831431246735	1.5272296697636694	<0.0001	<0.0001	NPC.CAS9
NMH002_NPC_24H:BRD-A16694057-001-05-0:10	DB14083	Bisphenol A diglycidyl ether	0.22820134068977155	1.526984733379611	<0.0001	<0.0001	NPC
CPC016_NPC_24H:BRD-A22684332-003-03-1:10	DB01366	Procaterol	-0.2490168659536545	-1.5267701714772877	<0.0001	<0.0001	NPC
NMH001_NPC_24H:BRD-K90259198-001-01-8:10	DB04513	N-(6-Aminohexyl)-5-Chloro-1-Naphthalenesulfonamide	0.2742733733946933	1.526627487703261	<0.0001	<0.0001	NPC
NMH001_NEU_24H:BRD-K90259198-001-01-8:10	DB04513	N-(6-Aminohexyl)-5-Chloro-1-Naphthalenesulfonamide	0.2808977409513501	1.5264270790370524	<0.0001	<0.0001	NEU
LJP009_NEU_24H:N10	DB08896	Regorafenib	0.24294773508467882	1.5259416350673254	<0.0001	<0.0001	NEU
CPC018_NPC_24H:BRD-K08619574-334-03-9:10	DB01622	Thioproperazine	-0.247393887239659	-1.5258159402925506	<0.0001	<0.0001	NPC
NMH002_NEU_24H:BRD-A38878059-001-02-8:10	DB07557	3,20-Pregnanedione	0.2631254052674469	1.5252094691561129	<0.0001	<0.0001	NEU
CPC014_NPC_24H:BRD-K15891719-001-01-0:10	DB14126	Tenofovir	-0.25025863747103383	-1.525055132619142	<0.0001	<0.0001	NPC
CPC006_WSUDLCL2_6H:BRD-K19216856-001-02-7:88.8	DB12116	Epigallocatechin gallate	0.256459827131786	1.5249832092943725	<0.0001	<0.0001	WSUDLCL2
LJP007_NPC_24H:P04	DB09054	Idelalisib	-0.2604043173522777	-1.5243908778099053	<0.0001	<0.0001	NPC
LPROT003_NPC_6H:N01	DB08895	Tofacitinib	0.25104420102166053	1.523732381077571	<0.0001	<0.0001	NPC
NMH002_NPC_24H:BRD-K24994810-001-02-7:10	DB01889	16,17-Androstene-3-Ol	0.24526299510414168	1.5236730023984129	<0.0001	<0.0001	NPC
CPC017_NPC_24H:BRD-K91509126-001-04-6:10	DB08399	Piceatannol	-0.2290969822889117	-1.5233493863092762	<0.0001	<0.0001	NPC
LJP007_NPC_24H:E07	DB05913	OSI-930	0.2763581238149871	1.522906882597913	<0.0001	<0.0001	NPC
LJP007_NPC.CAS9_24H:E04	DB11743	Ipatasertib	0.29560750072182	1.5216690474776973	<0.0001	<0.0001	NPC.CAS9
NMH002_NEU_6H:BRD-K81418486-001-29-3:10	DB02546	Vorinostat	-0.2770764942273526	-1.5213707233280827	<0.0001	<0.0001	NEU
LJP009_NPC_24H:K09	DB11962	GSK-1059615	0.34248026320814706	1.5213114244556745	<0.0001	<0.0001	NPC
PCLB001_JURKAT_24H:BRD-A19037878-001-02-3:10	DB04297	Trichostatin A	-0.23938272037660457	-1.520664432946047	<0.0001	<0.0001	JURKAT
CPC017_NPC_24H:BRD-K17016787-001-03-5:10	DB07702	17alpha-Estriol	-0.24806744074521317	-1.5202862695729782	<0.0001	<0.0001	NPC
CPC015_NPC_24H:BRD-K35941380-050-17-0:10	DB00247	Methysergide	0.23476530769482495	1.520062644965045	<0.0001	<0.0001	NPC
CPC014_NEU_24H:BRD-K41170226-001-05-4:10	DB03619	Deoxycholic acid	0.24844861596085227	1.5199268921679256	<0.0001	<0.0001	NEU
LJP007_JURKAT_24H:F16	DB12247	AZD-4547	-0.27677002060926736	-1.5198482087469394	<0.0001	<0.0001	JURKAT
CPC015_NPC_24H:BRD-K15409150-001-01-7:10	DB13791	Penfluridol	-0.20758027664030082	-1.5195307187626395	<0.0001	<0.0001	NPC
LJP009_NPC.CAS9_24H:K10	DB11962	GSK-1059615	0.27602876099362134	1.5186464000797304	<0.0001	<0.0001	NPC.CAS9
CPC014_NPC_24H:BRD-K43764301-001-07-6:10	DB09214	Dexketoprofen	0.2873782699757312	1.5182769382923929	<0.0001	<0.0001	NPC
LJP007_NPC.CAS9_24H:D11	DB08875	Cabozantinib	-0.2606888489299387	-1.5180090275390759	<0.0001	<0.0001	NPC.CAS9
LJP009_NEU_24H:E21	DB08901	Ponatinib	-0.25467279844264773	-1.5179287455048365	<0.0001	<0.0001	NEU
CPC012_NPC_24H:BRD-K14550461-001-01-3:10	DB06410	Doxercalciferol	0.24841449165198984	1.5173278199243057	<0.0001	<0.0001	NPC
LJP009_NPC_24H:B08	DB12242	AZD-7762	0.2626532036338623	1.5170548026289963	<0.0001	<0.0001	NPC
CPC016_NPC_24H:BRD-K94920105-001-01-3:10	DB07677	2-methyl-3,5,7,8-tetrahydro-4H-thiopyrano[4,3-d]pyrimidin-4-one	0.26529350004476804	1.5170524032716757	<0.0001	<0.0001	NPC
CPC006_SKM1_6H:BRD-K98548675-001-02-6:10	DB13063	Parthenolide	0.28831023707971654	1.5169162356719572	<0.0001	<0.0001	SKM1
CPC016_NPC_24H:BRD-K87990216-001-03-7:10	DB02925	Piretanide	0.29496893947703434	1.5168949588735308	<0.0001	<0.0001	NPC
LJP008_NEU_24H:G08	DB02546	Vorinostat	-0.31475630194204224	-1.5168299931999696	<0.0001	<0.0001	NEU
NMH002_NPC_6H:BRD-A38878059-001-02-8:10	DB07557	3,20-Pregnanedione	-0.25507748218056603	-1.516532196668626	<0.0001	<0.0001	NPC
CPC014_NEU_24H:BRD-K81062487-001-01-7:10	DB04348	Taurocholic acid	0.2553023617809359	1.5164436917375985	<0.0001	<0.0001	NEU
AML001_HL60_6H:BRD-K19706299:1.11111	DB00374	Treprostinil	0.269257743709249	1.5163551305496352	<0.0001	<0.0001	HL60
CPC006_U937_6H:BRD-A23770159-001-02-3:11.1	DB00877	Sirolimus	-0.24647383649374427	-1.5161749968811282	<0.0001	<0.0001	U937
LJP008_NPC.TAK_24H:J06	DB12116	Epigallocatechin gallate	-0.2606753470232235	-1.5156748066433383	<0.0001	<0.0001	NPC.TAK
LJP008_NPC_24H:G19	DB00928	Azacitidine	0.28823505524846565	1.5150162062015666	<0.0001	<0.0001	NPC
LJP008_NPC.TAK_24H:F01	DB12376	Ricolinostat	-0.26960822001968693	-1.5148777733223835	<0.0001	<0.0001	NPC.TAK
LJP007_NEU_24H:I06	DB01268	Sunitinib	-0.25979945446336017	-1.5145911016775453	<0.0001	<0.0001	NEU
CPC006_SKM1_6H:BRD-K87142802-001-02-7:10	DB07232	Veliparib	-0.2300403933547599	-1.513759656557142	<0.0001	<0.0001	SKM1
CPC006_THP1_6H:BRD-K04430056-001-09-4:80	DB02207	7-Nitroindazole	-0.27877177470969006	-1.513521210742407	<0.0001	<0.0001	THP1
LJP007_NPC.CAS9_24H:A18	DB12742	Amuvatinib	-0.25518026377910974	-1.5134286332318418	<0.0001	<0.0001	NPC.CAS9
NMH002_NPC_24H:BRD-A97437073-050-09-5:10	DB00412	Rosiglitazone	0.2577696206770017	1.5133380690196272	<0.0001	<0.0001	NPC
NMH002_NPC_24H:BRD-A93255169-001-21-8:10	DB01041	Thalidomide	0.21781196600709488	1.5130298877501651	<0.0001	<0.0001	NPC
LJP009_NEU_24H:L21	DB12588	AZD-1480	0.2675094537892699	1.5130285669472865	<0.0001	<0.0001	NEU
AML001_U937_6H:BRD-K26684619:10	DB08784	2-(4-CHLORO-PHENYLAMINO)-NICOTINIC ACID	-0.2825446912994216	-1.5124511771821132	<0.0001	<0.0001	U937
LPROT003_NPC_6H:H03	DB01590	Everolimus	0.24747115693343702	1.5123969388530805	<0.0001	<0.0001	NPC
LJP007_JURKAT_24H:P01	DB09054	Idelalisib	0.2796271264287932	1.5123321252340465	<0.0001	<0.0001	JURKAT
LJP009_NPC.CAS9_24H:O19	DB07232	Veliparib	0.2612831400756754	1.5122963943874468	<0.0001	<0.0001	NPC.CAS9
DOSBIO001_NPC_24H:BRD-A90490067:10	DB00947	Fulvestrant	0.24459552551228256	1.51182871208002	<0.0001	<0.0001	NPC
CPC006_THP1_6H:BRD-K64890080-001-03-9:10	DB16107	BI 2536	0.25772125168344845	1.5113637968782352	<0.0001	<0.0001	THP1
CPC006_U937_6H:BRD-K19216856-001-02-7:88.8	DB12116	Epigallocatechin gallate	-0.25488895585856425	-1.5111439544859213	<0.0001	<0.0001	U937
AML001_U937_24H:BRD-K19706299:1.11111	DB00374	Treprostinil	-0.3257450060749834	-1.5106832147158744	<0.0001	<0.0001	U937
NMH002_NPC_6H:BRD-K27450477-003-06-8:10	DB07711	(2S,3R)-3-(6-amino-9H-purin-9-yl)nonan-2-ol	0.2661179883222413	1.5106333419054134	<0.0001	<0.0001	NPC
CPC006_SKM1_6H:BRD-A04706586-236-01-7:10	DB13242	Bucladesine	-0.252837511819641	-1.510565974011287	<0.0001	<0.0001	SKM1
CPC006_PL21_6H:BRD-K62965247-001-01-5:10	DB04960	Tipifarnib	0.26597544994621186	1.5100647185545042	<0.0001	<0.0001	PL21
NMH002_NEU_24H:BRD-K11528507-001-05-9:10	DB02424	Geldanamycin	-0.24532620103897498	-1.50995642658803	<0.0001	<0.0001	NEU
LJP009_NPC_24H:B22	DB16107	BI 2536	-0.24902291514208147	-1.5097760575968258	<0.0001	<0.0001	NPC
PCLB001_JURKAT_6H:BRD-K36452089-001-01-8:1.11	DB07726	t-Butylhydroquinone	-0.25647084714135193	-1.5091769338372056	<0.0001	<0.0001	JURKAT
CPC006_THP1_6H:BRD-K12184916-001-03-0:0.63	DB11651	Dactolisib	0.27515026531662695	1.5091399689422964	<0.0001	<0.0001	THP1
LJP007_NPC.CAS9_24H:I19	DB13005	Rebastinib	-0.23845726637358722	-1.5087924465386386	<0.0001	<0.0001	NPC.CAS9
LJP008_NEU_24H:M02	DB02709	Resveratrol	0.20870499648592206	1.5081191653506225	<0.0001	<0.0001	NEU
NMH002_NEU_6H:BRD-K30466858-335-01-5:10	DB08846	Ellagic acid	0.2606653990212054	1.507946144532646	<0.0001	<0.0001	NEU
LJP008_NPC_24H:L20	DB05015	Belinostat	-0.26558929003028525	-1.5075794776297577	<0.0001	<0.0001	NPC
CPC012_NPC_24H:BRD-K55591206-001-07-4:10	DB12116	Epigallocatechin gallate	0.21794551556151637	1.5069216464200834	<0.0001	<0.0001	NPC
NMH002_NEU_6H:BRD-K80738081-001-33-6:10	DB02709	Resveratrol	-0.27766383472412015	-1.5068291222563774	<0.0001	<0.0001	NEU
DOSBIO001_NPC_24H:BRD-K81418486:10	DB02546	Vorinostat	-0.254030526043116	-1.506202395599581	<0.0001	<0.0001	NPC
LJP009_NEU_24H:H08	DB08912	Dabrafenib	0.27885671571659026	1.5055750847942904	<0.0001	<0.0001	NEU
LJP008_NPC.TAK_24H:D04	DB09074	Olaparib	0.28347077702839124	1.5047324626021692	<0.0001	<0.0001	NPC.TAK
CPC015_NPC_24H:BRD-K39120595-304-03-9:10	DB04813	Bithionol	0.26654513111349865	1.5046763689416416	<0.0001	<0.0001	NPC
AML001_HL60_6H:BRD-K71879491:10	DB00982	Isotretinoin	0.272389978790809	1.5039843259443857	<0.0001	<0.0001	HL60
CPC015_NPC_24H:BRD-K95921201-001-07-0:10	DB00206	Reserpine	-0.26249528516878423	-1.503918503187784	<0.0001	<0.0001	NPC
LJP009_NEU_24H:E10	DB01782	Pyrazolanthrone	-0.2520053062536024	-1.5037539324110687	<0.0001	<0.0001	NEU
CPC015_NPC_24H:BRD-A26334849-003-16-7:10	DB15410	(S)-Propafenone	0.21727358653759607	1.5032162144069925	<0.0001	<0.0001	NPC
CPC017_NPC_24H:BRD-A94756469-001-03-9:10	DB00390	Digoxin	0.2877527255420506	1.5027422783558653	<0.0001	<0.0001	NPC
DOSBIO001_NPC_24H:BRD-A13084692:1.11111	DB08607	(5R)-5-(4-{[(2R)-6-HYDROXY-2,5,7,8-TETRAMETHYL-3,4-DIHYDRO-2H-CHROMEN-2-YL]METHOXY}BENZYL)-1,3-THIAZOLIDINE-2,4-DIONE	0.27254233053537463	1.5023844267297017	<0.0001	<0.0001	NPC
LJP009_NPC_24H:O20	DB07232	Veliparib	0.2709359409463205	1.5023072184707933	<0.0001	<0.0001	NPC
CPC015_NPC_24H:BRD-A25143711-001-01-4:10	DB14544	Hydrocortisone valerate	-0.2751317582559119	-1.5022161918230637	<0.0001	<0.0001	NPC
LJP009_NPC.CAS9_24H:B21	DB16107	BI 2536	-0.2598396272551214	-1.5021951313064967	<0.0001	<0.0001	NPC.CAS9
NMH002_NEU_24H:BRD-K81062487-001-03-3:10	DB04348	Taurocholic acid	0.25994717502869313	1.5020620036184418	<0.0001	<0.0001	NEU
NMH002_NEU_24H:BRD-K43736954-001-19-9:10	DB14681	Cortisone	0.2645506106652522	1.501608308695999	<0.0001	<0.0001	NEU
NMH002_NEU_6H:BRD-K52313696-001-09-9:10	DB12291	Tacedinaline	-0.2435396802724273	-1.5013973149218973	<0.0001	<0.0001	NEU
CPC017_NPC_24H:BRD-A63894585-001-03-4:10	DB01013	Clobetasol propionate	0.24755880552690246	1.5012705208528219	<0.0001	<0.0001	NPC
CPC018_NPC_24H:BRD-K14993104-001-03-4:10	DB13740	Bemegride	-0.2416201828707435	-1.500974982858865	<0.0001	<0.0001	NPC
NMH002_NEU_6H:BRD-K13005598-001-01-5:10	DB13034	Foxy-5	-0.2489960748937402	-1.50093931182928	<0.0001	<0.0001	NEU
LJP007_NPC_24H:I05	DB01268	Sunitinib	-0.2786086582379215	-1.5000039463306412	<0.0001	<0.0001	NPC
PCLB001_JURKAT_6H:BRD-A19037878-001-02-3:1.11	DB04297	Trichostatin A	-0.26299953976590457	-1.4999673374488978	<0.0001	<0.0001	JURKAT
CPC006_SKM1_6H:BRD-K15563106-001-08-1:177.6	DB07810	Phloretin	0.272559659315982	1.4995801891294007	<0.0001	<0.0001	SKM1
PCLB001_JURKAT_24H:BRD-A19037878-001-02-3:1.11	DB04297	Trichostatin A	-0.24341890891215726	-1.4982359942832235	<0.0001	<0.0001	JURKAT
NMH002_NPC_24H:BRD-A56798952-001-01-5:10	DB06733	Bafilomycin A1	0.261000396486708	1.4981681906311781	<0.0001	<0.0001	NPC
NMH002_NPC_6H:BRD-K88809146-065-01-2:10	DB02665	(1R,2S)-2-Phenylcyclopropanaminium	-0.25541764034921927	-1.4980377777217642	<0.0001	<0.0001	NPC
CPC015_NPC_24H:BRD-A10977446-001-05-5:10	DB01136	Carvedilol	-0.25222701909682327	-1.497682371912065	<0.0001	<0.0001	NPC
CPC012_NEU_24H:BRD-A75409952:10	DB08059	Wortmannin	-0.24520118190254253	-1.4976809731225538	<0.0001	<0.0001	NEU
LPROT002_NPC.TAK_6H:G22	DB04149	(R)-Rolipram	-0.25253893832144675	-1.4975734217659231	<0.0001	<0.0001	NPC.TAK
CPC014_NEU_24H:BRD-K77286328-001-02-9:10	DB07340	Reversine	-0.25343963669206526	-1.4970932050576566	<0.0001	<0.0001	NEU
LJP007_NPC_24H:C04	DB11800	Tivozanib	-0.2562478219883959	-1.4970440846966389	<0.0001	<0.0001	NPC
LJP007_JURKAT_24H:P13	DB05294	Vandetanib	0.26411479038290797	1.4967965296578374	<0.0001	<0.0001	JURKAT
LPROT003_NPC_6H:F21	DB00480	Lenalidomide	-0.250761624044299	-1.4966107957486507	<0.0001	<0.0001	NPC
LJP009_NEU_24H:I14	DB12146	Rigosertib	-0.25396185812645505	-1.4965163848455751	<0.0001	<0.0001	NEU
NMH002_NEU_6H:BRD-K41170226-001-10-4:10	DB03619	Deoxycholic acid	-0.230068684124173	-1.4965005684534136	<0.0001	<0.0001	NEU
NMH002_NEU_6H:BRD-K17561142-003-25-9:10	DB01118	Amiodarone	-0.2638207929382645	-1.496465765760889	<0.0001	<0.0001	NEU
CPC017_NPC_24H:BRD-K54462405-003-03-3:10	DB14750	Cidoxepin	-0.23983859208534367	-1.496264895873376	<0.0001	<0.0001	NPC
CPC015_NPC_24H:BRD-K12219985-001-15-4:10	DB01067	Glipizide	-0.24895169715516707	-1.4962079926848342	<0.0001	<0.0001	NPC
CPC015_NPC_24H:BRD-A01346607-001-03-4:10	DB00663	Flumethasone	-0.23712842915367494	-1.4958801857213821	<0.0001	<0.0001	NPC
AML001_U937_6H:BRD-A19037878:1.11111	DB04297	Trichostatin A	-0.28270351713385616	-1.495734847475706	<0.0001	<0.0001	U937
LJP009_NPC.CAS9_24H:L07	DB05984	RAF-265	0.2948733297555081	1.4955285126329978	<0.0001	<0.0001	NPC.CAS9
LJP009_NPC.TAK_24H:B10	DB12242	AZD-7762	-0.2625450030741139	-1.4953237601284706	<0.0001	<0.0001	NPC.TAK
CPC015_NPC_24H:BRD-K69608737-001-03-7:10	DB00864	Tacrolimus	-0.23894602250218333	-1.4951143516883083	<0.0001	<0.0001	NPC
CPC015_NPC_24H:BRD-K66296774-001-02-0:10	DB01095	Fluvastatin	0.2821011907345708	1.495107534694144	<0.0001	<0.0001	NPC
CPC006_NOMO1_6H:BRD-A84481105-003-17-2:10	DB00679	Thioridazine	0.27659206297314654	1.4946733050943313	<0.0001	<0.0001	NOMO1
LJP007_JURKAT_24H:M09	DB05575	Motesanib	0.2407966690033802	1.4942569216780632	<0.0001	<0.0001	JURKAT
LJP007_NPC_24H:I09	DB06589	Pazopanib	-0.27218681099381853	-1.4941830338353566	<0.0001	<0.0001	NPC
LJP009_NPC.TAK_24H:D16	DB16108	TAK-715	-0.24115739399883399	-1.494177923749739	<0.0001	<0.0001	NPC.TAK
CPC006_U937_6H:BRD-K64890080-001-03-9:10	DB16107	BI 2536	0.24783236055035776	1.4941590174678576	<0.0001	<0.0001	U937
CPC006_WSUDLCL2_6H:BRD-K19295594-001-08-5:11.1	DB13044	Gossypol	0.24109852169273152	1.4940241101382055	<0.0001	<0.0001	WSUDLCL2
CPC014_NPC_24H:BRD-K01493881-001-20-3:10	DB07352	Apigenin	0.25980799943015476	1.493988375727325	<0.0001	<0.0001	NPC
LJP009_NPC.TAK_24H:P19	DB09074	Olaparib	-0.25886130742437236	-1.493943753149774	<0.0001	<0.0001	NPC.TAK
CPC017_NPC_24H:BRD-A10303790-003-03-7:10	DB13814	Talampicillin	-0.2401972103992239	-1.4935638901947366	<0.0001	<0.0001	NPC
LJP007_NPC_24H:E01	DB11743	Ipatasertib	0.2603526405950261	1.4934971551255607	<0.0001	<0.0001	NPC
LPROT003_NPC_6H:F23	DB00480	Lenalidomide	-0.26523481190996945	-1.4934490522585389	<0.0001	<0.0001	NPC
LJP009_NPC.TAK_24H:L11	DB05984	RAF-265	-0.25485454558134296	-1.493237053068073	<0.0001	<0.0001	NPC.TAK
LJP009_NEU_24H:B23	DB16107	BI 2536	-0.26158756867398547	-1.4928340655378831	<0.0001	<0.0001	NEU
CPC006_WSUDLCL2_6H:BRD-K76205745-237-05-8:160	DB00678	Losartan	0.2551016984205132	1.4926349710853595	<0.0001	<0.0001	WSUDLCL2
LJP009_NPC_24H:M16	DB06314	SGX-523	-0.2629482611522618	-1.4923714527774032	<0.0001	<0.0001	NPC
NMH002_NEU_24H:BRD-K35483542-001-05-6:10	DB00982	Isotretinoin	0.23863269363804568	1.4920492485523222	<0.0001	<0.0001	NEU
LJP008_NEU_24H:F04	DB12376	Ricolinostat	-0.2636782593648144	-1.4919593401123152	<0.0001	<0.0001	NEU
LJP007_NPC_24H:C05	DB11800	Tivozanib	-0.3091920980727324	-1.4913371925932164	<0.0001	<0.0001	NPC
CPC006_PL21_6H:BRD-K01638814-051-10-1:10	DB11738	Rilmenidine	-0.25576735743806484	-1.491157155603093	<0.0001	<0.0001	PL21
LJP007_JURKAT_24H:M08	DB05575	Motesanib	0.24774865743740493	1.4910273866108215	<0.0001	<0.0001	JURKAT
NMH001_NEU_6H:BRD-K10852020-001-02-9:10	DB00323	Tolcapone	0.26302792156896515	1.4908340401815154	<0.0001	<0.0001	NEU
LJP009_NPC.CAS9_24H:G15	DB01254	Dasatinib	0.27790185783602467	1.4907844309649836	<0.0001	<0.0001	NPC.CAS9
CPC006_THP1_6H:BRD-A35588707-001-03-0:1.25	DB00444	Teniposide	-0.24745205927887984	-1.4906361006462092	<0.0001	<0.0001	THP1
CPC006_PL21_6H:BRD-K19796430-001-01-5:10	DB09143	Sonidegib	-0.23281597093172623	-1.4897219525193965	<0.0001	<0.0001	PL21
LJP007_NEU_24H:D21	DB06616	Bosutinib	-0.2561081977549016	-1.489416803398345	<0.0001	<0.0001	NEU
NMH002_NPC_6H:BRD-K55591206-001-11-6:10	DB12116	Epigallocatechin gallate	-0.24311284897088184	-1.4892557132946818	<0.0001	<0.0001	NPC
CPC018_NPC_24H:BRD-A50311610-300-06-2:10	DB00737	Meclizine	-0.26120901662549634	-1.4891535161693927	<0.0001	<0.0001	NPC
CPC018_NPC_24H:BRD-K39188321-001-03-9:10	DB01234	Dexamethasone	-0.25748989819383217	-1.488703492256104	<0.0001	<0.0001	NPC
LJP008_NPC.CAS9_24H:L17	DB08756	Y-27632	0.2593871441944061	1.4883737231847571	<0.0001	<0.0001	NPC.CAS9
NMH002_NEU_24H:BRD-K88809146-065-01-2:10	DB02665	(1R,2S)-2-Phenylcyclopropanaminium	0.24879833329246995	1.4876247318208196	<0.0001	<0.0001	NEU
NMH002_NEU_24H:BRD-K41170226-001-10-4:10	DB03619	Deoxycholic acid	-0.22956315561587537	-1.4875732901283978	<0.0001	<0.0001	NEU
NMH001_NEU_24H:BRD-K70327167-348-11-8:10	DB04786	Suramin	-0.2563985029546542	-1.4874550912821962	<0.0001	<0.0001	NEU
LJP009_NPC.TAK_24H:I19	DB11363	Alectinib	-0.26098787638293003	-1.4873814894656225	<0.0001	<0.0001	NPC.TAK
LJP008_NPC.TAK_24H:I01	DB16239	Molibresib	0.252716124255143	1.4871427794642826	<0.0001	<0.0001	NPC.TAK
CPC006_THP1_6H:BRD-K01976263-003-04-5:0.63	DB01735	3-Chloroalaninate	0.27110389617064395	1.487011771247298	<0.0001	<0.0001	THP1
CPC006_NOMO1_6H:BRD-K88510285-001-01-2:0.04	DB00188	Bortezomib	0.25995141969073515	1.486859114303574	<0.0001	<0.0001	NOMO1
LJP008_NPC.TAK_24H:M18	DB01262	Decitabine	-0.2696212586526236	-1.486353010686327	<0.0001	<0.0001	NPC.TAK
CPC006_THP1_6H:BRD-K19295594-001-08-5:11.1	DB13044	Gossypol	0.263852712822313	1.4862923866224926	<0.0001	<0.0001	THP1
LJP008_NPC_24H:G14	DB01254	Dasatinib	0.2642955011256524	1.4859687400530672	<0.0001	<0.0001	NPC
LJP008_NPC.CAS9_24H:F01	DB12376	Ricolinostat	-0.26408963852546335	-1.4858854618046766	<0.0001	<0.0001	NPC.CAS9
LJP007_NPC.TAK_24H:I07	DB06589	Pazopanib	0.28286744914777934	1.4856586006971115	<0.0001	<0.0001	NPC.TAK
LJP007_NPC.TAK_24H:M14	DB07460	2-({5-CHLORO-2-[(2-METHOXY-4-MORPHOLIN-4-YLPHENYL)AMINO]PYRIMIDIN-4-YL}AMINO)-N-METHYLBENZAMIDE	0.2704103464086412	1.4855183845256443	<0.0001	<0.0001	NPC.TAK
LJP007_NEU_24H:F15	DB12247	AZD-4547	-0.22151131274296035	-1.4854510967566221	<0.0001	<0.0001	NEU
CPC014_NEU_24H:BRD-K61341215-004-01-2:10	DB01339	Vecuronium	-0.28549900687951496	-1.484499385676481	<0.0001	<0.0001	NEU
LJP007_NEU_24H:P01	DB09054	Idelalisib	-0.24310235658931204	-1.4837738853242326	<0.0001	<0.0001	NEU
NMH002_NEU_24H:BRD-A75409952-001-04-0:10	DB08059	Wortmannin	-0.2515181099277502	-1.48365726135102	<0.0001	<0.0001	NEU
LJP007_NPC.TAK_24H:K12	DB11962	GSK-1059615	0.2869403262170782	1.4833218400796986	<0.0001	<0.0001	NPC.TAK
LJP009_NEU_24H:D19	DB13061	MLN8054	-0.24973454212683993	-1.483276683780767	<0.0001	<0.0001	NEU
LJP007_NPC_24H:N16	DB09330	Osimertinib	-0.2515115420249901	-1.483259380070449	<0.0001	<0.0001	NPC
LJP007_NPC_24H:F14	DB12247	AZD-4547	0.2948551396623748	1.4831884350796103	<0.0001	<0.0001	NPC
LJP009_NPC.TAK_24H:L24	DB12588	AZD-1480	-0.2457759672270506	-1.4826739790208168	<0.0001	<0.0001	NPC.TAK
LJP007_NPC.TAK_24H:D07	DB08875	Cabozantinib	-0.24340537656284533	-1.482373991519791	<0.0001	<0.0001	NPC.TAK
LJP009_NEU_24H:B19	DB16107	BI 2536	-0.2429753047023884	-1.4823305437540137	<0.0001	<0.0001	NEU
LJP008_NPC.TAK_24H:G24	DB00928	Azacitidine	-0.25770407959973934	-1.4822507575858619	<0.0001	<0.0001	NPC.TAK
LJP007_NPC.TAK_24H:M18	DB07460	2-({5-CHLORO-2-[(2-METHOXY-4-MORPHOLIN-4-YLPHENYL)AMINO]PYRIMIDIN-4-YL}AMINO)-N-METHYLBENZAMIDE	0.248865294422359	1.4820067106294235	<0.0001	<0.0001	NPC.TAK
CPC014_NPC_24H:BRD-K13927029-001-01-9:10	DB00162	Vitamin A	-0.23968140790780235	-1.481965484812842	<0.0001	<0.0001	NPC
LJP009_NPC.CAS9_24H:N07	DB08896	Regorafenib	0.28233308660151396	1.481963987748471	<0.0001	<0.0001	NPC.CAS9
CPC015_NPC_24H:BRD-A41519720-001-03-0:10	DB00973	Ezetimibe	-0.21147844785239872	-1.4816112303551063	<0.0001	<0.0001	NPC
NMH001_NEU_6H:BRD-A33749298-002-01-7:10	DB03585	Oxyphenbutazone	0.25780052846626667	1.4812040452141761	<0.0001	<0.0001	NEU
CPC018_NPC_24H:BRD-A64290322-001-01-6:10	DB00091	Cyclosporine	-0.23616049689901156	-1.4811908378288274	<0.0001	<0.0001	NPC
CPC018_NPC_24H:BRD-K51318897-001-07-0:10	DB11410	Fenbendazole	-0.23128903948390112	-1.4810990645794353	<0.0001	<0.0001	NPC
CPC016_NEU_24H:BRD-K59522102-001-08-8:10	DB12582	Piperine	0.26608700998047174	1.4809378183548774	<0.0001	<0.0001	NEU
NMH002_NPC_24H:BRD-A75409952-001-06-5:10	DB08059	Wortmannin	0.28247247787755064	1.4805736103468172	<0.0001	<0.0001	NPC
CPC006_PL21_6H:BRD-K12184916-001-03-0:0.63	DB11651	Dactolisib	0.27726149494723856	1.4805386201251254	<0.0001	<0.0001	PL21
CPC006_U937_6H:BRD-K92241597-001-02-9:80	DB11781	Tosedostat	0.26208096375332934	1.4797729336240915	<0.0001	<0.0001	U937
LJP009_NEU_24H:D03	DB11775	PF-03758309	-0.23839446372453044	-1.478247563911956	<0.0001	<0.0001	NEU
LJP007_NPC.TAK_24H:N14	DB09330	Osimertinib	-0.25929933447356485	-1.478153332312243	<0.0001	<0.0001	NPC.TAK
CPC015_NPC_24H:BRD-A89175223-051-05-6:10	DB00612	Bisoprolol	-0.22047253967633956	-1.4780372215953976	<0.0001	<0.0001	NPC
PCLB001_JURKAT_24H:BRD-K36452089-001-01-8:0.63	DB07726	t-Butylhydroquinone	0.23478955654337216	1.4780125731868088	<0.0001	<0.0001	JURKAT
CPC006_WSUDLCL2_6H:BRD-K57080016-001-04-3:80	DB11689	Selumetinib	0.2458483382238459	1.4779171592991678	<0.0001	<0.0001	WSUDLCL2
DOSBIO001_NPC_24H:BRD-A19500257:3.33333	DB02424	Geldanamycin	0.30784122473791536	1.477891357808236	<0.0001	<0.0001	NPC
CPC016_NEU_24H:BRD-A09467419-003-14-1:10	DB12554	Mebeverine	0.22804015334258323	1.4775928704429657	<0.0001	<0.0001	NEU
NMH001_NEU_6H:BRD-K41160163-001-02-7:10	DB12931	Fenobam	0.23978307628740594	1.4771322239678564	<0.0001	<0.0001	NEU
NMH002_NEU_6H:BRD-K01567962-001-16-4:10	DB01782	Pyrazolanthrone	0.23126905241261644	1.4769286667395514	<0.0001	<0.0001	NEU
LJP008_NPC.CAS9_24H:N09	DB02665	(1R,2S)-2-Phenylcyclopropanaminium	0.24268430759920379	1.4766075745284926	<0.0001	<0.0001	NPC.CAS9
AML001_U937_6H:BRD-K27316855:1.11111	DB00136	Calcitriol	-0.2693153801242462	-1.4765093489397894	<0.0001	<0.0001	U937
DOSBIO001_NPC_24H:BRD-K81418486:1.11111	DB02546	Vorinostat	-0.24244665642917843	-1.476388613743006	<0.0001	<0.0001	NPC
CPC017_NPC_24H:BRD-K98769987-001-09-6:10	DB01205	Flumazenil	-0.23828304374919942	-1.4763883219760432	<0.0001	<0.0001	NPC
LJP009_NPC_24H:L22	DB12588	AZD-1480	-0.24088708713477255	-1.4755999854713087	<0.0001	<0.0001	NPC
CPC017_NPC_24H:BRD-K81029756-001-02-8:10	DB00343	Diltiazem	0.21742010510176843	1.475326737595056	<0.0001	<0.0001	NPC
CPC014_NEU_24H:BRD-K83963101-001-01-0:10	DB13061	MLN8054	0.2416076976549666	1.4753119432486081	<0.0001	<0.0001	NEU
LJP009_NEU_24H:P24	DB09074	Olaparib	-0.224230420892579	-1.475278220694042	<0.0001	<0.0001	NEU
NMH002_NPC_24H:BRD-K54028654-001-01-8:10	DB12310	Trehalose	-0.23398177629216893	-1.4746991607944413	<0.0001	<0.0001	NPC
CPC016_NEU_24H:BRD-K35498378-001-05-3:10	DB02020	Alrestatin	-0.2508354749641395	-1.474318569713103	<0.0001	<0.0001	NEU
CPC014_NEU_24H:BRD-K49685476-001-09-2:10	DB02877	Arotinoid acid	-0.30126263202185577	-1.4741144528654944	<0.0001	<0.0001	NEU
CPC006_U937_6H:BRD-A19500257:10	DB02424	Geldanamycin	0.2522978509304636	1.4737142285090004	<0.0001	<0.0001	U937
LJP008_NPC.TAK_24H:I06	DB16239	Molibresib	0.26494442161266646	1.4736531721083828	<0.0001	<0.0001	NPC.TAK
DOSBIO002_NPC_24H:BRD-K27305650:0.37037	DB02656	LY-294002	-0.25740259586527686	-1.4734920577385622	<0.0001	<0.0001	NPC
CPC006_WSUDLCL2_6H:BRD-A19633847-050-20-6:10	DB01074	Perhexiline	0.2472206019901421	1.4728267646758282	<0.0001	<0.0001	WSUDLCL2
CPC006_U937_6H:BRD-A58955223-001-01-2:10	DB12422	Sulforaphane	0.25451422238980714	1.472424901542011	<0.0001	<0.0001	U937
CPC014_NEU_24H:BRD-K94294671-003-01-3:10	DB12387	OSI-027	-0.25766227117605195	-1.4723921552078705	<0.0001	<0.0001	NEU
NMH002_NPC_6H:BRD-K77830450-001-03-2:10	DB02587	Colforsin	0.25298830771149156	1.4720879467336876	<0.0001	<0.0001	NPC
AML001_U937_24H:BRD-A19500257:10	DB02424	Geldanamycin	0.2651311949489458	1.4718966595331862	<0.0001	<0.0001	U937
CPC006_SKM1_6H:BRD-K01976263-003-04-5:0.63	DB01735	3-Chloroalaninate	0.2925362379963206	1.4715765140103594	<0.0001	<0.0001	SKM1
CPC018_NPC_24H:BRD-K44067360-001-16-2:10	DB02266	Flufenamic acid	-0.2403752393708245	-1.4715343076507026	<0.0001	<0.0001	NPC
CPC006_SKM1_6H:BRD-K20285085-001-01-4:10	DB07159	Tamatinib	-0.25851413481121593	-1.4712343957627654	<0.0001	<0.0001	SKM1
LJP008_NPC.CAS9_24H:D04	DB09074	Olaparib	0.2607552509387589	1.4706411970497855	<0.0001	<0.0001	NPC.CAS9
LJP007_NEU_24H:P13	DB05294	Vandetanib	-0.24283294671622713	-1.4702257868772828	<0.0001	<0.0001	NEU
NMH002_NEU_24H:BRD-K65331431-001-05-4:10	DB12112	Zuretinol acetate	0.24531908907024405	1.4700557876401488	<0.0001	<0.0001	NEU
LJP007_JURKAT_24H:L07	DB11836	Sapanisertib	0.28135705166168823	1.469776350272301	<0.0001	<0.0001	JURKAT
CPC006_WSUDLCL2_6H:BRD-A56592690-001-01-9:30	DB05448	PX-12	-0.2666035293132592	-1.4693476263859029	<0.0001	<0.0001	WSUDLCL2
NMH002_NPC_24H:BRD-K88809146-065-01-2:10	DB02665	(1R,2S)-2-Phenylcyclopropanaminium	0.2220125203651985	1.4691348092550145	<0.0001	<0.0001	NPC
NMH002_NEU_6H:BRD-K28912512-001-19-0:10	DB02701	Nicotinamide	0.2274858054700759	1.4690470210690998	<0.0001	<0.0001	NEU
CPC015_NPC_24H:BRD-K79131256-001-08-8:10	DB00518	Albendazole	-0.2546335125338357	-1.46900588120174	<0.0001	<0.0001	NPC
NMH001_NEU_24H:BRD-K88611939-001-18-2:10	DB04599	Aniracetam	-0.26067355679772564	-1.4688466794896853	<0.0001	<0.0001	NEU
LJP007_NPC.CAS9_24H:H10	DB09053	Ibrutinib	0.2511480534588949	1.468716320278755	<0.0001	<0.0001	NPC.CAS9
LJP009_NEU_24H:I13	DB12146	Rigosertib	-0.24440831779503205	-1.4685924927345506	<0.0001	<0.0001	NEU
CPC016_NPC_24H:BRD-K18779551-003-03-7:10	DB13550	Bifemelane	0.2990804065628839	1.4683998950933792	<0.0001	<0.0001	NPC
DOSBIO002_NEU_24H:BRD-K81418486:3.33333	DB02546	Vorinostat	-0.25403790465049014	-1.468394478184611	<0.0001	<0.0001	NEU
LJP007_NPC.TAK_24H:K02	DB12064	BMS-777607	-0.2536304589308275	-1.4677560416688487	<0.0001	<0.0001	NPC.TAK
CPC006_SKM1_6H:BRD-K88560311-011-02-2:10	DB12332	Rucaparib	-0.24374493382204948	-1.4675029691875223	<0.0001	<0.0001	SKM1
NMH002_NEU_24H:BRD-K32164935-001-25-8:10	DB00839	Tolazamide	0.22543894659390215	1.4665476603684002	<0.0001	<0.0001	NEU
CPC014_NPC_24H:BRD-K48722833-001-01-9:10	DB04946	Iloperidone	0.23031522356233933	1.465892689044851	<0.0001	<0.0001	NPC
LJP007_NPC_24H:L08	DB11836	Sapanisertib	0.3041126891674771	1.4656640679559025	<0.0001	<0.0001	NPC
CPC006_NOMO1_6H:BRD-K55395145-001-01-7:88.8	DB00642	Pemetrexed	0.3116264091850791	1.4650957848832862	<0.0001	<0.0001	NOMO1
LPROT003_NPC_6H:B11	DB03496	Alvocidib	-0.22774198584467165	-1.4650003273590495	<0.0001	<0.0001	NPC
CPC016_NPC_24H:BRD-K70778732-003-15-0:10	DB00656	Trazodone	0.2110505411568922	1.4649212901589932	<0.0001	<0.0001	NPC
CPC015_NPC_24H:BRD-K14204120-003-02-4:10	DB00863	Ranitidine	0.21046733292717337	1.464354715022486	<0.0001	<0.0001	NPC
LJP009_NPC.TAK_24H:B12	DB12242	AZD-7762	0.2522835195697359	1.4642350450546235	<0.0001	<0.0001	NPC.TAK
CPC014_NEU_24H:BRD-K74514084-003-01-9:10	DB06589	Pazopanib	-0.30555837949067305	-1.463719789284932	<0.0001	<0.0001	NEU
LJP007_NEU_24H:P08	DB07859	4-(4-CHLOROPHENYL)-4-[4-(1H-PYRAZOL-4-YL)PHENYL]PIPERIDINE	-0.3058104803467528	-1.4633277964548796	<0.0001	<0.0001	NEU
CPC006_NOMO1_6H:BRD-K58550667-001-01-2:0.08	DB12731	Daporinad	-0.2592608893178694	-1.4628870421297167	<0.0001	<0.0001	NOMO1
LJP009_NPC.TAK_24H:P24	DB09074	Olaparib	-0.2330009749017728	-1.4628482254067363	<0.0001	<0.0001	NPC.TAK
CPC006_PL21_6H:BRD-K81418486-001-13-7:11.1	DB02546	Vorinostat	-0.2547797089767968	-1.4626431373721336	<0.0001	<0.0001	PL21
LJP008_NPC_24H:K08	DB11962	GSK-1059615	0.3129348040143269	1.4624409905327496	<0.0001	<0.0001	NPC
CPC014_NEU_24H:BRD-K16478699-001-02-7:10	DB06999	PLX-4720	-0.24760717343960179	-1.462298389645369	<0.0001	<0.0001	NEU
LJP009_NPC.TAK_24H:G14	DB01254	Dasatinib	0.2685316951226847	1.4619404621384715	<0.0001	<0.0001	NPC.TAK
NMH002_NPC_6H:BRD-A64479082-310-01-0:10	DB00908	Quinidine	-0.25896783725788847	-1.4618454632796651	<0.0001	<0.0001	NPC
CPC015_NPC_24H:BRD-K13032584-003-03-7:10	DB01168	Procarbazine	0.21594350357383746	1.4613031920861996	<0.0001	<0.0001	NPC
LJP009_NEU_24H:P22	DB09074	Olaparib	-0.2386165893829656	-1.4612266675786947	<0.0001	<0.0001	NEU
DOSBIO002_NEU_24H:BRD-A19500257:0.37037	DB02424	Geldanamycin	0.21883636289080022	1.4606332161218263	<0.0001	<0.0001	NEU
CPC006_WSUDLCL2_6H:BRD-K50590187-001-10-8:160	DB09120	Zucapsaicin	-0.24456717070343958	-1.4604434284770909	<0.0001	<0.0001	WSUDLCL2
LJP009_NEU_24H:M16	DB06314	SGX-523	0.23256964638294528	1.4601382784402406	<0.0001	<0.0001	NEU
LJP008_NEU_24H:O03	DB07101	PD-0325901	0.28447331581261587	1.459854584614344	<0.0001	<0.0001	NEU
NMH002_NEU_6H:BRD-K01493881-001-24-5:10	DB07352	Apigenin	-0.21441026332126198	-1.4598329508233623	<0.0001	<0.0001	NEU
CPC016_NPC_24H:BRD-K67100011-003-03-0:10	DB01605	Pivmecillinam	-0.22703371750582815	-1.4594283884097008	<0.0001	<0.0001	NPC
CPC006_U937_6H:BRD-K64634304-001-01-5:40	DB00162	Vitamin A	-0.24680256168485987	-1.4591047850375316	<0.0001	<0.0001	U937
NMH002_NEU_6H:BRD-K59773493-001-01-9:10	DB01924	Benzhydroxamic Acid	0.24151515046064229	1.4587571913772583	<0.0001	<0.0001	NEU
DOSBIO001_NEU_24H:BRD-K81418486:3.33333	DB02546	Vorinostat	-0.24633213611523894	-1.458656685137419	<0.0001	<0.0001	NEU
LJP008_NEU_24H:G13	DB01254	Dasatinib	-0.24629953873433005	-1.4578682354304533	<0.0001	<0.0001	NEU
LJP009_NEU_24H:B03	DB00877	Sirolimus	-0.2360094876019867	-1.4576189367893388	<0.0001	<0.0001	NEU
CPC006_SKM1_6H:BRD-A19037878:10	DB04297	Trichostatin A	-0.2510451595161498	-1.457510954516764	<0.0001	<0.0001	SKM1
PCLB001_JURKAT_6H:BRD-A19037878-001-02-3:3.33	DB04297	Trichostatin A	-0.2548762781245033	-1.4574972979500034	<0.0001	<0.0001	JURKAT
NMH001_NEU_6H:BRD-A77098556-001-01-5:10	DB12885	CF-102	-0.26286152587582035	-1.4573773756923505	<0.0001	<0.0001	NEU
LJP009_NPC.TAK_24H:O21	DB07232	Veliparib	0.2807191962262216	1.4573695099062547	<0.0001	<0.0001	NPC.TAK
NMH001_NPC_24H:BRD-K24125544-001-01-3:10	DB12161	Deutetrabenazine	-0.2415029099580693	-1.4571729342247317	<0.0001	<0.0001	NPC
NMH001_NPC_24H:BRD-K81418486-001-28-5:10	DB02546	Vorinostat	-0.2507455732068313	-1.4567290695245922	<0.0001	<0.0001	NPC
LJP007_NPC.TAK_24H:I24	DB13005	Rebastinib	-0.23044236665845122	-1.456710782244144	<0.0001	<0.0001	NPC.TAK
LJP007_NPC.CAS9_24H:N18	DB09330	Osimertinib	-0.24773650151596918	-1.4565769866561165	<0.0001	<0.0001	NPC.CAS9
AML001_HL60_6H:BRD-K19706299:3.33333	DB00374	Treprostinil	0.25995157109537087	1.456060564387289	<0.0001	<0.0001	HL60
LJP008_NEU_24H:N10	DB02665	(1R,2S)-2-Phenylcyclopropanaminium	0.2557511506264857	1.4553497178766246	<0.0001	<0.0001	NEU
LJP009_NEU_24H:I03	DB11798	Tanzisertib	-0.25772634739505923	-1.455261400091953	<0.0001	<0.0001	NEU
NMH002_NEU_6H:BRD-K35923252-001-03-6:10	DB07558	acetylleucyl-leucyl-norleucinal	0.2876275891411789	1.4551414581515183	<0.0001	<0.0001	NEU
LJP007_NEU_24H:D22	DB06616	Bosutinib	-0.26340009959556937	-1.454281080138185	<0.0001	<0.0001	NEU
CPC006_THP1_6H:BRD-A70155556-001-04-4:40	DB03785	Mevinolinic acid	0.24013614255577503	1.4532992788020564	<0.0001	<0.0001	THP1
LJP008_NEU_24H:H18	DB11841	Entinostat	-0.2763984493958468	-1.4527900494296788	<0.0001	<0.0001	NEU
CPC006_THP1_6H:BRD-K96354014-001-09-6:10	DB01115	Nifedipine	-0.23856996242858663	-1.4526307060630725	<0.0001	<0.0001	THP1
LJP007_NPC_24H:K09	DB11962	GSK-1059615	0.28564694574883986	1.4525737749820093	<0.0001	<0.0001	NPC
CPC006_NOMO1_6H:BRD-A97437073-001-03-1:80	DB00412	Rosiglitazone	-0.2706095382954157	-1.4524483014119334	<0.0001	<0.0001	NOMO1
CPC006_THP1_6H:BRD-K13049116-001-01-6:10	DB15399	BMS-754807	-0.26047186802747013	-1.45238939919841	<0.0001	<0.0001	THP1
CPC006_NOMO1_6H:BRD-A70449690-001-01-4:10	DB02587	Colforsin	0.24208026413207592	1.4521026882220003	<0.0001	<0.0001	NOMO1
LJP009_NPC.CAS9_24H:O02	DB07101	PD-0325901	0.246852615036366	1.4516634401588402	<0.0001	<0.0001	NPC.CAS9
CPC014_NEU_24H:BRD-K13927029-001-01-9:10	DB00162	Vitamin A	-0.24259824544293282	-1.4516466817282836	<0.0001	<0.0001	NEU
NMH002_NPC_24H:BRD-K59773493-001-01-9:10	DB01924	Benzhydroxamic Acid	0.24387268174843424	1.451174287840433	<0.0001	<0.0001	NPC
CPC014_NEU_24H:BRD-K58772419-001-01-3:10	DB14980	AZD-6482	-0.2332462933734518	-1.4509609310309002	<0.0001	<0.0001	NEU
CPC014_NEU_24H:BRD-K84937637-001-03-2:10	DB00877	Sirolimus	-0.23449311266769587	-1.4507428374834244	<0.0001	<0.0001	NEU
LJP009_NPC.CAS9_24H:L24	DB12588	AZD-1480	-0.23648164184478654	-1.4506836585680682	<0.0001	<0.0001	NPC.CAS9
LJP008_NPC.CAS9_24H:A12	DB07232	Veliparib	0.23923220851702456	1.4505981216610095	<0.0001	<0.0001	NPC.CAS9
NMH002_NPC_6H:BRD-A19500257-001-03-9:10	DB02424	Geldanamycin	0.26403923359589576	1.450586059777531	<0.0001	<0.0001	NPC
CPC015_NPC_24H:BRD-A22143024-231-02-0:10	DB04574	Estrone sulfate	-0.2296369239492973	-1.4500053258801122	<0.0001	<0.0001	NPC
NMH002_NEU_24H:BRD-K59946561-001-07-5:10	DB03374	3,5-Diiodotyrosine	-0.22509582526194852	-1.4498532338014056	<0.0001	<0.0001	NEU
LJP008_NPC_24H:M01	DB02709	Resveratrol	-0.23821210885590746	-1.449691323517006	<0.0001	<0.0001	NPC
LJP009_NPC_24H:N07	DB08896	Regorafenib	0.2841152697411535	1.4494087719621733	<0.0001	<0.0001	NPC
NMH002_NEU_6H:BRD-K41260949-236-10-1:10	DB00313	Valproic acid	-0.26157758169060696	-1.4493771534231232	<0.0001	<0.0001	NEU
LJP007_NPC.TAK_24H:J23	DB03044	Doramapimod	0.24336300785067916	1.449114125973801	<0.0001	<0.0001	NPC.TAK
CPC006_WSUDLCL2_6H:BRD-K20285085-001-01-4:10	DB07159	Tamatinib	0.23491501310618096	1.4478219607097018	<0.0001	<0.0001	WSUDLCL2
LJP007_NPC_24H:P24	DB11886	Infigratinib	0.25371998816500346	1.447372625795784	<0.0001	<0.0001	NPC
CPC016_NEU_24H:BRD-K33396764-001-02-0:10	DB00132	alpha-Linolenic acid	-0.22355613532151197	-1.4469300353644459	<0.0001	<0.0001	NEU
CPC016_NEU_24H:BRD-A63667919-103-01-9:10	DB00353	Methylergometrine	-0.2432616452991522	-1.446925347734328	<0.0001	<0.0001	NEU
CPC006_THP1_6H:BRD-K02113016-001-01-4:44.4	DB09074	Olaparib	-0.25380831703527296	-1.446863334528583	<0.0001	<0.0001	THP1
LJP007_JURKAT_24H:E05	DB11743	Ipatasertib	0.25235182338849493	1.4468036956497667	<0.0001	<0.0001	JURKAT
LJP007_NEU_24H:G07	DB11963	Dacomitinib	0.24681666409832415	1.446618955632749	<0.0001	<0.0001	NEU
CPC016_NEU_24H:BRD-K33453211-003-03-2:10	DB01106	Levocabastine	0.2271987140065755	1.4465967803361708	<0.0001	<0.0001	NEU
CPC006_WSUDLCL2_6H:BRD-K52075040-001-03-0:44.4	DB01034	Cerulenin	0.2676478157577431	1.4465930333204753	<0.0001	<0.0001	WSUDLCL2
CPC006_SKM1_6H:BRD-K63195589-001-01-4:10	DB04960	Tipifarnib	0.2489438528428321	1.4464149538302855	<0.0001	<0.0001	SKM1
LJP007_NPC_24H:L12	DB11836	Sapanisertib	0.3158366599447205	1.4462090367444924	<0.0001	<0.0001	NPC
LJP007_NPC.TAK_24H:J20	DB03044	Doramapimod	0.26212354524091863	1.4454303043078074	<0.0001	<0.0001	NPC.TAK
LJP009_NEU_24H:P21	DB09074	Olaparib	0.19872029793998403	1.4453380981447614	<0.0001	<0.0001	NEU
LJP007_NPC_24H:H07	DB09053	Ibrutinib	0.2619722663347356	1.4447246851132147	<0.0001	<0.0001	NPC
CPC006_PL21_6H:BRD-K28307902-001-10-0:28.96	DB00499	Flutamide	0.2605194863381782	1.4446739131457673	<0.0001	<0.0001	PL21
LJP007_NPC_24H:P11	DB07859	4-(4-CHLOROPHENYL)-4-[4-(1H-PYRAZOL-4-YL)PHENYL]PIPERIDINE	-0.25987329141371085	-1.4444344975783876	<0.0001	<0.0001	NPC
LJP008_NEU_24H:I02	DB16239	Molibresib	0.2318974424068049	1.4444318461918915	<0.0001	<0.0001	NEU
LJP009_NEU_24H:O22	DB07232	Veliparib	-0.2232746088294703	-1.4444012886065645	<0.0001	<0.0001	NEU
LJP007_NEU_24H:B10	DB07970	5-[(2-methyl-5-{[3-(trifluoromethyl)phenyl]carbamoyl}phenyl)amino]pyridine-3-carboxamide	-0.23798180888644666	-1.4443434278022713	<0.0001	<0.0001	NEU
CPC006_NOMO1_6H:BRD-A56592690-001-01-9:30	DB05448	PX-12	-0.25337353381048466	-1.444236836118414	<0.0001	<0.0001	NOMO1
NMH002_NPC_24H:BRD-K33127281-001-02-3:10	DB00210	Adapalene	-0.268522021757005	-1.4441816495100963	<0.0001	<0.0001	NPC
CPC006_WSUDLCL2_6H:BRD-A34255068-001-16-2:10	DB04149	(R)-Rolipram	0.24177948597881146	1.4439859699292195	<0.0001	<0.0001	WSUDLCL2
CPC017_NPC_24H:BRD-K34441861-003-01-3:10	DB00691	Moexipril	0.22686170116548607	1.4438241812678458	<0.0001	<0.0001	NPC
CPC016_NEU_24H:BRD-K92760278-001-02-4:10	DB00140	Riboflavin	-0.22689747694925363	-1.4436318403034512	<0.0001	<0.0001	NEU
LJP008_NPC.CAS9_24H:J08	DB05223	Pracinostat	-0.2593352912372814	-1.4430942455743783	<0.0001	<0.0001	NPC.CAS9
LJP007_NPC.TAK_24H:P16	DB05294	Vandetanib	-0.2356522406108695	-1.4428463252774757	<0.0001	<0.0001	NPC.TAK
CPC006_U937_6H:BRD-A34817987-001-11-8:10	DB01167	Itraconazole	-0.25134248350377836	-1.442749763650182	<0.0001	<0.0001	U937
CPC016_NPC_24H:BRD-K72676686-103-01-8:10	DB00176	Fluvoxamine	-0.23236942118565762	-1.4427308455084102	<0.0001	<0.0001	NPC
LJP007_NPC.TAK_24H:I11	DB06589	Pazopanib	0.23617958606832487	1.4417510792703097	<0.0001	<0.0001	NPC.TAK
CPC014_NEU_24H:BRD-K14880289-001-01-4:10	DB05416	Cardarine	0.2386668794683733	1.441377409139259	<0.0001	<0.0001	NEU
NMH001_NPC_6H:BRD-K24125544-001-01-3:10	DB12161	Deutetrabenazine	0.25877988704680155	1.4411968614287405	<0.0001	<0.0001	NPC
LJP007_JURKAT_24H:H11	DB09053	Ibrutinib	-0.24105158731501267	-1.4408928667135243	<0.0001	<0.0001	JURKAT
LJP008_NPC_24H:G12	DB02546	Vorinostat	-0.25879169385468215	-1.4404719976649818	<0.0001	<0.0001	NPC
NMH001_NEU_6H:BRD-A93269281-001-01-4:10	DB00758	Clopidogrel	0.2322808355509482	1.4403103968515223	<0.0001	<0.0001	NEU
CPC015_NPC_24H:BRD-A00546892-001-01-8:10	DB00810	Biperiden	-0.27912975735159645	-1.4402470178028755	<0.0001	<0.0001	NPC
CPC015_NPC_24H:BRD-A68723818-050-18-4:10	DB00835	Brompheniramine	0.22464301251046967	1.440194621446749	<0.0001	<0.0001	NPC
CPC006_NOMO1_6H:BRD-K69932463-001-03-1:10	DB12774	AZD-8055	0.2659642317182166	1.4401942102395617	<0.0001	<0.0001	NOMO1
LJP008_NEU_24H:K08	DB11962	GSK-1059615	0.3036455442359254	1.4401509345996375	<0.0001	<0.0001	NEU
LJP007_NPC.TAK_24H:C03	DB11800	Tivozanib	-0.23970198111277183	-1.4396845862876073	<0.0001	<0.0001	NPC.TAK
CPC006_PL21_6H:BRD-K96354014-001-09-6:10	DB01115	Nifedipine	-0.23094888523338436	-1.4393340905017966	<0.0001	<0.0001	PL21
LPROT001_NPC.TAK_6H:A22	DB12387	OSI-027	0.2415014707330924	1.4392660962419481	<0.0001	<0.0001	NPC.TAK
LJP007_NPC.TAK_24H:B08	DB07970	5-[(2-methyl-5-{[3-(trifluoromethyl)phenyl]carbamoyl}phenyl)amino]pyridine-3-carboxamide	-0.24751742044971423	-1.4390716579776188	<0.0001	<0.0001	NPC.TAK
CPC006_NOMO1_6H:BRD-A14395271-001-01-5:10	DB00933	Mesoridazine	-0.24735334731772585	-1.4390065532018133	<0.0001	<0.0001	NOMO1
NMH002_NPC_6H:BRD-A09533288-003-26-2:10	DB14063	Dexverapamil	0.1995587365115822	1.438545192662301	<0.0001	<0.0001	NPC
NMH002_NEU_6H:BRD-K67860401-001-04-9:10	DB01950	AR-AO-14418	0.22121890860837717	1.4381907517519084	<0.0001	<0.0001	NEU
CPC014_NPC_24H:BRD-K64052750-001-04-3:10	DB00317	Gefitinib	-0.2599347409938425	-1.4377593320690767	<0.0001	<0.0001	NPC
CPC006_SKM1_6H:BRD-K44241590-001-03-3:11.1	DB07697	1-(2,3-dihydro-1,4-benzodioxin-6-ylsulfonyl)-4-[(4-methoxyphenyl)sulfonyl]piperazine	-0.27315786894753075	-1.4370918687538148	<0.0001	<0.0001	SKM1
CPC013_NPC_24H:BRD-K76908866-001-02-7:10	DB12302	CP-724714	-0.2431538104927659	-1.437056123782776	<0.0001	<0.0001	NPC
LJP007_JURKAT_24H:P11	DB07859	4-(4-CHLOROPHENYL)-4-[4-(1H-PYRAZOL-4-YL)PHENYL]PIPERIDINE	0.24392212256970877	1.437036402323606	<0.0001	<0.0001	JURKAT
LJP009_NEU_24H:H17	DB07138	Neflamapimod	-0.2379410713204167	-1.4370335716684595	<0.0001	<0.0001	NEU
LJP007_JURKAT_24H:I07	DB06589	Pazopanib	-0.2602330233707109	-1.436034468234573	<0.0001	<0.0001	JURKAT
CPC013_NPC_24H:BRD-K11663430-001-01-5:10	DB12847	Pyroxamide	-0.23377317741721584	-1.4356872189476868	<0.0001	<0.0001	NPC
LJP007_JURKAT_24H:L10	DB11836	Sapanisertib	0.28695038421897723	1.435468976803568	<0.0001	<0.0001	JURKAT
CPC017_NPC_24H:BRD-K02275692-003-03-4:10	DB00229	Cefotiam	-0.2481734258188579	-1.4351419861682717	<0.0001	<0.0001	NPC
NMH002_NEU_6H:BRD-K13927029-001-02-7:10	DB00162	Vitamin A	-0.2331802936882097	-1.4349852119552042	<0.0001	<0.0001	NEU
CPC006_NOMO1_6H:BRD-K41260949-236-02-8:10	DB00313	Valproic acid	-0.28769161326019466	-1.4349549114349003	<0.0001	<0.0001	NOMO1
AML001_HL60_24H:BRD-K27316855:1.11111	DB00136	Calcitriol	-0.23901283223588735	-1.4348900470854766	<0.0001	<0.0001	HL60
NMH002_NEU_24H:BRD-K35960502-001-16-8:10	DB06803	Niclosamide	0.27116675807544594	1.4346671100905708	<0.0001	<0.0001	NEU
LJP008_NPC.CAS9_24H:G08	DB02546	Vorinostat	-0.2666298945683493	-1.4346225633100465	<0.0001	<0.0001	NPC.CAS9
LJP007_NPC.CAS9_24H:D24	DB06616	Bosutinib	-0.23398346930016053	-1.434465218585212	<0.0001	<0.0001	NPC.CAS9
LJP007_JURKAT_24H:L08	DB11836	Sapanisertib	0.27139797684259803	1.4339405736238209	<0.0001	<0.0001	JURKAT
CPC006_WSUDLCL2_6H:BRD-K76188144-001-01-2:160	DB08263	N-(carboxycarbonyl)-D-phenylalanine	0.2411362147476337	1.4337507076975855	<0.0001	<0.0001	WSUDLCL2
LJP007_NPC.CAS9_24H:D08	DB08875	Cabozantinib	0.25023171533740857	1.4335863721856374	<0.0001	<0.0001	NPC.CAS9
LJP009_NEU_24H:B08	DB12242	AZD-7762	0.2501575234968868	1.4333359729327304	<0.0001	<0.0001	NEU
LJP008_NPC.TAK_24H:L21	DB05015	Belinostat	-0.2618679230622052	-1.4333147183697277	<0.0001	<0.0001	NPC.TAK
CPC015_NPC_24H:BRD-A22032524-074-04-0:10	DB09237	Levamlodipine	-0.21304893218860682	-1.4329923081032618	<0.0001	<0.0001	NPC
LJP009_NEU_24H:F05	DB11962	GSK-1059615	-0.2395243024667515	-1.432880506729488	<0.0001	<0.0001	NEU
LJP007_JURKAT_24H:G10	DB11963	Dacomitinib	-0.24497862287576055	-1.4328444235268134	<0.0001	<0.0001	JURKAT
NMH002_NEU_6H:BRD-K24994810-001-02-7:10	DB01889	16,17-Androstene-3-Ol	-0.21442287925512318	-1.4327816571937124	<0.0001	<0.0001	NEU
NMH002_NEU_6H:BRD-K30984264-003-10-0:10	DB07919	Harmine	-0.24833202042187896	-1.4326543554772762	<0.0001	<0.0001	NEU
LJP007_NPC.CAS9_24H:P08	DB07859	4-(4-CHLOROPHENYL)-4-[4-(1H-PYRAZOL-4-YL)PHENYL]PIPERIDINE	-0.26165370777391184	-1.4326138629443146	<0.0001	<0.0001	NPC.CAS9
NMH002_NPC_6H:BRD-A58048407-001-12-1:10	DB00393	Nimodipine	-0.241328433813628	-1.4322522194556488	<0.0001	<0.0001	NPC
NMH002_NPC_24H:BRD-K81418486-001-22-8:10	DB02546	Vorinostat	-0.2607302031531959	-1.4321148771245071	<0.0001	<0.0001	NPC
CPC017_NPC_24H:BRD-K10136726-003-01-2:10	DB08603	N-[(1S)-5-amino-1-(chloroacetyl)pentyl]-4-methylbenzenesulfonamide	0.2200349372401307	1.4320458915453866	<0.0001	<0.0001	NPC
NMH001_NPC_6H:BRD-A19500257-001-03-9:10	DB02424	Geldanamycin	0.2620546293800279	1.431587092789966	<0.0001	<0.0001	NPC
NMH001_NPC_6H:BRD-K49808142-001-01-1:10	DB14630	Tyramine O-sulfate	-0.24099841920996573	-1.4310727547342412	<0.0001	<0.0001	NPC
NMH001_NPC_24H:BRD-K49808142-001-01-1:10	DB14630	Tyramine O-sulfate	-0.2455431381315456	-1.4310494865055432	<0.0001	<0.0001	NPC
LJP007_NEU_24H:C01	DB11800	Tivozanib	-0.24443839833682982	-1.4309484659227194	<0.0001	<0.0001	NEU
DOSBIO001_NEU_24H:BRD-A19500257:10	DB02424	Geldanamycin	0.2676955942124686	1.4306023851855805	<0.0001	<0.0001	NEU
AML001_HL60_6H:BRD-K19706299:10	DB00374	Treprostinil	0.2520054348853831	1.430039318505479	<0.0001	<0.0001	HL60
LJP008_NPC_24H:G11	DB02546	Vorinostat	0.24110152725110598	1.429561755215152	<0.0001	<0.0001	NPC
NMH002_NEU_24H:BRD-A70814879-003-01-8:10	DB12764	Opaganib	0.23101328760537646	1.4295083859984863	<0.0001	<0.0001	NEU
CPC006_NOMO1_6H:BRD-K06980535-003-15-0:10	DB00420	Promazine	0.23964981363146678	1.4286443284323285	<0.0001	<0.0001	NOMO1
CPC006_SKM1_6H:BRD-K54233340-300-01-0:10	DB08597	Dorsomorphin	0.2516458194596197	1.4285409483877016	<0.0001	<0.0001	SKM1
CPC014_NPC_24H:BRD-K38615104-001-06-8:10	DB08073	(2S)-1-(1H-INDOL-3-YL)-3-{[5-(3-METHYL-1H-INDAZOL-5-YL)PYRIDIN-3-YL]OXY}PROPAN-2-AMINE	-0.22278569043365867	-1.4281130572675473	<0.0001	<0.0001	NPC
CPC014_NEU_24H:BRD-K77908580-001-05-4:10	DB11841	Entinostat	0.22586228557055352	1.4279887198664973	<0.0001	<0.0001	NEU
LJP008_NEU_24H:K10	DB11962	GSK-1059615	0.2928433935980753	1.427974541287211	<0.0001	<0.0001	NEU
NMH002_NPC_24H:BRD-K64994968-001-24-2:10	DB00396	Progesterone	0.24966028584434483	1.4279722697080486	<0.0001	<0.0001	NPC
LJP008_NPC_24H:K12	DB11962	GSK-1059615	0.24541386039895746	1.4279186303505174	<0.0001	<0.0001	NPC
AML001_HL60_24H:BRD-A19037878:1.11111	DB04297	Trichostatin A	-0.2114921780563262	-1.4277008773247817	<0.0001	<0.0001	HL60
LJP007_NEU_24H:I02	DB01268	Sunitinib	-0.2639344632511966	-1.4276012586505593	<0.0001	<0.0001	NEU
KHW001_SKM1_6H:BRD-A23723433-001-01-2:1	DB01229	Paclitaxel	-0.24195224616143762	-1.4275455783900812	<0.0001	<0.0001	SKM1
CPC006_NOMO1_6H:BRD-K54256913-001-01-2:10	DB11740	MK-1775	-0.23578962131967018	-1.4270767255850572	<0.0001	<0.0001	NOMO1
LJP008_NEU_24H:G09	DB02546	Vorinostat	-0.26755645390829	-1.42669354931622	<0.0001	<0.0001	NEU
CPC006_WSUDLCL2_6H:BRD-K19796430-001-01-5:10	DB09143	Sonidegib	-0.26456891191345844	-1.4263829290300654	<0.0001	<0.0001	WSUDLCL2
LPROT002_NPC.TAK_6H:O02	DB00864	Tacrolimus	0.25057911402501365	1.4263225566598503	<0.0001	<0.0001	NPC.TAK
CPC018_NPC_24H:BRD-K59256312-066-04-1:10	DB12831	Gabexate	-0.23602686294725772	-1.4263193361128375	<0.0001	<0.0001	NPC
AML001_U937_24H:BRD-A75409952:3.33333	DB08059	Wortmannin	-0.2576358155489638	-1.426268970867447	<0.0001	<0.0001	U937
LJP008_NPC_24H:L19	DB05015	Belinostat	-0.25062843586905487	-1.4261682985186372	<0.0001	<0.0001	NPC
LJP009_NEU_24H:I23	DB11363	Alectinib	-0.2420768752398793	-1.425947628311723	<0.0001	<0.0001	NEU
LJP009_NEU_24H:I24	DB11363	Alectinib	-0.24441034549871316	-1.4258452095969079	<0.0001	<0.0001	NEU
NMH002_NEU_24H:BRD-K93754473-001-16-9:10	DB00675	Tamoxifen	0.23097829118298985	1.425840494207328	<0.0001	<0.0001	NEU
LJP009_NPC_24H:E11	DB01782	Pyrazolanthrone	-0.2393778544774861	-1.425763247150718	<0.0001	<0.0001	NPC
LJP008_NPC_24H:M03	DB02709	Resveratrol	-0.28183439430426427	-1.4253859902492634	<0.0001	<0.0001	NPC
NMH001_NPC_24H:BRD-K09416995-001-32-4:10	DB00227	Lovastatin	0.2340534139507876	1.4253758280669857	<0.0001	<0.0001	NPC
LJP009_NPC.CAS9_24H:B03	DB00877	Sirolimus	0.2595059984216211	1.4252482524760732	<0.0001	<0.0001	NPC.CAS9
CPC014_NEU_24H:BRD-K71879491-001-22-6:10	DB00982	Isotretinoin	0.2209420907817851	1.4250958099280777	<0.0001	<0.0001	NEU
NMH002_NEU_24H:BRD-A81585303-001-01-1:10	DB04944	Acadesine	-0.23331481821648858	-1.4250139532835961	<0.0001	<0.0001	NEU
PCLB001_JURKAT_24H:BRD-A19037878-001-02-3:0.63	DB04297	Trichostatin A	-0.23472560763034242	-1.4247404838341617	<0.0001	<0.0001	JURKAT
NMH002_NPC_24H:BRD-K22429181-001-12-6:10	DB00162	Vitamin A	-0.24385853943516306	-1.424212017206553	<0.0001	<0.0001	NPC
DOSBIO002_NPC_24H:BRD-A19500257:3.33333	DB02424	Geldanamycin	0.30087991881012194	1.424068486544579	<0.0001	<0.0001	NPC
LJP008_NPC_24H:L21	DB05015	Belinostat	-0.2524873247440043	-1.424040897404985	<0.0001	<0.0001	NPC
NMH002_NEU_6H:BRD-K64994968-001-24-2:10	DB00396	Progesterone	0.24126630830231133	1.4240171542880031	<0.0001	<0.0001	NEU
LJP008_NPC.CAS9_24H:M03	DB02709	Resveratrol	-0.23789725354818875	-1.4236956582568752	<0.0001	<0.0001	NPC.CAS9
CPC017_NPC_24H:BRD-K60174629-001-02-2:10	DB03535	Z-Pro-Prolinal	-0.234276155475318	-1.4230893411060055	<0.0001	<0.0001	NPC
AML001_HL60_24H:BRD-K71879491:0.37037	DB00982	Isotretinoin	0.23013180359397575	1.4227641569885456	<0.0001	<0.0001	HL60
LPROT003_NPC_6H:L17	DB11651	Dactolisib	0.2770261389193429	1.4226829824507174	<0.0001	<0.0001	NPC
CPC016_NEU_24H:BRD-K90027355-001-03-4:10	DB00421	Spironolactone	-0.23564663837404504	-1.4225239452980707	<0.0001	<0.0001	NEU
LJP008_NPC_24H:K23	DB12332	Rucaparib	-0.2411094592124247	-1.4224814866691045	<0.0001	<0.0001	NPC
LJP007_NEU_24H:M13	DB07460	2-({5-CHLORO-2-[(2-METHOXY-4-MORPHOLIN-4-YLPHENYL)AMINO]PYRIMIDIN-4-YL}AMINO)-N-METHYLBENZAMIDE	0.2730086086350483	1.422314681121184	<0.0001	<0.0001	NEU
LJP008_NPC_24H:G18	DB01254	Dasatinib	0.2422375239552809	1.4220702357830701	<0.0001	<0.0001	NPC
LJP009_NPC_24H:D23	DB13061	MLN8054	-0.23747403765683134	-1.4220497392356248	<0.0001	<0.0001	NPC
LJP007_NPC.TAK_24H:K21	DB01590	Everolimus	0.25615605146529896	1.4220198728587798	<0.0001	<0.0001	NPC.TAK
DOSBIO001_NPC_24H:BRD-A19037878:3.33333	DB04297	Trichostatin A	-0.2417712981914093	-1.4218158504580567	<0.0001	<0.0001	NPC
DOSBIO002_NPC_24H:BRD-K81418486:10	DB02546	Vorinostat	-0.24914483123884396	-1.4217758960088345	<0.0001	<0.0001	NPC
CPC006_THP1_6H:BRD-K88510285-001-01-2:0.04	DB00188	Bortezomib	0.25706585450371006	1.4215449191268128	<0.0001	<0.0001	THP1
CPC006_WSUDLCL2_6H:BRD-K32164935-001-17-5:10	DB00839	Tolazamide	-0.24569266717364438	-1.4215283630237532	<0.0001	<0.0001	WSUDLCL2
PCLB001_JURKAT_24H:BRD-K36452089-001-01-8:1.11	DB07726	t-Butylhydroquinone	0.24888384393515386	1.421527566009579	<0.0001	<0.0001	JURKAT
LJP007_NPC.CAS9_24H:M09	DB05575	Motesanib	0.26615158742281014	1.4213151365142767	<0.0001	<0.0001	NPC.CAS9
CPC006_NOMO1_6H:BRD-A31107743-001-01-3:0.09	DB07348	Brefeldin A	0.2806422356770837	1.4212770898506892	<0.0001	<0.0001	NOMO1
LJP009_NPC_24H:F02	DB11962	GSK-1059615	-0.23642078461025184	-1.4211892604766225	<0.0001	<0.0001	NPC
LJP007_NPC.CAS9_24H:M17	DB07460	2-({5-CHLORO-2-[(2-METHOXY-4-MORPHOLIN-4-YLPHENYL)AMINO]PYRIMIDIN-4-YL}AMINO)-N-METHYLBENZAMIDE	0.26955823941979407	1.4207921470920961	<0.0001	<0.0001	NPC.CAS9
NMH001_NEU_24H:BRD-K32501161-001-02-5:10	DB03701	Vanoxerine	0.22682619569582907	1.4207416794976058	<0.0001	<0.0001	NEU
LJP007_JURKAT_24H:K19	DB01590	Everolimus	0.26004347627983937	1.4207405400104427	<0.0001	<0.0001	JURKAT
AML001_HL60_6H:BRD-A19037878:3.33333	DB04297	Trichostatin A	-0.25182568818428686	-1.420594148739729	<0.0001	<0.0001	HL60
DOSBIO002_NEU_24H:BRD-A19037878:0.37037	DB04297	Trichostatin A	-0.24974958946955614	-1.4202657627455957	<0.0001	<0.0001	NEU
NMH002_NPC_24H:BRD-K45528773-001-04-9:10	DB02565	4-(dimethylamino)-N-[7-(hydroxyamino)-7-oxoheptyl]benzamide	-0.2541594658729272	-1.420193682944178	<0.0001	<0.0001	NPC
NMH002_NEU_24H:BRD-K05396879-001-06-7:10	DB08435	(5E,14E)-11-oxoprosta-5,9,12,14-tetraen-1-oic acid	0.22596189267343558	1.4199363321887375	<0.0001	<0.0001	NEU
DOSBIO002_NPC_24H:BRD-K27305650:10	DB02656	LY-294002	0.25883629355549537	1.4195801792953007	<0.0001	<0.0001	NPC
CPC014_NEU_24H:BRD-A38878059-001-01-0:10	DB07557	3,20-Pregnanedione	-0.23648403795958245	-1.4195301597426406	<0.0001	<0.0001	NEU
CPC006_U937_6H:BRD-A01145011-001-01-4:11.1	DB03068	Zebularine	-0.2622120205177912	-1.4193298584940053	<0.0001	<0.0001	U937
NMH002_NEU_24H:BRD-K00959089-001-02-2:10	DB04795	Thenoyltrifluoroacetone	-0.23416302329646876	-1.4191265268562816	<0.0001	<0.0001	NEU
CPC018_NPC_24H:BRD-K48367671-001-01-8:10	DB04854	Febuxostat	-0.22666848932131994	-1.4187329501678696	<0.0001	<0.0001	NPC
CPC016_NEU_24H:BRD-K97440753-066-03-3:10	DB13345	Dihydroergocristine	-0.253485136265705	-1.4186851111184517	<0.0001	<0.0001	NEU
DOSBIO001_NEU_24H:BRD-A75409952:0.37037	DB08059	Wortmannin	0.25097578916365254	1.4186350836169523	<0.0001	<0.0001	NEU
CPC015_NPC_24H:BRD-A55416093-001-03-1:10	DB02587	Colforsin	0.2352197668517342	1.4186061140357764	<0.0001	<0.0001	NPC
AML001_U937_6H:BRD-A45664787:0.37037	DB01088	Iloprost	0.24669481672016477	1.4182704584532844	<0.0001	<0.0001	U937
CPC014_NPC_24H:BRD-A74904029-001-05-7:10	DB08473	Dichlororibofuranosylbenzimidazole	-0.24029360965232233	-1.4182373390167566	<0.0001	<0.0001	NPC
CPC012_NEU_24H:BRD-A19248578-001-02-9:10	DB08080	Latrunculin B	-0.24511015722802393	-1.4179079677533448	<0.0001	<0.0001	NEU
NMH001_NPC_24H:BRD-K81418486-001-22-8:10	DB02546	Vorinostat	-0.2476525468763438	-1.4176639673167244	<0.0001	<0.0001	NPC
CPC016_NEU_24H:BRD-A74667430-001-15-2:10	DB00749	Etodolac	0.27285267668397856	1.4175805393618424	<0.0001	<0.0001	NEU
CPC013_NPC_24H:BRD-K17743125-001-03-5:10	DB05015	Belinostat	-0.25055964508224354	-1.4175464896459378	<0.0001	<0.0001	NPC
LJP007_NPC.CAS9_24H:L07	DB11836	Sapanisertib	0.30099230157646323	1.4172390483204078	<0.0001	<0.0001	NPC.CAS9
LJP007_NEU_24H:M11	DB05575	Motesanib	0.23482983932876228	1.417234482432824	<0.0001	<0.0001	NEU
LJP007_NPC_24H:K10	DB11962	GSK-1059615	0.27498497109990805	1.4172215410343012	<0.0001	<0.0001	NPC
CPC015_NPC_24H:BRD-A94709349-001-03-4:10	DB00660	Metaxalone	0.23234052703044203	1.4171423367807854	<0.0001	<0.0001	NPC
CPC006_SKM1_6H:BRD-K15108141-001-01-7:0.08	DB00441	Gemcitabine	-0.27648467760337997	-1.416921659750158	<0.0001	<0.0001	SKM1
CPC018_NPC_24H:BRD-A56012032-001-05-6:10	DB08626	Thiorphan	0.2318044326093732	1.4168129254064823	<0.0001	<0.0001	NPC
CPC006_PL21_6H:BRD-A35108200-001-04-7:10	DB01234	Dexamethasone	-0.28758307938497557	-1.4166114890242576	<0.0001	<0.0001	PL21
LJP009_NEU_24H:D21	DB13061	MLN8054	-0.24238672642342718	-1.4163276310832518	<0.0001	<0.0001	NEU
CPC016_NEU_24H:BRD-K90789829-003-03-3:10	DB01149	Nefazodone	0.22860402763375237	1.4161917856169413	<0.0001	<0.0001	NEU
CPC006_U937_6H:BRD-A47829399-001-01-1:10	DB09274	Artesunate	-0.23576565962091775	-1.4161148458053978	<0.0001	<0.0001	U937
CPC006_PL21_6H:BRD-K81473043-001-04-7:0.35	DB05134	Tanespimycin	0.22690203728639927	1.4161000633218013	<0.0001	<0.0001	PL21
LJP009_NPC_24H:L11	DB05984	RAF-265	0.2658155558437943	1.4157062685057251	<0.0001	<0.0001	NPC
CPC006_U937_6H:BRD-A13084692-001-04-1:10	DB08607	(5R)-5-(4-{[(2R)-6-HYDROXY-2,5,7,8-TETRAMETHYL-3,4-DIHYDRO-2H-CHROMEN-2-YL]METHOXY}BENZYL)-1,3-THIAZOLIDINE-2,4-DIONE	0.29603551914963067	1.4154377592711058	<0.0001	<0.0001	U937
AML001_U937_24H:BRD-A19500257:3.33333	DB02424	Geldanamycin	0.2595349936928849	1.4153301838733998	<0.0001	<0.0001	U937
LJP009_NPC.CAS9_24H:K23	DB12432	CC-401	-0.2606570697816361	-1.4153041722049635	<0.0001	<0.0001	NPC.CAS9
NMH002_NEU_6H:BRD-K81418486-001-22-8:10	DB02546	Vorinostat	-0.24941429523865308	-1.4152483115054981	<0.0001	<0.0001	NEU
CPC015_NPC_24H:BRD-A87445400-003-03-6:10	DB01392	Yohimbine	0.24111354425863052	1.4151392282371213	<0.0001	<0.0001	NPC
NMH002_NPC_24H:BRD-K31342827-001-12-0:10	DB03777	Bisindolylmaleimide I	-0.25402787104429214	-1.4149743863738806	<0.0001	<0.0001	NPC
LJP007_NPC_24H:P16	DB05294	Vandetanib	-0.2467576159556825	-1.414943365811087	<0.0001	<0.0001	NPC
CPC015_NPC_24H:BRD-A51820102-008-16-4:10	DB07705	(S)-econazole	-0.20602887811796522	-1.414938001512329	<0.0001	<0.0001	NPC
CPC014_NPC_24H:BRD-K35483542-001-04-9:10	DB00982	Isotretinoin	-0.2768050429746754	-1.4149202569983965	<0.0001	<0.0001	NPC
CPC016_NPC_24H:BRD-K12513978-001-16-7:10	DB08981	Fenbufen	0.21331774392497715	1.4148475085565841	<0.0001	<0.0001	NPC
NMH002_NEU_24H:BRD-K37270826-001-21-9:10	DB00834	Mifepristone	0.24227198200806704	1.4146162887560954	<0.0001	<0.0001	NEU
CPC016_NEU_24H:BRD-A30437061-001-02-7:10	DB04690	Camptothecin	-0.2380979321146334	-1.4142127242432363	<0.0001	<0.0001	NEU
CPC006_THP1_6H:BRD-K78513633-001-07-4:177.6	DB06266	Lonidamine	0.23911324087114535	1.4141785611865945	<0.0001	<0.0001	THP1
CPC016_NEU_24H:BRD-A51410489-003-02-8:10	DB01392	Yohimbine	-0.2387763290942413	-1.4138207917006518	<0.0001	<0.0001	NEU
CPC006_U937_6H:BRD-K82746043-001-03-7:10	DB12340	Navitoclax	0.2279483972568178	1.413735980780215	<0.0001	<0.0001	U937
NMH002_NEU_24H:BRD-K52313696-001-08-1:10	DB12291	Tacedinaline	-0.2196096789209216	-1.4136948946903303	<0.0001	<0.0001	NEU
NMH001_NEU_24H:BRD-A14999564-001-01-0:10	DB07841	Geranylgeranyl diphosphate	-0.2507975115006939	-1.4136345431197124	<0.0001	<0.0001	NEU
LJP008_NPC.TAK_24H:A21	DB11740	MK-1775	-0.2261588886603976	-1.4130194403786067	<0.0001	<0.0001	NPC.TAK
CPC014_NPC_24H:BRD-K08206212-001-01-2:10	DB00442	Entecavir	0.24406345512927324	1.4128608258506175	<0.0001	<0.0001	NPC
NMH002_NPC_24H:BRD-K49685476-001-11-8:10	DB02877	Arotinoid acid	-0.22507122101781352	-1.4127189342674022	<0.0001	<0.0001	NPC
CPC018_NPC_24H:BRD-K78126613-001-16-0:10	DB00170	Menadione	-0.2196903841425172	-1.4114917718384465	<0.0001	<0.0001	NPC
CPC006_THP1_6H:BRD-K68185022-001-06-4:70.07	DB15588	Ursolic acid	-0.22789194256954268	-1.4114831460946915	<0.0001	<0.0001	THP1
CPC016_NEU_24H:BRD-K87990216-001-03-7:10	DB02925	Piretanide	0.2528566704473996	1.411029303338466	<0.0001	<0.0001	NEU
CPC015_NPC_24H:BRD-A26095496-001-03-2:10	DB01013	Clobetasol propionate	0.2354861606585878	1.4110041857103979	<0.0001	<0.0001	NPC
CPC006_NOMO1_6H:BRD-A56359832-001-03-8:160	DB00744	Zileuton	0.24465908441807244	1.4109824516738767	<0.0001	<0.0001	NOMO1
CPC017_NPC_24H:BRD-A39747742-001-03-5:10	DB13956	Estradiol valerate	0.22857706813763345	1.4104768570106374	<0.0001	<0.0001	NPC
CPC013_NEU_24H:BRD-K89162000-001-02-3:10	DB05465	Tandutinib	-0.24110708424731392	-1.4102323640060257	<0.0001	<0.0001	NEU
NMH002_NPC_24H:BRD-K66956375-001-09-7:10	DB16495	Oleic monoethanolamide	-0.2690959640096329	-1.410175559258963	<0.0001	<0.0001	NPC
PCLB001_JURKAT_6H:BRD-K07572174-001-22-0:10	DB11672	Curcumin	0.260169199895141	1.4101662861802167	<0.0001	<0.0001	JURKAT
NMH002_NPC_6H:BRD-K28912512-001-19-0:10	DB02701	Nicotinamide	-0.22700836059995055	-1.4100230460901615	<0.0001	<0.0001	NPC
CPC014_NPC_24H:BRD-K01493881-001-19-5:10	DB07352	Apigenin	0.24965963770939886	1.4098500763321524	<0.0001	<0.0001	NPC
NMH002_NPC_24H:BRD-A48430263-001-05-1:10	DB01132	Pioglitazone	0.2117326164761108	1.40971094388324	<0.0001	<0.0001	NPC
LJP009_NEU_24H:K19	DB12432	CC-401	-0.23109381042352015	-1.4096724960788787	<0.0001	<0.0001	NEU
CPC013_NPC_24H:BRD-K16621777-001-01-9:10	DB12078	Enobosarm	0.23500784593247423	1.4095832168624234	<0.0001	<0.0001	NPC
CPC015_NPC_24H:BRD-A27554692-001-01-3:10	DB11372	Altrenogest	-0.2352453410966179	-1.4093442558602594	<0.0001	<0.0001	NPC
CPC018_NPC_24H:BRD-K75641298-001-01-5:10	DB01233	Metoclopramide	0.2276357028755374	1.40911056397119	<0.0001	<0.0001	NPC
NMH002_NPC_6H:BRD-K79602928-003-15-7:10	DB00331	Metformin	0.2400173203428728	1.408909125286959	<0.0001	<0.0001	NPC
NMH002_NEU_6H:BRD-K35483542-001-05-6:10	DB00982	Isotretinoin	-0.2542889791918191	-1.408574691352889	<0.0001	<0.0001	NEU
CPC014_NEU_24H:BRD-K71035033-001-01-4:10	DB11526	Masitinib	-0.23022389991201578	-1.4085634355752885	<0.0001	<0.0001	NEU
CPC017_NPC_24H:BRD-K12184470-300-01-8:10	DB04841	Flunarizine	-0.2084369336561491	-1.40842037265352	<0.0001	<0.0001	NPC
CPC006_U937_6H:BRD-K01976263-003-04-5:0.63	DB01735	3-Chloroalaninate	0.2591589023798269	1.4081066668250004	<0.0001	<0.0001	U937
CPC014_NEU_24H:BRD-K50168500-001-01-2:10	DB05424	Canertinib	0.25156642997993284	1.407815326189401	<0.0001	<0.0001	NEU
CPC006_U937_6H:BRD-A58280226-001-01-2:4	DB08756	Y-27632	-0.22939771418237292	-1.4075484597392736	<0.0001	<0.0001	U937
CPC013_NPC_24H:BRD-K77908580-001-04-7:10	DB11841	Entinostat	0.24275505685810023	1.4075101122297544	<0.0001	<0.0001	NPC
LJP007_NPC.CAS9_24H:G13	DB01254	Dasatinib	0.2690701192619387	1.407445008744507	<0.0001	<0.0001	NPC.CAS9
CPC014_NPC_24H:BRD-K52911425-001-01-5:10	DB11663	Pictilisib	-0.22463993322443562	-1.4072621321760606	<0.0001	<0.0001	NPC
CPC015_NPC_24H:BRD-K28183345-003-07-2:10	DB01131	Proguanil	0.23749121259859748	1.4072503076416294	<0.0001	<0.0001	NPC
AML001_HL60_24H:BRD-A19037878:0.37037	DB04297	Trichostatin A	-0.21870283116402908	-1.4070812544831812	<0.0001	<0.0001	HL60
LJP008_NEU_24H:A19	DB11740	MK-1775	-0.22352690149203985	-1.4063795478740724	<0.0001	<0.0001	NEU
NMH002_NEU_6H:BRD-K27316855-001-10-9:10	DB00136	Calcitriol	0.1983646551929784	1.4063702864534677	<0.0001	<0.0001	NEU
LJP008_NEU_24H:L21	DB05015	Belinostat	-0.2444157194757789	-1.406115477326496	<0.0001	<0.0001	NEU
CPC006_U937_6H:BRD-K19295594-001-08-5:11.1	DB13044	Gossypol	0.23606516242239245	1.4056054038005577	<0.0001	<0.0001	U937
LJP008_NPC.TAK_24H:P15	DB11662	Rabusertib	0.24329884293943707	1.4055275969311707	<0.0001	<0.0001	NPC.TAK
NMH002_NPC_24H:BRD-K59946561-001-07-5:10	DB03374	3,5-Diiodotyrosine	0.22584340610903703	1.4053229602188784	<0.0001	<0.0001	NPC
LJP008_NEU_24H:J07	DB05223	Pracinostat	-0.2415091426654648	-1.4053075819429661	<0.0001	<0.0001	NEU
CPC006_PL21_6H:BRD-K82818427-001-01-4:44.4	DB03880	Batimastat	-0.23551494272513743	-1.4042228118657758	<0.0001	<0.0001	PL21
NMH001_NEU_6H:BRD-K39981244-001-01-5:10	DB00368	Norepinephrine	0.23395470967181817	1.404190133713099	<0.0001	<0.0001	NEU
CPC006_PL21_6H:BRD-K14888893-001-05-6:10	DB00350	Minoxidil	0.24658327092353757	1.4039820255328013	<0.0001	<0.0001	PL21
LJP007_NPC_24H:C02	DB11800	Tivozanib	-0.24585796011092875	-1.403902906275293	<0.0001	<0.0001	NPC
CPC018_NPC_24H:BRD-A14395271-001-01-5:10	DB00933	Mesoridazine	-0.22017249224596397	-1.4038047251312877	<0.0001	<0.0001	NPC
NMH002_NEU_24H:BRD-A62336480-003-01-3:10	DB14068	Dexniguldipine	0.2540820844464759	1.4036788461898106	<0.0001	<0.0001	NEU
NMH002_NEU_6H:BRD-A09533288-003-26-2:10	DB14063	Dexverapamil	-0.2513394809433148	-1.4034204320366643	<0.0001	<0.0001	NEU
CPC013_NEU_24H:BRD-K76908866-001-02-7:10	DB12302	CP-724714	-0.234482864998887	-1.4032646778213909	<0.0001	<0.0001	NEU
LPROT003_NPC_6H:P03	DB00175	Pravastatin	-0.25264133585032006	-1.4031711211461584	<0.0001	<0.0001	NPC
LJP008_NPC.CAS9_24H:D22	DB13978	Selisistat	-0.22485554065314914	-1.4030839271177689	<0.0001	<0.0001	NPC.CAS9
LJP007_NPC.CAS9_24H:D02	DB12494	SGI-1776	-0.24298331804675727	-1.4029741936805202	<0.0001	<0.0001	NPC.CAS9
NMH001_NEU_6H:BRD-K95739795-001-02-9:10	DB12161	Deutetrabenazine	0.21116723980846877	1.4029249951644254	<0.0001	<0.0001	NEU
NMH001_NEU_6H:BRD-K12539581-001-18-7:10	DB08313	Nocodazole	-0.2932037123599367	-1.4028148026834792	<0.0001	<0.0001	NEU
CPC016_NPC_24H:BRD-K27450477-001-03-9:10	DB07711	(2S,3R)-3-(6-amino-9H-purin-9-yl)nonan-2-ol	-0.2443112529481453	-1.4027535394924744	<0.0001	<0.0001	NPC
NMH002_NPC_24H:BRD-K11129031-001-22-6:10	DB01241	Gemfibrozil	-0.2826175888039516	-1.4026038864421786	<0.0001	<0.0001	NPC
LJP007_NPC.TAK_24H:M15	DB07460	2-({5-CHLORO-2-[(2-METHOXY-4-MORPHOLIN-4-YLPHENYL)AMINO]PYRIMIDIN-4-YL}AMINO)-N-METHYLBENZAMIDE	0.2528239455197304	1.4024121517545165	<0.0001	<0.0001	NPC.TAK
LJP007_JURKAT_24H:J24	DB03044	Doramapimod	0.2398191083143229	1.4022551808599129	<0.0001	<0.0001	JURKAT
NMH002_NEU_6H:BRD-A41145729-001-04-3:10	DB08175	(2E,4E)-11-METHOXY-3,7,11-TRIMETHYLDODECA-2,4-DIENOIC ACID	-0.24708780998397872	-1.4022140493503983	<0.0001	<0.0001	NEU
LJP009_NEU_24H:O19	DB07232	Veliparib	-0.23008304987325737	-1.402151042924337	<0.0001	<0.0001	NEU
CPC016_NPC_24H:BRD-K86204871-001-02-2:10	DB00251	Terconazole	0.22114826649500152	1.4019642113676292	<0.0001	<0.0001	NPC
LPROT003_NPC_6H:F17	DB11794	Berzosertib	-0.24050782827931363	-1.4017299553721176	<0.0001	<0.0001	NPC
LJP007_NPC.CAS9_24H:K02	DB12064	BMS-777607	0.22011050505178975	1.4010866576864656	<0.0001	<0.0001	NPC.CAS9
CPC016_NPC_24H:BRD-K82865713-001-02-6:10	DB02304	Prostaglandin B2	0.24544668805752415	1.4009926249146316	<0.0001	<0.0001	NPC
LPROT002_NPC.TAK_6H:A22	DB11763	Momelotinib	-0.22672283700006196	-1.4007057975010855	<0.0001	<0.0001	NPC.TAK
LJP007_JURKAT_24H:M02	DB07794	5-(2-PHENYLPYRAZOLO[1,5-A]PYRIDIN-3-YL)-1H-PYRAZOLO[3,4-C]PYRIDAZIN-3-AMINE	0.24421405556690406	1.4006415916674568	<0.0001	<0.0001	JURKAT
CPC014_NPC_24H:BRD-K73838513-003-01-4:10	DB01012	Cinacalcet	0.23747791300420193	1.4004616093203441	<0.0001	<0.0001	NPC
CPC006_NOMO1_6H:BRD-K40892394-001-01-9:11.1	DB07002	4-({4-[(4-methoxypyridin-2-yl)amino]piperidin-1-yl}carbonyl)benzonitrile	-0.23626302772535046	-1.4003840347978447	<0.0001	<0.0001	NOMO1
CPC006_SKM1_6H:BRD-K33583600-001-09-6:10	DB03285	Isoliquiritigenin	0.237945380389302	1.400157171573736	<0.0001	<0.0001	SKM1
LPROT002_NPC.TAK_6H:O16	DB02169	9,10-Deepithio-9,10-Didehydroacanthifolicin	0.24500364967065674	1.400099014831813	<0.0001	<0.0001	NPC.TAK
CPC018_NPC_24H:BRD-K40992116-001-05-5:10	DB13154	Parachlorophenol	-0.22602990299169987	-1.4000910687362065	<0.0001	<0.0001	NPC
LJP007_NEU_24H:P21	DB11886	Infigratinib	0.20967326143508128	1.3998759719624025	<0.0001	<0.0001	NEU
NMH002_NEU_6H:BRD-K11129031-001-22-6:10	DB01241	Gemfibrozil	0.23351176892468237	1.3991618045500727	<0.0001	<0.0001	NEU
CPC006_NOMO1_6H:BRD-A01145011-001-01-4:11.1	DB03068	Zebularine	-0.26343947160955106	-1.3989447019509085	<0.0001	<0.0001	NOMO1
LPROT003_NPC_6H:H23	DB01950	AR-AO-14418	0.2342223408643751	1.3988748414022298	<0.0001	<0.0001	NPC
NMH002_NEU_6H:BRD-K93258693-001-13-2:10	DB07863	2-chloro-5-nitro-N-phenylbenzamide	-0.23044650251642618	-1.3987476164215809	<0.0001	<0.0001	NEU
DOSBIO001_NPC_24H:BRD-A90490067:0.37037	DB00947	Fulvestrant	0.21903539475237396	1.3983196744758462	<0.0001	<0.0001	NPC
LPROT001_NPC.TAK_6H:O22	DB02656	LY-294002	0.22792129602862438	1.3977449649136107	<0.0001	<0.0001	NPC.TAK
CPC006_U937_6H:BRD-A12409803-001-01-3:40	DB12066	Orteronel	0.23250665910863097	1.3977358362851076	<0.0001	<0.0001	U937
LJP007_NPC.CAS9_24H:H11	DB09053	Ibrutinib	0.25054110155569365	1.3974002285917666	<0.0001	<0.0001	NPC.CAS9
CPC006_NOMO1_6H:BRD-K61033289-001-01-2:10	DB08435	(5E,14E)-11-oxoprosta-5,9,12,14-tetraen-1-oic acid	0.23579442172340975	1.3973392849834105	<0.0001	<0.0001	NOMO1
LJP008_NPC.CAS9_24H:L21	DB05015	Belinostat	-0.23983986514672934	-1.397064014202644	<0.0001	<0.0001	NPC.CAS9
CPC006_U937_6H:BRD-A79768653-001-02-1:10	DB00877	Sirolimus	0.2402116052367026	1.3970026171135206	<0.0001	<0.0001	U937
CPC017_NPC_24H:BRD-A98378129-001-01-4:10	DB09295	Talniflumate	-0.23055029423206858	-1.396974736463075	<0.0001	<0.0001	NPC
CPC006_WSUDLCL2_6H:BRD-K88560311-011-02-2:10	DB12332	Rucaparib	-0.24917441103964721	-1.396835341241633	<0.0001	<0.0001	WSUDLCL2
CPC014_NPC_24H:BRD-K28428262-001-01-7:10	DB11958	Brivanib	-0.2979834399416335	-1.3963574208821727	<0.0001	<0.0001	NPC
CPC013_NPC_24H:BRD-K79254416-001-08-5:10	DB01262	Decitabine	0.24330576086225325	1.3963255446503726	<0.0001	<0.0001	NPC
CPC018_NPC_24H:BRD-K18619710-001-03-7:10	DB03671	Digoxigenin	0.2421994247431636	1.396282236625429	<0.0001	<0.0001	NPC
CPC013_NPC_24H:BRD-K64881305-001-01-1:10	DB06188	Ispinesib	-0.21784547074572344	-1.3962367048833397	<0.0001	<0.0001	NPC
CPC006_NOMO1_6H:BRD-K01976263-003-04-5:0.63	DB01735	3-Chloroalaninate	0.2782494926711233	1.3957336612281324	<0.0001	<0.0001	NOMO1
NMH001_NPC_24H:BRD-A14999564-001-01-0:10	DB07841	Geranylgeranyl diphosphate	0.22702836007335056	1.3954406963221841	<0.0001	<0.0001	NPC
CPC018_NPC_24H:BRD-A50684349-001-01-5:10	DB00800	Fenoldopam	0.22332807253923653	1.395187316721699	<0.0001	<0.0001	NPC
CPC017_NPC_24H:BRD-K67261995-001-03-4:10	DB04711	Iodipamide	0.23375143165440823	1.395159867172179	<0.0001	<0.0001	NPC
LJP007_NPC.TAK_24H:A13	DB12742	Amuvatinib	-0.21206347532324843	-1.3951459740080754	<0.0001	<0.0001	NPC.TAK
CPC018_NPC_24H:BRD-A46747628-001-01-9:10	DB01092	Ouabain	0.2566343331456974	1.3948624671360426	<0.0001	<0.0001	NPC
LJP007_NPC.TAK_24H:B03	DB00877	Sirolimus	0.260951031354512	1.394294370468897	<0.0001	<0.0001	NPC.TAK
LJP009_NEU_24H:D23	DB13061	MLN8054	-0.24114298513977458	-1.3940554292246232	<0.0001	<0.0001	NEU
LJP008_NPC_24H:J07	DB05223	Pracinostat	-0.24719754743826983	-1.3937673278429543	<0.0001	<0.0001	NPC
CPC006_WSUDLCL2_6H:BRD-K50128260-001-01-6:160	DB00203	Sildenafil	0.23351125802848574	1.3936847221400068	<0.0001	<0.0001	WSUDLCL2
LJP008_NPC_24H:F06	DB12376	Ricolinostat	-0.2535929434378744	-1.3935572705773291	<0.0001	<0.0001	NPC
LJP008_NPC.TAK_24H:G07	DB02546	Vorinostat	-0.2462677560486454	-1.3930744288183599	<0.0001	<0.0001	NPC.TAK
CPC014_NEU_24H:BRD-A55756846-001-16-2:10	DB07996	5-(2-methylpiperazine-1-sulfonyl)isoquinoline	0.2658513549639198	1.3929413219941424	<0.0001	<0.0001	NEU
LJP007_JURKAT_24H:I01	DB01268	Sunitinib	0.2445574980016602	1.3926969587136142	<0.0001	<0.0001	JURKAT
DOSBIO001_NEU_24H:BRD-A19500257:3.33333	DB02424	Geldanamycin	0.24259633749514428	1.3924857028095503	<0.0001	<0.0001	NEU
LJP009_NPC_24H:G17	DB01254	Dasatinib	0.23245871313991662	1.392482907722367	<0.0001	<0.0001	NPC
NMH002_NPC_24H:BRD-K86465814-001-04-5:10	DB06926	(9Z,11E,13S)-13-hydroxyoctadeca-9,11-dienoic acid	0.22905401540840384	1.3921815828256698	<0.0001	<0.0001	NPC
LJP008_NPC.TAK_24H:O05	DB07101	PD-0325901	0.22558429587525738	1.3917169819033308	<0.0001	<0.0001	NPC.TAK
LJP008_NPC_24H:M18	DB01262	Decitabine	-0.23263663347620236	-1.3913796640379674	<0.0001	<0.0001	NPC
LJP007_JURKAT_24H:P08	DB07859	4-(4-CHLOROPHENYL)-4-[4-(1H-PYRAZOL-4-YL)PHENYL]PIPERIDINE	-0.24428438145221687	-1.3908975645096773	<0.0001	<0.0001	JURKAT
CPC018_NPC_24H:BRD-K59037100-001-09-7:10	DB01428	Oxybenzone	-0.23902520729336713	-1.3906682426910926	<0.0001	<0.0001	NPC
NMH002_NEU_24H:BRD-K93754473-048-14-5:10	DB00675	Tamoxifen	0.23074940732137583	1.390460612480239	<0.0001	<0.0001	NEU
LJP008_NEU_24H:O01	DB07101	PD-0325901	0.248010453784328	1.3900273822233038	<0.0001	<0.0001	NEU
LJP008_NPC_24H:I10	DB11830	Mocetinostat	0.2398262485965502	1.3899643130632584	<0.0001	<0.0001	NPC
LJP007_NPC_24H:L09	DB11836	Sapanisertib	0.3126081654158172	1.3898653554638167	<0.0001	<0.0001	NPC
AML001_U937_6H:BRD-K71879491:3.33333	DB00982	Isotretinoin	0.24167465429635188	1.3897739393218222	<0.0001	<0.0001	U937
CPC013_NEU_24H:BRD-K16478699-001-01-9:10	DB06999	PLX-4720	-0.29814268757229845	-1.389743226553468	<0.0001	<0.0001	NEU
NMH002_NPC_24H:BRD-K26657438-001-10-3:10	DB00724	Imiquimod	0.20259486986459757	1.3897077947452479	<0.0001	<0.0001	NPC
NMH002_NPC_6H:BRD-K06902185-001-13-6:10	DB00350	Minoxidil	0.23395820063717274	1.3897046148700158	<0.0001	<0.0001	NPC
LJP009_NPC.TAK_24H:B11	DB12242	AZD-7762	0.22962519085148697	1.3896077795686834	<0.0001	<0.0001	NPC.TAK
DOSBIO002_NEU_24H:BRD-K27305650:3.33333	DB02656	LY-294002	-0.20636402332233136	-1.3895512127920933	<0.0001	<0.0001	NEU
LJP007_JURKAT_24H:K10	DB11962	GSK-1059615	-0.24668289693646028	-1.3891956787959299	<0.0001	<0.0001	JURKAT
CPC006_SKM1_6H:BRD-A97437073-001-03-1:80	DB00412	Rosiglitazone	-0.29553395180116243	-1.3891594827491083	<0.0001	<0.0001	SKM1
LJP007_JURKAT_24H:F03	DB12848	PF-04217903	-0.2385377293908935	-1.3890050774920524	<0.0001	<0.0001	JURKAT
CPC014_NEU_24H:BRD-K35483542-001-04-9:10	DB00982	Isotretinoin	-0.25092617716922755	-1.3886676324181386	<0.0001	<0.0001	NEU
CPC016_NEU_24H:BRD-K67043667-001-15-7:10	DB00488	Altretamine	-0.22950929929360891	-1.3886307548225403	<0.0001	<0.0001	NEU
CPC006_PL21_6H:BRD-K76188144-001-01-2:160	DB08263	N-(carboxycarbonyl)-D-phenylalanine	-0.23892726065377345	-1.3882797731532994	<0.0001	<0.0001	PL21
CPC006_WSUDLCL2_6H:BRD-A97437073-001-03-1:80	DB00412	Rosiglitazone	-0.24047178729537383	-1.3879860780768005	<0.0001	<0.0001	WSUDLCL2
CPC014_NEU_24H:BRD-K43164539-001-05-7:10	DB02659	Cholic Acid	0.2194922631241247	1.3877450814261385	<0.0001	<0.0001	NEU
LPROT001_NPC.TAK_6H:E06	DB16239	Molibresib	0.22713515355918548	1.3874954391022567	<0.0001	<0.0001	NPC.TAK
CPC017_NPC_24H:BRD-K47639036-003-03-3:10	DB01148	Flavoxate	-0.24406919040966507	-1.3872029407690225	<0.0001	<0.0001	NPC
CPC006_SKM1_6H:BRD-K98530306-003-07-6:10	DB00575	Clonidine	-0.25970787927924066	-1.3871665597603995	<0.0001	<0.0001	SKM1
LPROT002_NPC.TAK_6H:I12	DB09074	Olaparib	0.24826358200364296	1.3866943861831735	<0.0001	<0.0001	NPC.TAK
LJP007_NEU_24H:C06	DB11800	Tivozanib	0.21771384068613733	1.3864614013866097	<0.0001	<0.0001	NEU
LJP007_NPC.TAK_24H:B14	DB12200	Tivantinib	-0.23225174806173307	-1.3859948676377207	<0.0001	<0.0001	NPC.TAK
LJP009_NPC.CAS9_24H:B15	DB11805	Saracatinib	0.23790830874812105	1.38581061930399	<0.0001	<0.0001	NPC.CAS9
CPC006_SKM1_6H:BRD-K59597909-001-10-1:10	DB11447	Phenothiazine	-0.2601539029272967	-1.385759730682629	<0.0001	<0.0001	SKM1
NMH002_NPC_24H:BRD-K27450477-003-06-8:10	DB07711	(2S,3R)-3-(6-amino-9H-purin-9-yl)nonan-2-ol	0.21852453015611104	1.38568896575966	<0.0001	<0.0001	NPC
LJP007_JURKAT_24H:A18	DB12742	Amuvatinib	0.24502115371655273	1.3852480569045467	<0.0001	<0.0001	JURKAT
LJP009_NPC.TAK_24H:O20	DB07232	Veliparib	0.2552148816353179	1.385093640826496	<0.0001	<0.0001	NPC.TAK
LJP009_NPC_24H:I03	DB11798	Tanzisertib	-0.2576992914629461	-1.3849533924250887	<0.0001	<0.0001	NPC
LJP009_NEU_24H:B04	DB01204	Mitoxantrone	-0.2108662685331577	-1.384644611910488	<0.0001	<0.0001	NEU
LJP009_NPC_24H:D06	DB11775	PF-03758309	0.24867647697726147	1.384553067673554	<0.0001	<0.0001	NPC
KMS002_THP1_24H:BRD-A75409952-001-02-4:10	DB08059	Wortmannin	0.22978108357153187	1.383775620240865	<0.0001	<0.0001	THP1
LJP008_NPC.TAK_24H:C08	DB13877	Iniparib	0.2250074866862998	1.383699184703105	<0.0001	<0.0001	NPC.TAK
LJP007_JURKAT_24H:I10	DB06589	Pazopanib	-0.23038953528582073	-1.383659451279101	<0.0001	<0.0001	JURKAT
LJP007_NPC.TAK_24H:O01	DB07101	PD-0325901	-0.2528857240234254	-1.3835121331441422	<0.0001	<0.0001	NPC.TAK
NMH002_NEU_6H:BRD-K91509126-001-19-4:10	DB08399	Piceatannol	0.23838380783012128	1.3830838750819312	<0.0001	<0.0001	NEU
PCLB001_JURKAT_24H:BRD-A58955223-001-02-0:0.63	DB12422	Sulforaphane	0.23292613649777139	1.3830124069044187	<0.0001	<0.0001	JURKAT
NMH002_NEU_6H:BRD-K71879491-001-30-9:10	DB00982	Isotretinoin	-0.2190223701401068	-1.3828292822302846	<0.0001	<0.0001	NEU
LJP008_NPC_24H:C08	DB13877	Iniparib	-0.24778633080606266	-1.3827848127129563	<0.0001	<0.0001	NPC
LJP009_NPC.TAK_24H:N11	DB08896	Regorafenib	-0.23326698513667377	-1.3824101832585611	<0.0001	<0.0001	NPC.TAK
AML001_HL60_6H:BRD-K27316855:0.37037	DB00136	Calcitriol	0.23928971798359328	1.382186198610412	<0.0001	<0.0001	HL60
LPROT002_NPC.TAK_6H:O12	DB02546	Vorinostat	-0.2552382098268257	-1.3821494701400978	<0.0001	<0.0001	NPC.TAK
LJP008_NEU_24H:P13	DB11662	Rabusertib	-0.24299104619333578	-1.382090468461178	<0.0001	<0.0001	NEU
CPC018_NPC_24H:BRD-K38903228-001-02-8:10	DB04703	Hesperidin	-0.22425334909712188	-1.3817722449510357	<0.0001	<0.0001	NPC
CPC016_NEU_24H:BRD-A42649439-001-02-8:10	DB12405	Triciribine	-0.23691196737795814	-1.3817106040132403	<0.0001	<0.0001	NEU
LPROT001_NPC.TAK_6H:C20	DB02709	Resveratrol	0.2304336276343605	1.3816921346271265	<0.0001	<0.0001	NPC.TAK
NMH001_NEU_24H:BRD-A14240607-001-01-8:10	DB13251	Octopamine	0.23329453097644304	1.3816569870793787	<0.0001	<0.0001	NEU
LPROT003_NPC_6H:H07	DB11870	RG-4733	0.2261942219940575	1.3815443921150512	<0.0001	<0.0001	NPC
CPC006_SKM1_6H:BRD-A47829399-001-01-1:10	DB09274	Artesunate	-0.2551232505089331	-1.3815176630562558	<0.0001	<0.0001	SKM1
CPC016_NPC_24H:BRD-K80396088-001-03-9:10	DB01251	Gliquidone	-0.24327046766604923	-1.3812541682543313	<0.0001	<0.0001	NPC
CPC015_NPC_24H:BRD-K46137903-001-03-3:10	DB01130	Prednicarbate	-0.2089881433698654	-1.3811976405554767	<0.0001	<0.0001	NPC
LJP009_NPC.CAS9_24H:M16	DB06314	SGX-523	0.2575512318574486	1.381168857572295	<0.0001	<0.0001	NPC.CAS9
NMH001_NPC_24H:BRD-K53857191-001-17-7:10	DB00734	Risperidone	0.23054279146573128	1.381043364853507	<0.0001	<0.0001	NPC
LJP007_NEU_24H:G15	DB01254	Dasatinib	-0.22585145025838435	-1.3809305270517571	<0.0001	<0.0001	NEU
CPC006_NOMO1_6H:BRD-A04706586-236-01-7:10	DB13242	Bucladesine	-0.24527966327793121	-1.3806543357923393	<0.0001	<0.0001	NOMO1
CPC014_NPC_24H:BRD-K83963101-001-01-0:10	DB13061	MLN8054	0.22662145355393007	1.3803770616076196	<0.0001	<0.0001	NPC
LJP007_NEU_24H:N13	DB09330	Osimertinib	-0.20235060141987332	-1.380296999248518	<0.0001	<0.0001	NEU
DOSBIO002_NEU_24H:BRD-A75409952:0.37037	DB08059	Wortmannin	-0.20277787389336066	-1.3801353729323114	<0.0001	<0.0001	NEU
LJP008_NPC.TAK_24H:K11	DB11962	GSK-1059615	0.24863086868538317	1.3797915851174598	<0.0001	<0.0001	NPC.TAK
LJP009_NPC_24H:E08	DB01782	Pyrazolanthrone	0.23094883971745267	1.3792133252450824	<0.0001	<0.0001	NPC
CPC006_SKM1_6H:BRD-K19216856-001-02-7:88.8	DB12116	Epigallocatechin gallate	-0.23194576533765643	-1.3789068354727085	<0.0001	<0.0001	SKM1
CPC013_NPC_24H:BRD-K46056750-001-01-3:10	DB12242	AZD-7762	-0.23674349633583558	-1.3788349716976935	<0.0001	<0.0001	NPC
NMH002_NPC_24H:BRD-K40438880-001-03-8:10	DB03566	Spermidine	0.20516402925784205	1.378787070006263	<0.0001	<0.0001	NPC
AML001_HL60_6H:BRD-K71879491:1.11111	DB00982	Isotretinoin	0.24855728897125431	1.3787483101856728	<0.0001	<0.0001	HL60
CPC006_PL21_6H:BRD-K78513633-001-07-4:177.6	DB06266	Lonidamine	-0.24474743458459883	-1.378726553669766	<0.0001	<0.0001	PL21
CPC018_NPC_24H:BRD-K37814297-050-05-4:10	DB01614	Acepromazine	0.23691958183880066	1.378179607297026	<0.0001	<0.0001	NPC
CPC006_NOMO1_6H:BRD-K15108141-001-01-7:0.08	DB00441	Gemcitabine	0.24944638442242195	1.3780648646392353	<0.0001	<0.0001	NOMO1
LJP007_NPC_24H:M03	DB07794	5-(2-PHENYLPYRAZOLO[1,5-A]PYRIDIN-3-YL)-1H-PYRAZOLO[3,4-C]PYRIDAZIN-3-AMINE	-0.24383296567273977	-1.3780572422542439	<0.0001	<0.0001	NPC
NMH001_NPC_24H:BRD-A19500257-001-03-9:10	DB02424	Geldanamycin	0.25188997382070644	1.3779222374308442	<0.0001	<0.0001	NPC
LJP008_NPC_24H:D04	DB09074	Olaparib	0.2459236585036423	1.377601422280402	<0.0001	<0.0001	NPC
AML001_U937_6H:BRD-A45664787:3.33333	DB01088	Iloprost	-0.2555480838773948	-1.3773623724145103	<0.0001	<0.0001	U937
NMH002_NEU_6H:BRD-K97808269-001-01-9:10	DB04382	2-Deoxy-alpha-D-galactopyranose	0.22819769948438776	1.3772002607705771	<0.0001	<0.0001	NEU
LJP007_NEU_24H:N18	DB09330	Osimertinib	0.2120876211615667	1.3768156727490293	<0.0001	<0.0001	NEU
CPC016_NPC_24H:BRD-A51410489-003-02-8:10	DB01392	Yohimbine	-0.20467639756001885	-1.3766242969126172	<0.0001	<0.0001	NPC
LJP008_NPC.CAS9_24H:I05	DB16239	Molibresib	0.2408014176259179	1.376576670011925	<0.0001	<0.0001	NPC.CAS9
AML001_U937_24H:BRD-A19037878:1.11111	DB04297	Trichostatin A	-0.22252787428735227	-1.376568202556215	<0.0001	<0.0001	U937
CPC016_NEU_24H:BRD-A18579359-001-02-3:10	DB01731	(S)-wiskostatin	-0.2485890917347284	-1.3763525946002164	<0.0001	<0.0001	NEU
NMH002_NEU_6H:BRD-K47192521-001-04-7:10	DB00159	Icosapent	0.2722360223569505	1.3758996098335246	<0.0001	<0.0001	NEU
NMH002_NEU_24H:BRD-K01292756-001-20-1:10	DB01100	Pimozide	0.22284576152176375	1.3751923312824772	<0.0001	<0.0001	NEU
LPROT001_NPC.TAK_6H:O20	DB02656	LY-294002	0.2514388081558769	1.375105218133831	<0.0001	<0.0001	NPC.TAK
LJP009_NPC.CAS9_24H:E13	DB13113	JNJ-38877605	0.25427861777206673	1.3750789466856272	<0.0001	<0.0001	NPC.CAS9
LJP007_NPC_24H:I02	DB01268	Sunitinib	-0.2558077518475792	-1.3748868245586823	<0.0001	<0.0001	NPC
LPROT003_NPC_6H:H09	DB11870	RG-4733	0.21335267659890106	1.3748063221280469	<0.0001	<0.0001	NPC
LJP008_NPC.TAK_24H:I04	DB16239	Molibresib	0.2239822626024463	1.374652679291597	<0.0001	<0.0001	NPC.TAK
CPC014_NEU_24H:BRD-K62959606-001-10-4:10	DB03203	Sphingosine	0.22409396487023897	1.37353465371437	<0.0001	<0.0001	NEU
LJP008_NPC_24H:M02	DB02709	Resveratrol	-0.26485364321714944	-1.3729436537448583	<0.0001	<0.0001	NPC
LJP009_NPC.CAS9_24H:P19	DB09074	Olaparib	-0.2948159280442883	-1.372544852712916	<0.0001	<0.0001	NPC.CAS9
CPC006_SKM1_6H:BRD-A58048407-001-10-5:10	DB00393	Nimodipine	-0.2324148222401411	-1.3725195351914754	<0.0001	<0.0001	SKM1
AML001_HL60_6H:BRD-A45664787:0.37037	DB01088	Iloprost	0.23673272544090443	1.3723956559367338	<0.0001	<0.0001	HL60
LJP009_NPC.TAK_24H:F03	DB11962	GSK-1059615	0.22798964228776117	1.3723509330383685	<0.0001	<0.0001	NPC.TAK
CPC015_NPC_24H:BRD-K93754473-048-10-3:10	DB00675	Tamoxifen	0.23623010076005488	1.3722001376477813	<0.0001	<0.0001	NPC
LJP007_JURKAT_24H:K07	DB11962	GSK-1059615	-0.23512935784539715	-1.3721136729451908	<0.0001	<0.0001	JURKAT
LJP008_NPC_24H:D06	DB09074	Olaparib	0.22846331244465753	1.371895553231214	<0.0001	<0.0001	NPC
CPC006_U937_6H:BRD-K12502280-001-01-5:11.1	DB12500	Fedratinib	0.2343513028481881	1.3718518543827443	<0.0001	<0.0001	U937
LJP009_NEU_24H:K22	DB12432	CC-401	-0.23881241074634552	-1.371794443332892	<0.0001	<0.0001	NEU
NMH001_NEU_24H:BRD-A69512159-001-04-0:10	DB00190	Carbidopa	-0.23516471532024452	-1.3717894471470378	<0.0001	<0.0001	NEU
LJP009_NPC.TAK_24H:F02	DB11962	GSK-1059615	-0.24818186903344197	-1.371212455834383	<0.0001	<0.0001	NPC.TAK
LPROT003_NPC_6H:N11	DB01782	Pyrazolanthrone	0.24425251456154898	1.3711244092842558	<0.0001	<0.0001	NPC
LJP007_NEU_24H:I13	DB11526	Masitinib	0.23658173163518983	1.3706403830032972	<0.0001	<0.0001	NEU
LJP008_NPC_24H:G23	DB00928	Azacitidine	-0.22881514990560345	-1.3705191767120282	<0.0001	<0.0001	NPC
CPC016_NPC_24H:BRD-K90027355-001-03-4:10	DB00421	Spironolactone	-0.22603096693337646	-1.3703823943777163	<0.0001	<0.0001	NPC
LPROT002_NPC.TAK_6H:G24	DB04149	(R)-Rolipram	0.25256429860524504	1.3703016957404168	<0.0001	<0.0001	NPC.TAK
NMH002_NPC_24H:BRD-K35483542-001-05-6:10	DB00982	Isotretinoin	-0.2513291154805234	-1.3702409848912998	<0.0001	<0.0001	NPC
LJP007_NPC_24H:K01	DB12064	BMS-777607	-0.23816303740593844	-1.3701756627989619	<0.0001	<0.0001	NPC
NMH001_NEU_6H:BRD-K22134346-001-18-1:10	DB00641	Simvastatin	-0.2491376607947558	-1.3699621742528245	<0.0001	<0.0001	NEU
CPC015_NPC_24H:BRD-A80151636-066-03-0:10	DB01200	Bromocriptine	-0.24637480018062408	-1.3699509349345491	<0.0001	<0.0001	NPC
LJP009_NEU_24H:M13	DB06314	SGX-523	0.228162844054402	1.3697206076311947	<0.0001	<0.0001	NEU
LJP009_NPC_24H:F04	DB11962	GSK-1059615	-0.24973732850463948	-1.3692589273087783	<0.0001	<0.0001	NPC
LJP007_NPC.TAK_24H:G18	DB01254	Dasatinib	0.2513638110542048	1.3691126406935927	<0.0001	<0.0001	NPC.TAK
NMH002_NPC_6H:BRD-K01507359-001-11-2:10	DB01045	Rifampicin	-0.2213070798034392	-1.3688299142556142	<0.0001	<0.0001	NPC
LJP009_NPC_24H:B13	DB11805	Saracatinib	-0.2151951907585845	-1.3687922929717493	<0.0001	<0.0001	NPC
LPROT003_NPC_6H:J07	DB12006	BMS-906024	0.23093200968677394	1.3683471079074632	<0.0001	<0.0001	NPC
CPC014_NEU_24H:BRD-A39052811-377-01-4:10	DB11675	Mosapride	-0.2413186671316376	-1.3679073720474109	<0.0001	<0.0001	NEU
PCLB001_JURKAT_6H:BRD-K36452089-001-01-8:3.33	DB07726	t-Butylhydroquinone	-0.21112014776719276	-1.3675013211054647	<0.0001	<0.0001	JURKAT
LJP007_NPC.CAS9_24H:P15	DB05294	Vandetanib	-0.23339562231191174	-1.3674531296057264	<0.0001	<0.0001	NPC.CAS9
CPC015_NPC_24H:BRD-A87606379-001-13-3:10	DB01203	Nadolol	0.2146263310159228	1.367415951435396	<0.0001	<0.0001	NPC
LJP009_NEU_24H:D18	DB16108	TAK-715	0.24061465036764607	1.3673170786300648	<0.0001	<0.0001	NEU
NMH002_NEU_24H:BRD-K60623809-001-04-6:10	DB08009	SU-11652	-0.22279416621137854	-1.3661468283341882	<0.0001	<0.0001	NEU
CPC006_SKM1_6H:BRD-K47335880-001-01-3:0.08	DB12980	CHS-828	0.22315946925145325	1.3660652854118571	<0.0001	<0.0001	SKM1
LJP007_NPC.CAS9_24H:P23	DB11886	Infigratinib	-0.24642356917141725	-1.3657390203762438	<0.0001	<0.0001	NPC.CAS9
CPC013_NEU_24H:BRD-A19500257:10	DB02424	Geldanamycin	0.21394383073221745	1.365715811274344	<0.0001	<0.0001	NEU
CPC015_NPC_24H:BRD-K02404261-001-07-6:10	DB00201	Caffeine	0.23076136398575892	1.3656457342477906	<0.0001	<0.0001	NPC
LPROT003_NPC_6H:H17	DB12270	Losmapimod	0.22394724736385355	1.3656144179634953	<0.0001	<0.0001	NPC
NMH002_NEU_24H:BRD-K79254416-001-11-9:10	DB01262	Decitabine	-0.2365896646547566	-1.3655893165025208	<0.0001	<0.0001	NEU
LJP008_NPC.TAK_24H:G13	DB01254	Dasatinib	-0.23180574325293643	-1.3654996429216075	<0.0001	<0.0001	NPC.TAK
LPROT001_NPC.TAK_6H:G16	DB05015	Belinostat	-0.2597208886478616	-1.365321008835266	<0.0001	<0.0001	NPC.TAK
NMH002_NEU_6H:BRD-K65331431-001-05-4:10	DB12112	Zuretinol acetate	-0.2349451187902196	-1.364951453602621	<0.0001	<0.0001	NEU
LJP007_NPC.CAS9_24H:H07	DB09053	Ibrutinib	0.26242056710495093	1.3649448070240329	<0.0001	<0.0001	NPC.CAS9
CPC016_NEU_24H:BRD-A22684332-003-03-1:10	DB01366	Procaterol	-0.2312328381803396	-1.3646204118520016	<0.0001	<0.0001	NEU
CPC014_NEU_24H:BRD-K70401845-001-02-5:10	DB00530	Erlotinib	0.23444348972278656	1.364471529674779	<0.0001	<0.0001	NEU
LJP007_NPC.TAK_24H:K11	DB11962	GSK-1059615	0.24271519759345875	1.3642042158032135	<0.0001	<0.0001	NPC.TAK
CPC006_PL21_6H:BRD-K58550667-001-01-2:0.08	DB12731	Daporinad	-0.2829100322138003	-1.3641811231761065	<0.0001	<0.0001	PL21
CPC018_NPC_24H:BRD-K35960502-001-10-1:10	DB06803	Niclosamide	0.25410766202573315	1.3640555384025146	<0.0001	<0.0001	NPC
LJP009_NPC_24H:O19	DB07232	Veliparib	0.223612288955078	1.363863102271228	<0.0001	<0.0001	NPC
LJP007_JURKAT_24H:M14	DB07460	2-({5-CHLORO-2-[(2-METHOXY-4-MORPHOLIN-4-YLPHENYL)AMINO]PYRIMIDIN-4-YL}AMINO)-N-METHYLBENZAMIDE	-0.24021050129195382	-1.3637801549430144	<0.0001	<0.0001	JURKAT
DOSBIO002_NEU_24H:BRD-A19500257:3.33333	DB02424	Geldanamycin	0.24172290906329766	1.363425713353742	<0.0001	<0.0001	NEU
LJP008_NPC.TAK_24H:F06	DB12376	Ricolinostat	0.21948063817540947	1.363286935649987	<0.0001	<0.0001	NPC.TAK
NMH002_NEU_6H:BRD-A56798952-001-01-5:1	DB06733	Bafilomycin A1	-0.24940522629547568	-1.3628062445461788	<0.0001	<0.0001	NEU
CPC006_U937_6H:BRD-K61250553-003-13-2:10	DB00836	Loperamide	-0.23154351278800409	-1.3625458154018033	<0.0001	<0.0001	U937
CPC006_THP1_6H:BRD-K12502280-001-01-5:11.1	DB12500	Fedratinib	0.23785046266745663	1.3624932625317208	<0.0001	<0.0001	THP1
NMH001_NEU_24H:BRD-A19500257-001-03-9:10	DB02424	Geldanamycin	-0.21332937957431872	-1.3622046945320991	<0.0001	<0.0001	NEU
NMH002_NEU_24H:BRD-K76773351-001-03-5:10	DB04769	5-QUINOXALIN-6-YLMETHYLENE-THIAZOLIDINE-2,4-DIONE	-0.23434789949690438	-1.362193045002668	<0.0001	<0.0001	NEU
LPROT003_NPC_6H:P09	DB02546	Vorinostat	-0.212368855555868	-1.3619727606889673	<0.0001	<0.0001	NPC
CPC006_U937_6H:BRD-K41260949-236-02-8:10	DB00313	Valproic acid	0.22870545203835257	1.3619516526149724	<0.0001	<0.0001	U937
NMH002_NPC_24H:BRD-K89732114-300-10-5:10	DB00831	Trifluoperazine	-0.22066791242345918	-1.361324695711601	<0.0001	<0.0001	NPC
LJP009_NPC.TAK_24H:E19	DB08901	Ponatinib	-0.20739589197622854	-1.361221353934348	<0.0001	<0.0001	NPC.TAK
CPC006_PL21_6H:BRD-K55966568-001-01-3:6	DB12072	Orantinib	0.222461904708708	1.3612101440795064	<0.0001	<0.0001	PL21
CPC016_NPC_24H:BRD-K91699951-001-03-7:10	DB00868	Benzonatate	0.1853853575830873	1.3610538259331768	<0.0001	<0.0001	NPC
LJP007_NEU_24H:P16	DB05294	Vandetanib	-0.28411347713882884	-1.3603741252036325	<0.0001	<0.0001	NEU
CPC017_NPC_24H:BRD-K60762818-003-15-3:10	DB01151	Desipramine	-0.21632554506183635	-1.3603059632151895	<0.0001	<0.0001	NPC
CPC015_NPC_24H:BRD-A01320529-001-05-9:10	DB00938	Salmeterol	-0.250614070973257	-1.3601424775689757	<0.0001	<0.0001	NPC
CPC006_NOMO1_6H:BRD-K92991072-001-02-3:10	DB13048	PAC-1	-0.287747882696494	-1.3600042299209993	<0.0001	<0.0001	NOMO1
CPC016_NPC_24H:BRD-K94441233-001-03-1:10	DB06693	Mevastatin	-0.20829891765502168	-1.3592780702670793	<0.0001	<0.0001	NPC
NMH002_NPC_24H:BRD-K97808269-001-01-9:10	DB04382	2-Deoxy-alpha-D-galactopyranose	-0.27344264325010287	-1.358934066116611	<0.0001	<0.0001	NPC
LJP008_NPC_24H:A03	DB02546	Vorinostat	-0.24498453351983734	-1.3580499819188774	<0.0001	<0.0001	NPC
AML001_U937_24H:BRD-K93754473:1.49538	DB00675	Tamoxifen	-0.27517579665727365	-1.357637991157289	<0.0001	<0.0001	U937
NMH002_NEU_24H:BRD-K67860401-001-04-9:10	DB01950	AR-AO-14418	0.22074044892461056	1.3574078175044035	<0.0001	<0.0001	NEU
CPC016_NEU_24H:BRD-K63675182-003-14-5:10	DB00508	Triflupromazine	0.23797527690036618	1.357406874022806	<0.0001	<0.0001	NEU
CPC015_NPC_24H:BRD-K67017579-001-16-6:10	DB01166	Cilostazol	-0.22064597725389046	-1.3573633436349886	<0.0001	<0.0001	NPC
CPC016_NPC_24H:BRD-K97440753-066-03-3:10	DB13345	Dihydroergocristine	0.22329567924646865	1.3573617818082864	<0.0001	<0.0001	NPC
CPC014_NEU_24H:BRD-K63068307-001-02-2:10	DB12904	ZSTK-474	-0.2315526593510702	-1.3569404712962962	<0.0001	<0.0001	NEU
NMH002_NPC_6H:BRD-K41260949-236-10-1:10	DB00313	Valproic acid	0.23918780774353635	1.3567915622478879	<0.0001	<0.0001	NPC
NMH002_NPC_24H:BRD-K32164935-001-25-8:10	DB00839	Tolazamide	0.20839911656622365	1.3567710439480654	<0.0001	<0.0001	NPC
LJP007_JURKAT_24H:L12	DB11836	Sapanisertib	0.25479095455571305	1.3566813488285026	<0.0001	<0.0001	JURKAT
CPC006_NOMO1_6H:BRD-K61250553-003-13-2:10	DB00836	Loperamide	0.20883633562224874	1.356666743452229	<0.0001	<0.0001	NOMO1
NMH002_NPC_24H:BRD-A95074085-236-01-6:10	DB13242	Bucladesine	0.23910200079348987	1.3565472529434672	<0.0001	<0.0001	NPC
AML001_HL60_6H:BRD-A19037878:10	DB04297	Trichostatin A	-0.24523714317718387	-1.3563921336325444	<0.0001	<0.0001	HL60
AML001_U937_24H:BRD-A19037878:10	DB04297	Trichostatin A	-0.22508128350743284	-1.356367004307417	<0.0001	<0.0001	U937
LJP008_NPC.TAK_24H:K09	DB11962	GSK-1059615	0.2631504331609712	1.3563501770142357	<0.0001	<0.0001	NPC.TAK
CPC006_WSUDLCL2_6H:BRD-A02006392-001-09-9:10	DB01054	Nitrendipine	0.22267533590679042	1.3560783029791683	<0.0001	<0.0001	WSUDLCL2
CPC006_U937_6H:BRD-A70449690-001-01-4:10	DB02587	Colforsin	-0.2336780743248244	-1.3560291469641041	<0.0001	<0.0001	U937
CPC013_NEU_24H:BRD-K05658747-237-01-1:10	DB06817	Raltegravir	-0.24596461635801933	-1.3558052127394946	<0.0001	<0.0001	NEU
CPC006_U937_6H:BRD-K44241590-001-03-3:11.1	DB07697	1-(2,3-dihydro-1,4-benzodioxin-6-ylsulfonyl)-4-[(4-methoxyphenyl)sulfonyl]piperazine	-0.2325209985609156	-1.3557342599001507	<0.0001	<0.0001	U937
CPC018_NPC_24H:BRD-A31521121-001-15-7:10	DB00423	Methocarbamol	0.21361317984825817	1.3555557870291914	<0.0001	<0.0001	NPC
AML001_U937_6H:BRD-A19037878:3.33333	DB04297	Trichostatin A	-0.2533664515438793	-1.3554651195944303	<0.0001	<0.0001	U937
PCLB001_JURKAT_6H:BRD-A58955223-001-02-0:0.37	DB12422	Sulforaphane	0.1978883858437544	1.355275814183246	<0.0001	<0.0001	JURKAT
NMH001_NPC_6H:BRD-K03243820-001-16-2:10	DB00432	Trifluridine	-0.26194481831591127	-1.3551991942849748	<0.0001	<0.0001	NPC
CPC018_NPC_24H:BRD-K06895174-001-01-0:10	DB00604	Cisapride	0.21829430416676535	1.3551175680381784	<0.0001	<0.0001	NPC
CPC006_PL21_6H:BRD-K63195589-001-01-4:10	DB04960	Tipifarnib	0.23673767869405202	1.3551174036700828	<0.0001	<0.0001	PL21
LJP007_NPC.CAS9_24H:P01	DB09054	Idelalisib	0.23420275926010503	1.3550769540662115	<0.0001	<0.0001	NPC.CAS9
CPC016_NEU_24H:BRD-K17075857-001-06-9:10	DB01243	Chloroxine	0.23166877973576117	1.35490325935777	<0.0001	<0.0001	NEU
CPC006_U937_6H:BRD-K88560311-011-02-2:10	DB12332	Rucaparib	-0.23081327930956302	-1.354856498329619	<0.0001	<0.0001	U937
CPC015_NPC_24H:BRD-K82255054-001-08-4:10	DB00818	Propofol	0.2491568453075458	1.3543642939017673	<0.0001	<0.0001	NPC
LJP007_NPC.TAK_24H:N17	DB09330	Osimertinib	0.2148134796222663	1.3541007076473233	<0.0001	<0.0001	NPC.TAK
CPC014_NEU_24H:BRD-K38775274-001-13-0:10	DB01234	Dexamethasone	-0.2729594077448651	-1.3540214913685822	<0.0001	<0.0001	NEU
NMH002_NPC_24H:BRD-K37846922-001-08-6:10	DB11875	3,3'-diindolylmethane	0.19430975632449618	1.3537949317243703	<0.0001	<0.0001	NPC
KHW001_SKM1_6H:BRD-A18929998-001-02-2:10	DB02097	Cytidine	-0.2093329113369925	-1.353683647988308	<0.0001	<0.0001	SKM1
CPC006_WSUDLCL2_6H:BRD-K78513633-001-07-4:177.6	DB06266	Lonidamine	-0.23522840496795855	-1.3536220856152894	<0.0001	<0.0001	WSUDLCL2
NMH001_NEU_24H:BRD-K60511616-001-01-2:10	DB00175	Pravastatin	0.220981420279313	1.3536067340319526	<0.0001	<0.0001	NEU
LJP007_JURKAT_24H:B08	DB07970	5-[(2-methyl-5-{[3-(trifluoromethyl)phenyl]carbamoyl}phenyl)amino]pyridine-3-carboxamide	-0.23149693842587746	-1.3533778805726182	<0.0001	<0.0001	JURKAT
CPC006_THP1_6H:BRD-K28307902-001-10-0:28.96	DB00499	Flutamide	0.25586114438653773	1.3528040178782785	<0.0001	<0.0001	THP1
CPC006_U937_6H:BRD-A70155556-001-04-4:40	DB03785	Mevinolinic acid	-0.2227149370759316	-1.3526280647210465	<0.0001	<0.0001	U937
CPC017_NPC_24H:BRD-K67277431-002-03-0:10	DB13327	Picotamide	-0.2066263591527625	-1.3525265486128368	<0.0001	<0.0001	NPC
CPC018_NPC_24H:BRD-K52989797-001-01-1:10	DB01242	Clomipramine	0.21101978300105032	1.352454300520841	<0.0001	<0.0001	NPC
CPC016_NPC_24H:BRD-K99621550-003-03-4:10	DB01199	Tubocurarine	0.20624372048114045	1.3522218766577783	<0.0001	<0.0001	NPC
CPC015_NPC_24H:BRD-A66559694-001-03-8:10	DB00704	Naltrexone	0.23871564483609387	1.3522068927296307	<0.0001	<0.0001	NPC
CPC015_NPC_24H:BRD-A51714012-001-03-1:10	DB00285	Venlafaxine	-0.22984454495082127	-1.3521886819825197	<0.0001	<0.0001	NPC
CPC015_NPC_24H:BRD-A54880345-001-11-8:10	DB00292	Etomidate	0.24375283679127305	1.3521119924025131	<0.0001	<0.0001	NPC
LJP008_NPC.CAS9_24H:G12	DB02546	Vorinostat	-0.2527669860207438	-1.351832495259479	<0.0001	<0.0001	NPC.CAS9
CPC014_NEU_24H:BRD-K43764301-001-07-6:10	DB09214	Dexketoprofen	0.2345092105150893	1.35151532620935	<0.0001	<0.0001	NEU
CPC015_NPC_24H:BRD-K45861246-001-08-4:10	DB11376	Azaperone	0.20723971931356844	1.3508387584526527	<0.0001	<0.0001	NPC
NMH002_NEU_6H:BRD-K04923131-001-11-3:10	DB03444	6-bromoindirubin-3'-oxime	-0.23500104703408634	-1.3506542552863936	<0.0001	<0.0001	NEU
NMH002_NEU_24H:BRD-K17953061-001-12-7:10	DB02010	Staurosporine	-0.2316093323515244	-1.3503915358496983	<0.0001	<0.0001	NEU
NMH001_NPC_6H:BRD-A95696066-001-01-7:10	DB09186	Nisoxetine	0.23253846643170775	1.3501907088454395	<0.0001	<0.0001	NPC
CPC006_WSUDLCL2_6H:BRD-K87142802-001-02-7:10	DB07232	Veliparib	-0.23334431096310662	-1.349866446095789	<0.0001	<0.0001	WSUDLCL2
LJP007_JURKAT_24H:N16	DB09330	Osimertinib	-0.2260453228345496	-1.349845865803612	<0.0001	<0.0001	JURKAT
CPC006_PL21_6H:BRD-A75817871-001-04-2:40	DB01944	(S)-blebbistatin	-0.255017459701499	-1.349581939035606	<0.0001	<0.0001	PL21
LJP009_NPC.CAS9_24H:I20	DB11363	Alectinib	0.21658406593525784	1.3494605740490273	<0.0001	<0.0001	NPC.CAS9
CPC015_NPC_24H:BRD-A31204924-001-07-6:10	DB00648	Mitotane	-0.208061125115782	-1.3494036483011445	<0.0001	<0.0001	NPC
CPC016_NEU_24H:BRD-K31627533-001-03-8:10	DB00896	Rimexolone	-0.22421427866106544	-1.349395619242343	<0.0001	<0.0001	NEU
CPC006_PL21_6H:BRD-K64890080-001-03-9:10	DB16107	BI 2536	0.2317645409177194	1.348888617984329	<0.0001	<0.0001	PL21
NMH001_NPC_24H:BRD-K41160163-001-02-7:10	DB12931	Fenobam	0.20933336924523557	1.348106794170354	<0.0001	<0.0001	NPC
CPC018_NPC_24H:BRD-K88611939-001-01-8:10	DB04599	Aniracetam	-0.223709496060443	-1.3480730903501184	<0.0001	<0.0001	NPC
DOSBIO002_NEU_24H:BRD-A13084692:1.11111	DB08607	(5R)-5-(4-{[(2R)-6-HYDROXY-2,5,7,8-TETRAMETHYL-3,4-DIHYDRO-2H-CHROMEN-2-YL]METHOXY}BENZYL)-1,3-THIAZOLIDINE-2,4-DIONE	0.24508504736816564	1.3478351220955969	<0.0001	<0.0001	NEU
LJP007_NPC.TAK_24H:B18	DB12200	Tivantinib	-0.23109606095111768	-1.3476550705537838	<0.0001	<0.0001	NPC.TAK
LJP007_NPC.TAK_24H:J22	DB03044	Doramapimod	-0.25310878095338374	-1.3475528606582705	<0.0001	<0.0001	NPC.TAK
CPC015_NPC_24H:BRD-A00100033-001-04-8:10	DB11820	Nifurtimox	0.21253459722383092	1.3474995455191023	<0.0001	<0.0001	NPC
LJP008_NPC.CAS9_24H:P17	DB11662	Rabusertib	0.2218039789220466	1.3474938571646378	<0.0001	<0.0001	NPC.CAS9
LJP009_NPC.TAK_24H:H07	DB08912	Dabrafenib	-0.24904009801103183	-1.3472940019216393	<0.0001	<0.0001	NPC.TAK
CPC016_NEU_24H:BRD-K63504947-001-05-5:10	DB06436	Semaxanib	-0.19516317222980978	-1.3468609359303432	<0.0001	<0.0001	NEU
LJP007_NPC_24H:N14	DB09330	Osimertinib	0.24954006918766886	1.3466714183673807	<0.0001	<0.0001	NPC
CPC006_NOMO1_6H:BRD-K57080016-001-04-3:80	DB11689	Selumetinib	0.23504066784529934	1.3465420124228953	<0.0001	<0.0001	NOMO1
AML001_HL60_6H:BRD-K71879491:3.33333	DB00982	Isotretinoin	0.24330354100858595	1.3461390888248752	<0.0001	<0.0001	HL60
CPC014_NEU_24H:BRD-K56343971-001-01-5:10	DB08881	Vemurafenib	-0.23262722532709543	-1.3457964848312087	<0.0001	<0.0001	NEU
LJP007_NPC.CAS9_24H:K05	DB12064	BMS-777607	0.2311036371739826	1.3456334174772815	<0.0001	<0.0001	NPC.CAS9
CPC016_NEU_24H:BRD-K92984783-003-02-4:10	DB09224	Melperone	0.233162533717204	1.3455589232653669	<0.0001	<0.0001	NEU
LJP008_NEU_24H:C12	DB13877	Iniparib	-0.21882831055244234	-1.34545883384659	<0.0001	<0.0001	NEU
AML001_U937_6H:BRD-K43389675:1.11111	DB00694	Daunorubicin	-0.2335060433083163	-1.3446269546625664	<0.0001	<0.0001	U937
LJP007_NPC.TAK_24H:E21	DB12021	Dinaciclib	-0.21161010709765457	-1.3445379291651505	<0.0001	<0.0001	NPC.TAK
CPC006_PL21_6H:BRD-A58280226-001-01-2:4	DB08756	Y-27632	-0.20671335323849518	-1.3441115555368428	<0.0001	<0.0001	PL21
LPROT003_NPC_6H:F05	DB07101	PD-0325901	0.2262881569521419	1.3440956622027929	<0.0001	<0.0001	NPC
CPC006_WSUDLCL2_6H:BRD-K63195589-001-01-4:10	DB04960	Tipifarnib	-0.2256414857980891	-1.3440243156536873	<0.0001	<0.0001	WSUDLCL2
CPC006_WSUDLCL2_6H:BRD-A45889380-300-04-8:10	DB01103	Quinacrine	0.2415589021153008	1.3437689432733142	<0.0001	<0.0001	WSUDLCL2
LJP009_NEU_24H:D14	DB16108	TAK-715	-0.2395238481592844	-1.3437339641929522	<0.0001	<0.0001	NEU
LJP008_NPC_24H:K07	DB11962	GSK-1059615	0.27640314729729165	1.3437289805011157	<0.0001	<0.0001	NPC
CPC018_NPC_24H:BRD-A43940795-001-03-6:10	DB12093	Tetrahydropalmatine	0.23302774835993062	1.3436926016725315	<0.0001	<0.0001	NPC
LJP007_NPC.CAS9_24H:F03	DB12848	PF-04217903	0.2277356898566319	1.3431951305964593	<0.0001	<0.0001	NPC.CAS9
CPC006_WSUDLCL2_6H:BRD-K61250553-003-13-2:10	DB00836	Loperamide	0.22489565136332076	1.343091020178615	<0.0001	<0.0001	WSUDLCL2
NMH002_NPC_6H:BRD-K37270826-001-21-9:10	DB00834	Mifepristone	-0.2300328578832653	-1.3430866733943498	<0.0001	<0.0001	NPC
CPC006_PL21_6H:BRD-K00766422-001-01-9:80	DB03459	Sparfosic acid	-0.26442521100279665	-1.343019596958822	<0.0001	<0.0001	PL21
NMH002_NEU_6H:BRD-K01638814-050-01-2:10	DB11738	Rilmenidine	0.25824807303594005	1.3428102668495006	<0.0001	<0.0001	NEU
KHW001_U937_6H:BRD-K33240821-001-01-3:10	DB06809	Plerixafor	-0.2581165497881261	-1.3426813343839494	<0.0001	<0.0001	U937
CPC006_U937_6H:BRD-K73319509-001-02-3:40	DB12848	PF-04217903	-0.2255911683541735	-1.3425396191553216	<0.0001	<0.0001	U937
AML001_HL60_24H:BRD-K43389675:10	DB00694	Daunorubicin	-0.19310758714844733	-1.342395113827277	<0.0001	<0.0001	HL60
CPC015_NPC_24H:BRD-K13926615-003-02-5:10	DB00862	Vardenafil	0.23061492006651244	1.3423349322597207	<0.0001	<0.0001	NPC
LJP009_NPC.CAS9_24H:K20	DB12432	CC-401	0.24979381766468833	1.341947113429104	<0.0001	<0.0001	NPC.CAS9
CPC013_NEU_24H:BRD-K05926469-001-01-8:10	DB00480	Lenalidomide	0.2222406364194151	1.341823466037609	<0.0001	<0.0001	NEU
LPROT003_NPC_6H:F03	DB07101	PD-0325901	0.22341925787248645	1.3418184219610876	<0.0001	<0.0001	NPC
NMH002_NPC_24H:BRD-K53597484-001-01-9:10	DB08633	TNP-470	-0.22741156098586007	-1.3417153184198374	<0.0001	<0.0001	NPC
NMH001_NEU_6H:BRD-K32814891-001-01-1:10	DB12395	Esreboxetine	-0.23373782010584457	-1.3416370015402426	<0.0001	<0.0001	NEU
CPC006_WSUDLCL2_6H:BRD-K12502280-001-01-5:11.1	DB12500	Fedratinib	0.2500936135842278	1.3409798209536405	<0.0001	<0.0001	WSUDLCL2
LJP007_NPC_24H:G11	DB11963	Dacomitinib	-0.2500373703957105	-1.3409578317964648	<0.0001	<0.0001	NPC
LJP009_NPC_24H:F06	DB11962	GSK-1059615	-0.25513114942762843	-1.3407930120355032	<0.0001	<0.0001	NPC
LJP007_NPC.CAS9_24H:E06	DB11743	Ipatasertib	0.21168315912586097	1.3407629721891843	<0.0001	<0.0001	NPC.CAS9
CPC015_NPC_24H:BRD-K19352500-070-05-8:10	DB00433	Prochlorperazine	0.273549122800634	1.3405268255664782	<0.0001	<0.0001	NPC
CPC015_NPC_24H:BRD-K85119730-001-17-2:10	DB01124	Tolbutamide	-0.24007174795663808	-1.340007484869591	<0.0001	<0.0001	NPC
LJP007_NPC_24H:P12	DB07859	4-(4-CHLOROPHENYL)-4-[4-(1H-PYRAZOL-4-YL)PHENYL]PIPERIDINE	-0.27336409744709383	-1.3398381267060793	<0.0001	<0.0001	NPC
LJP008_NPC.CAS9_24H:J12	DB05223	Pracinostat	-0.23081333689917524	-1.3392254781896507	<0.0001	<0.0001	NPC.CAS9
CPC018_NPC_24H:BRD-A61793559-001-08-1:10	DB00524	Metolazone	-0.22030996604659556	-1.3391426719071031	<0.0001	<0.0001	NPC
LJP008_NPC_24H:M17	DB01262	Decitabine	0.22452944504722827	1.3389440503919459	<0.0001	<0.0001	NPC
CPC014_NEU_24H:BRD-K10916986-001-01-6:10	DB00361	Vinorelbine	-0.22361324593004173	-1.338584794277639	<0.0001	<0.0001	NEU
LJP007_NPC.CAS9_24H:P10	DB07859	4-(4-CHLOROPHENYL)-4-[4-(1H-PYRAZOL-4-YL)PHENYL]PIPERIDINE	-0.232867574414891	-1.3381412530429584	<0.0001	<0.0001	NPC.CAS9
LJP007_NPC_24H:F18	DB12247	AZD-4547	0.2776059061679265	1.3377940403388995	<0.0001	<0.0001	NPC
LJP007_NPC.TAK_24H:E09	DB05913	OSI-930	0.22026937876555946	1.337563806656326	<0.0001	<0.0001	NPC.TAK
NMH001_NPC_6H:BRD-K04809113-001-01-7:10	DB12771	Hydroxytyrosol	0.2227348949031858	1.3375165644346876	<0.0001	<0.0001	NPC
LJP007_NPC.TAK_24H:P09	DB07859	4-(4-CHLOROPHENYL)-4-[4-(1H-PYRAZOL-4-YL)PHENYL]PIPERIDINE	-0.23025777214546517	-1.3374401097406297	<0.0001	<0.0001	NPC.TAK
LJP009_NPC.TAK_24H:E11	DB01782	Pyrazolanthrone	0.2241825729193644	1.337303737987524	<0.0001	<0.0001	NPC.TAK
CPC013_NPC_24H:BRD-K31283835-001-01-9:10	DB08895	Tofacitinib	0.21484476425909205	1.3369385283677437	<0.0001	<0.0001	NPC
CPC006_WSUDLCL2_6H:BRD-A01145011-001-01-4:11.1	DB03068	Zebularine	0.22211491339166264	1.3367706396643295	<0.0001	<0.0001	WSUDLCL2
LJP009_NPC.TAK_24H:O03	DB07101	PD-0325901	-0.2520118386264748	-1.3366978659705206	<0.0001	<0.0001	NPC.TAK
AML001_U937_24H:BRD-K27316855:10	DB00136	Calcitriol	0.22638892746230999	1.336586349433815	<0.0001	<0.0001	U937
NMH002_NPC_6H:BRD-K89732114-300-10-5:10	DB00831	Trifluoperazine	-0.17678354209933617	-1.3364170283940071	<0.0001	<0.0001	NPC
LJP007_NEU_24H:J22	DB03044	Doramapimod	-0.2690887131911436	-1.3362972470412229	<0.0001	<0.0001	NEU
CPC013_NPC_24H:BRD-K42125900-001-01-9:10	DB01248	Docetaxel	0.23577325755030198	1.3361371898416927	<0.0001	<0.0001	NPC
LJP009_NPC.TAK_24H:E23	DB08901	Ponatinib	-0.22409087885256349	-1.3360719290807983	<0.0001	<0.0001	NPC.TAK
LJP009_NPC.TAK_24H:I02	DB11798	Tanzisertib	0.226372999394445	1.3360529661288765	<0.0001	<0.0001	NPC.TAK
CPC017_NPC_24H:BRD-A49358627-001-03-9:10	DB09064	Ciprofibrate	-0.22581358335313328	-1.3358401950879912	<0.0001	<0.0001	NPC
CPC014_NEU_24H:BRD-K83988098-003-01-8:10	DB12442	Alvespimycin	-0.21177226150057196	-1.3356912831709395	<0.0001	<0.0001	NEU
CPC014_NEU_24H:BRD-K05104363-001-04-3:10	DB12429	CI-1040	-0.222099241913533	-1.335568814189749	<0.0001	<0.0001	NEU
CPC006_THP1_6H:BRD-K73319509-001-02-3:40	DB12848	PF-04217903	0.21446968802796407	1.3354688592978243	<0.0001	<0.0001	THP1
DOSBIO002_NPC_24H:BRD-A75409952:1.11111	DB08059	Wortmannin	-0.22743575642641709	-1.3352571546734033	<0.0001	<0.0001	NPC
LJP007_NPC.TAK_24H:M20	DB12874	Quizartinib	0.2210373460848235	1.334639486375705	<0.0001	<0.0001	NPC.TAK
LJP009_NPC_24H:G15	DB01254	Dasatinib	0.26949135439006805	1.334478619678613	<0.0001	<0.0001	NPC
CPC015_NPC_24H:BRD-A70649075-008-17-5:10	DB06820	Sulconazole	-0.2054397725724066	-1.3342359158598247	<0.0001	<0.0001	NPC
CPC006_NOMO1_6H:BRD-K92241597-001-02-9:80	DB11781	Tosedostat	0.23436090289578154	1.334089158505862	<0.0001	<0.0001	NOMO1
CPC013_NEU_24H:BRD-K66876909-001-04-3:10	DB00601	Linezolid	-0.2245296233399233	-1.3334300507791697	<0.0001	<0.0001	NEU
NMH002_NEU_6H:BRD-A62336480-003-01-3:10	DB14068	Dexniguldipine	0.23113879131526424	1.3332561184154432	<0.0001	<0.0001	NEU
LJP007_NPC.TAK_24H:B13	DB12200	Tivantinib	-0.2163574792584303	-1.332803159499544	<0.0001	<0.0001	NPC.TAK
LJP009_NEU_24H:E12	DB01782	Pyrazolanthrone	-0.21309923180570706	-1.3326858812977327	<0.0001	<0.0001	NEU
CPC015_NPC_24H:BRD-K79759585-048-01-4:10	DB00203	Sildenafil	-0.22724848467060232	-1.3325011172220549	<0.0001	<0.0001	NPC
CPC015_NPC_24H:BRD-K10065684-001-06-6:10	DB04816	Dantron	0.23298310337900532	1.332253188973085	<0.0001	<0.0001	NPC
CPC016_NEU_24H:BRD-K97118047-001-02-0:10	DB04462	Tetrabromo-2-Benzotriazole	-0.21839593239157074	-1.331937457690524	<0.0001	<0.0001	NEU
LJP007_NPC.CAS9_24H:M16	DB07460	2-({5-CHLORO-2-[(2-METHOXY-4-MORPHOLIN-4-YLPHENYL)AMINO]PYRIMIDIN-4-YL}AMINO)-N-METHYLBENZAMIDE	0.24097058834090207	1.3319332860877897	<0.0001	<0.0001	NPC.CAS9
LJP009_NPC.TAK_24H:M14	DB06314	SGX-523	-0.2205893778581493	-1.3319071430590896	<0.0001	<0.0001	NPC.TAK
LJP009_NPC_24H:D05	DB11775	PF-03758309	0.2352708447629953	1.3318336606711623	<0.0001	<0.0001	NPC
CPC006_U937_6H:BRD-K59597909-001-10-1:10	DB11447	Phenothiazine	-0.25330993260404205	-1.3317257432452543	<0.0001	<0.0001	U937
CPC006_THP1_6H:BRD-A45889380-300-04-8:10	DB01103	Quinacrine	0.22361614451628006	1.3316042939528234	<0.0001	<0.0001	THP1
LJP007_NEU_24H:M12	DB05575	Motesanib	0.19987492552107647	1.3312626485756374	<0.0001	<0.0001	NEU
NMH002_NEU_24H:BRD-K46018455-001-23-5:10	DB01393	Bezafibrate	0.22482539758388037	1.3309789426929564	<0.0001	<0.0001	NEU
CPC016_NPC_24H:BRD-A97479839-003-08-3:10	DB13351	Piperidolate	0.1993427568900436	1.3307693824317242	<0.0001	<0.0001	NPC
LJP008_NPC.CAS9_24H:K09	DB11962	GSK-1059615	0.2735550633467115	1.3307618992195966	<0.0001	<0.0001	NPC.CAS9
CPC014_NPC_24H:BRD-K83988098-003-01-8:10	DB12442	Alvespimycin	-0.217544100187448	-1.3304333435201319	<0.0001	<0.0001	NPC
CPC017_NPC_24H:BRD-K81272440-236-06-9:10	DB01219	Dantrolene	-0.21912401835883905	-1.3298230131382667	<0.0001	<0.0001	NPC
CPC006_SKM1_6H:BRD-A02006392-001-09-9:10	DB01054	Nitrendipine	-0.22625234693977034	-1.329541234497157	<0.0001	<0.0001	SKM1
CPC014_NPC_24H:BRD-A60245366-001-01-1:10	DB08022	(2S)-1,3-benzothiazol-2-yl{2-[(2-pyridin-3-ylethyl)amino]pyrimidin-4-yl}ethanenitrile	-0.21039254191744738	-1.3293207736426824	<0.0001	<0.0001	NPC
CPC006_NOMO1_6H:BRD-K20285085-001-01-4:10	DB07159	Tamatinib	-0.23349201256897284	-1.329238457205371	<0.0001	<0.0001	NOMO1
LJP009_NPC.TAK_24H:K23	DB12432	CC-401	-0.21902995445209542	-1.329078504727737	<0.0001	<0.0001	NPC.TAK
NMH002_NEU_6H:BRD-A73908300-001-03-4:10	DB13978	Selisistat	0.20105617027531142	1.3287580769612222	<0.0001	<0.0001	NEU
LJP008_NPC.TAK_24H:I05	DB16239	Molibresib	0.21464471326222287	1.3286445740052817	<0.0001	<0.0001	NPC.TAK
CPC006_THP1_6H:BRD-K16406336-311-01-2:10	DB08167	Methylthioninium	-0.26156907205479635	-1.32840999309163	<0.0001	<0.0001	THP1
CPC014_NPC_24H:BRD-K77175907-001-03-1:10	DB00146	Calcifediol	-0.23790149765950894	-1.3283942942333269	<0.0001	<0.0001	NPC
AML001_U937_6H:BRD-K93754473:1.49538	DB00675	Tamoxifen	-0.23153182931197955	-1.3281143621220268	<0.0001	<0.0001	U937
CPC006_U937_6H:BRD-K18849474-001-01-0:79.44	DB12181	Dalcetrapib	-0.24573860550916832	-1.3278711933584526	<0.0001	<0.0001	U937
NMH002_NPC_24H:BRD-K75516118-001-02-5:10	DB04149	(R)-Rolipram	0.21622114020339117	1.327625449824108	<0.0001	<0.0001	NPC
LJP008_NEU_24H:G15	DB01254	Dasatinib	-0.21785780553584574	-1.3275894444354852	<0.0001	<0.0001	NEU
CPC016_NPC_24H:BRD-K33211335-337-03-7:10	DB00514	Dextromethorphan	-0.20560620250542733	-1.3274487666675607	<0.0001	<0.0001	NPC
LJP009_NPC.CAS9_24H:F04	DB11962	GSK-1059615	0.21804234081012594	1.3269299635511396	<0.0001	<0.0001	NPC.CAS9
LJP008_NPC.TAK_24H:M06	DB02709	Resveratrol	0.23724565280886895	1.3268991221046473	<0.0001	<0.0001	NPC.TAK
CPC015_NPC_24H:BRD-K25836724-001-01-6:10	DB14093	(1,2,6,7-3H)Testosterone	0.21747456601516202	1.3267256337083169	<0.0001	<0.0001	NPC
CPC012_NEU_24H:BRD-K18855837-046-01-4:10	DB01273	Varenicline	-0.21754776507583054	-1.326562148523624	<0.0001	<0.0001	NEU
LJP009_NEU_24H:B21	DB16107	BI 2536	-0.20853981154148316	-1.3264156612799878	<0.0001	<0.0001	NEU
CPC018_NPC_24H:BRD-A70461345-003-03-0:10	DB01183	Naloxone	-0.20706311652748244	-1.3263977343511915	<0.0001	<0.0001	NPC
LJP007_JURKAT_24H:E20	DB12021	Dinaciclib	-0.19907186816856914	-1.3261489271963534	<0.0001	<0.0001	JURKAT
CPC006_PL21_6H:BRD-A23770159-001-02-3:11.1	DB00877	Sirolimus	-0.2303878357649596	-1.326143878770191	<0.0001	<0.0001	PL21
CPC015_NPC_24H:BRD-K43744935-048-01-6:10	DB00675	Tamoxifen	-0.20829569983713034	-1.3258758690535408	<0.0001	<0.0001	NPC
NMH002_NPC_24H:BRD-K79254416-001-12-7:10	DB01262	Decitabine	0.20710524237045816	1.3255685386996314	<0.0001	<0.0001	NPC
CPC014_NEU_24H:BRD-K66615216-001-01-9:10	DB00218	Moxifloxacin	0.22143633401530194	1.325545784744466	<0.0001	<0.0001	NEU
CPC016_NPC_24H:BRD-A69815203-001-05-0:10	DB00091	Cyclosporine	0.22215496407534047	1.3254145350358002	<0.0001	<0.0001	NPC
NMH001_NPC_6H:BRD-K95739795-001-02-9:10	DB12161	Deutetrabenazine	0.2191581136524642	1.325335198001608	<0.0001	<0.0001	NPC
LJP007_NPC.TAK_24H:M08	DB05575	Motesanib	0.21155030875899122	1.3251356404121024	<0.0001	<0.0001	NPC.TAK
CPC014_NEU_24H:BRD-K99260425-001-01-2:10	DB00749	Etodolac	-0.24400723225673546	-1.3250203325963998	<0.0001	<0.0001	NEU
LJP009_NPC.TAK_24H:E21	DB08901	Ponatinib	-0.22280875524887825	-1.324771725890436	<0.0001	<0.0001	NPC.TAK
CPC015_NPC_24H:BRD-A30815329-001-03-0:10	DB01023	Felodipine	0.22092542641374685	1.3245308999903338	<0.0001	<0.0001	NPC
LJP009_NPC.TAK_24H:K22	DB12432	CC-401	-0.2478088627080835	-1.324524264912077	<0.0001	<0.0001	NPC.TAK
LJP008_NPC.CAS9_24H:O02	DB07101	PD-0325901	0.2206886473605331	1.3244966327030163	<0.0001	<0.0001	NPC.CAS9
CPC013_NEU_24H:BRD-K51967704-001-01-0:10	DB12359	BIIB021	-0.21484998265913743	-1.3244633781447042	<0.0001	<0.0001	NEU
LJP009_NPC.CAS9_24H:K12	DB11962	GSK-1059615	0.2708177441118517	1.3243665332326362	<0.0001	<0.0001	NPC.CAS9
CPC015_NPC_24H:BRD-K89375097-300-06-2:10	DB00670	Pirenzepine	0.2095784544486694	1.3238766108121656	<0.0001	<0.0001	NPC
LJP007_NPC_24H:A15	DB12742	Amuvatinib	-0.2238452993220702	-1.3236768259298886	<0.0001	<0.0001	NPC
LJP008_NEU_24H:G12	DB02546	Vorinostat	-0.2299296832251179	-1.323527659901002	<0.0001	<0.0001	NEU
NMH002_NPC_6H:BRD-A41145729-001-04-3:10	DB08175	(2E,4E)-11-METHOXY-3,7,11-TRIMETHYLDODECA-2,4-DIENOIC ACID	0.22720847540213876	1.323415424151663	<0.0001	<0.0001	NPC
AML001_HL60_24H:BRD-K71879491:3.33333	DB00982	Isotretinoin	-0.23139004332010743	-1.3230429371687027	<0.0001	<0.0001	HL60
NMH002_NPC_6H:BRD-A75409952-001-06-5:10	DB08059	Wortmannin	0.24965787148573976	1.3227546832853496	<0.0001	<0.0001	NPC
LJP009_NPC.TAK_24H:D04	DB11775	PF-03758309	0.24435630229718727	1.3222944999927533	<0.0001	<0.0001	NPC.TAK
CPC014_NEU_24H:BRD-K50720187-050-04-1:10	DB06623	Flupirtine	-0.2078621767641838	-1.3222674450918737	<0.0001	<0.0001	NEU
LJP007_NPC.TAK_24H:G17	DB01254	Dasatinib	0.24523375989981988	1.3221674115203652	<0.0001	<0.0001	NPC.TAK
CPC006_THP1_6H:BRD-K40892394-001-01-9:11.1	DB07002	4-({4-[(4-methoxypyridin-2-yl)amino]piperidin-1-yl}carbonyl)benzonitrile	-0.21958130905920395	-1.3221330044544568	<0.0001	<0.0001	THP1
CPC006_NOMO1_6H:BRD-K49456190-001-01-0:10	DB11684	APR-246	-0.19863568385168853	-1.3215568063506482	<0.0001	<0.0001	NOMO1
CPC015_NPC_24H:BRD-A49447682-001-01-6:10	DB00547	Desoximetasone	-0.2157885342734534	-1.3214836001491443	<0.0001	<0.0001	NPC
CPC018_NPC_24H:BRD-K77554836-001-03-3:10	DB00620	Triamcinolone	0.20041691623304725	1.321232530031699	<0.0001	<0.0001	NPC
CPC018_NPC_24H:BRD-K76617868-003-03-6:10	DB08162	Fasudil	0.21488113513612406	1.3209122845530312	<0.0001	<0.0001	NPC
LJP009_NPC.TAK_24H:M15	DB06314	SGX-523	0.2207245158621457	1.3206384677010172	<0.0001	<0.0001	NPC.TAK
CPC006_SKM1_6H:BRD-K41260949-236-02-8:10	DB00313	Valproic acid	0.25325129777915883	1.3206322003830024	<0.0001	<0.0001	SKM1
NMH002_NPC_24H:BRD-K00959089-001-02-2:10	DB04795	Thenoyltrifluoroacetone	-0.21209689937659082	-1.320527522226845	<0.0001	<0.0001	NPC
CPC006_THP1_6H:BRD-K50128260-001-01-6:160	DB00203	Sildenafil	-0.2258656686288754	-1.3204275002609949	<0.0001	<0.0001	THP1
LJP008_NPC.TAK_24H:K24	DB12332	Rucaparib	-0.21756204666686677	-1.3202742818953654	<0.0001	<0.0001	NPC.TAK
LJP008_NPC.TAK_24H:D06	DB09074	Olaparib	0.23369330400864094	1.3199560959504932	<0.0001	<0.0001	NPC.TAK
AML001_U937_24H:BRD-A19037878:0.37037	DB04297	Trichostatin A	0.22868039589089365	1.3195697202642864	<0.0001	<0.0001	U937
CPC014_NPC_24H:BRD-K64052750-001-05-0:10	DB00317	Gefitinib	-0.23685209436594562	-1.3194892115980617	<0.0001	<0.0001	NPC
NMH002_NEU_6H:BRD-K38775274-001-17-1:10	DB01234	Dexamethasone	-0.2659015789178196	-1.319371167313535	<0.0001	<0.0001	NEU
CPC006_WSUDLCL2_6H:BRD-K54233340-300-01-0:10	DB08597	Dorsomorphin	-0.21924261057724118	-1.3191413519989021	<0.0001	<0.0001	WSUDLCL2
CPC016_NPC_24H:BRD-K92073408-001-03-3:10	DB00717	Norethisterone	0.23098281224727713	1.319011572581744	<0.0001	<0.0001	NPC
LJP009_NPC.TAK_24H:I13	DB12146	Rigosertib	-0.2468836676093756	-1.318916712542699	<0.0001	<0.0001	NPC.TAK
CPC018_NPC_24H:BRD-A97437073-001-03-1:10	DB00412	Rosiglitazone	0.2131561162637204	1.3187162132608494	<0.0001	<0.0001	NPC
LJP007_NPC_24H:M09	DB05575	Motesanib	0.22289142283650903	1.318656180400084	<0.0001	<0.0001	NPC
CPC016_NPC_24H:BRD-K84175871-003-02-2:10	DB14752	Racephedrine	-0.22124394655754528	-1.3184551386587529	<0.0001	<0.0001	NPC
NMH002_NPC_6H:BRD-K13927029-001-02-7:10	DB00162	Vitamin A	-0.2048405860797069	-1.3181886416231496	<0.0001	<0.0001	NPC
LJP007_NPC_24H:K05	DB12064	BMS-777607	-0.2238017127161012	-1.3180974325819068	<0.0001	<0.0001	NPC
LJP007_NPC_24H:M21	DB12874	Quizartinib	0.2006716361810067	1.3174628140993496	<0.0001	<0.0001	NPC
LJP008_NPC.CAS9_24H:J06	DB12116	Epigallocatechin gallate	0.22278878852734804	1.3173935824113472	<0.0001	<0.0001	NPC.CAS9
CPC006_NOMO1_6H:BRD-K76205745-237-05-8:160	DB00678	Losartan	-0.2295652408146114	-1.3166630372479993	<0.0001	<0.0001	NOMO1
NMH002_NPC_6H:BRD-K43736954-001-19-9:10	DB14681	Cortisone	-0.18191874484435636	-1.3158561364124288	<0.0001	<0.0001	NPC
LJP009_NEU_24H:N07	DB08896	Regorafenib	0.21895797556417843	1.3156598831346178	<0.0001	<0.0001	NEU
CPC013_NPC_24H:BRD-K99616396-316-01-2:10	DB05575	Motesanib	0.2229955858810452	1.3153376640781356	<0.0001	<0.0001	NPC
CPC014_NPC_24H:BRD-K10916986-001-01-6:10	DB00361	Vinorelbine	-0.2152428558883735	-1.3151466402077128	<0.0001	<0.0001	NPC
CPC015_NPC_24H:BRD-K21450440-001-08-8:10	DB00562	Benzthiazide	-0.2277795875928891	-1.3150574262808692	<0.0001	<0.0001	NPC
LJP009_NEU_24H:M15	DB06314	SGX-523	0.21728690429969363	1.3150133574801195	<0.0001	<0.0001	NEU
LJP007_NPC_24H:D08	DB08875	Cabozantinib	-0.22873245886969187	-1.3147914288150506	<0.0001	<0.0001	NPC
CPC006_NOMO1_6H:BRD-K16406336-311-01-2:10	DB08167	Methylthioninium	-0.21540629027639124	-1.3147627491021945	<0.0001	<0.0001	NOMO1
LJP009_NPC_24H:P19	DB09074	Olaparib	-0.210423255722072	-1.3145031658422155	<0.0001	<0.0001	NPC
DOSBIO002_NEU_24H:BRD-A90490067:3.33333	DB00947	Fulvestrant	-0.22581053108724575	-1.3138212772067808	<0.0001	<0.0001	NEU
LJP007_JURKAT_24H:M23	DB12874	Quizartinib	-0.21155016002916258	-1.3133156128773296	<0.0001	<0.0001	JURKAT
NMH002_NPC_24H:BRD-A41145729-001-04-3:10	DB08175	(2E,4E)-11-METHOXY-3,7,11-TRIMETHYLDODECA-2,4-DIENOIC ACID	-0.21589510647205662	-1.3132338086063693	<0.0001	<0.0001	NPC
LJP007_NPC_24H:P20	DB11886	Infigratinib	0.26943336008132907	1.3132171342441734	<0.0001	<0.0001	NPC
LJP009_NPC.CAS9_24H:D02	DB11775	PF-03758309	-0.219869726200758	-1.3125372642543842	<0.0001	<0.0001	NPC.CAS9
CPC016_NPC_24H:BRD-K36927236-001-15-1:10	DB01016	Glyburide	-0.2108485521099931	-1.3121712457148382	<0.0001	<0.0001	NPC
LJP007_NPC.CAS9_24H:B15	DB12200	Tivantinib	-0.20788288242014671	-1.3119767458689378	<0.0001	<0.0001	NPC.CAS9
CPC016_NPC_24H:BRD-A19195498-050-09-1:10	DB00726	Trimipramine	0.22027174311442496	1.3118481858792295	<0.0001	<0.0001	NPC
CPC016_NPC_24H:BRD-A63667919-103-01-9:10	DB00353	Methylergometrine	0.2119077295328552	1.311089290794617	<0.0001	<0.0001	NPC
CPC006_NOMO1_6H:BRD-K91623615-001-01-9:10	DB12254	ABT-751	0.21335765793379033	1.3110257750480512	<0.0001	<0.0001	NOMO1
LJP008_NPC.TAK_24H:K19	DB12332	Rucaparib	-0.2230272416193575	-1.3109061413400214	<0.0001	<0.0001	NPC.TAK
AML001_U937_6H:BRD-K43389675:3.33333	DB00694	Daunorubicin	-0.22899591278884018	-1.310774353894081	<0.0001	<0.0001	U937
CPC015_NPC_24H:BRD-K91315211-300-03-2:10	DB06698	Betahistine	0.2019368560577983	1.3105217821310402	<0.0001	<0.0001	NPC
LJP007_JURKAT_24H:P18	DB05294	Vandetanib	0.21814171472857832	1.3099383988461937	<0.0001	<0.0001	JURKAT
CPC014_NEU_24H:BRD-K36529613-001-01-8:10	DB12638	PU-H71	0.27510397897437017	1.3095850483205378	<0.0001	<0.0001	NEU
CPC006_U937_6H:BRD-A19633847-050-20-6:10	DB01074	Perhexiline	0.21090487459294213	1.309306208755021	<0.0001	<0.0001	U937
LJP007_NPC_24H:I06	DB01268	Sunitinib	-0.21495167084259414	-1.3089406810366593	<0.0001	<0.0001	NPC
CPC014_NEU_24H:BRD-K32610195-001-11-5:10	DB01536	Androstenedione	0.21344449030460888	1.30883363119983	<0.0001	<0.0001	NEU
CPC015_NPC_24H:BRD-A90490067-001-01-9:10	DB00947	Fulvestrant	0.2295952024530736	1.3080558450158501	<0.0001	<0.0001	NPC
CPC015_NPC_24H:BRD-K70505054-001-02-9:10	DB00863	Ranitidine	-0.2233691307278035	-1.308028928325015	<0.0001	<0.0001	NPC
LJP008_NEU_24H:H15	DB11841	Entinostat	-0.2433391617561361	-1.3078499109729689	<0.0001	<0.0001	NEU
LPROT001_NPC.TAK_6H:I04	DB03068	Zebularine	-0.22417646641236016	-1.307706553424373	<0.0001	<0.0001	NPC.TAK
LJP009_NPC.TAK_24H:D15	DB16108	TAK-715	-0.23069054481853643	-1.3074997480385075	<0.0001	<0.0001	NPC.TAK
CPC014_NPC_24H:BRD-K33551950-001-01-6:10	DB03758	Radicicol	-0.20104747286466584	-1.3072742591405806	<0.0001	<0.0001	NPC
CPC018_NPC_24H:BRD-K30816563-003-01-1:10	DB00863	Ranitidine	-0.20855495546971664	-1.3070346687070995	<0.0001	<0.0001	NPC
CPC014_NPC_24H:BRD-K01507359-001-05-4:10	DB01045	Rifampicin	0.2194894617181082	1.3069997799853061	<0.0001	<0.0001	NPC
LJP007_JURKAT_24H:B09	DB07970	5-[(2-methyl-5-{[3-(trifluoromethyl)phenyl]carbamoyl}phenyl)amino]pyridine-3-carboxamide	-0.21460810110583758	-1.3069870501916847	<0.0001	<0.0001	JURKAT
CPC016_NEU_24H:BRD-K07762753-001-02-8:10	DB07379	(2S)-2-({6-[(3-Amino-5-chlorophenyl)amino]-9-isopropyl-9H-purin-2-yl}amino)-3-methyl-1-butanol	-0.19848826852491053	-1.306307439144973	<0.0001	<0.0001	NEU
KHW001_U937_6H:BRD-A37630846-001-02-2:1	DB00694	Daunorubicin	-0.22774728911689987	-1.306095968447765	<0.0001	<0.0001	U937
CPC017_NPC_24H:BRD-K86882815-001-01-6:10	DB00248	Cabergoline	0.2189271275562326	1.3060062006142255	<0.0001	<0.0001	NPC
CPC006_NOMO1_6H:BRD-K04430056-001-09-4:80	DB02207	7-Nitroindazole	-0.21448661504883354	-1.305875709659902	<0.0001	<0.0001	NOMO1
CPC013_NPC_24H:BRD-K49328571-001-04-4:10	DB01254	Dasatinib	-0.23012873292922933	-1.305442018441833	<0.0001	<0.0001	NPC
CPC014_NPC_24H:BRD-K74514084-003-01-9:10	DB06589	Pazopanib	0.23912112860619794	1.305191664248066	<0.0001	<0.0001	NPC
NMH002_NPC_24H:BRD-A99117172-001-01-1:10	DB01611	Hydroxychloroquine	0.22941964102323023	1.305092507008172	<0.0001	<0.0001	NPC
CPC017_NPC_24H:BRD-K22193694-001-08-6:10	DB11221	Dioxybenzone	0.21905631573843765	1.3046603943008548	<0.0001	<0.0001	NPC
CPC006_PL21_6H:BRD-K91623615-001-01-9:10	DB12254	ABT-751	0.21486851223505193	1.3041469326591777	<0.0001	<0.0001	PL21
CPC018_NPC_24H:BRD-K19284129-001-01-8:10	DB12327	Salvinorin A	0.20082696856750548	1.3037482383264103	<0.0001	<0.0001	NPC
CPC006_PL21_6H:BRD-A17883755-001-02-0:177.6	DB00480	Lenalidomide	-0.26189592410613255	-1.303061232968748	<0.0001	<0.0001	PL21
LJP007_NPC_24H:O06	DB07101	PD-0325901	-0.21803716979733406	-1.3029819372237763	<0.0001	<0.0001	NPC
NMH002_NEU_6H:BRD-K32610195-001-14-9:10	DB01536	Androstenedione	0.19993263050567486	1.3025441585287125	<0.0001	<0.0001	NEU
CPC015_NPC_24H:BRD-A01643550-001-03-1:10	DB15566	Prednisolone acetate	0.21383479693439789	1.3022946775727298	<0.0001	<0.0001	NPC
LJP007_NPC_24H:D02	DB12494	SGI-1776	0.2179975210202667	1.3017827017972001	<0.0001	<0.0001	NPC
LJP008_NPC.CAS9_24H:G22	DB00928	Azacitidine	-0.2286095004719397	-1.3017249621258804	<0.0001	<0.0001	NPC.CAS9
LJP008_NPC_24H:I11	DB11830	Mocetinostat	0.2239617729546911	1.3010551120330693	<0.0001	<0.0001	NPC
CPC006_NOMO1_6H:BRD-K67844266-001-01-3:11.1	DB11759	Pevonedistat	-0.2094547824757678	-1.3005100578530053	<0.0001	<0.0001	NOMO1
LJP007_NPC.TAK_24H:H09	DB09053	Ibrutinib	0.2096346792717925	1.300508181484611	<0.0001	<0.0001	NPC.TAK
LJP009_NEU_24H:B15	DB11805	Saracatinib	0.21929512803692394	1.3004217711626251	<0.0001	<0.0001	NEU
LJP007_NEU_24H:A16	DB12742	Amuvatinib	0.21427012968452586	1.300264731358197	<0.0001	<0.0001	NEU
NMH002_NPC_24H:BRD-K28912512-001-19-0:10	DB02701	Nicotinamide	0.17959435481148361	1.3002619568358167	<0.0001	<0.0001	NPC
CPC006_NOMO1_6H:BRD-K81473043-001-04-7:0.35	DB05134	Tanespimycin	-0.2040138425113692	-1.3002028766055962	<0.0001	<0.0001	NOMO1
CPC012_NEU_24H:BRD-K55591206-001-07-4:10	DB12116	Epigallocatechin gallate	-0.22582260980999208	-1.2995975740328596	<0.0001	<0.0001	NEU
CPC006_U937_6H:BRD-K56851771-001-02-7:0.25	DB08899	Enzalutamide	-0.21967442536276247	-1.2994388495556135	<0.0001	<0.0001	U937
LJP008_NPC.TAK_24H:M05	DB02709	Resveratrol	0.20923861687208334	1.297166077920039	<0.0001	<0.0001	NPC.TAK
NMH002_NPC_6H:BRD-K71799949-001-29-9:10	DB00564	Carbamazepine	0.19493455632953888	1.2967693654054733	<0.0001	<0.0001	NPC
NMH002_NPC_6H:BRD-K91509126-001-19-4:10	DB08399	Piceatannol	0.2150769644232096	1.2965544745818156	<0.0001	<0.0001	NPC
LJP007_NPC.TAK_24H:D20	DB06616	Bosutinib	-0.2639897167547011	-1.2962655742484452	<0.0001	<0.0001	NPC.TAK
CPC014_NPC_24H:BRD-K99616396-001-01-0:10	DB05575	Motesanib	-0.21026399644254104	-1.2961172814900856	<0.0001	<0.0001	NPC
NMH002_NEU_6H:BRD-K70131229-003-01-2:10	DB02678	beta-D-Galactosamine	0.23124874551533706	1.2959816195145828	<0.0001	<0.0001	NEU
CPC006_U937_6H:BRD-A35588707-001-03-0:1.25	DB00444	Teniposide	-0.19457000335368516	-1.2959286905192757	<0.0001	<0.0001	U937
CPC013_NPC_24H:BRD-K28120222-001-05-0:10	DB13063	Parthenolide	-0.235143078849015	-1.2954762885060367	<0.0001	<0.0001	NPC
PCLB001_JURKAT_24H:BRD-A19037878-001-02-3:0.37	DB04297	Trichostatin A	-0.21004321308339174	-1.2954548922071825	<0.0001	<0.0001	JURKAT
CPC013_NEU_24H:BRD-K87909389-001-01-2:10	DB03496	Alvocidib	-0.19302682090711962	-1.2954347863349165	<0.0001	<0.0001	NEU
NMH002_NPC_24H:BRD-K67102207-236-03-6:10	DB06819	Phenylbutyric acid	0.2002899504411899	1.294887431373487	<0.0001	<0.0001	NPC
LJP008_NPC.TAK_24H:J03	DB12116	Epigallocatechin gallate	0.20492884299173186	1.2948013061699757	<0.0001	<0.0001	NPC.TAK
CPC016_NPC_24H:BRD-A78377521-001-03-0:10	DB04331	Monastrol	-0.20861075727287684	-1.2946350639832391	<0.0001	<0.0001	NPC
NMH002_NEU_6H:BRD-K11528507-001-05-9:10	DB02424	Geldanamycin	-0.21905438496108093	-1.2944773373592642	<0.0001	<0.0001	NEU
LJP009_NPC_24H:D20	DB13061	MLN8054	-0.216298191935151	-1.29420952510867	<0.0001	<0.0001	NPC
CPC018_NPC_24H:BRD-K96354014-001-10-4:10	DB01115	Nifedipine	-0.20949053120132083	-1.2938119444173306	<0.0001	<0.0001	NPC
DOSBIO002_NEU_24H:BRD-A13084692:10	DB08607	(5R)-5-(4-{[(2R)-6-HYDROXY-2,5,7,8-TETRAMETHYL-3,4-DIHYDRO-2H-CHROMEN-2-YL]METHOXY}BENZYL)-1,3-THIAZOLIDINE-2,4-DIONE	0.192222871425778	1.2931247286672798	<0.0001	<0.0001	NEU
CPC006_U937_6H:BRD-K67844266-001-01-3:11.1	DB11759	Pevonedistat	-0.2604566794945942	-1.2925599612467253	<0.0001	<0.0001	U937
CPC016_NPC_24H:BRD-K93258693-001-05-8:10	DB07863	2-chloro-5-nitro-N-phenylbenzamide	-0.2236519416174873	-1.2925506789437058	<0.0001	<0.0001	NPC
LJP007_NEU_24H:G09	DB11963	Dacomitinib	0.1995970536892142	1.2924306245987256	<0.0001	<0.0001	NEU
LJP009_NPC.CAS9_24H:I19	DB11363	Alectinib	-0.2207964549894688	-1.2921215548792733	<0.0001	<0.0001	NPC.CAS9
CPC016_NPC_24H:BRD-A64977602-001-04-3:10	DB06678	Esmirtazapine	-0.21119251089379956	-1.2917925653577222	<0.0001	<0.0001	NPC
LJP008_NPC_24H:G22	DB00928	Azacitidine	-0.21361860463408175	-1.2917086198861392	<0.0001	<0.0001	NPC
LJP008_NPC_24H:M06	DB02709	Resveratrol	0.2523456511600464	1.2916872276944242	<0.0001	<0.0001	NPC
AML001_U937_6H:BRD-K43389675:10	DB00694	Daunorubicin	-0.21337411493914976	-1.2913560132764705	<0.0001	<0.0001	U937
LPROT002_NPC.TAK_6H:C24	DB04462	Tetrabromo-2-Benzotriazole	0.21951668450800615	1.291231034536793	<0.0001	<0.0001	NPC.TAK
CPC016_NPC_24H:BRD-K01567962-001-07-3:10	DB01782	Pyrazolanthrone	-0.19715784282241294	-1.2912302034876717	<0.0001	<0.0001	NPC
LJP009_NPC.CAS9_24H:E22	DB08901	Ponatinib	-0.2136832733859257	-1.2905875604291341	<0.0001	<0.0001	NPC.CAS9
NMH001_NPC_6H:BRD-K13296708-001-01-7:10	DB06155	Rimonabant	-0.19764752484580517	-1.290493782671956	<0.0001	<0.0001	NPC
CPC015_NPC_24H:BRD-A42167015-003-03-7:10	DB00521	Carteolol	-0.205940765455889	-1.2900267591866756	<0.0001	<0.0001	NPC
LJP007_NPC.TAK_24H:P18	DB05294	Vandetanib	0.22051069923872182	1.289950211027954	<0.0001	<0.0001	NPC.TAK
CPC014_NPC_24H:BRD-K71035033-001-01-4:10	DB11526	Masitinib	-0.21472872921655323	-1.2894876140201033	<0.0001	<0.0001	NPC
LJP007_NPC.CAS9_24H:E10	DB05913	OSI-930	-0.2208612503297258	-1.2892412067954295	<0.0001	<0.0001	NPC.CAS9
CPC014_NEU_24H:BRD-K78431006-001-02-9:10	DB08865	Crizotinib	0.22113194599679767	1.2891629220143739	<0.0001	<0.0001	NEU
CPC014_NEU_24H:BRD-K01493881-001-20-3:10	DB07352	Apigenin	-0.206693528913836	-1.2891407548958524	<0.0001	<0.0001	NEU
CPC006_SKM1_6H:BRD-K76188144-001-01-2:160	DB08263	N-(carboxycarbonyl)-D-phenylalanine	0.20905128113265414	1.2890956035863959	<0.0001	<0.0001	SKM1
LJP007_NPC.TAK_24H:E03	DB11743	Ipatasertib	0.22508776900983407	1.2890434682671539	<0.0001	<0.0001	NPC.TAK
LJP007_JURKAT_24H:D10	DB08875	Cabozantinib	-0.21171851471379113	-1.288720150870241	<0.0001	<0.0001	JURKAT
CPC014_NPC_24H:BRD-K89085489-001-10-9:10	DB05076	Fenretinide	-0.20086323368122616	-1.2881705963431078	<0.0001	<0.0001	NPC
LJP007_NEU_24H:M14	DB07460	2-({5-CHLORO-2-[(2-METHOXY-4-MORPHOLIN-4-YLPHENYL)AMINO]PYRIMIDIN-4-YL}AMINO)-N-METHYLBENZAMIDE	0.2179676224214261	1.2878343690673133	<0.0001	<0.0001	NEU
LJP007_NPC.TAK_24H:G10	DB11963	Dacomitinib	0.2079561800130631	1.2877423335076887	<0.0001	<0.0001	NPC.TAK
LJP007_NPC_24H:B07	DB07970	5-[(2-methyl-5-{[3-(trifluoromethyl)phenyl]carbamoyl}phenyl)amino]pyridine-3-carboxamide	0.21045645556551437	1.2870695011863749	<0.0001	<0.0001	NPC
LJP008_NPC.CAS9_24H:G21	DB00928	Azacitidine	-0.22407490142856518	-1.2867869977604793	<0.0001	<0.0001	NPC.CAS9
NMH002_NEU_24H:BRD-K66956375-001-09-7:10	DB16495	Oleic monoethanolamide	-0.21823802685966037	-1.2864084173176964	<0.0001	<0.0001	NEU
CPC015_NPC_24H:BRD-A42628519-001-07-4:10	DB08946	Iopanoic acid	0.20379849867347857	1.2863005944011732	<0.0001	<0.0001	NPC
LJP007_NPC.TAK_24H:D12	DB08875	Cabozantinib	0.20767449772144106	1.2856743943755693	<0.0001	<0.0001	NPC.TAK
LJP009_NPC.CAS9_24H:B12	DB12242	AZD-7762	-0.22267353668355794	-1.2845391169003242	<0.0001	<0.0001	NPC.CAS9
CPC006_U937_6H:BRD-K62965247-001-01-5:10	DB04960	Tipifarnib	0.2026289152142646	1.2845251352947304	<0.0001	<0.0001	U937
CPC015_NPC_24H:BRD-K33818169-003-01-2:10	DB03791	GW-3965	-0.214517717151684	-1.2840140768325945	<0.0001	<0.0001	NPC
CPC006_THP1_6H:BRD-K98404142-001-01-9:11.1	DB05107	16-Bromoepiandrosterone	0.21589235917837762	1.2835718446404694	<0.0001	<0.0001	THP1
LJP007_JURKAT_24H:O05	DB07101	PD-0325901	-0.2177011869673815	-1.2830143192564292	<0.0001	<0.0001	JURKAT
LJP009_NPC.CAS9_24H:P21	DB09074	Olaparib	-0.22242747220924086	-1.2821849326690633	<0.0001	<0.0001	NPC.CAS9
LJP008_NEU_24H:D19	DB13978	Selisistat	-0.20921064593544866	-1.2816524818994552	<0.0001	<0.0001	NEU
CPC006_THP1_6H:BRD-K61033289-001-01-2:10	DB08435	(5E,14E)-11-oxoprosta-5,9,12,14-tetraen-1-oic acid	0.2209650074666288	1.2815469234572348	<0.0001	<0.0001	THP1
CPC006_THP1_6H:BRD-K54256913-001-01-2:10	DB11740	MK-1775	-0.21241963993372637	-1.2803818751436895	<0.0001	<0.0001	THP1
NMH001_NEU_24H:BRD-K95739795-001-02-9:10	DB12161	Deutetrabenazine	0.19664812019263112	1.2802263330572767	<0.0001	<0.0001	NEU
LJP007_NPC.CAS9_24H:J22	DB03044	Doramapimod	-0.21498428412069867	-1.2796896035252538	<0.0001	<0.0001	NPC.CAS9
CPC014_NPC_24H:BRD-K13514097-001-01-2:10	DB01590	Everolimus	-0.20817541487642607	-1.2796814238866197	<0.0001	<0.0001	NPC
LJP009_NPC.TAK_24H:P21	DB09074	Olaparib	-0.22015313557676555	-1.279319041854491	<0.0001	<0.0001	NPC.TAK
CPC016_NEU_24H:BRD-A11678676-001-03-4:10	DB08059	Wortmannin	-0.2003636603545142	-1.2790332572132899	<0.0001	<0.0001	NEU
CPC006_U937_6H:BRD-K89732114-001-05-9:10	DB00831	Trifluoperazine	0.19922901641441457	1.2789151445066722	<0.0001	<0.0001	U937
NMH002_NEU_6H:BRD-K33127281-001-02-3:10	DB00210	Adapalene	-0.2080761236914976	-1.278397982391846	<0.0001	<0.0001	NEU
CPC006_NOMO1_6H:BRD-K82746043-001-03-7:10	DB12340	Navitoclax	0.21738334039991633	1.2783297313236328	<0.0001	<0.0001	NOMO1
KHW001_SKM1_6H:BRD-K09416995-001-18-3:1	DB00227	Lovastatin	0.19255475330211935	1.2778893226272239	<0.0001	<0.0001	SKM1
AML001_HL60_24H:BRD-A19037878:10	DB04297	Trichostatin A	-0.1831043401251622	-1.2778695478510278	<0.0001	<0.0001	HL60
NMH002_NEU_6H:BRD-K35960502-001-16-8:10	DB06803	Niclosamide	-0.2138088468948126	-1.2765704524986856	<0.0001	<0.0001	NEU
LJP008_NEU_24H:K09	DB11962	GSK-1059615	0.2931703152962563	1.2762393226548787	<0.0001	<0.0001	NEU
CPC018_NPC_24H:BRD-K19605405-001-01-9:10	DB08770	4-{2-[(7-amino-2-furan-2-yl[1,2,4]triazolo[1,5-a][1,3,5]triazin-5-yl)amino]ethyl}phenol	0.19035496434581403	1.276156971458842	<0.0001	<0.0001	NPC
NMH002_NPC_6H:BRD-K38775274-001-17-1:10	DB01234	Dexamethasone	-0.20264835406839712	-1.2758407147884634	<0.0001	<0.0001	NPC
LJP008_NEU_24H:I10	DB11830	Mocetinostat	0.2200051768991196	1.2757904984566828	<0.0001	<0.0001	NEU
NMH001_NPC_24H:BRD-K32814891-001-01-1:10	DB12395	Esreboxetine	0.22119792013111156	1.2754664369549076	<0.0001	<0.0001	NPC
CPC014_NPC_24H:BRD-K93918653-001-01-4:10	DB12874	Quizartinib	-0.22191546156160244	-1.275082411886267	<0.0001	<0.0001	NPC
LJP008_NEU_24H:J03	DB12116	Epigallocatechin gallate	-0.21999447166444308	-1.274968273091016	<0.0001	<0.0001	NEU
CPC017_NPC_24H:BRD-K02265150-001-15-8:10	DB00543	Amoxapine	0.19078819027731797	1.2749596598486717	<0.0001	<0.0001	NPC
NMH001_NEU_24H:BRD-K09416995-001-32-4:10	DB00227	Lovastatin	0.21981978792443704	1.274887359860522	<0.0001	<0.0001	NEU
CPC016_NPC_24H:BRD-A19661776-003-13-6:10	DB06148	Mianserin	-0.20117984799200064	-1.2739396673785273	<0.0001	<0.0001	NPC
LJP007_NPC.TAK_24H:N16	DB09330	Osimertinib	0.2197873408903819	1.2737308468133763	<0.0001	<0.0001	NPC.TAK
LJP009_NPC.TAK_24H:E08	DB01782	Pyrazolanthrone	-0.2144417126580691	-1.273498142590587	<0.0001	<0.0001	NPC.TAK
CPC006_THP1_6H:BRD-K12994359-001-07-7:177.6	DB00580	Valdecoxib	0.21142401419876056	1.2732702037365253	<0.0001	<0.0001	THP1
LPROT003_NPC_6H:J09	DB12006	BMS-906024	0.21661191548076808	1.2731063979421267	<0.0001	<0.0001	NPC
LJP008_NPC.CAS9_24H:L23	DB05015	Belinostat	-0.21837320127714535	-1.2722535559495312	<0.0001	<0.0001	NPC.CAS9
LJP008_NEU_24H:D21	DB13978	Selisistat	-0.198558982244212	-1.2717770300429598	<0.0001	<0.0001	NEU
AML001_U937_24H:BRD-A19037878:3.33333	DB04297	Trichostatin A	-0.20463029488035972	-1.2715277701318746	<0.0001	<0.0001	U937
LJP009_NPC.CAS9_24H:O06	DB07101	PD-0325901	0.1942331343321964	1.2713515471639594	<0.0001	<0.0001	NPC.CAS9
NMH001_NEU_6H:BRD-K56060837-001-01-9:10	DB04275	N-acetylserotonin	0.20708323833590989	1.2707901604252907	<0.0001	<0.0001	NEU
LJP007_NPC.CAS9_24H:F02	DB12848	PF-04217903	0.2056797321814306	1.2700340309168248	<0.0001	<0.0001	NPC.CAS9
CPC018_NPC_24H:BRD-K37270826-001-16-9:10	DB00834	Mifepristone	-0.2022062090016951	-1.26989482168349	<0.0001	<0.0001	NPC
CPC016_NPC_24H:BRD-K37848908-001-03-1:10	DB00923	Ceforanide	0.2022604111061601	1.2697109276757412	<0.0001	<0.0001	NPC
NMH002_NEU_6H:BRD-A75409952-001-04-0:10	DB08059	Wortmannin	-0.19412999081383095	-1.2689135402025884	<0.0001	<0.0001	NEU
LJP007_NPC_24H:J20	DB03044	Doramapimod	-0.2106421521381115	-1.2684750541658971	<0.0001	<0.0001	NPC
LJP009_NPC.CAS9_24H:F05	DB11962	GSK-1059615	-0.21233153630504123	-1.267518683238832	<0.0001	<0.0001	NPC.CAS9
CPC016_NPC_24H:BRD-K63504947-001-05-5:10	DB06436	Semaxanib	-0.18868051414190284	-1.2674942202178927	<0.0001	<0.0001	NPC
LJP007_NEU_24H:D08	DB08875	Cabozantinib	0.20930536255806628	1.2672230281678842	<0.0001	<0.0001	NEU
AML001_U937_24H:BRD-K19706299:3.33333	DB00374	Treprostinil	-0.20934262707890106	-1.2670167901247604	<0.0001	<0.0001	U937
LJP007_JURKAT_24H:B07	DB07970	5-[(2-methyl-5-{[3-(trifluoromethyl)phenyl]carbamoyl}phenyl)amino]pyridine-3-carboxamide	-0.20573816839704848	-1.267001629521219	<0.0001	<0.0001	JURKAT
CPC015_NPC_24H:BRD-K28936863-051-18-1:10	DB00920	Ketotifen	0.21815369876467677	1.266871763918146	<0.0001	<0.0001	NPC
LJP007_NPC.CAS9_24H:P02	DB09054	Idelalisib	0.21515861602635603	1.266554541801006	<0.0001	<0.0001	NPC.CAS9
CPC015_NPC_24H:BRD-K47635719-001-03-9:10	DB14649	Dexamethasone acetate	-0.21299209889176898	-1.2664421817478295	<0.0001	<0.0001	NPC
CPC006_U937_6H:BRD-K98404142-001-01-9:11.1	DB05107	16-Bromoepiandrosterone	-0.2096078356707621	-1.2663745217985605	<0.0001	<0.0001	U937
LJP009_NPC.TAK_24H:B18	DB11805	Saracatinib	0.21370819125944196	1.2663533854562028	<0.0001	<0.0001	NPC.TAK
LJP009_NEU_24H:P23	DB09074	Olaparib	-0.20449552246620098	-1.2659445504507667	<0.0001	<0.0001	NEU
CPC015_NPC_24H:BRD-K46018455-001-17-7:10	DB01393	Bezafibrate	0.212433497605526	1.265761449280443	<0.0001	<0.0001	NPC
NMH001_NEU_6H:BRD-K69726342-001-02-6:10	DB01076	Atorvastatin	0.18038949144539076	1.2653955646826176	<0.0001	<0.0001	NEU
CPC006_U937_6H:BRD-K82135108-001-01-9:10	DB05719	Elesclomol	-0.21214293748245325	-1.2652672159114198	<0.0001	<0.0001	U937
PCLB001_JURKAT_24H:BRD-A58955223-001-02-0:2.5	DB12422	Sulforaphane	0.21611308427863388	1.2651010376449543	<0.0001	<0.0001	JURKAT
LJP008_NPC_24H:G17	DB01254	Dasatinib	0.22071680272079158	1.264917530339614	<0.0001	<0.0001	NPC
AML001_U937_24H:BRD-K93754473:0.49846	DB00675	Tamoxifen	0.20652362341169223	1.2645912148621377	<0.0001	<0.0001	U937
CPC016_NEU_24H:BRD-K94920105-001-01-3:10	DB07677	2-methyl-3,5,7,8-tetrahydro-4H-thiopyrano[4,3-d]pyrimidin-4-one	-0.19853579850044464	-1.263219784655717	<0.0001	<0.0001	NEU
NMH001_NEU_24H:BRD-A31159102-001-02-7:10	DB08544	(S)-Fluoxetine	0.21525621624666777	1.2627209692295291	<0.0001	<0.0001	NEU
NMH002_NPC_6H:BRD-K93258693-001-13-2:10	DB07863	2-chloro-5-nitro-N-phenylbenzamide	-0.1868956670948114	-1.2624530749249832	<0.0001	<0.0001	NPC
CPC017_NPC_24H:BRD-K37289225-001-19-0:10	DB00363	Clozapine	-0.19846343459236365	-1.261907000559207	<0.0001	<0.0001	NPC
CPC006_NOMO1_6H:BRD-K62965247-001-01-5:10	DB04960	Tipifarnib	-0.2151440122614961	-1.261868590097172	<0.0001	<0.0001	NOMO1
CPC006_U937_6H:BRD-A02006392-001-09-9:10	DB01054	Nitrendipine	-0.21175602115004763	-1.2618314615300974	<0.0001	<0.0001	U937
PCLB001_JURKAT_24H:BRD-K07572174-001-22-0:1.11	DB11672	Curcumin	0.2096722543042326	1.261541272283451	<0.0001	<0.0001	JURKAT
CPC014_NEU_24H:BRD-K64052750-001-05-0:10	DB00317	Gefitinib	0.21215951473881847	1.2615397510899289	<0.0001	<0.0001	NEU
NMH002_NEU_6H:BRD-A02006392-001-12-3:10	DB01054	Nitrendipine	0.20411421004840263	1.2614118098689586	<0.0001	<0.0001	NEU
LJP007_NEU_24H:P15	DB05294	Vandetanib	0.19214581006001588	1.2607456526868743	<0.0001	<0.0001	NEU
CPC018_NPC_24H:BRD-K17561142-003-16-8:10	DB01118	Amiodarone	-0.18914234286630882	-1.2606798738298024	<0.0001	<0.0001	NPC
CPC014_NEU_24H:BRD-K99451608-001-01-6:10	DB01601	Lopinavir	0.20878653808057393	1.2594743010448832	<0.0001	<0.0001	NEU
LJP007_NPC.TAK_24H:E06	DB11743	Ipatasertib	0.2136301812037199	1.2590546428020215	<0.0001	<0.0001	NPC.TAK
LJP008_NPC_24H:D05	DB09074	Olaparib	0.20823825572317067	1.2583801503319842	<0.0001	<0.0001	NPC
NMH001_NPC_24H:BRD-A77098556-001-01-5:10	DB12885	CF-102	0.2001906856508824	1.2582452827671253	<0.0001	<0.0001	NPC
LJP007_NPC.CAS9_24H:M12	DB05575	Motesanib	-0.2097530318530369	-1.25726684890845	<0.0001	<0.0001	NPC.CAS9
LJP008_NPC.CAS9_24H:M04	DB02709	Resveratrol	0.20508404222332913	1.2572544477690912	<0.0001	<0.0001	NPC.CAS9
CPC018_NPC_24H:BRD-A05352148-004-02-0:10	DB00332	Ipratropium	0.20623851562900974	1.2558962703537078	<0.0001	<0.0001	NPC
LJP007_JURKAT_24H:M20	DB12874	Quizartinib	-0.21322507538895882	-1.255889645382802	<0.0001	<0.0001	JURKAT
DOSBIO002_NPC_24H:BRD-A90490067:1.11111	DB00947	Fulvestrant	-0.20970018515351593	-1.255548848817964	<0.0001	<0.0001	NPC
LJP007_JURKAT_24H:B04	DB01204	Mitoxantrone	-0.1971419619007295	-1.2553518871402531	<0.0001	<0.0001	JURKAT
LJP009_NPC.CAS9_24H:F03	DB11962	GSK-1059615	0.20539101011369484	1.254968452560946	<0.0001	<0.0001	NPC.CAS9
LJP008_NEU_24H:C09	DB13877	Iniparib	-0.2002532522582051	-1.2538107431573953	<0.0001	<0.0001	NEU
CPC006_THP1_6H:BRD-A34817987-001-11-8:10	DB01167	Itraconazole	0.1798124361511637	1.2536927293126605	<0.0001	<0.0001	THP1
LJP007_JURKAT_24H:E10	DB05913	OSI-930	-0.2145216812346853	-1.252730554804638	<0.0001	<0.0001	JURKAT
LJP007_JURKAT_24H:A03	DB02546	Vorinostat	0.2184265409513285	1.2523589401635906	<0.0001	<0.0001	JURKAT
NMH002_NPC_6H:BRD-A50287119-001-01-5:10	DB00877	Sirolimus	-0.18726280510379717	-1.2519270973762027	<0.0001	<0.0001	NPC
LJP007_JURKAT_24H:C05	DB11800	Tivozanib	0.21279143625880875	1.2518478719898294	<0.0001	<0.0001	JURKAT
LJP007_NEU_24H:I21	DB13005	Rebastinib	-0.21662784620700928	-1.251732974421635	<0.0001	<0.0001	NEU
CPC016_NPC_24H:BRD-K28307902-001-09-2:10	DB00499	Flutamide	0.2049255116670891	1.2513740892784955	<0.0001	<0.0001	NPC
LJP007_JURKAT_24H:B14	DB12200	Tivantinib	-0.21482419291005833	-1.2512762147743968	<0.0001	<0.0001	JURKAT
NMH002_NEU_24H:BRD-K27316855-001-10-9:10	DB00136	Calcitriol	0.20625379939303234	1.2507469691829174	<0.0001	<0.0001	NEU
LJP009_NPC.TAK_24H:H17	DB07138	Neflamapimod	0.20167556054908045	1.2495400195168334	<0.0001	<0.0001	NPC.TAK
CPC006_PL21_6H:BRD-K73319509-001-02-3:40	DB12848	PF-04217903	0.2041662048125397	1.249386885727123	<0.0001	<0.0001	PL21
NMH002_NEU_24H:BRD-K59773493-001-01-9:10	DB01924	Benzhydroxamic Acid	-0.2061945476216549	-1.2485314677415609	<0.0001	<0.0001	NEU
NMH002_NEU_6H:BRD-K02637541-001-13-1:10	DB00482	Celecoxib	-0.19736202305206552	-1.248341396057881	<0.0001	<0.0001	NEU
LJP009_NPC.CAS9_24H:E07	DB01782	Pyrazolanthrone	-0.2177570205936253	-1.248004577901403	<0.0001	<0.0001	NPC.CAS9
LJP007_NPC.TAK_24H:B17	DB12200	Tivantinib	-0.19286827765255668	-1.2479943441752124	<0.0001	<0.0001	NPC.TAK
LJP008_NPC.TAK_24H:O06	DB07101	PD-0325901	0.19827882784588663	1.2479369765156654	<0.0001	<0.0001	NPC.TAK
CPC015_NPC_24H:BRD-K57545991-050-16-5:10	DB00584	Enalapril	-0.20258343390286274	-1.2477975764071658	<0.0001	<0.0001	NPC
CPC006_WSUDLCL2_6H:BRD-K06980535-003-15-0:10	DB00420	Promazine	0.2134443782897449	1.247633851234578	<0.0001	<0.0001	WSUDLCL2
CPC016_NPC_24H:BRD-K18742343-001-03-2:10	DB07997	N-[2-(METHYLAMINO)ETHYL]-5-ISOQUINOLINESULFONAMIDE	0.17856338961641957	1.2470692096731315	<0.0001	<0.0001	NPC
AML001_U937_6H:BRD-A19500257:1.11111	DB02424	Geldanamycin	0.21005094423358825	1.2467580701811607	<0.0001	<0.0001	U937
CPC017_NPC_24H:BRD-K71860425-001-01-1:10	DB03307	4-[(6-Amino-4-Pyrimidinyl)Amino]Benzenesulfonamide	0.20467978242330467	1.2459536799104827	<0.0001	<0.0001	NPC
CPC015_NPC_24H:BRD-A33447119-001-03-3:10	DB11446	Oxfendazole	0.20691795926114265	1.245948753789205	<0.0001	<0.0001	NPC
CPC016_NEU_24H:BRD-K70487031-001-01-0:10	DB00875	Flupentixol	-0.2127071681217677	-1.245855733832073	<0.0001	<0.0001	NEU
CPC015_NPC_24H:BRD-K38197229-001-17-4:10	DB00887	Bumetanide	-0.20568802425711577	-1.2455702745359196	<0.0001	<0.0001	NPC
DOSBIO001_NPC_24H:BRD-A19037878:1.11111	DB04297	Trichostatin A	-0.21828464968103406	-1.245314513743361	<0.0001	<0.0001	NPC
NMH002_NPC_6H:BRD-K76723084-001-19-0:10	DB00982	Isotretinoin	0.20521539065706995	1.2449477269404123	<0.0001	<0.0001	NPC
CPC012_NPC_24H:BRD-A19248578-001-02-9:10	DB08080	Latrunculin B	-0.192349183083243	-1.244927986445493	<0.0001	<0.0001	NPC
CPC016_NPC_24H:BRD-K70799801-311-02-7:10	DB00908	Quinidine	0.1955090280001757	1.2445059379007568	<0.0001	<0.0001	NPC
LJP009_NEU_24H:I17	DB12146	Rigosertib	0.19744200054605843	1.2444269342180094	<0.0001	<0.0001	NEU
CPC012_NEU_24H:BRD-A61858259-001-01-0:10	DB11721	Mitoglitazone	0.19887038641637944	1.2443825391161536	<0.0001	<0.0001	NEU
CPC013_NEU_24H:BRD-K66175015-001-01-7:10	DB08916	Afatinib	0.20983426503783806	1.2441615099209424	<0.0001	<0.0001	NEU
LJP007_NPC_24H:B13	DB12200	Tivantinib	0.20890175121793317	1.2439254449570845	<0.0001	<0.0001	NPC
NMH001_NPC_24H:BRD-K04809113-001-01-7:10	DB12771	Hydroxytyrosol	0.193305953088453	1.2438528725256344	<0.0001	<0.0001	NPC
LJP009_NEU_24H:O03	DB07101	PD-0325901	0.20359828668460256	1.2437863571478551	<0.0001	<0.0001	NEU
NMH001_NPC_24H:BRD-K70327167-348-11-8:10	DB04786	Suramin	0.2105085106414266	1.2434248928374363	<0.0001	<0.0001	NPC
CPC012_NEU_24H:BRD-K87909389-003-01-8:10	DB03496	Alvocidib	0.20329478307083235	1.2433151621081913	<0.0001	<0.0001	NEU
CPC016_NPC_24H:BRD-A63043573-001-01-6:10	DB00248	Cabergoline	0.1814895471349922	1.243112845804807	<0.0001	<0.0001	NPC
LJP007_NPC.TAK_24H:P01	DB09054	Idelalisib	0.1976687276196549	1.2412295495014602	<0.0001	<0.0001	NPC.TAK
LJP007_NPC.TAK_24H:E12	DB05913	OSI-930	0.20738686699688616	1.2405231651157262	<0.0001	<0.0001	NPC.TAK
CPC006_THP1_6H:BRD-K87142802-001-02-7:10	DB07232	Veliparib	-0.20706344828023027	-1.240370473216989	<0.0001	<0.0001	THP1
CPC016_NEU_24H:BRD-K93332168-001-03-2:10	DB01247	Isocarboxazid	-0.19671000211253026	-1.24019444214555	<0.0001	<0.0001	NEU
CPC006_U937_6H:BRD-A91699651-316-06-7:10	DB00608	Chloroquine	0.20099991055649177	1.239332176032558	<0.0001	<0.0001	U937
CPC016_NPC_24H:BRD-K89923877-003-02-4:10	DB00747	Scopolamine	0.1926052785510852	1.2390379996765597	<0.0001	<0.0001	NPC
LJP009_NPC.TAK_24H:D05	DB11775	PF-03758309	0.2235941498484921	1.2379979066621254	<0.0001	<0.0001	NPC.TAK
CPC015_NPC_24H:BRD-A34205397-001-03-7:10	DB13340	Suloctidil	-0.1823382910247154	-1.237766987172126	<0.0001	<0.0001	NPC
LJP008_NEU_24H:G14	DB01254	Dasatinib	-0.21566017481657795	-1.237473526854894	<0.0001	<0.0001	NEU
CPC015_NPC_24H:BRD-A73741725-001-01-0:10	DB00990	Exemestane	0.20163074016679136	1.2373661399682028	<0.0001	<0.0001	NPC
LJP008_NEU_24H:G10	DB02546	Vorinostat	0.19092335604878852	1.2364333165884958	<0.0001	<0.0001	NEU
LPROT001_NPC.TAK_6H:E24	DB13978	Selisistat	-0.2067267929558041	-1.2362513721548878	<0.0001	<0.0001	NPC.TAK
CPC016_NEU_24H:BRD-K89046952-001-03-4:10	DB01000	Cyclacillin	-0.19846045047006122	-1.2357056985341313	<0.0001	<0.0001	NEU
CPC018_NPC_24H:BRD-K39965020-001-03-4:10	DB03756	Doconexent	0.1854426806896106	1.23472931788146	<0.0001	<0.0001	NPC
CPC006_THP1_6H:BRD-A67373739-001-01-4:10	DB01700	AICA ribonucleotide	-0.20499827574984048	-1.2346801961347291	<0.0001	<0.0001	THP1
NMH002_NEU_24H:BRD-K27450477-003-06-8:10	DB07711	(2S,3R)-3-(6-amino-9H-purin-9-yl)nonan-2-ol	0.20163154699096542	1.2345929390822727	<0.0001	<0.0001	NEU
LJP008_NPC_24H:H14	DB11841	Entinostat	0.21052874257725057	1.233749333284515	<0.0001	<0.0001	NPC
LJP009_NPC_24H:I13	DB12146	Rigosertib	0.21902662142053217	1.2337077556889173	<0.0001	<0.0001	NPC
NMH002_NPC_6H:BRD-K81062487-001-03-3:10	DB04348	Taurocholic acid	0.18621214923161897	1.2331526435073281	<0.0001	<0.0001	NPC
CPC014_NPC_24H:BRD-K81783531-001-01-4:10	DB11954	Lomibuvir	0.1986119373881391	1.232328060527405	<0.0001	<0.0001	NPC
LJP009_NPC_24H:B17	DB11805	Saracatinib	0.2016658736862765	1.2317157729139692	<0.0001	<0.0001	NPC
CPC014_NEU_24H:BRD-K66956375-001-05-5:10	DB16495	Oleic monoethanolamide	-0.19898708033564533	-1.2316480772357081	<0.0001	<0.0001	NEU
LJP007_JURKAT_24H:N14	DB09330	Osimertinib	0.21176696767913242	1.2303306427390297	<0.0001	<0.0001	JURKAT
CPC006_WSUDLCL2_6H:BRD-K40892394-001-01-9:11.1	DB07002	4-({4-[(4-methoxypyridin-2-yl)amino]piperidin-1-yl}carbonyl)benzonitrile	-0.1990409938912863	-1.2302776732589564	<0.0001	<0.0001	WSUDLCL2
CPC006_PL21_6H:BRD-K50128260-001-01-6:160	DB00203	Sildenafil	-0.19676190592059398	-1.2301975713990725	<0.0001	<0.0001	PL21
LJP009_NPC.CAS9_24H:B24	DB16107	BI 2536	0.20105695288506448	1.2301524721421695	<0.0001	<0.0001	NPC.CAS9
LJP007_NEU_24H:I14	DB11526	Masitinib	0.19672982737911113	1.229771680537936	<0.0001	<0.0001	NEU
CPC013_NEU_24H:BRD-A47706533-001-01-8:10	DB12870	Buthionine sulfoximine	0.20401888295193674	1.2297128273477265	<0.0001	<0.0001	NEU
NMH002_NEU_6H:BRD-A56798952-001-01-5:10	DB06733	Bafilomycin A1	-0.20392973132148845	-1.2292835973487781	<0.0001	<0.0001	NEU
CPC006_U937_6H:BRD-K76964878-001-01-8:24	DB13978	Selisistat	-0.20334954457490784	-1.2291576894268341	<0.0001	<0.0001	U937
NMH002_NEU_24H:BRD-K32107296-001-11-0:10	DB00853	Temozolomide	-0.20846736191507967	-1.228143184802359	<0.0001	<0.0001	NEU
CPC014_NPC_24H:BRD-K86465814-001-03-7:10	DB06926	(9Z,11E,13S)-13-hydroxyoctadeca-9,11-dienoic acid	-0.20548761153850634	-1.2275392222970778	<0.0001	<0.0001	NPC
CPC006_U937_6H:BRD-A09533288-003-20-5:10	DB14063	Dexverapamil	0.20305748381430785	1.2266034893431663	<0.0001	<0.0001	U937
NMH002_NPC_6H:BRD-K08252256-236-26-2:10	DB00586	Diclofenac	0.185777441144768	1.2264920262650572	<0.0001	<0.0001	NPC
LJP009_NPC_24H:L20	DB12588	AZD-1480	-0.19042485045590443	-1.2264811843051604	<0.0001	<0.0001	NPC
CPC017_NPC_24H:BRD-K78692225-001-11-2:10	DB01097	Leflunomide	-0.20013693441685293	-1.2263666179683066	<0.0001	<0.0001	NPC
LJP009_NPC.CAS9_24H:N09	DB08896	Regorafenib	-0.20610502401291048	-1.2262793712451763	<0.0001	<0.0001	NPC.CAS9
DOSBIO002_NPC_24H:BRD-A90490067:3.33333	DB00947	Fulvestrant	-0.2022598851205969	-1.2260354900725081	<0.0001	<0.0001	NPC
LJP007_NPC.CAS9_24H:G15	DB01254	Dasatinib	-0.20344497799199812	-1.2255244936232776	<0.0001	<0.0001	NPC.CAS9
LJP009_NPC.TAK_24H:E17	DB13113	JNJ-38877605	-0.20042586451070332	-1.2253266364763242	<0.0001	<0.0001	NPC.TAK
CPC016_NPC_24H:BRD-K89046952-001-03-4:10	DB01000	Cyclacillin	0.2023808430019053	1.2246326937506233	<0.0001	<0.0001	NPC
CPC018_NPC_24H:BRD-K54142781-003-02-7:10	DB09202	Cirazoline	0.20082731325983036	1.2238092267858887	<0.0001	<0.0001	NPC
NMH002_NPC_6H:BRD-A91699651-001-02-4:10	DB00608	Chloroquine	0.18657398845011755	1.2237262929885546	<0.0001	<0.0001	NPC
CPC006_SKM1_6H:BRD-K62965247-001-01-5:10	DB04960	Tipifarnib	0.20405780984367275	1.2237048897916527	<0.0001	<0.0001	SKM1
NMH002_NEU_6H:BRD-K79254416-001-12-7:10	DB01262	Decitabine	-0.19167832624997427	-1.2231939041880246	<0.0001	<0.0001	NEU
NMH002_NPC_24H:BRD-A02006392-001-12-3:10	DB01054	Nitrendipine	0.16535758205021128	1.2228203394413573	<0.0001	<0.0001	NPC
NMH002_NEU_24H:BRD-K89085489-001-14-1:10	DB05076	Fenretinide	-0.20913191642486564	-1.2194889918079366	<0.0001	<0.0001	NEU
LJP008_NPC.CAS9_24H:D19	DB13978	Selisistat	-0.2027671111346677	-1.218493982576608	<0.0001	<0.0001	NPC.CAS9
CPC018_NPC_24H:BRD-K40530731-001-02-5:10	DB00572	Atropine	-0.19014036058158326	-1.2180666549136836	<0.0001	<0.0001	NPC
LJP007_JURKAT_24H:P20	DB11886	Infigratinib	0.20146566967751758	1.2171194259896343	<0.0001	<0.0001	JURKAT
CPC006_SKM1_6H:BRD-K91623615-001-01-9:10	DB12254	ABT-751	0.20052923405867518	1.2168889975938673	<0.0001	<0.0001	SKM1
CPC014_NPC_24H:BRD-K78431006-001-02-9:10	DB08865	Crizotinib	-0.18416724290366152	-1.216384006557239	<0.0001	<0.0001	NPC
LJP007_NPC.TAK_24H:D09	DB08875	Cabozantinib	0.1766829566723095	1.2119656517286337	<0.0001	<0.0001	NPC.TAK
CPC018_NPC_24H:BRD-K97399794-001-10-4:10	DB04216	Quercetin	-0.1940724482473017	-1.2116264038511155	<0.0001	<0.0001	NPC
LJP007_NPC.TAK_24H:J19	DB03044	Doramapimod	0.19690227894451867	1.2108394850959725	<0.0001	<0.0001	NPC.TAK
NMH002_NPC_6H:BRD-K32610195-001-14-9:10	DB01536	Androstenedione	0.1895733309158649	1.210225468302302	<0.0001	<0.0001	NPC
LJP007_NPC.TAK_24H:E05	DB11743	Ipatasertib	0.1944421584513976	1.210094384279899	<0.0001	<0.0001	NPC.TAK
CPC015_NPC_24H:BRD-A65671304-001-03-4:10	DB00796	Candesartan cilexetil	-0.17775986166315616	-1.2099686272850243	<0.0001	<0.0001	NPC
NMH002_NEU_6H:BRD-A16694057-001-05-0:10	DB14083	Bisphenol A diglycidyl ether	-0.20021300343204676	-1.2081703400019623	<0.0001	<0.0001	NEU
LJP009_NPC.CAS9_24H:P23	DB09074	Olaparib	-0.1921897591063861	-1.2080876410565733	<0.0001	<0.0001	NPC.CAS9
CPC016_NEU_24H:BRD-K59058766-003-15-1:10	DB01239	Chlorprothixene	-0.19363605435051054	-1.2075204731612896	<0.0001	<0.0001	NEU
LJP008_NPC.TAK_24H:A24	DB11740	MK-1775	-0.20214406905128843	-1.2071202619460926	<0.0001	<0.0001	NPC.TAK
LJP009_NPC.CAS9_24H:N08	DB08896	Regorafenib	-0.1984261737944747	-1.205593388047023	<0.0001	<0.0001	NPC.CAS9
AML001_U937_24H:BRD-A75409952:10	DB08059	Wortmannin	-0.20353570979289246	-1.2041704183763347	<0.0001	<0.0001	U937
NMH001_NPC_24H:BRD-K56060837-001-01-9:10	DB04275	N-acetylserotonin	0.18911726395635725	1.2041264378644974	<0.0001	<0.0001	NPC
CPC017_NPC_24H:BRD-K04185004-003-03-6:10	DB00892	Oxybuprocaine	-0.18634880523911265	-1.2037970882263367	<0.0001	<0.0001	NPC
LJP008_NPC.CAS9_24H:G23	DB00928	Azacitidine	-0.20277691586203617	-1.203044910996121	<0.0001	<0.0001	NPC.CAS9
CPC016_NEU_24H:BRD-K00959089-001-01-4:10	DB04795	Thenoyltrifluoroacetone	0.20119829797613964	1.202935265687876	<0.0001	<0.0001	NEU
CPC012_NEU_24H:BRD-K35483542-001-03-1:10	DB00982	Isotretinoin	0.20241394964454165	1.2020739834261311	<0.0001	<0.0001	NEU
CPC017_NPC_24H:BRD-A44008656-036-15-9:10	DB00366	Doxylamine	0.19747130602673607	1.201573844455997	<0.0001	<0.0001	NPC
AML001_HL60_24H:BRD-K93754473:1.49538	DB00675	Tamoxifen	0.16338603398699345	1.2012244122632685	<0.0001	<0.0001	HL60
CPC006_U937_6H:BRD-K63195589-001-01-4:10	DB04960	Tipifarnib	0.18994873650097238	1.201169775297419	<0.0001	<0.0001	U937
CPC016_NPC_24H:BRD-K18250272-003-03-7:10	DB09342	Propoxycaine	-0.18455634956352748	-1.2007780233769814	<0.0001	<0.0001	NPC
LJP007_NPC_24H:I24	DB13005	Rebastinib	-0.19291253639747744	-1.2007295609355442	<0.0001	<0.0001	NPC
NMH002_NPC_6H:BRD-K04923131-001-11-3:10	DB03444	6-bromoindirubin-3'-oxime	-0.19913799180332376	-1.200705123523643	<0.0001	<0.0001	NPC
CPC016_NEU_24H:BRD-A97479839-003-08-3:10	DB13351	Piperidolate	-0.1930149441341118	-1.1996610844201196	<0.0001	<0.0001	NEU
LPROT002_NPC.TAK_6H:I06	DB08877	Ruxolitinib	0.19707090404206068	1.1990510211479517	<0.0001	<0.0001	NPC.TAK
CPC006_SKM1_6H:BRD-A71390734-001-01-7:0.08	DB01177	Idarubicin	0.19518137263417093	1.198880698464149	<0.0001	<0.0001	SKM1
LJP007_NPC.CAS9_24H:M02	DB07794	5-(2-PHENYLPYRAZOLO[1,5-A]PYRIDIN-3-YL)-1H-PYRAZOLO[3,4-C]PYRIDAZIN-3-AMINE	0.18911580494159239	1.198341694591443	<0.0001	<0.0001	NPC.CAS9
LJP007_NPC.CAS9_24H:N16	DB09330	Osimertinib	0.19167561628122326	1.1982434156097024	<0.0001	<0.0001	NPC.CAS9
NMH002_NEU_24H:BRD-A41145729-001-04-3:10	DB08175	(2E,4E)-11-METHOXY-3,7,11-TRIMETHYLDODECA-2,4-DIENOIC ACID	-0.18809411114140692	-1.1981692460990807	<0.0001	<0.0001	NEU
LJP009_NEU_24H:M17	DB06314	SGX-523	0.18924768866676914	1.1979869157879548	<0.0001	<0.0001	NEU
CPC017_NPC_24H:BRD-K25591257-001-01-2:10	DB02709	Resveratrol	0.19344224657350245	1.1978843000446668	<0.0001	<0.0001	NPC
DOSBIO002_NEU_24H:BRD-A75409952:3.33333	DB08059	Wortmannin	-0.1845652115582041	-1.1978489295976724	<0.0001	<0.0001	NEU
AML001_HL60_6H:BRD-K26684619:3.33333	DB08784	2-(4-CHLORO-PHENYLAMINO)-NICOTINIC ACID	0.19381486042492102	1.196905271885693	<0.0001	<0.0001	HL60
LJP009_NPC_24H:D03	DB11775	PF-03758309	-0.19385850761245985	-1.196514142016671	<0.0001	<0.0001	NPC
PCLB001_JURKAT_24H:BRD-K07572174-001-22-0:3.33	DB11672	Curcumin	0.19544522086559257	1.1959845802957754	<0.0001	<0.0001	JURKAT
LJP007_NPC.CAS9_24H:F01	DB12848	PF-04217903	0.1991071332877819	1.1957229968980667	<0.0001	<0.0001	NPC.CAS9
CPC018_NPC_24H:BRD-A50928468-001-03-7:10	DB09389	Norgestrel	-0.19823151497626	-1.194825104337917	<0.0001	<0.0001	NPC
LJP009_NPC.CAS9_24H:L21	DB12588	AZD-1480	0.18924398188834596	1.1943940687884191	<0.0001	<0.0001	NPC.CAS9
CPC014_NPC_24H:BRD-K23192422-001-01-1:10	DB06469	Lestaurtinib	-0.18332619954887122	-1.1943104679671668	<0.0001	<0.0001	NPC
AML001_HL60_6H:BRD-K27316855:3.33333	DB00136	Calcitriol	0.19414632733787257	1.1931628389523385	<0.0001	<0.0001	HL60
LJP008_NPC.TAK_24H:O03	DB07101	PD-0325901	0.19780532644549717	1.1931293297960799	<0.0001	<0.0001	NPC.TAK
LJP009_NPC.TAK_24H:P23	DB09074	Olaparib	-0.1907290930145175	-1.1926787356360415	<0.0001	<0.0001	NPC.TAK
CPC016_NEU_24H:BRD-K47631482-003-03-9:10	DB09019	Bromhexine	-0.1765517853281361	-1.191160678597651	<0.0001	<0.0001	NEU
LJP009_NPC.CAS9_24H:H17	DB07138	Neflamapimod	-0.19413935439534463	-1.1908881846457147	<0.0001	<0.0001	NPC.CAS9
CPC018_NPC_24H:BRD-K98548675-001-02-6:10	DB13063	Parthenolide	-0.184024443603323	-1.1898435183893692	<0.0001	<0.0001	NPC
LJP009_NPC.CAS9_24H:L23	DB12588	AZD-1480	-0.193521536772716	-1.1895918221730923	<0.0001	<0.0001	NPC.CAS9
LJP009_NPC.TAK_24H:L20	DB12588	AZD-1480	-0.19090270278097296	-1.187270653065298	<0.0001	<0.0001	NPC.TAK
LJP008_NPC_24H:I03	DB16239	Molibresib	0.19164229682867417	1.1870055867303457	<0.0001	<0.0001	NPC
LJP009_NPC.TAK_24H:I21	DB11363	Alectinib	0.19164093942145558	1.1863670063799365	<0.0001	<0.0001	NPC.TAK
CPC006_THP1_6H:BRD-A19500257:10	DB02424	Geldanamycin	-0.18680314650929136	-1.184137951030846	<0.0001	<0.0001	THP1
CPC014_NEU_24H:BRD-K23192422-001-01-1:10	DB06469	Lestaurtinib	-0.1996061091776657	-1.1836778457183914	<0.0001	<0.0001	NEU
LJP009_NPC.TAK_24H:F06	DB11962	GSK-1059615	0.1931150371870146	1.1828608407221401	<0.0001	<0.0001	NPC.TAK
LJP009_NPC.CAS9_24H:P24	DB09074	Olaparib	-0.1840318537840752	-1.1824014767377438	<0.0001	<0.0001	NPC.CAS9
NMH001_NPC_24H:BRD-A14240607-001-01-8:10	DB13251	Octopamine	0.1800943446428602	1.1821750060312584	<0.0001	<0.0001	NPC
NMH002_NEU_24H:BRD-A56798952-001-01-5:1	DB06733	Bafilomycin A1	-0.17637783455636372	-1.1818128287007716	<0.0001	<0.0001	NEU
CPC017_NPC_24H:BRD-K62310379-001-03-0:10	DB00588	Fluticasone propionate	-0.1952190007883246	-1.1817953545326958	<0.0001	<0.0001	NPC
NMH002_NPC_6H:BRD-K61250553-003-24-9:10	DB00836	Loperamide	-0.1834768113349961	-1.1816814731414638	<0.0001	<0.0001	NPC
NMH001_NEU_24H:BRD-K24125544-001-01-3:10	DB12161	Deutetrabenazine	0.18933155304284466	1.1801169794378563	<0.0001	<0.0001	NEU
LJP009_NEU_24H:K08	DB11962	GSK-1059615	-0.1895925711645788	-1.1799864219733063	<0.0001	<0.0001	NEU
CPC006_THP1_6H:BRD-K91623615-001-01-9:10	DB12254	ABT-751	0.19967142047605557	1.179624990335435	<0.0001	<0.0001	THP1
LJP007_JURKAT_24H:P03	DB09054	Idelalisib	-0.19549994419606612	-1.179562107188732	<0.0001	<0.0001	JURKAT
CPC006_WSUDLCL2_6H:BRD-K49456190-001-01-0:10	DB11684	APR-246	0.19329263353614953	1.1788729923474994	<0.0001	<0.0001	WSUDLCL2
CPC006_PL21_6H:BRD-A09533288-003-20-5:10	DB14063	Dexverapamil	0.18860304990469487	1.1769497122366324	<0.0001	<0.0001	PL21
CPC015_NPC_24H:BRD-K51350053-048-06-6:10	DB00539	Toremifene	-0.16869585623758	-1.1763615614432006	<0.0001	<0.0001	NPC
CPC014_NPC_24H:BRD-K93331255-001-01-2:10	DB14642	Lypressin	0.18675844878265102	1.1759090912602006	<0.0001	<0.0001	NPC
CPC017_NPC_24H:BRD-K60640630-001-03-7:10	DB14512	Mometasone furoate	-0.18625956857241643	-1.1758549032989063	<0.0001	<0.0001	NPC
AML001_U937_6H:BRD-K19706299:0.37037	DB00374	Treprostinil	0.19252263270935024	1.174462346680213	<0.0001	<0.0001	U937
NMH002_NPC_24H:BRD-K08807999-001-01-6:10	DB12445	Nitroaspirin	-0.1729839615027343	-1.174246286260938	<0.0001	<0.0001	NPC
LJP009_NPC_24H:L12	DB05984	RAF-265	-0.19115710478922948	-1.1738216063296762	<0.0001	<0.0001	NPC
DOSBIO001_NPC_24H:BRD-A90490067:1.11111	DB00947	Fulvestrant	-0.189061602865888	-1.1735913192700473	<0.0001	<0.0001	NPC
NMH002_NEU_6H:BRD-K61250553-003-24-9:10	DB00836	Loperamide	-0.19338654779218192	-1.1731805773826924	<0.0001	<0.0001	NEU
NMH001_NEU_6H:BRD-K12807006-001-14-4:10	DB01852	Kaempherol	0.19339333994310523	1.1727767029560279	<0.0001	<0.0001	NEU
NMH002_NPC_24H:BRD-K32107296-001-11-0:10	DB00853	Temozolomide	0.1848232082960977	1.171042373896459	<0.0001	<0.0001	NPC
LJP007_NPC.TAK_24H:K06	DB12064	BMS-777607	0.17980990959696538	1.1696154639285519	<0.0001	<0.0001	NPC.TAK
LJP007_NPC_24H:H10	DB09053	Ibrutinib	0.18893829342325424	1.1692667663561656	<0.0001	<0.0001	NPC
CPC014_NPC_24H:BRD-K98372770-001-04-1:10	DB08078	{4-[3-(4-acetyl-3-hydroxy-2-propylphenoxy)propoxy]phenoxy}acetic acid	-0.19734719121165642	-1.1689814732274988	<0.0001	<0.0001	NPC
CPC016_NPC_24H:BRD-K72222507-003-07-7:10	DB00881	Quinapril	-0.1937829434420379	-1.1684376418601752	<0.0001	<0.0001	NPC
CPC015_NPC_24H:BRD-A16665823-001-01-2:10	DB00639	Butoconazole	0.1886701605297587	1.1671058583782847	<0.0001	<0.0001	NPC
CPC015_NPC_24H:BRD-A65449987-001-06-2:10	DB00180	Flunisolide	-0.1922371100721675	-1.1667703897252	<0.0001	<0.0001	NPC
LJP009_NPC.CAS9_24H:N10	DB08896	Regorafenib	0.19177011831034885	1.1665334022109506	<0.0001	<0.0001	NPC.CAS9
LJP007_NEU_24H:G11	DB11963	Dacomitinib	0.18355160924673472	1.1660931644027435	<0.0001	<0.0001	NEU
CPC006_WSUDLCL2_6H:BRD-K71799949-001-20-8:96	DB00564	Carbamazepine	-0.1905382853124811	-1.1647707871405397	<0.0001	<0.0001	WSUDLCL2
CPC014_NPC_24H:BRD-K09436313-001-01-2:10	DB02056	Prostaglandin D2	0.1885305171973203	1.1634662320532247	<0.0001	<0.0001	NPC
LJP008_NPC.TAK_24H:A11	DB07232	Veliparib	0.19173660014233151	1.16343062880764	<0.0001	<0.0001	NPC.TAK
CPC014_NPC_24H:BRD-K89085489-001-11-7:10	DB05076	Fenretinide	-0.18037203001749694	-1.1600978418756218	<0.0001	<0.0001	NPC
CPC015_NPC_24H:BRD-K40887525-001-14-4:10	DB12693	Ritanserin	0.18261313968334952	1.158628836053267	<0.0001	<0.0001	NPC
CPC006_U937_6H:BRD-A58048407-001-10-5:10	DB00393	Nimodipine	-0.18977745419254807	-1.1580255277116183	<0.0001	<0.0001	U937
CPC014_NPC_24H:BRD-K04923131-001-06-3:10	DB03444	6-bromoindirubin-3'-oxime	-0.1881198939335672	-1.157779818942083	<0.0001	<0.0001	NPC
CPC016_NPC_24H:BRD-K33453211-003-03-2:10	DB01106	Levocabastine	-0.19148804643327322	-1.1577436872813043	<0.0001	<0.0001	NPC
AML001_HL60_24H:BRD-K93754473:13.4584	DB00675	Tamoxifen	-0.15174188302813743	-1.157440216665158	<0.0001	<0.0001	HL60
LJP008_NPC.CAS9_24H:A07	DB07232	Veliparib	0.18404422020770636	1.1566498271359469	<0.0001	<0.0001	NPC.CAS9
NMH002_NPC_6H:BRD-K67860401-001-04-9:10	DB01950	AR-AO-14418	-0.18655254939942442	-1.1564153954769671	<0.0001	<0.0001	NPC
LJP007_JURKAT_24H:P10	DB07859	4-(4-CHLOROPHENYL)-4-[4-(1H-PYRAZOL-4-YL)PHENYL]PIPERIDINE	0.18843931271801106	1.15613766555278	<0.0001	<0.0001	JURKAT
CPC006_NOMO1_6H:BRD-A45889380-300-04-8:10	DB01103	Quinacrine	-0.1818512740065795	-1.1560642598764364	<0.0001	<0.0001	NOMO1
NMH002_NEU_24H:BRD-K53597484-001-01-9:10	DB08633	TNP-470	-0.18334532915790405	-1.1559849277351528	<0.0001	<0.0001	NEU
CPC006_THP1_6H:BRD-K15563106-001-08-1:177.6	DB07810	Phloretin	-0.18219879224831098	-1.1555283078733467	<0.0001	<0.0001	THP1
CPC018_NPC_24H:BRD-K39339537-001-03-8:10	DB08991	Epirizole	-0.18669162204024112	-1.1551537117691488	<0.0001	<0.0001	NPC
LJP008_NPC_24H:C12	DB13877	Iniparib	-0.19012691101623977	-1.1547955241034549	<0.0001	<0.0001	NPC
CPC006_SKM1_6H:BRD-U94846492-000-01-1:10	DB00908	Quinidine	-0.19066284664435224	-1.1544073131558874	<0.0001	<0.0001	SKM1
CPC016_NEU_24H:BRD-K35189033-001-03-0:10	DB09389	Norgestrel	0.17974052903816246	1.1535696260724655	<0.0001	<0.0001	NEU
LJP007_NPC.TAK_24H:I04	DB01268	Sunitinib	0.18392379717196114	1.1520691588396688	<0.0001	<0.0001	NPC.TAK
NMH002_NEU_24H:BRD-K54028654-001-01-8:10	DB12310	Trehalose	0.180652736705327	1.150939794873336	<0.0001	<0.0001	NEU
LJP009_NPC_24H:I21	DB11363	Alectinib	-0.18021656563875724	-1.1482760201049267	<0.0001	<0.0001	NPC
CPC015_NPC_24H:BRD-K46937689-001-08-5:10	DB01435	Antipyrine	-0.19162560113091057	-1.146268428926659	<0.0001	<0.0001	NPC
CPC015_NPC_24H:BRD-K53737926-003-14-6:10	DB00321	Amitriptyline	0.17990827574120685	1.1456598780311735	<0.0001	<0.0001	NPC
DOSBIO001_NEU_24H:BRD-A13084692:1.11111	DB08607	(5R)-5-(4-{[(2R)-6-HYDROXY-2,5,7,8-TETRAMETHYL-3,4-DIHYDRO-2H-CHROMEN-2-YL]METHOXY}BENZYL)-1,3-THIAZOLIDINE-2,4-DIONE	0.18051962889784892	1.1452725513828532	<0.0001	<0.0001	NEU
CPC017_NPC_24H:BRD-K52459643-001-10-2:10	DB00770	Alprostadil	-0.17566900760174162	-1.1434409321558294	<0.0001	<0.0001	NPC
NMH002_NPC_6H:BRD-K41260949-001-14-1:10	DB00313	Valproic acid	-0.16291331592496833	-1.1426388737395077	<0.0001	<0.0001	NPC
NMH001_NPC_6H:BRD-A69512159-001-04-0:10	DB00190	Carbidopa	-0.18387466503104855	-1.1385792232986847	<0.0001	<0.0001	NPC
LPROT001_NPC.TAK_6H:E20	DB13978	Selisistat	0.1845228506715467	1.1382601238831602	<0.0001	<0.0001	NPC.TAK
LJP007_NPC.CAS9_24H:G16	DB01254	Dasatinib	-0.18682983433206793	-1.137656425834009	<0.0001	<0.0001	NPC.CAS9
CPC014_NEU_24H:BRD-K05396879-001-05-9:10	DB08435	(5E,14E)-11-oxoprosta-5,9,12,14-tetraen-1-oic acid	-0.19122638838285694	-1.1324041972710992	<0.0001	<0.0001	NEU
CPC014_NPC_24H:BRD-K52751261-001-01-2:10	DB16108	TAK-715	0.18210308370053407	1.1323592671490785	<0.0001	<0.0001	NPC
PCLB001_JURKAT_6H:BRD-K07572174-001-22-0:0.37	DB11672	Curcumin	0.17308892538575782	1.132228526371078	<0.0001	<0.0001	JURKAT
CPC006_U937_6H:BRD-K19796430-001-01-5:10	DB09143	Sonidegib	-0.18340707745020224	-1.1315485760557944	<0.0001	<0.0001	U937
LJP009_NPC.TAK_24H:D06	DB11775	PF-03758309	0.18682660047583485	1.1307517949283419	<0.0001	<0.0001	NPC.TAK
CPC016_NPC_24H:BRD-K71059170-001-02-5:10	DB00671	Cefixime	0.17832159681364074	1.130351970480303	<0.0001	<0.0001	NPC
CPC016_NEU_24H:BRD-A58207013-001-01-2:10	DB06762	Pinacidil	-0.17865831923101463	-1.1282298296859794	<0.0001	<0.0001	NEU
NMH002_NPC_6H:BRD-K81839095-001-19-4:10	DB00655	Estrone	-0.16530205911053295	-1.1268613580603277	<0.0001	<0.0001	NPC
NMH002_NPC_24H:BRD-K41260949-236-10-1:10	DB00313	Valproic acid	-0.16086355622816204	-1.1249646605875834	<0.0001	<0.0001	NPC
LJP009_NPC.CAS9_24H:K21	DB12432	CC-401	0.18416610500016628	1.121295788292037	<0.0001	<0.0001	NPC.CAS9
AML001_HL60_24H:BRD-K19706299:10	DB00374	Treprostinil	-0.1554367835382038	-1.119688679741921	<0.0001	<0.0001	HL60
LJP008_NPC.CAS9_24H:M01	DB02709	Resveratrol	0.17836683255424624	1.1190752203135796	<0.0001	<0.0001	NPC.CAS9
LJP009_NPC.TAK_24H:G15	DB01254	Dasatinib	-0.18265300156956482	-1.1184711844864064	<0.0001	<0.0001	NPC.TAK
NMH002_NPC_24H:BRD-K43880410-001-09-4:10	DB02789	Pregnenolone	0.16843092164461412	1.1182203492888312	<0.0001	<0.0001	NPC
CPC015_NPC_24H:BRD-K18910433-001-05-1:10	DB00783	Estradiol	-0.16005819010410957	-1.1169181736491147	<0.0001	<0.0001	NPC
CPC016_NPC_24H:BRD-K54094468-003-05-3:10	DB00409	Remoxipride	-0.18088719591025115	-1.1157320274876426	<0.0001	<0.0001	NPC
LJP009_NPC.TAK_24H:H11	DB08912	Dabrafenib	-0.17579088128187775	-1.1139301206232837	<0.0001	<0.0001	NPC.TAK
CPC016_NEU_24H:BRD-A97104540-004-08-5:10	DB01288	Fenoterol	-0.17383784788265796	-1.113749035931678	<0.0001	<0.0001	NEU
CPC006_U937_6H:BRD-K54256913-001-01-2:10	DB11740	MK-1775	-0.1846360797016058	-1.112945498197066	<0.0001	<0.0001	U937
CPC014_NPC_24H:BRD-K36529613-001-01-8:10	DB12638	PU-H71	-0.17291716330877008	-1.1125809704974268	<0.0001	<0.0001	NPC
LJP008_NPC.TAK_24H:F03	DB12376	Ricolinostat	0.17391516208372593	1.111217559813624	<0.0001	<0.0001	NPC.TAK
LJP008_NPC_24H:D19	DB13978	Selisistat	-0.18280014384386162	-1.110898402314811	<0.0001	<0.0001	NPC
LJP007_NPC_24H:A17	DB12742	Amuvatinib	0.1764061782310514	1.1102840229558315	<0.0001	<0.0001	NPC
LJP009_NPC_24H:M18	DB06314	SGX-523	-0.1799526233050187	-1.1082400839230708	<0.0001	<0.0001	NPC
NMH002_NEU_6H:BRD-K18910433-001-24-2:10	DB00783	Estradiol	0.17882287904349636	1.103320856454905	<0.0001	<0.0001	NEU
CPC015_NPC_24H:BRD-A04756508-001-01-5:10	DB00957	Norgestimate	0.17153776645544352	1.102421658318764	<0.0001	<0.0001	NPC
NMH002_NPC_6H:BRD-K64994968-001-24-2:10	DB00396	Progesterone	0.17508655416657232	1.0993837697934152	<0.0001	<0.0001	NPC
NMH001_NEU_24H:BRD-K09557221-001-01-6:10	DB13070	Surinabant	-0.17649473901722487	-1.0986166604154592	<0.0001	<0.0001	NEU
LJP009_NEU_24H:I20	DB11363	Alectinib	0.17926303507817187	1.0973482252696058	<0.0001	<0.0001	NEU
CPC014_NEU_24H:BRD-K79404599-001-03-6:10	DB06486	Enzastaurin	0.17157338146825934	1.096425319326272	<0.0001	<0.0001	NEU
LJP008_NEU_24H:P15	DB11662	Rabusertib	-0.18253357620929672	-1.0948766265578558	<0.0001	<0.0001	NEU
CPC006_SKM1_6H:BRD-A23770159-001-02-3:11.1	DB00877	Sirolimus	-0.17690890673132376	-1.094573135495551	<0.0001	<0.0001	SKM1
CPC006_U937_6H:BRD-K91623615-001-01-9:10	DB12254	ABT-751	0.17686353841500566	1.094468754496411	<0.0001	<0.0001	U937
LJP008_NPC.TAK_24H:C12	DB13877	Iniparib	0.17162755183341566	1.092742784170384	<0.0001	<0.0001	NPC.TAK
NMH002_NEU_6H:BRD-K17953061-001-12-7:10	DB02010	Staurosporine	-0.1630597365165911	-1.0907489524388194	<0.0001	<0.0001	NEU
LJP007_NEU_24H:I18	DB11526	Masitinib	0.1679096216111878	1.0889058423942652	<0.0001	<0.0001	NEU
LJP007_NPC_24H:P01	DB09054	Idelalisib	0.17767096523923628	1.0888687997087891	<0.0001	<0.0001	NPC
NMH001_NPC_6H:BRD-K09416995-001-32-4:10	DB00227	Lovastatin	0.17283371299409922	1.0822756901324218	<0.0001	<0.0001	NPC
CPC013_NPC_24H:BRD-K87909389-001-02-0:10	DB03496	Alvocidib	-0.16657744828479498	-1.0809550047484924	<0.0001	<0.0001	NPC
CPC017_NPC_24H:BRD-K67080878-001-05-5:10	DB00235	Milrinone	-0.1713435290749506	-1.0781381186545562	<0.0001	<0.0001	NPC
LJP007_NEU_24H:M16	DB07460	2-({5-CHLORO-2-[(2-METHOXY-4-MORPHOLIN-4-YLPHENYL)AMINO]PYRIMIDIN-4-YL}AMINO)-N-METHYLBENZAMIDE	-0.1773927695374316	-1.0747880903609728	<0.0001	<0.0001	NEU
CPC015_NPC_24H:BRD-K81839095-001-04-6:10	DB00655	Estrone	-0.15573234942789715	-1.0676706896793586	<0.0001	<0.0001	NPC
LJP008_NPC.CAS9_24H:G24	DB00928	Azacitidine	0.16879317159077353	1.0644490012034702	<0.0001	<0.0001	NPC.CAS9
DOSBIO002_NEU_24H:BRD-A75409952:1.11111	DB08059	Wortmannin	-0.15742763603369095	-1.0608838962385132	<0.0001	<0.0001	NEU
LPROT001_NPC.TAK_6H:M20	DB02010	Staurosporine	-0.16487081140976714	-1.0581803376872199	<0.0001	<0.0001	NPC.TAK
NMH001_NPC_24H:BRD-K58550667-001-05-3:10	DB12731	Daporinad	0.15685482787663532	1.0550545358393806	<0.0001	<0.0001	NPC
LJP009_NPC.TAK_24H:L22	DB12588	AZD-1480	-0.1633493654910393	-1.0394126971410393	<0.0001	<0.0001	NPC.TAK
CPC018_NPC_24H:BRD-K91301684-003-03-0:10	DB06174	Noscapine	0.1581608660657814	1.0201450080748955	<0.0001	<0.0001	NPC
LJP007_JURKAT_24H:C04	DB11800	Tivozanib	-0.16009378297531854	-1.0035884641148294	<0.0001	<0.0001	JURKAT
AML001_U937_24H:BRD-A45664787:3.33333	DB01088	Iloprost	-0.25206482425036353	-1.2863139108172044	0.0001	0.00020890257943668268	U937
LJP007_NPC.CAS9_24H:P24	DB11886	Infigratinib	-0.27678221304236506	-1.32422372373765	0.00010002000400080016	0.00020890257943668268	NPC.CAS9
CPC006_THP1_6H:BRD-K35960502-001-10-1:10	DB06803	Niclosamide	0.2720845081241747	1.3395847934736373	0.00010003000900270081	0.00020890257943668268	THP1
LJP008_NPC.TAK_24H:A07	DB07232	Veliparib	-0.27530416497398613	-1.2977843603758739	0.00010004001600640257	0.00020890257943668268	NPC.TAK
CPC006_PL21_6H:BRD-A84481105-003-17-2:10	DB00679	Thioridazine	0.254203073061716	1.298227974383169	0.00010022048506714773	0.0002090637063102536	PL21
LJP008_NPC.CAS9_24H:K08	DB11962	GSK-1059615	0.2574730834750603	1.28076656735753	0.00010023053021950487	0.0002090637063102536	NPC.CAS9
CPC006_PL21_6H:BRD-K57080016-001-04-3:80	DB11689	Selumetinib	0.24448771950624282	1.268217172304812	0.00010025062656641604	0.0002090637063102536	PL21
LJP007_NEU_24H:P19	DB11886	Infigratinib	-0.26722101491053474	-1.2899777496461975	0.0001002707309736288	0.0002090637063102536	NEU
NMH001_NEU_24H:BRD-K12539581-001-18-7:10	DB08313	Nocodazole	-0.26336649628893793	-1.3235928979780918	0.00010036130068245685	0.00020907543242738456	NEU
CPC006_PL21_6H:BRD-K76964878-001-01-8:24	DB13978	Selisistat	-0.24996601364070198	-1.2956377897280842	0.00010036130068245685	0.00020907543242738456	PL21
CPC006_THP1_6H:BRD-K41260949-236-02-8:10	DB00313	Valproic acid	-0.25210089467780555	-1.2944219066081124	0.00010039152695512498	0.00020907543242738456	THP1
LJP009_NPC_24H:B15	DB11805	Saracatinib	0.2585653289543942	1.3068293514745697	0.00010059350165979277	0.00020941598243089888	NPC
CPC015_NPC_24H:BRD-K38305202-001-08-3:10	DB01184	Domperidone	-0.24273025512549382	-1.292562482206863	0.00010073536818777072	0.00020957222483813375	NPC
NMH001_NPC_24H:BRD-K75527158-001-01-5:10	DB00630	Alendronic acid	-0.25527975545894327	-1.3384226807676318	0.00010074551682450131	0.00020957222483813375	NPC
LJP007_NPC.CAS9_24H:C01	DB11800	Tivozanib	0.25728799339314323	1.3228116651004562	0.00010082677959265981	0.00020966118429233498	NPC.CAS9
NMH002_NPC_6H:BRD-K54771420-001-09-9:10	DB02691	Glycocholic acid	-0.2446516927688991	-1.3013084403287578	0.000100999899000101	0.00020994101143303437	NPC
LJP007_JURKAT_24H:M07	DB05575	Motesanib	-0.2550798960312519	-1.3254363873840769	0.0001015950421619425	0.0002110598950467273	JURKAT
DOSBIO001_NEU_24H:BRD-A90490067:1.11111	DB00947	Fulvestrant	-0.24755608424345338	-1.3388553854588134	0.000101615689462453	0.0002110598950467273	NEU
CPC006_NOMO1_6H:BRD-K52836380-001-01-7:22.2	DB07403	4-[(3-CHLORO-4-{[(2R)-3,3,3-TRIFLUORO-2-HYDROXY-2-METHYLPROPANOYL]AMINO}PHENYL)SULFONYL]-N,N-DIMETHYLBENZAMIDE	-0.24326052806885928	-1.3014066788534695	0.00010185373803218578	0.00021147367797303996	NOMO1
NMH002_NPC_6H:BRD-K66956375-001-09-7:10	DB16495	Oleic monoethanolamide	-0.2530693779989977	-1.33650819629666	0.00010237510237510238	0.00021246558943049625	NPC
DOSBIO001_NPC_24H:BRD-A75409952:10	DB08059	Wortmannin	0.24676131568625448	1.310231469875301	0.00010242753252074157	0.00021246558943049625	NPC
NMH002_NPC_6H:BRD-K27305650-001-11-7:10	DB02656	LY-294002	0.2441990131763363	1.338011433040653	0.00010244851961889151	0.00021246558943049625	NPC
CPC016_NPC_24H:BRD-K94270326-004-01-0:10	DB12273	Ecopipam	0.24645541573227792	1.3023857579876683	0.0001026167265264238	0.0002127334193615927	NPC
LJP008_NPC.CAS9_24H:K11	DB11962	GSK-1059615	0.25094404762804173	1.3310868751525922	0.0001060108131029365	0.000219649038265113	NPC.CAS9
LJP007_NPC_24H:B16	DB12200	Tivantinib	0.25190005466180865	1.3270070026556582	0.0001060332944544587	0.000219649038265113	NPC
LJP009_NPC.CAS9_24H:H15	DB07138	Neflamapimod	0.2549693018824122	1.3769583695362415	0.00010611205432937182	0.0002197286113603646	NPC.CAS9
CPC018_NPC_24H:BRD-A95696820-001-01-4:10	DB04944	Acadesine	-0.24613275320328448	-1.3451186805244242	0.00010667804565820355	0.00022081666159428983	NPC
AML001_HL60_24H:BRD-K71879491:1.11111	DB00982	Isotretinoin	0.25807750687723413	1.3249006204370841	0.00010714668381013607	0.00022170244681990922	HL60
CPC015_NPC_24H:BRD-K52075715-001-03-4:10	DB04910	Oxibendazole	-0.23959990413372168	-1.2833218358525564	0.00010779346771585642	0.00022295602931278162	NPC
LJP007_NPC_24H:P14	DB05294	Vandetanib	-0.24681895630980735	-1.3294752617589132	0.00010820168794633196	0.00022371541099306145	NPC
LJP008_NPC.CAS9_24H:F02	DB12376	Ricolinostat	-0.24264854895240287	-1.305881644154074	0.00010867202782003912	0.00022460260474684366	NPC.CAS9
CPC006_THP1_6H:BRD-A62025033-001-01-8:10	DB06287	Temsirolimus	0.23211141967487744	1.3005055166741952	0.00010911074740861975	0.00022536290213787704	THP1
NMH002_NPC_6H:BRD-K81418486-001-29-3:10	DB02546	Vorinostat	-0.24262458157268413	-1.3192995747207885	0.00010912265386294194	0.00022536290213787704	NPC
CPC006_THP1_6H:BRD-K93754473-001-06-0:28.39	DB00675	Tamoxifen	0.24209632112907412	1.328006560305401	0.00010990218705352236	0.00022688677433414813	THP1
LJP009_NPC.TAK_24H:L10	DB05984	RAF-265	0.26055207550647447	1.3505633040246678	0.00011032656663724625	0.00022767657518243392	NPC.TAK
CPC006_WSUDLCL2_6H:BRD-K18849474-001-01-0:79.44	DB12181	Dalcetrapib	-0.24816834285010314	-1.349958789917647	0.00011165698972755694	0.00023033483562737693	WSUDLCL2
NMH002_NEU_24H:BRD-K32610195-001-14-9:10	DB01536	Androstenedione	-0.23565558587863633	-1.293989526195874	0.00011299435028248587	0.0002330053887309421	NEU
CPC006_THP1_6H:BRD-A84481105-003-17-2:10	DB00679	Thioridazine	-0.2281912036758343	-1.2994686218626763	0.0001147710317915758	0.0002365795000518251	THP1
CPC006_WSUDLCL2_6H:BRD-A56359832-001-03-8:160	DB00744	Zileuton	-0.2466012325406038	-1.3787191520325988	0.00011846937566639024	0.00024411056370759034	WSUDLCL2
CPC006_SKM1_6H:BRD-K55966568-001-01-3:6	DB12072	Orantinib	0.22674723086666745	1.3011569768014704	0.00012583364791745311	0.0002591868557331504	SKM1
LJP008_NPC.CAS9_24H:I06	DB16239	Molibresib	0.2303055351684274	1.3128516882303292	0.00013138877939823938	0.00027052676468915373	NPC.CAS9
LJP009_NPC_24H:O24	DB07232	Veliparib	-0.237599449083646	-1.3536707032874777	0.00013691128148959474	0.00028179094444154686	NPC
CPC014_NEU_24H:BRD-K33551950-001-01-6:10	DB03758	Radicicol	0.2493855508914749	1.3925845142099804	0.0001408649105507818	0.0002898187770531008	NEU
LJP007_NPC.CAS9_24H:P14	DB05294	Vandetanib	-0.23995452583514154	-1.335105094063517	0.0001410636196924813	0.00029011800334035237	NPC.CAS9
NMH002_NPC_6H:BRD-K05396879-001-06-7:10	DB08435	(5E,14E)-11-oxoprosta-5,9,12,14-tetraen-1-oic acid	0.24220887701878552	1.3423958623491772	0.0001414827391058291	0.00029087013860715184	NPC
CPC017_NPC_24H:BRD-A73581086-001-01-3:10	DB01253	Ergometrine	0.22737249831497602	1.311125897320233	0.00014320492624946297	0.0002942996333413492	NPC
CPC006_U937_6H:BRD-K04430056-001-09-4:80	DB02207	7-Nitroindazole	-0.2345613628028388	-1.3403312258755573	0.00014336917562724014	0.00029452603940624284	U937
CPC006_THP1_6H:BRD-K52836380-001-01-7:22.2	DB07403	4-[(3-CHLORO-4-{[(2R)-3,3,3-TRIFLUORO-2-HYDROXY-2-METHYLPROPANOYL]AMINO}PHENYL)SULFONYL]-N,N-DIMETHYLBENZAMIDE	0.22856997124584422	1.3317445647050503	0.00014703720041170417	0.00030194743342463836	THP1
CPC006_THP1_6H:BRD-A01145011-001-01-4:11.1	DB03068	Zebularine	-0.2186740959433219	-1.2800944597715167	0.0001491869312248247	0.00030624652372800425	THP1
NMH001_NEU_24H:BRD-K75527158-001-01-5:10	DB00630	Alendronic acid	-0.24660010294043755	-1.3976452546613916	0.0001531159087429184	0.0003141933832004271	NEU
PCLB001_JURKAT_6H:BRD-A19037878-001-02-3:10	DB04297	Trichostatin A	-0.23007723293697785	-1.2883923447329877	0.0001592103168285305	0.00032657603971682756	JURKAT
LJP007_NPC.TAK_24H:P08	DB07859	4-(4-CHLOROPHENYL)-4-[4-(1H-PYRAZOL-4-YL)PHENYL]PIPERIDINE	-0.2362265555072879	-1.347848092680082	0.00016297262059973924	0.00033416750443756774	NPC.TAK
CPC006_NOMO1_6H:BRD-K50590187-001-10-8:160	DB09120	Zucapsaicin	-0.22571964846975145	-1.3009705374118585	0.00016688918558077436	0.000342069440975874	NOMO1
NMH002_NEU_6H:BRD-K32107296-001-11-0:10	DB00853	Temozolomide	-0.21792002221935394	-1.3419979300469949	0.00017085255424568598	0.00035006132822498336	NEU
LJP007_JURKAT_24H:M16	DB07460	2-({5-CHLORO-2-[(2-METHOXY-4-MORPHOLIN-4-YLPHENYL)AMINO]PYRIMIDIN-4-YL}AMINO)-N-METHYLBENZAMIDE	-0.22541565219686052	-1.2877604337249204	0.00017409470752089137	0.0003565700553436534	JURKAT
PCLB001_JURKAT_24H:BRD-A19037878-001-02-3:0.16	DB04297	Trichostatin A	-0.22619483426760867	-1.3153454895085148	0.00017513134851138354	0.0003585583924785695	JURKAT
LJP007_JURKAT_24H:I05	DB01268	Sunitinib	-0.22697734183504054	-1.2948659815971093	0.0001830831197363603	0.0003746977339662601	JURKAT
LJP009_NPC_24H:K11	DB11962	GSK-1059615	0.22649546706235493	1.2991971909302173	0.00018615040953090097	0.00038083213009214377	NPC
CPC006_WSUDLCL2_6H:BRD-K32107296-001-03-7:10	DB00853	Temozolomide	-0.22427026254649512	-1.310570811876616	0.00019127773527161438	0.00039117482023627933	WSUDLCL2
CPC016_NEU_24H:BRD-A94669766-001-04-2:10	DB03467	Naringenin	-0.21859131304640908	-1.294134269806596	0.0001973164956590371	0.00040337298624591446	NEU
AML001_HL60_6H:BRD-K26684619:10	DB08784	2-(4-CHLORO-PHENYLAMINO)-NICOTINIC ACID	-0.2632548909450687	-1.2754639483371517	0.0002	0.0004085929973342421	HL60
LJP007_NEU_24H:K09	DB11962	GSK-1059615	0.2730191682582381	1.2655456881251128	0.00020002000200020003	0.0004085929973342421	NEU
LJP007_NPC.CAS9_24H:P17	DB05294	Vandetanib	-0.2556450095693238	-1.2779486055556972	0.00020056157240272763	0.0004095456780297168	NPC.CAS9
CPC006_U937_6H:BRD-K32164935-001-17-5:10	DB00839	Tolazamide	-0.24588784300603073	-1.2739751654070635	0.00020066218521119696	0.00040959754897308047	U937
LJP007_NPC.TAK_24H:E07	DB05913	OSI-930	0.2700337423526613	1.334296970961721	0.0002007628990162618	0.00040964958712722433	NPC.TAK
LPROT002_NPC.TAK_6H:I08	DB09074	Olaparib	-0.25502942654486344	-1.2961228134927512	0.00020086371397007131	0.0004097017926146099	NPC.TAK
LJP009_NPC_24H:K08	DB11962	GSK-1059615	0.253920913556315	1.2925067117524744	0.00020098482564566376	0.0004097953427428996	NPC
LJP007_JURKAT_24H:C02	DB11800	Tivozanib	0.24864666412001563	1.2892508600889425	0.00020143015409406788	0.00041054963293274464	JURKAT
LJP007_NEU_24H:P17	DB05294	Vandetanib	-0.2569360036706177	-1.3063488858436203	0.0002021835826930853	0.0004119310854270642	NEU
LJP009_NPC.CAS9_24H:F06	DB11962	GSK-1059615	0.2507672345126851	1.2961610503133434	0.0002030456852791878	0.0004135328354638956	NPC.CAS9
CPC006_U937_6H:BRD-K69932463-001-03-1:10	DB12774	AZD-8055	0.2423820573883736	1.3035125128570466	0.0002034587995930824	0.0004142192981622156	U937
LPROT003_NPC_6H:D09	DB09073	Palbociclib	0.2652097153773851	1.337201698929807	0.0002037282265457879	0.0004146128257729301	NPC
CPC006_NOMO1_6H:BRD-A02006392-001-09-9:10	DB01054	Nitrendipine	-0.22866938148904167	-1.2909488703771943	0.00020387359836901122	0.00041475368573688277	NOMO1
LJP007_NPC_24H:M17	DB07460	2-({5-CHLORO-2-[(2-METHOXY-4-MORPHOLIN-4-YLPHENYL)AMINO]PYRIMIDIN-4-YL}AMINO)-N-METHYLBENZAMIDE	0.24780992194380538	1.3004485873021865	0.00020414412575278147	0.00041514895774818816	NPC
LJP008_NPC.CAS9_24H:D05	DB09074	Olaparib	0.2439549904047944	1.3000684835278327	0.00020837674515524068	0.000423598265813901	NPC.CAS9
LJP007_NPC.TAK_24H:A14	DB12742	Amuvatinib	-0.24018990346017352	-1.2916040927875065	0.00020999580008399833	0.000426730271364722	NPC.TAK
CPC006_WSUDLCL2_6H:BRD-K98404142-001-01-9:11.1	DB05107	16-Bromoepiandrosterone	-0.22369029589000355	-1.3029095714120433	0.00021253985122210415	0.00043173891449294267	WSUDLCL2
KMS002_NOMO1_24H:BRD-A75409952-001-02-4:10	DB08059	Wortmannin	0.20964917619476328	1.3311348975998514	0.0002135155332550443	0.0004335591327766485	NOMO1
PCLB001_JURKAT_6H:BRD-A19037878-001-02-3:2.5	DB04297	Trichostatin A	-0.22941595001927717	-1.3000974126943785	0.00021710811984368216	0.0004406898325265349	JURKAT
CPC006_WSUDLCL2_6H:BRD-A91699651-316-06-7:10	DB00608	Chloroquine	-0.21150910997179637	-1.2499257848341006	0.00021843599825251202	0.0004432199875123623	WSUDLCL2
CPC006_NOMO1_6H:BRD-K11853856-003-01-3:10	DB08348	N~2~,N~2~-DIMETHYL-N~1~-(6-OXO-5,6-DIHYDROPHENANTHRIDIN-2-YL)GLYCINAMIDE	0.20719836330367833	1.2268575581093997	0.0002260397830018083	0.0004584777125615821	NOMO1
LJP007_JURKAT_24H:J23	DB03044	Doramapimod	-0.2398615809790403	-1.31083949555154	0.00022999080036798528	0.0004663179072241429	JURKAT
CPC016_NPC_24H:BRD-K36007650-300-02-3:10	DB08437	Puromycin	-0.23427108657767154	-1.2978498760815007	0.0002300966405890474	0.0004663588777997589	NPC
LJP008_NPC.CAS9_24H:I07	DB11830	Mocetinostat	-0.2337894250540057	-1.292341772554782	0.0002345765892563922	0.000475261943858003	NPC.CAS9
LJP008_NPC.CAS9_24H:H17	DB11841	Entinostat	-0.22573749268332466	-1.3142606888407147	0.0002358490566037736	0.0004776623139695615	NPC.CAS9
NMH002_NPC_6H:BRD-K81418486-001-22-8:10	DB02546	Vorinostat	-0.23512156975721915	-1.3029135001136554	0.00024035572647518327	0.00048660865664827067	NPC
LJP008_NPC.TAK_24H:J12	DB05223	Pracinostat	-0.2413539623361274	-1.3213687505161802	0.00024189646831156264	0.0004895459555647603	NPC.TAK
CPC016_NPC_24H:BRD-K41160163-001-01-9:10	DB12931	Fenobam	-0.23368066247406688	-1.3212837494118908	0.00024242424242424242	0.0004904318069251204	NPC
CPC006_WSUDLCL2_6H:BRD-K82135108-001-01-9:10	DB05719	Elesclomol	-0.22161676782095158	-1.299491999475994	0.00024354603019970775	0.0004925182623347971	WSUDLCL2
LJP008_NPC.TAK_24H:M14	DB01262	Decitabine	-0.23410229996948678	-1.3047295364024016	0.0002449779519843214	0.000495230113773799	NPC.TAK
LJP008_NPC_24H:L17	DB08756	Y-27632	-0.21447716154947977	-1.2600774147749871	0.0002503755633450175	0.0005059537357985029	NPC
NMH002_NEU_6H:BRD-K37846922-001-08-6:10	DB11875	3,3'-diindolylmethane	-0.22674484863602884	-1.2956225448294931	0.00025271670457417233	0.0005104952422518333	NEU
CPC014_NPC_24H:BRD-K50168500-001-01-2:10	DB05424	Canertinib	-0.21112289532848247	-1.2602646043473846	0.0002633658151171978	0.0005318095028284239	NPC
NMH002_NEU_6H:BRD-K93754473-048-14-5:10	DB00675	Tamoxifen	-0.21208686846146244	-1.2471949262587827	0.0002636435539151068	0.0005321730150562163	NEU
NMH002_NEU_24H:BRD-K43880410-001-09-4:10	DB02789	Pregnenolone	-0.20406671651348587	-1.2585709157929448	0.00026609898882384245	0.0005369303790791575	NEU
CPC017_NPC_24H:BRD-A97454584-001-02-0:10	DB01203	Nadolol	-0.21717036663314357	-1.292480321224659	0.00027122321670735016	0.0005470672734030477	NPC
NMH002_NEU_24H:BRD-K28912512-001-19-0:10	DB02701	Nicotinamide	-0.2286151530896233	-1.3434188772195386	0.0002717391304347826	0.0005479049627352189	NEU
LJP007_NPC_24H:H11	DB09053	Ibrutinib	0.2168648179314535	1.3023020984439968	0.0002775464890369137	0.0005594071722039349	NPC
LJP007_JURKAT_24H:I03	DB01268	Sunitinib	-0.23210682047652847	-1.3201102484666474	0.0002914177473408131	0.0005871480029663588	JURKAT
LJP009_NPC.CAS9_24H:L12	DB05984	RAF-265	0.221600678479921	1.2896588807434408	0.00029197080291970805	0.0005880447458212759	NPC.CAS9
LJP007_NPC_24H:M06	DB07794	5-(2-PHENYLPYRAZOLO[1,5-A]PYRIDIN-3-YL)-1H-PYRAZOLO[3,4-C]PYRIDAZIN-3-AMINE	-0.22827302937956748	-1.30621297436429	0.00029244041526538966	0.0005887728286637013	NPC
AML001_U937_6H:BRD-K27316855:3.33333	DB00136	Calcitriol	0.2122487998396847	1.2474558312611468	0.0002955082742316785	0.0005947295127367778	U937
DOSBIO001_NPC_24H:BRD-A75409952:0.37037	DB08059	Wortmannin	0.21963525999306138	1.2941308879326396	0.0002965599051008304	0.0005966255054226532	NPC
NMH002_NEU_6H:BRD-K77947974-001-14-8:10	DB04842	Fluspirilene	0.19857437311672965	1.2422139430249084	0.0002994011976047904	0.0006021192474725585	NEU
CPC015_NPC_24H:BRD-K01815685-001-07-2:10	DB12881	Indole-3-carbinol	-0.22639936039049288	-1.272400240653473	0.00029994001199760045	0.0006029801791579668	NPC
CPC006_U937_6H:BRD-K68185022-001-06-4:70.07	DB15588	Ursolic acid	-0.259261621329685	-1.266178648597359	0.0003000600120024005	0.0006029988285479975	U937
LJP009_NPC_24H:I19	DB11363	Alectinib	0.2581867555153878	1.2839606719697536	0.0003008725303379801	0.0006044086315826778	NPC
LJP007_JURKAT_24H:M12	DB05575	Motesanib	-0.22983871367653444	-1.3280451805911924	0.00030129557095510696	0.0006050352800226816	JURKAT
CPC006_U937_6H:BRD-K35960502-001-10-1:10	DB06803	Niclosamide	0.23551310137420733	1.296303616812956	0.0003023888720895071	0.0006070069286396814	U937
AML001_HL60_6H:BRD-A75409952:1.11111	DB08059	Wortmannin	0.23973249376374223	1.2641756089114382	0.000302571860816944	0.0006071504620519812	HL60
CPC013_NEU_24H:BRD-K64881305-001-01-1:10	DB06188	Ispinesib	0.24869108037959578	1.2870138131729707	0.0003033673778946304	0.0006085225561746435	NEU
LJP007_NPC_24H:I15	DB11526	Masitinib	-0.25676934633924486	-1.309152729579203	0.00030358227079538557	0.0006086285331970395	NPC
CPC006_WSUDLCL2_6H:BRD-K98548675-001-02-6:10	DB13063	Parthenolide	0.2490680813972391	1.2716972748859616	0.0003036437246963563	0.0006086285331970395	WSUDLCL2
CPC014_NEU_24H:BRD-K16485616-001-03-0:10	DB11830	Mocetinostat	-0.20647609539532677	-1.2464188605572406	0.00030395136778115504	0.0006090210260986646	NEU
LJP009_NPC.CAS9_24H:G13	DB01254	Dasatinib	0.24877592050995428	1.286555445500718	0.0003065917220235054	0.0006140855160500222	NPC.CAS9
PCLB001_JURKAT_24H:BRD-A58955223-001-02-0:0.16	DB12422	Sulforaphane	0.21702457581596934	1.267054342045237	0.00030902348578491963	0.0006187286410237766	JURKAT
LJP007_NPC.TAK_24H:F17	DB12247	AZD-4547	0.2506438967117871	1.2896297979432672	0.0003127606338615513	0.000625981040797504	NPC.TAK
CPC006_SKM1_6H:BRD-A12409803-001-01-3:40	DB12066	Orteronel	0.2414224928388722	1.4208736528545074	0.0003139717425431711	0.0006279434850863422	SKM1
CPC006_THP1_6H:BRD-K56851771-001-02-7:0.25	DB08899	Enzalutamide	-0.21423479536995266	-1.2609827376580411	0.0003139717425431711	0.0006279434850863422	THP1
LJP009_NPC.TAK_24H:L09	DB05984	RAF-265	0.24566981574002844	1.2888267943002245	0.0003180661577608143	0.000635898786771437	NPC.TAK
CPC015_NPC_24H:BRD-K93645900-001-04-8:10	DB00820	Tadalafil	0.2120207056012575	1.2388836966438974	0.0003225806451612903	0.0006446877774489493	NPC
NMH002_NEU_6H:BRD-K41260949-001-14-1:10	DB00313	Valproic acid	-0.23908177860281757	-1.2888448861918758	0.0003237293622531564	0.0006467461873920358	NEU
LJP008_NPC.TAK_24H:L17	DB08756	Y-27632	0.22175043318349133	1.3204618210229166	0.00032583903551645487	0.0006507221809397188	NPC.TAK
LJP009_NPC.CAS9_24H:L20	DB12588	AZD-1480	-0.21653976399899275	-1.2861775501014572	0.000328515111695138	0.0006558259891098685	NPC.CAS9
NMH002_NEU_6H:BRD-K75516118-001-02-5:10	DB04149	(R)-Rolipram	0.21142344656211698	1.2706044711328783	0.0003287310979618672	0.0006560166945768885	NEU
LJP007_NPC.CAS9_24H:M23	DB12874	Quizartinib	0.22578237690911102	1.2755741885304126	0.0003291639236339697	0.0006566398271467397	NPC.CAS9
CPC006_NOMO1_6H:BRD-A12409803-001-01-3:40	DB12066	Orteronel	0.20552857561613375	1.253361033254057	0.00033046926635822867	0.0006590024257000782	NOMO1
CPC017_NPC_24H:BRD-K24201553-003-02-4:10	DB13988	SB-269970	-0.21354391698529548	-1.2505942569124606	0.0003332777870354941	0.0006643597467771965	NPC
LJP008_NPC_24H:G15	DB01254	Dasatinib	0.24141298593766705	1.322239418454127	0.000333667000333667	0.0006648922370351812	NPC
LJP007_NPC.TAK_24H:D06	DB12494	SGI-1776	0.2225502777353659	1.2729851239348566	0.00033528918692372173	0.0006678803628334268	NPC.TAK
CPC006_SKM1_6H:BRD-A45889380-300-04-8:10	DB01103	Quinacrine	0.22455410899973205	1.270604196045804	0.00034417484081913615	0.0006853295002197498	SKM1
NMH002_NEU_6H:BRD-K08252256-236-26-2:10	DB00586	Diclofenac	-0.24061481905064458	-1.3264623100525799	0.00035169988276670573	0.0007000575882848975	NEU
PCLB001_JURKAT_24H:BRD-K36452089-001-01-8:0.37	DB07726	t-Butylhydroquinone	0.23231171399545283	1.2906917940847336	0.00035444234404536864	0.000705258679456002	JURKAT
NMH002_NPC_6H:BRD-K97399794-001-12-0:10	DB04216	Quercetin	-0.20943572613341296	-1.2427651862108327	0.0003699593044765076	0.0007358650007958583	NPC
LJP008_NPC.CAS9_24H:I02	DB16239	Molibresib	0.20859373228852665	1.2164723724326574	0.0003732736095558044	0.0007421862276892701	NPC.CAS9
LJP008_NPC_24H:I01	DB16239	Molibresib	0.21657867925990285	1.241092403644311	0.0003755163349605708	0.0007463729781734557	NPC
LJP007_NPC.CAS9_24H:M24	DB12874	Quizartinib	-0.2320516275823576	-1.298973350323542	0.0003761755485893417	0.0007474104478721469	NPC.CAS9
CPC014_NPC_24H:BRD-K84937637-001-03-2:10	DB00877	Sirolimus	0.22471008405809859	1.2858678455544896	0.0003785966683493185	0.0007519465557368302	NPC
CPC016_NEU_24H:BRD-K94441233-001-03-1:10	DB06693	Mevastatin	-0.2088515316538152	-1.2402290899234742	0.000392156862745098	0.0007785950690885177	NEU
CPC006_SKM1_6H:BRD-A70155556-001-04-4:40	DB03785	Mevinolinic acid	0.25008229545335203	1.2729181666472245	0.00040012003601080324	0.000794115785756135	SKM1
LJP008_NPC_24H:I12	DB11830	Mocetinostat	-0.22350018425463497	-1.319442045954453	0.0004008016032064128	0.0007951786998404824	NPC
LPROT002_NPC.TAK_6H:C02	DB00773	Etoposide	-0.2209135767249038	-1.2722503571993453	0.0004032258064516129	0.0007996969198599722	NPC.TAK
LJP007_NPC_24H:P10	DB07859	4-(4-CHLOROPHENYL)-4-[4-(1H-PYRAZOL-4-YL)PHENYL]PIPERIDINE	-0.23172277524827178	-1.3142306257424874	0.00040404040404040404	0.0008010207646174156	NPC
CPC006_THP1_6H:BRD-K18849474-001-01-0:79.44	DB12181	Dalcetrapib	-0.24263856730427819	-1.278101690977265	0.0004110574452779776	0.0008146356793973312	THP1
CPC006_THP1_6H:BRD-K92991072-001-02-3:10	DB13048	PAC-1	-0.24453672929595993	-1.2747729223217654	0.00041164968611711434	0.0008155126193502382	THP1
CPC014_NEU_24H:BRD-K52911425-001-01-5:10	DB11663	Pictilisib	0.22093478741255493	1.29004601649078	0.0004123711340206186	0.000816347944702395	NEU
KHW001_U937_6H:BRD-K81651477-001-01-9:10	DB13063	Parthenolide	-0.21123075256206475	-1.2454607073174515	0.0004123711340206186	0.000816347944702395	U937
LJP009_NPC.TAK_24H:K10	DB11962	GSK-1059615	0.24392682709792315	1.2959877484362206	0.00041446482229820747	0.0008201945574985603	NPC.TAK
LJP007_JURKAT_24H:L11	DB11836	Sapanisertib	0.24218294702346368	1.2875081623166393	0.0004184538131603724	0.0008277876739816158	JURKAT
NMH002_NPC_6H:BRD-K30984264-003-10-0:10	DB07919	Harmine	-0.22153063193976041	-1.2874375582882853	0.00042716787697565144	0.0008447190479336956	NPC
CPC016_NEU_24H:BRD-K68264559-045-01-6:10	DB00484	Brimonidine	0.22867722773135726	1.2798704828813163	0.00043091065785693766	0.0008518110499778157	NEU
LJP008_NPC.TAK_24H:K22	DB12332	Rucaparib	-0.20253390863364426	-1.1924938593236012	0.00043271311120726956	0.0008550637168486177	NPC.TAK
CPC014_NPC_24H:BRD-K81418486:10	DB02546	Vorinostat	-0.23377151203637145	-1.3013781526383883	0.00043390222736476716	0.0008571024774133196	NPC
CPC017_NPC_24H:BRD-K54759182-003-02-3:10	DB09167	Dosulepin	0.21991817879917328	1.2642494075453223	0.00043750911477322444	0.0008639139372933213	NPC
NMH001_NPC_24H:BRD-K48300629-001-10-3:10	DB00909	Zonisamide	0.23453750132060827	1.275939202601124	0.0004459308807134894	0.0008802245655547892	NPC
CPC014_NEU_24H:BRD-K29582115-311-02-0:10	DB00246	Ziprasidone	-0.23428321358237633	-1.2739179140928798	0.0004472271914132379	0.0008824635088538022	NEU
LJP007_NPC.TAK_24H:M22	DB12874	Quizartinib	-0.22070202249387208	-1.2551887221956324	0.00045920710240318386	0.0009057739513537629	NPC.TAK
NMH002_NPC_6H:BRD-K52313696-001-10-7:10	DB12291	Tacedinaline	-0.21068230856256975	-1.272289348013443	0.00046175157765122367	0.0009104631035078074	NPC
LJP008_NPC_24H:F03	DB12376	Ricolinostat	-0.23271015307366105	-1.2760166272461837	0.00046592894583576003	0.0009183673684479005	NPC
LJP009_NPC.CAS9_24H:B07	DB12242	AZD-7762	-0.21130910428458305	-1.2290549595719085	0.00046948356807511736	0.000925038897155242	NPC.CAS9
CPC015_NPC_24H:BRD-A49765801-001-03-3:10	DB00846	Flurandrenolide	-0.22641905711089497	-1.2516453673129806	0.0004731488052992666	0.0009319234696780492	NPC
CPC006_U937_6H:BRD-K14888893-001-05-6:10	DB00350	Minoxidil	-0.21062150687806316	-1.291828558813606	0.0004734848484848485	0.0009322481868577313	U937
CPC006_WSUDLCL2_6H:BRD-K81418486-001-13-7:11.1	DB02546	Vorinostat	-0.22232584366768968	-1.25258821197171	0.000473858790080556	0.0009326472608524423	WSUDLCL2
CPC006_NOMO1_6H:BRD-K87142802-001-02-7:10	DB07232	Veliparib	-0.2065883629011288	-1.2421263104185085	0.00047938638542665386	0.0009431857857780191	NOMO1
CPC018_NPC_24H:BRD-A02006392-001-09-9:10	DB01054	Nitrendipine	-0.21077441020073548	-1.2615065134012438	0.00048192771084337347	0.0009478433778450749	NPC
LJP009_NPC.CAS9_24H:E12	DB01782	Pyrazolanthrone	-0.21284098797039216	-1.2472991654070607	0.0004878048780487805	0.0009590560887558334	NPC.CAS9
CPC006_THP1_6H:BRD-K80738081-001-21-1:10	DB02709	Resveratrol	-0.21912854542363255	-1.2703460986701534	0.000493421052631579	0.0009693979266347687	THP1
LJP007_NPC_24H:I13	DB11526	Masitinib	0.22025110977326287	1.2498594826296403	0.000493421052631579	0.0009693979266347687	NPC
CPC006_PL21_6H:BRD-K69932463-001-03-1:10	DB12774	AZD-8055	0.24936327714148113	1.2590912798103577	0.0005009518084360284	0.000983838279387887	PL21
LPROT003_NPC_6H:B13	DB12432	CC-401	-0.25432929613234007	-1.2593810079023076	0.0005017561465127947	0.00098506271590075	NPC
CPC006_U937_6H:BRD-K58550667-001-01-2:0.08	DB12731	Daporinad	-0.2439907173930654	-1.2889353932926453	0.0005101520253035404	0.001001184839568678	U937
LJP008_NPC.TAK_24H:G17	DB01254	Dasatinib	0.24579266443259123	1.3143412347934205	0.0005232314776056927	0.0010264836552739923	NPC.TAK
CPC015_NPC_24H:BRD-A11605036-001-03-2:10	DB11582	Thiocolchicoside	0.24489960186323884	1.2778795947625212	0.0005239991616013414	0.0010274649726135117	NPC
CPC006_WSUDLCL2_6H:BRD-K28307902-001-10-0:28.96	DB00499	Flutamide	-0.20576067755780375	-1.2063743834207183	0.0005241090146750524	0.0010274649726135117	WSUDLCL2
CPC006_SKM1_6H:BRD-K92991072-001-02-3:10	DB13048	PAC-1	-0.23927936397693508	-1.2665311052679828	0.0005308419152776304	0.0010402896979496133	SKM1
NMH002_NEU_24H:BRD-K38775274-001-17-1:10	DB01234	Dexamethasone	-0.22160599083440766	-1.261135554255122	0.0005338315761377286	0.001045772217138874	NEU
LJP007_JURKAT_24H:G18	DB01254	Dasatinib	-0.2115074911431281	-1.239640276884646	0.0005344735435595938	0.0010466533326952705	JURKAT
CPC006_THP1_6H:BRD-K20285085-001-01-4:10	DB07159	Tamatinib	-0.20147417300769052	-1.2004331156366712	0.000550357732526142	0.0010773717510199027	THP1
LJP007_NPC_24H:F06	DB12848	PF-04217903	-0.21865185022745864	-1.2593462178779102	0.0005564830272676684	0.0010889710982751426	NPC
LJP008_NEU_24H:J08	DB05223	Pracinostat	-0.22356890869803198	-1.2683698614875236	0.0005593884020137983	0.0010942633754910723	NEU
CPC006_U937_6H:BRD-K16406336-311-01-2:10	DB08167	Methylthioninium	-0.22132060944733323	-1.2801058716343454	0.0005793742757821553	0.001132952354007044	U937
CPC017_NPC_24H:BRD-K37694030-003-05-1:10	DB14750	Cidoxepin	0.20601797349386355	1.2336694149895657	0.0005830903790087463	0.0011398098363537806	NPC
CPC006_NOMO1_6H:BRD-K89732114-001-05-9:10	DB00831	Trifluoperazine	0.2297424960681978	1.2692959553324041	0.0005851375073142189	0.0011434010996889976	NOMO1
LPROT002_NPC.TAK_6H:C04	DB00773	Etoposide	-0.2327896719350942	-1.2700818103257636	0.0005865790708587518	0.0011458068937936737	NPC.TAK
LJP008_NPC.CAS9_24H:J02	DB12116	Epigallocatechin gallate	0.21718993677138806	1.2820831744035888	0.0005892751915144372	0.0011506607002465489	NPC.CAS9
CPC006_SKM1_6H:BRD-K81418486-001-13-7:11.1	DB02546	Vorinostat	-0.21051700762885697	-1.213764811045024	0.0005963029218843172	0.00116396620522652	SKM1
CPC014_NEU_24H:BRD-K37846922-001-07-8:10	DB11875	3,3'-diindolylmethane	-0.2563107896548821	-1.2578300945095282	0.0006006006006006006	0.001171935102425966	NEU
AML001_HL60_6H:BRD-A19037878:1.11111	DB04297	Trichostatin A	-0.21534285239163278	-1.2197559331077923	0.0006013229104028864	0.0011729242729420198	HL60
CPC018_NPC_24H:BRD-A71459254-001-02-8:10	DB13240	Cymarin	0.23701780528787694	1.2600864577734856	0.0006016243858417727	0.001173092160864409	NPC
LJP009_NPC.TAK_24H:F05	DB11962	GSK-1059615	-0.21706009056324116	-1.26999047763165	0.0006020469596628537	0.0011734959707673232	NPC.TAK
LJP007_NEU_24H:G08	DB11963	Dacomitinib	-0.22295472789165027	-1.2541491971500272	0.0006073489219556636	0.0011834068797747922	NEU
LJP007_JURKAT_24H:D08	DB08875	Cabozantinib	-0.22592131657217454	-1.270934898245024	0.00060960741282614	0.0011872476608212632	JURKAT
CPC016_NPC_24H:BRD-A80017228-001-15-8:10	DB00436	Bendroflumethiazide	-0.20520872435735046	-1.2071302345937938	0.0006097560975609756	0.0011872476608212632	NPC
NMH002_NEU_6H:BRD-K99792991-001-29-9:10	DB00756	Hexachlorophene	0.21998200293349668	1.2560248850777624	0.0006119951040391676	0.0011911813211570074	NEU
NMH002_NPC_6H:BRD-K22429181-001-12-6:10	DB00162	Vitamin A	-0.22568073113715206	-1.2608461428589437	0.0006140997297961189	0.0011945706915612335	NPC
PCLB001_JURKAT_6H:BRD-A19037878-001-02-3:0.37	DB04297	Trichostatin A	-0.23329619586123174	-1.2679532828119051	0.0006141751627564182	0.0011945706915612335	JURKAT
CPC006_U937_6H:BRD-K81418486-001-13-7:11.1	DB02546	Vorinostat	-0.21482988755406704	-1.2484650295720685	0.0006160164271047228	0.0011977241920786577	U937
LJP007_NPC.TAK_24H:D08	DB08875	Cabozantinib	-0.22066087081609312	-1.2758178760198065	0.0006206040546131568	0.0012062133052902397	NPC.TAK
NMH002_NPC_6H:BRD-K75516118-001-02-5:10	DB04149	(R)-Rolipram	0.23843422957610835	1.2859503612525425	0.0006215040397762585	0.0012075315735360342	NPC
LJP009_NPC.CAS9_24H:H08	DB08912	Dabrafenib	0.2351186178810675	1.267944359655877	0.0006218905472636816	0.0012077214337068267	NPC.CAS9
LJP008_NPC.TAK_24H:K23	DB12332	Rucaparib	0.22567690040044458	1.2586242445397609	0.0006220452848967405	0.0012077214337068267	NPC.TAK
LJP008_NPC_24H:I02	DB16239	Molibresib	0.2033175146725983	1.1989805213318638	0.0006309148264984228	0.0012245053974021419	NPC
LJP008_NPC.TAK_24H:G23	DB00928	Azacitidine	-0.2150453703700118	-1.2701594129820457	0.0006379585326953748	0.0012377350085710761	NPC.TAK
LJP009_NEU_24H:I04	DB11798	Tanzisertib	-0.23504191768089128	-1.2846678295354967	0.0006430868167202572	0.0012472403147644306	NEU
CPC016_NPC_24H:BRD-K73999723-001-02-2:10	DB00966	Telmisartan	0.2185193023615622	1.2865412438953496	0.0006464124111182935	0.0012532438558028574	NPC
CPC006_U937_6H:BRD-K54233340-300-01-0:10	DB08597	Dorsomorphin	0.2124668341147085	1.2423334508091302	0.0006567425569176883	0.0012728184928732136	U937
LJP007_NPC_24H:G12	DB11963	Dacomitinib	0.2079947701607427	1.2163406500744605	0.0006611570247933885	0.001280918234444964	NPC
NMH001_NEU_6H:BRD-K67097529-001-01-1:10	DB04466	SR12813	-0.20913632043534772	-1.2963894490245265	0.000671591672263264	0.00130067149614002	NEU
LPROT002_NPC.TAK_6H:E24	DB06195	Seliciclib	-0.22186930745414052	-1.285620721047695	0.0006738544474393531	0.0013045898758459714	NPC.TAK
CPC006_SKM1_6H:BRD-A19633847-050-20-6:10	DB01074	Perhexiline	0.20256706852078818	1.191748797227259	0.0006863417982155113	0.0013282933308747956	SKM1
LJP007_NPC.TAK_24H:F01	DB12848	PF-04217903	-0.2062933962371372	-1.2208389598071971	0.000711490572749911	0.0013764751897676786	NPC.TAK
LJP008_NPC.CAS9_24H:L15	DB08756	Y-27632	0.23024501199796782	1.2752263286106296	0.0007136060894386299	0.0013800776857538274	NPC.CAS9
NMH002_NPC_24H:BRD-K37270826-001-21-9:10	DB00834	Mifepristone	0.23787626442687726	1.2812019851635639	0.0007148692810457516	0.0013820298560792202	NPC
LJP008_NPC_24H:N11	DB02665	(1R,2S)-2-Phenylcyclopropanaminium	-0.24023047072173642	-1.2676813393613227	0.0007153806847215125	0.001382527753368828	NPC
LPROT003_NPC_6H:L21	DB11952	Duvelisib	-0.2453344999246099	-1.2575854319527955	0.0007158196134574087	0.0013828852837492187	NPC
CPC006_WSUDLCL2_6H:BRD-A79768653-001-02-1:10	DB00877	Sirolimus	0.2054878276985738	1.2085584715758622	0.0007230657989877079	0.0013963887735060484	WSUDLCL2
CPC006_THP1_6H:BRD-A34255068-001-16-2:10	DB04149	(R)-Rolipram	-0.23837148607173606	-1.2604650298655233	0.0007252382925818483	0.001399954294551309	THP1
LPROT003_NPC_6H:D15	DB11899	MK-8776	-0.23003240129492383	-1.2713669813857407	0.0007254261878853826	0.001399954294551309	NPC
CPC014_NPC_24H:BRD-K84085265-001-01-3:10	DB11798	Tanzisertib	-0.212452874873106	-1.2441105165040285	0.0007339449541284404	0.001415892391138323	NPC
CPC016_NEU_24H:BRD-A75409952:10	DB08059	Wortmannin	-0.23069694790136777	-1.271130546092226	0.0007492240179813764	0.0014448562329768327	NEU
NMH002_NEU_6H:BRD-A93255169-001-21-8:10	DB01041	Thalidomide	-0.2169358526401822	-1.2589839312693976	0.0007528986598403855	0.0014514287084922972	NEU
LPROT001_NPC.TAK_6H:A18	DB11841	Entinostat	-0.23525776822941533	-1.2695842163017677	0.0007567567567567568	0.001458350069815038	NPC.TAK
PCLB001_JURKAT_6H:BRD-A19037878-001-02-3:0.16	DB04297	Trichostatin A	-0.2328438295422761	-1.2672795231483605	0.0007621951219512195	0.0014683108009007223	JURKAT
LPROT001_NPC.TAK_6H:A20	DB12387	OSI-027	0.2319806556704128	1.261860980892934	0.0007670392285776902	0.0014771200985976309	NPC.TAK
CPC014_NPC_24H:BRD-K76723084-001-15-8:10	DB00982	Isotretinoin	0.22877945208699751	1.2807260443692896	0.0007688364941055869	0.0014800578108515468	NPC
NMH002_NEU_24H:BRD-K82261406-001-02-0:10	DB07374	Anisomycin	0.23682888069439534	1.2469816198063681	0.0007704160246533128	0.001482574441788672	NEU
LJP008_NEU_24H:L23	DB05015	Belinostat	-0.2237020342400991	-1.2561569393001224	0.0007767995857068876	0.0014941900535120874	NEU
NMH001_NPC_6H:BRD-A57226833-001-01-1:10	DB07780	Farnesyl diphosphate	-0.20494806346544486	-1.2142869101859302	0.000777000777000777	0.0014941900535120874	NPC
LPROT001_NPC.TAK_6H:M06	DB12920	Pinometostat	-0.2095937150180293	-1.2346740916056933	0.0007796257796257797	0.0014987087878016222	NPC.TAK
LJP007_NEU_24H:K19	DB01590	Everolimus	0.2009508761290519	1.2447234772856288	0.00078125	0.0015013011644318987	NEU
LJP007_NPC.CAS9_24H:A17	DB12742	Amuvatinib	-0.2235027071182093	-1.2566341901356906	0.0007849293563579278	0.0015078396030776984	NPC.CAS9
NMH001_NEU_24H:BRD-K58550667-001-05-3:10	DB12731	Daporinad	0.20690959212737983	1.2590666092465919	0.0007867820613690008	0.001510865693305916	NEU
LJP008_NPC.CAS9_24H:G07	DB02546	Vorinostat	-0.2236216070489407	-1.2541297484691631	0.0007995202878273036	0.0015347858609473018	NPC.CAS9
CPC006_THP1_6H:BRD-K57080016-001-04-3:80	DB11689	Selumetinib	0.24670786909666612	1.2554178318252327	0.0008012018027040561	0.0015374718173101797	THP1
LJP007_NPC_24H:F16	DB12247	AZD-4547	0.23773436079165144	1.2368813703571369	0.0008030515960650472	0.0015404786869215384	NPC
CPC014_NPC_24H:BRD-M64432851-001-01-9:10	DB01268	Sunitinib	-0.20053711605084518	-1.2230014695538598	0.0008298755186721991	0.001591373969960844	NPC
CPC006_U937_6H:BRD-A19037878:10	DB04297	Trichostatin A	-0.21399065496805061	-1.2246999913644723	0.0008358874338255781	0.0016023382487202035	U937
CPC006_THP1_6H:BRD-A13084692-001-04-1:10	DB08607	(5R)-5-(4-{[(2R)-6-HYDROXY-2,5,7,8-TETRAMETHYL-3,4-DIHYDRO-2H-CHROMEN-2-YL]METHOXY}BENZYL)-1,3-THIAZOLIDINE-2,4-DIONE	0.22103370198937958	1.2585149927086414	0.0008385744234800838	0.001606923402629323	THP1
CPC015_NPC_24H:BRD-A75402480-001-03-8:10	DB06780	Desoxycorticosterone acetate	-0.23366566574844994	-1.2550382289547743	0.0008390141583639224	0.0016072005298803805	NPC
CPC006_SKM1_6H:BRD-K41895714-001-02-2:10	DB04769	5-QUINOXALIN-6-YLMETHYLENE-THIAZOLIDINE-2,4-DIONE	0.2155202164626999	1.2317399231058421	0.000843644544431946	0.0016155021761520315	SKM1
LJP008_NEU_24H:G16	DB01254	Dasatinib	-0.2177427610652161	-1.249445297121091	0.0008449514152936206	0.0016169828928198062	NEU
LJP009_NPC.CAS9_24H:G10	DB08521	4-[4-(4-Fluorophenyl)-2-[4-[(R)-methylsulfinyl]phenyl]-1H-imidazol-5-yl]pyridine	0.2143661454373644	1.2468493574077704	0.0008450228156160216	0.0016169828928198062	NPC.CAS9
LJP007_JURKAT_24H:I08	DB06589	Pazopanib	-0.20099000309343765	-1.1992109525534675	0.0008453085376162299	0.0016169828928198062	JURKAT
LJP008_NPC_24H:C09	DB13877	Iniparib	-0.21174858267270746	-1.2357017405716748	0.0008508827908955541	0.0016270743255678327	NPC
CPC014_NPC_24H:BRD-A18497530-001-05-3:10	DB04604	5-iodotubercidin	-0.23650855477543353	-1.2670194351922233	0.0008544269998931966	0.0016332781472159876	NPC
LJP007_JURKAT_24H:G11	DB11963	Dacomitinib	-0.20923441812144458	-1.2257873341240073	0.0008748906386701663	0.0016718085677886756	JURKAT
LJP007_NPC.CAS9_24H:D03	DB12494	SGI-1776	0.23398996253494259	1.2674300837300585	0.00088261253309797	0.0016859725904074167	NPC.CAS9
NMH001_NEU_6H:BRD-A31159102-001-02-7:10	DB08544	(S)-Fluoxetine	0.23038351649684952	1.26185337658402	0.000885053656377918	0.001690042851554748	NEU
CPC015_NPC_24H:BRD-A73368467-003-07-7:10	DB00950	Fexofenadine	0.2412808995951538	1.2871869979375419	0.000888494002665482	0.0016960176440645688	NPC
NMH002_NPC_24H:BRD-K38775274-001-17-1:10	DB01234	Dexamethasone	-0.21341252464137953	-1.2388879430362025	0.0008917424647761727	0.0017016220964159202	NPC
NMH002_NPC_6H:BRD-K52313696-001-09-9:10	DB12291	Tacedinaline	-0.18602653608526704	-1.218620216616291	0.0009033423667570009	0.001723153250213179	NPC
LJP007_NPC.CAS9_24H:D10	DB08875	Cabozantinib	-0.20691585518368802	-1.2191911546133756	0.000906070673512534	0.0017277524117469399	NPC.CAS9
CPC015_NPC_24H:BRD-A97674275-001-04-3:10	DB00243	Ranolazine	-0.21360198966981161	-1.2444130808065275	0.0009115770282588879	0.0017374318135377714	NPC
PCLB001_JURKAT_6H:BRD-K07572174-001-22-0:3.33	DB11672	Curcumin	0.20675078008738268	1.2362679843345772	0.0009117848187827673	0.0017374318135377714	JURKAT
LJP007_JURKAT_24H:E07	DB05913	OSI-930	-0.23549190200051834	-1.2603706994728037	0.0009275481809749562	0.0017668511345189267	JURKAT
LJP008_NEU_24H:P14	DB11662	Rabusertib	-0.2393978884577037	-1.2647909482705275	0.0009332227291580257	0.00177703880524287	NEU
DOSBIO001_NEU_24H:BRD-K27305650:0.37037	DB02656	LY-294002	-0.2153387537766255	-1.2345689590277433	0.0009366219169528567	0.0017828881369189996	NEU
CPC015_NPC_24H:BRD-K12539581-001-14-6:10	DB08313	Nocodazole	0.20421180086064106	1.217967036599855	0.0009438414346389807	0.0017960029535443356	NPC
LJP008_NPC.CAS9_24H:M05	DB02709	Resveratrol	0.21247153593247484	1.2493735994533088	0.000944733112895607	0.001797071789322206	NPC.CAS9
DOSBIO002_NEU_24H:BRD-K27305650:10	DB02656	LY-294002	0.22706365819749985	1.2602868078815257	0.0009531752651018706	0.0018124973791008338	NEU
AML001_U937_6H:BRD-K26684619:1.11111	DB08784	2-(4-CHLORO-PHENYLAMINO)-NICOTINIC ACID	-0.2313533251084113	-1.2680430585468798	0.0009590792838874681	0.0018230875323040669	U937
AML001_HL60_24H:BRD-K19706299:1.11111	DB00374	Treprostinil	0.21720467810984545	1.2005510724270034	0.0009689922480620155	0.001841288130825449	HL60
NMH002_NEU_24H:BRD-K02404261-001-12-6:10	DB00201	Caffeine	0.21450984169120263	1.2416729044005828	0.000969743987587277	0.0018420738599233728	NEU
CPC014_NPC_24H:BRD-K64800655-001-01-7:10	DB12686	PHA-793887	-0.23053030693950238	-1.2753678976645435	0.0009738283627510651	0.0018491873303843446	NPC
LPROT001_NPC.TAK_6H:I06	DB03068	Zebularine	0.21481198921592204	1.24078370258135	0.0009987515605493133	0.001895852561433099	NPC.TAK
CPC014_NPC_24H:BRD-K24656285-001-03-6:10	DB02509	Farnesol	0.2562130925593771	1.2409981561117809	0.0010004001600640256	0.0018983203037312487	NPC
CPC006_THP1_6H:BRD-K06980535-003-15-0:10	DB00420	Promazine	0.24322972082805475	1.2594782935759115	0.0010162601626016261	0.0019277439378364528	THP1
CPC015_NPC_24H:BRD-A02180903-001-03-7:10	DB01234	Dexamethasone	0.19157988435804071	1.169023316998622	0.0010193679918450561	0.0019329659065418438	NPC
LJP007_JURKAT_24H:I23	DB13005	Rebastinib	-0.21665701915610946	-1.2447269311677513	0.0010319917440660474	0.001956222428883987	JURKAT
CPC006_SKM1_6H:BRD-K04430056-001-09-4:80	DB02207	7-Nitroindazole	-0.23275702561702305	-1.2592923499407718	0.0010612331529236973	0.0020109518965979317	SKM1
CPC006_PL21_6H:BRD-A02006392-001-09-9:10	DB01054	Nitrendipine	-0.21897313863028567	-1.2459986247897212	0.0010656112041406607	0.0020185456061739262	PL21
LJP009_NPC_24H:P21	DB09074	Olaparib	-0.2064849708527387	-1.2026299097254076	0.0010760401721664275	0.00203759206454046	NPC
LJP008_NPC.TAK_24H:D03	DB09074	Olaparib	0.20711535913332127	1.2319757478332947	0.0010793308148947653	0.0020431128320879013	NPC.TAK
CPC006_U937_6H:BRD-A75409952:10	DB08059	Wortmannin	0.23595525685056634	1.2417898593203869	0.0011039743075070252	0.002089035468618228	U937
CPC006_PL21_6H:BRD-A34817987-001-11-8:10	DB01167	Itraconazole	-0.20480291866904138	-1.2178873623549198	0.001119402985074627	0.0021174951916347407	PL21
LJP008_NPC.CAS9_24H:A22	DB11740	MK-1775	-0.21414039690742306	-1.2189775547228932	0.001129177958446251	0.0021352441533674595	NPC.CAS9
LJP007_NEU_24H:B09	DB07970	5-[(2-methyl-5-{[3-(trifluoromethyl)phenyl]carbamoyl}phenyl)amino]pyridine-3-carboxamide	-0.22103841741101934	-1.2771025539366063	0.0011409013120365088	0.002156663847744126	NEU
LJP007_NPC.CAS9_24H:E11	DB05913	OSI-930	-0.2306852881503196	-1.2506755530523288	0.0011799410029498525	0.002229687266504128	NPC.CAS9
LJP009_NEU_24H:F06	DB11962	GSK-1059615	-0.22809096328224046	-1.2869278619888194	0.0011890606420927466	0.0022461409146157124	NEU
CPC006_THP1_6H:BRD-K01638814-051-10-1:10	DB11738	Rilmenidine	-0.21131723787857237	-1.2337059601912168	0.0011933174224343676	0.002253400375373636	THP1
LJP008_NPC.TAK_24H:K08	DB11962	GSK-1059615	0.27470836974688867	1.2149541662589771	0.0012	0.002264675532002265	NPC.TAK
LJP008_NPC.CAS9_24H:D01	DB09074	Olaparib	-0.2625624063763244	-1.2243010797629355	0.0012001200120012002	0.002264675532002265	NPC.CAS9
CPC014_NEU_24H:BRD-K81783531-001-01-4:10	DB11954	Lomibuvir	0.24834501759398714	1.241509676787767	0.0012080942313500453	0.0022789335586880315	NEU
CPC017_NPC_24H:BRD-K56699285-001-04-5:10	DB13520	Metergoline	-0.21442064218070772	-1.2422682910458043	0.001217391304347826	0.0022956762615921954	NPC
CPC012_NEU_24H:BRD-A15010982-001-01-9:10	DB06444	Dexanabinol	-0.21079692060563868	-1.2157045725323756	0.001221001221001221	0.002301686621520474	NEU
LJP009_NPC.CAS9_24H:E16	DB13113	JNJ-38877605	0.2006771637393721	1.209711389846555	0.0012239902080783353	0.002306522724288794	NPC.CAS9
CPC006_NOMO1_6H:BRD-K56851771-001-02-7:0.25	DB08899	Enzalutamide	-0.2173585455827279	-1.2422093675057748	0.001225865767698437	0.002309258032129259	NOMO1
NMH002_NEU_6H:BRD-K01507359-001-11-2:10	DB01045	Rifampicin	-0.22282573127696473	-1.2482030270956108	0.0012470382840753212	0.0023483300467061546	NEU
CPC017_NPC_24H:BRD-K59574735-001-05-0:10	DB03424	Ubenimex	0.2051292756614593	1.221839480234921	0.0012523481527864746	0.002357514013161127	NPC
LJP009_NPC.TAK_24H:N09	DB08896	Regorafenib	0.23430343530540587	1.258104847845371	0.0012586532410320957	0.0023685644611820293	NPC.TAK
CPC016_NEU_24H:BRD-K41160163-001-01-9:10	DB12931	Fenobam	-0.2262879886578562	-1.2533097182120392	0.0012613232427473914	0.0023727690431786853	NEU
LJP009_NPC.CAS9_24H:B14	DB11805	Saracatinib	0.2165096557349656	1.2307335880384607	0.001270186898929414	0.002388618042669057	NPC.CAS9
LJP008_NPC.TAK_24H:A23	DB11740	MK-1775	0.21689714437149316	1.240729851907079	0.0012933264355923435	0.0024312929817866423	NPC.TAK
CPC013_NEU_24H:BRD-K42125900-001-01-9:10	DB01248	Docetaxel	0.25292122587678034	1.229759045360428	0.001302474701933674	0.0024476456959043437	NEU
AML001_HL60_24H:BRD-A75409952:0.37037	DB08059	Wortmannin	-0.19660457615003396	-1.2927058387347046	0.001304696908871939	0.0024509759798953365	HL60
CPC014_NPC_24H:BRD-K43880410-001-07-8:10	DB02789	Pregnenolone	-0.24541195556622378	-1.259775169968658	0.0013164556962025316	0.0024722130074203404	NPC
LPROT003_NPC_6H:F09	DB12021	Dinaciclib	-0.2012295372715997	-1.2161847108647519	0.001336898395721925	0.0025097375605314044	NPC
CPC015_NPC_24H:BRD-A39290993-001-03-2:10	DB04839	Cyproterone acetate	0.18988740932578546	1.2181952183260754	0.001366120218579235	0.002563711478422644	NPC
NMH001_NEU_24H:BRD-K66296774-001-05-3:10	DB01095	Fluvastatin	0.2079225075106866	1.2093816585002999	0.0013844023996308261	0.0025971255488768446	NEU
CPC016_NPC_24H:BRD-K80315159-051-01-2:10	DB04905	Tesmilifene	-0.20701789452517103	-1.2415918986073322	0.001388567461235825	0.0026040421466564405	NPC
LPROT003_NPC_6H:D11	DB09073	Palbociclib	-0.20837643676010273	-1.2103123913938918	0.001413094677343382	0.0026491268890919306	NPC
LJP009_NPC_24H:D16	DB16108	TAK-715	-0.2418075191457709	-1.2488986945314107	0.0014154281670205238	0.002652588368063927	NPC
NMH002_NEU_24H:BRD-K71799949-001-29-9:10	DB00564	Carbamazepine	-0.198224247026702	-1.2091245199620253	0.0014204545454545455	0.002661092347624855	NEU
NMH002_NEU_24H:BRD-K61250553-003-24-9:10	DB00836	Loperamide	0.1892900596291747	1.1933344802893537	0.0014234875444839859	0.0026652570940059817	NEU
CPC013_NEU_24H:BRD-K99616396-316-01-2:10	DB05575	Motesanib	0.23332113441858554	1.2790112540241036	0.0014236564242496145	0.0026652570940059817	NEU
LJP009_NPC.CAS9_24H:B11	DB12242	AZD-7762	-0.20667677822180858	-1.2044003563678816	0.0014318442153493699	0.002679664466251776	NPC.CAS9
DOSBIO002_NEU_24H:BRD-A13084692:3.33333	DB08607	(5R)-5-(4-{[(2R)-6-HYDROXY-2,5,7,8-TETRAMETHYL-3,4-DIHYDRO-2H-CHROMEN-2-YL]METHOXY}BENZYL)-1,3-THIAZOLIDINE-2,4-DIONE	-0.19686870432816428	-1.1806483795803682	0.001455604075691412	0.002723194708421652	NEU
LJP009_NPC.TAK_24H:I22	DB11363	Alectinib	-0.22187001936969492	-1.235368890618208	0.001459498905375821	0.002729543625919204	NPC.TAK
LJP007_NEU_24H:G17	DB01254	Dasatinib	-0.21699910644263018	-1.2321214637677316	0.0014619883040935672	0.0027332606605195904	NEU
CPC016_NPC_24H:BRD-K79116891-003-03-7:10	DB00807	Proparacaine	0.21824907287288284	1.2549341127629405	0.001492351697550056	0.002789069095695815	NPC
CPC006_PL21_6H:BRD-K76205745-237-05-8:160	DB00678	Losartan	-0.21211244999068343	-1.2210873820630823	0.0015121729925903524	0.002825143779638785	PL21
CPC006_PL21_6H:BRD-K49456190-001-01-0:10	DB11684	APR-246	0.21183261962168562	1.2221873078060153	0.0015311004784688996	0.0028595244189786105	PL21
LJP007_NPC.CAS9_24H:C03	DB11800	Tivozanib	0.1972224242729798	1.1997169319582608	0.0015372790161414297	0.0028700793698684356	NPC.CAS9
LJP007_NPC_24H:P02	DB09054	Idelalisib	-0.20797202814986365	-1.2104429755211428	0.001554001554001554	0.0029003058475299734	NPC
CPC018_NPC_24H:BRD-A93000692-001-05-7:10	DB09201	Ciglitazone	-0.19749757469785797	-1.1968662980639166	0.0015754233950374162	0.002939279139901942	NPC
LJP007_JURKAT_24H:A15	DB12742	Amuvatinib	-0.2468068626944342	-1.235484211315362	0.0016082018293295808	0.002999406562509896	JURKAT
NMH002_NPC_6H:BRD-K37846922-001-08-6:10	DB11875	3,3'-diindolylmethane	0.19781877736343198	1.2069684853690656	0.001625487646293888	0.003030607915685216	NPC
CPC006_THP1_6H:BRD-A04706586-236-01-7:10	DB13242	Bucladesine	-0.22180935876669178	-1.2585967918403584	0.001628256513026052	0.003034731338103997	THP1
CPC017_NPC_24H:BRD-K68620903-001-03-1:10	DB00378	Dydrogesterone	-0.21357443802521894	-1.2215428377802917	0.0016498247061249743	0.0030738779847952822	NPC
LJP009_NPC.TAK_24H:I18	DB12146	Rigosertib	-0.22293474710257405	-1.2400355644456889	0.0016839741790625876	0.0031364307042321656	NPC.TAK
CPC016_NEU_24H:BRD-A44780397-001-01-1:10	DB00834	Mifepristone	-0.22229255596566982	-1.2515940399237084	0.0016887503247596778	0.003144251032014088	NEU
CPC006_U937_6H:BRD-K53414658-001-01-7:10	DB11800	Tivozanib	-0.24812641733747803	-1.2396441165667957	0.00170238333667134	0.0031685508036610106	U937
LJP008_NPC.CAS9_24H:M15	DB01262	Decitabine	0.21485648047416725	1.225672026646553	0.0017091095539224065	0.003179983133126555	NPC.CAS9
CPC006_WSUDLCL2_6H:BRD-A14395271-001-01-5:10	DB00933	Mesoridazine	-0.239672235987066	-1.2351882518393902	0.0017107779007748817	0.0031820001528756847	WSUDLCL2
LJP007_NEU_24H:P24	DB11886	Infigratinib	-0.20705625656973836	-1.1977234703097936	0.0017123287671232876	0.0031837973594241805	NEU
CPC018_NPC_24H:BRD-K72816382-001-01-3:10	DB00587	Cinalukast	-0.20610159004300735	-1.2136911591043587	0.0017231476163124641	0.003202819767384874	NPC
LJP007_JURKAT_24H:G08	DB11963	Dacomitinib	-0.2081177967793451	-1.2084354495858542	0.0017367141368530739	0.003226934557933074	JURKAT
CPC014_NPC_24H:BRD-K99451608-001-01-6:10	DB01601	Lopinavir	0.20220702883222133	1.208274854419479	0.0017574692442882249	0.0032643852334221257	NPC
LJP007_NPC_24H:M07	DB05575	Motesanib	0.20498769579604909	1.1934390578138834	0.0017645576002016637	0.0032764339211381723	NPC
LJP009_NPC.TAK_24H:I14	DB12146	Rigosertib	-0.2279645520772752	-1.2393723073245593	0.0017708069820389577	0.0032869171179905126	NPC.TAK
CPC006_THP1_6H:BRD-K32107296-001-03-7:10	DB00853	Temozolomide	-0.2017582058349558	-1.2114718461765615	0.001772421127259837	0.0032887923199513024	THP1
LJP007_NPC.TAK_24H:F03	DB12848	PF-04217903	0.18917363699516285	1.154129475110205	0.0017985611510791368	0.0033361594103463823	NPC.TAK
CPC006_NOMO1_6H:BRD-K19796430-001-01-5:10	DB09143	Sonidegib	-0.21967362479109484	-1.2409621057298923	0.0018170019467878002	0.0033692177739892267	NOMO1
NMH002_NEU_6H:BRD-K24656285-001-04-4:10	DB02509	Farnesol	-0.19111369659999525	-1.1786094891176653	0.001841620626151013	0.003413705217841531	NEU
LJP008_NPC_24H:G24	DB00928	Azacitidine	-0.2003929846518686	-1.2002149847858181	0.0018575851393188853	0.003442126120697737	NPC
CPC006_THP1_6H:BRD-K36927236-001-17-7:10	DB01016	Glyburide	-0.23569699771500172	-1.2483175076615818	0.0018664454583160513	0.0034573680156425902	THP1
LJP009_NPC_24H:L07	DB05984	RAF-265	0.22592279805766477	1.245837170710382	0.0018814675446848542	0.0034840096050165643	NPC
NMH001_NPC_6H:BRD-K21283037-001-16-5:10	DB00740	Riluzole	0.202937758960124	1.195992673488436	0.0018953752843062926	0.003508570291751214	NPC
LJP009_NPC.CAS9_24H:L10	DB05984	RAF-265	0.23742357280889986	1.2360781954154354	0.001910828025477707	0.0035359733016485195	NPC.CAS9
CPC006_NOMO1_6H:BRD-K71799949-001-20-8:96	DB00564	Carbamazepine	-0.2374026970937896	-1.24479622830879	0.001918610522064021	0.0035491687850409846	NOMO1
NMH002_NPC_24H:BRD-A91699651-001-02-4:10	DB00608	Chloroquine	-0.193734550645088	-1.181387568131084	0.0019342359767891683	0.003576858787637966	NPC
LJP008_NPC.TAK_24H:A12	DB07232	Veliparib	0.19786752333008142	1.194604557275574	0.0019801980198019802	0.003660610460231359	NPC.TAK
LJP009_NPC_24H:K24	DB12432	CC-401	-0.2094026326005713	-1.2141789851853848	0.001993024414549078	0.0036830712458887954	NPC
LJP007_NPC.CAS9_24H:F14	DB12247	AZD-4547	0.2412587745827342	1.2320424851101899	0.0020082337584094788	0.0037099189444701566	NPC.CAS9
LJP008_NPC.CAS9_24H:C11	DB13877	Iniparib	0.21617406311489923	1.2350802063777648	0.0020172910662824206	0.003725387299753836	NPC.CAS9
DOSBIO001_NPC_24H:BRD-A13084692:10	DB08607	(5R)-5-(4-{[(2R)-6-HYDROXY-2,5,7,8-TETRAMETHYL-3,4-DIHYDRO-2H-CHROMEN-2-YL]METHOXY}BENZYL)-1,3-THIAZOLIDINE-2,4-DIONE	0.2017521249356219	1.206659967231248	0.002025829323879463	0.0037398869484229	NPC
CPC006_U937_6H:BRD-K49456190-001-01-0:10	DB11684	APR-246	-0.19848480342470093	-1.1965236835650273	0.0020380434782608695	0.0037611605498504563	U937
CPC006_PL21_6H:BRD-K64634304-001-01-5:40	DB00162	Vitamin A	0.23447857561020663	1.2272086346295852	0.002039775624681285	0.0037630819959397965	PL21
LJP007_JURKAT_24H:J21	DB03044	Doramapimod	-0.20501531121862016	-1.1908019204108886	0.0020455873758036236	0.0037725258545975395	JURKAT
LJP008_NPC.TAK_24H:D21	DB13978	Selisistat	0.20051803348987768	1.191226604141886	0.0020491803278688526	0.00377787273716106	NPC.TAK
CPC015_NPC_24H:BRD-A62525898-001-04-5:10	DB00635	Prednisone	-0.21113235062369157	-1.2208390178670934	0.0020582181711261394	0.003793250815550916	NPC
NMH002_NEU_6H:BRD-K53597484-001-01-9:10	DB08633	TNP-470	-0.19862846489824004	-1.195618497090857	0.002073971655720705	0.0038209910815476863	NEU
NMH001_NPC_6H:BRD-K12807006-001-14-4:10	DB01852	Kaempherol	0.1953822740335534	1.1790643828519634	0.002079002079002079	0.003828963585473562	NPC
LPROT003_NPC_6H:D07	DB09073	Palbociclib	0.21363363206089675	1.2229718691468947	0.0021141649048625794	0.0038910922851914855	NPC
LJP009_NPC.TAK_24H:L21	DB12588	AZD-1480	0.19948245527851446	1.1910021037567746	0.0021141649048625794	0.0038910922851914855	NPC.TAK
LJP007_NEU_24H:G10	DB11963	Dacomitinib	0.22916069565660277	1.2485922460456078	0.00212630236019562	0.003912109004603158	NEU
NMH001_NPC_6H:BRD-A14999564-001-01-0:10	DB07841	Geranylgeranyl diphosphate	-0.19411607333382172	-1.1714952484112238	0.002127659574468085	0.0039132840400382275	NPC
LJP007_NEU_24H:I10	DB06589	Pazopanib	0.2344593039114187	1.245235598593368	0.0021581957483543758	0.003968107375266013	NEU
CPC016_NEU_24H:BRD-K73999723-001-02-2:10	DB00966	Telmisartan	-0.20326432699618152	-1.2242150715152562	0.0022222222222222222	0.0040844489443881945	NEU
CPC015_NPC_24H:BRD-A68930007-001-03-1:10	DB01092	Ouabain	0.22134514685194734	1.2320214601242196	0.002226269985832827	0.00409050821283589	NPC
CPC006_SKM1_6H:BRD-K16406336-311-01-2:10	DB08167	Methylthioninium	-0.22394533349108786	-1.239148664038317	0.002230649118893598	0.004097172040976234	SKM1
CPC006_WSUDLCL2_6H:BRD-K68185022-001-06-4:70.07	DB15588	Ursolic acid	0.20075287437729147	1.1848857546659277	0.002253944402704733	0.004138564132545508	WSUDLCL2
LJP007_NPC.TAK_24H:L11	DB11836	Sapanisertib	0.25422467244496794	1.2195853115809387	0.0023006902070621185	0.004222972318052004	NPC.TAK
CPC015_NPC_24H:BRD-A07440155-003-16-3:10	DB00598	Labetalol	-0.21336097048663566	-1.2513515473579404	0.002305032654629274	0.004229517465333904	NPC
NMH002_NEU_6H:BRD-K37270826-001-21-9:10	DB00834	Mifepristone	0.20459394787957838	1.1930727527163558	0.002355712603062426	0.004321054508682376	NEU
LJP009_NPC_24H:O21	DB07232	Veliparib	0.19461474085464942	1.183190259847435	0.002364066193853428	0.004334917337281403	NPC
CPC014_NPC_24H:BRD-K25991148-001-01-7:10	DB14055	(S)-Warfarin	-0.21655919241826815	-1.2320294220899912	0.0023723137036003347	0.004348576381624848	NPC
LJP008_NPC.TAK_24H:P18	DB11662	Rabusertib	-0.19674019649585853	-1.1988744123013821	0.0023752969121140144	0.00435257973868537	NPC.TAK
LJP008_NEU_24H:K23	DB12332	Rucaparib	-0.23367932411232056	-1.23502705112806	0.0023858583667714997	0.0043704147159230435	NEU
CPC006_WSUDLCL2_6H:BRD-K26657438-001-01-2:10	DB00724	Imiquimod	-0.21375353629077792	-1.2260921864340761	0.002386634844868735	0.0043704147159230435	WSUDLCL2
CPC006_NOMO1_6H:BRD-K48692744-001-01-2:10	DB02690	NU1025	0.2449303730294738	1.2135988315676758	0.002402642907197918	0.004398092813810302	NOMO1
CPC006_NOMO1_6H:BRD-K76188144-001-01-2:160	DB08263	N-(carboxycarbonyl)-D-phenylalanine	0.23822433314225963	1.2192815846365423	0.002403364710594833	0.004398092813810302	NOMO1
CPC015_NPC_24H:BRD-K75699339-057-03-2:10	DB00953	Rizatriptan	0.22184643218567124	1.2520139065201945	0.0024246622791825423	0.004435576342770617	NPC
NMH001_NPC_6H:BRD-K81418486-001-28-5:10	DB02546	Vorinostat	-0.22293758400332803	-1.2291348073017756	0.0024374599101988454	0.004457490487220588	NPC
CPC015_NPC_24H:BRD-K19227686-001-12-9:10	DB04824	Phenolphthalein	0.2219091497261431	1.245007974491072	0.0024393743722198307	0.004459494068851695	NPC
NMH001_NPC_6H:BRD-K12539581-001-18-7:10	DB08313	Nocodazole	0.20547798196164188	1.1986199076449902	0.002446183953033268	0.004470442217523214	NPC
CPC006_SKM1_6H:BRD-K14888893-001-05-6:10	DB00350	Minoxidil	-0.19155736636447748	-1.1856517347965572	0.002482929857231533	0.004536073801570927	SKM1
NMH002_NEU_24H:BRD-K52313696-001-09-9:10	DB12291	Tacedinaline	-0.20957664973939	-1.2159055157057228	0.0024865312888520514	0.004541129912504451	NEU
LJP007_NPC_24H:C01	DB11800	Tivozanib	0.2479356164419663	1.2170528296028928	0.002501500900540324	0.0045669372793639305	NPC
AML001_U937_24H:BRD-K26684619:3.33333	DB08784	2-(4-CHLORO-PHENYLAMINO)-NICOTINIC ACID	-0.24741011196644366	-1.2252695817034447	0.002506265664160401	0.004574102817365128	U937
CPC016_NPC_24H:BRD-K37561857-001-06-4:10	DB02918	Zardaverine	0.2131547981493177	1.2286195625436738	0.0025310353139689043	0.004617761581197539	NPC
LJP008_NPC.CAS9_24H:A10	DB07232	Veliparib	-0.19950534343757872	-1.1895077732919204	0.002551020408163265	0.004652664816763946	NPC.CAS9
AML001_HL60_6H:BRD-A19037878:0.37037	DB04297	Trichostatin A	-0.21899006270894655	-1.221837430163951	0.002560819462227913	0.004668973147403151	HL60
LJP007_NPC.TAK_24H:P05	DB09054	Idelalisib	-0.19691011182735954	-1.1596546023670273	0.002564102564102564	0.004673394432430577	NPC.TAK
NMH002_NPC_6H:BRD-K52313696-001-08-1:10	DB12291	Tacedinaline	-0.2361686668454641	-1.2247978646471296	0.002579446966570367	0.004699788618247647	NPC
CPC012_NEU_24H:BRD-M07438658-001-01-1:10	DB01259	Lapatinib	-0.21017215578820841	-1.2120319469565972	0.0025806451612903226	0.004700399180062574	NEU
LJP007_NPC_24H:M11	DB05575	Motesanib	-0.21106285643412417	-1.2316619281213628	0.002592016588906169	0.00471923174533133	NPC
LJP009_NEU_24H:K10	DB11962	GSK-1059615	0.22161225360518447	1.2355701003606756	0.002592717844662383	0.00471923174533133	NEU
CPC014_NEU_24H:BRD-K48722833-001-01-9:10	DB04946	Iloperidone	0.25310021464457433	1.221535161499887	0.002602081665332266	0.004734693200601243	NEU
CPC015_NPC_24H:BRD-K23913458-001-13-2:10	DB04665	Coumarin	0.19899362740339624	1.1960569895812823	0.00262582056892779	0.004776292190507931	NPC
CPC015_NPC_24H:BRD-K70301876-034-06-1:10	DB01175	Escitalopram	-0.19297317409792109	-1.1717302013714774	0.002638522427440633	0.004797794036675022	NPC
CPC006_NOMO1_6H:BRD-A69951442-001-01-3:10	DB01234	Dexamethasone	0.19753968532639166	1.1761466940749725	0.00264783759929391	0.004813125355725846	NOMO1
CPC015_NPC_24H:BRD-A39969961-001-01-3:10	DB00700	Eplerenone	-0.20717392114800817	-1.222935177449804	0.0026795284030010718	0.004869106333915194	NPC
LJP007_NPC_24H:N18	DB09330	Osimertinib	-0.2552142395676537	-1.2215267819319422	0.0027008102430729217	0.004906141622339937	NPC
NMH002_NPC_6H:BRD-K46018455-001-23-5:10	DB01393	Bezafibrate	-0.23059422326783005	-1.2293932765406248	0.0027774920275691803	0.005043755112418059	NPC
LJP008_NEU_24H:J04	DB12116	Epigallocatechin gallate	-0.20342474879164285	-1.2168215769478614	0.0028226841159866563	0.0051241125652211105	NEU
CPC006_SKM1_6H:BRD-A14395271-001-01-5:10	DB00933	Mesoridazine	0.2247401455686978	1.2366064930953213	0.002830085991074344	0.0051358374899669705	SKM1
LJP007_NPC.TAK_24H:D22	DB06616	Bosutinib	-0.2443507823012663	-1.2315243854955378	0.0028380295965943643	0.0051485373694380105	NPC.TAK
LJP007_JURKAT_24H:P16	DB05294	Vandetanib	-0.19538096370099609	-1.1803647231138752	0.002840909090909091	0.005152044924772198	JURKAT
LJP008_NPC.TAK_24H:D01	DB09074	Olaparib	-0.20439734635103193	-1.1769278951830866	0.0028443722064201544	0.005155124939260525	NPC.TAK
LJP007_NPC_24H:M14	DB07460	2-({5-CHLORO-2-[(2-METHOXY-4-MORPHOLIN-4-YLPHENYL)AMINO]PYRIMIDIN-4-YL}AMINO)-N-METHYLBENZAMIDE	0.22486607119014798	1.2374163644829501	0.0028445006321112516	0.005155124939260525	NPC
LJP008_NEU_24H:N12	DB02665	(1R,2S)-2-Phenylcyclopropanaminium	-0.19331849563314743	-1.1415935842579221	0.002881844380403458	0.005221066033159425	NEU
LJP008_NPC_24H:L14	DB08756	Y-27632	-0.19954139134056173	-1.196131156499256	0.0029069767441860465	0.005264847139619956	NPC
CPC015_NPC_24H:BRD-K37991163-003-06-8:10	DB00715	Paroxetine	0.22740653316215775	1.231537335889521	0.002909090909090909	0.0052669245647969055	NPC
LJP008_NPC.TAK_24H:L22	DB05015	Belinostat	-0.201333791764445	-1.1838930743583986	0.002913752913752914	0.005273611953572074	NPC.TAK
PCLB001_JURKAT_24H:BRD-K07572174-001-22-0:0.16	DB11672	Curcumin	-0.22270659481755134	-1.2287803677184217	0.0029206919793304874	0.005284414790509579	JURKAT
CPC016_NPC_24H:BRD-K35498378-001-05-3:10	DB02020	Alrestatin	0.1944966437436226	1.16671512087226	0.0029239766081871343	0.005288600666950227	NPC
DOSBIO002_NPC_24H:BRD-A75409952:10	DB08059	Wortmannin	0.21574227602119941	1.223877967886178	0.002944062806673209	0.005323162697590404	NPC
CPC006_U937_6H:BRD-A62025033-001-01-8:10	DB06287	Temsirolimus	0.22172775097737973	1.2228165306857228	0.0029850746268656717	0.005395524864888964	U937
LJP008_NPC_24H:G13	DB01254	Dasatinib	0.22854614317630112	1.2473743317685093	0.0030484087306426044	0.0055081731742135445	NPC
CPC006_PL21_6H:BRD-A70449690-001-01-4:10	DB02587	Colforsin	-0.23133190493890404	-1.2395833286857678	0.003050383927632271	0.005509914053029966	PL21
LJP007_JURKAT_24H:A16	DB12742	Amuvatinib	0.2021506250803224	1.1943690103356226	0.003063869903370257	0.005532438824189132	JURKAT
LJP009_NPC.CAS9_24H:E15	DB13113	JNJ-38877605	-0.21775530436525667	-1.21508863181203	0.003067955207853965	0.0055379794703257195	NPC.CAS9
NMH002_NPC_6H:BRD-K45528773-001-04-9:10	DB02565	4-(dimethylamino)-N-[7-(hydroxyamino)-7-oxoheptyl]benzamide	-0.22300749852990567	-1.2261053368069188	0.003088891431186363	0.005573924033877049	NPC
CPC006_THP1_6H:BRD-A70449690-001-01-4:10	DB02587	Colforsin	-0.23731189695788255	-1.222411467317657	0.0031087043722422786	0.005607818486661626	THP1
LJP008_NPC_24H:A12	DB07232	Veliparib	-0.2163350451523244	-1.22404291318133	0.003124151045911437	0.005633816753653538	NPC
LJP007_NPC.CAS9_24H:E12	DB05913	OSI-930	-0.1909351864716168	-1.1454637629813627	0.003134796238244514	0.005651142109725132	NPC.CAS9
NMH001_NEU_6H:BRD-K52256627-300-04-1:10	DB00878	Chlorhexidine	-0.24232395945137775	-1.219437371183542	0.0031366993827785087	0.0056527017996729845	NEU
LJP007_JURKAT_24H:D19	DB06616	Bosutinib	0.22210667038202833	1.2227466416819381	0.003155439703663054	0.005684592995748922	JURKAT
NMH001_NPC_6H:BRD-A93269281-001-01-4:10	DB00758	Clopidogrel	-0.2024834217065753	-1.1872122664679008	0.0031847133757961785	0.005733536874243302	NPC
CPC016_NEU_24H:BRD-K88871508-001-01-9:10	DB00589	Lisuride	-0.19544732701334852	-1.1707788485094943	0.0031847133757961785	0.005733536874243302	NEU
NMH001_NEU_24H:BRD-K67097529-001-01-1:10	DB04466	SR12813	-0.20021460573488117	-1.1962620397459718	0.003194888178913738	0.005749954072162663	NEU
CPC006_PL21_6H:BRD-K13049116-001-01-6:10	DB15399	BMS-754807	-0.19420013921118834	-1.1842862013572506	0.003205128205128205	0.005766477768459928	PL21
CPC016_NEU_24H:BRD-K80315159-051-01-2:10	DB04905	Tesmilifene	0.20036867932105798	1.1838326231915302	0.0032113037893384713	0.005775680461273882	NEU
LJP009_NPC.CAS9_24H:D17	DB16108	TAK-715	0.2250214997351782	1.2350850651557668	0.003215077605321508	0.005780558811020447	NPC.CAS9
CPC017_NPC_24H:BRD-K82823804-001-01-7:10	DB04608	9-HYDROXY-4-PHENYL-6H-PYRROLO[3,4-C]CARBAZOLE-1,3-DIONE	-0.18421617450437666	-1.1842719127179917	0.003236245954692557	0.005816698174671836	NPC
LJP009_NPC_24H:M15	DB06314	SGX-523	0.18683956297386844	1.152091679708434	0.003246753246753247	0.005833658258600522	NPC
PCLB001_JURKAT_6H:BRD-A58955223-001-02-0:10	DB12422	Sulforaphane	0.20370523903759993	1.1786419926587517	0.003278688524590164	0.005889095549115446	JURKAT
AML001_U937_6H:BRD-A19037878:0.37037	DB04297	Trichostatin A	-0.21746074162769727	-1.2159038823315853	0.003284611594678929	0.005897789233307434	U937
LJP007_NEU_24H:E09	DB05913	OSI-930	0.18833573589476615	1.1693221636832203	0.0033003300330033004	0.005924059775786412	NEU
LJP008_NPC.TAK_24H:J10	DB05223	Pracinostat	-0.22324802994183404	-1.2177258901528503	0.003307467243353263	0.005934914862372939	NPC.TAK
LJP008_NPC.TAK_24H:D20	DB13978	Selisistat	0.2166581195354218	1.2192241162231354	0.003343995347484734	0.005998484407905751	NPC.TAK
CPC006_WSUDLCL2_6H:BRD-A31107743-001-01-3:0.09	DB07348	Brefeldin A	-0.22385095077914202	-1.231126899589335	0.0033567948023822416	0.006019461473089788	WSUDLCL2
NMH001_NPC_24H:BRD-K37289225-001-30-7:10	DB00363	Clozapine	-0.2028607124677855	-1.2017535979321599	0.0033904690148803917	0.006077845376905403	NPC
LPROT001_NPC.TAK_6H:K22	DB00877	Sirolimus	0.20825918009754738	1.2026549822621975	0.003394865266284744	0.006083723672322052	NPC.TAK
CPC006_THP1_6H:BRD-K55395145-001-01-7:88.8	DB00642	Pemetrexed	-0.2326127098517872	-1.2212307848071735	0.0034350373812891493	0.0061536886771383905	THP1
DOSBIO002_NPC_24H:BRD-A90490067:10	DB00947	Fulvestrant	-0.20893180989991259	-1.2009283317425075	0.003448870494912916	0.006176438249028523	NPC
LJP008_NPC.CAS9_24H:P16	DB11662	Rabusertib	-0.2298451134193165	-1.2293977702335472	0.003479177648919346	0.006228665836954228	NPC.CAS9
LJP007_NPC.CAS9_24H:E07	DB05913	OSI-930	0.20934382700994014	1.1888349869407622	0.0035054919373685442	0.006273713141935292	NPC.CAS9
LJP009_NPC.CAS9_24H:K11	DB11962	GSK-1059615	0.2382777193086233	1.2257082647100837	0.0035126455238859897	0.006284450566058837	NPC.CAS9
KMS002_NOMO1_6H:BRD-K81418486-001-01-2:9.99	DB02546	Vorinostat	-0.2045789241307441	-1.2192560284397151	0.0035187440790364053	0.0062932940080237315	NOMO1
LPROT003_NPC_6H:D03	DB11689	Selumetinib	-0.24002852429699928	-1.2251193822904536	0.0035410764872521247	0.006331156450943884	NPC
LJP008_NPC_24H:H18	DB11841	Entinostat	-0.2131708893903543	-1.2160117381582887	0.003547105561861521	0.006339854574958268	NPC
CPC016_NPC_24H:BRD-K88871508-001-01-9:10	DB00589	Lisuride	-0.20379326735308195	-1.1878477134571535	0.0035509423654739142	0.006344629961407788	NPC
CPC015_NPC_24H:BRD-A98702003-304-03-0:10	DB02329	Carbenoxolone	-0.22067631345112332	-1.2208593928910403	0.003592679914673852	0.006417098988295768	NPC
NMH002_NPC_6H:BRD-A16694057-001-05-0:10	DB14083	Bisphenol A diglycidyl ether	0.23477739572895515	1.2093019557815503	0.003601080324097229	0.006429994572142134	NPC
LJP008_NPC.TAK_24H:N10	DB02665	(1R,2S)-2-Phenylcyclopropanaminium	0.19693090493657145	1.1690430403715293	0.0036231884057971015	0.00646734974040348	NPC.TAK
NMH002_NPC_6H:BRD-A02006392-001-12-3:10	DB01054	Nitrendipine	0.18117106197586985	1.13903731842467	0.0036363636363636364	0.006488740617180984	NPC
LJP009_NPC.CAS9_24H:N11	DB08896	Regorafenib	-0.22654244316666847	-1.2362965908120853	0.0036531642849468144	0.0065165845711825585	NPC.CAS9
LJP009_NPC.CAS9_24H:E14	DB13113	JNJ-38877605	0.23307646936014934	1.2245172641378383	0.0036570499796830555	0.006521379891733438	NPC.CAS9
LJP009_NPC.CAS9_24H:H12	DB08912	Dabrafenib	0.22245230686539658	1.2139567681059118	0.0036856497443823566	0.006570228644159187	NPC.CAS9
LJP007_NPC.TAK_24H:K08	DB11962	GSK-1059615	0.2569522955949781	1.192277320180845	0.0037	0.006593651832460734	NPC.TAK
LJP008_NPC.TAK_24H:A04	DB05134	Tanespimycin	0.243417150594641	1.2162855751758448	0.003713740841112115	0.006615974033593908	NPC.TAK
LJP009_NPC.TAK_24H:B16	DB11805	Saracatinib	0.22037123450491225	1.2253275295048074	0.0037585153864223633	0.006693549638474882	NPC.TAK
LJP009_NPC_24H:E07	DB01782	Pyrazolanthrone	-0.22160083827363578	-1.2162279074428248	0.003764974329720479	0.006702860477168266	NPC
LJP008_NPC.CAS9_24H:M18	DB01262	Decitabine	-0.22515047031090332	-1.2297909092851942	0.003795272175233138	0.006754592243895317	NPC.CAS9
CPC018_NPC_24H:BRD-K80431395-001-02-4:10	DB12405	Triciribine	-0.18726457145352118	-1.1552746443925168	0.0038022813688212928	0.006764856038745756	NPC
LJP007_NPC_24H:M15	DB07460	2-({5-CHLORO-2-[(2-METHOXY-4-MORPHOLIN-4-YLPHENYL)AMINO]PYRIMIDIN-4-YL}AMINO)-N-METHYLBENZAMIDE	0.233071394671326	1.21963224791372	0.0038156441409780096	0.0067853171624498495	NPC
NMH002_NEU_6H:BRD-K89732114-300-10-5:10	DB00831	Trifluoperazine	-0.2114362092253093	-1.1999029876754659	0.003816273681341148	0.0067853171624498495	NEU
CPC006_THP1_6H:BRD-A75817871-001-04-2:40	DB01944	(S)-blebbistatin	0.19829489814533877	1.166273321470759	0.003818413237165889	0.006786905512273313	THP1
CPC018_NPC_24H:BRD-K14965640-001-03-3:10	DB09213	Dexibuprofen	-0.2112401646541648	-1.2153830901527012	0.0038616002471424157	0.00686142738856039	NPC
CPC006_WSUDLCL2_6H:BRD-A04352665-001-01-2:10	DB04835	Maraviroc	-0.22205254313438283	-1.224466551924293	0.0038715554543384194	0.006876872473687877	WSUDLCL2
CPC006_PL21_6H:BRD-K04430056-001-09-4:80	DB02207	7-Nitroindazole	-0.20768595399126272	-1.2059307779069495	0.0038765254845656858	0.006883455425153154	PL21
CPC014_NEU_24H:BRD-K22429181-001-08-4:10	DB00162	Vitamin A	-0.2114007386692592	-1.202631377600388	0.003970994475138122	0.007048903491395767	NEU
CPC006_PL21_6H:BRD-A26711594-003-06-4:10	DB00622	Nicardipine	0.19733238329588523	1.1785725483897431	0.00398247710075667	0.007066982825259312	PL21
LJP007_NPC.CAS9_24H:P03	DB09054	Idelalisib	0.1891929834413279	1.1490209237489473	0.00398406374501992	0.007067495490351299	NPC.CAS9
LJP007_NEU_24H:M17	DB07460	2-({5-CHLORO-2-[(2-METHOXY-4-MORPHOLIN-4-YLPHENYL)AMINO]PYRIMIDIN-4-YL}AMINO)-N-METHYLBENZAMIDE	0.2619064066653586	1.1901177039310868	0.004	0.0070934549006838165	NEU
LJP009_NPC.TAK_24H:N08	DB08896	Regorafenib	-0.19986024864612728	-1.1777372649482978	0.004030780505679736	0.007145713096983021	NPC.TAK
NMH002_NEU_24H:BRD-K99964838-001-05-1:10	DB06616	Bosutinib	0.23257074010702208	1.211115543327274	0.0040448983719284055	0.007168407593075853	NEU
LJP008_NPC.CAS9_24H:J04	DB12116	Epigallocatechin gallate	0.20831677097116524	1.208630215522103	0.004050008804366966	0.007174627954503162	NPC.CAS9
PCLB001_JURKAT_6H:BRD-K36452089-001-01-8:0.37	DB07726	t-Butylhydroquinone	0.21857207233641157	1.2220611519760969	0.004051043143609479	0.007174627954503162	JURKAT
NMH002_NEU_6H:BRD-A08027849-236-01-7:10	DB03619	Deoxycholic acid	0.19433157482295133	1.1799335665009687	0.004081632653061225	0.007226453650380829	NEU
LJP007_NPC_24H:D19	DB06616	Bosutinib	-0.1934099904719505	-1.1933313875394853	0.004132231404958678	0.007313660133703269	NPC
NMH002_NEU_6H:BRD-K18135438-001-11-8:10	DB06777	Chenodeoxycholic acid	0.24089682906720236	1.219989068164224	0.004140995859004141	0.007326791243709082	NEU
CPC006_SKM1_6H:BRD-K06980535-003-15-0:10	DB00420	Promazine	-0.20498094995719376	-1.203121496134786	0.004148365056124939	0.0073374459550686645	SKM1
LJP009_NPC.TAK_24H:O22	DB07232	Veliparib	0.235418284399968	1.2230680241494492	0.0041527397954016	0.007342799001869193	NPC.TAK
LJP007_JURKAT_24H:B18	DB12200	Tivantinib	0.2260662976085208	1.2210237737984924	0.004160443780669938	0.007354033375374386	JURKAT
CPC014_NEU_24H:BRD-K36627727-001-01-3:10	DB04942	Tamibarotene	0.19087509141214978	1.1453300786017098	0.004166666666666667	0.007360255162720294	NEU
DOSBIO001_NEU_24H:BRD-A75409952:3.33333	DB08059	Wortmannin	-0.18029769193617287	-1.1432178016482049	0.004166666666666667	0.007360255162720294	NEU
LJP007_NPC.TAK_24H:B10	DB07970	5-[(2-methyl-5-{[3-(trifluoromethyl)phenyl]carbamoyl}phenyl)amino]pyridine-3-carboxamide	-0.19579852684954605	-1.178702086409727	0.0041753653444676405	0.00737322946367405	NPC.TAK
LJP007_NPC_24H:C06	DB11800	Tivozanib	-0.22416774662160172	-1.2232448317468816	0.004198062432723359	0.0074109069719972154	NPC
LJP008_NPC.CAS9_24H:A24	DB11740	MK-1775	0.21908144639155916	1.2102802418114698	0.004206241519674355	0.007422939506204322	NPC.CAS9
AML001_U937_6H:BRD-A45664787:10	DB01088	Iloprost	0.18703778943430152	1.1500647912269124	0.004273504273504274	0.007539198015388492	U937
LJP007_NPC_24H:I11	DB06589	Pazopanib	0.20402200145318905	1.199608685823965	0.004278583313525077	0.007545713965497918	NPC
LJP007_NPC.TAK_24H:D05	DB12494	SGI-1776	-0.18706420435007812	-1.141228707317239	0.004347826086956522	0.007665348290568215	NPC.TAK
CPC006_NOMO1_6H:BRD-A04352665-001-01-2:10	DB04835	Maraviroc	-0.1986170719067958	-1.1658365333046472	0.004380475594493116	0.007720411031588839	NOMO1
LJP007_NPC_24H:C03	DB11800	Tivozanib	-0.20496383458115472	-1.191066090570096	0.004400724825265338	0.007753590229179887	NPC
LJP007_JURKAT_24H:P02	DB09054	Idelalisib	0.21659067857927453	1.2111676662656776	0.004432199329180642	0.0078065192583175215	JURKAT
CPC006_PL21_6H:BRD-A91699651-316-06-7:10	DB00608	Chloroquine	-0.20189052634235685	-1.194162625358571	0.004536616979909268	0.007987848714059448	PL21
DOSBIO001_NPC_24H:BRD-K27305650:3.33333	DB02656	LY-294002	0.18644961734314178	1.1471032290935166	0.004562043795620438	0.008030022789576246	NPC
NMH001_NEU_24H:BRD-K21283037-001-16-5:10	DB00740	Riluzole	-0.18486715937723644	-1.1737238663779501	0.004593175853018373	0.008082208625375786	NEU
CPC015_NPC_24H:BRD-A36074203-003-03-5:10	DB06458	Remacemide	-0.20902462354002208	-1.2032895073662924	0.00459674049310489	0.00808586845137249	NPC
LPROT003_NPC_6H:L11	DB00460	Verteporfin	-0.27866375363896906	-1.1805321985852109	0.0046	0.00808898934452696	NPC
CPC016_NEU_24H:BRD-K85266041-304-01-7:10	DB03759	FG-9041	0.1978714287297005	1.1777596654527358	0.004608294930875576	0.008100960036652158	NEU
CPC018_NPC_24H:BRD-K26241953-001-01-0:10	DB08399	Piceatannol	-0.18423099151672684	-1.1669258115774688	0.004672897196261682	0.008211052317942606	NPC
NMH002_NEU_6H:BRD-K81062487-001-03-3:10	DB04348	Taurocholic acid	0.2248318227044764	1.2098627461310942	0.004673937235699978	0.008211052317942606	NEU
CPC006_SKM1_6H:BRD-A58955223-001-01-2:10	DB12422	Sulforaphane	0.19570473281380268	1.1605891767665215	0.004679144385026738	0.008217549281153052	SKM1
NMH002_NPC_6H:BRD-K70131229-003-01-2:10	DB02678	beta-D-Galactosamine	0.21467987300419236	1.2104317473962973	0.0047748976807639835	0.008383008629735865	NPC
LJP008_NPC_24H:F04	DB12376	Ricolinostat	-0.20490134891405645	-1.18472081534178	0.004806333050607859	0.00843547850261373	NPC
CPC017_NPC_24H:BRD-M45964048-001-02-7:10	DB00460	Verteporfin	0.18674855204685906	1.1561186838601656	0.004830917874396135	0.008475895213905075	NPC
LJP009_NPC.CAS9_24H:D15	DB16108	TAK-715	0.20557080413937334	1.1979862244694859	0.004841149773071104	0.008491111647067708	NPC.CAS9
NMH002_NPC_24H:BRD-K01493881-001-24-5:10	DB07352	Apigenin	0.19304556687571092	1.1668667566266542	0.004878048780487805	0.008553075872033671	NPC
LJP007_JURKAT_24H:I20	DB13005	Rebastinib	-0.2385349805493123	-1.2113169942384558	0.0049350387753046634	0.008650216018767042	JURKAT
LJP007_NPC.TAK_24H:E08	DB05913	OSI-930	-0.1924869570493415	-1.167040461799785	0.0049504950495049506	0.008674516100258675	NPC.TAK
CPC018_NPC_24H:BRD-A09495397-001-02-7:10	DB11562	Bicuculline	-0.20990842193868678	-1.2024959638691703	0.004967635104621406	0.00870175000957484	NPC
LPROT001_NPC.TAK_6H:G18	DB05015	Belinostat	-0.20650869037021774	-1.1919998016012618	0.005056056276104638	0.008853788578670694	NPC.TAK
CPC013_NPC_24H:BRD-K19540840-001-01-1:10	DB11805	Saracatinib	-0.18836842756526062	-1.1589506920859998	0.005076142131979695	0.008886104162893416	NPC
CPC006_U937_6H:BRD-K98548675-001-02-6:10	DB13063	Parthenolide	0.22146731122373847	1.2159635943063358	0.005114043162524291	0.00894957553441751	U937
LJP009_NPC.TAK_24H:B23	DB16107	BI 2536	0.20673458438607398	1.1852646712582084	0.0051325919589392645	0.00897915059697502	NPC.TAK
LJP009_NEU_24H:B12	DB12242	AZD-7762	-0.2051806452156236	-1.1974908227482006	0.005149147727272727	0.009005221105564313	NEU
NMH002_NPC_6H:BRD-A79067928-001-04-3:10	DB00773	Etoposide	-0.2247677106613395	-1.2140045594836566	0.0052122114668652275	0.009112585440946397	NPC
NMH001_NPC_6H:BRD-A77098556-001-01-5:10	DB12885	CF-102	0.21692434693766127	1.2075525467938415	0.005259862241703194	0.00919294280112824	NPC
NMH001_NPC_24H:BRD-A75409952-001-04-0:10	DB08059	Wortmannin	-0.22859629652423433	-1.2205165134210836	0.005296152183311717	0.009253399034429134	NPC
LPROT003_NPC_6H:D05	DB11689	Selumetinib	-0.25254395049134776	-1.1882225012484813	0.005301060212042409	0.009259003821290235	NPC
AML001_U937_6H:BRD-K27316855:10	DB00136	Calcitriol	-0.21312031236183787	-1.2031864219767723	0.005398671096345515	0.009426470917184248	U937
LJP009_NPC.CAS9_24H:G11	DB08521	4-[4-(4-Fluorophenyl)-2-[4-[(R)-methylsulfinyl]phenyl]-1H-imidazol-5-yl]pyridine	0.19173500050153824	1.1710742552654396	0.005402485143165856	0.009430107080026043	NPC.CAS9
LJP009_NPC.CAS9_24H:G16	DB01254	Dasatinib	0.2345373572606552	1.2042660160712944	0.005461717406695661	0.009530443126198197	NPC.CAS9
LJP007_NPC_24H:P08	DB07859	4-(4-CHLOROPHENYL)-4-[4-(1H-PYRAZOL-4-YL)PHENYL]PIPERIDINE	-0.2156592005385611	-1.2039808397498262	0.005480953685941353	0.009560946115834917	NPC
CPC006_WSUDLCL2_6H:BRD-A46335897-003-05-4:6.23	DB01069	Promethazine	-0.22606917993953263	-1.2250006447491348	0.005497355046157038	0.009586485937038498	WSUDLCL2
CPC016_NPC_24H:BRD-K59522102-001-08-8:10	DB12582	Piperine	0.19209373277950587	1.1630153193978645	0.005548705302096177	0.0096729350432829	NPC
LJP009_NPC.CAS9_24H:I13	DB12146	Rigosertib	0.20582987970619976	1.15178260107586	0.005560704355885079	0.009690750695088046	NPC.CAS9
LJP007_NPC_24H:B10	DB07970	5-[(2-methyl-5-{[3-(trifluoromethyl)phenyl]carbamoyl}phenyl)amino]pyridine-3-carboxamide	0.19061886947253154	1.166141059344053	0.0056179775280898875	0.009787429820210341	NPC
CPC016_NPC_24H:BRD-K62736196-015-03-7:10	DB00629	Guanabenz	-0.20485120960535838	-1.214007889931583	0.005672009864364982	0.00987840285300022	NPC
LJP009_NPC.CAS9_24H:I14	DB12146	Rigosertib	0.19989382592363295	1.146930414288197	0.0057251908396946565	0.009967835458112882	NPC.CAS9
CPC006_PL21_6H:BRD-A69951442-001-01-3:10	DB01234	Dexamethasone	-0.18436035616239607	-1.1489719546361776	0.0057306590257879654	0.009974167163451985	PL21
LJP009_NPC.TAK_24H:B21	DB16107	BI 2536	0.22890137839813135	1.2105357734072764	0.0057553956834532375	0.01001226673781409	NPC.TAK
CPC006_THP1_6H:BRD-A58048407-001-10-5:10	DB00393	Nimodipine	-0.20015940093155232	-1.1776929947529136	0.005756315957787016	0.01001226673781409	THP1
CPC016_NPC_24H:BRD-K45401373-001-04-3:10	DB12480	Betulinic Acid	-0.18964198734703838	-1.149538573921915	0.005759539236861051	0.01001226673781409	NPC
CPC017_NPC_24H:BRD-K30240666-051-08-4:10	DB00283	Clemastine	0.23454485560666416	1.2131382023150978	0.005759902991107518	0.01001226673781409	NPC
CPC016_NEU_24H:BRD-K18574842-323-03-3:10	DB00607	Nafcillin	-0.216992462561411	-1.2057823647731196	0.005793103448275862	0.010066764958299407	NEU
LJP007_NPC.TAK_24H:J21	DB03044	Doramapimod	-0.23071024119521444	-1.2164751213472487	0.0058157330884603614	0.010102865199283932	NPC.TAK
LJP007_JURKAT_24H:N13	DB09330	Osimertinib	-0.1875067923589323	-1.1388442791273956	0.005889281507656066	0.010227368332492007	JURKAT
CPC014_NPC_24H:BRD-K63068307-001-02-2:10	DB12904	ZSTK-474	0.22328971940195738	1.2020743340542652	0.0059041444778884	0.010249911006241704	NPC
CPC014_NPC_24H:BRD-K19540840-001-02-9:10	DB11805	Saracatinib	-0.19470092673496248	-1.1831275855857504	0.0059121621621621625	0.01026055931648666	NPC
CPC018_NPC_24H:BRD-K50398167-236-12-8:10	DB00939	Meclofenamic acid	-0.19946425380334637	-1.1869723873921574	0.005932762030323006	0.010293030269875466	NPC
LJP007_NEU_24H:F18	DB12247	AZD-4547	0.22891985345211244	1.2193713560160748	0.005951748326070783	0.010320492412182955	NEU
LJP009_NPC_24H:I22	DB11363	Alectinib	-0.19785916680569418	-1.1739860564301885	0.005952380952380952	0.010320492412182955	NPC
LJP007_JURKAT_24H:D04	DB12494	SGI-1776	-0.21530654746864808	-1.2052247624041459	0.005962953565085004	0.010335533136681393	JURKAT
NMH001_NPC_24H:BRD-K95739795-001-02-9:10	DB12161	Deutetrabenazine	-0.19702543639145123	-1.186954830548639	0.005985369097761028	0.010371084984539154	NPC
LJP007_NPC_24H:A13	DB12742	Amuvatinib	-0.18682378797266094	-1.1512562995250875	0.006006006006006006	0.010403533304296662	NPC
LJP009_NEU_24H:B10	DB12242	AZD-7762	0.21092986933852012	1.201109743286172	0.006014561570117125	0.010415040480399956	NEU
LJP009_NPC_24H:H13	DB07138	Neflamapimod	-0.20713813024463473	-1.1900202513959637	0.006060606060606061	0.010491436937717931	NPC
LJP007_NPC_24H:F03	DB12848	PF-04217903	0.19731455857753177	1.1801422268252457	0.006080114449213162	0.010521863136452139	NPC
AML001_HL60_6H:BRD-K43389675:0.37037	DB00694	Daunorubicin	-0.21430301456739262	-1.198438773348546	0.0061068702290076335	0.010564807899356916	HL60
LJP007_NPC_24H:K12	DB11962	GSK-1059615	0.24595866307236106	1.2028743636746655	0.006117127958283193	0.010579017175466167	NPC
NMH002_NPC_6H:BRD-K18135438-001-11-8:10	DB06777	Chenodeoxycholic acid	0.24477781215458957	1.2031280235653432	0.0061189688032902	0.010579017175466167	NPC
LJP009_NPC.CAS9_24H:E11	DB01782	Pyrazolanthrone	-0.19982115659384217	-1.1676498040990293	0.006145741878841089	0.010621932806146803	NPC.CAS9
LJP007_NPC_24H:M19	DB12874	Quizartinib	0.19767827524077605	1.1681345752624146	0.006155950752393981	0.010636201712416757	NPC
NMH002_NEU_24H:BRD-K06902185-001-13-6:10	DB00350	Minoxidil	-0.2245829300602611	-1.2202005783236702	0.006177156177156177	0.010669455293622752	NEU
NMH002_NEU_6H:BRD-A48430263-001-05-1:10	DB01132	Pioglitazone	-0.22010843578069422	-1.2160532356738085	0.006204873646209386	0.010713932110734405	NEU
CPC006_WSUDLCL2_6H:BRD-A70449690-001-01-4:10	DB02587	Colforsin	0.19129713068679705	1.1667018897011783	0.006211180124223602	0.01071982455199558	WSUDLCL2
DOSBIO002_NPC_24H:BRD-K81418486:3.33333	DB02546	Vorinostat	0.21379880891680375	1.1873296755680287	0.006212222968435191	0.01071982455199558	NPC
CPC006_NOMO1_6H:BRD-K41895714-001-02-2:10	DB04769	5-QUINOXALIN-6-YLMETHYLENE-THIAZOLIDINE-2,4-DIONE	0.21900841570847743	1.210862393034497	0.006251324433142615	0.01078388117291564	NOMO1
CPC006_U937_6H:BRD-A13122391-001-01-9:0.08	DB12025	Triptolide	-0.1922083418635527	-1.1673602172745823	0.006304728546409807	0.010871840501470132	U937
LJP007_JURKAT_24H:D11	DB08875	Cabozantinib	-0.19368953894822763	-1.1513153274501833	0.006306306306306306	0.010871840501470132	JURKAT
LJP009_NPC_24H:D24	DB13061	MLN8054	0.20561082402765216	1.1897197175027845	0.006359606860666795	0.010960259165566888	NPC
CPC006_THP1_6H:BRD-K62965247-001-01-5:10	DB04960	Tipifarnib	-0.19741796652572746	-1.1758573570883595	0.006374722838137472	0.010982834728407678	THP1
LJP008_NPC_24H:J12	DB05223	Pracinostat	-0.218369995303558	-1.205133585300727	0.006454162276080084	0.011116182085873541	NPC
LJP008_NPC.TAK_24H:G12	DB02546	Vorinostat	-0.20084376521885858	-1.1812793175065706	0.00651685393258427	0.011220609078992706	NPC.TAK
CPC018_NPC_24H:BRD-A32440707-001-01-1:10	DB08547	PROGESTERONE-11-ALPHA-OL-HEMISUCCINATE	0.21806669373546947	1.2206041927845652	0.006534499944622882	0.011247435745390713	NPC
NMH002_NPC_6H:BRD-K01638814-050-01-2:10	DB11738	Rilmenidine	0.18897455483698972	1.1518254126752303	0.006564551422319475	0.011295591483713067	NPC
CPC006_THP1_6H:BRD-K71799949-001-20-8:96	DB00564	Carbamazepine	-0.19361924678284725	-1.1570132770073394	0.006576670128071997	0.0113128697149337	THP1
LJP007_JURKAT_24H:E06	DB11743	Ipatasertib	-0.19638201795506088	-1.1616554451191654	0.006597222222222222	0.011344639160790091	JURKAT
NMH002_NEU_24H:BRD-A50287119-001-01-5:10	DB00877	Sirolimus	0.1991743312747951	1.1665004866912918	0.006616257088846881	0.011371534778735586	NEU
AML001_U937_6H:BRD-K43389675:0.37037	DB00694	Daunorubicin	-0.20693593237064886	-1.18204393507686	0.006617038875103391	0.011371534778735586	U937
NMH002_NPC_6H:BRD-K93754473-001-16-9:10	DB00675	Tamoxifen	-0.22160734734887988	-1.2022899787463468	0.006632899179932465	0.011395195247290915	NPC
NMH002_NEU_6H:BRD-A58048407-001-12-1:10	DB00393	Nimodipine	-0.1995655764892411	-1.168201122257152	0.0066614420062695925	0.011440622253593252	NEU
CPC006_THP1_6H:BRD-A47829399-001-01-1:10	DB09274	Artesunate	0.21397164086991666	1.215593233187915	0.0066763777615926195	0.011462658666340924	THP1
LJP009_NPC.CAS9_24H:G17	DB01254	Dasatinib	0.23627591934098402	1.1983139448204383	0.006726232305993374	0.01154461428882443	NPC.CAS9
CPC017_NPC_24H:BRD-A99411506-002-01-3:10	DB13155	Esculin	-0.21181620688467517	-1.2084844213194639	0.006729810568295114	0.01154711668397454	NPC
CPC016_NEU_24H:BRD-K12513978-001-16-7:10	DB08981	Fenbufen	0.17724787857332283	1.132130839304073	0.006756756756756757	0.01158969993615663	NEU
LPROT002_NPC.TAK_6H:C06	DB00773	Etoposide	-0.20221037250926632	-1.1652748481906667	0.0068212824010914054	0.011696695200360135	NPC.TAK
LJP007_NPC.TAK_24H:P15	DB05294	Vandetanib	-0.19772841459083912	-1.174480505777967	0.006825938566552901	0.01170099510023516	NPC.TAK
CPC015_NPC_24H:BRD-A34751532-001-04-4:10	DB11064	Homosalate	0.1955536799352409	1.2010549669003037	0.006878877798759104	0.011788032879811857	NPC
CPC015_NPC_24H:BRD-A09094913-001-03-1:10	DB15954	Strychnine	-0.2040034717270534	-1.1838627216410114	0.006885001860811314	0.011794816022012712	NPC
LJP009_NEU_24H:E07	DB01782	Pyrazolanthrone	-0.20633240694511673	-1.1796418056209381	0.006893580353295993	0.01180579830316037	NEU
LJP008_NPC.TAK_24H:G19	DB00928	Azacitidine	0.23351399458381975	1.2021487536435347	0.006898853900077891	0.011811115479353724	NPC.TAK
NMH001_NEU_24H:BRD-K89997465-001-08-7:10	DB00477	Chlorpromazine	0.18740033508370282	1.1540309537831837	0.006906077348066298	0.011816053169201715	NEU
CPC013_NEU_24H:BRD-K46056750-001-01-3:10	DB12242	AZD-7762	-0.19244724307690814	-1.1490333009798253	0.006906077348066298	0.011816053169201715	NEU
LJP007_JURKAT_24H:M03	DB07794	5-(2-PHENYLPYRAZOLO[1,5-A]PYRIDIN-3-YL)-1H-PYRAZOLO[3,4-C]PYRIDAZIN-3-AMINE	-0.2331543012339556	-1.2024443790856538	0.00695774931935061	0.011900723239065145	JURKAT
NMH001_NPC_6H:BRD-K09557221-001-01-6:10	DB13070	Surinabant	-0.18434624117134654	-1.134656541820055	0.006993006993006993	0.011957273495735036	NPC
CPC015_NPC_24H:BRD-A55594068-065-03-1:10	DB00570	Vinblastine	0.2003177408689622	1.1645757097004252	0.0070140280561122245	0.011989452854233263	NPC
CPC013_NEU_24H:BRD-K47832606-001-13-7:10	DB00322	Floxuridine	-0.20115233152895856	-1.1837531364547813	0.007073386383731211	0.012087123390586813	NEU
CPC016_NPC_24H:BRD-K96862998-001-03-1:10	DB04951	Pirfenidone	-0.2201970927219563	-1.2067913381244362	0.0071084864391951	0.012143292706353987	NPC
CPC013_NPC_24H:BRD-K66876909-001-04-3:10	DB00601	Linezolid	-0.20699879116220854	-1.1892150480512382	0.007129798903107861	0.012174399335074318	NPC
LPROT003_NPC_6H:L01	DB12500	Fedratinib	-0.21695089341539875	-1.2064258729227502	0.007131166705634791	0.012174399335074318	NPC
LJP007_NPC.TAK_24H:I16	DB11526	Masitinib	0.2019395780704036	1.1799419445297856	0.007142857142857143	0.012190502662371991	NPC.TAK
LJP009_NEU_24H:I02	DB11798	Tanzisertib	-0.23039070134536446	-1.212084231801959	0.007145076110593352	0.012190502662371991	NEU
CPC006_NOMO1_6H:BRD-K17561142-003-16-8:10	DB01118	Amiodarone	0.18800130924509592	1.1766850854017292	0.0072992700729927005	0.012449678928129735	NOMO1
LJP007_JURKAT_24H:F06	DB12848	PF-04217903	0.21671593356164964	1.204933957634726	0.007347032487659282	0.012527219451406528	JURKAT
CPC006_U937_6H:BRD-K00766422-001-01-9:80	DB03459	Sparfosic acid	-0.22592803249989873	-1.2090278261064067	0.00736590932669364	0.012555474864843057	U937
LPROT002_NPC.TAK_6H:G10	DB01234	Dexamethasone	-0.22537999149486018	-1.2000403130425585	0.00739946380697051	0.012608723370701312	NPC.TAK
NMH001_NPC_6H:BRD-K52075040-001-06-3:10	DB01034	Cerulenin	-0.1770928924720272	-1.1052386497636006	0.007518796992481203	0.012808060188005201	NPC
NMH001_NEU_6H:BRD-K75527158-001-01-5:10	DB00630	Alendronic acid	0.20816993326198505	1.1934096017410842	0.0075551526140828044	0.012865966584207304	NEU
LJP008_NEU_24H:G07	DB02546	Vorinostat	-0.20801638409926068	-1.1950710888842175	0.007601935038009675	0.012941587438887368	NEU
CPC014_NPC_24H:BRD-K49865102-001-02-7:10	DB07101	PD-0325901	-0.20646659486938782	-1.1850696280930788	0.007671125098347758	0.01305529602675059	NPC
LPROT002_NPC.TAK_6H:A08	DB00162	Vitamin A	-0.19718027451213377	-1.1689071209134605	0.007684597393919144	0.013074138521488178	NPC.TAK
LJP009_NPC_24H:B19	DB16107	BI 2536	0.20212043736693647	1.1751749466247743	0.00768775872264932	0.013075432230964457	NPC
LJP009_NPC_24H:H17	DB07138	Neflamapimod	-0.2148320133223398	-1.1972626473772638	0.007774662248279378	0.013219110397792536	NPC
LJP007_NPC_24H:O04	DB07101	PD-0325901	-0.24058260466714673	-1.1909786432539686	0.007805463824677274	0.013267339572157439	NPC
LJP008_NEU_24H:N08	DB02665	(1R,2S)-2-Phenylcyclopropanaminium	0.197804454884341	1.1706882282470161	0.007816200852676456	0.013281444569009666	NEU
LJP008_NPC.CAS9_24H:L13	DB08756	Y-27632	-0.2305129638266793	-1.2007145406676674	0.007827589712310663	0.013296648026588854	NPC.CAS9
CPC006_SKM1_6H:BRD-A38030642-001-02-0:10	DB00091	Cyclosporine	0.19447364928393462	1.1568863770832025	0.007913669064748202	0.013438678430501625	SKM1
NMH001_NPC_6H:BRD-K81418486-001-22-8:10	DB02546	Vorinostat	-0.22480757073203203	-1.2009143219933214	0.007962840079628402	0.013517963551638491	NPC
LJP009_NPC_24H:M14	DB06314	SGX-523	-0.20608203674536316	-1.1927291384717809	0.00797365227942451	0.013532100440556524	NPC
LJP007_JURKAT_24H:F14	DB12247	AZD-4547	-0.22618897806012836	-1.2070205905989115	0.008085149933476615	0.01371704876564288	JURKAT
CPC014_NPC_24H:BRD-K58772419-001-01-3:10	DB14980	AZD-6482	0.22094603001581126	1.201310305639115	0.00809222924287773	0.013724783698758056	NPC
LJP007_NPC.CAS9_24H:P21	DB11886	Infigratinib	0.24114627687178047	1.186849662461328	0.008105673971780246	0.013743306491380829	NPC.CAS9
CPC006_NOMO1_6H:BRD-A58048407-001-10-5:10	DB00393	Nimodipine	-0.20521277729288845	-1.1908067056413916	0.00821917808219178	0.01393141731578476	NOMO1
NMH002_NPC_6H:BRD-A30142024-001-01-1:10	DB04447	1,4-Dithiothreitol	0.1924910337794452	1.138230912558333	0.008227374719521317	0.013940971600035186	NPC
CPC015_NPC_24H:BRD-A09056319-001-05-5:10	DB00346	Alfuzosin	0.17715177107181268	1.1148919564599555	0.008264462809917356	0.013999460175057515	NPC
CPC006_NOMO1_6H:BRD-K56700933-001-01-3:10	DB12695	Phenethyl Isothiocyanate	0.22001150352801477	1.1903542889764607	0.008270842523158359	0.014005910566268789	NOMO1
LJP007_NPC_24H:A18	DB12742	Amuvatinib	-0.20632775082084195	-1.182908082439414	0.00838033843674456	0.014186920462079849	NPC
CPC006_NOMO1_6H:BRD-K85606544-001-01-8:10	DB11828	Neratinib	-0.22175639989428997	-1.201669392561964	0.00842258500571904	0.014254008061263482	NOMO1
NMH002_NPC_6H:BRD-K40438880-001-03-8:10	DB03566	Spermidine	0.1780037908784371	1.1389694945451017	0.008433734939759036	0.014268443765743308	NPC
LJP008_NEU_24H:K22	DB12332	Rucaparib	-0.20270382273167167	-1.1560662570809508	0.008463251670378619	0.014313934346857751	NEU
CPC016_NEU_24H:BRD-A17065207-001-06-9:10	DB07348	Brefeldin A	0.20773441427318756	1.1956737869954814	0.008484493856056173	0.01434540625274198	NEU
CPC015_NPC_24H:BRD-A41250306-001-03-4:10	DB13532	Cyclopenthiazide	-0.1990144041369652	-1.2053450395080598	0.008506965848847244	0.01437893731000065	NPC
AML001_U937_24H:BRD-K71879491:1.11111	DB00982	Isotretinoin	-0.21949662276455917	-1.198021891497258	0.008596654275092937	0.014526025188382294	U937
CPC017_NPC_24H:BRD-K09638361-001-01-4:10	DB03083	IC261	-0.22481083241979777	-1.2026618517171155	0.008688957325120986	0.014677438459245936	NPC
CPC015_NPC_24H:BRD-K70330367-003-03-8:10	DB00915	Amantadine	0.1918153306036038	1.1800718876308298	0.00869243573145922	0.01467876123830292	NPC
NMH002_NEU_6H:BRD-K06902185-001-13-6:10	DB00350	Minoxidil	0.17753441494820493	1.1160885912514962	0.008771929824561403	0.014808409741029573	NEU
LPROT002_NPC.TAK_6H:G12	DB01234	Dexamethasone	0.20981966421500772	1.18665584161561	0.008788359026076935	0.01483154733685001	NPC.TAK
LJP008_NPC_24H:J04	DB12116	Epigallocatechin gallate	-0.20594338883999747	-1.1828673005908872	0.008816787162757892	0.014874914153773072	NPC
CPC014_NPC_24H:BRD-K65331431-001-04-7:10	DB12112	Zuretinol acetate	0.1859469543096911	1.1492102463968972	0.008823529411764706	0.014881678902592316	NPC
LJP007_NPC.CAS9_24H:K01	DB12064	BMS-777607	0.19479239057414763	1.1512756116415583	0.008869179600886918	0.014954040899823577	NPC.CAS9
CPC012_NPC_24H:BRD-K13810148-001-02-1:10	DB12645	Givinostat	-0.2102045554683136	-1.184821524241591	0.008899436369029961	0.015000411781410452	NPC
LJP009_NPC.TAK_24H:H16	DB07138	Neflamapimod	0.1893231725280912	1.1588909903233562	0.00909090909090909	0.015318406840684067	NPC.TAK
CPC006_THP1_6H:BRD-A69951442-001-01-3:10	DB01234	Dexamethasone	-0.2100482684126199	-1.1860515895654082	0.009097801364670205	0.01532527876028269	THP1
NMH002_NEU_24H:BRD-K01638814-050-01-2:10	DB11738	Rilmenidine	-0.189042539833865	-1.1653952324447385	0.009120758847136081	0.015357583182001594	NEU
LJP007_NPC.CAS9_24H:B03	DB00877	Sirolimus	0.20170938886436324	1.1663808004646044	0.009122618728199625	0.015357583182001594	NPC.CAS9
CPC006_U937_6H:BRD-A04706586-236-01-7:10	DB13242	Bucladesine	-0.1916469369471031	-1.144167447355042	0.009223674096848577	0.015522907642594978	U937
LJP009_NEU_24H:E13	DB13113	JNJ-38877605	-0.18567309769921891	-1.1562238005295216	0.009302325581395349	0.015645603803668643	NEU
CPC018_NPC_24H:BRD-A92651262-003-03-9:10	DB00844	Nalbuphine	-0.18085549013259444	-1.1048688543891592	0.009302325581395349	0.015645603803668643	NPC
LJP007_NPC.TAK_24H:P10	DB07859	4-(4-CHLOROPHENYL)-4-[4-(1H-PYRAZOL-4-YL)PHENYL]PIPERIDINE	-0.20786401533611026	-1.1807412643552833	0.009354794332095198	0.0157289934957056	NPC.TAK
CPC006_WSUDLCL2_6H:BRD-K96354014-001-09-6:10	DB01115	Nifedipine	-0.21273164248720963	-1.1954781435149189	0.009386192416944548	0.01577691478477778	WSUDLCL2
LJP007_NPC_24H:K04	DB12064	BMS-777607	-0.19908169473570614	-1.1731380850875026	0.009389671361502348	0.01577789269816161	NPC
LJP007_NPC.TAK_24H:F05	DB12848	PF-04217903	-0.20659485291776883	-1.1894313801501708	0.009432653627410182	0.015845228764613157	NPC.TAK
CPC014_NPC_24H:BRD-A75409952:10	DB08059	Wortmannin	0.18796053627132708	1.128607715747093	0.009523809523809525	0.01599342172885189	NPC
LJP007_NPC.CAS9_24H:K22	DB01590	Everolimus	0.1974921049958311	1.1569642006431273	0.009557945041816009	0.016045797995601106	NPC.CAS9
NMH001_NEU_24H:BRD-K69726342-001-02-6:10	DB01076	Atorvastatin	-0.1997813733681343	-1.161722767448854	0.009607233681831025	0.01612357307588652	NEU
LJP008_NPC_24H:J01	DB12116	Epigallocatechin gallate	-0.19376894801436348	-1.1636937646249292	0.009650180940892641	0.016190660937800777	NPC
LJP008_NPC_24H:H17	DB11841	Entinostat	-0.21816532732025015	-1.1943531539675252	0.009675516224188791	0.01622816795717036	NPC
LJP009_NPC_24H:O23	DB07232	Veliparib	0.247654858664287	1.1814495400815321	0.009702910873261979	0.016269104869391853	NPC
CPC018_NPC_24H:BRD-K09602097-001-04-5:10	DB02587	Colforsin	-0.20992377993754072	-1.1889006836360452	0.00972087210109707	0.016294204205163018	NPC
LJP009_NPC_24H:E18	DB13113	JNJ-38877605	0.20911915601274358	1.1873485873824794	0.009741248097412482	0.016323334504156423	NPC
LJP007_NPC.TAK_24H:P19	DB11886	Infigratinib	-0.17668360067413175	-1.125147254772713	0.009950248756218905	0.01666842655378904	NPC.TAK
CPC016_NPC_24H:BRD-K47631482-003-03-9:10	DB09019	Bromhexine	-0.195756358674724	-1.161723778014848	0.009986684420772303	0.016724318375007985	NPC
LJP007_NPC.TAK_24H:K24	DB01590	Everolimus	-0.19878759794541634	-1.181031388674939	0.010016155088852988	0.016768515405439093	NPC.TAK
KHW001_U937_6H:BRD-A23723433-001-01-2:1	DB01229	Paclitaxel	0.1788392467281567	1.104794562602844	0.010050251256281407	0.016820426656947923	U937
CPC013_NEU_24H:BRD-K22096725-001-01-9:10	DB07970	5-[(2-methyl-5-{[3-(trifluoromethyl)phenyl]carbamoyl}phenyl)amino]pyridine-3-carboxamide	0.2137110788936868	1.1925475460504513	0.01007037126910944	0.016848922252402462	NEU
DOSBIO001_NEU_24H:BRD-A75409952:10	DB08059	Wortmannin	-0.19694745535731134	-1.15955236649026	0.010171306209850108	0.017012571750259116	NEU
CPC014_NEU_24H:BRD-K81528515-001-03-9:10	DB04868	Nilotinib	0.2180213642099435	1.1832440936239694	0.010228166797797011	0.017102424433774185	NEU
LJP009_NEU_24H:O06	DB07101	PD-0325901	0.21556223098701968	1.1863108813375538	0.010233748110245378	0.01710650466801606	NEU
CPC016_NEU_24H:BRD-K39915878-036-15-2:10	DB00408	Loxapine	0.18345591432525296	1.1369326235187296	0.010344827586206896	0.0172868766598597	NEU
CPC006_PL21_6H:BRD-K31342827-001-05-4:12.12	DB03777	Bisindolylmaleimide I	-0.22288004654668794	-1.1898080906327595	0.010353227771010963	0.017292257356104842	PL21
LPROT002_NPC.TAK_6H:A20	DB11763	Momelotinib	-0.2235930788706614	-1.1928083048033051	0.010354397950469683	0.017292257356104842	NPC.TAK
LJP008_NPC.TAK_24H:G21	DB00928	Azacitidine	-0.1905304635843176	-1.141464658475171	0.010440835266821345	0.017431265745894865	NPC.TAK
CPC012_NEU_24H:BRD-K48935217-001-01-3:10	DB03010	Patupilone	0.17802461694695615	1.1553183011752628	0.010452961672473868	0.01744616281590337	NEU
CPC006_THP1_6H:BRD-A58280226-001-01-2:4	DB08756	Y-27632	-0.21323902672226927	-1.194394675293846	0.010465116279069767	0.01746109781121751	THP1
LJP007_NPC.TAK_24H:K04	DB12064	BMS-777607	0.19180632313550383	1.1497495534916153	0.010475774770842427	0.017473528147628745	NPC.TAK
CPC006_U937_6H:BRD-K81418486:10	DB02546	Vorinostat	-0.20320832119927323	-1.1712531447375465	0.010667148797685771	0.017787290983526244	U937
NMH002_NEU_24H:BRD-K39965020-001-06-7:10	DB03756	Doconexent	0.21870720006247274	1.1887568870654008	0.010706638115631691	0.017847674067257478	NEU
NMH001_NPC_24H:BRD-A33749298-002-01-7:10	DB03585	Oxyphenbutazone	0.1959554260585741	1.144504369097247	0.010752688172043012	0.01791895342256617	NPC
LJP007_NPC.TAK_24H:E01	DB11743	Ipatasertib	0.21535453985313657	1.1946995084344234	0.010775632134855436	0.017951695505176724	NPC.TAK
LPROT002_NPC.TAK_6H:E10	DB12463	Semagacestat	0.187132261968167	1.1372441889170815	0.01079136690647482	0.01797241106197611	NPC.TAK
CPC006_THP1_6H:BRD-K44241590-001-03-3:11.1	DB07697	1-(2,3-dihydro-1,4-benzodioxin-6-ylsulfonyl)-4-[(4-methoxyphenyl)sulfonyl]piperazine	0.21259402441983732	1.1949540851759015	0.010887046888531485	0.018126217473232183	THP1
LJP007_NPC.TAK_24H:K05	DB12064	BMS-777607	0.18774994409536122	1.1412536573035381	0.010939510939510939	0.018208000176215336	NPC.TAK
AML001_U937_6H:BRD-A45664787:1.11111	DB01088	Iloprost	-0.2258278960101749	-1.1888456768963587	0.010953014638141058	0.018224906116503577	U937
LJP007_NPC.CAS9_24H:O03	DB07101	PD-0325901	-0.22303362414615108	-1.1930999974843228	0.011019283746556474	0.018329572169745435	NPC.CAS9
LJP007_NEU_24H:K08	DB11962	GSK-1059615	0.23354578098508438	1.1858867910534414	0.011056387576640868	0.018385675341186614	NEU
LJP009_NPC.CAS9_24H:B17	DB11805	Saracatinib	0.1874850586656391	1.130619927456037	0.011111111111111112	0.018471035137701805	NPC.CAS9
LJP009_NEU_24H:E23	DB08901	Ponatinib	-0.21911239354642562	-1.1925562471370883	0.011129144447020635	0.018495367915311072	NEU
NMH002_NEU_6H:BRD-K27450477-003-06-8:10	DB07711	(2S,3R)-3-(6-amino-9H-purin-9-yl)nonan-2-ol	-0.20784280137438021	-1.1958024604926778	0.011155378486055778	0.01853331032186082	NEU
LJP007_NPC.TAK_24H:M24	DB12874	Quizartinib	0.19305198243779798	1.1401452145414792	0.011162179908076166	0.01853895449203501	NPC.TAK
LJP009_NPC_24H:E24	DB08901	Ponatinib	-0.19557780737754196	-1.1648689363895226	0.011181513231457324	0.01856540276174286	NPC
LJP007_NPC.CAS9_24H:B08	DB07970	5-[(2-methyl-5-{[3-(trifluoromethyl)phenyl]carbamoyl}phenyl)amino]pyridine-3-carboxamide	0.2241330329749894	1.1968733437318257	0.011186874067760495	0.01856864253978167	NPC.CAS9
LPROT003_NPC_6H:N13	DB11648	Afuresertib	0.21168390966024514	1.1777118429398974	0.011235955056179775	0.018644427555135606	NPC
LJP007_NPC.CAS9_24H:A13	DB12742	Amuvatinib	-0.19431246897784676	-1.1500109963033363	0.011266643905769888	0.018689656628334696	NPC.CAS9
NMH002_NPC_24H:BRD-K08252256-236-26-2:10	DB00586	Diclofenac	-0.21318813738686887	-1.1952590441013091	0.01133977320453591	0.0188052389987523	NPC
CPC006_NOMO1_6H:BRD-K68185022-001-06-4:70.07	DB15588	Ursolic acid	0.2272382080543645	1.1885116122403319	0.011385390428211586	0.01887514041766828	NOMO1
CPC015_NPC_24H:BRD-K54771420-001-03-2:10	DB02691	Glycocholic acid	-0.21691400341787226	-1.1895908482848643	0.01146223888591323	0.0189967598821313	NPC
CPC015_NPC_24H:BRD-K49111258-003-16-4:10	DB00457	Prazosin	-0.1843572788173917	-1.1436132797113854	0.011574074074074073	0.019176272408703194	NPC
LPROT002_NPC.TAK_6H:E08	DB12463	Semagacestat	0.19324059989160905	1.1456559524873315	0.011592434411226357	0.01920085091348502	NPC.TAK
CPC018_NPC_24H:BRD-A84205515-001-02-5:10	DB13386	Epimestrol	-0.2063468604024563	-1.1865365753360437	0.011692650334075724	0.01936095278789188	NPC
LJP008_NPC.TAK_24H:M01	DB02709	Resveratrol	-0.2622529568318681	-1.156195710069784	0.0117	0.019367234042553194	NPC.TAK
NMH002_NEU_6H:BRD-A91699651-001-02-4:10	DB00608	Chloroquine	0.20255677292968186	1.165357421528249	0.011764705882352941	0.019468425474109426	NEU
CPC006_PL21_6H:BRD-K20285085-001-01-4:10	DB07159	Tamatinib	-0.18906968885903383	-1.1406850221257017	0.01181592039800995	0.019545040443916847	PL21
LJP009_NEU_24H:O01	DB07101	PD-0325901	-0.1889002832651951	-1.1354352400584007	0.011818181818181818	0.019545040443916847	NEU
CPC015_NPC_24H:BRD-A02759312-003-11-2:10	DB09351	Levobetaxolol	-0.22103762480171785	-1.188937784216995	0.011903529655315185	0.01968021326740938	NPC
CPC006_U937_6H:BRD-A31107743-001-01-3:0.09	DB07348	Brefeldin A	-0.1953108284290984	-1.1598155883379853	0.011985526910900044	0.019809766178076373	U937
CPC006_NOMO1_6H:BRD-A58280226-001-01-2:4	DB08756	Y-27632	-0.2624110351702054	-1.1451371855501362	0.012	0.019827669902912622	NOMO1
LJP008_NPC_24H:J02	DB12116	Epigallocatechin gallate	0.18051189985860666	1.1117879282940486	0.012048192771084338	0.01990126109533676	NPC
NMH002_NEU_6H:BRD-K40438880-001-03-8:10	DB03566	Spermidine	-0.19909274940403326	-1.1751491274869623	0.012137559002022926	0.020042797551551503	NEU
CPC006_WSUDLCL2_6H:BRD-K33583600-001-09-6:10	DB03285	Isoliquiritigenin	-0.19661596054951685	-1.1661944449448072	0.012186115214180207	0.020116878889489365	WSUDLCL2
AML001_U937_6H:BRD-K71879491:1.11111	DB00982	Isotretinoin	0.21831136804134818	1.1899657901966785	0.012191139653858714	0.02011907471361047	U937
CPC006_SKM1_6H:BRD-A01145011-001-01-4:11.1	DB03068	Zebularine	-0.24171270907068237	-1.1688728650782962	0.012201220122012201	0.020129610658733244	SKM1
LJP007_JURKAT_24H:E11	DB05913	OSI-930	-0.18881350363400365	-1.1291763944973383	0.012224938875305624	0.02016263389306918	JURKAT
LJP009_NEU_24H:G10	DB08521	4-[4-(4-Fluorophenyl)-2-[4-[(R)-methylsulfinyl]phenyl]-1H-imidazol-5-yl]pyridine	0.1988187729966221	1.1661718094779032	0.01226215644820296	0.020217894040845695	NEU
PCLB001_JURKAT_24H:BRD-K36452089-001-01-8:3.33	DB07726	t-Butylhydroquinone	-0.21783907408248115	-1.1843881869442123	0.012345679012345678	0.020349445490688428	JURKAT
CPC006_NOMO1_6H:BRD-K33583600-001-09-6:10	DB03285	Isoliquiritigenin	0.19137219673696562	1.1435459718749348	0.01238390092879257	0.02040627063788331	NOMO1
LPROT001_NPC.TAK_6H:E14	DB04297	Trichostatin A	0.20288777146776427	1.1696512719281549	0.012518530719815516	0.020621874863918723	NPC.TAK
LJP009_NEU_24H:N09	DB08896	Regorafenib	0.18305581406493715	1.1083300855724285	0.012552301255230125	0.020671252687022457	NEU
CPC015_NPC_24H:BRD-A67862938-034-09-9:10	DB13588	Naftidrofuryl	0.1911619240600212	1.1634202059341434	0.012626262626262626	0.020786767310346514	NPC
LJP007_JURKAT_24H:M19	DB12874	Quizartinib	-0.1915258228044363	-1.1345557694214023	0.012711864406779662	0.02092137006930252	JURKAT
NMH002_NEU_6H:BRD-A93000692-001-06-5:10	DB09201	Ciglitazone	0.19055762694035994	1.1648275543120483	0.012861736334405145	0.021161636277090758	NEU
CPC014_NEU_24H:BRD-K79404599-001-02-8:10	DB06486	Enzastaurin	-0.21599232303102503	-1.1903069570229197	0.012878370941111723	0.02118260590313937	NEU
LJP007_JURKAT_24H:I04	DB01268	Sunitinib	-0.19965351759298788	-1.1612817675959815	0.012925463162429988	0.02125364504305366	JURKAT
CPC015_NPC_24H:BRD-K71103788-003-04-7:10	DB00476	Duloxetine	0.18038448452177958	1.1288156202337765	0.01293103448275862	0.021256388105373815	NPC
CPC014_NPC_24H:BRD-M30523314-002-01-5:10	DB00361	Vinorelbine	-0.19406267391613058	-1.1579212179670069	0.012958280657395701	0.021294748479232645	NPC
DOSBIO001_NEU_24H:BRD-K27305650:3.33333	DB02656	LY-294002	-0.2133459783454725	-1.179084177860178	0.012979619719913469	0.021323381295519986	NEU
NMH002_NPC_6H:BRD-K79254416-001-12-7:10	DB01262	Decitabine	-0.18749991531629018	-1.120872142715056	0.012987012987012988	0.021329093102313852	NPC
LJP009_NPC_24H:E09	DB01782	Pyrazolanthrone	-0.22651421540921338	-1.186197993940694	0.012997646095588988	0.021340120782809054	NPC
AML001_U937_6H:BRD-A19037878:10	DB04297	Trichostatin A	-0.21207171511357592	-1.1728526930188778	0.013022998060404543	0.02137530061391294	U937
CPC006_U937_6H:BRD-K06980535-003-15-0:10	DB00420	Promazine	0.19395507518831914	1.1485256420587668	0.01311160857051487	0.021514257389281102	U937
CPC013_NEU_24H:BRD-K61192372-001-01-4:10	DB01101	Capecitabine	-0.23212712532404345	-1.1825227096395599	0.013155231734466708	0.021579334947561955	NEU
LJP008_NPC.CAS9_24H:I04	DB16239	Molibresib	0.19771026252760654	1.1594422611993151	0.013169446883230905	0.021596148065665614	NPC.CAS9
CPC017_NPC_24H:BRD-A26384407-001-15-2:10	DB08046	2-chloro-5-[(1S)-1-hydroxy-3-oxo-2H-isoindol-1-yl]benzenesulfonamide	-0.196213388992742	-1.1503094837146453	0.013197969543147208	0.02163640642142676	NPC
AML001_U937_6H:BRD-K93754473:0.49846	DB00675	Tamoxifen	-0.192870175380537	-1.149610831035619	0.013287117273252455	0.021775997794201883	U937
LJP007_JURKAT_24H:J22	DB03044	Doramapimod	-0.23239816224242457	-1.1818510370885427	0.013362805184366522	0.021893452777996415	JURKAT
CPC014_NPC_24H:BRD-K61341215-004-01-2:10	DB01339	Vecuronium	0.19309556656535962	1.1376431601863883	0.013390722142515544	0.021932593319741248	NPC
LJP008_NPC.CAS9_24H:C10	DB13877	Iniparib	-0.18416773955074206	-1.1185079335636174	0.013582342954159592	0.0222397593891621	NPC.CAS9
LJP009_NEU_24H:O20	DB07232	Veliparib	0.24234006819525714	1.1734874308064593	0.013609526668668067	0.02227757205818043	NEU
LJP007_JURKAT_24H:F13	DB12247	AZD-4547	0.220785516799022	1.18888397819937	0.013664025720519004	0.022360061320296425	JURKAT
CPC006_THP1_6H:BRD-K52075040-001-03-0:44.4	DB01034	Cerulenin	0.22503487979878037	1.1852058426147636	0.013729278958608766	0.022460094084885356	THP1
CPC014_NPC_24H:BRD-M72442222-001-01-0:10	DB06652	Vicriviroc	0.2093608317204304	1.182586219884051	0.01373836055564036	0.022468201677482702	NPC
LJP007_NPC_24H:P15	DB05294	Vandetanib	0.19757358300295846	1.1527404735444458	0.013836042891732965	0.022621161689696103	NPC
CPC006_THP1_6H:BRD-K81418486-001-13-7:11.1	DB02546	Vorinostat	-0.18961795414348492	-1.1387973811361312	0.013888888888888888	0.022700746965452843	THP1
AML001_HL60_24H:BRD-K26684619:0.37037	DB08784	2-(4-CHLORO-PHENYLAMINO)-NICOTINIC ACID	-0.1866125594584859	-1.2076328840677573	0.014040234702430847	0.022941229579789498	HL60
CPC015_NPC_24H:BRD-K32830106-001-01-8:10	DB01018	Guanfacine	0.17879936978572247	1.1128117855621416	0.014084507042253521	0.02300666627237933	NPC
CPC006_PL21_6H:BRD-K68185022-001-06-4:70.07	DB15588	Ursolic acid	0.20608639839527196	1.1841394228294377	0.014089509827137107	0.023007937186983112	PL21
CPC006_U937_6H:BRD-U88459701-000-01-8:10	DB01076	Atorvastatin	0.23214505612019676	1.1773279717415155	0.014269922620842127	0.023295563127429923	U937
NMH001_NPC_24H:BRD-K09557221-001-01-6:10	DB13070	Surinabant	-0.18442045760359374	-1.180365494989179	0.014285714285714285	0.023314354210368596	NPC
CPC006_SKM1_6H:BRD-A93255169-001-13-5:10	DB01041	Thalidomide	-0.1905853386068494	-1.1479572876903814	0.014329580348004094	0.0233789378595657	SKM1
CPC006_WSUDLCL2_6H:BRD-K56851771-001-02-7:0.25	DB08899	Enzalutamide	-0.20293506334284298	-1.1632118716501085	0.01435328657641494	0.02341060158585078	WSUDLCL2
CPC006_PL21_6H:BRD-K88510285-001-01-2:0.04	DB00188	Bortezomib	0.21800875038051917	1.1878575183024225	0.014477766287487074	0.02360656143762114	PL21
LJP007_NPC.CAS9_24H:F18	DB12247	AZD-4547	0.2317752898783938	1.180792638185829	0.014510525240138974	0.023652894480034978	NPC.CAS9
CPC006_THP1_6H:BRD-K59597909-001-10-1:10	DB11447	Phenothiazine	-0.1940359939445624	-1.1476791092612388	0.014540647719762063	0.023694903495459066	THP1
LJP009_NPC.CAS9_24H:L08	DB05984	RAF-265	-0.20012456368246523	-1.1544939890427341	0.014570795058599937	0.023736927875900465	NPC.CAS9
CPC006_SKM1_6H:BRD-K02113016-001-01-4:44.4	DB09074	Olaparib	0.1981646789424948	1.1492224728415041	0.01460028721876496	0.023777860105680015	SKM1
CPC006_PL21_6H:BRD-K81418486:10	DB02546	Vorinostat	-0.19509393845906922	-1.1356049847964094	0.01464035646085296	0.023830119258837556	PL21
CPC014_NPC_24H:BRD-K94294671-003-01-3:10	DB12387	OSI-027	0.20986488628635666	1.18186051936855	0.014641127256715104	0.023830119258837556	NPC
NMH002_NEU_6H:BRD-K43797669-001-16-3:10	DB01645	Genistein	0.18713140401597017	1.1116757243862794	0.014686248331108143	0.023890474281028903	NEU
CPC006_THP1_6H:BRD-K19216856-001-02-7:88.8	DB12116	Epigallocatechin gallate	0.1973081544598987	1.1499199648010032	0.014692918013517485	0.023890474281028903	THP1
NMH001_NPC_24H:BRD-K22134346-001-18-1:10	DB00641	Simvastatin	0.20041359283089002	1.1579802073568966	0.014699706005879883	0.023890474281028903	NPC
CPC006_U937_6H:BRD-K80738081-001-21-1:10	DB02709	Resveratrol	-0.24910658715335818	-1.160835965611482	0.0147	0.023890474281028903	U937
NMH001_NEU_6H:BRD-A19500257-001-03-9:10	DB02424	Geldanamycin	-0.21426513769432384	-1.1737593046403076	0.01470014309873813	0.023890474281028903	NEU
LJP007_NPC.TAK_24H:L08	DB11836	Sapanisertib	0.25460268777187534	1.1581185517906476	0.0148	0.024045584725536993	NPC.TAK
CPC017_NPC_24H:BRD-K35559145-050-03-6:10	DB01403	Methotrimeprazine	0.18490159854452654	1.1378728056768712	0.014804845222072678	0.024046283053804893	NPC
LJP008_NPC.CAS9_24H:J11	DB05223	Pracinostat	-0.2106717394960109	-1.1663634883801937	0.014834699067533201	0.02408758828914306	NPC.CAS9
LJP007_NPC_24H:P23	DB11886	Infigratinib	0.20321958632366874	1.1647603514236162	0.0149812734082397	0.02431833531483559	NPC
LPROT003_NPC_6H:D19	DB04868	Nilotinib	-0.21088782467842912	-1.1756495603740142	0.015034005488605178	0.024396660873344397	NPC
CPC015_NPC_24H:BRD-K66019333-096-01-2:10	DB13670	Oxantel	0.1742675707664764	1.1173998068639368	0.01507537688442211	0.024456509536062796	NPC
LJP007_NPC.CAS9_24H:D06	DB12494	SGI-1776	0.1998806091504985	1.1643793523864074	0.015126329787234043	0.02453186182884949	NPC.CAS9
CPC006_THP1_6H:BRD-K58550667-001-01-2:0.08	DB12731	Daporinad	-0.20163739669205127	-1.17189258391703	0.01527141468832431	0.024759786958206072	THP1
NMH002_NEU_24H:BRD-K97399794-001-12-0:10	DB04216	Quercetin	-0.18508845456816458	-1.129515337824423	0.01554001554001554	0.025187775187775187	NEU
CPC006_NOMO1_6H:BRD-A34255068-001-16-2:10	DB04149	(R)-Rolipram	0.21140569382001492	1.184038854655391	0.015678327645051195	0.025404395226107945	NOMO1
LJP007_NPC.CAS9_24H:O01	DB07101	PD-0325901	0.1879038087152388	1.106634891023809	0.015706806282722512	0.025442970557913978	NPC.CAS9
CPC014_NPC_24H:BRD-K71879491-001-22-6:10	DB00982	Isotretinoin	-0.2209786495892518	-1.1805752506788763	0.015715377059914874	0.02544928440924663	NPC
CPC017_NPC_24H:BRD-K74195153-050-03-0:10	DB13056	Irsogladine	-0.18040412912442033	-1.1229100266945249	0.015789473684210527	0.02556167469804118	NPC
LJP007_NEU_24H:P02	DB09054	Idelalisib	-0.22797634829799918	-1.1785865102097874	0.015881147540983607	0.025702445619077776	NEU
CPC006_NOMO1_6H:BRD-A35588707-001-03-0:1.25	DB00444	Teniposide	-0.20569305383801267	-1.1663826757459603	0.015945330296127564	0.0257986538302765	NOMO1
LJP007_NPC_24H:D05	DB12494	SGI-1776	-0.22264624573839825	-1.18023456074227	0.015984524536754224	0.025854386880654445	NPC
LPROT003_NPC_6H:J03	DB08881	Vemurafenib	0.18660436074207126	1.1449495854194036	0.016129032258064516	0.026080376982606696	NPC
LJP009_NEU_24H:N12	DB08896	Regorafenib	-0.19337806737618063	-1.1491485695916708	0.016216216216216217	0.02621356886717528	NEU
CPC006_SKM1_6H:BRD-K80738081-001-21-1:10	DB02709	Resveratrol	0.1890847258891237	1.1440084825552252	0.01624770079705702	0.02625667019014022	SKM1
LJP007_NEU_24H:M02	DB07794	5-(2-PHENYLPYRAZOLO[1,5-A]PYRIDIN-3-YL)-1H-PYRAZOLO[3,4-C]PYRIDAZIN-3-AMINE	-0.21670550496422733	-1.171487545305263	0.01628700341146693	0.02631237632122483	NEU
CPC006_U937_6H:BRD-A17883755-001-02-0:177.6	DB00480	Lenalidomide	-0.19681647223602067	-1.1581084932646795	0.016380775768814713	0.02645602160052341	U937
NMH002_NPC_24H:BRD-K80738081-001-33-6:10	DB02709	Resveratrol	0.18004545736954877	1.127568753781767	0.01652892561983471	0.026687378869143148	NPC
CPC014_NEU_24H:BRD-K98372770-001-04-1:10	DB08078	{4-[3-(4-acetyl-3-hydroxy-2-propylphenoxy)propoxy]phenoxy}acetic acid	0.17822976075225708	1.1238528677997386	0.016538037486218304	0.02669417668937311	NEU
CPC006_NOMO1_6H:BRD-A38030642-001-02-0:10	DB00091	Cyclosporine	0.223274518186495	1.1767435994153552	0.016586688921343625	0.02676477270092959	NOMO1
LPROT003_NPC_6H:H11	DB11870	RG-4733	0.20692240249887214	1.170566608387236	0.016596002422774075	0.02677186883721197	NPC
CPC013_NPC_24H:BRD-K13390322-001-01-4:10	DB08142	AT-7519	0.18908687416828854	1.1332640569791885	0.016738030362008563	0.026992985890286834	NPC
LJP007_NPC.TAK_24H:C02	DB11800	Tivozanib	-0.19922699958779724	-1.1505907107292952	0.016800401203610833	0.027080260586961794	NPC.TAK
CPC015_NPC_24H:BRD-K63828191-003-11-5:10	DB00481	Raloxifene	-0.20264721852432094	-1.1658624061463057	0.016802093375568105	0.027080260586961794	NPC
PCLB001_JURKAT_24H:BRD-K36452089-001-01-8:0.16	DB07726	t-Butylhydroquinone	0.18673239893449609	1.125272589069981	0.016877637130801686	0.027193967992410056	JURKAT
NMH002_NPC_6H:BRD-K81473043-001-07-0:10	DB05134	Tanespimycin	-0.1852657265421093	-1.134049147722322	0.016975308641975308	0.027343250773202463	NPC
LJP007_NPC.CAS9_24H:K06	DB12064	BMS-777607	0.232963094465331	1.1702640246354588	0.017126737860165223	0.027579010758858605	NPC.CAS9
CPC006_NOMO1_6H:BRD-K01638814-051-10-1:10	DB11738	Rilmenidine	0.19796433063567753	1.1483211238040834	0.01716937354988399	0.027639494044536864	NOMO1
AML001_U937_6H:BRD-A75409952:0.37037	DB08059	Wortmannin	0.20545319851565055	1.1631687596712037	0.01733102253032929	0.02789147420217887	U937
CPC015_NPC_24H:BRD-K47869605-001-18-9:10	DB12802	Picropodophyllin	-0.1731960528867048	-1.1344567554898994	0.017488076311605722	0.028135912435156504	NPC
LJP008_NPC.TAK_24H:L14	DB08756	Y-27632	0.2027659870748234	1.162095032641657	0.01753048780487805	0.028195817065967473	NPC.TAK
LJP009_NPC.TAK_24H:K08	DB11962	GSK-1059615	0.2382256575583386	1.160844694612789	0.017708854427213608	0.028474290289520313	NPC.TAK
LJP007_NPC.TAK_24H:E10	DB05913	OSI-930	0.1995793851200472	1.1536025339973524	0.017738359201773836	0.02851331293177695	NPC.TAK
CPC016_NEU_24H:BRD-K93258693-001-05-8:10	DB07863	2-chloro-5-nitro-N-phenylbenzamide	-0.20458847469443284	-1.1633832661582943	0.017757712565838978	0.028535999596801146	NEU
CPC016_NEU_24H:BRD-K27450477-001-03-9:10	DB07711	(2S,3R)-3-(6-amino-9H-purin-9-yl)nonan-2-ol	0.21475032322539178	1.1748743119541116	0.017996000888691403	0.028910389628263537	NEU
DOSBIO001_NEU_24H:BRD-A19500257:1.11111	DB02424	Geldanamycin	0.21612256314476586	1.1733181707159073	0.01836340206185567	0.029491916139447356	NEU
CPC006_PL21_6H:BRD-K12502280-001-01-5:11.1	DB12500	Fedratinib	0.2029152937206637	1.1582282719362507	0.01860176716788095	0.029865926885695653	PL21
LJP008_NPC.CAS9_24H:I10	DB11830	Mocetinostat	-0.22282126098914867	-1.1764651769861183	0.018914036765487197	0.03035833899936436	NPC.CAS9
CPC015_NPC_24H:BRD-K34776109-001-03-4:10	DB00222	Glimepiride	-0.19091013481992886	-1.1405925554189948	0.018949984467225848	0.030407075842225094	NPC
LJP009_NPC_24H:B16	DB11805	Saracatinib	0.22712086214944904	1.1719946313039025	0.019048578915541223	0.030556277105754787	NPC
LJP007_NPC.TAK_24H:K01	DB12064	BMS-777607	-0.21904821631204702	-1.178214656592844	0.019243173511072888	0.030859341266579195	NPC.TAK
LJP008_NPC.CAS9_24H:L16	DB08756	Y-27632	0.18936692994804097	1.1357546271773409	0.019287833827893175	0.030921855468562326	NPC.CAS9
LJP009_NPC_24H:E10	DB01782	Pyrazolanthrone	0.19327790639432205	1.134343050035986	0.019307589880159785	0.030938087445609646	NPC
LJP007_NPC.TAK_24H:K20	DB01590	Everolimus	0.20352775357227038	1.154028962971362	0.019309320460453028	0.030938087445609646	NPC.TAK
LJP009_NPC.CAS9_24H:D24	DB13061	MLN8054	-0.19582479267709246	-1.1481284803327907	0.019428571428571427	0.03112	NPC.CAS9
CPC013_NEU_24H:BRD-K14791739-001-01-9:10	DB00588	Fluticasone propionate	0.19428221506869192	1.1293029667825731	0.019539730785931395	0.031288848532838094	NEU
DOSBIO002_NPC_24H:BRD-A75409952:3.33333	DB08059	Wortmannin	0.1841779219961907	1.125662868155411	0.01970108695652174	0.031537954016818755	NPC
LJP007_NPC.TAK_24H:J24	DB03044	Doramapimod	-0.19228596421054744	-1.135847053399092	0.01974090067859346	0.031592402320193946	NPC.TAK
LJP007_NPC.TAK_24H:C06	DB11800	Tivozanib	0.2215844265785889	1.1774547172313323	0.019795724965778666	0.031670833773099476	NPC.TAK
LJP007_NPC.TAK_24H:M12	DB05575	Motesanib	0.1854929455060173	1.1316522084583274	0.019895287958115182	0.031820774807605076	NPC.TAK
CPC006_WSUDLCL2_6H:BRD-K15563106-001-08-1:177.6	DB07810	Phloretin	-0.17721115043556496	-1.101221101647957	0.020100502512562814	0.03213955862695746	WSUDLCL2
CPC006_THP1_6H:BRD-K19796430-001-01-5:10	DB09143	Sonidegib	-0.1847447368886363	-1.1151129898511973	0.020257826887661142	0.03238160411805183	THP1
LPROT003_NPC_6H:N03	DB08895	Tofacitinib	-0.2101395273038842	-1.1673812441923535	0.020437956204379562	0.03265994996744457	NPC
LJP008_NEU_24H:I09	DB11830	Mocetinostat	-0.2069033530758453	-1.1590651544540234	0.020529520033979894	0.0327906261919793	NEU
CPC006_NOMO1_6H:BRD-K55966568-001-01-3:6	DB12072	Orantinib	0.21954437131740484	1.1709841783935397	0.02053177291859152	0.0327906261919793	NOMO1
LJP008_NEU_24H:I12	DB11830	Mocetinostat	0.2423879352831535	1.1567486353576528	0.0206	0.032889944297859866	NEU
CPC018_NPC_24H:BRD-A20589515-001-01-1:10	DB04228	Dihydroxyphenylglycine	-0.18600077993448264	-1.1243220002160021	0.020766773162939296	0.033146496672147543	NPC
LJP009_NPC.CAS9_24H:G14	DB01254	Dasatinib	0.2244522874013779	1.1727615035164705	0.02079086832450061	0.033174214013556635	NPC.CAS9
LJP007_JURKAT_24H:D05	DB12494	SGI-1776	-0.21764266075932004	-1.172876012575825	0.02079632145469746	0.033174214013556635	JURKAT
LJP009_NEU_24H:I15	DB12146	Rigosertib	-0.19911740138699316	-1.1494732960280793	0.020802741067058247	0.0331747372917128	NEU
CPC006_PL21_6H:BRD-K15563106-001-08-1:177.6	DB07810	Phloretin	-0.1999249465783871	-1.1395445026239264	0.020886699507389164	0.033298877493337646	PL21
LJP007_JURKAT_24H:D12	DB08875	Cabozantinib	-0.18875376707685138	-1.1187889795214074	0.02092511013215859	0.0333503511207889	JURKAT
CPC015_NPC_24H:BRD-K60770992-066-15-1:10	DB01186	Pergolide	-0.20871784425135018	-1.1656926498115447	0.02095620529552014	0.03339013868911723	NPC
LJP007_NPC_24H:D20	DB06616	Bosutinib	-0.2036607034101434	-1.1581739575203716	0.021037253469685904	0.0335094713062034	NPC
LJP009_NPC_24H:G10	DB08521	4-[4-(4-Fluorophenyl)-2-[4-[(R)-methylsulfinyl]phenyl]-1H-imidazol-5-yl]pyridine	0.1900795257097855	1.1280386527165702	0.02110649184521906	0.033609928242416084	NPC
CPC006_NOMO1_6H:BRD-K56343971-001-02-3:10	DB08881	Vemurafenib	0.22677441078684027	1.1630927056576887	0.0211401663160004	0.03365371112450692	NOMO1
LJP007_JURKAT_24H:I22	DB13005	Rebastinib	0.1976376052718039	1.1357885156094538	0.02122762148337596	0.033783058620241224	JURKAT
NMH002_NPC_24H:BRD-K92723993-066-14-4:10	DB00619	Imatinib	0.17490231799433606	1.1274035282169816	0.02127659574468085	0.03385110734020798	NPC
LPROT003_NPC_6H:D21	DB04868	Nilotinib	-0.21587203584794956	-1.1702988647381387	0.02129995608256478	0.033878376409359756	NPC
NMH001_NPC_6H:BRD-K22134346-001-18-1:10	DB00641	Simvastatin	0.21510458431981905	1.1774666665668483	0.021317177156961742	0.03389586767790179	NPC
CPC006_SKM1_6H:BRD-K49456190-001-01-0:10	DB11684	APR-246	0.19845738567011958	1.1534952149392381	0.021339863564806716	0.0339220364780903	SKM1
CPC006_WSUDLCL2_6H:BRD-U88459701-000-01-8:10	DB01076	Atorvastatin	0.1882719520217945	1.1218483944895923	0.021374045801526718	0.033966458545408376	WSUDLCL2
LPROT001_NPC.TAK_6H:K20	DB00877	Sirolimus	0.1945430631517155	1.1359758988541444	0.021431305013394564	0.03404751665780245	NPC.TAK
KHW001_U937_6H:BRD-K09416995-001-18-3:10	DB00227	Lovastatin	0.17825026564623503	1.0998990363080954	0.021505376344086023	0.034155228804284773	U937
CPC018_NPC_24H:BRD-A97730597-003-03-2:10	DB00473	Hexylcaine	-0.17746417685431085	-1.1057634442063768	0.02158273381294964	0.034268095727499635	NPC
LJP007_NPC.CAS9_24H:P04	DB09054	Idelalisib	-0.2002552655806093	-1.1522062757635803	0.02186910006293266	0.034705058539860535	NPC.CAS9
LJP007_NPC.TAK_24H:C01	DB11800	Tivozanib	0.21401824556861604	1.1695248372176512	0.02187068690943837	0.034705058539860535	NPC.TAK
AML001_HL60_24H:BRD-K27316855:0.37037	DB00136	Calcitriol	-0.2027661369757067	-1.1763141487428697	0.021879293943557764	0.034708603209034544	HL60
CPC006_THP1_6H:BRD-A58955223-001-01-2:10	DB12422	Sulforaphane	0.18009982946495903	1.1065127216527064	0.022116903633491312	0.03507302663788316	THP1
CPC006_THP1_6H:BRD-K81651477-001-03-5:20	DB13063	Parthenolide	-0.19125663034771578	-1.1302546334902401	0.022121896162528215	0.03507302663788316	THP1
CPC017_NPC_24H:BRD-K72166146-066-03-9:10	DB00320	Dihydroergotamine	0.18177550877806684	1.1188518548210125	0.022357723577235773	0.035434693662215064	NPC
LJP007_JURKAT_24H:E08	DB05913	OSI-930	-0.19920620117381996	-1.1444050829298065	0.02236302646291465	0.035434693662215064	JURKAT
NMH002_NEU_24H:BRD-K76723084-001-19-0:10	DB00982	Isotretinoin	-0.20392447787242118	-1.1584808067660888	0.02249017748272592	0.03562580179491721	NEU
DOSBIO001_NPC_24H:BRD-A19037878:0.37037	DB04297	Trichostatin A	0.19790367808642054	1.1238989704169724	0.0225140712945591	0.03565328068338728	NPC
NMH002_NPC_6H:BRD-K79254416-001-11-9:10	DB01262	Decitabine	-0.21304295079186383	-1.1677826733703693	0.022552065354964908	0.035703066256726416	NPC
NMH002_NEU_24H:BRD-K22429181-001-12-6:10	DB00162	Vitamin A	-0.19031148912230872	-1.1357493066734017	0.022589345920431558	0.03575169365959613	NEU
LJP007_NPC.CAS9_24H:J23	DB03044	Doramapimod	-0.21709276490728685	-1.1698879789615708	0.02269679149901991	0.03591130926893156	NPC.CAS9
CPC006_WSUDLCL2_6H:BRD-K01976263-003-04-5:0.63	DB01735	3-Chloroalaninate	0.2108925771371003	1.1612653040088885	0.022960655359409252	0.03631824835531304	WSUDLCL2
LJP008_NEU_24H:D20	DB13978	Selisistat	-0.1805483101447301	-1.1154959972160918	0.023004059539918808	0.03637633805296104	NEU
LJP007_JURKAT_24H:K09	DB11962	GSK-1059615	0.1877569455620169	1.1239274112160116	0.023038156947444204	0.036419681490792784	JURKAT
CPC006_WSUDLCL2_6H:BRD-K01638814-051-10-1:10	DB11738	Rilmenidine	-0.1841786061063482	-1.1160773240974795	0.023117960877296978	0.03653523358611705	WSUDLCL2
LJP008_NPC.TAK_24H:N11	DB02665	(1R,2S)-2-Phenylcyclopropanaminium	0.17204591336671538	1.085983515502331	0.023255813953488372	0.0367424319091087	NPC.TAK
CPC015_NPC_24H:BRD-A92177080-001-01-3:10	DB14649	Dexamethasone acetate	-0.2141024411620266	-1.1685948944347524	0.02328042328042328	0.03677064535533213	NPC
CPC016_NEU_24H:BRD-K91699951-001-03-7:10	DB00868	Benzonatate	-0.200268579858858	-1.1527696915394452	0.02342234820229748	0.03698408475201857	NEU
CPC006_NOMO1_6H:BRD-A67373739-001-01-4:10	DB01700	AICA ribonucleotide	-0.17943547837485757	-1.1124237015535534	0.023480662983425413	0.03705812777299074	NOMO1
CPC015_NPC_24H:BRD-K70914287-300-01-0:10	DB12966	Falnidamol	0.19213711581742007	1.137716411783042	0.023482849604221635	0.03705812777299074	NPC
CPC006_WSUDLCL2_6H:BRD-A70155556-001-04-4:40	DB03785	Mevinolinic acid	0.1894856524307756	1.1239598475841364	0.02361904761904762	0.03726226342217072	WSUDLCL2
NMH002_NEU_24H:BRD-K52313696-001-10-7:10	DB12291	Tacedinaline	-0.18806625137349844	-1.1427391988198956	0.02374611628939192	0.037451882221844306	NEU
NMH002_NPC_24H:BRD-K13005598-001-01-5:10	DB13034	Foxy-5	-0.19262182346858808	-1.1335956080346414	0.023776223776223775	0.03748851033159082	NPC
AML001_HL60_24H:BRD-K26684619:10	DB08784	2-(4-CHLORO-PHENYLAMINO)-NICOTINIC ACID	-0.19988262765491646	-1.1568832958714215	0.023903300285209834	0.037677966238278654	HL60
LJP009_NPC_24H:B12	DB12242	AZD-7762	-0.1866948492208876	-1.116439937893625	0.0239880059970015	0.037800544172358265	NPC
LJP009_NPC.TAK_24H:E18	DB13113	JNJ-38877605	0.20123258560354743	1.152127488555644	0.024286474029427407	0.0382598025930754	NPC.TAK
CPC006_WSUDLCL2_6H:BRD-K13049116-001-01-6:10	DB15399	BMS-754807	-0.23300178060790655	-1.153302265645219	0.02511255627813907	0.039549734381360724	WSUDLCL2
CPC006_PL21_6H:BRD-K93754473-001-06-0:28.39	DB00675	Tamoxifen	-0.17803439581805391	-1.1080359764692613	0.025396825396825397	0.039985866178407374	PL21
NMH001_NPC_24H:BRD-K73251053-001-01-0:10	DB04017	Clorgiline	-0.19459177375575595	-1.1429643110285013	0.02553663952627683	0.040194375393093534	NPC
LJP007_JURKAT_24H:P23	DB11886	Infigratinib	0.17303936728890182	1.0865115518546127	0.02564102564102564	0.040347016943376376	JURKAT
PCLB001_JURKAT_6H:BRD-K36452089-001-01-8:10	DB07726	t-Butylhydroquinone	-0.19996242772558587	-1.1526006520893126	0.02577752871952928	0.04055009283840452	JURKAT
LJP008_NPC.TAK_24H:H14	DB11841	Entinostat	-0.21163779145632208	-1.1593728932742209	0.02596632677258715	0.04083529182890835	NPC.TAK
CPC006_PL21_6H:BRD-K27316855-001-02-6:1	DB00136	Calcitriol	0.191126152093272	1.1184774637018704	0.02600216684723727	0.04087985007218654	PL21
CPC018_NPC_24H:BRD-A91452556-001-03-2:10	DB13954	Estradiol cypionate	-0.1951740543702206	-1.1407996503412374	0.026015347183230394	0.040888767896067164	NPC
CPC006_SKM1_6H:BRD-K58550667-001-01-2:0.08	DB12731	Daporinad	-0.20759383350173746	-1.1653563922048227	0.0261902237302513	0.041151747961612396	SKM1
NMH002_NPC_6H:BRD-K43880410-001-09-4:10	DB02789	Pregnenolone	0.19525163791747369	1.1395499438858525	0.026517794836008374	0.04165443053847753	NPC
CPC006_THP1_6H:BRD-K00766422-001-01-9:80	DB03459	Sparfosic acid	0.23634425852215427	1.1387240949149684	0.0267	0.04192854671280277	THP1
LPROT001_NPC.TAK_6H:I20	DB02424	Geldanamycin	0.19600897397464234	1.1268178383851952	0.026806833114323258	0.04208417790158676	NPC.TAK
LJP009_NPC.CAS9_24H:I23	DB11363	Alectinib	0.1718605807591781	1.0796157156368753	0.02702702702702703	0.04241763377210063	NPC.CAS9
LPROT002_NPC.TAK_6H:C20	DB04462	Tetrabromo-2-Benzotriazole	0.20620947848896307	1.147617635437875	0.027196354834116473	0.04267108857003697	NPC.TAK
LJP009_NEU_24H:A04	DB05134	Tanespimycin	0.1959377721077406	1.134339300558276	0.027353689567430027	0.04290558565213823	NEU
CPC016_NEU_24H:BRD-A91008255-003-16-4:10	DB01244	Bepridil	0.19842561121814087	1.1320133085934703	0.027530531980956324	0.0431705376240392	NEU
CPC006_NOMO1_6H:BRD-K22134346-001-09-0:10	DB00641	Simvastatin	-0.19607035109615267	-1.1347284116144911	0.027700316043874327	0.0434242720710822	NOMO1
LJP007_JURKAT_24H:D20	DB06616	Bosutinib	-0.18713144642054716	-1.1216782466894055	0.027888446215139442	0.043706612399323566	JURKAT
LJP007_NPC.CAS9_24H:I08	DB06589	Pazopanib	0.18480594124501035	1.1169998507261916	0.028023598820058997	0.043905788024752965	NPC.CAS9
LJP007_JURKAT_24H:I12	DB06589	Pazopanib	-0.21238248786842887	-1.156446396695089	0.02806014400677679	0.04395040099537141	JURKAT
NMH002_NPC_6H:BRD-K97808269-001-01-9:10	DB04382	2-Deoxy-alpha-D-galactopyranose	0.19889752675876482	1.1357773990743147	0.028319938767699962	0.044344561969204714	NPC
CPC006_THP1_6H:BRD-A56592690-001-01-9:30	DB05448	PX-12	-0.2040975538360625	-1.1407184896386406	0.028421633554083885	0.044491007857298315	THP1
KHW001_SKM1_6H:BRD-K81651477-001-01-9:10	DB13063	Parthenolide	0.1893382911050894	1.1167818801765719	0.02857142857142857	0.04471264367816092	SKM1
CPC018_NPC_24H:BRD-K03384561-001-01-9:10	DB11366	Roquinimex	-0.2135244615907201	-1.1658179711623744	0.02876376988984088	0.04500071554727763	NPC
CPC006_PL21_6H:BRD-A31107743-001-01-3:0.09	DB07348	Brefeldin A	0.22736516400533144	1.1545212828597475	0.02880824825634287	0.04505735784148284	PL21
LJP007_NEU_24H:D03	DB12494	SGI-1776	-0.198652492978129	-1.1383113599610863	0.028849980103461997	0.0451096731678019	NEU
LJP007_NPC_24H:I18	DB11526	Masitinib	-0.20423140814030233	-1.1508363876424574	0.02899751449875725	0.04532734327216762	NPC
CPC017_NPC_24H:BRD-K68246049-001-01-4:10	DB02877	Arotinoid acid	-0.1908464245567834	-1.1253602736764452	0.029044241810199257	0.04538735750311195	NPC
CPC006_U937_6H:BRD-K93754473-001-06-0:28.39	DB00675	Tamoxifen	0.19864881686603592	1.1493839114313809	0.029209621993127148	0.04563270263183317	U937
CPC016_NPC_24H:BRD-A60571864-001-03-3:10	DB01222	Budesonide	-0.21503740932646828	-1.158193807250516	0.02930943595150237	0.04577550564722739	NPC
LJP007_NPC.CAS9_24H:N15	DB09330	Osimertinib	-0.2237504333001456	-1.1554986600226995	0.02938494275002533	0.045879137602112444	NPC.CAS9
CPC014_NPC_24H:BRD-A39052811-377-01-4:10	DB11675	Mosapride	-0.20002876359780664	-1.1546821039936852	0.02939263883469892	0.045879137602112444	NPC
LPROT002_NPC.TAK_6H:G20	DB04149	(R)-Rolipram	-0.2008891563408103	-1.148264799067482	0.029535864978902954	0.046089490164786674	NPC.TAK
LJP009_NPC_24H:E13	DB13113	JNJ-38877605	0.22823914184928915	1.1496446136130893	0.029624422574814218	0.046214438654379325	NPC
CPC006_SKM1_6H:BRD-K82746043-001-03-7:10	DB12340	Navitoclax	0.1678691154154447	1.079654375424732	0.0297029702970297	0.04632370453540199	SKM1
LJP008_NPC.TAK_24H:I12	DB11830	Mocetinostat	0.18714421904799355	1.1131137812096417	0.02982107355864811	0.046494579616489444	NPC.TAK
LJP009_NPC.TAK_24H:B17	DB11805	Saracatinib	0.21467529320730502	1.159067532065705	0.02991406504949418	0.04662621587279488	NPC.TAK
CPC014_NPC_24H:BRD-K84639753-066-01-9:10	DB06654	Safinamide	-0.2188795085574378	-1.1579548884239423	0.029946198355496903	0.04666294599257114	NPC
LJP007_NPC.CAS9_24H:B18	DB12200	Tivantinib	0.2108771795493438	1.1529907777016353	0.030027073590942654	0.04677558431815609	NPC.CAS9
CPC006_NOMO1_6H:BRD-K81418486-001-13-7:11.1	DB02546	Vorinostat	-0.20135393543379476	-1.1433030296047264	0.030039181541140617	0.046781064533329086	NOMO1
LJP007_NPC.CAS9_24H:M08	DB05575	Motesanib	0.22271748619269302	1.156775293081419	0.030303030303030304	0.04717847427967497	NPC.CAS9
LJP008_NEU_24H:K12	DB11962	GSK-1059615	0.2101893087396507	1.151838903085431	0.030542711121927475	0.047538040803091465	NEU
CPC014_NEU_24H:BRD-K89085489-001-10-9:10	DB05076	Fenretinide	-0.2041287010545735	-1.1451113195092253	0.030594405594405596	0.04760489510489511	NEU
CPC006_SKM1_6H:BRD-K76205745-237-05-8:160	DB00678	Losartan	-0.20025815206168424	-1.1416571926965906	0.030721716514954485	0.047789336801040305	SKM1
LJP007_NPC_24H:J24	DB03044	Doramapimod	-0.2057787442048789	-1.1500678802042288	0.030905905905905907	0.0480621255178651	NPC
LPROT003_NPC_6H:H05	DB01590	Everolimus	0.19112517083842248	1.1154867729697358	0.03093220338983051	0.0480892890839329	NPC
NMH001_NEU_6H:BRD-K66296774-001-05-3:10	DB01095	Fluvastatin	0.19970042867878066	1.1380365769002243	0.030951952492351987	0.04810625949581875	NEU
PCLB001_JURKAT_6H:BRD-A19037878-001-02-3:0.63	DB04297	Trichostatin A	-0.2107851403080013	-1.1459744603906064	0.030991480429682677	0.048153952188317216	JURKAT
AML001_U937_6H:BRD-A19500257:3.33333	DB02424	Geldanamycin	0.19051902972637266	1.1089945244636459	0.0311284046692607	0.04835290696771072	U937
LJP007_NPC.CAS9_24H:M01	DB07794	5-(2-PHENYLPYRAZOLO[1,5-A]PYRIDIN-3-YL)-1H-PYRAZOLO[3,4-C]PYRIDAZIN-3-AMINE	0.23777794523175755	1.150021854774463	0.031421995396777744	0.04879503476785047	NPC.CAS9
LJP008_NPC.CAS9_24H:F06	DB12376	Ricolinostat	-0.192914936340808	-1.1242280369398536	0.03143189755529686	0.0487964977440555	NPC.CAS9
CPC014_NPC_24H:BRD-K19687926-379-01-7:10	DB01259	Lapatinib	-0.21791011934373206	-1.1575644596002415	0.031457460933510366	0.04882226624220503	NPC
CPC006_WSUDLCL2_6H:BRD-K04430056-001-09-4:80	DB02207	7-Nitroindazole	0.19185159870930701	1.1286629656389344	0.03161014158709253	0.04904525102088488	WSUDLCL2
CPC016_NEU_24H:BRD-K18742343-001-03-2:10	DB07997	N-[2-(METHYLAMINO)ETHYL]-5-ISOQUINOLINESULFONAMIDE	-0.20667372667086611	-1.1616538756089412	0.03168607701185605	0.049149067333115366	NEU
NMH002_NPC_6H:BRD-K32164935-001-25-8:10	DB00839	Tolazamide	0.2057783426065712	1.1443832972286747	0.03171217292377702	0.04916200713869174	NPC
LJP007_NPC.CAS9_24H:D21	DB06616	Bosutinib	0.1918447623038537	1.1120937177539991	0.03171247357293869	0.04916200713869174	NPC.CAS9
LJP008_NEU_24H:G20	DB00928	Azacitidine	-0.1918278210408367	-1.1256236542863784	0.03194103194103194	0.049502236753232766	NEU
LJP008_NPC_24H:A04	DB05134	Tanespimycin	0.23299453042677007	1.1421416555854678	0.03211284513805522	0.049754354088719414	NPC
LPROT002_NPC.TAK_6H:O08	DB02546	Vorinostat	0.20018377762534512	1.138370626536798	0.03227329974811083	0.04998873447901353	NPC.TAK
LJP007_NPC.TAK_24H:K23	DB01590	Everolimus	-0.19229592341126384	-1.1275190739626106	0.03231419338801889	0.05003784395540258	NPC.TAK
CPC006_THP1_6H:BRD-K33583600-001-09-6:10	DB03285	Isoliquiritigenin	0.1795314911858032	1.1006537186341057	0.032418952618453865	0.050185791915889635	THP1
CPC006_WSUDLCL2_6H:BRD-A34817987-001-11-8:10	DB01167	Itraconazole	-0.21297369557314216	-1.153554545313025	0.03250920568122041	0.05031120606420187	WSUDLCL2
LJP007_NPC.TAK_24H:I03	DB01268	Sunitinib	-0.22582941834759945	-1.1519403492811398	0.03256608704392401	0.0503849176253438	NPC.TAK
CPC006_WSUDLCL2_6H:BRD-A38030642-001-02-0:10	DB00091	Cyclosporine	0.18046695298907925	1.1013251111388886	0.03258145363408521	0.050394375601030404	WSUDLCL2
LJP008_NEU_24H:J10	DB05223	Pracinostat	0.18916509971969556	1.1127132985783832	0.03259911894273128	0.05040738266953848	NEU
LJP007_NPC.TAK_24H:D23	DB06616	Bosutinib	-0.22533563922151187	-1.1528819891919717	0.032651415902448855	0.05047391740128768	NPC.TAK
CPC017_NPC_24H:BRD-K95785537-001-09-0:10	DB03023	1-Tert-Butyl-3-(4-Chloro-Phenyl)-1h-Pyrazolo[3,4-D]Pyrimidin-4-Ylamine	-0.16592332141793933	-1.0833441667766546	0.03278688524590164	0.05066894921940419	NPC
LJP009_NPC.TAK_24H:H10	DB08912	Dabrafenib	-0.21367823286920157	-1.150755021100563	0.0328322309079976	0.050724632489348914	NPC.TAK
CPC017_NPC_24H:BRD-K42693031-001-01-8:10	DB00222	Glimepiride	0.19833537613641594	1.1373952825832787	0.03286297809134794	0.050757736439444374	NPC
LJP007_NEU_24H:P18	DB05294	Vandetanib	-0.21144330016154675	-1.1513943143674166	0.03290529695024077	0.05080868930848064	NEU
CPC006_THP1_6H:BRD-K50590187-001-10-8:160	DB09120	Zucapsaicin	0.2041857098087958	1.1469631781238108	0.0329709288584259	0.050895600499713006	THP1
LJP007_NPC.CAS9_24H:K23	DB01590	Everolimus	-0.18811671600887406	-1.1090453341202087	0.03346613545816733	0.051645387845049386	NPC.CAS9
LJP008_NPC.TAK_24H:J04	DB12116	Epigallocatechin gallate	0.17871654415840146	1.102150506395423	0.03379416282642089	0.05213683024155472	NPC.TAK
LJP007_NPC.CAS9_24H:F05	DB12848	PF-04217903	0.20722696072698105	1.1521503298901945	0.0338626809901915	0.0522277430395307	NPC.CAS9
DOSBIO002_NPC_24H:BRD-A90490067:0.37037	DB00947	Fulvestrant	-0.2206983387497289	-1.1462254250541868	0.0338727510302543	0.05222848304381793	NPC
LJP007_JURKAT_24H:H12	DB09053	Ibrutinib	0.1794780196043228	1.10412037814278	0.03391384051329056	0.05227703805133891	JURKAT
LPROT001_NPC.TAK_6H:I02	DB03068	Zebularine	0.19391591272344968	1.1214442081303926	0.034004708344232276	0.05240227550726909	NPC.TAK
NMH002_NEU_6H:BRD-K08807999-001-01-6:10	DB12445	Nitroaspirin	-0.18463356595641547	-1.103374001260663	0.03409726103968697	0.052530037799755375	NEU
LJP007_NPC.CAS9_24H:K21	DB01590	Everolimus	0.20986147096823873	1.1499712871800352	0.034231448763250884	0.05272185236557249	NPC.CAS9
LJP008_NEU_24H:I01	DB16239	Molibresib	-0.20441516944084306	-1.1393453699584604	0.034261554162414345	0.05275330052827496	NEU
LJP008_NPC_24H:I05	DB16239	Molibresib	0.1803025234777577	1.1063362804839079	0.0343213728549142	0.05283046822155532	NPC
LJP007_NEU_24H:J21	DB03044	Doramapimod	0.18888632098131689	1.1168529233169047	0.03439408550305368	0.05292743420447311	NEU
CPC006_U937_6H:BRD-K56343971-001-02-3:10	DB08881	Vemurafenib	0.20666748718729297	1.149948607558887	0.0344311377245509	0.052969484759294964	U937
LJP009_NPC_24H:I05	DB11798	Tanzisertib	-0.2234119765776898	-1.1522759435721732	0.03471941865159467	0.053397897197566956	NPC
CPC016_NEU_24H:BRD-K01567962-001-07-3:10	DB01782	Pyrazolanthrone	-0.21112787355370094	-1.1513314486892057	0.034887698095998176	0.05364155952309601	NEU
CPC006_SKM1_6H:BRD-A17883755-001-02-0:177.6	DB00480	Lenalidomide	-0.19544323211422404	-1.131865965676804	0.034970857618651124	0.05375424515697827	SKM1
LJP007_NPC_24H:L10	DB11836	Sapanisertib	0.27356344593137855	1.1101462992342623	0.0354	0.05439853273137697	NPC
CPC006_THP1_6H:BRD-K63195589-001-01-4:10	DB04960	Tipifarnib	-0.2114028263093809	-1.149671190343641	0.03555219364599092	0.0546169948084814	THP1
LJP008_NPC.CAS9_24H:J09	DB05223	Pracinostat	-0.21654397415284607	-1.1499236058043223	0.03580843585237258	0.054995133009594216	NPC.CAS9
LJP007_NEU_24H:L11	DB11836	Sapanisertib	0.24974781817573213	1.1331610058692114	0.035903590359035904	0.05512572683826037	NEU
CPC006_NOMO1_6H:BRD-A13084692-001-04-1:10	DB08607	(5R)-5-(4-{[(2R)-6-HYDROXY-2,5,7,8-TETRAMETHYL-3,4-DIHYDRO-2H-CHROMEN-2-YL]METHOXY}BENZYL)-1,3-THIAZOLIDINE-2,4-DIONE	0.19972212122770394	1.1376229906231368	0.035981428939901985	0.0552296679838518	NOMO1
AML001_HL60_24H:BRD-A19500257:10	DB02424	Geldanamycin	0.20707207846867395	1.151650006679718	0.036022904737116085	0.05527775125340496	HL60
LJP008_NEU_24H:J02	DB12116	Epigallocatechin gallate	0.2131634880829571	1.1525308117408786	0.03610641891891892	0.05539029786829083	NEU
NMH002_NPC_6H:BRD-K39965020-001-06-7:10	DB03756	Doconexent	0.21131385767324276	1.1466142108262292	0.03612512613521695	0.055403389730327095	NPC
CPC006_NOMO1_6H:BRD-K81651477-001-03-5:20	DB13063	Parthenolide	-0.17964874882474477	-1.0929263765287058	0.03634085213032581	0.05571854749486328	NOMO1
NMH002_NEU_24H:BRD-K54771420-001-09-9:10	DB02691	Glycocholic acid	0.20270552653668159	1.1369213895707693	0.03651573496215642	0.05597092389639849	NEU
CPC014_NPC_24H:BRD-K43797669-001-13-0:10	DB01645	Genistein	-0.1726021348413634	-1.0786175630639967	0.036585365853658534	0.056061874631126725	NPC
NMH002_NPC_6H:BRD-K32107296-001-11-0:10	DB00853	Temozolomide	-0.19464214350106068	-1.1274728221672305	0.03678861788617886	0.056357472013538704	NPC
LJP007_NPC.TAK_24H:K03	DB12064	BMS-777607	-0.18519831949117857	-1.1054325411892845	0.03718309859154929	0.056945769102805806	NPC.TAK
CPC006_PL21_6H:BRD-K08316444-001-04-3:0.63	DB11457	Rotenone	-0.20574518201772363	-1.1440456117683848	0.03726425812315383	0.0570540201683148	PL21
AML001_U937_24H:BRD-K26684619:1.11111	DB08784	2-(4-CHLORO-PHENYLAMINO)-NICOTINIC ACID	0.2052633186965714	1.149565785651009	0.03743373363626528	0.057297389933417854	U937
LJP009_NPC_24H:L23	DB12588	AZD-1480	-0.2011801536359861	-1.1389832767240566	0.037450537026568684	0.05730700327246222	NPC
LJP009_NPC.CAS9_24H:H10	DB08912	Dabrafenib	0.22838951932946797	1.1588598553598066	0.03764320785597381	0.05758564887180713	NPC.CAS9
LJP007_JURKAT_24H:D02	DB12494	SGI-1776	-0.18070889114892494	-1.09063361930149	0.03773584905660377	0.05771115809105985	JURKAT
CPC006_U937_6H:BRD-K52075040-001-03-0:44.4	DB01034	Cerulenin	0.22352291855500653	1.14459040820936	0.03788334335538184	0.05792046263711664	U937
LJP007_NPC_24H:F17	DB12247	AZD-4547	0.20705422004844198	1.1477784585693331	0.038135593220338986	0.05828976724051814	NPC
LPROT003_NPC_6H:P01	DB00175	Pravastatin	0.19784601584576383	1.1346506740220188	0.03835307388606881	0.0586057352366809	NPC
LJP009_NPC.TAK_24H:O06	DB07101	PD-0325901	0.17842485742921838	1.100928631646784	0.038461538461538464	0.05873851330946115	NPC.TAK
CPC016_NEU_24H:BRD-K99621550-003-03-4:10	DB01199	Tubocurarine	-0.1749816947642568	-1.07664234919911	0.038461538461538464	0.05873851330946115	NEU
LJP009_NPC.CAS9_24H:G12	DB08521	4-[4-(4-Fluorophenyl)-2-[4-[(R)-methylsulfinyl]phenyl]-1H-imidazol-5-yl]pyridine	0.1838156160384149	1.1069293411434646	0.03851573508689526	0.05880479206146105	NPC.CAS9
CPC006_THP1_6H:BRD-U94846492-000-01-1:10	DB00908	Quinidine	0.253498463712778	1.1206048128330708	0.0387	0.05906956278026906	THP1
CPC006_SKM1_6H:BRD-K50128260-001-01-6:160	DB00203	Sildenafil	-0.21748278986240074	-1.1485815642685469	0.03879837067209776	0.05920311759042992	SKM1
CPC006_WSUDLCL2_6H:BRD-A13122391-001-01-9:0.08	DB12025	Triptolide	-0.21273427625774444	-1.1484779269536847	0.03891547049441786	0.05936516871501391	WSUDLCL2
CPC006_SKM1_6H:BRD-K98404142-001-01-9:11.1	DB05107	16-Bromoepiandrosterone	-0.21571224123574848	-1.1459968430731267	0.03893805309734513	0.05938298436520347	SKM1
LJP007_NPC.CAS9_24H:P11	DB07859	4-(4-CHLOROPHENYL)-4-[4-(1H-PYRAZOL-4-YL)PHENYL]PIPERIDINE	-0.22506518583751783	-1.1440505530315677	0.03906171348031813	0.059554896868368574	NPC.CAS9
CPC006_U937_6H:BRD-K11853856-003-01-3:10	DB08348	N~2~,N~2~-DIMETHYL-N~1~-(6-OXO-5,6-DIHYDROPHENANTHRIDIN-2-YL)GLYCINAMIDE	-0.2094274180087063	-1.1451564516123993	0.03912481138176331	0.059634403242396584	U937
CPC017_NPC_24H:BRD-K56515112-001-03-4:10	DB00253	Medrysone	-0.22925270251022456	-1.1449971589381054	0.03914268464479775	0.059644952595290575	NPC
LJP009_NPC.CAS9_24H:I06	DB11798	Tanzisertib	0.17115147288389754	1.0672289308841523	0.0392156862745098	0.05973947621006444	NPC.CAS9
LJP009_NEU_24H:H12	DB08912	Dabrafenib	0.20073748338624023	1.1336322975959925	0.03941627802015947	0.0600282578573234	NEU
NMH002_NPC_24H:BRD-K08316444-001-06-8:10	DB11457	Rotenone	0.20484362717629945	1.144014271648878	0.03975465697410268	0.06052665973747923	NPC
LJP007_NPC.CAS9_24H:M06	DB07794	5-(2-PHENYLPYRAZOLO[1,5-A]PYRIDIN-3-YL)-1H-PYRAZOLO[3,4-C]PYRIDAZIN-3-AMINE	0.19256681846299084	1.1206735088114048	0.039865513928914506	0.06067847648319407	NPC.CAS9
CPC015_NPC_24H:BRD-K42098891-003-13-0:10	DB00344	Protriptyline	0.22503751951251452	1.1452525341911746	0.03997583324942101	0.060815187046342825	NPC
LJP009_NPC.TAK_24H:O05	DB07101	PD-0325901	-0.20272568881701034	-1.135373956530372	0.04	0.060815187046342825	NPC.TAK
NMH002_NEU_6H:BRD-K27305650-001-11-7:10	DB02656	LY-294002	-0.17081430985554374	-1.077068565094352	0.04	0.060815187046342825	NEU
CPC013_NPC_24H:BRD-K61192372-001-01-4:10	DB01101	Capecitabine	0.1729274091145832	1.0555687052210094	0.04	0.060815187046342825	NPC
LJP008_NEU_24H:L14	DB08756	Y-27632	0.18328567854039132	1.1133145738175505	0.040348101265822785	0.06132731216680739	NEU
LPROT001_NPC.TAK_6H:E22	DB13978	Selisistat	0.22044444235284005	1.1423231586133746	0.040626279164961115	0.061732900762382324	NPC.TAK
CPC006_NOMO1_6H:BRD-K88560311-011-02-2:10	DB12332	Rucaparib	-0.1949905184521114	-1.1342385275264129	0.040793201133144476	0.061969253381061316	NOMO1
CPC014_NPC_24H:BRD-K99498722-001-01-8:10	DB05992	Plinabulin	0.19448003415749793	1.120695550767272	0.04104002039255672	0.062326812899571635	NPC
NMH002_NEU_6H:BRD-A64479082-310-01-0:10	DB00908	Quinidine	0.17426438953362366	1.0975033123966853	0.041666666666666664	0.06324321813452248	NEU
NMH002_NPC_24H:BRD-K01292756-001-20-1:10	DB01100	Pimozide	-0.16277173760022476	-1.067969439614453	0.041666666666666664	0.06324321813452248	NPC
LJP008_NPC.TAK_24H:D05	DB09074	Olaparib	0.19439523331726602	1.122792461289172	0.041953069447736434	0.06366018841247496	NPC.TAK
LJP009_NPC_24H:O05	DB07101	PD-0325901	-0.203655850189197	-1.139228294131824	0.04196923076923077	0.06366697235911721	NPC
PCLB001_JURKAT_6H:BRD-A58955223-001-02-0:0.16	DB12422	Sulforaphane	-0.18835535367998443	-1.1083826437973243	0.042105263157894736	0.06385554529598851	JURKAT
CPC018_NPC_24H:BRD-K04046242-001-03-6:10	DB02187	Equilin	0.21993124788167548	1.140263244640286	0.04219409282700422	0.06397244697546352	NPC
NMH001_NPC_6H:BRD-K48300629-001-10-3:10	DB00909	Zonisamide	0.1986432370279376	1.1357696776456938	0.04241364232619152	0.06428741890020569	NPC
CPC014_NPC_24H:BRD-K50720187-050-04-1:10	DB06623	Flupirtine	0.16720342338808852	1.0756607698083744	0.0425531914893617	0.06448099077658982	NPC
CPC006_NOMO1_6H:BRD-K50128260-001-01-6:160	DB00203	Sildenafil	-0.2220014283760237	-1.1415117425458694	0.04260878303688072	0.06454726910121068	NOMO1
CPC006_SKM1_6H:BRD-K36927236-001-17-7:10	DB01016	Glyburide	-0.18053276148289024	-1.1051776788817809	0.04264042640426404	0.06457724199043992	SKM1
CPC016_NEU_24H:BRD-K29582677-300-06-4:10	DB04841	Flunarizine	-0.17976198770078147	-1.105440114685759	0.04274388142019993	0.06471592388501775	NEU
CPC006_U937_6H:BRD-A34255068-001-16-2:10	DB04149	(R)-Rolipram	0.19312430420802956	1.122367583871059	0.043041883806215014	0.0651356699654514	U937
CPC006_U937_6H:BRD-K22134346-001-09-0:10	DB00641	Simvastatin	-0.18815402201030285	-1.1099043278517986	0.04304503786369071	0.0651356699654514	U937
LJP007_NPC.CAS9_24H:E09	DB05913	OSI-930	0.19002818037948024	1.121205569768576	0.043172447247150136	0.06531031880777212	NPC.CAS9
NMH001_NEU_6H:BRD-K58550667-001-05-3:10	DB12731	Daporinad	0.21787865239434756	1.1374454512769272	0.04349176762969866	0.06577510872294888	NEU
NMH002_NPC_6H:BRD-K26657438-001-10-3:10	DB00724	Imiquimod	0.19492203129993152	1.1126703894377057	0.04455318053051764	0.0673616383034978	NPC
CPC006_U937_6H:BRD-K12184916-001-03-0:0.63	DB11651	Dactolisib	0.22025744517615714	1.1418782989049472	0.04463925836356308	0.06747305052677338	U937
NMH001_NPC_6H:BRD-K41160163-001-02-7:10	DB12931	Fenobam	-0.18352038954628916	-1.1016642740799578	0.04477611940298507	0.06766113936422216	NPC
CPC015_NPC_24H:BRD-A22380646-001-02-3:10	DB00213	Pantoprazole	0.18666708953327085	1.109850409090294	0.04488214401033258	0.06780253988357038	NPC
CPC006_SKM1_6H:BRD-K81418486:10	DB02546	Vorinostat	-0.19808443552642432	-1.1165039608647802	0.0449095712253607	0.06782515942687586	SKM1
CPC015_NPC_24H:BRD-A53131506-001-01-3:10	DB14093	(1,2,6,7-3H)Testosterone	0.18350169153649756	1.1000978903718843	0.045110306223246625	0.0681094337931248	NPC
CPC018_NPC_24H:BRD-K98530306-003-06-8:10	DB00575	Clonidine	-0.17522421948748185	-1.083416655752754	0.04522613065326633	0.06826538457253006	NPC
DOSBIO001_NEU_24H:BRD-A90490067:3.33333	DB00947	Fulvestrant	-0.19762904026979647	-1.1245604929058823	0.045499181669394435	0.0686585046748468	NEU
CPC015_NPC_24H:BRD-A41304429-001-04-9:10	DB01297	Practolol	-0.20242176815323665	-1.1339511774781508	0.04598112982204706	0.06936654654040673	NPC
CPC015_NPC_24H:BRD-A79981887-003-09-9:10	DB00211	Midodrine	0.17435487886601356	1.077503015427149	0.046511627906976744	0.07014741777385637	NPC
CPC014_NEU_24H:BRD-K93918653-001-01-4:10	DB12874	Quizartinib	-0.22236986254671498	-1.1397461603053936	0.04674306393244873	0.07047694523148278	NEU
LJP007_NPC.CAS9_24H:K09	DB11962	GSK-1059615	0.21134570009512374	1.1377902320451616	0.046821350535844346	0.07055738276729769	NPC.CAS9
LJP009_NPC_24H:N12	DB08896	Regorafenib	-0.20213449706052464	-1.1335561970898413	0.04682232488450493	0.07055738276729769	NPC
CPC016_NEU_24H:BRD-A80017228-001-15-8:10	DB00436	Bendroflumethiazide	0.19632286703623417	1.126945934128369	0.04699917785694711	0.07080429394438006	NEU
LJP007_NEU_24H:G13	DB01254	Dasatinib	0.21274024356722043	1.1413044072870202	0.04709525843656557	0.07092941854135401	NEU
NMH002_NEU_6H:BRD-K39965020-001-05-9:10	DB03756	Doconexent	-0.21519671080610694	-1.1411059421016072	0.04716981132075472	0.07100243019702326	NEU
CPC006_THP1_6H:BRD-A71390734-001-01-7:0.08	DB01177	Idarubicin	-0.1725156762950963	-1.0665257732307896	0.04716981132075472	0.07100243019702326	THP1
LJP007_NPC.CAS9_24H:A04	DB05134	Tanespimycin	0.22201800302641908	1.1381370652714868	0.0472568704999493	0.07111382059760261	NPC.CAS9
LJP007_NPC.TAK_24H:B07	DB07970	5-[(2-methyl-5-{[3-(trifluoromethyl)phenyl]carbamoyl}phenyl)amino]pyridine-3-carboxamide	0.20140492800859622	1.1294290232188617	0.04735294117647059	0.0712387065323367	NPC.TAK
LJP007_JURKAT_24H:P22	DB11886	Infigratinib	0.20199413958339954	1.130827143765019	0.04744069912609238	0.07135102111038362	JURKAT
LJP008_NPC.CAS9_24H:M16	DB01262	Decitabine	0.1955641166485693	1.1188213596470207	0.04753406878650227	0.07147171137804842	NPC.CAS9
CPC017_NPC_24H:BRD-K45542189-048-15-5:10	DB00711	Diethylcarbamazine	0.19111261791957207	1.1166512859102504	0.047910510764035456	0.07200587498138278	NPC
CPC014_NPC_24H:BRD-A38878059-001-01-0:10	DB07557	3,20-Pregnanedione	-0.19165649033268292	-1.110689215124748	0.04791577137945853	0.07200587498138278	NPC
LJP007_NEU_24H:L10	DB11836	Sapanisertib	0.24250570421382867	1.1203016191290345	0.048	0.07209266409266409	NEU
CPC006_THP1_6H:BRD-A91699651-316-06-7:10	DB00608	Chloroquine	0.1773823596052596	1.0764883481825067	0.048	0.07209266409266409	THP1
CPC018_NPC_24H:BRD-K83597974-003-15-6:10	DB01626	Pargyline	-0.21740017934803466	-1.138258576029891	0.04813936707555922	0.07228204937785924	NPC
PCLB001_JURKAT_6H:BRD-K07572174-001-22-0:2.5	DB11672	Curcumin	-0.1808984229200211	-1.0997793703999652	0.04824561403508772	0.07241260891074809	JURKAT
CPC016_NPC_24H:BRD-K76810206-001-06-5:10	DB00699	Nicergoline	-0.18634366585122328	-1.0993563617482383	0.048252911813643926	0.07241260891074809	NPC
NMH002_NEU_24H:BRD-A93000692-001-06-5:10	DB09201	Ciglitazone	0.21195421384598628	1.1415956980956719	0.04840911477475585	0.07262700800642434	NEU
LJP008_NPC.CAS9_24H:D03	DB09074	Olaparib	0.2042604394688135	1.1337919519422708	0.04869003469314511	0.07302834727041263	NPC.CAS9
PCLB001_JURKAT_24H:BRD-K36452089-001-01-8:2.5	DB07726	t-Butylhydroquinone	-0.18037069745119771	-1.0893006349103922	0.049019607843137254	0.07350241858858081	JURKAT
LJP009_NPC.CAS9_24H:N12	DB08896	Regorafenib	0.18633297396289253	1.1040343111636601	0.049170954831332186	0.0737028248689517	NPC.CAS9
LJP007_NPC.TAK_24H:I21	DB13005	Rebastinib	-0.1747544248278498	-1.0810217427422222	0.04918032786885246	0.0737028248689517	NPC.TAK
LJP007_JURKAT_24H:K20	DB01590	Everolimus	0.21407390147283106	1.1303746260227854	0.049217509639374005	0.07373825515709238	JURKAT
LJP007_NPC.CAS9_24H:I02	DB01268	Sunitinib	0.17857670961315764	1.0829192322563452	0.04929577464788732	0.0738352004214506	NPC.CAS9
CPC018_NPC_24H:BRD-A39415247-001-06-2:10	DB00717	Norethisterone	-0.180398042065932	-1.0976458407276841	0.049342105263157895	0.07388427419938354	NPC
CPC016_NEU_24H:BRD-A19661776-003-13-6:10	DB06148	Mianserin	0.21767589089110967	1.1347156264238936	0.049533741100972625	0.07414503993660126	NEU
NMH002_NEU_6H:BRD-K87714311-001-01-9:10	DB03068	Zebularine	-0.19800361263503288	-1.1209043486619534	0.049543481514743304	0.07414503993660126	NEU
LPROT001_NPC.TAK_6H:E04	DB16239	Molibresib	-0.1858787422323736	-1.102772292005192	0.049789029535864976	0.07449204803635183	NPC.TAK
CPC013_NEU_24H:BRD-A66395008-001-03-8:10	DB13063	Parthenolide	0.20899791291052683	1.1348624264111744	0.04988275421018973	0.07461177682743567	NEU
CPC006_WSUDLCL2_6H:BRD-A84481105-003-17-2:10	DB00679	Thioridazine	-0.17107324156480477	-1.061260165557925	0.05	0.07476172891775293	WSUDLCL2
LPROT003_NPC_6H:B21	DB06589	Pazopanib	0.21183863606272085	1.138099909579849	0.05001046243984097	0.07476172891775293	NPC
LJP008_NPC.TAK_24H:L13	DB08756	Y-27632	-0.228393653680773	-1.1351284846673975	0.050040112314480543	0.07478552460610895	NPC.TAK
LJP009_NPC.CAS9_24H:H14	DB07138	Neflamapimod	0.226291368770348	1.1307639071839508	0.05010522096402445	0.07486228624693475	NPC.CAS9
NMH002_NPC_24H:BRD-A64479082-310-01-0:10	DB00908	Quinidine	-0.2135275689140429	-1.1338796604446433	0.050134192163177674	0.07488502757012222	NPC
CPC006_SKM1_6H:BRD-K76964878-001-01-8:24	DB13978	Selisistat	0.19137028813256626	1.1205192989481505	0.05055344457293904	0.0754905563872295	SKM1
CPC006_THP1_6H:BRD-K55966568-001-01-3:6	DB12072	Orantinib	-0.19719917591625943	-1.1178758464095149	0.05056908226480334	0.07549320778895806	THP1
CPC015_NPC_24H:BRD-K95237249-001-15-8:10	DB01032	Probenecid	0.178701915753066	1.0898292859502086	0.05084745762711865	0.07588798417026259	NPC
LJP007_NPC_24H:B09	DB07970	5-[(2-methyl-5-{[3-(trifluoromethyl)phenyl]carbamoyl}phenyl)amino]pyridine-3-carboxamide	-0.2056314400811191	-1.1341996953778917	0.05091236765037171	0.07596404225312996	NPC
LJP009_NPC.CAS9_24H:E08	DB01782	Pyrazolanthrone	0.19687660139704286	1.125053904991835	0.05100927441352973	0.0760877864848214	NPC.CAS9
CPC013_NEU_24H:BRD-K49865102-001-01-9:10	DB07101	PD-0325901	-0.22804681423027656	-1.1358914819593133	0.05107797703002216	0.07616940386240435	NEU
CPC014_NEU_24H:BRD-A18497530-001-05-3:10	DB04604	5-iodotubercidin	-0.22988417126725574	-1.1303735475714882	0.05119727482216211	0.07631760024802899	NEU
LJP009_NPC.CAS9_24H:O01	DB07101	PD-0325901	0.19912200040414393	1.1177522234593613	0.05120538217155672	0.07631760024802899	NPC.CAS9
LJP007_NPC.CAS9_24H:P12	DB07859	4-(4-CHLOROPHENYL)-4-[4-(1H-PYRAZOL-4-YL)PHENYL]PIPERIDINE	-0.23915089398460834	-1.1238221740674366	0.051515454636390914	0.07675873213400408	NPC.CAS9
CPC006_WSUDLCL2_6H:BRD-A12409803-001-01-3:40	DB12066	Orteronel	0.19833590786183192	1.1313982134418452	0.05193756727664155	0.07736651843232764	WSUDLCL2
CPC016_NPC_24H:BRD-A91008255-003-16-4:10	DB01244	Bepridil	0.19238286772894123	1.1127500862319244	0.05201480263157895	0.0774603814961933	NPC
CPC017_NPC_24H:BRD-K28761384-003-03-6:10	DB13841	Clopenthixol	-0.2037669661075159	-1.1386961306517458	0.05209440782479269	0.07755772143625506	NPC
CPC016_NEU_24H:BRD-K31611373-001-02-7:10	DB11519	Fluprostenol	0.18416093833760197	1.0946747346719654	0.05216484089723526	0.07764135652537393	NEU
LJP009_NPC.CAS9_24H:D18	DB16108	TAK-715	0.18977531949833337	1.1079886482392705	0.05219206680584551	0.07766065459689471	NPC.CAS9
NMH002_NEU_24H:BRD-K64994968-001-24-2:10	DB00396	Progesterone	0.18323010709893797	1.1256910169042236	0.05263157894736842	0.07825049930313088	NEU
LJP007_NPC.TAK_24H:M04	DB07794	5-(2-PHENYLPYRAZOLO[1,5-A]PYRIDIN-3-YL)-1H-PYRAZOLO[3,4-C]PYRIDAZIN-3-AMINE	0.16739377914514408	1.073269408301591	0.05263157894736842	0.07825049930313088	NPC.TAK
CPC006_NOMO1_6H:BRD-A47829399-001-01-1:10	DB09274	Artesunate	-0.17568800167471213	-1.0729778255669764	0.05263157894736842	0.07825049930313088	NOMO1
CPC016_NEU_24H:BRD-K97158071-001-08-2:10	DB00450	Droperidol	-0.222116537451151	-1.1325091663865516	0.05293880837359098	0.0786857943238473	NEU
CPC015_NPC_24H:BRD-A67799922-003-15-3:10	DB00925	Phenoxybenzamine	-0.19913747997008996	-1.127797920551139	0.053172205438066465	0.07901114074098498	NPC
NMH002_NEU_6H:BRD-K67102207-236-03-6:10	DB06819	Phenylbutyric acid	-0.19915251533390502	-1.1332864831943599	0.05329531746902073	0.07917247652380983	NEU
LJP009_NPC.CAS9_24H:D04	DB11775	PF-03758309	0.18993023865556766	1.0765399963359752	0.05379746835443038	0.07989664921140656	NPC.CAS9
LJP009_NPC.TAK_24H:O04	DB07101	PD-0325901	-0.2241251437171077	-1.127407533689093	0.05391269362301348	0.08004594587539024	NPC.TAK
LJP007_NPC.TAK_24H:G14	DB01254	Dasatinib	0.19020558922702557	1.1070798710232104	0.05395417590539542	0.08008570236598077	NPC.TAK
CPC006_THP1_6H:BRD-K56700933-001-01-3:10	DB12695	Phenethyl Isothiocyanate	0.17569249168585493	1.0817502547135744	0.05434782608695652	0.08062605853161679	THP1
LJP009_NPC.CAS9_24H:O21	DB07232	Veliparib	0.17785998021674496	1.081208640878893	0.05434782608695652	0.08062605853161679	NPC.CAS9
LJP007_NPC.CAS9_24H:I03	DB01268	Sunitinib	0.19887801062192914	1.1205561321355528	0.05445103857566765	0.08075717758253977	NPC.CAS9
CPC017_NPC_24H:BRD-K26521938-001-04-9:10	DB00917	Dinoprostone	-0.17651366090592444	-1.0751350650686944	0.05514705882352941	0.08176718822568504	NPC
CPC016_NPC_24H:BRD-K82731415-001-05-4:10	DB02116	Olomoucine	-0.17942087972935325	-1.0982339856094498	0.05527994330262225	0.0819419083358957	NPC
LJP007_NPC_24H:K02	DB12064	BMS-777607	-0.21812956169274567	-1.1316812733956123	0.05560056714604011	0.0823947452183223	NPC
LJP008_NPC_24H:H16	DB11841	Entinostat	0.1981540356256314	1.1193472068356336	0.05629463660551744	0.08340059601568225	NPC
LJP009_NPC_24H:B23	DB16107	BI 2536	-0.20128341404817987	-1.1285892432105877	0.05672969966629588	0.08402228566294462	NPC
LJP007_NPC.TAK_24H:I17	DB11526	Masitinib	0.1794710984410926	1.0755477840903547	0.056962025316455694	0.08434344477254424	NPC.TAK
NMH001_NEU_6H:BRD-K32501161-001-02-5:10	DB03701	Vanoxerine	0.17971883855901674	1.0791116761785422	0.05714285714285714	0.08458575622324849	NEU
LJP008_NPC.CAS9_24H:F05	DB12376	Ricolinostat	-0.19451263091681176	-1.1160042710580134	0.05715673575129534	0.08458575622324849	NPC.CAS9
CPC006_SKM1_6H:BRD-K85606544-001-01-8:10	DB11828	Neratinib	0.1803785970367928	1.084773943767309	0.05752212389380531	0.08510336504364675	SKM1
NMH002_NEU_6H:BRD-K92723993-066-14-4:10	DB00619	Imatinib	0.19361006326836155	1.1172194835911504	0.05772469759608023	0.08537447193553302	NEU
CPC006_THP1_6H:BRD-K26657438-001-01-2:10	DB00724	Imiquimod	-0.1809394583835824	-1.0873933194987369	0.057736720554272515	0.08537447193553302	THP1
AML001_U937_24H:BRD-K26684619:0.37037	DB08784	2-(4-CHLORO-PHENYLAMINO)-NICOTINIC ACID	0.18600421179391977	1.0934094003457435	0.05779334500875657	0.08543500459220638	U937
NMH002_NEU_24H:BRD-A56798952-001-01-5:10	DB06733	Bafilomycin A1	0.21946969933275398	1.1310689604333575	0.057885048067089384	0.08554734647852613	NEU
CPC018_NPC_24H:BRD-A18917088-001-03-1:10	DB00783	Estradiol	0.21128147523963453	1.1314560796200177	0.05824554294975689	0.08605676258935865	NPC
LJP009_NPC.TAK_24H:G09	DB08521	4-[4-(4-Fluorophenyl)-2-[4-[(R)-methylsulfinyl]phenyl]-1H-imidazol-5-yl]pyridine	-0.17490326167534326	-1.0746086370424743	0.05917159763313609	0.08740128036616739	NPC.TAK
CPC014_NEU_24H:BRD-A11706664-001-01-1:10	DB12405	Triciribine	-0.18761544592841808	-1.1121430387573914	0.06046824995789119	0.08929232355495538	NEU
NMH001_NPC_6H:BRD-K39981244-001-01-5:10	DB00368	Norepinephrine	0.19364052989465214	1.1134838020973092	0.060782411897833816	0.08973190978465789	NPC
LJP009_NPC.CAS9_24H:E10	DB01782	Pyrazolanthrone	0.19493169873157676	1.1108763906976324	0.06114327062228654	0.0902328669566414	NPC.CAS9
CPC014_NPC_24H:BRD-K14681867-015-01-6:10	DB09099	Somatostatin	-0.20354740456681966	-1.1250889678181124	0.061154886510643304	0.0902328669566414	NPC
NMH001_NEU_6H:BRD-K24125544-001-01-3:10	DB12161	Deutetrabenazine	0.18818097756583094	1.0911064694320192	0.061200237670825906	0.0902753234981901	NEU
LPROT003_NPC_6H:F19	DB00480	Lenalidomide	-0.23252607351510018	-1.1224995655150707	0.061312262452490496	0.09041607942492913	NPC
CPC006_U937_6H:BRD-K17561142-003-16-8:10	DB01118	Amiodarone	-0.17950932444586984	-1.0796682862299163	0.06196213425129088	0.09134969765363567	U937
LJP007_NPC_24H:G15	DB01254	Dasatinib	0.20432472108009364	1.127565100696022	0.062150681868991725	0.09160287238390499	NPC
CPC006_WSUDLCL2_6H:BRD-A93255169-001-13-5:10	DB01041	Thalidomide	0.17746332661114886	1.0815287421387403	0.06221408966148216	0.09167151847847181	WSUDLCL2
NMH002_NEU_24H:BRD-K18135438-001-11-8:10	DB06777	Chenodeoxycholic acid	0.19326288719472615	1.1178659631029426	0.062247597827600615	0.09169608270736082	NEU
LJP008_NPC.TAK_24H:G08	DB02546	Vorinostat	0.19391061657152156	1.1133962891925266	0.06234137055837564	0.09180938454865163	NPC.TAK
PCLB001_JURKAT_24H:BRD-K07572174-001-22-0:0.63	DB11672	Curcumin	0.1814997342292132	1.0838414260713571	0.06238361266294227	0.09184675711337756	JURKAT
LJP007_NEU_24H:D12	DB08875	Cabozantinib	-0.18478526495641598	-1.1395945480301624	0.0625	0.09194354403025393	NEU
NMH002_NEU_24H:BRD-K55591206-001-11-6:10	DB12116	Epigallocatechin gallate	0.16761101706149992	1.1070672396198287	0.0625	0.09194354403025393	NEU
NMH002_NPC_6H:BRD-K86465814-001-04-5:10	DB06926	(9Z,11E,13S)-13-hydroxyoctadeca-9,11-dienoic acid	-0.16588374069345532	-1.0734955456007986	0.0625	0.09194354403025393	NPC
CPC006_PL21_6H:BRD-K06980535-003-15-0:10	DB00420	Promazine	-0.20339732008929862	-1.1245037944071592	0.06257046223224352	0.09202234332076646	PL21
LJP008_NPC_24H:K20	DB12332	Rucaparib	-0.19177253776538933	-1.1070324481272134	0.06274900398406374	0.092260009637476	NPC
CPC013_NEU_24H:BRD-K63068307-001-01-4:10	DB12904	ZSTK-474	-0.17508057317486203	-1.0818636754678694	0.06283422459893048	0.09236037440371805	NEU
NMH002_NPC_6H:BRD-K43164539-001-09-9:10	DB02659	Cholic Acid	-0.19195221765557963	-1.1138479112522035	0.06303558460421206	0.09263135287494303	NPC
NMH002_NPC_6H:BRD-K65331431-001-05-4:10	DB12112	Zuretinol acetate	-0.18937138621716776	-1.0965180685096352	0.06320541760722348	0.0928558684351063	NPC
LJP008_NEU_24H:J05	DB12116	Epigallocatechin gallate	0.191245685870244	1.1127904046322923	0.06340923466160658	0.09313017582716004	NEU
LJP008_NPC_24H:M16	DB01262	Decitabine	-0.19821583926879974	-1.1118656954674793	0.06367384333486029	0.09348570844199008	NPC
CPC006_U937_6H:BRD-A45889380-300-04-8:10	DB01103	Quinacrine	0.18107409079878733	1.0814555915800874	0.06368563685636856	0.09348570844199008	U937
NMH002_NEU_6H:BRD-K93258693-001-12-4:10	DB07863	2-chloro-5-nitro-N-phenylbenzamide	0.19826361530046538	1.1204674872750267	0.06392473766735014	0.0938114042943651	NEU
LJP007_NPC.CAS9_24H:G11	DB11963	Dacomitinib	-0.22348843686242767	-1.1222925229218557	0.06402805611222445	0.09393771378964827	NPC.CAS9
LJP007_NPC.CAS9_24H:C02	DB11800	Tivozanib	0.18236162435826947	1.0896961962149896	0.06434184675834971	0.09437266292646715	NPC.CAS9
NMH002_NPC_24H:BRD-K26521938-001-06-4:10	DB00917	Dinoprostone	-0.2334542979719669	-1.1158790143160626	0.06436436436436437	0.09438027149389562	NPC
LJP007_NPC.CAS9_24H:I07	DB06589	Pazopanib	0.22753095542698787	1.12091596607997	0.06466165413533835	0.09479067790607071	NPC.CAS9
NMH001_NEU_24H:BRD-K52075040-001-06-3:10	DB01034	Cerulenin	0.20973385026772057	1.1247571185010188	0.06540634506736202	0.09585655415415865	NEU
LJP008_NPC_24H:O05	DB07101	PD-0325901	0.20629364837225053	1.1272653879545214	0.06545052515201769	0.09589549636208994	NPC
PCLB001_JURKAT_6H:BRD-K36452089-001-01-8:2.5	DB07726	t-Butylhydroquinone	-0.20815366444416278	-1.1239366220048472	0.06584723441615452	0.09645079037933768	JURKAT
CPC006_PL21_6H:BRD-K54256913-001-01-2:10	DB11740	MK-1775	0.21753088290704206	1.1269260342072551	0.06626567438067081	0.09703760760342384	PL21
LJP007_NPC.TAK_24H:C04	DB11800	Tivozanib	0.1750815601402945	1.0699377386873414	0.06698564593301436	0.09806554509440758	NPC.TAK
CPC017_NPC_24H:BRD-K13533483-001-03-0:10	DB00091	Cyclosporine	-0.18836849615120968	-1.0931991706068909	0.06721885950939789	0.09838051837897901	NPC
LJP007_NPC.TAK_24H:P24	DB11886	Infigratinib	-0.20392389044916792	-1.117007042247812	0.06740027510316368	0.09861953202897082	NPC.TAK
CPC016_NEU_24H:BRD-K76810206-001-06-5:10	DB00699	Nicergoline	-0.18406459814617887	-1.0889810478004855	0.06762219772142594	0.0989176709081079	NEU
LJP009_NPC_24H:D18	DB16108	TAK-715	0.19348821592864862	1.1162923693087898	0.06786038666147658	0.09923943763652025	NPC
LJP008_NPC_24H:M13	DB01262	Decitabine	0.1833129857163606	1.0770167411254865	0.0686835650040883	0.10041629396302414	NPC
CPC006_PL21_6H:BRD-K26657438-001-01-2:10	DB00724	Imiquimod	-0.17363613085379012	-1.0774865535418454	0.06896551724137931	0.1008014511262887	PL21
NMH002_NEU_6H:BRD-K97399794-001-12-0:10	DB04216	Quercetin	0.21393571777967604	1.120498663731372	0.06919411642842345	0.10110844058738774	NEU
NMH002_NEU_24H:BRD-K81473043-001-07-0:10	DB05134	Tanespimycin	0.21359729671946087	1.122883726309946	0.06937897110063537	0.10135136175269857	NEU
LJP007_NPC.CAS9_24H:B11	DB07970	5-[(2-methyl-5-{[3-(trifluoromethyl)phenyl]carbamoyl}phenyl)amino]pyridine-3-carboxamide	-0.1752776315793436	-1.0772221934103685	0.06965174129353234	0.10172254842707887	NPC.CAS9
CPC016_NEU_24H:BRD-A20243730-001-01-4:10	DB01406	Danazol	0.19743000929779472	1.1101067009760148	0.07026952695269527	0.10259727715398885	NEU
LJP009_NPC.TAK_24H:I16	DB12146	Rigosertib	-0.19702638361502134	-1.1061363418746744	0.07229612492770388	0.1055279271927835	NPC.TAK
CPC014_NEU_24H:BRD-K13514097-001-01-2:10	DB01590	Everolimus	-0.21362708008852163	-1.1186863176804727	0.07254579131508541	0.10586398164575433	NEU
DOSBIO001_NPC_24H:BRD-A90490067:3.33333	DB00947	Fulvestrant	0.19001504278178152	1.1013346607323125	0.07260784661814308	0.10592615394653287	NPC
LJP008_NPC_24H:P18	DB11662	Rabusertib	0.185349442919731	1.0937234370364923	0.07273342354533154	0.10608093857200737	NPC
LJP007_NPC_24H:A04	DB05134	Tanespimycin	0.24479905357542991	1.1026818986000277	0.0729	0.106295421686747	NPC
CPC015_NPC_24H:BRD-K75958195-037-04-5:10	DB06153	Pizotifen	-0.18618919827616356	-1.107178680494126	0.0730366042275305	0.10646609920319355	NPC
LJP008_NPC_24H:J08	DB05223	Pracinostat	-0.1894630100738476	-1.089720072435639	0.073484213467449	0.10708991879682293	NPC
CPC014_NPC_24H:BRD-K91900765-001-01-9:10	DB07138	Neflamapimod	-0.17799857744889083	-1.0743624302658672	0.07352941176470588	0.1071271205111258	NPC
CPC014_NEU_24H:BRD-A84327315-001-01-1:10	DB00136	Calcitriol	-0.18849150060955755	-1.1012915870824336	0.07383688076850631	0.10754630988640955	NEU
DOSBIO001_NEU_24H:BRD-A13084692:10	DB08607	(5R)-5-(4-{[(2R)-6-HYDROXY-2,5,7,8-TETRAMETHYL-3,4-DIHYDRO-2H-CHROMEN-2-YL]METHOXY}BENZYL)-1,3-THIAZOLIDINE-2,4-DIONE	0.175384609653615	1.0769485698576444	0.07407407407407407	0.10783411050719256	NEU
CPC017_NPC_24H:BRD-K50422030-003-01-8:10	DB06470	Clomethiazole	-0.1506918950020572	-1.0444198439862324	0.07407407407407407	0.10783411050719256	NPC
LJP007_JURKAT_24H:B16	DB12200	Tivantinib	0.2000825086585971	1.1051840860269198	0.07424657534246576	0.10805634669029089	JURKAT
LPROT002_NPC.TAK_6H:C22	DB04462	Tetrabromo-2-Benzotriazole	0.22935284789982552	1.1175304490847189	0.07447874899759423	0.10836528641220897	NPC.TAK
LPROT003_NPC_6H:D13	DB11899	MK-8776	-0.21920970288483407	-1.1172108029365735	0.07462536457809514	0.10854960883875697	NPC
CPC017_NPC_24H:BRD-K89210380-001-03-8:10	DB04650	5-[(3AS,4R,6AR)-2-OXOHEXAHYDRO-1H-THIENO[3,4-D]IMIDAZOL-4-YL]PENTANOIC ACID	-0.18618739032512852	-1.0932505046183114	0.07471827535521804	0.10865573500254137	NPC
LJP007_JURKAT_24H:P21	DB11886	Infigratinib	0.17881094921584942	1.0764539141354619	0.07492795389048991	0.10893156350443355	JURKAT
LJP009_NPC.TAK_24H:G08	DB08521	4-[4-(4-Fluorophenyl)-2-[4-[(R)-methylsulfinyl]phenyl]-1H-imidazol-5-yl]pyridine	0.1713245082049843	1.0652177493284085	0.075	0.10900720576461169	NPC.TAK
CPC013_NPC_24H:BRD-A75409952:10	DB08059	Wortmannin	0.1740587121762534	1.0766396119532937	0.07529162248144221	0.10940186126839227	NPC
NMH002_NPC_24H:BRD-K67860401-001-04-9:10	DB01950	AR-AO-14418	0.19735042300024244	1.1106395313906443	0.07583708145927036	0.1101650428453418	NPC
LJP009_NPC.CAS9_24H:M15	DB06314	SGX-523	0.24132120702709614	1.1026660839294025	0.076	0.11037226666666666	NPC.CAS9
LJP007_NPC_24H:K03	DB12064	BMS-777607	-0.21432260454163934	-1.1169841036366093	0.07604293236127987	0.11040517452400166	NPC
CPC018_NPC_24H:BRD-K12765235-304-03-8:10	DB02329	Carbenoxolone	-0.18393787695196448	-1.0926494018712896	0.07621063773485048	0.11061917193603298	NPC
LJP008_NPC.TAK_24H:F02	DB12376	Ricolinostat	0.1867131472046159	1.0889563175129184	0.07628807287218901	0.11070206364560123	NPC.TAK
CPC006_U937_6H:BRD-A46335897-003-05-4:6.23	DB01069	Promethazine	-0.18159342622773056	-1.081128371041158	0.07650273224043716	0.11097490985801703	U937
CPC016_NPC_24H:BRD-K31627533-001-03-8:10	DB00896	Rimexolone	-0.2027410260427593	-1.1153322485168338	0.07651685393258427	0.11097490985801703	NPC
LJP009_NPC_24H:O03	DB07101	PD-0325901	-0.1927708379035065	-1.1111530643456977	0.07659517783402157	0.11105892930886088	NPC
LJP008_NPC.TAK_24H:K20	DB12332	Rucaparib	-0.18112910327839765	-1.0791942951516016	0.07673267326732673	0.11122867676706451	NPC.TAK
LJP007_JURKAT_24H:D23	DB06616	Bosutinib	-0.21207643224287492	-1.1165209854489955	0.07675664537399547	0.1112338187085629	JURKAT
LJP007_JURKAT_24H:G16	DB01254	Dasatinib	-0.19454031350036444	-1.108960902528037	0.07706116168739582	0.11164540743537049	JURKAT
LJP007_NPC.CAS9_24H:A14	DB12742	Amuvatinib	-0.19104115021415205	-1.1008821313295756	0.07748145810320341	0.11222447362501217	NPC.CAS9
CPC006_NOMO1_6H:BRD-A70155556-001-04-4:40	DB03785	Mevinolinic acid	0.15861843047930013	1.0834368219758865	0.07792207792207792	0.11283266055932899	NOMO1
CPC015_NPC_24H:BRD-A36010170-001-03-2:10	DB00288	Amcinonide	-0.2099205915135941	-1.1158112553381687	0.07801645826653843	0.11293929604454235	NPC
CPC006_WSUDLCL2_6H:BRD-K55395145-001-01-7:88.8	DB00642	Pemetrexed	0.18783736255173383	1.0921681678552755	0.07830583600098498	0.11332808473594584	WSUDLCL2
LPROT002_NPC.TAK_6H:K24	DB12369	Sotrastaurin	-0.19476821799480076	-1.1088787698602298	0.07863818424566088	0.11377883937350403	NPC.TAK
NMH002_NPC_6H:BRD-K80738081-001-33-6:10	DB02709	Resveratrol	-0.18345829241043293	-1.0879014618663905	0.07915238392022438	0.11449239915791286	NPC
LJP007_JURKAT_24H:P12	DB07859	4-(4-CHLOROPHENYL)-4-[4-(1H-PYRAZOL-4-YL)PHENYL]PIPERIDINE	-0.20140959886970708	-1.1135667557994173	0.07932166301969365	0.11470679150431536	JURKAT
LJP009_NPC_24H:I18	DB12146	Rigosertib	0.20170001382867786	1.1127469058785073	0.07953641631632768	0.11498681265163807	NPC
NMH002_NPC_6H:BRD-K17561142-003-25-9:10	DB01118	Amiodarone	-0.15684120422641876	-1.0590471187123562	0.08	0.11562632696390658	NPC
LJP008_NPC.TAK_24H:G10	DB02546	Vorinostat	0.17580251007807915	1.0720746645183004	0.08060109289617487	0.11646419525406429	NPC.TAK
CPC006_PL21_6H:BRD-K98548675-001-02-6:10	DB13063	Parthenolide	0.20389923992065198	1.113590158835885	0.08101748095024652	0.11703480139391048	PL21
CPC018_NPC_24H:BRD-K19533706-001-01-9:10	DB07615	Tranilast	-0.20600209039836195	-1.1173085907673932	0.08131154197543397	0.11742844274680812	NPC
LJP009_NEU_24H:I19	DB11363	Alectinib	-0.17954753646906202	-1.0676264944834672	0.08173076923076923	0.1180025899339261	NEU
CPC006_NOMO1_6H:BRD-K78513633-001-07-4:177.6	DB06266	Lonidamine	0.21392924928119966	1.1136724846329022	0.08219590525893215	0.11864269812884826	NOMO1
PCLB001_JURKAT_6H:BRD-K36452089-001-01-8:0.63	DB07726	t-Butylhydroquinone	0.19396224781613502	1.114090320247003	0.08292331693267731	0.11966093906077387	JURKAT
AML001_HL60_24H:BRD-K27316855:3.33333	DB00136	Calcitriol	-0.18895380933625652	-1.1140963385131286	0.08305494758668357	0.11981913763101423	HL60
LJP007_JURKAT_24H:K24	DB01590	Everolimus	0.2062475329770782	1.1112744692897365	0.08319280494659921	0.11998623298177419	JURKAT
LJP007_JURKAT_24H:G13	DB01254	Dasatinib	-0.19071968099574596	-1.093785904913879	0.08392370572207085	0.12100834031305212	JURKAT
DOSBIO002_NEU_24H:BRD-A90490067:0.37037	DB00947	Fulvestrant	-0.216442352520881	-1.1125425196629635	0.08447167537163519	0.1217662107130559	NEU
NMH001_NEU_24H:BRD-K37289225-001-30-7:10	DB00363	Clozapine	-0.18453532300603523	-1.0759495062847844	0.08484312859036677	0.12225172528797558	NEU
LJP009_NPC.CAS9_24H:O22	DB07232	Veliparib	0.20175928588428063	1.110116792565151	0.08485338259062572	0.12225172528797558	NPC.CAS9
CPC006_U937_6H:BRD-K36927236-001-17-7:10	DB01016	Glyburide	-0.19546128920804318	-1.1058971428606186	0.0855889724310777	0.12327890607237481	U937
LJP007_NPC.CAS9_24H:I20	DB13005	Rebastinib	-0.17911128302449092	-1.068562922387868	0.0859375	0.12374818217874141	NPC.CAS9
LJP007_NPC.CAS9_24H:M04	DB07794	5-(2-PHENYLPYRAZOLO[1,5-A]PYRIDIN-3-YL)-1H-PYRAZOLO[3,4-C]PYRIDAZIN-3-AMINE	0.2299123996104879	1.1072280585023424	0.08618618618618619	0.12407347871265396	NPC.CAS9
LJP009_NPC_24H:E14	DB13113	JNJ-38877605	0.21385173025689752	1.1138961163582686	0.08623872026251025	0.12411629771396164	NPC
LJP008_NEU_24H:H14	DB11841	Entinostat	0.19034080787866714	1.080131557794839	0.0862880451835582	0.12413888008452192	NEU
CPC006_NOMO1_6H:BRD-K27316855-001-02-6:1	DB00136	Calcitriol	0.2307755612562298	1.101488313289233	0.0863	0.12413888008452192	NOMO1
CPC016_NEU_24H:BRD-K62736196-015-03-7:10	DB00629	Guanabenz	-0.20350322768536028	-1.114626278245034	0.08687401159725883	0.12493157305483801	NEU
LJP007_JURKAT_24H:I13	DB11526	Masitinib	0.18640462479979494	1.0783607847277061	0.0873508353221957	0.12558412068761293	JURKAT
LJP009_NPC.CAS9_24H:L09	DB05984	RAF-265	0.1918409075598859	1.0868630503233652	0.08741594620557157	0.1256445613712174	NPC.CAS9
LJP007_NEU_24H:B15	DB12200	Tivantinib	-0.1714068366756741	-1.0522931797044186	0.08771929824561403	0.12604730824422533	NEU
NMH001_NPC_6H:BRD-K32814891-001-01-1:10	DB12395	Esreboxetine	-0.18047714107481738	-1.0811664479877756	0.0883248730964467	0.12688400392594268	NPC
LJP009_NPC.CAS9_24H:B16	DB11805	Saracatinib	0.19573065260963757	1.1031107557598512	0.08844526705446853	0.12702345052179212	NPC.CAS9
LPROT003_NPC_6H:L19	DB11952	Duvelisib	0.18616452061220434	1.0788136337778462	0.08860435339308578	0.12721837821743875	NPC
CPC016_NEU_24H:BRD-K96862998-001-03-1:10	DB04951	Pirfenidone	0.16453151113315298	1.0633156092884672	0.08870967741935484	0.12733603142483038	NEU
CPC012_NPC_24H:BRD-K35483542-001-03-1:10	DB00982	Isotretinoin	0.17288584699791587	1.0689163148971996	0.08888888888888889	0.12755965451617626	NPC
LJP009_NEU_24H:I21	DB11363	Alectinib	-0.182529556828637	-1.080442168841685	0.08914358484559058	0.12789145497078142	NEU
LJP007_NPC.CAS9_24H:O05	DB07101	PD-0325901	-0.2070328420200745	-1.1086126717470588	0.08946713663694796	0.12832183990645735	NPC.CAS9
CPC015_NPC_24H:BRD-K19136521-001-03-0:10	DB02052	Indirubin-3'-monoxime	-0.16706763257408513	-1.072162289232445	0.08955223880597014	0.12838877312166638	NPC
LJP009_NPC.CAS9_24H:L22	DB12588	AZD-1480	-0.20321260988628742	-1.1074733052849393	0.08956095282578234	0.12838877312166638	NPC.CAS9
LJP008_NPC.CAS9_24H:A08	DB07232	Veliparib	-0.1815405583956795	-1.0698457457258708	0.0897782585181179	0.12866641997096578	NPC.CAS9
LJP007_NPC_24H:D03	DB12494	SGI-1776	-0.19694893624298118	-1.1014040288900449	0.09004127966976264	0.12900942096330634	NPC
CPC006_SKM1_6H:BRD-K53414658-001-01-7:10	DB11800	Tivozanib	-0.2066500430048728	-1.1102216468716584	0.09107787519339866	0.13046031254688298	SKM1
CPC006_THP1_6H:BRD-K53414658-001-01-7:10	DB11800	Tivozanib	0.18149034499282532	1.0792522686039585	0.09118311981914091	0.13057672115041846	THP1
CPC015_NPC_24H:BRD-A06352418-001-15-0:10	DB00342	Terfenadine	0.1859686213230852	1.0825263537520475	0.09147609147609148	0.1309618281227114	NPC
NMH002_NEU_6H:BRD-K43164539-001-09-9:10	DB02659	Cholic Acid	-0.17903615868993347	-1.0660481919381422	0.09217046580773043	0.13192125014162942	NEU
CPC016_NPC_24H:BRD-K80334323-001-03-5:10	DB09371	Norethynodrel	0.17200130653592388	1.060229135002211	0.09239130434782608	0.13220258630537596	NPC
CPC013_NPC_24H:BRD-K29905972-001-03-0:10	DB06626	Axitinib	-0.16727650402076485	-1.066895418553969	0.09243697478991597	0.13223319272547476	NPC
LJP009_NEU_24H:I06	DB11798	Tanzisertib	0.19950470715829763	1.1055059401179674	0.09258580676682546	0.13241131923637905	NEU
LJP007_JURKAT_24H:I15	DB11526	Masitinib	-0.19390230682299395	-1.0940437580738394	0.09379509379509379	0.1341055607267211	JURKAT
NMH002_NPC_6H:BRD-K93258693-001-12-4:10	DB07863	2-chloro-5-nitro-N-phenylbenzamide	0.18853314046238787	1.0944158262569925	0.09397870924817033	0.13432799790081343	NPC
LJP007_NPC_24H:K20	DB01590	Everolimus	0.2425860786016896	1.0940416664262262	0.094	0.13432799790081343	NPC
LJP007_NPC_24H:M10	DB05575	Motesanib	-0.20836439044096733	-1.1100240753608137	0.09420067505369745	0.13457945339518265	NPC
LJP007_JURKAT_24H:P07	DB07859	4-(4-CHLOROPHENYL)-4-[4-(1H-PYRAZOL-4-YL)PHENYL]PIPERIDINE	-0.20387373044253265	-1.1063433480921228	0.09511170095111701	0.13584535100440157	JURKAT
LPROT003_NPC_6H:N05	DB08895	Tofacitinib	-0.16975910134452885	-1.038877360208534	0.09523809523809523	0.13599021150148574	NPC
LJP009_NEU_24H:L11	DB05984	RAF-265	0.17251240357510278	1.0742961239005655	0.09615384615384616	0.1372618207480593	NEU
CPC016_NPC_24H:BRD-K77771411-003-03-2:10	DB09242	Moxonidine	-0.1798125952562869	-1.0749897636306618	0.09836065573770492	0.14037529642231159	NPC
LJP009_NEU_24H:E11	DB01782	Pyrazolanthrone	0.18872929568488364	1.088715414944204	0.098460368751188	0.1404807881108121	NEU
CPC006_WSUDLCL2_6H:BRD-K82818427-001-01-4:44.4	DB03880	Batimastat	-0.20610288430178597	-1.1071473280913968	0.09871067560598247	0.14080103178370365	WSUDLCL2
LJP007_JURKAT_24H:F18	DB12247	AZD-4547	-0.18261139438423446	-1.0870238163905754	0.09879781420765027	0.14088842528799775	JURKAT
CPC006_PL21_6H:BRD-K77947974-001-05-6:4.21	DB04842	Fluspirilene	0.1815466577835491	1.0811592277127005	0.0988647114474929	0.14094691584896502	PL21
CPC014_NEU_24H:BRD-K76723084-001-15-8:10	DB00982	Isotretinoin	0.19723547902819707	1.1026597265526417	0.09927777140891896	0.14149875506228018	NEU
LPROT001_NPC.TAK_6H:C14	DB12291	Tacedinaline	-0.1866969729075796	-1.0817513963674428	0.0998340052169789	0.14225431512602488	NPC.TAK
LPROT002_NPC.TAK_6H:O06	DB00864	Tacrolimus	-0.20600386308195032	-1.1026249675324418	0.09986335686631746	0.14225891747160999	NPC.TAK
CPC014_NPC_24H:BRD-K51313569-001-02-9:10	DB09073	Palbociclib	0.20969893059705824	1.1065261120779948	0.10007104435197402	0.1425174967418542	NPC
LJP008_NPC.TAK_24H:J09	DB05223	Pracinostat	-0.19817400101372246	-1.092442534355984	0.10143841774048547	0.14442709098423107	NPC.TAK
NMH001_NEU_24H:BRD-A77098556-001-01-5:10	DB12885	CF-102	0.18491129887804278	1.0833878404478556	0.10152384721947358	0.14451094405573786	NEU
CPC014_NEU_24H:BRD-K07736136-001-01-2:10	DB05470	VX-702	0.24411612951171188	1.0938236548859104	0.1016	0.14458155212960544	NEU
CPC006_U937_6H:BRD-K35723520-001-01-0:10	DB06179	Darinaparsin	-0.18085927368404836	-1.0668005109727108	0.10166358595194085	0.144634244799966	U937
LJP008_NPC.TAK_24H:F05	DB12376	Ricolinostat	-0.18512316268154927	-1.0775807340356538	0.10179310344827586	0.14478068461199015	NPC.TAK
LJP007_NPC.TAK_24H:I12	DB06589	Pazopanib	0.1835779416105046	1.0797553825806632	0.10193652501344809	0.14494681859614575	NPC.TAK
LJP007_NEU_24H:K22	DB01590	Everolimus	0.18763937318537197	1.0898053842490498	0.10218027985681744	0.14525549571919286	NEU
CPC006_NOMO1_6H:BRD-K32164935-001-17-5:10	DB00839	Tolazamide	0.2003344801875367	1.1051736054781458	0.10254055708601163	0.14572961218434743	NOMO1
CPC006_SKM1_6H:BRD-A56359832-001-03-8:160	DB00744	Zileuton	-0.19513779719666552	-1.1044536463682377	0.10314685314685315	0.14655302954285476	SKM1
LJP007_NPC.CAS9_24H:P19	DB11886	Infigratinib	-0.16803713360223385	-1.041687748357074	0.10317460317460317	0.14655422245406594	NPC.CAS9
NMH001_NPC_6H:BRD-K25210139-001-01-3:10	DB13575	Bietaserpine	0.19804614115939065	1.1007227446526149	0.10398893244178004	0.14767241879476767	NPC
LJP009_NPC.TAK_24H:M18	DB06314	SGX-523	0.1993910220954313	1.0992650664506884	0.10475266731328807	0.14871820286448562	NPC.TAK
LJP007_NPC_24H:M08	DB05575	Motesanib	-0.1919785489658419	-1.090560404399778	0.10482150476461385	0.14877569760180195	NPC
LJP007_NPC_24H:N15	DB09330	Osimertinib	0.184254557946965	1.075669217009896	0.10484780157835401	0.14877569760180195	NPC
NMH002_NEU_24H:BRD-A75409952-001-06-5:10	DB08059	Wortmannin	0.2065721865444892	1.1003303532243969	0.10536004331348132	0.14946360924334964	NEU
LJP007_NPC_24H:P05	DB09054	Idelalisib	-0.21719573067999484	-1.1003311955761292	0.10571801828961913	0.14993237698053796	NPC
AML001_U937_24H:BRD-K71879491:3.33333	DB00982	Isotretinoin	0.20921728668498352	1.0999758030906017	0.10660597078128309	0.15115233451571666	U937
LJP008_NEU_24H:J11	DB05223	Pracinostat	0.16548016054017706	1.0485571403648786	0.10666666666666667	0.15119902828387993	NEU
LJP007_NPC_24H:M01	DB07794	5-(2-PHENYLPYRAZOLO[1,5-A]PYRIDIN-3-YL)-1H-PYRAZOLO[3,4-C]PYRIDAZIN-3-AMINE	-0.18553843106952703	-1.0813011481041463	0.10687691633815155	0.15145763371781767	NPC
CPC006_WSUDLCL2_6H:BRD-K55966568-001-01-3:6	DB12072	Orantinib	0.1694862675792145	1.0515123304760394	0.10714285714285714	0.15179500520291364	WSUDLCL2
CPC018_NPC_24H:BRD-A20126139-001-03-4:10	DB00253	Medrysone	0.20343463729944436	1.1033439061547732	0.10724294028885535	0.15189728291628252	NPC
CPC006_U937_6H:BRD-A38030642-001-02-0:10	DB00091	Cyclosporine	0.19598267027655064	1.094808519303317	0.10730365182591296	0.15194375658968332	U937
LJP008_NPC.CAS9_24H:A23	DB11740	MK-1775	0.1948885524677051	1.088959949536936	0.10741687979539642	0.1520250330992019	NPC.CAS9
CPC006_U937_6H:BRD-K27316855-001-02-6:1	DB00136	Calcitriol	-0.18664614711220892	-1.0850036947227415	0.10741687979539642	0.1520250330992019	U937
LJP008_NEU_24H:K21	DB12332	Rucaparib	0.18222797436182175	1.0820599266217081	0.10757544652022172	0.15220989393326254	NEU
CPC006_THP1_6H:BRD-K82135108-001-01-9:10	DB05719	Elesclomol	0.16914833959112402	1.0579954148028055	0.1078838174273859	0.15260656356092042	THP1
LJP008_NEU_24H:G21	DB00928	Azacitidine	0.18382516849622296	1.0722113924739953	0.10838831291234684	0.1532803822697068	NEU
AML001_U937_24H:BRD-K93754473:13.4584	DB00675	Tamoxifen	-0.20692300476063408	-1.1008593108442393	0.10843856484265384	0.1533116365869919	U937
CPC006_WSUDLCL2_6H:BRD-K62965247-001-01-5:10	DB04960	Tipifarnib	0.20705807646230392	1.1012465893038175	0.10913416778731767	0.15425504224493436	WSUDLCL2
CPC015_NPC_24H:BRD-A75409952:10	DB08059	Wortmannin	-0.16690169966354473	-1.0562927844370067	0.10927152317880795	0.15440911137306385	NPC
LJP009_NPC.TAK_24H:N10	DB08896	Regorafenib	0.19848036895589774	1.094580507514471	0.10944759938048529	0.15461780187448065	NPC.TAK
LJP007_JURKAT_24H:E09	DB05913	OSI-930	-0.1890207351277386	-1.087095348067061	0.10958276020174232	0.15476859752559352	JURKAT
LJP007_NPC.CAS9_24H:M05	DB07794	5-(2-PHENYLPYRAZOLO[1,5-A]PYRIDIN-3-YL)-1H-PYRAZOLO[3,4-C]PYRIDAZIN-3-AMINE	0.2137279872671968	1.1029247302543166	0.11008986928104575	0.15544449782332775	NPC.CAS9
CPC014_NPC_24H:BRD-K79404599-001-02-8:10	DB06486	Enzastaurin	0.19685665357995172	1.0906968139066378	0.11021136426022508	0.15557571015064434	NPC
LJP007_NPC.CAS9_24H:D07	DB08875	Cabozantinib	0.22358917583029386	1.099017671530225	0.11024174942321195	0.15557827607121336	NPC.CAS9
CPC016_NPC_24H:BRD-K93461745-003-14-4:10	DB00490	Buspirone	-0.1902571417809414	-1.0966056469118572	0.11036009789068874	0.15570494640225152	NPC
CPC006_PL21_6H:BRD-A19500257:10	DB02424	Geldanamycin	-0.17634468287049354	-1.066388491946	0.11053089643167972	0.15590553275496705	PL21
CPC014_NEU_24H:BRD-K63915849-001-01-1:10	DB07503	(5E)-5-[(2,2-DIFLUORO-1,3-BENZODIOXOL-5-YL)METHYLENE]-1,3-THIAZOLIDINE-2,4-DIONE	-0.20342278070276995	-1.0967316794115074	0.11064099851914534	0.1560204241158119	NEU
LJP008_NPC.TAK_24H:N12	DB02665	(1R,2S)-2-Phenylcyclopropanaminium	0.1760911212587994	1.059894597017879	0.11069182389937107	0.15605168857260546	NPC.TAK
CPC016_NPC_24H:BRD-K18574842-323-03-3:10	DB00607	Nafcillin	-0.16831074222050635	-1.054587646929887	0.1111111111111111	0.15656173638062382	NPC
NMH001_NPC_6H:BRD-K32501161-001-02-5:10	DB03701	Vanoxerine	-0.1629368400936676	-1.0446017088715545	0.1111111111111111	0.15656173638062382	NPC
CPC017_NPC_24H:BRD-K49890030-236-01-6:10	DB06741	Gavestinel	0.1864037549071006	1.0823084186497178	0.11133022588741484	0.15682990434114363	NPC
LJP007_NPC.TAK_24H:I22	DB13005	Rebastinib	0.19723495938955155	1.0907124018469017	0.11136954439731837	0.1568447216932495	NPC.TAK
LJP007_NPC_24H:M02	DB07794	5-(2-PHENYLPYRAZOLO[1,5-A]PYRIDIN-3-YL)-1H-PYRAZOLO[3,4-C]PYRIDAZIN-3-AMINE	-0.18428918249421905	-1.0829846465500286	0.11181290542847389	0.15742840821185852	NPC
CPC006_SKM1_6H:BRD-A91699651-316-06-7:10	DB00608	Chloroquine	0.1695211598983935	1.055324660025971	0.11363636363636363	0.15995441622218565	SKM1
LJP007_NPC_24H:K06	DB12064	BMS-777607	-0.18167078451967975	-1.0737842617855238	0.11367911851652782	0.15997325050155312	NPC
LJP007_NPC.CAS9_24H:I15	DB11526	Masitinib	0.18345320352404404	1.0769391210027364	0.1137738483015356	0.1600651970679832	NPC.CAS9
PCLB001_JURKAT_6H:BRD-K07572174-001-22-0:0.63	DB11672	Curcumin	-0.2012061967274161	-1.1003686782584137	0.11401218450826806	0.16035907976033775	JURKAT
CPC006_U937_6H:BRD-K81473043-001-04-7:0.35	DB05134	Tanespimycin	0.18532941438108122	1.1004020153712988	0.11487676056338028	0.16153339479167803	U937
LJP009_NPC_24H:I15	DB12146	Rigosertib	0.18794794644937196	1.08269325268492	0.11504424778761062	0.16172714854190176	NPC
CPC006_NOMO1_6H:BRD-A13122391-001-01-9:0.08	DB12025	Triptolide	-0.15612412790787086	-1.0635051613101485	0.11538461538461539	0.16216377171215882	NOMO1
LJP008_NPC.TAK_24H:D19	DB13978	Selisistat	0.2003824573553366	1.0971293061974245	0.1154760557002151	0.16225041262728881	NPC.TAK
CPC006_NOMO1_6H:BRD-K93754473-001-06-0:28.39	DB00675	Tamoxifen	-0.21039711604525202	-1.0960752306423598	0.11554791750909826	0.16230950702980373	NOMO1
CPC006_THP1_6H:BRD-K32164935-001-17-5:10	DB00839	Tolazamide	-0.23998018763921364	-1.0857117701651529	0.1161	0.16304296028880866	THP1
CPC018_NPC_24H:BRD-M41783010-238-01-9:10	DB00659	Acamprosate	0.18511067799287134	1.0731533380923033	0.1161993769470405	0.1631404503360615	NPC
NMH001_NEU_6H:BRD-K53857191-001-17-7:10	DB00734	Risperidone	0.19903239232053133	1.0961557902342498	0.11731182795698925	0.16465984924066068	NEU
LJP007_NPC.TAK_24H:A16	DB12742	Amuvatinib	-0.205527224725254	-1.097823284585354	0.11753132442787616	0.16492542974342014	NPC.TAK
LJP007_NPC.TAK_24H:M21	DB12874	Quizartinib	0.1754204708666118	1.0648899099306235	0.11772315653298836	0.16515206349269823	NPC.TAK
NMH002_NEU_6H:BRD-K43736954-001-19-9:10	DB14681	Cortisone	-0.20578660926017192	-1.0939014322197231	0.11824580400649702	0.16584255694550162	NEU
AML001_U937_24H:BRD-K19706299:10	DB00374	Treprostinil	-0.19744615543430827	-1.0996099016658485	0.11832946635730858	0.16591716626722516	U937
LJP007_NPC_24H:D06	DB12494	SGI-1776	-0.20254575462570135	-1.0966685284321125	0.11874197689345314	0.16645271715875054	NPC
DOSBIO001_NPC_24H:BRD-K81418486:0.37037	DB02546	Vorinostat	0.19912919201977208	1.0966583368773772	0.11892597021415371	0.16666773900830703	NPC
LJP008_NPC_24H:O01	DB07101	PD-0325901	-0.20738864099960785	-1.0973675830813425	0.11898466419883659	0.16670709576199227	NPC
CPC006_WSUDLCL2_6H:BRD-A23770159-001-02-3:11.1	DB00877	Sirolimus	-0.18830404891820568	-1.0853857806272864	0.11980760822037603	0.1678169327078621	WSUDLCL2
NMH001_NEU_6H:BRD-K73251053-001-01-0:10	DB04017	Clorgiline	-0.17637113307199512	-1.0621847842299161	0.12017167381974249	0.16828360391419842	NEU
CPC017_NPC_24H:BRD-K49577446-001-03-1:10	DB00180	Flunisolide	-0.1788127457547123	-1.07304823172297	0.12054329371816638	0.16876061120543293	NPC
CPC014_NEU_24H:BRD-M72442222-001-01-0:10	DB06652	Vicriviroc	-0.20952174418611905	-1.0960682596819407	0.12066015900171077	0.1688808085128031	NEU
CPC015_NPC_24H:BRD-K77695569-001-16-9:10	DB00730	Thiabendazole	0.234684267170458	1.0864941401890056	0.1209	0.1691730215827338	NPC
CPC006_SKM1_6H:BRD-K88510285-001-01-2:0.04	DB00188	Bortezomib	0.19284368863637152	1.0928059968380441	0.12104199416123962	0.16932820452147726	SKM1
LPROT003_NPC_6H:F11	DB12021	Dinaciclib	0.1926726011685328	1.0830090638133623	0.12114413909141895	0.16942757614069534	NPC
LPROT003_NPC_6H:P11	DB02546	Vorinostat	-0.2076786968564994	-1.093062443399811	0.12218579234972678	0.17084051993237792	NPC
LJP007_JURKAT_24H:G12	DB11963	Dacomitinib	-0.18066187876440293	-1.0712733414898643	0.12279069767441861	0.17164223294016526	JURKAT
CPC015_NPC_24H:BRD-K92049597-001-10-9:10	DB00384	Triamterene	-0.1933885174463159	-1.0985202917867154	0.12314225053078556	0.17208947816029208	NPC
LJP008_NPC.TAK_24H:A22	DB11740	MK-1775	0.2120510527281235	1.095834411443475	0.12320623206232062	0.17213472032103594	NPC.TAK
LJP007_NPC_24H:F02	DB12848	PF-04217903	0.20642822704052538	1.0969952927422224	0.12415584415584416	0.17341696005968896	NPC
CPC016_NPC_24H:BRD-K29582677-300-06-4:10	DB04841	Flunarizine	-0.1718804428751516	-1.0531360854192557	0.12429378531073447	0.17356511661596408	NPC
LJP008_NPC_24H:J06	DB12116	Epigallocatechin gallate	0.18027623154120115	1.070090832389728	0.12437665004400117	0.17363630764922594	NPC
LJP007_NPC.CAS9_24H:E08	DB05913	OSI-930	-0.1770057727764594	-1.0532818862020161	0.12459016393442623	0.17388980850509617	NPC.CAS9
NMH002_NPC_24H:BRD-K95785537-001-19-9:10	DB03023	1-Tert-Butyl-3-(4-Chloro-Phenyl)-1h-Pyrazolo[3,4-D]Pyrimidin-4-Ylamine	0.18636792793268958	1.0761486712801442	0.1252308208829948	0.17473918793973603	NPC
CPC016_NPC_24H:BRD-K35708212-331-03-1:10	DB01092	Ouabain	0.21370176625834997	1.0907597014826074	0.12590072057646118	0.17562892527136464	NPC
CPC018_NPC_24H:BRD-A78322124-003-06-6:10	DB00841	Dobutamine	-0.18101187623128653	-1.0596282197644997	0.12637045585689555	0.17623905316175498	NPC
CPC016_NPC_24H:BRD-K35189033-001-03-0:10	DB09389	Norgestrel	-0.17662467620509276	-1.065871465628604	0.12647554806070826	0.17634045948249288	NPC
LJP009_NPC_24H:H11	DB08912	Dabrafenib	0.19351716622903645	1.0893356044944333	0.1267865375749193	0.17672881587740225	NPC
LJP007_NPC_24H:G16	DB01254	Dasatinib	0.20186591442762436	1.092621603737364	0.12716700764509528	0.17721379826898384	NPC
LJP009_NPC.TAK_24H:K09	DB11962	GSK-1059615	0.22999332047951632	1.0856371954206474	0.1276	0.1777717063187516	NPC.TAK
DOSBIO002_NPC_24H:BRD-A19037878:0.37037	DB04297	Trichostatin A	-0.19162107801199685	-1.0732160868147826	0.12767487861895344	0.17783053426056789	NPC
LPROT001_NPC.TAK_6H:E18	DB04297	Trichostatin A	-0.20672337967313525	-1.0945330296660507	0.1282945338939596	0.1786479242103053	NPC.TAK
LPROT002_NPC.TAK_6H:A10	DB00162	Vitamin A	0.17658863945769307	1.0557265206585167	0.128686327077748	0.1791476833500551	NPC.TAK
LJP007_NPC.TAK_24H:G09	DB11963	Dacomitinib	-0.17309380583111802	-1.0548569963322065	0.12903225806451613	0.17958169612179092	NPC.TAK
NMH002_NPC_6H:BRD-A70814879-003-01-8:10	DB12764	Opaganib	-0.19157827287682272	-1.0752677619137698	0.129064039408867	0.17958169612179092	NPC
CPC006_U937_6H:BRD-K55966568-001-01-3:6	DB12072	Orantinib	-0.18856786275199422	-1.0744890415685953	0.12928759894459102	0.179846810690228	U937
CPC014_NPC_24H:BRD-K86930074-001-01-9:10	DB04849	Cediranib	-0.16262772915323895	-1.048185309977673	0.12941176470588237	0.17997356245869137	NPC
NMH002_NPC_24H:BRD-A09533288-003-26-2:10	DB14063	Dexverapamil	0.2041579579287676	1.092373498351342	0.12965097998113406	0.1802602085721869	NPC
LJP007_NEU_24H:M15	DB07460	2-({5-CHLORO-2-[(2-METHOXY-4-MORPHOLIN-4-YLPHENYL)AMINO]PYRIMIDIN-4-YL}AMINO)-N-METHYLBENZAMIDE	0.2038567893118929	1.0899662738751228	0.12981455064194009	0.18040352469631996	NEU
CPC017_NPC_24H:BRD-A07029265-004-02-9:10	DB00332	Ipratropium	0.21667995157083436	1.0903710673201013	0.12982031092267313	0.18040352469631996	NPC
CPC015_NPC_24H:BRD-K02637541-001-06-5:10	DB00482	Celecoxib	0.16777788632087387	1.0537530546438705	0.13	0.18060714285714285	NPC
CPC018_NPC_24H:BRD-K06980535-003-15-0:10	DB00420	Promazine	0.19093781733764983	1.0932911508413437	0.13051885272317112	0.18128173219341748	NPC
NMH002_NPC_24H:BRD-A93000692-001-06-5:10	DB09201	Ciglitazone	-0.17930190480845346	-1.0693052216722614	0.1307115253466697	0.18150305125904212	NPC
LJP007_NPC_24H:M05	DB07794	5-(2-PHENYLPYRAZOLO[1,5-A]PYRIDIN-3-YL)-1H-PYRAZOLO[3,4-C]PYRIDAZIN-3-AMINE	-0.18324856757905636	-1.0715989982107954	0.13084986896293524	0.18164883669950174	NPC
NMH001_NEU_24H:BRD-K41160163-001-02-7:10	DB12931	Fenobam	0.20552979467108307	1.0923806303687107	0.1316030534351145	0.18264786671958042	NEU
LJP008_NPC.TAK_24H:L16	DB08756	Y-27632	0.1692265790417011	1.0486400006314653	0.13167259786476868	0.18269782623478475	NPC.TAK
CPC014_NPC_24H:BRD-A31374339-001-01-9:10	DB04441	2-Fluoroadenosine	0.22052101827692527	1.090987786214466	0.13303814028378785	0.1845455201185707	NPC
CPC013_NPC_24H:BRD-K62982419-001-01-2:10	DB03849	Cilomilast	0.17212961388161435	1.056539358856272	0.13310867733782644	0.18459634753801957	NPC
LJP008_NPC.TAK_24H:J01	DB12116	Epigallocatechin gallate	0.17618684202396975	1.0551358041687258	0.1337099811676083	0.18538303397117994	NPC.TAK
LJP007_JURKAT_24H:M22	DB12874	Quizartinib	0.19432387997574282	1.0864311499719448	0.13374461645908509	0.18538385880279393	JURKAT
LJP007_NPC.CAS9_24H:I22	DB13005	Rebastinib	0.18521849372042506	1.0659573517044312	0.1342042755344418	0.18597366019352926	NPC.CAS9
LJP007_NPC.CAS9_24H:I11	DB06589	Pazopanib	-0.16966640511098302	-1.0420399584369038	0.13513513513513514	0.18721596182801986	NPC.CAS9
CPC016_NEU_24H:BRD-K80396088-001-03-9:10	DB01251	Gliquidone	0.17842541863062172	1.0615588762962085	0.13551401869158877	0.18769311947975392	NEU
LJP009_NPC.TAK_24H:E16	DB13113	JNJ-38877605	0.1704985378313031	1.0459642430503122	0.13613861386138615	0.1885102697912812	NPC.TAK
NMH002_NPC_6H:BRD-K53597484-001-01-9:10	DB08633	TNP-470	0.1914868975061165	1.0705839811953084	0.13838324525347426	0.1915696882690444	NPC
CPC006_WSUDLCL2_6H:BRD-K64634304-001-01-5:40	DB00162	Vitamin A	0.17394354573242046	1.053778445396661	0.13863822805578344	0.19187389834607285	WSUDLCL2
CPC006_NOMO1_6H:BRD-A93255169-001-13-5:10	DB01041	Thalidomide	-0.19233897427028573	-1.0875133371944457	0.1387759586858587	0.19201571925893968	NOMO1
CPC006_U937_6H:BRD-A93255169-001-13-5:10	DB01041	Thalidomide	-0.2246991652141048	-1.0870180626975738	0.13895558223289317	0.1922154180442815	U937
CPC006_WSUDLCL2_6H:BRD-K53414658-001-01-7:10	DB11800	Tivozanib	-0.18729156478535183	-1.0745140255556955	0.13903743315508021	0.19227980217434404	WSUDLCL2
DOSBIO001_NPC_24H:BRD-A75409952:3.33333	DB08059	Wortmannin	0.1927863386630106	1.0852202150032846	0.13917466188879898	0.19242071811282033	NPC
CPC006_WSUDLCL2_6H:BRD-K58550667-001-01-2:0.08	DB12731	Daporinad	-0.20654474917382148	-1.0900845299310342	0.13937493678567817	0.19263474406755068	WSUDLCL2
CPC006_THP1_6H:BRD-K82818427-001-01-4:44.4	DB03880	Batimastat	-0.20364753086239512	-1.0876458548229109	0.1394002068252327	0.19263474406755068	THP1
LJP007_NEU_24H:I17	DB11526	Masitinib	0.17827978865293054	1.0635191066092746	0.14004259850905218	0.19347336161346984	NEU
CPC014_NPC_24H:BRD-K77908580-001-05-4:10	DB11841	Entinostat	0.17363166464392235	1.0501386596309812	0.14133333333333334	0.19520703356158592	NPC
LPROT002_NPC.TAK_6H:G08	DB01234	Dexamethasone	-0.18256203810708044	-1.067054685704784	0.14207650273224043	0.19618373069974174	NPC.TAK
LJP007_NPC.CAS9_24H:P22	DB11886	Infigratinib	-0.17321427837483286	-1.0487486585186196	0.1423670668953688	0.19653511947076768	NPC.CAS9
LJP007_NPC.CAS9_24H:D20	DB06616	Bosutinib	0.191707446469641	1.0747509132392137	0.14278573808730424	0.19706180344478216	NPC.CAS9
LJP008_NEU_24H:J12	DB05223	Pracinostat	-0.19680297855804085	-1.079192425974652	0.14285714285714285	0.19706180344478216	NEU
LJP009_NPC_24H:F05	DB11962	GSK-1059615	-0.17060543001313383	-1.057072691830942	0.14285714285714285	0.19706180344478216	NPC
NMH002_NPC_24H:BRD-A13946108-001-13-0:10	DB00605	Sulindac	-0.19681752161805313	-1.0820970672210826	0.14295636068989467	0.1971155420937873	NPC
CPC006_U937_6H:BRD-K13049116-001-01-6:10	DB15399	BMS-754807	-0.19784391721315173	-1.0846303404219118	0.14296848903240172	0.1971155420937873	U937
CPC013_NPC_24H:BRD-K15600710-066-01-7:10	DB12191	Obatoclax	0.16539874016843892	1.0504759583326657	0.1431980906921241	0.19738213158929585	NPC
LJP009_NPC.CAS9_24H:L11	DB05984	RAF-265	0.18743325936585165	1.0669245404880814	0.14347202295552366	0.19770967535824438	NPC.CAS9
LJP008_NPC_24H:D01	DB09074	Olaparib	-0.1890404338549699	-1.07417543638074	0.14352720450281425	0.1977356832082789	NPC
CPC016_NPC_24H:BRD-K92760278-001-02-4:10	DB00140	Riboflavin	-0.16895524003963008	-1.046980482679106	0.14383561643835616	0.19811046209491343	NPC
LJP008_NPC_24H:D02	DB09074	Olaparib	0.19366194039147894	1.0779567783738029	0.14448030987734023	0.19894810811428443	NPC
LJP007_NPC_24H:P21	DB11886	Infigratinib	0.21627922179466377	1.0828070319111966	0.14547273636818409	0.20026403494972964	NPC
CPC006_PL21_6H:BRD-K85606544-001-01-8:10	DB11828	Neratinib	0.19301929223689984	1.0832282451826656	0.14594225960445556	0.2008596274465163	PL21
NMH001_NEU_24H:BRD-K25075681-001-01-2:10	DB06455	Meclinertant	0.18068095733019002	1.0547215739058906	0.14711538461538462	0.20241560074851309	NEU
CPC017_NPC_24H:BRD-K79124250-001-03-0:10	DB09313	Ioxaglic acid	0.1683502223055691	1.04916524533026	0.14714714714714713	0.20241560074851309	NPC
CPC006_SKM1_6H:BRD-A35108200-001-04-7:10	DB01234	Dexamethasone	-0.2034376666773381	-1.086615451648561	0.14732685297691372	0.2026116265940081	SKM1
CPC006_U937_6H:BRD-A69951442-001-01-3:10	DB01234	Dexamethasone	-0.19701232103447028	-1.0869036579206204	0.14777056945731645	0.20317054311147323	U937
LJP009_NEU_24H:B18	DB11805	Saracatinib	0.17424742333951118	1.049079047352756	0.14792899408284024	0.20333702720220798	NEU
LJP008_NPC.CAS9_24H:P15	DB11662	Rabusertib	0.180942531687535	1.0545244513474843	0.1499370012599748	0.20604514480490102	NPC.CAS9
CPC006_WSUDLCL2_6H:BRD-K44241590-001-03-3:11.1	DB07697	1-(2,3-dihydro-1,4-benzodioxin-6-ylsulfonyl)-4-[(4-methoxyphenyl)sulfonyl]piperazine	-0.17360747413399433	-1.047192390887115	0.1502008032128514	0.20635559391957334	WSUDLCL2
CPC006_SKM1_6H:BRD-K12184916-001-03-0:0.63	DB11651	Dactolisib	0.21128602912109606	1.084831972132561	0.1507944540026313	0.20711893984825475	SKM1
AML001_HL60_6H:BRD-A75409952:0.37037	DB08059	Wortmannin	0.22285570580687883	1.078233210503622	0.1515	0.20801712604207073	HL60
LJP008_NPC.CAS9_24H:M13	DB01262	Decitabine	-0.18905350319761802	-1.0712817839570488	0.15152477763659467	0.20801712604207073	NPC.CAS9
LJP008_NEU_24H:A08	DB07232	Veliparib	0.17168639843214065	1.050700293428081	0.15182029434546862	0.2083461462708851	NEU
CPC017_NPC_24H:BRD-A38030642-001-01-2:10	DB00091	Cyclosporine	0.20545008692506062	1.0856407814789386	0.15184095750076074	0.2083461462708851	NPC
CPC006_PL21_6H:BRD-K01292756-001-10-2:10	DB01100	Pimozide	-0.1980837827082546	-1.086111521363822	0.15206611570247933	0.208602535545517	PL21
CPC014_NPC_24H:BRD-K14880289-001-01-4:10	DB05416	Cardarine	0.17689412610228222	1.0559049784042156	0.15218483174284278	0.20866915919944715	NPC
CPC006_WSUDLCL2_6H:BRD-A09533288-003-20-5:10	DB14063	Dexverapamil	-0.2193312452899256	-1.082436658497191	0.15219131478887332	0.20866915919944715	WSUDLCL2
CPC006_NOMO1_6H:BRD-K82135108-001-01-9:10	DB05719	Elesclomol	0.19541339941682367	1.0776695260862799	0.15298641990145415	0.20970652977178939	NOMO1
LJP007_NPC.TAK_24H:F04	DB12848	PF-04217903	0.1852696310844398	1.0549390066913544	0.1535360938072554	0.21040703746208178	NPC.TAK
CPC016_NEU_24H:BRD-A63043573-001-01-6:10	DB00248	Cabergoline	0.1899344814921424	1.0726215077355257	0.15378670788253476	0.21069746191906524	NEU
CPC006_WSUDLCL2_6H:BRD-K61033289-001-01-2:10	DB08435	(5E,14E)-11-oxoprosta-5,9,12,14-tetraen-1-oic acid	0.18840083108343972	1.071929435741697	0.1541024573094544	0.21107695737104845	WSUDLCL2
CPC014_NEU_24H:BRD-K99749624-001-01-3:10	DB06080	Linifanib	0.18273052562823325	1.0614422982469978	0.15430393198724762	0.2112997771190723	NEU
CPC016_NPC_24H:BRD-A51393488-003-01-9:10	DB06174	Noscapine	0.16591300618983745	1.0572372639139171	0.15584415584415584	0.21335527217880157	NPC
LJP007_JURKAT_24H:B03	DB00877	Sirolimus	0.19947037301405143	1.0764741843819625	0.15629604442933243	0.21392014525311495	JURKAT
LJP007_JURKAT_24H:M21	DB12874	Quizartinib	-0.18045003775791074	-1.055119223853175	0.15638963360142985	0.21399445844054948	JURKAT
PCLB001_JURKAT_6H:BRD-K07572174-001-22-0:1.11	DB11672	Curcumin	-0.22443190290143192	-1.0758038289822758	0.1569	0.2146388847023361	JURKAT
LJP008_NPC.CAS9_24H:K20	DB12332	Rucaparib	-0.17964040356032054	-1.054263770151386	0.1571826502188619	0.21497155024910145	NPC.CAS9
LJP008_NPC.CAS9_24H:L14	DB08756	Y-27632	0.17804959852796298	1.0579718513245755	0.15743348982785602	0.21526055375408082	NPC.CAS9
LJP009_NPC.TAK_24H:G13	DB01254	Dasatinib	0.20903071534414297	1.0823713339655594	0.15782438823771336	0.21574086805787826	NPC.TAK
CPC006_NOMO1_6H:BRD-K26657438-001-01-2:10	DB00724	Imiquimod	-0.2087812010779873	-1.0810533329607463	0.1587763289869609	0.21698767569962082	NOMO1
CPC006_U937_6H:BRD-K76205745-237-05-8:160	DB00678	Losartan	-0.19570448043743924	-1.0791292410008457	0.15897149245388484	0.21719979506095705	U937
LJP007_NPC.CAS9_24H:O02	DB07101	PD-0325901	-0.22378842327542464	-1.078304353775492	0.15901130791554088	0.21719979506095705	NPC.CAS9
CPC006_PL21_6H:BRD-A34255068-001-16-2:10	DB04149	(R)-Rolipram	-0.2180303428320549	-1.0789496592893792	0.15930267508265705	0.2174996538529135	PL21
LJP009_NPC.CAS9_24H:M18	DB06314	SGX-523	-0.18651162895134613	-1.0634767502527147	0.15931070863372604	0.2174996538529135	NPC.CAS9
LJP007_NPC.TAK_24H:I20	DB13005	Rebastinib	0.19917662989211485	1.0731437852506902	0.16004872107186358	0.21845246490159625	NPC.TAK
CPC015_NPC_24H:BRD-A29426959-050-07-4:10	DB00748	Carbinoxamine	-0.21680694740832754	-1.0812599049679645	0.16069983818770225	0.2192862236958723	NPC
LPROT002_NPC.TAK_6H:O10	DB02546	Vorinostat	-0.21569182243724755	-1.0804014875816017	0.1613521695257316	0.22012122125178715	NPC.TAK
CPC006_WSUDLCL2_6H:BRD-K76964878-001-01-8:24	DB13978	Selisistat	0.19250527917131768	1.0784369093743669	0.1614857142857143	0.22024823441021787	WSUDLCL2
LJP009_NPC.CAS9_24H:B20	DB16107	BI 2536	0.19521871403166938	1.0745739275452366	0.1616472735569245	0.2204133830222861	NPC.CAS9
LJP009_NPC.TAK_24H:G07	DB08521	4-[4-(4-Fluorophenyl)-2-[4-[(R)-methylsulfinyl]phenyl]-1H-imidazol-5-yl]pyridine	-0.1885910652304852	-1.0666650936180149	0.16177636796193498	0.2205341927210758	NPC.TAK
LJP009_NPC.CAS9_24H:B09	DB12242	AZD-7762	-0.1819739377385322	-1.0607280450072583	0.16189495365602471	0.22064062002270035	NPC.CAS9
CPC015_NPC_24H:BRD-K59753853-001-01-5:10	DB04175	Mdl-29951	-0.16624267308342278	-1.0503575915773118	0.16205533596837945	0.2208039428781072	NPC
CPC015_NPC_24H:BRD-A69917777-065-01-4:10	DB15597	Aminopentamide	0.1875365886561751	1.0740814465495447	0.16225771059368524	0.2210243851658854	NPC
CPC013_NPC_24H:BRD-A19500257:10	DB02424	Geldanamycin	-0.2163823069001688	-1.0779277091208008	0.16251375963174222	0.221317813191915	NPC
LJP007_NPC_24H:K24	DB01590	Everolimus	0.2174300294054138	1.0771801216155967	0.1628162816281628	0.22167436743674368	NPC
LJP009_NPC_24H:G16	DB01254	Dasatinib	0.19763743586535568	1.0799797679007532	0.1629075480125056	0.22174319082132105	NPC
CPC006_NOMO1_6H:BRD-A17883755-001-02-0:177.6	DB00480	Lenalidomide	0.19051140418538648	1.0748569735597406	0.16336122893499944	0.22230516061469438	NOMO1
CPC016_NEU_24H:BRD-A69815203-001-05-0:10	DB00091	Cyclosporine	0.19323442849580633	1.0808181531059826	0.16348195329087048	0.22241386900376733	NEU
NMH002_NPC_24H:BRD-K39965020-001-05-9:10	DB03756	Doconexent	-0.20108196673275375	-1.0805304598003824	0.1645449763282483	0.22380418108982023	NPC
LJP007_NPC.TAK_24H:O03	DB07101	PD-0325901	-0.21610121387809078	-1.079197489858137	0.1647448109896721	0.2240200351185404	NPC.TAK
LJP008_NPC.CAS9_24H:N08	DB02665	(1R,2S)-2-Phenylcyclopropanaminium	-0.19580495805418185	-1.0779584871784575	0.16497685695393433	0.22427957138570304	NPC.CAS9
CPC006_WSUDLCL2_6H:BRD-A71390734-001-01-7:0.08	DB01177	Idarubicin	0.17402181093809527	1.0501335876530427	0.16535433070866143	0.22473663215357378	WSUDLCL2
LJP008_NPC.TAK_24H:M13	DB01262	Decitabine	-0.18143201606214923	-1.050406455108106	0.1656021897810219	0.22501734669347434	NPC.TAK
CPC006_WSUDLCL2_6H:BRD-K08316444-001-04-3:0.63	DB11457	Rotenone	0.18153117048525558	1.0582295071865278	0.16617812852311162	0.22574359888672135	WSUDLCL2
CPC014_NPC_24H:BRD-K05396879-001-05-9:10	DB08435	(5E,14E)-11-oxoprosta-5,9,12,14-tetraen-1-oic acid	0.18067373471973314	1.0594419091159761	0.16662716283479498	0.22629435718440952	NPC
NMH002_NPC_24H:BRD-K46018455-001-23-5:10	DB01393	Bezafibrate	0.15232278936167346	1.0498760187632097	0.16666666666666666	0.22629435718440952	NPC
LJP008_NPC_24H:G16	DB01254	Dasatinib	0.1990129052899933	1.0777125894237434	0.16770186335403728	0.22764315748406955	NPC
LJP007_NPC.TAK_24H:D11	DB08875	Cabozantinib	0.2226642994233927	1.0774324107873416	0.16800160192230676	0.2279932031071225	NPC.TAK
CPC006_SKM1_6H:BRD-K81473043-001-04-7:0.35	DB05134	Tanespimycin	0.17818692966200578	1.0458565496252554	0.168913560666138	0.22917370487986735	SKM1
NMH002_NEU_6H:BRD-K95785537-001-19-9:10	DB03023	1-Tert-Butyl-3-(4-Chloro-Phenyl)-1h-Pyrazolo[3,4-D]Pyrimidin-4-Ylamine	-0.16438610230347414	-1.0436320520969116	0.16910935738444194	0.22938220680340493	NEU
CPC006_SKM1_6H:BRD-K93754473-001-06-0:28.39	DB00675	Tamoxifen	-0.1696041639539515	-1.0394387391170372	0.1696113074204947	0.23000577196514296	SKM1
LJP007_JURKAT_24H:J20	DB03044	Doramapimod	-0.18534982913838344	-1.0635848188097516	0.1697706633830999	0.23016455882110082	JURKAT
NMH001_NPC_6H:BRD-K70327167-348-11-8:10	DB04786	Suramin	0.182178761756273	1.0650778541720012	0.1699201419698314	0.23030987883715826	NPC
AML001_HL60_24H:BRD-A75409952:3.33333	DB08059	Wortmannin	-0.1535268057236711	-1.0501903056546198	0.17	0.23036078626524012	HL60
CPC017_NPC_24H:BRD-K22031190-001-13-7:10	DB00861	Diflunisal	-0.17073921841238207	-1.0505951446363648	0.1702127659574468	0.2305917222398645	NPC
CPC016_NEU_24H:BRD-K28307902-001-09-2:10	DB00499	Flutamide	0.1790375714082687	1.0487740864889015	0.1709106603366422	0.23147959616845395	NEU
LJP008_NPC.TAK_24H:G14	DB01254	Dasatinib	0.21076715093278284	1.0793705864514909	0.1714574898785425	0.23216247883603744	NPC.TAK
LPROT001_NPC.TAK_6H:M02	DB12920	Pinometostat	-0.17774045660031376	-1.0458872942682453	0.17160367722165476	0.23230266620659504	NPC.TAK
CPC006_THP1_6H:BRD-K27316855-001-02-6:1	DB00136	Calcitriol	0.237023107455411	1.0650870365464424	0.1721	0.23291665009940357	THP1
LJP007_JURKAT_24H:K06	DB12064	BMS-777607	-0.21918689443691497	-1.0738310815515597	0.17245868803204809	0.23334410311118853	JURKAT
LJP007_NPC.TAK_24H:I08	DB06589	Pazopanib	0.18761248683627835	1.0680960200636076	0.1733102253032929	0.23443802459059443	NPC.TAK
CPC014_NPC_24H:BRD-K52911425-001-02-3:10	DB11663	Pictilisib	0.18695839628830643	1.0628703731104676	0.17364117364117365	0.2348273731437377	NPC
CPC006_U937_6H:BRD-K15563106-001-08-1:177.6	DB07810	Phloretin	-0.16262690181051495	-1.0497499081474895	0.17391304347826086	0.235136652130737	U937
CPC013_NEU_24H:BRD-K19540840-001-01-1:10	DB11805	Saracatinib	0.18737298913397551	1.0636970849146687	0.17399438727782976	0.23518824351329384	NEU
CPC006_SKM1_6H:BRD-A84481105-003-17-2:10	DB00679	Thioridazine	-0.17835203418543846	-1.0487525026390196	0.17434094903339192	0.23559821549276733	SKM1
LJP009_NEU_24H:I05	DB11798	Tanzisertib	0.1940739381150803	1.070584148472087	0.17465670922669235	0.23596637024276026	NEU
LJP007_NPC.CAS9_24H:K24	DB01590	Everolimus	-0.1755718367567932	-1.0469816969880807	0.1747624076029567	0.23605061304704913	NPC.CAS9
CPC006_SKM1_6H:BRD-A75817871-001-04-2:40	DB01944	(S)-blebbistatin	-0.19252869452831614	-1.075257740232367	0.17486457204767064	0.236130041996433	SKM1
NMH001_NPC_24H:BRD-A69512159-001-04-0:10	DB00190	Carbidopa	-0.19382305924357454	-1.0741235385239056	0.17516239128041397	0.23647357038005315	NPC
CPC006_WSUDLCL2_6H:BRD-K14888893-001-05-6:10	DB00350	Minoxidil	0.21678406955324037	1.075661064059866	0.1754456238734228	0.23679724104452557	WSUDLCL2
CPC014_NPC_24H:BRD-A11706664-001-01-1:10	DB12405	Triciribine	0.18065392130657182	1.0549820945099262	0.17565932736511009	0.23702693182120652	NPC
LJP007_NPC.TAK_24H:M17	DB07460	2-({5-CHLORO-2-[(2-METHOXY-4-MORPHOLIN-4-YLPHENYL)AMINO]PYRIMIDIN-4-YL}AMINO)-N-METHYLBENZAMIDE	0.21234948752824317	1.076274239449842	0.17582748244734203	0.23719506301912924	NPC.TAK
CPC006_WSUDLCL2_6H:BRD-K52836380-001-01-7:22.2	DB07403	4-[(3-CHLORO-4-{[(2R)-3,3,3-TRIFLUORO-2-HYDROXY-2-METHYLPROPANOYL]AMINO}PHENYL)SULFONYL]-N,N-DIMETHYLBENZAMIDE	-0.189459676762858	-1.067914181741862	0.17587939698492464	0.23720633877659722	WSUDLCL2
CPC014_NPC_24H:BRD-K66956375-001-05-5:10	DB16495	Oleic monoethanolamide	0.19606998617334612	1.0741461710815083	0.17621585609593604	0.2376012756371547	NPC
CPC006_THP1_6H:BRD-A23770159-001-02-3:11.1	DB00877	Sirolimus	-0.18675751366962293	-1.0655381230762555	0.17668611751933777	0.2381763851510677	THP1
LJP007_NEU_24H:L12	DB11836	Sapanisertib	0.21400009323777477	1.0735579261766675	0.1786290322580645	0.24073588460218245	NEU
LJP008_NPC.CAS9_24H:M06	DB02709	Resveratrol	0.17975721687423282	1.0527159615945143	0.17882991556091676	0.24094698667608924	NPC.CAS9
DOSBIO002_NPC_24H:BRD-A19500257:10	DB02424	Geldanamycin	0.2148499204957137	1.0693006040190631	0.1789178917891789	0.24100589628589372	NPC
NMH002_NPC_6H:BRD-K92723993-066-14-4:10	DB00619	Imatinib	0.17459067211150792	1.0457412206608092	0.1791044776119403	0.2411975729660304	NPC
CPC006_WSUDLCL2_6H:BRD-A19500257:10	DB02424	Geldanamycin	0.1834890860963321	1.053029937344738	0.17937451537865082	0.24146554797735603	WSUDLCL2
NMH002_NEU_6H:BRD-K81839095-001-19-4:10	DB00655	Estrone	-0.20320601776072064	-1.072999556532124	0.1793921423276501	0.24146554797735603	NEU
CPC006_WSUDLCL2_6H:BRD-K59597909-001-10-1:10	DB11447	Phenothiazine	-0.18859829231245845	-1.069017789644157	0.1798992564164068	0.2420883000849398	WSUDLCL2
NMH002_NPC_6H:BRD-A75409952-001-04-0:10	DB08059	Wortmannin	0.18517031720622942	1.053986871013509	0.1802046356233034	0.24243933932917747	NPC
LJP007_NPC_24H:D24	DB06616	Bosutinib	-0.17204762175931024	-1.0433690695671458	0.18039772727272727	0.24263917577853117	NPC
DOSBIO002_NPC_24H:BRD-A13084692:1.11111	DB08607	(5R)-5-(4-{[(2R)-6-HYDROXY-2,5,7,8-TETRAMETHYL-3,4-DIHYDRO-2H-CHROMEN-2-YL]METHOXY}BENZYL)-1,3-THIAZOLIDINE-2,4-DIONE	0.1758699767558658	1.0494595109331923	0.180587652690657	0.24283465593909084	NPC
LJP008_NPC_24H:N09	DB02665	(1R,2S)-2-Phenylcyclopropanaminium	-0.19711845334310216	-1.0744323218181508	0.18090889323766035	0.24320657432048834	NPC
NMH002_NPC_6H:BRD-A48430263-001-05-1:10	DB01132	Pioglitazone	-0.21257876484377528	-1.0727791549615462	0.18102409638554218	0.24330138916970948	NPC
CPC006_WSUDLCL2_6H:BRD-A69951442-001-01-3:10	DB01234	Dexamethasone	-0.1778184598696714	-1.048323044820421	0.18181818181818182	0.24430836866070027	WSUDLCL2
LJP009_NPC.TAK_24H:D19	DB13061	MLN8054	-0.17803606616964057	-1.0503476138106729	0.18213457076566125	0.24467313083122624	NPC.TAK
LPROT003_NPC_6H:L07	DB00460	Verteporfin	-0.20514925911935813	-1.0753550362299737	0.1828069441539427	0.24551581204990675	NPC
NMH002_NPC_6H:BRD-K59773493-001-01-9:10	DB01924	Benzhydroxamic Acid	-0.18358383759223496	-1.0547631081744326	0.18299776286353467	0.24571149323343436	NPC
LJP009_NPC_24H:H14	DB07138	Neflamapimod	-0.18042058271775685	-1.0534426727102568	0.18356056115392214	0.24635192866285424	NPC
CPC006_PL21_6H:BRD-K11853856-003-01-3:10	DB08348	N~2~,N~2~-DIMETHYL-N~1~-(6-OXO-5,6-DIHYDROPHENANTHRIDIN-2-YL)GLYCINAMIDE	0.20888854823218228	1.0725471493952305	0.18356520868781903	0.24635192866285424	PL21
NMH002_NEU_6H:BRD-A99117172-001-01-1:10	DB01611	Hydroxychloroquine	0.15754765454674952	1.0410945075244284	0.18382352941176472	0.24663782734084028	NEU
DOSBIO002_NEU_24H:BRD-A90490067:10	DB00947	Fulvestrant	0.1908267695689742	1.0586066650739285	0.18396299151888976	0.2467641506925797	NEU
LJP007_JURKAT_24H:M13	DB07460	2-({5-CHLORO-2-[(2-METHOXY-4-MORPHOLIN-4-YLPHENYL)AMINO]PYRIMIDIN-4-YL}AMINO)-N-METHYLBENZAMIDE	0.1884649098517387	1.0578163797479379	0.18436657681940702	0.24724461397648134	JURKAT
LJP008_NPC.CAS9_24H:C07	DB13877	Iniparib	0.18733090078414463	1.0636823601517116	0.18493790893310189	0.24794974201124395	NPC.CAS9
NMH001_NPC_6H:BRD-K88611939-001-18-2:10	DB04599	Aniracetam	-0.18893603347023188	-1.0635042422362213	0.18502863376056722	0.24801032228896114	NPC
LJP007_JURKAT_24H:P15	DB05294	Vandetanib	0.17140543645416767	1.042046363554916	0.18543046357615894	0.2484877718099807	JURKAT
CPC006_PL21_6H:BRD-K44241590-001-03-3:11.1	DB07697	1-(2,3-dihydro-1,4-benzodioxin-6-ylsulfonyl)-4-[(4-methoxyphenyl)sulfonyl]piperazine	0.16796967344005723	1.041186837843466	0.18562874251497005	0.24869228333001894	PL21
CPC017_NPC_24H:BRD-A19500257:10	DB02424	Geldanamycin	0.19981313330256883	1.073882808413926	0.18573160873080033	0.24876889846235578	NPC
CPC015_NPC_24H:BRD-A83081521-001-01-5:10	DB01216	Finasteride	-0.17975474046279177	-1.0629114955816672	0.18610526315789475	0.24920808044206905	NPC
NMH001_NPC_24H:BRD-K52075040-001-06-3:10	DB01034	Cerulenin	-0.19064651659169868	-1.0668390792099813	0.18632499101903963	0.2493974197645464	NPC
LJP007_JURKAT_24H:I16	DB11526	Masitinib	-0.21530524100611476	-1.0722334868395353	0.18634538152610441	0.2493974197645464	JURKAT
NMH001_NPC_6H:BRD-K47029922-001-02-0:10	DB02665	(1R,2S)-2-Phenylcyclopropanaminium	0.19456872477604148	1.0705479386449577	0.18644631765749778	0.2493974197645464	NPC
LJP007_JURKAT_24H:I06	DB01268	Sunitinib	-0.21312028955515666	-1.0723258330758112	0.1864731377885294	0.2493974197645464	JURKAT
LJP007_JURKAT_24H:A17	DB12742	Amuvatinib	-0.19819750422467278	-1.0706780102478988	0.1864756322587648	0.2493974197645464	JURKAT
LJP007_NPC.TAK_24H:L12	DB11836	Sapanisertib	0.20597236307553518	1.0726695937121873	0.18718466195761857	0.25028423005676176	NPC.TAK
LJP007_NPC.CAS9_24H:F16	DB12247	AZD-4547	0.21772231067526424	1.0695974714069931	0.18811286772063238	0.2514368876008381	NPC.CAS9
NMH002_NPC_6H:BRD-A56798952-001-01-5:10	DB06733	Bafilomycin A1	-0.17315248726365276	-1.0399443177394858	0.18813905930470348	0.2514368876008381	NPC
CPC013_NPC_24H:BRD-K76908866-001-01-9:10	DB12302	CP-724714	-0.18613745034702073	-1.062248069905151	0.18846004905124564	0.25180407927700776	NPC
CPC018_NPC_24H:BRD-K67847053-015-08-8:10	DB00629	Guanabenz	0.21683462539472284	1.0680060137126937	0.18871322793676207	0.252080510018054	NPC
LJP009_NPC.CAS9_24H:D14	DB16108	TAK-715	-0.19906452712768327	-1.0712576357951242	0.18911808040412545	0.252559358970296	NPC.CAS9
LJP009_NPC.CAS9_24H:M14	DB06314	SGX-523	0.16754459487100928	1.0391495620193845	0.19047619047619047	0.2543106970662744	NPC.CAS9
LJP007_NPC.CAS9_24H:H12	DB09053	Ibrutinib	-0.17121174105248813	-1.0413311357467077	0.19142857142857142	0.25551960784313726	NPC.CAS9
LJP008_NPC.TAK_24H:G09	DB02546	Vorinostat	0.17163093550342035	1.040714355550663	0.19148936170212766	0.2555381190467501	NPC.TAK
LJP007_JURKAT_24H:I19	DB13005	Rebastinib	-0.1673117008373787	-1.039274066967225	0.1921921921921922	0.2564131990883583	JURKAT
CPC016_NPC_24H:BRD-K68264559-045-01-6:10	DB00484	Brimonidine	0.1832136767537983	1.053288506057037	0.1924989639452963	0.2567144302732614	NPC
CPC014_NEU_24H:BRD-K89085489-001-11-7:10	DB05076	Fenretinide	0.2017918564289876	1.0704348088759725	0.1925122536239441	0.2567144302732614	NEU
CPC016_NEU_24H:BRD-K72222507-003-07-7:10	DB00881	Quinapril	-0.187381728493072	-1.0585609577491533	0.19279841224836972	0.2570330852153296	NEU
LJP007_NPC_24H:D10	DB08875	Cabozantinib	-0.19905765868347913	-1.0710510314239352	0.1930561245391233	0.25731366966227737	NPC
CPC017_NPC_24H:BRD-A72758037-001-01-8:10	DB14054	Asiatic acid	0.17146149821680207	1.0428651563435059	0.19401041666666666	0.258522321792676	NPC
CPC015_NPC_24H:BRD-K21733600-001-06-7:10	DB00533	Rofecoxib	0.15596357796848156	1.0441096605721063	0.19480519480519481	0.2595178793808931	NPC
CPC014_NPC_24H:BRD-K53972329-001-01-3:10	DB08877	Ruxolitinib	0.16199459772060207	1.0328440719626777	0.1956521739130435	0.2605824747200868	NPC
LJP007_NPC.TAK_24H:I06	DB01268	Sunitinib	-0.1757773548789943	-1.0429865605466475	0.19585561497326204	0.2607896526025391	NPC.TAK
NMH002_NPC_24H:BRD-K04923131-001-11-3:10	DB03444	6-bromoindirubin-3'-oxime	0.20003577485035667	1.0664637278491105	0.1959531416400426	0.2608557343856446	NPC
LJP009_NPC.CAS9_24H:D06	DB11775	PF-03758309	0.18357106208870205	1.0458076658966882	0.19628030554633014	0.26122740567089786	NPC.CAS9
LPROT001_NPC.TAK_6H:A14	DB11841	Entinostat	-0.18046063577112867	-1.053387391357369	0.1966118260302981	0.26160469205008635	NPC.TAK
LJP007_NPC.CAS9_24H:G09	DB11963	Dacomitinib	-0.18560369271684907	-1.0580758708913929	0.1967283684890228	0.26169582188354135	NPC.CAS9
CPC006_NOMO1_6H:BRD-K01292756-001-10-2:10	DB01100	Pimozide	0.18248284568629153	1.0555985381160848	0.19696969696969696	0.26195286195286194	NOMO1
LJP008_NPC.TAK_24H:P14	DB11662	Rabusertib	-0.18913043718773134	-1.057324962497474	0.19760744350908285	0.26269023761361343	NPC.TAK
LJP009_NPC.TAK_24H:D18	DB16108	TAK-715	0.17383423648617075	1.0415533872053717	0.19762062128222074	0.26269023761361343	NPC.TAK
LJP009_NPC.CAS9_24H:K19	DB12432	CC-401	0.18620717571442275	1.054370363594617	0.19770114942528735	0.26273315270134573	NPC.CAS9
LJP009_NPC.TAK_24H:L12	DB05984	RAF-265	0.17783871808878918	1.0441190977784998	0.19836586472991374	0.26355220768946336	NPC.TAK
CPC013_NPC_24H:BRD-A66395008-001-03-8:10	DB13063	Parthenolide	0.20257622609859818	1.0669431232584328	0.19955910140667646	0.26507289420994146	NPC
NMH002_NPC_6H:BRD-A56798952-001-01-5:1	DB06733	Bafilomycin A1	0.18992178279128138	1.0555377939221546	0.19968097447795824	0.26517010168421373	NPC
LJP009_NPC.CAS9_24H:G09	DB08521	4-[4-(4-Fluorophenyl)-2-[4-[(R)-methylsulfinyl]phenyl]-1H-imidazol-5-yl]pyridine	-0.1905954333506451	-1.0625421120707255	0.19976033553025763	0.2652108208917072	NPC.CAS9
LPROT003_NPC_6H:P13	DB12015	Alpelisib	-0.17033603420848756	-1.0548429171458962	0.2	0.26539961013645225	NPC
LJP007_JURKAT_24H:M11	DB05575	Motesanib	-0.17143185684431836	-1.0084114922343441	0.2	0.26539961013645225	JURKAT
LJP008_NPC.CAS9_24H:H15	DB11841	Entinostat	0.1835150216368823	1.0517967379477293	0.20041407867494823	0.26588430510688627	NPC.CAS9
LJP009_NPC_24H:D19	DB13061	MLN8054	0.18225762591796119	1.0505689347397813	0.201564027370479	0.2673447864246538	NPC
LJP007_JURKAT_24H:B15	DB12200	Tivantinib	-0.17672859183509024	-1.0411944747789168	0.20380228136882128	0.2702476806268811	JURKAT
CPC006_NOMO1_6H:BRD-K98548675-001-02-6:10	DB13063	Parthenolide	0.19422587349723072	1.0618871849514548	0.20432910244786945	0.2708803047544053	NOMO1
NMH002_NPC_6H:BRD-K24656285-001-04-4:10	DB02509	Farnesol	-0.19672572822022513	-1.0664063702864859	0.20472103004291844	0.271333835389081	NPC
CPC015_NPC_24H:BRD-A08187463-001-03-8:10	DB11696	Racecadotril	0.21027915832924643	1.066895191128235	0.20494127176994734	0.27155965110927816	NPC
CPC006_WSUDLCL2_6H:BRD-K85606544-001-01-8:10	DB11828	Neratinib	-0.21191158934406776	-1.0676817016115536	0.20530937720803472	0.271981237721955	WSUDLCL2
NMH002_NEU_6H:BRD-K54028654-001-01-8:10	DB12310	Trehalose	-0.21818280245059787	-1.0653168559693222	0.2057320372782844	0.2724584956835235	NEU
LJP009_NPC.TAK_24H:M13	DB06314	SGX-523	0.19710376623630352	1.0659613763315305	0.2057925223802001	0.2724584956835235	NPC.TAK
LJP008_NPC.TAK_24H:P17	DB11662	Rabusertib	0.1751187968713666	1.03738846491056	0.20581973030518097	0.2724584956835235	NPC.TAK
CPC015_NPC_24H:BRD-A02710418-003-03-5:10	DB13478	Meptazinol	-0.1926932930525812	-1.0590980985121594	0.20617964622099702	0.2728686156305103	NPC
LJP009_NEU_24H:I16	DB12146	Rigosertib	-0.1773929423256246	-1.043927915046398	0.20787492762015056	0.2750453974293829	NEU
CPC014_NPC_24H:BRD-K79404599-001-03-6:10	DB06486	Enzastaurin	-0.17714166481292254	-1.0415949665372288	0.20793346129238643	0.27505601899400933	NPC
LJP009_NEU_24H:H16	DB07138	Neflamapimod	-0.18570546303457572	-1.0608751495601538	0.2097560975609756	0.2773996375223587	NEU
NMH001_NPC_24H:BRD-A47564106-001-07-5:10	DB12161	Deutetrabenazine	-0.17669903726140634	-1.0523421478665003	0.20988917306052857	0.27750823901132277	NPC
CPC017_NPC_24H:BRD-A09472452-015-11-9:10	DB01195	Flecainide	-0.1871272560370264	-1.0603684304469096	0.21014407871617663	0.2777778283224024	NPC
CPC006_PL21_6H:BRD-K41895714-001-02-2:10	DB04769	5-QUINOXALIN-6-YLMETHYLENE-THIAZOLIDINE-2,4-DIONE	0.19308338013249549	1.0623508678499767	0.21038495971351837	0.2779736936078907	PL21
LJP007_NPC.CAS9_24H:D23	DB06616	Bosutinib	-0.1940602995561278	-1.0586177808473753	0.21046957355055104	0.2779736936078907	NPC.CAS9
CPC006_WSUDLCL2_6H:BRD-K81473043-001-04-7:0.35	DB05134	Tanespimycin	0.17364536078816142	1.038599599152736	0.2104722792607803	0.2779736936078907	WSUDLCL2
LJP007_NPC_24H:D21	DB06616	Bosutinib	0.19520878962737895	1.062849802325463	0.21049642167442917	0.2779736936078907	NPC
LJP008_NPC_24H:G10	DB02546	Vorinostat	-0.18856540908358857	-1.0558704845326992	0.21145146697686443	0.2791159080823058	NPC
LJP007_NPC.TAK_24H:I05	DB01268	Sunitinib	-0.18482802036389148	-1.0544494700677638	0.2114638701336015	0.2791159080823058	NPC.TAK
LJP008_NPC.TAK_24H:D02	DB09074	Olaparib	-0.1923840650880198	-1.0628804056484895	0.21153630344518012	0.2791438595983647	NPC.TAK
LJP007_NPC.CAS9_24H:P06	DB09054	Idelalisib	-0.18784003813026823	-1.0581162390796284	0.21339525788315816	0.2815287244262789	NPC.CAS9
CPC016_NEU_24H:BRD-K69600043-328-03-0:10	DB00372	Thiethylperazine	-0.1917882236084628	-1.0586184765904605	0.21380632790028764	0.28200272747516747	NEU
CPC014_NPC_24H:BRD-K60460488-066-01-0:10	DB00220	Nelfinavir	-0.17502559367099244	-1.0359903207070218	0.21465076660988075	0.28304796003811394	NPC
CPC017_NPC_24H:BRD-A34907681-001-01-7:10	DB01698	Rutin	-0.17650354339464647	-1.0411428365557036	0.21476246564585788	0.28312669762947035	NPC
NMH002_NEU_24H:BRD-K35923252-001-03-6:10	DB07558	acetylleucyl-leucyl-norleucinal	-0.18557725697074012	-1.043295390365893	0.21569070766448112	0.2842816055035731	NEU
CPC006_THP1_6H:BRD-K35723520-001-01-0:10	DB06179	Darinaparsin	-0.18388389868027816	-1.052686953157123	0.21625052898857386	0.2849504913795725	THP1
CPC015_NPC_24H:BRD-A78391468-001-01-0:10	DB14633	Prednisolone hemisuccinate	-0.17176559677765943	-1.028287831752578	0.21641791044776118	0.28510206586804726	NPC
LJP008_NPC.CAS9_24H:H14	DB11841	Entinostat	-0.19719821078448604	-1.0598776575939226	0.21723795877879423	0.2861131616709343	NPC.CAS9
CPC016_NPC_24H:BRD-K62996583-001-03-8:10	DB13766	Lidoflazine	-0.20796366708831177	-1.0632866078854208	0.21789220597074735	0.286905453026279	NPC
LJP009_NPC.CAS9_24H:B23	DB16107	BI 2536	0.19721109220639285	1.0633692529653833	0.21836202399582683	0.2874545764276705	NPC.CAS9
NMH001_NPC_24H:BRD-K13296708-001-01-7:10	DB06155	Rimonabant	-0.16179932568538852	-1.0337465411238616	0.21844660194174756	0.28749642198519987	NPC
CPC006_PL21_6H:BRD-K89732114-001-05-9:10	DB00831	Trifluoperazine	0.186704546029309	1.0532975892197596	0.21894904458598727	0.28808806398049935	PL21
CPC006_U937_6H:BRD-K92991072-001-02-3:10	DB13048	PAC-1	-0.20085580528017039	-1.0615890383817912	0.21907908321288458	0.2881895379655482	U937
LJP007_NPC_24H:K08	DB11962	GSK-1059615	0.21621156584334958	1.0582762387679356	0.21942194219421943	0.28857085177245084	NPC
CPC006_WSUDLCL2_6H:BRD-A58280226-001-01-2:4	DB08756	Y-27632	-0.19370584625361564	-1.0601277858730154	0.22125262343974372	0.2909082055173453	WSUDLCL2
CPC006_THP1_6H:BRD-A31107743-001-01-3:0.09	DB07348	Brefeldin A	0.18188090514220678	1.0504837683034511	0.22131616595135908	0.2909215157545502	THP1
LJP007_NPC_24H:I10	DB06589	Pazopanib	-0.178591421774071	-1.0374344272797915	0.2222222222222222	0.29204204204204204	NPC
LPROT003_NPC_6H:N07	DB01782	Pyrazolanthrone	-0.19891676915824494	-1.0587175881430027	0.22351434972794196	0.29366927590310543	NPC
LJP007_NPC.CAS9_24H:K03	DB12064	BMS-777607	0.1855924065862438	1.0555912265639902	0.22390467916097803	0.2941111632201366	NPC.CAS9
NMH002_NEU_24H:BRD-K41260949-236-10-1:10	DB00313	Valproic acid	0.20527575317685448	1.0618002976839271	0.2262913640032284	0.29717452817978823	NEU
DOSBIO002_NEU_24H:BRD-K27305650:0.37037	DB02656	LY-294002	-0.18884625893937898	-1.0606266369472	0.22641100639150688	0.2972599664436226	NEU
CPC006_WSUDLCL2_6H:BRD-A35108200-001-04-7:10	DB01234	Dexamethasone	0.18939682634278715	1.055486744452082	0.2269814902705268	0.2979371405189899	WSUDLCL2
CPC014_NPC_24H:BRD-K81528515-001-03-9:10	DB04868	Nilotinib	-0.18235508350313553	-1.0451492593024452	0.22720506140677335	0.2981587384147681	NPC
NMH002_NEU_24H:BRD-K02637541-001-13-1:10	DB00482	Celecoxib	0.1953144303556101	1.0577332206187233	0.22969811741116186	0.30128877572595714	NEU
CPC006_SKM1_6H:BRD-K69932463-001-03-1:10	DB12774	AZD-8055	0.2162543844519722	1.0577104382431817	0.2297229722972297	0.30128877572595714	SKM1
LJP007_NPC.CAS9_24H:A16	DB12742	Amuvatinib	-0.1951495772470193	-1.0582222986158225	0.22975620374401393	0.30128877572595714	NPC.CAS9
CPC014_NPC_24H:BRD-K36627727-001-01-3:10	DB04942	Tamibarotene	0.2040509985353723	1.0615212871875228	0.2304510140248209	0.302127159937211	NPC
LJP008_NPC.CAS9_24H:P18	DB11662	Rabusertib	-0.1814330723266177	-1.0457730318425207	0.23131478450627388	0.3031865984166468	NPC.CAS9
LJP008_NPC_24H:A09	DB07232	Veliparib	0.22920384903505464	1.0553287673666467	0.23152315231523152	0.3033866909308832	NPC
CPC014_NPC_24H:BRD-K59946561-001-05-9:10	DB03374	3,5-Diiodotyrosine	0.18732058223071996	1.0522714870927885	0.23207594304271797	0.3040379085423724	NPC
LJP008_NPC.TAK_24H:O04	DB07101	PD-0325901	0.1747938530134758	1.0302287152370193	0.2332730560578662	0.30553272325424224	NPC.TAK
CPC006_SKM1_6H:BRD-K26657438-001-01-2:10	DB00724	Imiquimod	-0.1889820589152473	-1.0518431928464291	0.23335340156532208	0.30556446860417025	SKM1
CPC014_NEU_24H:BRD-K86930074-001-01-9:10	DB04849	Cediranib	0.21355974837785127	1.0572632458546234	0.23344006403842305	0.3056044684503009	NEU
LJP009_NPC_24H:D04	DB11775	PF-03758309	-0.19586996214621447	-1.0491561850697644	0.2335130651182082	0.3056265687656241	NPC
CPC014_NPC_24H:BRD-K99964838-001-03-6:10	DB06616	Bosutinib	-0.17566272268056807	-1.0370289014178946	0.23359901900674432	0.30566560728273173	NPC
CPC016_NPC_24H:BRD-A44780397-001-01-1:10	DB00834	Mifepristone	0.2225474195974987	1.0547794803564483	0.23462346234623463	0.3069323506936329	NPC
LJP009_NPC_24H:G13	DB01254	Dasatinib	0.2158406962781434	1.0590868218245213	0.23495788206979543	0.30729601963307057	NPC
DOSBIO001_NPC_24H:BRD-K27305650:0.37037	DB02656	LY-294002	-0.21329147811700397	-1.0576462664747204	0.23561205084576117	0.30807760597983563	NPC
LJP007_JURKAT_24H:K21	DB01590	Everolimus	0.1962149199254136	1.052792140042335	0.2357218247918377	0.30814715742111093	JURKAT
CPC006_SKM1_6H:BRD-K78513633-001-07-4:177.6	DB06266	Lonidamine	-0.19450189238183951	-1.05455233560865	0.2376237623762376	0.3104995108846001	SKM1
NMH002_NPC_6H:BRD-A99117172-001-01-1:10	DB01611	Hydroxychloroquine	0.19223768977433003	1.0584219087348203	0.23763532158777328	0.3104995108846001	NPC
DOSBIO001_NPC_24H:BRD-K27305650:1.11111	DB02656	LY-294002	-0.17901420200812862	-1.0408781502888815	0.23774403470715835	0.3105670455781205	NPC
LJP007_NPC.CAS9_24H:F17	DB12247	AZD-4547	0.20257296855612983	1.0583137691177686	0.2384460141271443	0.31140935082408344	NPC.CAS9
LJP007_JURKAT_24H:K03	DB12064	BMS-777607	-0.17230869830040016	-1.0294542261214519	0.23931623931623933	0.3124709276711195	JURKAT
CPC006_PL21_6H:BRD-K78659596-001-01-3:10	DB09570	Ixazomib	0.20990264950716206	1.0561611269701818	0.2408056919531015	0.31434031600589424	PL21
CPC017_NPC_24H:BRD-K86301799-001-19-9:10	DB00975	Dipyridamole	-0.1956646197215422	-1.0560257517297653	0.24200581395348839	0.3157670376376688	NPC
AML001_HL60_6H:BRD-K26684619:0.37037	DB08784	2-(4-CHLORO-PHENYLAMINO)-NICOTINIC ACID	-0.20930868484271042	-1.056977705213312	0.2420146190047061	0.3157670376376688	HL60
LJP008_NPC.CAS9_24H:O03	DB07101	PD-0325901	0.18397466669345633	1.0411950481288952	0.24307992202729045	0.3170810192480536	NPC.CAS9
CPC006_WSUDLCL2_6H:BRD-K89732114-001-05-9:10	DB00831	Trifluoperazine	0.17436745656368308	1.0384150814084556	0.24454880912445487	0.31892069312542654	WSUDLCL2
LJP008_NPC.CAS9_24H:F03	DB12376	Ricolinostat	-0.19374399737937048	-1.0555093795255945	0.24467168998923575	0.3189447734556529	NPC.CAS9
LJP009_NPC_24H:K22	DB12432	CC-401	-0.19324927565389396	-1.0524249151397034	0.24468440387398419	0.3189447734556529	NPC
LJP009_NPC_24H:P24	DB09074	Olaparib	-0.1817897043538165	-1.0406949635376515	0.2448588358313001	0.31909576930779143	NPC
CPC015_NPC_24H:BRD-K45158365-001-05-6:10	DB00177	Valsartan	-0.17769717384594405	-1.0346728548384858	0.24528857479387514	0.31954020164591507	NPC
LJP009_NPC.CAS9_24H:I03	DB11798	Tanzisertib	0.20687613993147733	1.0568919825167906	0.24531722054380664	0.31954020164591507	NPC.CAS9
LJP009_NPC.CAS9_24H:G07	DB08521	4-[4-(4-Fluorophenyl)-2-[4-[(R)-methylsulfinyl]phenyl]-1H-imidazol-5-yl]pyridine	-0.18562284319367175	-1.047950421833639	0.24902581587920117	0.3242933030315948	NPC.CAS9
LJP007_JURKAT_24H:O02	DB07101	PD-0325901	-0.16951599999827283	-1.0306548677308884	0.2494773519163763	0.324803647749602	JURKAT
LJP009_NPC.TAK_24H:F04	DB11962	GSK-1059615	0.16240666782004892	1.0212554331359278	0.25	0.32540630975143403	NPC.TAK
CPC016_NPC_24H:BRD-A18579359-001-02-3:10	DB01731	(S)-wiskostatin	0.17896594847898334	1.043818707579583	0.2503003003003003	0.3257193394110957	NPC
LJP007_NPC_24H:G08	DB11963	Dacomitinib	0.16955676563354696	1.0303313354919106	0.25042301184433163	0.3258011759446321	NPC
CPC018_NPC_24H:BRD-K74913225-001-03-3:10	DB01194	Brinzolamide	-0.17796268296032547	-1.0349041727082058	0.25139220365950676	0.3269839840290599	NPC
CPC015_NPC_24H:BRD-K92731339-227-03-1:10	DB00790	Perindopril	-0.1909061957133032	-1.048688799731134	0.25230520977408943	0.3280931643814926	NPC
LJP009_NPC_24H:I14	DB12146	Rigosertib	0.1668053900496125	1.0306317911703107	0.25308641975308643	0.3290304707508495	NPC
LJP008_NEU_24H:I06	DB16239	Molibresib	0.17357603451414572	1.0335628821438545	0.2536008230452675	0.329620544702751	NEU
LJP007_NPC.CAS9_24H:P20	DB11886	Infigratinib	-0.16230596901069386	-1.0205859988059192	0.2537313432835821	0.3297114997667354	NPC.CAS9
CPC016_NEU_24H:BRD-K79116891-003-03-7:10	DB00807	Proparacaine	-0.17831457713035487	-1.0379975261143788	0.2538188277087034	0.32974650183721343	NEU
LJP008_NPC_24H:J09	DB05223	Pracinostat	-0.19399294271966214	-1.0471144042539164	0.2542909312233719	0.33028104255723423	NPC
NMH002_NPC_6H:BRD-K24994810-001-02-7:10	DB01889	16,17-Androstene-3-Ol	0.2289238469367834	1.046101852435617	0.2548	0.33086332856461614	NPC
LJP008_NPC.CAS9_24H:H18	DB11841	Entinostat	0.18756918893843358	1.0444376881881117	0.25674510287051866	0.33330961388148855	NPC.CAS9
PCLB001_JURKAT_24H:BRD-K07572174-001-22-0:2.5	DB11672	Curcumin	0.18217842903436296	1.0415873346703906	0.2569912519718916	0.3335496563963112	JURKAT
CPC015_NPC_24H:BRD-K10974103-001-14-6:10	DB14638	Diloxanide furoate	0.17710583767786137	1.0334401553099644	0.2576280944156592	0.33426721254601954	NPC
CPC014_NPC_24H:BRD-K24994810-001-01-9:10	DB01889	16,17-Androstene-3-Ol	-0.2167660431859914	-1.052052192497666	0.2576668671076368	0.33426721254601954	NPC
CPC014_NEU_24H:BRD-K46212057-001-01-2:10	DB00582	Voriconazole	0.19351138222390396	1.0527380177270962	0.2580168776371308	0.33454400258003086	NEU
LJP008_NPC.TAK_24H:K21	DB12332	Rucaparib	-0.19689419886447757	-1.052633445580484	0.25803766517531995	0.33454400258003086	NPC.TAK
CPC013_NEU_24H:BRD-K23984367-075-05-3:10	DB15414	CM-4307	0.16971139721279077	1.0218926358311555	0.25806451612903225	0.33454400258003086	NEU
LJP009_NPC.CAS9_24H:D13	DB16108	TAK-715	-0.17193500279792384	-1.0307107132607631	0.259375	0.33616283912422656	NPC.CAS9
DOSBIO001_NPC_24H:BRD-A19500257:0.37037	DB02424	Geldanamycin	0.1919260469649881	1.0506082647810602	0.25947995666305523	0.336218854148703	NPC
LJP009_NPC.CAS9_24H:H09	DB08912	Dabrafenib	0.1948657395599529	1.0509186273856885	0.25961963732861565	0.33629712527103595	NPC.CAS9
CPC016_NEU_24H:BRD-K95763993-001-03-7:10	DB09283	Trapidil	-0.1794888509921524	-1.0329419319984818	0.2596638655462185	0.33629712527103595	NEU
CPC006_PL21_6H:BRD-K59597909-001-10-1:10	DB11447	Phenothiazine	-0.17426088250297547	-1.0326653918992272	0.26029342167534314	0.33703232868376576	PL21
CPC006_U937_6H:BRD-A97437073-001-03-1:80	DB00412	Rosiglitazone	-0.19410943585156504	-1.0529655328921705	0.2607684529828109	0.3375671487864008	U937
LJP007_NPC.CAS9_24H:G10	DB11963	Dacomitinib	-0.16115182946119924	-1.0239798666113398	0.2608695652173913	0.3376177880641428	NPC.CAS9
CPC006_PL21_6H:BRD-A01145011-001-01-4:11.1	DB03068	Zebularine	0.17051824593134723	1.0337272940068103	0.26108518086347726	0.3378165585608214	PL21
AML001_HL60_6H:BRD-K93754473:4.48614	DB00675	Tamoxifen	-0.20502198516988848	-1.051267209954174	0.26205641492265697	0.3389926925579073	HL60
AML001_HL60_24H:BRD-A45664787:1.11111	DB01088	Iloprost	-0.19446130496646719	-1.0510777952693058	0.2625262526252625	0.339519822321819	HL60
PCLB001_JURKAT_6H:BRD-K07572174-001-22-0:0.16	DB11672	Curcumin	-0.19918937614093576	-1.052034649268918	0.2634392334846193	0.34061967368405427	JURKAT
CPC006_U937_6H:BRD-K47335880-001-01-3:0.08	DB12980	CHS-828	-0.1842687341886788	-1.0402197650027458	0.26357000663570007	0.34070786995917934	U937
LJP008_NPC.CAS9_24H:N10	DB02665	(1R,2S)-2-Phenylcyclopropanaminium	0.19865543877463707	1.0525371039528606	0.2641413110067388	0.34136018979833926	NPC.CAS9
CPC006_SKM1_6H:BRD-K78659596-001-01-3:10	DB09570	Ixazomib	0.21727727146925405	1.0468386602840811	0.2642	0.34136018979833926	SKM1
CPC015_NPC_24H:BRD-A58048407-001-09-7:10	DB00393	Nimodipine	-0.22105079185350232	-1.0471395838831192	0.2653	0.34270014231499046	NPC
LJP007_JURKAT_24H:K05	DB12064	BMS-777607	-0.17899736765346053	-1.0370322466713848	0.26578820504579787	0.34324936321541744	JURKAT
CPC018_NPC_24H:BRD-K20482099-001-01-1:10	DB01698	Rutin	0.17612590003309075	1.0341754518025865	0.26722640416907933	0.3450248926279768	NPC
LJP007_NPC.CAS9_24H:B09	DB07970	5-[(2-methyl-5-{[3-(trifluoromethyl)phenyl]carbamoyl}phenyl)amino]pyridine-3-carboxamide	-0.1731014644235531	-1.0281262943146616	0.2681091251175917	0.34608255401526533	NPC.CAS9
LJP007_NPC.CAS9_24H:M21	DB12874	Quizartinib	-0.2019181079946274	-1.0511200468839157	0.26820585842148087	0.34612538032307694	NPC.CAS9
LPROT003_NPC_6H:N09	DB01782	Pyrazolanthrone	0.1795368463845464	1.026623804171746	0.2683011049723757	0.34616626810697887	NPC
NMH002_NPC_6H:BRD-K49685476-001-11-8:10	DB02877	Arotinoid acid	0.1973409006423225	1.0479567963668022	0.2683945592802827	0.34620482468981995	NPC
CPC017_NPC_24H:BRD-A98725278-103-01-9:10	DB00247	Methysergide	-0.1670076215266826	-1.0245579157000266	0.2701863354037267	0.34843352654716925	NPC
LJP007_NPC.CAS9_24H:F06	DB12848	PF-04217903	-0.18512217454018975	-1.043438275337019	0.27097452675858846	0.3493672520661157	NPC.CAS9
LJP007_NPC_24H:B11	DB07970	5-[(2-methyl-5-{[3-(trifluoromethyl)phenyl]carbamoyl}phenyl)amino]pyridine-3-carboxamide	-0.23068646768576195	-1.043558916013791	0.272	0.3506063905325444	NPC
CPC006_PL21_6H:BRD-A67373739-001-01-4:10	DB01700	AICA ribonucleotide	-0.17645119846510463	-1.0374770955263846	0.2723241590214067	0.3509411665950263	PL21
NMH001_NPC_6H:BRD-K25075681-001-01-2:10	DB06455	Meclinertant	-0.164762773150792	-1.0275460028880714	0.2727272727272727	0.3513775082263372	NPC
LJP008_NPC_24H:J03	DB12116	Epigallocatechin gallate	-0.17768082197559412	-1.03024001532678	0.27366548042704625	0.3525028870401357	NPC
LJP007_JURKAT_24H:M06	DB07794	5-(2-PHENYLPYRAZOLO[1,5-A]PYRIDIN-3-YL)-1H-PYRAZOLO[3,4-C]PYRIDAZIN-3-AMINE	0.20520280082136125	1.048033933881363	0.27376966007102993	0.3525536932482452	JURKAT
CPC016_NEU_24H:BRD-K71059170-001-02-5:10	DB00671	Cefixime	-0.16803193597492566	-1.024177957295703	0.27510917030567683	0.3541949270649447	NEU
NMH002_NPC_6H:BRD-A97437073-050-09-5:10	DB00412	Rosiglitazone	0.17449834233156183	1.0263477075912286	0.2758235622557231	0.3550307539694323	NPC
LJP008_NPC.CAS9_24H:I09	DB11830	Mocetinostat	0.17466541393150076	1.0246890712510544	0.2769857433808554	0.3564424287457794	NPC.CAS9
LJP008_NPC_24H:L15	DB08756	Y-27632	-0.17958711875814368	-1.0295270661484375	0.2780134764162715	0.35768046127167835	NPC
CPC006_PL21_6H:BRD-K92991072-001-02-3:10	DB13048	PAC-1	-0.20800930741143847	-1.0471118290282495	0.2786539427423405	0.358419785586865	PL21
CPC014_NPC_24H:BRD-K49685476-001-09-2:10	DB02877	Arotinoid acid	-0.22336777772946725	-1.0458912254210342	0.2788278827882788	0.35855883108972053	NPC
LJP007_NPC.TAK_24H:F18	DB12247	AZD-4547	0.20128839374660393	1.045986151540169	0.27979643765903306	0.35971940497901184	NPC.TAK
CPC018_NPC_24H:BRD-K46556543-237-03-0:10	DB09015	Canrenoic acid	-0.201088513604256	-1.0475488375780846	0.2805333872108294	0.36058173867127136	NPC
LJP007_NPC_24H:M12	DB05575	Motesanib	-0.21026870139145495	-1.046993191617545	0.2832381524897305	0.36397238755523176	NPC
CPC015_NPC_24H:BRD-K26801045-001-01-1:10	DB09286	Pipamperone	-0.1717816471273626	-1.029599965013132	0.2834562697576396	0.36416674807740157	NPC
LJP007_NPC_24H:D22	DB06616	Bosutinib	-0.17841144781778834	-1.0259090472140149	0.2837179070523237	0.3644169155205082	NPC
CPC006_THP1_6H:BRD-A38030642-001-02-0:10	DB00091	Cyclosporine	0.18769047840630854	1.0393323529568137	0.28473967684021545	0.36564307476345514	THP1
CPC006_PL21_6H:BRD-K81651477-001-03-5:20	DB13063	Parthenolide	-0.15877173924502946	-1.0205231644722823	0.2857142857142857	0.3668081093823668	PL21
CPC014_NPC_24H:BRD-K81062487-001-01-7:10	DB04348	Taurocholic acid	-0.2141961191120981	-1.0448503082780152	0.2874874874874875	0.36899760944069215	NPC
LJP007_NPC.CAS9_24H:K04	DB12064	BMS-777607	0.18592257261431314	1.0362755941610102	0.2886178861788618	0.3703612177497836	NPC.CAS9
DOSBIO002_NPC_24H:BRD-K81418486:1.11111	DB02546	Vorinostat	0.18246940231837327	1.0338044006120501	0.28954739790653106	0.37146646148385587	NPC
LJP009_NPC.CAS9_24H:E09	DB01782	Pyrazolanthrone	-0.17973903856826218	-1.0327989257639216	0.29102309221593514	0.3732717287348052	NPC.CAS9
NMH002_NEU_24H:BRD-K77830450-001-03-2:10	DB02587	Colforsin	0.18362966160827263	1.0366877133322834	0.2916822081312943	0.3740290335491002	NEU
NMH001_NEU_24H:BRD-A33749298-002-01-7:10	DB03585	Oxyphenbutazone	0.1807864524261433	1.0262271298495884	0.2922060038556871	0.37461249929333146	NEU
CPC014_NPC_24H:BRD-K77286328-001-02-9:10	DB07340	Reversine	-0.1827722500247871	-1.0305014259957348	0.29273880860063445	0.3752072373826913	NPC
LJP008_NPC_24H:K19	DB12332	Rucaparib	0.17942412538244154	1.0288442249294587	0.2930337078651685	0.37547763188379624	NPC
CPC006_NOMO1_6H:BRD-K78126613-001-16-0:10	DB00170	Menadione	0.175642855080359	1.04126883656978	0.29308766308079653	0.37547763188379624	NOMO1
LJP009_NPC.CAS9_24H:K24	DB12432	CC-401	0.1728614601808143	1.0250833224006155	0.2939189189189189	0.3764540057461036	NPC.CAS9
LJP007_NPC.CAS9_24H:I18	DB11526	Masitinib	-0.16489632710737306	-1.024737481134926	0.29411764705882354	0.3766199637626036	NPC.CAS9
CPC017_NPC_24H:BRD-K07691486-001-04-9:10	DB06195	Seliciclib	-0.17550101118983505	-1.0274095939342383	0.29571625978811605	0.37856933931745684	NPC
CPC015_NPC_24H:BRD-A42571354-300-07-0:10	DB06282	Levocetirizine	-0.19516141998359407	-1.0420916849904007	0.2957790192427064	0.37856933931745684	NPC
CPC006_THP1_6H:BRD-K89732114-001-05-9:10	DB00831	Trifluoperazine	-0.17739733563646945	-1.027927019061528	0.2959403804667582	0.37868686842621363	THP1
LJP009_NPC.CAS9_24H:P22	DB09074	Olaparib	0.2047932747614029	1.0433954382799415	0.2999597099113618	0.3837398590973165	NPC.CAS9
LJP009_NPC.TAK_24H:D03	DB11775	PF-03758309	-0.18057881494012573	-1.025661054820998	0.3020498888614473	0.386323084720395	NPC.TAK
NMH002_NPC_6H:BRD-A95074085-236-01-6:10	DB13242	Bucladesine	0.1697920136196938	1.0234816089003629	0.3026094276094276	0.3869478616484956	NPC
LJP007_NPC.TAK_24H:F02	DB12848	PF-04217903	-0.16613232536891925	-1.0222953258738483	0.30303030303030304	0.3873950775359226	NPC.TAK
LJP007_NPC.CAS9_24H:B12	DB07970	5-[(2-methyl-5-{[3-(trifluoromethyl)phenyl]carbamoyl}phenyl)amino]pyridine-3-carboxamide	0.17943702739031758	1.0302289120413048	0.30363495746326374	0.38803164682172014	NPC.CAS9
NMH002_NEU_24H:BRD-K93258693-001-13-2:10	DB07863	2-chloro-5-nitro-N-phenylbenzamide	-0.16957536733889586	-1.0219294967375998	0.303670745272525	0.38803164682172014	NEU
LJP007_JURKAT_24H:H10	DB09053	Ibrutinib	-0.18000212232506518	-1.0317707350763454	0.3039509714434737	0.38827716484048674	JURKAT
LJP008_NPC.TAK_24H:H15	DB11841	Entinostat	-0.17739829453100303	-1.0281036146794489	0.3040054775761725	0.38827716484048674	NPC.TAK
LJP007_NPC.TAK_24H:H07	DB09053	Ibrutinib	0.23424519669860328	1.0367949075567733	0.3042	0.3884345134818289	NPC.TAK
LJP007_NPC_24H:M20	DB12874	Quizartinib	0.18907209381501447	1.035096530809399	0.3044399952891297	0.38864983927440233	NPC
LJP008_NPC.CAS9_24H:P14	DB11662	Rabusertib	-0.1817940463434998	-1.0275450053903812	0.3053362803915377	0.3896582617506826	NPC.CAS9
LPROT001_NPC.TAK_6H:O12	DB02546	Vorinostat	0.17474417506844953	1.0218905929331084	0.3053730189408581	0.3896582617506826	NPC.TAK
LJP008_NPC.TAK_24H:O02	DB07101	PD-0325901	0.1701752554483478	1.021311480597879	0.30677290836653387	0.39135283648726715	NPC.TAK
LJP007_NPC.TAK_24H:L07	DB11836	Sapanisertib	0.2252718317676356	1.0368137574771334	0.3076	0.39231606557377047	NPC.TAK
NMH002_NEU_6H:BRD-K52313696-001-10-7:10	DB12291	Tacedinaline	-0.19593840452648906	-1.0366829918117877	0.3080136308673189	0.3926815902564039	NEU
NMH002_NPC_24H:BRD-K93258693-001-13-2:10	DB07863	2-chloro-5-nitro-N-phenylbenzamide	0.21804035555238885	1.037529802435604	0.30803080308030806	0.3926815902564039	NPC
LJP009_NPC_24H:I02	DB11798	Tanzisertib	-0.18105711107176115	-1.0316597127689866	0.3091188131474613	0.3939763764102678	NPC
CPC016_NPC_24H:BRD-K93460210-001-09-6:10	DB00555	Lamotrigine	0.17128686299613385	1.0257426996358587	0.30970724191063176	0.3946339820882781	NPC
LJP007_NPC.TAK_24H:P14	DB05294	Vandetanib	-0.17535084456654038	-1.02445336350357	0.3102094240837696	0.395181409019932	NPC.TAK
CPC016_NPC_24H:BRD-K90789829-003-03-3:10	DB01149	Nefazodone	0.191145252814682	1.0349396236595023	0.3116525190166465	0.3969269454080114	NPC
CPC006_NOMO1_6H:BRD-K96354014-001-09-6:10	DB01115	Nifedipine	0.17907410764759565	1.0257473564902342	0.3118901934843724	0.39713677664622216	NOMO1
LJP007_JURKAT_24H:K04	DB12064	BMS-777607	0.194186502562936	1.0378196776963486	0.31364170494605276	0.3992736617896689	JURKAT
CPC006_WSUDLCL2_6H:BRD-K98530306-003-07-6:10	DB00575	Clonidine	-0.1624101301965409	-1.0219500747646968	0.3137254901960784	0.39928698752228164	WSUDLCL2
CPC014_NPC_24H:BRD-K38775274-001-13-0:10	DB01234	Dexamethasone	0.1627520580023987	1.0212594671540116	0.3142570281124498	0.3998700409113088	NPC
CPC015_NPC_24H:BRD-A55962179-001-08-0:10	DB00736	Esomeprazole	0.1966811328921077	1.0372937804524245	0.3150484930649703	0.4007834835860379	NPC
NMH002_NPC_24H:BRD-K76723084-001-19-0:10	DB00982	Isotretinoin	0.16824263016545574	1.0219218604696103	0.31594036697247707	0.4018242033003527	NPC
PCLB001_JURKAT_24H:BRD-A58955223-001-02-0:1.11	DB12422	Sulforaphane	-0.17721933655376884	-1.029214902021331	0.3161196207148067	0.40195831296120416	JURKAT
LJP007_JURKAT_24H:H07	DB09053	Ibrutinib	0.1764035120034624	1.0221646235650255	0.3164640157739073	0.40230229456225475	JURKAT
CPC017_NPC_24H:BRD-K67860401-001-01-5:10	DB01950	AR-AO-14418	0.17012977611852315	1.0189800304685943	0.31666666666666665	0.4024659665499805	NPC
LJP007_NEU_24H:G14	DB01254	Dasatinib	-0.17481818519391135	-1.0201557785752573	0.3173076923076923	0.40318658243296596	NEU
LJP008_NPC.CAS9_24H:A11	DB07232	Veliparib	-0.1717288291763353	-1.02114582903897	0.31752305665349145	0.40336612235477365	NPC.CAS9
CPC015_NPC_24H:BRD-K97564742-050-18-6:10	DB06691	Mepyramine	-0.17708591187098133	-1.0215732246372098	0.318213866039953	0.4041494203483172	NPC
AML001_HL60_24H:BRD-K93754473:4.48614	DB00675	Tamoxifen	0.1744129465509943	1.0379652147737162	0.3184638425331622	0.4043726011740735	HL60
LJP007_NPC.TAK_24H:G12	DB11963	Dacomitinib	0.200396814855633	1.037712821176463	0.3196812266720468	0.4058237670060528	NPC.TAK
LJP008_NPC.CAS9_24H:G18	DB01254	Dasatinib	0.21402601144742014	1.038373449057829	0.3203242269588712	0.4064907990342381	NPC.CAS9
CPC006_SKM1_6H:BRD-A13084692-001-04-1:10	DB08607	(5R)-5-(4-{[(2R)-6-HYDROXY-2,5,7,8-TETRAMETHYL-3,4-DIHYDRO-2H-CHROMEN-2-YL]METHOXY}BENZYL)-1,3-THIAZOLIDINE-2,4-DIONE	0.18034038485167786	1.0283992852330488	0.3203559510567297	0.4064907990342381	SKM1
CPC018_NPC_24H:BRD-A15131297-003-01-9:10	DB00542	Benazepril	-0.18314438956747875	-1.0313988736233664	0.32123589995095636	0.4075123948597504	NPC
CPC006_U937_6H:BRD-A35108200-001-04-7:10	DB01234	Dexamethasone	-0.17684331763464228	-1.0238818763592332	0.3225411270563528	0.40907288727268215	U937
CPC016_NEU_24H:BRD-K70778732-003-15-0:10	DB00656	Trazodone	0.1721363662463536	1.0202254895258118	0.3235551663747811	0.4102634309841811	NEU
NMH002_NEU_24H:BRD-A19500257-001-03-9:10	DB02424	Geldanamycin	0.17856680586675167	1.0225372480776427	0.32496964791582356	0.411961057390497	NEU
CPC006_WSUDLCL2_6H:BRD-K92241597-001-02-9:80	DB11781	Tosedostat	0.1805716752175939	1.0229527529312827	0.3254404243227884	0.4124618456741693	WSUDLCL2
CPC006_WSUDLCL2_6H:BRD-K36927236-001-17-7:10	DB01016	Glyburide	-0.17644245942227163	-1.0216556402505	0.3262560437250368	0.41332668273381284	WSUDLCL2
LJP007_NPC.TAK_24H:P23	DB11886	Infigratinib	-0.20960610724241804	-1.035853100330038	0.3262745885186672	0.41332668273381284	NPC.TAK
LJP008_NPC.TAK_24H:L18	DB08756	Y-27632	-0.1928667032891721	-1.0339113026618687	0.3263611859838275	0.413340236946029	NPC.TAK
LJP008_NPC.CAS9_24H:K22	DB12332	Rucaparib	0.17752072332034063	1.0230245680649792	0.32710978342046304	0.41419202057843335	NPC.CAS9
CPC006_U937_6H:BRD-K41895714-001-02-2:10	DB04769	5-QUINOXALIN-6-YLMETHYLENE-THIAZOLIDINE-2,4-DIONE	-0.18623534460050314	-1.0303454248848856	0.3288804823265161	0.4163373097978165	U937
LJP009_NEU_24H:K07	DB11962	GSK-1059615	0.22638174134950487	1.032676363729124	0.3294	0.41689807111317684	NEU
CPC006_PL21_6H:BRD-A71390734-001-01-7:0.08	DB01177	Idarubicin	-0.18520014476246427	-1.0249527455029726	0.3297376481555467	0.41722844606298964	PL21
CPC006_WSUDLCL2_6H:BRD-K17561142-003-16-8:10	DB01118	Amiodarone	-0.2194945842924068	-1.033110958536711	0.33016603320664134	0.417673453389865	WSUDLCL2
LPROT001_NPC.TAK_6H:A16	DB11841	Entinostat	-0.17522853605100622	-1.0190688207888745	0.33035334184759474	0.41781335339108244	NPC.TAK
CPC018_NPC_24H:BRD-A19500257:10	DB02424	Geldanamycin	0.2005582804922182	1.0360099894081383	0.3308572575787994	0.4183535232816674	NPC
NMH002_NPC_6H:BRD-K77175907-001-04-9:10	DB00146	Calcifediol	-0.18184426800305917	-1.028455336565418	0.3313109683559362	0.418829975317184	NPC
NMH002_NPC_24H:BRD-K41260949-001-14-1:10	DB00313	Valproic acid	0.18223355005937322	1.0283726229620929	0.3323539781407921	0.420051001381934	NPC
LJP008_NEU_24H:A22	DB11740	MK-1775	0.19586303617043618	1.0334217373854124	0.3327635936331588	0.42047112086454363	NEU
NMH002_NPC_24H:BRD-K77947974-001-14-8:10	DB04842	Fluspirilene	-0.15128750171432653	-1.0334313229350454	0.3333333333333333	0.42050806887499037	NPC
LJP009_NPC_24H:P23	DB09074	Olaparib	-0.167386452472017	-1.0283961674719782	0.3333333333333333	0.42050806887499037	NPC
CPC014_NEU_24H:BRD-K77175907-001-03-1:10	DB00146	Calcifediol	0.1576335965803272	1.020965439150069	0.3333333333333333	0.42050806887499037	NEU
CPC018_NPC_24H:BRD-K50388907-001-15-5:10	DB01039	Fenofibrate	0.1633747392918109	1.011250711866364	0.3333333333333333	0.42050806887499037	NPC
NMH001_NEU_6H:BRD-K52075040-001-06-3:10	DB01034	Cerulenin	-0.16634293077069207	-1.0101911186668295	0.3333333333333333	0.42050806887499037	NEU
LJP008_NEU_24H:A21	DB11740	MK-1775	-0.15279157790142645	-1.0069141016498186	0.3333333333333333	0.42050806887499037	NEU
LJP008_NPC.TAK_24H:G20	DB00928	Azacitidine	-0.15830270459720586	-0.9907404731247808	0.3333333333333333	0.42050806887499037	NPC.TAK
LJP007_NPC_24H:E05	DB11743	Ipatasertib	0.1891781272237226	1.0294392978936433	0.33405714285714283	0.42132357572950435	NPC
NMH002_NEU_24H:BRD-K49685476-001-11-8:10	DB02877	Arotinoid acid	-0.20094454320492483	-1.0328647744599306	0.33467160798847023	0.4219608911102567	NEU
CPC006_U937_6H:BRD-K56700933-001-01-3:10	DB12695	Phenethyl Isothiocyanate	-0.17492068745787792	-1.021236102904951	0.33471741637831603	0.4219608911102567	U937
CPC006_SKM1_6H:BRD-U88459701-000-01-8:10	DB01076	Atorvastatin	0.1718290463627751	1.019754590393956	0.335109926715523	0.4223579404982037	SKM1
CPC018_NPC_24H:BRD-K92778217-001-17-8:10	DB00784	Mefenamic acid	-0.17057142350817306	-1.0182522959891727	0.3352021245205075	0.4223763929057575	NPC
LJP009_NPC_24H:O22	DB07232	Veliparib	0.16137183634827476	1.0097474919527938	0.33587786259541985	0.4231299652312414	NPC
NMH002_NEU_24H:BRD-A48430263-001-05-1:10	DB01132	Pioglitazone	-0.18303974090983297	-1.0184448889540128	0.33665158371040727	0.42400659687485615	NEU
NMH002_NEU_6H:BRD-K58550667-001-04-6:10	DB12731	Daporinad	-0.17560220628271614	-1.024426325411599	0.33877551020408164	0.42658298926507016	NEU
CPC013_NEU_24H:BRD-K07881437-001-01-2:10	DB11778	Danusertib	-0.1900617909824201	-1.0279094024982665	0.3395219308424228	0.4274240488598786	NEU
LJP007_JURKAT_24H:K22	DB01590	Everolimus	0.1964073677006282	1.028271092134577	0.3403831247923818	0.4284091743978071	JURKAT
LJP009_NPC.TAK_24H:I23	DB11363	Alectinib	0.1831422724690479	1.0266579167190777	0.3417203042715038	0.4299927858277749	NPC.TAK
NMH002_NPC_24H:BRD-A81585303-001-01-1:10	DB04944	Acadesine	-0.19668849031252444	-1.0334006399011375	0.3419969894631209	0.43024153490786704	NPC
CPC006_PL21_6H:BRD-K56851771-001-02-7:0.25	DB08899	Enzalutamide	-0.21645338214219734	-1.0303264912925973	0.3422342234223422	0.43044054982865493	PL21
CPC015_NPC_24H:BRD-K71799949-001-18-2:10	DB00564	Carbamazepine	-0.20756703996600104	-1.0332844031409407	0.3426706827309237	0.43088998802877176	NPC
CPC006_SKM1_6H:BRD-A04352665-001-01-2:10	DB04835	Maraviroc	-0.17834191178981035	-1.0209850095171553	0.34384362961906123	0.4322650985469546	SKM1
AML001_HL60_6H:BRD-K93754473:13.4584	DB00675	Tamoxifen	-0.17432580829431912	-1.0173303404155776	0.34629186602870815	0.43524244227840864	HL60
CPC017_NPC_24H:BRD-K73391359-003-03-7:10	DB13683	Quinisocaine	0.16431763659350954	1.0148575834110432	0.3469387755102041	0.43595490803612635	NPC
CPC014_NPC_24H:BRD-K16478699-001-02-7:10	DB06999	PLX-4720	-0.1785916580670707	-1.0173051975415996	0.34774301409123476	0.43677153880229924	NPC
DOSBIO001_NEU_24H:BRD-A75409952:1.11111	DB08059	Wortmannin	0.18315874987669903	1.0305628572727525	0.3477490621092122	0.43677153880229924	NEU
LJP007_JURKAT_24H:O03	DB07101	PD-0325901	-0.17050778550279672	-1.0132135129820719	0.34787735849056606	0.43683193321181063	JURKAT
NMH001_NEU_6H:BRD-K37289225-001-30-7:10	DB00363	Clozapine	-0.19233278841648108	-1.0264648762308517	0.3495805939696214	0.438869505476846	NEU
LJP007_JURKAT_24H:P14	DB05294	Vandetanib	0.17757802399126033	1.0192663484171938	0.35029752583777013	0.4396430811899495	JURKAT
CPC016_NPC_24H:BRD-A82371568-001-01-5:10	DB00631	Clofarabine	-0.19665258379120235	-1.031316021313536	0.3503582395087001	0.4396430811899495	NPC
CPC006_U937_6H:BRD-K57080016-001-04-3:80	DB11689	Selumetinib	0.17321094640802195	1.0167809342491525	0.35251231527093596	0.44224419925489916	U937
CPC015_NPC_24H:BRD-K18194590-065-05-6:10	DB01365	Mephentermine	-0.16475506013786798	-1.0120920927101351	0.35294117647058826	0.4426802503590105	NPC
NMH001_NEU_6H:BRD-K90259198-001-01-8:10	DB04513	N-(6-Aminohexyl)-5-Chloro-1-Naphthalenesulfonamide	0.1803993791762329	1.021009867710687	0.3533234059834845	0.44305762583146596	NEU
CPC006_PL21_6H:BRD-A70155556-001-04-4:40	DB03785	Mevinolinic acid	0.2121658025936521	1.027241843640679	0.3541	0.4439292357274402	PL21
CPC014_NPC_24H:BRD-A55756846-001-16-2:10	DB07996	5-(2-methylpiperazine-1-sulfonyl)isoquinoline	0.16763866145612918	1.0118088210635376	0.3548387096774194	0.44475296039199674	NPC
CPC018_NPC_24H:BRD-K54233340-001-02-2:10	DB08597	Dorsomorphin	-0.16995924561801645	-1.0156343788094917	0.35507246376811596	0.44494354295470767	NPC
CPC006_THP1_6H:BRD-K88560311-011-02-2:10	DB12332	Rucaparib	0.17908480672829638	1.020866641178711	0.35615001311303435	0.44619115974547624	THP1
PCLB001_JURKAT_6H:BRD-A58955223-001-02-0:0.63	DB12422	Sulforaphane	-0.1768118318582887	-1.0151894148081437	0.35776827530034616	0.4481154616572413	JURKAT
CPC015_NPC_24H:BRD-K73589491-001-05-4:10	DB00585	Nizatidine	-0.169469515141761	-1.0153814255280091	0.35807860262008734	0.44840102779236507	NPC
LJP008_NPC.CAS9_24H:N12	DB02665	(1R,2S)-2-Phenylcyclopropanaminium	-0.1826288219894347	-1.0231567552925258	0.35846826616239214	0.44878578793572127	NPC.CAS9
LJP007_JURKAT_24H:P19	DB11886	Infigratinib	-0.18164026933078395	-1.0211292461352703	0.3587484035759898	0.44903328105604234	JURKAT
LJP007_NPC.TAK_24H:F15	DB12247	AZD-4547	0.19185919049444808	1.0261855289806914	0.3592408016117061	0.4495462788550899	NPC.TAK
CPC006_SKM1_6H:BRD-A34817987-001-11-8:10	DB01167	Itraconazole	-0.18328330549555516	-1.0245690601524555	0.35993189557321226	0.4503076276801548	SKM1
LJP007_JURKAT_24H:A13	DB12742	Amuvatinib	0.17595621665520436	1.0150023421451397	0.36149936467598476	0.4521648001895758	JURKAT
NMH002_NEU_24H:BRD-K89732114-300-10-5:10	DB00831	Trifluoperazine	0.17970008013914365	1.018647676852811	0.3621348621348621	0.4528556737511961	NEU
CPC006_NOMO1_6H:BRD-K52075040-001-03-0:44.4	DB01034	Cerulenin	0.18881530877730474	1.0258834786997204	0.3623064602242392	0.45296624939880775	NOMO1
LJP008_NPC.CAS9_24H:J03	DB12116	Epigallocatechin gallate	0.18386904866214943	1.021426308411156	0.36328502415458935	0.45408543528709977	NPC.CAS9
CPC016_NEU_24H:BRD-M00539986-051-01-1:10	DB01274	Arformoterol	0.1708080411130099	1.0142888601664684	0.3633907463694698	0.454113355834817	NEU
NMH001_NEU_24H:BRD-A93269281-001-01-4:10	DB00758	Clopidogrel	0.16092403682536938	1.0249062328244984	0.36363636363636365	0.4543160441302217	NEU
CPC006_NOMO1_6H:BRD-A62025033-001-01-8:10	DB06287	Temsirolimus	0.19603737228750392	1.0287043761697892	0.36630989296789035	0.4575513020878741	NOMO1
CPC015_NPC_24H:BRD-A71816415-236-03-5:10	DB00175	Pravastatin	-0.15945717718946975	-1.0084484034392152	0.36666666666666664	0.4578919208132691	NPC
LJP007_NPC.TAK_24H:E11	DB05913	OSI-930	0.19874693180231365	1.0267765359539822	0.36796890979750463	0.45941281126942	NPC.TAK
LJP009_NPC.TAK_24H:E10	DB01782	Pyrazolanthrone	0.16808107486501173	1.0119015531588649	0.36825645035183735	0.45966642874538305	NPC.TAK
LJP007_NPC.CAS9_24H:I24	DB13005	Rebastinib	-0.1729721269891369	-1.0126310540694223	0.36852116024726583	0.4598914387503688	NPC.CAS9
NMH002_NPC_24H:BRD-K52313696-001-08-1:10	DB12291	Tacedinaline	0.17232750781616255	1.0211951191216613	0.3702372393961179	0.46187845184487336	NPC
LJP007_NPC_24H:E11	DB05913	OSI-930	0.1682460664126293	1.0144704851090547	0.37028301886792453	0.46187845184487336	NPC
CPC018_NPC_24H:BRD-K50859149-001-10-4:10	DB00263	Sulfisoxazole	0.18721635426339261	1.0229460321372148	0.3704338510980182	0.46196078614147174	NPC
CPC015_NPC_24H:BRD-A60414806-065-01-6:10	DB00541	Vincristine	0.16875219266543856	1.015478017414768	0.37113055181695825	0.46272366877178445	NPC
LJP007_NPC.TAK_24H:G16	DB01254	Dasatinib	0.19900654188479755	1.0266913064835272	0.37126296522269675	0.4627828126808896	NPC.TAK
LJP008_NPC.CAS9_24H:N07	DB02665	(1R,2S)-2-Phenylcyclopropanaminium	0.1638762295646899	1.0108273897623261	0.37142857142857144	0.46288329519450805	NPC.CAS9
CPC006_THP1_6H:BRD-A56359832-001-03-8:160	DB00744	Zileuton	-0.16948300249805764	-1.011594688518201	0.37164879356568364	0.4630517798578616	THP1
CPC006_SKM1_6H:BRD-K17561142-003-16-8:10	DB01118	Amiodarone	-0.17559702632120291	-1.0126786983069427	0.3725575336517586	0.4640778426961293	SKM1
NMH002_NEU_24H:BRD-K62012036-001-10-2:10	DB00459	Acitretin	0.16839593028787173	1.0122049391038461	0.3729096989966555	0.4644102951602529	NEU
LPROT003_NPC_6H:B17	DB12432	CC-401	-0.1937831450943507	-1.0244471060278448	0.37393796703859145	0.46558440066121837	NPC
LJP007_NEU_24H:I03	DB01268	Sunitinib	-0.1885810907052639	-1.0214348057994067	0.3741023091371119	0.4656825544138769	NEU
CPC006_SKM1_6H:BRD-K32164935-001-17-5:10	DB00839	Tolazamide	-0.17872554316407877	-1.0181073386752135	0.3748498678837377	0.4664801279122887	SKM1
LJP009_NPC_24H:D22	DB13061	MLN8054	-0.16597376451667661	-1.0143469398913982	0.375	0.4664801279122887	NPC
AML001_U937_24H:BRD-A45664787:0.37037	DB01088	Iloprost	-0.16363542006495627	-1.0052792557791579	0.375	0.4664801279122887	U937
LJP007_JURKAT_24H:A14	DB12742	Amuvatinib	-0.17386663168450714	-1.0120170835841462	0.37550709939148075	0.4670042619972606	JURKAT
LJP008_NEU_24H:O02	DB07101	PD-0325901	0.24336075763930776	1.0209097070969635	0.3763	0.4678315207653774	NEU
LPROT003_NPC_6H:H13	DB12270	Losmapimod	0.1591813875399011	1.0072202404390544	0.3763440860215054	0.4678315207653774	NPC
CPC013_NEU_24H:BRD-K16621777-001-01-9:10	DB12078	Enobosarm	0.17130188752956038	1.011342355970484	0.37671957671957673	0.4681914228240107	NEU
LJP007_NPC_24H:I23	DB13005	Rebastinib	-0.1733104891778651	-1.0091811973359193	0.37956503898235533	0.4716201693584091	NPC
LJP009_NPC_24H:G08	DB08521	4-[4-(4-Fluorophenyl)-2-[4-[(R)-methylsulfinyl]phenyl]-1H-imidazol-5-yl]pyridine	0.17508258177485758	1.013852430856896	0.37994814174589453	0.47198849907576224	NPC
CPC014_NPC_24H:BRD-K43164539-001-05-7:10	DB02659	Cholic Acid	0.17278643771837257	1.0108881126615306	0.38180433955081844	0.47418172767293926	NPC
LJP007_NPC_24H:O01	DB07101	PD-0325901	-0.1843769165460053	-1.016772152508927	0.38188781813689154	0.47418172767293926	NPC
LJP009_NPC.TAK_24H:H08	DB08912	Dabrafenib	0.2067724102015086	1.0238548848228715	0.3833316577862672	0.4758660151137477	NPC.TAK
LJP007_JURKAT_24H:K08	DB11962	GSK-1059615	-0.19759363990247783	-1.023020280129542	0.3835533608787665	0.47603272637779454	JURKAT
LJP008_NPC.TAK_24H:G22	DB00928	Azacitidine	-0.16990410891845303	-1.0123778313233633	0.38372881355932204	0.47614197280566595	NPC.TAK
CPC015_NPC_24H:BRD-K62200014-003-05-5:10	DB00261	Anagrelide	0.18492169444024853	1.0244008587366367	0.38451469995972615	0.4770084409978744	NPC
NMH002_NPC_6H:BRD-K17953061-001-12-7:10	DB02010	Staurosporine	-0.15903662358589907	-1.0052170791700614	0.38461538461538464	0.47702468335581527	NPC
LPROT001_NPC.TAK_6H:C18	DB12291	Tacedinaline	-0.1694228195949418	-1.010662153304493	0.3847926267281106	0.4771358481696927	NPC.TAK
LJP007_NPC.TAK_24H:P04	DB09054	Idelalisib	-0.19322814513354747	-1.0205041612742392	0.38667647367868024	0.4793626395752544	NPC.TAK
LJP009_NPC.CAS9_24H:O24	DB07232	Veliparib	0.21599241579093595	1.0221350754784817	0.38771631489446834	0.48054234203806884	NPC.CAS9
LJP008_NPC_24H:I07	DB11830	Mocetinostat	-0.18302809417891555	-1.0143773937365972	0.3887147335423197	0.48167017949294044	NPC
CPC013_NPC_24H:BRD-K71512533-001-01-7:10	DB06134	SNS-314	0.16871787976869992	1.0088054533854414	0.3892857142857143	0.4822679708826206	NPC
LPROT003_NPC_6H:L05	DB12500	Fedratinib	-0.1853635161967891	-1.015316761861205	0.3899848254931715	0.48302418913709616	NPC
CPC006_SKM1_6H:BRD-A46335897-003-05-4:6.23	DB01069	Promethazine	0.22384913217144498	1.0197365634870827	0.3906	0.48367612551159617	SKM1
LJP009_NPC.TAK_24H:M16	DB06314	SGX-523	0.17551373044692656	1.008349581036218	0.39147774979009237	0.4846528359529082	NPC.TAK
NMH002_NEU_24H:BRD-A30142024-001-01-1:10	DB04447	1,4-Dithiothreitol	-0.18566113992023242	-1.0145017701651788	0.3922029702970297	0.48544031278127814	NEU
LJP008_NPC_24H:J11	DB05223	Pracinostat	0.17555184203754637	1.0093699592162786	0.3931977113795296	0.48656094891454627	NPC
CPC018_NPC_24H:BRD-K77641333-003-15-6:10	DB06711	Naphazoline	0.18514107673803543	1.015683813059814	0.3934126258005489	0.48671383147853736	NPC
CPC013_NEU_24H:BRD-K64785675-001-01-6:10	DB05552	TG100-115	-0.22533508475031896	-1.0188361657812535	0.3935	0.48671383147853736	NEU
LJP009_NPC.CAS9_24H:I01	DB11798	Tanzisertib	-0.17229159836546598	-1.009308488050079	0.3936975649682832	0.48684762461790876	NPC.CAS9
CPC015_NPC_24H:BRD-A28746609-001-05-7:10	DB01229	Paclitaxel	0.18970260356979357	1.021575437698029	0.39464950216232525	0.48791400426243436	NPC
CPC014_NEU_24H:BRD-M64432851-001-01-9:10	DB01268	Sunitinib	-0.18535245700956654	-1.0159798812391498	0.39560185185185187	0.4889804097106639	NEU
LJP007_JURKAT_24H:D22	DB06616	Bosutinib	-0.18644554850533063	-1.0165211923484463	0.3965780296425458	0.49007577704408994	JURKAT
CPC018_NPC_24H:BRD-K01663662-003-03-8:10	DB01231	Diphenidol	0.2062663012542816	1.020875802328671	0.39671573044958447	0.4901347250518233	NPC
CPC006_SKM1_6H:BRD-K22134346-001-09-0:10	DB00641	Simvastatin	-0.17605264990460612	-1.0135402928959298	0.39821058091286304	0.4918699985600935	SKM1
LPROT003_NPC_6H:D17	DB11899	MK-8776	-0.19863301478058468	-1.0203350736226457	0.39912770057815194	0.49289103341238444	NPC
LJP008_NEU_24H:L16	DB08756	Y-27632	0.16361403455256784	1.014484030765215	0.4	0.49385626841985947	NEU
CPC006_SKM1_6H:BRD-A56592690-001-01-9:30	DB05448	PX-12	-0.1575302671528336	-1.0056093508664845	0.40131578947368424	0.49536849262776167	SKM1
CPC006_SKM1_6H:BRD-K13049116-001-01-6:10	DB15399	BMS-754807	0.2051874147789917	1.0185178197529285	0.4052	0.5000496714253343	SKM1
NMH001_NPC_6H:BRD-K66296774-001-05-3:10	DB01095	Fluvastatin	0.17748532120765143	1.0100752419779473	0.40588324950464866	0.5007793785234066	NPC
LJP008_NPC_24H:D20	DB13978	Selisistat	0.1815857862605028	1.0119983311506193	0.4075471698113208	0.502718434154576	NPC
CPC006_PL21_6H:BRD-K52836380-001-01-7:22.2	DB07403	4-[(3-CHLORO-4-{[(2R)-3,3,3-TRIFLUORO-2-HYDROXY-2-METHYLPROPANOYL]AMINO}PHENYL)SULFONYL]-N,N-DIMETHYLBENZAMIDE	-0.1796184713613678	-1.0106108307647963	0.4078802013010924	0.5029024082792665	PL21
CPC014_NPC_24H:BRD-K46212057-001-01-2:10	DB00582	Voriconazole	-0.17726591328262128	-1.010273108030795	0.4078810020876827	0.5029024082792665	NPC
LJP007_NPC.CAS9_24H:M03	DB07794	5-(2-PHENYLPYRAZOLO[1,5-A]PYRIDIN-3-YL)-1H-PYRAZOLO[3,4-C]PYRIDAZIN-3-AMINE	0.1639027506489816	1.005331243040711	0.4090909090909091	0.5042038395031696	NPC.CAS9
CPC006_SKM1_6H:BRD-K50590187-001-10-8:160	DB09120	Zucapsaicin	-0.1855686715608608	-1.0136616399705844	0.4091216979002032	0.5042038395031696	SKM1
LJP007_JURKAT_24H:B13	DB12200	Tivantinib	0.1982304022992915	1.0182395571316336	0.4103930043220424	0.5056561768185165	JURKAT
LJP008_NPC.CAS9_24H:J05	DB12116	Epigallocatechin gallate	-0.17023408856099564	-1.0061566575703442	0.4121338912133891	0.507686308877656	NPC.CAS9
LJP008_NPC.TAK_24H:I09	DB11830	Mocetinostat	-0.19770358240712727	-1.0157416234323031	0.4134783054672274	0.5092272391620354	NPC.TAK
CPC006_PL21_6H:BRD-K48692744-001-01-2:10	DB02690	NU1025	-0.16951450616158692	-1.0067917542176579	0.41588447653429605	0.5120748042518146	PL21
CPC006_NOMO1_6H:BRD-K08316444-001-04-3:0.63	DB11457	Rotenone	-0.2011138197836288	-1.0172744856767364	0.4167668269230769	0.5129393020605105	NOMO1
DOSBIO001_NEU_24H:BRD-K81418486:0.37037	DB02546	Vorinostat	0.17563252554534414	1.0068297087205647	0.41682242990654206	0.5129393020605105	NEU
LJP008_NPC_24H:G07	DB02546	Vorinostat	0.17543011380218312	1.0053984280958008	0.41686914265879904	0.5129393020605105	NPC
NMH002_NEU_24H:BRD-K47192521-001-04-7:10	DB00159	Icosapent	-0.16076876263132944	-1.0061708757886392	0.41818181818181815	0.5144382610838449	NEU
LJP008_NPC_24H:A23	DB11740	MK-1775	0.20670902907815233	1.016721615472548	0.41872809213820733	0.5149939452991592	NPC
LJP007_NEU_24H:E08	DB05913	OSI-930	-0.1873581771025124	-1.0101176674891532	0.41884753901560623	0.515024542216977	NEU
CPC013_NEU_24H:BRD-K28120222-001-05-0:10	DB13063	Parthenolide	-0.18520732717457383	-1.0148388525233365	0.41900715100010366	0.515104502109834	NEU
NMH001_NPC_6H:BRD-K60511616-001-01-2:10	DB00175	Pravastatin	-0.17260394992022196	-1.004703556148276	0.4200743494423792	0.5162999113209653	NPC
CPC006_THP1_6H:BRD-K78126613-001-16-0:10	DB00170	Menadione	-0.1665289247670378	-1.0062501073305385	0.4207920792079208	0.5170653572577474	THP1
CPC017_NPC_24H:BRD-K79145749-001-01-8:10	DB13225	Dibenzepin	0.16039795206951296	0.9948708033355309	0.42105263157894735	0.5172688092891827	NPC
LJP007_NPC.CAS9_24H:P09	DB07859	4-(4-CHLOROPHENYL)-4-[4-(1H-PYRAZOL-4-YL)PHENYL]PIPERIDINE	-0.192899174856363	-1.0153559447629905	0.4220286885245902	0.5183509782825707	NPC.CAS9
LJP009_NPC.TAK_24H:B19	DB16107	BI 2536	0.21362124209261074	1.0145765284429331	0.42282684805441634	0.5192142084564491	NPC.TAK
LJP007_NPC.CAS9_24H:I10	DB06589	Pazopanib	0.18618147413026337	1.012885929293429	0.42326214405360135	0.5196315681956521	NPC.CAS9
CPC015_NPC_24H:BRD-K29458283-001-17-4:10	DB00291	Chlorambucil	-0.1926429873003739	-1.0138480890153907	0.42390183542998555	0.5202652125810021	NPC
CPC018_NPC_24H:BRD-A34255068-001-16-2:10	DB04149	(R)-Rolipram	-0.1598292484482712	-1.0052638133884246	0.424	0.5202652125810021	NPC
LJP009_NPC.TAK_24H:L08	DB05984	RAF-265	0.18928689240295482	1.0100117968543056	0.42413311612753085	0.5202652125810021	NPC.TAK
CPC006_PL21_6H:BRD-A62025033-001-01-8:10	DB06287	Temsirolimus	0.19761720187466658	1.0148865450057454	0.4241604010025063	0.5202652125810021	PL21
CPC018_NPC_24H:BRD-M62162320-103-01-1:10	DB11738	Rilmenidine	-0.1762065119517776	-1.006551975830005	0.4242586877767342	0.5202685912254209	NPC
CPC016_NEU_24H:BRD-K93460210-001-09-6:10	DB00555	Lamotrigine	-0.20943309334762192	-1.014071754712609	0.42451225612806404	0.5204623473375589	NEU
LJP009_NPC.CAS9_24H:O20	DB07232	Veliparib	0.1729474112759302	1.0057837524310385	0.4252109020116807	0.5212015692900323	NPC.CAS9
NMH002_NPC_24H:BRD-K01638814-050-01-2:10	DB11738	Rilmenidine	-0.20717697222310927	-1.0144012802379467	0.42624262426242626	0.5223486345034144	NPC
CPC018_NPC_24H:BRD-K18059238-001-02-1:10	DB13854	Gamolenic acid	-0.18214728305560496	-1.012354490628942	0.4264815803523759	0.522523888998659	NPC
CPC016_NEU_24H:BRD-A36066264-001-03-1:10	DB13953	Estradiol benzoate	-0.19643056146987692	-1.0134466617018965	0.42833892788119216	0.5246814667658507	NEU
LJP008_NPC.CAS9_24H:O05	DB07101	PD-0325901	-0.1743682655209801	-1.00393131891953	0.42942083241576745	0.5258884311527479	NPC.CAS9
CPC016_NPC_24H:BRD-K96720755-001-01-8:10	DB13929	Relcovaptan	0.2027876117628027	1.0141902056201069	0.4300502512562814	0.5265408427027222	NPC
CPC018_NPC_24H:BRD-K77947974-001-10-6:10	DB04842	Fluspirilene	0.1739127946052393	1.0045614543633707	0.4303534303534304	0.5267936124308343	NPC
CPC006_WSUDLCL2_6H:BRD-K54256913-001-01-2:10	DB11740	MK-1775	0.17845704957737568	1.005515907273934	0.4306908436984864	0.5270881651195409	WSUDLCL2
DOSBIO002_NPC_24H:BRD-A13084692:10	DB08607	(5R)-5-(4-{[(2R)-6-HYDROXY-2,5,7,8-TETRAMETHYL-3,4-DIHYDRO-2H-CHROMEN-2-YL]METHOXY}BENZYL)-1,3-THIAZOLIDINE-2,4-DIONE	0.21780532960046076	1.0136077449275407	0.43134313431343135	0.5277678520491906	NPC
LJP007_NPC_24H:I12	DB06589	Pazopanib	0.19740240186332492	1.013189592738987	0.4319830713422007	0.5283990922196782	NPC
LJP008_NPC.CAS9_24H:I11	DB11830	Mocetinostat	-0.18622660321436363	-1.0097831836169657	0.43205309541943204	0.5283990922196782	NPC.CAS9
CPC006_U937_6H:BRD-K81651477-001-03-5:20	DB13063	Parthenolide	0.1932889483866439	1.012911909582951	0.4335407528307661	0.5300994476686915	U937
LJP009_NPC.CAS9_24H:K08	DB11962	GSK-1059615	0.21043359818880417	1.0120958933835351	0.43454345434543457	0.5311343717752222	NPC.CAS9
NMH002_NEU_24H:BRD-K24656285-001-04-4:10	DB02509	Farnesol	-0.17808835224506264	-1.0038694528493237	0.4345822182575082	0.5311343717752222	NEU
LJP009_NPC.TAK_24H:H09	DB08912	Dabrafenib	0.19715127404165153	1.0115229918480961	0.4357025472473295	0.53238413109916	NPC.TAK
LJP009_NPC_24H:K19	DB12432	CC-401	0.20053016460658063	1.0120063706792168	0.43712876271015805	0.5340070080124542	NPC
LJP007_NPC.TAK_24H:O05	DB07101	PD-0325901	-0.18382299736399335	-1.0087007128248233	0.44032703334041196	0.537714993986176	NPC.TAK
NMH002_NPC_6H:BRD-K21283037-001-15-7:10	DB00740	Riluzole	0.19405439616729822	1.0104847591719128	0.4404044530691451	0.537714993986176	NPC
LJP008_NPC.TAK_24H:G11	DB02546	Vorinostat	0.17011485485694747	1.0007046208384212	0.44046026224244045	0.537714993986176	NPC.TAK
LJP007_NPC.CAS9_24H:J24	DB03044	Doramapimod	-0.20998152371557927	-1.010998495860936	0.4422326698009403	0.5397577587933484	NPC.CAS9
CPC006_WSUDLCL2_6H:BRD-K12994359-001-07-7:177.6	DB00580	Valdecoxib	-0.16467437493869244	-1.0004434080611826	0.4428341384863124	0.5403707636559394	WSUDLCL2
CPC006_NOMO1_6H:BRD-A34817987-001-11-8:10	DB01167	Itraconazole	-0.18143148045179755	-1.0089391702652515	0.4432291666666667	0.5407316401583036	NOMO1
NMH002_NPC_24H:BRD-A58048407-001-12-1:10	DB00393	Nimodipine	-0.1950011271648592	-1.0106698168200616	0.44361508977203956	0.5409751674964657	NPC
CPC006_THP1_6H:BRD-K67844266-001-01-3:11.1	DB11759	Pevonedistat	0.16946369532012462	1.002383766945178	0.44362745098039214	0.5409751674964657	THP1
LJP007_NEU_24H:P03	DB09054	Idelalisib	0.16377572547312355	1.00133608427224	0.4441935483870968	0.5415442275612556	NEU
LJP007_JURKAT_24H:N15	DB09330	Osimertinib	-0.17505440408156658	-1.0024161872041122	0.4452763408657773	0.5427428272952155	JURKAT
CPC006_WSUDLCL2_6H:BRD-K81418486:10	DB02546	Vorinostat	0.175884167220067	1.0020050496476314	0.4457097457627119	0.5431495357851263	WSUDLCL2
DOSBIO002_NEU_24H:BRD-A90490067:1.11111	DB00947	Fulvestrant	-0.22893637334865968	-1.0085653394232321	0.4473	0.5449655033557047	NEU
NMH002_NPC_24H:BRD-K79254416-001-11-9:10	DB01262	Decitabine	-0.19328361508535521	-1.0112057413051412	0.44753768844221103	0.5451331360447956	NPC
LJP008_NPC_24H:G09	DB02546	Vorinostat	-0.18252591450634464	-1.0056110576255373	0.44805045871559634	0.5456356883195745	NPC
LJP007_NPC_24H:H08	DB09053	Ibrutinib	0.1754623492111303	1.0008164968976607	0.44923769923769924	0.5469592018887793	NPC
NMH001_NPC_6H:BRD-K37289225-001-30-7:10	DB00363	Clozapine	0.1963000040155871	1.0114013078921908	0.4503457260246518	0.5481857004761408	NPC
CPC006_U937_6H:BRD-A75817871-001-04-2:40	DB01944	(S)-blebbistatin	0.17102477302452015	1.0007527869233075	0.4505428226779252	0.5483030642020069	U937
CPC006_WSUDLCL2_6H:BRD-K67844266-001-01-3:11.1	DB11759	Pevonedistat	-0.19113265798746829	-1.0076623712568706	0.45107080643508557	0.5488229695812055	WSUDLCL2
LJP007_JURKAT_24H:D03	DB12494	SGI-1776	0.19034888437873365	1.0075899650844475	0.4513759569625491	0.5490715795439005	JURKAT
LJP009_NPC.CAS9_24H:F02	DB11962	GSK-1059615	-0.16450963752613967	-0.998511628901114	0.45161290322580644	0.5492371306314743	NPC.CAS9
LJP007_NPC_24H:I16	DB11526	Masitinib	-0.1697105781187813	-0.9990651241961722	0.4519104084321476	0.5494762411970252	NPC
NMH002_NEU_24H:BRD-K01567962-001-16-4:10	DB01782	Pyrazolanthrone	-0.17110033460731217	-1.0008278491141682	0.452857984678845	0.550505487625221	NEU
CPC006_PL21_6H:BRD-K78126613-001-16-0:10	DB00170	Menadione	-0.1651093499939988	-1.0023197899322518	0.4530232558139535	0.5505834972467731	PL21
NMH002_NEU_24H:BRD-K26521938-001-06-4:10	DB00917	Dinoprostone	0.18479275612922766	1.0057622402979172	0.4534692535350214	0.5510025780347448	NEU
LJP007_JURKAT_24H:E03	DB11743	Ipatasertib	0.17188990514298155	1.0006608156673114	0.4536855838225701	0.5511424692165329	JURKAT
CPC006_PL21_6H:BRD-A14395271-001-01-5:10	DB00933	Mesoridazine	-0.17582638272377663	-1.0021587642990588	0.4542068079640334	0.5516526039634536	PL21
CPC015_NPC_24H:BRD-K55191674-237-12-6:10	DB01053	Benzylpenicillin	-0.17248532217004525	-1.0009575922283007	0.4566173530587765	0.5544566565792858	NPC
NMH001_NPC_24H:BRD-K12539581-001-18-7:10	DB08313	Nocodazole	0.1748766287306353	1.0018769760204913	0.4572192513368984	0.5550637634375276	NPC
LJP008_NPC_24H:I06	DB16239	Molibresib	0.1655264282095244	1.0002702860270631	0.4573333333333333	0.5550785231409257	NPC
CPC006_PL21_6H:BRD-K56343971-001-02-3:10	DB08881	Vemurafenib	0.16242759322006453	1.0039502702683956	0.4578313253012048	0.5555591349354637	PL21
LJP008_NPC.TAK_24H:M17	DB01262	Decitabine	0.16437747910691644	1.001722743184975	0.4591549295774648	0.5569346304901129	NPC.TAK
CPC016_NEU_24H:BRD-K93658967-001-01-7:10	DB07364	6-PHENYL[5H]PYRROLO[2,3-B]PYRAZINE	-0.18082845750010257	-1.0029137691337138	0.4591693887074195	0.5569346304901129	NEU
LJP009_NEU_24H:G12	DB08521	4-[4-(4-Fluorophenyl)-2-[4-[(R)-methylsulfinyl]phenyl]-1H-imidazol-5-yl]pyridine	-0.16808609559469306	-0.9993330911781443	0.45964125560538116	0.5573828274386341	NEU
LJP008_NEU_24H:H17	DB11841	Entinostat	0.17064456358904714	1.001142892928106	0.46258503401360546	0.5608277148793622	NEU
CPC013_NPC_24H:BRD-K05926469-001-01-8:10	DB00480	Lenalidomide	0.19420973636637268	1.006069871364264	0.4630421502748931	0.5612569664805404	NPC
CPC016_NPC_24H:BRD-A09467419-003-14-1:10	DB12554	Mebeverine	0.1681883593396343	0.9982125487137022	0.4642857142857143	0.5626390743213173	NPC
LJP009_NPC.TAK_24H:H15	DB07138	Neflamapimod	-0.19386974234813337	-1.0059508464074924	0.46602234974328	0.5646179569970863	NPC.TAK
NMH002_NPC_6H:BRD-A73908300-001-03-4:10	DB13978	Selisistat	0.1857657858607928	1.0051363634634864	0.4685364609892912	0.5675377149794661	NPC
LJP009_NPC.TAK_24H:K20	DB12432	CC-401	0.1751511313869325	0.9984313919618762	0.46973023839397743	0.5688572110948634	NPC.TAK
CPC016_NPC_24H:BRD-K31611373-001-02-7:10	DB11519	Fluprostenol	0.170265640674792	0.9973012476685905	0.470491029272899	0.5696518775945326	NPC
LJP008_NPC.CAS9_24H:I08	DB11830	Mocetinostat	0.17186034823883498	0.9988325971089308	0.4708097928436911	0.5699111206549771	NPC.CAS9
NMH001_NPC_6H:BRD-A14240607-001-01-8:10	DB13251	Octopamine	-0.18131585160426278	-1.0031478519669375	0.4721584984358707	0.5714167072181671	NPC
LPROT001_NPC.TAK_6H:C16	DB12291	Tacedinaline	-0.19298411311157426	-1.003050130513364	0.4724360948567909	0.5716256326572058	NPC.TAK
CPC014_NEU_24H:BRD-K84085265-001-01-3:10	DB11798	Tanzisertib	-0.1922492024788705	-1.0037552149845017	0.47342700061087356	0.5726973445861433	NEU
NMH002_NPC_6H:BRD-K11528507-001-05-9:10	DB02424	Geldanamycin	0.18110755757147426	0.9993059004469391	0.47355563698546477	0.5727257381796228	NPC
NMH002_NPC_24H:BRD-A70814879-003-01-8:10	DB12764	Opaganib	-0.2005541494071966	-1.0054152071474876	0.47382644379941946	0.5729260241855325	NPC
CPC006_WSUDLCL2_6H:BRD-K22134346-001-09-0:10	DB00641	Simvastatin	0.16856476450469043	0.9982044915489892	0.47425817905148365	0.5733207642873207	WSUDLCL2
LJP009_NPC.CAS9_24H:D03	DB11775	PF-03758309	-0.17736690574417488	-0.9971535113562013	0.4749278499278499	0.574002900733926	NPC.CAS9
CPC006_WSUDLCL2_6H:BRD-K47335880-001-01-3:0.08	DB12980	CHS-828	0.16915090752246248	0.9970018847077823	0.47724477244772445	0.5765527630608062	WSUDLCL2
CPC016_NEU_24H:BRD-K97810537-001-03-7:10	DB00394	Beclomethasone dipropionate	-0.18403834726593887	-1.0027758552094617	0.4772493308626724	0.5765527630608062	NEU
LJP007_NPC.CAS9_24H:M18	DB07460	2-({5-CHLORO-2-[(2-METHOXY-4-MORPHOLIN-4-YLPHENYL)AMINO]PYRIMIDIN-4-YL}AMINO)-N-METHYLBENZAMIDE	0.17307695432693473	0.9957626573975651	0.47738274077783344	0.5765860293360127	NPC.CAS9
PCLB001_JURKAT_6H:BRD-K36452089-001-01-8:0.16	DB07726	t-Butylhydroquinone	0.190922057159621	1.0036932775732035	0.4780896607431341	0.5773118164982501	JURKAT
LJP009_NPC.CAS9_24H:B10	DB12242	AZD-7762	0.1725268342912108	0.9964729429694978	0.47956356078974716	0.578963234772991	NPC.CAS9
LJP008_NPC.TAK_24H:L15	DB08756	Y-27632	0.20696244966592112	1.0028347165560658	0.48223401060954857	0.5820581608554082	NPC.TAK
LJP007_NPC.TAK_24H:P22	DB11886	Infigratinib	0.17764921938626915	0.9960743320076856	0.48249724366041896	0.5821339965467212	NPC.TAK
NMH001_NEU_24H:BRD-A57226833-001-01-1:10	DB07780	Farnesyl diphosphate	-0.18531158464050312	-1.000298065603631	0.4825106243870546	0.5821339965467212	NEU
CPC018_NPC_24H:BRD-K77987382-001-08-2:10	DB00643	Mebendazole	-0.1866689070035246	-0.9989535499453283	0.4828698553948832	0.5824383682127429	NPC
CPC006_THP1_6H:BRD-K77947974-001-05-6:4.21	DB04842	Fluspirilene	0.17937870024021227	0.9970574386758088	0.4829844462635949	0.5824475851088436	THP1
CPC017_NPC_24H:BRD-A16694057-001-03-5:10	DB14083	Bisphenol A diglycidyl ether	-0.19207578237474096	-1.0027864485157405	0.4831064044377206	0.5824656804445044	NPC
LJP009_NEU_24H:D06	DB11775	PF-03758309	-0.16494146174617408	-0.9986643583494337	0.48333333333333334	0.5826102995425705	NEU
AML001_HL60_24H:BRD-K27316855:10	DB00136	Calcitriol	0.1868104336192366	0.9969609392628656	0.48380055147058826	0.5830444353416294	HL60
LJP007_NPC.TAK_24H:P06	DB09054	Idelalisib	-0.18069278497933586	-0.9979979824297882	0.48396340791358977	0.5830649897260934	NPC.TAK
NMH002_NPC_24H:BRD-K77830450-001-03-2:10	DB02587	Colforsin	0.18296276768918363	1.0021119061912067	0.4840317331163548	0.5830649897260934	NPC
LJP009_NPC.CAS9_24H:D05	DB11775	PF-03758309	-0.19382036934627755	-1.001612290912249	0.48474923234390993	0.5838001590767212	NPC.CAS9
CPC012_NPC_24H:BRD-M07438658-001-01-1:10	DB01259	Lapatinib	0.16510085230779217	0.9961830343784582	0.4853728883395138	0.5844220097052824	NPC
CPC006_WSUDLCL2_6H:BRD-K56700933-001-01-3:10	DB12695	Phenethyl Isothiocyanate	-0.17968133589154217	-0.9977260654341612	0.4868346061780463	0.5860524458986826	WSUDLCL2
LJP008_NEU_24H:J09	DB05223	Pracinostat	0.18383847365664954	0.9975997827038413	0.48763405559203327	0.5868850976252405	NEU
LJP008_NPC_24H:O02	DB07101	PD-0325901	-0.1837108315581042	-0.9990674141108762	0.4881476819802811	0.5873734591393307	NPC
CPC006_PL21_6H:BRD-A79768653-001-02-1:10	DB00877	Sirolimus	0.20612975360525185	1.0027133882017676	0.49364936493649364	0.5938622578847237	PL21
CPC017_NPC_24H:BRD-A14566392-004-03-5:10	DB00747	Scopolamine	0.19259272978913244	0.9978152520729483	0.4959007993441279	0.5964389914373057	NPC
LJP008_NPC.CAS9_24H:H16	DB11841	Entinostat	-0.18875539535609398	-0.9975669921283687	0.4964222752255522	0.5969343587719933	NPC.CAS9
LJP008_NPC.CAS9_24H:D20	DB13978	Selisistat	0.17736904312902596	0.992959728414663	0.4969499796665311	0.5974369954225007	NPC.CAS9
LJP009_NPC.TAK_24H:D02	DB11775	PF-03758309	0.18946583805548445	0.9949263944290943	0.4976222826086957	0.598113209244528	NPC.TAK
LJP007_NPC.TAK_24H:B09	DB07970	5-[(2-methyl-5-{[3-(trifluoromethyl)phenyl]carbamoyl}phenyl)amino]pyridine-3-carboxamide	-0.16952975419904018	-0.993966256795352	0.49818840579710144	0.5986615308850429	NPC.TAK
NMH002_NEU_6H:BRD-K99964838-001-05-1:10	DB06616	Bosutinib	0.17552358317559544	0.9921898601875456	0.4983520105471325	0.5987260201720017	NEU
CPC006_THP1_6H:BRD-K01292756-001-10-2:10	DB01100	Pimozide	-0.19149171266084142	-0.998652287162805	0.49887869520897044	0.5992265933189354	THP1
CPC014_NEU_24H:BRD-K09436313-001-01-2:10	DB02056	Prostaglandin D2	0.16755192812841307	0.9929150576618911	0.4997322862752097	0.600119521732038	NEU
CPC006_SKM1_6H:BRD-K56700933-001-01-3:10	DB12695	Phenethyl Isothiocyanate	0.16924738163579428	1.0085032969497938	0.5	0.6001763279700242	SKM1
LPROT001_NPC.TAK_6H:O08	DB02546	Vorinostat	0.1626247096787852	1.0033243848948374	0.5	0.6001763279700242	NPC.TAK
LJP009_NPC.CAS9_24H:H07	DB08912	Dabrafenib	0.17430188003011404	0.991532882846871	0.5007171543316121	0.6009047206897223	NPC.CAS9
LJP007_NPC_24H:G17	DB01254	Dasatinib	-0.17234859373102634	-0.9923046983358388	0.5017389989414789	0.6019983670930368	NPC
CPC006_PL21_6H:BRD-A47829399-001-01-1:10	DB09274	Artesunate	-0.16924861558082657	-0.9924685536334444	0.5019804044194288	0.6021194092552004	PL21
CPC014_NPC_24H:BRD-A50454580-001-01-1:10	DB07101	PD-0325901	0.17391352607555666	0.9928894346038916	0.5020610057708161	0.6021194092552004	NPC
NMH002_NEU_24H:BRD-A16694057-001-05-0:10	DB14083	Bisphenol A diglycidyl ether	-0.17569304624400192	-0.9933787892087216	0.502743344848608	0.6028049881209863	NEU
LJP008_NPC.CAS9_24H:K23	DB12332	Rucaparib	0.18249948529291227	0.9943293224278283	0.5034856700232379	0.6035621745424947	NPC.CAS9
CPC015_NPC_24H:BRD-K57569181-001-16-8:10	DB00806	Pentoxifylline	-0.17743726211347816	-0.996164358968291	0.5036883116883117	0.6036722151088348	NPC
CPC015_NPC_24H:BRD-K82562631-236-03-8:10	DB00500	Tolmetin	-0.1794996484427055	-0.9943520145494069	0.5040184960915997	0.6039350340406714	NPC
LJP007_JURKAT_24H:N17	DB09330	Osimertinib	0.17507584926752778	0.9925757328742727	0.5046256321697299	0.6045295188729319	JURKAT
LJP008_NPC.TAK_24H:K12	DB11962	GSK-1059615	0.18619258086153284	0.9940901603170429	0.5064088397790055	0.606532338121061	NPC.TAK
LJP008_NPC.TAK_24H:N09	DB02665	(1R,2S)-2-Phenylcyclopropanaminium	-0.1746097832641919	-0.990931872748175	0.50704833141542	0.607164734584076	NPC.TAK
LJP008_NPC.CAS9_24H:D21	DB13978	Selisistat	-0.16964781747996657	-0.9923842635273122	0.5082660515186467	0.608402760030667	NPC.CAS9
CPC006_U937_6H:BRD-U94846492-000-01-1:10	DB00908	Quinidine	-0.16676121905646837	-0.997957351429103	0.5083056478405316	0.608402760030667	U937
CPC006_THP1_6H:BRD-A02006392-001-09-9:10	DB01054	Nitrendipine	-0.17413697847036433	-0.9942599312905417	0.5086216612194298	0.6086472351133849	THP1
LJP007_JURKAT_24H:D07	DB08875	Cabozantinib	-0.17364689946973294	-0.9907694775706435	0.5104776579352851	0.6107340345157212	JURKAT
CPC006_THP1_6H:BRD-A14395271-001-01-5:10	DB00933	Mesoridazine	0.20230840534241196	0.9988888171549098	0.511502300460092	0.6118255058874723	THP1
LJP009_NPC_24H:L24	DB12588	AZD-1480	0.170868237938044	0.992123584171714	0.5118255728011826	0.6120569056636692	NPC
LJP008_NPC_24H:H13	DB11841	Entinostat	0.17106267608504488	0.9922540648785927	0.5119205298013245	0.6120569056636692	NPC
LJP008_NPC_24H:L13	DB08756	Y-27632	0.1687177033949173	0.9918338670803104	0.5124013528748591	0.6124973151353122	NPC
LJP007_NPC_24H:P09	DB07859	4-(4-CHLOROPHENYL)-4-[4-(1H-PYRAZOL-4-YL)PHENYL]PIPERIDINE	-0.1636061287843667	-0.9940784449375313	0.5127840909090909	0.6128203114090212	NPC
LJP008_NPC_24H:K24	DB12332	Rucaparib	-0.16135615992955246	-0.9906696410414371	0.5135135135135135	0.6135573924077653	NPC
CPC006_SKM1_6H:BRD-K27316855-001-02-6:1	DB00136	Calcitriol	0.18567365076839557	0.9938875638954966	0.5137196736942473	0.6136690815834329	SKM1
LJP007_NPC.TAK_24H:O02	DB07101	PD-0325901	-0.19620282514241033	-0.9969021328799635	0.5143086655286675	0.6142379369449832	NPC.TAK
CPC013_NPC_24H:BRD-K31553034-001-01-4:10	DB06629	Zibotentan	-0.18364982280134587	-0.9954238656065449	0.5163338453661034	0.6165214036096907	NPC
AML001_HL60_6H:BRD-K93754473:0.49846	DB00675	Tamoxifen	0.17435834274968684	0.9907016015007314	0.516466283324621	0.6165443618995804	HL60
LJP009_NPC.CAS9_24H:E18	DB13113	JNJ-38877605	0.19251494174267367	0.9956948175034351	0.5171506627542244	0.6172260594695389	NPC.CAS9
LJP007_NPC_24H:H12	DB09053	Ibrutinib	-0.16635893564319237	-0.9898433787424015	0.5187265917602997	0.6189713012109098	NPC
LJP007_JURKAT_24H:D06	DB12494	SGI-1776	0.16335625559558392	0.9955432704153383	0.5196629213483146	0.619952742532951	JURKAT
LJP009_NPC.TAK_24H:B22	DB16107	BI 2536	0.17842260335963667	0.9903236101181153	0.5217070471036773	0.622255054429835	NPC.TAK
DOSBIO002_NEU_24H:BRD-A19500257:1.11111	DB02424	Geldanamycin	0.18824871172589533	0.9955286400529363	0.5220352564102564	0.6225066948359418	NEU
CPC014_NPC_24H:BRD-K99260425-001-01-2:10	DB00749	Etodolac	0.178295621256247	0.9877639810754029	0.5221466364323507	0.6225066948359418	NPC
LJP009_NPC.TAK_24H:O01	DB07101	PD-0325901	-0.19161950519940094	-0.9922086209578862	0.5237354892205639	0.6241423944550893	NPC.TAK
LJP007_NPC_24H:K19	DB01590	Everolimus	0.18186283756422325	0.9912849561306425	0.5237478411053541	0.6241423944550893	NPC
CPC016_NPC_24H:BRD-K97118047-001-02-0:10	DB04462	Tetrabromo-2-Benzotriazole	0.16454347424869425	0.9912481253465593	0.5240706886045094	0.6243685540508277	NPC
NMH001_NPC_24H:BRD-K03243820-001-16-2:10	DB00432	Trifluridine	-0.20080465426439761	-0.9959571972522316	0.5241669168417893	0.6243685540508277	NPC
NMH002_NEU_6H:BRD-K46018455-001-23-5:10	DB01393	Bezafibrate	0.1745687995531753	0.9894381588476847	0.52442322991249	0.6245372644004856	NEU
CPC018_NPC_24H:BRD-K15567136-003-18-1:10	DB01113	Papaverine	0.17163699290859635	0.9881860495862923	0.525233644859813	0.6253656383704727	NPC
CPC006_PL21_6H:BRD-K82135108-001-01-9:10	DB05719	Elesclomol	0.16908745861133007	0.9895694441648091	0.5275911219710853	0.6280352459572743	PL21
NMH001_NEU_6H:BRD-K88611939-001-18-2:10	DB04599	Aniracetam	0.1862296506476015	0.9920297450513188	0.5278674861964788	0.628226907741701	NEU
LJP009_NPC.TAK_24H:K19	DB12432	CC-401	-0.19350995935749774	-0.9929455021093199	0.5302114803625377	0.630878680807162	NPC.TAK
CPC015_NPC_24H:BRD-K29673530-001-03-9:10	DB13014	Hypericin	0.18029343932748196	0.9896052151216318	0.5308129370629371	0.6314563685549924	NPC
LJP007_NPC.CAS9_24H:G14	DB01254	Dasatinib	-0.1648475321681374	-0.9948809859162476	0.5326460481099656	0.6334986630283627	NPC.CAS9
LJP009_NPC.TAK_24H:D20	DB13061	MLN8054	-0.1753257937204998	-0.9862907085254564	0.5333428940197906	0.6341889521466768	NPC.TAK
CPC016_NEU_24H:BRD-K21283037-003-06-2:10	DB00740	Riluzole	0.1785718569535398	0.9869169469416044	0.5335636722606121	0.6343129795091232	NEU
NMH001_NPC_6H:BRD-K75527158-001-01-5:10	DB00630	Alendronic acid	-0.16695104851898646	-0.9888488014311098	0.5340136054421769	0.6347093180353766	NPC
CPC006_PL21_6H:BRD-K22134346-001-09-0:10	DB00641	Simvastatin	-0.17422894928307167	-0.9869580054975124	0.536204268292683	0.6371740006812026	PL21
LJP007_NPC.TAK_24H:H08	DB09053	Ibrutinib	-0.16637944556684586	-0.9908961154750262	0.5363741339491916	0.6372368092249777	NPC.TAK
CPC006_U937_6H:BRD-K26657438-001-01-2:10	DB00724	Imiquimod	-0.17206837044074338	-0.9863586440173688	0.5370506236243581	0.6379013514194665	U937
CPC015_NPC_24H:BRD-K00603606-003-13-3:10	DB00208	Ticlopidine	-0.15121845340764573	-0.9922668983600208	0.5374531835205992	0.6382403047215839	NPC
CPC013_NPC_24H:BRD-A47706533-001-01-8:10	DB12870	Buthionine sulfoximine	-0.15458331745548157	-0.990710144733533	0.5384615384615384	0.6392983515285673	NPC
CPC018_NPC_24H:BRD-A75409952:10	DB08059	Wortmannin	-0.16494414317354592	-0.9908253163602384	0.5391542678151918	0.6399812865129761	NPC
CPC006_NOMO1_6H:BRD-K53414658-001-01-7:10	DB11800	Tivozanib	-0.16636644798885863	-0.9877254831340303	0.5393124065769805	0.6400294979773885	NOMO1
LJP009_NPC_24H:L21	DB12588	AZD-1480	-0.1671526487089448	-0.989967961120492	0.5401850949829518	0.6409254961388138	NPC
CPC006_U937_6H:BRD-K82818427-001-01-4:44.4	DB03880	Batimastat	0.1641265883057275	0.9911467985100201	0.5422535211267606	0.6432395286552687	U937
LJP007_NPC.TAK_24H:K22	DB01590	Everolimus	-0.1669113257494123	-0.9914595746558241	0.5427350427350427	0.6436705232436939	NPC.TAK
CPC006_THP1_6H:BRD-A04352665-001-01-2:10	DB04835	Maraviroc	-0.16454064419816447	-0.9862005728782341	0.544829167622105	0.6460134219181327	THP1
NMH002_NEU_6H:BRD-A75409952-001-06-5:10	DB08059	Wortmannin	0.19868978146956368	0.991251517003318	0.546	0.6472607749238137	NEU
NMH002_NPC_6H:BRD-K47192521-001-04-7:10	DB00159	Icosapent	0.1820637270665335	0.9873551934194691	0.5461211477151966	0.6472634973790992	NPC
LJP007_NPC.TAK_24H:P07	DB07859	4-(4-CHLOROPHENYL)-4-[4-(1H-PYRAZOL-4-YL)PHENYL]PIPERIDINE	-0.15385504020687107	-0.9897689582550467	0.5466666666666666	0.6477690745575863	NPC.TAK
CPC015_NPC_24H:BRD-A55913614-316-06-2:10	DB01087	Primaquine	0.1693899990234591	0.9867803997356469	0.5474419652918638	0.6485466484619296	NPC
LPROT003_NPC_6H:P07	DB02546	Vorinostat	0.174677457573838	0.9851911294983605	0.5490056818181818	0.6502577083909999	NPC
LJP009_NEU_24H:M14	DB06314	SGX-523	-0.18489843656947788	-0.9870462961465974	0.5508387888707038	0.6522870285257345	NEU
CPC017_NPC_24H:BRD-A19374631-001-01-0:10	DB12131	Vinpocetine	-0.1868180452884556	-0.98816452534256	0.5509625126646404	0.6522917052112243	NPC
LJP009_NPC_24H:B18	DB11805	Saracatinib	0.16498749031771004	0.9932971182795768	0.5523809523809524	0.6538288777801927	NPC
LJP007_NPC_24H:O05	DB07101	PD-0325901	-0.20099060239341798	-0.9901097071685715	0.5525105021004201	0.6538401117859381	NPC
LJP008_NPC.CAS9_24H:M17	DB01262	Decitabine	-0.19192275650332283	-0.9876256049075687	0.5529030952862634	0.6541625585333457	NPC.CAS9
LJP007_NPC.CAS9_24H:M13	DB07460	2-({5-CHLORO-2-[(2-METHOXY-4-MORPHOLIN-4-YLPHENYL)AMINO]PYRIMIDIN-4-YL}AMINO)-N-METHYLBENZAMIDE	-0.15913489202562833	-0.9944193942956219	0.5555555555555556	0.6571580268365673	NPC.CAS9
LJP007_NPC.CAS9_24H:K20	DB01590	Everolimus	0.18348608937081012	0.984741267497682	0.5567625133120341	0.6584427030395955	NPC.CAS9
LJP009_NPC.TAK_24H:K24	DB12432	CC-401	-0.16263023155784595	-0.9869409062002642	0.5582849486377848	0.6600998328878367	NPC.TAK
LJP009_NPC.CAS9_24H:I15	DB12146	Rigosertib	-0.18558146815266563	-0.9841486021839573	0.558544984933276	0.660263943552555	NPC.CAS9
CPC016_NPC_24H:BRD-K93332168-001-03-2:10	DB01247	Isocarboxazid	-0.1760498722289472	-0.9816426019995129	0.5589238845144356	0.6605684624708369	NPC
CPC006_SKM1_6H:BRD-K64634304-001-01-5:40	DB00162	Vitamin A	0.17396282201382973	0.9819676067135908	0.5609240279811291	0.6627885129931067	SKM1
LJP007_JURKAT_24H:D09	DB08875	Cabozantinib	-0.17444067692726795	-0.9822114345808515	0.562094605283974	0.6640275966109593	JURKAT
LJP008_NPC_24H:N12	DB02665	(1R,2S)-2-Phenylcyclopropanaminium	-0.17901891835463585	-0.9815769664567319	0.5629568497995756	0.6649019744108629	NPC
LJP009_NPC_24H:D13	DB16108	TAK-715	-0.17715256447535344	-0.981299520142237	0.5634678554669169	0.6653612187495294	NPC
CPC006_SKM1_6H:BRD-A69951442-001-01-3:10	DB01234	Dexamethasone	0.18603516249153412	0.9834587175641971	0.5644875404024606	0.6662858268492071	SKM1
CPC006_PL21_6H:BRD-K98404142-001-01-9:11.1	DB05107	16-Bromoepiandrosterone	-0.17747906041518133	-0.9818551762563732	0.5645232327681128	0.6662858268492071	PL21
LJP009_NPC.TAK_24H:I17	DB12146	Rigosertib	-0.17296461520494388	-0.9825843947750652	0.5646179013788268	0.6662858268492071	NPC.TAK
CPC013_NEU_24H:BRD-K62982419-001-01-2:10	DB03849	Cilomilast	0.17041471429397867	0.9844518345089553	0.5655419528217378	0.6671057823825588	NEU
LJP009_NPC_24H:G12	DB08521	4-[4-(4-Fluorophenyl)-2-[4-[(R)-methylsulfinyl]phenyl]-1H-imidazol-5-yl]pyridine	0.1608194383341341	0.9863221472615894	0.5655577299412916	0.6671057823825588	NPC
LJP007_NPC.CAS9_24H:I16	DB11526	Masitinib	0.16798112387676797	0.9820113084501283	0.5658991663358476	0.667363980048728	NPC.CAS9
LJP008_NPC_24H:P14	DB11662	Rabusertib	0.18789566993824316	0.9827806022628205	0.5668789808917197	0.668374741272203	NPC
CPC006_U937_6H:BRD-K28307902-001-10-0:28.96	DB00499	Flutamide	0.1995279675365554	0.986256402898131	0.5695847923961981	0.6714196492185487	U937
LJP007_NPC.CAS9_24H:B13	DB12200	Tivantinib	0.174441441405646	0.9868909495804262	0.570281124497992	0.6720950019511067	NPC.CAS9
LPROT003_NPC_6H:D23	DB04868	Nilotinib	0.1808814481891361	0.98088485023155	0.5718654434250765	0.6738163576142291	NPC
CPC016_NEU_24H:BRD-K70799801-311-02-7:10	DB00908	Quinidine	0.16147064395806326	0.9906383256599589	0.5732758620689655	0.6753321100643708	NEU
CPC015_NPC_24H:BRD-K25650355-059-12-2:10	DB00981	Physostigmine	0.15516147498872593	0.9944907133126951	0.5769230769230769	0.6794807186296549	NPC
CPC006_U937_6H:BRD-A04352665-001-01-2:10	DB04835	Maraviroc	-0.16777078663523035	-0.9827197411057491	0.5770470664087686	0.6794807186296549	U937
LJP007_NPC.CAS9_24H:G18	DB01254	Dasatinib	0.16750388727543505	0.9849944661100268	0.578601776747779	0.6809521779442611	NPC.CAS9
CPC014_NPC_24H:BRD-K53972329-001-02-1:10	DB08877	Ruxolitinib	0.17596751819740564	0.9788944169607562	0.578615526073821	0.6809521779442611	NPC
NMH002_NPC_24H:BRD-K05396879-001-06-7:10	DB08435	(5E,14E)-11-oxoprosta-5,9,12,14-tetraen-1-oic acid	0.17357279331516492	0.9795091804006385	0.5786718104160926	0.6809521779442611	NPC
NMH001_NPC_6H:BRD-A47564106-001-07-5:10	DB12161	Deutetrabenazine	-0.19105256264246792	-0.9833697157905932	0.5792536115569823	0.6814895589845162	NPC
LJP008_NPC.CAS9_24H:K12	DB11962	GSK-1059615	0.1770146513986749	0.9769865210611194	0.5807423475536274	0.68309348267323	NPC.CAS9
CPC006_THP1_6H:BRD-K11853856-003-01-3:10	DB08348	N~2~,N~2~-DIMETHYL-N~1~-(6-OXO-5,6-DIHYDROPHENANTHRIDIN-2-YL)GLYCINAMIDE	0.23751143412387551	0.9875012578354271	0.5822	0.6846046216742091	THP1
LJP007_NPC_24H:E10	DB05913	OSI-930	-0.16262118043800142	-0.9852669934997056	0.5822784810126582	0.6846046216742091	NPC
KHW001_U937_6H:BRD-A18929998-001-02-2:10	DB02097	Cytidine	0.20239918815350755	0.9839486314344562	0.5825223236681047	0.6846656302958639	U937
CPC014_NPC_24H:BRD-K07265709-003-01-5:10	DB00380	Dexrazoxane	-0.17363830733902338	-0.9774694715215737	0.5825818088121618	0.6846656302958639	NPC
LJP007_NPC.CAS9_24H:M10	DB05575	Motesanib	0.15728577021219792	0.9837330413942984	0.58311345646438	0.6851425855242746	NPC.CAS9
NMH002_NPC_6H:BRD-K08807999-001-01-6:10	DB12445	Nitroaspirin	-0.1830516517125408	-0.9780386104630286	0.5834924199887703	0.685439973955747	NPC
CPC006_PL21_6H:BRD-A04352665-001-01-2:10	DB04835	Maraviroc	-0.19207770830654317	-0.9818210080127227	0.5845536609829488	0.6865385459808365	PL21
CPC018_NPC_24H:BRD-K46652470-001-02-6:10	DB00585	Nizatidine	-0.16901388913087012	-0.9789663618903232	0.5851924149470161	0.6869600164376766	NPC
CPC006_WSUDLCL2_6H:BRD-A75817871-001-04-2:40	DB01944	(S)-blebbistatin	-0.17839649030499077	-0.97906182277104	0.5852485301977552	0.6869600164376766	WSUDLCL2
LJP008_NPC.CAS9_24H:O04	DB07101	PD-0325901	-0.17291486316123517	-0.9779618823967534	0.5853008377760853	0.6869600164376766	NPC.CAS9
NMH001_NEU_24H:BRD-K39981244-001-01-5:10	DB00368	Norepinephrine	0.2043151543220042	0.9836604238271429	0.5854170834166833	0.6869600164376766	NEU
LJP008_NPC.TAK_24H:H16	DB11841	Entinostat	-0.20263117983951387	-0.9835217794058532	0.5855440985083592	0.6869610427566835	NPC.TAK
LJP009_NPC.CAS9_24H:M17	DB06314	SGX-523	0.16696270489490098	0.9821145972586287	0.5873869469567343	0.6889746528379012	NPC.CAS9
LJP008_NPC_24H:O03	DB07101	PD-0325901	-0.19007731718571624	-0.9787213944524579	0.5879643844028247	0.6895034533716158	NPC
CPC006_SKM1_6H:BRD-K77947974-001-05-6:4.21	DB04842	Fluspirilene	-0.1567715214049273	-0.9888943424670631	0.5891472868217055	0.6907418996837477	SKM1
CPC014_NPC_24H:BRD-K66615216-001-01-9:10	DB00218	Moxifloxacin	0.1718830147377221	0.9772631587718685	0.5915435695893753	0.6934021265569819	NPC
AML001_HL60_24H:BRD-A45664787:3.33333	DB01088	Iloprost	0.16308340845399805	0.9797371347599831	0.5926148303812668	0.6945083637306605	HL60
LJP009_NPC.TAK_24H:I05	DB11798	Tanzisertib	-0.17058040058348015	-0.97714927809957	0.5937152391546162	0.6956482772022461	NPC.TAK
LJP007_JURKAT_24H:M04	DB07794	5-(2-PHENYLPYRAZOLO[1,5-A]PYRIDIN-3-YL)-1H-PYRAZOLO[3,4-C]PYRIDAZIN-3-AMINE	0.1810004475176547	0.9765789573892075	0.5957311918850381	0.6978432669109106	JURKAT
NMH002_NEU_24H:BRD-K30984264-003-10-0:10	DB07919	Harmine	-0.1755072985644826	-0.9770324190748884	0.5958448753462604	0.6978432669109106	NEU
LJP007_JURKAT_24H:I18	DB11526	Masitinib	0.1672589937291259	0.9854342678874054	0.5961106955871354	0.6980044825129089	JURKAT
LJP008_NPC.CAS9_24H:I12	DB11830	Mocetinostat	-0.18053535163226367	-0.9756025096867675	0.5963577685569387	0.6981436817629166	NPC.CAS9
CPC006_SKM1_6H:BRD-K12994359-001-07-7:177.6	DB00580	Valdecoxib	0.16911591175683832	0.9772860683101544	0.5972245443905702	0.6990081385667408	SKM1
CPC006_THP1_6H:BRD-K41895714-001-02-2:10	DB04769	5-QUINOXALIN-6-YLMETHYLENE-THIAZOLIDINE-2,4-DIONE	0.18876918478862698	0.9797001053814293	0.5992982456140351	0.7012845392380823	THP1
LJP008_NPC_24H:A07	DB07232	Veliparib	0.17002938173023208	0.9755172680550739	0.5994811091292362	0.7013478239136027	NPC
CPC006_SKM1_6H:BRD-K71799949-001-20-8:96	DB00564	Carbamazepine	0.1733097666302633	0.9739972230790219	0.6002234636871508	0.7020655032732439	SKM1
CPC006_U937_6H:BRD-K50128260-001-01-6:160	DB00203	Sildenafil	-0.18085023878969794	-0.9747319447817767	0.6011380717199915	0.7029843114853067	U937
CPC006_SKM1_6H:BRD-K08316444-001-04-3:0.63	DB11457	Rotenone	0.16286401440003373	0.9840131518569408	0.6014492753623188	0.7031972420831233	SKM1
LJP008_NPC.TAK_24H:H17	DB11841	Entinostat	0.1677718855352342	0.9816023958023158	0.6016813450760609	0.7033175800137856	NPC.TAK
LJP009_NPC.TAK_24H:G16	DB01254	Dasatinib	-0.16762566723193437	-0.9800657772371233	0.6032634032634032	0.7050155566893764	NPC.TAK
CPC018_NPC_24H:BRD-K91263825-001-03-6:10	DB00540	Nortriptyline	0.1711127907962383	0.9748785180932945	0.6039925140361821	0.7057162049862793	NPC
CPC006_THP1_6H:BRD-K56343971-001-02-3:10	DB08881	Vemurafenib	-0.17413607029040826	-0.9742590603404103	0.6054061216377369	0.7072161601113502	THP1
DOSBIO002_NPC_24H:BRD-A75409952:0.37037	DB08059	Wortmannin	0.17561635164676304	0.9729367469388774	0.6061550447993767	0.7079391752042473	NPC
CPC006_U937_6H:BRD-K48692744-001-01-2:10	DB02690	NU1025	-0.1744334285137883	-0.9740975883566022	0.6075186433752171	0.7093796165997925	U937
LJP008_NPC_24H:M14	DB01262	Decitabine	-0.1915977286965291	-0.9773881073307905	0.607754279959718	0.7094328457337644	NPC
LJP007_NPC_24H:K23	DB01590	Everolimus	0.17244044837007538	0.9732684765312773	0.6078247627972355	0.7094328457337644	NPC
CPC006_PL21_6H:BRD-A93255169-001-13-5:10	DB01041	Thalidomide	0.16500315735599386	0.978348906815984	0.6092160383004189	0.7109043378153164	PL21
LPROT003_NPC_6H:H15	DB12270	Losmapimod	-0.1733873460150626	-0.9733499230620369	0.6096993854841388	0.7113159497314954	NPC
CPC006_SKM1_6H:BRD-K68185022-001-06-4:70.07	DB15588	Ursolic acid	0.1689603814292828	0.9721603700192373	0.6101500744644289	0.7116892922538617	SKM1
CPC006_PL21_6H:BRD-K12994359-001-07-7:177.6	DB00580	Valdecoxib	-0.16802270846945555	-0.9768529283692898	0.6109228622682878	0.7124380959128684	PL21
AML001_HL60_24H:BRD-K19706299:0.37037	DB00374	Treprostinil	-0.13730170116457563	-0.9790487930171882	0.6127167630057804	0.714377112252083	HL60
LJP008_NPC_24H:I04	DB16239	Molibresib	0.17463707987066876	0.9726977017786445	0.6129071760960079	0.7144259193806103	NPC
LJP007_NEU_24H:I08	DB06589	Pazopanib	-0.19487869153347412	-0.9740372701680625	0.6130209917858229	0.7144259193806103	NEU
AML001_U937_24H:BRD-A75409952:1.11111	DB08059	Wortmannin	-0.1656204384257781	-0.9818689924448073	0.6140969162995594	0.7155267022181002	U937
PCLB001_JURKAT_6H:BRD-A58955223-001-02-0:1.11	DB12422	Sulforaphane	-0.16799264868320654	-0.969611816214789	0.6160823731306693	0.7176865463250535	JURKAT
LPROT003_NPC_6H:P17	DB12015	Alpelisib	0.20013263165058565	0.9777162664785863	0.616293034427542	0.717778414348245	NPC
LJP009_NPC.CAS9_24H:O04	DB07101	PD-0325901	-0.17529796722927457	-0.9727128614403198	0.6168792466324949	0.7183075426898797	NPC.CAS9
CPC006_U937_6H:BRD-K71799949-001-20-8:96	DB00564	Carbamazepine	-0.16366221442296716	-0.9762911465787545	0.6179851250845165	0.719441426081718	U937
LJP009_NEU_24H:G09	DB08521	4-[4-(4-Fluorophenyl)-2-[4-[(R)-methylsulfinyl]phenyl]-1H-imidazol-5-yl]pyridine	0.15920595405072954	0.991776572398129	0.6190476190476191	0.7205243285602336	NEU
NMH001_NPC_24H:BRD-K60511616-001-01-2:10	DB00175	Pravastatin	0.1710918512163359	0.972335676379041	0.6194822684423164	0.7207956730302383	NPC
CPC006_PL21_6H:BRD-A38030642-001-02-0:10	DB00091	Cyclosporine	-0.15988510454461988	-0.9801905875130817	0.6195454545454545	0.7207956730302383	PL21
DOSBIO002_NEU_24H:BRD-K81418486:1.11111	DB02546	Vorinostat	-0.16791630790624823	-0.9786784665869056	0.6210335448776065	0.7221980466723359	NEU
LJP007_NPC_24H:I03	DB01268	Sunitinib	0.18081633085479115	0.968338123576021	0.6211031175059952	0.7221980466723359	NPC
NMH002_NEU_24H:BRD-A99117172-001-01-1:10	DB01611	Hydroxychloroquine	0.166134881725532	0.9705947766423311	0.6211486688603051	0.7221980466723359	NEU
NMH002_NEU_24H:BRD-K27305650-001-11-7:10	DB02656	LY-294002	0.19661672731061638	0.9753374193811561	0.621453634085213	0.7223106218068488	NEU
LJP007_NPC.CAS9_24H:L10	DB11836	Sapanisertib	0.19841951159573254	0.9753377513627406	0.6215107553776889	0.7223106218068488	NPC.CAS9
CPC013_NPC_24H:BRD-K63068307-001-01-4:10	DB12904	ZSTK-474	0.17892475412031641	0.9731743236762408	0.6221169686985173	0.7228608942889109	NPC
LJP007_JURKAT_24H:A04	DB05134	Tanespimycin	-0.17276891722093524	-0.9746583157600412	0.6223750232298829	0.7230064796309604	JURKAT
LJP007_NPC_24H:E09	DB05913	OSI-930	0.16251324610917928	0.9836739433468072	0.622895622895623	0.723456933736311	NPC
CPC017_NPC_24H:BRD-K07220430-001-03-6:10	DB00568	Cinnarizine	-0.17239474188086532	-0.9703780632089835	0.6234567901234568	0.7239543025612678	NPC
LJP007_JURKAT_24H:F04	DB12848	PF-04217903	-0.1688505932807027	-0.9726819786645121	0.6236213876867235	0.7239910631724358	JURKAT
AML001_U937_24H:BRD-K27316855:3.33333	DB00136	Calcitriol	-0.1704093504867479	-0.9701684862484357	0.6239336492890996	0.724199201625839	U937
CPC006_SKM1_6H:BRD-A35588707-001-03-0:1.25	DB00444	Teniposide	-0.14580255147992136	-0.975665782496088	0.625	0.7252823353931387	SKM1
CPC018_NPC_24H:BRD-K73109821-001-10-2:10	DB01119	Diazoxide	0.19001657733824098	0.9729603402201026	0.6274055415617128	0.7279187429367465	NPC
NMH001_NEU_24H:BRD-K52256627-300-04-1:10	DB00878	Chlorhexidine	-0.17384543500671606	-0.9703270048283335	0.6280538672387082	0.7285157318385527	NEU
CPC006_THP1_6H:BRD-K14888893-001-05-6:10	DB00350	Minoxidil	0.16571960031546218	0.9711255431110692	0.6294777139732021	0.7300118463156002	THP1
LJP007_JURKAT_24H:B17	DB12200	Tivantinib	0.18795328254855354	0.9722297452158377	0.6302146618063994	0.730701566909925	JURKAT
LJP008_NPC_24H:P16	DB11662	Rabusertib	0.1724200792227899	0.968049653409425	0.6303407934893184	0.730701566909925	NPC
LJP007_NPC.CAS9_24H:I23	DB13005	Rebastinib	-0.17486949665124443	-0.9689406725872234	0.6309582919563058	0.7312617276003494	NPC.CAS9
LJP007_NPC_24H:I17	DB11526	Masitinib	-0.16430163671038645	-0.9824533996035457	0.631578947368421	0.7315514429839399	NPC
NMH001_NPC_6H:BRD-K53857191-001-17-7:10	DB00734	Risperidone	-0.1657985828811349	-0.9777812649413683	0.6316046966731899	0.7315514429839399	NPC
LJP007_NPC.CAS9_24H:M19	DB12874	Quizartinib	-0.1921128364451316	-0.9697344615827429	0.6316112531969309	0.7315514429839399	NPC.CAS9
CPC006_PL21_6H:BRD-K53414658-001-01-7:10	DB11800	Tivozanib	0.17633644071115162	0.9669007205797399	0.6324481865284974	0.7323650486570693	PL21
LPROT002_NPC.TAK_6H:O04	DB00864	Tacrolimus	0.1861897796315129	0.9691915405895642	0.6326405242141906	0.7324320354741671	NPC.TAK
CPC017_NPC_24H:BRD-A20527803-001-01-2:10	DB05511	Piclidenoson	-0.1624495485493212	-0.968750614919267	0.6356416329942873	0.7357501239717086	NPC
AML001_HL60_6H:BRD-K26684619:1.11111	DB08784	2-(4-CHLORO-PHENYLAMINO)-NICOTINIC ACID	0.15407928289991882	0.990347483653578	0.6363636363636364	0.7364293165398137	HL60
LJP008_NPC_24H:L18	DB08756	Y-27632	-0.17139630810566253	-0.9677554503965994	0.6386621016592047	0.7389321873031717	NPC
LJP009_NEU_24H:M18	DB06314	SGX-523	0.1811327561504341	0.9670984801714135	0.6389596602972399	0.7391194371237827	NEU
CPC006_U937_6H:BRD-A56592690-001-01-9:30	DB05448	PX-12	0.15939546183048697	0.9741025552790715	0.6415094339622641	0.7419113139431919	U937
CPC006_SKM1_6H:BRD-A70449690-001-01-4:10	DB02587	Colforsin	-0.16107848191889415	-0.9822250572023707	0.6419753086419753	0.7422924693979187	SKM1
LJP008_NPC_24H:G08	DB02546	Vorinostat	0.17466325622693352	0.9656357543884044	0.6434916498874808	0.7438878211180684	NPC
LJP007_NPC_24H:D09	DB08875	Cabozantinib	0.16546379426760185	0.970090686211081	0.6438254410399257	0.7440458343792615	NPC
CPC013_NPC_24H:BRD-K05658747-237-01-1:10	DB06817	Raltegravir	-0.1808997108598459	-0.9658661595718078	0.6439942112879884	0.7440458343792615	NPC
CPC018_NPC_24H:BRD-K61250553-003-16-5:10	DB00836	Loperamide	0.18193065210076045	0.9676592465586487	0.6440382047858684	0.7440458343792615	NPC
LJP007_NPC_24H:O02	DB07101	PD-0325901	-0.17042487793614877	-0.9668039028642983	0.6453713968957872	0.7454079490618217	NPC
CPC015_NPC_24H:BRD-K84658672-001-03-0:10	DB00731	Nateglinide	-0.1910152328501936	-0.9691792959155939	0.6454909819639278	0.7454079490618217	NPC
LJP009_NPC_24H:D21	DB13061	MLN8054	-0.15972185739608394	-0.9775515353528245	0.6460980036297641	0.7458061715535704	NPC
CPC017_NPC_24H:BRD-K18618618-001-01-6:10	DB00501	Cimetidine	0.16545067826620774	0.965973895234521	0.6461097167443528	0.7458061715535704	NPC
NMH002_NPC_24H:BRD-K52313696-001-10-7:10	DB12291	Tacedinaline	0.16585330958177139	0.9638038549015483	0.6466546876651517	0.7462770563730485	NPC
CPC014_NEU_24H:BRD-K58772419-001-02-1:10	DB14980	AZD-6482	0.1964044862930752	0.9698777879561955	0.6478901473388794	0.7475444369507495	NEU
CPC006_NOMO1_6H:BRD-K59597909-001-10-1:10	DB11447	Phenothiazine	0.20326874431729858	0.9711968036435086	0.650965096509651	0.7509332589687692	NOMO1
CPC006_U937_6H:BRD-A56359832-001-03-8:160	DB00744	Zileuton	0.18069331215718598	0.9646015467521034	0.6512977421396919	0.7510892431532593	U937
LJP007_NPC_24H:P13	DB05294	Vandetanib	-0.15946358555919535	-0.9768003788288819	0.6513761467889908	0.7510892431532593	NPC
LJP007_NPC.TAK_24H:P02	DB09054	Idelalisib	-0.17839877234167528	-0.9646120697485672	0.6519666269368296	0.7516109759309851	NPC.TAK
LJP007_NEU_24H:I04	DB01268	Sunitinib	-0.1680235395188659	-0.9723059165348603	0.6535451197053407	0.7532712638974149	NEU
CPC006_THP1_6H:BRD-K98530306-003-07-6:10	DB00575	Clonidine	-0.17021030815780175	-0.9641069930354792	0.6548532456460845	0.7546192923801474	THP1
CPC016_NEU_24H:BRD-K11399644-003-03-0:10	DB00914	Phenformin	0.1667840686815579	0.9693702453236033	0.655145013905443	0.7547957998157484	NEU
LJP008_NPC.TAK_24H:M16	DB01262	Decitabine	0.1651515860546515	0.9755159254856401	0.6559657570893526	0.7554517484838964	NPC.TAK
LJP009_NPC.TAK_24H:D14	DB16108	TAK-715	0.1719021949028712	0.9635549531167208	0.6560424966799469	0.7554517484838964	NPC.TAK
CPC016_NPC_24H:BRD-K93658967-001-01-7:10	DB07364	6-PHENYL[5H]PYRROLO[2,3-B]PYRAZINE	-0.1713949949031106	-0.9651262912784142	0.6561305123629875	0.7554517484838964	NPC
NMH001_NEU_6H:BRD-A57226833-001-01-1:10	DB07780	Farnesyl diphosphate	-0.17019376573206674	-0.9680830777782353	0.6569952305246423	0.7562874710287892	NEU
LJP007_NPC.TAK_24H:E02	DB11743	Ipatasertib	0.17262441667652687	0.9631034348718699	0.6571428571428571	0.7562975486052409	NPC.TAK
LJP008_NPC.CAS9_24H:G10	DB02546	Vorinostat	-0.16657380912629513	-0.9710505553596266	0.6579476861167002	0.7570638281410415	NPC.CAS9
LJP008_NPC.CAS9_24H:K21	DB12332	Rucaparib	-0.16819330773836508	-0.9689098537473617	0.6581409856519027	0.7571262796494006	NPC.CAS9
NMH002_NEU_6H:BRD-K12184916-001-08-9:10	DB11651	Dactolisib	0.21274128817204987	0.970262400639597	0.66	0.7591045406546991	NEU
DOSBIO002_NPC_24H:BRD-K27305650:3.33333	DB02656	LY-294002	0.16988755632102653	0.9639782271845655	0.6601548540798094	0.7591223258696457	NPC
CPC016_NEU_24H:BRD-A69960130-066-01-4:10	DB01200	Bromocriptine	-0.17124124037004676	-0.9652228269903474	0.6603223117532648	0.7591545935841841	NEU
CPC006_U937_6H:BRD-A14395271-001-01-5:10	DB00933	Mesoridazine	-0.1580359319367001	-0.9746452108656082	0.6605691056910569	0.7592780391712739	U937
LJP007_NEU_24H:B07	DB07970	5-[(2-methyl-5-{[3-(trifluoromethyl)phenyl]carbamoyl}phenyl)amino]pyridine-3-carboxamide	0.1695156899056006	0.9670138243195153	0.6617939000180473	0.760525338573177	NEU
LJP008_NEU_24H:P16	DB11662	Rabusertib	-0.17675003517274834	-0.9629461631475899	0.6635802469135802	0.7622691846343426	NEU
CPC006_THP1_6H:BRD-U88459701-000-01-8:10	DB01076	Atorvastatin	0.16915019899326647	0.9635011014902717	0.6635912971633159	0.7622691846343426	THP1
LPROT003_NPC_6H:H21	DB01950	AR-AO-14418	0.15951121602114512	0.9780825510608762	0.6639344262295082	0.7625025063783006	NPC
NMH002_NPC_24H:BRD-K43736954-001-19-9:10	DB14681	Cortisone	0.16773675197495722	0.9658511470229622	0.6641316157069688	0.7625681592115016	NPC
LJP009_NPC_24H:M13	DB06314	SGX-523	-0.17295324196142853	-0.9626979685491271	0.6648571797854466	0.7632403459341361	NPC
LPROT003_NPC_6H:N21	DB02010	Staurosporine	-0.15159827024269049	-0.9725877980065318	0.6666666666666666	0.7651563048823322	NPC
NMH002_NEU_6H:BRD-K23984367-075-10-3:10	DB15414	CM-4307	0.18562497167548145	0.9624171275617829	0.6694767143004009	0.7682195925157993	NEU
LJP007_NPC_24H:J23	DB03044	Doramapimod	-0.1716768115071614	-0.9599916406189127	0.6711083437110834	0.7699296481673816	NPC
LJP008_NPC.TAK_24H:P16	DB11662	Rabusertib	0.1711655062241001	0.9589495812526747	0.6714018691588785	0.7701041658465148	NPC.TAK
LJP008_NPC_24H:P15	DB11662	Rabusertib	0.17111173140753372	0.9600518592831983	0.6723595505617977	0.7709242947368421	NPC
CPC006_THP1_6H:BRD-K22134346-001-09-0:10	DB00641	Simvastatin	0.21575469535590927	0.9686923415577363	0.6724	0.7709242947368421	THP1
CPC018_NPC_24H:BRD-A23072235-050-09-4:10	DB01620	Pheniramine	-0.1704308056882853	-0.958642509702716	0.6727471327143637	0.7711020856239574	NPC
CPC015_NPC_24H:BRD-A64092382-003-09-2:10	DB07129	(2R)-1-(2,6-dimethylphenoxy)propan-2-amine	-0.16198425135373315	-0.9681135326649525	0.6728382502543235	0.7711020856239574	NPC
NMH002_NEU_24H:BRD-K41260949-001-14-1:10	DB00313	Valproic acid	0.1675458520064593	0.9725093518859588	0.673705047838997	0.771859405358726	NEU
LJP009_NPC_24H:I20	DB11363	Alectinib	0.16995280277976627	0.9613336606510486	0.6737825216811207	0.771859405358726	NPC
CPC006_WSUDLCL2_6H:BRD-A13084692-001-04-1:10	DB08607	(5R)-5-(4-{[(2R)-6-HYDROXY-2,5,7,8-TETRAMETHYL-3,4-DIHYDRO-2H-CHROMEN-2-YL]METHOXY}BENZYL)-1,3-THIAZOLIDINE-2,4-DIONE	-0.19792177824144586	-0.9651308324067067	0.6753675367536753	0.773512430107364	WSUDLCL2
NMH002_NPC_24H:BRD-K30466858-335-01-5:10	DB08846	Ellagic acid	-0.16536029180652717	-0.9681203309126395	0.6755545068428505	0.7735638865151732	NPC
CPC006_SKM1_6H:BRD-A67373739-001-01-4:10	DB01700	AICA ribonucleotide	-0.18736437689568208	-0.9622909345308467	0.6774646474776853	0.7754886083201128	SKM1
CPC013_NEU_24H:BRD-K76908866-001-01-9:10	DB12302	CP-724714	0.1884023580698452	0.9620762953121452	0.6775201612903226	0.7754886083201128	NEU
CPC006_THP1_6H:BRD-A17883755-001-02-0:177.6	DB00480	Lenalidomide	0.2030418967445091	0.9667484419497849	0.678	0.7757468694887962	THP1
NMH001_NEU_6H:BRD-K03243820-001-16-2:10	DB00432	Trifluridine	-0.18977583400483214	-0.9616719409262628	0.678030682843678	0.7757468694887962	NEU
CPC006_WSUDLCL2_6H:BRD-K35723520-001-01-0:10	DB06179	Darinaparsin	-0.17136865979925905	-0.9575248962473863	0.6785510878232145	0.776179211150016	WSUDLCL2
CPC018_NPC_24H:BRD-K10207760-236-03-0:10	DB11423	Lasalocid	0.18218694116104528	0.9581076707800411	0.6815195071868583	0.779411011369095	NPC
LJP007_NPC_24H:B18	DB12200	Tivantinib	0.16872759964495926	0.9638710227155395	0.6823962516733602	0.7802498397256181	NPC
CPC006_WSUDLCL2_6H:BRD-K93754473-001-06-0:28.39	DB00675	Tamoxifen	0.17258127578171537	0.9598813428347368	0.6827525695663074	0.7804933866200903	WSUDLCL2
NMH002_NEU_24H:BRD-K21283037-001-15-7:10	DB00740	Riluzole	-0.1937742172048993	-0.9596846278185196	0.6836209506509234	0.7813220770713387	NEU
CPC018_NPC_24H:BRD-K37846922-001-04-5:10	DB11875	3,3'-diindolylmethane	0.1565768773159896	0.9718523864587544	0.685785536159601	0.7835489650016669	NPC
LJP007_NPC.CAS9_24H:C05	DB11800	Tivozanib	-0.1765434776919404	-0.9582330100713189	0.6859316452821619	0.7835489650016669	NPC.CAS9
CPC016_NEU_24H:BRD-K92073408-001-03-3:10	DB00717	Norethisterone	0.1957408570933082	0.9616571445236411	0.686001003512293	0.7835489650016669	NEU
CPC006_THP1_6H:BRD-K98548675-001-02-6:10	DB13063	Parthenolide	0.1729391741476187	0.9564431540867485	0.6864594894561599	0.7839082364391375	THP1
CPC006_THP1_6H:BRD-K15108141-001-01-7:0.08	DB00441	Gemcitabine	0.16754285759545615	0.964602857972482	0.689419795221843	0.7871237326578946	THP1
LJP008_NPC_24H:N08	DB02665	(1R,2S)-2-Phenylcyclopropanaminium	-0.1675653832655316	-0.9606899287971428	0.6925282207489697	0.7905069566545564	NPC
LJP009_NEU_24H:H14	DB07138	Neflamapimod	-0.1730608717937433	-0.95439447441781	0.6930157011369789	0.7908976337787065	NEU
NMH002_NEU_24H:BRD-K93258693-001-12-4:10	DB07863	2-chloro-5-nitro-N-phenylbenzamide	-0.17601875883746756	-0.956386834838452	0.693577772716921	0.7913732558592818	NEU
LJP008_NPC_24H:P13	DB11662	Rabusertib	-0.16357037125441687	-0.9709231581642033	0.6937354988399071	0.7913874165651726	NPC
LJP008_NPC.CAS9_24H:G16	DB01254	Dasatinib	0.20963444981924417	0.9623784413793038	0.6941	0.7916374031413613	NPC.CAS9
NMH002_NPC_24H:BRD-A19500257-001-03-9:10	DB02424	Geldanamycin	0.19861930995348545	0.9623881953571933	0.6951	0.7926119346733669	NPC
LPROT002_NPC.TAK_6H:I04	DB08877	Ruxolitinib	-0.16368319061836845	-0.9681062522313505	0.6962356792144027	0.793740738748511	NPC.TAK
PCLB001_JURKAT_24H:BRD-A58955223-001-02-0:0.37	DB12422	Sulforaphane	-0.20558808969769415	-0.9604951480532419	0.6965	0.793875889493512	JURKAT
CPC006_THP1_6H:BRD-K82746043-001-03-7:10	DB12340	Navitoclax	0.21577812258105947	0.9651580180279488	0.697	0.7942795563925507	THP1
LJP009_NPC.TAK_24H:I06	DB11798	Tanzisertib	0.1581828263750967	0.9700562855899773	0.6971649484536082	0.7943013199327092	NPC.TAK
CPC018_NPC_24H:BRD-K32501161-300-04-7:10	DB03701	Vanoxerine	0.16520314424307606	0.9548570309961497	0.6989704565801254	0.7961918231615484	NPC
LJP007_NPC.TAK_24H:M03	DB07794	5-(2-PHENYLPYRAZOLO[1,5-A]PYRIDIN-3-YL)-1H-PYRAZOLO[3,4-C]PYRIDAZIN-3-AMINE	-0.21202572578537396	-0.9628370626510409	0.6996	0.7966094846013723	NPC.TAK
CPC015_NPC_24H:BRD-K09631521-001-05-7:10	DB04572	Thiotepa	-0.1899732541853414	-0.9577812406996888	0.69962966670003	0.7966094846013723	NPC
LJP007_NPC.CAS9_24H:I12	DB06589	Pazopanib	0.18451162434273496	0.9540799737486553	0.7005461165048543	0.7974862354693638	NPC.CAS9
CPC013_NEU_24H:BRD-K29733039-001-01-1:10	DB06233	Ridaforolimus	-0.17234527160001617	-0.9574025483279103	0.701858844031368	0.7988136394137576	NEU
LJP009_NPC_24H:M17	DB06314	SGX-523	0.16198162030966984	0.9714271299099695	0.7029850746268657	0.799928273384436	NPC
LJP009_NPC_24H:H12	DB08912	Dabrafenib	-0.16955669190992284	-0.9538515739996418	0.7044838630204484	0.8014662874471197	NPC
CPC006_NOMO1_6H:BRD-A35108200-001-04-7:10	DB01234	Dexamethasone	0.1695720108595164	0.952443369686165	0.7049466338259441	0.8018252647903282	NOMO1
CPC016_NPC_24H:BRD-K79425933-001-03-6:10	DB12867	Benperidol	-0.1790824357396483	-0.9539499970023927	0.7054329371816639	0.8021461311024611	NPC
CPC006_NOMO1_6H:BRD-K98530306-003-07-6:10	DB00575	Clonidine	-0.1940500343433113	-0.9563872776574036	0.7055233139883931	0.8021461311024611	NOMO1
CPC006_PL21_6H:BRD-K55395145-001-01-7:88.8	DB00642	Pemetrexed	0.1630622128373878	0.9638198942819756	0.7060156053360181	0.8025382981966093	PL21
LJP009_NPC_24H:N11	DB08896	Regorafenib	-0.16763706565292752	-0.9532236919406244	0.7071915759243748	0.8037072876636362	NPC
AML001_HL60_6H:BRD-K27316855:1.11111	DB00136	Calcitriol	0.16891735230265553	0.957486606094301	0.7075525269733106	0.8039321165406191	HL60
NMH002_NPC_6H:BRD-K11129031-001-22-6:10	DB01241	Gemfibrozil	-0.16895344819264427	-0.9545883820598654	0.7076846431685141	0.8039321165406191	NPC
LJP009_NEU_24H:G11	DB08521	4-[4-(4-Fluorophenyl)-2-[4-[(R)-methylsulfinyl]phenyl]-1H-imidazol-5-yl]pyridine	-0.16334601645975574	-0.9582533687134671	0.7082678403017919	0.8044268317588236	NEU
CPC006_SKM1_6H:BRD-K00766422-001-01-9:80	DB03459	Sparfosic acid	-0.16288118105151722	-0.964160434774181	0.7085714285714285	0.804603836530442	SKM1
LJP007_JURKAT_24H:O06	DB07101	PD-0325901	0.18522459889893017	0.9528059342665763	0.7097683786505539	0.8057949948157007	JURKAT
LJP008_NPC_24H:M04	DB02709	Resveratrol	0.16156037511465837	0.9660653471187376	0.7101206434316354	0.8059017110503135	NPC
CPC016_NPC_24H:BRD-K61496577-001-03-8:10	DB00663	Flumethasone	-0.168422320650833	-0.9507269759138675	0.7101583384741929	0.8059017110503135	NPC
CPC015_NPC_24H:BRD-A48720949-001-03-2:10	DB01420	Testosterone propionate	-0.1766131008579044	-0.9525307059146565	0.7107947539513507	0.80645588125397	NPC
LJP008_NPC_24H:A10	DB07232	Veliparib	-0.16868947999749218	-0.9521779157688142	0.7127916331456154	0.8084640663998985	NPC
NMH002_NPC_24H:BRD-K18910433-001-24-2:10	DB00783	Estradiol	-0.17166718998564434	-0.9523892953146412	0.7128616318127641	0.8084640663998985	NPC
NMH001_NPC_6H:BRD-K67097529-001-01-1:10	DB04466	SR12813	0.18760149763517142	0.9543998406190355	0.7132699048572859	0.8087586720492982	NPC
LJP008_NPC.TAK_24H:H18	DB11841	Entinostat	0.17881099050495916	0.9513857882788366	0.7140045916693998	0.8094231903063179	NPC.TAK
CPC006_PL21_6H:BRD-K36927236-001-17-7:10	DB01016	Glyburide	0.1545749536353052	0.9893844118666449	0.7142857142857143	0.809573361082206	PL21
LJP007_JURKAT_24H:E12	DB05913	OSI-930	0.16828526723674178	0.952418298275748	0.7156337668962	0.810932479092115	JURKAT
LJP009_NEU_24H:O02	DB07101	PD-0325901	-0.17027051746552704	-0.9534993969938715	0.7162690389540369	0.81146306156406	NEU
LJP007_NPC.TAK_24H:D04	DB12494	SGI-1776	0.21790433623092698	0.9589064718889471	0.7164	0.81146306156406	NPC.TAK
CPC006_PL21_6H:BRD-K50590187-001-10-8:160	DB09120	Zucapsaicin	-0.16855248951220977	-0.9556521030139296	0.7170356111645814	0.8120141273450426	PL21
LJP007_NPC_24H:M04	DB07794	5-(2-PHENYLPYRAZOLO[1,5-A]PYRIDIN-3-YL)-1H-PYRAZOLO[3,4-C]PYRIDAZIN-3-AMINE	0.15526331296965196	0.9681463551230096	0.72	0.8150780473560506	NPC
LJP009_NEU_24H:L20	DB12588	AZD-1480	0.187224575119112	0.951560072509747	0.7200404858299595	0.8150780473560506	NEU
LPROT001_NPC.TAK_6H:I24	DB02424	Geldanamycin	0.17095020601372612	0.9559467334219272	0.7217768871075484	0.8168738418927075	NPC.TAK
LJP007_NPC_24H:B08	DB07970	5-[(2-methyl-5-{[3-(trifluoromethyl)phenyl]carbamoyl}phenyl)amino]pyridine-3-carboxamide	-0.1948027037713785	-0.9520593420821296	0.7220108151411977	0.816968813475787	NPC
CPC014_NPC_24H:BRD-K16485616-001-03-0:10	DB11830	Mocetinostat	0.19884541366580144	0.9557428489121418	0.7225	0.8172911091902444	NPC
CPC018_NPC_24H:BRD-K35531059-001-02-4:10	DB09282	Molsidomine	0.18827602510442018	0.952973375024582	0.7226688102893891	0.8172911091902444	NPC
CPC006_WSUDLCL2_6H:BRD-U94846492-000-01-1:10	DB00908	Quinidine	-0.1647732483889277	-0.9579146913257521	0.7227458651965143	0.8172911091902444	WSUDLCL2
CPC006_NOMO1_6H:BRD-K64890080-001-03-9:10	DB16107	BI 2536	0.16614335571042974	0.9482488123757303	0.72398091934085	0.8185177676417416	NOMO1
CPC015_NPC_24H:BRD-K97863768-001-02-8:10	DB12667	Protionamide	-0.18043171974251368	-0.9493110523978957	0.7242564157629121	0.8186592860616063	NPC
CPC015_NPC_24H:BRD-K92428153-001-01-0:10	DB00688	Mycophenolate mofetil	0.1557711657310654	0.9701635709534462	0.7245053272450532	0.8187707018419921	NPC
CPC015_NPC_24H:BRD-K04218075-048-03-4:10	DB06735	Enclomiphene	0.14194867472772693	0.9675669843335174	0.7261261261261261	0.8204321333781915	NPC
CPC016_NPC_24H:BRD-K64994968-001-03-6:10	DB00396	Progesterone	-0.17253464774223104	-0.9508772747566429	0.7265922354732302	0.8207884908498676	NPC
CPC006_NOMO1_6H:BRD-K81418486:10	DB02546	Vorinostat	0.19132317700421733	0.9529657092463327	0.726818045413624	0.8208733047122764	NOMO1
LJP008_NPC.TAK_24H:M15	DB01262	Decitabine	-0.16182008130036318	-0.9670773346033051	0.7289879931389366	0.8231533507432404	NPC.TAK
LPROT001_NPC.TAK_6H:I22	DB02424	Geldanamycin	-0.16768188169122503	-0.9583060223276635	0.7316837425091823	0.826026049275499	NPC.TAK
CPC014_NPC_24H:BRD-K41170226-001-05-4:10	DB03619	Deoxycholic acid	0.1709463644311396	0.9483863107481617	0.7321210641933121	0.826348459191042	NPC
CPC014_NEU_24H:BRD-K83837640-001-01-4:10	DB12985	Quisinostat	-0.17077441956624806	-0.9469500035804731	0.7338438333913447	0.8281213254557115	NEU
LJP009_NPC.CAS9_24H:H13	DB07138	Neflamapimod	-0.2088752499038222	-0.9548382089639397	0.7368	0.8311603366327998	NPC.CAS9
CPC013_NPC_24H:BRD-K22096725-001-01-9:10	DB07970	5-[(2-methyl-5-{[3-(trifluoromethyl)phenyl]carbamoyl}phenyl)amino]pyridine-3-carboxamide	0.15504222215762792	0.9653674955212398	0.7368421052631579	0.8311603366327998	NPC
LJP007_JURKAT_24H:F02	DB12848	PF-04217903	-0.17316936887534756	-0.9462578530924814	0.7386684751893298	0.8330479428206855	JURKAT
LJP009_NPC_24H:I01	DB11798	Tanzisertib	-0.18214305970541358	-0.9464954285883065	0.7411300919842313	0.8356510312517854	NPC
CPC006_NOMO1_6H:BRD-K13049116-001-01-6:10	DB15399	BMS-754807	-0.1714637137393248	-0.9455886080381519	0.7422387407083516	0.8367278372795866	NOMO1
LJP007_NPC.TAK_24H:F06	DB12848	PF-04217903	-0.1603724114917454	-0.9673363303541463	0.7429193899782135	0.8371698182753212	NPC.TAK
CPC015_NPC_24H:BRD-K52397688-001-01-9:10	DB08927	Amperozide	0.16559899879255136	0.9495097766897247	0.7429382540809084	0.8371698182753212	NPC
CPC016_NPC_24H:BRD-A58207013-001-01-2:10	DB06762	Pinacidil	-0.16483546525889606	-0.9568103369447329	0.7433793360686312	0.8374935590049163	NPC
CPC006_WSUDLCL2_6H:BRD-K15108141-001-01-7:0.08	DB00441	Gemcitabine	0.1664450106957666	0.950952600544041	0.7441697105928632	0.8382105985292105	WSUDLCL2
CPC013_NPC_24H:BRD-K16478699-001-01-9:10	DB06999	PLX-4720	-0.17381060401898107	-0.9434727113472421	0.7457059522523496	0.8397672903156111	NPC
LJP007_NPC.CAS9_24H:K10	DB11962	GSK-1059615	0.19745864584311362	0.9485081706621588	0.7460476285771462	0.8399783719725323	NPC.CAS9
LJP009_NPC_24H:I23	DB11363	Alectinib	-0.17768413316316567	-0.9439253788570403	0.7480844895423483	0.8420975878560623	NPC
CPC013_NEU_24H:BRD-K15600710-066-01-7:10	DB12191	Obatoclax	-0.16542673702290578	-0.9553693200357564	0.749795584627964	0.8438492981781137	NEU
LJP009_NPC_24H:F03	DB11962	GSK-1059615	-0.17281347534543473	-0.9426562526433243	0.7501331912626532	0.8440548263670267	NPC
LJP007_JURKAT_24H:N18	DB09330	Osimertinib	0.1639130000738595	0.9579279816812946	0.7506775067750677	0.8444928117944678	JURKAT
CPC006_U937_6H:BRD-K08316444-001-04-3:0.63	DB11457	Rotenone	0.16293153907915178	0.9472704827757416	0.7512904102146156	0.8450077600224694	U937
LJP007_NPC.CAS9_24H:P05	DB09054	Idelalisib	-0.17885245738198427	-0.942427969782582	0.7517362910749456	0.8453346770997633	NPC.CAS9
LJP007_NPC_24H:P07	DB07859	4-(4-CHLOROPHENYL)-4-[4-(1H-PYRAZOL-4-YL)PHENYL]PIPERIDINE	0.17328170947398644	0.9407743141958198	0.7559921818742927	0.8499449674829476	NPC
LJP007_NEU_24H:K03	DB12064	BMS-777607	-0.17272275452902144	-0.9424298356875865	0.7567749160134378	0.8506493689595835	NEU
LJP007_NPC.TAK_24H:I23	DB13005	Rebastinib	0.16694864726678152	0.9500725743466798	0.7577552611067809	0.8515755575706828	NPC.TAK
CPC006_NOMO1_6H:BRD-K77947974-001-05-6:4.21	DB04842	Fluspirilene	0.14937086272121897	0.9771082726362856	0.7586206896551724	0.8523722458968576	NOMO1
NMH002_NEU_6H:BRD-K00959089-001-02-2:10	DB04795	Thenoyltrifluoroacetone	-0.16187064411984245	-0.9403819138981538	0.759613196814562	0.8533113592929258	NEU
LJP007_JURKAT_24H:G14	DB01254	Dasatinib	0.17009449797679965	0.944829812192185	0.7618683976072292	0.8556682395069025	JURKAT
AML001_U937_6H:BRD-K19706299:10	DB00374	Treprostinil	-0.16782868389080757	-0.9479476908656984	0.7620618556701031	0.8556864863226815	U937
LJP008_NPC.CAS9_24H:C08	DB13877	Iniparib	-0.16775168657598302	-0.9438628376528669	0.7621988882025942	0.8556864863226815	NPC.CAS9
CPC018_NPC_24H:BRD-K43860855-065-03-6:10	DB06704	Iobenguane	-0.15600975176838763	-0.9555835046851764	0.7626912800582949	0.8560628011536426	NPC
CPC016_NEU_24H:BRD-K49671696-045-03-6:10	DB12465	Ketanserin	-0.16741674134816675	-0.9453748245647761	0.7645183645183645	0.8579367428738951	NEU
CPC012_NPC_24H:BRD-A19248578-001-03-7:10	DB08080	Latrunculin B	0.16282894994172137	0.9578587885828038	0.7646823811426289	0.8579440147718905	NPC
LJP007_NPC_24H:G13	DB01254	Dasatinib	0.17468385099371014	0.9371960786481598	0.7650227056711374	0.8581490535705488	NPC
NMH002_NEU_24H:BRD-K12184916-001-08-9:10	DB11651	Dactolisib	0.18616899475883217	0.9415757458100835	0.7654259054881107	0.8584245225058178	NEU
LJP008_NPC.TAK_24H:O01	DB07101	PD-0325901	0.16558761846232067	0.9585057447889939	0.7658402203856749	0.8587123409965792	NPC.TAK
CPC016_NPC_24H:BRD-A69960130-066-01-4:10	DB01200	Bromocriptine	0.1680950838433414	0.9404155378226904	0.7662264995523724	0.8589686118901235	NPC
CPC016_NEU_24H:BRD-A00993607-003-15-4:10	DB00866	Alprenolol	0.16840213804618206	0.9366100187859863	0.7671815072043122	0.8598622120260722	NEU
NMH002_NPC_6H:BRD-K18910433-001-24-2:10	DB00783	Estradiol	0.16073242317354014	0.956686636192087	0.767639902676399	0.8601989526698908	NPC
LJP009_NPC.TAK_24H:E13	DB13113	JNJ-38877605	-0.16220854157673012	-0.9473660732951795	0.7691618108471537	0.8617270565467187	NPC.TAK
NMH001_NPC_6H:BRD-A31159102-001-02-7:10	DB08544	(S)-Fluoxetine	0.16886625501333113	0.9407076661166678	0.7697530141636427	0.8621060326905042	NPC
CPC006_WSUDLCL2_6H:BRD-K02113016-001-01-4:44.4	DB09074	Olaparib	0.166961018850554	0.9431678261068648	0.7698166795765556	0.8621060326905042	WSUDLCL2
LPROT001_NPC.TAK_6H:M04	DB12920	Pinometostat	0.1695163821863429	0.937347002414287	0.7701752427726308	0.862228120941158	NPC.TAK
CPC006_WSUDLCL2_6H:BRD-K80738081-001-21-1:10	DB02709	Resveratrol	0.16206627439331608	0.9500832175343384	0.7702423445425511	0.862228120941158	WSUDLCL2
LPROT001_NPC.TAK_6H:C24	DB02709	Resveratrol	-0.15897142221287958	-0.9663139345472076	0.7711864406779662	0.8630673322869297	NPC.TAK
LJP008_NPC.TAK_24H:A09	DB07232	Veliparib	0.16629445171357962	0.9410498068284732	0.7713089802130898	0.8630673322869297	NPC.TAK
CPC012_NPC_24H:BRD-A75409952:10	DB08059	Wortmannin	0.1719549164721973	0.9350395086111895	0.7715312268836522	0.863138673296707	NPC
LJP007_JURKAT_24H:H08	DB09053	Ibrutinib	0.1653706757297898	0.9523562523379376	0.7721887745193241	0.8636968712327457	JURKAT
LJP007_NPC.TAK_24H:G11	DB11963	Dacomitinib	0.16515323602487944	0.9467296669801134	0.773533642320601	0.8649906079525556	NPC.TAK
NMH001_NPC_6H:BRD-K90259198-001-01-8:10	DB04513	N-(6-Aminohexyl)-5-Chloro-1-Naphthalenesulfonamide	0.1682575753029313	0.9434259500204355	0.7736631016042781	0.8649906079525556	NPC
CPC006_THP1_6H:BRD-A09533288-003-20-5:10	DB14063	Dexverapamil	-0.1703926351353808	-0.9363899350431165	0.7758915346929475	0.8673040430906799	THP1
LPROT003_NPC_6H:F15	DB11794	Berzosertib	-0.1755289290664792	-0.9322950974961745	0.7805672268907563	0.8723515529749761	NPC
LJP008_NPC.CAS9_24H:G20	DB00928	Azacitidine	0.18406769403555495	0.9334709625572976	0.7809630687614773	0.872614869198811	NPC.CAS9
NMH002_NPC_6H:BRD-K58550667-001-04-6:10	DB12731	Daporinad	0.16871350034587274	0.9383989507780307	0.7816064918264142	0.8729863855950813	NPC
DOSBIO001_NEU_24H:BRD-A90490067:0.37037	DB00947	Fulvestrant	-0.17313660131772335	-0.9345068255627553	0.7816161616161617	0.8729863855950813	NEU
LJP007_NPC.CAS9_24H:O04	DB07101	PD-0325901	-0.16566657883082508	-0.9456537368048348	0.781843662410464	0.8730614282319842	NPC.CAS9
LJP007_NPC.TAK_24H:M23	DB12874	Quizartinib	-0.16894630530909024	-0.9358199365528928	0.7833870788390971	0.874605582484158	NPC.TAK
CPC016_NEU_24H:BRD-K37561857-001-06-4:10	DB02918	Zardaverine	-0.17086472644803036	-0.9353618825089	0.7837389380530974	0.8748190728914056	NEU
NMH001_NPC_6H:BRD-K73251053-001-01-0:10	DB04017	Clorgiline	-0.17971077835926488	-0.9293045134403863	0.7912900575184881	0.8830667322224767	NPC
CPC006_NOMO1_6H:BRD-A19500257:10	DB02424	Geldanamycin	0.15890357308285585	0.9396727761981689	0.7917759072719746	0.8834279022747743	NOMO1
CPC018_NPC_24H:BRD-A14798026-001-01-8:10	DB01357	Mestranol	-0.17849668274569097	-0.9322420758738277	0.7939024390243903	0.8856191484897233	NPC
CPC006_PL21_6H:BRD-K80738081-001-21-1:10	DB02709	Resveratrol	-0.170835876828747	-0.9301944223642318	0.7948665086073601	0.8865130055039285	PL21
CPC006_PL21_6H:BRD-K87142802-001-02-7:10	DB07232	Veliparib	0.17048690270041694	0.9294269178891568	0.7954522383514364	0.8869449892788666	PL21
NMH002_NPC_6H:BRD-K02404261-001-12-6:10	DB00201	Caffeine	-0.1860560877184765	-0.9352503278196523	0.7955795579557956	0.8869449892788666	NPC
LJP008_NEU_24H:H13	DB11841	Entinostat	0.1651835223276515	0.9512570785046364	0.7975045489992202	0.8889090818358071	NEU
LJP007_NPC.CAS9_24H:H08	DB09053	Ibrutinib	0.22076540005665607	0.9438339784003267	0.7981	0.8893698425369505	NPC.CAS9
LJP008_NPC.TAK_24H:C11	DB13877	Iniparib	-0.16688016863823527	-0.9348432485047589	0.798244544678776	0.8893698425369505	NPC.TAK
LJP007_NPC.TAK_24H:I15	DB11526	Masitinib	0.17883150939140638	0.9291845556819074	0.7992485783915516	0.8901511805168247	NPC.TAK
LJP008_NPC.CAS9_24H:J10	DB05223	Pracinostat	-0.17096069858638369	-0.9351638964193335	0.7992727272727272	0.8901511805168247	NPC.CAS9
NMH001_NPC_24H:BRD-A95696066-001-01-7:10	DB09186	Nisoxetine	0.14619758658955423	0.9783347928119995	0.8	0.8906558962580746	NPC
LJP007_NPC.CAS9_24H:D22	DB06616	Bosutinib	0.16992623853737593	0.9364887975234701	0.8000530011925269	0.8906558962580746	NPC.CAS9
CPC006_U937_6H:BRD-K40892394-001-01-9:11.1	DB07002	4-({4-[(4-methoxypyridin-2-yl)amino]piperidin-1-yl}carbonyl)benzonitrile	0.17968900066601656	0.9292401320450525	0.8018200202224469	0.8924405947540253	U937
CPC017_NPC_24H:BRD-A37704979-001-04-0:10	DB08521	4-[4-(4-Fluorophenyl)-2-[4-[(R)-methylsulfinyl]phenyl]-1H-imidazol-5-yl]pyridine	-0.1903108405618247	-0.934494065082871	0.8022	0.8926810788720884	NPC
CPC006_PL21_6H:BRD-A12409803-001-01-3:40	DB12066	Orteronel	-0.17899077979461564	-0.9298989390551786	0.8025509691674199	0.8928891885772765	PL21
LPROT003_NPC_6H:L09	DB00460	Verteporfin	-0.19807423490271645	-0.9340101902490711	0.8058	0.8963208333333332	NPC
LJP008_NPC.TAK_24H:I11	DB11830	Mocetinostat	0.16487855609246718	0.9548207735994674	0.8065173116089613	0.896935527674577	NPC.TAK
NMH002_NEU_6H:BRD-K89085489-001-14-1:10	DB05076	Fenretinide	-0.1660663946382163	-0.927460996646346	0.8073850140358454	0.8977171879214402	NEU
LJP009_NPC_24H:I06	DB11798	Tanzisertib	-0.16724888596428114	-0.9321637015768081	0.8082306495992344	0.8984739983093347	NPC
LJP007_JURKAT_24H:M05	DB07794	5-(2-PHENYLPYRAZOLO[1,5-A]PYRIDIN-3-YL)-1H-PYRAZOLO[3,4-C]PYRIDAZIN-3-AMINE	0.1646644999938756	0.9470546716891092	0.80917929007461	0.8993449823972094	JURKAT
CPC017_NPC_24H:BRD-K53318339-001-05-8:10	DB12131	Vinpocetine	0.1549318118764741	0.969187296173766	0.8095238095238095	0.8993608051135592	NPC
NMH002_NEU_24H:BRD-K87714311-001-01-9:10	DB03068	Zebularine	0.1596532836036373	0.9559006106439162	0.8095238095238095	0.8993608051135592	NEU
LJP007_NPC.CAS9_24H:N17	DB09330	Osimertinib	-0.19186553876012905	-0.9307213745470592	0.8112056028014007	0.9010454237928673	NPC.CAS9
LJP007_NEU_24H:L08	DB11836	Sapanisertib	0.19129329743440393	0.9328962347058327	0.813	0.9028544045676998	NEU
LJP007_NPC.CAS9_24H:I05	DB01268	Sunitinib	0.18235432991950218	0.9234009155138456	0.815573354962993	0.9053983031759141	NPC.CAS9
CPC017_NPC_24H:BRD-K08287586-001-08-5:10	DB14084	Butylparaben	0.16705708855371074	0.931749580336619	0.8157765198129461	0.9053983031759141	NPC
LJP007_NPC_24H:E06	DB11743	Ipatasertib	-0.15953010718589666	-0.957577637051188	0.8157894736842105	0.9053983031759141	NPC
LJP009_NPC.CAS9_24H:A04	DB05134	Tanespimycin	0.20640414294105003	0.9364580512735879	0.816	0.9054474327628361	NPC.CAS9
NMH002_NEU_24H:BRD-K86465814-001-04-5:10	DB06926	(9Z,11E,13S)-13-hydroxyoctadeca-9,11-dienoic acid	-0.177898459535265	-0.9241446726309593	0.8179476612404698	0.9072831777778837	NEU
LJP007_NPC_24H:N17	DB09330	Osimertinib	-0.17587844990368573	-0.9235045212986801	0.8179875877505342	0.9072831777778837	NPC
CPC006_NOMO1_6H:BRD-U88459701-000-01-8:10	DB01076	Atorvastatin	-0.16273554272964294	-0.947473921820097	0.8190751445086705	0.908304466909839	NOMO1
LJP009_NPC.TAK_24H:D13	DB16108	TAK-715	-0.16217966254953362	-0.9441486898552459	0.8202294056308654	0.9093622098121348	NPC.TAK
CPC016_NPC_24H:BRD-K06926592-001-01-7:10	DB00982	Isotretinoin	-0.16094163857689828	-0.9229821826848296	0.8204407951598963	0.9093622098121348	NPC
CPC006_U937_6H:BRD-K01292756-001-10-2:10	DB01100	Pimozide	-0.1616731109392611	-0.939926429813575	0.8205299116813864	0.9093622098121348	U937
CPC013_NPC_24H:BRD-K07881437-001-01-2:10	DB11778	Danusertib	0.19088524284322386	0.9241620109104919	0.8213106553276638	0.9100422846214562	NPC
CPC012_NEU_24H:BRD-K05396879-001-02-6:10	DB08435	(5E,14E)-11-oxoprosta-5,9,12,14-tetraen-1-oic acid	-0.16532789318188387	-0.9479239034903375	0.8219220141234265	0.9105344363132996	NEU
CPC006_WSUDLCL2_6H:BRD-K01292756-001-10-2:10	DB01100	Pimozide	-0.16562557783349816	-0.9300207899124763	0.8231751385208383	0.9114053919358367	WSUDLCL2
LJP007_NPC.CAS9_24H:D09	DB08875	Cabozantinib	-0.1604249344575194	-0.9469365674293209	0.8231815493790656	0.9114053919358367	NPC.CAS9
CPC006_THP1_6H:BRD-A93255169-001-13-5:10	DB01041	Thalidomide	0.16330072323397568	0.9325940953552495	0.8232102686251158	0.9114053919358367	THP1
AML001_U937_24H:BRD-K26684619:10	DB08784	2-(4-CHLORO-PHENYLAMINO)-NICOTINIC ACID	-0.14731257566707448	-0.9631364597340362	0.8235294117647058	0.9115734098517456	U937
CPC006_NOMO1_6H:BRD-A09533288-003-20-5:10	DB14063	Dexverapamil	-0.16129162792303922	-0.9539000173963144	0.8238466147393649	0.9117392123289131	NOMO1
LJP007_NPC.TAK_24H:P21	DB11886	Infigratinib	0.16361802166717657	0.9251781297623282	0.8249665327978581	0.9127931201985241	NPC.TAK
CPC013_NEU_24H:BRD-K82164249-001-01-9:10	DB07423	Andarine	-0.15850532975390275	-0.9591793838839288	0.8253521126760563	0.9130342485544999	NEU
LJP009_NPC.TAK_24H:I01	DB11798	Tanzisertib	0.17661294379682013	0.9185748648535369	0.82629490180116	0.9138915587345894	NPC.TAK
CPC006_WSUDLCL2_6H:BRD-K27316855-001-02-6:1	DB00136	Calcitriol	-0.19092441405300142	-0.9264752893554967	0.8278139069534768	0.9152735880016238	WSUDLCL2
LJP007_NPC.TAK_24H:G13	DB01254	Dasatinib	0.17717174488766113	0.9221549371193862	0.8279281140260277	0.9152735880016238	NPC.TAK
LJP007_NPC.CAS9_24H:B17	DB12200	Tivantinib	0.1767005990455427	0.9194850439425555	0.8280486537062065	0.9152735880016238	NPC.CAS9
CPC015_NPC_24H:BRD-A27887842-001-03-2:10	DB00860	Prednisolone	0.1601613193105171	0.9354712751042448	0.8284166164960867	0.9154944994800503	NPC
CPC013_NEU_24H:BRD-K05104363-001-02-7:10	DB12429	CI-1040	0.17424550936782418	0.9226741444047222	0.8289895321512497	0.9158493215770619	NEU
NMH002_NEU_6H:BRD-K22429181-001-12-6:10	DB00162	Vitamin A	-0.173973120682856	-0.9205838963132327	0.8291198018780311	0.9158493215770619	NEU
CPC018_NPC_24H:BRD-K97181089-003-14-8:10	DB00594	Amiloride	0.18398103694099863	0.9228691949732828	0.8293563264487668	0.9158493215770619	NPC
LJP008_NPC.CAS9_24H:K19	DB12332	Rucaparib	-0.16737679022234084	-0.9270338919775284	0.8294103661436044	0.9158493215770619	NPC.CAS9
CPC014_NPC_24H:BRD-K77390737-001-03-2:10	DB15359	Xanthohumol	-0.16654077244265808	-0.9222308828739367	0.8319094641074004	0.9184226518404425	NPC
LJP007_JURKAT_24H:B11	DB07970	5-[(2-methyl-5-{[3-(trifluoromethyl)phenyl]carbamoyl}phenyl)amino]pyridine-3-carboxamide	-0.18206527870363706	-0.9205440569117189	0.8332997379560573	0.91950018303713	JURKAT
LJP008_NPC_24H:A22	DB11740	MK-1775	-0.1559269151266694	-0.9431983401110403	0.8333333333333334	0.91950018303713	NPC
CPC014_NPC_24H:BRD-K31484631-001-05-0:10	DB00615	Rifabutin	0.16415563729900443	0.9520946278356767	0.8334461746784022	0.91950018303713	NPC
LJP008_NPC.CAS9_24H:G13	DB01254	Dasatinib	0.17522038891642275	0.9172935002639946	0.8335608526724771	0.91950018303713	NPC.CAS9
LJP007_NPC_24H:I08	DB06589	Pazopanib	0.16818604176569918	0.9242787018319079	0.8343971219682024	0.9202362750584914	NPC
CPC013_NPC_24H:BRD-K23984367-075-05-3:10	DB15414	CM-4307	0.16500642812307412	0.9253303202354701	0.8347537878787878	0.9203450197988676	NPC
LJP009_NPC.CAS9_24H:K22	DB12432	CC-401	0.1772349614464392	0.91824019785064	0.8349711275453349	0.9203450197988676	NPC.CAS9
CPC015_NPC_24H:BRD-K38323065-001-09-0:10	DB03783	Phenacetin	-0.1564239320074041	-0.9309536979498308	0.8350027070925826	0.9203450197988676	NPC
NMH001_NEU_24H:BRD-K48300629-001-10-3:10	DB00909	Zonisamide	0.16766767097594434	0.9189788571679396	0.8356121814791796	0.9208304209501441	NEU
CPC014_NEU_24H:BRD-K08206212-001-01-2:10	DB00442	Entecavir	-0.1825978906759828	-0.9164999248358623	0.8387679341828033	0.9241210134654151	NEU
LJP007_JURKAT_24H:P06	DB09054	Idelalisib	-0.16053086645849063	-0.9463109104969444	0.8400315208825847	0.9253259835611967	JURKAT
LJP009_NPC.CAS9_24H:G08	DB08521	4-[4-(4-Fluorophenyl)-2-[4-[(R)-methylsulfinyl]phenyl]-1H-imidazol-5-yl]pyridine	-0.15587334274407855	-0.946953465720087	0.8407026044821321	0.9258779340767829	NPC.CAS9
CPC006_WSUDLCL2_6H:BRD-K41895714-001-02-2:10	DB04769	5-QUINOXALIN-6-YLMETHYLENE-THIAZOLIDINE-2,4-DIONE	0.17177157679797717	0.9158495242045548	0.8418891170431212	0.9269971960001695	WSUDLCL2
LJP009_NPC.TAK_24H:L19	DB12588	AZD-1480	0.1904354911719441	0.920923674677512	0.8421210605302651	0.9270651497165603	NPC.TAK
LPROT001_NPC.TAK_6H:G14	DB05015	Belinostat	-0.16151300571939792	-0.9248256705746419	0.8428360776603588	0.9276647693893116	NPC.TAK
LJP008_NPC_24H:C11	DB13877	Iniparib	-0.1670213374369642	-0.9238060722214704	0.8432426118444107	0.9279246846038919	NPC
LJP008_NPC.TAK_24H:N07	DB02665	(1R,2S)-2-Phenylcyclopropanaminium	-0.18778196872535663	-0.9193266389201479	0.843919054297736	0.9284814484253475	NPC.TAK
LJP009_NPC_24H:G11	DB08521	4-[4-(4-Fluorophenyl)-2-[4-[(R)-methylsulfinyl]phenyl]-1H-imidazol-5-yl]pyridine	-0.18463292069822004	-0.918180404451848	0.844103797214708	0.9284971277784891	NPC
LJP007_JURKAT_24H:D01	DB12494	SGI-1776	0.16166772719066796	0.9179557118706682	0.844829418641726	0.9289610795687493	JURKAT
DOSBIO001_NEU_24H:BRD-K27305650:1.11111	DB02656	LY-294002	0.1668741582493204	0.9155646788469041	0.8449760765550239	0.9289610795687493	NEU
CPC006_THP1_6H:BRD-A97437073-001-03-1:80	DB00412	Rosiglitazone	0.17192531791201077	0.9153784151881011	0.8450373096187264	0.9289610795687493	THP1
LJP007_JURKAT_24H:K02	DB12064	BMS-777607	0.1656074326277453	0.9233333904179173	0.8469020172910663	0.9308230849984152	JURKAT
LJP008_NPC.CAS9_24H:C09	DB13877	Iniparib	-0.16558478021663534	-0.924855846203701	0.8472442869363315	0.9310113774526354	NPC.CAS9
LJP009_NEU_24H:G16	DB01254	Dasatinib	-0.16187632659111464	-0.9475505695602378	0.8475894245723172	0.9312027448498769	NEU
CPC006_PL21_6H:BRD-A13122391-001-01-9:0.08	DB12025	Triptolide	-0.15726506895276113	-0.950490682863091	0.8483033932135728	0.9317991689070426	PL21
LJP007_JURKAT_24H:E02	DB11743	Ipatasertib	-0.165909705112422	-0.9345863206762514	0.8489524118889069	0.932324024026414	JURKAT
LJP008_NPC_24H:L16	DB08756	Y-27632	0.18262504508179608	0.9150708900940884	0.8492820564313686	0.9323594723453823	NPC
LJP009_NPC.TAK_24H:I15	DB12146	Rigosertib	0.16675769194660595	0.9315051551379795	0.8493270918665886	0.9323594723453823	NPC.TAK
LJP009_NPC.TAK_24H:H13	DB07138	Neflamapimod	-0.17775374724483314	-0.912948524951531	0.850669099756691	0.933644481514498	NPC.TAK
LJP007_NPC.TAK_24H:C05	DB11800	Tivozanib	0.1551747473227322	0.9614930824680835	0.8518518518518519	0.9347542182521027	NPC.TAK
LPROT003_NPC_6H:J11	DB12006	BMS-906024	-0.18782482870974432	-0.916037558729962	0.8528705741148229	0.9356835508922896	NPC
CPC017_NPC_24H:BRD-A10188456-001-03-1:10	DB01234	Dexamethasone	0.14925340676541443	0.95970488951016	0.8536585365853658	0.9361863334079964	NPC
LJP008_NPC_24H:C07	DB13877	Iniparib	-0.1695182306843846	-0.9188434044943921	0.8537003197807218	0.9361863334079964	NPC
LJP007_NPC_24H:G10	DB11963	Dacomitinib	0.16094669124769315	0.9360856536477574	0.8538445681302824	0.9361863334079964	NPC
NMH001_NPC_24H:BRD-K12807006-001-14-4:10	DB01852	Kaempherol	-0.16683115016895728	-0.9112805941499214	0.8553680505228285	0.9375488528518465	NPC
CPC013_NPC_24H:BRD-K49865102-001-01-9:10	DB07101	PD-0325901	-0.1792564673313116	-0.9134206281206562	0.8554315552370226	0.9375488528518465	NPC
CPC016_NEU_24H:BRD-K06926592-001-01-7:10	DB00982	Isotretinoin	-0.19533488788253447	-0.9208110489581333	0.855985598559856	0.9379673178585464	NEU
LJP009_NPC_24H:N10	DB08896	Regorafenib	-0.19279622720802575	-0.9180550624196725	0.8567426970788315	0.9383697500217619	NPC
CPC018_NPC_24H:BRD-K24023109-003-11-2:10	DB00343	Diltiazem	-0.15142161022808268	-0.9445965704127985	0.8569230769230769	0.9383697500217619	NPC
LJP009_NPC_24H:B14	DB11805	Saracatinib	0.1842174764083019	0.9169065765434965	0.8570999699789853	0.9383697500217619	NPC
CPC015_NPC_24H:BRD-K34157611-001-07-9:10	DB00501	Cimetidine	-0.14573249916683811	-0.952743968555404	0.8571428571428571	0.9383697500217619	NPC
LJP008_NPC.TAK_24H:G15	DB01254	Dasatinib	0.18912931472597938	0.9154110507460004	0.8572143786923	0.9383697500217619	NPC.TAK
LPROT003_NPC_6H:J05	DB08881	Vemurafenib	-0.16996941542493296	-0.9147088404573217	0.8578842756183745	0.9389143418443867	NPC
AML001_U937_6H:BRD-K71879491:10	DB00982	Isotretinoin	0.17022217685352609	0.9143127422856571	0.8582416408503365	0.9389790524288025	U937
AML001_U937_6H:BRD-K93754473:4.48614	DB00675	Tamoxifen	-0.18313061659501628	-0.9149974487385367	0.8582882341150531	0.9389790524288025	U937
LJP007_NPC_24H:I22	DB13005	Rebastinib	0.1901726521409823	0.9155505756450794	0.8586293146573286	0.939163536377548	NPC
NMH001_NEU_6H:BRD-K09557221-001-01-6:10	DB13070	Surinabant	-0.1641578601564882	-0.939804438530149	0.8588397790055249	0.9392051077237126	NEU
CPC013_NEU_24H:BRD-K13390322-001-01-4:10	DB08142	AT-7519	-0.16883440471628364	-0.922826730349647	0.8595981602517551	0.9397458095458079	NEU
LJP009_NPC.CAS9_24H:D20	DB13061	MLN8054	0.16479799020030333	0.9132600961134855	0.8596793285268481	0.9397458095458079	NPC.CAS9
CPC006_NOMO1_6H:BRD-K73319509-001-02-3:40	DB12848	PF-04217903	-0.18143057680691452	-0.9140362538094378	0.8599719943988797	0.9398770783657031	NOMO1
CPC015_NPC_24H:BRD-A16332958-001-04-0:10	DB06413	Armodafinil	-0.18953029270525226	-0.9168545816893297	0.8605860586058606	0.9403594853867409	NPC
CPC013_NPC_24H:BRD-K56334280-001-01-0:10	DB05022	Amonafide	0.18181412181427598	0.9117998668783793	0.8612780448717948	0.9409268269552247	NPC
NMH001_NEU_6H:BRD-K25210139-001-01-3:10	DB13575	Bietaserpine	-0.18140842312639965	-0.9111045514470856	0.8622592295345104	0.9418098203058451	NEU
DOSBIO001_NEU_24H:BRD-K81418486:1.11111	DB02546	Vorinostat	-0.1703370691588266	-0.9107266928697141	0.8625508395035979	0.9419394168711839	NEU
LJP009_NPC_24H:O02	DB07101	PD-0325901	-0.17805233373948703	-0.9083404549144574	0.8632108706592854	0.9423164536609714	NPC
LJP009_NPC.CAS9_24H:M13	DB06314	SGX-523	-0.16968634319098674	-0.9083522730770404	0.8633732947498967	0.9423164536609714	NPC.CAS9
LJP008_NPC.TAK_24H:J11	DB05223	Pracinostat	-0.16742533587609057	-0.9159122849788814	0.8634151861491456	0.9423164536609714	NPC.TAK
LJP007_NPC_24H:D04	DB12494	SGI-1776	-0.15877599634411418	-0.9369015356645294	0.8654456654456655	0.9443432366293517	NPC
CPC006_WSUDLCL2_6H:BRD-K91623615-001-01-9:10	DB12254	ABT-751	0.1583170635970408	0.9250038638469139	0.8661683824566352	0.9447336804164999	WSUDLCL2
DOSBIO002_NPC_24H:BRD-K81418486:0.37037	DB02546	Vorinostat	-0.15528429330985932	-0.9200592471794995	0.866234898492963	0.9447336804164999	NPC
LJP009_NPC_24H:G07	DB08521	4-[4-(4-Fluorophenyl)-2-[4-[(R)-methylsulfinyl]phenyl]-1H-imidazol-5-yl]pyridine	-0.1605937745606594	-0.9369522778139447	0.8663239074550129	0.9447336804164999	NPC
CPC016_NEU_24H:BRD-K36007650-300-02-3:10	DB08437	Puromycin	-0.1701522896076212	-0.9084129711201853	0.867944287359933	0.9463112290214605	NEU
CPC017_NPC_24H:BRD-K52930707-001-04-8:10	DB01180	Rescinnamine	0.15630417065477104	0.9436991308518259	0.8684745762711864	0.9466998683692717	NPC
AML001_HL60_6H:BRD-A45664787:1.11111	DB01088	Iloprost	-0.16959205802545224	-0.907534406732852	0.8694447295494201	0.9475677400692699	HL60
CPC015_NPC_24H:BRD-K32247306-001-17-9:10	DB00794	Primidone	0.17135227576114165	0.9073734569903867	0.8696596669080376	0.9476123541378898	NPC
CPC006_U937_6H:BRD-K02113016-001-01-4:44.4	DB09074	Olaparib	-0.17499417624315378	-0.9078557240514975	0.8708055413032324	0.9486711298134435	U937
LJP009_NEU_24H:K12	DB11962	GSK-1059615	0.1578383655054242	0.9383711253581996	0.8717128642501777	0.9494047876566735	NEU
CPC018_NPC_24H:BRD-K43887077-001-02-8:10	DB00988	Dopamine	0.16009513171870124	0.9281631162937212	0.8718276428701844	0.9494047876566735	NPC
CPC014_NPC_24H:BRD-K29582115-311-02-0:10	DB00246	Ziprasidone	0.14836192323353375	0.9448043327981668	0.8723404255319149	0.9497732821764912	NPC
CPC016_NPC_24H:BRD-K95763993-001-03-7:10	DB09283	Trapidil	-0.17762629146299785	-0.9074900281913646	0.8728092138207311	0.9500937394498704	NPC
CPC015_NPC_24H:BRD-A21858158-001-15-1:10	DB11749	(R)-Praziquantel	-0.15399606059069038	-0.9416218099585489	0.8732078853046595	0.9502500719568245	NPC
LJP008_NPC.CAS9_24H:M14	DB01262	Decitabine	-0.18130359278698815	-0.9049850277394155	0.8733018013484956	0.9502500719568245	NPC.CAS9
NMH001_NEU_24H:BRD-K25210139-001-01-3:10	DB13575	Bietaserpine	0.1691431113457092	0.9057231175922138	0.8737256485313415	0.9505213507594259	NEU
CPC015_NPC_24H:BRD-K39987650-001-15-9:10	DB09020	Bisacodyl	-0.17174307517704948	-0.9029836883139345	0.8739841580084353	0.9506126871407907	NPC
CPC006_NOMO1_6H:BRD-K12994359-001-07-7:177.6	DB00580	Valdecoxib	0.16198264149722788	0.9287143840352443	0.8743761831010153	0.9506501414355808	NOMO1
LJP007_NPC.TAK_24H:I09	DB06589	Pazopanib	-0.15797455322732762	-0.9385665621752264	0.8747007182761373	0.9506501414355808	NPC.TAK
LJP009_NEU_24H:B16	DB11805	Saracatinib	-0.1643919420515396	-0.9211438805546995	0.8747378722214455	0.9506501414355808	NEU
LJP008_NPC_24H:M05	DB02709	Resveratrol	-0.158543259408555	-0.9372850736381474	0.8748793824380829	0.9506501414355808	NPC
CPC006_NOMO1_6H:BRD-K19295594-001-08-5:11.1	DB13044	Gossypol	0.1493317150645897	0.9666702767360441	0.875	0.9506501414355808	NOMO1
LJP007_NPC.CAS9_24H:I14	DB11526	Masitinib	0.17049841362049842	0.9064982710876106	0.8750659491400232	0.9506501414355808	NPC.CAS9
LJP007_NPC.CAS9_24H:I04	DB01268	Sunitinib	-0.15932615178797715	-0.9331458843664059	0.8756602112676056	0.9511060052978421	NPC.CAS9
CPC013_NEU_24H:BRD-A45664787-001-01-4:10	DB01088	Iloprost	-0.1625515794196845	-0.9319094655381697	0.8783495375859616	0.9538368059208668	NEU
LJP009_NPC.TAK_24H:B20	DB16107	BI 2536	0.1805905256515125	0.9043944071532897	0.8789610910549539	0.9542383802049775	NPC.TAK
LJP008_NEU_24H:L18	DB08756	Y-27632	-0.1684888116674722	-0.9004842323749449	0.8790697674418605	0.9542383802049775	NEU
LJP009_NPC_24H:G14	DB01254	Dasatinib	-0.15686857694702283	-0.9498494502452193	0.8795811518324608	0.9546032189875611	NPC
LJP009_NPC.CAS9_24H:L19	DB12588	AZD-1480	0.16476276301552095	0.9197788018425938	0.8815448418869881	0.9565437754366483	NPC.CAS9
CPC017_NPC_24H:BRD-K89997465-001-05-3:10	DB00477	Chlorpromazine	0.1617357289756001	0.8973603791867778	0.8831011508176863	0.9580416070424541	NPC
LJP007_JURKAT_24H:P17	DB05294	Vandetanib	-0.1652652175826083	-0.9175595761353865	0.8861714583062313	0.9611809922198239	JURKAT
LJP007_NPC.CAS9_24H:J19	DB03044	Doramapimod	-0.170413308686755	-0.9009604252222774	0.8868193384223919	0.9616921778272295	NPC.CAS9
CPC006_NOMO1_6H:BRD-K80738081-001-21-1:10	DB02709	Resveratrol	0.1894861279608813	0.9077799021550345	0.8873323994396638	0.9620569873279731	NOMO1
NMH002_NPC_24H:BRD-K50590187-001-17-3:10	DB09120	Zucapsaicin	-0.1625487110064817	-0.9197510882145326	0.8882978723404256	0.9629120646429056	NPC
LPROT003_NPC_6H:N23	DB02010	Staurosporine	-0.1515777129074197	-0.947091908096255	0.8888888888888888	0.9633609729132117	NPC
LJP009_NPC.TAK_24H:E07	DB01782	Pyrazolanthrone	-0.15905547855243743	-0.9426855313765763	0.8893805309734514	0.9637020238124584	NPC.TAK
LJP007_NPC_24H:P22	DB11886	Infigratinib	0.1803060838924975	0.9029847895463671	0.8901670501150345	0.9643623940573857	NPC
LJP007_NPC.TAK_24H:P20	DB11886	Infigratinib	0.17451552487728042	0.899760815666975	0.8917318884206301	0.9658655259225839	NPC.TAK
CPC017_NPC_24H:BRD-A93424738-001-03-0:10	DB14649	Dexamethasone acetate	-0.18174958174560865	-0.9017107792530218	0.8927356413848309	0.9667604499864365	NPC
LJP009_NEU_24H:O23	DB07232	Veliparib	0.215210310615995	0.9149904225395612	0.8934	0.9671877837522511	NEU
CPC006_SKM1_6H:BRD-A13122391-001-01-9:0.08	DB12025	Triptolide	0.16020909405043224	0.9006955170744506	0.8934854462096172	0.9671877837522511	SKM1
CPC014_NPC_24H:BRD-K37130656-001-01-2:10	DB06228	Rivaroxaban	-0.15756034011112752	-0.9051878327901363	0.8941415969237729	0.9676972171919882	NPC
LJP007_NPC_24H:I20	DB13005	Rebastinib	0.1670640398517109	0.8971130021783968	0.8943114385103336	0.9676972171919882	NPC
LJP008_NPC.TAK_24H:J05	DB12116	Epigallocatechin gallate	-0.15694905574211598	-0.9633473875060278	0.8947368421052632	0.9678075853454046	NPC.TAK
LJP008_NPC.CAS9_24H:O06	DB07101	PD-0325901	-0.1613784312651713	-0.9207648741389202	0.8947688564476886	0.9678075853454046	NPC.CAS9
LJP007_NPC.CAS9_24H:O06	DB07101	PD-0325901	-0.16358908978095663	-0.8987605859167297	0.8953524804177546	0.9682465465359593	NPC.CAS9
NMH002_NPC_24H:BRD-K71879491-001-29-1:10	DB00982	Isotretinoin	-0.15987553723929301	-0.9179337192506194	0.8955470038482682	0.9682646382683481	NPC
LJP007_NPC.CAS9_24H:G08	DB11963	Dacomitinib	0.1791200086708629	0.8969869032840299	0.8959175424413904	0.968472992484282	NPC.CAS9
LJP007_NPC.CAS9_24H:F15	DB12247	AZD-4547	0.1934340023658802	0.9057014686502404	0.8962792558511702	0.9685817674380426	NPC.CAS9
LJP009_NPC_24H:E23	DB08901	Ponatinib	0.17760278588421538	0.8982177930139477	0.8964342948717948	0.9685817674380426	NPC
CPC016_NEU_24H:BRD-K18250272-003-03-7:10	DB09342	Propoxycaine	-0.1534583695752384	-0.9407286743998896	0.896551724137931	0.9685817674380426	NEU
LJP007_NPC.CAS9_24H:M11	DB05575	Motesanib	0.17419021324941056	0.8952605174822698	0.8969678531589088	0.9688391369106342	NPC.CAS9
LJP007_NPC_24H:M18	DB07460	2-({5-CHLORO-2-[(2-METHOXY-4-MORPHOLIN-4-YLPHENYL)AMINO]PYRIMIDIN-4-YL}AMINO)-N-METHYLBENZAMIDE	0.16335459820921278	0.9108190751595162	0.898786959818044	0.9706114977531366	NPC
LJP009_NPC.CAS9_24H:O03	DB07101	PD-0325901	0.1541617266405477	0.937466778043281	0.9	0.9717287866772403	NPC.CAS9
CPC015_NPC_24H:BRD-K57718010-001-08-5:10	DB13415	Pentetrazol	0.16225414394725363	0.9138834660329312	0.9009317621266101	0.972541997332313	NPC
DOSBIO001_NPC_24H:BRD-A19500257:10	DB02424	Geldanamycin	0.19011725869231288	0.9049706153531057	0.9015	0.972962544589774	NPC
CPC006_PL21_6H:BRD-A35588707-001-03-0:1.25	DB00444	Teniposide	-0.1583125284685185	-0.9256281423303293	0.9018357487922706	0.9731320562557372	PL21
LJP007_JURKAT_24H:M17	DB07460	2-({5-CHLORO-2-[(2-METHOXY-4-MORPHOLIN-4-YLPHENYL)AMINO]PYRIMIDIN-4-YL}AMINO)-N-METHYLBENZAMIDE	-0.1575895622741544	-0.9349638282105068	0.9027217741935484	0.9737866508219449	JURKAT
LJP009_NEU_24H:G14	DB01254	Dasatinib	0.1980770481040957	0.9052463084022209	0.9028	0.9737866508219449	NEU
LJP007_JURKAT_24H:H09	DB09053	Ibrutinib	-0.15963411175078823	-0.920975998140612	0.9036104114189757	0.9744677822946023	JURKAT
NMH002_NPC_24H:BRD-K21283037-001-15-7:10	DB00740	Riluzole	-0.18126638414715263	-0.8967830840532353	0.9042467948717948	0.974645466265578	NPC
CPC006_SKM1_6H:BRD-K48692744-001-01-2:10	DB02690	NU1025	-0.16671068204716108	-0.8911150784187164	0.9043969342476805	0.974645466265578	SKM1
LPROT002_NPC.TAK_6H:I02	DB08877	Ruxolitinib	0.16686776830351985	0.8982311563424337	0.9044386985563456	0.974645466265578	NPC.TAK
DOSBIO001_NPC_24H:BRD-K81418486:3.33333	DB02546	Vorinostat	0.16746063713963896	0.9115442084080128	0.9047497119446933	0.974645466265578	NPC
CPC014_NPC_24H:BRD-K63915849-001-01-1:10	DB07503	(5E)-5-[(2,2-DIFLUORO-1,3-BENZODIOXOL-5-YL)METHYLENE]-1,3-THIAZOLIDINE-2,4-DIONE	-0.15630640029694226	-0.9393543599446952	0.9047619047619048	0.974645466265578	NPC
LJP007_JURKAT_24H:C03	DB11800	Tivozanib	0.15998623989940405	0.9181058281813383	0.9050242029711234	0.974645466265578	JURKAT
LJP007_NPC.TAK_24H:I14	DB11526	Masitinib	0.15635650778246768	0.9498518361060644	0.9050279329608939	0.974645466265578	NPC.TAK
LJP008_NPC_24H:N10	DB02665	(1R,2S)-2-Phenylcyclopropanaminium	0.1702986750121546	0.8917531244018874	0.9052901900359528	0.9747351472787266	NPC
CPC018_NPC_24H:BRD-K36616567-003-01-5:10	DB14750	Cidoxepin	-0.16372451938962848	-0.9038849772612538	0.9056236399037911	0.9749014316892759	NPC
LJP007_NPC.TAK_24H:A04	DB05134	Tanespimycin	0.18285317343644145	0.8969842948819119	0.9065252201761409	0.9756791203713959	NPC.TAK
NMH002_NPC_24H:BRD-K71879491-001-30-9:10	DB00982	Isotretinoin	-0.17127092696754856	-0.8919365821113434	0.9070256204963971	0.9760248032450857	NPC
CPC014_NPC_24H:BRD-K05104363-001-04-3:10	DB12429	CI-1040	-0.16436652884885067	-0.8970413831554546	0.9072948328267477	0.9761216237800213	NPC
CPC006_WSUDLCL2_6H:BRD-K82746043-001-03-7:10	DB12340	Navitoclax	-0.16036130445195249	-0.9131845731558547	0.908899494665918	0.9776548781257337	WSUDLCL2
LJP008_NPC.TAK_24H:C07	DB13877	Iniparib	-0.17589609333062126	-0.8880976373431032	0.911450996176293	0.9802057909115505	NPC.TAK
NMH002_NPC_6H:BRD-K33127281-001-02-3:10	DB00210	Adapalene	-0.18122025541203252	-0.8925887318607126	0.9143486091654993	0.983127843142213	NPC
CPC015_NPC_24H:BRD-A69636825-003-03-9:10	DB00343	Diltiazem	0.16384995248484643	0.8843412532441137	0.9154208889334805	0.9839773041247286	NPC
LJP008_NPC.CAS9_24H:A04	DB05134	Tanespimycin	0.21098819091095306	0.9083447181665062	0.9155	0.9839773041247286	NPC.CAS9
CPC006_WSUDLCL2_6H:BRD-K11853856-003-01-3:10	DB08348	N~2~,N~2~-DIMETHYL-N~1~-(6-OXO-5,6-DIHYDROPHENANTHRIDIN-2-YL)GLYCINAMIDE	0.1628122635479543	0.901237655423568	0.916372738650586	0.9846075944571646	WSUDLCL2
CPC013_NEU_24H:BRD-K77908580-001-04-7:10	DB11841	Entinostat	0.15842197197085423	0.9485667053170902	0.9166666666666666	0.9846075944571646	NEU
CPC017_NPC_24H:BRD-K13646352-001-01-2:10	DB06595	Midostaurin	-0.1346012853567794	-0.9283343317747009	0.9166666666666666	0.9846075944571646	NPC
CPC016_NPC_24H:BRD-A29322418-237-03-2:10	DB09015	Canrenoic acid	0.1586226521016058	0.9122981081915994	0.9168096054888508	0.9846075944571646	NPC
NMH002_NPC_24H:BRD-A84228258-001-03-6:10	DB07348	Brefeldin A	0.18092490622083654	0.8907582966182463	0.918967587034814	0.9867305755109615	NPC
LPROT002_NPC.TAK_6H:O14	DB02169	9,10-Deepithio-9,10-Didehydroacanthifolicin	0.17231253619366008	0.8886972370608442	0.9192917438748198	0.98688406015026	NPC.TAK
LJP007_NPC.TAK_24H:D21	DB06616	Bosutinib	-0.16715883088625333	-0.8933618622761611	0.9196936542669584	0.987120938340137	NPC.TAK
CPC006_THP1_6H:BRD-K76205745-237-05-8:160	DB00678	Losartan	0.19121064713693273	0.8937297318975738	0.921384276855371	0.9887406446806601	THP1
LJP009_NPC.CAS9_24H:I02	DB11798	Tanzisertib	-0.16284180286773128	-0.8980925907349697	0.9218325791855203	0.9890268373215807	NPC.CAS9
CPC013_NEU_24H:BRD-K31283835-001-01-9:10	DB08895	Tofacitinib	-0.17339395764481555	-0.8827880874339606	0.9222110552763819	0.9892380159612322	NEU
CPC006_PL21_6H:BRD-U88459701-000-01-8:10	DB01076	Atorvastatin	-0.15540078120650908	-0.9129370445278349	0.9233118971061093	0.9902238266325071	PL21
CPC015_NPC_24H:BRD-K89055274-048-14-4:10	DB01616	Alverine	0.153423836640931	0.9317694606244188	0.9243243243243243	0.9910319526684706	NPC
NMH002_NPC_24H:BRD-A56798952-001-01-5:1	DB06733	Bafilomycin A1	-0.17059177158528807	-0.8850204251302844	0.9244293645897594	0.9910319526684706	NPC
CPC006_THP1_6H:BRD-K54233340-300-01-0:10	DB08597	Dorsomorphin	-0.15172798934771628	-0.9369443176889592	0.9248251748251748	0.9911603571381993	THP1
LJP008_NPC_24H:O06	DB07101	PD-0325901	-0.17076216825531054	-0.8818813028550725	0.9250125817815803	0.9911603571381993	NPC
LJP007_NPC.TAK_24H:M10	DB05575	Motesanib	-0.17479191256056645	-0.8841787158229036	0.9250951331864611	0.9911603571381993	NPC.TAK
CPC017_NPC_24H:BRD-K45330754-001-09-2:10	DB00255	Diethylstilbestrol	-0.18350620043469948	-0.8881569212929858	0.925777733319996	0.9916966041818841	NPC
CPC016_NEU_24H:BRD-K89923877-003-02-4:10	DB00747	Scopolamine	-0.16931366145856633	-0.8809955048012152	0.9261426697608718	0.9917881177595487	NEU
LJP007_NEU_24H:F13	DB12247	AZD-4547	-0.16178287893718554	-0.9026708486421967	0.9262273901808785	0.9917881177595487	NEU
NMH001_NEU_24H:BRD-K22134346-001-18-1:10	DB00641	Simvastatin	-0.17780985504686853	-0.8794535243847497	0.9269685433780805	0.9921260703254579	NEU
NMH002_NPC_24H:BRD-A13084692-001-10-8:10	DB08607	(5R)-5-(4-{[(2R)-6-HYDROXY-2,5,7,8-TETRAMETHYL-3,4-DIHYDRO-2H-CHROMEN-2-YL]METHOXY}BENZYL)-1,3-THIAZOLIDINE-2,4-DIONE	0.1699708169652837	0.879591576143977	0.9270248596631917	0.9921260703254579	NPC
LJP007_NPC_24H:F04	DB12848	PF-04217903	-0.15936149764175414	-0.8873766013039504	0.9271666306462071	0.9921260703254579	NPC
CPC012_NPC_24H:BRD-K15402119-001-01-2:10	DB04864	Huperzine A	-0.16286121338152362	-0.8801700808899703	0.927536231884058	0.9921260703254579	NPC
AML001_HL60_6H:BRD-A45664787:3.33333	DB01088	Iloprost	-0.16341444952150014	-0.8803112011550785	0.927639624949042	0.9921260703254579	HL60
LJP007_NEU_24H:N16	DB09330	Osimertinib	-0.17512910611856505	-0.8794121393796052	0.9277822418642024	0.9921260703254579	NEU
CPC006_NOMO1_6H:BRD-A79768653-001-02-1:10	DB00877	Sirolimus	0.15611465218016612	0.9337708722735288	0.9279038718291055	0.9921260703254579	NOMO1
LJP009_NPC.TAK_24H:O02	DB07101	PD-0325901	-0.1859075508590163	-0.8862407786248185	0.9280928092809281	0.9921260703254579	NPC.TAK
LJP007_NPC.TAK_24H:D10	DB08875	Cabozantinib	0.16795866212306518	0.8866132269174557	0.9281825795644891	0.9921260703254579	NPC.TAK
LJP009_NPC.TAK_24H:E09	DB01782	Pyrazolanthrone	-0.1658271908693114	-0.8842405175014071	0.9284139813162591	0.9921786778352328	NPC.TAK
CPC013_NPC_24H:BRD-K64785675-001-01-6:10	DB05552	TG100-115	-0.20104410005807052	-0.8935454360354145	0.9298	0.9934649401608789	NPC
CPC006_THP1_6H:BRD-A26711594-003-06-4:10	DB00622	Nicardipine	0.1560715323087159	0.9255234168802916	0.9304924903946908	0.9940098279108447	THP1
CPC014_NPC_24H:BRD-A84327315-001-01-1:10	DB00136	Calcitriol	0.1730586153153086	0.8781456434399341	0.9331255028157683	0.9964582108083382	NPC
LJP007_JURKAT_24H:B12	DB07970	5-[(2-methyl-5-{[3-(trifluoromethyl)phenyl]carbamoyl}phenyl)amino]pyridine-3-carboxamide	0.19657244548408362	0.887491943923516	0.9333	0.9964582108083382	JURKAT
CPC017_NPC_24H:BRD-A23723433-001-01-2:10	DB01229	Paclitaxel	-0.1487189435228968	-0.9392202871403101	0.9333333333333333	0.9964582108083382	NPC
LJP007_NEU_24H:K21	DB01590	Everolimus	0.15928945010473358	0.8838856222780094	0.9339853300733496	0.9969588607564607	NEU
LJP007_JURKAT_24H:G15	DB01254	Dasatinib	0.1849060131269635	0.8810135756429792	0.9342671335667834	0.9970642385664712	JURKAT
LJP007_JURKAT_24H:I17	DB11526	Masitinib	0.15679887055797306	0.9202708278113004	0.935013665350744	0.9976654430838856	JURKAT
LJP008_NPC.TAK_24H:C09	DB13877	Iniparib	0.15577632335300573	0.9199935863926858	0.9353208691258211	0.997765132010369	NPC.TAK
CPC006_SKM1_6H:BRD-K82135108-001-01-9:10	DB05719	Elesclomol	-0.16323589782846448	-0.8869199403568304	0.9354735152487962	0.997765132010369	SKM1
LJP009_NEU_24H:D17	DB16108	TAK-715	-0.15374399668334407	-0.9321760075012765	0.9357142857142857	0.9978265126297239	NEU
LJP007_JURKAT_24H:E04	DB11743	Ipatasertib	-0.1545313468142968	-0.9177736008206197	0.9364461738002594	0.9984114844393526	JURKAT
LJP009_NEU_24H:O24	DB07232	Veliparib	0.1727314357865631	0.8759345254057541	0.9369414599859424	0.9986907091603765	NEU
NMH002_NEU_24H:BRD-A08027849-236-01-7:10	DB03619	Deoxycholic acid	0.17763104281175573	0.877088315988658	0.9370748299319728	0.9986907091603765	NEU
CPC006_SKM1_6H:BRD-K32107296-001-03-7:10	DB00853	Temozolomide	-0.17687715486464814	-0.8791956307115932	0.9385754301720688	1.0	SKM1
CPC013_NPC_24H:BRD-K14791739-001-01-9:10	DB00588	Fluticasone propionate	-0.1854001618641792	-0.8792166931807287	0.9388938893889389	1.0	NPC
LJP007_JURKAT_24H:K12	DB11962	GSK-1059615	0.17459356290200206	0.8755312398384901	0.9392415249974851	1.0	JURKAT
LJP008_NPC_24H:N07	DB02665	(1R,2S)-2-Phenylcyclopropanaminium	-0.17326224155055966	-0.8751143819529675	0.9393267486393873	1.0	NPC
NMH001_NEU_24H:BRD-K49808142-001-01-1:10	DB14630	Tyramine O-sulfate	0.1449807242584031	0.9434939230474905	0.9393939393939394	1.0	NEU
NMH002_NPC_6H:BRD-A08027849-236-01-7:10	DB03619	Deoxycholic acid	-0.15757043596639356	-0.874471176192833	0.9395050412465628	1.0	NPC
LPROT003_NPC_6H:F07	DB12021	Dinaciclib	-0.15808722655924312	-0.9217774955889609	0.9398550724637681	1.0	NPC
LJP009_NPC.CAS9_24H:H16	DB07138	Neflamapimod	0.15557998456355412	0.9127512101409758	0.9400529500756429	1.0	NPC.CAS9
NMH001_NEU_6H:BRD-K89997465-001-08-7:10	DB00477	Chlorpromazine	0.1647734708681318	0.8801141342960188	0.9407098121085595	1.0	NEU
NMH002_NPC_24H:BRD-K81062487-001-03-3:10	DB04348	Taurocholic acid	-0.15879022183767258	-0.8686867264191662	0.9415387722132472	1.0	NPC
LJP008_NPC.CAS9_24H:G11	DB02546	Vorinostat	0.161864462027288	0.8786536227060698	0.9426465876321691	1.0	NPC.CAS9
CPC015_NPC_24H:BRD-A17411484-001-05-1:10	DB00821	Carprofen	0.14909296583074394	0.9309989301790469	0.942652329749104	1.0	NPC
LJP009_NPC.CAS9_24H:E17	DB13113	JNJ-38877605	-0.16645421736057514	-0.8692786014452972	0.9432243700030362	1.0	NPC.CAS9
LJP008_NPC.TAK_24H:I08	DB11830	Mocetinostat	0.16017438650105853	0.9337301670393535	0.9442724458204335	1.0	NPC.TAK
LJP007_NPC.CAS9_24H:J20	DB03044	Doramapimod	-0.1628674242160776	-0.8699194962772789	0.9447840260798696	1.0	NPC.CAS9
NMH002_NPC_6H:BRD-A84228258-001-03-6:10	DB07348	Brefeldin A	0.183177514851591	0.8709628193788234	0.9463013148650005	1.0	NPC
CPC006_PL21_6H:BRD-K54233340-300-01-0:10	DB08597	Dorsomorphin	0.17250103520436647	0.8732466092585666	0.9466946694669467	1.0	PL21
LJP009_NEU_24H:B17	DB11805	Saracatinib	0.1558004899012052	0.9163130267802769	0.9467670011148273	1.0	NEU
CPC006_SKM1_6H:BRD-A09533288-003-20-5:10	DB14063	Dexverapamil	-0.16632764901578295	-0.8655527896313334	0.9470358110141438	1.0	SKM1
LJP009_NPC.CAS9_24H:I16	DB12146	Rigosertib	-0.1639607508094496	-0.8905668589145328	0.9471544715447154	1.0	NPC.CAS9
CPC006_SKM1_6H:BRD-K01292756-001-10-2:10	DB01100	Pimozide	0.15201483302322502	0.9286349503242527	0.9473684210526315	1.0	SKM1
LJP008_NPC_24H:O04	DB07101	PD-0325901	-0.1609336341783646	-0.8760276267817136	0.9474801061007958	1.0	NPC
CPC014_NEU_24H:BRD-A31374339-001-01-9:10	DB04441	2-Fluoroadenosine	0.18411681334301108	0.879594473123981	0.9476947694769476	1.0	NEU
CPC006_WSUDLCL2_6H:BRD-A04706586-236-01-7:10	DB13242	Bucladesine	-0.1644188485516179	-0.8700775094005321	0.9483109483109483	1.0	WSUDLCL2
CPC016_NEU_24H:BRD-K35629949-001-01-2:10	DB04867	Lintitript	-0.1856444500442427	-0.8804240745217525	0.949	1.0	NEU
CPC006_U937_6H:BRD-A67373739-001-01-4:10	DB01700	AICA ribonucleotide	-0.1619892357645593	-0.8661931277695343	0.9491440080563948	1.0	U937
LJP008_NPC.CAS9_24H:J01	DB12116	Epigallocatechin gallate	0.15193144082758825	0.9292074432102979	0.9494163424124513	1.0	NPC.CAS9
LJP009_NPC.TAK_24H:B03	DB00877	Sirolimus	0.17919983117600896	0.8726840142324959	0.9510902180436087	1.0	NPC.TAK
LJP008_NPC.CAS9_24H:G09	DB02546	Vorinostat	-0.16898254342536215	-0.8631575729755361	0.9512784376887458	1.0	NPC.CAS9
LJP008_NEU_24H:K20	DB12332	Rucaparib	-0.1642580931577098	-0.8846145097686239	0.9513465587941926	1.0	NEU
LJP008_NPC.CAS9_24H:O01	DB07101	PD-0325901	-0.15762894143068618	-0.9195507988545726	0.9519027484143763	1.0	NPC.CAS9
AML001_U937_24H:BRD-K71879491:10	DB00982	Isotretinoin	-0.151059235031911	-0.9195545411350553	0.952316076294278	1.0	U937
LJP008_NPC.CAS9_24H:B03	DB00877	Sirolimus	0.16039855822942717	0.8942259129775493	0.9524059952668945	1.0	NPC.CAS9
DOSBIO002_NPC_24H:BRD-K27305650:1.11111	DB02656	LY-294002	-0.14546721472575333	-0.9200111223431295	0.9546191247974068	1.0	NPC
LJP009_NPC_24H:H18	DB07138	Neflamapimod	-0.1565616707913188	-0.8860753148078849	0.9548649648538661	1.0	NPC
LJP007_NPC.TAK_24H:M01	DB07794	5-(2-PHENYLPYRAZOLO[1,5-A]PYRIDIN-3-YL)-1H-PYRAZOLO[3,4-C]PYRIDAZIN-3-AMINE	-0.17311072211223816	-0.8644763676655991	0.9548729237542526	1.0	NPC.TAK
LJP009_NPC_24H:B24	DB16107	BI 2536	0.1936139352636433	0.8757071099329392	0.9549	1.0	NPC
LJP007_NEU_24H:F16	DB12247	AZD-4547	0.17900836577545787	0.8670792011620981	0.9555955595559555	1.0	NEU
CPC014_NEU_24H:BRD-K24656285-001-03-6:10	DB02509	Farnesol	-0.1888170552702478	-0.8680020484760401	0.9577915583116623	1.0	NEU
LJP009_NPC_24H:O06	DB07101	PD-0325901	-0.16480730306455	-0.8625580300747722	0.9580241894501473	1.0	NPC
LJP008_NPC_24H:I08	DB11830	Mocetinostat	0.15827882734497487	0.9199765042350908	0.9588313413014609	1.0	NPC
KHW001_U937_6H:BRD-K09416995-001-18-3:1	DB00227	Lovastatin	-0.16783820112338577	-0.8611896038509128	0.9589810450305887	1.0	U937
KHW001_SKM1_6H:BRD-A37630846-001-02-2:1	DB00694	Daunorubicin	0.15709993282716359	0.8570068298688018	0.9600687424181157	1.0	SKM1
LPROT001_NPC.TAK_6H:O10	DB02546	Vorinostat	-0.16984486230809073	-0.8579401434443767	0.9600804424333836	1.0	NPC.TAK
CPC006_PL21_6H:BRD-A97437073-001-03-1:80	DB00412	Rosiglitazone	-0.14317151250412344	-0.9159377125613751	0.960431654676259	1.0	PL21
LPROT003_NPC_6H:H19	DB01950	AR-AO-14418	-0.1615431071474059	-0.8700897132257067	0.9615672840167006	1.0	NPC
CPC006_NOMO1_6H:BRD-K78659596-001-01-3:10	DB09570	Ixazomib	0.15217562797632378	0.9085958422355436	0.9617042860765914	1.0	NOMO1
AML001_U937_6H:BRD-K93754473:13.4584	DB00675	Tamoxifen	-0.1591894132331233	-0.8633980658799745	0.9624726362973001	1.0	U937
CPC014_NPC_24H:BRD-K83837640-001-01-4:10	DB12985	Quisinostat	0.1574142042047963	0.8917789265253089	0.9626732537395362	1.0	NPC
LJP009_NPC_24H:P20	DB09074	Olaparib	-0.1496124139393324	-0.9170011370359218	0.9626865671641791	1.0	NPC
LJP009_NPC_24H:F01	DB11962	GSK-1059615	0.1566100033481	0.8924379966647924	0.9628388225007286	1.0	NPC
LJP008_NEU_24H:K19	DB12332	Rucaparib	-0.1818148911638076	-0.8620955753015428	0.9632926585317063	1.0	NEU
LJP008_NPC_24H:J05	DB12116	Epigallocatechin gallate	-0.157927827814813	-0.8624497014531093	0.9634045200082936	1.0	NPC
CPC006_WSUDLCL2_6H:BRD-A17883755-001-02-0:177.6	DB00480	Lenalidomide	-0.16050890328162765	-0.8751408972235045	0.9635314609187895	1.0	WSUDLCL2
LJP007_NPC_24H:B15	DB12200	Tivantinib	-0.15902100292535798	-0.8944459420919626	0.9636758321273516	1.0	NPC
LJP008_NPC.TAK_24H:G18	DB01254	Dasatinib	0.17720413461564202	0.8579053191053588	0.963985594237695	1.0	NPC.TAK
CPC016_NPC_24H:BRD-A17065207-001-06-9:10	DB07348	Brefeldin A	-0.14581506686157192	-0.9145838106435711	0.9642857142857143	1.0	NPC
CPC013_NPC_24H:BRD-K82164249-001-01-9:10	DB07423	Andarine	-0.15927541680701238	-0.8587432866886204	0.9645559125297959	1.0	NPC
AML001_U937_6H:BRD-K27316855:0.37037	DB00136	Calcitriol	-0.15698921629503815	-0.8804656145197487	0.9647172547124214	1.0	U937
LJP008_NEU_24H:F06	DB12376	Ricolinostat	0.15584972588124368	0.9156176730037129	0.9649499284692418	1.0	NEU
LJP008_NEU_24H:H16	DB11841	Entinostat	0.1603543939108274	0.8866696426967742	0.9652349162363018	1.0	NEU
LJP007_NPC.CAS9_24H:P16	DB05294	Vandetanib	-0.18050016643437847	-0.8544909965940294	0.9652826413206603	1.0	NPC.CAS9
LJP009_NPC.TAK_24H:N12	DB08896	Regorafenib	-0.150103126323793	-0.908647855353165	0.9655172413793104	1.0	NPC.TAK
LJP009_NPC_24H:N09	DB08896	Regorafenib	0.16375810887664863	0.860226017071415	0.9658269667561429	1.0	NPC
LJP007_JURKAT_24H:B10	DB07970	5-[(2-methyl-5-{[3-(trifluoromethyl)phenyl]carbamoyl}phenyl)amino]pyridine-3-carboxamide	0.16784865721290002	0.8505541322659161	0.9658827091955183	1.0	JURKAT
LPROT001_NPC.TAK_6H:K06	DB01262	Decitabine	0.16419161349027933	0.8508809363783687	0.9660267363554126	1.0	NPC.TAK
NMH002_NEU_6H:BRD-A38878059-001-02-8:10	DB07557	3,20-Pregnanedione	0.20129516574538348	0.8743391634853297	0.9665	1.0	NEU
LJP007_NEU_24H:E06	DB11743	Ipatasertib	-0.1620932664307234	-0.850623659465788	0.9673836211249116	1.0	NEU
CPC006_PL21_6H:BRD-K82746043-001-03-7:10	DB12340	Navitoclax	-0.16603493760158686	-0.8545991011774524	0.9676838419209605	1.0	PL21
CPC018_NPC_24H:BRD-K10843433-001-12-8:10	DB00812	Phenylbutazone	0.15127874616092138	0.9179759833478413	0.9683590875643856	1.0	NPC
NMH002_NEU_24H:BRD-K91509126-001-19-4:10	DB08399	Piceatannol	0.17519643414387007	0.8532628567782191	0.9689875950380152	1.0	NEU
NMH002_NPC_6H:BRD-K01493881-001-24-5:10	DB07352	Apigenin	0.16049335202528767	0.8513019561041139	0.9699928796663615	1.0	NPC
CPC006_NOMO1_6H:BRD-K76964878-001-01-8:24	DB13978	Selisistat	-0.16513937265117354	-0.8457597508203021	0.970650105178804	1.0	NOMO1
CPC006_PL21_6H:BRD-K41260949-236-02-8:10	DB00313	Valproic acid	0.18331448265861916	0.8586258160839357	0.9707	1.0	PL21
AML001_U937_6H:BRD-K19706299:1.11111	DB00374	Treprostinil	0.15430068782388082	0.9021395396926946	0.971898197242842	1.0	U937
LJP009_NPC.TAK_24H:B14	DB11805	Saracatinib	0.17020551683031612	0.8477658098827319	0.9721693863249574	1.0	NPC.TAK
CPC006_PL21_6H:BRD-U94846492-000-01-1:10	DB00908	Quinidine	-0.1524430462280488	-0.8593282652509695	0.97265625	1.0	PL21
LJP007_JURKAT_24H:F05	DB12848	PF-04217903	0.16109604961549834	0.8571104098431086	0.9730011466694465	1.0	JURKAT
CPC016_NPC_24H:BRD-K88358234-003-01-4:10	DB06393	Xaliproden	-0.1721827697517487	-0.8415550604295436	0.9748849309585751	1.0	NPC
LJP007_NPC_24H:B12	DB07970	5-[(2-methyl-5-{[3-(trifluoromethyl)phenyl]carbamoyl}phenyl)amino]pyridine-3-carboxamide	-0.18276096856002405	-0.8502613329033051	0.9751	1.0	NPC
LJP009_NPC.CAS9_24H:H11	DB08912	Dabrafenib	0.1791258653068868	0.8437943732716894	0.9751950390078016	1.0	NPC.CAS9
LJP007_NPC_24H:E12	DB05913	OSI-930	0.16237924455625102	0.8449144202153995	0.9753830439223697	1.0	NPC
LJP007_JURKAT_24H:I09	DB06589	Pazopanib	-0.15612552304107102	-0.8614106164551804	0.9758790737564322	1.0	JURKAT
LJP008_NPC_24H:H15	DB11841	Entinostat	0.15722752231343493	0.891392802572139	0.9760894716544543	1.0	NPC
LJP008_NPC.CAS9_24H:M02	DB02709	Resveratrol	0.15777743522775844	0.860481236493639	0.9764705882352941	1.0	NPC.CAS9
LJP007_NPC_24H:G09	DB11963	Dacomitinib	0.14903751303113974	0.9107318236075418	0.9768856447688564	1.0	NPC
CPC006_THP1_6H:BRD-K78659596-001-01-3:10	DB09570	Ixazomib	0.16073060687288768	0.839003139544568	0.9771061351541319	1.0	THP1
CPC015_NPC_24H:BRD-K05977355-001-09-1:10	DB00196	Fluconazole	-0.1447046768330351	-0.8541686350532345	0.9787256903406039	1.0	NPC
CPC006_U937_6H:BRD-K50590187-001-10-8:160	DB09120	Zucapsaicin	-0.15533128118469394	-0.8813192656750317	0.9791606783558494	1.0	U937
NMH002_NEU_6H:BRD-K71799949-001-29-9:10	DB00564	Carbamazepine	-0.1502334253647668	-0.8517755699291554	0.9793317626900835	1.0	NEU
LJP007_JURKAT_24H:C06	DB11800	Tivozanib	-0.15428403355153258	-0.8902463819806481	0.9794097460535347	1.0	JURKAT
LJP007_JURKAT_24H:G07	DB11963	Dacomitinib	0.1529314703522961	0.8519098693186165	0.9799768152597744	1.0	JURKAT
NMH001_NPC_24H:BRD-A57226833-001-01-1:10	DB07780	Farnesyl diphosphate	-0.17948964025434613	-0.8444590427917894	0.98	1.0	NPC
LJP008_NPC.CAS9_24H:G15	DB01254	Dasatinib	0.2033279805527707	0.8606380582325764	0.9802	1.0	NPC.CAS9
LJP007_NPC.TAK_24H:N15	DB09330	Osimertinib	-0.17051920593696596	-0.8399264324083462	0.9803901950975488	1.0	NPC.TAK
CPC014_NPC_24H:BRD-K74733595-001-02-9:10	DB07350	(2E)-N-hydroxy-3-[1-methyl-4-(phenylacetyl)-1H-pyrrol-2-yl]prop-2-enamide	0.15803222435845493	0.8792887272798683	0.9806101694915255	1.0	NPC
CPC017_NPC_24H:BRD-A07875874-001-01-6:10	DB09232	Cilnidipine	-0.1609418617461668	-0.8354402672867577	0.9806996381182147	1.0	NPC
CPC006_PL21_6H:BRD-A56592690-001-01-9:30	DB05448	PX-12	-0.16383561364793525	-0.8678982355506901	0.9807405709045053	1.0	PL21
NMH002_NEU_6H:BRD-K26521938-001-06-4:10	DB00917	Dinoprostone	-0.16573006345257363	-0.8405987885724419	0.9808723813379213	1.0	NEU
CPC015_NPC_24H:BRD-K60038276-001-03-3:10	DB01029	Irbesartan	0.1542399833186332	0.872852029035554	0.9811078267574862	1.0	NPC
LJP009_NPC.TAK_24H:G10	DB08521	4-[4-(4-Fluorophenyl)-2-[4-[(R)-methylsulfinyl]phenyl]-1H-imidazol-5-yl]pyridine	0.15384390366645384	0.8909572686008077	0.9811104751001717	1.0	NPC.TAK
LJP007_NPC.CAS9_24H:K19	DB01590	Everolimus	0.16004213599012124	0.8585612462921647	0.9812268063741542	1.0	NPC.CAS9
CPC006_SKM1_6H:BRD-K61250553-003-13-2:10	DB00836	Loperamide	0.14966203991183616	0.8555385337310305	0.9814874959402403	1.0	SKM1
PCLB001_JURKAT_24H:BRD-A58955223-001-02-0:3.33	DB12422	Sulforaphane	-0.15964483719295058	-0.8357708515649452	0.9823713105671401	1.0	JURKAT
LJP009_NPC.TAK_24H:O19	DB07232	Veliparib	-0.15105845607859159	-0.9068838423870972	0.9829302987197724	1.0	NPC.TAK
CPC014_NPC_24H:BRD-K62012036-001-06-0:10	DB00459	Acitretin	-0.1521508337370707	-0.8407491624973932	0.9830137557315548	1.0	NPC
LJP007_NPC_24H:I14	DB11526	Masitinib	-0.1590505570482307	-0.8487551522921132	0.9833724152632701	1.0	NPC
CPC015_NPC_24H:BRD-A95513702-001-03-0:10	DB07373	Boldione	-0.14456489288075836	-0.840159438732912	0.9834719334719335	1.0	NPC
LJP008_NPC.TAK_24H:F04	DB12376	Ricolinostat	0.1617634735548733	0.8407959786179905	0.983787090853472	1.0	NPC.TAK
CPC014_NPC_24H:BRD-K18135438-001-08-4:10	DB06777	Chenodeoxycholic acid	-0.15633572996124373	-0.861897984463142	0.9849263446385749	1.0	NPC
LJP007_NPC_24H:M23	DB12874	Quizartinib	0.14995900735723022	0.9004584016659561	0.9850057670126874	1.0	NPC
LJP009_NPC.TAK_24H:I03	DB11798	Tanzisertib	-0.16042201063113495	-0.8300532142859477	0.9850100603621731	1.0	NPC.TAK
CPC016_NPC_24H:BRD-K33396764-001-02-0:10	DB00132	alpha-Linolenic acid	0.14983331359886948	0.9012736313750945	0.9850427350427351	1.0	NPC
LJP008_NPC_24H:D03	DB09074	Olaparib	-0.15482658357088752	-0.8706736645933243	0.9852167376597344	1.0	NPC
CPC006_WSUDLCL2_6H:BRD-K92991072-001-02-3:10	DB13048	PAC-1	-0.1618062309121822	-0.8375183522157383	0.9852420903669261	1.0	WSUDLCL2
LJP009_NPC_24H:O01	DB07101	PD-0325901	-0.17786431586068435	-0.8373841840285081	0.9853	1.0	NPC
LJP007_JURKAT_24H:I14	DB11526	Masitinib	-0.1511132703334626	-0.8690591699066029	0.9856539003458434	1.0	JURKAT
LJP009_NPC_24H:H15	DB07138	Neflamapimod	-0.1650349084177808	-0.8247370683396446	0.9856684706353979	1.0	NPC
NMH001_NPC_24H:BRD-K25075681-001-01-2:10	DB06455	Meclinertant	0.15943149507391183	0.8236690917072381	0.985778668002003	1.0	NPC
LJP007_NPC.CAS9_24H:K08	DB11962	GSK-1059615	0.1651647081796828	0.8281588481462877	0.9858887109687751	1.0	NPC.CAS9
NMH001_NPC_6H:BRD-A75409952-001-04-0:10	DB08059	Wortmannin	-0.14932264864429778	-0.8933220976480944	0.9860284605433376	1.0	NPC
LPROT001_NPC.TAK_6H:E02	DB16239	Molibresib	0.2070427347668894	0.8533963391532319	0.9866	1.0	NPC.TAK
CPC006_NOMO1_6H:BRD-K54233340-300-01-0:10	DB08597	Dorsomorphin	-0.14133304369606678	-0.9028925631190861	0.9867549668874173	1.0	NOMO1
NMH002_NPC_24H:BRD-K06902185-001-13-6:10	DB00350	Minoxidil	-0.1586076465609901	-0.8221740459426755	0.9868908235765036	1.0	NPC
AML001_U937_6H:BRD-K26684619:0.37037	DB08784	2-(4-CHLORO-PHENYLAMINO)-NICOTINIC ACID	-0.16043999820478008	-0.824951178495452	0.9872464350271138	1.0	U937
LJP009_NPC.TAK_24H:B07	DB12242	AZD-7762	0.15567452691125988	0.893293164766831	0.9875120076849183	1.0	NPC.TAK
LJP009_NEU_24H:H13	DB07138	Neflamapimod	0.15628191797058058	0.8304594749402044	0.9875230108406627	1.0	NEU
CPC006_WSUDLCL2_6H:BRD-A67373739-001-01-4:10	DB01700	AICA ribonucleotide	-0.1633331720739494	-0.8254718903091757	0.9876456408196063	1.0	WSUDLCL2
DOSBIO001_NEU_24H:BRD-A19500257:0.37037	DB02424	Geldanamycin	-0.18205504830007363	-0.8348774057081232	0.9878	1.0	NEU
CPC017_NPC_24H:BRD-K09549677-300-01-8:10	DB01388	Mibefradil	0.14193197246656078	0.8317366230658919	0.9879082265398925	1.0	NPC
LJP007_NPC_24H:I21	DB13005	Rebastinib	0.16351627531489044	0.8218683563262201	0.9883720930232558	1.0	NPC
CPC006_PL21_6H:BRD-K32164935-001-17-5:10	DB00839	Tolazamide	-0.16690909001575613	-0.8240202697437752	0.9884930958575145	1.0	PL21
CPC006_THP1_6H:BRD-K49456190-001-01-0:10	DB11684	APR-246	-0.17051377630445036	-0.8202954057795027	0.9885885885885886	1.0	THP1
CPC013_NEU_24H:BRD-K65261396-002-01-3:10	DB00864	Tacrolimus	-0.15538659880351327	-0.8291655187701478	0.9886896270633788	1.0	NEU
LJP008_NPC_24H:M15	DB01262	Decitabine	0.16955312765617955	0.8143780803379925	0.9888988898889889	1.0	NPC
CPC015_NPC_24H:BRD-A75172220-001-03-2:10	DB00741	Hydrocortisone	-0.1457529139971261	-0.898707763305791	0.989010989010989	1.0	NPC
LJP008_NPC_24H:K22	DB12332	Rucaparib	-0.1611590233620717	-0.8270451791313053	0.9892810193143897	1.0	NPC
LJP007_JURKAT_24H:D21	DB06616	Bosutinib	-0.15518060703858155	-0.8570269856827217	0.989282769991756	1.0	JURKAT
CPC016_NEU_24H:BRD-K90553655-001-03-6:10	DB01420	Testosterone propionate	0.1656806012246835	0.8205260470975492	0.989676255387391	1.0	NEU
NMH002_NEU_24H:BRD-K50590187-001-17-3:10	DB09120	Zucapsaicin	0.1668033876217934	0.821186834784564	0.9896917534027222	1.0	NEU
LJP009_NPC_24H:E22	DB08901	Ponatinib	0.1625506207206343	0.8184562026515891	0.9899859803725215	1.0	NPC
LJP007_NPC_24H:P19	DB11886	Infigratinib	0.15726289843912672	0.8135184966695453	0.9901714973422926	1.0	NPC
CPC006_NOMO1_6H:BRD-K00766422-001-01-9:80	DB03459	Sparfosic acid	-0.159755888671014	-0.8152599065173379	0.9901970591177354	1.0	NOMO1
LJP009_NPC.TAK_24H:A04	DB05134	Tanespimycin	0.17597165327067493	0.8254042547434012	0.9902	1.0	NPC.TAK
LJP009_NPC.CAS9_24H:D19	DB13061	MLN8054	0.16091100255862936	0.8181271765977156	0.9903323262839879	1.0	NPC.CAS9
LJP007_NPC.TAK_24H:N18	DB09330	Osimertinib	-0.15854331316577203	-0.8194719518973014	0.9903875341495497	1.0	NPC.TAK
LJP007_NPC_24H:H09	DB09053	Ibrutinib	0.1710945107370694	0.8174411799843445	0.9903961584633854	1.0	NPC
LJP008_NPC.CAS9_24H:L18	DB08756	Y-27632	0.17581445757454792	0.8185929076315203	0.9908990899089909	1.0	NPC.CAS9
AML001_U937_24H:BRD-K19706299:0.37037	DB00374	Treprostinil	-0.1601362269765835	-0.8109460854307817	0.9909927942353883	1.0	U937
CPC006_SKM1_6H:BRD-K11853856-003-01-3:10	DB08348	N~2~,N~2~-DIMETHYL-N~1~-(6-OXO-5,6-DIHYDROPHENANTHRIDIN-2-YL)GLYCINAMIDE	0.15124902746594407	0.8265432203346856	0.991242530393571	1.0	SKM1
CPC018_NPC_24H:BRD-K65503129-001-04-8:10	DB07594	CCT-018159	0.1630174576290669	0.8182076972172593	0.9913	1.0	NPC
LJP008_NPC.TAK_24H:D22	DB13978	Selisistat	0.17908309936973	0.8218114703657305	0.991899189918992	1.0	NPC.TAK
CPC006_WSUDLCL2_6H:BRD-A62025033-001-01-8:10	DB06287	Temsirolimus	0.15169358801200358	0.8401183912608715	0.992172858560247	1.0	WSUDLCL2
NMH002_NPC_24H:BRD-K30984264-003-10-0:10	DB07919	Harmine	-0.1537248257595786	-0.8112770087578682	0.9922574157868276	1.0	NPC
CPC006_THP1_6H:BRD-K85606544-001-01-8:10	DB11828	Neratinib	-0.1652823492273121	-0.8095089948901573	0.9922915206727401	1.0	THP1
CPC006_PL21_6H:BRD-K32107296-001-03-7:10	DB00853	Temozolomide	0.15929185186719882	0.8077356391181785	0.9923893450831164	1.0	PL21
CPC015_NPC_24H:BRD-A40639672-234-09-9:10	DB00465	Ketorolac	0.17825138935771725	0.8223422587981156	0.9923992399239924	1.0	NPC
LJP009_NPC.CAS9_24H:B22	DB16107	BI 2536	-0.16010385227066998	-0.8126300704129142	0.9927674535409342	1.0	NPC.CAS9
CPC014_NEU_24H:BRD-K19687926-379-01-7:10	DB01259	Lapatinib	0.15980864685604312	0.8197119901181653	0.9930690041789828	1.0	NEU
CPC006_NOMO1_6H:BRD-K47335880-001-01-3:0.08	DB12980	CHS-828	0.14770132993054846	0.8542458273742154	0.9934160546973917	1.0	NOMO1
NMH001_NPC_6H:BRD-K10852020-001-02-9:10	DB00323	Tolcapone	-0.17077419365234556	-0.8174696714419896	0.9935	1.0	NPC
LJP007_NPC_24H:G14	DB01254	Dasatinib	0.16123197534761005	0.8178246934707029	0.9935819070904646	1.0	NPC
KMS002_NOMO1_24H:BRD-K81418486-001-01-2:9.99	DB02546	Vorinostat	-0.15027522391904366	-0.7994176172023802	0.9935948759007206	1.0	NOMO1
LJP007_NPC.CAS9_24H:I17	DB11526	Masitinib	0.18504380289778605	0.8207599089405274	0.9936	1.0	NPC.CAS9
LJP008_NPC_24H:I09	DB11830	Mocetinostat	-0.16034301665148193	-0.8423816130431541	0.9936165529385869	1.0	NPC
LJP007_NPC.TAK_24H:K07	DB11962	GSK-1059615	0.17031412068343915	0.8175074252842295	0.9938993899389938	1.0	NPC.TAK
LJP009_NPC_24H:A04	DB05134	Tanespimycin	0.17363146394412787	0.820054463004155	0.9942	1.0	NPC
LPROT003_NPC_6H:B19	DB06589	Pazopanib	0.18308111144828806	0.8158446330982713	0.9945	1.0	NPC
LJP007_NPC.CAS9_24H:L12	DB11836	Sapanisertib	0.16689075986859608	0.7996182366392266	0.9947989597919584	1.0	NPC.CAS9
CPC015_NPC_24H:BRD-K10995081-001-15-4:10	DB00850	Perphenazine	0.1404833807187427	0.8077747704064191	0.9948281107392759	1.0	NPC
AML001_HL60_24H:BRD-K26684619:3.33333	DB08784	2-(4-CHLORO-PHENYLAMINO)-NICOTINIC ACID	0.13895082304191944	0.8160767985491421	0.9948281435190174	1.0	HL60
LJP007_NPC.TAK_24H:O04	DB07101	PD-0325901	-0.1563218046847561	-0.8076251982488475	0.9948666331152491	1.0	NPC.TAK
NMH002_NEU_24H:BRD-K58550667-001-04-6:10	DB12731	Daporinad	-0.16757251683997615	-0.7998217898547317	0.9948984695408623	1.0	NEU
LJP009_NPC.CAS9_24H:O23	DB07232	Veliparib	0.17355543903306603	0.8048917963127814	0.9948989797959592	1.0	NPC.CAS9
CPC012_NEU_24H:BRD-K15402119-001-01-2:10	DB04864	Huperzine A	-0.15995688623513782	-0.7982024911573231	0.9949723479135244	1.0	NEU
NMH002_NPC_6H:BRD-K35483542-001-05-6:10	DB00982	Isotretinoin	-0.15301227344241158	-0.7919541740933993	0.99498344536972	1.0	NPC
LJP007_NPC.TAK_24H:H10	DB09053	Ibrutinib	0.17416626868632384	0.8085189246465373	0.995	1.0	NPC.TAK
LJP007_NPC.CAS9_24H:P07	DB07859	4-(4-CHLOROPHENYL)-4-[4-(1H-PYRAZOL-4-YL)PHENYL]PIPERIDINE	0.15360572276747642	0.8303921201149693	0.9950562743241822	1.0	NPC.CAS9
LJP007_NPC_24H:B14	DB12200	Tivantinib	-0.15630382745217014	-0.8174125117327591	0.9950733860207328	1.0	NPC
LJP008_NPC.TAK_24H:I07	DB11830	Mocetinostat	0.1507898360911134	0.884647262381486	0.9950946040644709	1.0	NPC.TAK
CPC006_THP1_6H:BRD-K17561142-003-16-8:10	DB01118	Amiodarone	-0.16175360538264832	-0.8025210310134755	0.9950960768614892	1.0	THP1
LJP007_JURKAT_24H:J19	DB03044	Doramapimod	-0.16553471346382886	-0.7958675991782891	0.9952976488244122	1.0	JURKAT
NMH001_NPC_6H:BRD-K69726342-001-02-6:10	DB01076	Atorvastatin	0.15076656469723385	0.852680700871528	0.9954140127388535	1.0	NPC
AML001_HL60_24H:BRD-K71879491:10	DB00982	Isotretinoin	-0.13877345891624723	-0.8844016225910628	0.9959100204498977	1.0	HL60
LJP008_NPC.CAS9_24H:D02	DB09074	Olaparib	-0.16429124415705015	-0.7952639108522737	0.995999599959996	1.0	NPC.CAS9
CPC016_NPC_24H:BRD-K91290917-336-03-8:10	DB00613	Amodiaquine	0.1519956993912188	0.8234019163195395	0.996018936948569	1.0	NPC
LJP008_NPC.TAK_24H:I10	DB11830	Mocetinostat	0.15079207577879725	0.883191948770884	0.9963689179375453	1.0	NPC.TAK
LJP007_NPC_24H:O03	DB07101	PD-0325901	-0.15170689772755375	-0.8163693933617384	0.9965564019618074	1.0	NPC
NMH002_NPC_6H:BRD-K00959089-001-02-2:10	DB04795	Thenoyltrifluoroacetone	-0.14687058218121715	-0.7805548778917525	0.9966917293233083	1.0	NPC
CPC014_NEU_24H:BRD-A19500257:10	DB02424	Geldanamycin	0.16474247869077252	0.7939635323539441	0.9967	1.0	NEU
LJP008_NPC.CAS9_24H:A09	DB07232	Veliparib	-0.15597191600742266	-0.8009611759487711	0.9967456523949965	1.0	NPC.CAS9
CPC006_U937_6H:BRD-K20285085-001-01-4:10	DB07159	Tamatinib	0.14441676792420022	0.8692511164104684	0.9969080133986086	1.0	U937
NMH002_NPC_6H:BRD-K30466858-335-01-5:10	DB08846	Ellagic acid	0.14874674616116748	0.7966535281982673	0.9969644844682789	1.0	NPC
CPC006_U937_6H:BRD-K78513633-001-07-4:177.6	DB06266	Lonidamine	0.1486046930515472	0.8063430384103751	0.9970314259391954	1.0	U937
CPC016_NEU_24H:BRD-K77771411-003-03-2:10	DB09242	Moxonidine	-0.16577290033800038	-0.7932122393836039	0.9970997099709971	1.0	NEU
NMH002_NPC_24H:BRD-K11528507-001-05-9:10	DB02424	Geldanamycin	0.15060701978257382	0.7789780906246242	0.9971985992996498	1.0	NPC
CPC017_NPC_24H:BRD-K76133116-001-01-2:10	DB02464	Benzylamine	-0.17204888719320313	-0.8015439858821184	0.9972	1.0	NPC
CPC006_THP1_6H:BRD-A79768653-001-02-1:10	DB00877	Sirolimus	-0.15271548024164874	-0.8489052134898438	0.9972396486825597	1.0	THP1
LJP007_NPC_24H:J22	DB03044	Doramapimod	-0.1554974711198211	-0.8033043882712353	0.9973795605724652	1.0	NPC
CPC014_NEU_24H:BRD-K53972329-001-01-3:10	DB08877	Ruxolitinib	-0.1474473087783027	-0.8602546118640724	0.9974495217853347	1.0	NEU
CPC006_PL21_6H:BRD-K19216856-001-02-7:88.8	DB12116	Epigallocatechin gallate	0.14071643032235376	0.830282642168037	0.9974756167527252	1.0	PL21
PCLB001_JURKAT_24H:BRD-K07572174-001-22-0:10	DB11672	Curcumin	0.1473226524573293	0.8439844814513541	0.997499012768198	1.0	JURKAT
CPC015_NPC_24H:BRD-A59174698-003-12-8:10	DB00867	Ritodrine	0.17497508974255405	0.7938129290576037	0.9975	1.0	NPC
LJP009_NPC.CAS9_24H:K09	DB11962	GSK-1059615	0.15661423327608803	0.7802581798230369	0.9975990396158463	1.0	NPC.CAS9
AML001_U937_24H:BRD-K71879491:0.37037	DB00982	Isotretinoin	0.15276702954565144	0.814331443772171	0.9976056631272121	1.0	U937
NMH002_NEU_6H:BRD-A79067928-001-04-3:10	DB00773	Etoposide	-0.14998141294668704	-0.7874052220698239	0.9978875364651444	1.0	NEU
CPC006_NOMO1_6H:BRD-K14888893-001-05-6:10	DB00350	Minoxidil	-0.16274522726733356	-0.7919917891858684	0.9979	1.0	NOMO1
NMH002_NEU_6H:BRD-K88809146-065-01-2:10	DB02665	(1R,2S)-2-Phenylcyclopropanaminium	-0.15100613844029906	-0.813780712629782	0.9981749865807836	1.0	NEU
NMH002_NPC_6H:BRD-A13946108-001-13-0:10	DB00605	Sulindac	-0.16054293403949366	-0.7814192941190126	0.9981996399279855	1.0	NPC
LJP009_NPC.TAK_24H:K21	DB12432	CC-401	-0.15047359853666964	-0.8471951104071537	0.9982913284920973	1.0	NPC.TAK
CPC012_NPC_24H:BRD-K48935217-001-01-3:10	DB03010	Patupilone	0.14715371120965814	0.7824956018633371	0.9982947136121978	1.0	NPC
CPC015_NPC_24H:BRD-A43882281-001-11-4:10	DB06762	Pinacidil	0.139014578984022	0.8663595237593704	0.9983100971694128	1.0	NPC
CPC006_THP1_6H:BRD-K76964878-001-01-8:24	DB13978	Selisistat	-0.15575181072178124	-0.7931103693850557	0.9983887210473313	1.0	THP1
NMH002_NPC_24H:BRD-K81473043-001-07-0:10	DB05134	Tanespimycin	0.14408732853564762	0.7649273138889093	0.9983990394236542	1.0	NPC
LJP007_JURKAT_24H:G09	DB11963	Dacomitinib	-0.156925933469248	-0.7708984868067222	0.9984977466199298	1.0	JURKAT
CPC006_THP1_6H:BRD-K81418486:10	DB02546	Vorinostat	0.17189089488499773	0.7865534785412504	0.9985	1.0	THP1
CPC014_NEU_24H:BRD-K93331255-001-01-2:10	DB14642	Lypressin	-0.16471624580613597	-0.7756700524522682	0.9985	1.0	NEU
LJP007_JURKAT_24H:K23	DB01590	Everolimus	-0.14813582240274945	-0.8447960447725487	0.9985964912280701	1.0	JURKAT
LJP008_NPC.CAS9_24H:D06	DB09074	Olaparib	0.15251635243729206	0.8200441669583399	0.9986869460553671	1.0	NPC.CAS9
CPC015_NPC_24H:BRD-A14966924-001-03-0:10	DB13233	Alaproclate	-0.13311471742674302	-0.7753792625481725	0.9986873990306947	1.0	NPC
LJP007_NPC.TAK_24H:M19	DB12874	Quizartinib	-0.15161822977959136	-0.8343224817328229	0.9986980707776069	1.0	NPC.TAK
CPC016_NPC_24H:BRD-A97104540-004-08-5:10	DB01288	Fenoterol	-0.15540865942199888	-0.7568130896731955	0.9986993496748374	1.0	NPC
LJP007_NPC.TAK_24H:O06	DB07101	PD-0325901	-0.16774424388159972	-0.771694447453886	0.9987	1.0	NPC.TAK
LJP008_NPC.TAK_24H:H13	DB11841	Entinostat	-0.1454364481193114	-0.8531678382451069	0.998792270531401	1.0	NPC.TAK
CPC018_NPC_24H:BRD-K01292756-001-13-6:10	DB01100	Pimozide	-0.1699902043805551	-0.7758401183797556	0.9988	1.0	NPC
LJP008_NPC_24H:A11	DB07232	Veliparib	-0.15680335271270485	-0.7727105805034231	0.998898678414097	1.0	NPC
LJP008_NPC.CAS9_24H:G14	DB01254	Dasatinib	0.15732721580932704	0.7713663509219061	0.9988990091081974	1.0	NPC.CAS9
LJP007_NPC_24H:I04	DB01268	Sunitinib	-0.1447377998550727	-0.7914949694959119	0.998966301426504	1.0	NPC
NMH001_NEU_24H:BRD-K04809113-001-01-7:10	DB12771	Hydroxytyrosol	-0.14708793274933069	-0.7582449903242618	0.998998096383128	1.0	NEU
LJP008_NPC_24H:J10	DB05223	Pracinostat	-0.15051754749362112	-0.8619460619878877	0.9990665836963286	1.0	NPC
LJP009_NPC_24H:E15	DB13113	JNJ-38877605	-0.15028747023026598	-0.7669520221761934	0.9990953864710022	1.0	NPC
NMH002_NEU_24H:BRD-A84228258-001-03-6:10	DB07348	Brefeldin A	0.14880765843683472	0.8428515957008877	0.9991128197545468	1.0	NEU
CPC015_NPC_24H:BRD-A35338386-001-04-6:10	DB03719	N-Ethyl-5'-Carboxamido Adenosine	-0.15247153990044512	-0.7512005073756787	0.9992	1.0	NPC
PCLB001_JURKAT_6H:BRD-A58955223-001-02-0:3.33	DB12422	Sulforaphane	-0.14711389059662427	-0.7539745052045063	0.9992999299929993	1.0	JURKAT
CPC016_NPC_24H:BRD-K59058766-003-15-1:10	DB01239	Chlorprothixene	0.17394824248216825	0.7689351639176415	0.9993	1.0	NPC
LPROT001_NPC.TAK_6H:C22	DB02709	Resveratrol	-0.1575755577274074	-0.7527747008476864	0.9993996397838704	1.0	NPC.TAK
LJP009_NPC.TAK_24H:L23	DB12588	AZD-1480	0.15351727940138046	0.7474287089578666	0.9993997599039616	1.0	NPC.TAK
CPC006_U937_6H:BRD-K01638814-051-10-1:10	DB11738	Rilmenidine	0.17048524687027727	0.7664080468182631	0.9994	1.0	U937
LJP008_NPC.CAS9_24H:H13	DB11841	Entinostat	0.14788659315572658	0.8538952494485408	0.9994720168954594	1.0	NPC.CAS9
CPC006_SKM1_6H:BRD-K40892394-001-01-9:11.1	DB07002	4-({4-[(4-methoxypyridin-2-yl)amino]piperidin-1-yl}carbonyl)benzonitrile	-0.14148220949195392	-0.7701545060944087	0.9994952554007672	1.0	SKM1
CPC006_PL21_6H:BRD-K17561142-003-16-8:10	DB01118	Amiodarone	0.154351994553291	0.7514477763668002	0.9994999499949995	1.0	PL21
CPC015_NPC_24H:BRD-K52662033-003-14-7:10	DB00281	Lidocaine	-0.17233316977133714	-0.7674790747647281	0.9995	1.0	NPC
NMH002_NPC_6H:BRD-K39965020-001-05-9:10	DB03756	Doconexent	0.14837780297442782	0.7484678370830331	0.999599679743795	1.0	NPC
CPC006_SKM1_6H:BRD-A34255068-001-16-2:10	DB04149	(R)-Rolipram	-0.17133457036921362	-0.7640890551011724	0.9996	1.0	SKM1
CPC013_NEU_24H:BRD-K79254416-001-08-5:10	DB01262	Decitabine	-0.15191887800105444	-0.7480784135568157	0.9996	1.0	NEU
LJP009_NPC_24H:E21	DB08901	Ponatinib	0.1544586577334507	0.7352570008095172	0.9996999699969997	1.0	NPC
LJP008_NEU_24H:O05	DB07101	PD-0325901	0.1736113449278012	0.7660840802733471	0.9997	1.0	NEU
CPC016_NPC_24H:BRD-K70487031-001-01-0:10	DB00875	Flupentixol	0.16348984323938373	0.7496031021614162	0.9997	1.0	NPC
CPC015_NPC_24H:BRD-K51033547-003-01-8:10	DB00193	Tramadol	-0.15327390866474486	-0.7229079051563237	0.9997	1.0	NPC
CPC014_NPC_24H:BRD-K70401845-001-02-5:10	DB00530	Erlotinib	0.14575197995752479	0.7892189776703071	0.9997940691927513	1.0	NPC
LJP007_NPC.CAS9_24H:G17	DB01254	Dasatinib	0.15332371029880087	0.7419623400463551	0.9997998599019313	1.0	NPC.CAS9
CPC006_NOMO1_6H:BRD-A23770159-001-02-3:11.1	DB00877	Sirolimus	0.15089969417267798	0.7254353085815118	0.9998	1.0	NOMO1
CPC013_NEU_24H:BRD-K49328571-001-04-4:10	DB01254	Dasatinib	0.1501915451596636	0.7405568644728187	0.9998998898788668	1.0	NEU
LJP009_NPC.CAS9_24H:E20	DB08901	Ponatinib	0.14352853506374555	0.7075439909959748	0.9998999599839936	1.0	NPC.CAS9
CPC018_NPC_24H:BRD-A00758722-001-03-1:10	DB09371	Norethynodrel	0.1395061542929557	0.704191497958812	0.9998999699909973	1.0	NPC
AML001_HL60_6H:BRD-K43389675:1.11111	DB00694	Daunorubicin	0.14345221309268139	0.7103813615452491	0.9998999799959992	1.0	HL60
LPROT002_NPC.TAK_6H:E20	DB06195	Seliciclib	0.15587653247996686	0.7107916787198182	0.9998999899989999	1.0	NPC.TAK
LJP008_NPC.TAK_24H:G16	DB01254	Dasatinib	0.17019001365201453	0.7570408369144317	0.9999	1.0	NPC.TAK
NMH002_NPC_6H:BRD-K41170226-001-10-4:10	DB03619	Deoxycholic acid	0.17425841226470445	0.7538993710500914	0.9999	1.0	NPC
LJP008_NPC_24H:A24	DB11740	MK-1775	0.1525540288532591	0.727036821363298	0.9999	1.0	NPC
CPC016_NPC_24H:BRD-K35629949-001-01-2:10	DB04867	Lintitript	-0.15027041015942358	-0.7133943553127527	0.9999	1.0	NPC
LJP009_NPC.TAK_24H:P22	DB09074	Olaparib	0.16041586703189592	0.7105413454140633	0.9999	1.0	NPC.TAK
LJP007_NPC_24H:M13	DB07460	2-({5-CHLORO-2-[(2-METHOXY-4-MORPHOLIN-4-YLPHENYL)AMINO]PYRIMIDIN-4-YL}AMINO)-N-METHYLBENZAMIDE	-0.15478505074315477	-0.9931234016381255	1.0	1.0	NPC
NMH002_NPC_6H:BRD-K54028654-001-01-8:10	DB12310	Trehalose	0.14311132766367884	0.9868705390760618	1.0	1.0	NPC
CPC014_NPC_24H:BRD-K89014967-001-01-9:10	DB14904	Pimasertib	0.1568068652412949	0.9862933818435375	1.0	1.0	NPC
LJP007_NPC.CAS9_24H:I09	DB06589	Pazopanib	-0.15626535877797756	-0.9644166207557613	1.0	1.0	NPC.CAS9
NMH001_NEU_6H:BRD-K04809113-001-01-7:10	DB12771	Hydroxytyrosol	0.15399058324565854	0.9638004345429522	1.0	1.0	NEU
NMH002_NEU_6H:BRD-K76773351-001-03-5:10	DB04769	5-QUINOXALIN-6-YLMETHYLENE-THIAZOLIDINE-2,4-DIONE	0.1478011664487694	0.955604385302185	1.0	1.0	NEU
NMH002_NPC_24H:BRD-K98530306-003-13-4:10	DB00575	Clonidine	0.1421589927745813	0.9554624479955159	1.0	1.0	NPC
KHW001_SKM1_6H:BRD-K09416995-001-18-3:10	DB00227	Lovastatin	0.14433448792518858	0.9508527339068495	1.0	1.0	SKM1
NMH001_NEU_6H:BRD-A47564106-001-07-5:10	DB12161	Deutetrabenazine	0.16546231985392065	0.9427370731480451	1.0	1.0	NEU
CPC006_U937_6H:BRD-K52836380-001-01-7:22.2	DB07403	4-[(3-CHLORO-4-{[(2R)-3,3,3-TRIFLUORO-2-HYDROXY-2-METHYLPROPANOYL]AMINO}PHENYL)SULFONYL]-N,N-DIMETHYLBENZAMIDE	-0.14428017036753008	-0.9368502807736576	1.0	1.0	U937
CPC006_NOMO1_6H:BRD-K19216856-001-02-7:88.8	DB12116	Epigallocatechin gallate	0.13847816437917265	0.9302697889486742	1.0	1.0	NOMO1
CPC016_NPC_24H:BRD-K47598052-001-06-7:10	DB01809	1-Ter-Butyl-3-P-Tolyl-1h-Pyrazolo[3,4-D]Pyrimidin-4-Ylamine	-0.13479972022270134	-0.9271680740191018	1.0	1.0	NPC
CPC018_NPC_24H:BRD-K72029282-001-15-4:10	DB01599	Probucol	0.12652817219859028	0.9225811159030731	1.0	1.0	NPC
CPC006_PL21_6H:BRD-K40892394-001-01-9:11.1	DB07002	4-({4-[(4-methoxypyridin-2-yl)amino]piperidin-1-yl}carbonyl)benzonitrile	0.14468104931239928	0.914370604375578	1.0	1.0	PL21
CPC006_SKM1_6H:BRD-A31107743-001-01-3:0.09	DB07348	Brefeldin A	-0.1468965601022543	-0.9112807606864551	1.0	1.0	SKM1
CPC015_NPC_24H:BRD-A19500257:10	DB02424	Geldanamycin	-0.11589483566424556	-0.9008485548136	1.0	1.0	NPC
NMH002_NPC_6H:BRD-K50590187-001-17-3:10	DB09120	Zucapsaicin	-0.14205595207349284	-0.896085002648199	1.0	1.0	NPC
CPC014_NPC_24H:BRD-K91696562-001-01-8:10	DB12072	Orantinib	0.1445134426957878	0.8909864774328877	1.0	1.0	NPC
CPC006_WSUDLCL2_6H:BRD-K77947974-001-05-6:4.21	DB04842	Fluspirilene	0.14493660567490374	0.8898012509387804	1.0	1.0	WSUDLCL2
CPC006_PL21_6H:BRD-K67844266-001-01-3:11.1	DB11759	Pevonedistat	0.13894816327280465	0.8897245932571692	1.0	1.0	PL21
LJP009_NPC.TAK_24H:E20	DB08901	Ponatinib	-0.16280968439475973	-0.887467126840645	1.0	1.0	NPC.TAK
CPC006_NOMO1_6H:BRD-K98404142-001-01-9:11.1	DB05107	16-Bromoepiandrosterone	0.13893103898190376	0.8819064555344347	1.0	1.0	NOMO1
AML001_U937_24H:BRD-K27316855:0.37037	DB00136	Calcitriol	0.14301106939665087	0.8782139523120822	1.0	1.0	U937
CPC016_NEU_24H:BRD-K36927236-001-15-1:10	DB01016	Glyburide	0.14396873745402192	0.8672672012980792	1.0	1.0	NEU
LJP009_NPC.CAS9_24H:B18	DB11805	Saracatinib	-0.14151394575587023	-0.8654704009053895	1.0	1.0	NPC.CAS9
LJP009_NPC.CAS9_24H:I22	DB11363	Alectinib	0.13434339510506835	0.8611820893902525	1.0	1.0	NPC.CAS9
LJP009_NPC_24H:E20	DB08901	Ponatinib	-0.13286933865944567	-0.8456235360524454	1.0	1.0	NPC
NMH002_NPC_24H:BRD-K52313696-001-09-9:10	DB12291	Tacedinaline	0.12785112651652306	0.761887096687018	1.0	1.0	NPC
KHW001_SKM1_6H:BRD-K33240821-001-01-3:10	DB06809	Plerixafor	-0.1367839327718367	-0.7533259630185177	1.0	1.0	SKM1
CPC006_NOMO1_6H:BRD-K63195589-001-01-4:10	DB04960	Tipifarnib	-0.17485917788684946	-0.7459627713446456	1.0	1.0	NOMO1
CPC014_NEU_24H:BRD-K31484631-001-05-0:10	DB00615	Rifabutin	0.149352395993267	0.7454203990830289	1.0	1.0	NEU
LJP007_NPC.TAK_24H:G15	DB01254	Dasatinib	0.17215320357342112	0.7417967993970997	1.0	1.0	NPC.TAK
DOSBIO002_NPC_24H:BRD-A13084692:3.33333	DB08607	(5R)-5-(4-{[(2R)-6-HYDROXY-2,5,7,8-TETRAMETHYL-3,4-DIHYDRO-2H-CHROMEN-2-YL]METHOXY}BENZYL)-1,3-THIAZOLIDINE-2,4-DIONE	0.15044789158583421	0.7367887544558144	1.0	1.0	NPC
CPC015_NPC_24H:BRD-K34415467-003-08-0:10	DB00662	Trimethobenzamide	-0.1674148932409843	-0.7360612785905749	1.0	1.0	NPC
NMH001_NPC_6H:BRD-K56060837-001-01-9:10	DB04275	N-acetylserotonin	-0.13566648167795295	-0.7345328571517641	1.0	1.0	NPC
LJP007_NPC.CAS9_24H:J21	DB03044	Doramapimod	-0.13946156305219426	-0.7310582172156302	1.0	1.0	NPC.CAS9
CPC018_NPC_24H:BRD-K01095011-001-03-5:10	DB01216	Finasteride	-0.12762499252983556	-0.7264573314779867	1.0	1.0	NPC
PCLB001_JURKAT_6H:BRD-A58955223-001-02-0:2.5	DB12422	Sulforaphane	-0.144422688494603	-0.7091077684358236	1.0	1.0	JURKAT
CPC006_PL21_6H:BRD-K71799949-001-20-8:96	DB00564	Carbamazepine	0.1634815907126569	0.7076111950229445	1.0	1.0	PL21
DOSBIO002_NEU_24H:BRD-A75409952:10	DB08059	Wortmannin	0.14543656748355704	0.7066292817934025	1.0	1.0	NEU
CPC006_NOMO1_6H:BRD-K15563106-001-08-1:177.6	DB07810	Phloretin	0.16306921625083734	0.7045203541173898	1.0	1.0	NOMO1
LJP008_NEU_24H:I07	DB11830	Mocetinostat	0.12807315383038348	0.7039157212428194	1.0	1.0	NEU
CPC006_WSUDLCL2_6H:BRD-K48692744-001-01-2:10	DB02690	NU1025	-0.14089193888374635	-0.6994864084119352	1.0	1.0	WSUDLCL2
LJP009_NPC_24H:K07	DB11962	GSK-1059615	0.14710572672950328	0.695174771192663	1.0	1.0	NPC
CPC006_SKM1_6H:BRD-A62025033-001-01-8:10	DB06287	Temsirolimus	0.1523731763038617	0.6946915382578707	1.0	1.0	SKM1
NMH001_NPC_6H:BRD-K89997465-001-08-7:10	DB00477	Chlorpromazine	0.14610268754096323	0.6926151450448277	1.0	1.0	NPC
LJP009_NPC.CAS9_24H:D16	DB16108	TAK-715	0.14478852473476395	0.6901687360804498	1.0	1.0	NPC.CAS9
LJP007_NPC.CAS9_24H:I21	DB13005	Rebastinib	0.14200160193580078	0.689803530558563	1.0	1.0	NPC.CAS9
LJP009_NPC_24H:H10	DB08912	Dabrafenib	0.14798810914776211	0.6891815188669026	1.0	1.0	NPC
CPC016_NPC_24H:BRD-A94669766-001-04-2:10	DB03467	Naringenin	-0.13710945607087677	-0.6861957663290658	1.0	1.0	NPC
CPC016_NPC_24H:BRD-K90553655-001-03-6:10	DB01420	Testosterone propionate	-0.14676650427589577	-0.6859240915092898	1.0	1.0	NPC
LJP007_NPC.TAK_24H:M13	DB07460	2-({5-CHLORO-2-[(2-METHOXY-4-MORPHOLIN-4-YLPHENYL)AMINO]PYRIMIDIN-4-YL}AMINO)-N-METHYLBENZAMIDE	0.13282758735657574	0.6853313846599749	1.0	1.0	NPC.TAK
CPC006_THP1_6H:BRD-A35108200-001-04-7:10	DB01234	Dexamethasone	0.14632285507018522	0.6851679610531525	1.0	1.0	THP1
CPC016_NPC_24H:BRD-A36066264-001-03-1:10	DB13953	Estradiol benzoate	-0.14410766941221173	-0.6843560713154099	1.0	1.0	NPC
CPC006_THP1_6H:BRD-K76188144-001-01-2:160	DB08263	N-(carboxycarbonyl)-D-phenylalanine	0.14636059918406383	0.67424593586348	1.0	1.0	THP1
NMH002_NEU_6H:BRD-K60623809-001-04-6:10	DB08009	SU-11652	0.13122042170066184	0.6720529521051826	1.0	1.0	NEU
LJP009_NPC.CAS9_24H:I21	DB11363	Alectinib	-0.13736662510527722	-0.6718136746795396	1.0	1.0	NPC.CAS9
CPC014_NPC_24H:BRD-K32610195-001-11-5:10	DB01536	Androstenedione	-0.13325284562556336	-0.6715980644012473	1.0	1.0	NPC
NMH002_NPC_6H:BRD-K43797669-001-16-3:10	DB01645	Genistein	0.14543430121952805	0.6707530624718971	1.0	1.0	NPC
LJP007_NPC.CAS9_24H:M07	DB05575	Motesanib	0.14524503187223944	0.6695105533198343	1.0	1.0	NPC.CAS9
NMH002_NPC_6H:BRD-K23984367-075-10-3:10	DB15414	CM-4307	0.1443870418430873	0.6677738481097474	1.0	1.0	NPC
CPC018_NPC_24H:BRD-K27351809-001-02-0:10	DB13981	Nomegestrol acetate	-0.13891536623182943	-0.6654823963385623	1.0	1.0	NPC
LJP008_NPC.TAK_24H:K07	DB11962	GSK-1059615	0.14933860856888298	0.6636657998688028	1.0	1.0	NPC.TAK
CPC006_THP1_6H:BRD-A19037878:10	DB04297	Trichostatin A	0.15268239685153476	0.6585517704520417	1.0	1.0	THP1
CPC006_THP1_6H:BRD-K60623809-001-02-0:10	DB08009	SU-11652	0.14562324179615607	0.6406710087172013	1.0	1.0	THP1
LJP009_NPC_24H:B11	DB12242	AZD-7762	0.15613958466980912	0.6396485192276463	1.0	1.0	NPC
LJP008_NEU_24H:G17	DB01254	Dasatinib	0.1491590741666139	0.638744087739627	1.0	1.0	NEU
LJP009_NPC.TAK_24H:K07	DB11962	GSK-1059615	0.12759822100139903	0.6265434150646321	1.0	1.0	NPC.TAK
CPC014_NPC_24H:BRD-A19500257:10	DB02424	Geldanamycin	0.1287798329069293	0.621827590207702	1.0	1.0	NPC
CPC016_NPC_24H:BRD-A19500257:10	DB02424	Geldanamycin	0.1202563867218612	0.6209747934010951	1.0	1.0	NPC
LPROT003_NPC_6H:N19	DB02010	Staurosporine	0.1305992302670044	0.6032234613482262	1.0	1.0	NPC
AML001_HL60_24H:BRD-K19706299:3.33333	DB00374	Treprostinil	0.10698838910994377	0.6021979265756113	1.0	1.0	HL60
LJP007_NPC_24H:K07	DB11962	GSK-1059615	0.12277574024344984	0.5868819208777633	1.0	1.0	NPC
LJP007_NPC.CAS9_24H:D12	DB08875	Cabozantinib	0.13743341309162685	0.5847983773291622	1.0	1.0	NPC.CAS9
