Signature	DrugBank_ID	DrugBank_Name	Enrichment_Score	Normalized_Enrichment_Score	p-value	FDR	Cell_Line
AML001_HL60_6H:BRD-A19500257:0.37037	DB02424	Geldanamycin	0.5556308686506478	2.658147866231648	<0.0001	<0.0001	HL60
AML001_HL60_6H:BRD-A19500257:3.33333	DB02424	Geldanamycin	0.5321589552406678	2.5174154931131913	<0.0001	<0.0001	HL60
AML001_HL60_6H:BRD-A19500257:1.11111	DB02424	Geldanamycin	0.5282403610495566	2.4618523900323983	<0.0001	<0.0001	HL60
CPC006_SKM1_6H:BRD-K61033289-001-01-2:10	DB08435	(5E,14E)-11-oxoprosta-5,9,12,14-tetraen-1-oic acid	0.4976098674665534	2.4489323798792038	<0.0001	<0.0001	SKM1
CPC006_U937_6H:BRD-K61033289-001-01-2:10	DB08435	(5E,14E)-11-oxoprosta-5,9,12,14-tetraen-1-oic acid	0.5096070992032096	2.4480782894711854	<0.0001	<0.0001	U937
CPC006_PL21_6H:BRD-A36630025-001-02-6:0.35	DB05482	7-ethyl-10-hydroxycamptothecin	-0.4945144086781949	-2.3340194396596172	<0.0001	<0.0001	PL21
NMH001_NPC_6H:BRD-A33749298-002-01-7:10	DB03585	Oxyphenbutazone	0.48979247367805606	2.3247566841141336	<0.0001	<0.0001	NPC
CPC006_U937_6H:BRD-A36630025-001-02-6:0.35	DB05482	7-ethyl-10-hydroxycamptothecin	-0.4829727099296758	-2.315593093545594	<0.0001	<0.0001	U937
AML001_U937_6H:BRD-A19500257:10	DB02424	Geldanamycin	0.4756039322713612	2.2649606422285773	<0.0001	<0.0001	U937
AML001_U937_6H:BRD-A19500257:0.37037	DB02424	Geldanamycin	0.468449514064535	2.257068824760823	<0.0001	<0.0001	U937
DOSBIO002_NEU_24H:BRD-A19500257:10	DB02424	Geldanamycin	0.46367576161025864	2.24335773994627	<0.0001	<0.0001	NEU
CPC006_SKM1_6H:BRD-K81473043-001-04-7:0.35	DB05134	Tanespimycin	0.45138037784322826	2.209006569618207	<0.0001	<0.0001	SKM1
AML001_HL60_6H:BRD-A19500257:10	DB02424	Geldanamycin	0.4614247433090154	2.201939668024468	<0.0001	<0.0001	HL60
AML001_U937_24H:BRD-K43389675:1.11111	DB00694	Daunorubicin	-0.4405050332714237	-2.1926921775786137	<0.0001	<0.0001	U937
LJP008_NPC.TAK_24H:P13	DB11662	Rabusertib	-0.41280334093929305	-2.1489250321601507	<0.0001	<0.0001	NPC.TAK
KMS002_THP1_6H:BRD-K81418486-001-01-2:9.99	DB02546	Vorinostat	0.41734157934422683	2.141281882694506	<0.0001	<0.0001	THP1
CPC006_SKM1_6H:BRD-A19500257:10	DB02424	Geldanamycin	0.4304535166460981	2.1384931637319835	<0.0001	<0.0001	SKM1
CPC006_PL21_6H:BRD-K52075040-001-03-0:44.4	DB01034	Cerulenin	0.4546623831029023	2.1267986323866315	<0.0001	<0.0001	PL21
CPC015_NPC_24H:BRD-K76205745-001-04-1:10	DB00678	Losartan	-0.4140500606639348	-2.1255935842915714	<0.0001	<0.0001	NPC
CPC006_THP1_6H:BRD-K88510285-001-01-2:0.04	DB00188	Bortezomib	0.45413805558429604	2.118316367515642	<0.0001	<0.0001	THP1
CPC006_PL21_6H:BRD-K78659596-001-01-3:10	DB09570	Ixazomib	0.46876762533070226	2.1123456405032575	<0.0001	<0.0001	PL21
LJP007_NPC.CAS9_24H:I13	DB11526	Masitinib	-0.4384298861608622	-2.108355239269533	<0.0001	<0.0001	NPC.CAS9
LJP007_NPC.TAK_24H:I13	DB11526	Masitinib	-0.39784306924067164	-2.1052770218943655	<0.0001	<0.0001	NPC.TAK
LJP007_JURKAT_24H:A04	DB05134	Tanespimycin	0.4440904215624204	2.1015567521481517	<0.0001	<0.0001	JURKAT
LJP007_NPC.TAK_24H:D02	DB12494	SGI-1776	-0.42914251872712	-2.0984767329066334	<0.0001	<0.0001	NPC.TAK
CPC016_NEU_24H:BRD-K86204871-001-02-2:10	DB00251	Terconazole	-0.42849183689814535	-2.094330153787448	<0.0001	<0.0001	NEU
DOSBIO002_NPC_24H:BRD-A19500257:0.37037	DB02424	Geldanamycin	0.4305184265529623	2.0845063346994808	<0.0001	<0.0001	NPC
CPC006_U937_6H:BRD-K88510285-001-01-2:0.04	DB00188	Bortezomib	0.4148131069412151	2.08395707293322	<0.0001	<0.0001	U937
CPC006_THP1_6H:BRD-A36630025-001-02-6:0.35	DB05482	7-ethyl-10-hydroxycamptothecin	-0.40671331155813695	-2.0831474354850994	<0.0001	<0.0001	THP1
CPC006_PL21_6H:BRD-K33583600-001-09-6:10	DB03285	Isoliquiritigenin	0.4128658163278263	2.061413726454872	<0.0001	<0.0001	PL21
CPC014_NEU_24H:BRD-K33551950-001-01-6:10	DB03758	Radicicol	0.4410776444603226	2.0611177483438334	<0.0001	<0.0001	NEU
CPC006_THP1_6H:BRD-K31342827-001-05-4:12.12	DB03777	Bisindolylmaleimide I	-0.43281615145825375	-2.0580625097827467	<0.0001	<0.0001	THP1
LPROT002_NPC.TAK_6H:K06	DB06803	Niclosamide	0.4213316188322759	2.0556897829738165	<0.0001	<0.0001	NPC.TAK
NMH001_NEU_6H:BRD-A33749298-002-01-7:10	DB03585	Oxyphenbutazone	0.4287182786329195	2.05470041559565	<0.0001	<0.0001	NEU
LJP007_JURKAT_24H:O04	DB07101	PD-0325901	0.43000336255486793	2.0530079287855685	<0.0001	<0.0001	JURKAT
CPC006_SKM1_6H:BRD-K33583600-001-09-6:10	DB03285	Isoliquiritigenin	0.41561590665649495	2.0498869051516113	<0.0001	<0.0001	SKM1
CPC013_NPC_24H:BRD-K68202742-001-05-8:10	DB04297	Trichostatin A	-0.40302639081944985	-2.0467725622224067	<0.0001	<0.0001	NPC
CPC006_SKM1_6H:BRD-A79768653-001-02-1:10	DB00877	Sirolimus	0.4185628492362313	2.03409264300494	<0.0001	<0.0001	SKM1
CPC006_U937_6H:BRD-A19500257:10	DB02424	Geldanamycin	0.4137144548303184	2.0304587034990873	<0.0001	<0.0001	U937
LJP007_JURKAT_24H:O01	DB07101	PD-0325901	0.41104969891087084	2.011158153635202	<0.0001	<0.0001	JURKAT
CPC006_PL21_6H:BRD-K15108141-001-01-7:0.08	DB00441	Gemcitabine	-0.41297758096964865	-2.0107212723539774	<0.0001	<0.0001	PL21
LJP007_NPC.CAS9_24H:M22	DB12874	Quizartinib	0.39548493894993736	2.0021356171116578	<0.0001	<0.0001	NPC.CAS9
CPC006_WSUDLCL2_6H:BRD-A36630025-001-02-6:0.35	DB05482	7-ethyl-10-hydroxycamptothecin	-0.3773252213548512	-1.9950213314983851	<0.0001	<0.0001	WSUDLCL2
CPC015_NPC_24H:BRD-A04553218-050-08-9:10	DB13679	Dexchlorpheniramine	0.36998360784833706	1.9912987259683432	<0.0001	<0.0001	NPC
CPC006_U937_6H:BRD-K33583600-001-09-6:10	DB03285	Isoliquiritigenin	0.40641501315993817	1.9832012435977286	<0.0001	<0.0001	U937
NMH002_NPC_6H:BRD-K61559475-001-07-7:10	DB14122	Dihydroxymethoxychalcone	0.37552005028922214	1.981402509695471	<0.0001	<0.0001	NPC
CPC006_PL21_6H:BRD-K61033289-001-01-2:10	DB08435	(5E,14E)-11-oxoprosta-5,9,12,14-tetraen-1-oic acid	0.4089100495256453	1.9802083307627771	<0.0001	<0.0001	PL21
LPROT003_NPC_6H:J01	DB08881	Vemurafenib	-0.39400336514665785	-1.9758665903516917	<0.0001	<0.0001	NPC
CPC006_NOMO1_6H:BRD-A36630025-001-02-6:0.35	DB05482	7-ethyl-10-hydroxycamptothecin	-0.405943196343974	-1.9743003296792387	<0.0001	<0.0001	NOMO1
CPC018_NPC_24H:BRD-K51662849-001-03-9:10	DB02255	Ilomastat	0.37080004235894526	1.9712406694430002	<0.0001	<0.0001	NPC
CPC006_THP1_6H:BRD-K61033289-001-01-2:10	DB08435	(5E,14E)-11-oxoprosta-5,9,12,14-tetraen-1-oic acid	0.40702814382141056	1.9668054709484448	<0.0001	<0.0001	THP1
CPC006_SKM1_6H:BRD-A36630025-001-02-6:0.35	DB05482	7-ethyl-10-hydroxycamptothecin	-0.35147125374260274	-1.9633152351053498	<0.0001	<0.0001	SKM1
NMH002_NEU_24H:BRD-K18910433-001-24-2:10	DB00783	Estradiol	-0.3989159458520118	-1.9545846016052404	<0.0001	<0.0001	NEU
LJP007_NEU_24H:M07	DB05575	Motesanib	0.3357235862829187	1.9510425827268207	<0.0001	<0.0001	NEU
LJP007_JURKAT_24H:F01	DB12848	PF-04217903	0.39432974785238534	1.9495596855160326	<0.0001	<0.0001	JURKAT
LJP007_JURKAT_24H:E01	DB11743	Ipatasertib	0.39602468053910356	1.9410265617872826	<0.0001	<0.0001	JURKAT
CPC006_U937_6H:BRD-K78659596-001-01-3:10	DB09570	Ixazomib	0.4019855859820741	1.9379853748887892	<0.0001	<0.0001	U937
CPC006_PL21_6H:BRD-K81473043-001-04-7:0.35	DB05134	Tanespimycin	0.3709119286746749	1.9372886183787488	<0.0001	<0.0001	PL21
CPC016_NPC_24H:BRD-K11399644-003-03-0:10	DB00914	Phenformin	0.3839038016654621	1.9372249597355706	<0.0001	<0.0001	NPC
CPC016_NPC_24H:BRD-A22684332-003-03-1:10	DB01366	Procaterol	-0.3801884814155261	-1.9338842522616477	<0.0001	<0.0001	NPC
CPC006_NOMO1_6H:BRD-K88510285-001-01-2:0.04	DB00188	Bortezomib	0.4031186265117444	1.9316915605296097	<0.0001	<0.0001	NOMO1
AML001_U937_6H:BRD-A19500257:1.11111	DB02424	Geldanamycin	0.38935246056045925	1.9313292596738671	<0.0001	<0.0001	U937
CPC006_PL21_6H:BRD-A58048407-001-10-5:10	DB00393	Nimodipine	-0.36999206494368725	-1.931246568392038	<0.0001	<0.0001	PL21
LJP008_NPC_24H:L22	DB05015	Belinostat	-0.39659853732552924	-1.9277804598102966	<0.0001	<0.0001	NPC
AML001_U937_6H:BRD-A19500257:3.33333	DB02424	Geldanamycin	0.3944173931432591	1.9247031254453242	<0.0001	<0.0001	U937
LJP009_NPC_24H:B21	DB16107	BI 2536	0.39974031423032463	1.9217480354810221	<0.0001	<0.0001	NPC
CPC017_NPC_24H:BRD-K48970916-001-03-0:10	DB01406	Danazol	0.38072456492772744	1.9179668272108825	<0.0001	<0.0001	NPC
AML001_U937_24H:BRD-K93754473:4.48614	DB00675	Tamoxifen	0.376520138936387	1.917179511695842	<0.0001	<0.0001	U937
DOSBIO001_NPC_24H:BRD-A19500257:1.11111	DB02424	Geldanamycin	0.4106820507146093	1.9164630532683942	<0.0001	<0.0001	NPC
LJP007_NPC.CAS9_24H:P13	DB05294	Vandetanib	-0.3714841456600644	-1.9147546546993615	<0.0001	<0.0001	NPC.CAS9
AML001_U937_6H:BRD-K19706299:3.33333	DB00374	Treprostinil	0.3980792089641656	1.9079928626250253	<0.0001	<0.0001	U937
LJP007_NPC.CAS9_24H:D19	DB06616	Bosutinib	-0.3699515149234112	-1.900259138241292	<0.0001	<0.0001	NPC.CAS9
CPC006_PL21_6H:BRD-A75409952:10	DB08059	Wortmannin	0.43454039979545117	1.898766413179242	<0.0001	<0.0001	PL21
DOSBIO001_NEU_24H:BRD-A19500257:10	DB02424	Geldanamycin	0.4031419188295824	1.8949497820654764	<0.0001	<0.0001	NEU
CPC006_THP1_6H:BRD-K96354014-001-09-6:10	DB01115	Nifedipine	-0.37290213316308884	-1.894903170327447	<0.0001	<0.0001	THP1
CPC015_NPC_24H:BRD-A19037878:10	DB04297	Trichostatin A	-0.3854997290781452	-1.8928424041075682	<0.0001	<0.0001	NPC
NMH002_NPC_6H:BRD-A93000692-001-06-5:10	DB09201	Ciglitazone	0.3318137782797178	1.8915611717249983	<0.0001	<0.0001	NPC
AML001_U937_24H:BRD-A19500257:1.11111	DB02424	Geldanamycin	0.3953056908832371	1.8856195341523991	<0.0001	<0.0001	U937
CPC015_NPC_24H:BRD-K85603128-001-02-7:10	DB15480	Resorcinol monoacetate	0.35334123824520836	1.8846163460592225	<0.0001	<0.0001	NPC
LJP007_NPC.TAK_24H:F13	DB12247	AZD-4547	-0.345771896139946	-1.8840360277080295	<0.0001	<0.0001	NPC.TAK
CPC016_NPC_24H:BRD-K21283037-003-06-2:10	DB00740	Riluzole	-0.34712166037807024	-1.8786257478759083	<0.0001	<0.0001	NPC
DOSBIO002_NEU_24H:BRD-A19500257:3.33333	DB02424	Geldanamycin	0.39835024450161727	1.8785724710546834	<0.0001	<0.0001	NEU
NMH002_NEU_6H:BRD-K41260949-236-10-1:10	DB00313	Valproic acid	-0.4016484219331755	-1.8773729769149363	<0.0001	<0.0001	NEU
CPC014_NEU_24H:BRD-K74733595-001-02-9:10	DB07350	(2E)-N-hydroxy-3-[1-methyl-4-(phenylacetyl)-1H-pyrrol-2-yl]prop-2-enamide	-0.38337381318056624	-1.8760264713874257	<0.0001	<0.0001	NEU
CPC015_NPC_24H:BRD-K12219985-001-15-4:10	DB01067	Glipizide	-0.37033592446334906	-1.8758823370291824	<0.0001	<0.0001	NPC
CPC016_NPC_24H:BRD-K92984783-003-02-4:10	DB09224	Melperone	-0.3539270294211012	-1.8750713809246606	<0.0001	<0.0001	NPC
CPC006_NOMO1_6H:BRD-A19500257:10	DB02424	Geldanamycin	0.38010230546129276	1.875063434985983	<0.0001	<0.0001	NOMO1
LJP008_NEU_24H:A04	DB05134	Tanespimycin	0.36931579364465045	1.8700523998958287	<0.0001	<0.0001	NEU
NMH002_NPC_6H:BRD-K35960502-001-16-8:10	DB06803	Niclosamide	0.39738053941034923	1.8691671980156097	<0.0001	<0.0001	NPC
AML001_HL60_24H:BRD-A19500257:0.37037	DB02424	Geldanamycin	0.4148027499535136	1.8682567560077659	<0.0001	<0.0001	HL60
CPC014_NPC_24H:BRD-A19037878:10	DB04297	Trichostatin A	-0.39188026113887164	-1.8648045108354088	<0.0001	<0.0001	NPC
LJP008_NPC_24H:K11	DB11962	GSK-1059615	0.36196668042339963	1.8608778136836501	<0.0001	<0.0001	NPC
CPC012_NEU_24H:BRD-K14550461-001-01-3:10	DB06410	Doxercalciferol	-0.385994347630008	-1.8593999537927415	<0.0001	<0.0001	NEU
LJP007_NPC.CAS9_24H:C04	DB11800	Tivozanib	0.3663845475457882	1.857795770148379	<0.0001	<0.0001	NPC.CAS9
LJP008_NPC.TAK_24H:L19	DB05015	Belinostat	-0.38327389798233535	-1.856912565724368	<0.0001	<0.0001	NPC.TAK
DOSBIO002_NPC_24H:BRD-A19500257:3.33333	DB02424	Geldanamycin	0.42643661544208505	1.8543234027464996	<0.0001	<0.0001	NPC
NMH002_NPC_24H:BRD-K81839095-001-19-4:10	DB00655	Estrone	0.3252550844074999	1.854163962180215	<0.0001	<0.0001	NPC
CPC006_WSUDLCL2_6H:BRD-K54233340-300-01-0:10	DB08597	Dorsomorphin	-0.36763115415153036	-1.8541247697100347	<0.0001	<0.0001	WSUDLCL2
CPC018_NPC_24H:BRD-K77830450-001-02-4:10	DB02587	Colforsin	0.3394613304509972	1.8518509242548427	<0.0001	<0.0001	NPC
NMH002_NEU_6H:BRD-K05396879-001-06-7:10	DB08435	(5E,14E)-11-oxoprosta-5,9,12,14-tetraen-1-oic acid	0.34395518846174583	1.8509482905823587	<0.0001	<0.0001	NEU
CPC014_NEU_24H:BRD-K13927029-001-01-9:10	DB00162	Vitamin A	-0.36730376530095565	-1.8506896897918081	<0.0001	<0.0001	NEU
CPC006_WSUDLCL2_6H:BRD-K31342827-001-05-4:12.12	DB03777	Bisindolylmaleimide I	-0.37974694929265074	-1.8473297500477641	<0.0001	<0.0001	WSUDLCL2
LJP009_NEU_24H:E17	DB13113	JNJ-38877605	-0.34324590694716733	-1.8464815039564555	<0.0001	<0.0001	NEU
CPC017_NPC_24H:BRD-K10136726-003-01-2:10	DB08603	N-[(1S)-5-amino-1-(chloroacetyl)pentyl]-4-methylbenzenesulfonamide	0.33988432856851375	1.8451358585135964	<0.0001	<0.0001	NPC
LJP008_NPC.TAK_24H:A04	DB05134	Tanespimycin	0.4176733841294154	1.8421663472567662	<0.0001	<0.0001	NPC.TAK
CPC012_NPC_24H:BRD-K02130563-001-06-4:10	DB06603	Panobinostat	-0.37936425747187646	-1.838302980026697	<0.0001	<0.0001	NPC
LJP007_NPC.CAS9_24H:H09	DB09053	Ibrutinib	-0.38258208307687136	-1.8371261738323188	<0.0001	<0.0001	NPC.CAS9
LJP009_NPC_24H:A03	DB02546	Vorinostat	-0.3697341790715127	-1.8326877682746914	<0.0001	<0.0001	NPC
CPC016_NPC_24H:BRD-A35588707-001-03-0:10	DB00444	Teniposide	-0.3325426420767205	-1.8322501801539604	<0.0001	<0.0001	NPC
LJP007_NPC.TAK_24H:P03	DB09054	Idelalisib	-0.38631193481252746	-1.8309912401612256	<0.0001	<0.0001	NPC.TAK
DOSBIO002_NPC_24H:BRD-A19037878:3.33333	DB04297	Trichostatin A	-0.3787927910984903	-1.830989601640512	<0.0001	<0.0001	NPC
LJP008_NPC.CAS9_24H:A03	DB02546	Vorinostat	-0.37164736857022135	-1.8302030770985513	<0.0001	<0.0001	NPC.CAS9
CPC006_NOMO1_6H:BRD-A58955223-001-01-2:10	DB12422	Sulforaphane	0.3788971430462171	1.829365375791108	<0.0001	<0.0001	NOMO1
LJP007_NPC_24H:P03	DB09054	Idelalisib	-0.3683292583412835	-1.8288277989320225	<0.0001	<0.0001	NPC
CPC012_NPC_24H:BRD-A19037878:10	DB04297	Trichostatin A	-0.37972043676700856	-1.8281948447749472	<0.0001	<0.0001	NPC
LJP007_NPC.CAS9_24H:A15	DB12742	Amuvatinib	-0.3885430258856199	-1.8275852236215777	<0.0001	<0.0001	NPC.CAS9
CPC006_WSUDLCL2_6H:BRD-K88510285-001-01-2:0.04	DB00188	Bortezomib	0.39852842592374293	1.8265635680694265	<0.0001	<0.0001	WSUDLCL2
LJP007_NPC.TAK_24H:D19	DB06616	Bosutinib	-0.3316485174531402	-1.8257431596499085	<0.0001	<0.0001	NPC.TAK
NMH002_NEU_6H:BRD-K59946561-001-07-5:10	DB03374	3,5-Diiodotyrosine	-0.3296266585756003	-1.8249199185549885	<0.0001	<0.0001	NEU
CPC006_SKM1_6H:BRD-K31342827-001-05-4:12.12	DB03777	Bisindolylmaleimide I	-0.3676289394522656	-1.824001997094913	<0.0001	<0.0001	SKM1
LJP007_JURKAT_24H:C01	DB11800	Tivozanib	0.3693484621477035	1.8212885930535005	<0.0001	<0.0001	JURKAT
LJP008_NPC.TAK_24H:J07	DB05223	Pracinostat	-0.38660782969584906	-1.8211718023441745	<0.0001	<0.0001	NPC.TAK
CPC006_WSUDLCL2_6H:BRD-K81473043-001-04-7:0.35	DB05134	Tanespimycin	0.36282747036372454	1.8175984813507926	<0.0001	<0.0001	WSUDLCL2
CPC015_NPC_24H:BRD-A22032524-074-04-0:10	DB09237	Levamlodipine	-0.3181452485023565	-1.8138726515297765	<0.0001	<0.0001	NPC
CPC006_U937_6H:BRD-K81473043-001-04-7:0.35	DB05134	Tanespimycin	0.36127722341034796	1.8123827302706237	<0.0001	<0.0001	U937
LJP008_NEU_24H:A20	DB11740	MK-1775	-0.31425478801046647	-1.8122035055269392	<0.0001	<0.0001	NEU
LJP008_NPC.CAS9_24H:P13	DB11662	Rabusertib	-0.33123861965977996	-1.811840521023861	<0.0001	<0.0001	NPC.CAS9
NMH002_NPC_6H:BRD-A19500257-001-03-9:10	DB02424	Geldanamycin	0.3939086690588998	1.8088289592994768	<0.0001	<0.0001	NPC
CPC016_NPC_24H:BRD-A19037878:10	DB04297	Trichostatin A	-0.3574252530633811	-1.8067621560459481	<0.0001	<0.0001	NPC
CPC014_NPC_24H:BRD-K99749624-001-01-3:10	DB06080	Linifanib	0.33074729892189986	1.8055047582663937	<0.0001	<0.0001	NPC
LJP009_NPC_24H:B03	DB00877	Sirolimus	0.40267254624899695	1.8039600128460622	<0.0001	<0.0001	NPC
LJP007_NPC_24H:E08	DB05913	OSI-930	0.3774087081688517	1.8031250557913188	<0.0001	<0.0001	NPC
AML001_U937_6H:BRD-K19706299:0.37037	DB00374	Treprostinil	0.3509435979541308	1.802585974886112	<0.0001	<0.0001	U937
LJP007_NPC_24H:B17	DB12200	Tivantinib	0.3693487855202106	1.7990144427846362	<0.0001	<0.0001	NPC
LJP007_NPC_24H:D11	DB08875	Cabozantinib	0.36103722846377756	1.7976897139737327	<0.0001	<0.0001	NPC
LJP007_NPC_24H:A16	DB12742	Amuvatinib	-0.35967874601337085	-1.7973205628712818	<0.0001	<0.0001	NPC
NMH002_NEU_6H:BRD-A30142024-001-01-1:10	DB04447	1,4-Dithiothreitol	0.34846392174609503	1.7931268017422382	<0.0001	<0.0001	NEU
NMH001_NPC_6H:BRD-A19500257-001-03-9:10	DB02424	Geldanamycin	0.38895347484535314	1.7926897020172345	<0.0001	<0.0001	NPC
CPC006_WSUDLCL2_6H:BRD-K52075040-001-03-0:44.4	DB01034	Cerulenin	0.3858134878890525	1.791959210127643	<0.0001	<0.0001	WSUDLCL2
LJP007_NEU_24H:N14	DB09330	Osimertinib	0.35031266350047396	1.7913631981254665	<0.0001	<0.0001	NEU
LJP007_NPC_24H:D02	DB12494	SGI-1776	0.36016653866341225	1.7912146709484804	<0.0001	<0.0001	NPC
AML001_U937_24H:BRD-A19500257:0.37037	DB02424	Geldanamycin	0.38055994420501693	1.7911430051668116	<0.0001	<0.0001	U937
LJP007_NPC.TAK_24H:I02	DB01268	Sunitinib	-0.3625991930497008	-1.7909914388691939	<0.0001	<0.0001	NPC.TAK
CPC014_NEU_24H:BRD-K36529613-001-01-8:10	DB12638	PU-H71	0.4149388907916902	1.7905472525830424	<0.0001	<0.0001	NEU
CPC014_NEU_24H:BRD-K89085489-001-11-7:10	DB05076	Fenretinide	0.39185563626402675	1.7893738692466923	<0.0001	<0.0001	NEU
LJP009_NPC.TAK_24H:A03	DB02546	Vorinostat	-0.3746216145730337	-1.7870243916535133	<0.0001	<0.0001	NPC.TAK
CPC017_NPC_24H:BRD-K19525698-003-01-1:10	DB12017	Ozagrel	0.3302377539271804	1.785634669493704	<0.0001	<0.0001	NPC
NMH002_NPC_6H:BRD-K62012036-001-10-2:10	DB00459	Acitretin	-0.35258051823728526	-1.7831147434959203	<0.0001	<0.0001	NPC
LPROT001_NPC.TAK_6H:I24	DB02424	Geldanamycin	0.3812571055049862	1.7825551484428355	<0.0001	<0.0001	NPC.TAK
CPC015_NPC_24H:BRD-K45861246-001-08-4:10	DB11376	Azaperone	0.32701006732308496	1.7779889592189715	<0.0001	<0.0001	NPC
CPC006_NOMO1_6H:BRD-K61033289-001-01-2:10	DB08435	(5E,14E)-11-oxoprosta-5,9,12,14-tetraen-1-oic acid	0.3585709686108117	1.7778389136647015	<0.0001	<0.0001	NOMO1
AML001_U937_24H:BRD-A19500257:10	DB02424	Geldanamycin	0.38000297205752825	1.7770250050184693	<0.0001	<0.0001	U937
LJP009_NPC.TAK_24H:K10	DB11962	GSK-1059615	0.38809727750561085	1.774583788268527	<0.0001	<0.0001	NPC.TAK
NMH002_NEU_24H:BRD-K97808269-001-01-9:10	DB04382	2-Deoxy-alpha-D-galactopyranose	-0.35392891529894704	-1.773256312322569	<0.0001	<0.0001	NEU
CPC018_NPC_24H:BRD-A19037878:10	DB04297	Trichostatin A	-0.363578677119128	-1.7729734725874724	<0.0001	<0.0001	NPC
CPC006_U937_6H:BRD-A58955223-001-01-2:10	DB12422	Sulforaphane	0.3676809349384704	1.771888876809111	<0.0001	<0.0001	U937
LJP008_NPC_24H:M18	DB01262	Decitabine	-0.3537246093369475	-1.7703382096220925	<0.0001	<0.0001	NPC
CPC014_NEU_24H:BRD-A50454580-001-01-1:10	DB07101	PD-0325901	0.35658769526082956	1.7678165453776555	<0.0001	<0.0001	NEU
CPC006_WSUDLCL2_6H:BRD-K76205745-237-05-8:160	DB00678	Losartan	0.36144287072782166	1.7658935842388728	<0.0001	<0.0001	WSUDLCL2
CPC006_SKM1_6H:BRD-K78126613-001-16-0:10	DB00170	Menadione	-0.331061149142454	-1.7638634046759671	<0.0001	<0.0001	SKM1
CPC015_NPC_24H:BRD-K45252063-001-06-0:10	DB00636	Clofibrate	0.31762925592205477	1.761184080237914	<0.0001	<0.0001	NPC
LJP007_JURKAT_24H:M01	DB07794	5-(2-PHENYLPYRAZOLO[1,5-A]PYRIDIN-3-YL)-1H-PYRAZOLO[3,4-C]PYRIDAZIN-3-AMINE	0.39482728292302643	1.758885915934051	<0.0001	<0.0001	JURKAT
CPC006_SKM1_6H:BRD-K56700933-001-01-3:10	DB12695	Phenethyl Isothiocyanate	0.330216536637513	1.757013277717876	<0.0001	<0.0001	SKM1
LJP009_NEU_24H:O21	DB07232	Veliparib	-0.3366512278156742	-1.756310394304316	<0.0001	<0.0001	NEU
LJP007_NPC.TAK_24H:P13	DB05294	Vandetanib	-0.3226729879758145	-1.7560895191065398	<0.0001	<0.0001	NPC.TAK
CPC006_SKM1_6H:BRD-A58955223-001-01-2:10	DB12422	Sulforaphane	0.3550073395971063	1.7527200556677769	<0.0001	<0.0001	SKM1
AML001_U937_24H:BRD-A19500257:3.33333	DB02424	Geldanamycin	0.3739537646581602	1.7508747079783151	<0.0001	<0.0001	U937
LJP008_NEU_24H:J04	DB12116	Epigallocatechin gallate	-0.3511361731293963	-1.7499066388928757	<0.0001	<0.0001	NEU
CPC006_U937_6H:BRD-K31342827-001-05-4:12.12	DB03777	Bisindolylmaleimide I	-0.32801547438416984	-1.74826872790197	<0.0001	<0.0001	U937
LJP007_NPC.CAS9_24H:F13	DB12247	AZD-4547	-0.3260830052705642	-1.7481842763128894	<0.0001	<0.0001	NPC.CAS9
CPC016_NEU_24H:BRD-A29322418-237-03-2:10	DB09015	Canrenoic acid	-0.3505151777440053	-1.7457982549893398	<0.0001	<0.0001	NEU
CPC006_THP1_6H:BRD-A46335897-003-05-4:6.23	DB01069	Promethazine	-0.34677230050801977	-1.744638143799613	<0.0001	<0.0001	THP1
CPC016_NEU_24H:BRD-K08547377-003-03-2:10	DB00762	Irinotecan	-0.36960838605424645	-1.7436517081736516	<0.0001	<0.0001	NEU
NMH001_NEU_6H:BRD-K21283037-001-16-5:10	DB00740	Riluzole	-0.35573985696508453	-1.741164416342392	<0.0001	<0.0001	NEU
NMH002_NEU_6H:BRD-K93754473-001-16-9:10	DB00675	Tamoxifen	-0.3361093244700752	-1.7405126914532427	<0.0001	<0.0001	NEU
CPC014_NPC_24H:BRD-K83794624-001-01-7:10	DB11616	Pirarubicin	-0.3232598875674312	-1.7401698561121575	<0.0001	<0.0001	NPC
CPC006_NOMO1_6H:BRD-K31342827-001-05-4:12.12	DB03777	Bisindolylmaleimide I	-0.3522540453120422	-1.739564321143331	<0.0001	<0.0001	NOMO1
LJP007_NPC_24H:J21	DB03044	Doramapimod	-0.35093387116734565	-1.7385438007619105	<0.0001	<0.0001	NPC
CPC006_WSUDLCL2_6H:BRD-K78659596-001-01-3:10	DB09570	Ixazomib	0.37467474913117005	1.7349751803090574	<0.0001	<0.0001	WSUDLCL2
CPC014_NPC_24H:BRD-K56343971-001-01-5:10	DB08881	Vemurafenib	-0.32950586249730457	-1.7338377838608048	<0.0001	<0.0001	NPC
LJP009_NEU_24H:D04	DB11775	PF-03758309	-0.33526769092857067	-1.733710532851226	<0.0001	<0.0001	NEU
NMH002_NEU_24H:BRD-K39965020-001-05-9:10	DB03756	Doconexent	-0.3191755607881849	-1.7327418375958679	<0.0001	<0.0001	NEU
CPC014_NPC_24H:BRD-A01317026-001-01-2:10	DB04400	L-erythro-7,8-dihydrobiopterin	-0.3596036115071747	-1.7325740627443014	<0.0001	<0.0001	NPC
CPC006_SKM1_6H:BRD-K67844266-001-01-3:11.1	DB11759	Pevonedistat	-0.3798640975572986	-1.7321071162484512	<0.0001	<0.0001	SKM1
CPC006_WSUDLCL2_6H:BRD-A19500257:10	DB02424	Geldanamycin	0.36104180272468994	1.7320524637708221	<0.0001	<0.0001	WSUDLCL2
PCLB001_JURKAT_6H:BRD-K07572174-001-22-0:10	DB11672	Curcumin	0.3683130895394231	1.7310587361731131	<0.0001	<0.0001	JURKAT
AML001_HL60_24H:BRD-A19500257:1.11111	DB02424	Geldanamycin	0.39133231020035636	1.7302754367178315	<0.0001	<0.0001	HL60
CPC016_NEU_24H:BRD-K35708212-331-03-1:10	DB01092	Ouabain	0.35913545715315764	1.7277253430911803	<0.0001	<0.0001	NEU
CPC015_NPC_24H:BRD-K81418486:10	DB02546	Vorinostat	-0.36262141178936147	-1.727658086862829	<0.0001	<0.0001	NPC
LJP007_JURKAT_24H:P04	DB09054	Idelalisib	0.34726251612031306	1.724958024797236	<0.0001	<0.0001	JURKAT
CPC015_NPC_24H:BRD-K30020243-051-01-7:10	DB09026	Aliskiren	-0.3501998664427988	-1.7242050732427636	<0.0001	<0.0001	NPC
CPC017_NPC_24H:BRD-K16444452-001-03-4:10	DB05266	Ibudilast	-0.3431319293445439	-1.7231164298287378	<0.0001	<0.0001	NPC
CPC006_SKM1_6H:BRD-K55395145-001-01-7:88.8	DB00642	Pemetrexed	-0.3726126889405876	-1.7221144672882376	<0.0001	<0.0001	SKM1
CPC006_THP1_6H:BRD-K52075040-001-03-0:44.4	DB01034	Cerulenin	0.37611291614846115	1.7220692226948924	<0.0001	<0.0001	THP1
LJP009_NEU_24H:N11	DB08896	Regorafenib	0.35478511589521233	1.7212166227659893	<0.0001	<0.0001	NEU
DOSBIO001_NEU_24H:BRD-A19037878:1.11111	DB04297	Trichostatin A	-0.3623570987936432	-1.720716783141996	<0.0001	<0.0001	NEU
DOSBIO001_NPC_24H:BRD-A19500257:3.33333	DB02424	Geldanamycin	0.39153970301128704	1.7147617540041076	<0.0001	<0.0001	NPC
NMH002_NPC_6H:BRD-K08316444-001-06-8:10	DB11457	Rotenone	0.3345729990294978	1.7130445330588955	<0.0001	<0.0001	NPC
NMH001_NEU_24H:BRD-A33749298-002-01-7:10	DB03585	Oxyphenbutazone	0.36106258907139077	1.7123606289728657	<0.0001	<0.0001	NEU
CPC018_NPC_24H:BRD-K48692744-001-01-2:10	DB02690	NU1025	0.3192289612568655	1.712062338923003	<0.0001	<0.0001	NPC
LJP008_NPC_24H:F05	DB12376	Ricolinostat	-0.35144910314586103	-1.7118687582907475	<0.0001	<0.0001	NPC
LJP007_JURKAT_24H:I24	DB13005	Rebastinib	0.33991822887765777	1.7102722232359984	<0.0001	<0.0001	JURKAT
CPC006_WSUDLCL2_6H:BRD-K73319509-001-02-3:40	DB12848	PF-04217903	0.33327134478389137	1.706464765844321	<0.0001	<0.0001	WSUDLCL2
LPROT001_NPC.TAK_6H:I22	DB02424	Geldanamycin	0.3570956475403517	1.7046792697332576	<0.0001	<0.0001	NPC.TAK
CPC016_NPC_24H:BRD-K81418486:10	DB02546	Vorinostat	-0.3497877750660147	-1.7042634492797886	<0.0001	<0.0001	NPC
CPC016_NPC_24H:BRD-A69815203-001-05-0:10	DB00091	Cyclosporine	0.3399048631453195	1.7020165287297233	<0.0001	<0.0001	NPC
CPC014_NEU_24H:BRD-K51313569-001-02-9:10	DB09073	Palbociclib	0.34671639545698313	1.701850490581824	<0.0001	<0.0001	NEU
LJP008_NPC.CAS9_24H:J07	DB05223	Pracinostat	-0.3546907592882453	-1.7011301890972472	<0.0001	<0.0001	NPC.CAS9
LJP007_NEU_24H:A18	DB12742	Amuvatinib	-0.3004845717479147	-1.700320901564118	<0.0001	<0.0001	NEU
CPC013_NPC_24H:BRD-K17743125-001-03-5:10	DB05015	Belinostat	-0.3584277273035623	-1.6998394722343153	<0.0001	<0.0001	NPC
LJP009_NEU_24H:A04	DB05134	Tanespimycin	0.35190080239117244	1.699645239360423	<0.0001	<0.0001	NEU
CPC006_PL21_6H:BRD-K56700933-001-01-3:10	DB12695	Phenethyl Isothiocyanate	0.3359508249461998	1.699582760411688	<0.0001	<0.0001	PL21
KMS002_THP1_6H:BRD-A75409952-001-02-4:10	DB08059	Wortmannin	0.35221724311252184	1.6993345702110678	<0.0001	<0.0001	THP1
LJP007_NEU_24H:E03	DB11743	Ipatasertib	-0.32270093655781307	-1.6985128507769798	<0.0001	<0.0001	NEU
CPC006_THP1_6H:BRD-A70155556-001-04-4:40	DB03785	Mevinolinic acid	0.33720575782084294	1.6979051073056342	<0.0001	<0.0001	THP1
CPC006_WSUDLCL2_6H:BRD-K61033289-001-01-2:10	DB08435	(5E,14E)-11-oxoprosta-5,9,12,14-tetraen-1-oic acid	0.3558772090737898	1.6978489390156726	<0.0001	<0.0001	WSUDLCL2
CPC014_NEU_24H:BRD-K18135438-001-08-4:10	DB06777	Chenodeoxycholic acid	0.3356205650656458	1.696324292202097	<0.0001	<0.0001	NEU
CPC015_NPC_24H:BRD-K71103788-003-04-7:10	DB00476	Duloxetine	0.3221871089988284	1.6938846054164538	<0.0001	<0.0001	NPC
CPC012_NEU_24H:BRD-K68202742-001-06-6:10	DB04297	Trichostatin A	-0.37264216732033567	-1.6938714577591172	<0.0001	<0.0001	NEU
CPC014_NEU_24H:BRD-K71879491-001-22-6:10	DB00982	Isotretinoin	0.3089755138084266	1.6934808580268532	<0.0001	<0.0001	NEU
AML001_HL60_24H:BRD-A19500257:3.33333	DB02424	Geldanamycin	0.3895364751833929	1.6925816501322515	<0.0001	<0.0001	HL60
LJP009_NPC.CAS9_24H:B19	DB16107	BI 2536	0.363629946086376	1.6921784726060998	<0.0001	<0.0001	NPC.CAS9
CPC016_NPC_24H:BRD-K76775527-001-15-3:10	DB04743	Nimesulide	-0.3429619053875714	-1.6895345193869291	<0.0001	<0.0001	NPC
CPC016_NEU_24H:BRD-A83859836-003-02-8:10	DB11699	Tropisetron	-0.33700405726445626	-1.6890503162569748	<0.0001	<0.0001	NEU
LJP009_NEU_24H:E19	DB08901	Ponatinib	-0.3059078399861953	-1.688260162963645	<0.0001	<0.0001	NEU
DOSBIO001_NEU_24H:BRD-A19037878:3.33333	DB04297	Trichostatin A	-0.3612802040689967	-1.687711347021306	<0.0001	<0.0001	NEU
CPC017_NPC_24H:BRD-A19037878:10	DB04297	Trichostatin A	-0.34135139702487344	-1.6871382620696045	<0.0001	<0.0001	NPC
NMH002_NPC_6H:BRD-K13005598-001-01-5:10	DB13034	Foxy-5	-0.3169639015525116	-1.686271927360924	<0.0001	<0.0001	NPC
CPC016_NPC_24H:BRD-K04111260-001-05-0:10	DB12518	Raclopride	-0.31044646399714876	-1.6852735063033257	<0.0001	<0.0001	NPC
LJP009_NPC_24H:K10	DB11962	GSK-1059615	0.34822724783634923	1.6836544735756114	<0.0001	<0.0001	NPC
CPC016_NPC_24H:BRD-M00539986-051-01-1:10	DB01274	Arformoterol	-0.3053529482606977	-1.683520174872206	<0.0001	<0.0001	NPC
DOSBIO001_NEU_24H:BRD-A19500257:3.33333	DB02424	Geldanamycin	0.34851363839833593	1.6830589710608774	<0.0001	<0.0001	NEU
DOSBIO002_NPC_24H:BRD-A19037878:10	DB04297	Trichostatin A	-0.3283883067752209	-1.6818823235153095	<0.0001	<0.0001	NPC
CPC006_WSUDLCL2_6H:BRD-A04706586-236-01-7:10	DB13242	Bucladesine	0.3260036512545348	1.6810378209831198	<0.0001	<0.0001	WSUDLCL2
CPC018_NPC_24H:BRD-K81418486:10	DB02546	Vorinostat	-0.3509438881553696	-1.6808541561996784	<0.0001	<0.0001	NPC
NMH002_NEU_24H:BRD-K79254416-001-12-7:10	DB01262	Decitabine	0.3177011729816045	1.6797665153973957	<0.0001	<0.0001	NEU
LJP007_JURKAT_24H:P24	DB11886	Infigratinib	0.359990450013932	1.676318093916913	<0.0001	<0.0001	JURKAT
NMH002_NEU_6H:BRD-K50590187-001-17-3:10	DB09120	Zucapsaicin	0.37719974546168955	1.6753536847210861	<0.0001	<0.0001	NEU
DOSBIO001_NPC_24H:BRD-A19037878:10	DB04297	Trichostatin A	-0.33942317450023257	-1.6750957232991013	<0.0001	<0.0001	NPC
CPC013_NPC_24H:BRD-A19037878:10	DB04297	Trichostatin A	-0.3434747828996968	-1.6735955102984141	<0.0001	<0.0001	NPC
LJP007_NEU_24H:A03	DB02546	Vorinostat	-0.3558130581057492	-1.6730591965575896	<0.0001	<0.0001	NEU
LPROT003_NPC_6H:J03	DB08881	Vemurafenib	0.32230986543321805	1.672999215637852	<0.0001	<0.0001	NPC
CPC006_THP1_6H:BRD-K04430056-001-09-4:80	DB02207	7-Nitroindazole	-0.3576981724904065	-1.670737381445595	<0.0001	<0.0001	THP1
LJP008_NPC_24H:G23	DB00928	Azacitidine	-0.32990385905210906	-1.668073241131436	<0.0001	<0.0001	NPC
LJP007_NPC_24H:J19	DB03044	Doramapimod	0.3409277363477639	1.6669301052080971	<0.0001	<0.0001	NPC
NMH002_NEU_24H:BRD-K33127281-001-02-3:10	DB00210	Adapalene	0.30919177179287166	1.6665141037982525	<0.0001	<0.0001	NEU
CPC006_NOMO1_6H:BRD-A71390734-001-01-7:0.08	DB01177	Idarubicin	0.34571899809855583	1.6655225973790084	<0.0001	<0.0001	NOMO1
LJP007_NEU_24H:F01	DB12848	PF-04217903	0.2913751806824168	1.6652882552063681	<0.0001	<0.0001	NEU
CPC006_U937_6H:BRD-K52075040-001-03-0:44.4	DB01034	Cerulenin	0.36725118214208147	1.6651563338876667	<0.0001	<0.0001	U937
CPC015_NPC_24H:BRD-K14204120-003-02-4:10	DB00863	Ranitidine	0.28362054000085735	1.6648732926394925	<0.0001	<0.0001	NPC
CPC014_NPC_24H:BRD-K15891719-001-01-0:10	DB14126	Tenofovir	-0.3276894223190215	-1.6631077715569658	<0.0001	<0.0001	NPC
CPC006_THP1_6H:BRD-A19633847-050-20-6:10	DB01074	Perhexiline	0.3163693311472296	1.6617054540094454	<0.0001	<0.0001	THP1
CPC006_PL21_6H:BRD-A19500257:10	DB02424	Geldanamycin	0.35246647886384846	1.6594197117847165	<0.0001	<0.0001	PL21
CPC014_NEU_24H:BRD-K53972329-001-02-1:10	DB08877	Ruxolitinib	0.36713943228154494	1.6576084151710073	<0.0001	<0.0001	NEU
CPC014_NPC_24H:BRD-K04923131-001-06-3:10	DB03444	6-bromoindirubin-3'-oxime	-0.3163302329816719	-1.657481756919781	<0.0001	<0.0001	NPC
CPC006_SKM1_6H:BRD-K82818427-001-01-4:44.4	DB03880	Batimastat	0.3296145423808525	1.6573490080365068	<0.0001	<0.0001	SKM1
CPC016_NEU_24H:BRD-K91290917-336-03-8:10	DB00613	Amodiaquine	-0.31863613779146444	-1.6566667354545235	<0.0001	<0.0001	NEU
LJP009_NPC.TAK_24H:E07	DB01782	Pyrazolanthrone	-0.33345471239875046	-1.6548247876845998	<0.0001	<0.0001	NPC.TAK
LJP008_NPC.CAS9_24H:G24	DB00928	Azacitidine	0.3102988394341538	1.654536062062278	<0.0001	<0.0001	NPC.CAS9
NMH002_NPC_24H:BRD-K71799949-001-29-9:10	DB00564	Carbamazepine	-0.2877726979822808	-1.6536794597710152	<0.0001	<0.0001	NPC
CPC006_PL21_6H:BRD-A04706586-236-01-7:10	DB13242	Bucladesine	-0.3140241183206798	-1.6515241821057929	<0.0001	<0.0001	PL21
CPC016_NEU_24H:BRD-K33211335-337-03-7:10	DB00514	Dextromethorphan	0.32264619281251367	1.649570827951851	<0.0001	<0.0001	NEU
LJP008_NPC.TAK_24H:L20	DB05015	Belinostat	-0.3445688113936831	-1.6488859053886757	<0.0001	<0.0001	NPC.TAK
NMH002_NEU_6H:BRD-K13927029-001-02-7:10	DB00162	Vitamin A	-0.32124373350897406	-1.6486834103121804	<0.0001	<0.0001	NEU
NMH002_NEU_6H:BRD-K71879491-001-29-1:10	DB00982	Isotretinoin	-0.33493649429398453	-1.645718767402843	<0.0001	<0.0001	NEU
CPC014_NEU_24H:BRD-A38878059-001-01-0:10	DB07557	3,20-Pregnanedione	-0.3279888265602684	-1.643367914112814	<0.0001	<0.0001	NEU
LJP008_NPC.TAK_24H:L23	DB05015	Belinostat	-0.34146502501074244	-1.641494279940996	<0.0001	<0.0001	NPC.TAK
CPC006_THP1_6H:BRD-K15409150-001-02-5:30	DB13791	Penfluridol	-0.28673770336289417	-1.6398500918905103	<0.0001	<0.0001	THP1
CPC017_NPC_24H:BRD-K65639003-001-05-8:10	DB12052	Icariin	0.30030902837536916	1.6396014428486017	<0.0001	<0.0001	NPC
CPC012_NPC_24H:BRD-A59985574-003-01-9:10	DB01030	Topotecan	-0.2989789037467402	-1.6393293268153855	<0.0001	<0.0001	NPC
CPC015_NPC_24H:BRD-A48430263-003-06-5:10	DB01132	Pioglitazone	0.3143973937348989	1.6384451701989953	<0.0001	<0.0001	NPC
LJP007_NEU_24H:E05	DB11743	Ipatasertib	-0.2869412468162157	-1.6375763999942354	<0.0001	<0.0001	NEU
CPC017_NPC_24H:BRD-A43974499-066-01-1:10	DB12395	Esreboxetine	0.2906355809112817	1.637329000199095	<0.0001	<0.0001	NPC
CPC006_U937_6H:BRD-A26711594-003-06-4:10	DB00622	Nicardipine	0.3314329066183619	1.6364605929213862	<0.0001	<0.0001	U937
NMH002_NEU_6H:BRD-A70814879-003-01-8:10	DB12764	Opaganib	0.3497270251818289	1.6358522271199398	<0.0001	<0.0001	NEU
CPC016_NEU_24H:BRD-A51410489-003-02-8:10	DB01392	Yohimbine	-0.3314840972188027	-1.6339755437190575	<0.0001	<0.0001	NEU
CPC017_NPC_24H:BRD-K60762818-003-15-3:10	DB01151	Desipramine	-0.30905077035189116	-1.6338958568176405	<0.0001	<0.0001	NPC
DOSBIO002_NEU_24H:BRD-A13084692:1.11111	DB08607	(5R)-5-(4-{[(2R)-6-HYDROXY-2,5,7,8-TETRAMETHYL-3,4-DIHYDRO-2H-CHROMEN-2-YL]METHOXY}BENZYL)-1,3-THIAZOLIDINE-2,4-DIONE	0.347744512677489	1.6314695032494282	<0.0001	<0.0001	NEU
LJP007_JURKAT_24H:D02	DB12494	SGI-1776	-0.32083063790326294	-1.6313497975724622	<0.0001	<0.0001	JURKAT
LJP008_NEU_24H:L22	DB05015	Belinostat	-0.3486141087654719	-1.6300544195327984	<0.0001	<0.0001	NEU
DOSBIO002_NPC_24H:BRD-A19037878:1.11111	DB04297	Trichostatin A	-0.3329237640399462	-1.6195685282634178	<0.0001	<0.0001	NPC
LJP007_NEU_24H:E21	DB12021	Dinaciclib	-0.2943764630777152	-1.6195129095106138	<0.0001	<0.0001	NEU
CPC015_NPC_24H:BRD-K75089421-003-15-3:10	DB01035	Procainamide	0.2855942374083022	1.6192076161963571	<0.0001	<0.0001	NPC
CPC015_NPC_24H:BRD-A41145729-001-02-7:10	DB08175	(2E,4E)-11-METHOXY-3,7,11-TRIMETHYLDODECA-2,4-DIENOIC ACID	-0.29239407202145923	-1.6191156050008528	<0.0001	<0.0001	NPC
LJP008_NPC.CAS9_24H:N11	DB02665	(1R,2S)-2-Phenylcyclopropanaminium	-0.32525922294189985	-1.6180515848743917	<0.0001	<0.0001	NPC.CAS9
CPC016_NEU_24H:BRD-A64977602-001-04-3:10	DB06678	Esmirtazapine	0.29547827859294734	1.6152377868553118	<0.0001	<0.0001	NEU
LJP008_NPC_24H:M15	DB01262	Decitabine	-0.30920533972885644	-1.6140493599171022	<0.0001	<0.0001	NPC
LJP007_NPC.CAS9_24H:D01	DB12494	SGI-1776	-0.2922789018320465	-1.613622975315722	<0.0001	<0.0001	NPC.CAS9
LJP008_NEU_24H:I03	DB16239	Molibresib	-0.3045879779016377	-1.6089613036082921	<0.0001	<0.0001	NEU
CPC014_NEU_24H:BRD-K52911425-001-02-3:10	DB11663	Pictilisib	-0.32263633967798644	-1.608230407349366	<0.0001	<0.0001	NEU
CPC016_NEU_24H:BRD-K94920105-001-01-3:10	DB07677	2-methyl-3,5,7,8-tetrahydro-4H-thiopyrano[4,3-d]pyrimidin-4-one	-0.3046656294202598	-1.6041954627428945	<0.0001	<0.0001	NEU
NMH002_NEU_24H:BRD-K08252256-236-26-2:10	DB00586	Diclofenac	-0.2836343938882391	-1.6011365959640869	<0.0001	<0.0001	NEU
NMH001_NPC_24H:BRD-K24125544-001-01-3:10	DB12161	Deutetrabenazine	-0.3183915181914027	-1.5994248367382973	<0.0001	<0.0001	NPC
NMH002_NPC_24H:BRD-K54771420-001-09-9:10	DB02691	Glycocholic acid	-0.3068305374609607	-1.597730048368148	<0.0001	<0.0001	NPC
LJP007_NPC.TAK_24H:A03	DB02546	Vorinostat	-0.33628697666321017	-1.5967225399911158	<0.0001	<0.0001	NPC.TAK
LJP009_NPC_24H:E16	DB13113	JNJ-38877605	-0.29862795172378537	-1.5961864027709065	<0.0001	<0.0001	NPC
CPC014_NEU_24H:BRD-K01507359-001-05-4:10	DB01045	Rifampicin	0.2917721747594676	1.5903379873437389	<0.0001	<0.0001	NEU
LJP009_NPC.CAS9_24H:A03	DB02546	Vorinostat	-0.32523467400878325	-1.5870438272675658	<0.0001	<0.0001	NPC.CAS9
LPROT003_NPC_6H:F05	DB07101	PD-0325901	0.31870339986035656	1.5842273403446412	<0.0001	<0.0001	NPC
NMH002_NEU_24H:BRD-K47192521-001-04-7:10	DB00159	Icosapent	-0.3002446533860006	-1.5840592929224462	<0.0001	<0.0001	NEU
CPC012_NEU_24H:BRD-A61858259-001-01-0:10	DB11721	Mitoglitazone	0.2988915824624342	1.5837015537683903	<0.0001	<0.0001	NEU
CPC012_NEU_24H:BRD-K72238567-001-12-4:10	DB04441	2-Fluoroadenosine	-0.2892769932705994	-1.5813463658551883	<0.0001	<0.0001	NEU
CPC014_NEU_24H:BRD-K37130656-001-01-2:10	DB06228	Rivaroxaban	0.27833351670424566	1.5794892070981246	<0.0001	<0.0001	NEU
CPC017_NPC_24H:BRD-K53318339-001-05-8:10	DB12131	Vinpocetine	0.29578417379701116	1.5767157117586006	<0.0001	<0.0001	NPC
CPC016_NPC_24H:BRD-K17075857-001-06-9:10	DB01243	Chloroxine	0.28660645060361845	1.5764687993376938	<0.0001	<0.0001	NPC
CPC014_NEU_24H:BRD-K84639753-066-01-9:10	DB06654	Safinamide	-0.3103224388885016	-1.5745853575536668	<0.0001	<0.0001	NEU
NMH002_NPC_24H:BRD-K93258693-001-12-4:10	DB07863	2-chloro-5-nitro-N-phenylbenzamide	0.2673378781034953	1.5745085126526253	<0.0001	<0.0001	NPC
CPC015_NPC_24H:BRD-K57179821-001-08-9:10	DB00265	Crotamiton	0.2979425572364942	1.5689132177748026	<0.0001	<0.0001	NPC
CPC013_NEU_24H:BRD-A19500257:10	DB02424	Geldanamycin	0.2914862247607647	1.567398160360631	<0.0001	<0.0001	NEU
LJP009_NPC_24H:E19	DB08901	Ponatinib	-0.282277295858293	-1.5671665104631234	<0.0001	<0.0001	NPC
CPC006_WSUDLCL2_6H:BRD-K78126613-001-16-0:10	DB00170	Menadione	-0.28886071029500093	-1.5645826252238404	<0.0001	<0.0001	WSUDLCL2
LJP007_NEU_24H:N17	DB09330	Osimertinib	0.2782606805780785	1.5645254210147093	<0.0001	<0.0001	NEU
CPC016_NPC_24H:BRD-K63504947-001-05-5:10	DB06436	Semaxanib	-0.2791364997218198	-1.5633509687550426	<0.0001	<0.0001	NPC
CPC015_NPC_24H:BRD-A06390036-001-03-8:10	DB15300	Hydroquinidine	0.2712718494591479	1.5617376645823502	<0.0001	<0.0001	NPC
DOSBIO002_NEU_24H:BRD-A19500257:0.37037	DB02424	Geldanamycin	0.2836299574817432	1.5606310543437545	<0.0001	<0.0001	NEU
NMH002_NEU_24H:BRD-K37846922-001-08-6:10	DB11875	3,3'-diindolylmethane	0.26134183783459336	1.5533174218362191	<0.0001	<0.0001	NEU
NMH002_NEU_24H:BRD-A09533288-003-26-2:10	DB14063	Dexverapamil	-0.30375883690505756	-1.5520947212712486	<0.0001	<0.0001	NEU
LJP008_NPC.TAK_24H:A19	DB11740	MK-1775	-0.2869606511535289	-1.5520661192288123	<0.0001	<0.0001	NPC.TAK
CPC016_NEU_24H:BRD-K82731415-001-05-4:10	DB02116	Olomoucine	-0.29227308195345236	-1.5499412349127009	<0.0001	<0.0001	NEU
CPC015_NPC_24H:BRD-K23566484-001-09-4:10	DB00665	Nilutamide	0.28040094642570634	1.5496082817514354	<0.0001	<0.0001	NPC
LJP007_NEU_24H:D21	DB06616	Bosutinib	-0.3170886676724629	-1.5461077950096138	<0.0001	<0.0001	NEU
NMH002_NPC_24H:BRD-K40438880-001-03-8:10	DB03566	Spermidine	0.2711146496901022	1.532980566527511	<0.0001	<0.0001	NPC
CPC013_NPC_24H:BRD-K29733039-001-01-1:10	DB06233	Ridaforolimus	-0.2708854859318677	-1.5235501719642104	<0.0001	<0.0001	NPC
NMH002_NEU_6H:BRD-K01292756-001-20-1:10	DB01100	Pimozide	-0.27556343343558265	-1.5177204008068161	<0.0001	<0.0001	NEU
NMH002_NEU_6H:BRD-K04923131-001-11-3:10	DB03444	6-bromoindirubin-3'-oxime	-0.3151728645574748	-1.5170196219515775	<0.0001	<0.0001	NEU
LJP007_NEU_24H:E04	DB11743	Ipatasertib	-0.2698814897317994	-1.5165908692142194	<0.0001	<0.0001	NEU
CPC017_NPC_24H:BRD-K34441861-003-01-3:10	DB00691	Moexipril	0.28143602359625786	1.5107368294972696	<0.0001	<0.0001	NPC
LJP008_NPC.TAK_24H:B04	DB01204	Mitoxantrone	-0.26953451216143176	-1.4943238895929543	<0.0001	<0.0001	NPC.TAK
LJP008_NEU_24H:L19	DB05015	Belinostat	-0.3034746870764887	-1.4894014315024817	<0.0001	<0.0001	NEU
NMH002_NPC_6H:BRD-K43797669-001-16-3:10	DB01645	Genistein	-0.2642738926929224	-1.4889183186073252	<0.0001	<0.0001	NPC
NMH002_NPC_6H:BRD-K02637541-001-13-1:10	DB00482	Celecoxib	0.25860456909342555	1.4791536592933532	<0.0001	<0.0001	NPC
LPROT002_NPC.TAK_6H:E20	DB06195	Seliciclib	-0.27858304580824683	-1.477432346260114	<0.0001	<0.0001	NPC.TAK
AML001_HL60_24H:BRD-A45664787:10	DB01088	Iloprost	-0.22492586863867223	-1.4721821575909688	<0.0001	<0.0001	HL60
NMH002_NEU_6H:BRD-A84228258-001-03-6:10	DB07348	Brefeldin A	-0.263842303687829	-1.4602019851969927	<0.0001	<0.0001	NEU
NMH002_NPC_6H:BRD-K82261406-001-02-0:10	DB07374	Anisomycin	0.3524765290577868	1.6305553369841546	0.00013185654008438817	0.0021959033944203036	NPC
NMH002_NPC_24H:BRD-K35923252-001-03-6:10	DB07558	acetylleucyl-leucyl-norleucinal	0.36953150166370835	1.7067949937865279	0.00014419610670511897	0.002394256188416246	NPC
CPC006_SKM1_6H:BRD-K52075040-001-03-0:44.4	DB01034	Cerulenin	0.3474680727119933	1.6409185835700828	0.0001561524047470331	0.002585086842978331	SKM1
NMH002_NEU_6H:BRD-K01507359-001-11-2:10	DB01045	Rifampicin	-0.34837699073455325	-1.6435063795422349	0.00016126431220770844	0.002661815378126643	NEU
CPC016_NPC_24H:BRD-K97810537-001-03-7:10	DB00394	Beclomethasone dipropionate	0.3543519616431206	1.697396564432842	0.0001707941929974381	0.00281079882812008	NPC
LJP009_NPC_24H:O04	DB07101	PD-0325901	-0.34901103972635084	-1.6699272737814266	0.00017152658662092623	0.0028145494904651394	NPC
CPC006_WSUDLCL2_6H:BRD-K04430056-001-09-4:80	DB02207	7-Nitroindazole	-0.3447784961624536	-1.6498275656340975	0.00017307026652821047	0.0028306204228832244	WSUDLCL2
NMH002_NPC_6H:BRD-K71879491-001-30-9:10	DB00982	Isotretinoin	-0.34699730069326074	-1.6515779298403852	0.00017352073572791948	0.0028306204228832244	NPC
CPC015_NPC_24H:BRD-K82036761-003-07-0:10	DB01104	Sertraline	0.3617223404106512	1.69577705852626	0.00017455053237912376	0.0028391178429828905	NPC
LJP008_NEU_24H:O01	DB07101	PD-0325901	0.3383044250843423	1.5956843223309873	0.0001763668430335097	0.0028603215618719494	NEU
CPC006_NOMO1_6H:BRD-K50590187-001-10-8:160	DB09120	Zucapsaicin	-0.33797237123970636	-1.6278823258664823	0.0001863238308179616	0.0030130453685026314	NOMO1
NMH002_NEU_6H:BRD-K11528507-001-05-9:10	DB02424	Geldanamycin	0.3446624030529742	1.6630859814047791	0.00018825301204819278	0.0030354437983146462	NEU
CPC006_U937_6H:BRD-K96354014-001-09-6:10	DB01115	Nifedipine	-0.3506743116590166	-1.6891218586377694	0.0001897893338394382	0.0030513968112110255	U937
CPC006_PL21_6H:BRD-A35588707-001-03-0:1.25	DB00444	Teniposide	-0.3286061555212072	-1.5977309783689784	0.00019569471624266145	0.003137301212407495	PL21
NMH002_NPC_24H:BRD-K23984367-075-10-3:10	DB15414	CM-4307	0.34893331343423456	1.6440596470084117	0.00019884668920262477	0.0031759314604502885	NPC
CPC014_NEU_24H:BRD-K83794624-001-01-7:10	DB11616	Pirarubicin	-0.33443994989659914	-1.6207320014962137	0.00019924287706714485	0.0031759314604502885	NEU
CPC014_NEU_24H:BRD-A74904029-001-05-7:10	DB08473	Dichlororibofuranosylbenzimidazole	-0.3423445290788157	-1.711999795996415	0.00020652622883106156	0.0032760297267841704	NEU
CPC006_WSUDLCL2_6H:BRD-K98404142-001-01-9:11.1	DB05107	16-Bromoepiandrosterone	-0.3445053202404943	-1.6739164250596736	0.00020669698222405952	0.0032760297267841704	WSUDLCL2
NMH001_NEU_6H:BRD-K47029922-001-02-0:10	DB02665	(1R,2S)-2-Phenylcyclopropanaminium	-0.32152268147377655	-1.5711825396609425	0.0002109704641350211	0.0033342895733974014	NEU
LJP007_NEU_24H:D07	DB08875	Cabozantinib	0.2928144008118711	1.5864565465173006	0.00021358393848782572	0.0033660587367897736	NEU
CPC012_NPC_24H:BRD-K68202742-001-06-6:10	DB04297	Trichostatin A	-0.3378786436357598	-1.6117390872168365	0.00021551724137931034	0.0033869596891695	NPC
CPC017_NPC_24H:BRD-K29173907-001-03-5:10	DB14640	Isoflupredone acetate	-0.3543054659055177	-1.7515795150551754	0.000217296827466319	0.0034053342708836904	NPC
NMH002_NPC_6H:BRD-K95785537-001-19-9:10	DB03023	1-Tert-Butyl-3-(4-Chloro-Phenyl)-1h-Pyrazolo[3,4-D]Pyrimidin-4-Ylamine	-0.34484177600884014	-1.692287680255691	0.00022168033695411216	0.0034642985990672036	NPC
LPROT001_NPC.TAK_6H:I20	DB02424	Geldanamycin	0.3470756401450677	1.6619637783392096	0.0002229654403567447	0.0034746485803080415	NPC.TAK
LJP008_NPC.TAK_24H:K19	DB12332	Rucaparib	-0.32287636229471695	-1.57960309217167	0.00022941041523285156	0.003565127316390192	NPC.TAK
LJP009_NPC.CAS9_24H:O05	DB07101	PD-0325901	-0.33321579163432913	-1.6387845233068807	0.0002358490566037736	0.003655005241090147	NPC.CAS9
DOSBIO002_NPC_24H:BRD-A19500257:1.11111	DB02424	Geldanamycin	0.3768572459836791	1.704593044166093	0.00023721978412999644	0.003666064198507618	NPC
LJP008_NPC.TAK_24H:A03	DB02546	Vorinostat	-0.3452782701157298	-1.628496562007341	0.0002409058058299205	0.003712744449516924	NPC.TAK
NMH002_NPC_24H:BRD-K68202742-001-08-2:10	DB04297	Trichostatin A	-0.3425417856450276	-1.692824021842871	0.0002585983966899405	0.003974436515518397	NPC
CPC017_NPC_24H:BRD-K12867552-001-01-3:10	DB12565	Abexinostat	-0.337481454763931	-1.6249139575179015	0.00026226068712300026	0.004019649377635216	NPC
LJP008_NEU_24H:N07	DB02665	(1R,2S)-2-Phenylcyclopropanaminium	0.29461070367668996	1.5771067803365462	0.00026659557451346307	0.0040748950964674254	NEU
NMH002_NPC_6H:BRD-A58048407-001-12-1:10	DB00393	Nimodipine	-0.3367551851716846	-1.6587420572032254	0.00027586206896551725	0.004205012247974374	NPC
CPC015_NPC_24H:BRD-K25394294-001-08-1:10	DB00991	Oxaprozin	0.3321070614214495	1.7220989983253536	0.00027793218454697053	0.004225023590156808	NPC
LJP007_NPC.CAS9_24H:F04	DB12848	PF-04217903	0.3283778710822733	1.6209297896290897	0.00028336639274582036	0.004295926916111228	NPC.CAS9
NMH002_NPC_6H:BRD-K77947974-001-14-8:10	DB04842	Fluspirilene	0.3235752825702535	1.6475249525330768	0.00028793550244745177	0.004353366309361338	NPC
NMH002_NEU_6H:BRD-K43880410-001-09-4:10	DB02789	Pregnenolone	0.32396968213049004	1.6383053189995134	0.00028993911278631486	0.00437181164928338	NEU
NMH002_NPC_6H:BRD-K27316855-001-10-9:10	DB00136	Calcitriol	-0.33843128440696524	-1.5905073736750734	0.0002999850007499625	0.004511095199956984	NPC
LPROT003_NPC_6H:L01	DB12500	Fedratinib	-0.34553954743377824	-1.6216585000726953	0.0003061849357011635	0.004588068882711887	NPC
CPC006_THP1_6H:BRD-K64890080-001-03-9:10	DB16107	BI 2536	0.3055335823323847	1.5072378395921544	0.00030674846625766873	0.004588068882711887	THP1
PCLB001_JURKAT_24H:BRD-A19037878-001-02-3:3.33	DB04297	Trichostatin A	-0.3486433804238171	-1.773736003041653	0.0003094059405940594	0.004615443161963255	JURKAT
PCLB001_JURKAT_24H:BRD-A19037878-001-02-3:0.37	DB04297	Trichostatin A	-0.30182720639319255	-1.550065860228875	0.00031867431485022306	0.004734449890697769	JURKAT
LJP007_NEU_24H:F04	DB12848	PF-04217903	0.2944914996864306	1.5649134975999557	0.0003190810465858328	0.004734449890697769	NEU
CPC015_NPC_24H:BRD-K25836724-001-01-6:10	DB14093	(1,2,6,7-3H)Testosterone	0.32699926583635663	1.6537605677290457	0.0003291639236339697	0.004871102201469276	NPC
LJP008_NPC_24H:L14	DB08756	Y-27632	-0.3422630899024793	-1.7150656430658429	0.00033456005352960856	0.0049378585678351485	NPC
CPC015_NPC_24H:BRD-K76534306-001-11-0:10	DB11404	Enrofloxacin	0.3058574325608125	1.577135951102819	0.0003380662609871535	0.004976442401180289	NPC
LJP009_NPC_24H:G18	DB01254	Dasatinib	0.3468162092987709	1.633315685845142	0.00034352456200618345	0.00504348297745394	NPC
LJP007_NEU_24H:I11	DB06589	Pazopanib	0.2822184445182673	1.5918567095307437	0.0003484320557491289	0.005102106139171628	NEU
CPC017_NPC_24H:BRD-K60174629-001-02-2:10	DB03535	Z-Pro-Prolinal	-0.30824955928154374	-1.5622190511400944	0.0003506311360448808	0.005120866774854424	NPC
CPC016_NEU_24H:BRD-A19500257:10	DB02424	Geldanamycin	-0.3392443823972015	-1.6010276351150055	0.00036277888626881915	0.005281223494486852	NEU
NMH002_NEU_6H:BRD-K49685476-001-11-8:10	DB02877	Arotinoid acid	-0.29575702443051627	-1.5557045408693353	0.0003635041802980734	0.005281223494486852	NEU
LJP007_NPC_24H:A03	DB02546	Vorinostat	-0.3559454042311271	-1.651230185352323	0.0003714020427112349	0.0053819532371064405	NPC
DOSBIO001_NPC_24H:BRD-A19037878:3.33333	DB04297	Trichostatin A	-0.309699703906626	-1.5334192840676306	0.00037979491074819596	0.005479293299823118	NPC
NMH002_NEU_6H:BRD-K35923252-001-03-6:10	DB07558	acetylleucyl-leucyl-norleucinal	0.36544192041335066	1.6234016921468972	0.0003800836183960471	0.005479293299823118	NEU
NMH002_NEU_24H:BRD-K35923252-001-03-6:10	DB07558	acetylleucyl-leucyl-norleucinal	0.35383566268154626	1.6449894868316133	0.00038491147036181676	0.005534590446259216	NEU
CPC012_NPC_24H:BRD-K89626439-001-01-0:10	DB00877	Sirolimus	0.35994785495755927	1.6160210758193911	0.0003951007506914263	0.005666496370456214	NPC
CPC006_SKM1_6H:BRD-A58280226-001-01-2:4	DB08756	Y-27632	-0.30139116099583124	-1.5999223337440032	0.0004088307440719542	0.005845367554071483	SKM1
NMH002_NEU_24H:BRD-K80738081-001-33-6:10	DB02709	Resveratrol	-0.31533839703014543	-1.5690588719360112	0.00040966816878328555	0.005845367554071483	NEU
NMH002_NEU_24H:BRD-K98530306-003-13-4:10	DB00575	Clonidine	0.29529215969567535	1.576670428033606	0.0004161464835622139	0.005912506769338051	NEU
PCLB001_JURKAT_24H:BRD-A19037878-001-02-3:10	DB04297	Trichostatin A	-0.29852590573912363	-1.577910360610165	0.00041649312786339027	0.005912506769338051	JURKAT
CPC017_NPC_24H:BRD-K08252256-236-17-1:10	DB00586	Diclofenac	0.3030580702334254	1.5652340697022542	0.0004177109440267335	0.005914744560216107	NPC
CPC006_WSUDLCL2_6H:BRD-K64890080-001-03-9:10	DB16107	BI 2536	0.3210359810445538	1.5542240493908113	0.000423908435777872	0.005987304210644931	WSUDLCL2
CPC014_NPC_24H:BRD-K38615104-001-06-8:10	DB08073	(2S)-1-(1H-INDOL-3-YL)-3-{[5-(3-METHYL-1H-INDAZOL-5-YL)PYRIDIN-3-YL]OXY}PROPAN-2-AMINE	-0.28456752410001246	-1.532948252684944	0.00043010752688172043	0.006059519930487672	NPC
LJP009_NPC_24H:L19	DB12588	AZD-1480	0.3725955397447373	1.5777086459706036	0.0004317789291882556	0.006067744700103974	NPC
NMH002_NPC_24H:BRD-K27450477-003-06-8:10	DB07711	(2S,3R)-3-(6-amino-9H-purin-9-yl)nonan-2-ol	0.2870704189314802	1.5268182558354169	0.0004424778761061947	0.006198888888888889	NPC
CPC006_WSUDLCL2_6H:BRD-A35588707-001-03-0:1.25	DB00444	Teniposide	-0.33258384752415837	-1.5913441413533245	0.00044355732978487467	0.006198888888888889	WSUDLCL2
LJP007_NEU_24H:D05	DB12494	SGI-1776	0.27906719403166447	1.5999103572518347	0.00044444444444444447	0.006198888888888889	NEU
CPC018_NPC_24H:BRD-K44067360-001-16-2:10	DB02266	Flufenamic acid	-0.30329295791554356	-1.5526013962913714	0.00044742729306487697	0.00622492984540885	NPC
CPC016_NPC_24H:BRD-A11678676-001-03-4:10	DB08059	Wortmannin	0.3193408826085662	1.5797895768195644	0.0004487323311644604	0.006227556406881902	NPC
NMH002_NPC_24H:BRD-K27305650-001-11-7:10	DB02656	LY-294002	0.3400706356604019	1.5687745631659098	0.00045669051606028315	0.006322273918363076	NPC
CPC018_NPC_24H:BRD-K31542390-001-01-5:10	DB01024	Mycophenolic acid	-0.34136629176829786	-1.6461860899864498	0.0004590314436538903	0.006327079024978864	NPC
CPC012_NEU_24H:BRD-K35483542-001-03-1:10	DB00982	Isotretinoin	0.344468331596911	1.7011792634749645	0.00045998160073597056	0.006327079024978864	NEU
NMH002_NPC_24H:BRD-K88809146-065-01-2:10	DB02665	(1R,2S)-2-Phenylcyclopropanaminium	0.2934744432985171	1.6208891385033402	0.0004610419548178884	0.006327079024978864	NPC
AML001_HL60_6H:BRD-K71879491:0.37037	DB00982	Isotretinoin	0.3274194392537341	1.5923113626413485	0.00046157396722824835	0.006327079024978864	HL60
CPC013_NEU_24H:BRD-K05926469-001-01-8:10	DB00480	Lenalidomide	0.30820741881058866	1.5752916076254573	0.00048590864917395527	0.006637755132392222	NEU
NMH002_NPC_6H:BRD-K67860401-001-04-9:10	DB01950	AR-AO-14418	-0.32142805733011787	-1.6790989332147856	0.00048661800486618007	0.006637755132392222	NPC
LJP007_NEU_24H:K24	DB01590	Everolimus	-0.2916965983384023	-1.62664180687568	0.0004899559039686428	0.006666985337173312	NEU
LJP008_NEU_24H:D02	DB09074	Olaparib	-0.32070939181300623	-1.644629617653407	0.0004918839153959665	0.00667693519219975	NEU
NMH002_NEU_6H:BRD-K62012036-001-10-2:10	DB00459	Acitretin	-0.2794222536800335	-1.5819594749745491	0.0004950495049504951	0.006703595116793232	NEU
AML001_U937_24H:BRD-K43389675:0.37037	DB00694	Daunorubicin	-0.37043572245618667	-1.861207164669697	0.0004985044865403788	0.00673403518258783	U937
LJP007_NPC_24H:G18	DB01254	Dasatinib	0.3501044439043905	1.6428185276114229	0.000500417014178482	0.006743542323917273	NPC
CPC006_PL21_6H:BRD-K92241597-001-02-9:80	DB11781	Tosedostat	0.31877084551914814	1.5941392325980717	0.0005032712632108706	0.006765663560128789	PL21
CPC017_NPC_24H:BRD-K71499074-001-03-8:10	DB01144	Diclofenamide	-0.2883699105779416	-1.6448694936126995	0.0005089058524173028	0.0068132219737705	NPC
CPC016_NEU_24H:BRD-K87990216-001-03-7:10	DB02925	Piretanide	0.3385708896743523	1.5860537031024042	0.0005092514004413513	0.0068132219737705	NEU
NMH002_NEU_6H:BRD-K64994968-001-24-2:10	DB00396	Progesterone	0.31049348031886487	1.5277453963490732	0.0005151983513652757	0.006849432794774837	NEU
CPC016_NEU_24H:BRD-K37848908-001-03-1:10	DB00923	Ceforanide	0.28820195521010444	1.506860044450694	0.0005154639175257732	0.006849432794774837	NEU
CPC014_NEU_24H:BRD-K91900765-001-01-9:10	DB07138	Neflamapimod	0.3146365580032652	1.569487931150996	0.0005156411137848057	0.006849432794774837	NEU
CPC015_NPC_24H:BRD-K50660797-001-03-6:10	DB16120	Epigallo Catechin Gallate	-0.2842444728840701	-1.5662230375317427	0.0005197505197505198	0.006887620308047861	NPC
AML001_HL60_6H:BRD-K27316855:3.33333	DB00136	Calcitriol	0.2966189877435842	1.5375156317492369	0.0005277044854881266	0.006976453375683077	HL60
CPC018_NPC_24H:BRD-K73109821-001-10-2:10	DB01119	Diazoxide	-0.2906479428391877	-1.5170115299612454	0.0005336179295624333	0.007037953732928642	NPC
LPROT001_NPC.TAK_6H:O10	DB02546	Vorinostat	0.3082456856509107	1.5916929147450942	0.0005425935973955507	0.007139456792145702	NPC.TAK
LJP007_NEU_24H:B12	DB07970	5-[(2-methyl-5-{[3-(trifluoromethyl)phenyl]carbamoyl}phenyl)amino]pyridine-3-carboxamide	-0.27944294216462195	-1.555723046899199	0.0005571030640668524	0.0073131246927740454	NEU
CPC014_NEU_24H:BRD-K14681867-015-01-6:10	DB09099	Somatostatin	-0.3325252349730409	-1.5770229603970771	0.0005602240896358543	0.007336831446193501	NEU
CPC012_NPC_24H:BRD-A61858259-001-01-0:10	DB11721	Mitoglitazone	0.3098107439217749	1.7433162163053664	0.0005656108597285068	0.007390030413174097	NPC
AML001_U937_24H:BRD-A19037878:3.33333	DB04297	Trichostatin A	-0.28559729724990685	-1.5002021544449637	0.0005675368898978433	0.007397869880233804	U937
LJP007_JURKAT_24H:B04	DB01204	Mitoxantrone	-0.28741982592361226	-1.5389355636924726	0.0005704506560182544	0.007418517971855107	JURKAT
NMH002_NEU_6H:BRD-K41260949-001-14-1:10	DB00313	Valproic acid	-0.34213207518116395	-1.5773527106452594	0.0005724917704308	0.007427747877287055	NEU
LJP009_NEU_24H:B24	DB16107	BI 2536	-0.3151843371027656	-1.6566183881869885	0.0005742176284811944	0.007432854174702051	NEU
NMH002_NEU_24H:BRD-K01507359-001-11-2:10	DB01045	Rifampicin	-0.31202747187612395	-1.5585175042325266	0.0005846243788365975	0.007550044929466151	NEU
LJP008_NEU_24H:A07	DB07232	Veliparib	0.30514874339546577	1.5632252550089805	0.000586281024037522	0.007553953425185532	NEU
NMH002_NEU_24H:BRD-K59946561-001-07-5:10	DB03374	3,5-Diiodotyrosine	-0.277460302391873	-1.5054338215499026	0.0005913660555884093	0.007601507857207738	NEU
CPC006_PL21_6H:BRD-K35960502-001-10-1:10	DB06803	Niclosamide	0.31755164119335305	1.5899776574519378	0.0005936479667557139	0.007601507857207738	PL21
LJP007_NEU_24H:J23	DB03044	Doramapimod	-0.30339652455575344	-1.599818313384571	0.000594059405940594	0.007601507857207738	NEU
LJP009_NPC.TAK_24H:D16	DB16108	TAK-715	-0.3170897434201591	-1.631178591802223	0.0005977286312014345	0.007630638264115279	NPC.TAK
NMH002_NPC_6H:BRD-K81473043-001-07-0:10	DB05134	Tanespimycin	0.336540603984284	1.6035651234692445	0.0005990714392691329	0.007630638264115279	NPC
CPC006_SKM1_6H:BRD-A75409952:10	DB08059	Wortmannin	0.3429310175886793	1.6765708204081893	0.0006055712555510698	0.007695858849019177	SKM1
LPROT003_NPC_6H:H03	DB01590	Everolimus	0.29863556270935776	1.5288023767072987	0.000613685179502915	0.007781249128288097	NPC
LJP008_NPC_24H:J07	DB05223	Pracinostat	-0.3259592352361134	-1.537093008400186	0.0006195786864931846	0.00783816211325505	NPC
CPC006_PL21_6H:BRD-K31342827-001-05-4:12.12	DB03777	Bisindolylmaleimide I	-0.34215479025907103	-1.5932794501399405	0.0006358087487283825	0.008021451884228838	PL21
LJP007_NPC.TAK_24H:M06	DB07794	5-(2-PHENYLPYRAZOLO[1,5-A]PYRIDIN-3-YL)-1H-PYRAZOLO[3,4-C]PYRIDAZIN-3-AMINE	0.28591637097441663	1.510041432069175	0.0006369426751592356	0.008021451884228838	NPC.TAK
LPROT003_NPC_6H:L03	DB12500	Fedratinib	-0.3335545199554652	-1.5669419851352149	0.0006526350138684941	0.008185252656160213	NPC
LJP007_NPC.CAS9_24H:E03	DB11743	Ipatasertib	0.3326818447376073	1.6316466922472155	0.0006528835690968443	0.008185252656160213	NPC.CAS9
NMH002_NPC_6H:BRD-K88809146-065-01-2:10	DB02665	(1R,2S)-2-Phenylcyclopropanaminium	-0.3152697337208132	-1.5450770525248299	0.0006619593998234775	0.00826555254307599	NPC
LJP007_NPC_24H:F06	DB12848	PF-04217903	-0.33385543487439595	-1.6049861319249772	0.0006622516556291391	0.00826555254307599	NPC
LJP009_NEU_24H:K09	DB11962	GSK-1059615	0.3349499347988458	1.5546446366706788	0.0006786102062975027	0.00845081772529859	NEU
DOSBIO001_NEU_24H:BRD-K27305650:0.37037	DB02656	LY-294002	-0.3280130229871516	-1.5697173078250481	0.0006844626967830253	0.008504715780295095	NEU
NMH002_NPC_24H:BRD-K02404261-001-12-6:10	DB00201	Caffeine	0.26152839256821214	1.5053816592587843	0.0006868131868131869	0.008514957264957266	NPC
LJP008_NPC.CAS9_24H:L19	DB05015	Belinostat	-0.32783906905155	-1.623248102321154	0.0006988120195667365	0.008636517033087814	NPC.CAS9
NMH002_NPC_6H:BRD-K05396879-001-06-7:10	DB08435	(5E,14E)-11-oxoprosta-5,9,12,14-tetraen-1-oic acid	0.3538647107343082	1.6471818919139125	0.0007005253940455342	0.008636517033087814	NPC
NMH002_NPC_24H:BRD-K32610195-001-14-9:10	DB01536	Androstenedione	-0.31956095324126216	-1.5735688804453138	0.0007012622720897616	0.008636517033087814	NPC
CPC012_NEU_24H:BRD-K81418486:10	DB02546	Vorinostat	-0.3326551768556379	-1.594621564049605	0.0007079646017699115	0.008699855756110873	NEU
CPC018_NPC_24H:BRD-A50311610-300-06-2:10	DB00737	Meclizine	-0.33061497995512545	-1.5866215580397662	0.0007133939718209382	0.008747307623712118	NPC
CPC006_SKM1_6H:BRD-K88510285-001-01-2:0.04	DB00188	Bortezomib	0.3337653323151715	1.5931830589344103	0.0007326007326007326	0.008959910063638006	SKM1
LJP009_NPC_24H:B09	DB12242	AZD-7762	0.30912103190901974	1.5703233805611652	0.0007339449541284404	0.008959910063638006	NPC
LJP007_NEU_24H:I23	DB13005	Rebastinib	-0.34539733851772125	-1.6224608238338447	0.0007358351729212656	0.008963372117309479	NEU
LJP007_NEU_24H:P07	DB07859	4-(4-CHLOROPHENYL)-4-[4-(1H-PYRAZOL-4-YL)PHENYL]PIPERIDINE	0.3054740466448401	1.5629261343404681	0.0007477567298105683	0.00908874683140122	NEU
CPC006_THP1_6H:BRD-K26657438-001-01-2:10	DB00724	Imiquimod	-0.29633610506276487	-1.4923782367830682	0.0007590132827324478	0.009205511096444187	THP1
CPC006_SKM1_6H:BRD-K73319509-001-02-3:40	DB12848	PF-04217903	-0.31171297458073816	-1.5391983355458516	0.0007784120394395433	0.00942030535365122	SKM1
NMH002_NEU_6H:BRD-K55591206-001-11-6:10	DB12116	Epigallocatechin gallate	-0.31043037809152974	-1.5793431672193061	0.0007870916961826052	0.009504728512992975	NEU
CPC006_WSUDLCL2_6H:BRD-K63195589-001-01-4:10	DB04960	Tipifarnib	-0.30707927237857874	-1.5165050970781664	0.0007989347536617843	0.009626904947471048	WSUDLCL2
NMH002_NPC_6H:BRD-K11528507-001-05-9:10	DB02424	Geldanamycin	0.3404989950477406	1.5861811738488503	0.0008020532563362208	0.009643653269611585	NPC
CPC016_NPC_24H:BRD-K18779551-003-03-7:10	DB13550	Bifemelane	0.3509917519243196	1.5503220919122507	0.0008085008085008085	0.009700270990593571	NPC
NMH002_NEU_6H:BRD-K23984367-075-10-3:10	DB15414	CM-4307	-0.30323917682936474	-1.5238962811698813	0.0008220304151253596	0.009841432802541591	NEU
LJP007_NEU_24H:H08	DB09053	Ibrutinib	0.27462130603044266	1.6357042935334887	0.0008403361344537816	0.010039047739009953	NEU
CPC014_NEU_24H:BRD-K71035033-001-01-4:10	DB11526	Masitinib	-0.3148622130916151	-1.6194965239934518	0.0008547008547008547	0.01018016464532281	NEU
CPC013_NEU_24H:BRD-K92723993-066-08-6:10	DB00619	Imatinib	-0.3009700486277853	-1.5384332557217468	0.0008557980316645272	0.01018016464532281	NEU
LJP009_NPC.TAK_24H:B15	DB11805	Saracatinib	0.3028226410335647	1.5149558318105028	0.0008714596949891067	0.010344411996477077	NPC.TAK
LJP007_NEU_24H:K10	DB11962	GSK-1059615	0.3150099544589526	1.5816581339674607	0.0008786059452335627	0.010404854977321557	NEU
LJP007_NEU_24H:K23	DB01590	Everolimus	-0.30398460668188204	-1.5112625418207386	0.0008802816901408451	0.010404854977321557	NEU
LJP007_NPC_24H:O06	DB07101	PD-0325901	-0.3051924146209331	-1.5284415241474796	0.000916030534351145	0.010804512370285492	NPC
LJP007_NEU_24H:J24	DB03044	Doramapimod	-0.30417721593303737	-1.623547325313657	0.0009375585974123383	0.011028416110699284	NEU
DOSBIO002_NEU_24H:BRD-A75409952:3.33333	DB08059	Wortmannin	-0.2726968249770403	-1.4892984589963434	0.0009389671361502347	0.011028416110699284	NEU
CPC014_NEU_24H:BRD-K52751261-001-01-2:10	DB16108	TAK-715	0.30969174729652943	1.5392106787727444	0.0009438414346389807	0.011062376814812758	NEU
LJP008_NPC.CAS9_24H:I04	DB16239	Molibresib	-0.31771101019023545	-1.5471523755942047	0.0009545628102329134	0.01116458263792332	NPC.CAS9
LJP007_NPC.CAS9_24H:A04	DB05134	Tanespimycin	0.34537604064099625	1.5459194276793182	0.000995891945723889	0.011555429747101996	NPC.CAS9
NMH002_NPC_6H:BRD-K53597484-001-01-9:10	DB08633	TNP-470	0.3384674055315914	1.5752668169643553	0.0009962143853357243	0.011555429747101996	NPC
LJP007_NEU_24H:H10	DB09053	Ibrutinib	0.28624681812198166	1.5748530849858051	0.0009964129135113591	0.011555429747101996	NEU
NMH002_NEU_24H:BRD-K01493881-001-24-5:10	DB07352	Apigenin	-0.30698505014315747	-1.5459387216501703	0.0009982530571499876	0.011555429747101996	NEU
LJP007_NPC.TAK_24H:D03	DB12494	SGI-1776	0.322529405884287	1.6102600980832498	0.0009983361064891847	0.011555429747101996	NPC.TAK
NMH002_NPC_24H:BRD-K93754473-001-16-9:10	DB00675	Tamoxifen	0.3427716115760423	1.600476848432079	0.00100647016534867	0.011625459735983914	NPC
NMH002_NPC_24H:BRD-A19037878-001-02-3:10	DB04297	Trichostatin A	-0.3389344362365901	-1.564544949812697	0.0010104412260020209	0.01163495561379483	NPC
NMH002_NEU_24H:BRD-A13084692-001-10-8:10	DB08607	(5R)-5-(4-{[(2R)-6-HYDROXY-2,5,7,8-TETRAMETHYL-3,4-DIHYDRO-2H-CHROMEN-2-YL]METHOXY}BENZYL)-1,3-THIAZOLIDINE-2,4-DIONE	0.32517629462971887	1.5373236792671485	0.0010114632501685772	0.01163495561379483	NEU
CPC014_NEU_24H:BRD-K19540840-001-02-9:10	DB11805	Saracatinib	-0.30534979072125823	-1.5244846317970346	0.0010185892538833714	0.011692817793035657	NEU
CPC006_U937_6H:BRD-K98548675-001-02-6:10	DB13063	Parthenolide	0.3264060768290037	1.5522393335932092	0.0010364036792330613	0.011872887323287985	U937
LJP009_NPC_24H:B07	DB12242	AZD-7762	0.3272965789102766	1.5560052478148283	0.0010388531061707874	0.011876560408456605	NPC
LJP007_JURKAT_24H:I23	DB13005	Rebastinib	0.3218362753499667	1.5613804498639043	0.0010410160316468874	0.011876949776192199	JURKAT
CPC012_NPC_24H:BRD-A15010982-001-01-9:10	DB06444	Dexanabinol	-0.28613510702721445	-1.5818637875570116	0.0010460251046025104	0.011909742976688582	NPC
CPC015_NPC_24H:BRD-A13650332-236-03-9:10	DB00301	Flucloxacillin	-0.3049911903824827	-1.546363747366652	0.001059322033898305	0.012036573578653042	NPC
LJP008_NPC.CAS9_24H:L22	DB05015	Belinostat	-0.3092201917329416	-1.5140151220227982	0.0010784578053383662	0.01222909775606249	NPC.CAS9
NMH002_NPC_6H:BRD-K35923252-001-03-6:10	DB07558	acetylleucyl-leucyl-norleucinal	0.33009469172185746	1.6246220318181066	0.0010857763300760044	0.012262239160919087	NPC
NMH002_NPC_24H:BRD-K99792991-001-29-9:10	DB00756	Hexachlorophene	0.3169570694943291	1.6106031204299012	0.0010857763300760044	0.012262239160919087	NPC
LJP007_NPC.CAS9_24H:P03	DB09054	Idelalisib	0.3128815354083372	1.5945103020369287	0.0010893246187363835	0.012277458682687443	NPC.CAS9
LJP007_NPC.CAS9_24H:L08	DB11836	Sapanisertib	0.34979820763436525	1.51922429260101	0.00112261444430585	0.012627149162867614	NPC.CAS9
LJP008_NPC_24H:A04	DB05134	Tanespimycin	0.3453603344869279	1.5228318486754315	0.0011280315848843769	0.01266255173454716	NPC
LJP009_NEU_24H:E22	DB08901	Ponatinib	-0.28665706570157967	-1.5492787511515558	0.0011350737797956867	0.01271601730417698	NEU
CPC014_NEU_24H:BRD-K43880410-001-07-8:10	DB02789	Pregnenolone	-0.29646799604400786	-1.518829473701603	0.0011383039271485487	0.012726648516155818	NEU
LJP008_NPC_24H:K21	DB12332	Rucaparib	0.3439952314997912	1.5888375144384441	0.0011464603038119805	0.012792204069934079	NPC
LJP009_NEU_24H:L09	DB05984	RAF-265	0.30327779196461196	1.540807756933887	0.0011487650775416428	0.012792336063083483	NEU
NMH002_NPC_6H:BRD-A62336480-003-01-3:10	DB14068	Dexniguldipine	0.3390730286736392	1.5825468418238267	0.0011529592621060721	0.012813465584242583	NPC
CPC006_WSUDLCL2_6H:BRD-A47829399-001-01-1:10	DB09274	Artesunate	-0.31803506901468626	-1.538116566829946	0.001162340178225494	0.012892039471809207	WSUDLCL2
NMH001_NEU_24H:BRD-K88611939-001-18-2:10	DB04599	Aniracetam	-0.33299652721975537	-1.577641268624115	0.0011658894070619586	0.012905748019838624	NEU
CPC016_NEU_24H:BRD-K17075857-001-06-9:10	DB01243	Chloroxine	0.31629432447031847	1.5461533485002197	0.0011695906432748538	0.012921081581842395	NEU
NMH002_NPC_6H:BRD-A93255169-001-21-8:10	DB01041	Thalidomide	-0.3266215160343954	-1.5481508552816483	0.0011769321302471558	0.012976490819464193	NPC
LJP007_JURKAT_24H:K07	DB11962	GSK-1059615	-0.32545659675719746	-1.5788009398818212	0.0011814744801512287	0.012994318042863315	JURKAT
LJP009_NEU_24H:E24	DB08901	Ponatinib	-0.29859146514139445	-1.5497619962583058	0.001184834123222749	0.012994318042863315	NEU
LJP007_NEU_24H:M12	DB05575	Motesanib	0.2799253697900149	1.5557899677739608	0.0011855364552459987	0.012994318042863315	NEU
NMH002_NEU_24H:BRD-K81473043-001-07-0:10	DB05134	Tanespimycin	0.3466919931550551	1.578212477191154	0.0011911064055055585	0.013001413166686552	NEU
CPC017_NPC_24H:BRD-A88080608-001-03-4:10	DB02187	Equilin	0.26530452939346966	1.5952531358628212	0.0011918951132300357	0.013001413166686552	NPC
AML001_HL60_24H:BRD-A75409952:1.11111	DB08059	Wortmannin	-0.31254710887987547	-1.5326214805436145	0.0011931750387781887	0.013001413166686552	HL60
LJP007_NPC.TAK_24H:G08	DB11963	Dacomitinib	-0.3193031701490377	-1.5226416736184576	0.0012161223071577485	0.013196089898510264	NPC.TAK
LJP007_NEU_24H:N15	DB09330	Osimertinib	0.30023884083479524	1.5822770838790454	0.0012191405059433099	0.013196089898510264	NEU
CPC016_NEU_24H:BRD-K80334323-001-03-5:10	DB09371	Norethynodrel	-0.3418684441920153	-1.5992557508043475	0.001219884111009454	0.013196089898510264	NEU
CPC018_NPC_24H:BRD-K40992116-001-05-5:10	DB13154	Parachlorophenol	-0.29910250988170095	-1.5556211423609188	0.001221001221001221	0.013196089898510264	NPC
CPC017_NPC_24H:BRD-K81418486:10	DB02546	Vorinostat	-0.32216369609009915	-1.5789538144298851	0.0012228676245796392	0.013196089898510264	NPC
CPC006_WSUDLCL2_6H:BRD-K50590187-001-10-8:160	DB09120	Zucapsaicin	-0.3079611642626082	-1.540725402063933	0.0012338062924120913	0.013288427230438335	WSUDLCL2
CPC016_NEU_24H:BRD-K54094468-003-05-3:10	DB00409	Remoxipride	0.26605148600554834	1.4459019471982726	0.0012391573729863693	0.01332034486298835	NEU
CPC013_NPC_24H:BRD-K49328571-001-04-4:10	DB01254	Dasatinib	-0.321902275082698	-1.5357085716126315	0.0012491077801570307	0.013376394823030704	NPC
CPC017_NPC_24H:BRD-A49358627-001-03-9:10	DB09064	Ciprofibrate	-0.3161504013552287	-1.5525706981342051	0.001250312578144536	0.013376394823030704	NPC
CPC014_NEU_24H:BRD-K36627727-001-01-3:10	DB04942	Tamibarotene	0.3013443342883126	1.530380350404265	0.0012515644555694619	0.013376394823030704	NEU
CPC016_NPC_24H:BRD-K39915878-036-15-2:10	DB00408	Loxapine	-0.3168024520743778	-1.5876171738697806	0.0012686330478908975	0.013532894405704241	NPC
NMH002_NEU_6H:BRD-A13084692-001-10-8:10	DB08607	(5R)-5-(4-{[(2R)-6-HYDROXY-2,5,7,8-TETRAMETHYL-3,4-DIHYDRO-2H-CHROMEN-2-YL]METHOXY}BENZYL)-1,3-THIAZOLIDINE-2,4-DIONE	0.32679229185996145	1.5714681189451445	0.0012715712988192551	0.013538351671970657	NEU
CPC006_NOMO1_6H:BRD-A26711594-003-06-4:10	DB00622	Nicardipine	0.30644478894773564	1.5510408383102416	0.0012767315671879987	0.013567400787317802	NOMO1
NMH001_NPC_24H:BRD-K21283037-001-16-5:10	DB00740	Riluzole	0.32720752796297936	1.571817554235034	0.001284796573875803	0.013627148451811986	NPC
NMH002_NPC_6H:BRD-K99792991-001-29-9:10	DB00756	Hexachlorophene	0.28206294362840517	1.4277919753660884	0.001293103448275862	0.013688446156488456	NPC
NMH002_NEU_24H:BRD-A58048407-001-12-1:10	DB00393	Nimodipine	0.300018962943051	1.5281219404273787	0.0012973533990659055	0.013688446156488456	NEU
CPC006_NOMO1_6H:BRD-A75817871-001-04-2:40	DB01944	(S)-blebbistatin	-0.32982306826593993	-1.506995842796422	0.0012993762993762994	0.013688446156488456	NOMO1
LJP009_NPC.TAK_24H:E12	DB01782	Pyrazolanthrone	0.28248017663232095	1.4758229197976431	0.0013003901170351106	0.013688446156488456	NPC.TAK
LJP007_NPC_24H:E04	DB11743	Ipatasertib	0.292978338864053	1.4951064157319718	0.0013134851138353765	0.013800251318432327	NPC
CPC015_NPC_24H:BRD-A05186015-003-09-9:10	DB01156	Bupropion	0.3071252074370443	1.5829648058179682	0.0013206550449022716	0.013849500931409348	NPC
CPC006_PL21_6H:BRD-A35108200-001-04-7:10	DB01234	Dexamethasone	-0.33844182272909434	-1.5195178757548307	0.0013261133826942204	0.013880650210227122	PL21
LJP007_NEU_24H:P20	DB11886	Infigratinib	0.2787956987529356	1.5135032832071067	0.0013404825737265416	0.014004779548352763	NEU
LJP007_NPC.TAK_24H:E03	DB11743	Ipatasertib	0.3239385167035949	1.5467124852804346	0.0013571151609150834	0.014152047631299534	NPC.TAK
LJP009_NPC.CAS9_24H:G08	DB08521	4-[4-(4-Fluorophenyl)-2-[4-[(R)-methylsulfinyl]phenyl]-1H-imidazol-5-yl]pyridine	-0.29542379612198266	-1.4943865327714208	0.0013709898546750755	0.014270060446328817	NPC.CAS9
LJP009_NEU_24H:D24	DB13061	MLN8054	-0.2996722868285596	-1.6066964495638867	0.001375515818431912	0.014290507916260032	NEU
NMH001_NPC_24H:BRD-K56060837-001-01-9:10	DB04275	N-acetylserotonin	0.2915795206463586	1.5517814490915902	0.0013812154696132596	0.014323050380989546	NPC
CPC014_NPC_24H:BRD-K93918653-001-01-4:10	DB12874	Quizartinib	-0.3055046114106222	-1.4658332160840957	0.0013989927252378287	0.014480483143046096	NPC
CPC016_NEU_24H:BRD-A74667430-001-15-2:10	DB00749	Etodolac	0.3423312744117829	1.5595656708000878	0.0014146090534979425	0.01461500723975004	NEU
PCLB001_JURKAT_24H:BRD-A19037878-001-02-3:1.11	DB04297	Trichostatin A	-0.29859649283412404	-1.5364032143145496	0.0014311270125223613	0.014758331983109526	JURKAT
LPROT001_NPC.TAK_6H:O08	DB02546	Vorinostat	0.28593255982004284	1.49029579067155	0.0014492753623188406	0.014901234914135607	NPC.TAK
CPC016_NEU_24H:BRD-K67100011-003-03-0:10	DB01605	Pivmecillinam	-0.3078336594839793	-1.5463113918374638	0.0014503263234227702	0.014901234914135607	NEU
LJP007_JURKAT_24H:O02	DB07101	PD-0325901	-0.3040335790177978	-1.544671641090567	0.0014547570555717194	0.01491928237690188	JURKAT
LJP007_NPC.CAS9_24H:N14	DB09330	Osimertinib	0.25700392000786576	1.400110926006006	0.001466275659824047	0.015009820011299739	NPC.CAS9
CPC006_NOMO1_6H:BRD-K36927236-001-17-7:10	DB01016	Glyburide	0.32224039940901433	1.513746270391935	0.0014746845813534328	0.015068251427419051	NOMO1
CPC014_NEU_24H:BRD-K28428262-001-01-7:10	DB11958	Brivanib	-0.2981020975263	-1.5550777774652753	0.001483679525222552	0.015132446199664747	NEU
NMH002_NPC_24H:BRD-K02637541-001-13-1:10	DB00482	Celecoxib	-0.27478350227750636	-1.5447510833689577	0.0014985014985014985	0.015255729671788067	NPC
LJP008_NPC.TAK_24H:G07	DB02546	Vorinostat	-0.3276042349684387	-1.5485800835607415	0.0015015015015015015	0.015258427826733837	NPC.TAK
CPC015_NPC_24H:BRD-A36471396-003-02-2:10	DB00810	Biperiden	-0.2926646030160263	-1.4958636469403876	0.001514004542013626	0.015357511527080037	NPC
LJP007_JURKAT_24H:D24	DB06616	Bosutinib	0.3166996014109755	1.5640258685201112	0.0015247776365946632	0.015438213937837598	JURKAT
LJP009_NPC.TAK_24H:L11	DB05984	RAF-265	-0.3128160686121871	-1.5263114825674393	0.0015274949083503055	0.015438213937837598	NPC.TAK
CPC006_SKM1_6H:BRD-K01638814-051-10-1:10	DB11738	Rilmenidine	0.30707803346923995	1.6205252475369638	0.0015379883112888342	0.015516160558192415	SKM1
AML001_HL60_24H:BRD-K19706299:10	DB00374	Treprostinil	-0.2642409089996174	-1.5589510589601774	0.0015698587127158557	0.015809100646645775	HL60
CPC017_NPC_24H:BRD-A87719232-001-02-4:10	DB00788	Naproxen	0.2811375523058256	1.4776753806887692	0.001579778830963665	0.0158768554776432	NPC
LJP008_NPC.CAS9_24H:M03	DB02709	Resveratrol	-0.305659967378234	-1.527287954889174	0.0015822784810126582	0.0158768554776432	NPC.CAS9
LJP007_JURKAT_24H:D20	DB06616	Bosutinib	-0.2922661333050965	-1.4711572782152835	0.0015873015873015873	0.015898663474965092	JURKAT
AML001_HL60_6H:BRD-K27316855:0.37037	DB00136	Calcitriol	0.3176448994803034	1.5352019710070688	0.0016022787965105929	0.01601991649772867	HL60
CPC015_NPC_24H:BRD-A34806832-001-02-7:10	DB13307	Proscillaridin	0.33147164935964585	1.5117626304975798	0.0016181229773462784	0.016149388355303912	NPC
AML001_U937_24H:BRD-A19037878:10	DB04297	Trichostatin A	-0.28863573348840416	-1.455788069584057	0.0016220600162206002	0.01615977291159773	U937
CPC006_NOMO1_6H:BRD-K56851771-001-02-7:0.25	DB08899	Enzalutamide	-0.322236127218304	-1.5444362204027846	0.0016280752532561505	0.016190787589868208	NOMO1
LJP007_NPC.CAS9_24H:O05	DB07101	PD-0325901	-0.3334016950675856	-1.5364784842475103	0.0016351001498841804	0.01623171483310292	NPC.CAS9
PCLB001_JURKAT_24H:BRD-A19037878-001-02-3:2.5	DB04297	Trichostatin A	-0.32114674816001026	-1.52656422863799	0.0016464293064416546	0.016312407604932726	JURKAT
CPC015_NPC_24H:BRD-K56558538-003-02-8:10	DB06742	Ambroxol	0.2874047875145984	1.51753357689285	0.0016490765171503958	0.016312407604932726	NPC
NMH001_NEU_6H:BRD-A69512159-001-04-0:10	DB00190	Carbidopa	0.30807867609271067	1.5036904379888585	0.0016680567139282735	0.016470952932753694	NEU
LJP008_NEU_24H:B03	DB00877	Sirolimus	-0.24003531671391573	-1.4382664528911204	0.0016806722689075631	0.016541618671066696	NEU
CPC016_NPC_24H:BRD-K69600043-328-03-0:10	DB00372	Thiethylperazine	-0.2958435222184282	-1.4974862884959363	0.0016811431773606051	0.016541618671066696	NPC
CPC014_NEU_24H:BRD-K01493881-001-19-5:10	DB07352	Apigenin	0.2650694561374327	1.479250950593925	0.0017084282460136675	0.01678049504315185	NEU
NMH002_NEU_24H:BRD-K89085489-001-14-1:10	DB05076	Fenretinide	0.3400731116076565	1.5349448092467917	0.0017224056265250467	0.016888050949706915	NEU
CPC015_NPC_24H:BRD-A62035778-004-02-8:10	DB00747	Scopolamine	0.2936323916005284	1.4965507059176661	0.0017271157167530224	0.016904523831166862	NPC
LJP008_NEU_24H:L20	DB05015	Belinostat	-0.29431916438968064	-1.4517688136943567	0.0017433751743375174	0.017033783008106845	NEU
CPC014_NPC_24H:BRD-K71035033-001-01-4:10	DB11526	Masitinib	-0.30081419874249693	-1.5097302334384282	0.0017999485728979173	0.01755579211223336	NPC
LJP009_NPC_24H:G09	DB08521	4-[4-(4-Fluorophenyl)-2-[4-[(R)-methylsulfinyl]phenyl]-1H-imidazol-5-yl]pyridine	0.31318401518898425	1.517044443381222	0.0018169429934135816	0.017673239882790844	NPC
NMH002_NPC_24H:BRD-K92723993-066-14-4:10	DB00619	Imatinib	0.2676956448136851	1.45602816903006	0.0018203883495145632	0.017673239882790844	NPC
PCLB001_JURKAT_6H:BRD-K36452089-001-01-8:3.33	DB07726	t-Butylhydroquinone	-0.27855593105493476	-1.4982413156180963	0.0018214936247723133	0.017673239882790844	JURKAT
LJP007_NPC_24H:B13	DB12200	Tivantinib	0.30257924308756345	1.5156930528935988	0.0018501387604070306	0.01792000719498407	NPC
CPC014_NPC_24H:BRD-K93331255-001-01-2:10	DB14642	Lypressin	0.28400406301015163	1.502752274260191	0.0018717828731867104	0.018093310761287645	NPC
CPC006_SKM1_6H:BRD-A97437073-001-03-1:80	DB00412	Rosiglitazone	-0.35112934002304813	-1.5035414297067007	0.0018745175873855994	0.018093310761287645	SKM1
LJP007_NEU_24H:I18	DB11526	Masitinib	0.27337846839168967	1.4686370301512042	0.0018796992481203006	0.018111989819107353	NEU
PCLB001_JURKAT_24H:BRD-A19037878-001-02-3:0.63	DB04297	Trichostatin A	-0.29374280894858523	-1.484447022729888	0.0018963337547408343	0.01824076899603296	JURKAT
CPC015_NPC_24H:BRD-A55416093-001-03-1:10	DB02587	Colforsin	0.30200517596555937	1.5200925927752231	0.0019007391763463568	0.018251676187325858	NPC
NMH002_NEU_6H:BRD-K26657438-001-10-3:10	DB00724	Imiquimod	0.30307070936522457	1.5096462626258087	0.00190885230255309	0.018298087621896372	NEU
LJP008_NPC.CAS9_24H:J02	DB12116	Epigallocatechin gallate	0.30880239238278456	1.5156157708871574	0.0019199122325836533	0.018372539186250772	NPC.CAS9
CPC018_NPC_24H:BRD-K88701661-001-01-1:10	DB14089	Dimercaptosuccinic acid	-0.3048032835742474	-1.5253791474397607	0.0019460661662496525	0.018577226925633773	NPC
CPC006_WSUDLCL2_6H:BRD-K19796430-001-01-5:10	DB09143	Sonidegib	-0.33174891028453496	-1.5384621087906603	0.0019479615973285098	0.018577226925633773	WSUDLCL2
CPC006_SKM1_6H:BRD-K47335880-001-01-3:0.08	DB12980	CHS-828	0.2901809374156445	1.5185368787615277	0.0019672131147540984	0.01872880881776982	SKM1
AML001_U937_6H:BRD-K93754473:1.49538	DB00675	Tamoxifen	-0.31430358615342235	-1.5103627865261007	0.0019996364297400473	0.018998355223951754	U937
LJP007_NPC_24H:P06	DB09054	Idelalisib	-0.32405306649891885	-1.5369838013576225	0.002002336058735191	0.018998355223951754	NPC
LJP008_NEU_24H:A11	DB07232	Veliparib	0.25744382529474374	1.4709501562737457	0.0020304568527918783	0.019209613414707626	NEU
NMH002_NPC_24H:BRD-K54028654-001-01-8:10	DB12310	Trehalose	-0.27495983320469664	-1.4610700431306467	0.002031488065007618	0.019209613414707626	NPC
DOSBIO001_NEU_24H:BRD-A19037878:10	DB04297	Trichostatin A	-0.30964860759849383	-1.5049714508237995	0.002048417132216015	0.019308557075579037	NEU
NMH002_NEU_24H:BRD-K45528773-001-04-9:10	DB02565	4-(dimethylamino)-N-[7-(hydroxyamino)-7-oxoheptyl]benzamide	-0.31784394635298363	-1.5238926691311236	0.002051702913418137	0.019308557075579037	NEU
LJP007_JURKAT_24H:P18	DB05294	Vandetanib	0.29504775319449983	1.4853497794022488	0.002052334530528476	0.019308557075579037	JURKAT
DOSBIO001_NEU_24H:BRD-A13084692:10	DB08607	(5R)-5-(4-{[(2R)-6-HYDROXY-2,5,7,8-TETRAMETHYL-3,4-DIHYDRO-2H-CHROMEN-2-YL]METHOXY}BENZYL)-1,3-THIAZOLIDINE-2,4-DIONE	0.28593997318741415	1.4775901607749469	0.00205761316872428	0.01932206378242567	NEU
CPC018_NPC_24H:BRD-K18619710-001-03-7:10	DB03671	Digoxigenin	0.31561253694608477	1.5221532481358433	0.0020606968902210565	0.01932206378242567	NPC
CPC015_NPC_24H:BRD-K38055836-001-13-8:10	DB08989	Etamivan	0.29494225525599416	1.6032813408846112	0.0020646937370956643	0.01932705764975958	NPC
CPC017_NPC_24H:BRD-A54487287-001-03-9:10	DB01380	Cortisone acetate	0.3094418859158	1.5542144376290097	0.0020734597156398106	0.01937660260226885	NPC
CPC015_NPC_24H:BRD-A51820102-008-16-4:10	DB07705	(S)-econazole	-0.2549369244855124	-1.4859405770521241	0.002077562326869806	0.01938247528696764	NPC
CPC018_NPC_24H:BRD-A56012032-001-05-6:10	DB08626	Thiorphan	0.29148133659568154	1.4948275760706105	0.0020842017507294707	0.019411955871986172	NPC
LJP007_NEU_24H:K12	DB11962	GSK-1059615	0.28440207975531895	1.5317767397995914	0.002098950524737631	0.019510403916768667	NEU
CPC006_PL21_6H:BRD-A09533288-003-20-5:10	DB14063	Dexverapamil	0.2700694923502659	1.4203079842434387	0.0021026072329688814	0.019510403916768667	PL21
LJP007_NEU_24H:F17	DB12247	AZD-4547	-0.29427395047016913	-1.4845125048565813	0.002105263157894737	0.019510403916768667	NEU
CPC014_NPC_24H:BRD-K86930074-001-01-9:10	DB04849	Cediranib	-0.2731119575648654	-1.480739577559402	0.0021231422505307855	0.01964346702439677	NPC
NMH002_NPC_24H:BRD-K76773351-001-03-5:10	DB04769	5-QUINOXALIN-6-YLMETHYLENE-THIAZOLIDINE-2,4-DIONE	0.3195698625256596	1.523371981095167	0.002128894910005806	0.01966408063397747	NPC
CPC006_WSUDLCL2_6H:BRD-A26711594-003-06-4:10	DB00622	Nicardipine	0.30000415883411735	1.5009008053492539	0.002137404580152672	0.01971004983912687	WSUDLCL2
CPC006_NOMO1_6H:BRD-K81473043-001-04-7:0.35	DB05134	Tanespimycin	0.316933626735344	1.5201579920012998	0.002160118806534359	0.019851894610323887	NOMO1
CPC016_NPC_24H:BRD-K67043667-001-15-7:10	DB00488	Altretamine	-0.29682679443084975	-1.5114695500597046	0.00216116085211485	0.019851894610323887	NPC
CPC015_NPC_24H:BRD-A48237631-001-03-0:10	DB00305	Mitomycin	-0.29404730950905467	-1.5088509938862233	0.0021634615384615386	0.019851894610323887	NPC
LJP007_NPC.CAS9_24H:L11	DB11836	Sapanisertib	0.34029004163829835	1.5285060177476533	0.002175390890550646	0.019928580916883504	NPC.CAS9
CPC006_U937_6H:BRD-A70155556-001-04-4:40	DB03785	Mevinolinic acid	-0.2615988583271292	-1.4206549702978402	0.002229654403567447	0.020381546644844515	U937
LJP009_NPC.TAK_24H:B04	DB01204	Mitoxantrone	-0.25500007839828287	-1.4443161677676095	0.002232142857142857	0.020381546644844515	NPC.TAK
CPC006_PL21_6H:BRD-A58955223-001-01-2:10	DB12422	Sulforaphane	0.313883692649473	1.5072642392317979	0.0022371364653243847	0.02039376526151102	PL21
LJP008_NPC.TAK_24H:M18	DB01262	Decitabine	-0.33140645529472207	-1.5382225725576277	0.0022471910112359553	0.02045200432575105	NPC.TAK
NMH001_NEU_6H:BRD-K41160163-001-02-7:10	DB12931	Fenobam	0.29581037919179703	1.5289489748866243	0.0022900763358778627	0.020775971657280595	NEU
NMH002_NEU_24H:BRD-A19037878-001-02-3:10	DB04297	Trichostatin A	-0.30166762047147816	-1.4748677595201842	0.002290235269623152	0.020775971657280595	NEU
LJP009_NPC.TAK_24H:I19	DB11363	Alectinib	-0.3065303541681569	-1.46690153220321	0.0023027004396064476	0.020855139208708396	NPC.TAK
CPC016_NPC_24H:BRD-K93461745-003-14-4:10	DB00490	Buspirone	-0.3089389041037156	-1.5019599928178284	0.0023144576454250886	0.020927648628568184	NPC
NMH002_NEU_6H:BRD-K86465814-001-04-5:10	DB06926	(9Z,11E,13S)-13-hydroxyoctadeca-9,11-dienoic acid	-0.31013428762330175	-1.4790216470146862	0.002324230098779779	0.020982006021185093	NEU
AML001_U937_6H:BRD-K26684619:3.33333	DB08784	2-(4-CHLORO-PHENYLAMINO)-NICOTINIC ACID	-0.3212755906808641	-1.5377390417469947	0.002369236376890833	0.02135374757136342	U937
LJP007_NPC_24H:I06	DB01268	Sunitinib	-0.2986901264768911	-1.5166902118260184	0.0024103645676408557	0.021672449612234464	NPC
LPROT003_NPC_6H:F21	DB00480	Lenalidomide	-0.2992959784256808	-1.4864467112363673	0.002413515687851971	0.021672449612234464	NPC
CPC018_NPC_24H:BRD-K34170797-001-01-1:10	DB02545	Fexaramine	0.2656988178763252	1.4308243182063352	0.002416626389560174	0.021672449612234464	NPC
LJP008_NEU_24H:A03	DB02546	Vorinostat	-0.3083640639842084	-1.4880672562308408	0.002420135527589545	0.021672449612234464	NEU
NMH001_NEU_24H:BRD-A75409952-001-04-0:10	DB08059	Wortmannin	-0.2702179744176434	-1.4812617390645333	0.0024271844660194173	0.02170074060243963	NEU
LJP007_NEU_24H:M06	DB07794	5-(2-PHENYLPYRAZOLO[1,5-A]PYRIDIN-3-YL)-1H-PYRAZOLO[3,4-C]PYRIDAZIN-3-AMINE	0.26594166498141825	1.5139790936039303	0.002443991853360489	0.02181604887983707	NEU
LJP009_NEU_24H:K22	DB12432	CC-401	-0.30997825346555474	-1.4870418964989434	0.0024639211545230554	0.02194986527232498	NEU
LJP007_JURKAT_24H:H11	DB09053	Ibrutinib	-0.3035330404207432	-1.5118082501774373	0.002466851680542707	0.02194986527232498	JURKAT
CPC006_U937_6H:BRD-K85606544-001-01-8:10	DB11828	Neratinib	0.3077952014873314	1.5215213968227752	0.0024713547517411817	0.021954917452172058	U937
LJP007_NPC.TAK_24H:A17	DB12742	Amuvatinib	-0.28037182643291325	-1.4454662542089678	0.0024759284731774417	0.021960580209629488	NPC.TAK
LJP008_NEU_24H:P16	DB11662	Rabusertib	-0.32390367131753	-1.5026268813200843	0.0024799416484318016	0.021961261042223842	NEU
NMH002_NPC_6H:BRD-A81585303-001-01-1:10	DB04944	Acadesine	0.2218605128415079	1.3044311507731297	0.0024875621890547263	0.021993834314954545	NPC
NMH002_NEU_24H:BRD-K77947974-001-14-8:10	DB04842	Fluspirilene	-0.3292426774651001	-1.5326813065257412	0.002508361204013378	0.022142637906947208	NEU
CPC014_NPC_24H:BRD-K78431006-001-02-9:10	DB08865	Crizotinib	-0.2690008803695845	-1.4895987793500545	0.0025673940949935813	0.02262794890358482	NPC
LJP009_NPC.TAK_24H:D22	DB13061	MLN8054	-0.2556291257009157	-1.3787739988134673	0.0025806451612903226	0.022706585712229943	NPC.TAK
CPC006_SKM1_6H:BRD-A17883755-001-02-0:177.6	DB00480	Lenalidomide	-0.3148768258778762	-1.5233682443910166	0.002584456341148237	0.022706585712229943	SKM1
CPC006_SKM1_6H:BRD-A14395271-001-01-5:10	DB00933	Mesoridazine	0.32625991046483505	1.525882047676026	0.0026049204052098407	0.02285039456079513	SKM1
LJP009_NPC_24H:L23	DB12588	AZD-1480	-0.31838763057940955	-1.507153167059495	0.0026091494172899633	0.022851561380001106	NPC
CPC006_THP1_6H:BRD-K33583600-001-09-6:10	DB03285	Isoliquiritigenin	0.29778782481286437	1.5203095377408715	0.0026305900037579856	0.022975866897290174	THP1
CPC006_PL21_6H:BRD-K62965247-001-01-5:10	DB04960	Tipifarnib	0.316434563409227	1.5102301370822804	0.002631578947368421	0.022975866897290174	PL21
CPC006_SKM1_6H:BRD-A69951442-001-01-3:10	DB01234	Dexamethasone	-0.2898798656974939	-1.4608943685466649	0.0026435045317220545	0.023043924660120847	SKM1
CPC006_U937_6H:BRD-K77947974-001-05-6:4.21	DB04842	Fluspirilene	-0.2897332450955674	-1.4753302727605904	0.002651640702684786	0.023078788580777568	U937
NMH002_NEU_6H:BRD-K79254416-001-11-9:10	DB01262	Decitabine	0.3194743950829205	1.513316096896223	0.002657689581856839	0.023095405260403903	NEU
LJP007_JURKAT_24H:I07	DB06589	Pazopanib	-0.3234848741922854	-1.5046221451776116	0.002663559180955552	0.023110414728695215	JURKAT
CPC006_U937_6H:BRD-K78126613-001-16-0:10	DB00170	Menadione	-0.2823128184359497	-1.5025491147856906	0.002675943270002676	0.023181812893392748	U937
LJP009_NPC_24H:D17	DB16108	TAK-715	0.3082848846711937	1.4927677069252947	0.0026917900403768506	0.023282940519786743	NPC
CPC014_NEU_24H:BRD-K54472332-001-01-8:10	DB09101	Elvitegravir	-0.27606346792460823	-1.5114185166895202	0.0027152831652443757	0.023449790679409246	NEU
LJP007_NPC_24H:D23	DB06616	Bosutinib	0.3150208584007087	1.4998625519838926	0.002735229759299781	0.023538614466269616	NPC
LJP007_NEU_24H:G07	DB11963	Dacomitinib	0.2990539235144791	1.4760473869090358	0.002737226277372263	0.023538614466269616	NEU
LJP007_NEU_24H:E11	DB05913	OSI-930	-0.2668874778630716	-1.4697591396141516	0.002738225629791895	0.023538614466269616	NEU
LJP009_NPC_24H:E12	DB01782	Pyrazolanthrone	-0.32639307739335344	-1.4917415432152714	0.0027624309392265192	0.023648409180448936	NPC
NMH002_NPC_24H:BRD-K41170226-001-10-4:10	DB03619	Deoxycholic acid	0.24177530717997772	1.4095437732693112	0.0027643400138217	0.023648409180448936	NPC
CPC017_NPC_24H:BRD-K98769987-001-09-6:10	DB01205	Flumazenil	-0.27706534995204096	-1.4464491416077825	0.002767017155506364	0.023648409180448936	NPC
CPC006_SKM1_6H:BRD-K35723520-001-01-0:10	DB06179	Darinaparsin	-0.3184914580922816	-1.5035793736772525	0.0027679532523450716	0.023648409180448936	SKM1
LJP008_NEU_24H:F01	DB12376	Ricolinostat	-0.3044899088256569	-1.4645442667146815	0.0027745664739884392	0.02366866415654664	NEU
CPC014_NPC_24H:BRD-K37846922-001-07-8:10	DB11875	3,3'-diindolylmethane	-0.2897372318796968	-1.4651918364800018	0.0027820710973724882	0.023696449850749788	NPC
CPC016_NPC_24H:BRD-K12513978-001-16-7:10	DB08981	Fenbufen	0.25608259853484344	1.434883351670948	0.0027913468248429866	0.023736208567201357	NPC
LJP009_NEU_24H:F01	DB11962	GSK-1059615	-0.27066002488267	-1.4287781667646915	0.002795248078266946	0.023736208567201357	NEU
CPC015_NPC_24H:BRD-K15409150-001-01-7:10	DB13791	Penfluridol	-0.23658857408506595	-1.4513849209727003	0.002838221381267739	0.024064494051812636	NPC
LJP009_NPC.CAS9_24H:I24	DB11363	Alectinib	-0.3001522936883256	-1.476226476250739	0.0028533801580333624	0.024156309410725538	NPC.CAS9
LJP008_NPC.TAK_24H:N08	DB02665	(1R,2S)-2-Phenylcyclopropanaminium	0.322844684679514	1.4938168167548986	0.0028616397195593076	0.024189527265789965	NPC.TAK
CPC014_NEU_24H:BRD-A19037878:10	DB04297	Trichostatin A	-0.29830428980774176	-1.4503352757350767	0.002882599580712788	0.024329838216031234	NEU
LJP008_NEU_24H:D03	DB09074	Olaparib	-0.2731793710578882	-1.4427690693119053	0.0029227557411273487	0.024631501933156313	NEU
NMH001_NPC_24H:BRD-A19500257-001-03-9:10	DB02424	Geldanamycin	0.31836758307333785	1.5083110967813385	0.0029291900152827307	0.024648493356353475	NPC
LPROT002_NPC.TAK_6H:C24	DB04462	Tetrabromo-2-Benzotriazole	0.2919025847217833	1.4434355123187872	0.0029357798165137615	0.02466674035591909	NPC.TAK
DOSBIO002_NEU_24H:BRD-K81418486:10	DB02546	Vorinostat	-0.31941895210716964	-1.4837113850627366	0.002955847034915943	0.024798000913979018	NEU
CPC015_NPC_24H:BRD-K73589491-001-05-4:10	DB00585	Nizatidine	-0.2834968285704641	-1.4258592292899914	0.0029644268774703555	0.024832638963073746	NPC
LJP008_NPC_24H:P17	DB11662	Rabusertib	-0.29947076781869736	-1.4679209258975185	0.002997002997002997	0.02506788563760078	NPC
CPC006_THP1_6H:BRD-A31107743-001-01-3:0.09	DB07348	Brefeldin A	-0.2931478589806756	-1.4591290816626175	0.003007170946102244	0.025081822759315208	THP1
CPC006_SKM1_6H:BRD-K59597909-001-10-1:10	DB11447	Phenothiazine	-0.3307645808433574	-1.5184523695187448	0.0030128731854286495	0.025081822759315208	SKM1
CPC015_NPC_24H:BRD-K63550407-001-08-5:10	DB00199	Erythromycin	0.2742795514507483	1.4911803712604454	0.0030165912518853697	0.025081822759315208	NPC
LJP009_NPC.CAS9_24H:D05	DB11775	PF-03758309	-0.33599327742240154	-1.5096827250540774	0.003020354563361786	0.025081822759315208	NPC.CAS9
CPC015_NPC_24H:BRD-K57033106-048-03-6:10	DB00792	Tripelennamine	0.26165489644492923	1.4361834014344106	0.0030211480362537764	0.025081822759315208	NPC
LJP008_NPC_24H:L19	DB05015	Belinostat	-0.3153057802495493	-1.5047212841913413	0.0030272452068617556	0.025095098081845072	NPC
NMH002_NPC_6H:BRD-K01567962-001-16-4:10	DB01782	Pyrazolanthrone	0.3386053387086501	1.511972337574775	0.003048006096012192	0.02522971218049261	NPC
CPC012_NPC_24H:BRD-K05396879-001-02-6:10	DB08435	(5E,14E)-11-oxoprosta-5,9,12,14-tetraen-1-oic acid	-0.28267848722261146	-1.4428151978588968	0.0030592734225621415	0.025256578912329103	NPC
CPC013_NEU_24H:BRD-K68202742-001-05-8:10	DB04297	Trichostatin A	-0.3169760883466461	-1.5010139455840372	0.0030603060306030605	0.025256578912329103	NEU
CPC006_WSUDLCL2_6H:BRD-K81651477-001-03-5:20	DB13063	Parthenolide	-0.2818377498451214	-1.458801439409109	0.003076923076923077	0.02535620952164527	WSUDLCL2
LJP008_NPC.CAS9_24H:L24	DB05015	Belinostat	-0.31135072592443264	-1.4987248689682096	0.0030830612985128765	0.025367381430567534	NPC.CAS9
LJP009_NEU_24H:I03	DB11798	Tanzisertib	-0.3135484444128572	-1.49543054776542	0.0030873726458783574	0.025367381430567534	NEU
LPROT003_NPC_6H:F03	DB07101	PD-0325901	0.2841119141593392	1.4369156148887112	0.003097173828881146	0.025376450708325466	NPC
NMH001_NPC_6H:BRD-A93269281-001-01-4:10	DB00758	Clopidogrel	-0.3039958768751342	-1.489264294971598	0.003097573567372225	0.025376450708325466	NPC
CPC015_NPC_24H:BRD-K41731458-001-04-5:10	DB08604	Triclosan	0.34378901845607923	1.5029447311511333	0.003108528179483714	0.025386851596160994	NPC
CPC018_NPC_24H:BRD-K16195444-001-01-7:10	DB00935	Oxymetazoline	0.2722275584593709	1.4908216696432106	0.003110419906687403	0.025386851596160994	NPC
PCLB001_JURKAT_24H:BRD-K36452089-001-01-8:10	DB07726	t-Butylhydroquinone	0.28096275478345695	1.4519241658863091	0.0031124944419742106	0.025386851596160994	JURKAT
CPC013_NEU_24H:BRD-K99616396-316-01-2:10	DB05575	Motesanib	0.323041510052537	1.5020909374413007	0.003138239447669857	0.02555947135554764	NEU
CPC013_NEU_24H:BRD-K89839824-001-01-2:10	DB00293	Raltitrexed	0.3024280247186422	1.485307112448381	0.003144072498612909	0.025569650830556005	NEU
LJP007_NPC.CAS9_24H:A03	DB02546	Vorinostat	-0.328017678927826	-1.4824653626994473	0.003150157507875394	0.025581846777928418	NPC.CAS9
LJP008_NPC.TAK_24H:M04	DB02709	Resveratrol	0.29225269320115965	1.4831778607591977	0.0031685678073510772	0.0256566615344146	NPC.TAK
LJP009_NPC_24H:N08	DB08896	Regorafenib	-0.28488256762113356	-1.479289890762716	0.0031685678073510772	0.0256566615344146	NPC
LJP007_NPC.TAK_24H:M07	DB05575	Motesanib	-0.29432086962396536	-1.4574737437879934	0.0031893302406494637	0.025769850096779776	NPC.TAK
CPC006_U937_6H:BRD-A01145011-001-01-4:11.1	DB03068	Zebularine	-0.32039597602073216	-1.4879800567937984	0.003191784623924507	0.025769850096779776	U937
CPC006_PL21_6H:BRD-K88510285-001-01-2:0.04	DB00188	Bortezomib	0.32102337417923843	1.508788334079659	0.0032094142818935543	0.025844617287496464	PL21
LJP007_NPC.TAK_24H:M12	DB05575	Motesanib	0.29934228441882027	1.5159482008219087	0.0032171581769436996	0.025844617287496464	NPC.TAK
LJP007_NEU_24H:D24	DB06616	Bosutinib	-0.2984025123635676	-1.509472063787772	0.003219056816352809	0.025844617287496464	NEU
NMH002_NPC_24H:BRD-K13927029-001-02-7:10	DB00162	Vitamin A	0.24663308125010747	1.4238132232802603	0.003219575016097875	0.025844617287496464	NPC
CPC016_NPC_24H:BRD-K00959089-001-01-4:10	DB04795	Thenoyltrifluoroacetone	-0.26173385033105356	-1.421991449328453	0.003260869565217391	0.02605868191232678	NPC
LJP009_NEU_24H:A03	DB02546	Vorinostat	-0.3032107775441402	-1.4565700703094526	0.0032618825722274	0.02605868191232678	NEU
LJP008_NPC.CAS9_24H:A19	DB11740	MK-1775	-0.26356704838544465	-1.46199422688503	0.0032626427406199023	0.02605868191232678	NPC.CAS9
LJP007_NPC.CAS9_24H:M14	DB07460	2-({5-CHLORO-2-[(2-METHOXY-4-MORPHOLIN-4-YLPHENYL)AMINO]PYRIMIDIN-4-YL}AMINO)-N-METHYLBENZAMIDE	0.3274377405356164	1.493926476710417	0.0032649253731343282	0.02605868191232678	NPC.CAS9
LJP009_NPC.CAS9_24H:P20	DB09074	Olaparib	-0.2840673453715231	-1.4603838211565892	0.0032967032967032967	0.02624685773190056	NPC.CAS9
CPC017_NPC_24H:BRD-A63894585-001-03-4:10	DB01013	Clobetasol propionate	0.2906597156563803	1.4674748306838716	0.003297911322828875	0.02624685773190056	NPC
CPC015_NPC_24H:BRD-K68558722-001-03-2:10	DB11395	Deracoxib	0.2378129588213667	1.4173378525183042	0.0033112582781456954	0.02631554121620347	NPC
CPC018_NPC_24H:BRD-K94080537-001-05-5:10	DB11282	Diethyltoluamide	-0.27060659462284403	-1.4134997716811155	0.0033259423503325942	0.026390585805726147	NPC
CPC013_NPC_24H:BRD-K47832606-001-13-7:10	DB00322	Floxuridine	0.27631581139155387	1.4499344438152924	0.003330161750713606	0.026390585805726147	NPC
LJP009_NPC.TAK_24H:M13	DB06314	SGX-523	0.31784590132608415	1.4756728459629127	0.003337505214851898	0.026411264671856366	NPC.TAK
CPC006_SKM1_6H:BRD-K41895714-001-02-2:10	DB04769	5-QUINOXALIN-6-YLMETHYLENE-THIAZOLIDINE-2,4-DIONE	0.31087639137705037	1.4901613631632358	0.0033467202141900937	0.026446674327148062	SKM1
LJP007_JURKAT_24H:P08	DB07859	4-(4-CHLOROPHENYL)-4-[4-(1H-PYRAZOL-4-YL)PHENYL]PIPERIDINE	-0.3100858312787673	-1.48244036575449	0.0033783783783783786	0.02665908482740166	JURKAT
CPC015_NPC_24H:BRD-K46137903-001-03-3:10	DB01130	Prednicarbate	-0.25251907820726827	-1.426140975179728	0.003389830508474576	0.026711672890931727	NPC
CPC016_NPC_24H:BRD-K36927236-001-15-1:10	DB01016	Glyburide	-0.2836900268092048	-1.4823498168148086	0.0034094783498124785	0.02682860326319297	NPC
NMH002_NPC_24H:BRD-K18135438-001-11-8:10	DB06777	Chenodeoxycholic acid	0.23141310646336655	1.3985587990999477	0.0034602076124567475	0.027189434182952388	NPC
LJP007_NPC.CAS9_24H:P23	DB11886	Infigratinib	-0.31308840430997276	-1.4657943816442136	0.0034694843084686956	0.027223984468279682	NPC.CAS9
DOSBIO002_NPC_24H:BRD-A90490067:1.11111	DB00947	Fulvestrant	-0.29436180499262943	-1.4730659904844101	0.003511852502194908	0.02750767937096617	NPC
CPC006_WSUDLCL2_6H:BRD-K96354014-001-09-6:10	DB01115	Nifedipine	-0.3177544645390559	-1.5045232964534756	0.003515500159795462	0.02750767937096617	WSUDLCL2
CPC012_NEU_24H:BRD-A19248578-001-03-7:10	DB08080	Latrunculin B	0.28271993696158965	1.4518040639661354	0.003527902501603592	0.027566061703706495	NEU
CPC006_SKM1_6H:BRD-K18849474-001-01-0:79.44	DB12181	Dalcetrapib	-0.29250484558639006	-1.4566603205989106	0.003549003549003549	0.027692154964882237	SKM1
CPC017_NPC_24H:BRD-K71860425-001-01-1:10	DB03307	4-[(6-Amino-4-Pyrimidinyl)Amino]Benzenesulfonamide	0.28422163543933077	1.4461255979171197	0.0035749106272343193	0.02785534411919032	NPC
LJP007_NPC.TAK_24H:M05	DB07794	5-(2-PHENYLPYRAZOLO[1,5-A]PYRIDIN-3-YL)-1H-PYRAZOLO[3,4-C]PYRIDAZIN-3-AMINE	0.2894425353148055	1.4670781524162608	0.003598200899550225	0.027983895508063947	NPC.TAK
LJP007_JURKAT_24H:E07	DB05913	OSI-930	-0.31697255932251106	-1.467246164316845	0.003601440576230492	0.027983895508063947	JURKAT
LJP008_NPC_24H:L17	DB08756	Y-27632	-0.3021621860982499	-1.4775552476664773	0.0036116422349691947	0.027998594800762822	NPC
LJP007_NPC.TAK_24H:D12	DB08875	Cabozantinib	0.27145753966349473	1.4061652150509343	0.0036133694670280035	0.027998594800762822	NPC.TAK
CPC017_NPC_24H:BRD-A19500257:10	DB02424	Geldanamycin	0.3184968356919244	1.4973028934814003	0.003625	0.028049757281553397	NPC
CPC006_U937_6H:BRD-K73319509-001-02-3:40	DB12848	PF-04217903	-0.2938503863735235	-1.4668910902523586	0.0036355373778686664	0.02808538379540309	U937
LJP007_NPC.TAK_24H:E21	DB12021	Dinaciclib	-0.2537239919871968	-1.4032320742564783	0.003639672429481347	0.02808538379540309	NPC.TAK
LJP007_JURKAT_24H:L09	DB11836	Sapanisertib	0.3271575135801012	1.4853143655200913	0.0036490801277178045	0.028119085680300596	JURKAT
CPC006_SKM1_6H:BRD-K19796430-001-01-5:10	DB09143	Sonidegib	-0.251055106076424	-1.4158279922052779	0.003663003663003663	0.02816581430453813	SKM1
DOSBIO002_NEU_24H:BRD-A19037878:10	DB04297	Trichostatin A	-0.3174389999492557	-1.4893631961392986	0.0036652412950519244	0.02816581430453813	NEU
NMH002_NEU_6H:BRD-A75409952-001-06-5:10	DB08059	Wortmannin	-0.25699347289391533	-1.3969789410304712	0.003693444136657433	0.02834350046549081	NEU
CPC018_NPC_24H:BRD-K76304753-003-08-8:10	DB01438	Phenazopyridine	0.30093867660448836	1.4898088504725346	0.003699487763232783	0.02835088218554354	NPC
LJP007_NPC.CAS9_24H:I18	DB11526	Masitinib	-0.2873603437037671	-1.492480417011295	0.003714710252600297	0.028428489025043975	NPC.CAS9
CPC006_SKM1_6H:BRD-K82135108-001-01-9:10	DB05719	Elesclomol	0.2912441221071691	1.4683665545840885	0.0037684138403562863	0.02879997371965441	SKM1
NMH002_NEU_24H:BRD-A19500257-001-03-9:10	DB02424	Geldanamycin	0.3113159347790702	1.4924898614498843	0.003810669875651825	0.02907050553281795	NEU
CPC006_NOMO1_6H:BRD-K67844266-001-01-3:11.1	DB11759	Pevonedistat	-0.27243372429616153	-1.4085743131461481	0.0038151759220008477	0.02907050553281795	NOMO1
NMH002_NPC_6H:BRD-A38878059-001-02-8:10	DB07557	3,20-Pregnanedione	-0.2874506356751943	-1.443686714614457	0.0038194444444444443	0.02907050553281795	NPC
LJP007_NPC.CAS9_24H:F14	DB12247	AZD-4547	0.3272688019897514	1.4760899496516864	0.003852172866257373	0.029244456186258722	NPC.CAS9
LJP008_NEU_24H:G19	DB00928	Azacitidine	-0.27604212153464597	-1.4480691480948198	0.003854389721627409	0.029244456186258722	NEU
NMH002_NEU_24H:BRD-K68202742-001-08-2:10	DB04297	Trichostatin A	-0.30902899902542036	-1.4653992667730844	0.0038580246913580245	0.029244456186258722	NEU
NMH002_NEU_24H:BRD-K40438880-001-03-8:10	DB03566	Spermidine	0.2572986379056306	1.4198634436984856	0.003865979381443299	0.029264991816922888	NEU
CPC006_PL21_6H:BRD-K96354014-001-09-6:10	DB01115	Nifedipine	-0.26809815995658887	-1.4243358749107529	0.003873466752743706	0.029281939042760347	PL21
LJP007_NEU_24H:F15	DB12247	AZD-4547	-0.2531782516822606	-1.4188119557836025	0.003894080996884735	0.02939794029989166	NEU
LJP007_NPC.TAK_24H:M16	DB07460	2-({5-CHLORO-2-[(2-METHOXY-4-MORPHOLIN-4-YLPHENYL)AMINO]PYRIMIDIN-4-YL}AMINO)-N-METHYLBENZAMIDE	0.328045773455124	1.4838422669770472	0.0038998050097495125	0.029401367769449367	NPC.TAK
CPC006_NOMO1_6H:BRD-A97437073-001-03-1:80	DB00412	Rosiglitazone	-0.3175380110937858	-1.481195772638338	0.00392875851231011	0.02957968116083415	NOMO1
LJP008_NPC_24H:K09	DB11962	GSK-1059615	0.3295056173484764	1.4676794892175504	0.003939916276779119	0.029614656214576072	NPC
LJP008_NEU_24H:K07	DB11962	GSK-1059615	0.3321361270983261	1.47314570690734	0.003944020356234096	0.029614656214576072	NEU
CPC015_NPC_24H:BRD-K51805276-001-04-4:10	DB12231	Temefos	0.24468243460908146	1.4193662255386308	0.003956478733926805	0.02966827265669038	NPC
LJP007_NEU_24H:K01	DB12064	BMS-777607	-0.30592489965562036	-1.4576028308754252	0.00398066533977822	0.02980351036250648	NEU
LJP007_NPC.CAS9_24H:E20	DB12021	Dinaciclib	-0.2807199994603789	-1.42491728105905	0.003985197836606889	0.02980351036250648	NPC.CAS9
LJP007_NEU_24H:M08	DB05575	Motesanib	0.24875850555736037	1.4417534704124488	0.004006410256410256	0.02992203858167713	NEU
LJP009_NPC.CAS9_24H:I20	DB11363	Alectinib	0.26640368851062235	1.399347816571532	0.004014452027298274	0.029942015856012125	NPC.CAS9
CPC014_NEU_24H:BRD-K49865102-001-02-7:10	DB07101	PD-0325901	0.3095959368021434	1.4779216129131707	0.004058167061210686	0.030227655586774926	NEU
CPC017_NPC_24H:BRD-A10303790-003-03-7:10	DB13814	Talampicillin	-0.26102433686424514	-1.404712960520767	0.004074979625101874	0.030312415104591144	NPC
AML001_U937_24H:BRD-A19037878:1.11111	DB04297	Trichostatin A	-0.27574045939700165	-1.4349054186567411	0.004108885464817668	0.03052393076993045	U937
NMH002_NPC_6H:BRD-K08807999-001-01-6:10	DB12445	Nitroaspirin	0.29869113542793596	1.4472888097038044	0.004119138149556401	0.0305594039047542	NPC
CPC018_NPC_24H:BRD-A00758722-001-03-1:10	DB09371	Norethynodrel	-0.2511348078049569	-1.4184395569024641	0.004136504653567736	0.030638526890400957	NPC
LJP007_NPC.CAS9_24H:I01	DB01268	Sunitinib	-0.24473287030132324	-1.3407457636113742	0.004140786749482402	0.030638526890400957	NPC.CAS9
CPC006_THP1_6H:BRD-K55395145-001-01-7:88.8	DB00642	Pemetrexed	-0.3234279795685565	-1.4847532405763724	0.0041566947978334805	0.030715497055778796	THP1
LJP009_NPC.CAS9_24H:I18	DB12146	Rigosertib	-0.28705153670365025	-1.4494531590778286	0.004211208292840946	0.031077157494391053	NPC.CAS9
NMH002_NEU_6H:BRD-K41170226-001-10-4:10	DB03619	Deoxycholic acid	-0.2642518555066066	-1.4367875047483882	0.004252303330970942	0.03131007530458562	NEU
CPC006_SKM1_6H:BRD-K35960502-001-10-1:10	DB06803	Niclosamide	0.31137359621025196	1.4863141511897664	0.00425531914893617	0.03131007530458562	SKM1
CPC006_NOMO1_6H:BRD-A84481105-003-17-2:10	DB00679	Thioridazine	0.3180997710638441	1.488121270992676	0.004262120404901438	0.03131007530458562	NOMO1
CPC017_NPC_24H:BRD-K78692225-001-11-2:10	DB01097	Leflunomide	-0.2784569654456447	-1.4308778909032742	0.004265219077161691	0.03131007530458562	NPC
CPC015_NPC_24H:BRD-K49111258-003-16-4:10	DB00457	Prazosin	-0.28252383482351245	-1.4562340498367075	0.004272287097692965	0.031320748643927795	NPC
CPC006_THP1_6H:BRD-A04706586-236-01-7:10	DB13242	Bucladesine	-0.3116158251812762	-1.4846072786789184	0.004331782448259265	0.031715241835745984	THP1
LPROT003_NPC_6H:P15	DB12015	Alpelisib	0.318390883969261	1.4651358495138327	0.004344779257182901	0.03176870704564011	NPC
CPC018_NPC_24H:BRD-A03623303-045-05-3:10	DB00264	Metoprolol	0.244498541285647	1.3914700849160897	0.00437636761487965	0.03195779440237378	NPC
CPC014_NEU_24H:BRD-K25991148-001-01-7:10	DB14055	(S)-Warfarin	0.26562495991578894	1.482857833393924	0.004405286343612335	0.032126918315049956	NEU
LJP007_NEU_24H:D20	DB06616	Bosutinib	-0.26333775954170907	-1.4317295822917462	0.004430660168365086	0.03226978208787051	NEU
AML001_HL60_24H:BRD-K93754473:1.49538	DB00675	Tamoxifen	0.23270722982529551	1.4009407275979209	0.004468275245755138	0.032501313684573555	HL60
LJP008_NPC_24H:F02	DB12376	Ricolinostat	-0.31780763762673664	-1.4789714044462414	0.00449034575662326	0.03258691555457181	NPC
CPC016_NEU_24H:BRD-K82865713-001-02-6:10	DB02304	Prostaglandin B2	0.293391623774878	1.4677232163287433	0.004491725768321513	0.03258691555457181	NEU
CPC016_NPC_24H:BRD-K08547377-003-03-2:10	DB00762	Irinotecan	-0.2825440722382015	-1.4757932243060723	0.004532344458178822	0.032838895756077464	NPC
NMH002_NEU_24H:BRD-K88809146-065-01-2:10	DB02665	(1R,2S)-2-Phenylcyclopropanaminium	0.2958318005032333	1.4700933459413998	0.00454054054054054	0.03285561047428752	NEU
LJP008_NEU_24H:L24	DB05015	Belinostat	-0.3006897537889547	-1.4966721310745115	0.004567814476458187	0.032968752138283326	NEU
CPC013_NPC_24H:BRD-K22096725-001-01-9:10	DB07970	5-[(2-methyl-5-{[3-(trifluoromethyl)phenyl]carbamoyl}phenyl)amino]pyridine-3-carboxamide	0.25978561294185776	1.3745163178002109	0.0045691906005221935	0.032968752138283326	NPC
CPC016_NPC_24H:BRD-K63675182-003-14-5:10	DB00508	Triflupromazine	0.29403032293520376	1.4413859253662347	0.0045739046701974	0.032968752138283326	NPC
NMH002_NEU_6H:BRD-K08807999-001-01-6:10	DB12445	Nitroaspirin	0.3127240092520413	1.4828695656929805	0.004620041421061016	0.03325833688787021	NEU
CPC006_NOMO1_6H:BRD-K33583600-001-09-6:10	DB03285	Isoliquiritigenin	0.29262538664829296	1.4618778570191993	0.004678650578675204	0.0336368448175631	NOMO1
CPC006_WSUDLCL2_6H:BRD-K98548675-001-02-6:10	DB13063	Parthenolide	0.33020847634278067	1.4769144478595315	0.004689480354879595	0.03367070974645388	WSUDLCL2
LJP007_NPC.CAS9_24H:E04	DB11743	Ipatasertib	0.3249490408763277	1.4676795717472613	0.004695431472081219	0.03367070974645388	NPC.CAS9
CPC014_NPC_24H:BRD-K01493881-001-20-3:10	DB07352	Apigenin	0.30573543233156114	1.4608450096180297	0.004744446840629717	0.03395204479065239	NPC
DOSBIO002_NEU_24H:BRD-A19037878:3.33333	DB04297	Trichostatin A	-0.2956027343041291	-1.436672324217434	0.004746835443037975	0.03395204479065239	NEU
CPC006_WSUDLCL2_6H:BRD-A75409952:10	DB08059	Wortmannin	0.3224912134159957	1.4627910524487284	0.004760115244895403	0.033991396113862996	WSUDLCL2
LJP008_NPC.CAS9_24H:J08	DB05223	Pracinostat	-0.312721340839841	-1.4552162878847543	0.004764522631482499	0.033991396113862996	NPC.CAS9
DOSBIO001_NEU_24H:BRD-A90490067:10	DB00947	Fulvestrant	-0.2993028506189309	-1.4588876172790812	0.004801477377654663	0.034211292835166496	NEU
NMH002_NPC_24H:BRD-A19500257-001-03-9:10	DB02424	Geldanamycin	0.32877243025392244	1.4579228981214662	0.004811290495028333	0.0342374868262284	NPC
CPC012_NEU_24H:BRD-A19037878:10	DB04297	Trichostatin A	-0.3018800053222461	-1.4621505085175528	0.004835367257655998	0.03432948528047171	NEU
CPC012_NEU_24H:BRD-K02130563-001-06-4:10	DB06603	Panobinostat	-0.3182216520687054	-1.4661203450234077	0.004836525440123815	0.03432948528047171	NEU
CPC006_SKM1_6H:BRD-K49456190-001-01-0:10	DB11684	APR-246	0.30374784916821235	1.4706433996244175	0.004852484472049689	0.034398997292967234	SKM1
LJP008_NPC.TAK_24H:L17	DB08756	Y-27632	0.28481250316264567	1.4210524239346563	0.0048712595685455815	0.034488270473243404	NPC.TAK
CPC006_U937_6H:BRD-A47829399-001-01-1:10	DB09274	Artesunate	-0.28710696712947587	-1.440680761958476	0.004946821667078902	0.03497885688293181	U937
LJP007_NPC.CAS9_24H:I20	DB13005	Rebastinib	-0.28750001788784485	-1.451857946048938	0.005010438413361169	0.03538384292169868	NPC.CAS9
CPC006_SKM1_6H:BRD-K89732114-001-05-9:10	DB00831	Trifluoperazine	0.31070701829757996	1.4498588865631716	0.005031446540880503	0.035457341875127106	SKM1
CPC016_NPC_24H:BRD-A97104540-004-08-5:10	DB01288	Fenoterol	0.2643697571514901	1.4007334683907635	0.0050335570469798654	0.035457341875127106	NPC
LJP009_NPC_24H:B04	DB01204	Mitoxantrone	-0.25190924807271076	-1.3981091769797411	0.005069708491761723	0.0356669655429239	NPC
LPROT003_NPC_6H:L07	DB00460	Verteporfin	0.28685666532559206	1.4253879780661378	0.005090909090909091	0.03572443528321218	NPC
LJP007_NEU_24H:I14	DB11526	Masitinib	0.2668817510163739	1.399764351515009	0.005092297899427116	0.03572443528321218	NEU
LJP009_NPC.TAK_24H:L24	DB12588	AZD-1480	-0.2875329295415672	-1.4405280869283332	0.005097087378640777	0.03572443528321218	NPC.TAK
LJP009_NPC.TAK_24H:I04	DB11798	Tanzisertib	0.28063188957787566	1.4494892433017825	0.00510970844604749	0.035737061320472704	NPC.TAK
CPC006_NOMO1_6H:BRD-K35960502-001-10-1:10	DB06803	Niclosamide	0.303314302194563	1.4470002103674493	0.0051117001135933355	0.035737061320472704	NOMO1
CPC016_NEU_24H:BRD-K91370081-001-10-3:10	DB07374	Anisomycin	0.29483729106039747	1.4641953447744414	0.005120910384068279	0.03575664459664196	NEU
LJP007_NEU_24H:C03	DB11800	Tivozanib	-0.2549900374051977	-1.4127554469953918	0.005164146071560309	0.03600185849350173	NEU
LJP007_NEU_24H:A17	DB12742	Amuvatinib	0.28512221989504016	1.4661421204757115	0.005169739789763915	0.03600185849350173	NEU
CPC013_NPC_24H:BRD-K64881305-001-01-1:10	DB06188	Ispinesib	-0.26310119425364925	-1.406994108420784	0.005175388154111558	0.03600185849350173	NPC
CPC016_NEU_24H:BRD-K47598052-001-06-7:10	DB01809	1-Ter-Butyl-3-P-Tolyl-1h-Pyrazolo[3,4-D]Pyrimidin-4-Ylamine	0.26877965634407114	1.4131939828146634	0.005269100489273617	0.03660810912784247	NEU
CPC017_NPC_24H:BRD-K74141488-003-03-9:10	DB00735	Naftifine	-0.2895550992386223	-1.4677762543160675	0.005285412262156448	0.03667576493852093	NPC
LJP007_NPC.CAS9_24H:D02	DB12494	SGI-1776	-0.2958999954701581	-1.4265203623454796	0.005299015897047691	0.036690480640762045	NPC.CAS9
NMH002_NEU_6H:BRD-A13946108-001-13-0:10	DB00605	Sulindac	0.2442931529914174	1.3994524823620782	0.005305039787798408	0.036690480640762045	NEU
NMH002_NEU_6H:BRD-K31342827-001-12-0:10	DB03777	Bisindolylmaleimide I	-0.28373679547304587	-1.446887587839287	0.005307262569832402	0.036690480640762045	NEU
LJP007_NPC.TAK_24H:B18	DB12200	Tivantinib	-0.2981148044591466	-1.44884280315646	0.005324543610547667	0.036764392083224545	NPC.TAK
NMH002_NPC_6H:BRD-K13927029-001-02-7:10	DB00162	Vitamin A	-0.2622638729979124	-1.400703916543926	0.0053388090349075976	0.03681732460537637	NPC
NMH002_NEU_6H:BRD-K79602928-003-15-7:10	DB00331	Metformin	0.3346177467053438	1.4717456600787395	0.005363460002282323	0.0369416584601643	NEU
CPC006_THP1_6H:BRD-A75409952:10	DB08059	Wortmannin	0.30691978887531496	1.4448915835409588	0.005376344086021506	0.03698473940309985	THP1
CPC016_NPC_24H:BRD-K86204871-001-02-2:10	DB00251	Terconazole	0.2774618823387249	1.454757006463349	0.0054070291378792434	0.03715001916284273	NPC
LJP009_NPC_24H:D02	DB11775	PF-03758309	-0.26973959007495185	-1.4218415760079837	0.005437737901033171	0.037315055042883225	NPC
LPROT003_NPC_6H:P05	DB00175	Pravastatin	-0.31083386054600315	-1.4434503942645904	0.0054636027639402215	0.0374464862653839	NPC
LJP007_JURKAT_24H:P05	DB09054	Idelalisib	0.28665390248117384	1.4234274869513108	0.005621486570893191	0.038481317274862724	JURKAT
CPC012_NEU_24H:BRD-A19500257:10	DB02424	Geldanamycin	-0.27215770125510985	-1.4464255132412838	0.005637467476149176	0.03854342040372089	NEU
CPC013_NPC_24H:BRD-K89839824-001-01-2:10	DB00293	Raltitrexed	-0.3239913327023974	-1.449642622794145	0.005650369003690037	0.038573592922067204	NPC
CPC006_THP1_6H:BRD-A58955223-001-01-2:10	DB12422	Sulforaphane	0.27911423875667113	1.4262660083012928	0.005655708731000354	0.038573592922067204	THP1
LJP009_NPC.CAS9_24H:B13	DB11805	Saracatinib	-0.25990741353851143	-1.4138600365261957	0.005681818181818182	0.03870435120435121	NPC.CAS9
LJP007_NPC.TAK_24H:B16	DB12200	Tivantinib	-0.2822211195360534	-1.415187353175603	0.0057047777513667694	0.03881335984740879	NPC.TAK
CPC018_NPC_24H:BRD-K97399794-001-10-4:10	DB04216	Quercetin	-0.26088719386809844	-1.3994542117862008	0.005758157389635317	0.03912881860752184	NPC
NMH002_NPC_24H:BRD-K45528773-001-04-9:10	DB02565	4-(dimethylamino)-N-[7-(hydroxyamino)-7-oxoheptyl]benzamide	-0.30460922902702015	-1.4312224959314348	0.005802047781569966	0.039369047330271044	NPC
CPC013_NEU_24H:BRD-K76908866-001-02-7:10	DB12302	CP-724714	-0.2862321484156055	-1.433508514962204	0.005807622504537205	0.039369047330271044	NEU
CPC017_NPC_24H:BRD-A95939040-008-03-3:10	DB01153	Sertaconazole	-0.242302100778667	-1.3484192236880392	0.005842259006815969	0.039555780338624134	NPC
LJP007_NPC.TAK_24H:I19	DB13005	Rebastinib	-0.23887887455302534	-1.3459135685707915	0.00585480093676815	0.0395926477893691	NPC.TAK
NMH002_NEU_6H:BRD-K53597484-001-01-9:10	DB08633	TNP-470	-0.28675051956474557	-1.4363787015185199	0.005878030859662013	0.03970161521314088	NEU
LJP007_JURKAT_24H:G13	DB01254	Dasatinib	-0.2986920213337199	-1.4379351806370433	0.005885703436491361	0.03970536816467389	JURKAT
LJP009_NPC_24H:K12	DB11962	GSK-1059615	0.30524399875876335	1.4606288922033037	0.005914972273567467	0.03984484863028422	NPC
LJP009_NPC.CAS9_24H:B21	DB16107	BI 2536	-0.29537032154241033	-1.4248546750544828	0.005920663114268798	0.03984484863028422	NPC.CAS9
LJP008_NPC.CAS9_24H:N09	DB02665	(1R,2S)-2-Phenylcyclopropanaminium	0.2821480859374129	1.428044859436263	0.005956320317670417	0.04003651934010031	NPC.CAS9
LJP009_NPC_24H:K20	DB12432	CC-401	-0.30305092379378695	-1.444632627576893	0.006027208541415533	0.04044659339954194	NPC
LJP008_NPC.CAS9_24H:L13	DB08756	Y-27632	-0.323082534399364	-1.4633642121788446	0.006031827515400411	0.04044659339954194	NPC.CAS9
CPC006_PL21_6H:BRD-K78126613-001-16-0:10	DB00170	Menadione	0.30619427509318636	1.4434694221133932	0.00605255388249188	0.04053685247349604	PL21
CPC006_U937_6H:BRD-A71390734-001-01-7:0.08	DB01177	Idarubicin	0.29751570689717416	1.410606827604331	0.006076048608388867	0.040600963147900355	U937
CPC006_NOMO1_6H:BRD-K50128260-001-01-6:160	DB00203	Sildenafil	-0.3196341104700695	-1.4515160706577803	0.006083465141744738	0.040600963147900355	NOMO1
CPC016_NPC_24H:BRD-K68264559-045-01-6:10	DB00484	Brimonidine	0.2963907617674392	1.427131779075437	0.006083958629081322	0.040600963147900355	NPC
CPC006_SKM1_6H:BRD-K88560311-011-02-2:10	DB12332	Rucaparib	-0.2814812109591053	-1.411599007357041	0.006112469437652812	0.040742493420149385	SKM1
NMH001_NEU_6H:BRD-A75409952-001-04-0:10	DB08059	Wortmannin	-0.26711267002686045	-1.4111061678744041	0.006162915326902465	0.04102971910356665	NEU
LJP008_NEU_24H:I10	DB11830	Mocetinostat	0.2913939005491222	1.416953010986036	0.006193868070610096	0.041186638815177264	NEU
LPROT001_NPC.TAK_6H:E06	DB16239	Molibresib	0.26679911860456007	1.3795398676106343	0.006218202374222725	0.0412992274354626	NPC.TAK
CPC014_NPC_24H:BRD-K83963101-001-01-0:10	DB13061	MLN8054	0.2677684345722638	1.3747754763115065	0.006235827664399093	0.041367042258837736	NPC
CPC016_NEU_24H:BRD-K88871508-001-01-9:10	DB00589	Lisuride	-0.2848921531323913	-1.4187827294804924	0.006248372819578235	0.04140103558245483	NEU
LJP007_NEU_24H:M04	DB07794	5-(2-PHENYLPYRAZOLO[1,5-A]PYRIDIN-3-YL)-1H-PYRAZOLO[3,4-C]PYRIDAZIN-3-AMINE	0.23422398043074474	1.3588758809108328	0.006329113924050633	0.041886271153355255	NEU
CPC006_THP1_6H:BRD-K01638814-051-10-1:10	DB11738	Rilmenidine	-0.29810520636917176	-1.4534643631534239	0.0063630940544839925	0.042061257973893595	THP1
LJP007_NEU_24H:H07	DB09053	Ibrutinib	0.282997602610673	1.4353687849942274	0.0063804104155888944	0.042125810306000516	NEU
LJP009_NEU_24H:E14	DB13113	JNJ-38877605	-0.2800284073527237	-1.4275221351381404	0.006401137980085348	0.0422127054265912	NEU
NMH002_NPC_24H:BRD-A93255169-001-21-8:10	DB01041	Thalidomide	0.23886989493982255	1.3780564318542143	0.00646551724137931	0.04258691935024223	NPC
CPC016_NEU_24H:BRD-K76775527-001-15-3:10	DB04743	Nimesulide	0.25998270444008725	1.3913735156497293	0.006527415143603133	0.04294392580915316	NEU
LJP009_NPC.CAS9_24H:F04	DB11962	GSK-1059615	0.27301676634393374	1.395811638525328	0.00655307994757536	0.043029246621830074	NPC.CAS9
DOSBIO001_NPC_24H:BRD-A75409952:1.11111	DB08059	Wortmannin	0.30893210965264517	1.431117873448459	0.006560449859418931	0.043029246621830074	NPC
LJP008_NEU_24H:I05	DB16239	Molibresib	0.28355585471206274	1.4421919673298673	0.006570941834996349	0.043029246621830074	NEU
LJP007_NPC.CAS9_24H:M01	DB07794	5-(2-PHENYLPYRAZOLO[1,5-A]PYRIDIN-3-YL)-1H-PYRAZOLO[3,4-C]PYRIDAZIN-3-AMINE	-0.2634689403831632	-1.3702769435149258	0.006578947368421052	0.043029246621830074	NPC.CAS9
KMS002_THP1_24H:BRD-K81418486-001-01-2:9.99	DB02546	Vorinostat	-0.240199601818322	-1.3262199603688922	0.006578947368421052	0.043029246621830074	THP1
LJP009_NPC.CAS9_24H:B07	DB12242	AZD-7762	-0.28926777430959805	-1.4074085972841772	0.006649616368286445	0.04344052660265817	NPC.CAS9
CPC006_THP1_6H:BRD-K58550667-001-01-2:0.08	DB12731	Daporinad	-0.29391745361147115	-1.4328336524623118	0.0066952789699570815	0.04368767412092463	THP1
CPC006_SKM1_6H:BRD-K62965247-001-01-5:10	DB04960	Tipifarnib	0.2802029734612025	1.4047719500002076	0.006748466257668712	0.04394881566055665	SKM1
NMH001_NPC_24H:BRD-A19037878-001-02-3:10	DB04297	Trichostatin A	-0.2899248263309784	-1.4206122978910034	0.006751054852320675	0.04394881566055665	NPC
AML001_HL60_6H:BRD-A45664787:0.37037	DB01088	Iloprost	0.2949472516207612	1.4324557623840133	0.006773618538324421	0.04400244817349221	HL60
LJP008_NEU_24H:C12	DB13877	Iniparib	-0.2695999767369783	-1.3823049212326988	0.006775067750677507	0.04400244817349221	NEU
LJP009_NPC.TAK_24H:E20	DB08901	Ponatinib	-0.2614979469688356	-1.3705613291797227	0.006818181818181818	0.04423097251585623	NPC.TAK
NMH002_NPC_6H:BRD-K87714311-001-01-9:10	DB03068	Zebularine	0.24004604986429479	1.4007058816220201	0.00684931506849315	0.0443061598416219	NPC
NMH002_NEU_24H:BRD-K61559475-001-07-7:10	DB14122	Dihydroxymethoxychalcone	0.28358127111136006	1.4426689990892518	0.006854531607006854	0.0443061598416219	NEU
AML001_HL60_6H:BRD-K19706299:0.37037	DB00374	Treprostinil	0.30118218960562715	1.4236960255130142	0.006856829402084476	0.0443061598416219	HL60
CPC015_NPC_24H:BRD-A29485665-001-03-7:10	DB02932	(R)-Bicalutamide	0.23372602821250724	1.4041756540920778	0.0068694798822374874	0.0443061598416219	NPC
CPC014_NPC_24H:BRD-K32610195-001-11-5:10	DB01536	Androstenedione	0.2508991663151022	1.3947087333258363	0.0068694798822374874	0.0443061598416219	NPC
DOSBIO002_NEU_24H:BRD-K81418486:1.11111	DB02546	Vorinostat	0.30134439102164856	1.4294225342862323	0.006900308698020701	0.04442581682240609	NEU
LJP007_NEU_24H:M24	DB12874	Quizartinib	-0.2944531444770946	-1.4443718625442115	0.006903958269407794	0.04442581682240609	NEU
LJP009_NPC_24H:B17	DB11805	Saracatinib	0.2754930457076545	1.4143943857480108	0.006928406466512702	0.044489702863227884	NPC
LJP008_NEU_24H:O03	DB07101	PD-0325901	0.31688898776358093	1.435600463508504	0.00692983541640886	0.044489702863227884	NEU
LJP009_NPC_24H:H08	DB08912	Dabrafenib	0.3224116094523253	1.4525241510191935	0.0070014810825366905	0.04480537732966697	NPC
LPROT002_NPC.TAK_6H:E22	DB06195	Seliciclib	-0.2711013352709574	-1.4065926034484013	0.0070144673388864535	0.04480537732966697	NPC.TAK
DOSBIO002_NEU_24H:BRD-A19500257:1.11111	DB02424	Geldanamycin	0.3066295078632389	1.4426398452561042	0.00702000702000702	0.04480537732966697	NEU
LJP007_NPC_24H:I10	DB06589	Pazopanib	-0.29275468616468203	-1.4185866236558748	0.007022106631989597	0.04480537732966697	NPC
LJP009_NPC_24H:L24	DB12588	AZD-1480	0.2961082299824587	1.43265616038574	0.007027132539527621	0.04480537732966697	NPC
LJP007_NPC.CAS9_24H:B07	DB07970	5-[(2-methyl-5-{[3-(trifluoromethyl)phenyl]carbamoyl}phenyl)amino]pyridine-3-carboxamide	0.2815001033850457	1.4334485081607657	0.007027192178429576	0.04480537732966697	NPC.CAS9
LJP008_NPC.CAS9_24H:L17	DB08756	Y-27632	0.3015105185771931	1.442733514351248	0.007052992756385818	0.044918546333192325	NPC.CAS9
CPC015_NPC_24H:BRD-A41519720-001-03-0:10	DB00973	Ezetimibe	-0.23716583121716917	-1.383410121947233	0.0070921985815602835	0.045065348390119386	NPC
CPC017_NPC_24H:BRD-K12184470-300-01-8:10	DB04841	Flunarizine	-0.24040788424345078	-1.3596202845578929	0.0070921985815602835	0.045065348390119386	NPC
LJP008_NPC.TAK_24H:M16	DB01262	Decitabine	-0.3076902503909529	-1.440284945161441	0.007103393843725336	0.04508513567024306	NPC.TAK
CPC015_NPC_24H:BRD-K63828191-003-11-5:10	DB00481	Raloxifene	-0.2930705386166074	-1.4166254699500416	0.00711864406779661	0.04513058551617873	NPC
CPC016_NEU_24H:BRD-K81418486:10	DB02546	Vorinostat	-0.3014871093662331	-1.4169815256869402	0.0071391258923907365	0.045209061695400586	NEU
LJP009_NPC.TAK_24H:K19	DB12432	CC-401	0.2720818304037395	1.4031215370457792	0.007168458781362007	0.04534334641861524	NPC.TAK
LJP007_NPC.CAS9_24H:I06	DB01268	Sunitinib	-0.2971011193135419	-1.4298125463694429	0.007231208372978116	0.045688461509450634	NPC.CAS9
LJP007_NEU_24H:D01	DB12494	SGI-1776	-0.2574067687410911	-1.4147644716719738	0.007271577616187164	0.04587727609980731	NEU
LJP007_NEU_24H:B18	DB12200	Tivantinib	-0.29901637552976384	-1.4399826067554393	0.007277538868673503	0.04587727609980731	NEU
CPC012_NEU_24H:BRD-A59985574-003-01-9:10	DB01030	Topotecan	-0.28845470316637284	-1.424930164980409	0.007289416846652268	0.045900289602114	NEU
NMH002_NPC_24H:BRD-A50287119-001-01-5:10	DB00877	Sirolimus	0.30397125241664014	1.4173909782957044	0.007321131447587354	0.046043661836992725	NPC
LJP009_NPC.TAK_24H:E14	DB13113	JNJ-38877605	0.2702537663428609	1.3823021512476716	0.007328691828508612	0.046043661836992725	NPC.TAK
CPC014_NPC_24H:BRD-M64432851-001-01-9:10	DB01268	Sunitinib	-0.27716020617896164	-1.4073481199669087	0.007352941176470588	0.04614404817044928	NPC
LPROT002_NPC.TAK_6H:K04	DB06803	Niclosamide	0.273302972954328	1.3634753944368176	0.007367990176013099	0.04618653617076076	NPC.TAK
NMH002_NEU_24H:BRD-K46018455-001-23-5:10	DB01393	Bezafibrate	0.286957905647156	1.416793114850931	0.007397572078907435	0.04627238696621013	NEU
CPC006_PL21_6H:BRD-A58280226-001-01-2:4	DB08756	Y-27632	-0.2416351257110408	-1.345445370378266	0.007398273736128237	0.04627238696621013	PL21
DOSBIO001_NEU_24H:BRD-A13084692:3.33333	DB08607	(5R)-5-(4-{[(2R)-6-HYDROXY-2,5,7,8-TETRAMETHYL-3,4-DIHYDRO-2H-CHROMEN-2-YL]METHOXY}BENZYL)-1,3-THIAZOLIDINE-2,4-DIONE	-0.25001530679336115	-1.332947954376946	0.007407407407407408	0.046277632615818506	NEU
CPC006_THP1_6H:BRD-A62025033-001-01-8:10	DB06287	Temsirolimus	0.30424197946142395	1.4510964576393421	0.007465963987703118	0.04659128980693031	THP1
CPC006_U937_6H:BRD-A79768653-001-02-1:10	DB00877	Sirolimus	0.2893162606829709	1.4023735043426047	0.0075464396284829725	0.04701471221353822	U937
AML001_HL60_24H:BRD-K93754473:0.49846	DB00675	Tamoxifen	0.2724938246007523	1.4781891047662374	0.007550668962776527	0.04701471221353822	HL60
LJP009_NPC_24H:I03	DB11798	Tanzisertib	-0.3118428968518302	-1.4345970905763903	0.007604037052398728	0.04729422822222129	NPC
CPC006_SKM1_6H:BRD-K44241590-001-03-3:11.1	DB07697	1-(2,3-dihydro-1,4-benzodioxin-6-ylsulfonyl)-4-[(4-methoxyphenyl)sulfonyl]piperazine	-0.31635071230173484	-1.462728558989342	0.007655851257746992	0.0475118932042015	SKM1
CPC016_NEU_24H:BRD-K92760278-001-02-4:10	DB00140	Riboflavin	-0.2579725910517069	-1.3758529736148266	0.0076560659599528855	0.0475118932042015	NEU
LJP007_NEU_24H:P22	DB11886	Infigratinib	-0.2599504929082374	-1.4130251855402136	0.0076882290562036056	0.04765847767173324	NEU
CPC014_NPC_24H:BRD-K22429181-001-08-4:10	DB00162	Vitamin A	0.24958822132533276	1.3743107766820621	0.007698887938408896	0.047666921087706905	NPC
CPC014_NEU_24H:BRD-K89085489-001-10-9:10	DB05076	Fenretinide	0.299479106635772	1.4463405435933594	0.0077066791219056515	0.047666921087706905	NEU
CPC016_NEU_24H:BRD-A19037878:10	DB04297	Trichostatin A	-0.30477430230205854	-1.4052111962608171	0.007716332904648172	0.0476737777132139	NEU
LJP009_NPC_24H:P24	DB09074	Olaparib	0.29696595853003754	1.4375834083666976	0.007730298475413356	0.047707229197268934	NPC
LJP007_NEU_24H:P12	DB07859	4-(4-CHLOROPHENYL)-4-[4-(1H-PYRAZOL-4-YL)PHENYL]PIPERIDINE	-0.2710280353576265	-1.409426633974895	0.007749627421758569	0.04777367003976912	NEU
CPC006_WSUDLCL2_6H:BRD-A34255068-001-16-2:10	DB04149	(R)-Rolipram	0.2828565961527294	1.4131800029384969	0.0077685507634610235	0.04783746656661043	WSUDLCL2
NMH002_NPC_24H:BRD-K43164539-001-09-9:10	DB02659	Cholic Acid	0.23746221067875647	1.3634462902471378	0.00778642936596218	0.04789469617718082	NPC
NMH002_NPC_6H:BRD-K12184916-001-08-9:10	DB11651	Dactolisib	0.3115071306859652	1.4477525601912677	0.007818138080346404	0.047996127086618115	NPC
CPC015_NPC_24H:BRD-A71816415-236-03-5:10	DB00175	Pravastatin	-0.2627950047637664	-1.3931883232894635	0.007831821929101401	0.047996127086618115	NPC
CPC006_NOMO1_6H:BRD-K92991072-001-02-3:10	DB13048	PAC-1	-0.3299125303773738	-1.4249370411951254	0.007840189023735367	0.047996127086618115	NOMO1
LJP007_NPC_24H:N14	DB09330	Osimertinib	0.31135925928900915	1.4311346748741094	0.00784145993726832	0.047996127086618115	NPC
CPC013_NPC_24H:BRD-K19416115-001-02-0:10	DB01261	Sitagliptin	-0.24803728953674412	-1.349510855512024	0.007845934379457917	0.047996127086618115	NPC
CPC017_NPC_24H:BRD-A77291778-003-15-4:10	DB00979	Cyclopentolate	0.2730457223765412	1.417929514734359	0.007882479398065209	0.04816687027580044	NPC
CPC006_NOMO1_6H:BRD-K02113016-001-01-4:44.4	DB09074	Olaparib	-0.2660318003041471	-1.3968728600901028	0.007896625987078248	0.04820052120559031	NOMO1
LPROT002_NPC.TAK_6H:K02	DB06803	Niclosamide	0.30274689696844037	1.4173664727012114	0.0079155672823219	0.04826333318915178	NPC.TAK
LJP008_NEU_24H:D22	DB13978	Selisistat	-0.27336486341388283	-1.4355651520471777	0.007941550190597205	0.04833048398280823	NEU
CPC015_NPC_24H:BRD-K90333595-003-14-9:10	DB00692	Phentolamine	0.2768786190893139	1.4087658471208657	0.007952871870397643	0.04833048398280823	NPC
LJP008_NPC_24H:K12	DB11962	GSK-1059615	0.2908805505416581	1.4147775520828267	0.007960808328230252	0.04833048398280823	NPC
CPC006_PL21_6H:BRD-K13049116-001-01-6:10	DB15399	BMS-754807	-0.2725349705332758	-1.3878280785019241	0.007961232260297681	0.04833048398280823	PL21
LJP007_NEU_24H:D11	DB08875	Cabozantinib	0.2787851830874706	1.4106329261839141	0.008047210300429184	0.04879933289792872	NEU
CPC015_NPC_24H:BRD-A87606379-001-13-3:10	DB01203	Nadolol	0.26609534966615855	1.4216229006543337	0.008056872037914692	0.04880487415800876	NPC
CPC015_NPC_24H:BRD-K66296774-001-02-0:10	DB01095	Fluvastatin	0.3147770557728142	1.4311303792907415	0.008109619686800894	0.04897747421018697	NPC
NMH001_NEU_24H:BRD-A19037878-001-02-3:10	DB04297	Trichostatin A	-0.3045129185777303	-1.414669196096291	0.008109673682178027	0.04897747421018697	NEU
DOSBIO001_NEU_24H:BRD-A19037878:0.37037	DB04297	Trichostatin A	-0.323009079163692	-1.425896354314538	0.008111702127659574	0.04897747421018697	NEU
CPC018_NPC_24H:BRD-A09533288-003-20-5:10	DB14063	Dexverapamil	0.24825631226692932	1.3649740166507582	0.0081374321880651	0.049079712624016426	NPC
CPC016_NEU_24H:BRD-A78377521-001-03-0:10	DB04331	Monastrol	-0.32914520202784064	-1.435778585539385	0.008170515097690942	0.04922602994602351	NEU
CPC018_NPC_24H:BRD-A64290322-001-01-6:10	DB00091	Cyclosporine	-0.262648773132092	-1.3870517358017436	0.008204193254329991	0.04937561398695471	NPC
CPC013_NPC_24H:BRD-K89162000-001-02-3:10	DB05465	Tandutinib	0.2687768003279333	1.375766798870303	0.008224617129892229	0.04944519285309132	NPC
LJP009_NPC_24H:B16	DB11805	Saracatinib	0.31801112636793766	1.4370497704844636	0.008246907409721355	0.04945651611835641	NPC
NMH002_NEU_24H:BRD-K04923131-001-11-3:10	DB03444	6-bromoindirubin-3'-oxime	-0.2979789166487484	-1.41375375257046	0.008248968878890138	0.04945651611835641	NEU
CPC006_SKM1_6H:BRD-K04430056-001-09-4:80	DB02207	7-Nitroindazole	-0.31182920381177354	-1.442856330865329	0.008253094910591471	0.04945651611835641	SKM1
AML001_HL60_24H:BRD-A75409952:10	DB08059	Wortmannin	-0.2774889217658742	-1.3938427508139812	0.008306538049303322	0.049723364567664415	HL60
CPC016_NPC_24H:BRD-K94441233-001-03-1:10	DB06693	Mevastatin	-0.2603092020618222	-1.4035993089294276	0.008339124391938846	0.049864924954583945	NPC
LJP009_NPC.TAK_24H:I05	DB11798	Tanzisertib	-0.29679838556644184	-1.4260704588892992	0.008357496162374212	0.049882063421778665	NPC.TAK
NMH002_NEU_24H:BRD-A73908300-001-03-4:10	DB13978	Selisistat	0.2610262277275591	1.395440589425665	0.008359872611464968	0.049882063421778665	NEU
CPC018_NPC_24H:BRD-K59256312-066-04-1:10	DB12831	Gabexate	-0.2743662119645172	-1.3888430273610446	0.008373732921992068	0.04988723454441403	NPC
CPC013_NPC_24H:BRD-K81418486:10	DB02546	Vorinostat	-0.29935251300902427	-1.4166922178345802	0.008378623188405798	0.04988723454441403	NPC
CPC015_NPC_24H:BRD-K19227686-001-12-9:10	DB04824	Phenolphthalein	0.3062006796976332	1.4409803329960902	0.008418098912662224	0.05006884204023726	NPC
NMH001_NPC_6H:BRD-K13296708-001-01-7:10	DB06155	Rimonabant	-0.24568315323426176	-1.350010397869493	0.008438818565400843	0.05013783636228833	NPC
CPC017_NPC_24H:BRD-K95785537-001-09-0:10	DB03023	1-Tert-Butyl-3-(4-Chloro-Phenyl)-1h-Pyrazolo[3,4-D]Pyrimidin-4-Ylamine	-0.24552454311689967	-1.3492614328623447	0.008454106280193236	0.05013783636228833	NPC
DOSBIO002_NPC_24H:BRD-K81418486:10	DB02546	Vorinostat	-0.29547299618772743	-1.4104530264727817	0.008456659619450317	0.05013783636228833	NPC
LJP009_NPC_24H:B19	DB16107	BI 2536	0.2916409426055763	1.4200735532638304	0.008579409417398244	0.05081159781280765	NPC
LJP007_NPC_24H:K11	DB11962	GSK-1059615	0.2817623554786683	1.4111693828168383	0.0086104513064133	0.050921034592722625	NPC
NMH001_NPC_6H:BRD-K48300629-001-10-3:10	DB00909	Zonisamide	0.2975922357789868	1.4254502984090853	0.008616142078424477	0.050921034592722625	NPC
LJP007_NEU_24H:P04	DB09054	Idelalisib	0.24638618326674366	1.391792683471594	0.00862895493767977	0.05094279322467242	NEU
LJP007_NEU_24H:B03	DB00877	Sirolimus	-0.2502644326560938	-1.4116290599564303	0.008674101610904586	0.05115519332688867	NEU
NMH001_NPC_24H:BRD-K88611939-001-18-2:10	DB04599	Aniracetam	-0.25783926191795153	-1.371985537023753	0.00869167429094236	0.05120469996744185	NPC
CPC018_NPC_24H:BRD-A02006392-001-09-9:10	DB01054	Nitrendipine	-0.2812719812160384	-1.41079023597646	0.008722421754746024	0.05133163604401694	NPC
LJP007_NEU_24H:M23	DB12874	Quizartinib	-0.24872092976775267	-1.4061997279371437	0.008746355685131196	0.051382393243030754	NEU
LJP007_NPC.CAS9_24H:P10	DB07859	4-(4-CHLOROPHENYL)-4-[4-(1H-PYRAZOL-4-YL)PHENYL]PIPERIDINE	-0.29269558562444026	-1.4032461537151872	0.008749466495945369	0.051382393243030754	NPC.CAS9
LJP007_NPC.TAK_24H:K10	DB11962	GSK-1059615	0.29101324366095715	1.4071281718209547	0.008771929824561403	0.051460143523899125	NPC.TAK
CPC016_NEU_24H:BRD-K97158071-001-08-2:10	DB00450	Droperidol	-0.3181300941629739	-1.4280246256198046	0.008808416931734769	0.051619913930828015	NEU
CPC014_NEU_24H:BRD-K86465814-001-03-7:10	DB06926	(9Z,11E,13S)-13-hydroxyoctadeca-9,11-dienoic acid	-0.290946661771881	-1.4229974690962315	0.008847647820457489	0.051698095723486076	NEU
LJP009_NPC.TAK_24H:E17	DB13113	JNJ-38877605	-0.2748553042196902	-1.405343855536173	0.008849557522123894	0.051698095723486076	NPC.TAK
LJP007_NPC_24H:D22	DB06616	Bosutinib	-0.2912204147882162	-1.400049265551267	0.008849557522123894	0.051698095723486076	NPC
LJP009_NEU_24H:L23	DB12588	AZD-1480	-0.25390100806218135	-1.3702604008322197	0.008896797153024912	0.0519196980300481	NEU
CPC006_WSUDLCL2_6H:BRD-K52836380-001-01-7:22.2	DB07403	4-[(3-CHLORO-4-{[(2R)-3,3,3-TRIFLUORO-2-HYDROXY-2-METHYLPROPANOYL]AMINO}PHENYL)SULFONYL]-N,N-DIMETHYLBENZAMIDE	-0.299652402656944	-1.4218559584530381	0.00909090909090909	0.05294173467451129	WSUDLCL2
NMH002_NEU_24H:BRD-K13927029-001-02-7:10	DB00162	Vitamin A	0.22699319601964393	1.2981615768447743	0.00909090909090909	0.05294173467451129	NEU
CPC014_NEU_24H:BRD-K65331431-001-04-7:10	DB12112	Zuretinol acetate	-0.2951368072096645	-1.4118478501051077	0.009193054136874362	0.05348076019772895	NEU
LPROT003_NPC_6H:N13	DB11648	Afuresertib	0.30406434894358436	1.4224010613224618	0.009216589861751152	0.05356182795698925	NPC
NMH002_NPC_6H:BRD-A08027849-236-01-7:10	DB03619	Deoxycholic acid	-0.29558280755398675	-1.4148493527379893	0.009242618741976894	0.05365720079239239	NPC
NMH002_NPC_6H:BRD-K30984264-003-10-0:10	DB07919	Harmine	-0.291441128904069	-1.4106000138548576	0.009262988320579944	0.0537195549277708	NPC
NMH002_NPC_24H:BRD-K58550667-001-04-6:10	DB12731	Daporinad	0.3028163025016973	1.413002431496736	0.0093603744149766	0.05418861796198735	NPC
LJP009_NPC.CAS9_24H:I21	DB11363	Alectinib	0.25071366171614995	1.3578246767122586	0.009363295880149813	0.05418861796198735	NPC.CAS9
CPC006_NOMO1_6H:BRD-K52836380-001-01-7:22.2	DB07403	4-[(3-CHLORO-4-{[(2R)-3,3,3-TRIFLUORO-2-HYDROXY-2-METHYLPROPANOYL]AMINO}PHENYL)SULFONYL]-N,N-DIMETHYLBENZAMIDE	-0.3033920136323904	-1.4173134643848195	0.00937580272283586	0.0542047703530583	NOMO1
CPC006_THP1_6H:BRD-K78659596-001-01-3:10	DB09570	Ixazomib	0.30858809094115025	1.423244499028603	0.009412332569084107	0.0543596308518843	THP1
CPC006_WSUDLCL2_6H:BRD-K19216856-001-02-7:88.8	DB12116	Epigallocatechin gallate	0.276883964169227	1.3801790314789435	0.009454029780193808	0.05452411890695459	WSUDLCL2
CPC006_U937_6H:BRD-K98530306-003-07-6:10	DB00575	Clonidine	-0.3081507302210668	-1.4193643817768993	0.009460359760159893	0.05452411890695459	U937
LJP007_NPC_24H:K12	DB11962	GSK-1059615	0.32412440080941574	1.4150723577487203	0.009528346831824679	0.05485030181644467	NPC
LPROT002_NPC.TAK_6H:I08	DB09074	Olaparib	-0.3162138657335492	-1.4159022891850854	0.009536618168480254	0.05485030181644467	NPC.TAK
CPC016_NPC_24H:BRD-K90027355-001-03-4:10	DB00421	Spironolactone	-0.2652856565893489	-1.358649381765068	0.009554140127388535	0.054894487920392004	NPC
NMH002_NPC_6H:BRD-K31342827-001-12-0:10	DB03777	Bisindolylmaleimide I	-0.23071880177274304	-1.322900959328312	0.009594882729211088	0.05507186290768381	NPC
NMH001_NEU_6H:BRD-K60511616-001-01-2:10	DB00175	Pravastatin	0.29436773943829175	1.3995906096912754	0.009607522485690924	0.055087736842414865	NEU
LJP007_NPC.TAK_24H:D08	DB08875	Cabozantinib	-0.292667867204415	-1.412554327326658	0.00966378095429837	0.05535342294048316	NPC.TAK
CPC016_NPC_24H:BRD-K35189033-001-03-0:10	DB09389	Norgestrel	-0.28405305391940566	-1.4339079783947406	0.009745127436281859	0.05576211894052973	NPC
NMH002_NPC_6H:BRD-K76773351-001-03-5:10	DB04769	5-QUINOXALIN-6-YLMETHYLENE-THIAZOLIDINE-2,4-DIONE	0.3113658306510207	1.4189619103785853	0.009790949986768986	0.055940406086575405	NPC
LJP009_NPC.CAS9_24H:E12	DB01782	Pyrazolanthrone	-0.2839736049949132	-1.3921601817826457	0.00979633926269657	0.055940406086575405	NPC.CAS9
CPC006_SKM1_6H:BRD-K56851771-001-02-7:0.25	DB08899	Enzalutamide	-0.2671380267053963	-1.3779811526201213	0.009812286689419795	0.055974179386782244	SKM1
LJP008_NEU_24H:G11	DB02546	Vorinostat	0.2739526248005079	1.392664512131816	0.00998003992015968	0.05684373004045135	NEU
CPC006_PL21_6H:BRD-K98548675-001-02-6:10	DB13063	Parthenolide	0.307718860958476	1.4221956130070255	0.009985096870342772	0.05684373004045135	PL21
AML001_HL60_6H:BRD-K71879491:1.11111	DB00982	Isotretinoin	0.30151197051110606	1.4032309146262787	0.010012083549110996	0.05693926006166183	HL60
LJP008_NPC.CAS9_24H:J11	DB05223	Pracinostat	-0.30437294311874274	-1.410823027142225	0.010147918816649467	0.05765299295120914	NPC.CAS9
CPC012_NEU_24H:BRD-K89626439-001-01-0:10	DB00877	Sirolimus	-0.2719805962493017	-1.4138242401958336	0.01023502653525398	0.058088721302321414	NEU
LJP007_NPC_24H:A17	DB12742	Amuvatinib	0.25847150283116327	1.366488530616612	0.010280373831775701	0.058286794316541296	NPC
CPC018_NPC_24H:BRD-A97437073-001-03-1:10	DB00412	Rosiglitazone	0.26956538909088773	1.3893590320914435	0.010364004044489384	0.058701298034727185	NPC
NMH001_NPC_24H:BRD-A33749298-002-01-7:10	DB03585	Oxyphenbutazone	0.2812852219425851	1.3760247919196085	0.010421715947649055	0.05896830960642402	NPC
LJP008_NEU_24H:G24	DB00928	Azacitidine	-0.3138758800494283	-1.4360262739182539	0.010446685878962535	0.05902537770316975	NEU
LJP007_NPC.TAK_24H:M18	DB07460	2-({5-CHLORO-2-[(2-METHOXY-4-MORPHOLIN-4-YLPHENYL)AMINO]PYRIMIDIN-4-YL}AMINO)-N-METHYLBENZAMIDE	0.27899924372131063	1.38981438812732	0.010452961672473868	0.05902537770316975	NPC.TAK
NMH002_NEU_24H:BRD-A75409952-001-04-0:10	DB08059	Wortmannin	-0.28265062872467606	-1.3938460222283497	0.0104675505931612	0.05904799267871217	NEU
LJP007_NPC_24H:I15	DB11526	Masitinib	-0.31529533922684577	-1.4100902781154312	0.010538200978547234	0.05938648814072224	NPC
CPC006_U937_6H:BRD-K81651477-001-03-5:20	DB13063	Parthenolide	0.3083386145834391	1.4033199959157767	0.010556127703398558	0.05942748381156464	U937
NMH002_NEU_6H:BRD-K30984264-003-10-0:10	DB07919	Harmine	-0.2867811475521087	-1.379869378077128	0.010599078341013824	0.059609131113423516	NEU
CPC006_NOMO1_6H:BRD-K27316855-001-02-6:1	DB00136	Calcitriol	-0.23522724982575965	-1.328619821242531	0.010622154779969651	0.0596787527869594	NOMO1
NMH002_NEU_24H:BRD-K75516118-001-02-5:10	DB04149	(R)-Rolipram	0.29283626267172863	1.4070538477935775	0.0106951871657754	0.06002862092340137	NEU
AML001_HL60_24H:BRD-A45664787:0.37037	DB01088	Iloprost	0.26432788405495994	1.3355803802905795	0.010707911957168352	0.06003963900406255	HL60
LJP007_NEU_24H:D02	DB12494	SGI-1776	0.23445626994774724	1.3878112959136126	0.010740531373657434	0.06014101535559629	NEU
LJP007_JURKAT_24H:O05	DB07101	PD-0325901	-0.28455737559761035	-1.397788049681489	0.010747551946501075	0.06014101535559629	JURKAT
NMH002_NEU_6H:BRD-K08316444-001-06-8:10	DB11457	Rotenone	0.2703961737896002	1.4052645287675845	0.010770311402481855	0.06017871319595458	NEU
LJP009_NEU_24H:D16	DB16108	TAK-715	0.2674653641949737	1.3907624051065741	0.010775862068965518	0.06017871319595458	NEU
CPC016_NPC_24H:BRD-A90311807-236-01-4:10	DB01597	Cilastatin	-0.2576216441968759	-1.3550231208875612	0.01080773606370876	0.06029635949943117	NPC
LJP007_NPC_24H:F15	DB12247	AZD-4547	0.29904038570189007	1.398948067586165	0.010860755389852489	0.06053162269728975	NPC
LPROT002_NPC.TAK_6H:A22	DB11763	Momelotinib	-0.25738410301150294	-1.3363616564633813	0.010877447425670777	0.060558661522237864	NPC.TAK
LJP007_NPC.CAS9_24H:G16	DB01254	Dasatinib	-0.26379727342781745	-1.3525844345846496	0.010887316276537834	0.060558661522237864	NPC.CAS9
LJP007_JURKAT_24H:P14	DB05294	Vandetanib	0.2929320185979777	1.4075586981261572	0.010924981791697014	0.060707642844499636	JURKAT
LJP009_NPC.CAS9_24H:L11	DB05984	RAF-265	-0.300412518992496	-1.4048491454795722	0.010941299062174366	0.060737818375990835	NPC.CAS9
LPROT003_NPC_6H:P07	DB02546	Vorinostat	0.2932399971187395	1.394631712688196	0.010953409441530391	0.06074460365238375	NPC
LJP009_NPC_24H:D14	DB16108	TAK-715	0.2830290286900412	1.391515606294072	0.011018159559273618	0.06102047742020924	NPC
LJP007_JURKAT_24H:M10	DB05575	Motesanib	-0.27998456754697865	-1.3976582335933265	0.01102502979737783	0.06102047742020924	JURKAT
CPC016_NEU_24H:BRD-K76810206-001-06-5:10	DB00699	Nicergoline	-0.28402781216375084	-1.4048540540543188	0.011057692307692308	0.06114059998475261	NEU
LJP007_JURKAT_24H:I22	DB13005	Rebastinib	0.2851799446477903	1.3683906066152498	0.011115954664341761	0.06140189215085415	JURKAT
LJP007_NEU_24H:J20	DB03044	Doramapimod	-0.2998046860918125	-1.4061318791386181	0.011168232582875377	0.06162964350134691	NEU
CPC006_SKM1_6H:BRD-K12502280-001-01-5:11.1	DB12500	Fedratinib	0.28853924267118464	1.391059228461827	0.011186954872961698	0.06167195774333331	SKM1
NMH002_NEU_6H:BRD-K39965020-001-06-7:10	DB03756	Doconexent	-0.251920238677744	-1.3447242270252817	0.011214953271028037	0.06176527571477336	NEU
NMH002_NEU_6H:BRD-K59773493-001-01-9:10	DB01924	Benzhydroxamic Acid	0.2729644924567299	1.3789628173919897	0.011256464861575905	0.06188838024035901	NEU
NMH002_NEU_6H:BRD-K97808269-001-01-9:10	DB04382	2-Deoxy-alpha-D-galactopyranose	0.27712429132665223	1.3890236137817173	0.01125949201361613	0.06188838024035901	NEU
LJP008_NPC.TAK_24H:L21	DB05015	Belinostat	-0.30622289057209745	-1.4071196119235778	0.011279520620373634	0.061937446398685536	NPC.TAK
CPC006_THP1_6H:BRD-K47335880-001-01-3:0.08	DB12980	CHS-828	-0.30473544715893713	-1.421850540198016	0.011317152986092174	0.062071550638749626	THP1
NMH002_NEU_6H:BRD-K81473043-001-07-0:10	DB05134	Tanespimycin	-0.2725035087859199	-1.390293651539666	0.011326194398682043	0.062071550638749626	NEU
LJP007_NEU_24H:O06	DB07101	PD-0325901	0.22738204409973642	1.3439480184790324	0.011389521640091117	0.062338291162813794	NEU
LJP009_NEU_24H:H18	DB07138	Neflamapimod	-0.26232325597460354	-1.3761441145150997	0.011397214014352047	0.062338291162813794	NEU
CPC017_NPC_24H:BRD-K81272440-236-06-9:10	DB01219	Dantrolene	-0.2704086247703973	-1.3675282261821644	0.011432926829268292	0.06242841465588281	NPC
NMH002_NEU_24H:BRD-K81418486-001-22-8:10	DB02546	Vorinostat	-0.29769259982610435	-1.40721247100694	0.011440760131859608	0.06242841465588281	NEU
CPC006_SKM1_6H:BRD-K98548675-001-02-6:10	DB13063	Parthenolide	0.312696998568387	1.415496459779385	0.011447260834014717	0.06242841465588281	SKM1
NMH002_NPC_6H:BRD-A91699651-001-02-4:10	DB00608	Chloroquine	0.2586887188589506	1.3965991348999856	0.011467889908256881	0.06247984159977065	NPC
CPC014_NPC_24H:BRD-K48722833-001-01-9:10	DB04946	Iloperidone	0.252428004063189	1.3449626110174622	0.011494252873563218	0.06256237734791141	NPC
LJP008_NPC_24H:F06	DB12376	Ricolinostat	-0.3021589195439802	-1.4188868420612926	0.01165660998354361	0.06338423693780681	NPC
KHW001_SKM1_6H:BRD-K81651477-001-01-9:10	DB13063	Parthenolide	0.28728441536749544	1.4131203484011259	0.011746280344557557	0.06380963782111647	SKM1
LJP007_NPC.TAK_24H:E12	DB05913	OSI-930	0.27837910939821514	1.3832396620466123	0.011805213969503197	0.0640298251442294	NPC.TAK
LJP008_NEU_24H:G13	DB01254	Dasatinib	-0.27910409587336277	-1.3767226137173703	0.011809766996488988	0.0640298251442294	NEU
LJP007_NEU_24H:O04	DB07101	PD-0325901	0.2443468461138752	1.3856290280997148	0.011828644501278773	0.06406991036178085	NEU
CPC016_NEU_24H:BRD-K64994968-001-03-6:10	DB00396	Progesterone	0.3114824171730756	1.4039561416788549	0.011889862327909888	0.06433903193735137	NEU
CPC014_NPC_24H:BRD-K16478699-001-02-7:10	DB06999	PLX-4720	-0.28873620461999555	-1.3768125036869914	0.012027853977632412	0.06502267184225895	NPC
CPC014_NEU_24H:BRD-K38615104-001-06-8:10	DB08073	(2S)-1-(1H-INDOL-3-YL)-3-{[5-(3-METHYL-1H-INDAZOL-5-YL)PYRIDIN-3-YL]OXY}PROPAN-2-AMINE	-0.2455029575561046	-1.3472283752980858	0.012048192771084338	0.06506957160685337	NEU
CPC014_NPC_24H:BRD-K77286328-001-02-9:10	DB07340	Reversine	-0.2972785972584155	-1.3979973915581658	0.012086874409820585	0.06521535041817121	NPC
LJP007_NEU_24H:I19	DB13005	Rebastinib	-0.244344949394992	-1.3879455628110426	0.012108980827447022	0.06527150148437386	NEU
CPC016_NEU_24H:BRD-A94669766-001-04-2:10	DB03467	Naringenin	-0.28046013926224683	-1.3796048614735292	0.012180267965895249	0.06559238897850347	NEU
LPROT003_NPC_6H:F01	DB07101	PD-0325901	-0.2619507038399511	-1.3637452357220468	0.012205387205387205	0.06566427697093079	NPC
CPC018_NPC_24H:BRD-A61793559-001-08-1:10	DB00524	Metolazone	-0.2722412349935298	-1.383498514361412	0.012280701754385965	0.06600581415001859	NPC
AML001_HL60_24H:BRD-A45664787:3.33333	DB01088	Iloprost	-0.2075611954449107	-1.3508887679549293	0.012335526315789474	0.06623667114127957	HL60
CPC006_NOMO1_6H:BRD-K87142802-001-02-7:10	DB07232	Veliparib	-0.27401512554582497	-1.3735241199919435	0.012378193310508295	0.0663393271959306	NOMO1
CPC016_NPC_24H:BRD-K87990216-001-03-7:10	DB02925	Piretanide	0.3106132052358089	1.4070038361603008	0.01237842617152962	0.0663393271959306	NPC
LJP007_NPC_24H:K22	DB01590	Everolimus	0.3110827459212732	1.4047060113991452	0.01244432800628766	0.06662850858644803	NPC
LJP007_NPC.TAK_24H:F03	DB12848	PF-04217903	0.2661454319626665	1.3589367539706645	0.0125	0.06686241610738256	NPC.TAK
LJP009_NPC.CAS9_24H:K10	DB11962	GSK-1059615	0.29764929288640274	1.3882734418115206	0.012603750384260683	0.06735280018562294	NPC.CAS9
NMH002_NEU_6H:BRD-K28912512-001-19-0:10	DB02701	Nicotinamide	0.25986702975306913	1.3836125562842152	0.012735166425470333	0.06798994592124305	NEU
LJP007_NPC.TAK_24H:M11	DB05575	Motesanib	0.2719876695218895	1.3772253140062287	0.012784454103809767	0.06818782929747103	NPC.TAK
CPC006_NOMO1_6H:BRD-K16406336-311-01-2:10	DB08167	Methylthioninium	-0.2692899122100581	-1.3647694982192322	0.012834697942022572	0.06835588261502361	NOMO1
LJP008_NPC.CAS9_24H:P17	DB11662	Rabusertib	0.2661683664032752	1.3596014265836027	0.012840466926070038	0.06835588261502361	NPC.CAS9
LJP007_NEU_24H:F06	DB12848	PF-04217903	0.250309422408905	1.3799286682558434	0.012863913337846988	0.06841541707516526	NEU
LJP007_NPC_24H:F05	DB12848	PF-04217903	-0.2989483776317374	-1.411389727676668	0.012916791829378192	0.0686312205867628	NPC
LJP009_NEU_24H:N10	DB08896	Regorafenib	0.25569205893512315	1.3457301804486075	0.012967581047381545	0.06883552299081032	NEU
CPC006_THP1_6H:BRD-K08316444-001-04-3:0.63	DB11457	Rotenone	0.30203103376525187	1.3958249154708755	0.013017265004110715	0.0689159642758615	THP1
NMH001_NPC_24H:BRD-K67097529-001-01-1:10	DB04466	SR12813	0.30669496087286696	1.4000042873214498	0.013022618231665525	0.0689159642758615	NPC
DOSBIO001_NEU_24H:BRD-K81418486:10	DB02546	Vorinostat	-0.28852868552205163	-1.4090534123081053	0.013023442195952716	0.0689159642758615	NEU
NMH002_NPC_24H:BRD-A48430263-001-05-1:10	DB01132	Pioglitazone	0.24182637648939248	1.335088896814527	0.013032145960034752	0.0689159642758615	NPC
LJP007_NEU_24H:L09	DB11836	Sapanisertib	0.3081901688204657	1.4067536048012728	0.013099902056807052	0.06920866815807437	NEU
LJP007_NEU_24H:P23	DB11886	Infigratinib	0.25760556877556556	1.3838139574989385	0.013128402177393531	0.06929361943962016	NEU
CPC006_PL21_6H:BRD-K02113016-001-01-4:44.4	DB09074	Olaparib	-0.30912030410860436	-1.4006650743336024	0.013157894736842105	0.06935556528996077	PL21
LJP008_NPC.CAS9_24H:J12	DB05223	Pracinostat	-0.2826596629105185	-1.3681689520693459	0.013177470775770457	0.06935556528996077	NPC.CAS9
NMH002_NPC_6H:BRD-K93754473-048-14-5:10	DB00675	Tamoxifen	0.30250626177209344	1.4075651337001225	0.013180800795821936	0.06935556528996077	NPC
CPC015_NPC_24H:BRD-A39290993-001-03-2:10	DB04839	Cyproterone acetate	0.25785789416437227	1.3702204450652669	0.013189864630336688	0.06935556528996077	NPC
CPC006_SKM1_6H:BRD-K57080016-001-04-3:80	DB11689	Selumetinib	0.2977931341074086	1.3829589018526542	0.013220018885741265	0.06944866795061254	SKM1
LJP008_NPC.CAS9_24H:A20	DB11740	MK-1775	-0.24352587200413542	-1.3149374776937977	0.013250883392226149	0.06954532309052652	NPC.CAS9
LJP009_NEU_24H:E08	DB01782	Pyrazolanthrone	0.2531741573495456	1.3567561791125287	0.01330166270783848	0.06972667549594115	NEU
LJP009_NEU_24H:L22	DB12588	AZD-1480	-0.266673599479086	-1.34410330690901	0.013310433662516101	0.06972667549594115	NEU
NMH001_NEU_24H:BRD-A47564106-001-07-5:10	DB12161	Deutetrabenazine	-0.25582807200515845	-1.34603304987277	0.013328656611715188	0.06975663718270078	NEU
CPC015_NPC_24H:BRD-K97309399-001-05-2:10	DB01623	Thiothixene	0.25215236399534113	1.342355493462268	0.013361838588989846	0.06986475865789536	NPC
CPC006_SKM1_6H:BRD-K06980535-003-15-0:10	DB00420	Promazine	-0.28162819506988324	-1.3783552787348856	0.0134185303514377	0.07009548766916752	SKM1
CPC015_NPC_24H:BRD-K33818169-003-01-2:10	DB03791	GW-3965	-0.2621574618775845	-1.3184105072358518	0.013438735177865613	0.07013536347737348	NPC
CPC006_THP1_6H:BRD-A01145011-001-01-4:11.1	DB03068	Zebularine	-0.28348936333122277	-1.3827171160478573	0.013470958712386284	0.07023783052000288	THP1
NMH002_NEU_24H:BRD-K26657438-001-10-3:10	DB00724	Imiquimod	0.2517162864243745	1.3574102517408613	0.01348747591522158	0.0702378611441507	NEU
LPROT002_NPC.TAK_6H:A12	DB00162	Vitamin A	-0.2528121344704014	-1.3170387315728274	0.013496143958868894	0.0702378611441507	NPC.TAK
NMH001_NEU_24H:BRD-K32814891-001-01-1:10	DB12395	Esreboxetine	-0.2682137948546771	-1.3673543120518548	0.013615295480880649	0.070730773902819	NEU
LJP007_JURKAT_24H:P02	DB09054	Idelalisib	0.2943466112868332	1.3901134462534706	0.013616212792906902	0.070730773902819	JURKAT
CPC006_NOMO1_6H:BRD-K62965247-001-01-5:10	DB04960	Tipifarnib	-0.27843519547490514	-1.3638167467609013	0.013637332196888983	0.07077458262924989	NOMO1
CPC017_NPC_24H:BRD-K91509126-001-04-6:10	DB08399	Piceatannol	-0.2431798462818378	-1.34407811718116	0.013666536509176102	0.07086022972555156	NPC
LJP007_NEU_24H:D22	DB06616	Bosutinib	-0.2993562242520802	-1.3903991569821184	0.0136986301369863	0.07096068480431436	NEU
NMH002_NEU_24H:BRD-K65331431-001-05-4:10	DB12112	Zuretinol acetate	0.2725628418306554	1.3623343468032814	0.013748378728923476	0.07115232368150656	NEU
CPC014_NEU_24H:BRD-K07265709-003-01-5:10	DB00380	Dexrazoxane	0.24381819960658246	1.3305961111819158	0.013772455089820359	0.07121086834671714	NEU
LJP009_NPC.CAS9_24H:E07	DB01782	Pyrazolanthrone	-0.2876144645262553	-1.382252921691014	0.013818819916648387	0.07138444103239014	NPC.CAS9
AML001_U937_6H:BRD-A75409952:3.33333	DB08059	Wortmannin	0.3098069367737382	1.3922557041269554	0.013880205076903839	0.07161378106387348	U937
CPC017_NPC_24H:BRD-A20527803-001-01-2:10	DB05511	Piclidenoson	-0.28145729711428236	-1.3989660464428608	0.013888888888888888	0.07161378106387348	NPC
LJP008_NPC.CAS9_24H:G08	DB02546	Vorinostat	-0.30342984611860624	-1.3858088081542663	0.013980868285504048	0.0720214812232937	NPC.CAS9
NMH002_NEU_24H:BRD-A91699651-001-02-4:10	DB00608	Chloroquine	-0.26302859484137514	-1.3544264927374126	0.014016172506738544	0.07213674023532689	NEU
CPC013_NEU_24H:BRD-K17743125-001-03-5:10	DB05015	Belinostat	-0.28869112091728655	-1.3749436304095601	0.014148273910582909	0.07274951165635211	NEU
CPC013_NEU_24H:BRD-K31553034-001-01-4:10	DB06629	Zibotentan	-0.28227143552692663	-1.3887426684033657	0.014200452768059271	0.07295057642081278	NEU
CPC016_NEU_24H:BRD-K96720755-001-01-8:10	DB13929	Relcovaptan	-0.2703391711670083	-1.3596596927539442	0.014241210502892745	0.07309265261788282	NEU
CPC015_NPC_24H:BRD-K59632282-052-02-3:10	DB00908	Quinidine	0.22354789716376722	1.3118436188798346	0.014256619144602852	0.07310448364681922	NPC
CPC006_PL21_6H:BRD-K76188144-001-01-2:160	DB08263	N-(carboxycarbonyl)-D-phenylalanine	-0.28522161933409007	-1.3851200787862166	0.014314928425357873	0.07330210577466521	PL21
AML001_HL60_6H:BRD-A45664787:10	DB01088	Iloprost	0.2754563440343873	1.3723474093727606	0.014321436690156853	0.07330210577466521	HL60
KMS002_NOMO1_6H:BRD-A75409952-001-02-4:10	DB08059	Wortmannin	0.2904644805964868	1.3851580642419192	0.014376780143767802	0.07348639156419477	NOMO1
LPROT003_NPC_6H:H23	DB01950	AR-AO-14418	0.2686023426179805	1.3415542697379657	0.014383785550833606	0.07348639156419477	NPC
NMH002_NPC_24H:BRD-A73908300-001-03-4:10	DB13978	Selisistat	0.23609397364671988	1.332641674849912	0.014397905759162303	0.07349123168377539	NPC
LJP007_NPC_24H:I03	DB01268	Sunitinib	-0.27487469980687973	-1.3620266434634845	0.014427701186277652	0.07352875576859129	NPC
CPC006_WSUDLCL2_6H:BRD-K76188144-001-01-2:160	DB08263	N-(carboxycarbonyl)-D-phenylalanine	0.2781276023305683	1.377098088618959	0.014431616341030195	0.07352875576859129	WSUDLCL2
CPC015_NPC_24H:BRD-A42628519-001-07-4:10	DB08946	Iopanoic acid	0.25121681184322625	1.340243765977665	0.014457831325301205	0.07359511036848122	NPC
DOSBIO001_NPC_24H:BRD-K81418486:10	DB02546	Vorinostat	-0.2687555660593848	-1.3385462326909028	0.014508928571428572	0.07378788742023702	NPC
CPC015_NPC_24H:BRD-K25650355-059-12-2:10	DB00981	Physostigmine	0.2513757198470993	1.3459319874052613	0.014602803738317757	0.07419767036072383	NPC
CPC014_NEU_24H:BRD-K77908580-001-05-4:10	DB11841	Entinostat	0.25537864494716694	1.3478950475207179	0.01461769115442279	0.0742057315291399	NEU
LJP007_NPC_24H:B07	DB07970	5-[(2-methyl-5-{[3-(trifluoromethyl)phenyl]carbamoyl}phenyl)amino]pyridine-3-carboxamide	0.25996167318820423	1.3389723495731543	0.014829461196243203	0.07521233092167348	NPC
LJP009_NEU_24H:B09	DB12242	AZD-7762	0.23680497408754686	1.3122536444928303	0.014864864864864866	0.07532341605911089	NEU
LJP008_NEU_24H:J01	DB12116	Epigallocatechin gallate	-0.2432362801464488	-1.3265398449703072	0.01488833746898263	0.0753738972227351	NEU
LJP007_NPC.TAK_24H:L10	DB11836	Sapanisertib	0.31799935321255196	1.3839144216332833	0.01490989238947232	0.07541458716306987	NPC.TAK
CPC016_NEU_24H:BRD-K62996583-001-03-8:10	DB13766	Lidoflazine	-0.2761139308786815	-1.3753295368731182	0.014953271028037384	0.07556548828389544	NEU
CPC014_NPC_24H:BRD-K58772419-001-02-1:10	DB14980	AZD-6482	-0.2713593303483609	-1.37186773643444	0.014984450098953916	0.07565452226431123	NPC
CPC015_NPC_24H:BRD-K96319534-001-01-7:10	DB00191	Phentermine	-0.2880234265544245	-1.3738333806783125	0.015068049254698639	0.07600781807591654	NPC
CPC014_NPC_24H:BRD-K13927029-001-01-9:10	DB00162	Vitamin A	-0.26039929085967467	-1.3448909567354035	0.015082266910420476	0.07601081038232686	NPC
CPC006_WSUDLCL2_6H:BRD-K85606544-001-01-8:10	DB11828	Neratinib	-0.3130516782188684	-1.3843091717816156	0.015121467526028755	0.0761395914510058	WSUDLCL2
CPC017_NPC_24H:BRD-K54462405-003-03-3:10	DB14750	Cidoxepin	-0.25178703823653886	-1.3359308054506622	0.015214384508990318	0.07646317770372438	NPC
LJP008_NPC.TAK_24H:K10	DB11962	GSK-1059615	0.29748874498043537	1.3814529353778215	0.015218383807639629	0.07646317770372438	NPC.TAK
LJP007_NEU_24H:I01	DB01268	Sunitinib	-0.23961840008926633	-1.3575742451549275	0.015226848974518334	0.07646317770372438	NEU
CPC006_SKM1_6H:BRD-K56343971-001-02-3:10	DB08881	Vemurafenib	0.27163229717108717	1.3436900873745456	0.015267175572519083	0.07655377532744949	SKM1
CPC006_U937_6H:BRD-K00766422-001-01-9:80	DB03459	Sparfosic acid	-0.30621503274110684	-1.4122377640043748	0.015272334099202594	0.07655377532744949	U937
CPC006_NOMO1_6H:BRD-K54256913-001-01-2:10	DB11740	MK-1775	-0.26458784316141626	-1.339828827209322	0.015399422521655439	0.07712152445988842	NOMO1
NMH002_NEU_6H:BRD-K54771420-001-09-9:10	DB02691	Glycocholic acid	-0.29173067706607	-1.38436340071177	0.015506738046889422	0.07758931978797855	NEU
DOSBIO002_NEU_24H:BRD-A19037878:1.11111	DB04297	Trichostatin A	-0.2988535770102517	-1.375876663563693	0.015554242961212838	0.07775727731237135	NEU
CPC015_NPC_24H:BRD-A59174698-003-12-8:10	DB00867	Ritodrine	-0.24964858424712086	-1.304753977322871	0.015606242496998799	0.07788636046349295	NPC
LJP009_NPC.TAK_24H:H18	DB07138	Neflamapimod	0.2839485051850646	1.3736782106300758	0.01560798548094374	0.07788636046349295	NPC.TAK
AML001_HL60_6H:BRD-K71879491:10	DB00982	Isotretinoin	0.2968915656612434	1.374679875447313	0.015669278213035504	0.07800543387259422	HL60
LJP008_NPC.TAK_24H:J08	DB05223	Pracinostat	-0.2776826844989235	-1.3561728046424824	0.01567209162145871	0.07800543387259422	NPC.TAK
NMH002_NPC_24H:BRD-K22429181-001-12-6:10	DB00162	Vitamin A	-0.27921031400976104	-1.363034998423836	0.01568477429227238	0.07800543387259422	NPC
CPC013_NEU_24H:BRD-K05658747-237-01-1:10	DB06817	Raltegravir	-0.2972187058714161	-1.3697483399082633	0.015687775014348575	0.07800543387259422	NEU
NMH002_NPC_6H:BRD-K43164539-001-09-9:10	DB02659	Cholic Acid	-0.28481382501562447	-1.3824247480651273	0.015834348355663823	0.07866414022818208	NPC
NMH001_NPC_24H:BRD-A93269281-001-01-4:10	DB00758	Clopidogrel	0.2339099150876498	1.2770369038223695	0.015873015873015872	0.07868643173281309	NPC
CPC018_NPC_24H:BRD-M62162320-103-01-1:10	DB11738	Rilmenidine	0.2779932251959673	1.3722325054975728	0.015876834255472698	0.07868643173281309	NPC
LJP009_NPC.TAK_24H:H14	DB07138	Neflamapimod	-0.27766317269346935	-1.3554077364943546	0.015881147540983607	0.07868643173281309	NPC.TAK
LJP007_NPC.TAK_24H:P12	DB07859	4-(4-CHLOROPHENYL)-4-[4-(1H-PYRAZOL-4-YL)PHENYL]PIPERIDINE	-0.28324394562232286	-1.3751464434763523	0.01614481409001957	0.0799161541693724	NPC.TAK
CPC013_NEU_24H:BRD-K14791739-001-01-9:10	DB00588	Fluticasone propionate	0.27772547706423123	1.3469550844417197	0.01615798922800718	0.0799161541693724	NEU
LJP007_NPC.CAS9_24H:O02	DB07101	PD-0325901	-0.32103400680136046	-1.3916002460665557	0.0162666363326129	0.0803822534097851	NPC.CAS9
NMH001_NEU_6H:BRD-A14999564-001-01-0:10	DB07841	Geranylgeranyl diphosphate	0.27495127200205266	1.3415834094008365	0.016296296296296295	0.08045755490003277	NEU
CPC006_NOMO1_6H:BRD-K35723520-001-01-0:10	DB06179	Darinaparsin	-0.26615603287827555	-1.3408377289383742	0.016344229486324215	0.08062286145376021	NOMO1
CPC016_NPC_24H:BRD-K59522102-001-08-8:10	DB12582	Piperine	0.2714524718228175	1.3682162064596164	0.016361619523017193	0.08063734568808562	NPC
CPC018_NPC_24H:BRD-K08619574-334-03-9:10	DB01622	Thioproperazine	-0.25708631169942997	-1.3274314356141463	0.01640991292699263	0.08080397548075188	NPC
CPC018_NPC_24H:BRD-K25433859-003-14-8:10	DB00934	Maprotiline	0.2618884145269378	1.3371905579653962	0.01642935377875137	0.08082836396089409	NPC
NMH002_NPC_6H:BRD-K79254416-001-12-7:10	DB01262	Decitabine	-0.2586023331647317	-1.3053963817671923	0.01652892561983471	0.08124658681326684	NPC
LJP008_NEU_24H:C07	DB13877	Iniparib	0.24928833147934434	1.3634849853955493	0.01662049861495845	0.08162479029300457	NEU
CPC014_NPC_24H:BRD-K19687926-379-01-7:10	DB01259	Lapatinib	-0.3009059465716071	-1.3865280715328794	0.016655907036797934	0.08170767428236672	NPC
LJP007_NPC.TAK_24H:G15	DB01254	Dasatinib	-0.23287399023963815	-1.3026560593652046	0.016666666666666666	0.08170767428236672	NPC.TAK
LJP007_NPC.CAS9_24H:B10	DB07970	5-[(2-methyl-5-{[3-(trifluoromethyl)phenyl]carbamoyl}phenyl)amino]pyridine-3-carboxamide	-0.2967952517292097	-1.389965685382331	0.01669073984914139	0.0817538521671289	NPC.CAS9
CPC015_NPC_24H:BRD-K12539581-001-14-6:10	DB08313	Nocodazole	0.2737986845180417	1.3638810758838606	0.016787190082644628	0.08215415216760912	NPC
CPC018_NPC_24H:BRD-K96354014-001-10-4:10	DB01115	Nifedipine	-0.2587526444719676	-1.3320090731915901	0.016827672172016205	0.08222972365225581	NPC
CPC014_NPC_24H:BRD-K73838513-003-01-4:10	DB01012	Cinacalcet	0.28403720673052896	1.3921422522757985	0.01683211048769961	0.08222972365225581	NPC
CPC018_NPC_24H:BRD-A36267905-003-12-7:10	DB06152	Nylidrin	-0.25629794655565263	-1.3445201375543625	0.016957136128120585	0.08276803364723075	NPC
CPC014_NEU_24H:BRD-K89014967-001-01-9:10	DB14904	Pimasertib	0.27861291119417153	1.3592220949477578	0.016986959505833905	0.08284112507259385	NEU
NMH002_NEU_6H:BRD-K21283037-001-15-7:10	DB00740	Riluzole	0.24111090576456035	1.3267716296038807	0.017029328287606435	0.08297521617166488	NEU
CPC017_NPC_24H:BRD-K17016787-001-03-5:10	DB07702	17alpha-Estriol	-0.2596440532907398	-1.3302410287038307	0.017230576441102756	0.08388253574599674	NPC
LJP007_JURKAT_24H:G17	DB01254	Dasatinib	-0.2753715942747742	-1.3539616719510608	0.017294479981047144	0.0841202300037158	JURKAT
CPC017_NPC_24H:BRD-A39747742-001-03-5:10	DB13956	Estradiol valerate	0.24988914731579637	1.303847779340815	0.017356475300400534	0.08434823667328796	NPC
LJP007_NEU_24H:O03	DB07101	PD-0325901	0.23021297267390883	1.3500530128925081	0.017394993635977938	0.08437392672036968	NEU
CPC017_NPC_24H:BRD-K37080523-001-02-8:10	DB00206	Reserpine	-0.24876716589813436	-1.363856302358477	0.0174110522331567	0.08437392672036968	NPC
LJP008_NEU_24H:M01	DB02709	Resveratrol	-0.26592026738687835	-1.3488301798814313	0.01741573033707865	0.08437392672036968	NEU
CPC006_WSUDLCL2_6H:BRD-A58048407-001-10-5:10	DB00393	Nimodipine	-0.28504113698963496	-1.3609488100395628	0.01742225552641439	0.08437392672036968	WSUDLCL2
CPC015_NPC_24H:BRD-K02404261-001-07-6:10	DB00201	Caffeine	0.2732021902655168	1.3415221365205665	0.017447418738049714	0.08442250575852503	NPC
CPC016_NPC_24H:BRD-K18742343-001-03-2:10	DB07997	N-[2-(METHYLAMINO)ETHYL]-5-ISOQUINOLINESULFONAMIDE	0.22932332796521815	1.3240634134724507	0.01748971193415638	0.08455381532119448	NPC
LJP009_NPC.TAK_24H:G12	DB08521	4-[4-(4-Fluorophenyl)-2-[4-[(R)-methylsulfinyl]phenyl]-1H-imidazol-5-yl]pyridine	0.26367073922665896	1.340506659677486	0.017677454446559694	0.08538746178126107	NPC.TAK
LJP009_NPC_24H:H16	DB07138	Neflamapimod	-0.2983729487634006	-1.3898901895154168	0.01769472465685464	0.08539694538113497	NPC
PCLB001_JURKAT_24H:BRD-K07572174-001-22-0:2.5	DB11672	Curcumin	-0.27261964549718903	-1.3469716281500288	0.01772211720226843	0.08545522201508693	JURKAT
CPC014_NEU_24H:BRD-K59946561-001-05-9:10	DB03374	3,5-Diiodotyrosine	0.2771436959332601	1.370615214124732	0.017776022121271974	0.08562854498004446	NEU
LJP009_NEU_24H:K23	DB12432	CC-401	-0.30862547663025985	-1.380103491944921	0.01778875849289685	0.08562854498004446	NEU
LJP008_NPC.CAS9_24H:F06	DB12376	Ricolinostat	-0.28216419552381955	-1.370993614545387	0.01788344203660846	0.08601010613986086	NPC.CAS9
NMH002_NPC_24H:BRD-K67102207-236-03-6:10	DB06819	Phenylbutyric acid	0.24934685848401822	1.3429383460603679	0.01795142555438226	0.08626270729362501	NPC
CPC017_NPC_24H:BRD-K45330754-001-09-2:10	DB00255	Diethylstilbestrol	0.24319126006311365	1.2981289379339394	0.018083182640144666	0.08682106363973072	NPC
CPC006_U937_6H:BRD-K80738081-001-21-1:10	DB02709	Resveratrol	0.2433298087971141	1.3058849472850886	0.018134715025906734	0.08692282965582165	U937
CPC006_PL21_6H:BRD-K98404142-001-01-9:11.1	DB05107	16-Bromoepiandrosterone	0.2674923063887135	1.3492980267673453	0.01813553929366847	0.08692282965582165	PL21
CPC006_PL21_6H:BRD-K47335880-001-01-3:0.08	DB12980	CHS-828	-0.2614438695069335	-1.3173761860214785	0.018168604651162792	0.08700656253119074	PL21
CPC016_NEU_24H:BRD-K72676686-103-01-8:10	DB00176	Fluvoxamine	0.2785651606974775	1.3690662066404917	0.01822973863386778	0.08715471332083223	NEU
NMH002_NPC_24H:BRD-A93000692-001-06-5:10	DB09201	Ciglitazone	-0.2712390879559873	-1.3517890203315506	0.01823078516677025	0.08715471332083223	NPC
CPC006_WSUDLCL2_6H:BRD-K57080016-001-04-3:80	DB11689	Selumetinib	0.26688321434195034	1.3362050475172371	0.01824817518248175	0.08716315868413158	WSUDLCL2
LJP009_NPC.CAS9_24H:F06	DB11962	GSK-1059615	0.30495258520541935	1.3779965297735635	0.018271792919680244	0.08720131111967158	NPC.CAS9
CPC014_NEU_24H:BRD-K99498722-001-01-8:10	DB05992	Plinabulin	0.2622272738087834	1.3337562778333385	0.018365717327655046	0.08756905711501041	NEU
NMH002_NPC_6H:BRD-A84228258-001-03-6:10	DB07348	Brefeldin A	-0.26673362544473056	-1.320674269385287	0.018380241240666284	0.08756905711501041	NPC
CPC016_NPC_24H:BRD-K45401373-001-04-3:10	DB12480	Betulinic Acid	-0.26408856468311676	-1.338092995922989	0.01841028638223261	0.08763736154136155	NPC
LJP007_NPC_24H:P04	DB09054	Idelalisib	-0.2772718026424492	-1.3539884110387688	0.01847262897048885	0.08785916200030461	NPC
AML001_U937_6H:BRD-A75409952:10	DB08059	Wortmannin	0.2885855334841873	1.3459760984368898	0.018512170037709975	0.08797222882485857	U937
AML001_HL60_6H:BRD-K71879491:3.33333	DB00982	Isotretinoin	0.29278985454603224	1.3710818804936356	0.018570978910922253	0.08817658837790233	HL60
LJP009_NEU_24H:E16	DB13113	JNJ-38877605	-0.24858352421505678	-1.3367965235475312	0.018718502519798418	0.0887816796983835	NEU
LPROT003_NPC_6H:L15	DB11651	Dactolisib	0.3100931949919108	1.370255193986286	0.018736742870610418	0.0887816796983835	NPC
LJP008_NPC.TAK_24H:K24	DB12332	Rucaparib	-0.2675720480111253	-1.353819664638102	0.018746158574062692	0.0887816796983835	NPC.TAK
LJP009_NPC.TAK_24H:L21	DB12588	AZD-1480	0.2701615001950763	1.345175335775296	0.01881293057763646	0.0888995234248643	NPC.TAK
NMH002_NEU_6H:BRD-K76723084-001-19-0:10	DB00982	Isotretinoin	-0.2545529030665819	-1.3424904126895203	0.018819776714513556	0.0888995234248643	NEU
LJP009_NPC.TAK_24H:G15	DB01254	Dasatinib	-0.2538320888139256	-1.3139339414980404	0.018822100789313904	0.0888995234248643	NPC.TAK
CPC016_NPC_24H:BRD-A78377521-001-03-0:10	DB04331	Monastrol	-0.2419916669684122	-1.2896545826390424	0.018842530282637954	0.0888995234248643	NPC
CPC014_NEU_24H:BRD-A01317026-001-01-2:10	DB04400	L-erythro-7,8-dihydrobiopterin	-0.266225583599099	-1.3518449998327375	0.018850714502888416	0.0888995234248643	NEU
LJP009_NEU_24H:G11	DB08521	4-[4-(4-Fluorophenyl)-2-[4-[(R)-methylsulfinyl]phenyl]-1H-imidazol-5-yl]pyridine	0.2690270315104376	1.344178717685665	0.018967798853109837	0.08931197328850925	NEU
CPC013_NPC_24H:BRD-K65261396-002-01-3:10	DB00864	Tacrolimus	-0.21805262089264407	-1.2508142360272523	0.018970189701897018	0.08931197328850925	NPC
LJP007_NPC.CAS9_24H:C06	DB11800	Tivozanib	0.2707430174228058	1.3383812360747478	0.01904513435950952	0.08958921129148703	NPC.CAS9
LJP007_NEU_24H:F14	DB12247	AZD-4547	-0.23684736972407033	-1.3105173667710086	0.019103600293901544	0.08978853078321543	NEU
LJP008_NEU_24H:I08	DB11830	Mocetinostat	-0.26916270397898245	-1.3600043407981777	0.019148104728409537	0.08990366989978817	NEU
LJP007_NPC.CAS9_24H:M12	DB05575	Motesanib	-0.2680708646858061	-1.3398849261467627	0.019160326852634545	0.08990366989978817	NPC.CAS9
CPC016_NPC_24H:BRD-A17065207-001-06-9:10	DB07348	Brefeldin A	-0.24172563121675453	-1.2967738282936208	0.019255455712451863	0.09027410707543608	NPC
NMH002_NPC_6H:BRD-K41260949-001-14-1:10	DB00313	Valproic acid	-0.2241959418153563	-1.285080981975716	0.019271948608137045	0.0902755678293842	NPC
CPC014_NEU_24H:BRD-A20697603-001-06-4:10	DB11467	Thiostrepton	0.26964891287694837	1.3534207746405462	0.01929923177815252	0.0903275285992558	NEU
CPC018_NPC_24H:BRD-K26241953-001-01-0:10	DB08399	Piceatannol	-0.24702213316526503	-1.3102189057582823	0.019364833462432222	0.09055859671995756	NPC
CPC017_NPC_24H:BRD-A75409952:10	DB08059	Wortmannin	-0.23230813329547073	-1.307232975926434	0.019546520719311962	0.09131231791548004	NPC
CPC015_NPC_24H:BRD-A42759514-001-09-8:10	DB13026	Ornidazole	-0.2413194316153868	-1.3359324097577108	0.019583333333333335	0.09131231791548004	NPC
CPC014_NPC_24H:BRD-K13514097-001-01-2:10	DB01590	Everolimus	-0.2564159639416728	-1.3339815032114868	0.01959686450167973	0.09131231791548004	NPC
LJP007_NPC.TAK_24H:J23	DB03044	Doramapimod	0.2725858108051598	1.347403140195435	0.0196078431372549	0.09131231791548004	NPC.TAK
CPC015_NPC_24H:BRD-A70649075-008-17-5:10	DB06820	Sulconazole	-0.2437708731858671	-1.328298850101404	0.0196078431372549	0.09131231791548004	NPC
CPC017_NPC_24H:BRD-A92537424-001-03-9:10	DB01406	Danazol	0.2748782397875829	1.3400809951040182	0.01969453376205788	0.09158365855169423	NPC
LJP009_NEU_24H:K11	DB11962	GSK-1059615	0.29022438633439346	1.361753002174409	0.019698940717338784	0.09158365855169423	NEU
LJP007_NPC.TAK_24H:A15	DB12742	Amuvatinib	-0.2641988447099407	-1.343420162593098	0.019750100765820233	0.09164856518336827	NPC.TAK
LJP009_NPC.CAS9_24H:H11	DB08912	Dabrafenib	-0.24425252796772165	-1.280156955819851	0.019759450171821305	0.09164856518336827	NPC.CAS9
LJP007_NPC_24H:K01	DB12064	BMS-777607	-0.2789037985775629	-1.3466527286887362	0.019762183888795845	0.09164856518336827	NPC
CPC015_NPC_24H:BRD-K22134346-001-11-6:10	DB00641	Simvastatin	0.27008043130979076	1.3328624087965588	0.01997780244173141	0.09257156131430196	NPC
LJP007_NPC.TAK_24H:F14	DB12247	AZD-4547	0.30671049243743725	1.3576885432147954	0.02004636574389745	0.0928121779960198	NPC.TAK
AML001_HL60_24H:BRD-A19500257:10	DB02424	Geldanamycin	0.28833923434946696	1.373466277280813	0.020229265003371546	0.09358131795506622	HL60
CPC006_SKM1_6H:BRD-K82746043-001-03-7:10	DB12340	Navitoclax	0.24792328595177057	1.3254065372195245	0.02034428794992175	0.0940354452962829	SKM1
LJP008_NPC.CAS9_24H:D06	DB09074	Olaparib	-0.2689766775607726	-1.3390551644840218	0.020523005627275735	0.09478298708159878	NPC.CAS9
LJP009_NPC.CAS9_24H:I14	DB12146	Rigosertib	0.2717973106372832	1.3117045614682095	0.02063322660974742	0.09521321030254827	NPC.CAS9
NMH002_NEU_24H:BRD-K27450477-003-06-8:10	DB07711	(2S,3R)-3-(6-amino-9H-purin-9-yl)nonan-2-ol	0.26173185898746076	1.334785805942139	0.020691785052501546	0.09540451967595547	NEU
LJP009_NEU_24H:K20	DB12432	CC-401	-0.29082763781861093	-1.3650532736606338	0.020867033322549338	0.09613309571139782	NEU
CPC013_NEU_24H:BRD-K89162000-001-02-3:10	DB05465	Tandutinib	-0.2778811009926588	-1.3523997626728217	0.020976353928299007	0.09655699551648528	NEU
CPC014_NEU_24H:BRD-K64052750-001-04-3:10	DB00317	Gefitinib	0.2282200210336441	1.2912614911693838	0.021003500583430573	0.09660225041628949	NEU
LJP007_NPC.TAK_24H:M24	DB12874	Quizartinib	0.2717875895298684	1.3384657985466706	0.021073335206518686	0.0968436055330871	NPC.TAK
DOSBIO002_NEU_24H:BRD-K81418486:0.37037	DB02546	Vorinostat	-0.25155924247049855	-1.2932357501354925	0.021244309559939303	0.09754897369127685	NEU
LJP009_NEU_24H:B22	DB16107	BI 2536	-0.2575929385251578	-1.3374858939986496	0.021264367816091954	0.0975607796430732	NEU
LJP009_NEU_24H:I01	DB11798	Tanzisertib	-0.27540278071835284	-1.3479796052628574	0.021361549211419445	0.0979261159001718	NEU
CPC016_NPC_24H:BRD-K01567962-001-07-3:10	DB01782	Pyrazolanthrone	-0.22314939885967985	-1.2588669263679602	0.021395348837209303	0.09800053461641273	NPC
CPC016_NPC_24H:BRD-K37848908-001-03-1:10	DB00923	Ceforanide	0.2472329743274682	1.3008061881039272	0.021482277121374866	0.09831798528314223	NPC
LPROT001_NPC.TAK_6H:E16	DB04297	Trichostatin A	-0.28450773137662333	-1.3541000795412705	0.02152550304164717	0.09843506677815538	NPC.TAK
LJP007_NPC.TAK_24H:E19	DB12021	Dinaciclib	-0.2404700853332563	-1.3000316752580876	0.0215633423180593	0.09852734381036268	NPC.TAK
CPC017_NPC_24H:BRD-A94624445-236-02-2:10	DB13242	Bucladesine	0.23217572843194784	1.2842251176480568	0.021638330757341576	0.09878907307300216	NPC
CPC006_PL21_6H:BRD-K35723520-001-01-0:10	DB06179	Darinaparsin	-0.24821240750390602	-1.288720090958721	0.021714922048997772	0.09904864804542954	PL21
CPC017_NPC_24H:BRD-K23383398-001-01-6:10	DB07080	TO-901317	-0.257681328129978	-1.3152749470950063	0.02173069460613116	0.09904864804542954	NPC
NMH002_NEU_6H:BRD-K13005598-001-01-5:10	DB13034	Foxy-5	-0.26651492027669416	-1.3352226230873137	0.021874280451300944	0.09962172296963916	NEU
CPC013_NPC_24H:BRD-K92723993-066-08-6:10	DB00619	Imatinib	-0.24916829809439692	-1.3222677209266176	0.021901443504230962	0.09965869978141702	NPC
LJP007_NPC.CAS9_24H:P18	DB05294	Vandetanib	-0.3047935632012551	-1.3603455256506325	0.021918125942247478	0.09965869978141702	NPC.CAS9
CPC014_NEU_24H:BRD-K74514084-003-01-9:10	DB06589	Pazopanib	-0.3139609977869344	-1.3556659074961743	0.02197163450360381	0.09968730456535337	NEU
CPC006_PL21_6H:BRD-K19796430-001-01-5:10	DB09143	Sonidegib	-0.24267819237682767	-1.2997970361201436	0.02197213290460879	0.09968730456535337	PL21
NMH002_NPC_6H:BRD-K41170226-001-10-4:10	DB03619	Deoxycholic acid	-0.2233294903380962	-1.2742054037624693	0.02197802197802198	0.09968730456535337	NPC
CPC016_NPC_24H:BRD-K49671696-045-03-6:10	DB12465	Ketanserin	-0.22217555881098291	-1.2803390002228134	0.02200956937799043	0.09974929939870723	NPC
LJP009_NPC.CAS9_24H:F05	DB11962	GSK-1059615	-0.2653385659295952	-1.321452093170808	0.022134627046694968	0.1002071097073522	NPC.CAS9
LJP009_NPC.TAK_24H:E19	DB08901	Ponatinib	-0.21759764929348982	-1.2393789522536969	0.022146507666098807	0.1002071097073522	NPC.TAK
LJP009_NPC_24H:F06	DB11962	GSK-1059615	-0.29841631095413995	-1.3656097496559858	0.022199143190964558	0.10030564545127651	NPC
LJP007_JURKAT_24H:P03	DB09054	Idelalisib	-0.25871692333205026	-1.3094353155126386	0.022222222222222223	0.10030564545127651	JURKAT
CPC015_NPC_24H:BRD-A31204924-001-07-6:10	DB00648	Mitotane	-0.23760663634345197	-1.292909407963243	0.022222222222222223	0.10030564545127651	NPC
LJP008_NPC.TAK_24H:D21	DB13978	Selisistat	0.2671799737536556	1.3217729255090862	0.022257135375752815	0.10032684617093848	NPC.TAK
LJP009_NPC.TAK_24H:B18	DB11805	Saracatinib	0.2706629933261587	1.333558071467718	0.022262885025922538	0.10032684617093848	NPC.TAK
LJP007_NPC.CAS9_24H:I11	DB06589	Pazopanib	-0.24628139350527797	-1.275811724375766	0.022307202039515615	0.10034750201450443	NPC.CAS9
LJP009_NEU_24H:H15	DB07138	Neflamapimod	0.24845430190886558	1.3109481583877294	0.022310183519251528	0.10034750201450443	NEU
CPC006_THP1_6H:BRD-K68185022-001-06-4:70.07	DB15588	Ursolic acid	-0.25146134823083094	-1.3003830850141314	0.022321428571428572	0.10034750201450443	THP1
LJP008_NPC.TAK_24H:F01	DB12376	Ricolinostat	-0.2858550600064771	-1.3351073524982848	0.02236782647989155	0.10047512393825682	NPC.TAK
CPC013_NEU_24H:BRD-K16478699-001-01-9:10	DB06999	PLX-4720	-0.31956197302708894	-1.3536592429281418	0.022424038569346338	0.10064658984584329	NEU
CPC014_NPC_24H:BRD-A60245366-001-01-1:10	DB08022	(2S)-1,3-benzothiazol-2-yl{2-[(2-pyridin-3-ylethyl)amino]pyrimidin-4-yl}ethanenitrile	-0.2519801361829467	-1.3224064396396435	0.02250453720508167	0.10092669860703427	NPC
LJP008_NPC.CAS9_24H:C11	DB13877	Iniparib	0.282622145163913	1.351853901825065	0.02263555009650816	0.10143271806298716	NPC.CAS9
CPC006_THP1_6H:BRD-K40892394-001-01-9:11.1	DB07002	4-({4-[(4-methoxypyridin-2-yl)amino]piperidin-1-yl}carbonyl)benzonitrile	-0.26165981918987047	-1.3088503292975653	0.022688598979013045	0.10158883924872696	THP1
LJP009_NPC.TAK_24H:N08	DB08896	Regorafenib	-0.27067144310710367	-1.3288354353055873	0.022754491017964073	0.10180216951822099	NPC.TAK
LJP007_NEU_24H:G11	DB11963	Dacomitinib	0.24445868379498448	1.2928081626147077	0.022820629849383843	0.10191767497034401	NEU
CPC006_WSUDLCL2_6H:BRD-K59597909-001-10-1:10	DB11447	Phenothiazine	-0.2809869990681613	-1.3452348060609396	0.022825219473264165	0.10191767497034401	WSUDLCL2
NMH002_NEU_6H:BRD-A50287119-001-01-5:10	DB00877	Sirolimus	-0.24938650963264006	-1.312166900072837	0.022835112692763938	0.10191767497034401	NEU
CPC016_NEU_24H:BRD-A60571864-001-03-3:10	DB01222	Budesonide	0.25125909079927594	1.2992060006633708	0.022965879265091863	0.10241937683449041	NEU
LPROT003_NPC_6H:N05	DB08895	Tofacitinib	-0.25356352817165484	-1.3047498313224182	0.022995283018867923	0.1024652308264637	NPC
NMH001_NPC_6H:BRD-A77098556-001-01-5:10	DB12885	CF-102	0.2856863041113704	1.3391583790059778	0.023012893748979926	0.1024652308264637	NPC
LJP009_NEU_24H:B12	DB12242	AZD-7762	-0.2750622992493996	-1.3363578535566258	0.023053080201472297	0.10256230816907014	NEU
LJP009_NEU_24H:G08	DB08521	4-[4-(4-Fluorophenyl)-2-[4-[(R)-methylsulfinyl]phenyl]-1H-imidazol-5-yl]pyridine	-0.2677884821365583	-1.3313602327023488	0.02313475997686524	0.102768408298266	NEU
CPC006_WSUDLCL2_6H:BRD-K49456190-001-01-0:10	DB11684	APR-246	0.2495437260112512	1.2847301128462938	0.02313624678663239	0.102768408298266	WSUDLCL2
CPC016_NPC_24H:BRD-K28307902-001-09-2:10	DB00499	Flutamide	-0.28707155649551896	-1.3526805708221994	0.023255813953488372	0.10321733177924552	NPC
LJP007_JURKAT_24H:P20	DB11886	Infigratinib	0.2590419971777874	1.309121113676993	0.02348265895953757	0.10414129915362488	JURKAT
LJP007_NPC.TAK_24H:M22	DB12874	Quizartinib	-0.2807876186237208	-1.3376856752171926	0.023554603854389723	0.10437739070980163	NPC.TAK
CPC006_NOMO1_6H:BRD-K93754473-001-06-0:28.39	DB00675	Tamoxifen	-0.2967088590532063	-1.3528574033346215	0.023626995098655273	0.10461508385349029	NOMO1
LJP008_NPC_24H:D21	DB13978	Selisistat	-0.2812840705968837	-1.3395754963460664	0.023762017050607653	0.1051294949447582	NPC
CPC006_NOMO1_6H:BRD-K98404142-001-01-9:11.1	DB05107	16-Bromoepiandrosterone	0.23772296473529586	1.2798610031605595	0.02378255945639864	0.10513700412618701	NOMO1
CPC015_NPC_24H:BRD-A79981887-003-09-9:10	DB00211	Midodrine	0.2475098387959928	1.292660875457179	0.023809523809523808	0.10517286883082608	NPC
LJP008_NPC.CAS9_24H:L20	DB05015	Belinostat	-0.282880276388114	-1.3354004856937727	0.023882896764252697	0.1053649718733559	NPC.CAS9
CPC018_NPC_24H:BRD-A14395271-001-01-5:10	DB00933	Mesoridazine	-0.24006991893716342	-1.289468018742066	0.023890784982935155	0.1053649718733559	NPC
NMH002_NPC_24H:BRD-K93754473-048-14-5:10	DB00675	Tamoxifen	0.26346279885819457	1.3381780937100805	0.02391041162227603	0.10536823573513267	NPC
LJP009_NEU_24H:E15	DB13113	JNJ-38877605	-0.2282206232807252	-1.2746847890345026	0.023931623931623933	0.10537847664919489	NEU
LJP008_NPC.TAK_24H:I11	DB11830	Mocetinostat	0.2736440854004458	1.3244527076776251	0.024086818422445738	0.10597820187604477	NPC.TAK
CPC018_NPC_24H:BRD-K14993104-001-03-4:10	DB13740	Bemegride	-0.25686396924786553	-1.3227662277119052	0.024233576642335768	0.10653989289802304	NPC
CPC015_NPC_24H:BRD-K09416995-001-21-7:10	DB00227	Lovastatin	0.25305386850749095	1.3369276111568091	0.0242603550295858	0.1065736383543773	NPC
LJP009_NPC_24H:E11	DB01782	Pyrazolanthrone	-0.26408299380869704	-1.310988612997468	0.024377984418195525	0.10700611728490389	NPC
NMH001_NPC_24H:BRD-A31159102-001-02-7:10	DB08544	(S)-Fluoxetine	0.27696317955871524	1.3437549432173668	0.02442159383033419	0.10711326413477551	NPC
LJP007_NPC.TAK_24H:E22	DB12021	Dinaciclib	-0.21723336869117968	-1.2571199789803307	0.02448210922787194	0.10729433415734292	NPC.TAK
NMH002_NPC_24H:BRD-K91509126-001-19-4:10	DB08399	Piceatannol	-0.23394168499038445	-1.3064424553599403	0.024542829643888354	0.10747601772625834	NPC
NMH002_NEU_24H:BRD-K17561142-003-25-9:10	DB01118	Amiodarone	-0.25698659601220913	-1.3332397379520362	0.024571686203787194	0.10751799006347354	NEU
LJP008_NEU_24H:A24	DB11740	MK-1775	-0.2672058742382605	-1.330670332020102	0.024743646901471242	0.1081855846891129	NEU
CPC013_NEU_24H:BRD-K19416115-001-02-0:10	DB01261	Sitagliptin	0.22778911990206016	1.2463528910472164	0.024793388429752067	0.10830502920489082	NEU
PCLB001_JURKAT_24H:BRD-K36452089-001-01-8:1.11	DB07726	t-Butylhydroquinone	0.27909331080847977	1.3403317702078472	0.02480979159775058	0.10830502920489082	JURKAT
LJP009_NEU_24H:E12	DB01782	Pyrazolanthrone	-0.2533618629119372	-1.3162609664863292	0.024954351795496044	0.10885092155361409	NEU
CPC015_NPC_24H:BRD-K71799949-001-18-2:10	DB00564	Carbamazepine	-0.3032293183238754	-1.3436027824596002	0.025271188461079987	0.11014684408153536	NPC
CPC006_THP1_6H:BRD-A12409803-001-01-3:40	DB12066	Orteronel	0.26010949761848745	1.30872540900344	0.025323741007194246	0.11028973542477494	THP1
DOSBIO001_NPC_24H:BRD-A19037878:1.11111	DB04297	Trichostatin A	-0.27419623639234625	-1.3109028303715153	0.025485436893203883	0.1109073731881314	NPC
LJP007_NPC_24H:A04	DB05134	Tanespimycin	0.3178835899335993	1.3282373966007168	0.025515517600499894	0.11095173241869752	NPC
LJP009_NPC.CAS9_24H:E21	DB08901	Ponatinib	-0.24787362749743955	-1.2905401460305477	0.025566811384466957	0.11108819370244638	NPC.CAS9
LJP007_JURKAT_24H:M18	DB07460	2-({5-CHLORO-2-[(2-METHOXY-4-MORPHOLIN-4-YLPHENYL)AMINO]PYRIMIDIN-4-YL}AMINO)-N-METHYLBENZAMIDE	-0.2874512779955285	-1.3448617295370537	0.025616438356164384	0.11121720590586856	JURKAT
CPC006_NOMO1_6H:BRD-K40892394-001-01-9:11.1	DB07002	4-({4-[(4-methoxypyridin-2-yl)amino]piperidin-1-yl}carbonyl)benzonitrile	-0.2595312184409057	-1.2929838150160884	0.02569043031470777	0.11144440123614811	NOMO1
CPC016_NPC_24H:BRD-K29582677-300-06-4:10	DB04841	Flunarizine	-0.24924748551105458	-1.2789032242207699	0.025711662075298437	0.11144440123614811	NPC
CPC016_NPC_24H:BRD-K54094468-003-05-3:10	DB00409	Remoxipride	-0.24999215372030223	-1.2956417465367498	0.025746652935118436	0.11144440123614811	NPC
DOSBIO002_NPC_24H:BRD-A75409952:3.33333	DB08059	Wortmannin	0.2572510707740105	1.3078474387629055	0.025748670584942627	0.11144440123614811	NPC
NMH002_NPC_24H:BRD-A70814879-003-01-8:10	DB12764	Opaganib	0.23023320758201143	1.2562976050562307	0.025795356835769563	0.11155991921454138	NPC
LJP009_NPC_24H:I13	DB12146	Rigosertib	0.27773807141898577	1.3113986910382687	0.025819958129797628	0.11157981905975288	NPC
NMH001_NEU_6H:BRD-K52256627-300-04-1:10	DB00878	Chlorhexidine	-0.305746348747941	-1.351403773409546	0.025890376357666077	0.11179753072710452	NEU
CPC006_WSUDLCL2_6H:BRD-A58955223-001-01-2:10	DB12422	Sulforaphane	0.267732606965471	1.3235163864280592	0.025932276039434207	0.11189185462026562	WSUDLCL2
LJP008_NPC_24H:D23	DB13978	Selisistat	-0.2766722353510911	-1.3288910130995248	0.02597163381838276	0.11197507347199182	NPC
CPC014_NEU_24H:BRD-K64800655-001-01-7:10	DB12686	PHA-793887	0.2861122760738722	1.344799144824647	0.02599910860199079	0.11200697057181978	NEU
CPC006_NOMO1_6H:BRD-A04706586-236-01-7:10	DB13242	Bucladesine	-0.2814027628905088	-1.331631900343763	0.026088489335448616	0.11230531018708938	NOMO1
LPROT002_NPC.TAK_6H:E12	DB12463	Semagacestat	0.3015702981985041	1.3497159708948663	0.02614795918367347	0.11247452913316446	NPC.TAK
CPC006_PL21_6H:BRD-K26657438-001-01-2:10	DB00724	Imiquimod	-0.24000289978790817	-1.2707981463137559	0.026203534430225474	0.1126267477551833	PL21
CPC006_THP1_6H:BRD-K32107296-001-03-7:10	DB00853	Temozolomide	-0.2648138482626257	-1.3209960710791082	0.026239768897448244	0.11269476442648906	THP1
CPC014_NEU_24H:BRD-K16478699-001-02-7:10	DB06999	PLX-4720	-0.2669805476205702	-1.3163008001066336	0.0262597586941093	0.11269476442648906	NEU
LPROT003_NPC_6H:D15	DB11899	MK-8776	-0.28918028334133283	-1.3443553187353354	0.026382306477093206	0.11313365706049423	NPC
LJP009_NPC_24H:B22	DB16107	BI 2536	-0.2621016013846103	-1.3262549967302841	0.026442991185669604	0.11330679556440147	NPC
NMH002_NEU_24H:BRD-A79067928-001-04-3:10	DB00773	Etoposide	-0.2442459348881859	-1.2900933430663828	0.026475455046883617	0.11335883630588157	NEU
LJP007_NEU_24H:K08	DB11962	GSK-1059615	0.2988060649675687	1.342742082696279	0.026539151225343696	0.11354442077162	NEU
NMH002_NPC_6H:BRD-K04923131-001-11-3:10	DB03444	6-bromoindirubin-3'-oxime	-0.25413632130355446	-1.2927016128773414	0.026595744680851064	0.11369935599576099	NPC
LJP007_NEU_24H:P13	DB05294	Vandetanib	-0.25560057981269185	-1.2934149687022682	0.026739690721649483	0.1142272086800019	NEU
CPC006_U937_6H:BRD-K92241597-001-02-9:80	DB11781	Tosedostat	0.2782423677739858	1.343366913296213	0.02683461117196057	0.11454386660370415	U937
CPC015_NPC_24H:BRD-A54880345-001-11-8:10	DB00292	Etomidate	0.288266393711572	1.342165905957734	0.026854880358065072	0.11454386660370415	NPC
LJP009_NEU_24H:B20	DB16107	BI 2536	-0.2539247665940459	-1.295381988383128	0.026888604353393086	0.11455334666606437	NEU
CPC014_NEU_24H:BRD-A55756846-001-16-2:10	DB07996	5-(2-methylpiperazine-1-sulfonyl)isoquinoline	0.29286364268033505	1.3393833857372819	0.026919113858835653	0.11455334666606437	NEU
LJP007_NPC.CAS9_24H:B13	DB12200	Tivantinib	0.27532411305649546	1.3052921719444641	0.026919242273180457	0.11455334666606437	NPC.CAS9
CPC012_NPC_24H:BRD-K81418486:10	DB02546	Vorinostat	-0.2809253026992328	-1.3198574414006339	0.026951834463571554	0.11455334666606437	NPC
LJP007_NEU_24H:A04	DB05134	Tanespimycin	0.31114747540678994	1.3322681065556627	0.026959767731231855	0.11455334666606437	NEU
CPC006_SKM1_6H:BRD-K91623615-001-01-9:10	DB12254	ABT-751	0.2571536268471554	1.2972695268771501	0.02704601334738321	0.11483235043002354	SKM1
CPC006_U937_6H:BRD-A38030642-001-02-0:10	DB00091	Cyclosporine	-0.26618930968354504	-1.3188558260358505	0.027077249800902575	0.114877548775084	U937
LJP008_NPC_24H:M16	DB01262	Decitabine	-0.283160503893409	-1.3285187061496484	0.027129679869777535	0.11501252583091859	NPC
CPC006_SKM1_6H:BRD-K96354014-001-09-6:10	DB01115	Nifedipine	-0.26658878020301363	-1.3176338265293719	0.02717115286947689	0.11507483718980915	SKM1
AML001_U937_24H:BRD-A75409952:1.11111	DB08059	Wortmannin	-0.26766863086799925	-1.3181627227533608	0.027192178429575314	0.11507483718980915	U937
LJP008_NEU_24H:D06	DB09074	Olaparib	-0.27824959590117343	-1.3372218994701206	0.02720625743921102	0.11507483718980915	NEU
LJP007_JURKAT_24H:E20	DB12021	Dinaciclib	-0.23867473085780283	-1.32259332547256	0.0272542766019136	0.1151906130015727	JURKAT
CPC015_NPC_24H:BRD-A01346607-001-03-4:10	DB00663	Flumethasone	-0.2519296960811356	-1.3194680491468167	0.027286356821589204	0.11523889834038317	NPC
NMH001_NEU_24H:BRD-K48300629-001-10-3:10	DB00909	Zonisamide	-0.24787071881665998	-1.2958396328631872	0.027413587604290822	0.11568865752219251	NEU
NMH001_NEU_24H:BRD-K12807006-001-14-4:10	DB01852	Kaempherol	0.2668509189403948	1.3159602758026083	0.027442371020856202	0.11572259102445712	NEU
LJP007_NPC.TAK_24H:O01	DB07101	PD-0325901	-0.29428117020823613	-1.347986323314936	0.027476373818690933	0.11577846641576792	NPC.TAK
LJP007_NEU_24H:K07	DB11962	GSK-1059615	0.2951976833828765	1.3369211690466425	0.027541169789892107	0.11596391415683627	NEU
CPC015_NPC_24H:BRD-A65671304-001-03-4:10	DB00796	Candesartan cilexetil	-0.21786111115846798	-1.2556668687981576	0.02765486725663717	0.11635482988294024	NPC
CPC006_THP1_6H:BRD-K02113016-001-01-4:44.4	DB09074	Olaparib	-0.27782614442822295	-1.3361709554359849	0.02774729581439097	0.1165403205774818	THP1
LJP007_NEU_24H:E07	DB05913	OSI-930	0.2703377181982181	1.3473028005231746	0.027762198541783512	0.1165403205774818	NEU
CPC015_NPC_24H:BRD-A11605036-001-03-2:10	DB11582	Thiocolchicoside	0.29583668514867173	1.332933360289802	0.027789356676392943	0.1165403205774818	NPC
KHW001_SKM1_6H:BRD-A23723433-001-01-2:1	DB01229	Paclitaxel	-0.2681468953920291	-1.3172571355195148	0.027802491103202848	0.1165403205774818	SKM1
CPC006_WSUDLCL2_6H:BRD-K69932463-001-03-1:10	DB12774	AZD-8055	0.2893173538476603	1.335683834877991	0.027803399657398867	0.1165403205774818	WSUDLCL2
CPC006_WSUDLCL2_6H:BRD-A19037878:10	DB04297	Trichostatin A	-0.277314001125409	-1.3177805070755135	0.02785923753665689	0.11668670136412072	WSUDLCL2
LJP007_NPC.TAK_24H:K09	DB11962	GSK-1059615	0.3148482688254899	1.331715274444928	0.028000892458723784	0.11716945755379443	NPC.TAK
CPC006_NOMO1_6H:BRD-K81418486-001-13-7:11.1	DB02546	Vorinostat	-0.2763835585109825	-1.3169093820153586	0.028016500515641113	0.11716945755379443	NOMO1
CPC014_NEU_24H:BRD-K60460488-066-01-0:10	DB00220	Nelfinavir	0.22859184894000817	1.2692253451401923	0.02809917355371901	0.11742718296344447	NEU
LJP007_NPC_24H:D07	DB08875	Cabozantinib	0.2863742182941756	1.3405072996187124	0.02812254516889238	0.11743688585123548	NPC
CPC016_NEU_24H:BRD-K04111260-001-05-0:10	DB12518	Raclopride	-0.2774743328014009	-1.3328560246489922	0.028189910979228485	0.11763015209657121	NEU
NMH002_NPC_6H:BRD-A30142024-001-01-1:10	DB04447	1,4-Dithiothreitol	0.2659719392950446	1.3087320017265196	0.0282453637660485	0.11772199899569406	NPC
LJP009_NEU_24H:B23	DB16107	BI 2536	-0.27819998130903323	-1.3391675863626666	0.02825412379552507	0.11772199899569406	NEU
LJP009_NPC.CAS9_24H:I16	DB12146	Rigosertib	0.2639457132944416	1.2891907489885062	0.028277634961439587	0.11773203391781452	NPC.CAS9
AML001_HL60_24H:BRD-A19037878:1.11111	DB04297	Trichostatin A	-0.23280930006886139	-1.3035858468886028	0.0283363802559415	0.11788863940931964	HL60
LJP007_NPC.TAK_24H:E10	DB05913	OSI-930	-0.27827854811103975	-1.3322511467533067	0.028425241614553724	0.11817021085513801	NPC.TAK
LJP007_NPC.TAK_24H:E06	DB11743	Ipatasertib	0.2705647987426592	1.325822958361301	0.028586839266450916	0.1187535191865448	NPC.TAK
LJP008_NEU_24H:O06	DB07101	PD-0325901	0.24747349635684132	1.3026525874838666	0.028681742967457253	0.1190591101305387	NEU
CPC018_NPC_24H:BRD-A31521121-001-15-7:10	DB00423	Methocarbamol	0.22589040794288423	1.2416064341925435	0.028712871287128714	0.11909970922742832	NPC
CPC006_NOMO1_6H:BRD-A14395271-001-01-5:10	DB00933	Mesoridazine	-0.26717904978175994	-1.302886420330869	0.028797145769622834	0.11936053213129702	NOMO1
LPROT001_NPC.TAK_6H:O22	DB02656	LY-294002	0.24643896644731222	1.2803887346938687	0.02890528905289053	0.11971982748780717	NPC.TAK
CPC006_PL21_6H:BRD-K82135108-001-01-9:10	DB05719	Elesclomol	0.2708303761389092	1.320424808611036	0.028931597437487085	0.11973989770307154	PL21
NMH002_NPC_24H:BRD-K81418486-001-29-3:10	DB02546	Vorinostat	-0.23647805316319745	-1.2892136644501542	0.02901023890784983	0.11997636980496235	NPC
LJP009_NPC.CAS9_24H:D01	DB11775	PF-03758309	-0.2331733056714977	-1.2700592662605181	0.029069767441860465	0.12013350559862188	NPC.CAS9
LJP009_NPC.TAK_24H:E11	DB01782	Pyrazolanthrone	0.26544022610429047	1.3196155408938368	0.02920395666509656	0.12057894029047875	NPC.TAK
CPC018_NPC_24H:BRD-K78126613-001-16-0:10	DB00170	Menadione	-0.23742588167936546	-1.2811017766192507	0.02922077922077922	0.12057894029047875	NPC
NMH002_NPC_24H:BRD-K11129031-001-22-6:10	DB01241	Gemfibrozil	-0.30359153152953616	-1.3391473076847997	0.02927470426574262	0.1207087630680509	NPC
LJP009_NPC_24H:G10	DB08521	4-[4-(4-Fluorophenyl)-2-[4-[(R)-methylsulfinyl]phenyl]-1H-imidazol-5-yl]pyridine	0.2658893997222126	1.3079123305512192	0.029295512671471752	0.1207087630680509	NPC
CPC018_NPC_24H:BRD-K06902185-001-10-2:10	DB00350	Minoxidil	-0.2549616791483637	-1.2961547089610763	0.02933591231463572	0.12078601830505732	NPC
CPC006_PL21_6H:BRD-K76964878-001-01-8:24	DB13978	Selisistat	-0.29059210212836867	-1.328311664563623	0.029469069654164636	0.12121087164916594	PL21
DOSBIO001_NPC_24H:BRD-K27305650:3.33333	DB02656	LY-294002	0.2526212360816109	1.2971472422776664	0.029482551143200964	0.12121087164916594	NPC
LJP007_JURKAT_24H:G10	DB11963	Dacomitinib	-0.26738890776549623	-1.3082687299138498	0.02959010429299054	0.121563469698523	JURKAT
LJP008_NPC_24H:M01	DB02709	Resveratrol	-0.24621187648512996	-1.2663104470581696	0.02961591855622397	0.12157999236583777	NPC
LJP008_NPC_24H:K10	DB11962	GSK-1059615	0.2826252761689994	1.3274391404349295	0.02967719541825755	0.12174196561651388	NPC
CPC006_WSUDLCL2_6H:BRD-K01638814-051-10-1:10	DB11738	Rilmenidine	-0.2589201664496562	-1.309972974281451	0.029713968342127188	0.12180325450457574	WSUDLCL2
NMH002_NEU_24H:BRD-K79602928-003-15-7:10	DB00331	Metformin	0.2804345120392183	1.3199364092002057	0.029765013054830286	0.12192291324001334	NEU
LJP008_NPC_24H:L20	DB05015	Belinostat	-0.2752025886088193	-1.3040273951371901	0.029865856745127817	0.12221263842058949	NPC
LJP009_NPC_24H:L21	DB12588	AZD-1480	0.28189496105911144	1.330230920094334	0.02989439480097482	0.12221263842058949	NPC
LJP009_NEU_24H:L08	DB05984	RAF-265	0.2521693418689452	1.3061162953941914	0.029901461094121645	0.12221263842058949	NEU
NMH001_NPC_24H:BRD-K47029922-001-02-0:10	DB02665	(1R,2S)-2-Phenylcyclopropanaminium	0.24050039289960812	1.2878962465723571	0.029940119760479042	0.12228106013448944	NPC
LJP007_NPC_24H:O02	DB07101	PD-0325901	-0.28076203018970164	-1.3319545994524487	0.029996571820363388	0.12238756087937198	NPC
CPC017_NPC_24H:BRD-K45542189-048-15-5:10	DB00711	Diethylcarbamazine	0.270455043392266	1.317592326949054	0.03001007049345418	0.12238756087937198	NPC
CPC006_THP1_6H:BRD-A70449690-001-01-4:10	DB02587	Colforsin	-0.2916012098337041	-1.334655955010004	0.030069847283059073	0.12246020805198386	THP1
CPC006_THP1_6H:BRD-K92991072-001-02-3:10	DB13048	PAC-1	-0.29333517888515026	-1.327899788686587	0.030092895459897948	0.12246020805198386	THP1
NMH001_NPC_24H:BRD-K41160163-001-02-7:10	DB12931	Fenobam	0.23996839045680549	1.2754213362346896	0.030093734583127776	0.12246020805198386	NPC
CPC017_NPC_24H:BRD-K23478508-001-03-7:10	DB00390	Digoxin	0.28719510305989376	1.339718871882108	0.030144320297951582	0.12257664937483373	NPC
AML001_HL60_6H:BRD-K93754473:4.48614	DB00675	Tamoxifen	-0.29680694003700875	-1.3331771621333646	0.030287796908382555	0.12307037068599146	HL60
NMH002_NEU_24H:BRD-A93255169-001-21-8:10	DB01041	Thalidomide	0.2537837331130263	1.2920088541314074	0.03033175355450237	0.12315928171802673	NEU
LJP007_NPC.CAS9_24H:D04	DB12494	SGI-1776	0.2957123773401674	1.3366853464537756	0.03036767473961601	0.12321545990714017	NPC.CAS9
LJP007_JURKAT_24H:N15	DB09330	Osimertinib	0.26156732549253797	1.2952460761662317	0.030700668482297598	0.12447603885373422	JURKAT
CPC016_NEU_24H:BRD-K35189033-001-03-0:10	DB09389	Norgestrel	0.2362879089776592	1.2753049108906227	0.030805687203791468	0.12472943769673878	NEU
NMH002_NPC_24H:BRD-A75409952-001-06-5:10	DB08059	Wortmannin	0.29344776122937455	1.3336989478543437	0.03080788047071268	0.12472943769673878	NPC
LJP009_NPC.CAS9_24H:K11	DB11962	GSK-1059615	0.29268875109017056	1.3282148071980688	0.030833833233353328	0.12474398521310966	NPC.CAS9
LJP009_NPC.CAS9_24H:I01	DB11798	Tanzisertib	0.2684655823816022	1.3097999341507787	0.030915576694411414	0.12498405969429077	NPC.CAS9
LJP008_NPC_24H:L18	DB08756	Y-27632	-0.27871499988845905	-1.3242890236133584	0.0310192023633678	0.1253121868104482	NPC
CPC015_NPC_24H:BRD-K70505054-001-02-9:10	DB00863	Ranitidine	-0.23722179878527477	-1.2573344011528147	0.03111495246326707	0.12560804615959983	NPC
LJP007_NPC.CAS9_24H:E10	DB05913	OSI-930	-0.2691767964077404	-1.3110692233804677	0.031165644171779142	0.12572171282310618	NPC.CAS9
AML001_HL60_24H:BRD-K93754473:13.4584	DB00675	Tamoxifen	-0.21049702877740437	-1.3005856657219521	0.031208499335989376	0.1258036255747722	HL60
NMH002_NEU_24H:BRD-K97399794-001-12-0:10	DB04216	Quercetin	-0.25667247321696524	-1.3057530576878085	0.031370227878070436	0.12629102046947532	NEU
LJP008_NPC.CAS9_24H:G22	DB00928	Azacitidine	-0.2746009582597317	-1.3117068608755005	0.0313746826260428	0.12629102046947532	NPC.CAS9
LJP007_NPC.TAK_24H:A04	DB05134	Tanespimycin	0.30401461823713655	1.3385597916372975	0.03146143437077131	0.12654891301696694	NPC.TAK
LJP007_NEU_24H:D04	DB12494	SGI-1776	0.22888524698650003	1.2910888856377225	0.03155522163786627	0.1267474441499432	NEU
CPC016_NPC_24H:BRD-A75409952:10	DB08059	Wortmannin	-0.25403007017352186	-1.2936610175109815	0.031578947368421054	0.1267474441499432	NPC
CPC015_NPC_24H:BRD-A49160188-003-04-4:10	DB07701	1-BENZYL-4-[(5,6-DIMETHOXY-1-INDANON-2-YL)METHYL]PIPERIDINE	-0.24748644326182775	-1.27213171839377	0.031578947368421054	0.1267474441499432	NPC
CPC016_NPC_24H:BRD-A64977602-001-04-3:10	DB06678	Esmirtazapine	-0.25305539651275577	-1.289900370507765	0.03162518301610542	0.12675111353450577	NPC
CPC015_NPC_24H:BRD-K42635745-001-02-4:10	DB13340	Suloctidil	-0.23770428119591933	-1.2892289223465698	0.03162530024019215	0.12675111353450577	NPC
CPC015_NPC_24H:BRD-A30815329-001-03-0:10	DB01023	Felodipine	0.24977191220509684	1.2849968118970676	0.03198433420365535	0.12805681416497958	NPC
LJP008_NEU_24H:G07	DB02546	Vorinostat	-0.2727538063050296	-1.3113252745729727	0.03199698851872765	0.12805681416497958	NEU
LJP007_NPC.TAK_24H:C05	DB11800	Tivozanib	0.2406286182022821	1.2680699819281522	0.03204272363150868	0.12814792483167523	NPC.TAK
LJP007_NPC.CAS9_24H:F02	DB12848	PF-04217903	0.2509692904788351	1.2912356581092952	0.03209794837855725	0.12822784589126396	NPC.CAS9
NMH001_NEU_24H:BRD-K10852020-001-02-9:10	DB00323	Tolcapone	0.23757968778994373	1.2893759141871137	0.03210867551713492	0.12822784589126396	NEU
CPC006_WSUDLCL2_6H:BRD-K28307902-001-10-0:28.96	DB00499	Flutamide	-0.264119482426516	-1.2862966485581726	0.03219942871981304	0.12849829243765162	WSUDLCL2
CPC014_NEU_24H:BRD-K73838513-003-01-4:10	DB01012	Cinacalcet	0.27189574126097277	1.3219935198798343	0.03225806451612903	0.12864027300606426	NEU
CPC006_THP1_6H:BRD-K69932463-001-03-1:10	DB12774	AZD-8055	0.2790252706259959	1.3122689751907	0.03229665071770335	0.12870215311004785	THP1
CPC014_NEU_24H:BRD-K77390737-001-03-2:10	DB15359	Xanthohumol	0.27563246175685985	1.3130956771368862	0.032361308677098154	0.12886776667346936	NEU
NMH002_NPC_24H:BRD-A16694057-001-05-0:10	DB14083	Bisphenol A diglycidyl ether	0.22852555680842693	1.2750616014701945	0.03245749613601236	0.12909671262061262	NPC
LJP009_NPC.TAK_24H:P20	DB09074	Olaparib	-0.25441661112649	-1.2903465566610166	0.032465081162702907	0.12909671262061262	NPC.TAK
AML001_U937_6H:BRD-K26684619:1.11111	DB08784	2-(4-CHLORO-PHENYLAMINO)-NICOTINIC ACID	-0.2846313725603188	-1.335545227481945	0.032537652742256326	0.12928246296449558	U937
LPROT001_NPC.TAK_6H:O12	DB02546	Vorinostat	0.26470272454234506	1.2906025348795749	0.03255813953488372	0.12928246296449558	NPC.TAK
LJP009_NPC.CAS9_24H:I22	DB11363	Alectinib	0.2309273643057794	1.2491044545658907	0.032586558044806514	0.12930327690752172	NPC.CAS9
LJP009_NPC.TAK_24H:I15	DB12146	Rigosertib	0.2803000281403265	1.3104713145020623	0.032693674484719264	0.1296254712863118	NPC.TAK
KHW001_U937_6H:BRD-A37630846-001-02-2:1	DB00694	Daunorubicin	-0.27206107777908756	-1.3043071456062851	0.03271422541156606	0.1296254712863118	U937
PCLB001_JURKAT_6H:BRD-A58955223-001-02-0:10	DB12422	Sulforaphane	0.269326462718614	1.3072229874413612	0.03275774504824784	0.12970579107464492	JURKAT
LJP007_JURKAT_24H:K08	DB11962	GSK-1059615	-0.29155683902092083	-1.3289176098391695	0.03286153846153846	0.1300244844517185	JURKAT
CPC006_SKM1_6H:BRD-K64634304-001-01-5:40	DB00162	Vitamin A	0.2776625680319997	1.3130184978318873	0.03291046148189005	0.13007504795192273	SKM1
LJP007_NPC_24H:H08	DB09053	Ibrutinib	-0.27358979149551277	-1.3161623946982792	0.03292094778779618	0.13007504795192273	NPC
NMH001_NEU_24H:BRD-K09557221-001-01-6:10	DB13070	Surinabant	-0.239510375353423	-1.2544622830001106	0.03300970873786408	0.13033345014051217	NEU
CPC006_U937_6H:BRD-U88459701-000-01-8:10	DB01076	Atorvastatin	0.295098942224168	1.3268659687019073	0.0330568577954081	0.13040352607723907	U937
DOSBIO001_NEU_24H:BRD-A19500257:1.11111	DB02424	Geldanamycin	0.2838587613911419	1.3139872500128624	0.03307420494699646	0.13040352607723907	NEU
CPC006_WSUDLCL2_6H:BRD-K62965247-001-01-5:10	DB04960	Tipifarnib	0.2864455647644679	1.3177013269616116	0.033124916855128375	0.13047222462963648	WSUDLCL2
LJP009_NPC_24H:B13	DB11805	Saracatinib	-0.2226014009431707	-1.2430351598778546	0.03313840155945419	0.13047222462963648	NPC
CPC013_NPC_24H:BRD-K19540840-001-01-1:10	DB11805	Saracatinib	-0.250020646280707	-1.2862681610263251	0.033214709371293	0.13067722140736018	NPC
LJP007_NPC_24H:K06	DB12064	BMS-777607	-0.26303936545832746	-1.3005566513573188	0.03323731442499446	0.13067722140736018	NPC
CPC015_NPC_24H:BRD-A04756508-001-01-5:10	DB00957	Norgestimate	0.2347689150923125	1.2757173762111136	0.03337041156840934	0.13110811700010966	NPC
NMH002_NPC_24H:BRD-A30142024-001-01-1:10	DB04447	1,4-Dithiothreitol	-0.25834464260724493	-1.2858096564255646	0.03347280334728033	0.131417853535874	NPC
CPC017_NPC_24H:BRD-K81029756-001-02-8:10	DB00343	Diltiazem	0.22833369105054424	1.2785537414932624	0.033498759305210915	0.13142727015736408	NPC
CPC015_NPC_24H:BRD-K67017579-001-16-6:10	DB01166	Cilostazol	-0.2490616754930116	-1.2753735814033615	0.03353783231083845	0.13148810011396186	NPC
LJP007_NPC.CAS9_24H:K04	DB12064	BMS-777607	-0.26607784565704123	-1.2945805922341018	0.0336368234699039	0.13178359419845073	NPC.CAS9
DOSBIO001_NEU_24H:BRD-A90490067:1.11111	DB00947	Fulvestrant	-0.280879736805215	-1.3193060928099152	0.033712121212121214	0.13198591174906965	NEU
LJP009_NPC_24H:I04	DB11798	Tanzisertib	-0.2475381933870223	-1.261937667967471	0.03377110694183865	0.13205596565356048	NPC
CPC006_WSUDLCL2_6H:BRD-K71799949-001-20-8:96	DB00564	Carbamazepine	-0.24808749755672377	-1.2757517766314035	0.03377735490009515	0.13205596565356048	WSUDLCL2
CPC016_NEU_24H:BRD-K45401373-001-04-3:10	DB12480	Betulinic Acid	-0.26729435568626864	-1.3019072137846472	0.03391472868217054	0.13250018999848	NEU
CPC015_NPC_24H:BRD-A73741725-001-01-0:10	DB00990	Exemestane	0.2580591227844423	1.3103064754221156	0.033943554538520215	0.1325200075370219	NPC
LJP007_JURKAT_24H:F15	DB12247	AZD-4547	-0.24393656817325354	-1.2643739808067627	0.03398558187435633	0.13259130159233146	JURKAT
CPC015_NPC_24H:BRD-K54314721-001-04-5:10	DB00315	Zolmitriptan	0.26237616665657926	1.2900341121013557	0.034079844206426485	0.13286614313602613	NPC
CPC006_PL21_6H:BRD-K20285085-001-01-4:10	DB07159	Tamatinib	-0.2570031785391255	-1.2922389806320616	0.034531963470319636	0.13453479343639194	PL21
CPC014_NEU_24H:BRD-K24994810-001-01-9:10	DB01889	16,17-Androstene-3-Ol	0.25897896668933806	1.2981581429581572	0.03464203233256351	0.13486943362412548	NEU
NMH002_NEU_24H:BRD-K60623809-001-04-6:10	DB08009	SU-11652	-0.25836332479095137	-1.3184814818690396	0.03468823153862524	0.13491514903581656	NEU
CPC016_NEU_24H:BRD-A06352508-001-02-9:10	DB08683	REL-(9R,12S)-9,10,11,12-TETRAHYDRO-9,12-EPOXY-1H-DIINDOLO[1,2,3-FG:3',2',1'-KL]PYRROLO[3,4-I][1,6]BENZODIAZOCINE-1,3(2H)-DIONE	0.23633652812453546	1.2732244166023536	0.03470213996529786	0.13491514903581656	NEU
NMH002_NEU_6H:BRD-A56518012-003-03-7:10	DB00997	Doxorubicin	-0.24310771225624017	-1.2738311253327688	0.034818067754077794	0.1352715877437326	NEU
LJP008_NPC.CAS9_24H:H16	DB11841	Entinostat	-0.2896951588716115	-1.3202186682877235	0.03488528109486113	0.1354384016897914	NPC.CAS9
LJP007_NPC.CAS9_24H:O03	DB07101	PD-0325901	-0.2860248645664294	-1.312286117708516	0.03495733553537022	0.13562376561323397	NPC.CAS9
LJP007_NPC_24H:I05	DB01268	Sunitinib	-0.2872792604186624	-1.321006739020001	0.03498950314905528	0.13565423076343253	NPC
NMH002_NPC_6H:BRD-K97808269-001-01-9:10	DB04382	2-Deoxy-alpha-D-galactopyranose	0.2727884902095536	1.2985637405449275	0.03501564945226917	0.1356613252043123	NPC
LJP008_NPC.CAS9_24H:D24	DB13978	Selisistat	-0.2587234958682283	-1.280528118251848	0.03512826438641091	0.13600318321428626	NPC.CAS9
LJP009_NEU_24H:L21	DB12588	AZD-1480	0.2768752573620373	1.3072390747399958	0.03520756699947451	0.13621568397369507	NEU
LJP007_NEU_24H:A13	DB12742	Amuvatinib	0.22194338737759597	1.2759775656946637	0.03524804177545692	0.13627777204800703	NEU
CPC006_SKM1_6H:BRD-A71390734-001-01-7:0.08	DB01177	Idarubicin	0.24863675077798064	1.2736429618614027	0.035321100917431195	0.13644344408237308	SKM1
NMH001_NEU_6H:BRD-A19037878-001-02-3:10	DB04297	Trichostatin A	-0.27932488090924795	-1.2993047512920244	0.035339805825242716	0.13644344408237308	NEU
CPC016_NPC_24H:BRD-A97479839-003-08-3:10	DB13351	Piperidolate	0.22544366998496404	1.2607170353356212	0.03546099290780142	0.1368166524430319	NPC
LJP009_NPC.CAS9_24H:B20	DB16107	BI 2536	0.27895287181623457	1.3013961024860388	0.03567649281934996	0.13755297404226222	NPC.CAS9
NMH001_NPC_6H:BRD-K90259198-001-01-8:10	DB04513	N-(6-Aminohexyl)-5-Chloro-1-Naphthalenesulfonamide	-0.26194509659201554	-1.283072605981454	0.035732259687971814	0.13767284309336655	NPC
KHW001_U937_6H:BRD-K33240821-001-01-3:10	DB06809	Plerixafor	-0.28970449210563504	-1.3157010834670375	0.035783241086368905	0.1377741214774687	U937
NMH002_NPC_6H:BRD-K91509126-001-19-4:10	DB08399	Piceatannol	0.26017372681700546	1.3001170254700365	0.036053130929791274	0.13871752928090036	NPC
CPC006_WSUDLCL2_6H:BRD-K78513633-001-07-4:177.6	DB06266	Lonidamine	-0.27010518930234473	-1.3009367180072209	0.036119903183764665	0.13887866289608755	WSUDLCL2
CPC006_WSUDLCL2_6H:BRD-K61250553-003-13-2:10	DB00836	Loperamide	0.2568352802563726	1.2866829680985155	0.03630952380952381	0.13947417956364963	WSUDLCL2
CPC006_THP1_6H:BRD-K81473043-001-04-7:0.35	DB05134	Tanespimycin	0.27126820140382757	1.2961804481046009	0.03632478632478633	0.13947417956364963	THP1
CPC015_NPC_24H:BRD-K28936863-051-18-1:10	DB00920	Ketotifen	0.2659523194534284	1.2900355556098333	0.03642557651991614	0.13976498721087494	NPC
LJP009_NPC.TAK_24H:P21	DB09074	Olaparib	-0.2690650045187019	-1.3036458814319154	0.03649484536082474	0.13993453076841322	NPC.TAK
LJP007_NEU_24H:O05	DB07101	PD-0325901	0.21450569937440375	1.261505670082348	0.036585365853658534	0.14018527204502815	NEU
AML001_U937_6H:BRD-K71879491:0.37037	DB00982	Isotretinoin	0.263507139941841	1.2862809719855541	0.03670199017834066	0.14047148430598738	U937
CPC015_NPC_24H:BRD-A36074203-003-03-5:10	DB06458	Remacemide	-0.27036103028298825	-1.2980792508878651	0.0367104183757178	0.14047148430598738	NPC
LJP008_NEU_24H:A12	DB07232	Veliparib	0.221889310779036	1.2567582518715126	0.03687445127304653	0.1410024425307242	NEU
CPC016_NPC_24H:BRD-K07762753-001-02-8:10	DB07379	(2S)-2-({6-[(3-Amino-5-chlorophenyl)amino]-9-isopropyl-9H-purin-2-yl}amino)-3-methyl-1-butanol	-0.2181624880283861	-1.2331857539185347	0.03710575139146568	0.14177540580095557	NPC
CPC006_NOMO1_6H:BRD-K82818427-001-01-4:44.4	DB03880	Batimastat	-0.2739169357529383	-1.3050944263657536	0.03712741851141712	0.14177540580095557	NOMO1
NMH002_NEU_6H:BRD-K66956375-001-09-7:10	DB16495	Oleic monoethanolamide	0.23228865475642932	1.26921612316654	0.03724556084885232	0.14212926400529896	NEU
AML001_U937_24H:BRD-A75409952:0.37037	DB08059	Wortmannin	-0.27372141593620836	-1.313569435294767	0.03729263437292634	0.14221162485752292	U937
LJP008_NPC_24H:O02	DB07101	PD-0325901	-0.28358454309177233	-1.3193674058825722	0.037331869338457314	0.14226400207599274	NPC
CPC006_U937_6H:BRD-A84481105-003-17-2:10	DB00679	Thioridazine	-0.2430219481385356	-1.2921115159612526	0.0374331550802139	0.14246174523563213	U937
NMH002_NPC_24H:BRD-K27316855-001-10-9:10	DB00136	Calcitriol	-0.21100527433528238	-1.2075443653353457	0.0374414976599064	0.14246174523563213	NPC
LJP007_JURKAT_24H:I18	DB11526	Masitinib	0.2628079090929657	1.2913992993216934	0.03750738334317779	0.14246174523563213	JURKAT
NMH002_NPC_6H:BRD-K54771420-001-09-9:10	DB02691	Glycocholic acid	-0.2833732060623205	-1.3157011923357205	0.037509377344336084	0.14246174523563213	NPC
CPC006_THP1_6H:BRD-K98404142-001-01-9:11.1	DB05107	16-Bromoepiandrosterone	0.2600084259873752	1.293289982686264	0.03751143641354071	0.14246174523563213	THP1
LJP007_NEU_24H:P02	DB09054	Idelalisib	-0.2934862369552015	-1.3161691908975865	0.03757225433526012	0.14259565097715388	NEU
NMH002_NEU_6H:BRD-K91509126-001-19-4:10	DB08399	Piceatannol	0.271186423904619	1.3058408920511433	0.0377007214335583	0.14298594485236013	NEU
LJP008_NPC.CAS9_24H:K19	DB12332	Rucaparib	-0.2796602020178267	-1.3076452277829613	0.037738779313558006	0.14303305012930714	NPC.CAS9
LJP007_NEU_24H:P09	DB07859	4-(4-CHLOROPHENYL)-4-[4-(1H-PYRAZOL-4-YL)PHENYL]PIPERIDINE	0.21629926652428552	1.2872547666210905	0.037929267042542285	0.14361781758451447	NEU
CPC006_WSUDLCL2_6H:BRD-K56343971-001-02-3:10	DB08881	Vemurafenib	0.2792086617592464	1.2987236705174592	0.037944553346401566	0.14361781758451447	WSUDLCL2
LJP009_NPC_24H:E10	DB01782	Pyrazolanthrone	0.26451820489102723	1.2953480375073534	0.038498326159732185	0.1456150248441667	NPC
LJP009_NEU_24H:D01	DB11775	PF-03758309	-0.24420167980714752	-1.281016902401948	0.038608900677866195	0.14593432038063384	NEU
KHW001_U937_6H:BRD-A18929998-001-02-2:10	DB02097	Cytidine	-0.2431806719708364	-1.2419028428617216	0.03868471953578337	0.14612190270151346	U937
CPC015_NPC_24H:BRD-K92049597-001-10-9:10	DB00384	Triamterene	-0.26952952264829816	-1.3097976507808078	0.038753159224936815	0.14623427306616962	NPC
NMH002_NEU_24H:BRD-K81418486-001-29-3:10	DB02546	Vorinostat	-0.2654292163095806	-1.2895233189026032	0.03878326996197719	0.14623427306616962	NEU
CPC018_NPC_24H:BRD-K91301684-003-03-0:10	DB06174	Noscapine	0.2305571286548647	1.2474771823598299	0.03879310344827586	0.14623427306616962	NPC
NMH002_NEU_24H:BRD-K24994810-001-02-7:10	DB01889	16,17-Androstene-3-Ol	-0.22588115842850084	-1.266374871681299	0.038829487900956666	0.14627259486795222	NEU
CPC015_NPC_24H:BRD-K13032584-003-03-7:10	DB01168	Procarbazine	0.22815810671585196	1.2767711122064664	0.03914428766499772	0.14727708354256036	NPC
CPC006_PL21_6H:BRD-K58550667-001-01-2:0.08	DB12731	Daporinad	-0.29785186965581023	-1.316092765124016	0.03914893617021276	0.14727708354256036	PL21
LJP007_NPC.CAS9_24H:B16	DB12200	Tivantinib	-0.2725740575447363	-1.305198384873649	0.03932231750679774	0.1477549606812533	NPC.CAS9
LJP007_NEU_24H:E08	DB05913	OSI-930	0.2649951243262604	1.27182169607184	0.03932893289328933	0.1477549606812533	NEU
CPC006_PL21_6H:BRD-A01145011-001-01-4:11.1	DB03068	Zebularine	0.2559994348640585	1.2908093128741913	0.03943789664551224	0.14806462004395207	PL21
LJP009_NEU_24H:L10	DB05984	RAF-265	0.25314068852386207	1.2802904496040746	0.039514535704205475	0.14825258553716364	NEU
LJP009_NPC.TAK_24H:I20	DB11363	Alectinib	0.2545446368351845	1.2732623891766262	0.03958802703572578	0.14842849652709283	NPC.TAK
LJP008_NPC.CAS9_24H:G17	DB01254	Dasatinib	0.2663173876782538	1.2923453125228683	0.03967576791808874	0.14865756159504168	NPC.CAS9
LJP007_NPC.CAS9_24H:I05	DB01268	Sunitinib	-0.25555057822970323	-1.2793068856701004	0.039794007490636704	0.14891491501608997	NPC.CAS9
LJP007_NPC_24H:M21	DB12874	Quizartinib	0.23407475384731036	1.2330287847098629	0.03981481481481482	0.14891491501608997	NPC
NMH001_NEU_24H:BRD-K90259198-001-01-8:10	DB04513	N-(6-Aminohexyl)-5-Chloro-1-Naphthalenesulfonamide	0.2851783528841712	1.3078538690521289	0.0398251578436134	0.14891491501608997	NEU
NMH001_NPC_6H:BRD-K12539581-001-18-7:10	DB08313	Nocodazole	0.2646841551145349	1.2842865971181652	0.039851222104144525	0.14891491501608997	NPC
CPC014_NEU_24H:BRD-K14880289-001-01-4:10	DB05416	Cardarine	0.25108466076336106	1.2673523398299613	0.03991060025542784	0.14903697377846847	NEU
LJP009_NPC.TAK_24H:I02	DB11798	Tanzisertib	0.26064641184526544	1.2846079597519935	0.039969450101833	0.1491568977378771	NPC.TAK
AML001_U937_6H:BRD-K27316855:1.11111	DB00136	Calcitriol	-0.27908297457225556	-1.3004879780296166	0.04012816600549283	0.1495598349305764	U937
LJP007_NPC.CAS9_24H:E01	DB11743	Ipatasertib	0.26288445461346965	1.2687998683860555	0.04013104013104013	0.1495598349305764	NPC.CAS9
NMH002_NPC_24H:BRD-K47192521-001-04-7:10	DB00159	Icosapent	0.24123938096698486	1.3021184278918208	0.04022191400832178	0.1497581811665081	NPC
LJP008_NPC.CAS9_24H:C10	DB13877	Iniparib	-0.2471532920808331	-1.254142909566373	0.04025423728813559	0.1497581811665081	NPC.CAS9
LJP007_NEU_24H:M22	DB12874	Quizartinib	-0.237818555725961	-1.2710245550965464	0.040285094515029436	0.1497581811665081	NEU
NMH001_NEU_24H:BRD-K24125544-001-01-3:10	DB12161	Deutetrabenazine	0.24060810243184522	1.2520721160969437	0.04029163468917882	0.1497581811665081	NEU
DOSBIO002_NEU_24H:BRD-A90490067:3.33333	DB00947	Fulvestrant	-0.26249373240614304	-1.279919667719366	0.040499175888862725	0.15039900705411788	NEU
CPC013_NPC_24H:BRD-K31553034-001-01-4:10	DB06629	Zibotentan	0.24170447951263122	1.2642119857706262	0.04051796157059315	0.15039900705411788	NPC
LJP007_NEU_24H:H12	DB09053	Ibrutinib	0.22566100099411104	1.2574355299934923	0.04057543341940244	0.15051219617476475	NEU
LPROT003_NPC_6H:H05	DB01590	Everolimus	0.26070115262776566	1.2732641238701565	0.04064630143903055	0.15067489417166208	NPC
LJP008_NPC_24H:L23	DB05015	Belinostat	-0.24921443954094405	-1.269665256223373	0.04076265614727153	0.15100588223481265	NPC
CPC014_NPC_24H:BRD-K25991148-001-01-7:10	DB14055	(S)-Warfarin	-0.2730248143269121	-1.3008278922100531	0.04089347079037801	0.1513899625345182	NPC
NMH002_NEU_24H:BRD-A62336480-003-01-3:10	DB14068	Dexniguldipine	0.2760195252086333	1.2906164316056215	0.040944411237298264	0.15147803069820096	NEU
LJP007_NPC.TAK_24H:I16	DB11526	Masitinib	0.26640929342054503	1.2949627508425354	0.04097859327217125	0.15150402376768948	NPC.TAK
CPC012_NPC_24H:BRD-K87909389-003-01-8:10	DB03496	Alvocidib	0.2003495284356922	1.218124850557028	0.0410958904109589	0.15183706794883425	NPC
CPC014_NPC_24H:BRD-K99616396-001-01-0:10	DB05575	Motesanib	-0.24340495507978432	-1.2625583427327016	0.041241013999243285	0.15227241370071362	NPC
LJP007_JURKAT_24H:M15	DB07460	2-({5-CHLORO-2-[(2-METHOXY-4-MORPHOLIN-4-YLPHENYL)AMINO]PYRIMIDIN-4-YL}AMINO)-N-METHYLBENZAMIDE	-0.2628928911785675	-1.278167589760671	0.04132917964693666	0.1524970193454098	JURKAT
LJP009_NPC.TAK_24H:E10	DB01782	Pyrazolanthrone	-0.27601234089330945	-1.297333283085574	0.04146973624028053	0.15291451320854269	NPC.TAK
LJP008_NEU_24H:G18	DB01254	Dasatinib	-0.2315214628904746	-1.2580984040972596	0.04173838209982788	0.1536999884330178	NEU
CPC018_NPC_24H:BRD-K50388907-001-15-5:10	DB01039	Fenofibrate	0.23051466676597301	1.2386478119270352	0.04174573055028463	0.1536999884330178	NPC
LJP007_JURKAT_24H:P09	DB07859	4-(4-CHLOROPHENYL)-4-[4-(1H-PYRAZOL-4-YL)PHENYL]PIPERIDINE	-0.25818568671340186	-1.2619956358351219	0.0417654028436019	0.1536999884330178	JURKAT
CPC006_NOMO1_6H:BRD-K14888893-001-05-6:10	DB00350	Minoxidil	0.21298714338136354	1.233156001711838	0.04187604690117253	0.15400558052843874	NOMO1
AML001_HL60_6H:BRD-K26684619:0.37037	DB08784	2-(4-CHLORO-PHENYLAMINO)-NICOTINIC ACID	-0.2892361580364386	-1.3048936278631278	0.041934353463380446	0.1541184176364951	HL60
LPROT003_NPC_6H:L05	DB12500	Fedratinib	-0.27868482173499165	-1.2912372716963783	0.04200521232561705	0.15427720840330314	NPC
CPC012_NPC_24H:BRD-K18855837-046-01-4:10	DB01273	Varenicline	-0.2349834821969002	-1.2564366641345153	0.04229934924078091	0.15525530882520833	NPC
LJP007_NEU_24H:B09	DB07970	5-[(2-methyl-5-{[3-(trifluoromethyl)phenyl]carbamoyl}phenyl)amino]pyridine-3-carboxamide	0.2437722481209959	1.2679422882743523	0.04254044337926902	0.1560375631906258	NEU
CPC017_NPC_24H:BRD-K09963420-066-03-4:10	DB01232	Saquinavir	-0.24868647766176846	-1.2650779302296558	0.04273751082876119	0.15655881906590965	NPC
CPC015_NPC_24H:BRD-A97701745-001-09-5:10	DB00960	Pindolol	0.26026808009454944	1.2869629395845308	0.04273867743993196	0.15655881906590965	NPC
LJP007_JURKAT_24H:I11	DB06589	Pazopanib	-0.2663783575619863	-1.294662692792109	0.04291689398072377	0.15710849837169155	JURKAT
CPC017_NPC_24H:BRD-K37694030-003-05-1:10	DB14750	Cidoxepin	0.2547878770019733	1.2726490026168453	0.04300191728293618	0.15724573345171158	NPC
CPC014_NEU_24H:BRD-K62012036-001-06-0:10	DB00459	Acitretin	0.21528328156995535	1.2569440050399818	0.043010752688172046	0.15724573345171158	NEU
CPC006_NOMO1_6H:BRD-K96354014-001-09-6:10	DB01115	Nifedipine	0.26721988387429796	1.2803201120235668	0.04321796071094481	0.1578998053741723	NOMO1
CPC013_NPC_24H:BRD-K42125900-001-01-9:10	DB01248	Docetaxel	0.27024148124643005	1.2839784293507868	0.04328018223234624	0.1580236496559291	NPC
LJP007_JURKAT_24H:M02	DB07794	5-(2-PHENYLPYRAZOLO[1,5-A]PYRIDIN-3-YL)-1H-PYRAZOLO[3,4-C]PYRIDAZIN-3-AMINE	0.2679398083412113	1.2825131490983979	0.0433520418037546	0.15818249916490967	JURKAT
CPC006_SKM1_6H:BRD-A04706586-236-01-7:10	DB13242	Bucladesine	-0.25046312005677723	-1.2566693922785483	0.04340017958695001	0.1581901680514838	SKM1
LJP007_NPC.CAS9_24H:B04	DB01204	Mitoxantrone	-0.2267508986687369	-1.233466615504395	0.043410852713178294	0.1581901680514838	NPC.CAS9
LJP009_NEU_24H:G18	DB01254	Dasatinib	-0.23414289059955543	-1.230585995162804	0.04354032833690221	0.15845622774245702	NEU
NMH002_NEU_24H:BRD-K54028654-001-01-8:10	DB12310	Trehalose	0.233774233335508	1.241468715183283	0.04354066985645933	0.15845622774245702	NEU
LJP008_NEU_24H:J07	DB05223	Pracinostat	-0.25789791287998043	-1.2619221259800801	0.043593519882179674	0.15854514173577602	NEU
LJP007_NPC.CAS9_24H:I04	DB01268	Sunitinib	-0.26316361630521984	-1.2803111941847305	0.04371134020618557	0.15881364401148834	NPC.CAS9
CPC015_NPC_24H:BRD-K21733600-001-06-7:10	DB00533	Rofecoxib	0.2233322862119595	1.2482249327203816	0.04372427983539095	0.15881364401148834	NPC
CPC016_NEU_24H:BRD-K85266041-304-01-7:10	DB03759	FG-9041	-0.2704528825495094	-1.2941027150966582	0.04378313665127416	0.15892395535293333	NEU
LPROT001_NPC.TAK_6H:M02	DB12920	Pinometostat	-0.2590807382155012	-1.2723795386324896	0.04391785150078989	0.1593092935779628	NPC.TAK
LJP007_JURKAT_24H:M08	DB05575	Motesanib	0.2513298808153459	1.2618776766089044	0.04395604395604396	0.15934064560951047	JURKAT
CPC013_NPC_24H:BRD-A66395008-001-03-8:10	DB13063	Parthenolide	0.285544605061051	1.2943272437765319	0.04400840925017519	0.15934064560951047	NPC
LJP008_NPC.CAS9_24H:O01	DB07101	PD-0325901	-0.26391350127516816	-1.2798146210745032	0.04402684563758389	0.15934064560951047	NPC.CAS9
LJP007_NPC.TAK_24H:I20	DB13005	Rebastinib	-0.2658489872491415	-1.2692002582835353	0.04404073768235618	0.15934064560951047	NPC.TAK
NMH002_NEU_6H:BRD-K89732114-300-10-5:10	DB00831	Trifluoperazine	-0.27159924926783335	-1.2915157741584022	0.04413553431798436	0.15947113188025355	NEU
NMH001_NEU_24H:BRD-K81418486-001-28-5:10	DB02546	Vorinostat	-0.2726232749902487	-1.2828216686177996	0.04416234578937958	0.15947113188025355	NEU
CPC013_NEU_24H:BRD-A75409952:10	DB08059	Wortmannin	0.2559399685868361	1.2730395718124432	0.044162555790462764	0.15947113188025355	NEU
CPC006_THP1_6H:BRD-K54256913-001-01-2:10	DB11740	MK-1775	-0.24878840839472513	-1.25531399317686	0.044221479004087696	0.15955792978764693	THP1
LJP009_NPC.TAK_24H:D23	DB13061	MLN8054	-0.2397890125037859	-1.258190941572655	0.04424379232505643	0.15955792978764693	NPC.TAK
CPC006_PL21_6H:BRD-K19295594-001-08-5:11.1	DB13044	Gossypol	0.25403016201426515	1.2703846010600983	0.04427614331488494	0.15957144932412343	PL21
CPC015_NPC_24H:BRD-A73368467-003-07-7:10	DB00950	Fexofenadine	0.28280522142543657	1.2884622585413392	0.04453559917960739	0.16029909695104397	NPC
CPC016_NEU_24H:BRD-A36066264-001-03-1:10	DB13953	Estradiol benzoate	-0.28849100595853633	-1.2992385186194995	0.04454114936644055	0.16029909695104397	NEU
LJP008_NPC.TAK_24H:G11	DB02546	Vorinostat	-0.26783446418627505	-1.288858357129142	0.044564240790655886	0.16029909695104397	NPC.TAK
CPC006_SKM1_6H:BRD-K53414658-001-01-7:10	DB11800	Tivozanib	-0.2781720792011456	-1.294191688246561	0.04482348274494248	0.16112771277966115	SKM1
CPC018_NPC_24H:BRD-A53576514-048-06-9:10	DB01173	Orphenadrine	-0.2454617474137049	-1.2532889945267678	0.04485407066052227	0.16113384431104558	NPC
LJP007_NEU_24H:D09	DB08875	Cabozantinib	0.23000124829608826	1.2618332296750485	0.045019157088122604	0.16162282972627798	NEU
CPC017_NPC_24H:BRD-K22193694-001-08-6:10	DB11221	Dioxybenzone	0.25487794583472245	1.2618793970909805	0.045076806849660034	0.16172572695450374	NPC
CPC017_NPC_24H:BRD-K35559145-050-03-6:10	DB01403	Methotrimeprazine	0.24596830523164634	1.258263398676197	0.04514480408858603	0.16186559255155622	NPC
LJP008_NPC.CAS9_24H:D21	DB13978	Selisistat	-0.2610069809976918	-1.2722162760966016	0.045234639574262214	0.16208352869929923	NPC.CAS9
CPC014_NEU_24H:BRD-M30523314-002-01-5:10	DB00361	Vinorelbine	-0.25946218429756873	-1.271865991130742	0.04533333333333334	0.16223757845821146	NEU
NMH002_NPC_24H:BRD-K35483542-001-05-6:10	DB00982	Isotretinoin	-0.27723332586667965	-1.2804208777395394	0.04533579222375903	0.16223757845821146	NPC
LJP007_JURKAT_24H:K01	DB12064	BMS-777607	0.2623708236141642	1.265167131347574	0.045424476295479604	0.16245073926441073	JURKAT
LJP007_NPC.TAK_24H:J22	DB03044	Doramapimod	-0.28329288496206906	-1.2984000756304546	0.04570959354044067	0.1633656773620234	NPC.TAK
CPC006_WSUDLCL2_6H:BRD-K55966568-001-01-3:6	DB12072	Orantinib	0.23261978028018085	1.2278256128924172	0.045763760049474335	0.16345455654034396	WSUDLCL2
NMH001_NPC_24H:BRD-A14999564-001-01-0:10	DB07841	Geranylgeranyl diphosphate	0.24763557459216418	1.2697059737700378	0.04587495375508694	0.16364724629178923	NPC
CPC006_NOMO1_6H:BRD-K18849474-001-01-0:79.44	DB12181	Dalcetrapib	-0.2567771235315919	-1.2710599785558625	0.045904400926510845	0.16364724629178923	NOMO1
KHW001_SKM1_6H:BRD-A18929998-001-02-2:10	DB02097	Cytidine	-0.2327740553645444	-1.2456599208633665	0.04590570719602978	0.16364724629178923	SKM1
LJP007_JURKAT_24H:D07	DB08875	Cabozantinib	-0.26528327311191796	-1.2702218032027282	0.046016114592658905	0.16393608129785697	JURKAT
CPC014_NPC_24H:BRD-K64052750-001-05-0:10	DB00317	Gefitinib	-0.27435064967228334	-1.2831722801186094	0.04619826756496631	0.16447998388318255	NPC
CPC016_NPC_24H:BRD-K94270326-004-01-0:10	DB12273	Ecopipam	0.28344304058600583	1.2954175958689587	0.04645025072578517	0.16518922228411698	NPC
CPC006_SKM1_6H:BRD-K15563106-001-08-1:177.6	DB07810	Phloretin	0.2760160381051016	1.2835754865572249	0.046456692913385826	0.16518922228411698	SKM1
CPC006_SKM1_6H:BRD-A70155556-001-04-4:40	DB03785	Mevinolinic acid	0.2845898317215764	1.2998086049490616	0.04649853636568341	0.1652326970599667	SKM1
CPC012_NEU_24H:BRD-K05396879-001-02-6:10	DB08435	(5E,14E)-11-oxoprosta-5,9,12,14-tetraen-1-oic acid	-0.2641486099129146	-1.2678249555591925	0.04701049748973072	0.16694384089481923	NEU
LJP009_NPC_24H:P22	DB09074	Olaparib	-0.2606582565189512	-1.274286371003836	0.04708423326133909	0.16694384089481923	NPC
CPC016_NPC_24H:BRD-K85266041-304-01-7:10	DB03759	FG-9041	0.24027730870299116	1.2614219220786043	0.04709881039087157	0.16694384089481923	NPC
NMH001_NPC_6H:BRD-K49808142-001-01-1:10	DB14630	Tyramine O-sulfate	-0.25614404086531684	-1.268342000291201	0.047099767981438515	0.16694384089481923	NPC
AML001_HL60_24H:BRD-K19706299:0.37037	DB00374	Treprostinil	-0.21257266966572666	-1.2530318755944558	0.04722222222222222	0.1672716049382716	HL60
LJP008_NEU_24H:L23	DB05015	Belinostat	-0.2726699439127828	-1.2812287086028096	0.04750982961992136	0.16810392113552408	NEU
CPC006_U937_6H:BRD-K15108141-001-01-7:0.08	DB00441	Gemcitabine	0.26691009515156516	1.2680128035298983	0.04751745539177657	0.16810392113552408	U937
LJP008_NPC_24H:O01	DB07101	PD-0325901	-0.2848311237154323	-1.2916566739901174	0.047658402203856746	0.16849570715799544	NPC
KMS002_NOMO1_6H:BRD-K81418486-001-01-2:9.99	DB02546	Vorinostat	-0.255744025077183	-1.2748181453954859	0.04768952474921888	0.16849896046604945	NOMO1
CPC006_THP1_6H:BRD-A34255068-001-16-2:10	DB04149	(R)-Rolipram	-0.2832988783519283	-1.2876167945634756	0.0478637101135749	0.16900736628078125	THP1
LJP007_NPC.CAS9_24H:C01	DB11800	Tivozanib	0.287216970175011	1.2888755729208938	0.04796222664015905	0.16924811032602613	NPC.CAS9
CPC006_THP1_6H:BRD-A91699651-316-06-7:10	DB00608	Chloroquine	0.24075698277104343	1.235073179379713	0.048011639185257034	0.1693153824365038	THP1
CPC006_NOMO1_6H:BRD-K58550667-001-01-2:0.08	DB12731	Daporinad	-0.2734073003564417	-1.2925588754630444	0.048100845911428096	0.16952281701822952	NOMO1
CPC015_NPC_24H:BRD-A51714012-001-03-1:10	DB00285	Venlafaxine	-0.2604404684365534	-1.28935353717504	0.048138339305187725	0.16954785036846107	NPC
NMH002_NEU_24H:BRD-K71879491-001-29-1:10	DB00982	Isotretinoin	0.22711825103356365	1.2251812432627476	0.04821150855365474	0.16969842663775384	NEU
LJP008_NPC_24H:F01	DB12376	Ricolinostat	-0.2752128880209369	-1.2735336123221994	0.048369759942672876	0.17012748025924113	NPC
CPC018_NPC_24H:BRD-K54233340-001-02-2:10	DB08597	Dorsomorphin	-0.2443958357399989	-1.2386650333780935	0.04839439167797377	0.17012748025924113	NPC
LJP007_JURKAT_24H:M17	DB07460	2-({5-CHLORO-2-[(2-METHOXY-4-MORPHOLIN-4-YLPHENYL)AMINO]PYRIMIDIN-4-YL}AMINO)-N-METHYLBENZAMIDE	0.27147888048178004	1.281646296141424	0.04844680508610977	0.17020448713816522	JURKAT
LJP007_NEU_24H:H11	DB09053	Ibrutinib	0.2570528097773833	1.2869958437216074	0.04853293965676324	0.17038490208905124	NEU
CPC006_WSUDLCL2_6H:BRD-K64634304-001-01-5:40	DB00162	Vitamin A	0.24977441422358618	1.2636634876292436	0.04858177429088715	0.17038490208905124	WSUDLCL2
LJP009_NPC.TAK_24H:D18	DB16108	TAK-715	0.25148513958473834	1.2571297371573082	0.0485897793912315	0.17038490208905124	NPC.TAK
CPC006_PL21_6H:BRD-A02006392-001-09-9:10	DB01054	Nitrendipine	-0.2666218327634752	-1.2725757740668666	0.048626174981923356	0.17040542099506936	PL21
NMH002_NEU_6H:BRD-K82261406-001-02-0:10	DB07374	Anisomycin	0.279996417298946	1.299501029483978	0.048784039609727686	0.17085132265076633	NEU
NMH002_NPC_6H:BRD-K93754473-001-16-9:10	DB00675	Tamoxifen	-0.2772142767472331	-1.274079040657158	0.04898728214790391	0.1713687485084655	NPC
LJP007_NPC.TAK_24H:K08	DB11962	GSK-1059615	0.30190596622277777	1.283695104972607	0.04899321632389361	0.1713687485084655	NPC.TAK
NMH002_NEU_6H:BRD-K58550667-001-04-6:10	DB12731	Daporinad	-0.26144194661006853	-1.2765593123931882	0.04910864446686848	0.1716648668425183	NEU
NMH002_NPC_6H:BRD-K59773493-001-01-9:10	DB01924	Benzhydroxamic Acid	0.2639065432671758	1.2635960980057659	0.0491583779648049	0.17173111500666657	NPC
CPC017_NPC_24H:BRD-K28761384-003-03-6:10	DB13841	Clopenthixol	-0.26858559504667723	-1.280410246084141	0.049307479224376734	0.17214419686658183	NPC
LJP007_NEU_24H:E10	DB05913	OSI-930	-0.2292314708758201	-1.2374363451150285	0.049347702779353374	0.17217688167980766	NEU
LPROT001_NPC.TAK_6H:C14	DB12291	Tacedinaline	-0.2619758257646291	-1.263877937556981	0.049538923439845596	0.17273603366931162	NPC.TAK
LJP008_NPC_24H:N10	DB02665	(1R,2S)-2-Phenylcyclopropanaminium	-0.24087215506499637	-1.234344977167289	0.04980237154150197	0.17353298429782302	NPC
LJP009_NPC.CAS9_24H:D06	DB11775	PF-03758309	-0.2756451631111443	-1.2743909413947363	0.04985855728429986	0.17353298429782302	NPC.CAS9
NMH002_NPC_24H:BRD-K50590187-001-17-3:10	DB09120	Zucapsaicin	0.25549366763828124	1.2604612870242948	0.04986079473551	0.17353298429782302	NPC
CPC006_U937_6H:BRD-K82818427-001-01-4:44.4	DB03880	Batimastat	0.24359793076718786	1.2397618540962756	0.049947238832219486	0.17372546474124223	U937
LJP008_NPC.TAK_24H:G21	DB00928	Azacitidine	-0.24946192576646287	-1.2556561562906026	0.05004874878128047	0.17390960399691102	NPC.TAK
CPC017_NPC_24H:BRD-K02265150-001-15-8:10	DB00543	Amoxapine	0.22038170387609443	1.2240530644116225	0.05009276437847866	0.17390960399691102	NPC
LJP009_NPC.TAK_24H:I14	DB12146	Rigosertib	0.26108256528533363	1.2549218622965506	0.05011807924429284	0.17390960399691102	NPC.TAK
LJP009_NPC_24H:K21	DB12432	CC-401	-0.2455539984926914	-1.2425513093788993	0.05015458605290278	0.17390960399691102	NPC
CPC014_NPC_24H:BRD-K49685476-001-09-2:10	DB02877	Arotinoid acid	-0.3036838171897395	-1.290782894158174	0.05015604101649576	0.17390960399691102	NPC
NMH002_NEU_6H:BRD-K71879491-001-30-9:10	DB00982	Isotretinoin	-0.2389532005304057	-1.2529387658603717	0.0501877773984295	0.1739115590719492	NEU
CPC016_NPC_24H:BRD-K93658967-001-01-7:10	DB07364	6-PHENYL[5H]PYRROLO[2,3-B]PYRAZINE	-0.26774336356565465	-1.2719359206144978	0.05027286257648421	0.17409826214413743	NPC
NMH002_NPC_24H:BRD-K28912512-001-19-0:10	DB02701	Nicotinamide	0.20729575735750982	1.2349394272923484	0.05043859649122807	0.17456385224848722	NPC
CPC016_NEU_24H:BRD-K80396088-001-03-9:10	DB01251	Gliquidone	-0.26658511796006856	-1.2822527386814637	0.05085330115497328	0.1758899982291357	NEU
AML001_U937_24H:BRD-K71879491:0.37037	DB00982	Isotretinoin	-0.2446096744501415	-1.2433201071683484	0.050967261904761904	0.1761749406237092	U937
LJP009_NPC_24H:I20	DB11363	Alectinib	-0.2576578590959382	-1.2699898393621754	0.05116279069767442	0.17674130606955143	NPC
NMH002_NEU_6H:BRD-K54028654-001-01-8:10	DB12310	Trehalose	-0.2944577968894127	-1.288623994566276	0.05139311636619059	0.17742710161322853	NEU
LJP007_JURKAT_24H:F03	DB12848	PF-04217903	-0.25579713454836017	-1.2496779645206457	0.05148320666830106	0.17759013590743034	JURKAT
NMH002_NEU_24H:BRD-K92723993-066-14-4:10	DB00619	Imatinib	0.22586844972086126	1.2237505034064424	0.051535087719298246	0.17759013590743034	NEU
LJP008_NPC_24H:H16	DB11841	Entinostat	0.2680342894945723	1.2704315125181707	0.051535836177474405	0.17759013590743034	NPC
CPC006_NOMO1_6H:BRD-A45889380-300-04-8:10	DB01103	Quinacrine	-0.22609679844572375	-1.2227106292186543	0.051809794180269694	0.1784239763776078	NOMO1
LJP008_NPC.TAK_24H:F06	DB12376	Ricolinostat	0.23916905251213744	1.236172560550069	0.05194805194805195	0.17878974819135215	NPC.TAK
LJP009_NPC.CAS9_24H:B10	DB12242	AZD-7762	0.2634972085431774	1.2690073616017634	0.052093199469596514	0.17917876685627554	NPC.CAS9
CPC013_NEU_24H:BRD-K15600710-066-01-7:10	DB12191	Obatoclax	0.2646757554824905	1.2718043308431066	0.05214039358896328	0.17922271191563838	NEU
CPC013_NEU_24H:BRD-A66395008-001-03-8:10	DB13063	Parthenolide	0.2769770156262513	1.2837835375628501	0.05217022479852962	0.17922271191563838	NEU
CPC014_NEU_24H:BRD-K56343971-001-01-5:10	DB08881	Vemurafenib	-0.2651915072504152	-1.2790295647034722	0.052232062172420025	0.17932472299072696	NEU
NMH001_NPC_6H:BRD-K12807006-001-14-4:10	DB01852	Kaempherol	0.2492169964237595	1.2526387772134246	0.052270125906142696	0.17934503839506155	NPC
CPC014_NPC_24H:BRD-A39052811-377-01-4:10	DB11675	Mosapride	-0.2640666307834442	-1.2735523532106054	0.05236291783303145	0.179472254324033	NPC
LJP007_NEU_24H:N13	DB09330	Osimertinib	-0.21914633213337611	-1.2334323263266438	0.05237154150197629	0.179472254324033	NEU
CPC006_PL21_6H:BRD-K64890080-001-03-9:10	DB16107	BI 2536	0.2562782633180502	1.24884035286364	0.052440290758047764	0.17959753354152763	PL21
LJP007_NPC_24H:J22	DB03044	Doramapimod	0.2348338470272627	1.2241258953294196	0.05249062667380825	0.17962686376853945	NPC
NMH002_NEU_6H:BRD-K35483542-001-05-6:10	DB00982	Isotretinoin	-0.27300439015851874	-1.2765739301059509	0.05251324875541995	0.17962686376853945	NEU
LJP008_NPC.CAS9_24H:D19	DB13978	Selisistat	-0.24888879718235937	-1.246264213056279	0.05267034990791897	0.18005384934821073	NPC.CAS9
LJP008_NPC.CAS9_24H:K11	DB11962	GSK-1059615	0.2827322611734923	1.286621160663864	0.05271943246626791	0.18011127601304877	NPC.CAS9
NMH002_NPC_24H:BRD-K55591206-001-11-6:10	DB12116	Epigallocatechin gallate	0.2478952123565199	1.2496167607675839	0.0527697558414282	0.1801728689347172	NPC
CPC014_NPC_24H:BRD-K61341215-004-01-2:10	DB01339	Vecuronium	0.25770762137681114	1.2633545239998418	0.052809573361082204	0.18019853809264685	NPC
CPC014_NEU_24H:BRD-A19500257:10	DB02424	Geldanamycin	0.29015442611678316	1.2790669293362018	0.052847282139775666	0.18021698475416165	NEU
AML001_HL60_24H:BRD-K71879491:1.11111	DB00982	Isotretinoin	0.2904366289724195	1.2820404961332657	0.05290632054176072	0.1802320624805832	HL60
LJP008_NPC.CAS9_24H:D04	DB09074	Olaparib	0.26821530006838934	1.2698921339576112	0.052916314454775994	0.1802320624805832	NPC.CAS9
LJP007_NPC_24H:D09	DB08875	Cabozantinib	0.2577142026427143	1.261547468881591	0.053061224489795916	0.18061535779656582	NPC
LJP007_JURKAT_24H:G16	DB01254	Dasatinib	-0.2653449461562918	-1.2695276606914392	0.053428897214530056	0.18175598631698975	JURKAT
LJP007_NEU_24H:P05	DB09054	Idelalisib	0.23125427692338862	1.248648186890595	0.0536231884057971	0.1823057697233041	NEU
CPC006_U937_6H:BRD-K56700933-001-01-3:10	DB12695	Phenethyl Isothiocyanate	0.26416871713792656	1.270311678079527	0.05373248896564959	0.18256611202153414	U937
CPC006_WSUDLCL2_6H:BRD-A79768653-001-02-1:10	DB00877	Sirolimus	0.2521686546791575	1.246264658205624	0.053815489749430526	0.18273683342183378	WSUDLCL2
CPC006_WSUDLCL2_6H:BRD-A46335897-003-05-4:6.23	DB01069	Promethazine	-0.27630006124261614	-1.2878015738837538	0.0539142273655548	0.18296075089563882	WSUDLCL2
NMH002_NPC_6H:BRD-K61250553-003-24-9:10	DB00836	Loperamide	-0.22672593300704205	-1.2171167335058282	0.0540084388185654	0.18300478180683266	NPC
LJP009_NPC.CAS9_24H:A04	DB05134	Tanespimycin	0.3032605948675674	1.277525615024565	0.05402286793244519	0.18300478180683266	NPC.CAS9
LJP007_NPC.TAK_24H:B09	DB07970	5-[(2-methyl-5-{[3-(trifluoromethyl)phenyl]carbamoyl}phenyl)amino]pyridine-3-carboxamide	0.2662898185384251	1.2688347080787934	0.05402560954218558	0.18300478180683266	NPC.TAK
CPC006_U937_6H:BRD-A91699651-316-06-7:10	DB00608	Chloroquine	0.24696296628770717	1.2608410981668514	0.054245283018867926	0.18363739924894668	U937
CPC015_NPC_24H:BRD-K40887525-001-14-4:10	DB12693	Ritanserin	0.23388065646812142	1.235159608748357	0.05430410297666935	0.1837190401121037	NPC
LJP009_NPC.TAK_24H:D17	DB16108	TAK-715	-0.23542378121146643	-1.2380439338260507	0.05433526011560694	0.1837190401121037	NPC.TAK
NMH002_NEU_6H:BRD-K40438880-001-03-8:10	DB03566	Spermidine	-0.2570587653496956	-1.2643876740484326	0.054457292055203284	0.18402012863475417	NEU
CPC006_U937_6H:BRD-K12994359-001-07-7:177.6	DB00580	Valdecoxib	0.24059257857315317	1.2357136101831734	0.05450315719508142	0.18406362832406734	U937
CPC006_PL21_6H:BRD-A38030642-001-02-0:10	DB00091	Cyclosporine	-0.24649367608603528	-1.2537429630980603	0.05471507816439738	0.18466752636368602	PL21
KHW001_U937_6H:BRD-A23723433-001-01-2:1	DB01229	Paclitaxel	0.23939827545584053	1.2436391315729287	0.05478260869565217	0.18468735965779526	U937
LJP007_NEU_24H:M13	DB07460	2-({5-CHLORO-2-[(2-METHOXY-4-MORPHOLIN-4-YLPHENYL)AMINO]PYRIMIDIN-4-YL}AMINO)-N-METHYLBENZAMIDE	0.2836891990341286	1.2761743834425403	0.05478716261581845	0.18468735965779526	NEU
CPC014_NPC_24H:BRD-K43797669-001-13-0:10	DB01645	Genistein	-0.2368188542409371	-1.2352907952512326	0.05509783728115345	0.18552426265571842	NPC
CPC006_NOMO1_6H:BRD-K52075040-001-03-0:44.4	DB01034	Cerulenin	0.27375863711821125	1.2753399899842286	0.055115923920588644	0.18552426265571842	NOMO1
LJP007_NEU_24H:D12	DB08875	Cabozantinib	-0.23511947436416003	-1.2167526895173575	0.05514072372199885	0.18552426265571842	NEU
CPC013_NEU_24H:BRD-K77908580-001-04-7:10	DB11841	Entinostat	0.2451236526408484	1.227324092436562	0.05519053876478318	0.18552426265571842	NEU
CPC015_NPC_24H:BRD-A55393291-001-05-7:10	DB14093	(1,2,6,7-3H)Testosterone	0.2665247663742986	1.2569455065886819	0.055201698513800426	0.18552426265571842	NPC
NMH002_NEU_24H:BRD-A48430263-001-05-1:10	DB01132	Pioglitazone	-0.26578911105605774	-1.242654051945807	0.05525484889490302	0.1855910908998579	NEU
NMH002_NEU_24H:BRD-K93754473-001-16-9:10	DB00675	Tamoxifen	0.2388044480249148	1.2368202506431654	0.055346587855991405	0.185688958513157	NEU
CPC015_NPC_24H:BRD-A16665823-001-01-2:10	DB00639	Butoconazole	0.23231958224430319	1.214104714816227	0.055350553505535055	0.185688958513157	NPC
CPC013_NPC_24H:BRD-K66876909-001-04-3:10	DB00601	Linezolid	-0.26190454615504194	-1.2570160309839276	0.05543873064423628	0.1858730037645398	NPC
LJP009_NEU_24H:G17	DB01254	Dasatinib	-0.2193634754618653	-1.20769503833551	0.05564924114671164	0.18646673655105359	NEU
CPC014_NEU_24H:BRD-K81062487-001-01-7:10	DB04348	Taurocholic acid	0.25175176489681617	1.246599700314658	0.055873180873180876	0.18710472754590401	NEU
CPC014_NEU_24H:BRD-K43797669-001-13-0:10	DB01645	Genistein	-0.2794304662324801	-1.2665250693402306	0.056039663461538464	0.187549659539246	NEU
LJP007_NEU_24H:P06	DB09054	Idelalisib	0.22469424173039187	1.231143843246163	0.056195965417867436	0.18780870966754737	NEU
LJP007_NPC_24H:F03	DB12848	PF-04217903	0.2513316612019719	1.2462734755911895	0.056218057921635436	0.18780870966754737	NPC
CPC016_NPC_24H:BRD-K81709173-001-03-8:10	DB06786	Halcinonide	-0.225311123980552	-1.2230177652736667	0.056218057921635436	0.18780870966754737	NPC
LJP007_NPC.CAS9_24H:N15	DB09330	Osimertinib	-0.2822812994915596	-1.2740779755748222	0.056589344889115475	0.18884234984789888	NPC.CAS9
CPC016_NEU_24H:BRD-K35498378-001-05-3:10	DB02020	Alrestatin	-0.2514897850519985	-1.2395837692215095	0.05659516202647193	0.18884234984789888	NEU
NMH002_NEU_6H:BRD-K89085489-001-14-1:10	DB05076	Fenretinide	-0.2675973641804194	-1.2703760646671727	0.05668189605939463	0.18901870777965488	NEU
LJP009_NPC_24H:D03	DB11775	PF-03758309	-0.22451580140746172	-1.192388509494211	0.056732223903177004	0.18907352279320458	NPC
CPC006_PL21_6H:BRD-A19633847-050-20-6:10	DB01074	Perhexiline	0.2783490231392454	1.2757096364406206	0.0570097300260381	0.18978444691627339	PL21
LJP007_NPC.CAS9_24H:C05	DB11800	Tivozanib	-0.27690451547138345	-1.2763204352197972	0.05701357466063348	0.18978444691627339	NPC.CAS9
CPC015_NPC_24H:BRD-A34205397-001-03-7:10	DB13340	Suloctidil	-0.21436688055309655	-1.220710147168332	0.05706371191135734	0.1898380731982484	NPC
LJP007_NPC_24H:F02	DB12848	PF-04217903	0.27971715761730487	1.2820952162403874	0.0573015442969385	0.1905156827369606	NPC
LJP007_JURKAT_24H:M07	DB05575	Motesanib	-0.28017767658652454	-1.2729586825766168	0.057632800412583805	0.19150291453353488	JURKAT
CPC006_SKM1_6H:BRD-U94846492-000-01-1:10	DB00908	Quinidine	0.2783227926183176	1.2755087168889372	0.057771100792133295	0.19175162311181926	SKM1
LJP009_NEU_24H:I13	DB12146	Rigosertib	-0.24893890721656867	-1.2458611312374797	0.05777638975640225	0.19175162311181926	NEU
CPC014_NEU_24H:BRD-K77175907-001-03-1:10	DB00146	Calcifediol	0.2202335416245955	1.221286739437005	0.05794392523364486	0.19219331681242846	NEU
LJP007_NPC.TAK_24H:E04	DB11743	Ipatasertib	0.2577345546282158	1.252414284593842	0.05805168986083499	0.19243635040617849	NPC.TAK
LJP007_NPC_24H:M22	DB12874	Quizartinib	-0.27439036844530207	-1.267841695685853	0.05809257533395464	0.19245752837775115	NPC
LJP007_NPC.TAK_24H:H11	DB09053	Ibrutinib	0.2535218522969728	1.2553071506078752	0.05829796738887648	0.1930199111746997	NPC.TAK
CPC006_U937_6H:BRD-K44241590-001-03-3:11.1	DB07697	1-(2,3-dihydro-1,4-benzodioxin-6-ylsulfonyl)-4-[(4-methoxyphenyl)sulfonyl]piperazine	-0.25616678256783143	-1.2484090361822944	0.05835684062059238	0.1930199111746997	U937
LPROT002_NPC.TAK_6H:O18	DB02169	9,10-Deepithio-9,10-Didehydroacanthifolicin	0.26375638021309333	1.2510040371540054	0.05836909871244635	0.1930199111746997	NPC.TAK
LJP007_NPC_24H:A14	DB12742	Amuvatinib	0.25574180292909726	1.2499828082566689	0.05840071877807727	0.1930199111746997	NPC
NMH002_NPC_6H:BRD-K71879491-001-29-1:10	DB00982	Isotretinoin	-0.25326467888593385	-1.245931563517801	0.05843585237258348	0.1930216816972429	NPC
NMH002_NPC_24H:BRD-K31342827-001-12-0:10	DB03777	Bisindolylmaleimide I	-0.2689163229790324	-1.2637540635618203	0.05855263157894737	0.19320007757092197	NPC
LJP007_NPC.TAK_24H:N14	DB09330	Osimertinib	-0.26133633576271054	-1.249759750025236	0.05858854860186418	0.19320007757092197	NPC.TAK
LJP008_NPC.CAS9_24H:F04	DB12376	Ricolinostat	-0.2615975411375534	-1.2573193602066628	0.05859375	0.19320007757092197	NPC.CAS9
LJP008_NPC.CAS9_24H:K08	DB11962	GSK-1059615	0.2891574809652531	1.279316125175095	0.05876854772753826	0.19366197741992675	NPC.CAS9
LPROT003_NPC_6H:N11	DB01782	Pyrazolanthrone	0.27012796873767647	1.268338632559496	0.058865628913938095	0.1938673811752424	NPC
LJP009_NPC.CAS9_24H:O20	DB07232	Veliparib	0.25714661333078476	1.2524653300728246	0.05896443707388981	0.19407822680544617	NPC.CAS9
CPC017_NPC_24H:BRD-K68620903-001-03-1:10	DB00378	Dydrogesterone	-0.26195954616048467	-1.255199808911721	0.05906148867313916	0.19428304558221898	NPC
LPROT002_NPC.TAK_6H:I04	DB08877	Ruxolitinib	-0.2527507582307689	-1.2430714196849213	0.05912007332722273	0.1943611603374046	NPC.TAK
NMH001_NEU_24H:BRD-K03243820-001-16-2:10	DB00432	Trifluridine	0.22518969407619602	1.2179272339467446	0.05930470347648262	0.19485332196425004	NEU
LJP007_NEU_24H:C05	DB11800	Tivozanib	-0.213439122962554	-1.217345165050441	0.05941704035874439	0.1950285750371002	NEU
DOSBIO001_NPC_24H:BRD-A19500257:10	DB02424	Geldanamycin	0.2890728183647303	1.2678797238142914	0.059452025811911564	0.1950285750371002	NPC
CPC015_NPC_24H:BRD-K09859624-004-03-9:10	DB00940	Methantheline	0.21651861530914798	1.2115376972844227	0.05946291560102302	0.1950285750371002	NPC
CPC018_NPC_24H:BRD-K46556543-237-03-0:10	DB09015	Canrenoic acid	-0.2792792204177658	-1.2751027390034384	0.05950743842980372	0.1950599289070946	NPC
LJP008_NPC.TAK_24H:H17	DB11841	Entinostat	0.254805505569283	1.2396088030408523	0.05971983288277218	0.19564119063592836	NPC.TAK
CPC006_NOMO1_6H:BRD-K04430056-001-09-4:80	DB02207	7-Nitroindazole	-0.24154816360025508	-1.2290664879591804	0.060006704659738515	0.19646561343701946	NOMO1
CPC016_NEU_24H:BRD-K93332168-001-03-2:10	DB01247	Isocarboxazid	-0.23010808664949683	-1.2154073089362483	0.060203283815480846	0.19699361900678455	NEU
CPC018_NPC_24H:BRD-K37270826-001-16-9:10	DB00834	Mifepristone	-0.23261643379959604	-1.2255415924826076	0.060262800181241506	0.19707277972517373	NPC
CPC006_PL21_6H:BRD-A56359832-001-03-8:160	DB00744	Zileuton	0.2389167246771351	1.2374132567334402	0.06035345115038346	0.19717409163897082	PL21
CPC016_NPC_24H:BRD-K47598052-001-06-7:10	DB01809	1-Ter-Butyl-3-P-Tolyl-1h-Pyrazolo[3,4-D]Pyrimidin-4-Ylamine	-0.21620672703893895	-1.215889666463985	0.06036446469248292	0.19717409163897082	NPC
CPC016_NEU_24H:BRD-A63667919-103-01-9:10	DB00353	Methylergometrine	-0.25162318902080755	-1.2496711288561038	0.06047784967645595	0.19733305036785512	NEU
LJP007_NPC.CAS9_24H:G12	DB11963	Dacomitinib	-0.23159117935493842	-1.207072547926327	0.06048387096774194	0.19733305036785512	NPC.CAS9
CPC006_NOMO1_6H:BRD-K78126613-001-16-0:10	DB00170	Menadione	0.25284963838963675	1.2657898360819984	0.06055597295266717	0.19736344580701193	NOMO1
LJP008_NEU_24H:G22	DB00928	Azacitidine	-0.257601072233854	-1.263913001568605	0.06056393963463066	0.19736344580701193	NEU
LJP008_NPC.TAK_24H:D02	DB09074	Olaparib	-0.26930439011443297	-1.2582777073353926	0.0607621009268795	0.19789361416874535	NPC.TAK
CPC015_NPC_24H:BRD-K85119730-001-17-2:10	DB01124	Tolbutamide	-0.2659137579429505	-1.254298807127796	0.06088062311238277	0.1981639418576333	NPC
NMH002_NPC_6H:BRD-K92723993-066-14-4:10	DB00619	Imatinib	-0.26350485386895717	-1.2564642838903564	0.060958366064414765	0.19830129695240234	NPC
LJP007_JURKAT_24H:A13	DB12742	Amuvatinib	-0.2582778542696474	-1.242764767181803	0.061043065981825365	0.19836779338752705	JURKAT
DOSBIO002_NEU_24H:BRD-K81418486:3.33333	DB02546	Vorinostat	-0.25966457667589943	-1.252272348616826	0.06107156238291495	0.19836779338752705	NEU
LPROT003_NPC_6H:L19	DB11952	Duvelisib	0.2593162284636066	1.2528238302999148	0.061085475719622064	0.19836779338752705	NPC
LJP009_NEU_24H:I19	DB11363	Alectinib	-0.2474663859553299	-1.2333890907361713	0.061209162598573036	0.19865382090601452	NEU
LJP007_JURKAT_24H:I13	DB11526	Masitinib	-0.27210069128894493	-1.2575609073695386	0.06140635126377187	0.19917792657010655	JURKAT
LJP008_NPC.CAS9_24H:A09	DB07232	Veliparib	0.23945041546226883	1.2163446414570467	0.061694290976058934	0.19999561264115792	NPC.CAS9
LJP007_NPC_24H:F16	DB12247	AZD-4547	0.2788286161932905	1.2784231828912382	0.061758294986679584	0.20007784502851247	NPC
NMH001_NPC_24H:BRD-K81418486-001-22-8:10	DB02546	Vorinostat	-0.2562921642263907	-1.2271909322259058	0.06179138321995465	0.20007784502851247	NPC
CPC014_NPC_24H:BRD-K83988098-003-01-8:10	DB12442	Alvespimycin	-0.24098685834168948	-1.22287064715458	0.061949685534591195	0.20047406937209067	NPC
LJP007_NEU_24H:I22	DB13005	Rebastinib	-0.24807645408281725	-1.2541016818662052	0.06207627118644068	0.20076725620240726	NEU
LJP007_NPC.TAK_24H:B12	DB07970	5-[(2-methyl-5-{[3-(trifluoromethyl)phenyl]carbamoyl}phenyl)amino]pyridine-3-carboxamide	-0.23726850261993532	-1.2289178680560673	0.06234793187347932	0.20152723191320476	NPC.TAK
LJP008_NPC_24H:B03	DB00877	Sirolimus	0.28177694217107657	1.2672399451269147	0.0623834969553871	0.20152723191320476	NPC
CPC006_SKM1_6H:BRD-K64890080-001-03-9:10	DB16107	BI 2536	0.2484970021858532	1.2294031397747263	0.062424969987995196	0.2015445066915655	SKM1
CPC006_THP1_6H:BRD-A19037878:10	DB04297	Trichostatin A	-0.1909911462519902	-1.1529476324413346	0.0625	0.20167004048582995	THP1
NMH001_NPC_6H:BRD-K25210139-001-01-3:10	DB13575	Bietaserpine	0.2671197761574635	1.2602078396088006	0.0627533403392884	0.20237045419242194	NPC
LJP007_NPC_24H:L07	DB11836	Sapanisertib	0.3014951072858759	1.2640400213136849	0.06285957809503516	0.20249804167848412	NPC
LJP009_NEU_24H:G14	DB01254	Dasatinib	-0.22372590085307262	-1.2004711996438389	0.06286549707602339	0.20249804167848412	NEU
CPC006_WSUDLCL2_6H:BRD-K41260949-236-02-8:10	DB00313	Valproic acid	0.23682510990242805	1.2258175712869759	0.06297633373445648	0.20273800686932064	WSUDLCL2
CPC006_SKM1_6H:BRD-A26711594-003-06-4:10	DB00622	Nicardipine	0.24606035854954506	1.2415623761339758	0.06329456315931836	0.20364496416714944	SKM1
NMH002_NEU_6H:BRD-K01638814-050-01-2:10	DB11738	Rilmenidine	0.27794771459329903	1.2633396700435775	0.06336507936507936	0.20375433877681715	NEU
LPROT003_NPC_6H:F13	DB11794	Berzosertib	0.2409296236144139	1.2278672990980526	0.06345332519829164	0.2039114861377961	NPC
LJP009_NEU_24H:K21	DB12432	CC-401	0.2382529415409468	1.2205879016408883	0.0634870499052432	0.2039114861377961	NEU
CPC006_PL21_6H:BRD-A47829399-001-01-1:10	DB09274	Artesunate	-0.25685785808729794	-1.2525772947108738	0.06359466221851542	0.20413959753572933	PL21
CPC015_NPC_24H:BRD-A67862938-034-09-9:10	DB13588	Naftidrofuryl	0.23926128815086894	1.2184619150000582	0.06367924528301887	0.20429356494189896	NPC
LJP009_NEU_24H:I15	DB12146	Rigosertib	-0.2603776158950757	-1.2513405647226299	0.06392199349945829	0.20495448375487232	NEU
AML001_U937_6H:BRD-A45664787:3.33333	DB01088	Iloprost	-0.2739039110416788	-1.2673272566171765	0.06399222654081066	0.20506182186742258	U937
LJP007_NPC_24H:K20	DB01590	Everolimus	-0.22206812166148035	-1.2219151090608773	0.06422018348623854	0.2056741697300372	NPC
NMH001_NEU_6H:BRD-A77098556-001-01-5:10	DB12885	CF-102	-0.2664181728769314	-1.2438541628270035	0.06433949349760439	0.20593805750036423	NEU
CPC014_NEU_24H:BRD-K58772419-001-02-1:10	DB14980	AZD-6482	0.2882591117932439	1.2714423888437205	0.06482352941176471	0.20736838909875877	NEU
NMH002_NEU_24H:BRD-K99792991-001-29-9:10	DB00756	Hexachlorophene	0.2638863118475494	1.2530870991722667	0.06491928484638083	0.20747947832856625	NEU
LJP009_NPC_24H:K24	DB12432	CC-401	-0.257094099473461	-1.2449734800554582	0.06493263473053892	0.20747947832856625	NPC
CPC014_NEU_24H:BRD-K52911425-001-01-5:10	DB11663	Pictilisib	0.25269458663092126	1.2298838094382987	0.06497742097340692	0.20750373875823538	NEU
NMH002_NPC_6H:BRD-A79067928-001-04-3:10	DB00773	Etoposide	-0.2723540986283462	-1.2576991484118099	0.06526019690576652	0.20828755065061297	NPC
NMH002_NEU_6H:BRD-K77830450-001-03-2:10	DB02587	Colforsin	-0.24788913581798014	-1.2347104909112114	0.06543525250540382	0.20872685747721437	NEU
LJP009_NPC.CAS9_24H:D13	DB16108	TAK-715	-0.24283867647659038	-1.2200393868459931	0.06557377049180328	0.20904918032786884	NPC.CAS9
CPC006_NOMO1_6H:BRD-A34255068-001-16-2:10	DB04149	(R)-Rolipram	0.26476297327070425	1.2640113263686343	0.06586231369765791	0.20979700421173408	NOMO1
CPC014_NPC_24H:BRD-K46212057-001-01-2:10	DB00582	Voriconazole	0.24792970110919366	1.2371248781285444	0.0658835546475996	0.20979700421173408	NPC
LJP008_NPC_24H:J02	DB12116	Epigallocatechin gallate	0.23206444058000997	1.202695686022659	0.06597077244258873	0.20995180824240656	NPC
CPC006_SKM1_6H:BRD-A13122391-001-01-9:0.08	DB12025	Triptolide	0.26239262529364754	1.2606307854582752	0.06602843868787836	0.20995180824240656	SKM1
LJP007_NPC.TAK_24H:D24	DB06616	Bosutinib	-0.2374985514824963	-1.2260926050174232	0.06604506604506605	0.20995180824240656	NPC.TAK
CPC012_NEU_24H:BRD-A19248578-001-02-9:10	DB08080	Latrunculin B	-0.25500966565118693	-1.23255274760053	0.06610729722857869	0.21002996084182263	NEU
CPC006_U937_6H:BRD-A13084692-001-04-1:10	DB08607	(5R)-5-(4-{[(2R)-6-HYDROXY-2,5,7,8-TETRAMETHYL-3,4-DIHYDRO-2H-CHROMEN-2-YL]METHOXY}BENZYL)-1,3-THIAZOLIDINE-2,4-DIONE	0.2913178694739713	1.2585263083468619	0.06637921252694882	0.21058939510109145	U937
LJP008_NPC.CAS9_24H:P14	DB11662	Rabusertib	-0.2624791244129275	-1.24139460881666	0.06638313609467456	0.21058939510109145	NPC.CAS9
CPC018_NPC_24H:BRD-A15131297-003-01-9:10	DB00542	Benazepril	-0.2638185212001558	-1.2504655661173851	0.06643412081813857	0.21058939510109145	NPC
CPC016_NEU_24H:BRD-K72222507-003-07-7:10	DB00881	Quinapril	-0.2592394883444207	-1.2357137610573288	0.06646058732612056	0.21058939510109145	NEU
CPC006_PL21_6H:BRD-K63195589-001-01-4:10	DB04960	Tipifarnib	0.25929721618074014	1.2469917895640763	0.06647211413748379	0.21058939510109145	PL21
NMH002_NEU_6H:BRD-A48430263-001-05-1:10	DB01132	Pioglitazone	-0.2690577751580962	-1.259821378101904	0.06658686218764027	0.21067407914433742	NEU
NMH002_NPC_6H:BRD-K32164935-001-25-8:10	DB00839	Tolazamide	0.2665107061586079	1.245419181946726	0.06660899653979238	0.21067407914433742	NPC
LJP007_NPC.TAK_24H:D11	DB08875	Cabozantinib	0.29341329850679226	1.2750983886323493	0.06661213041953956	0.21067407914433742	NPC.TAK
CPC016_NEU_24H:BRD-K27450477-001-03-9:10	DB07711	(2S,3R)-3-(6-amino-9H-purin-9-yl)nonan-2-ol	0.2698609130558508	1.2534479710573279	0.06666666666666667	0.21072710103871578	NEU
LJP007_NPC.CAS9_24H:A16	DB12742	Amuvatinib	-0.2707973792722261	-1.2561231900893999	0.0667433831990794	0.2108501329941472	NPC.CAS9
CPC015_NPC_24H:BRD-A92177080-001-01-3:10	DB14649	Dexamethasone acetate	0.2388507901031753	1.2181897761960796	0.06682909850330665	0.21100143777586178	NPC
CPC017_NPC_24H:BRD-K53857191-001-05-2:10	DB00734	Risperidone	0.22735865185852272	1.226621643961946	0.0669002867155145	0.21102009816084583	NPC
LJP008_NPC.TAK_24H:M14	DB01262	Decitabine	-0.2651045264876668	-1.2454561689281012	0.06693227091633466	0.21102009816084583	NPC.TAK
NMH002_NEU_24H:BRD-K00959089-001-02-2:10	DB04795	Thenoyltrifluoroacetone	-0.24091818773531276	-1.2251477822857706	0.066953097028285	0.21102009816084583	NEU
LJP008_NPC.TAK_24H:J10	DB05223	Pracinostat	-0.27127551751385737	-1.2487899610591993	0.06701289998324678	0.21102009816084583	NPC.TAK
LPROT002_NPC.TAK_6H:A10	DB00162	Vitamin A	0.24451820603083196	1.222364506553996	0.06702412868632708	0.21102009816084583	NPC.TAK
LJP008_NPC.TAK_24H:A24	DB11740	MK-1775	-0.2414176737078057	-1.2150253553860595	0.06720321931589537	0.21146461396693755	NPC.TAK
NMH002_NEU_24H:BRD-K35960502-001-16-8:10	DB06803	Niclosamide	0.27430131926039597	1.2641703081096858	0.06731266149870802	0.2116895932927238	NEU
LPROT003_NPC_6H:N01	DB08895	Tofacitinib	0.24186474319359885	1.2264804842214991	0.06766917293233082	0.21256588095426898	NPC
CPC015_NPC_24H:BRD-K46937689-001-08-5:10	DB01435	Antipyrine	-0.23641495277310215	-1.2052011389394834	0.06769230769230769	0.21256588095426898	NPC
NMH002_NPC_6H:BRD-K27305650-001-11-7:10	DB02656	LY-294002	0.26470826446707346	1.2533160868353066	0.0677056050288109	0.21256588095426898	NPC
LJP009_NPC.TAK_24H:G16	DB01254	Dasatinib	-0.2510814121059986	-1.2294554506095074	0.0678617157490397	0.21293617107080565	NPC.TAK
CPC014_NEU_24H:BRD-K77286328-001-02-9:10	DB07340	Reversine	-0.2501517915702066	-1.2335971034690936	0.06794545874740004	0.21306419177732377	NEU
LJP008_NPC.CAS9_24H:G07	DB02546	Vorinostat	-0.2636732052587595	-1.2426848035167015	0.0679788961038961	0.21306419177732377	NPC.CAS9
LJP009_NPC_24H:E18	DB13113	JNJ-38877605	0.2633241605457464	1.249245780728973	0.06814095649047106	0.2134522157553835	NPC
CPC016_NPC_24H:BRD-K67100011-003-03-0:10	DB01605	Pivmecillinam	-0.22442818816374996	-1.206353531220252	0.06820234869015357	0.21347635428752468	NPC
CPC015_NPC_24H:BRD-K21450440-001-08-8:10	DB00562	Benzthiazide	-0.25210088141545334	-1.222267765664017	0.06822519083969465	0.21347635428752468	NPC
CPC016_NPC_24H:BRD-K31627533-001-03-8:10	DB00896	Rimexolone	-0.2685633931118672	-1.2510558564939775	0.06829340871894063	0.21357002648148532	NPC
CPC018_NPC_24H:BRD-K98548675-001-02-6:10	DB13063	Parthenolide	-0.22637023009836796	-1.2075181152737757	0.06841216216216216	0.21382154213036564	NPC
LJP009_NPC_24H:E09	DB01782	Pyrazolanthrone	-0.2767416897469204	-1.2561900399790962	0.06856692499671614	0.21418526011012282	NPC
NMH002_NEU_6H:BRD-A73908300-001-03-4:10	DB13978	Selisistat	0.2168932296395349	1.2056359540611774	0.06860959319975714	0.21419861245743987	NEU
LPROT003_NPC_6H:N17	DB11648	Afuresertib	-0.2586403926842018	-1.2286416163385827	0.06865732277066829	0.21422774258252705	NPC
LJP009_NPC.CAS9_24H:L24	DB12588	AZD-1480	-0.22647480841869466	-1.1925631589529595	0.06886657101865136	0.21476053645223922	NPC.CAS9
LJP007_NPC.TAK_24H:H12	DB09053	Ibrutinib	0.22131072788809655	1.197291162466243	0.06896551724137931	0.21493259084593322	NPC.TAK
CPC018_NPC_24H:BRD-K88611939-001-01-8:10	DB04599	Aniracetam	-0.24584455125210758	-1.232093466842727	0.0689987937273824	0.21493259084593322	NPC
LJP007_NPC.CAS9_24H:G15	DB01254	Dasatinib	-0.24125090315462927	-1.215648104041957	0.06903765690376569	0.2149336427824268	NPC.CAS9
NMH002_NEU_6H:BRD-K37846922-001-08-6:10	DB11875	3,3'-diindolylmethane	-0.2562976646593343	-1.2233622429952729	0.06911354367890105	0.2150400863398088	NEU
LJP007_NPC.TAK_24H:G09	DB11963	Dacomitinib	-0.2369456525445148	-1.2142305123094141	0.06914893617021277	0.2150400863398088	NPC.TAK
LJP007_NEU_24H:A16	DB12742	Amuvatinib	0.24358569882780712	1.2281436432140542	0.06921985815602837	0.21514071791224637	NEU
DOSBIO002_NPC_24H:BRD-A19500257:10	DB02424	Geldanamycin	0.2790953996999467	1.2642552622634442	0.06930372925199396	0.21518611889917943	NPC
LJP007_NPC_24H:F14	DB12247	AZD-4547	0.28181959866451445	1.2608898988715154	0.06931160703743063	0.21518611889917943	NPC
LJP008_NPC.TAK_24H:A10	DB07232	Veliparib	-0.2591134394531373	-1.2404364173939098	0.06942773672452311	0.2154267759655809	NPC.TAK
CPC018_NPC_24H:BRD-A05352148-004-02-0:10	DB00332	Ipratropium	0.23815186084315854	1.2152620522675632	0.0695780903034789	0.2157628434167035	NPC
CPC006_NOMO1_6H:BRD-K78513633-001-07-4:177.6	DB06266	Lonidamine	0.2743938235229223	1.2649002050544635	0.06961339274960858	0.2157628434167035	NOMO1
LJP007_NEU_24H:N18	DB09330	Osimertinib	0.22209430733404897	1.217045346173484	0.06968085106382979	0.21585200893120846	NEU
NMH001_NPC_6H:BRD-K22134346-001-18-1:10	DB00641	Simvastatin	0.2707342575201645	1.2553424344122153	0.06980205387706503	0.21604107642169457	NPC
NMH002_NPC_24H:BRD-K49685476-001-11-8:10	DB02877	Arotinoid acid	-0.23505082649436426	-1.224440558484866	0.069836153639538	0.21604107642169457	NPC
LJP007_NEU_24H:M03	DB07794	5-(2-PHENYLPYRAZOLO[1,5-A]PYRIDIN-3-YL)-1H-PYRAZOLO[3,4-C]PYRIDAZIN-3-AMINE	-0.2420688118731695	-1.2293447786027145	0.06985805733370443	0.21604107642169457	NEU
CPC006_NOMO1_6H:BRD-K41260949-236-02-8:10	DB00313	Valproic acid	-0.28043796388656494	-1.2598884258262224	0.07033465683494045	0.2173944878017356	NOMO1
CPC006_WSUDLCL2_6H:BRD-K17561142-003-16-8:10	DB01118	Amiodarone	-0.29197688130897026	-1.2546175089684952	0.07041484716157205	0.21746475064662618	WSUDLCL2
LJP009_NPC_24H:N07	DB08896	Regorafenib	0.28290111873851287	1.2551396908799586	0.07043534762833008	0.21746475064662618	NPC
CPC014_NPC_24H:BRD-K52911425-001-02-3:10	DB11663	Pictilisib	-0.2548748302287344	-1.2349360480448437	0.0705114254624592	0.21751955770004247	NPC
CPC015_NPC_24H:BRD-A01593789-001-02-3:10	DB15903	Chlormadinone acetate	0.25941286161178767	1.2457310928698442	0.07053107723236723	0.21751955770004247	NPC
LJP007_NEU_24H:M18	DB07460	2-({5-CHLORO-2-[(2-METHOXY-4-MORPHOLIN-4-YLPHENYL)AMINO]PYRIMIDIN-4-YL}AMINO)-N-METHYLBENZAMIDE	-0.2349642539220463	-1.2174522675295676	0.07075936883629191	0.21810304902633842	NEU
CPC014_NPC_24H:BRD-K53972329-001-02-1:10	DB08877	Ruxolitinib	-0.25376745066394074	-1.2330225518899647	0.07095793208312215	0.21846169919628705	NPC
LJP007_NPC.TAK_24H:D23	DB06616	Bosutinib	-0.2788892682347586	-1.2528947899318676	0.07096451774112944	0.21846169919628705	NPC.TAK
LJP009_NPC.TAK_24H:F01	DB11962	GSK-1059615	-0.2443401477622946	-1.2179787670248123	0.07101669195751138	0.21846169919628705	NPC.TAK
CPC006_NOMO1_6H:BRD-K20285085-001-01-4:10	DB07159	Tamatinib	-0.2590819673869785	-1.243497204237202	0.07103235747303543	0.21846169919628705	NOMO1
DOSBIO001_NPC_24H:BRD-A90490067:1.11111	DB00947	Fulvestrant	-0.2333463220049371	-1.2094453133922298	0.07108831073653353	0.2185133253989645	NPC
NMH002_NEU_6H:BRD-K32610195-001-14-9:10	DB01536	Androstenedione	0.20765163121005975	1.1827151795273056	0.07124352331606218	0.2187910411081913	NEU
CPC006_THP1_6H:BRD-K76205745-237-05-8:160	DB00678	Losartan	0.29398810806083175	1.2546799917561053	0.07125709297250109	0.2187910411081913	THP1
NMH002_NEU_24H:BRD-K52313696-001-08-1:10	DB12291	Tacedinaline	-0.22878432727671708	-1.2266306567534042	0.07133757961783439	0.21884540357542095	NEU
NMH002_NPC_24H:BRD-K81418486-001-22-8:10	DB02546	Vorinostat	-0.26627237928693964	-1.2337578005669527	0.07135325131810194	0.21884540357542095	NPC
LJP008_NEU_24H:C08	DB13877	Iniparib	-0.22239283015481406	-1.2185705043444317	0.07140007977662545	0.21886870608450185	NEU
AML001_HL60_24H:BRD-K93754473:4.48614	DB00675	Tamoxifen	-0.2219352396406982	-1.2218156578603152	0.0715312724658519	0.21915044980065226	HL60
LJP008_NPC_24H:D22	DB13978	Selisistat	-0.26068531711445403	-1.239665657071995	0.071622539035981	0.21930962968262238	NPC
CPC015_NPC_24H:BRD-K15933101-001-01-6:10	DB00268	Ropinirole	-0.22643011361730428	-1.192341477321219	0.07183725365543547	0.2198464279449668	NPC
LJP007_NPC.CAS9_24H:K06	DB12064	BMS-777607	0.2835521648255569	1.2576941508012307	0.07200886262924668	0.22025079200031097	NPC.CAS9
CPC012_NEU_24H:BRD-K55591206-001-07-4:10	DB12116	Epigallocatechin gallate	-0.25139348012105595	-1.2149443158572029	0.07209372183838991	0.2203895200747273	NEU
NMH002_NPC_24H:BRD-K08807999-001-01-6:10	DB12445	Nitroaspirin	-0.20679048123843194	-1.175325462868354	0.07238883143743537	0.22105609458590827	NPC
LJP007_NEU_24H:I15	DB11526	Masitinib	0.23379203247743346	1.225942348010109	0.07239101717305152	0.22105609458590827	NEU
LJP009_NPC_24H:E20	DB08901	Ponatinib	-0.2169962415393581	-1.1922854417119984	0.07244785949506037	0.2211086477696618	NPC
NMH002_NPC_24H:BRD-K32107296-001-11-0:10	DB00853	Temozolomide	0.2182038794634715	1.188926378089521	0.07252162341982701	0.22121275946375882	NPC
CPC015_NPC_24H:BRD-K54790157-001-10-6:10	DB04571	Trioxsalen	0.25039595704951867	1.2411455724715175	0.07260726072607261	0.2213529549676279	NPC
CPC015_NPC_24H:BRD-A41304429-001-04-9:10	DB01297	Practolol	-0.26092191721928415	-1.2352000640816507	0.07277544023687081	0.2217445008637369	NPC
CPC006_SKM1_6H:BRD-K54233340-300-01-0:10	DB08597	Dorsomorphin	0.25941356652792363	1.235192025809617	0.07293103448275862	0.2219826696925934	SKM1
CPC006_U937_6H:BRD-K57080016-001-04-3:80	DB11689	Selumetinib	0.24966085385441353	1.2221395312890084	0.07295519934237567	0.2219826696925934	U937
LJP007_NEU_24H:P21	DB11886	Infigratinib	0.21465093216225675	1.2034957922009755	0.07297297297297298	0.2219826696925934	NEU
LJP008_NPC.CAS9_24H:J05	DB12116	Epigallocatechin gallate	-0.24674571161534056	-1.21772772253846	0.07306551631167431	0.22212569960786102	NPC.CAS9
LJP007_NEU_24H:I24	DB13005	Rebastinib	-0.19932718148975123	-1.1971399774846814	0.0731070496083551	0.22212569960786102	NEU
CPC006_THP1_6H:BRD-A97437073-001-03-1:80	DB00412	Rosiglitazone	-0.23398733074932904	-1.2069771452094258	0.07313943541488452	0.22212569960786102	THP1
LJP007_JURKAT_24H:E05	DB11743	Ipatasertib	0.2568699478655006	1.2308028129515836	0.0736259228876128	0.22329397638583148	JURKAT
NMH002_NEU_24H:BRD-K05396879-001-06-7:10	DB08435	(5E,14E)-11-oxoprosta-5,9,12,14-tetraen-1-oic acid	0.2330465775889567	1.2145410645298595	0.07363557609009529	0.22329397638583148	NEU
LJP008_NPC.TAK_24H:C08	DB13877	Iniparib	0.2301207180304738	1.202824976548864	0.07365079365079365	0.22329397638583148	NPC.TAK
CPC006_PL21_6H:BRD-K18849474-001-01-0:79.44	DB12181	Dalcetrapib	-0.24982812094109177	-1.2209614566256919	0.07368421052631578	0.22329397638583148	PL21
LJP008_NEU_24H:A09	DB07232	Veliparib	0.21755296230708285	1.2102148117110518	0.07388092133854846	0.22376854513993585	NEU
NMH002_NEU_6H:BRD-A97437073-050-09-5:10	DB00412	Rosiglitazone	0.2540594761093027	1.2434484320557675	0.07408026755852842	0.22425057661911563	NEU
LJP008_NEU_24H:J09	DB05223	Pracinostat	-0.24134933170965675	-1.2087495906809882	0.07415658816040738	0.2243210859408297	NEU
LJP009_NPC.CAS9_24H:K20	DB12432	CC-401	-0.2417888007090052	-1.2074849998582078	0.07418397626112759	0.2243210859408297	NPC.CAS9
CPC016_NEU_24H:BRD-K67043667-001-15-7:10	DB00488	Altretamine	-0.24043501991073668	-1.2170547519255188	0.0744336569579288	0.22495415610416294	NEU
AML001_HL60_24H:BRD-K19706299:1.11111	DB00374	Treprostinil	0.26075794768561755	1.2099994575434259	0.07452928870292887	0.22512122451198707	HL60
NMH002_NEU_24H:BRD-K59773493-001-01-9:10	DB01924	Benzhydroxamic Acid	-0.24315493714014735	-1.2200131446278935	0.07467177242888402	0.22542955540083548	NEU
AML001_HL60_6H:BRD-K27316855:1.11111	DB00136	Calcitriol	0.25968411946327935	1.2358692516450194	0.07483111034124372	0.22578840702747363	HL60
AML001_U937_24H:BRD-A45664787:1.11111	DB01088	Iloprost	-0.245147881836326	-1.2324468806082411	0.07504520795660036	0.22615344929245282	U937
PCLB001_JURKAT_6H:BRD-K07572174-001-22-0:0.37	DB11672	Curcumin	0.22197462441059773	1.2034846174772906	0.07508680555555555	0.22615344929245282	JURKAT
NMH002_NPC_24H:BRD-K41260949-001-14-1:10	DB00313	Valproic acid	0.2589508713412919	1.2367086195157275	0.07515625	0.22615344929245282	NPC
LJP009_NPC.CAS9_24H:H17	DB07138	Neflamapimod	-0.2306673703131227	-1.192633717314777	0.07516483516483516	0.22615344929245282	NPC.CAS9
NMH002_NPC_24H:BRD-A38878059-001-02-8:10	DB07557	3,20-Pregnanedione	0.24455157737349523	1.2220011219621967	0.07517443169029935	0.22615344929245282	NPC
NMH002_NPC_24H:BRD-K01567962-001-16-4:10	DB01782	Pyrazolanthrone	0.2672537779889831	1.2450793666970759	0.0751953125	0.22615344929245282	NPC
LJP009_NEU_24H:I24	DB11363	Alectinib	-0.2522093990670483	-1.2269411208856806	0.07532729103726082	0.22634082129728136	NEU
LJP009_NPC_24H:L11	DB05984	RAF-265	0.2722994733734306	1.2508123308313106	0.07533875338753387	0.22634082129728136	NPC
PCLB001_JURKAT_6H:BRD-K07572174-001-22-0:0.63	DB11672	Curcumin	-0.2681423838475531	-1.2474176992007655	0.07549593263878979	0.2265062523683213	JURKAT
CPC006_PL21_6H:BRD-K17561142-003-16-8:10	DB01118	Amiodarone	0.28200938180074364	1.2510153205633263	0.07554431493292281	0.2265062523683213	PL21
CPC006_U937_6H:BRD-K76188144-001-01-2:160	DB08263	N-(carboxycarbonyl)-D-phenylalanine	0.264774787756968	1.2334422518283146	0.07555847568988174	0.2265062523683213	U937
LPROT003_NPC_6H:F23	DB00480	Lenalidomide	-0.2608411104590175	-1.2315423820912348	0.07556624574062938	0.2265062523683213	NPC
CPC014_NPC_24H:BRD-K52751261-001-01-2:10	DB16108	TAK-715	0.22821473536246928	1.1917702093616742	0.07559681697612732	0.2265062523683213	NPC
CPC006_U937_6H:BRD-K68185022-001-06-4:70.07	DB15588	Ursolic acid	-0.2812034285702774	-1.2501427718069378	0.07566484922666074	0.2265884024882127	U937
CPC015_NPC_24H:BRD-A33447119-001-03-3:10	DB11446	Oxfendazole	0.2444623558237928	1.2225040795772242	0.07576166082502023	0.22675660179334112	NPC
LJP007_NEU_24H:G18	DB01254	Dasatinib	-0.21110641928253937	-1.1850274377882222	0.07609756097560975	0.22761100866612508	NEU
CPC006_PL21_6H:BRD-A34817987-001-11-8:10	DB01167	Itraconazole	-0.24531732048663338	-1.2133426891451027	0.07612872238232468	0.22761100866612508	PL21
CPC016_NEU_24H:BRD-K01567962-001-07-3:10	DB01782	Pyrazolanthrone	0.24450032783660935	1.21105674557529	0.07624633431085044	0.22784054585979358	NEU
LJP008_NEU_24H:I11	DB11830	Mocetinostat	-0.24015156923898945	-1.2176495959350249	0.07633053221288516	0.22797004240668434	NEU
LJP009_NPC.TAK_24H:M14	DB06314	SGX-523	-0.23707034298180202	-1.201292941075276	0.07662981319100266	0.22874142739037126	NPC.TAK
LJP007_NPC.CAS9_24H:I15	DB11526	Masitinib	-0.25424124443915075	-1.2313614054625672	0.07676110260336906	0.22875313996057448	NPC.CAS9
NMH002_NEU_6H:BRD-K61559475-001-07-7:10	DB14122	Dihydroxymethoxychalcone	0.26499742371299656	1.2364648933706812	0.07678965625985494	0.22875313996057448	NEU
LJP009_NPC_24H:I15	DB12146	Rigosertib	0.25653936242934156	1.2348187156003467	0.07680550248376003	0.22875313996057448	NPC
NMH002_NEU_6H:BRD-K52313696-001-08-1:10	DB12291	Tacedinaline	-0.26015781583277203	-1.234820332998973	0.07683863885839737	0.22875313996057448	NEU
LJP007_NPC.TAK_24H:A13	DB12742	Amuvatinib	-0.21994834524642257	-1.2052774876156382	0.07685054219707685	0.22875313996057448	NPC.TAK
NMH002_NEU_24H:BRD-A13946108-001-13-0:10	DB00605	Sulindac	0.2430952732720607	1.21552047061867	0.0768797521824838	0.22875313996057448	NEU
CPC015_NPC_24H:BRD-K46018455-001-17-7:10	DB01393	Bezafibrate	0.24320425552008745	1.2087610406256217	0.0770239265814487	0.22899830124970935	NPC
CPC017_NPC_24H:BRD-K27737647-300-01-4:10	DB07995	H-89	0.2415319879482988	1.2129924433938795	0.07706919945725915	0.22899830124970935	NPC
NMH001_NEU_24H:BRD-K53857191-001-17-7:10	DB00734	Risperidone	-0.24196654607162368	-1.221912780465894	0.07708528584817245	0.22899830124970935	NEU
LPROT003_NPC_6H:H07	DB11870	RG-4733	0.23901754088619837	1.2136303095232017	0.07727402338180782	0.22922169735531348	NPC
CPC016_NPC_24H:BRD-K80315159-051-01-2:10	DB04905	Tesmilifene	-0.2421018572422773	-1.2125125544299606	0.07731198651780072	0.22922169735531348	NPC
NMH001_NEU_6H:BRD-K88611939-001-18-2:10	DB04599	Aniracetam	0.27166296659692374	1.2455812921507285	0.0774219700040535	0.22922169735531348	NEU
LJP009_NPC_24H:H11	DB08912	Dabrafenib	-0.23989450232503545	-1.2187184244744984	0.07742703990470517	0.22922169735531348	NPC
LJP007_NPC.CAS9_24H:F01	DB12848	PF-04217903	0.24143909360119895	1.214017779976011	0.07743517869656623	0.22922169735531348	NPC.CAS9
CPC016_NPC_24H:BRD-K72676686-103-01-8:10	DB00176	Fluvoxamine	-0.2336408163156938	-1.2110901730813526	0.07746478873239436	0.22922169735531348	NPC
LPROT001_NPC.TAK_6H:K02	DB01262	Decitabine	-0.27636343204687264	-1.2445040510900396	0.07746578241851276	0.22922169735531348	NPC.TAK
LJP007_NPC.TAK_24H:E02	DB11743	Ipatasertib	0.2615275489209765	1.2405861713197548	0.07748917748917748	0.22922169735531348	NPC.TAK
LJP007_NPC.CAS9_24H:D10	DB08875	Cabozantinib	-0.24871169908704718	-1.2203941534635432	0.0776255707762557	0.22950347607881852	NPC.CAS9
LPROT002_NPC.TAK_6H:G22	DB04149	(R)-Rolipram	-0.24611623502986105	-1.2180945206762797	0.07776089159067882	0.22978178717393916	NPC.TAK
NMH001_NPC_24H:BRD-K66296774-001-05-3:10	DB01095	Fluvastatin	0.25845474613557534	1.2246142187733449	0.07788378143972247	0.22994498121309714	NPC
LJP007_NPC.TAK_24H:J20	DB03044	Doramapimod	0.26598437437028555	1.2395358087809247	0.07789855072463768	0.22994498121309714	NPC.TAK
LJP007_JURKAT_24H:M24	DB12874	Quizartinib	0.25509812985800523	1.216763335830536	0.07798994974874372	0.23009303524497157	JURKAT
CPC006_WSUDLCL2_6H:BRD-K00766422-001-01-9:80	DB03459	Sparfosic acid	-0.2539933505404159	-1.229727268886242	0.07807279760858098	0.23021571768407678	WSUDLCL2
CPC015_NPC_24H:BRD-A10977446-001-05-5:10	DB01136	Carvedilol	-0.2493831230840889	-1.2326710723167056	0.07823059594511571	0.2303200921296229	NPC
LJP008_NPC.CAS9_24H:G12	DB02546	Vorinostat	-0.2699978157593858	-1.2386658917119897	0.07823082239115411	0.2303200921296229	NPC.CAS9
LJP008_NPC.TAK_24H:D23	DB13978	Selisistat	-0.24916724438289106	-1.22394309319954	0.07823204419889503	0.2303200921296229	NPC.TAK
CPC006_U937_6H:BRD-K35723520-001-01-0:10	DB06179	Darinaparsin	-0.24248144544687208	-1.2038215712327416	0.07830907830907831	0.23042528896959275	U937
CPC013_NPC_24H:BRD-K46056750-001-01-3:10	DB12242	AZD-7762	-0.25107117859160605	-1.2217405852529786	0.07861247947454844	0.23109337440759956	NPC
CPC017_NPC_24H:BRD-K82823804-001-01-7:10	DB04608	9-HYDROXY-4-PHENYL-6H-PYRROLO[3,4-C]CARBAZOLE-1,3-DIONE	-0.22404442796337415	-1.2067829314472518	0.0786189683860233	0.23109337440759956	NPC
NMH002_NEU_24H:BRD-K70131229-003-01-2:10	DB02678	beta-D-Galactosamine	0.24534686053816607	1.219901050073808	0.07875833760903027	0.23126307123461784	NEU
LJP009_NPC.CAS9_24H:G11	DB08521	4-[4-(4-Fluorophenyl)-2-[4-[(R)-methylsulfinyl]phenyl]-1H-imidazol-5-yl]pyridine	0.2408184011386912	1.2216186743414348	0.0787596048298573	0.23126307123461784	NPC.CAS9
LPROT002_NPC.TAK_6H:E24	DB06195	Seliciclib	-0.2520326324448779	-1.2194093070637946	0.07904642409033877	0.23198316675433983	NPC.TAK
LJP008_NPC.CAS9_24H:K24	DB12332	Rucaparib	-0.26394775789961405	-1.2316536671639104	0.0791407574901074	0.23213790012476826	NPC.CAS9
NMH002_NEU_6H:BRD-A56798952-001-01-5:10	DB06733	Bafilomycin A1	-0.23914976155107912	-1.2001666142300027	0.07938144329896907	0.2325895566704144	NEU
CPC006_NOMO1_6H:BRD-K56700933-001-01-3:10	DB12695	Phenethyl Isothiocyanate	0.2686242450164793	1.239116275391838	0.07940838598506605	0.2325895566704144	NOMO1
LJP008_NPC_24H:M03	DB02709	Resveratrol	-0.2774359444261075	-1.2461643369203863	0.07941980739507787	0.2325895566704144	NPC
CPC006_NOMO1_6H:BRD-K92241597-001-02-9:80	DB11781	Tosedostat	0.2571723097632585	1.2369425117395692	0.07952167414050822	0.23276569781211717	NOMO1
LJP007_NPC_24H:M09	DB05575	Motesanib	0.24696164406161433	1.218011450849353	0.07958324096652628	0.23282375529745677	NPC
LJP007_NPC_24H:F04	DB12848	PF-04217903	0.23541020169040625	1.211786244009021	0.07964011996001333	0.23286804468391736	NPC
CPC006_THP1_6H:BRD-A93255169-001-13-5:10	DB01041	Thalidomide	0.25526999261554084	1.2251319692403457	0.07971981320880588	0.23297896170347196	THP1
CPC006_PL21_6H:BRD-K55966568-001-01-3:6	DB12072	Orantinib	0.22662214184454965	1.1883098058540114	0.07980900409276943	0.23311750462490088	PL21
LJP008_NEU_24H:D23	DB13978	Selisistat	-0.24635150549602206	-1.2317303473773067	0.08019203413940255	0.23411374069268806	NEU
PCLB001_JURKAT_24H:BRD-K36452089-001-01-8:0.16	DB07726	t-Butylhydroquinone	0.23851092721893155	1.200383979581332	0.08032490974729242	0.23434195644343297	JURKAT
NMH001_NPC_24H:BRD-K39981244-001-01-5:10	DB00368	Norepinephrine	0.23181388797790037	1.1970944388282065	0.08035421449655625	0.23434195644343297	NPC
CPC006_NOMO1_6H:BRD-K71799949-001-20-8:96	DB00564	Carbamazepine	-0.2711645161301192	-1.2443015050971595	0.08073143425799229	0.23531905523789912	NOMO1
CPC018_NPC_24H:BRD-A50684349-001-01-5:10	DB00800	Fenoldopam	0.22551122571506516	1.1869142960701198	0.08079625292740047	0.2353804457711714	NPC
CPC015_NPC_24H:BRD-K93645900-001-04-8:10	DB00820	Tadalafil	0.249857737689689	1.2185109372478562	0.08086876155268022	0.2353804457711714	NPC
LJP007_NPC_24H:P18	DB05294	Vandetanib	-0.25209710532385465	-1.2187047232137467	0.08087912087912089	0.2353804457711714	NPC
NMH001_NEU_24H:BRD-K32501161-001-02-5:10	DB03701	Vanoxerine	0.22847702381177423	1.1987174702576726	0.08092125739184562	0.2353804457711714	NEU
LJP007_NPC.CAS9_24H:E05	DB11743	Ipatasertib	0.24192637864219654	1.212074043917194	0.08118405627198125	0.23587455262916399	NPC.CAS9
CPC015_NPC_24H:BRD-K66019333-096-01-2:10	DB13670	Oxantel	-0.25605365845635286	-1.2373807110986683	0.08124156545209177	0.23587455262916399	NPC
CPC017_NPC_24H:BRD-K92758126-001-06-3:10	DB07814	Gibberellic acid	0.20428381145011998	1.1573281877807324	0.0812720848056537	0.23587455262916399	NPC
CPC013_NPC_24H:BRD-K05104363-001-02-7:10	DB12429	CI-1040	0.24644657496960157	1.2108849658029093	0.08130081300813008	0.23587455262916399	NPC
LJP008_NPC_24H:K19	DB12332	Rucaparib	0.2571034091988757	1.2260116460878234	0.08130252100840336	0.23587455262916399	NPC
CPC006_PL21_6H:BRD-K56851771-001-02-7:0.25	DB08899	Enzalutamide	-0.28310646374362747	-1.2393122699556807	0.08138417173982698	0.2359887183661615	PL21
LJP008_NPC.CAS9_24H:A07	DB07232	Veliparib	0.2217244942117259	1.1713978936088558	0.08201892744479496	0.23770576426727846	NPC.CAS9
LJP007_NPC.CAS9_24H:D11	DB08875	Cabozantinib	-0.24949113333896855	-1.2152303130299171	0.08206154615961972	0.2377057975205184	NPC.CAS9
CPC006_PL21_6H:BRD-K88560311-011-02-2:10	DB12332	Rucaparib	-0.23374524239162664	-1.1953374946541022	0.08213350785340315	0.2377907837644713	PL21
CPC016_NPC_24H:BRD-A51393488-003-01-9:10	DB06174	Noscapine	0.22041014503022496	1.1785355251230303	0.08250825082508251	0.23875183161469674	NPC
CPC006_THP1_6H:BRD-K13049116-001-01-6:10	DB15399	BMS-754807	-0.259590086809392	-1.2300392683623442	0.0829980628818358	0.2400446826426967	THP1
CPC015_NPC_24H:BRD-K95921201-001-07-0:10	DB00206	Reserpine	-0.25381772561122246	-1.2161291919627526	0.08305451682739619	0.24007666562804988	NPC
LJP007_JURKAT_24H:G18	DB01254	Dasatinib	-0.24812392278558806	-1.215238977806626	0.08309518575511102	0.24007666562804988	JURKAT
CPC006_WSUDLCL2_6H:BRD-K20285085-001-01-4:10	DB07159	Tamatinib	0.2319396701995579	1.199762403517861	0.08323424494649227	0.2403539609505592	WSUDLCL2
LJP007_NPC_24H:E20	DB12021	Dinaciclib	-0.21382945453576815	-1.1754255160648048	0.08333333333333333	0.24051560613898945	NPC
AML001_U937_24H:BRD-K93754473:0.49846	DB00675	Tamoxifen	0.23307881877427297	1.1939186236319366	0.0836591086786552	0.2413310068863585	U937
LJP007_NEU_24H:I07	DB06589	Pazopanib	0.21210610510872496	1.2062840640924752	0.08385093167701864	0.2417593528816987	NEU
CPC006_SKM1_6H:BRD-K12994359-001-07-7:177.6	DB00580	Valdecoxib	0.25138525270840006	1.2164371401235299	0.08398104265402843	0.24200941992088051	SKM1
NMH001_NPC_6H:BRD-A19037878-001-02-3:10	DB04297	Trichostatin A	-0.2677449749783305	-1.2257662106139862	0.08406601881844825	0.24212923024683675	NPC
LPROT002_NPC.TAK_6H:K20	DB12369	Sotrastaurin	-0.2566989998097366	-1.2184794031878883	0.08416547788873038	0.24229060946399733	NPC.TAK
LJP007_NPC.CAS9_24H:M23	DB12874	Quizartinib	0.2578725778868041	1.2206420141972711	0.0842477217779431	0.24240228973653663	NPC.CAS9
LPROT003_NPC_6H:B21	DB06589	Pazopanib	-0.2345645200756725	-1.1905196352157177	0.08437270726338958	0.24253281796905654	NPC
CPC013_NPC_24H:BRD-A75409952:10	DB08059	Wortmannin	0.23290202514156658	1.19852486527539	0.08438003220611916	0.24253281796905654	NPC
LJP007_NPC_24H:P23	DB11886	Infigratinib	0.25348635272247644	1.2156107059834336	0.08445370195038819	0.24257516574068563	NPC
NMH002_NEU_24H:BRD-K12184916-001-08-9:10	DB11651	Dactolisib	-0.22525435472601898	-1.1861550120069875	0.08448172558418214	0.24257516574068563	NEU
NMH002_NEU_6H:BRD-A19500257-001-03-9:10	DB02424	Geldanamycin	-0.2614378748294786	-1.2199102791473884	0.08460123725129577	0.24275202429535955	NEU
LJP008_NPC_24H:G09	DB02546	Vorinostat	-0.262386924173378	-1.224856354841304	0.08464091732045866	0.24275202429535955	NPC
DOSBIO002_NPC_24H:BRD-K81418486:1.11111	DB02546	Vorinostat	0.25827167980442023	1.224170541483364	0.0846738554003889	0.24275202429535955	NPC
CPC016_NPC_24H:BRD-K82865713-001-02-6:10	DB02304	Prostaglandin B2	0.25540812797311685	1.226094143525817	0.08485938521909744	0.24312132000505185	NPC
CPC017_NPC_24H:BRD-K04185004-003-03-6:10	DB00892	Oxybuprocaine	-0.21981266779405392	-1.1928948841561968	0.08492663405958203	0.24312132000505185	NPC
LJP007_JURKAT_24H:K23	DB01590	Everolimus	-0.2540466628391571	-1.2183883667659698	0.08493340252551462	0.24312132000505185	JURKAT
CPC006_WSUDLCL2_6H:BRD-K35960502-001-10-1:10	DB06803	Niclosamide	0.256924892996113	1.2134269114046499	0.08518253400143164	0.24352675830416898	WSUDLCL2
CPC006_U937_6H:BRD-K59597909-001-10-1:10	DB11447	Phenothiazine	-0.2712494250553168	-1.239770968009043	0.08519003931847968	0.24352675830416898	U937
NMH001_NEU_24H:BRD-K52256627-300-04-1:10	DB00878	Chlorhexidine	-0.2593419287072167	-1.2268931973045543	0.0852059925093633	0.24352675830416898	NEU
LJP009_NEU_24H:D19	DB13061	MLN8054	-0.2450993549353548	-1.2112841372220668	0.08530805687203792	0.24369362482800797	NEU
DOSBIO001_NEU_24H:BRD-A75409952:3.33333	DB08059	Wortmannin	0.26172733228591	1.2388222440923655	0.08543970510795156	0.24394478751139292	NEU
LJP007_JURKAT_24H:M12	DB05575	Motesanib	0.2473799912338527	1.2185245449879867	0.08549163419665368	0.24394837259791996	JURKAT
CPC016_NPC_24H:BRD-K64994968-001-03-6:10	DB00396	Progesterone	-0.26306995407793704	-1.22397514273675	0.08555102040816326	0.24394837259791996	NPC
LJP009_NPC.CAS9_24H:B18	DB11805	Saracatinib	-0.2280985850769625	-1.1780167198224292	0.08557213930348259	0.24394837259791996	NPC.CAS9
CPC006_NOMO1_6H:BRD-K55966568-001-01-3:6	DB12072	Orantinib	-0.22728976906933684	-1.1797871520454448	0.08575085324232082	0.2442287412632785	NOMO1
LJP008_NPC.CAS9_24H:K10	DB11962	GSK-1059615	0.2629240159373711	1.2250713328795533	0.08575803981623277	0.2442287412632785	NPC.CAS9
CPC016_NPC_24H:BRD-K33211335-337-03-7:10	DB00514	Dextromethorphan	-0.21992708237020062	-1.1878887896547377	0.08582677165354331	0.2442997750281215	NPC
LJP008_NPC.TAK_24H:A20	DB11740	MK-1775	-0.20729249381719606	-1.159961057251152	0.08595641646489104	0.2444598011338455	NPC.TAK
LJP007_NPC.TAK_24H:F05	DB12848	PF-04217903	-0.2539124955682162	-1.2257710284387409	0.08597972972972973	0.2444598011338455	NPC.TAK
CPC014_NEU_24H:BRD-K43164539-001-05-7:10	DB02659	Cholic Acid	0.22742949190979714	1.197971600657394	0.08601444517399869	0.2444598011338455	NEU
CPC012_NPC_24H:BRD-K14550461-001-01-3:10	DB06410	Doxercalciferol	0.23941000288018313	1.2128649642960112	0.08607329842931938	0.24450251116963992	NPC
PCLB001_JURKAT_6H:BRD-K36452089-001-01-8:1.11	DB07726	t-Butylhydroquinone	-0.24593181032526332	-1.2070586631214735	0.08648784156430182	0.2455469630723279	JURKAT
CPC006_THP1_6H:BRD-K92241597-001-02-9:80	DB11781	Tosedostat	0.2479578906595674	1.2164991244812509	0.08652900688298919	0.2455469630723279	THP1
CPC006_SKM1_6H:BRD-K08316444-001-04-3:0.63	DB11457	Rotenone	-0.26787037534502506	-1.2289037750504122	0.08702791461412152	0.2468371813076685	SKM1
NMH001_NPC_6H:BRD-A14999564-001-01-0:10	DB07841	Geranylgeranyl diphosphate	-0.23695453269612007	-1.1950423466440199	0.08753148614609572	0.24812539290841362	NPC
NMH002_NPC_24H:BRD-K61250553-003-24-9:10	DB00836	Loperamide	0.23013959032782275	1.178975752669008	0.0876005078290309	0.24812539290841362	NPC
LJP007_JURKAT_24H:E02	DB11743	Ipatasertib	-0.25556678578067304	-1.20866219081664	0.08761552680221811	0.24812539290841362	JURKAT
LJP007_NPC.CAS9_24H:M15	DB07460	2-({5-CHLORO-2-[(2-METHOXY-4-MORPHOLIN-4-YLPHENYL)AMINO]PYRIMIDIN-4-YL}AMINO)-N-METHYLBENZAMIDE	0.26325802826451106	1.2201593538775592	0.08770210681038706	0.24824457325984245	NPC.CAS9
NMH002_NPC_6H:BRD-A41145729-001-04-3:10	DB08175	(2E,4E)-11-METHOXY-3,7,11-TRIMETHYLDODECA-2,4-DIENOIC ACID	0.24899947359667754	1.211984308077396	0.08778625954198473	0.24826021278014304	NPC
CPC014_NEU_24H:BRD-K79404599-001-03-6:10	DB06486	Enzastaurin	0.21768325318783424	1.1697182421770445	0.08782742681047766	0.24826021278014304	NEU
CPC014_NPC_24H:BRD-K19540840-001-02-9:10	DB11805	Saracatinib	-0.23591546476102343	-1.1971733873393648	0.08786185881157949	0.24826021278014304	NPC
DOSBIO002_NPC_24H:BRD-K27305650:10	DB02656	LY-294002	0.26225312033445025	1.2230413197980294	0.08788562829194883	0.24826021278014304	NPC
LJP007_NEU_24H:F02	DB12848	PF-04217903	0.21213029256446628	1.1933809190853546	0.08796704913209767	0.24836445703844784	NEU
LJP007_JURKAT_24H:L11	DB11836	Sapanisertib	0.26790471321166204	1.2265472877602044	0.08832637673353978	0.24917526576715832	JURKAT
CPC015_NPC_24H:BRD-K32830106-001-01-8:10	DB01018	Guanfacine	0.22523094573808636	1.1835638371232844	0.088379705400982	0.24917526576715832	NPC
CPC016_NEU_24H:BRD-K79425933-001-03-6:10	DB12867	Benperidol	0.2018909720229647	1.153952909242355	0.08838821490467938	0.24917526576715832	NEU
LPROT002_NPC.TAK_6H:K22	DB12369	Sotrastaurin	-0.2699979171556323	-1.2263067100676142	0.08857560845857163	0.24952027567399476	NPC.TAK
CPC006_U937_6H:BRD-K55395145-001-01-7:88.8	DB00642	Pemetrexed	-0.2742328828963248	-1.2341006051273076	0.0886000476985452	0.24952027567399476	U937
LJP009_NPC.CAS9_24H:L12	DB05984	RAF-265	0.2505174834465637	1.21030788488264	0.08909974542929877	0.2508009484107254	NPC.CAS9
NMH001_NEU_24H:BRD-K70327167-348-11-8:10	DB04786	Suramin	-0.248578717835512	-1.2053874495874861	0.08929976396538158	0.25123720784814113	NEU
NMH001_NEU_24H:BRD-A14999564-001-01-0:10	DB07841	Geranylgeranyl diphosphate	-0.2551155670037055	-1.2120074091397146	0.0893542757417103	0.2512638630861904	NEU
LJP007_NEU_24H:I02	DB01268	Sunitinib	-0.2643718794119618	-1.2203771740645801	0.0894919168591224	0.25144527316213494	NEU
CPC016_NEU_24H:BRD-K95763993-001-03-7:10	DB09283	Trapidil	-0.24966447450330378	-1.202356763179271	0.08950892857142857	0.25144527316213494	NEU
LJP008_NPC_24H:K07	DB11962	GSK-1059615	0.27852428891689307	1.234657251160001	0.08975334130174943	0.25200497791769505	NPC
LJP007_JURKAT_24H:D12	DB08875	Cabozantinib	-0.23800796221324017	-1.182752031600235	0.08990536277602523	0.2521973926772689	JURKAT
CPC015_NPC_24H:BRD-K45033733-001-05-6:10	DB00426	Famciclovir	-0.19344377081238429	-1.1606680585432205	0.08991228070175439	0.2521973926772689	NPC
LJP008_NPC.CAS9_24H:P18	DB11662	Rabusertib	-0.2536736431337402	-1.2160047111444783	0.0903041825095057	0.25309561671179365	NPC.CAS9
CPC015_NPC_24H:BRD-A98702003-304-03-0:10	DB02329	Carbenoxolone	-0.25935616034336856	-1.2179077755643581	0.09035427210479309	0.25309561671179365	NPC
NMH001_NPC_24H:BRD-K48300629-001-10-3:10	DB00909	Zonisamide	0.26375023159535715	1.2182578197819043	0.09036860879904875	0.25309561671179365	NPC
CPC006_WSUDLCL2_6H:BRD-A35108200-001-04-7:10	DB01234	Dexamethasone	0.2582344651243207	1.214517098011301	0.09050980392156863	0.2533072468434109	WSUDLCL2
CPC016_NPC_24H:BRD-K72222507-003-07-7:10	DB00881	Quinapril	-0.2302507776805963	-1.1759089763419075	0.09053497942386832	0.2533072468434109	NPC
LJP007_NPC.CAS9_24H:E02	DB11743	Ipatasertib	0.2480829934317534	1.2037675505921657	0.09071580439404678	0.2536859512352817	NPC.CAS9
NMH002_NEU_24H:BRD-K43797669-001-16-3:10	DB01645	Genistein	0.2067393047286564	1.1984891421256505	0.09085051546391752	0.25382674011016526	NEU
LJP008_NPC_24H:A03	DB02546	Vorinostat	-0.260454795324945	-1.2097039723492715	0.09085714285714286	0.25382674011016526	NPC
LJP009_NPC.TAK_24H:B23	DB16107	BI 2536	0.25365035574940775	1.21469181448462	0.0909465869251392	0.2539494536813572	NPC.TAK
LJP007_NPC.CAS9_24H:K09	DB11962	GSK-1059615	0.26494047175820895	1.2250023570388702	0.09105669056961169	0.2541297031955296	NPC.CAS9
CPC006_WSUDLCL2_6H:BRD-K58550667-001-01-2:0.08	DB12731	Daporinad	-0.2667931260300447	-1.2300955395775879	0.09118464258651175	0.2543595604950745	WSUDLCL2
CPC015_NPC_24H:BRD-K43744935-048-01-6:10	DB00675	Tamoxifen	-0.22085145012058488	-1.179977392970573	0.0914169629253428	0.2548801779912481	NPC
LJP007_NPC_24H:E03	DB11743	Ipatasertib	0.2733442609960128	1.235065775199028	0.09155918784318733	0.25514920528328777	NPC
CPC006_SKM1_6H:BRD-A13084692-001-04-1:10	DB08607	(5R)-5-(4-{[(2R)-6-HYDROXY-2,5,7,8-TETRAMETHYL-3,4-DIHYDRO-2H-CHROMEN-2-YL]METHOXY}BENZYL)-1,3-THIAZOLIDINE-2,4-DIONE	0.2554703109660578	1.2237135422681007	0.09165386584741424	0.25528553048563357	SKM1
NMH001_NPC_6H:BRD-K58550667-001-05-3:10	DB12731	Daporinad	-0.25986834560829963	-1.21541436501074	0.09180181520607053	0.255570023470393	NPC
CPC014_NEU_24H:BRD-K58772419-001-01-3:10	DB14980	AZD-6482	-0.23094707995717748	-1.198142689783216	0.0920783396667641	0.25617655551136703	NEU
LJP008_NEU_24H:L21	DB05015	Belinostat	-0.24902201835503995	-1.1998403260974937	0.09213884635017866	0.25617655551136703	NEU
LJP008_NPC.CAS9_24H:M13	DB01262	Decitabine	-0.2534639219405304	-1.2037820091451368	0.09221642998382168	0.25617655551136703	NPC.CAS9
LPROT003_NPC_6H:D09	DB09073	Palbociclib	0.2782579633190837	1.2223684089320481	0.09223300970873786	0.25617655551136703	NPC
CPC006_WSUDLCL2_6H:BRD-K32164935-001-17-5:10	DB00839	Tolazamide	-0.2495588428667063	-1.202038522116599	0.09224927406745588	0.25617655551136703	WSUDLCL2
LJP007_NPC.CAS9_24H:E06	DB11743	Ipatasertib	0.22671031428529148	1.178447129963118	0.09245283018867924	0.25638427142307685	NPC.CAS9
LJP007_NPC_24H:G15	DB01254	Dasatinib	0.2604020062852629	1.22458287991745	0.09246067082220244	0.25638427142307685	NPC
CPC006_WSUDLCL2_6H:BRD-A01145011-001-01-4:11.1	DB03068	Zebularine	0.23590385910582232	1.191389135859237	0.09246193835870777	0.25638427142307685	WSUDLCL2
CPC016_NEU_24H:BRD-K39915878-036-15-2:10	DB00408	Loxapine	0.22958480912899965	1.1903019236649386	0.09251644736842106	0.25640797807671195	NEU
LJP009_NPC.CAS9_24H:O06	DB07101	PD-0325901	0.21758719485907124	1.1709939377237113	0.09270216962524655	0.25661993178275744	NPC.CAS9
CPC018_NPC_24H:BRD-K52989797-001-01-1:10	DB01242	Clomipramine	0.21727061915280294	1.1727519246655507	0.09272997032640949	0.25661993178275744	NPC
LJP007_NPC.TAK_24H:P08	DB07859	4-(4-CHLOROPHENYL)-4-[4-(1H-PYRAZOL-4-YL)PHENYL]PIPERIDINE	-0.2531376719031854	-1.2090740000048008	0.09273091637821097	0.25661993178275744	NPC.TAK
LJP008_NPC.TAK_24H:G13	DB01254	Dasatinib	-0.24052725339295009	-1.188405171926918	0.09285965529370384	0.25668881074993044	NPC.TAK
LJP008_NPC.TAK_24H:I04	DB16239	Molibresib	-0.26394738516804667	-1.2214978853854015	0.09288330716902145	0.25668881074993044	NPC.TAK
LJP008_NPC.TAK_24H:F04	DB12376	Ricolinostat	-0.23300240198855052	-1.1832831218590536	0.09289383561643835	0.25668881074993044	NPC.TAK
NMH002_NEU_24H:BRD-K39965020-001-06-7:10	DB03756	Doconexent	0.2641229014971874	1.2158100202065956	0.09301958307012002	0.2568924629610014	NEU
NMH001_NPC_24H:BRD-K37289225-001-30-7:10	DB00363	Clozapine	-0.2452754138495	-1.20922279102112	0.09305962854349951	0.2568924629610014	NPC
LJP007_NPC_24H:H11	DB09053	Ibrutinib	0.24340727323002234	1.2123555023518986	0.09311195871662553	0.2569098010287111	NPC
CPC006_NOMO1_6H:BRD-K81418486:10	DB02546	Vorinostat	-0.2125851329226206	-1.1661248888956255	0.0931899641577061	0.2569979288363037	NOMO1
LJP007_NPC_24H:M03	DB07794	5-(2-PHENYLPYRAZOLO[1,5-A]PYRIDIN-3-YL)-1H-PYRAZOLO[3,4-C]PYRIDAZIN-3-AMINE	-0.2573566970817184	-1.221161684174799	0.09328	0.2571016299318186	NPC
AML001_HL60_6H:BRD-K27316855:10	DB00136	Calcitriol	0.24247967899559258	1.1944668268368976	0.09331973482916879	0.2571016299318186	HL60
CPC015_NPC_24H:BRD-K55191674-237-12-6:10	DB01053	Benzylpenicillin	-0.24737241723856698	-1.1997463025127655	0.09354677338669334	0.257599925332854	NPC
LJP009_NPC_24H:O21	DB07232	Veliparib	-0.26547920366010513	-1.2239388189402203	0.09365641165260005	0.25777460316223766	NPC
LJP007_NPC_24H:P15	DB05294	Vandetanib	0.2481181816225719	1.1995296200247585	0.09392789373814042	0.25839433883879953	NPC
DOSBIO002_NEU_24H:BRD-K27305650:3.33333	DB02656	LY-294002	-0.2157234990786576	-1.195540835078617	0.0940713853599516	0.25866153717258256	NEU
LJP007_JURKAT_24H:B09	DB07970	5-[(2-methyl-5-{[3-(trifluoromethyl)phenyl]carbamoyl}phenyl)amino]pyridine-3-carboxamide	-0.22814217669060669	-1.1671996672681382	0.09493087557603687	0.26068438319003034	JURKAT
CPC014_NEU_24H:BRD-K84937637-001-03-2:10	DB00877	Sirolimus	-0.23418254298399557	-1.1980632250225922	0.09494260006205399	0.26068438319003034	NEU
LJP007_NPC.TAK_24H:D06	DB12494	SGI-1776	0.2540302035970561	1.2098211401190089	0.09496482784154017	0.26068438319003034	NPC.TAK
CPC006_THP1_6H:BRD-A35588707-001-03-0:1.25	DB00444	Teniposide	-0.23424504305316918	-1.182878651186253	0.09499396863691194	0.26068438319003034	THP1
CPC006_PL21_6H:BRD-A12409803-001-01-3:40	DB12066	Orteronel	0.22235609563637043	1.1806453115987552	0.09507640067911714	0.2607823202501448	PL21
CPC017_NPC_24H:BRD-A07029265-004-02-9:10	DB00332	Ipratropium	0.27806436842747634	1.226390280195493	0.09547169811320755	0.2617378888322284	NPC
CPC006_WSUDLCL2_6H:BRD-K44241590-001-03-3:11.1	DB07697	1-(2,3-dihydro-1,4-benzodioxin-6-ylsulfonyl)-4-[(4-methoxyphenyl)sulfonyl]piperazine	0.25848996723373885	1.2195341534022153	0.09556057185854025	0.2617937116342267	WSUDLCL2
LJP007_NPC_24H:M17	DB07460	2-({5-CHLORO-2-[(2-METHOXY-4-MORPHOLIN-4-YLPHENYL)AMINO]PYRIMIDIN-4-YL}AMINO)-N-METHYLBENZAMIDE	0.2681259619090722	1.2261065035093774	0.09561231172233137	0.2617937116342267	NPC
CPC006_U937_6H:BRD-K32107296-001-03-7:10	DB00853	Temozolomide	-0.24702121135982888	-1.2027484805359399	0.09563283461382936	0.2617937116342267	U937
CPC006_PL21_6H:BRD-A75817871-001-04-2:40	DB01944	(S)-blebbistatin	-0.2623623267005315	-1.2211672128137658	0.09582726831635129	0.2621973172814732	PL21
CPC006_NOMO1_6H:BRD-A31107743-001-01-3:0.09	DB07348	Brefeldin A	-0.2379401082519013	-1.1787633266395574	0.09603596240294238	0.26255766565361194	NOMO1
NMH001_NEU_6H:BRD-K49808142-001-01-1:10	DB14630	Tyramine O-sulfate	0.23263701091473818	1.1777030294839013	0.09605309116311561	0.26255766565361194	NEU
NMH001_NPC_24H:BRD-K10852020-001-02-9:10	DB00323	Tolcapone	0.20865653996981662	1.1697980486527617	0.09639727361246349	0.26328818958288275	NPC
CPC016_NPC_24H:BRD-K89923877-003-02-4:10	DB00747	Scopolamine	0.21986781655893087	1.1800301765505865	0.09641472868217055	0.26328818958288275	NPC
CPC006_SKM1_6H:BRD-A35108200-001-04-7:10	DB01234	Dexamethasone	-0.26254197893286285	-1.2262412528287228	0.09666080843585237	0.26383104220333675	SKM1
CPC016_NEU_24H:BRD-K97440753-066-03-3:10	DB13345	Dihydroergocristine	-0.2562217708852801	-1.2105961540440162	0.09675834970530452	0.2639681334992146	NEU
LJP007_JURKAT_24H:K24	DB01590	Everolimus	-0.24056552751532556	-1.1804299818354846	0.0968440594059406	0.26407282865383314	JURKAT
CPC014_NPC_24H:BRD-K81418486:10	DB02546	Vorinostat	-0.2587675408699578	-1.2077546566182882	0.09712416049595315	0.26470722589493045	NPC
LJP007_JURKAT_24H:F16	DB12247	AZD-4547	-0.2620388325873415	-1.2150668258057054	0.09723516620068344	0.26488036730156883	JURKAT
CPC006_SKM1_6H:BRD-K15108141-001-01-7:0.08	DB00441	Gemcitabine	-0.27193393943952104	-1.222555143047263	0.09744429057031348	0.26508452440835567	SKM1
LJP008_NPC.CAS9_24H:G10	DB02546	Vorinostat	-0.24761458184416799	-1.2003374400531879	0.09746053534660261	0.26508452440835567	NPC.CAS9
LJP007_NPC_24H:D04	DB12494	SGI-1776	0.2511796023681714	1.2136623226040821	0.0974914481185861	0.26508452440835567	NPC
CPC006_THP1_6H:BRD-K64634304-001-01-5:40	DB00162	Vitamin A	-0.24475132048333692	-1.1888816508558984	0.0975444920027033	0.26508452440835567	THP1
CPC012_NPC_24H:BRD-A19248578-001-02-9:10	DB08080	Latrunculin B	-0.21096592821856727	-1.1609236703699684	0.09754768392370572	0.26508452440835567	NPC
NMH001_NEU_6H:BRD-K25075681-001-01-2:10	DB06455	Meclinertant	-0.24891205477818582	-1.1985683228398905	0.09760241646214839	0.2651041292319016	NEU
AML001_U937_6H:BRD-K71879491:3.33333	DB00982	Isotretinoin	0.2513473172153257	1.205055085170601	0.09768588770864947	0.2652017360226547	U937
LJP008_NPC_24H:L13	DB08756	Y-27632	-0.2512077266812235	-1.2039199458689274	0.0977866473149492	0.2653461601994658	NPC
LJP009_NEU_24H:B10	DB12242	AZD-7762	0.25445819848965456	1.2141397098631899	0.09795695001824152	0.26565973641267326	NEU
NMH002_NEU_24H:BRD-K11129031-001-22-6:10	DB01241	Gemfibrozil	0.21300652889641064	1.1874562475657335	0.097997443544951	0.26565973641267326	NEU
NMH002_NEU_6H:BRD-A41145729-001-04-3:10	DB08175	(2E,4E)-11-METHOXY-3,7,11-TRIMETHYLDODECA-2,4-DIENOIC ACID	-0.2555745123190564	-1.2076362043414621	0.09815830721003135	0.2659265949173377	NEU
LJP007_NPC.TAK_24H:K19	DB01590	Everolimus	0.2685241346320361	1.2240326253396536	0.09819121447028424	0.2659265949173377	NPC.TAK
CPC013_NPC_24H:BRD-K77908580-001-04-7:10	DB11841	Entinostat	0.24665038209413725	1.191730068612078	0.09863538424706728	0.26697813199672643	NPC
NMH002_NPC_6H:BRD-K01493881-001-24-5:10	DB07352	Apigenin	-0.22643567022674957	-1.176466489717137	0.09867519415258108	0.26697813199672643	NPC
CPC006_WSUDLCL2_6H:BRD-K82135108-001-01-9:10	DB05719	Elesclomol	0.25002442017849896	1.2043040233497049	0.09879563417388032	0.26717442707517125	WSUDLCL2
LJP007_NPC.TAK_24H:I18	DB11526	Masitinib	0.21968638655097775	1.1726163139944992	0.09893617021276596	0.2674248515586344	NPC.TAK
LJP007_JURKAT_24H:D05	DB12494	SGI-1776	-0.2630337762103943	-1.2172082935848556	0.0991039913114309	0.267748749407493	JURKAT
LJP009_NEU_24H:E21	DB08901	Ponatinib	-0.23780171026476696	-1.1888221277473807	0.0991636798088411	0.2677803338109993	NEU
CPC012_NPC_24H:BRD-K55591206-001-07-4:10	DB12116	Epigallocatechin gallate	0.1995245867229619	1.1615396663892819	0.09938434476693052	0.26824637612709495	NPC
CPC015_NPC_24H:BRD-A25143711-001-01-4:10	DB14544	Hydrocortisone valerate	-0.2600857351919378	-1.2044962541583497	0.09959579628132578	0.26868711192142963	NPC
LJP007_NEU_24H:F16	DB12247	AZD-4547	-0.2177898861509112	-1.162043543747528	0.0997352162400706	0.2688127290817085	NEU
CPC018_NPC_24H:BRD-K67847053-015-08-8:10	DB00629	Guanabenz	0.27610916541632374	1.222330234660597	0.09973872543451096	0.2688127290817085	NPC
LPROT002_NPC.TAK_6H:I12	DB09074	Olaparib	0.25888964837615513	1.2128264706597043	0.10021569603451136	0.2699678262561752	NPC.TAK
CPC014_NEU_24H:BRD-K99451608-001-01-6:10	DB01601	Lopinavir	0.23493299199368273	1.1797806926399812	0.1002669830910709	0.2699756267688632	NEU
LJP007_NPC.TAK_24H:I10	DB06589	Pazopanib	-0.23293352376627252	-1.1842013849610258	0.10044929396662387	0.2702124185692292	NPC.TAK
LJP007_NPC_24H:E02	DB11743	Ipatasertib	0.2495822656942877	1.200713519753435	0.10047028644719966	0.2702124185692292	NPC
LJP007_NPC.TAK_24H:P19	DB11886	Infigratinib	-0.22455299025930797	-1.1883849460559965	0.10050022737608004	0.2702124185692292	NPC.TAK
PCLB001_JURKAT_24H:BRD-K36452089-001-01-8:3.33	DB07726	t-Butylhydroquinone	-0.26109317553711936	-1.210813529376324	0.10066815144766147	0.2705335341649823	JURKAT
CPC014_NPC_24H:BRD-K77175907-001-03-1:10	DB00146	Calcifediol	-0.25776036153553394	-1.2077510637611963	0.10073921265257005	0.27059415858867997	NPC
CPC017_NPC_24H:BRD-K52459643-001-10-2:10	DB00770	Alprostadil	-0.21151827573953041	-1.1725762118589595	0.10102960102960103	0.27111393278154	NPC
LJP007_JURKAT_24H:K05	DB12064	BMS-777607	-0.2483018804704497	-1.2045512076360203	0.10105107873870552	0.27111393278154	JURKAT
NMH001_NPC_24H:BRD-K81418486-001-28-5:10	DB02546	Vorinostat	-0.24541856521213543	-1.1912111481094292	0.10107850514171056	0.27111393278154	NPC
LJP007_NPC_24H:M16	DB07460	2-({5-CHLORO-2-[(2-METHOXY-4-MORPHOLIN-4-YLPHENYL)AMINO]PYRIMIDIN-4-YL}AMINO)-N-METHYLBENZAMIDE	0.25736122114676935	1.2093899299947528	0.10115052732502397	0.2711767380808788	NPC
LPROT003_NPC_6H:J11	DB12006	BMS-906024	-0.2792545207953755	-1.2248751445003327	0.10133578995854445	0.2714542434897692	NPC
NMH002_NPC_6H:BRD-A56518012-003-03-7:10	DB00997	Doxorubicin	-0.24570804211407685	-1.2004500826248397	0.10135135135135136	0.2714542434897692	NPC
CPC006_THP1_6H:BRD-K52836380-001-01-7:22.2	DB07403	4-[(3-CHLORO-4-{[(2R)-3,3,3-TRIFLUORO-2-HYDROXY-2-METHYLPROPANOYL]AMINO}PHENYL)SULFONYL]-N,N-DIMETHYLBENZAMIDE	0.24743365334447343	1.2039006849860996	0.10150107219442459	0.27170918846870246	THP1
NMH002_NPC_24H:BRD-K61559475-001-07-7:10	DB14122	Dihydroxymethoxychalcone	0.24956976096677294	1.1934693614428606	0.10154394299287411	0.27170918846870246	NPC
CPC018_NPC_24H:BRD-A79768653-001-03-9:10	DB00877	Sirolimus	0.259294284676879	1.2152137236676104	0.10172546999742467	0.27206442814747467	NPC
LJP009_NEU_24H:F04	DB11962	GSK-1059615	-0.24897446421786773	-1.2099970192430032	0.10180392156862746	0.27214378458618715	NEU
CPC017_NPC_24H:BRD-A98378129-001-01-4:10	DB09295	Talniflumate	-0.23436486493220995	-1.1842996639067653	0.10203488372093024	0.27263056335204494	NPC
CPC016_NPC_24H:BRD-K62736196-015-03-7:10	DB00629	Guanabenz	-0.24174973306551695	-1.203763496013483	0.10226732202314888	0.2731208183662746	NPC
LJP008_NPC.CAS9_24H:M15	DB01262	Decitabine	-0.24603930701823187	-1.1920746696209406	0.10259133389974512	0.2738550487208986	NPC.CAS9
NMH002_NEU_6H:BRD-K17561142-003-25-9:10	DB01118	Amiodarone	-0.25240638350915745	-1.2070373725720165	0.1027961855503475	0.2742280962547155	NEU
LJP007_JURKAT_24H:B08	DB07970	5-[(2-methyl-5-{[3-(trifluoromethyl)phenyl]carbamoyl}phenyl)amino]pyridine-3-carboxamide	0.24512328153491092	1.202093155474693	0.10282939189189189	0.2742280962547155	JURKAT
LJP009_NPC.TAK_24H:O04	DB07101	PD-0325901	-0.27371584189548076	-1.2187552557580306	0.10296088704764225	0.27444758186277884	NPC.TAK
CPC015_NPC_24H:BRD-K21565985-001-15-9:10	DB11477	Xylazine	0.1890365855643698	1.1691093324573185	0.1031331592689295	0.2747754993129693	NPC
CPC013_NEU_24H:BRD-K66175015-001-01-7:10	DB08916	Afatinib	0.2386119080990454	1.1825051601294858	0.10328262610088071	0.2750423728003883	NEU
NMH001_NEU_24H:BRD-K47029922-001-02-0:10	DB02665	(1R,2S)-2-Phenylcyclopropanaminium	-0.21155750551964095	-1.1789483965028271	0.10338600451467268	0.2751129558369715	NEU
NMH002_NPC_24H:BRD-A41145729-001-04-3:10	DB08175	(2E,4E)-11-METHOXY-3,7,11-TRIMETHYLDODECA-2,4-DIENOIC ACID	-0.22621672334122897	-1.1694140399293314	0.10340775558166862	0.2751129558369715	NPC
NMH002_NEU_24H:BRD-K41170226-001-10-4:10	DB03619	Deoxycholic acid	-0.2174161391567332	-1.1723445059070716	0.10362875087229588	0.2755694952891033	NEU
LJP008_NEU_24H:J11	DB05223	Pracinostat	0.2183338785880874	1.1639382720602522	0.10400444938820912	0.2764367904415525	NEU
LJP007_NPC_24H:C06	DB11800	Tivozanib	-0.26090948930566016	-1.212176692459164	0.1042368125701459	0.2769224653946876	NPC
CPC006_WSUDLCL2_6H:BRD-A14395271-001-01-5:10	DB00933	Mesoridazine	-0.26940120494942077	-1.2186935503318386	0.1043382081848347	0.27705990645558914	WSUDLCL2
CPC018_NPC_24H:BRD-K31920458-001-03-8:10	DB01357	Mestranol	-0.2513922428641402	-1.2005532884536412	0.10440484196368527	0.2771049540035205	NPC
LJP008_NPC.CAS9_24H:J09	DB05223	Pracinostat	-0.26749557305118743	-1.210623361063578	0.10468681559351731	0.2777212288141859	NPC.CAS9
LJP008_NPC.TAK_24H:L22	DB05015	Belinostat	-0.24170393997989553	-1.1808976065577008	0.10474631751227496	0.2777470082704287	NPC.TAK
CPC014_NEU_24H:BRD-K76723084-001-15-8:10	DB00982	Isotretinoin	0.2553685706579436	1.206146173530449	0.10494480568577046	0.2781411263282249	NEU
LJP007_NPC.CAS9_24H:D24	DB06616	Bosutinib	-0.22642383136840602	-1.169684324077426	0.10504885993485343	0.27828470540196926	NPC.CAS9
CPC006_U937_6H:BRD-K35960502-001-10-1:10	DB06803	Niclosamide	0.25344836777025576	1.2166773578394758	0.10523092000490016	0.2784941452792092	U937
LJP009_NPC.TAK_24H:G09	DB08521	4-[4-(4-Fluorophenyl)-2-[4-[(R)-methylsulfinyl]phenyl]-1H-imidazol-5-yl]pyridine	-0.22736069993408656	-1.1724786596701513	0.10523978685612789	0.2784941452792092	NPC.TAK
LJP007_NEU_24H:I05	DB01268	Sunitinib	0.24797982336869442	1.1978012639592512	0.10533333333333333	0.2784941452792092	NEU
CPC014_NPC_24H:BRD-K99498722-001-01-8:10	DB05992	Plinabulin	0.25021371469024173	1.1979180710511403	0.10534384581690757	0.2784941452792092	NPC
LJP008_NPC.CAS9_24H:J03	DB12116	Epigallocatechin gallate	-0.2391042506232457	-1.1788924985855227	0.10537751222161869	0.2784941452792092	NPC.CAS9
CPC012_NPC_24H:BRD-A19248578-001-03-7:10	DB08080	Latrunculin B	0.24183462702308933	1.1855326320458615	0.1055514065222803	0.2786434921586255	NPC
CPC006_THP1_6H:BRD-K59597909-001-10-1:10	DB11447	Phenothiazine	-0.23810640750219897	-1.180892464778221	0.10560747663551402	0.2786434921586255	THP1
LJP007_NPC.CAS9_24H:G11	DB11963	Dacomitinib	-0.2719911155922389	-1.2189625153333257	0.1056097847818417	0.2786434921586255	NPC.CAS9
LJP009_NEU_24H:O01	DB07101	PD-0325901	-0.23527848572052515	-1.1803740089562305	0.1056338028169014	0.2786434921586255	NEU
LJP009_NPC.TAK_24H:L20	DB12588	AZD-1480	-0.224699258115361	-1.160083433471319	0.10600907029478458	0.2793068198753136	NPC.TAK
CPC014_NEU_24H:BRD-K93918653-001-01-4:10	DB12874	Quizartinib	-0.26755509897368696	-1.2158564210270366	0.10602350636630754	0.2793068198753136	NEU
NMH001_NPC_6H:BRD-A31159102-001-02-7:10	DB08544	(S)-Fluoxetine	0.25582215377299816	1.2058945551046785	0.1060840024706609	0.2793068198753136	NPC
CPC006_PL21_6H:BRD-K36927236-001-17-7:10	DB01016	Glyburide	0.206738102724373	1.1494159500352847	0.10608552631578948	0.2793068198753136	PL21
NMH002_NEU_6H:BRD-K08252256-236-26-2:10	DB00586	Diclofenac	-0.2571455000663284	-1.2020814811247533	0.1062809405940594	0.2796893243274799	NEU
DOSBIO001_NEU_24H:BRD-K27305650:3.33333	DB02656	LY-294002	-0.2557990258339236	-1.203279084884133	0.10644341456121992	0.2799661206918511	NEU
LJP008_NEU_24H:P13	DB11662	Rabusertib	0.23530003020811835	1.1811738007398571	0.10648648648648648	0.2799661206918511	NEU
LJP009_NPC.TAK_24H:F05	DB11962	GSK-1059615	-0.2421576831739209	-1.1826983891544343	0.10668485675306957	0.28035554207507074	NPC.TAK
AML001_HL60_24H:BRD-A19037878:3.33333	DB04297	Trichostatin A	-0.22950801276761135	-1.176004107984264	0.10681520314547838	0.2805659220097099	HL60
NMH002_NEU_24H:BRD-K06902185-001-13-6:10	DB00350	Minoxidil	-0.2626899896096823	-1.2082283084684855	0.1070369792479326	0.28101614457610163	NEU
DOSBIO002_NPC_24H:BRD-A13084692:10	DB08607	(5R)-5-(4-{[(2R)-6-HYDROXY-2,5,7,8-TETRAMETHYL-3,4-DIHYDRO-2H-CHROMEN-2-YL]METHOXY}BENZYL)-1,3-THIAZOLIDINE-2,4-DIONE	0.2846981558805346	1.2134102835404073	0.10720122017648981	0.28124610383827586	NPC
CPC017_NPC_24H:BRD-K67261995-001-03-4:10	DB04711	Iodipamide	0.23875819937284348	1.1870825786935428	0.10724568138195778	0.28124610383827586	NPC
LJP008_NPC.TAK_24H:D01	DB09074	Olaparib	0.25893299939378894	1.1963111174120415	0.10727580372250423	0.28124610383827586	NPC.TAK
CPC014_NPC_24H:BRD-K76723084-001-15-8:10	DB00982	Isotretinoin	0.2551327240116316	1.2014488469695643	0.10734740631647847	0.2813016344948959	NPC
NMH002_NPC_6H:BRD-K77175907-001-04-9:10	DB00146	Calcifediol	0.23312165603103158	1.1777355311581548	0.10744710085188239	0.2814306927946722	NPC
NMH002_NPC_24H:BRD-K12184916-001-08-9:10	DB11651	Dactolisib	0.2766897994367548	1.2093548916355648	0.10759115361625822	0.28167576068751976	NPC
NMH002_NPC_24H:BRD-K26657438-001-10-3:10	DB00724	Imiquimod	0.2036924890324428	1.1699330034266786	0.1077127659574468	0.28177822461565705	NPC
CPC014_NEU_24H:BRD-K01493881-001-20-3:10	DB07352	Apigenin	-0.22658701595950267	-1.1760209169143179	0.10773130544993663	0.28177822461565705	NEU
LJP009_NPC.CAS9_24H:L21	DB12588	AZD-1480	0.22078586822041005	1.164664618966204	0.10783487784330244	0.28191695571123915	NPC.CAS9
CPC006_NOMO1_6H:BRD-K32107296-001-03-7:10	DB00853	Temozolomide	-0.25528002701584734	-1.2000063914315577	0.10792368750870353	0.2820169801456941	NOMO1
CPC018_NPC_24H:BRD-K09602097-001-04-5:10	DB02587	Colforsin	-0.25212337993354844	-1.1933450444719311	0.10797962648556876	0.28203105625608055	NPC
CPC006_PL21_6H:BRD-A19037878:10	DB04297	Trichostatin A	-0.23791465913101487	-1.1695767617050445	0.10805084745762712	0.2820850154263461	PL21
LJP008_NPC.CAS9_24H:A22	DB11740	MK-1775	-0.24897098795034026	-1.1871393468893232	0.10810810810810811	0.28210249538593785	NPC.CAS9
PCLB001_JURKAT_6H:BRD-A58955223-001-02-0:0.16	DB12422	Sulforaphane	-0.2417527580650076	-1.1858920146386966	0.1082773011824716	0.282411904299677	JURKAT
CPC006_WSUDLCL2_6H:BRD-A93255169-001-13-5:10	DB01041	Thalidomide	0.23152281309955872	1.1787203888338447	0.10835820895522388	0.2824908634398103	WSUDLCL2
NMH001_NPC_6H:BRD-K66296774-001-05-3:10	DB01095	Fluvastatin	-0.24281814796163292	-1.1841518753822387	0.10846084608460846	0.28262637099767896	NPC
CPC006_THP1_6H:BRD-K12502280-001-01-5:11.1	DB12500	Fedratinib	0.24751032253253738	1.1936944483460883	0.10864961720149861	0.2828761054375987	THP1
CPC014_NEU_24H:BRD-K43764301-001-07-6:10	DB09214	Dexketoprofen	0.24751200457771277	1.1931010677007967	0.10865809176425417	0.2828761054375987	NEU
LJP007_NPC.CAS9_24H:I21	DB13005	Rebastinib	-0.2096302089400083	-1.1519891627815244	0.10882016036655212	0.2831658930433742	NPC.CAS9
LJP009_NPC.CAS9_24H:B03	DB00877	Sirolimus	0.2570063430173903	1.1957342952814642	0.1090765588003157	0.28370075596594935	NPC.CAS9
CPC006_U937_6H:BRD-A46335897-003-05-4:6.23	DB01069	Promethazine	-0.236048010651896	-1.1707977405618015	0.10937919914001612	0.2842761235597487	U937
LJP008_NPC.TAK_24H:K21	DB12332	Rucaparib	0.23040178541487144	1.1734880708205564	0.10939968404423381	0.2842761235597487	NPC.TAK
LJP007_NPC.CAS9_24H:I19	DB13005	Rebastinib	-0.2191039732002355	-1.1620757637611667	0.1095890410958904	0.28450314577662755	NPC.CAS9
NMH002_NEU_6H:BRD-K27305650-001-11-7:10	DB02656	LY-294002	-0.21343601129905346	-1.157557093719926	0.1095890410958904	0.28450314577662755	NEU
LJP008_NPC.CAS9_24H:L15	DB08756	Y-27632	0.2579843909981418	1.2033923469883954	0.10997482693517936	0.2853718881262166	NPC.CAS9
LJP008_NPC.TAK_24H:J12	DB05223	Pracinostat	-0.25939865440877224	-1.1996265502229693	0.11042848141146817	0.28632819999301884	NPC.TAK
CPC006_PL21_6H:BRD-K57080016-001-04-3:80	DB11689	Selumetinib	0.26218449531493276	1.2070589890214258	0.11044600938967136	0.28632819999301884	PL21
LJP007_NPC.TAK_24H:L12	DB11836	Sapanisertib	-0.22607069479623973	-1.1728965861378424	0.11061946902654868	0.28663304634283326	NPC.TAK
LJP008_NEU_24H:K24	DB12332	Rucaparib	-0.2240231389866469	-1.186536143032315	0.11066635271956675	0.28663304634283326	NEU
LJP008_NPC.CAS9_24H:G21	DB00928	Azacitidine	-0.2479485190420732	-1.188161733574745	0.11085450346420324	0.2869871344903897	NPC.CAS9
LJP008_NPC.CAS9_24H:G23	DB00928	Azacitidine	-0.23698951332817697	-1.17670189488835	0.11144477811144478	0.28830473837817605	NPC.CAS9
CPC006_U937_6H:BRD-K61250553-003-13-2:10	DB00836	Loperamide	-0.24080105340512398	-1.1844736362398551	0.11150627615062761	0.28830473837817605	U937
CPC006_NOMO1_6H:BRD-K89732114-001-05-9:10	DB00831	Trifluoperazine	0.25556999978746514	1.1976699341872872	0.11151848457073021	0.28830473837817605	NOMO1
AML001_U937_24H:BRD-K71879491:1.11111	DB00982	Isotretinoin	-0.25841526180746005	-1.1940808160728218	0.11192998618148318	0.2890036003571348	U937
LJP009_NEU_24H:O03	DB07101	PD-0325901	0.22622612142480578	1.1605329461771232	0.1119375232428412	0.2890036003571348	NEU
CPC006_PL21_6H:BRD-A56592690-001-01-9:30	DB05448	PX-12	0.24626081547772052	1.1792251994587115	0.11194703581101415	0.2890036003571348	PL21
NMH002_NEU_6H:BRD-K33127281-001-02-3:10	DB00210	Adapalene	-0.23079725435573456	-1.1819292715743863	0.11199601791936287	0.2890036003571348	NEU
LJP009_NEU_24H:L19	DB12588	AZD-1480	-0.2102987427006702	-1.1441998071798976	0.11209439528023599	0.2891237315156896	NEU
LJP007_NPC.TAK_24H:E09	DB05913	OSI-930	0.23263538630211295	1.1735929234461104	0.11218795888399413	0.28923134131876305	NPC.TAK
LJP007_NPC.TAK_24H:P18	DB05294	Vandetanib	0.24330019790183874	1.1831039755188277	0.11235955056179775	0.28942549016718727	NPC.TAK
CPC006_THP1_6H:BRD-A75817871-001-04-2:40	DB01944	(S)-blebbistatin	-0.25324862120007696	-1.195097476340963	0.11236702127659574	0.28942549016718727	THP1
NMH002_NEU_24H:BRD-K30984264-003-10-0:10	DB07919	Harmine	0.24108762026525735	1.171378834644392	0.11260709914320685	0.28984439687263	NEU
CPC014_NPC_24H:BRD-K35483542-001-04-9:10	DB00982	Isotretinoin	-0.27036135085434276	-1.2085973028495791	0.11263356379635449	0.28984439687263	NPC
CPC015_NPC_24H:BRD-A90490067-001-01-9:10	DB00947	Fulvestrant	-0.24110564896304026	-1.1735299004835515	0.11270085846357032	0.2898838586299027	NPC
LJP008_NPC_24H:P18	DB11662	Rabusertib	-0.24901518778754927	-1.1895325316842198	0.11286449399656946	0.29017097327505115	NPC
LJP008_NPC.TAK_24H:K22	DB12332	Rucaparib	-0.23953929693536152	-1.1754084159226426	0.1131506160422429	0.2907218977157835	NPC.TAK
NMH002_NEU_6H:BRD-K67102207-236-03-6:10	DB06819	Phenylbutyric acid	-0.2474397817464614	-1.202536287263868	0.1131830008673027	0.2907218977157835	NEU
LJP007_JURKAT_24H:J22	DB03044	Doramapimod	-0.2683518241567821	-1.207993937063849	0.11326665863357031	0.2907617548509069	JURKAT
LJP009_NPC.CAS9_24H:L20	DB12588	AZD-1480	-0.23578451875630568	-1.1712430370700309	0.11330275229357799	0.2907617548509069	NPC.CAS9
NMH002_NPC_6H:BRD-K80738081-001-33-6:10	DB02709	Resveratrol	-0.23731995302173545	-1.1769670843985385	0.11380810625143119	0.29192433323068256	NPC
LJP008_NPC.TAK_24H:M13	DB01262	Decitabine	-0.24379788824422027	-1.1783680131208756	0.11389521640091116	0.2920033930343439	NPC.TAK
NMH001_NPC_24H:BRD-K69726342-001-02-6:10	DB01076	Atorvastatin	0.2483976340786408	1.1914876896620719	0.11394360757049053	0.2920033930343439	NPC
LJP009_NPC_24H:D13	DB16108	TAK-715	-0.2551307862398011	-1.1968488676217979	0.11404580152671756	0.2921310958299161	NPC
CPC006_THP1_6H:BRD-A84481105-003-17-2:10	DB00679	Thioridazine	-0.2477090290258984	-1.1885838383504308	0.11415036674816625	0.29214819195906633	THP1
LPROT001_NPC.TAK_6H:M06	DB12920	Pinometostat	-0.23868812129341832	-1.172095484838534	0.11415720711073035	0.29214819195906633	NPC.TAK
LJP009_NEU_24H:P22	DB09074	Olaparib	-0.22272284888022953	-1.1527792477312315	0.1145930776426567	0.29312919769297646	NEU
LPROT003_NPC_6H:H01	DB01590	Everolimus	-0.26274751337642804	-1.1977113209334334	0.1150237933378654	0.29409612421262654	NPC
CPC015_NPC_24H:BRD-K95237249-001-15-8:10	DB01032	Probenecid	0.22964356697569177	1.1660689205780967	0.11515151515151516	0.2942591065790877	NPC
NMH002_NPC_24H:BRD-K65331431-001-05-4:10	DB12112	Zuretinol acetate	0.2349906140612469	1.173570376998855	0.11522148916116871	0.2942591065790877	NPC
NMH002_NPC_24H:BRD-K30984264-003-10-0:10	DB07919	Harmine	-0.25961561976134157	-1.2076297739916406	0.11525257479156449	0.2942591065790877	NPC
CPC006_WSUDLCL2_6H:BRD-K87142802-001-02-7:10	DB07232	Veliparib	-0.2463058226644234	-1.1917317910648062	0.11531432748538012	0.2942591065790877	WSUDLCL2
LJP008_NPC.CAS9_24H:D02	DB09074	Olaparib	0.21912740979377412	1.150673581548306	0.11535125758889853	0.2942591065790877	NPC.CAS9
LJP008_NEU_24H:H18	DB11841	Entinostat	-0.2648481152960717	-1.1911944235907248	0.11551528878822197	0.29454286844126615	NEU
NMH002_NEU_6H:BRD-K47192521-001-04-7:10	DB00159	Icosapent	0.27009776541345926	1.2005949114260606	0.1157141030558752	0.294915020990739	NEU
LJP007_NPC.CAS9_24H:H10	DB09053	Ibrutinib	0.24390109980555683	1.1840622252225195	0.11580465691324954	0.29501104151553387	NPC.CAS9
CPC015_NPC_24H:BRD-A39969961-001-01-3:10	DB00700	Eplerenone	-0.23975740461276668	-1.1813823909640395	0.11590951579734529	0.2951433996501093	NPC
CPC006_SKM1_6H:BRD-K98404142-001-01-9:11.1	DB05107	16-Bromoepiandrosterone	0.2287238697199666	1.1619215937656908	0.11603053435114503	0.29531676603332035	SKM1
NMH002_NPC_6H:BRD-K37846922-001-08-6:10	DB11875	3,3'-diindolylmethane	-0.24007200111712443	-1.1853078708534541	0.11611456176673568	0.29539586871710827	NPC
LJP008_NEU_24H:G09	DB02546	Vorinostat	-0.2628857962095668	-1.1946797554337076	0.1162925416364953	0.29571380573838074	NEU
LJP009_NPC.TAK_24H:O03	DB07101	PD-0325901	-0.2604114188855535	-1.2015022257528314	0.11666234103296133	0.296518998005873	NPC.TAK
NMH002_NPC_24H:BRD-A75409952-001-04-0:10	DB08059	Wortmannin	0.23811113063437983	1.1708630775171809	0.11673902556681139	0.2965787903630422	NPC
NMH002_NPC_24H:BRD-K43736954-001-19-9:10	DB14681	Cortisone	0.2465762901166703	1.1852510530457676	0.11691859406301221	0.2968997889292422	NPC
NMH002_NEU_24H:BRD-K49685476-001-11-8:10	DB02877	Arotinoid acid	0.23493067691183528	1.1589908376606022	0.11713494261970717	0.2973138511716771	NEU
CPC006_THP1_6H:BRD-K53414658-001-01-7:10	DB11800	Tivozanib	0.23661526265209087	1.1739056097589298	0.11728846622774933	0.2974513529948313	THP1
LJP008_NPC_24H:I11	DB11830	Mocetinostat	0.24241100654399667	1.1710470900540866	0.11729574773053034	0.2974513529948313	NPC
LJP007_NPC.TAK_24H:D10	DB08875	Cabozantinib	0.26410329452109105	1.1992121740833386	0.11740388590326581	0.29759031324594276	NPC.TAK
AML001_U937_24H:BRD-A45664787:10	DB01088	Iloprost	0.216860911497231	1.1496261874870535	0.11782608695652173	0.298524858823994	U937
CPC018_NPC_24H:BRD-K65503129-001-04-8:10	DB07594	CCT-018159	0.26494076763158325	1.205446265324808	0.117964533538936	0.2986992284339579	NPC
LJP009_NPC.TAK_24H:H08	DB08912	Dabrafenib	-0.22740866561831338	-1.154529614515151	0.11804008908685969	0.2986992284339579	NPC.TAK
AML001_HL60_24H:BRD-K26684619:1.11111	DB08784	2-(4-CHLORO-PHENYLAMINO)-NICOTINIC ACID	-0.2361685132556301	-1.2208063014275292	0.1180824413573218	0.2986992284339579	HL60
CPC006_PL21_6H:BRD-K41895714-001-02-2:10	DB04769	5-QUINOXALIN-6-YLMETHYLENE-THIAZOLIDINE-2,4-DIONE	0.2549400519691329	1.1930444721542273	0.11810906935388263	0.2986992284339579	PL21
LJP009_NPC.TAK_24H:B09	DB12242	AZD-7762	-0.2319552940504457	-1.1745330161845964	0.11823935558112773	0.29889323279887253	NPC.TAK
CPC014_NEU_24H:BRD-K99616396-001-01-0:10	DB05575	Motesanib	-0.2534583617295063	-1.185889369147171	0.11834120026972353	0.29901519760180595	NEU
NMH002_NPC_24H:BRD-K62012036-001-10-2:10	DB00459	Acitretin	-0.2250298201833765	-1.169424946535434	0.11840369393139842	0.2990242112764518	NPC
LJP007_NPC.TAK_24H:G17	DB01254	Dasatinib	-0.2325324685801175	-1.1634756684495555	0.11851597389213328	0.2990242112764518	NPC.TAK
CPC016_NPC_24H:BRD-K96862998-001-03-1:10	DB04951	Pirfenidone	-0.2546614489240244	-1.191736706893654	0.11851851851851852	0.2990242112764518	NPC
LJP007_NPC_24H:H12	DB09053	Ibrutinib	-0.23605989698103552	-1.174811853554204	0.11855916030534351	0.2990242112764518	NPC
CPC006_THP1_6H:BRD-A79768653-001-02-1:10	DB00877	Sirolimus	0.2380620277584951	1.1651931202176324	0.11862669741224699	0.29905935149702934	THP1
CPC006_THP1_6H:BRD-A09533288-003-20-5:10	DB14063	Dexverapamil	-0.25530016312304166	-1.194081696027361	0.11869967193558008	0.2991058246672773	THP1
NMH002_NEU_24H:BRD-A95074085-236-01-6:10	DB13242	Bucladesine	0.2262107425197582	1.1688341072275548	0.11876276626787277	0.2991058246672773	NEU
CPC014_NPC_24H:BRD-K49865102-001-02-7:10	DB07101	PD-0325901	-0.2478036856393043	-1.1805784049085428	0.11880597014925373	0.2991058246672773	NPC
PCLB001_JURKAT_6H:BRD-K07572174-001-22-0:0.16	DB11672	Curcumin	-0.2613879133664907	-1.2054230328845619	0.11894710702756395	0.2993260758262423	JURKAT
CPC006_WSUDLCL2_6H:BRD-A31107743-001-01-3:0.09	DB07348	Brefeldin A	-0.2552580657093365	-1.1969355908364578	0.11912943871706758	0.2993612345279662	WSUDLCL2
CPC006_U937_6H:BRD-K06980535-003-15-0:10	DB00420	Promazine	-0.24549784140773112	-1.1820204756039534	0.1191994332270634	0.2993612345279662	U937
LJP009_NEU_24H:B15	DB11805	Saracatinib	0.2345794110573028	1.1583774377289864	0.1192005710206995	0.2993612345279662	NEU
CPC018_NPC_24H:BRD-K39188321-001-03-9:10	DB01234	Dexamethasone	0.23932767226579874	1.1739629645333385	0.11924545250392994	0.2993612345279662	NPC
NMH002_NPC_24H:BRD-K04923131-001-11-3:10	DB03444	6-bromoindirubin-3'-oxime	-0.24473339166523017	-1.172311685511186	0.11929144755051203	0.2993612345279662	NPC
NMH002_NEU_24H:BRD-K43736954-001-19-9:10	DB14681	Cortisone	0.2493770468738283	1.181085399038763	0.11929499072356216	0.2993612345279662	NEU
NMH002_NEU_6H:BRD-K65331431-001-05-4:10	DB12112	Zuretinol acetate	-0.24275679424075064	-1.1783003209886145	0.11934074662430501	0.2993612345279662	NEU
LJP007_NPC.TAK_24H:M08	DB05575	Motesanib	0.22131964607457824	1.149834054153181	0.11939034716342083	0.2993612345279662	NPC.TAK
LJP007_NEU_24H:I20	DB13005	Rebastinib	-0.2162219280540892	-1.1678514541635772	0.11945983379501385	0.2994009041969372	NEU
CPC006_THP1_6H:BRD-K82746043-001-03-7:10	DB12340	Navitoclax	-0.18821015319663936	-1.1214687886123431	0.11979166666666667	0.3000977585690765	THP1
CPC015_NPC_24H:BRD-K10974103-001-14-6:10	DB14638	Diloxanide furoate	0.24195093381709687	1.175637013165239	0.12038086601677624	0.3014384432260299	NPC
LJP008_NPC.CAS9_24H:K21	DB12332	Rucaparib	-0.24493240074598072	-1.1755448974362535	0.12046502305071156	0.30151384638847906	NPC.CAS9
LJP009_NPC_24H:M16	DB06314	SGX-523	-0.24700670368553482	-1.174599075353153	0.12068332108743571	0.30192477504340975	NPC
LJP009_NEU_24H:O04	DB07101	PD-0325901	0.20599231590324102	1.1422783226357804	0.12094395280235988	0.30244119797595953	NEU
CPC014_NPC_24H:BRD-K43880410-001-07-8:10	DB02789	Pregnenolone	-0.2669539658670307	-1.19928673047684	0.12114371708051166	0.3025679090692746	NPC
LJP008_NEU_24H:I12	DB11830	Mocetinostat	0.27714279385046453	1.2005780500138432	0.12114413909141895	0.3025679090692746	NEU
LPROT003_NPC_6H:H21	DB01950	AR-AO-14418	0.2268321645974678	1.1642210805877986	0.12115732368896925	0.3025679090692746	NPC
CPC006_THP1_6H:BRD-K67844266-001-01-3:11.1	DB11759	Pevonedistat	0.23686179698753634	1.1692743956770941	0.1212707182320442	0.30271558703202445	THP1
CPC016_NEU_24H:BRD-K94441233-001-03-1:10	DB06693	Mevastatin	-0.2372287912325341	-1.173545503390861	0.12141816415735794	0.30294809384342575	NEU
CPC018_NPC_24H:BRD-K19284129-001-01-8:10	DB12327	Salvinorin A	0.2081193560604985	1.1393360490894928	0.12160413971539456	0.30327648434161214	NPC
NMH002_NPC_24H:BRD-K87714311-001-01-9:10	DB03068	Zebularine	-0.20868639306083217	-1.146415888812933	0.1221183800623053	0.30442289650026866	NPC
LJP007_JURKAT_24H:K20	DB01590	Everolimus	0.26559641833545233	1.1889602547892575	0.12217674700621495	0.30443236781941635	JURKAT
LPROT003_NPC_6H:B19	DB06589	Pazopanib	-0.20766472002962716	-1.1327269437261294	0.12244897959183673	0.30492364686186957	NPC
LJP009_NPC.CAS9_24H:O21	DB07232	Veliparib	0.2264050254672424	1.153539736865496	0.12248322147651007	0.30492364686186957	NPC.CAS9
LJP007_NPC_24H:A15	DB12742	Amuvatinib	-0.23809479532772332	-1.1702474214030179	0.12298435619735258	0.3060346669157137	NPC
CPC016_NPC_24H:BRD-K84175871-003-02-2:10	DB14752	Racephedrine	-0.23699293152694628	-1.171802648716392	0.12336620041274937	0.3068479857791925	NPC
CPC006_THP1_6H:BRD-A67373739-001-01-4:10	DB01700	AICA ribonucleotide	-0.22810468543586027	-1.1529863054743756	0.12351543942992874	0.307082280115674	THP1
CPC006_THP1_6H:BRD-K87142802-001-02-7:10	DB07232	Veliparib	-0.23036852176949615	-1.1557897834194861	0.12371134020618557	0.3074323238353271	THP1
CPC006_WSUDLCL2_6H:BRD-A70449690-001-01-4:10	DB02587	Colforsin	0.22574818262760976	1.1594891144969874	0.12403100775193798	0.3077641633207711	WSUDLCL2
LJP007_NPC_24H:I09	DB06589	Pazopanib	-0.25678302019022237	-1.1909486664905784	0.12403918613413716	0.3077641633207711	NPC
LPROT002_NPC.TAK_6H:C02	DB00773	Etoposide	-0.24374697147160976	-1.172641502761406	0.12405255179383527	0.3077641633207711	NPC.TAK
LJP009_NPC.TAK_24H:M18	DB06314	SGX-523	0.2555965051084152	1.1886077111084932	0.12406553205026245	0.3077641633207711	NPC.TAK
NMH002_NPC_6H:BRD-K66956375-001-09-7:10	DB16495	Oleic monoethanolamide	-0.26092685973987373	-1.1948520520325263	0.12419503219871206	0.30794848206071757	NPC
AML001_HL60_6H:BRD-K93754473:0.49846	DB00675	Tamoxifen	0.2462682587287083	1.1775215292067134	0.12441471571906354	0.30835615237523567	HL60
LJP009_NPC.TAK_24H:H10	DB08912	Dabrafenib	-0.26042935609331735	-1.1874241809704544	0.12455183164458301	0.30846752434790053	NPC.TAK
LJP009_NPC_24H:L09	DB05984	RAF-265	0.2615654595849633	1.1930957736469647	0.12461820403176542	0.30846752434790053	NPC
CPC006_PL21_6H:BRD-K85606544-001-01-8:10	DB11828	Neratinib	0.24986707944590744	1.1848616901621247	0.12462552426602756	0.30846752434790053	PL21
LJP008_NPC.CAS9_24H:K22	DB12332	Rucaparib	-0.24046368613561367	-1.1701712627673189	0.12476722532588454	0.3085631509168743	NPC.CAS9
CPC017_NPC_24H:BRD-A25687296-300-03-5:10	DB13393	Emetine	0.28273220175316155	1.1947490960983704	0.12477477477477478	0.3085631509168743	NPC
LJP007_NPC.TAK_24H:K12	DB11962	GSK-1059615	0.2644702775920468	1.1929028234918015	0.1250163121492888	0.30894079551088005	NPC.TAK
LJP008_NPC.CAS9_24H:A11	DB07232	Veliparib	0.24940145226246088	1.1832804261226921	0.12512446067042815	0.30894079551088005	NPC.CAS9
LJP009_NPC.CAS9_24H:P19	DB09074	Olaparib	-0.2844753058352776	-1.1977118210972197	0.12513991493172152	0.30894079551088005	NPC.CAS9
LJP009_NPC.CAS9_24H:B12	DB12242	AZD-7762	-0.2437934006282241	-1.1734600149979562	0.12514898688915377	0.30894079551088005	NPC.CAS9
NMH002_NEU_6H:BRD-K71799949-001-29-9:10	DB00564	Carbamazepine	-0.2456441125228821	-1.186772543880693	0.1253005232640362	0.3090906433223765	NEU
LJP008_NEU_24H:M16	DB01262	Decitabine	0.21978466441407837	1.176682908734927	0.12533140515786936	0.3090906433223765	NEU
CPC017_NPC_24H:BRD-A93236127-001-03-7:10	DB01396	Digitoxin	0.26925740886583843	1.1991336389649547	0.12537589636826277	0.3090906433223765	NPC
CPC006_U937_6H:BRD-K98404142-001-01-9:11.1	DB05107	16-Bromoepiandrosterone	0.2641799464595674	1.1944589099905472	0.12550873047131417	0.30928145198739476	U937
LJP007_JURKAT_24H:P23	DB11886	Infigratinib	0.21721909497463893	1.145569453037745	0.12579710144927536	0.3098389082784874	JURKAT
LJP007_NPC.CAS9_24H:M06	DB07794	5-(2-PHENYLPYRAZOLO[1,5-A]PYRIDIN-3-YL)-1H-PYRAZOLO[3,4-C]PYRIDAZIN-3-AMINE	0.2417145847959555	1.173211632834777	0.1258460236886633	0.3098389082784874	NPC.CAS9
NMH001_NEU_24H:BRD-K66296774-001-05-3:10	DB01095	Fluvastatin	0.23840262032698661	1.158004354380422	0.12598826829890333	0.31005229326845246	NEU
LJP009_NEU_24H:M18	DB06314	SGX-523	0.25910372401968396	1.1847191119854816	0.12613875262789068	0.3102855083611008	NEU
LJP008_NPC.TAK_24H:K09	DB11962	GSK-1059615	-0.2322420027961142	-1.153284711609033	0.12619426751592358	0.3102855083611008	NPC.TAK
LJP008_NPC.TAK_24H:C09	DB13877	Iniparib	-0.2410326322002956	-1.171532135816093	0.1265328874024526	0.3109430641907876	NPC.TAK
LJP007_JURKAT_24H:P11	DB07859	4-(4-CHLOROPHENYL)-4-[4-(1H-PYRAZOL-4-YL)PHENYL]PIPERIDINE	0.23750710005459447	1.167497829687879	0.1265954675696796	0.3109430641907876	JURKAT
CPC006_PL21_6H:BRD-K01638814-051-10-1:10	DB11738	Rilmenidine	0.24431530344402777	1.1764610170846928	0.12666025024061597	0.3109430641907876	PL21
NMH002_NPC_6H:BRD-K93258693-001-13-2:10	DB07863	2-chloro-5-nitro-N-phenylbenzamide	-0.2072682741088954	-1.1570822512293182	0.12668463611859837	0.3109430641907876	NPC
LJP007_NPC_24H:B03	DB00877	Sirolimus	0.2545711945792766	1.1775103996606828	0.1268373996060009	0.3111811136331922	NPC
NMH002_NPC_24H:BRD-K89732114-300-10-5:10	DB00831	Trifluoperazine	-0.226953070830034	-1.16531865547525	0.12696603601550036	0.31135978678262705	NPC
CPC014_NPC_24H:BRD-K99451608-001-01-6:10	DB01601	Lopinavir	0.23370703203689983	1.1633399219807625	0.12708173200102485	0.3115065829673628	NPC
LJP007_NEU_24H:B08	DB07970	5-[(2-methyl-5-{[3-(trifluoromethyl)phenyl]carbamoyl}phenyl)amino]pyridine-3-carboxamide	-0.22494179017579063	-1.1716710464101245	0.12745098039215685	0.3120884210526316	NEU
NMH001_NPC_24H:BRD-K60511616-001-01-2:10	DB00175	Pravastatin	0.24685325098298447	1.1784074440045165	0.12749505484625068	0.3120884210526316	NPC
LJP009_NPC.TAK_24H:O21	DB07232	Veliparib	0.2650720750972023	1.1939664676365915	0.12753699096503862	0.3120884210526316	NPC.TAK
NMH002_NEU_24H:BRD-K79254416-001-11-9:10	DB01262	Decitabine	-0.24016887921840427	-1.163023232222027	0.12754285714285715	0.3120884210526316	NEU
LJP009_NPC.CAS9_24H:F03	DB11962	GSK-1059615	0.22402304891930946	1.1513317877777276	0.1279733587059943	0.3130045454716099	NPC.CAS9
CPC006_SKM1_6H:BRD-K20285085-001-01-4:10	DB07159	Tamatinib	-0.2457424595969241	-1.1746533876370548	0.1281012658227848	0.31318008852993706	SKM1
NMH001_NPC_6H:BRD-A95696066-001-01-7:10	DB09186	Nisoxetine	0.23984739038681904	1.1632615157922233	0.12816834050693449	0.3132068207131789	NPC
CPC006_PL21_6H:BRD-A67373739-001-01-4:10	DB01700	AICA ribonucleotide	0.2328416026173422	1.1674150899718971	0.12830957230142567	0.3134124714306925	PL21
LJP008_NEU_24H:M06	DB02709	Resveratrol	0.22349429520702727	1.1689382607623344	0.12836484983314794	0.3134124714306925	NEU
CPC006_PL21_6H:BRD-K89732114-001-05-9:10	DB00831	Trifluoperazine	0.24770045614986883	1.179812916966505	0.12873949579831934	0.3141896968761258	PL21
NMH001_NPC_24H:BRD-K90259198-001-01-8:10	DB04513	N-(6-Aminohexyl)-5-Chloro-1-Naphthalenesulfonamide	0.2491457422218228	1.1725193124268907	0.12883931458131265	0.3142958181238055	NPC
LJP007_NPC_24H:I13	DB11526	Masitinib	0.24646582139895515	1.173358708675754	0.12910365178900773	0.31467772184384557	NPC
DOSBIO001_NPC_24H:BRD-A13084692:1.11111	DB08607	(5R)-5-(4-{[(2R)-6-HYDROXY-2,5,7,8-TETRAMETHYL-3,4-DIHYDRO-2H-CHROMEN-2-YL]METHOXY}BENZYL)-1,3-THIAZOLIDINE-2,4-DIONE	0.25072616942441767	1.1781171006281248	0.1291086763399467	0.31467772184384557	NPC
NMH002_NEU_24H:BRD-A38878059-001-02-8:10	DB07557	3,20-Pregnanedione	0.24104780271481577	1.1653298085408854	0.12972317639927258	0.31601281616853133	NEU
LJP009_NPC.TAK_24H:K24	DB12432	CC-401	0.24399261014560142	1.1766817385892419	0.12976973684210527	0.31601281616853133	NPC.TAK
AML001_U937_24H:BRD-K19706299:1.11111	DB00374	Treprostinil	-0.28008595997690566	-1.1957906605676936	0.12982866872406087	0.31601838691602774	U937
LJP007_NPC.TAK_24H:K03	DB12064	BMS-777607	-0.2342087415867086	-1.1655668421892211	0.1299864314789688	0.31616918594786725	NPC.TAK
DOSBIO001_NPC_24H:BRD-A90490067:10	DB00947	Fulvestrant	0.22181902783687732	1.1515009952602073	0.13000396353547364	0.31616918594786725	NPC
LJP009_NEU_24H:B07	DB12242	AZD-7762	0.23389629238642964	1.1658452657448781	0.13013972055888223	0.31636143834335684	NEU
LJP007_JURKAT_24H:C06	DB11800	Tivozanib	-0.24252431785287643	-1.1657867938497477	0.1302710843373494	0.31654284822215695	JURKAT
LJP007_JURKAT_24H:B17	DB12200	Tivantinib	-0.2212886133134629	-1.1449602985836222	0.13083213083213083	0.3177425322493085	JURKAT
LJP009_NPC.CAS9_24H:I13	DB12146	Rigosertib	0.2443271034325675	1.1522272170287315	0.13087871287128713	0.3177425322493085	NPC.CAS9
LJP008_NPC.TAK_24H:A23	DB11740	MK-1775	-0.24815669932621884	-1.1682703060107145	0.1309786607799853	0.3177727638885918	NPC.TAK
AML001_U937_6H:BRD-A45664787:0.37037	DB01088	Iloprost	0.24302470022733988	1.174289441586172	0.13100508280045908	0.3177727638885918	U937
LJP007_JURKAT_24H:I02	DB01268	Sunitinib	-0.24742696046694732	-1.1705605762953908	0.13133892739875958	0.3184441008073358	JURKAT
CPC014_NEU_24H:BRD-K99964838-001-03-6:10	DB06616	Bosutinib	-0.2575945252989574	-1.1878799164299145	0.13154048523823444	0.3187942515830191	NEU
LJP009_NPC.CAS9_24H:K19	DB12432	CC-401	0.24828124159475465	1.1743148694444059	0.13160714285714287	0.3188121243914986	NPC.CAS9
CPC016_NPC_24H:BRD-K93258693-001-05-8:10	DB07863	2-chloro-5-nitro-N-phenylbenzamide	-0.24133927689327236	-1.163106043058146	0.13166214995483289	0.3188121243914986	NPC
NMH002_NPC_24H:BRD-K97808269-001-01-9:10	DB04382	2-Deoxy-alpha-D-galactopyranose	-0.2708743913647066	-1.1887594810215523	0.1317320787421072	0.3188430660747142	NPC
CPC017_NPC_24H:BRD-K62310379-001-03-0:10	DB00588	Fluticasone propionate	-0.22341831142934132	-1.140243248380519	0.13204747774480713	0.3194678570417515	NPC
LJP009_NPC.TAK_24H:G14	DB01254	Dasatinib	0.2562746979904698	1.18164942555579	0.13224107665301346	0.3197493589213334	NPC.TAK
CPC006_SKM1_6H:BRD-K52836380-001-01-7:22.2	DB07403	4-[(3-CHLORO-4-{[(2R)-3,3,3-TRIFLUORO-2-HYDROXY-2-METHYLPROPANOYL]AMINO}PHENYL)SULFONYL]-N,N-DIMETHYLBENZAMIDE	-0.2336544983625066	-1.1518020350160603	0.1322969543147208	0.3197493589213334	SKM1
CPC018_NPC_24H:BRD-K48367671-001-01-8:10	DB04854	Febuxostat	-0.21627966607466284	-1.1423051114149367	0.13237165888841748	0.3197493589213334	NPC
LJP007_NPC_24H:G14	DB01254	Dasatinib	-0.22799201460025037	-1.1461872188856805	0.13239308462238397	0.3197493589213334	NPC
CPC006_NOMO1_6H:BRD-A70449690-001-01-4:10	DB02587	Colforsin	0.22753303862208232	1.1480954287253933	0.13249919794674367	0.3198671680419225	NOMO1
CPC006_NOMO1_6H:BRD-A46335897-003-05-4:6.23	DB01069	Promethazine	-0.21854428739590007	-1.14384877034826	0.13281682346430548	0.3204952673474742	NOMO1
CPC014_NEU_24H:BRD-A84327315-001-01-1:10	DB00136	Calcitriol	-0.24005862117846402	-1.1710995732709615	0.13303379566321547	0.32088004583012497	NEU
LJP007_NPC_24H:A13	DB12742	Amuvatinib	-0.22199013156412978	-1.1459845844652328	0.1338862559241706	0.32275461955414825	NPC
LJP009_NEU_24H:D21	DB13061	MLN8054	-0.23837382240295457	-1.1625395950612323	0.13392667938122482	0.32275461955414825	NEU
CPC018_NPC_24H:BRD-K77641333-003-15-6:10	DB06711	Naphazoline	-0.2319815353805038	-1.1513845832982788	0.1340863017665798	0.3227937564959074	NPC
CPC018_NPC_24H:BRD-A95696820-001-01-4:10	DB04944	Acadesine	-0.25227501430794985	-1.1791327845050235	0.1341136652094204	0.3227937564959074	NPC
LJP009_NPC.TAK_24H:M15	DB06314	SGX-523	0.23256089159575044	1.1571469045475422	0.13411649534997552	0.3227937564959074	NPC.TAK
LJP008_NPC_24H:C11	DB13877	Iniparib	0.23281008222044353	1.1538278323251787	0.1342066957787482	0.32287156349704016	NPC
LJP009_NPC_24H:G17	DB01254	Dasatinib	0.22897156994034015	1.1481870474256946	0.13436866981769074	0.3231219003934899	NPC
CPC015_NPC_24H:BRD-K70914287-300-01-0:10	DB12966	Falnidamol	-0.23911366485903765	-1.1655712981428599	0.13447073931388737	0.32315892396404033	NPC
NMH001_NEU_6H:BRD-K13296708-001-01-7:10	DB06155	Rimonabant	-0.2503156589926103	-1.1696165193024637	0.13449991422199348	0.32315892396404033	NEU
LJP009_NEU_24H:E09	DB01782	Pyrazolanthrone	0.22283178919450639	1.159141085949892	0.13463514902363824	0.32334459595474724	NEU
NMH001_NEU_24H:BRD-A77098556-001-01-5:10	DB12885	CF-102	0.23909087228865541	1.1662449734681557	0.1347531847133758	0.3234888199293991	NEU
CPC006_SKM1_6H:BRD-K81418486-001-13-7:11.1	DB02546	Vorinostat	-0.23815839901085992	-1.1515790521145362	0.13483764446890478	0.3235523520395784	SKM1
CPC006_WSUDLCL2_6H:BRD-K27316855-001-02-6:1	DB00136	Calcitriol	0.21308983328122405	1.135147510779854	0.13513513513513514	0.3241074981298445	WSUDLCL2
LJP007_NPC_24H:B04	DB01204	Mitoxantrone	-0.21041586851202143	-1.1308591303548068	0.13518518518518519	0.3241074981298445	NPC
NMH001_NEU_6H:BRD-K12539581-001-18-7:10	DB08313	Nocodazole	-0.2749652513283447	-1.1892377792139925	0.13534172661870503	0.3242314090374149	NEU
NMH002_NEU_24H:BRD-K26521938-001-06-4:10	DB00917	Dinoprostone	-0.22661210981151395	-1.1421557020251292	0.13540684888469998	0.3242314090374149	NEU
LJP009_NPC_24H:G15	DB01254	Dasatinib	0.269419951937278	1.1890695461271215	0.1354869246243048	0.3242314090374149	NPC
CPC006_U937_6H:BRD-A31107743-001-01-3:0.09	DB07348	Brefeldin A	-0.23463104717892375	-1.161304733207962	0.13551401869158877	0.3242314090374149	U937
NMH001_NEU_24H:BRD-K52075040-001-06-3:10	DB01034	Cerulenin	0.25777693955196884	1.1769507935550776	0.13552745041678643	0.3242314090374149	NEU
NMH002_NPC_24H:BRD-K66956375-001-09-7:10	DB16495	Oleic monoethanolamide	-0.25745735098320033	-1.184883649559993	0.1361346602776754	0.3255444790780759	NPC
CPC006_PL21_6H:BRD-K81418486-001-13-7:11.1	DB02546	Vorinostat	-0.24088823725644642	-1.1572607211301953	0.1365698729582577	0.3264452961585774	PL21
LJP009_NPC.CAS9_24H:E20	DB08901	Ponatinib	-0.2097500044693577	-1.1350923863707203	0.13687150837988826	0.3270261864031677	NPC.CAS9
NMH002_NEU_6H:BRD-K81418486-001-29-3:10	DB02546	Vorinostat	-0.2514079469990745	-1.1610764247276673	0.13701287250925762	0.3271813851110457	NEU
CPC018_NPC_24H:BRD-K80431395-001-02-4:10	DB12405	Triciribine	-0.21946684365432795	-1.1382719090381495	0.13705375461633157	0.3271813851110457	NPC
DOSBIO001_NPC_24H:BRD-A90490067:3.33333	DB00947	Fulvestrant	0.2397750646784689	1.162547192789006	0.13726228582187913	0.327539047305502	NPC
NMH002_NEU_24H:BRD-K81839095-001-19-4:10	DB00655	Estrone	0.2049764699230525	1.1264967579039618	0.1375968992248062	0.32819713585942445	NEU
CPC016_NEU_24H:BRD-K59522102-001-08-8:10	DB12582	Piperine	0.24872983981573457	1.173391900926581	0.13774354327140914	0.3284065076543554	NEU
NMH002_NPC_6H:BRD-K76723084-001-19-0:10	DB00982	Isotretinoin	0.22571754758722323	1.148151265124985	0.1378504672897196	0.3285210410121084	NPC
NMH002_NEU_24H:BRD-A70814879-003-01-8:10	DB12764	Opaganib	0.20814514816255808	1.1317514623960017	0.13872452333990795	0.3304629016709421	NEU
LJP008_NPC.TAK_24H:N11	DB02665	(1R,2S)-2-Phenylcyclopropanaminium	-0.25974019919992297	-1.1871532270270317	0.1389093588798821	0.3307619774608887	NPC.TAK
LJP009_NPC.TAK_24H:B10	DB12242	AZD-7762	-0.24551023589451626	-1.1649925789672217	0.13908417252517574	0.3310369447602199	NPC.TAK
LPROT001_NPC.TAK_6H:I06	DB03068	Zebularine	0.2414590665576017	1.1618833092140697	0.139186295503212	0.3311387388539103	NPC.TAK
CPC016_NPC_24H:BRD-A80017228-001-15-8:10	DB00436	Bendroflumethiazide	-0.23361767422233298	-1.1511009725237482	0.13930688554491563	0.3312687511484389	NPC
CPC013_NPC_24H:BRD-K31283835-001-01-9:10	DB08895	Tofacitinib	0.20921532731735348	1.1306509056886063	0.1393596986817326	0.3312687511484389	NPC
CPC017_NPC_24H:BRD-K42693031-001-01-8:10	DB00222	Glimepiride	0.24329135652516073	1.1633874759899687	0.13943607570490538	0.33130914240105075	NPC
CPC014_NEU_24H:BRD-K48722833-001-01-9:10	DB04946	Iloperidone	0.27316213531500927	1.184443607495453	0.13962567458950512	0.33154185722807716	NEU
LJP007_NEU_24H:A14	DB12742	Amuvatinib	0.20958941888432822	1.1568820760786054	0.139652870493992	0.33154185722807716	NEU
CPC016_NEU_24H:BRD-K93461745-003-14-4:10	DB00490	Buspirone	-0.23736582912857387	-1.158951064473018	0.1397678124288641	0.3316735965719408	NEU
CPC015_NPC_24H:BRD-A46393198-003-10-9:10	DB16561	Tetramisole	-0.20492144568261972	-1.141535738763192	0.13989071038251366	0.33172467706655956	NPC
LJP007_NPC.TAK_24H:I24	DB13005	Rebastinib	-0.21725728075425804	-1.139814412731035	0.13990825688073394	0.33172467706655956	NPC.TAK
LJP009_NPC_24H:M18	DB06314	SGX-523	-0.219558534280559	-1.1377292949904523	0.14035087719298245	0.3326327713932239	NPC
CPC018_NPC_24H:BRD-K32501161-300-04-7:10	DB03701	Vanoxerine	-0.2176667997290231	-1.1459908383837165	0.1406443618339529	0.3330363652824884	NPC
LJP007_JURKAT_24H:G08	DB11963	Dacomitinib	-0.23752983328416347	-1.1515380022376804	0.14065098598241862	0.3330363652824884	JURKAT
LJP008_NPC.CAS9_24H:J01	DB12116	Epigallocatechin gallate	0.22652732960996247	1.1516757724068856	0.14074874010079194	0.3330363652824884	NPC.CAS9
CPC006_U937_6H:BRD-K52836380-001-01-7:22.2	DB07403	4-[(3-CHLORO-4-{[(2R)-3,3,3-TRIFLUORO-2-HYDROXY-2-METHYLPROPANOYL]AMINO}PHENYL)SULFONYL]-N,N-DIMETHYLBENZAMIDE	0.2564773495398463	1.1868447538641491	0.14077558513079394	0.3330363652824884	U937
NMH002_NEU_6H:BRD-A93255169-001-21-8:10	DB01041	Thalidomide	-0.2392913985162552	-1.162929518980282	0.14081964253475357	0.3330363652824884	NEU
CPC006_NOMO1_6H:BRD-A75409952:10	DB08059	Wortmannin	0.2459093485045425	1.1674630895059113	0.1411465349498578	0.33364269479846137	NOMO1
CPC006_U937_6H:BRD-A04352665-001-01-2:10	DB04835	Maraviroc	-0.23558493764559593	-1.155424669101853	0.14119562688997442	0.33364269479846137	U937
LJP008_NEU_24H:M05	DB02709	Resveratrol	0.2078049662235804	1.151274696252807	0.14127823161941375	0.33369655131444087	NEU
AML001_U937_6H:BRD-A75409952:1.11111	DB08059	Wortmannin	0.25323828969858764	1.1687556011839983	0.14213893967093236	0.3355874500313718	U937
CPC006_NOMO1_6H:BRD-K76188144-001-01-2:160	DB08263	N-(carboxycarbonyl)-D-phenylalanine	0.2594548434487995	1.181620992751711	0.14267322097378277	0.3367063873996337	NOMO1
LJP008_NPC.TAK_24H:I09	DB11830	Mocetinostat	-0.2631239265200128	-1.1730729466594032	0.14298796441653586	0.3373064919576548	NPC.TAK
CPC006_THP1_6H:BRD-K15563106-001-08-1:177.6	DB07810	Phloretin	-0.2137710730791162	-1.1352035413168013	0.14354936402180496	0.3384877015543744	THP1
LJP008_NEU_24H:M03	DB02709	Resveratrol	0.2146469105378642	1.1548192694666175	0.1437094682230869	0.3387220630403894	NEU
CPC016_NPC_24H:BRD-A83859836-003-02-8:10	DB11699	Tropisetron	-0.26650667591006816	-1.1772472184833984	0.14386414610701698	0.3388958124321214	NPC
CPC013_NPC_24H:BRD-K29905972-001-03-0:10	DB06626	Axitinib	-0.21275046545440204	-1.1406519101972334	0.14390467461044912	0.3388958124321214	NPC
LJP007_NPC.TAK_24H:B03	DB00877	Sirolimus	0.2542019925147316	1.1701498388658502	0.14436906377204883	0.3398459944237386	NPC.TAK
NMH001_NEU_24H:BRD-K81418486-001-22-8:10	DB02546	Vorinostat	-0.24943663466588575	-1.1629151025644588	0.14466869083764958	0.34040768712916364	NEU
LJP007_JURKAT_24H:M19	DB12874	Quizartinib	0.26146862022434125	1.1726649779652198	0.14477982490526592	0.34052556625062336	JURKAT
CPC006_PL21_6H:BRD-K98530306-003-07-6:10	DB00575	Clonidine	-0.2505917645261443	-1.1702907329395509	0.14484848484848484	0.3405434879771163	PL21
LJP009_NPC.TAK_24H:E08	DB01782	Pyrazolanthrone	-0.23062176882983665	-1.1451561826676604	0.14498362607919024	0.3407176284312563	NPC.TAK
CPC006_U937_6H:BRD-K28307902-001-10-0:28.96	DB00499	Flutamide	0.26596773366553694	1.1820559561135453	0.14504608294930876	0.340720882852292	U937
LJP007_JURKAT_24H:B10	DB07970	5-[(2-methyl-5-{[3-(trifluoromethyl)phenyl]carbamoyl}phenyl)amino]pyridine-3-carboxamide	0.26445414212991336	1.1786699839929746	0.14567809239940388	0.34196940366679807	JURKAT
LPROT003_NPC_6H:D21	DB04868	Nilotinib	-0.25463279586157644	-1.1731905390533939	0.1457001743172574	0.34196940366679807	NPC
LJP007_NPC.TAK_24H:I09	DB06589	Pazopanib	-0.23271354206104075	-1.148420333995996	0.14588467225234106	0.34225608142373787	NPC.TAK
LJP009_NEU_24H:K12	DB11962	GSK-1059615	-0.2424015222783326	-1.1626908205529176	0.1459450112398409	0.34225608142373787	NEU
NMH001_NEU_24H:BRD-K25075681-001-01-2:10	DB06455	Meclinertant	-0.24971026514113112	-1.1645081841649347	0.14614760746147606	0.3425871857258718	NEU
NMH002_NPC_6H:BRD-K89732114-300-10-5:10	DB00831	Trifluoperazine	-0.19520149468764986	-1.1278178290151366	0.14639905548996457	0.342961402576318	NPC
LJP008_NEU_24H:I04	DB16239	Molibresib	0.22415306530261717	1.149610870998027	0.14643019554342884	0.342961402576318	NEU
PCLB001_JURKAT_24H:BRD-A19037878-001-02-3:0.16	DB04297	Trichostatin A	-0.23886147984533423	-1.1558058081621962	0.1465816917728853	0.34317216047038485	JURKAT
LJP007_NPC.CAS9_24H:K23	DB01590	Everolimus	-0.234681559349445	-1.153574730144078	0.14672575086164452	0.3433653372722797	NPC.CAS9
LJP009_NPC_24H:D04	DB11775	PF-03758309	-0.2582997802668091	-1.1609716765017937	0.14692756608307586	0.34356857284854897	NPC
CPC014_NPC_24H:BRD-K84085265-001-01-3:10	DB11798	Tanzisertib	-0.2343214088992027	-1.1447113302873109	0.1469357617523997	0.34356857284854897	NPC
LJP007_NPC.CAS9_24H:B14	DB12200	Tivantinib	-0.22187442357793935	-1.1323824590751186	0.14707282246549264	0.3437449838856235	NPC.CAS9
CPC006_U937_6H:BRD-A56359832-001-03-8:160	DB00744	Zileuton	0.2552029805529402	1.1708242284803458	0.14720674187848307	0.34391390826635554	U937
LJP009_NPC.TAK_24H:O20	DB07232	Veliparib	0.25383116382055043	1.166632339997689	0.1472787081339713	0.343938012841953	NPC.TAK
LJP009_NPC_24H:D19	DB13061	MLN8054	0.23951089901019465	1.1546067451850555	0.14735364875701684	0.3439690403411703	NPC
LJP008_NEU_24H:H14	DB11841	Entinostat	0.24314679515299056	1.1517972328963244	0.1480278422273782	0.34533116356152543	NEU
LJP009_NPC_24H:D21	DB13061	MLN8054	0.24938362494640054	1.1692635221784942	0.14811229428848016	0.34533116356152543	NPC
LJP009_NPC.TAK_24H:E24	DB08901	Ponatinib	-0.2112332868822332	-1.1297799166243965	0.14812286689419796	0.34533116356152543	NPC.TAK
NMH002_NPC_6H:BRD-A50287119-001-01-5:10	DB00877	Sirolimus	-0.19986874173348593	-1.1336706225453723	0.14827127659574468	0.34553277031230556	NPC
CPC018_NPC_24H:BRD-K63784565-001-02-1:10	DB12385	10-hydroxycamptothecin	-0.2408296073979522	-1.1579971573375683	0.14844153607714827	0.34572294884410004	NPC
LPROT001_NPC.TAK_6H:E18	DB04297	Trichostatin A	-0.25491416660786226	-1.171688491693147	0.148476821192053	0.34572294884410004	NPC.TAK
LJP007_NPC.TAK_24H:P10	DB07859	4-(4-CHLOROPHENYL)-4-[4-(1H-PYRAZOL-4-YL)PHENYL]PIPERIDINE	-0.24262144019218324	-1.1598527811897914	0.14861205145565334	0.3457623346577318	NPC.TAK
CPC016_NEU_24H:BRD-K41160163-001-01-9:10	DB12931	Fenobam	-0.24617997680700276	-1.1595473663992282	0.14861768749045365	0.3457623346577318	NEU
LJP007_JURKAT_24H:F14	DB12247	AZD-4547	-0.2540627161686652	-1.1725968966213016	0.14878080584170036	0.34599754722419607	JURKAT
LJP009_NPC.CAS9_24H:D02	DB11775	PF-03758309	-0.23092198295080832	-1.1500422043835414	0.14884747425208436	0.34600835785515777	NPC.CAS9
LJP007_JURKAT_24H:P07	DB07859	4-(4-CHLOROPHENYL)-4-[4-(1H-PYRAZOL-4-YL)PHENYL]PIPERIDINE	-0.2506977101157023	-1.1608749089119548	0.14948453608247422	0.34722676966513966	JURKAT
LJP008_NPC_24H:I02	DB16239	Molibresib	-0.25007461866500397	-1.1659484787032086	0.1495356524476625	0.34722676966513966	NPC
LJP007_JURKAT_24H:A03	DB02546	Vorinostat	0.23766003575094813	1.141267919107779	0.14955833079500458	0.34722676966513966	JURKAT
LJP007_NPC_24H:P20	DB11886	Infigratinib	0.2662706301027488	1.1778235693217114	0.14987364025931216	0.3478140761259162	NPC
CPC006_THP1_6H:BRD-K81418486-001-13-7:11.1	DB02546	Vorinostat	-0.22819298488487277	-1.1409123454716261	0.15010382675763867	0.34820343013757427	THP1
CPC006_WSUDLCL2_6H:BRD-A91699651-316-06-7:10	DB00608	Chloroquine	-0.23474624040764913	-1.1534359431885466	0.15059116365899192	0.34918873734560096	WSUDLCL2
LJP008_NPC.TAK_24H:O02	DB07101	PD-0325901	-0.2567309317376345	-1.1733118725380487	0.15082872928176796	0.34959430023389426	NPC.TAK
LJP008_NEU_24H:K21	DB12332	Rucaparib	-0.23376389297238717	-1.1517138313558635	0.15098117741289546	0.34980232092464447	NEU
NMH001_NEU_6H:BRD-K75527158-001-01-5:10	DB00630	Alendronic acid	-0.2333683127081045	-1.1440286352789266	0.1512662559890486	0.3501390012295973	NEU
LPROT001_NPC.TAK_6H:O20	DB02656	LY-294002	0.2522442646151367	1.1695678468252972	0.1513283428739175	0.3501390012295973	NPC.TAK
CPC016_NEU_24H:BRD-K84175871-003-02-2:10	DB14752	Racephedrine	0.21397610837581924	1.1254673187585555	0.1513420902341519	0.3501390012295973	NEU
LJP008_NPC_24H:C07	DB13877	Iniparib	0.23455558509725308	1.1444877719351905	0.15137753557372086	0.3501390012295973	NPC
CPC014_NPC_24H:BRD-K50720187-050-04-1:10	DB06623	Flupirtine	0.21162246837964446	1.1336847831062615	0.15206611570247933	0.35158593431584423	NPC
NMH002_NPC_24H:BRD-A79067928-001-04-3:10	DB00773	Etoposide	-0.220807330551515	-1.1386428592560394	0.15236952609478105	0.3521415021055441	NPC
CPC006_U937_6H:BRD-A69951442-001-01-3:10	DB01234	Dexamethasone	-0.24438789190701457	-1.1628403411687207	0.15295834438843195	0.3533140371609763	U937
CPC018_NPC_24H:BRD-K06895174-001-01-0:10	DB00604	Cisapride	0.22058054274219574	1.1408642801713698	0.1530035335689046	0.3533140371609763	NPC
NMH002_NEU_6H:BRD-A58048407-001-12-1:10	DB00393	Nimodipine	-0.23385123202769764	-1.141579733343855	0.1531148361270953	0.3534247706880698	NEU
LJP007_JURKAT_24H:A15	DB12742	Amuvatinib	-0.26404496733129873	-1.1721153579955517	0.15337051406401553	0.3538685268664775	JURKAT
CPC015_NPC_24H:BRD-K57545991-050-16-5:10	DB00584	Enalapril	0.2415186794382379	1.1621361359542992	0.15344079355238685	0.3538843270891964	NPC
PCLB001_JURKAT_6H:BRD-K36452089-001-01-8:10	DB07726	t-Butylhydroquinone	-0.24013416688462036	-1.1577674791364603	0.15375302663438256	0.35445790726992576	JURKAT
NMH002_NPC_24H:BRD-K43880410-001-09-4:10	DB02789	Pregnenolone	0.206463004221153	1.1287934131307462	0.15408320493066255	0.35507236691787125	NPC
LJP007_NEU_24H:I16	DB11526	Masitinib	0.20051588670564394	1.136217756893947	0.15419917393299679	0.3551823073748373	NEU
LJP009_NEU_24H:G07	DB08521	4-[4-(4-Fluorophenyl)-2-[4-[(R)-methylsulfinyl]phenyl]-1H-imidazol-5-yl]pyridine	0.2585861883263998	1.163537678637625	0.15425824175824177	0.3551823073748373	NEU
CPC015_NPC_24H:BRD-K40902647-001-03-7:10	DB13374	Vincamine	0.1834056745481602	1.112481118098577	0.1543942992874109	0.3553489256289049	NPC
CPC018_NPC_24H:BRD-K10207760-236-03-0:10	DB11423	Lasalocid	-0.22212528288587682	-1.127589673047949	0.15506715506715507	0.3561800491246258	NPC
AML001_HL60_6H:BRD-K43389675:0.37037	DB00694	Daunorubicin	-0.24537612707953227	-1.1508125097275024	0.15511052333270356	0.3561800491246258	HL60
LJP009_NPC.TAK_24H:N12	DB08896	Regorafenib	-0.21952211023415663	-1.1269358758540489	0.15511363636363637	0.3561800491246258	NPC.TAK
NMH002_NEU_6H:BRD-K68202742-001-08-2:10	DB04297	Trichostatin A	-0.2523021016730656	-1.157129663564794	0.15511982570806102	0.3561800491246258	NEU
LJP007_NPC_24H:H07	DB09053	Ibrutinib	0.2488283506007742	1.1611932596910026	0.15513935997640466	0.3561800491246258	NPC
LPROT002_NPC.TAK_6H:I02	DB08877	Ruxolitinib	-0.225679469370579	-1.1348854814543612	0.15517241379310345	0.3561800491246258	NPC.TAK
NMH002_NEU_24H:BRD-A64479082-310-01-0:10	DB00908	Quinidine	0.22316552066091594	1.1414247762380694	0.15520231213872832	0.3561800491246258	NEU
LJP008_NPC.CAS9_24H:A12	DB07232	Veliparib	0.22239521793572217	1.1268486463229503	0.1554054054054054	0.35639605974183214	NPC.CAS9
CPC006_SKM1_6H:BRD-A04352665-001-01-2:10	DB04835	Maraviroc	-0.24089186338670537	-1.155092405097099	0.15542420027816412	0.35639605974183214	SKM1
CPC014_NPC_24H:BRD-A84327315-001-01-1:10	DB00136	Calcitriol	0.26144662497063387	1.1723796360572316	0.15552307879673608	0.3564762763381227	NPC
LJP008_NPC.CAS9_24H:L21	DB05015	Belinostat	-0.23494324056604046	-1.1388993421128117	0.15580962509970753	0.35698640592659886	NPC.CAS9
NMH002_NPC_24H:BRD-K52313696-001-10-7:10	DB12291	Tacedinaline	0.23611193131687	1.1679141917707543	0.1559456864627623	0.35715147158282057	NPC
NMH002_NPC_24H:BRD-K08252256-236-26-2:10	DB00586	Diclofenac	-0.24331735703716195	-1.1664677633818679	0.15628430296377607	0.3577801092469867	NPC
CPC006_WSUDLCL2_6H:BRD-A17883755-001-02-0:177.6	DB00480	Lenalidomide	0.2249546309820828	1.12956430007401	0.1564387917329094	0.35798688231251086	WSUDLCL2
CPC016_NPC_24H:BRD-K88358234-003-01-4:10	DB06393	Xaliproden	0.21221765781221766	1.1201632514341904	0.15659955257270694	0.3582078326376105	NPC
CPC014_NPC_24H:BRD-K62959606-001-10-4:10	DB03203	Sphingosine	0.23575296139572938	1.1514275044034312	0.15687955422203173	0.3586021035747471	NPC
LJP007_JURKAT_24H:I03	DB01268	Sunitinib	-0.24208540895238165	-1.1533003733858456	0.15690047227566906	0.3586021035747471	JURKAT
LJP007_NPC_24H:O01	DB07101	PD-0325901	-0.24973105004066481	-1.1572750131726792	0.15726577437858508	0.3592244834125977	NPC
LJP007_JURKAT_24H:P22	DB11886	Infigratinib	0.24496067853973652	1.1554432377196173	0.1573015617452906	0.3592244834125977	JURKAT
NMH002_NEU_24H:BRD-K32107296-001-11-0:10	DB00853	Temozolomide	-0.2254598575458126	-1.123923676633885	0.15767634854771784	0.3597058975640871	NEU
LJP008_NPC_24H:K08	DB11962	GSK-1059615	0.27495049150702505	1.170699379884585	0.15776248224625805	0.3597058975640871	NPC
CPC015_NPC_24H:BRD-A68723818-050-18-4:10	DB00835	Brompheniramine	0.2096028645316861	1.1278068508985768	0.1577639751552795	0.3597058975640871	NPC
LJP007_NPC.TAK_24H:E01	DB11743	Ipatasertib	0.24491735552124952	1.1608272576654481	0.15787269681742044	0.3597058975640871	NPC.TAK
CPC015_NPC_24H:BRD-K79759585-048-01-4:10	DB00203	Sildenafil	0.23644347653494222	1.1478452850726641	0.15790479831772128	0.3597058975640871	NPC
LJP007_JURKAT_24H:B13	DB12200	Tivantinib	0.2563145673401461	1.167236364046497	0.15802288775261747	0.3597058975640871	JURKAT
CPC015_NPC_24H:BRD-A01643550-001-03-1:10	DB15566	Prednisolone acetate	0.22373640162359118	1.1362082066391685	0.15802735781137509	0.3597058975640871	NPC
CPC006_WSUDLCL2_6H:BRD-K68185022-001-06-4:70.07	DB15588	Ursolic acid	0.22968963869885475	1.136034412002856	0.1580281690140845	0.3597058975640871	WSUDLCL2
LJP007_NEU_24H:C06	DB11800	Tivozanib	0.21509728834803854	1.1385527075072288	0.1582943925233645	0.36016493307008585	NEU
NMH002_NEU_24H:BRD-K02404261-001-12-6:10	DB00201	Caffeine	0.2359920034509103	1.142529385099752	0.15839808726838014	0.36025394572779973	NEU
DOSBIO001_NEU_24H:BRD-K27305650:10	DB02656	LY-294002	-0.20841188784876322	-1.1166048516745206	0.15873015873015872	0.36079730059724596	NEU
CPC014_NEU_24H:BRD-K63068307-001-02-2:10	DB12904	ZSTK-474	-0.23025277277501857	-1.132529123441086	0.15883050177795338	0.36079730059724596	NEU
LJP007_NPC.TAK_24H:M04	DB07794	5-(2-PHENYLPYRAZOLO[1,5-A]PYRIDIN-3-YL)-1H-PYRAZOLO[3,4-C]PYRIDAZIN-3-AMINE	0.21046716871829185	1.1176409772946658	0.1588310038119441	0.36079730059724596	NPC.TAK
LJP009_NEU_24H:I14	DB12146	Rigosertib	-0.233010426679454	-1.1474541980336517	0.15923444976076556	0.36156654261917426	NEU
CPC006_WSUDLCL2_6H:BRD-K91623615-001-01-9:10	DB12254	ABT-751	0.23604983109878627	1.1528730846151856	0.15947242206235013	0.3617215896189264	WSUDLCL2
CPC006_THP1_6H:BRD-K20285085-001-01-4:10	DB07159	Tamatinib	-0.2264620462454082	-1.1321525780955861	0.15947368421052632	0.3617215896189264	THP1
LJP007_NPC_24H:K08	DB11962	GSK-1059615	0.26220104161584445	1.1701920661411758	0.15949801566019522	0.3617215896189264	NPC
CPC016_NEU_24H:BRD-K92984783-003-02-4:10	DB09224	Melperone	0.23696308011908637	1.1421394462823808	0.1595620778010715	0.3617215896189264	NEU
LJP007_NPC.CAS9_24H:L09	DB11836	Sapanisertib	0.2750855160139572	1.1662407227776643	0.1599764567392584	0.3625136686223893	NPC.CAS9
LJP008_NEU_24H:C11	DB13877	Iniparib	-0.21242034547575245	-1.1306601771413336	0.16016713091922005	0.3627611043799483	NEU
CPC015_NPC_24H:BRD-K93754473-048-10-3:10	DB00675	Tamoxifen	0.2369802924807346	1.1496158493448996	0.16025166543301259	0.3627611043799483	NPC
CPC014_NPC_24H:BRD-K89085489-001-10-9:10	DB05076	Fenretinide	-0.2117451158581788	-1.1295817455278145	0.16030861551650236	0.3627611043799483	NPC
NMH001_NEU_6H:BRD-K48300629-001-10-3:10	DB00909	Zonisamide	0.24804928189336634	1.1503495169969222	0.16034573998941612	0.3627611043799483	NEU
LJP007_NPC_24H:P01	DB09054	Idelalisib	-0.2630273844454954	-1.170137542224847	0.16041858325666974	0.3627787904292503	NPC
CPC014_NPC_24H:BRD-A74904029-001-05-7:10	DB08473	Dichlororibofuranosylbenzimidazole	-0.23106163536688357	-1.1403205986744422	0.16080743932864594	0.3635108201031263	NPC
CPC014_NPC_24H:BRD-K70557564-305-01-0:10	DB06191	Zosuquidar	0.23091358967250028	1.1396795162588123	0.1608922638822971	0.36355526132010346	NPC
CPC006_WSUDLCL2_6H:BRD-K82818427-001-01-4:44.4	DB03880	Batimastat	0.21999715890847843	1.1309953475792427	0.16098945660989455	0.36362760260186305	WSUDLCL2
CPC014_NPC_24H:BRD-K28428262-001-01-7:10	DB11958	Brivanib	-0.27088524097425054	-1.1680224769176348	0.16108538817702164	0.3636705178469274	NPC
LJP008_NPC_24H:D01	DB09074	Olaparib	0.23541876505421871	1.1411675633596403	0.1611907386990077	0.3636705178469274	NPC
CPC006_U937_6H:BRD-K01976263-003-04-5:0.63	DB01735	3-Chloroalaninate	-0.22105192135314525	-1.1239340661744304	0.16120401337792642	0.3636705178469274	U937
CPC006_WSUDLCL2_6H:BRD-K50128260-001-01-6:160	DB00203	Sildenafil	0.22842478946988964	1.134990349545573	0.1615060688630171	0.36420467186207456	WSUDLCL2
LJP007_NPC.CAS9_24H:P08	DB07859	4-(4-CHLOROPHENYL)-4-[4-(1H-PYRAZOL-4-YL)PHENYL]PIPERIDINE	-0.24866263438473638	-1.1606283935359125	0.16162340456044744	0.3643220097142369	NPC.CAS9
CPC013_NEU_24H:BRD-A19037878:10	DB04297	Trichostatin A	-0.24178290729286342	-1.1454596958860526	0.16187264431660384	0.36473646310271923	NEU
LJP008_NPC_24H:G21	DB00928	Azacitidine	0.24441486275967986	1.1496783001240682	0.16236281471917366	0.36569323509013724	NPC
NMH002_NPC_6H:BRD-A19037878-001-02-3:10	DB04297	Trichostatin A	-0.24890029926002766	-1.1478341375298562	0.16264035386185777	0.36617051420310914	NPC
LPROT001_NPC.TAK_6H:E14	DB04297	Trichostatin A	0.23719895011978318	1.1415292530642096	0.1628724782528225	0.3665452021672032	NPC.TAK
LPROT003_NPC_6H:N23	DB02010	Staurosporine	-0.21173703450400197	-1.118464988586405	0.16304347826086957	0.3667820827489481	NPC
NMH001_NPC_6H:BRD-A57226833-001-01-1:10	DB07780	Farnesyl diphosphate	0.24948894667734187	1.1533448668207442	0.16321874049285062	0.3670283567954912	NPC
LJP009_NPC.TAK_24H:G18	DB01254	Dasatinib	0.2576606840789373	1.1598879673081974	0.16335065264225065	0.3671769907699905	NPC.TAK
CPC015_NPC_24H:BRD-A78877355-001-02-2:10	DB12293	Nefopam	-0.1821095594705135	-1.1130556644640992	0.1634980988593156	0.36736040819014165	NPC
LJP007_JURKAT_24H:P01	DB09054	Idelalisib	0.248388688670427	1.1565877388206198	0.16379789006107717	0.36788584084168663	JURKAT
LJP009_NPC.CAS9_24H:E10	DB01782	Pyrazolanthrone	0.24283070192760114	1.1513552942576863	0.1639505203220106	0.3680804639342041	NPC.CAS9
CPC006_NOMO1_6H:BRD-A58048407-001-10-5:10	DB00393	Nimodipine	-0.23647747373041939	-1.1473649848569456	0.1643885547658101	0.3689154251964821	NOMO1
CPC006_SKM1_6H:BRD-K28307902-001-10-0:28.96	DB00499	Flutamide	-0.214286996070255	-1.1262302287350785	0.1645101663585952	0.3690267537002168	SKM1
CPC017_NPC_24H:BRD-K02275692-003-03-4:10	DB00229	Cefotiam	-0.23600686347203445	-1.1378870151717526	0.16457045406096782	0.3690267537002168	NPC
CPC006_THP1_6H:BRD-A69951442-001-01-3:10	DB01234	Dexamethasone	-0.24090621318793962	-1.1462669161195511	0.16466634661545848	0.36909343019993684	THP1
CPC006_WSUDLCL2_6H:BRD-A70155556-001-04-4:40	DB03785	Mevinolinic acid	0.22975825534584324	1.136412068615973	0.16485148514851486	0.3693600143146845	WSUDLCL2
CPC017_NPC_24H:BRD-A64125466-236-03-8:10	DB11622	Dehydrocholic acid	-0.19496751619795874	-1.107505623409294	0.16502463054187191	0.36959952380293193	NPC
CPC006_WSUDLCL2_6H:BRD-K55395145-001-01-7:88.8	DB00642	Pemetrexed	0.2346360461591995	1.1391425607156187	0.1652415562206071	0.369936854797258	WSUDLCL2
CPC018_NPC_24H:BRD-K32164935-001-17-5:10	DB00839	Tolazamide	0.19486226831939824	1.1161868510656017	0.16541353383458646	0.3701733274220449	NPC
LJP007_NPC.CAS9_24H:M20	DB12874	Quizartinib	-0.20747201563985262	-1.1072221529807649	0.1657754010695187	0.3707453911456414	NPC.CAS9
CPC015_NPC_24H:BRD-A42167015-003-03-7:10	DB00521	Carteolol	-0.2125402696430677	-1.1215784893372454	0.16580976863753213	0.3707453911456414	NPC
CPC018_NPC_24H:BRD-A92651262-003-03-9:10	DB00844	Nalbuphine	-0.21929866529323008	-1.123107909326216	0.16586852416195036	0.3707453911456414	NPC
LJP008_NEU_24H:F04	DB12376	Ricolinostat	-0.24120932499465278	-1.1418088271674371	0.16639477977161501	0.3717727177996957	NEU
LJP007_NPC.CAS9_24H:I12	DB06589	Pazopanib	0.25743027313673406	1.1634140114240303	0.16658253407370016	0.3718487092320459	NPC.CAS9
NMH002_NEU_24H:BRD-K11528507-001-05-9:10	DB02424	Geldanamycin	0.22722682573984151	1.1422967334881584	0.16660617059891106	0.3718487092320459	NEU
LJP007_NPC.CAS9_24H:B11	DB07970	5-[(2-methyl-5-{[3-(trifluoromethyl)phenyl]carbamoyl}phenyl)amino]pyridine-3-carboxamide	-0.21666699358672786	-1.1193749262416695	0.16666666666666666	0.3718487092320459	NPC.CAS9
CPC016_NEU_24H:BRD-A69960130-066-01-4:10	DB01200	Bromocriptine	-0.2432322227965914	-1.1479747072877895	0.1666953973452853	0.3718487092320459	NEU
LJP009_NPC.CAS9_24H:F01	DB11962	GSK-1059615	-0.20422093755349596	-1.116729899889501	0.16694772344013492	0.37226272944544875	NPC.CAS9
LJP007_NPC.CAS9_24H:M05	DB07794	5-(2-PHENYLPYRAZOLO[1,5-A]PYRIDIN-3-YL)-1H-PYRAZOLO[3,4-C]PYRIDAZIN-3-AMINE	-0.22137633541461654	-1.123082543586156	0.16703588834736377	0.3723105158169966	NPC.CAS9
CPC006_PL21_6H:BRD-K01292756-001-10-2:10	DB01100	Pimozide	-0.24435817444287827	-1.154803645477317	0.16742505353319057	0.3730289032195168	PL21
NMH002_NEU_24H:BRD-K99964838-001-05-1:10	DB06616	Bosutinib	0.2545247074541613	1.1578596286827572	0.16760970702879416	0.37323835024737473	NEU
CPC006_THP1_6H:BRD-K88560311-011-02-2:10	DB12332	Rucaparib	0.23783611294771836	1.1418163933844887	0.16765285996055226	0.37323835024737473	THP1
LJP008_NEU_24H:J05	DB12116	Epigallocatechin gallate	-0.2287991146656112	-1.133597208001246	0.16789109766637855	0.3736196385643103	NEU
CPC006_THP1_6H:BRD-K61250553-003-13-2:10	DB00836	Loperamide	0.2182495957222797	1.1224316090209443	0.16799664006719867	0.3737054445513961	THP1
CPC006_THP1_6H:BRD-K82135108-001-01-9:10	DB05719	Elesclomol	0.21549893094124176	1.1212389378349596	0.16806416332482682	0.37370664296102385	THP1
LJP007_NPC.TAK_24H:E08	DB05913	OSI-930	-0.2201955779014723	-1.1259172075884483	0.1682491454614508	0.373968917342404	NPC.TAK
LJP007_NPC_24H:F01	DB12848	PF-04217903	-0.24851046870464394	-1.1487544590534597	0.16888760139049827	0.37523852176726	NPC
NMH002_NPC_6H:BRD-A13084692-001-10-8:10	DB08607	(5R)-5-(4-{[(2R)-6-HYDROXY-2,5,7,8-TETRAMETHYL-3,4-DIHYDRO-2H-CHROMEN-2-YL]METHOXY}BENZYL)-1,3-THIAZOLIDINE-2,4-DIONE	0.21748086954203105	1.1351571889521455	0.16943187531422826	0.37624333643448515	NPC
LJP008_NEU_24H:D20	DB13978	Selisistat	-0.2183912370790131	-1.1228510333795285	0.1694747274529237	0.37624333643448515	NEU
LJP008_NPC_24H:D05	DB09074	Olaparib	0.22170461370998787	1.1205847950351773	0.1696921862667719	0.3765762558402229	NPC
NMH002_NPC_24H:BRD-K01507359-001-11-2:10	DB01045	Rifampicin	0.20347810963391322	1.1160820838236034	0.16979051819184124	0.3766446524820208	NPC
NMH002_NEU_6H:BRD-K43736954-001-19-9:10	DB14681	Cortisone	-0.253959265443318	-1.151830039184686	0.17038102084831055	0.3778043383595885	NEU
CPC018_NPC_24H:BRD-K19605405-001-01-9:10	DB08770	4-{2-[(7-amino-2-furan-2-yl[1,2,4]triazolo[1,5-a][1,3,5]triazin-5-yl)amino]ethyl}phenol	0.19772320558118703	1.1127588218956745	0.17073170731707318	0.378301581758688	NPC
LJP007_NPC.CAS9_24H:D22	DB06616	Bosutinib	-0.23402608030789449	-1.1303392572867434	0.1708150317227916	0.378301581758688	NPC.CAS9
CPC016_NEU_24H:BRD-A11678676-001-03-4:10	DB08059	Wortmannin	-0.20887741633494958	-1.10278842291901	0.1708253358925144	0.378301581758688	NEU
AML001_HL60_24H:BRD-A75409952:0.37037	DB08059	Wortmannin	-0.20723885908065565	-1.1757053378993108	0.17087649866138982	0.378301581758688	HL60
LJP007_NPC.TAK_24H:P07	DB07859	4-(4-CHLOROPHENYL)-4-[4-(1H-PYRAZOL-4-YL)PHENYL]PIPERIDINE	-0.20824422349043004	-1.1205873912589865	0.1711229946524064	0.37864982173195016	NPC.TAK
LJP007_JURKAT_24H:E09	DB05913	OSI-930	-0.23701633338986172	-1.1383135868241365	0.17116953762466003	0.37864982173195016	JURKAT
CPC015_NPC_24H:BRD-K32247306-001-17-9:10	DB00794	Primidone	-0.2181081228433232	-1.1124312059205517	0.1714174150722374	0.3790478631343688	NPC
CPC015_NPC_24H:BRD-A55962179-001-08-0:10	DB00736	Esomeprazole	0.25314613353762233	1.1511647150396143	0.17165695705189	0.37942716457705794	NPC
NMH002_NEU_24H:BRD-K01292756-001-20-1:10	DB01100	Pimozide	0.2182675986526951	1.1248894687809468	0.17184575065518531	0.37959445107463896	NEU
CPC014_NEU_24H:BRD-K93331255-001-01-2:10	DB14642	Lypressin	0.19921315434358003	1.1024733136879883	0.171875	0.37959445107463896	NEU
AML001_HL60_6H:BRD-A45664787:1.11111	DB01088	Iloprost	0.21730240793653388	1.1180763576405446	0.17193675889328064	0.37959445107463896	HL60
CPC018_NPC_24H:BRD-A20126139-001-03-4:10	DB00253	Medrysone	0.2470369463914155	1.145932722814963	0.17219477769936486	0.3800137123357423	NPC
NMH001_NPC_6H:BRD-K04809113-001-01-7:10	DB12771	Hydroxytyrosol	0.2215513665794443	1.1209155581724255	0.17290419161676646	0.3812939935694617	NPC
CPC006_WSUDLCL2_6H:BRD-K88560311-011-02-2:10	DB12332	Rucaparib	-0.24226999674891717	-1.142005638005394	0.172911597729116	0.3812939935694617	WSUDLCL2
LJP007_NPC_24H:M19	DB12874	Quizartinib	0.2302127141248758	1.130359640311975	0.17300936768149883	0.3813588551146116	NPC
NMH002_NEU_6H:BRD-K30466858-335-01-5:10	DB08846	Ellagic acid	0.23243027443384276	1.1281147788227295	0.17323651452282157	0.3816375847384424	NEU
LJP009_NEU_24H:K24	DB12432	CC-401	-0.22576559829554252	-1.127651432157914	0.1732726298875201	0.3816375847384424	NEU
LJP008_NPC.CAS9_24H:L16	DB08756	Y-27632	0.22835397223073353	1.1322589726822745	0.17337917485265225	0.3817215534739333	NPC.CAS9
LJP008_NEU_24H:I06	DB16239	Molibresib	0.22727223397063923	1.1278415165844806	0.17350557244174267	0.38175909844555506	NEU
LJP008_NPC.CAS9_24H:K12	DB11962	GSK-1059615	0.24499549519972838	1.1427809499227082	0.1735330836454432	0.38175909844555506	NPC.CAS9
CPC016_NEU_24H:BRD-A58207013-001-01-2:10	DB06762	Pinacidil	0.2696048882846287	1.1613656594315889	0.17366946778711484	0.38181629754773627	NEU
LJP008_NPC.CAS9_24H:H17	DB11841	Entinostat	-0.2335622144003254	-1.1375781375233882	0.17380457380457381	0.38181629754773627	NPC.CAS9
DOSBIO001_NPC_24H:BRD-A75409952:10	DB08059	Wortmannin	0.24937285894978173	1.1500500828208031	0.17380983779506792	0.38181629754773627	NPC
LJP007_JURKAT_24H:L08	DB11836	Sapanisertib	0.25275066473475044	1.1443902832857156	0.17383283666808572	0.38181629754773627	JURKAT
CPC006_U937_6H:BRD-A75409952:10	DB08059	Wortmannin	0.2488271728758839	1.1553961145607465	0.17400291828793774	0.38203946522172555	U937
CPC014_NPC_24H:BRD-A11706664-001-01-1:10	DB12405	Triciribine	-0.23648519301516563	-1.1380861494724623	0.17438536306460833	0.3826373344290175	NPC
LJP007_NEU_24H:P14	DB05294	Vandetanib	-0.22626629317291824	-1.1273810327259788	0.17441239316239315	0.3826373344290175	NEU
CPC015_NPC_24H:BRD-A07440155-003-16-3:10	DB00598	Labetalol	0.243362095441744	1.1438528015752671	0.17462459929137844	0.38281423568039236	NPC
CPC006_NOMO1_6H:BRD-K77947974-001-05-6:4.21	DB04842	Fluspirilene	0.20147585248577393	1.1092893576136624	0.1746302616609784	0.38281423568039236	NOMO1
LJP007_NEU_24H:L07	DB11836	Sapanisertib	0.25459543599033885	1.1508396630820965	0.1748081841432225	0.3830537546484832	NEU
NMH001_NEU_24H:BRD-K73251053-001-01-0:10	DB04017	Clorgiline	0.2123360817001253	1.1187223163891054	0.17512399847386495	0.383595126613935	NEU
CPC006_PL21_6H:BRD-K49456190-001-01-0:10	DB11684	APR-246	0.23532144777558597	1.1311833038117733	0.17574796909054885	0.3846310285259012	PL21
CPC014_NEU_24H:BRD-K29582115-311-02-0:10	DB00246	Ziprasidone	-0.2480554952736658	-1.1466827739950387	0.17587571449509012	0.3846310285259012	NEU
CPC017_NPC_24H:BRD-K74195153-050-03-0:10	DB13056	Irsogladine	-0.21147164546853467	-1.1088327881399116	0.17588126159554732	0.3846310285259012	NPC
NMH002_NEU_24H:BRD-K35483542-001-05-6:10	DB00982	Isotretinoin	0.20821786297009462	1.1097532471381575	0.17592014971927636	0.3846310285259012	NEU
CPC016_NEU_24H:BRD-A80017228-001-15-8:10	DB00436	Bendroflumethiazide	0.2356320771393451	1.1361275004803477	0.17594163556158807	0.3846310285259012	NEU
LJP008_NEU_24H:M13	DB01262	Decitabine	0.20631612353074888	1.1281628782802422	0.17621266100301453	0.38507263444411205	NEU
CPC018_NPC_24H:BRD-A20589515-001-01-1:10	DB04228	Dihydroxyphenylglycine	0.23857025157589787	1.1453651426428773	0.17633928571428573	0.3851984631949883	NPC
NMH002_NEU_24H:BRD-K31342827-001-12-0:10	DB03777	Bisindolylmaleimide I	-0.2530806912941004	-1.1477189610792702	0.17647856755290287	0.3852340841564943	NEU
PCLB001_JURKAT_24H:BRD-K07572174-001-22-0:1.11	DB11672	Curcumin	0.2226497093073067	1.1202988257741746	0.17651271034729682	0.3852340841564943	JURKAT
NMH002_NEU_6H:BRD-K93258693-001-12-4:10	DB07863	2-chloro-5-nitro-N-phenylbenzamide	0.23778381219812889	1.1369212877970067	0.17656274479085068	0.3852340841564943	NEU
LJP009_NEU_24H:E10	DB01782	Pyrazolanthrone	-0.22556802641677956	-1.1227997641846446	0.17680896155010598	0.385584259955968	NEU
LJP007_NPC_24H:M02	DB07794	5-(2-PHENYLPYRAZOLO[1,5-A]PYRIDIN-3-YL)-1H-PYRAZOLO[3,4-C]PYRIDAZIN-3-AMINE	0.22826600746409312	1.1309122165322485	0.1770293609671848	0.385584259955968	NPC
CPC006_NOMO1_6H:BRD-K32164935-001-17-5:10	DB00839	Tolazamide	-0.20836857258360927	-1.117195018912512	0.17707884532529083	0.385584259955968	NOMO1
NMH002_NEU_6H:BRD-K76773351-001-03-5:10	DB04769	5-QUINOXALIN-6-YLMETHYLENE-THIAZOLIDINE-2,4-DIONE	0.19776098716721194	1.1029955871065733	0.17709720372836218	0.385584259955968	NEU
CPC016_NPC_24H:BRD-K90789829-003-03-3:10	DB01149	Nefazodone	-0.22608894025166099	-1.1220260909692288	0.1771678103555833	0.385584259955968	NPC
CPC015_NPC_24H:BRD-A06352418-001-15-0:10	DB00342	Terfenadine	-0.23648116220018633	-1.1327077607843488	0.17721293992179168	0.385584259955968	NPC
LJP008_NPC_24H:C09	DB13877	Iniparib	-0.23441713484131615	-1.1360929646548263	0.1772755546340452	0.385584259955968	NPC
CPC015_NPC_24H:BRD-K88625236-001-03-4:10	DB06804	Nonoxynol-9	0.25708085491065497	1.1467419206288834	0.17727614747930776	0.385584259955968	NPC
NMH001_NPC_6H:BRD-K41160163-001-02-7:10	DB12931	Fenobam	-0.22335195716064332	-1.122265753291736	0.17735220649458786	0.3855993608859336	NPC
LJP007_NPC_24H:B15	DB12200	Tivantinib	0.2356518687258835	1.1350545665907197	0.1776300166231299	0.38605292666164465	NPC
LJP007_NPC.TAK_24H:N18	DB09330	Osimertinib	0.21649265773382328	1.1170729652841178	0.17776689520078354	0.38619996430107917	NPC.TAK
LPROT001_NPC.TAK_6H:I02	DB03068	Zebularine	0.23425189670359917	1.1281549640279223	0.17784128379863706	0.3862111803474489	NPC.TAK
LJP008_NPC_24H:J03	DB12116	Epigallocatechin gallate	-0.23352806813407587	-1.1281917082668917	0.1779257849666984	0.3862443402059184	NPC
LJP009_NPC.TAK_24H:B22	DB16107	BI 2536	-0.2277351832948224	-1.1231106688594277	0.1780565936999466	0.3862568048059896	NPC.TAK
CPC006_U937_6H:BRD-K64890080-001-03-9:10	DB16107	BI 2536	0.21965542711354857	1.1146684955024706	0.17813383600377003	0.3862568048059896	U937
LJP007_NPC.TAK_24H:F16	DB12247	AZD-4547	0.25906407886641636	1.1424535311300679	0.17822180501542176	0.3862568048059896	NPC.TAK
CPC006_THP1_6H:BRD-K12184916-001-03-0:0.63	DB11651	Dactolisib	0.2439883344109488	1.1402423830068864	0.1782679982113579	0.3862568048059896	THP1
LJP008_NPC.CAS9_24H:K20	DB12332	Rucaparib	-0.22977293452430178	-1.1281818270953359	0.17827769714562167	0.3862568048059896	NPC.CAS9
NMH002_NPC_6H:BRD-K89085489-001-14-1:10	DB05076	Fenretinide	-0.19335311311855743	-1.0947638535242323	0.1783783783783784	0.38632491186839013	NPC
CPC006_PL21_6H:BRD-A97437073-001-03-1:80	DB00412	Rosiglitazone	0.24016437127496795	1.1490645988147912	0.17872228088701161	0.3869195207872091	PL21
LJP007_NPC.CAS9_24H:D06	DB12494	SGI-1776	-0.23023649283425232	-1.1314230466602264	0.17883211678832117	0.3870071293879146	NPC.CAS9
CPC006_U937_6H:BRD-K32164935-001-17-5:10	DB00839	Tolazamide	-0.24954897881985402	-1.1503488834801536	0.17904761904761904	0.3873232519064237	U937
CPC006_WSUDLCL2_6H:BRD-K12184916-001-03-0:0.63	DB11651	Dactolisib	0.2516189589133822	1.1446339235379537	0.17949400798934753	0.3881383994467325	WSUDLCL2
LJP009_NPC_24H:I18	DB12146	Rigosertib	0.24379075248119	1.1400228531740506	0.18017883755588673	0.389328626468952	NPC
CPC006_WSUDLCL2_6H:BRD-K76964878-001-01-8:24	DB13978	Selisistat	-0.22146955166592014	-1.1237472548044638	0.18023083752589525	0.389328626468952	WSUDLCL2
LJP007_NPC_24H:M06	DB07794	5-(2-PHENYLPYRAZOLO[1,5-A]PYRIDIN-3-YL)-1H-PYRAZOLO[3,4-C]PYRIDAZIN-3-AMINE	-0.23791014080088546	-1.1400379357675146	0.18025378063618983	0.389328626468952	NPC
LJP007_JURKAT_24H:I01	DB01268	Sunitinib	0.23716305757447947	1.1301742137250947	0.18056302671687288	0.3897369063491765	JURKAT
CPC006_SKM1_6H:BRD-K12184916-001-03-0:0.63	DB11651	Dactolisib	-0.21758334061248225	-1.1083935854385456	0.18058252427184465	0.3897369063491765	SKM1
AML001_U937_6H:BRD-K27316855:0.37037	DB00136	Calcitriol	0.2224750260752812	1.1170363235177556	0.1808017452958822	0.39005914037344425	U937
LJP008_NPC.TAK_24H:J09	DB05223	Pracinostat	-0.2449890777557803	-1.1325771469644375	0.18090540778580236	0.3901319172930002	NPC.TAK
CPC015_NPC_24H:BRD-K97564742-050-18-6:10	DB06691	Mepyramine	0.23738774862385553	1.1301963583102148	0.18134814247414785	0.3908160082234766	NPC
NMH001_NEU_6H:BRD-K12807006-001-14-4:10	DB01852	Kaempherol	0.21813229397994655	1.113238855084972	0.1813627254509018	0.3908160082234766	NEU
CPC006_NOMO1_6H:BRD-K12502280-001-01-5:11.1	DB12500	Fedratinib	0.2246406414177038	1.123421285777711	0.18152647261058905	0.39101783424497155	NOMO1
LJP007_NEU_24H:B10	DB07970	5-[(2-methyl-5-{[3-(trifluoromethyl)phenyl]carbamoyl}phenyl)amino]pyridine-3-carboxamide	0.23870649390183907	1.1420256680950727	0.18161648177496037	0.3910607301514874	NEU
LJP009_NPC.CAS9_24H:O24	DB07232	Veliparib	0.26861510925095916	1.1552353541291505	0.18180802324282042	0.39132213027457374	NPC.CAS9
AML001_U937_24H:BRD-K43389675:10	DB00694	Daunorubicin	-0.20288655018600243	-1.1019098052555305	0.1820689655172414	0.39173264890886605	U937
CPC006_WSUDLCL2_6H:BRD-A12409803-001-01-3:40	DB12066	Orteronel	0.2369673956813898	1.1326223220149423	0.1823607427055703	0.39220916867940503	WSUDLCL2
PCLB001_JURKAT_6H:BRD-K36452089-001-01-8:2.5	DB07726	t-Butylhydroquinone	-0.24861217344660533	-1.1426799532028182	0.1824985607369027	0.39235432383475155	JURKAT
CPC006_SKM1_6H:BRD-K71799949-001-20-8:96	DB00564	Carbamazepine	0.2400626963280958	1.1428062591885384	0.18310900754326284	0.3935150820816115	SKM1
CPC006_U937_6H:BRD-K82746043-001-03-7:10	DB12340	Navitoclax	0.21816576734025764	1.1256207890360113	0.1833407771326485	0.3938614538402179	U937
NMH002_NPC_24H:BRD-A97437073-050-09-5:10	DB00412	Rosiglitazone	-0.2468285883823061	-1.1380466282801125	0.18363333837543488	0.39415056136813936	NPC
CPC006_NOMO1_6H:BRD-A02006392-001-09-9:10	DB01054	Nitrendipine	-0.23820588801656348	-1.1259612947170043	0.1836818368183682	0.39415056136813936	NOMO1
CPC014_NPC_24H:BRD-K08206212-001-01-2:10	DB00442	Entecavir	0.23462619093776368	1.1287383803497435	0.18368730230456395	0.39415056136813936	NPC
LPROT003_NPC_6H:L17	DB11651	Dactolisib	0.2565928057556509	1.1471944672631853	0.1837830924670674	0.39420448784074164	NPC
CPC015_NPC_24H:BRD-K70301876-034-06-1:10	DB01175	Escitalopram	-0.21930039255647815	-1.1148518566646284	0.18428761651131825	0.39513474731615855	NPC
LJP009_NEU_24H:P19	DB09074	Olaparib	-0.23539311644751365	-1.1350498061866388	0.1844205412907703	0.3952678447411477	NEU
LPROT001_NPC.TAK_6H:K06	DB01262	Decitabine	0.25182595308394157	1.1499213294203057	0.1846041590660343	0.39540918835797106	NPC.TAK
LJP007_JURKAT_24H:P21	DB11886	Infigratinib	0.22186338910885198	1.1158942708461654	0.1846282372598162	0.39540918835797106	JURKAT
LJP008_NEU_24H:D01	DB09074	Olaparib	-0.21894582553344907	-1.1249284235465093	0.1853138753764188	0.39672529191290884	NEU
CPC016_NEU_24H:BRD-K81709173-001-03-8:10	DB06786	Halcinonide	0.21532838788617226	1.1154994708225587	0.1854870003880481	0.39684460928736814	NEU
LJP009_NPC.TAK_24H:H16	DB07138	Neflamapimod	0.21811423756360154	1.1146161685842388	0.18551859099804305	0.39684460928736814	NPC.TAK
CPC014_NEU_24H:BRD-A18497530-001-05-3:10	DB04604	5-iodotubercidin	-0.2620221130108533	-1.1517012898355408	0.1855830051318773	0.39684460928736814	NEU
LJP009_NPC.TAK_24H:H07	DB08912	Dabrafenib	-0.24526977203243955	-1.1417298443072688	0.18568507157464212	0.39686607716247596	NPC.TAK
NMH002_NPC_6H:BRD-K99964838-001-05-1:10	DB06616	Bosutinib	-0.19140378705770855	-1.0971667263260076	0.1857379767827529	0.39686607716247596	NPC
LJP007_NPC.TAK_24H:P20	DB11886	Infigratinib	-0.20895491403142455	-1.1081182151625966	0.18580645161290324	0.39686607716247596	NPC.TAK
LJP008_NPC_24H:P16	DB11662	Rabusertib	-0.22595477432210373	-1.1173718811254914	0.18619624002060262	0.3974276687387817	NPC
CPC006_U937_6H:BRD-K49456190-001-01-0:10	DB11684	APR-246	0.24026925886144707	1.1371534679239095	0.18626837660306536	0.3974276687387817	U937
LJP007_NPC.TAK_24H:L09	DB11836	Sapanisertib	0.2726769752390302	1.152028662144887	0.18628308903959745	0.3974276687387817	NPC.TAK
AML001_HL60_6H:BRD-K19706299:3.33333	DB00374	Treprostinil	0.2370354345999633	1.11768171940349	0.18644838562983174	0.3975418646889977	HL60
LJP007_NPC.CAS9_24H:P01	DB09054	Idelalisib	0.2340457255115783	1.1284904268586684	0.18647912885662432	0.3975418646889977	NPC.CAS9
LJP008_NPC.CAS9_24H:F01	DB12376	Ricolinostat	-0.239749915194974	-1.1265093143714247	0.18671630094043887	0.3978954327527534	NPC.CAS9
LJP008_NEU_24H:P15	DB11662	Rabusertib	-0.21732081454770588	-1.0977322906504716	0.18689196108550948	0.3981176979366389	NEU
NMH002_NEU_24H:BRD-K32610195-001-14-9:10	DB01536	Androstenedione	-0.24266557611935272	-1.1351104522156454	0.18699551569506725	0.39818625269571767	NEU
LJP007_JURKAT_24H:B07	DB07970	5-[(2-methyl-5-{[3-(trifluoromethyl)phenyl]carbamoyl}phenyl)amino]pyridine-3-carboxamide	-0.2148448307379899	-1.1113631022165213	0.18714340053252188	0.39834911544102997	JURKAT
LJP008_NPC_24H:N12	DB02665	(1R,2S)-2-Phenylcyclopropanaminium	-0.24747263725541704	-1.1420564490424985	0.18740231322288214	0.3987480951451028	NPC
LJP008_NPC_24H:G18	DB01254	Dasatinib	0.2295750368945849	1.125229761052793	0.18786949857674623	0.3995897569804297	NPC
LJP007_NPC.TAK_24H:P06	DB09054	Idelalisib	0.22138222982479525	1.1166344672209612	0.1889060092449923	0.4016412445037393	NPC.TAK
NMH002_NPC_24H:BRD-A56798952-001-01-5:10	DB06733	Bafilomycin A1	-0.22813823468458702	-1.1172367939729007	0.18912319644839068	0.401949833518313	NPC
LJP009_NEU_24H:F02	DB11962	GSK-1059615	-0.21521491309556226	-1.1219283264983335	0.1897590361445783	0.403147624771745	NEU
CPC017_NPC_24H:BRD-K67080878-001-05-5:10	DB00235	Milrinone	-0.19556603417369228	-1.090692554586889	0.19030732860520094	0.4040314241336825	NPC
LJP008_NPC_24H:M04	DB02709	Resveratrol	-0.23287631400654932	-1.1305674780368151	0.1903433850444483	0.4040314241336825	NPC
LJP009_NPC_24H:E23	DB08901	Ponatinib	0.255031133350872	1.1464020066729905	0.19039229504345784	0.4040314241336825	NPC
CPC006_WSUDLCL2_6H:BRD-K36927236-001-17-7:10	DB01016	Glyburide	0.2339660638803555	1.1251849401832192	0.19050480769230768	0.4041164722872185	WSUDLCL2
CPC006_THP1_6H:BRD-K57080016-001-04-3:80	DB11689	Selumetinib	0.25150612519644716	1.1458854412477786	0.19078947368421054	0.4044050356726704	THP1
CPC016_NPC_24H:BRD-K93332168-001-03-2:10	DB01247	Isocarboxazid	-0.24021263689237832	-1.12740924928369	0.1908256880733945	0.4044050356726704	NPC
CPC016_NEU_24H:BRD-A22684332-003-03-1:10	DB01366	Procaterol	0.24293787750191337	1.1352013618273398	0.19090485798541051	0.4044050356726704	NEU
LJP008_NPC.TAK_24H:O01	DB07101	PD-0325901	-0.2488585087224848	-1.1404556849721577	0.1909307875894988	0.4044050356726704	NPC.TAK
CPC016_NPC_24H:BRD-K92073408-001-03-3:10	DB00717	Norethisterone	0.23608042267945095	1.1255236719709574	0.19106375023368855	0.40453307876802597	NPC
CPC016_NEU_24H:BRD-A42649439-001-02-8:10	DB12405	Triciribine	-0.23087160146585273	-1.1231327095353127	0.19116022099447513	0.4045837909439214	NEU
CPC006_WSUDLCL2_6H:BRD-K16406336-311-01-2:10	DB08167	Methylthioninium	-0.2509384747708238	-1.1423976665861046	0.19146680800318008	0.4049454004748807	WSUDLCL2
CPC013_NPC_24H:BRD-K62982419-001-01-2:10	DB03849	Cilomilast	0.21674265907389448	1.1073446445757258	0.19149568837347605	0.4049454004748807	NPC
LJP007_NPC.TAK_24H:E07	DB05913	OSI-930	-0.21264870898742183	-1.096928521001837	0.1916132789749563	0.4049454004748807	NPC.TAK
LJP008_NPC_24H:A08	DB07232	Veliparib	-0.213513829978805	-1.1043152891684231	0.19162141194724594	0.4049454004748807	NPC
LJP007_NEU_24H:N16	DB09330	Osimertinib	0.214605399470392	1.1099075156708118	0.19170673076923078	0.4049723025223546	NEU
DOSBIO001_NEU_24H:BRD-K81418486:3.33333	DB02546	Vorinostat	-0.22443876877875546	-1.1124969791554582	0.19233926128590972	0.4061547080674074	NEU
LJP008_NPC.CAS9_24H:J04	DB12116	Epigallocatechin gallate	0.23164786513263444	1.1204432627748204	0.1926961926961927	0.40675446804845217	NPC.CAS9
NMH002_NPC_6H:BRD-A73908300-001-03-4:10	DB13978	Selisistat	-0.20874780905931287	-1.1060563272315682	0.1928374655647383	0.40689872177975606	NPC
CPC015_NPC_24H:BRD-A75409952:10	DB08059	Wortmannin	-0.20884872932508677	-1.106178046355324	0.19300361881785283	0.4070953457031384	NPC
LJP007_NPC.CAS9_24H:F05	DB12848	PF-04217903	0.24085879571525923	1.1317948127052695	0.19315365551425032	0.40725783980121033	NPC.CAS9
LJP009_NEU_24H:L07	DB05984	RAF-265	0.22611969367044912	1.1254452453284987	0.19354250273622767	0.40792354467903824	NEU
CPC006_NOMO1_6H:BRD-K41895714-001-02-2:10	DB04769	5-QUINOXALIN-6-YLMETHYLENE-THIAZOLIDINE-2,4-DIONE	0.24096606890937913	1.1372329018660698	0.19399830938292476	0.4087298217701425	NOMO1
LJP009_NPC.CAS9_24H:B16	DB11805	Saracatinib	0.23867301623034293	1.1284554641696256	0.1941146965390403	0.4088206462783336	NPC.CAS9
CPC013_NEU_24H:BRD-K28120222-001-05-0:10	DB13063	Parthenolide	-0.24122409747966372	-1.1362216765016853	0.194237792506425	0.40892552618616795	NEU
CPC006_PL21_6H:BRD-K06980535-003-15-0:10	DB00420	Promazine	-0.24101270836330138	-1.1296785435863916	0.19470614625392552	0.4097569181254811	PL21
DOSBIO002_NPC_24H:BRD-K27305650:3.33333	DB02656	LY-294002	0.2356271219989451	1.126224844358058	0.19481946624803767	0.4098408002254156	NPC
LJP008_NPC.TAK_24H:A08	DB07232	Veliparib	-0.24597819674783164	-1.1389545539506447	0.19498370412356525	0.4099878576130547	NPC.TAK
NMH002_NEU_6H:BRD-K75516118-001-02-5:10	DB04149	(R)-Rolipram	0.22325656385108206	1.1172257389324332	0.19513358778625955	0.4099878576130547	NEU
LJP008_NPC.TAK_24H:I12	DB11830	Mocetinostat	0.22276409702317826	1.106522584844616	0.19517464890169248	0.4099878576130547	NPC.TAK
LJP007_NPC.CAS9_24H:O04	DB07101	PD-0325901	-0.2362738961178531	-1.126125846088274	0.19518332135154565	0.4099878576130547	NPC.CAS9
CPC006_WSUDLCL2_6H:BRD-K47335880-001-01-3:0.08	DB12980	CHS-828	0.22555594024645112	1.1114427915403085	0.19532554257095158	0.41010267945691814	WSUDLCL2
NMH002_NEU_6H:BRD-K06902185-001-13-6:10	DB00350	Minoxidil	-0.24671581101998613	-1.142258462944378	0.19538500125407574	0.41010267945691814	NEU
LJP009_NPC.CAS9_24H:K08	DB11962	GSK-1059615	0.2611454051870674	1.1437712110459202	0.19561883899233296	0.4104390758699607	NPC.CAS9
CPC017_NPC_24H:BRD-K79124250-001-03-0:10	DB09313	Ioxaglic acid	0.21391896472746064	1.1101004711213533	0.1958041958041958	0.41067353698932646	NPC
CPC006_THP1_6H:BRD-A19500257:10	DB02424	Geldanamycin	0.2459182875873922	1.136298795647063	0.19600499375780275	0.4109401954809401	THP1
AML001_U937_24H:BRD-K19706299:0.37037	DB00374	Treprostinil	0.20045375845128482	1.095787495327004	0.19637462235649547	0.4115020125940046	U937
AML001_U937_6H:BRD-K93754473:0.49846	DB00675	Tamoxifen	-0.22443623491606324	-1.1161498064261481	0.1964204802899864	0.4115020125940046	U937
CPC016_NEU_24H:BRD-K88358234-003-01-4:10	DB06393	Xaliproden	-0.230438701184384	-1.1177367972170245	0.19682539682539682	0.4121955288621955	NEU
LJP008_NPC_24H:D06	DB09074	Olaparib	0.22282214578650852	1.1088055992234003	0.19699971695442967	0.41240578644981735	NPC
CPC015_NPC_24H:BRD-A60414806-065-01-6:10	DB00541	Vincristine	0.22295837077160185	1.1187787286985829	0.1972331276874182	0.41273954214857694	NPC
CPC017_NPC_24H:BRD-K24053527-004-03-8:10	DB00514	Dextromethorphan	0.209840151192644	1.1027576885065773	0.19735038830516216	0.4128300773732657	NPC
CPC017_NPC_24H:BRD-K29950728-048-08-3:10	DB06735	Enclomiphene	0.22816034282001224	1.1182840013387236	0.19750061259495222	0.4129894743880204	NPC
CPC006_U937_6H:BRD-K18849474-001-01-0:79.44	DB12181	Dalcetrapib	-0.24065852730921913	-1.1376065268152091	0.19768886679920478	0.4132282457372662	U937
CPC016_NEU_24H:BRD-K00959089-001-01-4:10	DB04795	Thenoyltrifluoroacetone	0.22111860300877365	1.1061314123332406	0.19782608695652174	0.41336020192151113	NEU
CPC013_NEU_24H:BRD-K07881437-001-01-2:10	DB11778	Danusertib	-0.24676109179670516	-1.1254945759968857	0.1979957485575463	0.41338678773233745	NEU
LJP007_NPC.CAS9_24H:K02	DB12064	BMS-777607	0.20773974066957723	1.1014018904520204	0.19801401869158877	0.41338678773233745	NPC.CAS9
CPC006_U937_6H:BRD-A35588707-001-03-0:1.25	DB00444	Teniposide	-0.19871257942363937	-1.1012986124730646	0.19806763285024154	0.41338678773233745	U937
CPC006_PL21_6H:BRD-A17883755-001-02-0:177.6	DB00480	Lenalidomide	-0.25665595980114014	-1.1445025632167432	0.19813519813519814	0.41338678773233745	PL21
NMH001_NPC_24H:BRD-K73251053-001-01-0:10	DB04017	Clorgiline	0.22975286044602058	1.1252907310583156	0.19829379941739492	0.41356303063538175	NPC
CPC006_SKM1_6H:BRD-K98530306-003-07-6:10	DB00575	Clonidine	-0.2477296840971213	-1.128584909797144	0.1984081041968162	0.4136467912234819	SKM1
LJP007_NEU_24H:E01	DB11743	Ipatasertib	-0.2028176523647685	-1.117935479376583	0.19863387978142077	0.4139627998881384	NEU
CPC015_NPC_24H:BRD-A27554692-001-01-3:10	DB11372	Altrenogest	0.23565928996692465	1.127028973405887	0.19903846153846153	0.41465107428046183	NPC
LJP007_NPC.TAK_24H:F06	DB12848	PF-04217903	-0.21796744874851282	-1.1023618433433244	0.19912152269399708	0.41466927029108236	NPC.TAK
CPC006_THP1_6H:BRD-K19295594-001-08-5:11.1	DB13044	Gossypol	0.2376538588321671	1.1247121622189502	0.19929894842263396	0.41472527733362674	THP1
CPC018_NPC_24H:BRD-K38903228-001-02-8:10	DB04703	Hesperidin	-0.21571725069656844	-1.1064061462558494	0.1993660855784469	0.41472527733362674	NPC
LJP009_NEU_24H:H08	DB08912	Dabrafenib	0.24594007619274888	1.130623781460147	0.19949193066347878	0.41472527733362674	NEU
CPC016_NPC_24H:BRD-A09467419-003-14-1:10	DB12554	Mebeverine	-0.23739728004483143	-1.12716220100697	0.19950980392156864	0.41472527733362674	NPC
CPC017_NPC_24H:BRD-A19374631-001-01-0:10	DB12131	Vinpocetine	0.2099958154506308	1.1025889647866942	0.1995249406175772	0.41472527733362674	NPC
CPC006_NOMO1_6H:BRD-K13049116-001-01-6:10	DB15399	BMS-754807	-0.24121464168474424	-1.133563044049224	0.19959443800695248	0.41472527733362674	NOMO1
CPC016_NEU_24H:BRD-K37561857-001-06-4:10	DB02918	Zardaverine	-0.2432268928942752	-1.1281260374748214	0.19979387514723204	0.41489630316294435	NEU
LJP007_NPC.TAK_24H:A16	DB12742	Amuvatinib	-0.24678158895122274	-1.1348993680703081	0.19986728599867287	0.41489630316294435	NPC.TAK
DOSBIO002_NPC_24H:BRD-K27305650:0.37037	DB02656	LY-294002	-0.23331357557023286	-1.1244681984995606	0.19990665836963287	0.41489630316294435	NPC
LJP007_NPC_24H:N17	DB09330	Osimertinib	-0.247678069529691	-1.1337665433960442	0.19997444416049068	0.41489630316294435	NPC
CPC006_NOMO1_6H:BRD-A01145011-001-01-4:11.1	DB03068	Zebularine	-0.2443098498070728	-1.1375397471233069	0.20004858496295397	0.41489630316294435	NOMO1
LJP007_JURKAT_24H:B14	DB12200	Tivantinib	-0.22660137286611962	-1.1078676420395497	0.20019920318725098	0.41496961241677016	JURKAT
CPC006_WSUDLCL2_6H:BRD-K14888893-001-05-6:10	DB00350	Minoxidil	0.25764848446050836	1.1418063182866018	0.2002326934264107	0.41496961241677016	WSUDLCL2
CPC016_NPC_24H:BRD-A74667430-001-15-2:10	DB00749	Etodolac	0.189476267280853	1.0875440479405252	0.2004920049200492	0.41535272760822667	NPC
LJP009_NEU_24H:D20	DB13061	MLN8054	-0.22953534602327486	-1.1224220461047412	0.20064334539605952	0.4154518618513609	NEU
LJP008_NEU_24H:F05	DB12376	Ricolinostat	-0.2147358498570995	-1.108386778860743	0.20068879148403257	0.4154518618513609	NEU
NMH002_NEU_6H:BRD-K24656285-001-04-4:10	DB02509	Farnesol	-0.21478080809466069	-1.1059546765040926	0.2008816120906801	0.41569677813572115	NEU
LJP009_NPC_24H:H12	DB08912	Dabrafenib	0.2237492153028004	1.1100052300570258	0.20145044319097502	0.41666036410198065	NPC
NMH001_NPC_6H:BRD-K39981244-001-01-5:10	DB00368	Norepinephrine	0.23252230823624145	1.1173366405408565	0.2014966234714364	0.41666036410198065	NPC
NMH001_NEU_24H:BRD-K69726342-001-02-6:10	DB01076	Atorvastatin	-0.22821887130343863	-1.1117504141722006	0.2018842530282638	0.41730724255082763	NEU
LJP008_NPC.CAS9_24H:M18	DB01262	Decitabine	-0.2416352201347083	-1.1262544384287219	0.20196833547282841	0.4173264235566332	NPC.CAS9
LJP007_NEU_24H:M21	DB12874	Quizartinib	-0.2099820853822305	-1.1067116697958794	0.20211402946828955	0.41743694993045627	NEU
LJP007_NEU_24H:I13	DB11526	Masitinib	0.23227497546255793	1.1208855541272404	0.20217147135904157	0.41743694993045627	NEU
CPC006_SKM1_6H:BRD-K27316855-001-02-6:1	DB00136	Calcitriol	0.24454551893449863	1.1288185611155903	0.2025651749616618	0.4180951206478399	SKM1
NMH002_NEU_24H:BRD-K93258693-001-12-4:10	DB07863	2-chloro-5-nitro-N-phenylbenzamide	-0.24293415177183791	-1.1226534408699418	0.20329753441234308	0.4194515327242833	NEU
CPC014_NPC_24H:BRD-K41170226-001-05-4:10	DB03619	Deoxycholic acid	-0.22503502288282531	-1.1093356256456341	0.2035303557100829	0.4197766560098161	NPC
CPC014_NEU_24H:BRD-K62959606-001-10-4:10	DB03203	Sphingosine	0.2177733554074825	1.1097968852510987	0.20365602471678682	0.4198237764916745	NEU
NMH002_NPC_24H:BRD-K35960502-001-16-8:10	DB06803	Niclosamide	-0.18143234227049523	-1.0902975131294719	0.2037037037037037	0.4198237764916745	NPC
CPC006_WSUDLCL2_6H:BRD-A56592690-001-01-9:30	DB05448	PX-12	0.22874287217056355	1.1117378547755374	0.20417961027958204	0.42055114642805763	WSUDLCL2
CPC006_NOMO1_6H:BRD-K78659596-001-01-3:10	DB09570	Ixazomib	0.22414836211950145	1.1113101350736094	0.20420739481512962	0.42055114642805763	NOMO1
LJP008_NPC_24H:I12	DB11830	Mocetinostat	-0.22453933312448246	-1.1056865076941504	0.20452848967404827	0.4210569903658728	NPC
LJP009_NPC.CAS9_24H:I19	DB11363	Alectinib	-0.22753706864214832	-1.1126379868627199	0.20547649849072877	0.4227754244106878	NPC.CAS9
LJP009_NPC_24H:H14	DB07138	Neflamapimod	-0.22869866593222907	-1.1120231914216028	0.20551477881372743	0.4227754244106878	NPC
LJP007_NEU_24H:G12	DB11963	Dacomitinib	-0.2530595466199928	-1.124755811212793	0.20570733026778468	0.423015553101353	NEU
CPC006_U937_6H:BRD-K82135108-001-01-9:10	DB05719	Elesclomol	-0.22085921514392384	-1.103561553462487	0.2063216394581452	0.42412248582792633	U937
NMH002_NEU_24H:BRD-K81062487-001-03-3:10	DB04348	Taurocholic acid	0.2308296020690561	1.1142772350524337	0.2064746847355543	0.42428076100908196	NEU
LPROT003_NPC_6H:H19	DB01950	AR-AO-14418	-0.2434005638269964	-1.1240542487272356	0.20674093921872796	0.4246714653539335	NPC
LJP007_NPC_24H:M01	DB07794	5-(2-PHENYLPYRAZOLO[1,5-A]PYRIDIN-3-YL)-1H-PYRAZOLO[3,4-C]PYRIDAZIN-3-AMINE	0.23103104865296412	1.1121447741734238	0.2068230277185501	0.4246837216200924	NPC
NMH002_NEU_6H:BRD-K70131229-003-01-2:10	DB02678	beta-D-Galactosamine	0.2388752793594066	1.122501199717099	0.20711080428028997	0.42511816669600355	NEU
LJP007_NPC.CAS9_24H:N16	DB09330	Osimertinib	0.20691390613806251	1.0969468303598158	0.20722891566265061	0.42520416347257367	NPC.CAS9
LJP008_NPC_24H:G22	DB00928	Azacitidine	0.2380216739834869	1.1205773678634816	0.20766540367239872	0.42594312025305603	NPC
CPC013_NPC_24H:BRD-K82164249-001-01-9:10	DB07423	Andarine	-0.24271085179487079	-1.1286696822283673	0.2081947585472928	0.4268719433793997	NPC
CPC006_SKM1_6H:BRD-A46335897-003-05-4:6.23	DB01069	Promethazine	0.269275168944341	1.1346044721961424	0.2083510412239694	0.42692643762584376	SKM1
AML001_U937_24H:BRD-K27316855:10	DB00136	Calcitriol	0.22553671569000516	1.1090815221529438	0.20837438423645321	0.42692643762584376	U937
CPC013_NEU_24H:BRD-K42125900-001-01-9:10	DB01248	Docetaxel	0.2599505972541374	1.1334983256138906	0.20846486612884368	0.42694215518581874	NEU
LJP007_NEU_24H:G09	DB11963	Dacomitinib	0.20687679429478908	1.1045911687161727	0.20853510895883778	0.42694215518581874	NEU
LJP007_JURKAT_24H:J19	DB03044	Doramapimod	0.2076848045105912	1.0944024879274108	0.2088607594936709	0.42745200924988624	JURKAT
CPC006_U937_6H:BRD-K87142802-001-02-7:10	DB07232	Veliparib	-0.2009321999402314	-1.0945941646293855	0.2091020910209102	0.42763772704607345	U937
LPROT003_NPC_6H:F11	DB12021	Dinaciclib	0.23467105458757326	1.1124758075005676	0.20910480720231017	0.42763772704607345	NPC
LJP007_JURKAT_24H:N13	DB09330	Osimertinib	-0.2154990029002008	-1.097139235954071	0.2092150170648464	0.4277063320647776	JURKAT
NMH001_NEU_24H:BRD-K39981244-001-01-5:10	DB00368	Norepinephrine	-0.2033532461605899	-1.08843854814576	0.20967741935483872	0.428494623655914	NEU
LJP007_NPC_24H:I02	DB01268	Sunitinib	-0.2429210454552586	-1.128588967824215	0.20975674597899774	0.4284997751068577	NPC
LJP009_NEU_24H:O06	DB07101	PD-0325901	0.24032724145675852	1.1210016406399355	0.210469757445502	0.4297989666136368	NEU
LJP009_NEU_24H:H17	DB07138	Neflamapimod	-0.21840666759733157	-1.1040752683535535	0.2106368089573128	0.4299167833353606	NEU
LPROT002_NPC.TAK_6H:C04	DB00773	Etoposide	-0.24338827710143787	-1.1219102819902158	0.21068157118459865	0.4299167833353606	NPC.TAK
LJP008_NPC.TAK_24H:O04	DB07101	PD-0325901	0.2235019329523761	1.1020011831231749	0.21087719298245614	0.43015863241284197	NPC.TAK
LJP008_NPC_24H:F03	DB12376	Ricolinostat	-0.24117704305842824	-1.1171522413250372	0.21116579513995692	0.43046178773967053	NPC
LJP009_NPC.CAS9_24H:E15	DB13113	JNJ-38877605	-0.23798256224899517	-1.113536078423721	0.2111801242236025	0.43046178773967053	NPC.CAS9
NMH002_NPC_6H:BRD-K08252256-236-26-2:10	DB00586	Diclofenac	-0.2420731247468042	-1.1339620895558253	0.21160042964554243	0.43116099232742194	NPC
CPC018_NPC_24H:BRD-K77987382-001-08-2:10	DB00643	Mebendazole	0.22663432270369047	1.1053579288873363	0.2123730378578024	0.43257231123360695	NPC
AML001_U937_24H:BRD-K19706299:3.33333	DB00374	Treprostinil	-0.20562339584161676	-1.0843401161095663	0.21244813278008298	0.43257231123360695	U937
LJP009_NPC_24H:A04	DB05134	Tanespimycin	0.26196524578829844	1.135587846291026	0.21256141850032045	0.4326450761814257	NPC
CPC015_NPC_24H:BRD-K10065684-001-06-6:10	DB04816	Dantron	0.2328183323341064	1.1140771276018762	0.21273996509598603	0.4328505708499293	NPC
LJP007_JURKAT_24H:K11	DB11962	GSK-1059615	-0.2164036936335889	-1.1022347228893776	0.21293419937870658	0.4330878229434211	JURKAT
AML001_HL60_6H:BRD-K19706299:10	DB00374	Treprostinil	0.230985453967997	1.098744636920883	0.21338733745470048	0.4337735580450518	HL60
PCLB001_JURKAT_6H:BRD-A58955223-001-02-0:2.5	DB12422	Sulforaphane	-0.25643917075105316	-1.1371557792398281	0.21342685370741482	0.4337735580450518	JURKAT
CPC014_NEU_24H:BRD-K83963101-001-01-0:10	DB13061	MLN8054	0.21615160058234875	1.0988588297279434	0.21396522714526078	0.4347093963013146	NEU
LJP008_NPC.TAK_24H:J06	DB12116	Epigallocatechin gallate	-0.2285367460637639	-1.1112295862124613	0.2141185647425897	0.434862567418605	NPC.TAK
LJP009_NPC_24H:L08	DB05984	RAF-265	0.2558583414360597	1.1314177928948483	0.21433006333043586	0.4351337057207066	NPC
LJP009_NEU_24H:D03	DB11775	PF-03758309	-0.2127284990362489	-1.099798714721931	0.21443020903573837	0.4351786599528499	NEU
CPC006_NOMO1_6H:BRD-K85606544-001-01-8:10	DB11828	Neratinib	-0.24084928638489747	-1.1196353737737972	0.21495327102803738	0.4359430175596651	NOMO1
CPC014_NPC_24H:BRD-K24994810-001-01-9:10	DB01889	16,17-Androstene-3-Ol	-0.2605333363735212	-1.1301851869088513	0.21496311907270813	0.4359430175596651	NPC
NMH002_NEU_6H:BRD-K38775274-001-17-1:10	DB01234	Dexamethasone	0.21158360289305134	1.090141228981329	0.21513445903689807	0.4360672913229379	NEU
LJP007_NPC.TAK_24H:P11	DB07859	4-(4-CHLOROPHENYL)-4-[4-(1H-PYRAZOL-4-YL)PHENYL]PIPERIDINE	-0.25284002959218455	-1.1311307186741582	0.21518072289156626	0.4360672913229379	NPC.TAK
LJP007_NPC.TAK_24H:I21	DB13005	Rebastinib	-0.2116552992134959	-1.0906288757828413	0.21559139784946235	0.43671261379997833	NPC.TAK
CPC006_NOMO1_6H:BRD-K26657438-001-01-2:10	DB00724	Imiquimod	-0.24634884900098722	-1.1311127598166975	0.21565571805322464	0.43671261379997833	NOMO1
NMH002_NPC_6H:BRD-A75409952-001-06-5:10	DB08059	Wortmannin	0.24125640849396338	1.1295516727460877	0.21575786126486868	0.43676092452710535	NPC
LJP007_NPC_24H:I16	DB11526	Masitinib	-0.2224405573962682	-1.098695428162253	0.2161391502708868	0.43737407303637194	NPC
NMH002_NEU_6H:BRD-K18135438-001-11-8:10	DB06777	Chenodeoxycholic acid	0.25338890393573277	1.1275207283026147	0.21628052598622416	0.43750147007873263	NEU
LJP008_NEU_24H:K11	DB11962	GSK-1059615	0.2460598745196038	1.1211592519401365	0.21693888303477343	0.43867416761544076	NEU
CPC006_THP1_6H:BRD-K56700933-001-01-3:10	DB12695	Phenethyl Isothiocyanate	0.21242134584021408	1.0948640700604146	0.21740958788898235	0.43944865379187364	THP1
LJP007_NPC_24H:E05	DB11743	Ipatasertib	0.24174243851037927	1.1149208559683748	0.21754279654597788	0.43944865379187364	NPC
LJP007_JURKAT_24H:I06	DB01268	Sunitinib	-0.2542905380611633	-1.1235292855918886	0.21755819712729074	0.43944865379187364	JURKAT
CPC015_NPC_24H:BRD-A64092382-003-09-2:10	DB07129	(2R)-1-(2,6-dimethylphenoxy)propan-2-amine	0.22297573292561385	1.1057898218090771	0.21771653543307087	0.43960932000763747	NPC
AML001_HL60_6H:BRD-A75409952:1.11111	DB08059	Wortmannin	0.24373433896644195	1.1261307836258938	0.21798534343559806	0.4398707046904432	HL60
NMH001_NEU_6H:BRD-K70327167-348-11-8:10	DB04786	Suramin	-0.20641405249151304	-1.0910937157271277	0.21800367421922842	0.4398707046904432	NEU
LJP009_NPC.TAK_24H:E15	DB13113	JNJ-38877605	0.2222775929348119	1.1035889967966441	0.21864324060517326	0.44078246000877147	NPC.TAK
LJP008_NPC.CAS9_24H:N08	DB02665	(1R,2S)-2-Phenylcyclopropanaminium	-0.2390937827388803	-1.1167524428890059	0.21865376154861416	0.44078246000877147	NPC.CAS9
CPC006_U937_6H:BRD-K12502280-001-01-5:11.1	DB12500	Fedratinib	0.2245520930507729	1.0966796571562742	0.2186925702284064	0.44078246000877147	U937
LJP007_NPC.CAS9_24H:I03	DB01268	Sunitinib	-0.22518846079264362	-1.0983176269876185	0.21877828054298643	0.44079596502322904	NPC.CAS9
NMH002_NPC_24H:BRD-K70131229-003-01-2:10	DB02678	beta-D-Galactosamine	0.19516143725493298	1.0877901010313349	0.21911037891268534	0.44130570539850955	NPC
CPC006_PL21_6H:BRD-K91623615-001-01-9:10	DB12254	ABT-751	0.2135953178660287	1.0847761541503824	0.21970649895178196	0.4423159217951804	PL21
CPC014_NPC_24H:BRD-K09436313-001-01-2:10	DB02056	Prostaglandin D2	0.2016615290452413	1.0876409410319687	0.21977052074139453	0.4423159217951804	NPC
CPC006_THP1_6H:BRD-K12994359-001-07-7:177.6	DB00580	Valdecoxib	-0.2348288914634652	-1.1111477037686253	0.22014866360904634	0.4429171995221311	THP1
LJP008_NPC.TAK_24H:M03	DB02709	Resveratrol	-0.19569698232974386	-1.0646597333163392	0.22093023255813954	0.44432940426887546	NPC.TAK
LJP009_NPC.TAK_24H:H11	DB08912	Dabrafenib	-0.2102340517210206	-1.0926844122814927	0.22110939907550076	0.4445294909701689	NPC.TAK
LPROT003_NPC_6H:P13	DB12015	Alpelisib	-0.20429919624364618	-1.0839735292475683	0.222011385199241	0.4461821030355063	NPC
CPC006_U937_6H:BRD-K08316444-001-04-3:0.63	DB11457	Rotenone	0.22728331453688294	1.1085274546194737	0.22216590640310863	0.44633186597873353	U937
NMH002_NPC_24H:BRD-A09533288-003-26-2:10	DB14063	Dexverapamil	-0.21678196362213367	-1.0946634731850247	0.22282608695652173	0.4474970263248505	NPC
LJP009_NPC.TAK_24H:O01	DB07101	PD-0325901	-0.2510672352900741	-1.1189010727374005	0.22312814241065362	0.44794239169090916	NPC.TAK
LJP009_NPC_24H:B10	DB12242	AZD-7762	0.2248945134254689	1.1001714027103773	0.22345445965077868	0.4484361260401778	NPC
LJP007_NPC_24H:E12	DB05913	OSI-930	0.24823645948340597	1.1215508427618095	0.22379269729093051	0.44895341898097857	NPC
CPC017_NPC_24H:BRD-K49577446-001-03-1:10	DB00180	Flunisolide	0.2250531004764663	1.1045467501430803	0.22417750573833206	0.44956373275131367	NPC
CPC006_U937_6H:BRD-K13049116-001-01-6:10	DB15399	BMS-754807	-0.2369795862475249	-1.1075181661816917	0.2244777875845837	0.4498487061114252	U937
LJP008_NPC.CAS9_24H:M16	DB01262	Decitabine	-0.22501906038568767	-1.0971676058405875	0.2244808743169399	0.4498487061114252	NPC.CAS9
CPC006_NOMO1_6H:BRD-A13084692-001-04-1:10	DB08607	(5R)-5-(4-{[(2R)-6-HYDROXY-2,5,7,8-TETRAMETHYL-3,4-DIHYDRO-2H-CHROMEN-2-YL]METHOXY}BENZYL)-1,3-THIAZOLIDINE-2,4-DIONE	0.23225285549135521	1.1072784238008895	0.22462809917355372	0.44985469468757733	NOMO1
CPC014_NPC_24H:BRD-K52911425-001-01-5:10	DB11663	Pictilisib	-0.20828550840822255	-1.0896747249898053	0.22471451876019577	0.44985469468757733	NPC
CPC014_NPC_24H:BRD-K64052750-001-04-3:10	DB00317	Gefitinib	-0.23806114301504294	-1.1132673830789783	0.22472576341535724	0.44985469468757733	NPC
CPC006_THP1_6H:BRD-K44241590-001-03-3:11.1	DB07697	1-(2,3-dihydro-1,4-benzodioxin-6-ylsulfonyl)-4-[(4-methoxyphenyl)sulfonyl]piperazine	0.23427969271132343	1.109748415055445	0.22495213784301213	0.45014633322315806	THP1
CPC017_NPC_24H:BRD-A29734509-011-06-0:10	DB00280	Disopyramide	0.20387074525560553	1.088100384571604	0.2252155172413793	0.4505117858335085	NPC
LJP007_NPC.TAK_24H:K23	DB01590	Everolimus	-0.2257185986526574	-1.1003069323932668	0.22544594885020416	0.4507501735905823	NPC.TAK
CPC014_NPC_24H:BRD-K66956375-001-05-5:10	DB16495	Oleic monoethanolamide	-0.21889130226481732	-1.0953743654043595	0.22549627791563276	0.4507501735905823	NPC
LJP007_JURKAT_24H:N17	DB09330	Osimertinib	0.232961516343982	1.1104592518423295	0.2258325250565794	0.45103013539544	JURKAT
NMH002_NPC_24H:BRD-K32164935-001-25-8:10	DB00839	Tolazamide	0.20114765447081984	1.0863022978633157	0.22591181273816005	0.45103013539544	NPC
DOSBIO002_NEU_24H:BRD-A75409952:0.37037	DB08059	Wortmannin	-0.19432727066011998	-1.0936239258441225	0.22594303310238645	0.45103013539544	NEU
CPC013_NPC_24H:BRD-K79254416-001-08-5:10	DB01262	Decitabine	0.23124643731342326	1.102591068365993	0.22595971113645003	0.45103013539544	NPC
LJP007_NPC.CAS9_24H:C03	DB11800	Tivozanib	0.21823027287877061	1.0987924041919488	0.2261904761904762	0.4513292799237006	NPC.CAS9
LJP008_NPC.CAS9_24H:O02	DB07101	PD-0325901	0.2164783455045065	1.091274558121115	0.22655345426476264	0.4517898097752797	NPC.CAS9
LJP009_NEU_24H:F05	DB11962	GSK-1059615	-0.2222171086600216	-1.1066245509878005	0.22658323852863102	0.4517898097752797	NEU
LJP007_NEU_24H:E12	DB05913	OSI-930	0.19907776827029455	1.0947926415895057	0.22668240850059032	0.45182606538935094	NEU
CPC013_NPC_24H:BRD-K51967704-001-01-0:10	DB12359	BIIB021	-0.19419888302498514	-1.0787083852757455	0.22685788787483702	0.4520143415906127	NPC
DOSBIO002_NPC_24H:BRD-K81418486:0.37037	DB02546	Vorinostat	0.2089010526355515	1.089351936038717	0.22724867724867726	0.4526313353696431	NPC
CPC018_NPC_24H:BRD-K01292756-001-13-6:10	DB01100	Pimozide	0.19857102916154076	1.0770923488472073	0.22750424448217318	0.452978650951479	NPC
CPC017_NPC_24H:BRD-K68507560-003-15-4:10	DB00804	Dicyclomine	0.19121476081465852	1.0768987437609838	0.22765598650927488	0.45311906840358346	NPC
LJP008_NEU_24H:J06	DB12116	Epigallocatechin gallate	0.250723409380949	1.1152155211155463	0.22786475463754768	0.45332415673516846	NEU
LPROT001_NPC.TAK_6H:E24	DB13978	Selisistat	-0.21915179421282704	-1.0944005786966142	0.22797089733225545	0.45332415673516846	NPC.TAK
AML001_U937_24H:BRD-A75409952:10	DB08059	Wortmannin	-0.21892957231060062	-1.0885980951359144	0.22800279329608938	0.45332415673516846	U937
CPC016_NPC_24H:BRD-K70778732-003-15-0:10	DB00656	Trazodone	0.1804740365650427	1.0799800053408806	0.22822299651567945	0.45360031975809606	NPC
KMS002_THP1_24H:BRD-A75409952-001-02-4:10	DB08059	Wortmannin	0.21511213368993223	1.123385233039724	0.22830886740661177	0.45360939147488855	THP1
CPC006_WSUDLCL2_6H:BRD-K15563106-001-08-1:177.6	DB07810	Phloretin	0.24029561585995177	1.1169586906338838	0.22857511615900877	0.45397670809936275	WSUDLCL2
CPC014_NEU_24H:BRD-K78431006-001-02-9:10	DB08865	Crizotinib	0.22542556481363601	1.0991043571408172	0.22877959927140254	0.45422113321535756	NEU
NMH002_NPC_24H:BRD-K18910433-001-24-2:10	DB00783	Estradiol	-0.2352078101269848	-1.1113645781570356	0.22941931801968898	0.45532919787685694	NPC
LJP008_NEU_24H:J08	DB05223	Pracinostat	-0.23239818641864204	-1.1016218254516947	0.22968197879858657	0.4556883925026012	NEU
LJP008_NPC.TAK_24H:O03	DB07101	PD-0325901	0.20896748663206988	1.08154225411488	0.2298316889146837	0.455823317616431	NPC.TAK
CPC015_NPC_24H:BRD-K97863768-001-02-8:10	DB12667	Protionamide	-0.24662924962485322	-1.1114358844803758	0.2300561797752809	0.45608253147973454	NPC
NMH002_NPC_6H:BRD-K43736954-001-19-9:10	DB14681	Cortisone	-0.1855331250336486	-1.0883920600459491	0.23016650342801176	0.45608253147973454	NPC
CPC006_THP1_6H:BRD-K56851771-001-02-7:0.25	DB08899	Enzalutamide	-0.22216865237219427	-1.0914736648996788	0.2302357836338419	0.45608253147973454	THP1
CPC013_NEU_24H:BRD-K11663430-001-01-5:10	DB12847	Pyroxamide	-0.24790939689481972	-1.1111658692261739	0.23036796841956858	0.45608253147973454	NEU
LJP007_NPC_24H:G08	DB11963	Dacomitinib	-0.23379042528959124	-1.1081582489722719	0.23037113706934792	0.45608253147973454	NPC
LPROT003_NPC_6H:J09	DB12006	BMS-906024	0.22249069242327468	1.0924201251734238	0.23061921014139444	0.45627071915562284	NPC
CPC018_NPC_24H:BRD-K97181089-003-14-8:10	DB00594	Amiloride	0.2517334884328374	1.119638629160615	0.23062975945847938	0.45627071915562284	NPC
LJP007_NPC_24H:P12	DB07859	4-(4-CHLOROPHENYL)-4-[4-(1H-PYRAZOL-4-YL)PHENYL]PIPERIDINE	-0.2556261921386558	-1.1214554968045052	0.2314782405786956	0.4576376443084032	NPC
LJP009_NPC_24H:H15	DB07138	Neflamapimod	-0.25171300568696325	-1.1211026014327736	0.23148475214882844	0.4576376443084032	NPC
CPC012_NEU_24H:BRD-A15010982-001-01-9:10	DB06444	Dexanabinol	-0.22716278399177656	-1.0928263884516272	0.23157894736842105	0.4576616887596249	NEU
LJP009_NPC.TAK_24H:M17	DB06314	SGX-523	0.238089283121035	1.1097690740968265	0.23201650943396226	0.45835453735723036	NPC.TAK
NMH001_NEU_24H:BRD-A57226833-001-01-1:10	DB07780	Farnesyl diphosphate	-0.24038066065033764	-1.1105672336218564	0.2321195415639054	0.45835453735723036	NEU
CPC006_WSUDLCL2_6H:BRD-A58280226-001-01-2:4	DB08756	Y-27632	0.21844909390657094	1.0919990650264568	0.2322039166925707	0.45835453735723036	WSUDLCL2
CPC017_NPC_24H:BRD-K47639036-003-03-3:10	DB01148	Flavoxate	-0.23124842723949943	-1.1037999762654513	0.23229078613694	0.45835453735723036	NPC
NMH001_NEU_6H:BRD-K22134346-001-18-1:10	DB00641	Simvastatin	-0.23772076163691788	-1.0995370916267408	0.23236587510993845	0.45835453735723036	NEU
LJP008_NPC.TAK_24H:A12	DB07232	Veliparib	0.21779413769156603	1.0912599189528212	0.23242247466994168	0.45835453735723036	NPC.TAK
NMH002_NPC_6H:BRD-K49685476-001-11-8:10	DB02877	Arotinoid acid	-0.22208276769510682	-1.0932460263926778	0.23256601218686526	0.4584755413394069	NPC
LJP007_NEU_24H:B17	DB12200	Tivantinib	-0.2005713183919681	-1.0885797763451381	0.23290524123568204	0.45898210556477226	NEU
LPROT003_NPC_6H:P11	DB02546	Vorinostat	-0.24668286605709164	-1.109846355864887	0.23308823529411765	0.4591007028837058	NPC
LJP007_JURKAT_24H:A14	DB12742	Amuvatinib	0.23101420449574206	1.100559098402545	0.23313000381242852	0.4591007028837058	JURKAT
NMH002_NPC_6H:BRD-A48430263-001-05-1:10	DB01132	Pioglitazone	-0.24923228874824077	-1.1182868672459745	0.23328167838836572	0.4592372913650996	NPC
NMH001_NEU_6H:BRD-K81418486-001-22-8:10	DB02546	Vorinostat	-0.23271801819448426	-1.093141255724114	0.23348729792147807	0.45947994183560004	NEU
CPC017_NPC_24H:BRD-K95309561-001-15-5:10	DB00890	Dienestrol	0.1876870959991154	1.0826220476492225	0.23363431151241534	0.4596071311451922	NPC
CPC014_NEU_24H:BRD-K37846922-001-07-8:10	DB11875	3,3'-diindolylmethane	-0.2532582874852774	-1.1164843731629364	0.23486238532110093	0.46186015076010645	NEU
LJP007_NEU_24H:E02	DB11743	Ipatasertib	-0.22466354484897866	-1.0981601689325697	0.2353991784247187	0.4627526484959498	NEU
NMH002_NPC_24H:BRD-K67860401-001-04-9:10	DB01950	AR-AO-14418	0.23375187440201456	1.105018546499155	0.23604183427192277	0.46385255139241177	NPC
LJP009_NPC_24H:I17	DB12146	Rigosertib	0.22642919369298506	1.0950999743203447	0.23622047244094488	0.4639366954664887	NPC
LJP007_NPC.CAS9_24H:B17	DB12200	Tivantinib	-0.21894820969562445	-1.0806145386400712	0.23625096824167313	0.4639366954664887	NPC.CAS9
LJP007_NPC.CAS9_24H:D20	DB06616	Bosutinib	-0.22880699956184175	-1.0953100769703332	0.2365796732442181	0.4644187181666055	NPC.CAS9
LJP007_JURKAT_24H:J24	DB03044	Doramapimod	0.22366401130762403	1.0937427833304423	0.23676880222841226	0.4646265028604685	JURKAT
LJP008_NEU_24H:P14	DB11662	Rabusertib	-0.24389948570864747	-1.1108283621769963	0.23695477655873695	0.464827953031362	NEU
DOSBIO001_NEU_24H:BRD-K27305650:1.11111	DB02656	LY-294002	0.23605782631377467	1.108288073904259	0.23763066202090594	0.46598996956577654	NEU
LJP009_NPC_24H:O19	DB07232	Veliparib	0.21145234404934038	1.0795105987980396	0.23783587509077705	0.46622851269551835	NPC
CPC006_SKM1_6H:BRD-K16406336-311-01-2:10	DB08167	Methylthioninium	-0.23521169015360302	-1.1060307820156325	0.23810939357907254	0.4664891947498249	SKM1
LJP008_NPC.TAK_24H:A11	DB07232	Veliparib	0.2125571744136181	1.0813057650251539	0.2381818181818182	0.4664891947498249	NPC.TAK
LJP009_NPC_24H:B15	DB11805	Saracatinib	0.2502984687919138	1.1157855950345112	0.23827414858804993	0.4664891947498249	NPC
NMH002_NPC_24H:BRD-K39965020-001-05-9:10	DB03756	Doconexent	-0.24018714769348987	-1.1084112763360845	0.23834628190899002	0.4664891947498249	NPC
NMH002_NEU_6H:BRD-A09533288-003-26-2:10	DB14063	Dexverapamil	-0.23351377315077798	-1.097549007851202	0.23838693210821849	0.4664891947498249	NEU
CPC006_PL21_6H:BRD-K56343971-001-02-3:10	DB08881	Vemurafenib	-0.23820639756631737	-1.1060854060432912	0.23854808465041522	0.4666408710605422	PL21
CPC006_U937_6H:BRD-K58550667-001-01-2:0.08	DB12731	Daporinad	0.21099461470651773	1.080237922295585	0.23865168539325843	0.46667989933718496	U937
LJP009_NPC.TAK_24H:B16	DB11805	Saracatinib	0.23485799754325712	1.102421499812218	0.23884349465744814	0.4668913303062029	NPC.TAK
LJP007_NPC_24H:G11	DB11963	Dacomitinib	-0.23982129450941236	-1.1074385351583484	0.23927370544720913	0.4675684772994675	NPC
AML001_HL60_6H:BRD-A75409952:10	DB08059	Wortmannin	0.24621161155900084	1.1115338636680703	0.23961741756858798	0.4680761808876584	HL60
AML001_HL60_24H:BRD-A75409952:3.33333	DB08059	Wortmannin	-0.1890239784394408	-1.0851297282437549	0.24002100840336135	0.4687004570816776	HL60
LJP009_NPC.CAS9_24H:E13	DB13113	JNJ-38877605	0.23860114632148632	1.1050981384873384	0.24032875159416184	0.46913719564164763	NPC.CAS9
LJP007_JURKAT_24H:H08	DB09053	Ibrutinib	0.2260166582047678	1.0922907184211674	0.24088748019017434	0.47006339698530347	JURKAT
LJP009_NEU_24H:I02	DB11798	Tanzisertib	-0.24380166976898085	-1.107822056780001	0.24138393455813328	0.47086747234259635	NEU
LJP007_JURKAT_24H:G09	DB11963	Dacomitinib	0.20551362958241462	1.0775754007898026	0.2415603900975244	0.47104698229782893	JURKAT
LJP008_NPC.CAS9_24H:A23	DB11740	MK-1775	0.2349591634269916	1.0991547322865989	0.242147048671039	0.4717531799463666	NPC.CAS9
NMH001_NPC_6H:BRD-K37289225-001-30-7:10	DB00363	Clozapine	0.24186865973809865	1.1131418490233531	0.24215089034676662	0.4717531799463666	NPC
CPC015_NPC_24H:BRD-A00100033-001-04-8:10	DB11820	Nifurtimox	0.20290032861046697	1.0753024552801582	0.24217621569571499	0.4717531799463666	NPC
LJP007_NPC.CAS9_24H:J22	DB03044	Doramapimod	-0.21873009150425116	-1.0869002534269496	0.2423110089106065	0.47181783462832566	NPC.CAS9
NMH002_NEU_24H:BRD-K17953061-001-12-7:10	DB02010	Staurosporine	-0.22458667972480031	-1.0958375349764504	0.2424294268605646	0.47181783462832566	NEU
CPC013_NPC_24H:BRD-K99616396-316-01-2:10	DB05575	Motesanib	0.2215005596883967	1.0888576510670178	0.24246311738293777	0.47181783462832566	NPC
LJP007_NPC.TAK_24H:K02	DB12064	BMS-777607	-0.22502276114016231	-1.0890400493523904	0.24277578569921957	0.4722615440780843	NPC.TAK
CPC006_THP1_6H:BRD-K63195589-001-01-4:10	DB04960	Tipifarnib	-0.23718840264344787	-1.1023236877554103	0.24305555555555555	0.47234986066587786	THP1
LJP009_NPC.TAK_24H:G13	DB01254	Dasatinib	-0.21498277882098	-1.080256539839298	0.24305835010060362	0.47234986066587786	NPC.TAK
LJP008_NEU_24H:F06	DB12376	Ricolinostat	0.22029298140316422	1.083274855822158	0.2430751837196156	0.47234986066587786	NEU
CPC006_THP1_6H:BRD-K19796430-001-01-5:10	DB09143	Sonidegib	-0.2130937036960485	-1.0829415814490735	0.24321880650994576	0.4723985838797561	THP1
LJP007_NEU_24H:C04	DB11800	Tivozanib	-0.2057682225573061	-1.0961340158630895	0.24326960593055014	0.4723985838797561	NEU
CPC006_PL21_6H:BRD-A91699651-316-06-7:10	DB00608	Chloroquine	-0.22096920742028928	-1.0888205806760392	0.2435012185215272	0.4726838198091859	PL21
NMH002_NPC_6H:BRD-K46018455-001-23-5:10	DB01393	Bezafibrate	-0.24083350637406098	-1.1082779048239924	0.24370860927152319	0.4729218543046358	NPC
LJP007_NEU_24H:K04	DB12064	BMS-777607	0.2288568865607999	1.0974003072720826	0.24392747177557303	0.47318197671624546	NEU
CPC006_SKM1_6H:BRD-K54256913-001-01-2:10	DB11740	MK-1775	-0.1889733406855012	-1.0697479642931125	0.2440318302387268	0.47321987518312714	SKM1
LJP007_JURKAT_24H:I05	DB01268	Sunitinib	-0.23033390714612267	-1.0946187589767595	0.2441341865425635	0.47325386612959064	JURKAT
NMH002_NPC_24H:BRD-A13084692-001-10-8:10	DB08607	(5R)-5-(4-{[(2R)-6-HYDROXY-2,5,7,8-TETRAMETHYL-3,4-DIHYDRO-2H-CHROMEN-2-YL]METHOXY}BENZYL)-1,3-THIAZOLIDINE-2,4-DIONE	-0.1979466149844028	-1.0761736110944446	0.24491094147582698	0.47451869196285623	NPC
CPC006_U937_6H:BRD-K63195589-001-01-4:10	DB04960	Tipifarnib	0.20207649485988793	1.0718614369524364	0.24495677233429394	0.47451869196285623	U937
LJP009_NEU_24H:F06	DB11962	GSK-1059615	-0.23238740499062938	-1.1012157793319	0.24562289562289563	0.47564392040268477	NEU
CPC016_NPC_24H:BRD-K31611373-001-02-7:10	DB11519	Fluprostenol	-0.22469840727251075	-1.0904390957359689	0.24594798341500188	0.47586039109727046	NPC
CPC016_NEU_24H:BRD-K31611373-001-02-7:10	DB11519	Fluprostenol	0.21818228534557793	1.0841430922720372	0.24598930481283424	0.47586039109727046	NEU
CPC016_NPC_24H:BRD-A20243730-001-01-4:10	DB01406	Danazol	0.22520802899864328	1.0853473814530765	0.24599056603773584	0.47586039109727046	NPC
LJP009_NPC_24H:I14	DB12146	Rigosertib	0.2088906670226532	1.0782629496405853	0.24616100511865985	0.47602504248076366	NPC
LJP007_JURKAT_24H:D06	DB12494	SGI-1776	-0.23620937636275152	-1.1025556414183069	0.2463521745289701	0.47622965408770757	JURKAT
NMH002_NPC_6H:BRD-K81839095-001-19-4:10	DB00655	Estrone	-0.18580085988830142	-1.0819436242454563	0.24647887323943662	0.4763095371675846	NPC
CPC006_SKM1_6H:BRD-A02006392-001-09-9:10	DB01054	Nitrendipine	-0.22301679486064624	-1.0893307825171863	0.24682863900236507	0.47682028289272665	SKM1
LJP009_NPC_24H:K11	DB11962	GSK-1059615	0.22765965048881556	1.0923719643672838	0.24696823869104909	0.47692481954218163	NPC
LJP007_NPC.TAK_24H:P05	DB09054	Idelalisib	0.2378102232253626	1.096138596209098	0.247170935080405	0.47705607202623407	NPC.TAK
LJP009_NPC.TAK_24H:E09	DB01782	Pyrazolanthrone	-0.24179276935324065	-1.1041282252657967	0.24736257634647418	0.47705607202623407	NPC.TAK
CPC016_NPC_24H:BRD-A29322418-237-03-2:10	DB09015	Canrenoic acid	0.22677417676960918	1.0926353848339705	0.24740124740124741	0.47705607202623407	NPC
CPC006_THP1_6H:BRD-K18849474-001-01-0:79.44	DB12181	Dalcetrapib	-0.24176806222218108	-1.1020168314634113	0.24750764322743588	0.47705607202623407	THP1
LJP007_NPC_24H:B08	DB07970	5-[(2-methyl-5-{[3-(trifluoromethyl)phenyl]carbamoyl}phenyl)amino]pyridine-3-carboxamide	0.20687813834266836	1.070704536860123	0.24755927475592748	0.47705607202623407	NPC
NMH002_NEU_24H:BRD-K67860401-001-04-9:10	DB01950	AR-AO-14418	0.21309721271770832	1.086033751937788	0.2476248850750843	0.47705607202623407	NEU
LJP007_NPC.CAS9_24H:D12	DB08875	Cabozantinib	-0.19400942144144975	-1.0585690959973693	0.24766355140186916	0.47705607202623407	NPC.CAS9
CPC016_NEU_24H:BRD-A51393488-003-01-9:10	DB06174	Noscapine	-0.2536988765155684	-1.1116237961821822	0.247757465652322	0.47705607202623407	NEU
NMH002_NEU_6H:BRD-K32107296-001-11-0:10	DB00853	Temozolomide	-0.21372573751822024	-1.0932143145418738	0.24780578898225958	0.47705607202623407	NEU
NMH002_NEU_6H:BRD-K52313696-001-09-9:10	DB12291	Tacedinaline	-0.21291285395006507	-1.0928689018631883	0.24790619765494137	0.4770847453318103	NEU
CPC016_NPC_24H:BRD-K33453211-003-03-2:10	DB01106	Levocabastine	-0.210785123156746	-1.0782033212561835	0.2481234361968307	0.47733815535935126	NPC
CPC006_THP1_6H:BRD-K32164935-001-17-5:10	DB00839	Tolazamide	-0.26687706036246606	-1.1152652893075286	0.24837714164094923	0.4776018782727568	THP1
LJP009_NPC.TAK_24H:E13	DB13113	JNJ-38877605	-0.22535380403620953	-1.0972153871197938	0.24849876368774285	0.4776018782727568	NPC.TAK
NMH002_NPC_24H:BRD-K41260949-236-10-1:10	DB00313	Valproic acid	-0.1890709926291771	-1.0662562175382286	0.24857142857142858	0.4776018782727568	NPC
LJP009_NPC.CAS9_24H:N07	DB08896	Regorafenib	0.24591443810804894	1.0975910261293906	0.24861215303825956	0.4776018782727568	NPC.CAS9
CPC015_NPC_24H:BRD-A09094913-001-03-1:10	DB15954	Strychnine	-0.2253692755156483	-1.0914443765661206	0.24868855644064503	0.4776018782727568	NPC
AML001_HL60_6H:BRD-A75409952:3.33333	DB08059	Wortmannin	0.2378403785519296	1.1003715665565508	0.24887196841511564	0.47772128995057417	HL60
DOSBIO001_NEU_24H:BRD-K81418486:1.11111	DB02546	Vorinostat	0.21207230152611048	1.0750683057377979	0.24892199137593102	0.47772128995057417	NEU
CPC018_NPC_24H:BRD-K06980535-003-15-0:10	DB00420	Promazine	-0.20374313425803395	-1.0793224299997186	0.24914792092706203	0.47790894962007113	NPC
CPC013_NEU_24H:BRD-K71512533-001-01-7:10	DB06134	SNS-314	-0.2251407116229452	-1.0906489448089198	0.24920331421287445	0.47790894962007113	NEU
LJP008_NPC.TAK_24H:B03	DB00877	Sirolimus	0.23683150666478642	1.0908954449308963	0.24927675988428158	0.47790894962007113	NPC.TAK
KMS002_NOMO1_24H:BRD-A75409952-001-02-4:10	DB08059	Wortmannin	0.20759428821010012	1.1058810536993249	0.24947996117043406	0.4781342162040026	NOMO1
LJP009_NPC.CAS9_24H:H16	DB07138	Neflamapimod	-0.22109990948507238	-1.0902623366169029	0.24969325153374233	0.47837865738555924	NPC.CAS9
CPC006_PL21_6H:BRD-A79768653-001-02-1:10	DB00877	Sirolimus	0.2526164454622786	1.1120262310927134	0.24983247710520437	0.47848108128044464	PL21
LJP007_NPC.TAK_24H:I22	DB13005	Rebastinib	0.2353262888151338	1.0956075381770962	0.2507598784194529	0.48009243709750443	NPC.TAK
NMH002_NEU_24H:BRD-A02006392-001-12-3:10	DB01054	Nitrendipine	-0.22969291449263415	-1.0932662356307452	0.2514165452485025	0.4811845303401014	NEU
CPC006_SKM1_6H:BRD-K19216856-001-02-7:88.8	DB12116	Epigallocatechin gallate	-0.2188659082805666	-1.0846045709337893	0.25170367113651354	0.481552566371105	SKM1
LJP007_NPC_24H:G12	DB11963	Dacomitinib	0.2242730354511874	1.0913071296593346	0.2517814726840855	0.481552566371105	NPC
AML001_U937_6H:BRD-K26684619:10	DB08784	2-(4-CHLORO-PHENYLAMINO)-NICOTINIC ACID	-0.23853937922319668	-1.1028450392451123	0.2519124241624901	0.4816379076088184	U937
CPC006_PL21_6H:BRD-A13084692-001-04-1:10	DB08607	(5R)-5-(4-{[(2R)-6-HYDROXY-2,5,7,8-TETRAMETHYL-3,4-DIHYDRO-2H-CHROMEN-2-YL]METHOXY}BENZYL)-1,3-THIAZOLIDINE-2,4-DIONE	-0.21112183195103737	-1.0777312412598508	0.25208863058481656	0.48180968483476927	PL21
LJP007_NPC_24H:F18	DB12247	AZD-4547	0.2550581724203467	1.1105385534700642	0.25248948882496125	0.48241056786111597	NPC
LJP007_NEU_24H:B07	DB07970	5-[(2-methyl-5-{[3-(trifluoromethyl)phenyl]carbamoyl}phenyl)amino]pyridine-3-carboxamide	0.2288336250756496	1.0900322213859925	0.25351844807911755	0.4842106887481673	NEU
LJP007_JURKAT_24H:K04	DB12064	BMS-777607	-0.21621557554799545	-1.0761092582675071	0.25400613706102965	0.48497612548373864	JURKAT
LJP008_NPC.TAK_24H:M15	DB01262	Decitabine	-0.2153958310890874	-1.0798491710228244	0.2540983606557377	0.4849862313028945	NPC.TAK
LJP007_NPC_24H:A18	DB12742	Amuvatinib	-0.2270919025863931	-1.0886616689967514	0.2542652724270776	0.48509056541748846	NPC
LJP007_JURKAT_24H:D19	DB06616	Bosutinib	-0.22633703535331873	-1.0823062562148609	0.25432692307692306	0.48509056541748846	JURKAT
CPC006_NOMO1_6H:BRD-A19037878:10	DB04297	Trichostatin A	-0.1938643089987909	-1.064078724218495	0.25458996328029376	0.4854263175463974	NOMO1
LJP007_NPC.CAS9_24H:G13	DB01254	Dasatinib	-0.2173907111092542	-1.0748145787265888	0.2547679021230658	0.48545351257198815	NPC.CAS9
CPC006_WSUDLCL2_6H:BRD-A13122391-001-01-9:0.08	DB12025	Triptolide	-0.2381480729366966	-1.0991737649874904	0.25477977623566067	0.48545351257198815	WSUDLCL2
CPC018_NPC_24H:BRD-K08806317-050-03-6:10	DB00373	Timolol	-0.20842502671820543	-1.0807642256676235	0.25486526946107785	0.48545351257198815	NPC
CPC016_NEU_24H:BRD-K33396764-001-02-0:10	DB00132	alpha-Linolenic acid	-0.20208156101761154	-1.0716019890273736	0.25527272727272726	0.48592907199389435	NEU
LJP009_NEU_24H:O22	DB07232	Veliparib	-0.19733302343068043	-1.0678558783465282	0.2552891396332863	0.48592907199389435	NEU
LJP007_NPC.TAK_24H:O06	DB07101	PD-0325901	0.1975214108166798	1.064927543101678	0.2554517133956386	0.48607268384524827	NPC.TAK
LPROT002_NPC.TAK_6H:O10	DB02546	Vorinostat	-0.2502832683333136	-1.0998910613730175	0.2557675520638484	0.4863435131743222	NPC.TAK
LJP009_NPC_24H:B08	DB12242	AZD-7762	0.22573269700990223	1.0846026359978804	0.25576839355681324	0.4863435131743222	NPC
LPROT003_NPC_6H:P17	DB12015	Alpelisib	0.25152282598596326	1.10510947786274	0.25665442863698945	0.4878620297668702	NPC
LJP007_NPC.TAK_24H:P23	DB11886	Infigratinib	0.20971752827786655	1.0710586908314683	0.2568639414276998	0.48805004129944585	NPC.TAK
CPC013_NPC_24H:BRD-K14791739-001-01-9:10	DB00588	Fluticasone propionate	-0.2573867876115603	-1.1083191330586293	0.25694678816514793	0.48805004129944585	NPC
CPC016_NPC_24H:BRD-K77771411-003-03-2:10	DB09242	Moxonidine	0.2261466145984375	1.0874775958969258	0.2570734247526471	0.48805004129944585	NPC
LPROT002_NPC.TAK_6H:C20	DB04462	Tetrabromo-2-Benzotriazole	0.2336756458289648	1.0888422026577396	0.2571032571032571	0.48805004129944585	NPC.TAK
NMH002_NEU_6H:BRD-K45528773-001-04-9:10	DB02565	4-(dimethylamino)-N-[7-(hydroxyamino)-7-oxoheptyl]benzamide	-0.22414190657333657	-1.0848592561302621	0.2571908853193874	0.4880503228560756	NEU
NMH001_NPC_6H:BRD-K81418486-001-28-5:10	DB02546	Vorinostat	0.22279313906851356	1.0791314480164358	0.25748502994011974	0.48844236043384154	NPC
LJP007_NPC_24H:H09	DB09053	Ibrutinib	-0.20358967006780673	-1.0602750424780005	0.25760135135135137	0.48849512513963605	NPC
LJP008_NPC.CAS9_24H:F02	DB12376	Ricolinostat	-0.2385879804733221	-1.09678438712106	0.2576895818568391	0.48849512513963605	NPC.CAS9
LJP008_NPC_24H:A12	DB07232	Veliparib	-0.22830011601093123	-1.087575430648654	0.25777552400270454	0.48849512513963605	NPC
DOSBIO002_NEU_24H:BRD-K27305650:1.11111	DB02656	LY-294002	-0.21501456671815156	-1.0881046213176389	0.2581849024597116	0.4891047778684995	NEU
PCLB001_JURKAT_24H:BRD-A58955223-001-02-0:0.63	DB12422	Sulforaphane	0.21631377483126124	1.0750378449332076	0.2585482903419316	0.48962692186613593	JURKAT
CPC016_NEU_24H:BRD-K73999723-001-02-2:10	DB00966	Telmisartan	-0.21327422619965336	-1.07355574505548	0.2586466165413534	0.4896469201507332	NEU
CPC016_NEU_24H:BRD-K79116891-003-03-7:10	DB00807	Proparacaine	-0.2230104658888413	-1.0819065964399468	0.2592027465191684	0.4903896864928216	NEU
NMH002_NEU_6H:BRD-K61250553-003-24-9:10	DB00836	Loperamide	-0.20853921173899215	-1.0701079940702665	0.25925925925925924	0.4903896864928216	NEU
NMH002_NPC_6H:BRD-K45528773-001-04-9:10	DB02565	4-(dimethylamino)-N-[7-(hydroxyamino)-7-oxoheptyl]benzamide	0.21684492709136502	1.0769395296726476	0.2593026662760035	0.4903896864928216	NPC
CPC006_PL21_6H:BRD-K69932463-001-03-1:10	DB12774	AZD-8055	0.24387468490238912	1.0993484737012946	0.2594279042615295	0.49046027715183776	PL21
NMH002_NPC_24H:BRD-K11528507-001-05-9:10	DB02424	Geldanamycin	0.23792932431441696	1.1079995299422272	0.26046095323338553	0.49218720033491253	NPC
CPC017_NPC_24H:BRD-A74269027-003-03-8:10	DB08941	Isoxsuprine	0.18513064006418198	1.059087472558628	0.2605177993527508	0.49218720033491253	NPC
LJP009_NPC_24H:E08	DB01782	Pyrazolanthrone	0.21721096618303198	1.075056489569712	0.26078088578088576	0.4925174548989714	NPC
LJP007_NPC.TAK_24H:A14	DB12742	Amuvatinib	0.21274347496529605	1.0730307228720894	0.26119126896041434	0.49309085811115577	NPC.TAK
NMH001_NEU_24H:BRD-A31159102-001-02-7:10	DB08544	(S)-Fluoxetine	0.21910996107421654	1.0727695282514564	0.26126126126126126	0.49309085811115577	NEU
CPC014_NPC_24H:BRD-K99964838-001-03-6:10	DB06616	Bosutinib	0.23394110259876233	1.0901007612553808	0.26144200626959246	0.4932651176794238	NPC
CPC016_NPC_24H:BRD-K18574842-323-03-3:10	DB00607	Nafcillin	-0.20393532896026448	-1.068811706995641	0.2616822429906542	0.49350425815987536	NPC
CPC016_NEU_24H:BRD-K94270326-004-01-0:10	DB12273	Ecopipam	0.21849975383523423	1.0788012993984453	0.2618147448015123	0.49350425815987536	NEU
LJP007_NPC.CAS9_24H:M21	DB12874	Quizartinib	-0.24304867968770677	-1.1003406034847496	0.2618341287243648	0.49350425815987536	NPC.CAS9
CPC015_NPC_24H:BRD-A80151636-066-03-0:10	DB01200	Bromocriptine	-0.23222666451922302	-1.0876223395274123	0.26237790501852476	0.4943621520088989	NPC
LJP007_NEU_24H:L12	DB11836	Sapanisertib	0.24887175348322363	1.0975765185406943	0.26253362680361947	0.494488556359687	NEU
LJP007_NEU_24H:J22	DB03044	Doramapimod	-0.24948332810587162	-1.1002888943692595	0.26273329319686933	0.49459806473160456	NEU
LPROT001_NPC.TAK_6H:E20	DB13978	Selisistat	-0.2420712225182752	-1.098464738565853	0.2627690740033117	0.49459806473160456	NPC.TAK
LJP008_NPC.TAK_24H:M01	DB02709	Resveratrol	-0.26968275190709234	-1.1049156013449475	0.26290491118077325	0.4946032827860046	NPC.TAK
LJP008_NPC.CAS9_24H:I02	DB16239	Molibresib	-0.23199855985594875	-1.0877198350401358	0.2629875660023846	0.4946032827860046	NPC.CAS9
LJP009_NEU_24H:H14	DB07138	Neflamapimod	0.21032337158444472	1.0721170138925984	0.2630378096479791	0.4946032827860046	NEU
NMH002_NEU_24H:BRD-K23984367-075-10-3:10	DB15414	CM-4307	0.2137197335681096	1.0802647069353453	0.2631732168850073	0.49469116475790287	NEU
AML001_HL60_6H:BRD-K93754473:13.4584	DB00675	Tamoxifen	0.22689686563604528	1.0825597624510854	0.26345454545454544	0.49505318595180503	HL60
LJP008_NEU_24H:G14	DB01254	Dasatinib	-0.22377250223450965	-1.0752568413892656	0.2636852394916911	0.49516523144965224	NEU
CPC017_NPC_24H:BRD-A09472452-015-11-9:10	DB01195	Flecainide	-0.22678746611256828	-1.0877008356184292	0.26369168356997974	0.49516523144965224	NPC
CPC014_NPC_24H:BRD-K01493881-001-19-5:10	DB07352	Apigenin	0.22884272593637692	1.086385403032277	0.26402805611222446	0.495608588071789	NPC
NMH002_NEU_6H:BRD-K81839095-001-19-4:10	DB00655	Estrone	-0.24133711751887985	-1.0931442606329234	0.2641244917986822	0.495608588071789	NEU
LJP007_NPC.TAK_24H:K11	DB11962	GSK-1059615	0.23058631030351037	1.0875686546181307	0.2641942894650476	0.495608588071789	NPC.TAK
CPC006_WSUDLCL2_6H:BRD-K26657438-001-01-2:10	DB00724	Imiquimod	0.2232778569542189	1.0833539894046824	0.2643190496393721	0.4956759589707754	WSUDLCL2
LJP009_NPC_24H:I22	DB11363	Alectinib	-0.21821968833971925	-1.0772775533884076	0.2645228215767635	0.49577182150591115	NPC
LJP009_NEU_24H:L11	DB05984	RAF-265	0.20615693370295615	1.0684455257359675	0.26454789615040286	0.49577182150591115	NEU
CPC006_U937_6H:BRD-K62965247-001-01-5:10	DB04960	Tipifarnib	0.20066724369220762	1.06593997077124	0.2650802434975097	0.49660264555829636	U937
CPC017_NPC_24H:BRD-A93424738-001-03-0:10	DB14649	Dexamethasone acetate	-0.2471901019788557	-1.102039056001379	0.2657565415244596	0.49770249921616655	NPC
LJP007_JURKAT_24H:M21	DB12874	Quizartinib	-0.21776904440206876	-1.0712278854775605	0.2663799645838604	0.4987026249709252	JURKAT
CPC016_NPC_24H:BRD-A00993607-003-15-4:10	DB00866	Alprenolol	0.19272067466145018	1.0606706186430013	0.26666666666666666	0.49902071901528505	NPC
CPC006_PL21_6H:BRD-K81651477-001-03-5:20	DB13063	Parthenolide	0.24016832000189814	1.102957850974029	0.26700738216922204	0.49902071901528505	PL21
CPC015_NPC_24H:BRD-K51350053-048-06-6:10	DB00539	Toremifene	-0.18355315394892813	-1.0639487160078949	0.26727509778357234	0.49902071901528505	NPC
CPC014_NPC_24H:BRD-A55756846-001-16-2:10	DB07996	5-(2-methylpiperazine-1-sulfonyl)isoquinoline	-0.2367643852301178	-1.0897306351772749	0.2672804727222757	0.49902071901528505	NPC
LJP007_JURKAT_24H:F17	DB12247	AZD-4547	-0.2291390641915689	-1.0784560951499467	0.26728280961182993	0.49902071901528505	JURKAT
CPC006_SKM1_6H:BRD-K14888893-001-05-6:10	DB00350	Minoxidil	-0.21033278906620387	-1.077189228352801	0.2673620642327752	0.49902071901528505	SKM1
LJP007_NEU_24H:D23	DB06616	Bosutinib	-0.2033402157502033	-1.0750171234032386	0.2674001435063382	0.49902071901528505	NEU
CPC017_NPC_24H:BRD-K67860401-001-01-5:10	DB01950	AR-AO-14418	0.21312514643557126	1.069528352974718	0.2674897119341564	0.49902071901528505	NPC
LJP009_NPC.CAS9_24H:G12	DB08521	4-[4-(4-Fluorophenyl)-2-[4-[(R)-methylsulfinyl]phenyl]-1H-imidazol-5-yl]pyridine	-0.22520492300904937	-1.0826161969135337	0.26752526899250084	0.49902071901528505	NPC.CAS9
CPC018_NPC_24H:BRD-K40530731-001-02-5:10	DB00572	Atropine	-0.20039138845777413	-1.0660294601381568	0.26757532281205165	0.49902071901528505	NPC
LJP007_NPC.CAS9_24H:M13	DB07460	2-({5-CHLORO-2-[(2-METHOXY-4-MORPHOLIN-4-YLPHENYL)AMINO]PYRIMIDIN-4-YL}AMINO)-N-METHYLBENZAMIDE	-0.20280611733442777	-1.0686642468921348	0.26758409785932724	0.49902071901528505	NPC.CAS9
CPC015_NPC_24H:BRD-K28183345-003-07-2:10	DB01131	Proguanil	0.21887106406372825	1.0793913837462978	0.26770987523789386	0.49902071901528505	NPC
CPC015_NPC_24H:BRD-K38305202-001-08-3:10	DB01184	Domperidone	-0.23393064749621933	-1.0933952289620632	0.26771267467516546	0.49902071901528505	NPC
CPC006_U937_6H:BRD-A70449690-001-01-4:10	DB02587	Colforsin	-0.22165050079493534	-1.0735730032041875	0.26790993859449624	0.49922162572434686	U937
CPC006_WSUDLCL2_6H:BRD-A34817987-001-11-8:10	DB01167	Itraconazole	0.2100505089936699	1.0683070565462818	0.2680635838150289	0.49926780455262865	WSUDLCL2
CPC014_NPC_24H:BRD-K94294671-003-01-3:10	DB12387	OSI-027	0.22769020167219758	1.0871064207945358	0.26826467633127604	0.49926780455262865	NPC
NMH001_NPC_24H:BRD-K25210139-001-01-3:10	DB13575	Bietaserpine	0.2269598094803462	1.078249071480074	0.26827458256029685	0.49926780455262865	NPC
CPC006_PL21_6H:BRD-K81418486:10	DB02546	Vorinostat	-0.22102944118404533	-1.0730185062658435	0.2682926829268293	0.49926780455262865	PL21
CPC016_NEU_24H:BRD-K91699951-001-03-7:10	DB00868	Benzonatate	-0.22558553227086636	-1.0831280816038995	0.2683974932855864	0.4992963037813559	NEU
AML001_HL60_24H:BRD-A19037878:0.37037	DB04297	Trichostatin A	-0.20098192844093946	-1.072064661593666	0.26867422761048104	0.4996445052796246	HL60
LJP009_NEU_24H:D22	DB13061	MLN8054	-0.22782769263278518	-1.0838073525837317	0.2690620782726046	0.5001990452125495	NEU
LJP007_JURKAT_24H:I08	DB06589	Pazopanib	-0.21300857366462528	-1.066389705582789	0.2695887120984689	0.5010111341763351	JURKAT
CPC016_NEU_24H:BRD-K89923877-003-02-4:10	DB00747	Scopolamine	-0.23966328852667154	-1.09533823711731	0.26983930778739185	0.5011696237641343	NEU
CPC015_NPC_24H:BRD-K82941592-238-02-9:10	DB01098	Rosuvastatin	0.22264252314356986	1.0728725530324132	0.26985854189336234	0.5011696237641343	NPC
CPC015_NPC_24H:BRD-K39120595-304-03-9:10	DB04813	Bithionol	0.2256286139722432	1.0912057358284029	0.26994348797476675	0.5011696237641343	NPC
CPC016_NEU_24H:BRD-K18742343-001-03-2:10	DB07997	N-[2-(METHYLAMINO)ETHYL]-5-ISOQUINOLINESULFONAMIDE	-0.2260612166236245	-1.0872661507941173	0.2700880572372042	0.5012712146794285	NEU
CPC014_NEU_24H:BRD-K13514097-001-01-2:10	DB01590	Everolimus	-0.23972113314907303	-1.0875993540205438	0.2703925482368596	0.5016694468285466	NEU
CPC012_NEU_24H:BRD-A75409952:10	DB08059	Wortmannin	-0.21239396817144982	-1.075384792015919	0.2705824526910789	0.501854888152769	NEU
LJP007_NEU_24H:K03	DB12064	BMS-777607	0.2159125706297856	1.0707300525683225	0.27075158466646543	0.5020016918757761	NEU
LJP009_NPC.TAK_24H:P24	DB09074	Olaparib	-0.20249821322766007	-1.0680512727806697	0.2709677419354839	0.5022355588897225	NPC.TAK
CPC014_NPC_24H:BRD-K23192422-001-01-1:10	DB06469	Lestaurtinib	-0.19857757165778198	-1.0694811769283417	0.27120067170445006	0.5025003478708492	NPC
NMH002_NPC_6H:BRD-K35483542-001-05-6:10	DB00982	Isotretinoin	0.1976168586224428	1.0623671752401826	0.2716417910447761	0.5031505817525915	NPC
LPROT001_NPC.TAK_6H:G18	DB05015	Belinostat	0.2245321956790277	1.0764291782046058	0.2717858538491598	0.5032378041748357	NPC.TAK
LJP007_JURKAT_24H:A17	DB12742	Amuvatinib	-0.23487701590202292	-1.086277888817706	0.2719550820616182	0.5032378041748357	JURKAT
CPC006_PL21_6H:BRD-K14888893-001-05-6:10	DB00350	Minoxidil	0.2252203825315691	1.084490249272093	0.27200935946183097	0.5032378041748357	PL21
CPC017_NPC_24H:BRD-K99107520-001-09-2:10	DB00949	Felbamate	-0.18923822097448015	-1.0593400806230464	0.2720496894409938	0.5032378041748357	NPC
LJP008_NEU_24H:A19	DB11740	MK-1775	-0.20108093634505694	-1.0629002302672788	0.27231329690346084	0.5035584631834299	NEU
LJP007_NPC.CAS9_24H:M09	DB05575	Motesanib	0.23679815422543724	1.092515762082638	0.2727272727272727	0.5041568769202964	NPC.CAS9
LJP007_JURKAT_24H:I21	DB13005	Rebastinib	-0.21648674621878877	-1.0704075630500662	0.27349987123358227	0.5054176156383424	JURKAT
CPC006_PL21_6H:BRD-A26711594-003-06-4:10	DB00622	Nicardipine	-0.22547047622684926	-1.080148613995469	0.27373364642737336	0.505682123648449	PL21
NMH002_NEU_6H:BRD-K99792991-001-29-9:10	DB00756	Hexachlorophene	0.22459101501806827	1.0743647937700784	0.27398357700781095	0.5059757855761984	NEU
AML001_U937_6H:BRD-K27316855:3.33333	DB00136	Calcitriol	0.21960352332164243	1.0727934011077405	0.27407576449109994	0.5059757855761984	U937
LJP007_NPC.CAS9_24H:P02	DB09054	Idelalisib	0.2185415313562519	1.0691524474590004	0.27422402159244263	0.5059757855761984	NPC.CAS9
LJP009_NPC.CAS9_24H:O02	DB07101	PD-0325901	0.21822418157458906	1.0703767919974179	0.27425538189324683	0.5059757855761984	NPC.CAS9
CPC013_NPC_24H:BRD-K05658747-237-01-1:10	DB06817	Raltegravir	0.20949384078865094	1.0683370082662194	0.2744258466329311	0.5061229085504537	NPC
CPC012_NEU_24H:BRD-K13810148-001-02-1:10	DB12645	Givinostat	-0.22896436826011768	-1.0840391394744542	0.2750085940185631	0.5070300548676681	NEU
LJP007_NPC.CAS9_24H:I22	DB13005	Rebastinib	-0.2309376376959337	-1.0801956420404317	0.27512653651482283	0.507079929704723	NPC.CAS9
LJP007_NPC_24H:G16	DB01254	Dasatinib	0.23493194505504292	1.0835299951326396	0.27522149185481565	0.5070874184471653	NPC
CPC006_U937_6H:BRD-A23770159-001-02-3:11.1	DB00877	Sirolimus	-0.20581538042540135	-1.0630683583592189	0.27541142303969024	0.5072698346445796	U937
CPC015_NPC_24H:BRD-K89055274-048-14-4:10	DB01616	Alverine	-0.236575586977287	-1.0871706000999344	0.275663837941418	0.5074253082157656	NPC
CPC017_NPC_24H:BRD-K07691486-001-04-9:10	DB06195	Seliciclib	0.2223384323906356	1.0751842855130518	0.27567773959526537	0.5074253082157656	NPC
LJP007_NEU_24H:M15	DB07460	2-({5-CHLORO-2-[(2-METHOXY-4-MORPHOLIN-4-YLPHENYL)AMINO]PYRIMIDIN-4-YL}AMINO)-N-METHYLBENZAMIDE	0.23750911073330502	1.0858454010251957	0.27594236646776305	0.5075715513648449	NEU
NMH002_NEU_6H:BRD-K92723993-066-14-4:10	DB00619	Imatinib	-0.21784078191329528	-1.069650253429751	0.27596507352941174	0.5075715513648449	NEU
NMH001_NPC_24H:BRD-K32814891-001-01-1:10	DB12395	Esreboxetine	0.22306846970064292	1.0740438594260684	0.2760301284891449	0.5075715513648449	NPC
CPC006_NOMO1_6H:BRD-K19295594-001-08-5:11.1	DB13044	Gossypol	0.19319722740924034	1.0588295838518043	0.2765957446808511	0.5084440393985068	NOMO1
LJP007_NPC_24H:L08	DB11836	Sapanisertib	0.25293193521178037	1.0947404906904503	0.2768928901200369	0.5088226067126767	NPC
LJP009_NEU_24H:D18	DB16108	TAK-715	0.2279167526996523	1.077252434460717	0.27704091163833366	0.5089269825585326	NEU
LPROT003_NPC_6H:D23	DB04868	Nilotinib	0.23323408050358171	1.0846204463692228	0.27730624739112286	0.5092467261998269	NPC
CPC006_PL21_6H:BRD-K12184916-001-03-0:0.63	DB11651	Dactolisib	0.23432360222079102	1.082556898842949	0.2774834437086093	0.5094044529287038	PL21
CPC006_WSUDLCL2_6H:BRD-A02006392-001-09-9:10	DB01054	Nitrendipine	0.2092067632024383	1.0635062909805344	0.2775842044134727	0.5094218014548566	WSUDLCL2
LJP007_NEU_24H:M20	DB12874	Quizartinib	-0.2334498156251841	-1.089293600436553	0.2779274079774272	0.5098839227576674	NEU
LPROT003_NPC_6H:B15	DB12432	CC-401	-0.25275144909566427	-1.0927636568086219	0.2781456953642384	0.5101166451140979	NPC
LJP009_NEU_24H:O02	DB07101	PD-0325901	0.21830467821217175	1.0670908804395574	0.2784188558801866	0.510230265616687	NEU
NMH001_NEU_6H:BRD-A57226833-001-01-1:10	DB07780	Farnesyl diphosphate	-0.22717936017003645	-1.0774829703079305	0.2784274193548387	0.510230265616687	NEU
DOSBIO001_NPC_24H:BRD-A19500257:0.37037	DB02424	Geldanamycin	0.2321951435299425	1.0838917653097515	0.2785122766235653	0.510230265616687	NPC
LJP007_NPC.CAS9_24H:J20	DB03044	Doramapimod	-0.23599980744592045	-1.0916923272939936	0.27864850976361766	0.510230265616687	NPC.CAS9
LJP007_NEU_24H:P19	DB11886	Infigratinib	-0.2533499029507952	-1.0936675040827197	0.27866524671636494	0.510230265616687	NEU
CPC013_NEU_24H:BRD-K47832606-001-13-7:10	DB00322	Floxuridine	-0.21989728614424572	-1.0715648279257404	0.27880808501771204	0.510230265616687	NEU
LJP007_NPC_24H:L11	DB11836	Sapanisertib	0.25164753828637076	1.0914494119668747	0.27887356059742335	0.510230265616687	NPC
DOSBIO002_NPC_24H:BRD-K27305650:1.11111	DB02656	LY-294002	0.2252215969533109	1.0857759906628064	0.27909904868494684	0.510230265616687	NPC
CPC006_NOMO1_6H:BRD-K59597909-001-10-1:10	DB11447	Phenothiazine	0.2508920675509174	1.0941511445930197	0.2791488428211034	0.510230265616687	NOMO1
CPC018_NPC_24H:BRD-K74913225-001-03-3:10	DB01194	Brinzolamide	-0.22287073471804797	-1.0746948877736044	0.2791856183669049	0.510230265616687	NPC
LPROT002_NPC.TAK_6H:I06	DB08877	Ruxolitinib	0.20545340870177128	1.06402770562424	0.27931488801054016	0.510230265616687	NPC.TAK
LJP007_NPC.CAS9_24H:I10	DB06589	Pazopanib	-0.20738732332427268	-1.0659769440202564	0.2793904208998549	0.510230265616687	NPC.CAS9
LJP008_NPC.TAK_24H:K08	DB11962	GSK-1059615	0.2655108568518202	1.0942695735059011	0.279396569539161	0.510230265616687	NPC.TAK
CPC006_NOMO1_6H:BRD-A58280226-001-01-2:4	DB08756	Y-27632	-0.26678771138061763	-1.0960104010641245	0.2796481649984835	0.510522615355543	NOMO1
CPC015_NPC_24H:BRD-A89175223-051-05-6:10	DB00612	Bisoprolol	-0.19155514067537305	-1.0646533075229492	0.2799079754601227	0.510594241343067	NPC
NMH001_NPC_6H:BRD-K70327167-348-11-8:10	DB04786	Suramin	-0.21200714958635425	-1.0675299714408562	0.27992547741034	0.510594241343067	NPC
CPC014_NPC_24H:BRD-K14880289-001-01-4:10	DB05416	Cardarine	0.21526031769002402	1.0697938968874965	0.28002083876009376	0.510594241343067	NPC
AML001_U937_24H:BRD-A45664787:0.37037	DB01088	Iloprost	0.2421606017405011	1.088703179624258	0.28005348243588185	0.510594241343067	U937
LPROT003_NPC_6H:P01	DB00175	Pravastatin	-0.21556977795680612	-1.0683798501926403	0.280490738513351	0.5110809199018146	NPC
LJP008_NPC_24H:O03	DB07101	PD-0325901	-0.24311939648102324	-1.088943738031229	0.2805036344755971	0.5110809199018146	NPC
NMH001_NEU_24H:BRD-K13296708-001-01-7:10	DB06155	Rimonabant	-0.21185012938101194	-1.0731406351546289	0.2807590287696389	0.5113792430642558	NEU
CPC006_NOMO1_6H:BRD-A93255169-001-13-5:10	DB01041	Thalidomide	-0.22524127027444002	-1.0804401965335764	0.28118209474141675	0.5119826718545575	NOMO1
CPC006_WSUDLCL2_6H:BRD-K32107296-001-03-7:10	DB00853	Temozolomide	-0.22089328266402974	-1.0744610027213468	0.28136345300524407	0.5121457436594639	WSUDLCL2
LJP009_NPC_24H:O03	DB07101	PD-0325901	-0.22401389715831715	-1.0793168278814438	0.2819611780455154	0.5130663445257438	NPC
CPC006_U937_6H:BRD-K41260949-236-02-8:10	DB00313	Valproic acid	0.21527511597203342	1.0679359294170891	0.28209909429941393	0.5131499338429835	U937
CPC006_WSUDLCL2_6H:BRD-A19633847-050-20-6:10	DB01074	Perhexiline	0.21522405390036017	1.0684842920697144	0.2825268817204301	0.5137605844583701	WSUDLCL2
CPC017_NPC_24H:BRD-M45964048-001-02-7:10	DB00460	Verteporfin	0.20432861072170982	1.0633351336621324	0.2827245053272451	0.513952432460313	NPC
CPC013_NPC_24H:BRD-K05926469-001-01-8:10	DB00480	Lenalidomide	0.24101768423914363	1.0873615655988853	0.2829968944099379	0.5142645438497957	NPC
LJP009_NEU_24H:H16	DB07138	Neflamapimod	-0.22521044075251906	-1.0791998053786396	0.2831442463533225	0.5142645438497957	NEU
CPC012_NEU_24H:BRD-M07438658-001-01-1:10	DB01259	Lapatinib	-0.22269845311212466	-1.0687067631668896	0.2831916285153695	0.5142645438497957	NEU
LPROT003_NPC_6H:B13	DB12432	CC-401	-0.24912760645648366	-1.0895271867598018	0.28326491185703934	0.5142645438497957	NPC
LPROT001_NPC.TAK_6H:A14	DB11841	Entinostat	-0.2196467483751971	-1.070694205985975	0.2834733893557423	0.514475614578948	NPC.TAK
NMH001_NPC_24H:BRD-K75527158-001-01-5:10	DB00630	Alendronic acid	-0.23662537413173873	-1.0859849286757992	0.2836897066136251	0.5147007717715169	NPC
NMH002_NPC_6H:BRD-A70814879-003-01-8:10	DB12764	Opaganib	-0.2277703287692698	-1.0742039559982854	0.28387217342552795	0.5148643873670418	NPC
NMH002_NPC_24H:BRD-A95074085-236-01-6:10	DB13242	Bucladesine	0.22464685568526988	1.0726635198724297	0.28408135821146413	0.5150454739595035	NPC
LJP008_NPC.CAS9_24H:I05	DB16239	Molibresib	-0.21683900220412466	-1.0641792552888552	0.2841566533155318	0.5150454739595035	NPC.CAS9
CPC017_NPC_24H:BRD-K89997465-001-05-3:10	DB00477	Chlorpromazine	0.22514268922826924	1.087733077784937	0.2845927379784102	0.5156683615399644	NPC
NMH002_NEU_24H:BRD-A93000692-001-06-5:10	DB09201	Ciglitazone	0.23245894550537588	1.0802610138512574	0.28583150984682715	0.5177448030634574	NEU
CPC016_NPC_24H:BRD-A06352508-001-02-9:10	DB08683	REL-(9R,12S)-9,10,11,12-TETRAHYDRO-9,12-EPOXY-1H-DIINDOLO[1,2,3-FG:3',2',1'-KL]PYRROLO[3,4-I][1,6]BENZODIAZOCINE-1,3(2H)-DIONE	-0.19296768112969997	-1.054989512201378	0.2859304084720121	0.5177558418907353	NPC
LJP007_NPC.CAS9_24H:M17	DB07460	2-({5-CHLORO-2-[(2-METHOXY-4-MORPHOLIN-4-YLPHENYL)AMINO]PYRIMIDIN-4-YL}AMINO)-N-METHYLBENZAMIDE	0.2392162085652811	1.0829461188403593	0.2864961006977699	0.5186118578172804	NPC.CAS9
NMH001_NPC_24H:BRD-K53857191-001-17-7:10	DB00734	Risperidone	0.21500302828627033	1.066381898999603	0.28675513921415563	0.5189123975594467	NPC
CPC014_NPC_24H:BRD-K38775274-001-13-0:10	DB01234	Dexamethasone	0.2053349736254514	1.065324366980626	0.28705501618122975	0.5192866197390016	NPC
NMH002_NEU_6H:BRD-K27450477-003-06-8:10	DB07711	(2S,3R)-3-(6-amino-9H-purin-9-yl)nonan-2-ol	-0.22224117724747086	-1.0775511366452457	0.2871616512929079	0.5193111353527174	NEU
LJP007_NPC.CAS9_24H:J24	DB03044	Doramapimod	0.20190724699295468	1.0568348334971716	0.28791565287915655	0.5205059712938479	NPC.CAS9
CPC006_NOMO1_6H:BRD-K19796430-001-01-5:10	DB09143	Sonidegib	-0.22602256421309716	-1.0734982644685978	0.2884079357271684	0.5212270403051094	NOMO1
CPC016_NPC_24H:BRD-A60571864-001-03-3:10	DB01222	Budesonide	-0.23473958391371086	-1.0830940298950809	0.288551724137931	0.5212642092380353	NPC
CPC018_NPC_24H:BRD-K59037100-001-09-7:10	DB01428	Oxybenzone	-0.22004805570937228	-1.0734267300563554	0.2887982321944586	0.5212642092380353	NPC
LJP008_NPC.TAK_24H:K20	DB12332	Rucaparib	0.23176771371695928	1.0757413815943835	0.28884826325411334	0.5212642092380353	NPC.TAK
CPC017_NPC_24H:BRD-K49890030-236-01-6:10	DB06741	Gavestinel	0.22087603738851877	1.0696504263783577	0.288927671126624	0.5212642092380353	NPC
LPROT002_NPC.TAK_6H:G20	DB04149	(R)-Rolipram	-0.2235647857181187	-1.070534070167295	0.2889753128170443	0.5212642092380353	NPC.TAK
LJP007_NPC.TAK_24H:K24	DB01590	Everolimus	-0.216124538547697	-1.0684768327974972	0.288989101841413	0.5212642092380353	NPC.TAK
CPC006_PL21_6H:BRD-K08316444-001-04-3:0.63	DB11457	Rotenone	-0.22721054653067488	-1.0738023776473327	0.2891262423972704	0.5213430207932681	PL21
CPC016_NEU_24H:BRD-K12513978-001-16-7:10	DB08981	Fenbufen	-0.23086974253086193	-1.0835592898268944	0.28926038500506585	0.521356087403728	NEU
LJP007_JURKAT_24H:K19	DB01590	Everolimus	0.23282317347880677	1.0701838171236766	0.28932038834951457	0.521356087403728	JURKAT
LJP009_NEU_24H:I22	DB11363	Alectinib	-0.22705604668108267	-1.0753813450551326	0.2899073928739601	0.5220397248849501	NEU
NMH002_NPC_24H:BRD-A08027849-236-01-7:10	DB03619	Deoxycholic acid	-0.1985638929929425	-1.0568884869022532	0.29016890428757036	0.5220397248849501	NPC
CPC017_NPC_24H:BRD-K09638361-001-01-4:10	DB03083	IC261	0.2155957543975834	1.0563397832431285	0.2902408111533587	0.5220397248849501	NPC
LJP007_NPC.TAK_24H:J19	DB03044	Doramapimod	0.20172099388310913	1.0605354388978188	0.2902746844840386	0.5220397248849501	NPC.TAK
NMH002_NPC_24H:BRD-K77175907-001-04-9:10	DB00146	Calcifediol	-0.2026564492010512	-1.0657748707006969	0.2902975420439845	0.5220397248849501	NPC
CPC017_NPC_24H:BRD-A14566392-004-03-5:10	DB00747	Scopolamine	-0.20955184131298804	-1.0574956073169355	0.29030927835051545	0.5220397248849501	NPC
DOSBIO001_NPC_24H:BRD-K27305650:1.11111	DB02656	LY-294002	0.22040659740827057	1.0668515184601775	0.29037207518220176	0.5220397248849501	NPC
LJP009_NPC_24H:K23	DB12432	CC-401	-0.19602667789959877	-1.0654191250407905	0.290448343079922	0.5220397248849501	NPC
CPC017_NPC_24H:BRD-K86882815-001-01-6:10	DB00248	Cabergoline	0.2137149162187608	1.0612409625124104	0.29081632653061223	0.5224173279693919	NPC
NMH001_NEU_6H:BRD-K37289225-001-30-7:10	DB00363	Clozapine	-0.23817162887296664	-1.0748770794807443	0.29084571082146105	0.5224173279693919	NEU
NMH001_NPC_24H:BRD-K22134346-001-18-1:10	DB00641	Simvastatin	-0.2227903385386072	-1.0721241738021106	0.2911490683229814	0.5227939015686878	NPC
AML001_U937_24H:BRD-K26684619:3.33333	DB08784	2-(4-CHLORO-PHENYLAMINO)-NICOTINIC ACID	-0.2463113210828713	-1.0843517730063972	0.2913946587537092	0.5230665383484374	U937
CPC006_U937_6H:BRD-A34817987-001-11-8:10	DB01167	Itraconazole	0.22487017057157646	1.0677641727957836	0.2916	0.5231045926500576	U937
LJP007_NEU_24H:L10	DB11836	Sapanisertib	0.25775686950237486	1.088842518877062	0.29160338468214364	0.5231045926500576	NEU
LPROT001_NPC.TAK_6H:G16	DB05015	Belinostat	-0.23771142247802815	-1.0785018822782928	0.2917283120376597	0.5231604798643855	NPC.TAK
CPC013_NPC_24H:BRD-K07881437-001-01-2:10	DB11778	Danusertib	0.25060953618953125	1.0880792080422694	0.29222209342761096	0.5238775897277126	NPC
CPC006_U937_6H:BRD-A34255068-001-16-2:10	DB04149	(R)-Rolipram	0.21944532945268208	1.0656113103671196	0.2923402617397998	0.5239210794238173	U937
LJP008_NPC.TAK_24H:D04	DB09074	Olaparib	0.2353452560866085	1.0796102721837026	0.29327731092436976	0.5254316370093317	NPC.TAK
NMH001_NPC_24H:BRD-K12539581-001-18-7:10	DB08313	Nocodazole	0.2220655632898935	1.065484193206814	0.2937116564417178	0.5259558927268199	NPC
CPC006_WSUDLCL2_6H:BRD-K54256913-001-01-2:10	DB11740	MK-1775	-0.22016797660510695	-1.064406215097615	0.2937584803256445	0.5259558927268199	WSUDLCL2
CPC016_NEU_24H:BRD-A90311807-236-01-4:10	DB01597	Cilastatin	-0.21626555764990196	-1.06761282670653	0.2942708333333333	0.5265643529263592	NEU
CPC015_NPC_24H:BRD-A34751532-001-04-4:10	DB11064	Homosalate	-0.20009545140270074	-1.062620612380638	0.2942870859337494	0.5265643529263592	NPC
DOSBIO002_NEU_24H:BRD-K27305650:0.37037	DB02656	LY-294002	-0.22465723205951663	-1.0735804447643484	0.2945714285714286	0.5269041359410068	NEU
AML001_HL60_6H:BRD-K19706299:1.11111	DB00374	Treprostinil	0.22203293728766696	1.057457335704696	0.294981979484336	0.5274693793407407	HL60
LPROT003_NPC_6H:N09	DB01782	Pyrazolanthrone	-0.23021093564132555	-1.066424367740773	0.2952627045650301	0.5275772940151982	NPC
CPC006_U937_6H:BRD-A12409803-001-01-3:40	DB12066	Orteronel	0.21282865633564926	1.0633854498907434	0.2953245216018939	0.5275772940151982	U937
LJP008_NPC.TAK_24H:L15	DB08756	Y-27632	0.2495700758684141	1.0825374753586434	0.2953260242354299	0.5275772940151982	NPC.TAK
LJP009_NPC_24H:B14	DB11805	Saracatinib	0.24261238605808721	1.0846870517682126	0.2954780807732137	0.5276726421404682	NPC
LPROT003_NPC_6H:F09	DB12021	Dinaciclib	0.22919525515756692	1.0730818198630352	0.2955685618729097	0.5276726421404682	NPC
LJP007_NPC.TAK_24H:I15	DB11526	Masitinib	0.23844442943288593	1.0775213561136239	0.2957203444287367	0.5277747285885867	NPC.TAK
CPC016_NEU_24H:BRD-K96862998-001-03-1:10	DB04951	Pirfenidone	-0.22725580476279283	-1.0797738389177496	0.2962115433511315	0.5284823154320315	NEU
LJP008_NPC.TAK_24H:M17	DB01262	Decitabine	-0.22912894277471207	-1.0766573228744696	0.2963225898054806	0.5285114221626522	NPC.TAK
CPC016_NPC_24H:BRD-A18579359-001-02-3:10	DB01731	(S)-wiskostatin	-0.21349086075615825	-1.0643572425226686	0.296545328077904	0.5285962276870768	NPC
LJP008_NEU_24H:P18	DB11662	Rabusertib	0.20735944294614794	1.0642370616570644	0.2965596330275229	0.5285962276870768	NEU
LJP007_NEU_24H:M10	DB05575	Motesanib	0.17271170880681222	1.0508693198323877	0.29689174705251875	0.5290191813497291	NEU
CPC016_NPC_24H:BRD-K91699951-001-03-7:10	DB00868	Benzonatate	0.1865554894933827	1.0536975849137735	0.2972292191435768	0.5294514091960456	NPC
LJP007_JURKAT_24H:P12	DB07859	4-(4-CHLOROPHENYL)-4-[4-(1H-PYRAZOL-4-YL)PHENYL]PIPERIDINE	0.20790181000499716	1.0596808921612049	0.2976115650534255	0.5298295296815755	JURKAT
CPC015_NPC_24H:BRD-A53131506-001-01-3:10	DB14093	(1,2,6,7-3H)Testosterone	0.21143349728266922	1.0593913795964303	0.2977278051065823	0.5298295296815755	NPC
LJP007_NPC.CAS9_24H:K22	DB01590	Everolimus	-0.22610008596725198	-1.0686999679593958	0.2978369384359401	0.5298295296815755	NPC.CAS9
DOSBIO001_NPC_24H:BRD-A13084692:10	DB08607	(5R)-5-(4-{[(2R)-6-HYDROXY-2,5,7,8-TETRAMETHYL-3,4-DIHYDRO-2H-CHROMEN-2-YL]METHOXY}BENZYL)-1,3-THIAZOLIDINE-2,4-DIONE	0.21297492398210519	1.0608651004222887	0.29790903211899117	0.5298295296815755	NPC
CPC013_NEU_24H:BRD-K22096725-001-01-9:10	DB07970	5-[(2-methyl-5-{[3-(trifluoromethyl)phenyl]carbamoyl}phenyl)amino]pyridine-3-carboxamide	0.2282481942602181	1.0729976875233573	0.2979163352950533	0.5298295296815755	NEU
LJP009_NPC.TAK_24H:E22	DB08901	Ponatinib	-0.21052944652547428	-1.0537292479021911	0.2982905982905983	0.5303260828117425	NPC.TAK
LJP008_NPC.CAS9_24H:D03	DB09074	Olaparib	0.22849456559697168	1.068632514282088	0.29842767295597483	0.5304007605675004	NPC.CAS9
NMH002_NEU_24H:BRD-K43880410-001-09-4:10	DB02789	Pregnenolone	-0.2078824912055289	-1.066069246652334	0.2986813186813187	0.5306825085742284	NEU
CPC006_NOMO1_6H:BRD-K08316444-001-04-3:0.63	DB11457	Rotenone	-0.23945414999177328	-1.0810513358568103	0.29903048709262936	0.5311337432313846	NOMO1
LJP009_NEU_24H:D05	DB11775	PF-03758309	0.20703671354573078	1.0574641806317375	0.29936939926983075	0.5315664794800719	NEU
CPC014_NEU_24H:BRD-K98372770-001-04-1:10	DB08078	{4-[3-(4-acetyl-3-hydroxy-2-propylphenoxy)propoxy]phenoxy}acetic acid	0.20001487248224437	1.0550406426903984	0.3004498714652956	0.5333152506856138	NEU
CPC015_NPC_24H:BRD-A22143024-231-02-0:10	DB04574	Estrone sulfate	-0.1988704244504724	-1.0515888346036402	0.3006666666666667	0.5335303223070399	NPC
CPC014_NPC_24H:BRD-K58772419-001-01-3:10	DB14980	AZD-6482	0.23279104111059626	1.072907792734287	0.30100681077879776	0.5339640691049007	NPC
CPC006_SKM1_6H:BRD-A34255068-001-16-2:10	DB04149	(R)-Rolipram	-0.26197331036891264	-1.0891039268973826	0.3013884539095939	0.5344711329820802	SKM1
LJP009_NEU_24H:G15	DB01254	Dasatinib	-0.19079303382886534	-1.0528078789029234	0.3015970515970516	0.5346710997330635	NEU
NMH002_NEU_6H:BRD-A56798952-001-01-5:1	DB06733	Bafilomycin A1	-0.22993913709749006	-1.0680514758314263	0.3017279574656624	0.534733251175645	NEU
CPC006_PL21_6H:BRD-K28307902-001-10-0:28.96	DB00499	Flutamide	0.22704585976466807	1.067084173438437	0.3019072724453404	0.5348811282859809	PL21
LJP008_NPC.CAS9_24H:H14	DB11841	Entinostat	-0.23396550199396357	-1.0720537423376544	0.3027952583052832	0.536284046376246	NPC.CAS9
DOSBIO001_NEU_24H:BRD-A13084692:1.11111	DB08607	(5R)-5-(4-{[(2R)-6-HYDROXY-2,5,7,8-TETRAMETHYL-3,4-DIHYDRO-2H-CHROMEN-2-YL]METHOXY}BENZYL)-1,3-THIAZOLIDINE-2,4-DIONE	0.19730323856411772	1.0437843006357233	0.30289330922242313	0.5362874554591871	NEU
CPC006_THP1_6H:BRD-K93754473-001-06-0:28.39	DB00675	Tamoxifen	0.22926223851841482	1.0692413363908246	0.3031466981828926	0.5365023269060242	THP1
NMH002_NEU_24H:BRD-K27316855-001-10-9:10	DB00136	Calcitriol	0.19997209800430954	1.0507545674688934	0.3032069970845481	0.5365023269060242	NEU
LJP008_NPC.CAS9_24H:M14	DB01262	Decitabine	-0.24324679933936616	-1.0766859341558774	0.30376344086021506	0.5370610112854393	NPC.CAS9
LJP007_NPC.TAK_24H:C06	DB11800	Tivozanib	0.23630249684766938	1.0750162698261647	0.30377622377622376	0.5370610112854393	NPC.TAK
LJP009_NPC_24H:O01	DB07101	PD-0325901	-0.2524420526117506	-1.0833011388604568	0.3038115346149572	0.5370610112854393	NPC
CPC006_THP1_6H:BRD-K56343971-001-02-3:10	DB08881	Vemurafenib	0.2158823483269146	1.0581250191950844	0.3040349524543819	0.5372857142043068	THP1
LPROT003_NPC_6H:D17	DB11899	MK-8776	0.20646539494346003	1.0519314759700122	0.304287045666356	0.5374177255536965	NPC
AML001_HL60_24H:BRD-K43389675:10	DB00694	Daunorubicin	-0.1859030292087721	-1.0443770331282036	0.30430430430430433	0.5374177255536965	HL60
LJP007_NPC_24H:L12	DB11836	Sapanisertib	0.25692203769820665	1.0842112103152746	0.30439864003399913	0.5374177255536965	NPC
NMH002_NPC_6H:BRD-K32107296-001-11-0:10	DB00853	Temozolomide	-0.21996627014913314	-1.0612208795881433	0.30458493233690165	0.5375765066458634	NPC
LJP007_NPC.CAS9_24H:K08	DB11962	GSK-1059615	0.23944381722283203	1.0778596422097935	0.3052920333752429	0.538507207808504	NPC.CAS9
LJP009_NPC.CAS9_24H:B17	DB11805	Saracatinib	0.20931277155793698	1.0565255512389777	0.3053053053053053	0.538507207808504	NPC.CAS9
CPC015_NPC_24H:BRD-A09056319-001-05-5:10	DB00346	Alfuzosin	0.20161582378761886	1.0545098089596867	0.3058921855411617	0.5393322920498294	NPC
CPC016_NPC_24H:BRD-K94920105-001-01-3:10	DB07677	2-methyl-3,5,7,8-tetrahydro-4H-thiopyrano[4,3-d]pyrimidin-4-one	0.22114462803302187	1.0651435722326161	0.3059664284527173	0.5393322920498294	NPC
CPC015_NPC_24H:BRD-A02759312-003-11-2:10	DB09351	Levobetaxolol	0.2038121561223346	1.0500100001683137	0.3068227694792087	0.5406186048287279	NPC
LJP009_NPC_24H:G16	DB01254	Dasatinib	0.23158056009725028	1.0714704597833242	0.30688996621125314	0.5406186048287279	NPC
LJP007_NPC.TAK_24H:M14	DB07460	2-({5-CHLORO-2-[(2-METHOXY-4-MORPHOLIN-4-YLPHENYL)AMINO]PYRIMIDIN-4-YL}AMINO)-N-METHYLBENZAMIDE	0.2263514184187541	1.0727582620106277	0.3071032479535252	0.5408235543979537	NPC.TAK
CPC013_NEU_24H:BRD-K29733039-001-01-1:10	DB06233	Ridaforolimus	-0.2289599752314615	-1.065714360486577	0.3072586328400282	0.5409264476536817	NEU
AML001_U937_24H:BRD-K93754473:1.49538	DB00675	Tamoxifen	-0.24471601358655962	-1.0807669597456102	0.3073984022229941	0.5410017936915091	U937
DOSBIO001_NPC_24H:BRD-A75409952:3.33333	DB08059	Wortmannin	0.2231280586949305	1.0625530838591168	0.30764563106796117	0.541266154439658	NPC
CPC016_NEU_24H:BRD-K29582677-300-06-4:10	DB04841	Flunarizine	-0.20572096873829407	-1.0547772596681049	0.30780175480199196	0.5413701103531883	NEU
LJP009_NPC.TAK_24H:A04	DB05134	Tanespimycin	0.2526263587476124	1.0828040766276639	0.30819707401032703	0.5417649292129654	NPC.TAK
LJP008_NPC_24H:L15	DB08756	Y-27632	0.22564243537501452	1.062067838384702	0.3082204490629059	0.5417649292129654	NPC
CPC006_SKM1_6H:BRD-A12409803-001-01-3:40	DB12066	Orteronel	0.21529308043549833	1.055315229444197	0.3087695133149679	0.5424515418502203	SKM1
LJP007_NEU_24H:M02	DB07794	5-(2-PHENYLPYRAZOLO[1,5-A]PYRIDIN-3-YL)-1H-PYRAZOLO[3,4-C]PYRIDAZIN-3-AMINE	0.2124001229755227	1.0507908775904213	0.30884223918575066	0.5424515418502203	NEU
CPC018_NPC_24H:BRD-K03384561-001-01-9:10	DB11366	Roquinimex	0.19930165474120712	1.0537274976024615	0.3089960886571056	0.5424515418502203	NPC
PCLB001_JURKAT_6H:BRD-A58955223-001-02-0:0.37	DB12422	Sulforaphane	0.18215398313252634	1.0517250185759683	0.309	0.5424515418502203	JURKAT
LJP009_NPC_24H:K19	DB12432	CC-401	0.24096415606435168	1.0760905852291482	0.3091306459446333	0.5425101836190969	NPC
CPC018_NPC_24H:BRD-K06234293-001-01-8:10	DB03921	4-(3-Pyridin-2-Yl-1h-Pyrazol-4-Yl)Quinoline	-0.1925687071176825	-1.0542221316433393	0.30990415335463256	0.5436966262784575	NPC
LJP007_JURKAT_24H:E11	DB05913	OSI-930	-0.20970790132783254	-1.0491221072118917	0.3102893890675241	0.5441912929885571	JURKAT
NMH002_NPC_24H:BRD-K08316444-001-06-8:10	DB11457	Rotenone	0.2253783567378169	1.064221439599865	0.3103811963236402	0.5441912929885571	NPC
CPC016_NEU_24H:BRD-K63675182-003-14-5:10	DB00508	Triflupromazine	0.2223995417318744	1.0589998034126074	0.31162702906757267	0.5462039570116205	NEU
AML001_HL60_24H:BRD-K27316855:1.11111	DB00136	Calcitriol	-0.2086467443210803	-1.051437157984282	0.312473025463962	0.5475147641530917	HL60
LPROT001_NPC.TAK_6H:M04	DB12920	Pinometostat	0.22629489383709464	1.0639440394939383	0.31259193880553104	0.5475511543472709	NPC.TAK
CPC015_NPC_24H:BRD-A02180903-001-03-7:10	DB01234	Dexamethasone	-0.22440049230417217	-1.0646381222132852	0.3126984126984127	0.5475657389970008	NPC
CPC015_NPC_24H:BRD-A26095496-001-03-2:10	DB01013	Clobetasol propionate	0.21042144244918626	1.0520077711173088	0.31326732673267327	0.5483898386700923	NPC
NMH001_NPC_6H:BRD-K03243820-001-16-2:10	DB00432	Trifluridine	-0.23744967658370492	-1.0727931958029284	0.313488016318205	0.5486040285568587	NPC
NMH002_NPC_24H:BRD-K24656285-001-04-4:10	DB02509	Farnesol	0.18125832560853095	1.047092614669984	0.31369150779896016	0.5487879968674816	NPC
PCLB001_JURKAT_6H:BRD-A19037878-001-02-3:1.11	DB04297	Trichostatin A	-0.22026650096781464	-1.055797718826599	0.3140115930441735	0.5491757610010796	JURKAT
LPROT001_NPC.TAK_6H:E04	DB16239	Molibresib	0.21759970013255092	1.0544876557200245	0.3144160583941606	0.5496547354429212	NPC.TAK
LJP007_JURKAT_24H:P13	DB05294	Vandetanib	0.22197198807055848	1.0566987089764632	0.3144825086097517	0.5496547354429212	JURKAT
LJP008_NPC.TAK_24H:A21	DB11740	MK-1775	-0.19657473355919033	-1.0451280407633443	0.31514178705189944	0.5502529466750801	NPC.TAK
NMH001_NPC_6H:BRD-K73251053-001-01-0:10	DB04017	Clorgiline	-0.23936746372852857	-1.0689655841316843	0.3152975250131648	0.5502529466750801	NPC
LJP008_NPC.CAS9_24H:G19	DB00928	Azacitidine	0.23876178052626654	1.0606793538951507	0.3153088630259624	0.5502529466750801	NPC.CAS9
CPC016_NEU_24H:BRD-K28307902-001-09-2:10	DB00499	Flutamide	0.21500490064380987	1.0503910244414125	0.3153175591531756	0.5502529466750801	NEU
AML001_U937_6H:BRD-A19037878:3.33333	DB04297	Trichostatin A	-0.23320219358837627	-1.0650806925611125	0.3153179190751445	0.5502529466750801	U937
LJP009_NPC.CAS9_24H:P21	DB09074	Olaparib	-0.21913811371672948	-1.0560737308397963	0.3165413533834586	0.5518586225148961	NPC.CAS9
NMH001_NPC_24H:BRD-K04809113-001-01-7:10	DB12771	Hydroxytyrosol	0.19801773174211706	1.0435819084806943	0.3165924984106802	0.5518586225148961	NPC
LJP007_NEU_24H:C02	DB11800	Tivozanib	-0.23269532292584358	-1.0632316572764173	0.31660067873303166	0.5518586225148961	NEU
CPC017_NPC_24H:BRD-A97454584-001-02-0:10	DB01203	Nadolol	-0.2125973004358398	-1.0562768857511684	0.31663370687760933	0.5518586225148961	NPC
CPC015_NPC_24H:BRD-A29426959-050-07-4:10	DB00748	Carbinoxamine	0.21042974498986614	1.0486805463829045	0.31689088191330345	0.5521343629588756	NPC
NMH002_NEU_24H:BRD-K87714311-001-01-9:10	DB03068	Zebularine	0.20996524589298327	1.048535143797266	0.31734837799717913	0.5526633818600949	NEU
LJP009_NPC.TAK_24H:D02	DB11775	PF-03758309	-0.22294357482610092	-1.0549325182189844	0.31739262869326834	0.5526633818600949	NPC.TAK
NMH002_NEU_24H:BRD-K08807999-001-01-6:10	DB12445	Nitroaspirin	-0.18976558404759825	-1.0447917573626033	0.3176064441887227	0.5527127626881555	NEU
CPC016_NEU_24H:BRD-K49671696-045-03-6:10	DB12465	Ketanserin	-0.22366519235913743	-1.0581070456442243	0.31761912837035783	0.5527127626881555	NEU
CPC015_NPC_24H:BRD-K60770992-066-15-1:10	DB01186	Pergolide	-0.22662344437838694	-1.0590321947952874	0.31780776826859775	0.5528685809699118	NPC
LPROT003_NPC_6H:F07	DB12021	Dinaciclib	0.2229335409457722	1.053378297517919	0.3182434723635131	0.5532878393280799	NPC
NMH002_NPC_24H:BRD-K37270826-001-21-9:10	DB00834	Mifepristone	0.22757982213267627	1.0644855516487874	0.3182888540031397	0.5532878393280799	NPC
LJP009_NPC_24H:B20	DB16107	BI 2536	-0.19916487151178708	-1.0441127775908965	0.3185550082101806	0.5532878393280799	NPC
CPC006_SKM1_6H:BRD-K76964878-001-01-8:24	DB13978	Selisistat	0.21518308290562535	1.054479269644035	0.3185708969110532	0.5532878393280799	SKM1
LJP007_NEU_24H:P01	DB09054	Idelalisib	-0.2070042225369363	-1.0527493506581183	0.318588127435251	0.5532878393280799	NEU
CPC006_NOMO1_6H:BRD-A67373739-001-01-4:10	DB01700	AICA ribonucleotide	-0.20205472482936163	-1.050068373745532	0.31870291516541105	0.5532878393280799	NOMO1
CPC006_WSUDLCL2_6H:BRD-A67373739-001-01-4:10	DB01700	AICA ribonucleotide	0.2027253377049222	1.052334632024124	0.31874298540965207	0.5532878393280799	WSUDLCL2
LJP008_NPC_24H:I01	DB16239	Molibresib	-0.22716634023347204	-1.0555628118519091	0.319047619047619	0.553644375324002	NPC
CPC016_NEU_24H:BRD-K93258693-001-05-8:10	DB07863	2-chloro-5-nitro-N-phenylbenzamide	-0.22257798379078234	-1.0601654047555091	0.31976537504443653	0.5545808613665038	NEU
CPC014_NPC_24H:BRD-K33551950-001-01-6:10	DB03758	Radicicol	-0.19220591490962477	-1.0480586739876743	0.31978609625668447	0.5545808613665038	NPC
LJP008_NEU_24H:L14	DB08756	Y-27632	-0.21725762055492198	-1.055999115162504	0.32042077141425945	0.5555088513735716	NEU
CPC006_U937_6H:BRD-A75817871-001-04-2:40	DB01944	(S)-blebbistatin	0.21547073627825086	1.0553404503655464	0.3206366237482117	0.5556065024583052	U937
LJP009_NPC.CAS9_24H:K24	DB12432	CC-401	0.2121644006967937	1.0484512782534383	0.32067627494456763	0.5556065024583052	NPC.CAS9
LJP009_NPC_24H:I19	DB11363	Alectinib	0.24133291009990576	1.0676621081692974	0.3209994051160024	0.5559936917547896	NPC
NMH002_NPC_6H:BRD-A64479082-310-01-0:10	DB00908	Quinidine	-0.22321416542413855	-1.059303921723481	0.3213997742299629	0.5563915606577723	NPC
LPROT003_NPC_6H:D11	DB09073	Palbociclib	-0.216396940050539	-1.0538343998973718	0.32142857142857145	0.5563915606577723	NPC
LPROT003_NPC_6H:D01	DB11689	Selumetinib	-0.21649052523028764	-1.0548734079547955	0.3215940685820204	0.5565053686783784	NPC
CPC014_NPC_24H:BRD-K31484631-001-05-0:10	DB00615	Rifabutin	-0.2307087610806892	-1.058952233781617	0.32180036742192286	0.556675517845905	NPC
NMH002_NPC_6H:BRD-K00959089-001-02-2:10	DB04795	Thenoyltrifluoroacetone	-0.22899743534436676	-1.0739847476797695	0.32189195564991746	0.556675517845905	NPC
NMH002_NEU_6H:BRD-A93000692-001-06-5:10	DB09201	Ciglitazone	-0.20938433688162172	-1.055035090638814	0.32223962411902896	0.5568227922234082	NEU
LJP009_NPC.TAK_24H:I23	DB11363	Alectinib	0.2235157383717171	1.0596311944065089	0.32227342549923194	0.5568227922234082	NPC.TAK
LPROT002_NPC.TAK_6H:A08	DB00162	Vitamin A	0.22038036969517144	1.0560258189505949	0.32227653631284914	0.5568227922234082	NPC.TAK
CPC016_NPC_24H:BRD-K27450477-001-03-9:10	DB07711	(2S,3R)-3-(6-amino-9H-purin-9-yl)nonan-2-ol	0.21713477395551103	1.0512117304969941	0.32356020942408376	0.5588676186925583	NPC
LPROT003_NPC_6H:L21	DB11952	Duvelisib	-0.23776751892147424	-1.0610669625591809	0.3238007380073801	0.5591099713225545	NPC
NMH002_NEU_24H:BRD-K86465814-001-04-5:10	DB06926	(9Z,11E,13S)-13-hydroxyoctadeca-9,11-dienoic acid	-0.23558664221491935	-1.0601539849608645	0.3245975788213383	0.5603124666597297	NEU
CPC014_NPC_24H:BRD-K51313569-001-02-9:10	DB09073	Palbociclib	0.23220547396644106	1.065914761771776	0.3252660922453117	0.5611768307475481	NPC
CPC006_U937_6H:BRD-A56592690-001-01-9:30	DB05448	PX-12	0.20416802781759033	1.0444278967469585	0.32539030402629415	0.5611768307475481	U937
LJP009_NPC.TAK_24H:I22	DB11363	Alectinib	0.2134813355218258	1.0475126993479775	0.3254163254163254	0.5611768307475481	NPC.TAK
LJP008_NPC_24H:D03	DB09074	Olaparib	0.2120986178293412	1.0472931832032644	0.32550066755674234	0.5611768307475481	NPC
CPC006_U937_6H:BRD-K71799949-001-20-8:96	DB00564	Carbamazepine	0.21379561800924854	1.0532163871307412	0.3256390690576116	0.5612420037912929	U937
LJP008_NPC.TAK_24H:P14	DB11662	Rabusertib	-0.22521951775444585	-1.0542686058596729	0.32580071174377223	0.561347180611027	NPC.TAK
LPROT003_NPC_6H:N19	DB02010	Staurosporine	-0.1843282754314411	-1.0436291449867248	0.32608695652173914	0.5615885661465189	NPC
NMH001_NEU_24H:BRD-A14240607-001-01-8:10	DB13251	Octopamine	0.21097020886112716	1.0421359669277257	0.32614213197969544	0.5615885661465189	NEU
PCLB001_JURKAT_24H:BRD-A58955223-001-02-0:2.5	DB12422	Sulforaphane	-0.22445259357197136	-1.0528681413390162	0.326955074875208	0.5628146753251421	JURKAT
CPC015_NPC_24H:BRD-A83081521-001-01-5:10	DB01216	Finasteride	0.20697647718587034	1.0516728374447968	0.3272905438510534	0.5632183664852026	NPC
CPC014_NEU_24H:BRD-K09436313-001-01-2:10	DB02056	Prostaglandin D2	-0.21094137193263063	-1.0486047273783428	0.32769329620903836	0.5637375576781453	NEU
LJP007_NPC.CAS9_24H:C02	DB11800	Tivozanib	-0.22242418061179184	-1.0551751655087322	0.32786093674553357	0.563852085728524	NPC.CAS9
CPC006_PL21_6H:BRD-A45889380-300-04-8:10	DB01103	Quinacrine	0.20625175534045967	1.044279417933284	0.328159645232816	0.5641412140950033	PL21
LPROT002_NPC.TAK_6H:M22	DB02010	Staurosporine	-0.19167500995814757	-1.0372452595888748	0.3282312925170068	0.5641412140950033	NPC.TAK
LJP007_NEU_24H:E09	DB05913	OSI-930	0.199485053735661	1.0420441034441694	0.3284433577832111	0.5643318426462995	NEU
CPC015_NPC_24H:BRD-K00603606-003-13-3:10	DB00208	Ticlopidine	0.2137456900162442	1.0596234994658058	0.3286915758996277	0.5645048696564997	NPC
LJP007_NPC_24H:P24	DB11886	Infigratinib	-0.21620438296841793	-1.0508486073625858	0.32883750802825945	0.5645048696564997	NPC
LJP008_NPC_24H:J04	DB12116	Epigallocatechin gallate	-0.2187074049842562	-1.0514401901271073	0.3288476118271418	0.5645048696564997	NPC
LPROT002_NPC.TAK_6H:G10	DB01234	Dexamethasone	-0.23038114155260547	-1.0554786455806493	0.329010431350437	0.564543995052433	NPC.TAK
NMH002_NEU_6H:BRD-K24994810-001-02-7:10	DB01889	16,17-Androstene-3-Ol	-0.18902198546863327	-1.0437978785038153	0.32918395573997233	0.564543995052433	NEU
LJP008_NPC_24H:K22	DB12332	Rucaparib	0.20476513718760272	1.0427204719888812	0.32926829268292684	0.564543995052433	NPC
CPC006_PL21_6H:BRD-K67844266-001-01-3:11.1	DB11759	Pevonedistat	0.18832874744222414	1.047955073985685	0.32936870997255263	0.564543995052433	PL21
LJP008_NPC_24H:J12	DB05223	Pracinostat	-0.22683525027781956	-1.0547742262213664	0.3293763584684835	0.564543995052433	NPC
CPC015_NPC_24H:BRD-K01815685-001-07-2:10	DB12881	Indole-3-carbinol	-0.22267904032961192	-1.051898427486525	0.32982086406743943	0.5651322483514265	NPC
NMH002_NEU_24H:BRD-K54771420-001-09-9:10	DB02691	Glycocholic acid	-0.21369059057671005	-1.0448877922783628	0.33026381284221007	0.5657174737017777	NEU
CPC014_NPC_24H:BRD-K50168500-001-01-2:10	DB05424	Canertinib	-0.21037223383970796	-1.0493255462991178	0.33038478549314465	0.5657509878042524	NPC
CPC017_NPC_24H:BRD-K24201553-003-02-4:10	DB13988	SB-269970	-0.2160307721416385	-1.0521249928613474	0.33074218027022023	0.5659744183419922	NPC
LJP008_NPC.TAK_24H:D05	DB09074	Olaparib	0.21865122685801291	1.0494588398366276	0.3308048883270122	0.5659744183419922	NPC.TAK
LJP008_NEU_24H:K20	DB12332	Rucaparib	0.21289786685185708	1.0421659417554272	0.330829420970266	0.5659744183419922	NEU
LJP007_NPC.TAK_24H:C03	DB11800	Tivozanib	-0.20810426535014528	-1.041685776010539	0.33092105263157895	0.5659744183419922	NPC.TAK
NMH001_NPC_24H:BRD-K13296708-001-01-7:10	DB06155	Rimonabant	-0.1951678770991696	-1.0421526917850343	0.33158813263525305	0.5669415237425917	NPC
LJP007_NPC.CAS9_24H:D09	DB08875	Cabozantinib	-0.21257698314821455	-1.0458902686160363	0.33196814562002275	0.5674173665484396	NPC.CAS9
CPC012_NEU_24H:BRD-K48935217-001-01-3:10	DB03010	Patupilone	0.19172535964354143	1.0386963342228257	0.33292282430213466	0.5688025158457638	NEU
CPC006_THP1_6H:BRD-A58280226-001-01-2:4	DB08756	Y-27632	-0.22254034082632235	-1.0544059092203366	0.3330282227307399	0.5688025158457638	THP1
CPC018_NPC_24H:BRD-A93000692-001-05-7:10	DB09201	Ciglitazone	-0.20642040462168335	-1.0427738106086215	0.3330843913368185	0.5688025158457638	NPC
LJP008_NPC_24H:I07	DB11830	Mocetinostat	-0.22574932052593866	-1.0497559922256758	0.33322091062394604	0.5688615239813326	NPC
LJP007_NEU_24H:D06	DB12494	SGI-1776	0.1952891447959554	1.0437480720997259	0.3337526205450734	0.569594943414183	NEU
LJP008_NEU_24H:G23	DB00928	Azacitidine	-0.2149269054721243	-1.044662713260635	0.33403410418126606	0.5699009991520744	NEU
NMH001_NPC_6H:BRD-K67097529-001-01-1:10	DB04466	SR12813	0.23476212884659284	1.0642864907260778	0.3344642021525503	0.5704603435674345	NPC
CPC006_NOMO1_6H:BRD-K73319509-001-02-3:40	DB12848	PF-04217903	0.18652343995372944	1.0418307806973066	0.3349950149551346	0.5711315257741647	NOMO1
LJP007_NPC.TAK_24H:O02	DB07101	PD-0325901	-0.2374903308704908	-1.062219198753263	0.3351121892055791	0.5711315257741647	NPC.TAK
NMH001_NPC_6H:BRD-K32814891-001-01-1:10	DB12395	Esreboxetine	-0.20990523306969056	-1.0450829118242062	0.33516483516483514	0.5711315257741647	NPC
LJP009_NEU_24H:N12	DB08896	Regorafenib	0.21567758796626496	1.04886492367615	0.3354803091645197	0.5714128860472288	NEU
CPC006_WSUDLCL2_6H:BRD-K93754473-001-06-0:28.39	DB00675	Tamoxifen	0.22270314523344417	1.0468315207907237	0.33553479381443296	0.5714128860472288	WSUDLCL2
NMH002_NPC_24H:BRD-K33127281-001-02-3:10	DB00210	Adapalene	-0.22949968095954598	-1.053670260478337	0.3356685049932926	0.571466154823796	NPC
CPC014_NPC_24H:BRD-K74514084-003-01-9:10	DB06589	Pazopanib	0.2270671919417182	1.054923879271008	0.33594296099538656	0.5717589320906838	NPC
NMH002_NPC_6H:BRD-K55591206-001-11-6:10	DB12116	Epigallocatechin gallate	-0.20369465295487904	-1.0396850928559003	0.33626649905719674	0.5721350406343704	NPC
CPC018_NPC_24H:BRD-A23072235-050-09-4:10	DB01620	Pheniramine	-0.21992976963343328	-1.052354343074363	0.33650468384074944	0.5723060964017668	NPC
LJP007_NEU_24H:B13	DB12200	Tivantinib	-0.1952630970123502	-1.0448407544100087	0.33657219973009445	0.5723060964017668	NEU
CPC015_NPC_24H:BRD-A69917777-065-01-4:10	DB15597	Aminopentamide	0.21825395931940117	1.0500567834145162	0.33668016194331984	0.5723152417677578	NPC
LJP009_NEU_24H:O23	DB07232	Veliparib	0.2671452984844474	1.0688001350598453	0.3368885242539227	0.5724921281640297	NEU
LJP008_NPC_24H:L24	DB05015	Belinostat	-0.1980641578208532	-1.0389287716240732	0.33708414872798437	0.5724921281640297	NPC
CPC016_NEU_24H:BRD-K97810537-001-03-7:10	DB00394	Beclomethasone dipropionate	-0.2232717333789292	-1.0521609057997983	0.3370920668612364	0.5724921281640297	NEU
LJP007_JURKAT_24H:M14	DB07460	2-({5-CHLORO-2-[(2-METHOXY-4-MORPHOLIN-4-YLPHENYL)AMINO]PYRIMIDIN-4-YL}AMINO)-N-METHYLBENZAMIDE	-0.22009623154885433	-1.0465542260270535	0.3372179060303367	0.5725315574386026	JURKAT
LJP009_NPC.CAS9_24H:O23	DB07232	Veliparib	0.2521036166166898	1.0677700813441526	0.33733733733733734	0.572560086706725	NPC.CAS9
LJP007_NEU_24H:I21	DB13005	Rebastinib	0.23375370131163895	1.0536280043545017	0.33793615441722347	0.5734020089701003	NEU
LJP007_NPC_24H:K05	DB12064	BMS-777607	-0.21305223768704562	-1.0455523315214803	0.3382064150120009	0.5736861019616762	NPC
LJP009_NPC.CAS9_24H:G09	DB08521	4-[4-(4-Fluorophenyl)-2-[4-[(R)-methylsulfinyl]phenyl]-1H-imidazol-5-yl]pyridine	-0.2233497280960915	-1.050263919970796	0.3392436842931116	0.5752706731523616	NPC.CAS9
AML001_U937_24H:BRD-K71879491:3.33333	DB00982	Isotretinoin	0.23335180730854507	1.053542043798519	0.3395669291338583	0.5755339402982389	U937
CPC006_THP1_6H:BRD-K41260949-236-02-8:10	DB00313	Valproic acid	-0.2336776339227959	-1.0598426716578908	0.33965662144315045	0.5755339402982389	THP1
LJP007_JURKAT_24H:K02	DB12064	BMS-777607	0.22371704136096945	1.051260765998588	0.3397084182473742	0.5755339402982389	JURKAT
LJP009_NEU_24H:H10	DB08912	Dabrafenib	0.21670817330693845	1.0432456093231508	0.3402840194139853	0.5763341057409302	NEU
LJP007_NPC.CAS9_24H:P21	DB11886	Infigratinib	0.2405868587492514	1.062328439354108	0.3405330882352941	0.5765809102472551	NPC.CAS9
LJP007_NPC.TAK_24H:B15	DB12200	Tivantinib	-0.1877573315092404	-1.036201006429325	0.34085778781038373	0.5769031748382956	NPC.TAK
CPC006_THP1_6H:BRD-A58048407-001-10-5:10	DB00393	Nimodipine	-0.21147612257890994	-1.0393766929694597	0.34093023255813953	0.5769031748382956	THP1
CPC017_NPC_24H:BRD-A99411506-002-01-3:10	DB13155	Esculin	0.2059698999986088	1.0395627644737768	0.3411300919842313	0.5770663381382736	NPC
CPC016_NEU_24H:BRD-K92073408-001-03-3:10	DB00717	Norethisterone	0.24306971236022765	1.0587563944549585	0.34176456485255335	0.577964385362957	NEU
CPC006_NOMO1_6H:BRD-A38030642-001-02-0:10	DB00091	Cyclosporine	-0.20709275500808108	-1.0354977568255994	0.3421455938697318	0.5784334146058284	NOMO1
CPC006_U937_6H:BRD-K54233340-300-01-0:10	DB08597	Dorsomorphin	0.21465614223864063	1.044492450118837	0.34245729573986416	0.5787849902855807	U937
CPC015_NPC_24H:BRD-K39987650-001-15-9:10	DB09020	Bisacodyl	0.2051306884816649	1.0373973671679482	0.34279661016949153	0.5791830067036927	NPC
CPC018_NPC_24H:BRD-A19500257:10	DB02424	Geldanamycin	0.23221134971088384	1.0590959896201657	0.3429846784895645	0.5793253167705965	NPC
LJP007_NPC.CAS9_24H:O06	DB07101	PD-0325901	-0.22301032046389363	-1.0481906424881877	0.3432916892992939	0.5796683821430874	NPC.CAS9
LJP007_NPC.TAK_24H:M17	DB07460	2-({5-CHLORO-2-[(2-METHOXY-4-MORPHOLIN-4-YLPHENYL)AMINO]PYRIMIDIN-4-YL}AMINO)-N-METHYLBENZAMIDE	-0.19750988447127615	-1.0398900434784588	0.34345238095238095	0.5797642460917801	NPC.TAK
CPC012_NPC_24H:BRD-K13810148-001-02-1:10	DB12645	Givinostat	-0.22182158720116046	-1.0467065133163587	0.3440423654015887	0.5805844998715861	NPC
LJP007_NPC_24H:E07	DB05913	OSI-930	0.2247475409594643	1.0458971787586857	0.34445534838076547	0.581105651229601	NPC
LJP009_NPC_24H:B23	DB16107	BI 2536	-0.22124693190963587	-1.0454267103347394	0.34472843450479235	0.5813905490030945	NPC
CPC006_NOMO1_6H:BRD-A09533288-003-20-5:10	DB14063	Dexverapamil	-0.20926999996964132	-1.035297822762957	0.3448371065709553	0.5813980711874764	NOMO1
NMH002_NPC_24H:BRD-K79254416-001-12-7:10	DB01262	Decitabine	0.19296594235888936	1.033211707691682	0.34507042253521125	0.5814257319351401	NPC
NMH001_NEU_6H:BRD-K66296774-001-05-3:10	DB01095	Fluvastatin	0.21861291756879792	1.0435455225234718	0.3451086956521739	0.5814257319351401	NEU
CPC006_WSUDLCL2_6H:BRD-K98530306-003-07-6:10	DB00575	Clonidine	0.22979297464528375	1.0526424979973654	0.34516616314199394	0.5814257319351401	WSUDLCL2
LJP007_NPC_24H:C04	DB11800	Tivozanib	-0.2131616953336658	-1.0411440135032497	0.345502218636547	0.5818161417969501	NPC
LJP007_NEU_24H:P15	DB05294	Vandetanib	0.18860841030210546	1.0327240369455253	0.3460642757335817	0.5825867816287424	NEU
LJP008_NPC.CAS9_24H:I03	DB16239	Molibresib	0.22216061065443055	1.0460183156642224	0.3462109955423477	0.5826579620303944	NPC.CAS9
LJP007_NPC.CAS9_24H:I07	DB06589	Pazopanib	-0.19884877702081463	-1.0322366784798709	0.34668508287292815	0.5830835957646835	NPC.CAS9
LJP009_NPC.CAS9_24H:M18	DB06314	SGX-523	-0.21772938312874646	-1.0403560784660624	0.34673648775014027	0.5830835957646835	NPC.CAS9
LJP007_NPC.TAK_24H:F18	DB12247	AZD-4547	-0.20406553481763517	-1.0359168398335985	0.3467898832684825	0.5830835957646835	NPC.TAK
NMH002_NPC_6H:BRD-K71799949-001-29-9:10	DB00564	Carbamazepine	0.18584307718867327	1.0375775559736278	0.34688195991091314	0.5830835957646835	NPC
LJP007_JURKAT_24H:J20	DB03044	Doramapimod	-0.21635472579031456	-1.044310252756008	0.34722964546588275	0.5834922265223373	JURKAT
NMH002_NEU_6H:BRD-A75409952-001-04-0:10	DB08059	Wortmannin	-0.19105827464945388	-1.0319181155490094	0.34779913205207685	0.5842732182229861	NEU
CPC016_NPC_24H:BRD-K36007650-300-02-3:10	DB08437	Puromycin	-0.2227592943163388	-1.045350720934384	0.34797810884767405	0.5843979136848807	NPC
LJP008_NPC_24H:H17	DB11841	Entinostat	-0.22599581396605878	-1.046496249192148	0.34851301115241634	0.5849942360378478	NPC
CPC006_PL21_6H:BRD-A34255068-001-16-2:10	DB04149	(R)-Rolipram	-0.23792966501933652	-1.0564141701646468	0.3485429002670382	0.5849942360378478	PL21
LJP007_NPC_24H:N16	DB09330	Osimertinib	0.22197701190401595	1.04478166032689	0.3487017310252996	0.5850847992150817	NPC
LJP007_NPC.TAK_24H:L08	DB11836	Sapanisertib	0.2534743299021944	1.0620080618152377	0.34886960248580307	0.5851904727204736	NPC.TAK
CPC018_NPC_24H:BRD-K37846922-001-04-5:10	DB11875	3,3'-diindolylmethane	0.20056929032078788	1.0397622553361379	0.3490427098674521	0.585304862744369	NPC
CPC013_NEU_24H:BRD-K29905972-001-03-0:10	DB06626	Axitinib	0.2163608392917297	1.0397951470533584	0.34926396450897357	0.5854998972342439	NEU
CPC006_THP1_6H:BRD-K36927236-001-17-7:10	DB01016	Glyburide	-0.22943308935996776	-1.0492166392452758	0.34942032892963065	0.5855130744492446	THP1
LJP008_NPC.CAS9_24H:D01	DB09074	Olaparib	-0.24892513043843825	-1.061473965093665	0.34948172394980903	0.5855130744492446	NPC.CAS9
NMH001_NEU_24H:BRD-K21283037-001-16-5:10	DB00740	Riluzole	-0.19776307839449883	-1.0381721118898444	0.3503166378814047	0.5867356717923616	NEU
LJP007_JURKAT_24H:L07	DB11836	Sapanisertib	0.23325374336404048	1.046020350006813	0.35061763860959494	0.5870635671677461	JURKAT
LJP008_NPC_24H:M05	DB02709	Resveratrol	0.2184516159119416	1.0432268008989185	0.3508895543420821	0.5873425813604788	NPC
LJP007_JURKAT_24H:M20	DB12874	Quizartinib	-0.21172900492835753	-1.039216835079798	0.3512361466325661	0.5876109004321368	JURKAT
LJP007_NPC.CAS9_24H:L07	DB11836	Sapanisertib	0.24848362245659725	1.058818444102704	0.35126050420168065	0.5876109004321368	NPC.CAS9
CPC014_NEU_24H:BRD-K99749624-001-01-3:10	DB06080	Linifanib	0.21420603808563315	1.038036762212635	0.3516483516483517	0.588083379450286	NEU
CPC006_WSUDLCL2_6H:BRD-K81418486-001-13-7:11.1	DB02546	Vorinostat	-0.22119101920051806	-1.0391380907634469	0.3517730496453901	0.58811314092428	WSUDLCL2
LPROT002_NPC.TAK_6H:G24	DB04149	(R)-Rolipram	0.22653893715727128	1.0444050643436102	0.3518769787426504	0.58811314092428	NPC.TAK
CPC006_WSUDLCL2_6H:BRD-A62025033-001-01-8:10	DB06287	Temsirolimus	0.22189252127111672	1.0447055751630312	0.35210242979775935	0.5883137034566336	WSUDLCL2
CPC006_SKM1_6H:BRD-A01145011-001-01-4:11.1	DB03068	Zebularine	-0.24072958152651164	-1.059839799253681	0.3524942186983812	0.5886684560783233	SKM1
NMH002_NEU_24H:BRD-K95785537-001-19-9:10	DB03023	1-Tert-Butyl-3-(4-Chloro-Phenyl)-1h-Pyrazolo[3,4-D]Pyrimidin-4-Ylamine	0.22288838011720224	1.0450692371404722	0.35264408793820556	0.5886684560783233	NEU
NMH002_NPC_24H:BRD-K01493881-001-24-5:10	DB07352	Apigenin	-0.22190103732027044	-1.0438769520306823	0.352676563202879	0.5886684560783233	NPC
CPC016_NEU_24H:BRD-K31627533-001-03-8:10	DB00896	Rimexolone	-0.2046477806221435	-1.0343333562985164	0.35300353356890457	0.5886684560783233	NEU
LJP009_NPC_24H:N09	DB08896	Regorafenib	0.23030718710180334	1.047528289710355	0.35303643724696354	0.5886684560783233	NPC
LJP007_NPC.TAK_24H:K20	DB01590	Everolimus	0.21973663895799728	1.0417568051091146	0.3531906689801427	0.5886684560783233	NPC.TAK
LJP007_NPC_24H:P21	DB11886	Infigratinib	-0.18940907756986158	-1.035198493886375	0.35324675324675325	0.5886684560783233	NPC
LJP007_JURKAT_24H:K06	DB12064	BMS-777607	-0.24083579918833017	-1.05518860172046	0.3532627660811911	0.5886684560783233	JURKAT
LJP008_NPC.CAS9_24H:C08	DB13877	Iniparib	-0.22037271542492512	-1.0436510848491989	0.3532643826761474	0.5886684560783233	NPC.CAS9
CPC018_NPC_24H:BRD-K72816382-001-01-3:10	DB00587	Cinalukast	-0.21053179237019	-1.0369094269042158	0.35384615384615387	0.5893063670054366	NPC
LJP007_NPC.TAK_24H:G13	DB01254	Dasatinib	-0.20631598142627905	-1.0353285303369761	0.35385845661735305	0.5893063670054366	NPC.TAK
CPC006_U937_6H:BRD-A02006392-001-09-9:10	DB01054	Nitrendipine	0.2152603683673355	1.0385654104512119	0.35397923875432524	0.5893081942769477	U937
LJP007_NPC_24H:P05	DB09054	Idelalisib	-0.23596600888572883	-1.0545340861872112	0.3541466922339406	0.5893081942769477	NPC
LJP009_NPC_24H:G11	DB08521	4-[4-(4-Fluorophenyl)-2-[4-[(R)-methylsulfinyl]phenyl]-1H-imidazol-5-yl]pyridine	-0.23711579820408066	-1.0522874205556725	0.35417644298451434	0.5893081942769477	NPC
LJP007_NPC.CAS9_24H:P20	DB11886	Infigratinib	-0.19656441854085352	-1.0369147304494857	0.354387926215763	0.5894329362734751	NPC.CAS9
LJP008_NPC.CAS9_24H:J10	DB05223	Pracinostat	-0.22626813629257184	-1.0464337817994804	0.3544627175475012	0.5894329362734751	NPC.CAS9
LJP008_NPC.CAS9_24H:M05	DB02709	Resveratrol	0.21173227114881177	1.036822435799277	0.3550156739811912	0.5901765331171233	NPC.CAS9
LJP008_NPC_24H:K20	DB12332	Rucaparib	-0.21538898027888417	-1.037194237822241	0.3552974163829361	0.5904079474098929	NPC
LJP009_NPC.TAK_24H:L10	DB05984	RAF-265	0.23802073139061972	1.046564990224947	0.35542521994134896	0.5904079474098929	NPC.TAK
LJP007_NPC_24H:K09	DB11962	GSK-1059615	0.2324928474597904	1.050098247063029	0.35563212927756654	0.5904079474098929	NPC
LJP008_NPC.TAK_24H:J05	DB12116	Epigallocatechin gallate	-0.19910212702015692	-1.0286052546820224	0.35563636363636364	0.5904079474098929	NPC.TAK
LJP008_NPC_24H:G13	DB01254	Dasatinib	0.22593777587981373	1.0422183050757332	0.3558165370576099	0.5904079474098929	NPC
LJP007_NEU_24H:K21	DB01590	Everolimus	0.22104727424600884	1.0465288308567233	0.3558264814289765	0.5904079474098929	NEU
LJP007_NPC.TAK_24H:I12	DB06589	Pazopanib	0.21173790997210712	1.0379749138567893	0.35589566716964866	0.5904079474098929	NPC.TAK
CPC006_WSUDLCL2_6H:BRD-K56700933-001-01-3:10	DB12695	Phenethyl Isothiocyanate	0.2058905827464065	1.0321045933981374	0.3560628520604803	0.5905097061966169	WSUDLCL2
NMH002_NEU_6H:BRD-K46018455-001-23-5:10	DB01393	Bezafibrate	0.21763725323379482	1.037168898901811	0.356294964028777	0.5905601643483306	NEU
NMH002_NPC_24H:BRD-K81473043-001-07-0:10	DB05134	Tanespimycin	0.22228333366710504	1.056528814175649	0.3563049853372434	0.5905601643483306	NPC
LJP009_NPC.TAK_24H:I21	DB11363	Alectinib	0.1949081867880308	1.032732840952504	0.35651074589127685	0.5907257057699535	NPC.TAK
LJP007_JURKAT_24H:F04	DB12848	PF-04217903	0.20773103407043775	1.0311393997308855	0.3567972907595549	0.5910249658989183	JURKAT
CPC016_NEU_24H:BRD-K63504947-001-05-5:10	DB06436	Semaxanib	-0.1856790296163168	-1.034050907724337	0.35698447893569846	0.5910429969476163	NEU
LJP009_NEU_24H:N07	DB08896	Regorafenib	0.20518863706707777	1.0319214304593525	0.35702005730659025	0.5910429969476163	NEU
LJP009_NPC.TAK_24H:D13	DB16108	TAK-715	-0.21293270897329408	-1.0376503293272665	0.35723089564502875	0.5912166024335851	NPC.TAK
LJP007_NPC.CAS9_24H:E09	DB05913	OSI-930	-0.2138231312420248	-1.038316144135561	0.35760849320171356	0.5916660093630961	NPC.CAS9
CPC014_NPC_24H:BRD-K36529613-001-01-8:10	DB12638	PU-H71	-0.1875676585019351	-1.0315150504806423	0.35856573705179284	0.5930738947559894	NPC
LJP009_NPC.TAK_24H:O19	DB07232	Veliparib	0.22642421905524127	1.0427724642812852	0.35918544194107455	0.5938501957241795	NPC.TAK
NMH002_NEU_6H:BRD-K99964838-001-05-1:10	DB06616	Bosutinib	-0.20965126544614548	-1.0348140804241102	0.3592479674796748	0.5938501957241795	NEU
CPC006_WSUDLCL2_6H:BRD-K12502280-001-01-5:11.1	DB12500	Fedratinib	0.22730593175434688	1.0443884829893666	0.3594331520183224	0.5939803184568189	WSUDLCL2
CPC006_THP1_6H:BRD-A38030642-001-02-0:10	DB00091	Cyclosporine	0.22124487196923975	1.0376223296814624	0.360082304526749	0.5948179452803695	THP1
CPC015_NPC_24H:BRD-A21858158-001-15-1:10	DB11749	(R)-Praziquantel	-0.2028258986695155	-1.031076700974641	0.36015325670498083	0.5948179452803695	NPC
CPC016_NEU_24H:BRD-K06926592-001-01-7:10	DB00982	Isotretinoin	0.1923223025687924	1.0315752967449368	0.3607103218645949	0.5955616708146123	NEU
CPC016_NEU_24H:BRD-A17065207-001-06-9:10	DB07348	Brefeldin A	0.2156636360510451	1.0381486989656645	0.36101083032490977	0.5956091957482823	NEU
CPC016_NEU_24H:BRD-K93658967-001-01-7:10	DB07364	6-PHENYL[5H]PYRROLO[2,3-B]PYRAZINE	-0.2216749284428256	-1.043414926953641	0.3610262675626145	0.5956091957482823	NEU
LJP009_NPC.CAS9_24H:O01	DB07101	PD-0325901	-0.21928627941317394	-1.0332948852115993	0.3610593834057521	0.5956091957482823	NPC.CAS9
CPC017_NPC_24H:BRD-K05901394-001-01-1:10	DB13399	Terguride	0.19881092942094675	1.0321199190918096	0.3614415675297411	0.5960368873568683	NPC
LJP007_NPC_24H:K24	DB01590	Everolimus	0.23650179481052228	1.0538857828767878	0.36153232242617717	0.5960368873568683	NPC
CPC013_NPC_24H:BRD-K76908866-001-02-7:10	DB12302	CP-724714	-0.20864130120918478	-1.0317905143818784	0.361892901618929	0.5962948782399846	NPC
LJP008_NPC_24H:J06	DB12116	Epigallocatechin gallate	0.2102083217954201	1.0362919464785403	0.36190257352941174	0.5962948782399846	NPC
NMH001_NPC_6H:BRD-A69512159-001-04-0:10	DB00190	Carbidopa	-0.19867292684395996	-1.0306528797765462	0.362031855359449	0.5963317747417674	NPC
LJP007_JURKAT_24H:M03	DB07794	5-(2-PHENYLPYRAZOLO[1,5-A]PYRIDIN-3-YL)-1H-PYRAZOLO[3,4-C]PYRIDAZIN-3-AMINE	0.1991111721960119	1.0305648136661592	0.362303664921466	0.596601762612563	JURKAT
CPC006_NOMO1_6H:BRD-K88560311-011-02-2:10	DB12332	Rucaparib	0.2057392466318611	1.0325880472869144	0.3624096385542169	0.596601762612563	NOMO1
LJP007_NPC_24H:D06	DB12494	SGI-1776	-0.22400940399955782	-1.0425501210476857	0.36264359665295703	0.5967503562677081	NPC
LJP007_NPC_24H:D24	DB06616	Bosutinib	-0.20384925899029585	-1.0326822282293326	0.3627138300956799	0.5967503562677081	NPC
CPC018_NPC_24H:BRD-A09495397-001-02-7:10	DB11562	Bicuculline	0.20998207635552055	1.0294401253744085	0.36311830408023704	0.5972396870470644	NPC
NMH001_NPC_24H:BRD-A77098556-001-01-5:10	DB12885	CF-102	-0.21895302043299178	-1.0440102263864908	0.3633879781420765	0.5975070822442219	NPC
LJP009_NPC.CAS9_24H:I17	DB12146	Rigosertib	-0.19805351119701176	-1.0311879588716224	0.3638012332245194	0.5980103359338815	NPC.CAS9
LJP007_JURKAT_24H:K22	DB01590	Everolimus	-0.21412986903630987	-1.0309325513119842	0.36392009987515606	0.5980295249494832	JURKAT
NMH002_NEU_6H:BRD-K80738081-001-33-6:10	DB02709	Resveratrol	-0.22410698789433114	-1.042263778496285	0.3641119909502262	0.5981686682895502	NEU
LJP009_NPC.TAK_24H:H13	DB07138	Neflamapimod	-0.23275417946225657	-1.0453821037781055	0.3642442593994449	0.5982098095936129	NPC.TAK
CPC006_NOMO1_6H:BRD-K57080016-001-04-3:80	DB11689	Selumetinib	0.21703106107046397	1.0364185831156063	0.3645701928275365	0.598568895169166	NOMO1
LJP007_NEU_24H:K02	DB12064	BMS-777607	0.18387273981983562	1.028700789479763	0.364877161055505	0.5988966406380295	NEU
LJP009_NPC.CAS9_24H:H07	DB08912	Dabrafenib	-0.20954792513523016	-1.0332290554794636	0.3660130718954248	0.6005843906189926	NPC.CAS9
CPC018_NPC_24H:BRD-A91452556-001-03-2:10	DB13954	Estradiol cypionate	-0.2123169797743142	-1.0340658945020955	0.3661244019138756	0.6005904258387273	NPC
LJP007_NEU_24H:M09	DB05575	Motesanib	0.18392758864770165	1.0306207215021161	0.36634962282715644	0.6007832292042051	NEU
CPC006_U937_6H:BRD-K19216856-001-02-7:88.8	DB12116	Epigallocatechin gallate	-0.20858895971629504	-1.0324007586799189	0.36656568438446707	0.6009498629063846	U937
CPC018_NPC_24H:BRD-A43940795-001-03-6:10	DB12093	Tetrahydropalmatine	0.21344012639948748	1.0338377889739843	0.36666666666666664	0.6009498629063846	NPC
LJP008_NPC_24H:D02	DB09074	Olaparib	0.22143540959912167	1.0359662194767434	0.3668459986550101	0.6010273374003655	NPC
LJP008_NEU_24H:L17	DB08756	Y-27632	-0.2093094330483117	-1.036204674158908	0.36692939795405	0.6010273374003655	NEU
LPROT002_NPC.TAK_6H:M20	DB02010	Staurosporine	-0.18467188656424932	-1.0298674480333254	0.3670886075949367	0.6011116353895368	NPC.TAK
LJP008_NPC.TAK_24H:A07	DB07232	Veliparib	-0.24462335615767936	-1.0491672525958782	0.36738550466874165	0.6014212824374735	NPC.TAK
CPC014_NPC_24H:BRD-K59946561-001-05-9:10	DB03374	3,5-Diiodotyrosine	0.2195754371783778	1.0347663954852402	0.36752136752136755	0.6014672072166939	NPC
NMH002_NPC_24H:BRD-A91699651-001-02-4:10	DB00608	Chloroquine	0.22335648189677176	1.0397565197701402	0.36792583367925835	0.6019525589726048	NPC
CPC006_THP1_6H:BRD-A34817987-001-11-8:10	DB01167	Itraconazole	0.18983331513610097	1.0311597396076482	0.36848484848484847	0.6025314158989569	THP1
CPC006_U937_6H:BRD-A09533288-003-20-5:10	DB14063	Dexverapamil	0.20442421279323902	1.0322479082034126	0.36858316221765913	0.6025314158989569	U937
CPC018_NPC_24H:BRD-A70461345-003-03-0:10	DB01183	Naloxone	-0.1916228644067234	-1.0236106550565178	0.3686036426712923	0.6025314158989569	NPC
LJP008_NPC.TAK_24H:D20	DB13978	Selisistat	0.2197161852725134	1.0330571603256817	0.36922250089573627	0.6033662368181936	NPC.TAK
LJP007_NPC_24H:P11	DB07859	4-(4-CHLOROPHENYL)-4-[4-(1H-PYRAZOL-4-YL)PHENYL]PIPERIDINE	-0.22166164354763251	-1.0390188596698522	0.3694344163658243	0.603472632931044	NPC
LJP007_NPC.TAK_24H:K01	DB12064	BMS-777607	-0.22633688299731736	-1.0389779117389915	0.3695039458850056	0.603472632931044	NPC.TAK
CPC006_WSUDLCL2_6H:BRD-K13049116-001-01-6:10	DB15399	BMS-754807	-0.23532097544371686	-1.0471146257099986	0.3710308329498389	0.6057890011785634	WSUDLCL2
LJP009_NPC.TAK_24H:G11	DB08521	4-[4-(4-Fluorophenyl)-2-[4-[(R)-methylsulfinyl]phenyl]-1H-imidazol-5-yl]pyridine	-0.19367761163767194	-1.026558645204254	0.3721286370597244	0.607403647207783	NPC.TAK
LJP007_NEU_24H:P10	DB07859	4-(4-CHLOROPHENYL)-4-[4-(1H-PYRAZOL-4-YL)PHENYL]PIPERIDINE	-0.21815213733337294	-1.0365479003442357	0.37248028045574055	0.6076457845835506	NEU
LJP009_NPC.TAK_24H:I18	DB12146	Rigosertib	0.21298790190065303	1.0290230395971276	0.3724948168624741	0.6076457845835506	NPC.TAK
CPC014_NEU_24H:BRD-K31484631-001-05-0:10	DB00615	Rifabutin	-0.19533696856822097	-1.02654262448643	0.37281009110021024	0.6079823146004305	NEU
CPC016_NPC_24H:BRD-K82731415-001-05-4:10	DB02116	Olomoucine	-0.20202957155400345	-1.026844177921176	0.37328519855595665	0.6085792293231099	NPC
LPROT002_NPC.TAK_6H:O16	DB02169	9,10-Deepithio-9,10-Didehydroacanthifolicin	0.2146231824649268	1.0267382560103147	0.37353505220541233	0.6088086638194553	NPC.TAK
CPC013_NPC_24H:BRD-K76908866-001-01-9:10	DB12302	CP-724714	0.20649770228363903	1.0281624132152565	0.37399429016350894	0.6093791310812547	NPC
LJP009_NPC.TAK_24H:L22	DB12588	AZD-1480	-0.19544020498863393	-1.028656151724597	0.37459978655282816	0.6100593764771757	NPC.TAK
LJP009_NPC.TAK_24H:E16	DB13113	JNJ-38877605	-0.22341810366788922	-1.0369139061947386	0.37463047567858104	0.6100593764771757	NPC.TAK
NMH002_NPC_24H:BRD-K97399794-001-12-0:10	DB04216	Quercetin	0.2215466358175264	1.031142022056218	0.3748310810810811	0.6102079373654367	NPC
CPC006_SKM1_6H:BRD-K63195589-001-01-4:10	DB04960	Tipifarnib	0.2125194966907157	1.030775032020604	0.375	0.6103048424737456	SKM1
CPC006_PL21_6H:BRD-K32164935-001-17-5:10	DB00839	Tolazamide	0.19286646258117665	1.0250829304145381	0.3752950432730134	0.6106068960105401	PL21
AML001_U937_24H:BRD-A75409952:3.33333	DB08059	Wortmannin	-0.22021452147414639	-1.0325067247167596	0.37554112554112556	0.610813492165081	U937
LJP009_NPC.CAS9_24H:G14	DB01254	Dasatinib	0.22750316857197625	1.0351279650100653	0.3757103211312277	0.610813492165081	NPC.CAS9
LJP007_NPC.TAK_24H:M23	DB12874	Quizartinib	-0.220584964883541	-1.038187634019151	0.3757504759115537	0.610813492165081	NPC.TAK
LJP008_NEU_24H:M04	DB02709	Resveratrol	0.19302934557321402	1.029257102520637	0.37610433319310055	0.6112106247842435	NEU
LJP007_NPC_24H:I20	DB13005	Rebastinib	-0.19731278587995435	-1.0286895825858922	0.3762287756925827	0.6112348105966565	NPC
CPC006_NOMO1_6H:BRD-K17561142-003-16-8:10	DB01118	Amiodarone	0.19542478744474248	1.0200626004155577	0.37671557027922387	0.611795984972879	NOMO1
CPC015_NPC_24H:BRD-K53737926-003-14-6:10	DB00321	Amitriptyline	0.19256826860437687	1.02292608233667	0.3767935121646912	0.611795984972879	NPC
CPC015_NPC_24H:BRD-K13926615-003-02-5:10	DB00862	Vardenafil	0.21233927737916727	1.0291421249810413	0.37690384178222325	0.6117970710803095	NPC
LJP007_NPC.CAS9_24H:D05	DB12494	SGI-1776	-0.21017066609947366	-1.0315649992441536	0.37739913826870347	0.6118737189721907	NPC.CAS9
NMH002_NPC_6H:BRD-K64994968-001-24-2:10	DB00396	Progesterone	0.19479129492530745	1.0243239245131468	0.37740112994350283	0.6118737189721907	NPC
LJP007_JURKAT_24H:N14	DB09330	Osimertinib	0.21082863265355634	1.0276591098638137	0.37749003984063745	0.6118737189721907	JURKAT
LJP007_NPC.TAK_24H:K22	DB01590	Everolimus	-0.20633498665546973	-1.0261503468423216	0.377528901734104	0.6118737189721907	NPC.TAK
CPC018_NPC_24H:BRD-A97730597-003-03-2:10	DB00473	Hexylcaine	-0.19781593551294577	-1.0249772938842387	0.37753971185814555	0.6118737189721907	NPC
CPC006_PL21_6H:BRD-K61250553-003-13-2:10	DB00836	Loperamide	0.21012163278619606	1.0326527610571337	0.3776091081593928	0.6118737189721907	PL21
NMH002_NEU_6H:BRD-A19037878-001-02-3:10	DB04297	Trichostatin A	-0.22285852413316906	-1.0318552718889413	0.3777912805711682	0.6119911597870347	NEU
CPC017_NPC_24H:BRD-K60640630-001-03-7:10	DB14512	Mometasone furoate	-0.19440441338908	-1.0253578212950334	0.37829293993677554	0.6124536121330336	NPC
LPROT001_NPC.TAK_6H:K20	DB00877	Sirolimus	-0.21841808724065861	-1.0309471386703137	0.37841997264021887	0.6124536121330336	NPC.TAK
LJP008_NPC_24H:M14	DB01262	Decitabine	0.1982685449162772	1.0233950926758786	0.3786823781467595	0.6124536121330336	NPC
CPC015_NPC_24H:BRD-A75402480-001-03-8:10	DB06780	Desoxycorticosterone acetate	-0.22351913851282199	-1.0350165340394615	0.3787651628731089	0.6124536121330336	NPC
LJP009_NPC.CAS9_24H:D16	DB16108	TAK-715	0.24069886561233628	1.04458816891234	0.37881508078994613	0.6124536121330336	NPC.CAS9
NMH001_NPC_24H:BRD-K70327167-348-11-8:10	DB04786	Suramin	0.20932310110801655	1.0318613491271207	0.3788196874271052	0.6124536121330336	NPC
NMH002_NPC_24H:BRD-K30466858-335-01-5:10	DB08846	Ellagic acid	-0.2108808216515222	-1.0294748161107439	0.3789782244556114	0.6124536121330336	NPC
LJP009_NPC.TAK_24H:I06	DB11798	Tanzisertib	-0.21381701706380118	-1.0320997142567172	0.3790636179810235	0.6124536121330336	NPC.TAK
CPC015_NPC_24H:BRD-A01320529-001-05-9:10	DB00938	Salmeterol	-0.22277781111246328	-1.0319855531920619	0.37910228108903604	0.6124536121330336	NPC
LJP008_NPC.TAK_24H:C10	DB13877	Iniparib	0.217964255650749	1.0338491300148416	0.379174543163201	0.6124536121330336	NPC.TAK
AML001_U937_6H:BRD-A75409952:0.37037	DB08059	Wortmannin	0.21637538204555964	1.0291533011837095	0.3793703252739607	0.6125108538205448	U937
LPROT003_NPC_6H:D05	DB11689	Selumetinib	0.19631894804952585	1.023504883618325	0.3794295592048401	0.6125108538205448	NPC
NMH002_NEU_6H:BRD-K35960502-001-16-8:10	DB06803	Niclosamide	-0.20625557883321177	-1.0274633407639893	0.3796514366462553	0.6126917457476014	NEU
CPC006_SKM1_6H:BRD-A58048407-001-10-5:10	DB00393	Nimodipine	-0.20815584383657457	-1.0258981538164196	0.379957127545552	0.6129600015211684	SKM1
CPC018_NPC_24H:BRD-A14798026-001-01-8:10	DB01357	Mestranol	-0.22725924743756742	-1.036344351182468	0.3800991231414411	0.6129600015211684	NPC
LJP007_NPC.CAS9_24H:I02	DB01268	Sunitinib	-0.2309462004330628	-1.0375954063251944	0.3802247758555373	0.6129600015211684	NPC.CAS9
LJP007_NPC_24H:K04	DB12064	BMS-777607	-0.20776554051230858	-1.024373644112767	0.3802571366310743	0.6129600015211684	NPC
LJP009_NEU_24H:D02	DB11775	PF-03758309	-0.22239970416943877	-1.0314573878100972	0.38073988772131856	0.6133718133718133	NEU
NMH001_NEU_6H:BRD-K81418486-001-28-5:10	DB02546	Vorinostat	-0.2327391797624894	-1.0388291030438381	0.38081209171256564	0.6133718133718133	NEU
LJP007_NPC.TAK_24H:I07	DB06589	Pazopanib	0.22913834303740382	1.0324663623032029	0.38085855031667837	0.6133718133718133	NPC.TAK
LPROT002_NPC.TAK_6H:M24	DB02010	Staurosporine	-0.1846753989835621	-1.0233170620232028	0.38095238095238093	0.6133718133718133	NPC.TAK
LPROT002_NPC.TAK_6H:G12	DB01234	Dexamethasone	0.21749399840578812	1.0286381514224234	0.3811525661236644	0.6135170705146923	NPC.TAK
CPC006_NOMO1_6H:BRD-K98548675-001-02-6:10	DB13063	Parthenolide	0.22273783121003216	1.0314177895030203	0.38127442140066126	0.6135361975755088	NOMO1
CPC015_NPC_24H:BRD-K18910433-001-05-1:10	DB00783	Estradiol	-0.173709774685987	-1.026146729888839	0.38179347826086957	0.6141942950453838	NPC
LJP008_NPC.TAK_24H:N09	DB02665	(1R,2S)-2-Phenylcyclopropanaminium	0.20952020252075285	1.0247001312025312	0.3821748607410995	0.6146305990413935	NPC.TAK
CPC006_U937_6H:BRD-K40892394-001-01-9:11.1	DB07002	4-({4-[(4-methoxypyridin-2-yl)amino]piperidin-1-yl}carbonyl)benzonitrile	-0.19671486056379334	-1.0220694098605256	0.38249516441005804	0.6149684502143267	U937
LJP009_NPC_24H:M14	DB06314	SGX-523	-0.21226689410553856	-1.0238320594001615	0.3826463391680783	0.6150342628114978	NPC
LJP007_NPC_24H:B16	DB12200	Tivantinib	-0.20656438617469136	-1.023703735172265	0.3830758426966292	0.6155472714298659	NPC
CPC013_NPC_24H:BRD-A19500257:10	DB02424	Geldanamycin	-0.23164458759843395	-1.0413483378712516	0.3836084234490609	0.6162255670666026	NPC
LPROT003_NPC_6H:P03	DB00175	Pravastatin	-0.21929937683889164	-1.0284244896417178	0.38397965670692946	0.6166443594611283	NPC
LJP009_NPC.TAK_24H:O05	DB07101	PD-0325901	-0.21904948875351626	-1.0301980279773844	0.38437081659973227	0.6170949023913399	NPC.TAK
LJP009_NPC.CAS9_24H:D17	DB16108	TAK-715	0.2194390337577137	1.0290094686859816	0.3846844151959318	0.6173943661971831	NPC.CAS9
LPROT003_NPC_6H:N21	DB02010	Staurosporine	-0.18720181138602285	-1.0269909759653681	0.3849721706864564	0.6173943661971831	NPC
LPROT002_NPC.TAK_6H:C06	DB00773	Etoposide	-0.2127873670136631	-1.0241092995951813	0.3849844764324019	0.6173943661971831	NPC.TAK
CPC016_NEU_24H:BRD-K07762753-001-02-8:10	DB07379	(2S)-2-({6-[(3-Amino-5-chlorophenyl)amino]-9-isopropyl-9H-purin-2-yl}amino)-3-methyl-1-butanol	-0.18805475252025913	-1.0257421482328943	0.385	0.6173943661971831	NEU
LJP009_NEU_24H:I18	DB12146	Rigosertib	-0.2224886654058971	-1.0313737260585207	0.38570437196391394	0.6183461756283551	NEU
LJP009_NPC.TAK_24H:D21	DB13061	MLN8054	-0.2053185577712414	-1.0216966188473093	0.38601660862577014	0.6184459755315735	NPC.TAK
CPC018_NPC_24H:BRD-K00824317-001-03-0:10	DB00846	Flurandrenolide	-0.18458857118294766	-1.0244701151628532	0.38613861386138615	0.6184459755315735	NPC
CPC015_NPC_24H:BRD-A42571354-300-07-0:10	DB06282	Levocetirizine	0.19962157737596603	1.0139769794209759	0.38630027877339707	0.6184459755315735	NPC
LJP008_NPC.TAK_24H:J02	DB12116	Epigallocatechin gallate	0.19132932465991612	1.0228731861397922	0.38634658664666166	0.6184459755315735	NPC.TAK
CPC006_THP1_6H:BRD-A13084692-001-04-1:10	DB08607	(5R)-5-(4-{[(2R)-6-HYDROXY-2,5,7,8-TETRAMETHYL-3,4-DIHYDRO-2H-CHROMEN-2-YL]METHOXY}BENZYL)-1,3-THIAZOLIDINE-2,4-DIONE	0.21590589284598652	1.028032186663796	0.38642297650130547	0.6184459755315735	THP1
LJP007_NPC.CAS9_24H:D21	DB06616	Bosutinib	-0.22496697147282432	-1.0269889876521259	0.38643200962695545	0.6184459755315735	NPC.CAS9
AML001_U937_6H:BRD-K43389675:10	DB00694	Daunorubicin	-0.20167357750247397	-1.026198949369223	0.3865425912670007	0.6184459755315735	U937
LJP008_NPC.TAK_24H:J01	DB12116	Epigallocatechin gallate	0.2050200920041094	1.0218693087314699	0.3867369073442826	0.6185156112206194	NPC.TAK
CPC014_NPC_24H:BRD-K07736136-001-01-2:10	DB05470	VX-702	-0.21146286703899295	-1.025027330167043	0.3869481765834933	0.6185156112206194	NPC
CPC015_NPC_24H:BRD-A68930007-001-03-1:10	DB01092	Ouabain	-0.18387981671572656	-1.0201336165740762	0.387	0.6185156112206194	NPC
LJP007_NPC.TAK_24H:I03	DB01268	Sunitinib	-0.22963481923905418	-1.0357875421863052	0.3870343492985002	0.6185156112206194	NPC.TAK
LJP009_NPC.TAK_24H:E21	DB08901	Ponatinib	-0.20766143072476842	-1.0249091290796624	0.3871404399323181	0.6185156112206194	NPC.TAK
AML001_HL60_24H:BRD-K71879491:0.37037	DB00982	Isotretinoin	0.19805972124769777	1.0336793906590391	0.38766101694915256	0.6187505914168901	HL60
CPC006_NOMO1_6H:BRD-K49456190-001-01-0:10	DB11684	APR-246	-0.1831135926230945	-1.0211509180457143	0.3877159309021113	0.6187505914168901	NOMO1
LJP009_NPC_24H:D23	DB13061	MLN8054	-0.20527071468337105	-1.0215801958985657	0.3879981676591846	0.6187505914168901	NPC
NMH002_NPC_24H:BRD-A02006392-001-12-3:10	DB01054	Nitrendipine	-0.23116470086310026	-1.0423129784621807	0.3880153930731171	0.6187505914168901	NPC
NMH002_NEU_24H:BRD-K52313696-001-10-7:10	DB12291	Tacedinaline	-0.2019119790336753	-1.0230136454393264	0.3881441139505656	0.6187505914168901	NEU
LJP007_NEU_24H:D10	DB08875	Cabozantinib	-0.20331733135219265	-1.0251943420465413	0.3882332820249701	0.6187505914168901	NEU
CPC006_WSUDLCL2_6H:BRD-A56359832-001-03-8:160	DB00744	Zileuton	-0.2172748680965045	-1.0257333108382207	0.38832841843861554	0.6187505914168901	WSUDLCL2
NMH002_NEU_6H:BRD-K01567962-001-16-4:10	DB01782	Pyrazolanthrone	0.19315537078180392	1.021607645393234	0.38833958404364133	0.6187505914168901	NEU
CPC017_NPC_24H:BRD-A73581086-001-01-3:10	DB01253	Ergometrine	0.2124900881862955	1.0258853227412847	0.38838348495451364	0.6187505914168901	NPC
CPC006_PL21_6H:BRD-A71390734-001-01-7:0.08	DB01177	Idarubicin	-0.22071103571212072	-1.0259487261134126	0.38839658919913056	0.6187505914168901	PL21
NMH002_NPC_6H:BRD-K06902185-001-13-6:10	DB00350	Minoxidil	-0.21252984824144108	-1.0254758594832853	0.3890702869908919	0.6196469115393052	NPC
CPC006_THP1_6H:BRD-K91623615-001-01-9:10	DB12254	ABT-751	0.20496427255357622	1.0208583638665822	0.3893771494077188	0.6196673750658954	THP1
LJP009_NEU_24H:B08	DB12242	AZD-7762	0.21354447957084913	1.025327934949049	0.3894300144300144	0.6196673750658954	NEU
LJP007_JURKAT_24H:J21	DB03044	Doramapimod	-0.21040047494429198	-1.0216585046368198	0.38956282902265965	0.6196673750658954	JURKAT
CPC018_NPC_24H:BRD-K54142781-003-02-7:10	DB09202	Cirazoline	0.1997426636602884	1.018839821677009	0.38958496476115895	0.6196673750658954	NPC
CPC013_NEU_24H:BRD-K23984367-075-05-3:10	DB15414	CM-4307	-0.2313810195529093	-1.0370965189579768	0.38963849287169044	0.6196673750658954	NEU
PCLB001_JURKAT_24H:BRD-K36452089-001-01-8:0.63	DB07726	t-Butylhydroquinone	-0.23499784280490196	-1.0375646044992066	0.3897580191333708	0.6196808175392066	JURKAT
LJP008_NPC_24H:G10	DB02546	Vorinostat	-0.21847268084973082	-1.027482263055648	0.39025198938992045	0.6202612142510959	NPC
NMH002_NPC_6H:BRD-K37270826-001-21-9:10	DB00834	Mifepristone	-0.20929152044093582	-1.0200576013311895	0.390359168241966	0.6202612142510959	NPC
LJP009_NPC.CAS9_24H:I03	DB11798	Tanzisertib	-0.19829529488770328	-1.0176828158888753	0.3905203503348789	0.6202612142510959	NPC.CAS9
CPC015_NPC_24H:BRD-K38197229-001-17-4:10	DB00887	Bumetanide	-0.20179407002364486	-1.0224220027480366	0.3906093906093906	0.6202612142510959	NPC
CPC006_NOMO1_6H:BRD-K11853856-003-01-3:10	DB08348	N~2~,N~2~-DIMETHYL-N~1~-(6-OXO-5,6-DIHYDROPHENANTHRIDIN-2-YL)GLYCINAMIDE	-0.20811842541393802	-1.0217177825733958	0.39069767441860465	0.6202612142510959	NOMO1
LJP008_NPC_24H:I03	DB16239	Molibresib	-0.2264822347143283	-1.0331291536062706	0.3907901358832411	0.6202612142510959	NPC
LJP009_NEU_24H:H11	DB08912	Dabrafenib	0.22087132741739454	1.0303729162123267	0.39102384291725106	0.6204556369838862	NEU
CPC014_NPC_24H:BRD-K81062487-001-01-7:10	DB04348	Taurocholic acid	-0.23696143048423032	-1.036385749718453	0.3920684472193317	0.621936271548664	NPC
LJP009_NPC.CAS9_24H:E09	DB01782	Pyrazolanthrone	-0.21159804035543398	-1.0217001690970313	0.39230358097274187	0.6219628288361119	NPC.CAS9
CPC016_NPC_24H:BRD-K61496577-001-03-8:10	DB00663	Flumethasone	0.18627126260998683	1.017938765548082	0.39244310863031345	0.6219628288361119	NPC
CPC017_NPC_24H:BRD-K89210380-001-03-8:10	DB04650	5-[(3AS,4R,6AR)-2-OXOHEXAHYDRO-1H-THIENO[3,4-D]IMIDAZOL-4-YL]PENTANOIC ACID	0.2110251071172409	1.0218194734431199	0.39246613471887176	0.6219628288361119	NPC
NMH002_NPC_24H:BRD-K06902185-001-13-6:10	DB00350	Minoxidil	0.17949515989317075	1.0207227354198916	0.3925311203319502	0.6219628288361119	NPC
CPC016_NEU_24H:BRD-A75409952:10	DB08059	Wortmannin	-0.2184046848572076	-1.029099124512118	0.3932059447983015	0.6227174330927934	NEU
LJP008_NPC_24H:H14	DB11841	Entinostat	0.20847693019224953	1.0200562197871867	0.3932305998899285	0.6227174330927934	NPC
LJP009_NEU_24H:O20	DB07232	Veliparib	0.2380798405592895	1.0356417856141518	0.39338785854164265	0.6227896886503475	NEU
LJP007_NPC_24H:H10	DB09053	Ibrutinib	0.1972830328538519	1.018164113358093	0.3937984496124031	0.623226266010632	NPC
AML001_U937_6H:BRD-A45664787:1.11111	DB01088	Iloprost	-0.225170742261612	-1.0292305773844916	0.3938870431893688	0.623226266010632	U937
LJP008_NEU_24H:K23	DB12332	Rucaparib	-0.22724771634050525	-1.0262432514660613	0.3942472810532341	0.623619387863905	NEU
LJP007_NPC.CAS9_24H:A14	DB12742	Amuvatinib	-0.21289483228619918	-1.0228673371337502	0.3946451494590134	0.6238308739453969	NPC.CAS9
LJP007_NEU_24H:M05	DB07794	5-(2-PHENYLPYRAZOLO[1,5-A]PYRIDIN-3-YL)-1H-PYRAZOLO[3,4-C]PYRIDAZIN-3-AMINE	0.18039790506312997	1.0197953168592369	0.3946553059643687	0.6238308739453969	NEU
CPC016_NPC_24H:BRD-K95763993-001-03-7:10	DB09283	Trapidil	-0.22672768455128045	-1.0321303750234825	0.3947923997185081	0.6238308739453969	NPC
CPC006_THP1_6H:BRD-K01292756-001-10-2:10	DB01100	Pimozide	-0.22728968909851066	-1.02818977589623	0.39482825164029334	0.6238308739453969	THP1
NMH001_NEU_6H:BRD-K90259198-001-01-8:10	DB04513	N-(6-Aminohexyl)-5-Chloro-1-Naphthalenesulfonamide	-0.20690501275737871	-1.0164137386469023	0.39657701711491444	0.6262082407153582	NEU
CPC015_NPC_24H:BRD-A58048407-001-09-7:10	DB00393	Nimodipine	-0.23883383390724552	-1.0374848148813967	0.39664082687338503	0.6262082407153582	NPC
LJP008_NPC_24H:M13	DB01262	Decitabine	-0.2229439561037163	-1.0282008216303178	0.3966696402022004	0.6262082407153582	NPC
CPC017_NPC_24H:BRD-K89595132-050-03-0:10	DB13679	Dexchlorpheniramine	-0.1843157168553256	-1.0152791563340005	0.3967935871743487	0.6262267108474374	NPC
CPC006_THP1_6H:BRD-K06980535-003-15-0:10	DB00420	Promazine	0.22809693029435663	1.0296908245768648	0.39694072657743784	0.626281762889006	THP1
LJP008_NPC.CAS9_24H:K09	DB11962	GSK-1059615	0.23609545423119582	1.034383787095312	0.3975231507307821	0.6269148460358184	NPC.CAS9
CPC006_U937_6H:BRD-K56851771-001-02-7:0.25	DB08899	Enzalutamide	-0.20703772192220735	-1.0211287337380435	0.39756671899529045	0.6269148460358184	U937
CPC018_NPC_24H:BRD-K50859149-001-10-4:10	DB00263	Sulfisoxazole	0.2204241389821302	1.028136799958214	0.39770473221875885	0.6269552701464978	NPC
LJP007_NPC_24H:C05	DB11800	Tivozanib	-0.2377324687167429	-1.0332631704347093	0.39786305147058826	0.6270276734899468	NPC
LJP007_NPC.TAK_24H:D21	DB06616	Bosutinib	-0.2251618257178729	-1.0264320127082511	0.3982596084118927	0.6274753898135976	NPC.TAK
LJP009_NPC.TAK_24H:L19	DB12588	AZD-1480	-0.19356311233058587	-1.0139658720209268	0.398538961038961	0.6277382449566243	NPC.TAK
NMH002_NEU_24H:BRD-A75409952-001-06-5:10	DB08059	Wortmannin	0.22449728123750065	1.0227020916277425	0.3987721302113078	0.6279282287465103	NEU
CPC014_NPC_24H:BRD-K98372770-001-04-1:10	DB08078	{4-[3-(4-acetyl-3-hydroxy-2-propylphenoxy)propoxy]phenoxy}acetic acid	0.2272191348902124	1.0267777028848388	0.39909998593728024	0.6282671618352389	NPC
CPC013_NEU_24H:BRD-K66876909-001-04-3:10	DB00601	Linezolid	-0.20692396464792023	-1.0193130605109992	0.3994670542635659	0.6286340013057736	NEU
CPC006_U937_6H:BRD-K53414658-001-01-7:10	DB11800	Tivozanib	-0.23140907344559855	-1.032608902773598	0.39960698185180904	0.6286340013057736	U937
LJP009_NEU_24H:B19	DB16107	BI 2536	-0.20067844851486843	-1.0160322082142705	0.3996710526315789	0.6286340013057736	NEU
CPC006_PL21_6H:BRD-A04352665-001-01-2:10	DB04835	Maraviroc	-0.2267956618810105	-1.0296940781391102	0.4002392344497608	0.6293502505623494	PL21
LJP007_NEU_24H:F13	DB12247	AZD-4547	-0.2177606874805419	-1.0220408995135255	0.400396432111001	0.6294200323322837	NEU
CPC006_U937_6H:BRD-K15563106-001-08-1:177.6	DB07810	Phloretin	0.22336049320156387	1.0281721470438634	0.40104956268221575	0.6302691578039668	U937
AML001_HL60_24H:BRD-K27316855:3.33333	DB00136	Calcitriol	-0.20693357262858697	-1.0252682267440727	0.40161242161839356	0.6309759786564398	HL60
CPC018_NPC_24H:BRD-K77554836-001-03-3:10	DB00620	Triamcinolone	0.1884912294582158	1.0179462822029888	0.4020618556701031	0.6315042490944552	NPC
LPROT002_NPC.TAK_6H:K24	DB12369	Sotrastaurin	0.20437101894202722	1.0155711625765753	0.40248756218905474	0.6319949646644346	NPC.TAK
CPC006_PL21_6H:BRD-K68185022-001-06-4:70.07	DB15588	Ursolic acid	0.2112557359369845	1.0214594052556252	0.4026750590086546	0.6321114671382341	PL21
LJP007_NEU_24H:K20	DB01590	Everolimus	0.18562757242668074	1.014706139534396	0.403076171875	0.6325631400536216	NEU
CPC018_NPC_24H:BRD-M41783010-238-01-9:10	DB00659	Acamprosate	0.21015090760979957	1.0167551269184028	0.4033575317604356	0.6325795583293495	NPC
LJP009_NPC.CAS9_24H:G17	DB01254	Dasatinib	0.22940484401376854	1.030997348115161	0.4033674082982562	0.6325795583293495	NPC.CAS9
CPC015_NPC_24H:BRD-A25234499-001-09-2:10	DB00357	Aminoglutethimide	0.1708324423887636	1.013779826319074	0.40342679127725856	0.6325795583293495	NPC
LJP009_NEU_24H:K10	DB11962	GSK-1059615	0.2167417734569954	1.0233549178261225	0.40367658048124344	0.6327933808667764	NEU
LJP008_NPC.CAS9_24H:B03	DB00877	Sirolimus	-0.20892916147625593	-1.0177442162799502	0.404266255461321	0.6334043169920209	NPC.CAS9
LJP008_NEU_24H:M15	DB01262	Decitabine	0.18137044123990947	1.020098584926125	0.40429338103756707	0.6334043169920209	NEU
CPC016_NEU_24H:BRD-K59058766-003-15-1:10	DB01239	Chlorprothixene	-0.19518473720191248	-1.0131592988500475	0.4049623393885689	0.6342742536352683	NEU
CPC013_NEU_24H:BRD-K82164249-001-01-9:10	DB07423	Andarine	0.22405881237134417	1.0248214978126156	0.4051040967092008	0.6343182025092987	NEU
LJP009_NPC.CAS9_24H:K12	DB11962	GSK-1059615	0.2348646918557563	1.0306887750848728	0.40542099192618225	0.6346362833771523	NPC.CAS9
LPROT003_NPC_6H:F19	DB00480	Lenalidomide	0.19105451341246993	1.02245568984794	0.4056517775752051	0.6347951692043736	NPC
CPC016_NPC_24H:BRD-A19195498-050-09-1:10	DB00726	Trimipramine	0.20507278110633176	1.0151881198002728	0.405750057964294	0.6347951692043736	NPC
LJP009_NPC.CAS9_24H:B24	DB16107	BI 2536	-0.21400762248067512	-1.0191091641968981	0.4063852006564225	0.635610606801845	NPC.CAS9
CPC006_THP1_6H:BRD-A23770159-001-02-3:11.1	DB00877	Sirolimus	0.20391589667348725	1.0130239664158804	0.40662796323173683	0.6356944055290931	THP1
CPC016_NPC_24H:BRD-A42649439-001-02-8:10	DB12405	Triciribine	0.19806737929706078	1.0118445427261606	0.4066666666666667	0.6356944055290931	NPC
CPC006_U937_6H:BRD-A67373739-001-01-4:10	DB01700	AICA ribonucleotide	-0.21965036448944905	-1.0275807613591386	0.4068974072695695	0.6358190170124653	U937
NMH001_NEU_6H:BRD-K32814891-001-01-1:10	DB12395	Esreboxetine	-0.2123815697145544	-1.0178207688407248	0.4069743161411568	0.6358190170124653	NEU
NMH001_NEU_24H:BRD-K60511616-001-01-2:10	DB00175	Pravastatin	0.19877921766190992	1.0172020809075757	0.4075076090632398	0.6364739504377981	NEU
LJP007_JURKAT_24H:N16	DB09330	Osimertinib	-0.20342643734207272	-1.0162517111044407	0.4076467420570813	0.6365130629545078	JURKAT
NMH002_NPC_24H:BRD-A84228258-001-03-6:10	DB07348	Brefeldin A	-0.19217609563298468	-1.0207032768279058	0.408327246165084	0.6373972317725247	NPC
CPC006_PL21_6H:BRD-K16406336-311-01-2:10	DB08167	Methylthioninium	-0.22873291141373953	-1.0263596885676403	0.40886392009987516	0.6379358527687385	PL21
DOSBIO001_NEU_24H:BRD-A75409952:1.11111	DB08059	Wortmannin	0.2122660796845361	1.023211954520864	0.4089681253376553	0.6379358527687385	NEU
LJP007_NPC_24H:I11	DB06589	Pazopanib	-0.20928595385617568	-1.0172312864958433	0.4090153334564936	0.6379358527687385	NPC
CPC006_WSUDLCL2_6H:BRD-A45889380-300-04-8:10	DB01103	Quinacrine	0.2169082856023008	1.015963378081579	0.40944107523356826	0.6384213970732469	WSUDLCL2
LJP007_JURKAT_24H:I14	DB11526	Masitinib	-0.21130900446217188	-1.0152642510780538	0.409672131147541	0.6386031907438198	JURKAT
LJP009_NPC.TAK_24H:D15	DB16108	TAK-715	-0.2142599552426564	-1.0162574883732007	0.40986964618249533	0.6387326134223859	NPC.TAK
NMH002_NEU_6H:BRD-K37270826-001-21-9:10	DB00834	Mifepristone	0.2091022893925898	1.014769265504184	0.41023906179521874	0.6391297754134391	NEU
NMH001_NPC_6H:BRD-K47029922-001-02-0:10	DB02665	(1R,2S)-2-Phenylcyclopropanaminium	0.2179917494267626	1.0210871675359112	0.41104110411041106	0.6402005359664945	NPC
PCLB001_JURKAT_6H:BRD-K07572174-001-22-0:1.11	DB11672	Curcumin	-0.23426442158309219	-1.033921046799519	0.41124291973923266	0.640336100816405	JURKAT
LJP008_NPC_24H:A07	DB07232	Veliparib	0.2123152150862851	1.0147858780248615	0.411485870556062	0.6405356227210575	NPC
LJP009_NPC.TAK_24H:D04	DB11775	PF-03758309	0.22209463755130238	1.0129429808015296	0.41164658634538154	0.6406070586390192	NPC.TAK
LJP009_NPC.TAK_24H:N07	DB08896	Regorafenib	0.224832050476598	1.0172680952968323	0.4118133686300463	0.6406878928017368	NPC.TAK
CPC018_NPC_24H:BRD-K27351809-001-02-0:10	DB13981	Nomegestrol acetate	0.1787486740875516	1.0187005073438167	0.4125874125874126	0.641461299584917	NPC
LJP007_NPC.CAS9_24H:N18	DB09330	Osimertinib	-0.2064981554703564	-1.0136017061249736	0.41263310745401743	0.641461299584917	NPC.CAS9
CPC014_NEU_24H:BRD-K81783531-001-01-4:10	DB11954	Lomibuvir	0.2313512698761307	1.0217939649120198	0.4126554228733227	0.641461299584917	NEU
LJP007_NPC_24H:I24	DB13005	Rebastinib	0.219067189657716	1.0211679523255435	0.41290996994642626	0.6416781956354073	NPC
CPC015_NPC_24H:BRD-A94709349-001-03-4:10	DB00660	Metaxalone	0.1999706409250303	1.0122801348002026	0.41346877351392025	0.6423676656736733	NPC
LJP007_NPC.TAK_24H:I08	DB06589	Pazopanib	-0.20454454187015497	-1.0146857585997864	0.4137254901960784	0.6425875584086641	NPC.TAK
CPC014_NEU_24H:BRD-K66956375-001-05-5:10	DB16495	Oleic monoethanolamide	-0.19447891106799733	-1.0121052559074537	0.4140363906424062	0.6426253960991646	NEU
LJP009_NPC.TAK_24H:O22	DB07232	Veliparib	0.22582478166219008	1.0240148467178944	0.4141065028161802	0.6426253960991646	NPC.TAK
LJP007_NPC.TAK_24H:M09	DB05575	Motesanib	-0.20521904888972342	-1.0113692026650074	0.4144598570828079	0.6426253960991646	NPC.TAK
CPC015_NPC_24H:BRD-K09631521-001-05-7:10	DB04572	Thiotepa	-0.22625098633135118	-1.0253578526783695	0.4144966745575471	0.6426253960991646	NPC
CPC006_U937_6H:BRD-K41895714-001-02-2:10	DB04769	5-QUINOXALIN-6-YLMETHYLENE-THIAZOLIDINE-2,4-DIONE	-0.21737620556990073	-1.0156064945300745	0.414534609951342	0.6426253960991646	U937
NMH001_NEU_6H:BRD-K03243820-001-16-2:10	DB00432	Trifluridine	-0.22675837043363428	-1.0217609556653604	0.4145850597845389	0.6426253960991646	NEU
CPC006_PL21_6H:BRD-K76205745-237-05-8:160	DB00678	Losartan	0.20691886807681312	1.0139776105141551	0.4146672702580353	0.6426253960991646	PL21
LJP009_NEU_24H:E23	DB08901	Ponatinib	-0.22099495102931418	-1.0177785346579618	0.4146713436022571	0.6426253960991646	NEU
LJP007_NEU_24H:D08	DB08875	Cabozantinib	0.1990460139443859	1.009284240865676	0.41567501025851455	0.6439009507445906	NEU
LJP007_NPC_24H:D05	DB12494	SGI-1776	0.1959284589820958	1.0130485950605892	0.4157252598282874	0.6439009507445906	NPC
LJP007_NPC.CAS9_24H:H12	DB09053	Ibrutinib	-0.19879147749610926	-1.011200030015999	0.41589648798521256	0.6439873734303361	NPC.CAS9
CPC006_PL21_6H:BRD-K87142802-001-02-7:10	DB07232	Veliparib	-0.18825171243171654	-1.0101925150530047	0.4164319248826291	0.6446189129271462	PL21
CPC015_NPC_24H:BRD-K89375097-300-06-2:10	DB00670	Pirenzepine	0.18530347289846882	1.0070594778623663	0.41653543307086616	0.6446189129271462	NPC
CPC015_NPC_24H:BRD-K52397688-001-01-9:10	DB08927	Amperozide	-0.20448290787355544	-1.0125033428328363	0.41680280046674445	0.6448538058247274	NPC
CPC017_NPC_24H:BRD-K73391359-003-03-7:10	DB13683	Quinisocaine	0.19356790913579683	1.0115619706408894	0.4172998246639392	0.645379711672664	NPC
LJP007_NPC.TAK_24H:B08	DB07970	5-[(2-methyl-5-{[3-(trifluoromethyl)phenyl]carbamoyl}phenyl)amino]pyridine-3-carboxamide	-0.2089117605548064	-1.0115587048088879	0.4173821989528796	0.645379711672664	NPC.TAK
LJP008_NPC.CAS9_24H:G09	DB02546	Vorinostat	-0.22766808117764945	-1.0249496040849744	0.41748976150325223	0.645379711672664	NPC.CAS9
CPC006_SKM1_6H:BRD-A56359832-001-03-8:160	DB00744	Zileuton	-0.21147113484403524	-1.018016728876217	0.4177583697234352	0.6456160511598463	SKM1
LJP007_JURKAT_24H:P17	DB05294	Vandetanib	-0.21655301913126734	-1.0127924698025674	0.4179452968645764	0.645677609018078	JURKAT
LJP007_NPC.CAS9_24H:K01	DB12064	BMS-777607	0.20453676348164251	1.0121041005112588	0.41802966907569417	0.645677609018078	NPC.CAS9
CPC013_NPC_24H:BRD-K61192372-001-01-4:10	DB01101	Capecitabine	0.1963267961780656	1.0122464493242993	0.41861761426978816	0.6464067727681008	NPC
LJP008_NPC.CAS9_24H:P15	DB11662	Rabusertib	0.20794107204077922	1.0090696329652897	0.41876892028254287	0.6464614848523261	NPC.CAS9
LJP007_NEU_24H:L11	DB11836	Sapanisertib	0.24722253043929088	1.0310056507943726	0.41909871244635194	0.6466909885259661	NEU
LJP009_NPC_24H:D15	DB16108	TAK-715	-0.2068268268890024	-1.0116076324469843	0.41914942005913125	0.6466909885259661	NPC
LJP008_NEU_24H:H15	DB11841	Entinostat	-0.22168468955524342	-1.0174440460003207	0.41974953217216066	0.6472676005668134	NEU
CPC006_PL21_6H:BRD-K50590187-001-10-8:160	DB09120	Zucapsaicin	-0.21220552246000016	-1.0111944450258739	0.41975518531111866	0.6472676005668134	PL21
CPC014_NEU_24H:BRD-K64052750-001-05-0:10	DB00317	Gefitinib	0.20351158385819454	1.00820321322716	0.4205400619743249	0.6482987028888529	NEU
CPC016_NPC_24H:BRD-A94669766-001-04-2:10	DB03467	Naringenin	-0.22517918624902167	-1.0282747063124398	0.42113803548247514	0.6490411878333504	NPC
CPC016_NPC_24H:BRD-K96720755-001-01-8:10	DB13929	Relcovaptan	-0.19436871055908625	-1.0074005370148347	0.42134831460674155	0.6491859285255485	NPC
LJP008_NPC_24H:G15	DB01254	Dasatinib	0.21822243963430732	1.0143719597595418	0.42166569598136283	0.6494955598785266	NPC
CPC006_SKM1_6H:BRD-A75817871-001-04-2:40	DB01944	(S)-blebbistatin	-0.2128331304203042	-1.0139292616745206	0.42212997423418264	0.6500312244693638	SKM1
LJP008_NEU_24H:K19	DB12332	Rucaparib	-0.23805405322491166	-1.0227766760411305	0.4223246402877698	0.6501471569717987	NEU
NMH002_NEU_6H:BRD-A02006392-001-12-3:10	DB01054	Nitrendipine	0.19755571976651473	1.0106330591552053	0.422438330170778	0.6501471569717987	NEU
CPC018_NPC_24H:BRD-K83597974-003-15-6:10	DB01626	Pargyline	-0.22325377367007612	-1.0155661260730153	0.42267766835240883	0.6503361036233009	NPC
LJP007_NPC.CAS9_24H:K11	DB11962	GSK-1059615	0.22850991337099497	1.0169703060736217	0.42281368821292775	0.6503660233084985	NPC.CAS9
CPC006_U937_6H:BRD-K92991072-001-02-3:10	DB13048	PAC-1	0.19854378446687598	1.0084714629409455	0.42378167641325537	0.6516728228902496	U937
NMH002_NPC_24H:BRD-K81062487-001-03-3:10	DB04348	Taurocholic acid	-0.21286948676788248	-1.0182737258746877	0.42389687654933067	0.6516728228902496	NPC
NMH002_NPC_6H:BRD-K01638814-050-01-2:10	DB11738	Rilmenidine	-0.21952618954046352	-1.0168145485784856	0.4242217367558711	0.6517957893806465	NPC
LJP008_NPC.TAK_24H:L16	DB08756	Y-27632	0.19561602672286496	1.0101732517366342	0.42425479787668435	0.6517957893806465	NPC.TAK
CPC013_NEU_24H:BRD-K63068307-001-01-4:10	DB12904	ZSTK-474	0.21221237660836534	1.012375138372586	0.42457142857142854	0.6517957893806465	NEU
CPC006_WSUDLCL2_6H:BRD-K06980535-003-15-0:10	DB00420	Promazine	0.20709759162189345	1.0087592737786837	0.4246949936895246	0.6517957893806465	WSUDLCL2
LJP007_NEU_24H:F03	DB12848	PF-04217903	0.196838102051754	1.0061768322444582	0.4247720364741641	0.6517957893806465	NEU
LJP008_NPC_24H:D19	DB13978	Selisistat	-0.19690179899495255	-1.0119289344266733	0.42488262910798125	0.6517957893806465	NPC
CPC006_THP1_6H:BRD-K28307902-001-10-0:28.96	DB00499	Flutamide	0.22234625990764725	1.0150178251777948	0.42490891917420054	0.6517957893806465	THP1
NMH001_NEU_6H:BRD-A14240607-001-01-8:10	DB13251	Octopamine	0.19075585788171462	1.0096889577159371	0.42500854116843184	0.6517957893806465	NEU
LPROT003_NPC_6H:D13	DB11899	MK-8776	-0.2265223638145636	-1.0198120595808746	0.42514383645489046	0.6517957893806465	NPC
LPROT003_NPC_6H:D03	DB11689	Selumetinib	-0.22690108603322787	-1.0159675348264237	0.42514516536228225	0.6517957893806465	NPC
LJP008_NPC.CAS9_24H:A21	DB11740	MK-1775	-0.19479781067020938	-1.0081488334141868	0.42584562012142235	0.6526903062245646	NPC.CAS9
LJP007_JURKAT_24H:D11	DB08875	Cabozantinib	0.2176982181785646	1.0147715560288344	0.4260265700483092	0.6527052131867855	JURKAT
NMH001_NEU_6H:BRD-A95696066-001-01-7:10	DB09186	Nisoxetine	-0.21196607475674822	-1.0095199932526624	0.42618741976893454	0.6527052131867855	NEU
LJP008_NPC.TAK_24H:M02	DB02709	Resveratrol	-0.24111657161786695	-1.0254459014445876	0.4263152389917373	0.6527052131867855	NPC.TAK
LJP007_JURKAT_24H:M04	DB07794	5-(2-PHENYLPYRAZOLO[1,5-A]PYRIDIN-3-YL)-1H-PYRAZOLO[3,4-C]PYRIDAZIN-3-AMINE	-0.19889836692827612	-1.0089706909071932	0.4263233190271817	0.6527052131867855	JURKAT
LJP008_NPC_24H:I10	DB11830	Mocetinostat	0.20877310936062887	1.0078395973762264	0.426500508646999	0.6527973491746523	NPC
CPC018_NPC_24H:BRD-K01663662-003-03-8:10	DB01231	Diphenidol	0.23025789785480075	1.0193077106608313	0.42710280373831777	0.6535399182819733	NPC
NMH001_NEU_6H:BRD-K95739795-001-02-9:10	DB12161	Deutetrabenazine	0.1845201306888798	1.012511820578867	0.4275265957446808	0.6536077169009766	NEU
DOSBIO001_NPC_24H:BRD-A19037878:0.37037	DB04297	Trichostatin A	0.2109079678388823	1.0071572231884482	0.4276315789473684	0.6536077169009766	NPC
DOSBIO002_NEU_24H:BRD-A90490067:10	DB00947	Fulvestrant	0.21692040686143282	1.0121159451830337	0.42772062804547917	0.6536077169009766	NEU
CPC014_NPC_24H:BRD-K10916986-001-01-6:10	DB00361	Vinorelbine	-0.19717021352777253	-1.006339448005443	0.4278592375366569	0.6536077169009766	NPC
CPC006_SKM1_6H:BRD-K78659596-001-01-3:10	DB09570	Ixazomib	0.23243122246275927	1.0263245272770278	0.4279317697228145	0.6536077169009766	SKM1
CPC006_THP1_6H:BRD-K76964878-001-01-8:24	DB13978	Selisistat	-0.22632770228203192	-1.0160688091844012	0.4280597752253921	0.6536077169009766	THP1
CPC006_NOMO1_6H:BRD-A34817987-001-11-8:10	DB01167	Itraconazole	-0.21192286795632148	-1.010503390296602	0.4281081081081081	0.6536077169009766	NOMO1
CPC006_WSUDLCL2_6H:BRD-K56851771-001-02-7:0.25	DB08899	Enzalutamide	-0.20939863970463066	-1.008066512445225	0.42819794584500465	0.6536077169009766	WSUDLCL2
LJP009_NPC.TAK_24H:D20	DB13061	MLN8054	0.20713864058852763	1.0068547941300297	0.4282015065913371	0.6536077169009766	NPC.TAK
DOSBIO001_NEU_24H:BRD-A75409952:0.37037	DB08059	Wortmannin	0.21219706096442012	1.0117650946235754	0.4286637582808208	0.6541343291708696	NEU
LJP007_NPC.CAS9_24H:F16	DB12247	AZD-4547	-0.1903760147500416	-1.0009984828132643	0.4287878787878788	0.6541448115279124	NPC.CAS9
CPC014_NPC_24H:BRD-K71879491-001-22-6:10	DB00982	Isotretinoin	-0.22303872510914208	-1.0131637438333354	0.4296039317721885	0.6552105892173427	NPC
LJP009_NPC.CAS9_24H:H09	DB08912	Dabrafenib	-0.20155313081481277	-1.007527429151748	0.4298056155507559	0.6553208561919095	NPC.CAS9
LJP007_NPC.TAK_24H:I11	DB06589	Pazopanib	-0.20646213215826525	-1.00608885533171	0.4299111549851925	0.6553208561919095	NPC.TAK
CPC006_WSUDLCL2_6H:BRD-K89732114-001-05-9:10	DB00831	Trifluoperazine	-0.2097597613180827	-1.0102269624281146	0.4301258075484529	0.655468964849172	WSUDLCL2
LJP007_NPC.CAS9_24H:F06	DB12848	PF-04217903	-0.21223041052485328	-1.010647963019169	0.43040488922841863	0.6557151493733882	NPC.CAS9
LJP008_NPC_24H:K24	DB12332	Rucaparib	0.22228810939783292	1.0131704856274724	0.43111225673411524	0.6566135081407668	NPC
CPC006_NOMO1_6H:BRD-K54233340-300-01-0:10	DB08597	Dorsomorphin	-0.1877990838562012	-1.0063545168683048	0.4316546762589928	0.6571942606426914	NOMO1
CPC015_NPC_24H:BRD-K59753853-001-01-5:10	DB04175	Mdl-29951	-0.18976400184004952	-1.0037118391477926	0.43179950698438785	0.6571942606426914	NPC
CPC015_NPC_24H:BRD-K92428153-001-01-0:10	DB00688	Mycophenolate mofetil	-0.2112909301681681	-1.0122064504335135	0.4318469545646364	0.6571942606426914	NPC
LJP009_NPC.CAS9_24H:G15	DB01254	Dasatinib	0.22037323785639668	1.0123907202961715	0.4320401897850963	0.6572076390927775	NPC.CAS9
DOSBIO001_NPC_24H:BRD-K81418486:1.11111	DB02546	Vorinostat	-0.19810197310623273	-1.007196385208879	0.43209134615384615	0.6572076390927775	NPC
LJP007_NPC.CAS9_24H:P24	DB11886	Infigratinib	0.188625066394373	1.0075930560765607	0.432258064516129	0.6572820228769376	NPC.CAS9
CPC016_NPC_24H:BRD-A91008255-003-16-4:10	DB01244	Bepridil	-0.20922028581871532	-1.0056125728173773	0.43241638630516527	0.6573339328435883	NPC
LJP008_NEU_24H:N11	DB02665	(1R,2S)-2-Phenylcyclopropanaminium	0.18648906177577287	1.0048942119733242	0.43253796095444685	0.6573339328435883	NEU
NMH002_NEU_6H:BRD-K97399794-001-12-0:10	DB04216	Quercetin	-0.2020156890927054	-1.0009600243783938	0.43265465935787	0.6573339328435883	NEU
CPC015_NPC_24H:BRD-A95513702-001-03-0:10	DB07373	Boldione	-0.203886008160111	-1.0133179016181328	0.4327634944137838	0.6573339328435883	NPC
CPC006_PL21_6H:BRD-K12502280-001-01-5:11.1	DB12500	Fedratinib	0.21076499914813887	1.01028984116604	0.4330397267661334	0.6575744789407344	PL21
LJP008_NEU_24H:N12	DB02665	(1R,2S)-2-Phenylcyclopropanaminium	-0.2039034316528864	-1.0075457823233651	0.43367179823124796	0.6582276442589725	NEU
CPC018_NPC_24H:BRD-A50928468-001-03-7:10	DB09389	Norgestrel	-0.19856009442754508	-1.0044816780058001	0.43370582905466626	0.6582276442589725	NPC
NMH001_NEU_24H:BRD-K22134346-001-18-1:10	DB00641	Simvastatin	-0.2293459609577622	-1.0158421537530116	0.4342460923727818	0.6587014321379323	NEU
LJP008_NPC.CAS9_24H:I07	DB11830	Mocetinostat	-0.21536864378220874	-1.00618580999993	0.43425414364640885	0.6587014321379323	NPC.CAS9
CPC016_NEU_24H:BRD-K90027355-001-03-4:10	DB00421	Spironolactone	-0.19926667229571796	-1.0035246344362152	0.43472685303924086	0.6592392261772017	NEU
NMH002_NPC_6H:BRD-K43880410-001-09-4:10	DB02789	Pregnenolone	-0.20779514510518154	-1.0062462429807213	0.4354930647919438	0.6602216870853952	NPC
CPC013_NEU_24H:BRD-K51967704-001-01-0:10	DB12359	BIIB021	0.21793897964949618	1.0110393273435323	0.4358359957401491	0.6603889042401582	NEU
LJP007_NPC.CAS9_24H:G17	DB01254	Dasatinib	-0.19481882809211248	-1.0083759508769818	0.4360632183908046	0.6603889042401582	NPC.CAS9
CPC016_NEU_24H:BRD-K69600043-328-03-0:10	DB00372	Thiethylperazine	-0.21550334929762813	-1.00721483647254	0.43614532979884607	0.6603889042401582	NEU
CPC015_NPC_24H:BRD-A97674275-001-04-3:10	DB00243	Ranolazine	0.20132081883852163	1.0052705750264572	0.4361579311937197	0.6603889042401582	NPC
LJP009_NPC.TAK_24H:N09	DB08896	Regorafenib	0.21946314198981656	1.0124417202669769	0.43619521636941794	0.6603889042401582	NPC.TAK
LJP007_NPC_24H:P02	DB09054	Idelalisib	-0.20672221867064342	-1.0067541320223665	0.43644791412539646	0.6605363077418388	NPC
NMH002_NEU_6H:BRD-K02637541-001-13-1:10	DB00482	Celecoxib	-0.19115111703659918	-1.0046497525736573	0.4365293720459149	0.6605363077418388	NEU
CPC006_NOMO1_6H:BRD-A35588707-001-03-0:1.25	DB00444	Teniposide	-0.21150702095713111	-1.0048070083041643	0.4367055545881943	0.660552212256942	NOMO1
LJP009_NPC.CAS9_24H:H08	DB08912	Dabrafenib	-0.2148523799337291	-1.002593178508722	0.4367766823831976	0.660552212256942	NPC.CAS9
LJP008_NEU_24H:A23	DB11740	MK-1775	-0.19357995973686415	-1.0081931930171426	0.43765524093392943	0.6617015146803231	NEU
LJP009_NPC.TAK_24H:L08	DB05984	RAF-265	-0.20926984563729722	-1.005842701693302	0.43816750983698705	0.6622965422326065	NPC.TAK
LJP009_NEU_24H:B18	DB11805	Saracatinib	0.1991812174849944	1.0036328988758119	0.4385026737967914	0.6626236232698536	NEU
LJP007_NPC_24H:P17	DB05294	Vandetanib	-0.21079749327812503	-1.0084875009528589	0.4390992835209826	0.6632618434398679	NPC
CPC006_U937_6H:BRD-K93754473-001-06-0:28.39	DB00675	Tamoxifen	0.20762977034620334	1.0059392075838773	0.43917560321715815	0.6632618434398679	U937
LJP009_NPC.CAS9_24H:K09	DB11962	GSK-1059615	0.2268848057463596	1.0160126291055922	0.43934350969815217	0.6632618434398679	NPC.CAS9
CPC015_NPC_24H:BRD-K77695569-001-16-9:10	DB00730	Thiabendazole	0.2406633130911953	1.019238454205019	0.4394005688033253	0.6632618434398679	NPC
LJP008_NPC.TAK_24H:F05	DB12376	Ricolinostat	0.21129599441992658	1.0040787782354093	0.4397810218978102	0.6634361417175125	NPC.TAK
LJP007_JURKAT_24H:B12	DB07970	5-[(2-methyl-5-{[3-(trifluoromethyl)phenyl]carbamoyl}phenyl)amino]pyridine-3-carboxamide	0.2449305211192153	1.0167441249599718	0.43981633322400787	0.6634361417175125	JURKAT
LJP008_NPC_24H:L21	DB05015	Belinostat	-0.21300250680030716	-1.0037575837471424	0.439872788709998	0.6634361417175125	NPC
DOSBIO001_NEU_24H:BRD-A75409952:10	DB08059	Wortmannin	0.21513864264389415	1.00645070197356	0.4401470353204411	0.6635423423660601	NEU
CPC006_THP1_6H:BRD-A04352665-001-01-2:10	DB04835	Maraviroc	-0.20114599004959371	-1.001487269691607	0.4401810735072214	0.6635423423660601	THP1
LJP008_NPC_24H:C08	DB13877	Iniparib	-0.2146353157309374	-1.0043831049359522	0.44065701165665844	0.66392574262242	NPC
NMH002_NEU_6H:BRD-K43797669-001-16-3:10	DB01645	Genistein	0.20320085136391317	1.0059056545691454	0.4408084696823869	0.66392574262242	NEU
CPC013_NEU_24H:BRD-K49328571-001-04-4:10	DB01254	Dasatinib	0.22909198319434343	1.01422595405597	0.4408956581041146	0.66392574262242	NEU
LJP008_NPC_24H:M02	DB02709	Resveratrol	-0.22418639573407145	-1.0129808335764292	0.4409114315139032	0.66392574262242	NPC
LJP009_NPC.TAK_24H:D14	DB16108	TAK-715	0.2131086238579004	1.0052633577484231	0.4411858974358974	0.6641597738248439	NPC.TAK
CPC016_NPC_24H:BRD-A69960130-066-01-4:10	DB01200	Bromocriptine	-0.1958052569858683	-1.0024990457908278	0.44176829268292683	0.6648571094896274	NPC
LPROT003_NPC_6H:L23	DB11952	Duvelisib	-0.204841679724358	-1.0021144029793077	0.4425597532767926	0.6658187198142735	NPC
CPC012_NPC_24H:BRD-A75409952:10	DB08059	Wortmannin	-0.1958366614564621	-1.0016429384225431	0.44271412680756395	0.6658187198142735	NPC
NMH002_NPC_6H:BRD-K27450477-003-06-8:10	DB07711	(2S,3R)-3-(6-amino-9H-purin-9-yl)nonan-2-ol	0.2103517272651411	1.0028477483781535	0.4427842565597668	0.6658187198142735	NPC
CPC006_SKM1_6H:BRD-K00766422-001-01-9:80	DB03459	Sparfosic acid	0.2063438146699663	1.0041215438558164	0.4428846153846154	0.6658187198142735	SKM1
CPC018_NPC_24H:BRD-A32440707-001-01-1:10	DB08547	PROGESTERONE-11-ALPHA-OL-HEMISUCCINATE	0.2110507517402346	1.0034640465653393	0.44302308484046465	0.6658474650659892	NPC
NMH002_NPC_6H:BRD-A02006392-001-12-3:10	DB01054	Nitrendipine	-0.21069914714550425	-1.0082626347414427	0.443149915777653	0.665858707278084	NPC
CPC014_NEU_24H:BRD-K61341215-004-01-2:10	DB01339	Vecuronium	-0.22171676774353327	-1.00804991111724	0.4432700878645104	0.6658599408174753	NEU
NMH002_NEU_6H:BRD-A16694057-001-05-0:10	DB14083	Bisphenol A diglycidyl ether	-0.19784680800050194	-1.0027413586562661	0.4434351775392238	0.66591338478849	NEU
LJP007_NPC.CAS9_24H:H11	DB09053	Ibrutinib	0.2138201137585035	1.0039341813406877	0.4435443875020665	0.66591338478849	NPC.CAS9
NMH002_NEU_24H:BRD-K28912512-001-19-0:10	DB02701	Nicotinamide	-0.20503337518342923	-1.0028387476971095	0.44379888268156426	0.6661162137423855	NEU
CPC018_NPC_24H:BRD-A46747628-001-01-9:10	DB01092	Ouabain	0.2128095320811958	1.0084224444119652	0.44530858003010537	0.6678856026779493	NPC
NMH002_NEU_24H:BRD-K13005598-001-01-5:10	DB13034	Foxy-5	0.17578423387480546	1.0108391260667462	0.44532488114104596	0.6678856026779493	NEU
CPC018_NPC_24H:BRD-K17561142-003-16-8:10	DB01118	Amiodarone	-0.17904242994908953	-1.0028501135281898	0.44545454545454544	0.6678856026779493	NPC
CPC015_NPC_24H:BRD-A75172220-001-03-2:10	DB00741	Hydrocortisone	-0.19543832853049614	-1.0023892536684973	0.4454646633277685	0.6678856026779493	NPC
NMH002_NPC_6H:BRD-K65331431-001-05-4:10	DB12112	Zuretinol acetate	0.21121830175695214	1.0035029137238998	0.44557630635729106	0.6678856026779493	NPC
LJP007_NPC_24H:M24	DB12874	Quizartinib	-0.20188432263770448	-1.0026225132177073	0.44579109739973555	0.6680280774625637	NPC
CPC015_NPC_24H:BRD-K91315211-300-03-2:10	DB06698	Betahistine	0.1847167656146317	0.9996616228497806	0.44606542882404954	0.6682596743849012	NPC
CPC006_WSUDLCL2_6H:BRD-A71390734-001-01-7:0.08	DB01177	Idarubicin	0.19548368685840362	1.0042667342658687	0.44641148325358854	0.6685985678045021	WSUDLCL2
CPC013_NEU_24H:BRD-K65261396-002-01-3:10	DB00864	Tacrolimus	-0.21763807138537947	-1.0048419440463277	0.446975546975547	0.6691504805633492	NEU
CPC013_NPC_24H:BRD-K56334280-001-01-0:10	DB05022	Amonafide	-0.1907100357036256	-1.0033759424011446	0.4470198675496689	0.6691504805633492	NPC
LJP009_NPC_24H:D06	DB11775	PF-03758309	-0.2290800229839217	-1.0029916843094575	0.4473035439137134	0.6693086232316141	NPC
CPC006_SKM1_6H:BRD-K32107296-001-03-7:10	DB00853	Temozolomide	-0.22575045918923725	-1.0109313833163192	0.4473654518785964	0.6693086232316141	SKM1
LJP007_NPC_24H:K10	DB11962	GSK-1059615	0.22243663699072092	1.0058516096821448	0.4478643216080402	0.66987534859283	NPC
LJP009_NPC_24H:D20	DB13061	MLN8054	-0.20092315120109955	-1.000366422685572	0.4481157837247406	0.6700718191906534	NPC
NMH002_NPC_24H:BRD-K52313696-001-08-1:10	DB12291	Tacedinaline	0.2019739091367221	1.0036572343963812	0.4485168504426153	0.6704918297479504	NPC
LJP009_NPC_24H:G07	DB08521	4-[4-(4-Fluorophenyl)-2-[4-[(R)-methylsulfinyl]phenyl]-1H-imidazol-5-yl]pyridine	-0.20654794279377442	-1.0027378108075315	0.44883720930232557	0.6705210221218364	NPC
LJP007_NPC_24H:M07	DB05575	Motesanib	0.2078586783534328	1.001394165890072	0.448868778280543	0.6705210221218364	NPC
CPC015_NPC_24H:BRD-K38323065-001-09-0:10	DB03783	Phenacetin	-0.2005394313190098	-1.000038162372628	0.4490307486631016	0.6705210221218364	NPC
LJP008_NPC.TAK_24H:O05	DB07101	PD-0325901	0.18905700374072892	1.0017302932888685	0.44912280701754387	0.6705210221218364	NPC.TAK
NMH001_NPC_6H:BRD-K75527158-001-01-5:10	DB00630	Alendronic acid	0.2061008176488152	0.9994513293713351	0.449137311286844	0.6705210221218364	NPC
CPC014_NPC_24H:BRD-K07265709-003-01-5:10	DB00380	Dexrazoxane	-0.21163013221011365	-0.9993169760344434	0.4493587635646169	0.6706721620992504	NPC
PCLB001_JURKAT_24H:BRD-K07572174-001-22-0:0.16	DB11672	Curcumin	-0.2135363190261586	-0.9985643176012301	0.4496494107116217	0.6707839781294652	JURKAT
NMH002_NPC_6H:BRD-K32610195-001-14-9:10	DB01536	Androstenedione	0.18910117584729536	1.0006361583200156	0.4496741491672701	0.6707839781294652	NPC
LJP009_NPC.CAS9_24H:H18	DB07138	Neflamapimod	-0.21305461049158472	-1.0037539915492777	0.44983731019522777	0.6708479961451953	NPC.CAS9
LJP009_NEU_24H:M16	DB06314	SGX-523	0.1916188623031938	1.002335716474488	0.4501667284179326	0.671159855115886	NEU
LPROT002_NPC.TAK_6H:C22	DB04462	Tetrabromo-2-Benzotriazole	0.2318570964570441	1.0087748847559506	0.4505026611472501	0.6714812574246616	NPC.TAK
CPC013_NPC_24H:BRD-K49865102-001-01-9:10	DB07101	PD-0325901	0.2005378868948135	1.0000496375357473	0.4508301404853129	0.6717898914977458	NPC
CPC014_NEU_24H:BRD-K99260425-001-01-2:10	DB00749	Etodolac	-0.21479885597593978	-1.0030421298755414	0.4513262420896728	0.6723495606457368	NEU
LJP007_NPC.TAK_24H:C02	DB11800	Tivozanib	0.20965335861687315	0.9999428025208534	0.45160691064462194	0.6725880818169636	NPC.TAK
LJP007_JURKAT_24H:H10	DB09053	Ibrutinib	0.19937578580280907	0.9958582609570407	0.45203777335984097	0.6728958640955541	JURKAT
LJP009_NPC.CAS9_24H:D14	DB16108	TAK-715	0.19653810561172266	0.9988817428184505	0.4520547945205479	0.6728958640955541	NPC.CAS9
LPROT003_NPC_6H:H13	DB12270	Losmapimod	0.1868778704691313	0.9996198646267775	0.45230439442658094	0.6730878144854348	NPC
LJP008_NEU_24H:O04	DB07101	PD-0325901	0.18869392953886355	1.0010873968232286	0.4527284976420391	0.673539276891983	NEU
LJP009_NEU_24H:N09	DB08896	Regorafenib	-0.2203022669056734	-1.0027766319912894	0.4528799261895347	0.6735849395391666	NEU
LPROT003_NPC_6H:B17	DB12432	CC-401	0.19548725464221053	1.0014043753348323	0.4531523642732049	0.6736752514594031	NPC
LJP007_NPC_24H:D19	DB06616	Bosutinib	-0.19269610565441914	-0.9971837943569328	0.45318215069495243	0.6736752514594031	NPC
LJP007_NPC.CAS9_24H:L12	DB11836	Sapanisertib	-0.19003772588183154	-1.0009581415349664	0.4534220532319392	0.6737625196198094	NPC.CAS9
CPC013_NEU_24H:BRD-K81418486:10	DB02546	Vorinostat	-0.2095902272862275	-0.9984742885341124	0.45351089588377724	0.6737625196198094	NEU
LJP009_NPC.CAS9_24H:G16	DB01254	Dasatinib	-0.19404666250055794	-0.9972927829773195	0.45360315893385983	0.6737625196198094	NPC.CAS9
CPC015_NPC_24H:BRD-K19136521-001-03-0:10	DB02052	Indirubin-3'-monoxime	-0.1848022319434236	-0.9960333999092765	0.45403587443946186	0.6742257501990305	NPC
LJP008_NEU_24H:D19	DB13978	Selisistat	-0.1949519201490243	-0.9991351054751137	0.4542897327707454	0.6744232089217639	NEU
LJP009_NPC.CAS9_24H:N08	DB08896	Regorafenib	-0.1907796029359181	-0.9974993005923463	0.45454545454545453	0.6744564395062209	NPC.CAS9
LJP007_NPC.TAK_24H:F01	DB12848	PF-04217903	-0.20237828075466613	-0.9992306803527994	0.4546952224052718	0.6744564395062209	NPC.TAK
CPC006_U937_6H:BRD-A19037878:10	DB04297	Trichostatin A	-0.20773550413043143	-0.9987359139039809	0.4549638395792242	0.6744564395062209	U937
CPC018_NPC_24H:BRD-K35960502-001-10-1:10	DB06803	Niclosamide	0.21465501006990903	1.0041906958503921	0.45498168960727364	0.6744564395062209	NPC
LJP008_NPC_24H:G14	DB01254	Dasatinib	0.2119685502057826	0.9990789230630691	0.45498447740600206	0.6744564395062209	NPC
CPC017_NPC_24H:BRD-K09549677-300-01-8:10	DB01388	Mibefradil	-0.17922049696622824	-0.9991436258645853	0.45503746877601997	0.6744564395062209	NPC
NMH002_NPC_6H:BRD-K68202742-001-08-2:10	DB04297	Trichostatin A	-0.21522328585007378	-0.9979111336288968	0.4555805003207184	0.6749189723744443	NPC
LJP008_NPC.CAS9_24H:M04	DB02709	Resveratrol	-0.20884679621727203	-0.9973090514328078	0.4556415599880917	0.6749189723744443	NPC.CAS9
LJP008_NPC.CAS9_24H:G20	DB00928	Azacitidine	-0.19998304188426758	-0.99974405618409	0.4557124518613607	0.6749189723744443	NPC.CAS9
NMH002_NPC_24H:BRD-K59946561-001-07-5:10	DB03374	3,5-Diiodotyrosine	-0.20875589368571215	-1.0008042997583049	0.4560068896225061	0.675073817700682	NPC
LPROT001_NPC.TAK_6H:I04	DB03068	Zebularine	-0.20412303805240983	-0.9964610044103177	0.4562641083521445	0.675073817700682	NPC.TAK
LJP007_NPC.TAK_24H:I23	DB13005	Rebastinib	0.2094137323036428	0.9969438921747154	0.45633500357909806	0.675073817700682	NPC.TAK
CPC015_NPC_24H:BRD-K45158365-001-05-6:10	DB00177	Valsartan	-0.2051174302621202	-0.9971620788512643	0.45634743875278394	0.675073817700682	NPC
CPC015_NPC_24H:BRD-K57569181-001-16-8:10	DB00806	Pentoxifylline	-0.20780881143984473	-1.0011715341243197	0.45642201834862384	0.675073817700682	NPC
LJP008_NEU_24H:J02	DB12116	Epigallocatechin gallate	-0.19695532512656638	-0.9986566858101492	0.4567596187786798	0.675394093073484	NEU
CPC013_NEU_24H:BRD-K05104363-001-02-7:10	DB12429	CI-1040	-0.20024613671745323	-0.994848742453527	0.45734024179620036	0.6757937351915403	NEU
LPROT003_NPC_6H:H11	DB11870	RG-4733	-0.19890703375056906	-0.9948005349055197	0.4573871226289073	0.6757937351915403	NPC
LJP007_NPC.TAK_24H:K21	DB01590	Everolimus	0.21409536185023847	0.9995025410046394	0.45745196189245924	0.6757937351915403	NPC.TAK
NMH002_NPC_6H:BRD-K23984367-075-10-3:10	DB15414	CM-4307	-0.17159521031586059	-1.0032868424964283	0.4576271186440678	0.6757937351915403	NPC
CPC014_NEU_24H:BRD-K70401845-001-02-5:10	DB00530	Erlotinib	0.20477999185182438	0.9968711328744921	0.4576355496600895	0.6757937351915403	NEU
CPC013_NEU_24H:BRD-K64881305-001-01-1:10	DB06188	Ispinesib	0.22238377136176088	1.0021318531361392	0.4579060640587416	0.6760142713373166	NEU
LJP007_NPC.CAS9_24H:K12	DB11962	GSK-1059615	0.22224927507310144	1.0003612172216114	0.4583225806451613	0.6764501792114695	NPC.CAS9
CPC016_NPC_24H:BRD-K88871508-001-01-9:10	DB00589	Lisuride	-0.20425451466788325	-0.9974620715012706	0.4587948604342047	0.6769681370966485	NPC
LJP008_NPC_24H:A11	DB07232	Veliparib	-0.2274704775415523	-1.0042359724507492	0.45972882141615484	0.6781668679748091	NPC
LJP009_NPC.TAK_24H:I13	DB12146	Rigosertib	-0.22161862648548214	-0.9960471856642333	0.4599928238249013	0.6783424818820238	NPC.TAK
CPC014_NPC_24H:BRD-K63068307-001-02-2:10	DB12904	ZSTK-474	0.21885965314173103	0.9981459320678099	0.46009104704097115	0.6783424818820238	NPC
CPC013_NEU_24H:BRD-K19540840-001-01-1:10	DB11805	Saracatinib	0.21055823101783752	0.999332284498596	0.46052397077169843	0.6788013825456554	NEU
CPC006_PL21_6H:BRD-K52836380-001-01-7:22.2	DB07403	4-[(3-CHLORO-4-{[(2R)-3,3,3-TRIFLUORO-2-HYDROXY-2-METHYLPROPANOYL]AMINO}PHENYL)SULFONYL]-N,N-DIMETHYLBENZAMIDE	0.20070851441677875	0.9987652225924395	0.46084583901773535	0.6790963908821832	PL21
NMH002_NEU_24H:BRD-A50287119-001-01-5:10	DB00877	Sirolimus	0.20421447158456982	0.9964810310315045	0.461020461020461	0.6791743205791265	NEU
LJP007_NEU_24H:O01	DB07101	PD-0325901	0.17194428838728099	0.996607719533518	0.46146660439047177	0.6794917395278253	NEU
CPC015_NPC_24H:BRD-A19500257:10	DB02424	Geldanamycin	0.20775085095250467	1.0092992419642526	0.4615634473798181	0.6794917395278253	NPC
LJP008_NPC.CAS9_24H:O04	DB07101	PD-0325901	-0.2101385862659699	-0.9972757516086882	0.4616013071895425	0.6794917395278253	NPC.CAS9
NMH002_NPC_6H:BRD-K17953061-001-12-7:10	DB02010	Staurosporine	0.22176172720990608	1.00284510502799	0.4622247972190035	0.6802120098352319	NPC
LJP007_NPC.CAS9_24H:G09	DB11963	Dacomitinib	-0.20973888353718853	-0.9974276083833549	0.4624409035195237	0.6802120098352319	NPC.CAS9
CPC015_NPC_24H:BRD-K18194590-065-05-6:10	DB01365	Mephentermine	0.22580699259672699	1.0020924807662301	0.462549115913556	0.6802120098352319	NPC
CPC013_NPC_24H:BRD-K28120222-001-05-0:10	DB13063	Parthenolide	-0.2147908924126955	-0.9964121550683166	0.46257830530827565	0.6802120098352319	NPC
NMH002_NPC_24H:BRD-A58048407-001-12-1:10	DB00393	Nimodipine	0.19184332846981383	0.9975376399246059	0.4627016129032258	0.6802140443707765	NPC
CPC014_NEU_24H:BRD-M64432851-001-01-9:10	DB01268	Sunitinib	-0.21511026648677697	-0.9983301746867422	0.4630021141649049	0.6804041688359647	NEU
LJP009_NPC.CAS9_24H:E16	DB13113	JNJ-38877605	-0.20726256445614363	-0.9947728109122717	0.46307485733467607	0.6804041688359647	NPC.CAS9
CPC006_PL21_6H:BRD-U88459701-000-01-8:10	DB01076	Atorvastatin	0.19988612003888245	0.9933649989987199	0.46368092691622104	0.6809930447874765	PL21
LJP007_JURKAT_24H:C04	DB11800	Tivozanib	-0.1922602888933724	-0.9958691970602753	0.46371976647206004	0.6809930447874765	JURKAT
LJP008_NEU_24H:G17	DB01254	Dasatinib	0.25305298781965835	1.012573673210324	0.4641931806404809	0.6815088828403271	NEU
DOSBIO001_NPC_24H:BRD-A75409952:0.37037	DB08059	Wortmannin	0.20185947606166096	0.9973266480208209	0.464326160815402	0.6815247701102678	NPC
LJP008_NPC_24H:A10	DB07232	Veliparib	-0.20821287169928407	-0.9942929597078534	0.46445929526123936	0.681540875397805	NPC
CPC006_THP1_6H:BRD-A47829399-001-01-1:10	DB09274	Artesunate	-0.19846605545659615	-0.9990965782057709	0.4647011090073032	0.6816735447837968	THP1
LJP007_NPC_24H:B18	DB12200	Tivantinib	0.20827899596435262	0.9959178999516289	0.4647940785727842	0.6816735447837968	NPC
CPC006_THP1_6H:BRD-A56592690-001-01-9:30	DB05448	PX-12	-0.21148924110028916	-0.9946882591466311	0.46534823731728286	0.6823069161611357	THP1
LJP009_NPC.TAK_24H:H17	DB07138	Neflamapimod	0.19228979911489366	0.9972182651638538	0.46634146341463417	0.6834359286455423	NPC.TAK
LJP007_NPC_24H:B14	DB12200	Tivantinib	-0.2206913711967935	-0.9984013239158084	0.4664654154088463	0.6834359286455423	NPC
LJP007_JURKAT_24H:O03	DB07101	PD-0325901	-0.1991191447368593	-0.9943878685484763	0.46648575305291723	0.6834359286455423	JURKAT
NMH002_NEU_6H:BRD-K00959089-001-02-2:10	DB04795	Thenoyltrifluoroacetone	-0.20391058169107226	-0.9971484262048428	0.46707040121120363	0.6838934433599921	NEU
CPC006_THP1_6H:BRD-A13122391-001-01-9:0.08	DB12025	Triptolide	-0.20288994617739664	-0.991973815863681	0.4673068129858253	0.6838934433599921	THP1
CPC017_NPC_24H:BRD-K25591257-001-01-2:10	DB02709	Resveratrol	0.1906080124658378	0.9957304716712263	0.46731234866828086	0.6838934433599921	NPC
LJP007_JURKAT_24H:C05	DB11800	Tivozanib	0.20124849290009483	0.9921833405105406	0.4674434544208362	0.6838934433599921	JURKAT
PCLB001_JURKAT_24H:BRD-A58955223-001-02-0:0.16	DB12422	Sulforaphane	-0.1991817161274965	-0.9902809057188042	0.4675295692925686	0.6838934433599921	JURKAT
AML001_HL60_24H:BRD-K26684619:3.33333	DB08784	2-(4-CHLORO-PHENYLAMINO)-NICOTINIC ACID	0.20055683683348544	0.9951225867135465	0.4675782351282774	0.6838934433599921	HL60
CPC006_SKM1_6H:BRD-A19633847-050-20-6:10	DB01074	Perhexiline	0.20146337037098985	0.9933972857606517	0.4676561187342481	0.6838934433599921	SKM1
CPC016_NEU_24H:BRD-A82371568-001-01-5:10	DB00631	Clofarabine	0.20504056866579007	0.9946896370547265	0.46784438269154427	0.6839894683008715	NEU
CPC006_U937_6H:BRD-K78513633-001-07-4:177.6	DB06266	Lonidamine	0.211339238740061	0.994141899952497	0.46827075621364356	0.684228410813879	U937
LJP009_NPC.CAS9_24H:H12	DB08912	Dabrafenib	-0.20300738450069605	-0.9931101260264461	0.46832030196818547	0.684228410813879	NPC.CAS9
CPC015_NPC_24H:BRD-A66559694-001-03-8:10	DB00704	Naltrexone	0.20979477889697395	0.9926970119899914	0.468375748502994	0.684228410813879	NPC
LJP009_NEU_24H:M14	DB06314	SGX-523	0.1913520407205357	0.9964684166825319	0.46861184792219274	0.6843941098319145	NEU
LJP007_NPC.CAS9_24H:M11	DB05575	Motesanib	0.22328084138904536	0.9990990517212849	0.4689444938397053	0.6846993188959595	NPC.CAS9
CPC014_NPC_24H:BRD-M72442222-001-01-0:10	DB06652	Vicriviroc	0.210913135064001	0.9941776136774158	0.4690935303658317	0.6846993188959595	NPC
LJP008_NPC_24H:N09	DB02665	(1R,2S)-2-Phenylcyclopropanaminium	-0.21453296003020528	-0.9934904137643376	0.46931982633863967	0.6846993188959595	NPC
LJP007_NEU_24H:I09	DB06589	Pazopanib	0.18654968218639217	0.9934778012597478	0.4694966365112503	0.6846993188959595	NEU
CPC015_NPC_24H:BRD-K75699339-057-03-2:10	DB00953	Rizatriptan	0.20810360320310503	0.9954179230610848	0.4695207073057236	0.6846993188959595	NPC
CPC006_SKM1_6H:BRD-A56592690-001-01-9:30	DB05448	PX-12	-0.18636185977254005	-0.9948722759038275	0.46955719557195574	0.6846993188959595	SKM1
LJP008_NPC.CAS9_24H:A04	DB05134	Tanespimycin	0.2504674256544245	1.0105866380859152	0.4697745901639344	0.6848373238893624	NPC.CAS9
NMH002_NEU_6H:BRD-K39965020-001-05-9:10	DB03756	Doconexent	0.19780840165614155	0.9909042464221265	0.47019635343618515	0.6851315259101523	NEU
CPC016_NEU_24H:BRD-A19661776-003-13-6:10	DB06148	Mianserin	0.21586425186708671	0.9979668575313134	0.47022201339128394	0.6851315259101523	NEU
CPC016_NPC_24H:BRD-A19661776-003-13-6:10	DB06148	Mianserin	-0.1890912707272902	-0.9925210901600047	0.4706649282920469	0.6854429272251849	NPC
LJP009_NPC.TAK_24H:B17	DB11805	Saracatinib	0.21624143010726765	0.9931977434393807	0.4706814580031696	0.6854429272251849	NPC.TAK
LJP007_NPC.CAS9_24H:D23	DB06616	Bosutinib	-0.21593757764540444	-0.9924851352948991	0.4713698196773173	0.6862369269041476	NPC.CAS9
CPC018_NPC_24H:BRD-K04046242-001-03-6:10	DB02187	Equilin	0.2182617758073879	0.9974057870679416	0.4714981729598051	0.6862369269041476	NPC
LJP008_NPC.TAK_24H:A22	DB11740	MK-1775	-0.19820406075563143	-0.9904108145080218	0.47165160230073955	0.6862369269041476	NPC.TAK
LJP007_JURKAT_24H:D03	DB12494	SGI-1776	0.21760276186112812	0.9950298896759686	0.47193006419887995	0.6862369269041476	JURKAT
NMH002_NPC_6H:BRD-A95074085-236-01-6:10	DB13242	Bucladesine	-0.20720143591617604	-0.994489696217128	0.47201742627345844	0.6862369269041476	NPC
CPC017_NPC_24H:BRD-A38030642-001-01-2:10	DB00091	Cyclosporine	0.21634279507112888	0.9964369071654556	0.47206982543640896	0.6862369269041476	NPC
CPC006_PL21_6H:BRD-K93754473-001-06-0:28.39	DB00675	Tamoxifen	-0.1903739535301977	-0.9927747118429221	0.4721311475409836	0.6862369269041476	PL21
NMH001_NPC_6H:BRD-K09557221-001-01-6:10	DB13070	Surinabant	-0.1918769106869505	-0.9951400629489329	0.47230822153422775	0.6862369269041476	NPC
CPC014_NPC_24H:BRD-K05104363-001-04-3:10	DB12429	CI-1040	-0.21429649623345057	-0.9939157384730524	0.47233371559633025	0.6862369269041476	NPC
CPC016_NEU_24H:BRD-K68264559-045-01-6:10	DB00484	Brimonidine	0.211371407336498	0.9905230882166496	0.4727112676056338	0.6866066550304168	NEU
LJP008_NEU_24H:D04	DB09074	Olaparib	-0.20210987043248482	-0.9934172540860324	0.47317616484128455	0.6871030254163265	NEU
KHW001_U937_6H:BRD-K09416995-001-18-3:1	DB00227	Lovastatin	-0.22007146514148648	-0.9988888808870097	0.47347670250896057	0.6873605316933361	U937
CPC016_NEU_24H:BRD-A19195498-050-09-1:10	DB00726	Trimipramine	-0.18499999863651706	-0.9954420039847148	0.4736547085201794	0.6874400673345683	NEU
LJP009_NPC.CAS9_24H:D03	DB11775	PF-03758309	-0.21102412092613698	-0.991047753652616	0.47383834439672	0.6875277304003383	NPC.CAS9
LJP008_NPC.TAK_24H:G23	DB00928	Azacitidine	-0.20071332651942397	-0.9885623502596769	0.4742268041237113	0.6879124649522063	NPC.TAK
NMH001_NPC_6H:BRD-K09416995-001-32-4:10	DB00227	Lovastatin	-0.2273310996392181	-0.9994269170385701	0.4743618450515002	0.6879294862340316	NPC
LJP007_NPC.CAS9_24H:H07	DB09053	Ibrutinib	0.2208264177830377	0.9929856868547945	0.47524618912720895	0.68901826447044	NPC.CAS9
CPC006_PL21_6H:BRD-K80738081-001-21-1:10	DB02709	Resveratrol	-0.21188417642478627	-0.9954988939498945	0.4753596164091636	0.68901826447044	PL21
CPC018_NPC_24H:BRD-K12765235-304-03-8:10	DB02329	Carbenoxolone	0.20307807441985185	0.9897960489368673	0.4761207685269899	0.6899422773018381	NPC
LJP007_NPC.CAS9_24H:A18	DB12742	Amuvatinib	-0.20106454590576092	-0.9884218582375429	0.4764512595837897	0.6901610107336172	NPC.CAS9
LJP007_NPC_24H:P10	DB07859	4-(4-CHLOROPHENYL)-4-[4-(1H-PYRAZOL-4-YL)PHENYL]PIPERIDINE	-0.20833075294667394	-0.9914940012451546	0.4766891891891892	0.6901610107336172	NPC
LJP008_NPC.CAS9_24H:A24	DB11740	MK-1775	-0.20557638376521692	-0.9903974794651669	0.4767583353614018	0.6901610107336172	NPC.CAS9
LJP007_JURKAT_24H:A18	DB12742	Amuvatinib	-0.20321131220733996	-0.989130746976991	0.4767816091954023	0.6901610107336172	JURKAT
CPC006_PL21_6H:BRD-K15563106-001-08-1:177.6	DB07810	Phloretin	0.20715737318441063	0.9906558057396244	0.4770193624095443	0.6901610107336172	PL21
CPC015_NPC_24H:BRD-K37991163-003-06-8:10	DB00715	Paroxetine	0.2126670772868586	0.994204920615432	0.47710387680669997	0.6901610107336172	NPC
LJP007_NPC_24H:L09	DB11836	Sapanisertib	0.24345711230862643	1.0056025387031144	0.4772538429580391	0.6901610107336172	NPC
CPC015_NPC_24H:BRD-K02637541-001-06-5:10	DB00482	Celecoxib	0.18778889644386687	0.997860473624374	0.47726136931534235	0.6901610107336172	NPC
CPC006_NOMO1_6H:BRD-K56343971-001-02-3:10	DB08881	Vemurafenib	0.21875598109795596	0.997221190655302	0.47808394372747354	0.6903238683622899	NOMO1
LJP009_NPC.CAS9_24H:P22	DB09074	Olaparib	0.22200060179313333	0.9953842980243001	0.4781383955909369	0.6903238683622899	NPC.CAS9
LJP007_JURKAT_24H:J23	DB03044	Doramapimod	-0.21349258800852403	-0.9929326009182287	0.47815422351678677	0.6903238683622899	JURKAT
AML001_HL60_24H:BRD-K71879491:10	DB00982	Isotretinoin	-0.187593952854373	-0.9933428282280252	0.4782442748091603	0.6903238683622899	HL60
LJP007_NPC_24H:C02	DB11800	Tivozanib	0.2013569763725306	0.989531895979619	0.47828117702008405	0.6903238683622899	NPC
LJP009_NPC_24H:F05	DB11962	GSK-1059615	0.22977522582614163	0.9979701706576356	0.4783552255853798	0.6903238683622899	NPC
AML001_U937_24H:BRD-A45664787:3.33333	DB01088	Iloprost	-0.21529940798982247	-1.001451937092969	0.4783640876227474	0.6903238683622899	U937
LJP009_NPC.CAS9_24H:B15	DB11805	Saracatinib	0.2039780696168154	0.9877471613854644	0.4783668494820232	0.6903238683622899	NPC.CAS9
LJP007_NPC.TAK_24H:N17	DB09330	Osimertinib	0.1875457160409269	0.9924359154344048	0.4784876140808344	0.6903238683622899	NPC.TAK
LJP009_NEU_24H:B16	DB11805	Saracatinib	-0.21143665690306038	-0.9894133160392007	0.47962489343563514	0.6917857498648936	NEU
CPC015_NPC_24H:BRD-A65449987-001-06-2:10	DB00180	Flunisolide	0.22480159907138966	0.9963599415706967	0.47994603213541026	0.6920700215258345	NPC
LJP009_NPC_24H:O05	DB07101	PD-0325901	-0.21003061065874193	-0.9898669757512272	0.4800951625693894	0.6920996126795028	NPC
CPC006_PL21_6H:BRD-K12994359-001-07-7:177.6	DB00580	Valdecoxib	-0.20312708951456807	-0.9916000325386342	0.4803054662379421	0.6920996126795028	PL21
LJP007_NPC_24H:M14	DB07460	2-({5-CHLORO-2-[(2-METHOXY-4-MORPHOLIN-4-YLPHENYL)AMINO]PYRIMIDIN-4-YL}AMINO)-N-METHYLBENZAMIDE	0.2102613005959852	0.9928814108131753	0.48057652711050103	0.6920996126795028	NPC
NMH002_NPC_6H:BRD-K11129031-001-22-6:10	DB01241	Gemfibrozil	-0.20744429591602642	-0.9889854839119705	0.48057857955468875	0.6920996126795028	NPC
LJP007_NPC_24H:K23	DB01590	Everolimus	-0.19556550254297211	-0.9882200647993635	0.4806090203964378	0.6920996126795028	NPC
LJP007_NPC_24H:C03	DB11800	Tivozanib	-0.20439067550650275	-0.9875726178589866	0.4807108799306459	0.6920996126795028	NPC
LJP007_JURKAT_24H:I16	DB11526	Masitinib	-0.2251746057821494	-0.9940655793623537	0.4808449695667741	0.6921140570725058	JURKAT
CPC015_NPC_24H:BRD-A78391468-001-01-0:10	DB14633	Prednisolone hemisuccinate	-0.19676250587519903	-0.9873770121596548	0.4811580882352941	0.6923267105561604	NPC
CPC006_SKM1_6H:BRD-A23770159-001-02-3:11.1	DB00877	Sirolimus	0.23320812022543153	0.9969136950510359	0.48124090043677903	0.6923267105561604	SKM1
LJP007_NEU_24H:I04	DB01268	Sunitinib	0.20778709803968112	0.9856609616434502	0.48143159515104866	0.6923952248930042	NEU
NMH001_NEU_6H:BRD-K56060837-001-01-9:10	DB04275	N-acetylserotonin	0.1932599628855292	0.9917236148906566	0.48153674002237973	0.6923952248930042	NEU
LJP007_NPC_24H:M04	DB07794	5-(2-PHENYLPYRAZOLO[1,5-A]PYRIDIN-3-YL)-1H-PYRAZOLO[3,4-C]PYRIDAZIN-3-AMINE	-0.21962892605952422	-0.9953947451811463	0.48206937095825986	0.6929043442084459	NPC
LJP009_NPC_24H:H13	DB07138	Neflamapimod	0.2045758278828669	0.9887198988710254	0.4821392120840988	0.6929043442084459	NPC
AML001_HL60_24H:BRD-A19037878:10	DB04297	Trichostatin A	-0.17016032171297427	-0.9940146288261673	0.4825949367088608	0.693323964082562	HL60
CPC015_NPC_24H:BRD-K42098891-003-13-0:10	DB00344	Protriptyline	0.22093693067289116	0.9927856872938333	0.48274587133349767	0.693323964082562	NPC
LJP008_NEU_24H:L15	DB08756	Y-27632	0.20832769226766534	0.9863482045121889	0.48280401513904886	0.693323964082562	NEU
LJP007_NPC.CAS9_24H:G10	DB11963	Dacomitinib	-0.19054593566585504	-0.9937525465903114	0.4834656084656085	0.6940953756123597	NPC.CAS9
NMH001_NEU_6H:BRD-K53857191-001-17-7:10	DB00734	Risperidone	0.21058461821818453	0.9900390593875213	0.48370106761565834	0.694254761056794	NEU
LJP008_NPC.CAS9_24H:J06	DB12116	Epigallocatechin gallate	-0.20391174319731825	-0.9881218494857038	0.48432944606413997	0.6948546558150331	NPC.CAS9
LJP007_JURKAT_24H:D09	DB08875	Cabozantinib	0.20640460274989675	0.9894466744278976	0.4845863827899756	0.6948546558150331	JURKAT
LJP007_NEU_24H:P16	DB05294	Vandetanib	-0.23056470367284077	-0.9968400670203686	0.48459477561955794	0.6948546558150331	NEU
LJP009_NPC.CAS9_24H:H14	DB07138	Neflamapimod	0.22306727177443467	0.994952919108395	0.48461721917481515	0.6948546558150331	NPC.CAS9
NMH002_NEU_24H:BRD-K71799949-001-29-9:10	DB00564	Carbamazepine	-0.1938610867682453	-0.986215727519641	0.4847870182555781	0.694919520772834	NEU
CPC012_NEU_24H:BRD-K87909389-003-01-8:10	DB03496	Alvocidib	-0.21642362670164245	-0.9897752408587019	0.4849878625271496	0.6949230625078082	NEU
LJP009_NPC.TAK_24H:L07	DB05984	RAF-265	0.22907567313242397	0.9917711526553732	0.48503861003861004	0.6949230625078082	NPC.TAK
PCLB001_JURKAT_24H:BRD-A58955223-001-02-0:1.11	DB12422	Sulforaphane	-0.20348085856840864	-0.9876194034096287	0.4853454291695743	0.6950062708979782	JURKAT
LJP008_NEU_24H:I02	DB16239	Molibresib	0.18865625077004686	0.9909507835025461	0.48534583821805394	0.6950062708979782	NEU
LJP008_NPC.TAK_24H:G08	DB02546	Vorinostat	0.20640152918314944	0.9881432737292567	0.48555333454479377	0.6951249816334114	NPC.TAK
NMH002_NPC_24H:BRD-K95785537-001-19-9:10	DB03023	1-Tert-Butyl-3-(4-Chloro-Phenyl)-1h-Pyrazolo[3,4-D]Pyrimidin-4-Ylamine	0.2037360046147081	0.9841522231278623	0.4861060329067642	0.6957377007662486	NPC
CPC015_NPC_24H:BRD-K19352500-070-05-8:10	DB00433	Prochlorperazine	0.22309423401319617	0.9959723208712892	0.48706089637705097	0.6969255554982219	NPC
LJP007_NPC.TAK_24H:F04	DB12848	PF-04217903	0.20697447487674328	0.9833603930628245	0.4876543209876543	0.6975957581513137	NPC.TAK
LJP008_NEU_24H:I01	DB16239	Molibresib	-0.2116440579841587	-0.9873901507003983	0.4884210526315789	0.698513471579487	NEU
LPROT003_NPC_6H:B23	DB06589	Pazopanib	0.21107597834546324	0.9880974979389826	0.4890769230769231	0.6992722075464259	NPC
DOSBIO002_NPC_24H:BRD-A90490067:10	DB00947	Fulvestrant	-0.2044461279494984	-0.9840037571049427	0.4899075646104509	0.7001160330606258	NPC
LJP009_NEU_24H:E20	DB08901	Ponatinib	-0.19461546493618553	-0.9870785370486087	0.48991808443604284	0.7001160330606258	NEU
LJP007_JURKAT_24H:I12	DB06589	Pazopanib	-0.21100783080685345	-0.9856828159500802	0.4903047091412742	0.7004891094236028	JURKAT
LJP009_NPC_24H:K09	DB11962	GSK-1059615	0.2430348032121937	0.9974151219205444	0.49124482648837947	0.7016236853605956	NPC
CPC006_PL21_6H:BRD-K64634304-001-01-5:40	DB00162	Vitamin A	0.21732485803993845	0.9876477751067289	0.49135037438678025	0.7016236853605956	PL21
LJP008_NPC.TAK_24H:F02	DB12376	Ricolinostat	0.20202860364428757	0.9843896969441962	0.49186712485681555	0.7020426348152583	NPC.TAK
LJP008_NPC_24H:G12	DB02546	Vorinostat	-0.21111523214536096	-0.9828061892113931	0.49194677871148457	0.7020426348152583	NPC
LJP007_NPC.CAS9_24H:M07	DB05575	Motesanib	-0.18386671616166586	-0.9874887907553775	0.4920212765957447	0.7020426348152583	NPC.CAS9
CPC018_NPC_24H:BRD-A71459254-001-02-8:10	DB13240	Cymarin	-0.1811535533041569	-0.989716435679903	0.4925187032418953	0.7025727040108753	NPC
LJP007_NPC_24H:E10	DB05913	OSI-930	0.21672857773156687	0.9839186032639653	0.4930171277997365	0.703017986037021	NPC
LJP008_NPC.TAK_24H:G14	DB01254	Dasatinib	0.21999922678527786	0.9865185922285528	0.4930828785378855	0.703017986037021	NPC.TAK
CPC014_NPC_24H:BRD-A38878059-001-01-0:10	DB07557	3,20-Pregnanedione	-0.20318684038195126	-0.9818230669210753	0.4933415283753329	0.703207048238626	NPC
LPROT003_NPC_6H:D19	DB04868	Nilotinib	-0.20879386948926104	-0.9827391198672859	0.49378783051927366	0.7036634243849368	NPC
LJP009_NPC_24H:E07	DB01782	Pyrazolanthrone	-0.21157892188212138	-0.9855768977355525	0.4940944881889764	0.703822892265981	NPC
LJP009_NPC_24H:L07	DB05984	RAF-265	-0.20417572325372957	-0.9821053759281114	0.49415204678362573	0.703822892265981	NPC
LJP007_NPC.CAS9_24H:P11	DB07859	4-(4-CHLOROPHENYL)-4-[4-(1H-PYRAZOL-4-YL)PHENYL]PIPERIDINE	-0.2192182602634	-0.986156375540158	0.4945485728286169	0.7041350794447783	NPC.CAS9
CPC017_NPC_24H:BRD-K60511616-236-01-4:10	DB00175	Pravastatin	0.16573269696876478	0.9917218574717812	0.4946236559139785	0.7041350794447783	NPC
LJP008_NPC.TAK_24H:H18	DB11841	Entinostat	0.21688128512429367	0.9849603221806478	0.4948543267140165	0.7041740003480763	NPC.TAK
CPC014_NPC_24H:BRD-K86465814-001-03-7:10	DB06926	(9Z,11E,13S)-13-hydroxyoctadeca-9,11-dienoic acid	-0.19716434728836643	-0.9844975178936081	0.49490343347639487	0.7041740003480763	NPC
LPROT003_NPC_6H:H09	DB11870	RG-4733	-0.22868681816195055	-0.9918457919626468	0.4950343773873186	0.7041807219387686	NPC
LJP009_NPC_24H:E24	DB08901	Ponatinib	0.204834186581753	0.9839266286734331	0.49529885829415715	0.704377346526409	NPC
LJP009_NEU_24H:L24	DB12588	AZD-1480	-0.1892435383028355	-0.981881747448097	0.4956242707117853	0.7046605010960882	NEU
LJP008_NEU_24H:M17	DB01262	Decitabine	0.17358358881806027	0.9855203156819633	0.4957850368809273	0.7047094829958455	NEU
LJP009_NPC.CAS9_24H:B23	DB16107	BI 2536	0.21197000041598751	0.9830295737265329	0.4962182603997839	0.7051456125242982	NPC.CAS9
LJP007_NPC.TAK_24H:M10	DB05575	Motesanib	0.1840391809162029	0.989391004493148	0.4964594807238395	0.7053087453420679	NPC.TAK
NMH001_NPC_6H:BRD-A14240607-001-01-8:10	DB13251	Octopamine	-0.2069012861838062	-0.9832893238472555	0.49771136241249325	0.7068265780872379	NPC
CPC014_NPC_24H:BRD-K37130656-001-01-2:10	DB06228	Rivaroxaban	0.18950584454819577	0.9845536044212332	0.49790167865707435	0.7068265780872379	NPC
CPC017_NPC_24H:BRD-A94756469-001-03-9:10	DB00390	Digoxin	0.21389269991919593	0.9908347205697722	0.497907949790795	0.7068265780872379	NPC
NMH002_NPC_24H:BRD-K64994968-001-24-2:10	DB00396	Progesterone	0.20567140830098246	0.9837289983958487	0.4991469656349013	0.7084052203706727	NPC
CPC016_NPC_24H:BRD-K91290917-336-03-8:10	DB00613	Amodiaquine	0.21231479373873094	0.9835801018373084	0.49985578309777906	0.7088945362134689	NPC
LJP009_NPC.CAS9_24H:O04	DB07101	PD-0325901	-0.21074123265478437	-0.984715192270375	0.4999219359875098	0.7088945362134689	NPC.CAS9
CPC006_THP1_6H:BRD-K11853856-003-01-3:10	DB08348	N~2~,N~2~-DIMETHYL-N~1~-(6-OXO-5,6-DIHYDROPHENANTHRIDIN-2-YL)GLYCINAMIDE	-0.1704984004379472	-0.9951863464915488	0.5	0.7088945362134689	THP1
LJP008_NEU_24H:D21	DB13978	Selisistat	0.21340778974114388	0.9852713245203943	0.5	0.7088945362134689	NEU
CPC006_NOMO1_6H:BRD-K01976263-003-04-5:0.63	DB01735	3-Chloroalaninate	0.2218098460117857	0.9852531149781905	0.5004353775345192	0.7093315475775108	NOMO1
LJP007_NPC.TAK_24H:D20	DB06616	Bosutinib	-0.22629523826490913	-0.9855795550900668	0.5006664243305464	0.7094377502769793	NPC.TAK
CPC014_NPC_24H:BRD-K70401845-001-02-5:10	DB00530	Erlotinib	0.21057377772873828	0.9826163412984736	0.500929614873838	0.7094377502769793	NPC
LJP007_NPC.TAK_24H:M21	DB12874	Quizartinib	-0.20593204713405983	-0.9824555131368687	0.5009970854425525	0.7094377502769793	NPC.TAK
CPC006_PL21_6H:BRD-K71799949-001-20-8:96	DB00564	Carbamazepine	0.2450610077192708	0.9956924370411023	0.5010189525168127	0.7094377502769793	PL21
CPC006_U937_6H:BRD-K17561142-003-16-8:10	DB01118	Amiodarone	0.20782363980767263	0.9791132943969938	0.5016486810551559	0.7101491985807448	U937
LJP008_NPC.TAK_24H:K23	DB12332	Rucaparib	0.20962053158230734	0.9819631664461327	0.5025052529497334	0.711099803095397	NPC.TAK
LJP007_JURKAT_24H:M16	DB07460	2-({5-CHLORO-2-[(2-METHOXY-4-MORPHOLIN-4-YLPHENYL)AMINO]PYRIMIDIN-4-YL}AMINO)-N-METHYLBENZAMIDE	0.20388886673157375	0.9827828357429669	0.5025751072961373	0.711099803095397	JURKAT
CPC006_NOMO1_6H:BRD-K28307902-001-10-0:28.96	DB00499	Flutamide	-0.19637781127128234	-0.9823231879450838	0.5030633083730429	0.7114556664147434	NOMO1
CPC006_PL21_6H:BRD-A69951442-001-01-3:10	DB01234	Dexamethasone	-0.1893391031813446	-0.9841301064398972	0.5030816640986132	0.7114556664147434	PL21
CPC016_NEU_24H:BRD-A30437061-001-02-7:10	DB04690	Camptothecin	-0.19880410387321304	-0.9757968309926509	0.5043383947939263	0.7129359270661264	NEU
CPC006_THP1_6H:BRD-A02006392-001-09-9:10	DB01054	Nitrendipine	-0.2025785333377318	-0.9800764048558327	0.5044274350892991	0.7129359270661264	THP1
CPC006_PL21_6H:BRD-A23770159-001-02-3:11.1	DB00877	Sirolimus	0.19660162779022916	0.9823939546512588	0.5045761078998073	0.7129359270661264	PL21
LJP008_NPC_24H:H13	DB11841	Entinostat	0.20191711745104177	0.978547781592786	0.5047508690614136	0.7129359270661264	NPC
LJP007_NPC.TAK_24H:G18	DB01254	Dasatinib	0.21140801847996016	0.9799710352656966	0.504767326028177	0.7129359270661264	NPC.TAK
LJP007_JURKAT_24H:H12	DB09053	Ibrutinib	0.19179032007667693	0.9797440077708713	0.5049352251696484	0.7129925642170256	JURKAT
LJP009_NEU_24H:B03	DB00877	Sirolimus	0.19973784029722214	0.9796200793063404	0.5058056306664546	0.7140408941012525	NEU
CPC006_SKM1_6H:BRD-A19037878:10	DB04297	Trichostatin A	-0.20159692022948306	-0.9798299837861675	0.5060827250608273	0.7141117651430989	SKM1
LJP007_NPC.CAS9_24H:O01	DB07101	PD-0325901	-0.2241664018462704	-0.9831476998156408	0.5061118335500651	0.7141117651430989	NPC.CAS9
LJP007_JURKAT_24H:M23	DB12874	Quizartinib	0.22219491196694505	0.9859087698088748	0.5069584869751398	0.7151255117153742	JURKAT
NMH002_NEU_24H:BRD-K77830450-001-03-2:10	DB02587	Colforsin	-0.19541741552960348	-0.9791113506406144	0.5076305220883535	0.715725028779241	NEU
LJP007_NPC.TAK_24H:P17	DB05294	Vandetanib	-0.20167512524266984	-0.9763711174516185	0.5076400679117148	0.715725028779241	NPC.TAK
DOSBIO001_NPC_24H:BRD-K27305650:10	DB02656	LY-294002	0.21527652979349574	0.979625977634144	0.5079723624767473	0.7160125847038336	NPC
DOSBIO002_NEU_24H:BRD-A19037878:0.37037	DB04297	Trichostatin A	-0.2062253750880166	-0.9776517861223094	0.5083865814696485	0.7164033430319751	NEU
CPC014_NPC_24H:BRD-K81528515-001-03-9:10	DB04868	Nilotinib	-0.20521889531430396	-0.9800923327408435	0.5085271317829457	0.7164033430319751	NPC
LJP008_NEU_24H:L18	DB08756	Y-27632	-0.20985492295332442	-0.9805832877737238	0.5086348165889323	0.7164033430319751	NEU
LJP007_JURKAT_24H:B15	DB12200	Tivantinib	0.21123654470676703	0.9769386312968041	0.508787742226228	0.716420010973884	JURKAT
CPC006_PL21_6H:BRD-K44241590-001-03-3:11.1	DB07697	1-(2,3-dihydro-1,4-benzodioxin-6-ylsulfonyl)-4-[(4-methoxyphenyl)sulfonyl]piperazine	0.18898011321771863	0.9835012394469119	0.5089872862779483	0.716420010973884	PL21
LJP009_NPC_24H:O06	DB07101	PD-0325901	0.19047494997931894	0.9801259494840207	0.5090427878253198	0.716420010973884	NPC
LJP009_NPC_24H:H17	DB07138	Neflamapimod	0.19965579496439465	0.9794019923273847	0.5091603053435114	0.716420010973884	NPC
CPC006_PL21_6H:BRD-A84481105-003-17-2:10	DB00679	Thioridazine	0.21709883501150704	0.9825922041946253	0.509532888465205	0.7167360753766786	PL21
CPC006_THP1_6H:BRD-K81651477-001-03-5:20	DB13063	Parthenolide	0.20762844381400944	0.978681534383728	0.509641873278237	0.7167360753766786	THP1
LJP007_NEU_24H:B15	DB12200	Tivantinib	0.21835174193115472	0.9796801978863809	0.5100396628656421	0.7171147376833208	NEU
CPC006_PL21_6H:BRD-K11853856-003-01-3:10	DB08348	N~2~,N~2~-DIMETHYL-N~1~-(6-OXO-5,6-DIHYDROPHENANTHRIDIN-2-YL)GLYCINAMIDE	0.21482721416631817	0.9856468382869531	0.510382389651651	0.7171967937595171	PL21
NMH002_NEU_6H:BRD-K88809146-065-01-2:10	DB02665	(1R,2S)-2-Phenylcyclopropanaminium	-0.21286698702357099	-0.9776549387554223	0.510451203690356	0.7171967937595171	NEU
LJP008_NPC.CAS9_24H:A10	DB07232	Veliparib	0.202553218437323	0.9756652539514489	0.5106128038343033	0.7171967937595171	NPC.CAS9
NMH001_NPC_24H:BRD-K03243820-001-16-2:10	DB00432	Trifluridine	-0.22066720179901633	-0.9836026813711496	0.5106818181818182	0.7171967937595171	NPC
LJP007_NPC_24H:D10	DB08875	Cabozantinib	-0.21090282523940887	-0.980048158845955	0.5107407889597708	0.7171967937595171	NPC
LJP009_NPC.TAK_24H:D24	DB13061	MLN8054	-0.19232320953999565	-0.9827396433529167	0.5108779114410034	0.7172088243405531	NPC.TAK
LJP008_NPC.CAS9_24H:D20	DB13978	Selisistat	0.20825879646304876	0.9781651000064292	0.5112016293279023	0.7174827396277652	NPC.CAS9
CPC018_NPC_24H:BRD-K10843433-001-12-8:10	DB00812	Phenylbutazone	-0.20512296494562304	-0.9761714560844755	0.5117565698478561	0.7180809615646855	NPC
LJP007_NEU_24H:B16	DB12200	Tivantinib	-0.19964419822773163	-0.9747387527041815	0.5144442318729673	0.721670698923632	NEU
CPC006_SKM1_6H:BRD-K50128260-001-01-6:160	DB00203	Sildenafil	-0.21309208476086183	-0.9780361177946443	0.5149166989538938	0.7220974721975584	SKM1
LJP009_NEU_24H:H09	DB08912	Dabrafenib	0.18924477639976564	0.9811413166299155	0.5150073206442167	0.7220974721975584	NEU
CPC016_NPC_24H:BRD-A19500257:10	DB02424	Geldanamycin	0.2117490754133429	0.9809107386950623	0.5152706040871323	0.7222851005532942	NPC
LJP008_NPC_24H:C10	DB13877	Iniparib	-0.1993993355237922	-0.9753164745289287	0.515609990393852	0.7225792857089426	NPC
LJP008_NEU_24H:D05	DB09074	Olaparib	0.21597763705336814	0.9802370965690901	0.5162606652652405	0.7233094554281208	NEU
LJP007_NPC.CAS9_24H:P15	DB05294	Vandetanib	-0.19999691079519538	-0.9732110429817927	0.5170002411381722	0.7240306761114439	NPC.CAS9
LJP008_NPC.CAS9_24H:M06	DB02709	Resveratrol	0.1999525343501373	0.9743162213437525	0.5170349907918969	0.7240306761114439	NPC.CAS9
LJP007_NPC.CAS9_24H:M04	DB07794	5-(2-PHENYLPYRAZOLO[1,5-A]PYRIDIN-3-YL)-1H-PYRAZOLO[3,4-C]PYRIDAZIN-3-AMINE	0.22648656823833518	0.9783987849531584	0.5174324636342646	0.7242343957566983	NPC.CAS9
LJP009_NPC.CAS9_24H:I02	DB11798	Tanzisertib	0.19458400513763852	0.9794061844872234	0.5174400970579315	0.7242343957566983	NPC.CAS9
CPC016_NEU_24H:BRD-A09467419-003-14-1:10	DB12554	Mebeverine	0.17993363810897373	0.9781190151475433	0.5177809388335705	0.7244072457050913	NEU
CPC018_NPC_24H:BRD-A75409952:10	DB08059	Wortmannin	0.20166177798923748	0.9744639448814557	0.5178482483812054	0.7244072457050913	NPC
NMH002_NPC_6H:BRD-K26657438-001-10-3:10	DB00724	Imiquimod	0.2032317666744914	0.9756050975334887	0.5179531283594926	0.7244072457050913	NPC
CPC014_NPC_24H:BRD-K14681867-015-01-6:10	DB09099	Somatostatin	-0.20891037834793166	-0.9734348987575155	0.5183302526186075	0.7247530023456671	NPC
CPC006_NOMO1_6H:BRD-A17883755-001-02-0:177.6	DB00480	Lenalidomide	-0.19167759722241254	-0.9780595623248844	0.5190615835777126	0.7255937295865845	NOMO1
LJP009_NPC.TAK_24H:P19	DB09074	Olaparib	-0.203030851126548	-0.9746074761161715	0.5195517951063343	0.7260970603452503	NPC.TAK
NMH002_NEU_24H:BRD-K76723084-001-19-0:10	DB00982	Isotretinoin	-0.20403177955346738	-0.9743300892969725	0.5197807843808872	0.7262351605461982	NEU
NMH001_NEU_24H:BRD-K95739795-001-02-9:10	DB12161	Deutetrabenazine	0.17881793656762668	0.9757289618884141	0.5201775625504439	0.7265693283354318	NEU
CPC017_NPC_24H:BRD-A34907681-001-01-7:10	DB01698	Rutin	0.20475853236092534	0.9713051487042532	0.5202804206309464	0.7265693283354318	NPC
CPC017_NPC_24H:BRD-K07220430-001-03-6:10	DB00568	Cinnarizine	0.19057427741401103	0.9753093469569604	0.5205900430239705	0.7266731291792919	NPC
CPC006_U937_6H:BRD-K55966568-001-01-3:6	DB12072	Orantinib	0.20085831353626613	0.9756339731153831	0.5206152531510361	0.7266731291792919	U937
LJP009_NPC.CAS9_24H:L08	DB05984	RAF-265	-0.203220957620302	-0.9753241302607354	0.5216302367941712	0.7279077266319862	NPC.CAS9
NMH002_NPC_24H:BRD-A64479082-310-01-0:10	DB00908	Quinidine	0.19708497805322384	0.9765015666820952	0.5219164118246687	0.7279555720408836	NPC
LJP009_NPC.CAS9_24H:D20	DB13061	MLN8054	-0.1909212820200416	-0.9797483715578057	0.5219254863171777	0.7279555720408836	NPC.CAS9
CPC016_NPC_24H:BRD-K18250272-003-03-7:10	DB09342	Propoxycaine	-0.18012908685312495	-0.9819959004240848	0.5225290697674418	0.7286152662415791	NPC
LJP009_NPC_24H:L22	DB12588	AZD-1480	-0.188975354225522	-0.9818687351353492	0.5234192037470726	0.7295749688796116	NPC
LJP007_NPC.TAK_24H:F17	DB12247	AZD-4547	0.2196680478187445	0.9743971068662182	0.5235836269991868	0.7295749688796116	NPC.TAK
LJP009_NEU_24H:E13	DB13113	JNJ-38877605	-0.18748934198123912	-0.9782993507119262	0.5237371819217622	0.7295749688796116	NEU
CPC006_SKM1_6H:BRD-K02113016-001-01-4:44.4	DB09074	Olaparib	0.2011881614262316	0.9738655080460273	0.5237404105328634	0.7295749688796116	SKM1
LJP007_JURKAT_24H:I19	DB13005	Rebastinib	-0.18752257874878286	-0.9795716854380883	0.5238866396761134	0.7295964959443426	JURKAT
LJP007_NPC_24H:M20	DB12874	Quizartinib	0.20983677147102284	0.971762990912915	0.5241272304111715	0.7297350089673923	NPC
NMH002_NEU_6H:BRD-K93258693-001-13-2:10	DB07863	2-chloro-5-nitro-N-phenylbenzamide	-0.1933049866275284	-0.974405333063441	0.5242476995772196	0.7297350089673923	NEU
LJP009_NPC_24H:B12	DB12242	AZD-7762	0.21188296897272993	0.9747098665767784	0.5243867655447804	0.7297465115924994	NPC
NMH001_NPC_6H:BRD-K81418486-001-22-8:10	DB02546	Vorinostat	0.19861206399424228	0.971801297692077	0.5247148288973384	0.7298094128978188	NPC
NMH002_NPC_6H:BRD-K77830450-001-03-2:10	DB02587	Colforsin	0.2010128531111551	0.9722851074417753	0.5248544558889386	0.7298094128978188	NPC
LJP009_NPC.TAK_24H:M16	DB06314	SGX-523	0.20156480631212184	0.9705068307684971	0.5248641030803302	0.7298094128978188	NPC.TAK
CPC006_PL21_6H:BRD-K82818427-001-01-4:44.4	DB03880	Batimastat	0.20622025269813127	0.9752317195286009	0.5251223491027732	0.7298094128978188	PL21
NMH002_NEU_6H:BRD-A95074085-236-01-6:10	DB13242	Bucladesine	0.20624435526363433	0.970941906241097	0.5252784918594687	0.7298094128978188	NEU
CPC015_NPC_24H:BRD-A22380646-001-02-3:10	DB00213	Pantoprazole	-0.20135833166661507	-0.9745074662075315	0.5254625550660793	0.7298094128978188	NPC
CPC006_NOMO1_6H:BRD-K53414658-001-01-7:10	DB11800	Tivozanib	0.20052086915321912	0.9699656278836002	0.5255147717099373	0.7298094128978188	NOMO1
AML001_U937_24H:BRD-K43389675:3.33333	DB00694	Daunorubicin	-0.1604212397364923	-0.9785977726330971	0.5255474452554745	0.7298094128978188	U937
CPC006_NOMO1_6H:BRD-A35108200-001-04-7:10	DB01234	Dexamethasone	0.20105310959265738	0.9735740960214903	0.5257232622070952	0.7298094128978188	NOMO1
LPROT003_NPC_6H:L13	DB11651	Dactolisib	0.21941576310587957	0.9756812696057093	0.5257401022470575	0.7298094128978188	NPC
LPROT002_NPC.TAK_6H:O08	DB02546	Vorinostat	0.20307872674260238	0.9690183434271878	0.5262965668371073	0.7301961582728433	NPC.TAK
NMH002_NEU_6H:BRD-A62336480-003-01-3:10	DB14068	Dexniguldipine	0.2017829893869769	0.970207080192238	0.5265123226288275	0.7301961582728433	NEU
CPC015_NPC_24H:BRD-K79131256-001-08-8:10	DB00518	Albendazole	0.20214913792533873	0.9711848505641715	0.5266272189349113	0.7301961582728433	NPC
LJP008_NPC_24H:D04	DB09074	Olaparib	0.20709374313907483	0.9708420564460504	0.5266520934925172	0.7301961582728433	NPC
LJP009_NPC.TAK_24H:L23	DB12588	AZD-1480	0.22195849721150168	0.977194052324004	0.5268167058560072	0.7301961582728433	NPC.TAK
LJP008_NPC.TAK_24H:N07	DB02665	(1R,2S)-2-Phenylcyclopropanaminium	-0.22308592743418854	-0.9758573999005408	0.527067843866171	0.7301961582728433	NPC.TAK
LJP007_NEU_24H:G15	DB01254	Dasatinib	0.21928338272827735	0.9751849336235014	0.5270801095107726	0.7301961582728433	NEU
CPC006_WSUDLCL2_6H:BRD-K11853856-003-01-3:10	DB08348	N~2~,N~2~-DIMETHYL-N~1~-(6-OXO-5,6-DIHYDROPHENANTHRIDIN-2-YL)GLYCINAMIDE	-0.19575412581339977	-0.9741839283334662	0.5271527152715272	0.7301961582728433	WSUDLCL2
LJP009_NPC_24H:H18	DB07138	Neflamapimod	-0.20407621965189018	-0.972408364062953	0.5271966527196653	0.7301961582728433	NPC
LJP009_NPC.CAS9_24H:G18	DB01254	Dasatinib	0.2012758474989322	0.9718373262634847	0.5273930440135426	0.7302868683424061	NPC.CAS9
LJP009_NPC.CAS9_24H:B08	DB12242	AZD-7762	-0.19930036515947444	-0.9717352367838812	0.5279468732706143	0.7308723588031656	NPC.CAS9
LJP007_NPC_24H:M15	DB07460	2-({5-CHLORO-2-[(2-METHOXY-4-MORPHOLIN-4-YLPHENYL)AMINO]PYRIMIDIN-4-YL}AMINO)-N-METHYLBENZAMIDE	0.212142805734409	0.9738363197547888	0.5282428038058533	0.731039172021028	NPC
LJP007_NPC.CAS9_24H:D03	DB12494	SGI-1776	0.2102228736731729	0.9688672206518746	0.5283294392523364	0.731039172021028	NPC.CAS9
CPC006_NOMO1_6H:BRD-K12994359-001-07-7:177.6	DB00580	Valdecoxib	0.20337802627135518	0.9742658561300089	0.5287878787878788	0.7314920842443778	NOMO1
LJP009_NPC.CAS9_24H:G10	DB08521	4-[4-(4-Fluorophenyl)-2-[4-[(R)-methylsulfinyl]phenyl]-1H-imidazol-5-yl]pyridine	0.19994860215709384	0.9713412773437483	0.5292925571112749	0.731929548230363	NPC.CAS9
NMH001_NEU_6H:BRD-A93269281-001-01-4:10	DB00758	Clopidogrel	0.18777708920174022	0.9693888886194962	0.5293665042318543	0.731929548230363	NEU
CPC017_NPC_24H:BRD-K59574735-001-05-0:10	DB03424	Ubenimex	0.1967976529895141	0.9719517137865396	0.5301542776998598	0.7328371445211888	NPC
LJP007_NPC.CAS9_24H:B03	DB00877	Sirolimus	0.2014851562761719	0.9704406620259054	0.5304986642920748	0.7331315452280123	NPC.CAS9
LJP007_JURKAT_24H:K10	DB11962	GSK-1059615	-0.20382139947267963	-0.9695058636035427	0.5311086854826135	0.7337928074065133	JURKAT
LJP007_NPC_24H:P13	DB05294	Vandetanib	-0.19043209297892374	-0.9753058890646061	0.5314365999297506	0.733983508197208	NPC
CPC016_NEU_24H:BRD-K90789829-003-03-3:10	DB01149	Nefazodone	0.18789548381683027	0.9723792033874966	0.5315542733501623	0.733983508197208	NEU
NMH002_NPC_6H:BRD-K81418486-001-29-3:10	DB02546	Vorinostat	0.19386107229129546	0.9728562214756873	0.531641397495056	0.733983508197208	NPC
NMH002_NEU_24H:BRD-A08027849-236-01-7:10	DB03619	Deoxycholic acid	0.21857079744297037	0.9728748244289727	0.5318909172864548	0.7341463205198246	NEU
CPC014_NEU_24H:BRD-A31374339-001-01-9:10	DB04441	2-Fluoroadenosine	-0.17865756684436834	-0.9793102137230055	0.532156368221942	0.7343310359411859	NEU
LJP009_NPC.TAK_24H:D03	DB11775	PF-03758309	-0.2051557189478295	-0.9688565506106552	0.5324156305506217	0.7345071223644705	NPC.TAK
NMH001_NPC_24H:BRD-K49808142-001-01-1:10	DB14630	Tyramine O-sulfate	0.1901575838999061	0.9724921627826005	0.5325699745547073	0.7345384148431922	NPC
LJP007_NPC_24H:I04	DB01268	Sunitinib	-0.20514039179091376	-0.9665363021993995	0.5332186341979883	0.7352513000965342	NPC
LJP009_NPC.TAK_24H:F02	DB11962	GSK-1059615	0.19679190663613405	0.9702027819097134	0.5335598980458793	0.7355400719540304	NPC.TAK
CPC006_THP1_6H:BRD-A17883755-001-02-0:177.6	DB00480	Lenalidomide	0.22367673309216082	0.9751052301493499	0.5336962438758845	0.735546280776571	THP1
LJP009_NPC_24H:O23	DB07232	Veliparib	0.2256925434280654	0.9725386200587871	0.5340386384544619	0.7358363951438485	NPC
NMH002_NPC_6H:BRD-K41260949-236-10-1:10	DB00313	Valproic acid	0.2038348960826251	0.9709047682423204	0.5343383584589615	0.7358811852923983	NPC
LJP009_NPC_24H:N12	DB08896	Regorafenib	-0.20442759854906578	-0.9670090398141586	0.5344103392568659	0.7358811852923983	NPC
LJP007_NPC_24H:M10	DB05575	Motesanib	-0.21171171606540326	-0.9729983199635208	0.5344668511928299	0.7358811852923983	NPC
LJP009_NPC_24H:I02	DB11798	Tanzisertib	-0.20235757312946034	-0.9678510153831072	0.5349564073038329	0.7361140999159644	NPC
LJP009_NPC.CAS9_24H:I05	DB11798	Tanzisertib	-0.2022764482934451	-0.9652324819079731	0.5350148367952522	0.7361140999159644	NPC.CAS9
LJP009_NPC.CAS9_24H:D18	DB16108	TAK-715	0.1997211391586283	0.9713238218928593	0.535031847133758	0.7361140999159644	NPC.CAS9
LJP008_NPC_24H:J11	DB05223	Pracinostat	-0.20683324132811087	-0.9697292807872167	0.5352407536636427	0.7362199617084473	NPC
LJP007_JURKAT_24H:L12	DB11836	Sapanisertib	0.21485412499985396	0.9675316264720759	0.5353737311596432	0.7362213571948851	JURKAT
AML001_HL60_6H:BRD-K26684619:10	DB08784	2-(4-CHLORO-PHENYLAMINO)-NICOTINIC ACID	-0.220464949499898	-0.9759775866989137	0.5355357530971528	0.7362626827326308	HL60
CPC006_WSUDLCL2_6H:BRD-U94846492-000-01-1:10	DB00908	Quinidine	-0.20020242631253812	-0.9700889317043663	0.5358925143953934	0.7365716525774575	WSUDLCL2
CPC006_PL21_6H:BRD-K92991072-001-02-3:10	DB13048	PAC-1	-0.21713731910430195	-0.9684900420392507	0.5360268552931303	0.7365748339114222	PL21
LJP007_JURKAT_24H:M05	DB07794	5-(2-PHENYLPYRAZOLO[1,5-A]PYRIDIN-3-YL)-1H-PYRAZOLO[3,4-C]PYRIDAZIN-3-AMINE	0.20227561512062908	0.971204815420705	0.5361746361746361	0.7365964775223578	JURKAT
LJP007_NEU_24H:G10	DB11963	Dacomitinib	-0.19041828998689642	-0.974162085359936	0.5364746945898778	0.7368272577835866	NEU
DOSBIO002_NEU_24H:BRD-K27305650:10	DB02656	LY-294002	0.20578490303607316	0.9662567988878711	0.5366500311915159	0.7368514446972858	NEU
LJP007_NPC.TAK_24H:P04	DB09054	Idelalisib	-0.21380903561479647	-0.9691507086032569	0.53684643886373	0.7368514446972858	NPC.TAK
LJP007_NPC.CAS9_24H:E08	DB05913	OSI-930	-0.19380038545049028	-0.971088266852564	0.5368885324779471	0.7368514446972858	NPC.CAS9
LJP009_NPC.CAS9_24H:B09	DB12242	AZD-7762	0.2006749676679632	0.9698957041302534	0.5370443740095087	0.736884053762678	NPC.CAS9
NMH002_NEU_24H:BRD-K55591206-001-11-6:10	DB12116	Epigallocatechin gallate	0.1786716419162827	0.973759410324915	0.537292817679558	0.7369289847058554	NEU
LJP009_NPC.TAK_24H:I24	DB11363	Alectinib	-0.1867406749496589	-0.9750267187120032	0.5373412994772218	0.7369289847058554	NPC.TAK
CPC006_PL21_6H:BRD-K78513633-001-07-4:177.6	DB06266	Lonidamine	-0.20402984404554325	-0.9670135334716861	0.537605844263656	0.7370987179856207	PL21
LJP008_NPC.CAS9_24H:G16	DB01254	Dasatinib	0.23229940603484017	0.9749193440463103	0.5377811749290238	0.7370987179856207	NPC.CAS9
LJP009_NEU_24H:O19	DB07232	Veliparib	-0.19182475669242804	-0.9706200928429208	0.5379806189434199	0.7370987179856207	NEU
CPC006_WSUDLCL2_6H:BRD-K19295594-001-08-5:11.1	DB13044	Gossypol	-0.2125048138288079	-0.9693681775389675	0.5379935435808294	0.7370987179856207	WSUDLCL2
NMH001_NPC_24H:BRD-K52075040-001-06-3:10	DB01034	Cerulenin	0.19453808974378178	0.96603369734242	0.5381437620490223	0.7371235080951375	NPC
NMH001_NEU_6H:BRD-K24125544-001-01-3:10	DB12161	Deutetrabenazine	-0.21101314809115435	-0.9661937539870419	0.5384130982367759	0.7373114077228701	NEU
CPC006_U937_6H:BRD-K67844266-001-01-3:11.1	DB11759	Pevonedistat	-0.21855688971706178	-0.9710324497331518	0.5393494228751312	0.738412375514198	U937
CPC006_THP1_6H:BRD-U88459701-000-01-8:10	DB01076	Atorvastatin	0.20240314465512396	0.9674202147181588	0.5395460797799174	0.7385003874122079	THP1
CPC006_NOMO1_6H:BRD-K06980535-003-15-0:10	DB00420	Promazine	-0.19142681741693565	-0.9702569452918091	0.5402528276779773	0.7392863688043747	NOMO1
NMH002_NPC_24H:BRD-K93258693-001-13-2:10	DB07863	2-chloro-5-nitro-N-phenylbenzamide	0.2237244024083581	0.9731900518874275	0.5409513395297977	0.7400606972135216	NPC
CPC014_NPC_24H:BRD-K74733595-001-02-9:10	DB07350	(2E)-N-hydroxy-3-[1-methyl-4-(phenylacetyl)-1H-pyrrol-2-yl]prop-2-enamide	-0.2002966277189564	-0.9695738077612815	0.5420034288513348	0.741318247011914	NPC
LJP008_NPC.TAK_24H:P18	DB11662	Rabusertib	0.2097737225540723	0.9639474721387009	0.5427432655305112	0.7419526328471534	NPC.TAK
KHW001_SKM1_6H:BRD-K09416995-001-18-3:10	DB00227	Lovastatin	0.1712837726590711	0.9713460318923903	0.5428571428571428	0.7419526328471534	SKM1
LJP009_NPC.CAS9_24H:O22	DB07232	Veliparib	0.20734454262514565	0.9648197284543311	0.543050430504305	0.7419526328471534	NPC.CAS9
CPC015_NPC_24H:BRD-A97739905-001-15-8:10	DB09214	Dexketoprofen	-0.1690196954351072	-0.9788012584113001	0.5431131019036954	0.7419526328471534	NPC
LJP008_NPC.CAS9_24H:O06	DB07101	PD-0325901	-0.2019506188154508	-0.9635211650469981	0.5432422969187675	0.7419526328471534	NPC.CAS9
LJP007_NPC.TAK_24H:I06	DB01268	Sunitinib	-0.19552053346735782	-0.9681295307402588	0.5432651918230188	0.7419526328471534	NPC.TAK
LJP008_NEU_24H:J12	DB05223	Pracinostat	-0.208307298060327	-0.9669216403513491	0.5439785624211854	0.7427450807018583	NEU
CPC015_NPC_24H:BRD-A02710418-003-03-5:10	DB13478	Meptazinol	0.1964072624434607	0.9694127843609117	0.5444444444444444	0.7431993040263164	NPC
CPC018_NPC_24H:BRD-A91699651-316-06-7:10	DB00608	Chloroquine	-0.2168062272904428	-0.9721093468629204	0.5453745462545374	0.7442139665177082	NPC
CPC013_NEU_24H:BRD-K16621777-001-01-9:10	DB12078	Enobosarm	0.19616719316862244	0.9682814976752105	0.5454545454545454	0.7442139665177082	NEU
NMH002_NEU_24H:BRD-K61250553-003-24-9:10	DB00836	Loperamide	0.18463858504920652	0.9663450661741027	0.5457094784071789	0.7442652316059644	NEU
CPC014_NEU_24H:BRD-M72442222-001-01-0:10	DB06652	Vicriviroc	0.18264393680792881	0.9700019657747174	0.5457589285714286	0.7442652316059644	NEU
LJP009_NPC.CAS9_24H:N11	DB08896	Regorafenib	-0.20659111102645933	-0.9652888743767352	0.5460526315789473	0.7442823349658886	NPC.CAS9
LJP009_NPC.TAK_24H:I17	DB12146	Rigosertib	0.2048429370089686	0.962756832750396	0.5460563646680537	0.7442823349658886	NPC.TAK
CPC013_NEU_24H:BRD-K61192372-001-01-4:10	DB01101	Capecitabine	0.19171582863932446	0.9727169287330978	0.5461716937354988	0.7442823349658886	NEU
CPC006_THP1_6H:BRD-K78126613-001-16-0:10	DB00170	Menadione	0.20484753042410167	0.9651698051055921	0.546459837198587	0.7443986849382677	THP1
CPC006_SKM1_6H:BRD-K01976263-003-04-5:0.63	DB01735	3-Chloroalaninate	-0.18468628804603285	-0.972536728578389	0.5465961665565102	0.7443986849382677	SKM1
NMH002_NEU_6H:BRD-K11129031-001-22-6:10	DB01241	Gemfibrozil	0.19428844509039644	0.9681466717254352	0.5467064493917834	0.7443986849382677	NEU
CPC006_SKM1_6H:BRD-K36927236-001-17-7:10	DB01016	Glyburide	-0.188632517976236	-0.9665166795915788	0.5467907888290053	0.7443986849382677	SKM1
CPC006_U937_6H:BRD-K11853856-003-01-3:10	DB08348	N~2~,N~2~-DIMETHYL-N~1~-(6-OXO-5,6-DIHYDROPHENANTHRIDIN-2-YL)GLYCINAMIDE	-0.20623139247879785	-0.965790874642003	0.5469306366614443	0.7444074217941442	U937
CPC006_U937_6H:BRD-K81418486-001-13-7:11.1	DB02546	Vorinostat	-0.19897093953897865	-0.9640621850151502	0.5473641688547768	0.7448157800099511	U937
LJP008_NPC.TAK_24H:L13	DB08756	Y-27632	-0.21817593199479185	-0.9646556482910936	0.5479582146248813	0.7454423017293861	NPC.TAK
CPC016_NEU_24H:BRD-M00539986-051-01-1:10	DB01274	Arformoterol	-0.20061360628243785	-0.9643836523425323	0.5481727574750831	0.7455523681017768	NEU
LJP009_NPC_24H:E14	DB13113	JNJ-38877605	0.21212198852741398	0.9596105072133602	0.5484546883184913	0.7457540107552676	NPC
CPC006_U937_6H:BRD-K14888893-001-05-6:10	DB00350	Minoxidil	-0.18923194222654352	-0.9648068871335321	0.5489690721649485	0.7462715530234522	U937
LJP007_NPC_24H:J20	DB03044	Doramapimod	-0.1916133021185669	-0.9701553408554395	0.5491935483870968	0.7463948371380299	NPC
NMH002_NEU_6H:BRD-K87714311-001-01-9:10	DB03068	Zebularine	-0.2027196312050008	-0.9652514700585986	0.5496415770609319	0.746671810173121	NEU
LJP007_NPC.TAK_24H:K05	DB12064	BMS-777607	0.19061795380927138	0.963670261901708	0.549665016020973	0.746671810173121	NPC.TAK
LJP009_NPC.CAS9_24H:E11	DB01782	Pyrazolanthrone	0.20597213671150363	0.9626400022267738	0.5499502157318288	0.7468773742862397	NPC.CAS9
LJP009_NEU_24H:O24	DB07232	Veliparib	0.21536516078831489	0.9637619859299104	0.550210970464135	0.7470496481429568	NEU
LJP009_NPC.CAS9_24H:E14	DB13113	JNJ-38877605	0.21105645423953112	0.9652296629501721	0.5505031206215769	0.7472644549751284	NPC.CAS9
CPC006_SKM1_6H:BRD-K13049116-001-01-6:10	DB15399	BMS-754807	0.21425611032887834	0.9692446548481156	0.5507135853578822	0.7473683027758756	SKM1
LJP007_NEU_24H:G08	DB11963	Dacomitinib	-0.20396646840625665	-0.9629345443100431	0.5509381027529371	0.7474911661621196	NEU
NMH002_NPC_24H:BRD-K26521938-001-06-4:10	DB00917	Dinoprostone	-0.22459724299560072	-0.9682404288032035	0.5512027491408935	0.7476094502641402	NPC
AML001_U937_6H:BRD-K19706299:1.11111	DB00374	Treprostinil	0.19787913574496413	0.9650418572659432	0.5512932924156072	0.7476094502641402	U937
LJP008_NPC.CAS9_24H:I06	DB16239	Molibresib	-0.19317547101538277	-0.9620937383745133	0.5515773660490736	0.7478129101306882	NPC.CAS9
LJP007_NPC.CAS9_24H:E07	DB05913	OSI-930	0.20329654789119797	0.9612145440910213	0.5525409130060293	0.7487622697153533	NPC.CAS9
CPC016_NPC_24H:BRD-K80396088-001-03-9:10	DB01251	Gliquidone	0.1914334143983246	0.9656785624099076	0.5526601520086862	0.7487622697153533	NPC
CPC018_NPC_24H:BRD-K76617868-003-03-6:10	DB08162	Fasudil	0.18974974940779443	0.9672645254075454	0.5528728606356969	0.7487622697153533	NPC
NMH002_NEU_24H:BRD-K93754473-048-14-5:10	DB00675	Tamoxifen	0.1928533710483476	0.9673140005843356	0.5529932448171442	0.7487622697153533	NEU
PCLB001_JURKAT_6H:BRD-A19037878-001-02-3:0.63	DB04297	Trichostatin A	0.20024957082200176	0.9642040016479809	0.5530078230374966	0.7487622697153533	JURKAT
NMH002_NPC_6H:BRD-K38775274-001-17-1:10	DB01234	Dexamethasone	-0.18427294394945398	-0.9652201343894763	0.5531914893617021	0.7487622697153533	NPC
NMH002_NPC_6H:BRD-K81062487-001-03-3:10	DB04348	Taurocholic acid	0.17514214212157717	0.9604028492224068	0.5532170775706554	0.7487622697153533	NPC
CPC014_NPC_24H:BRD-K99260425-001-01-2:10	DB00749	Etodolac	0.20721392208325415	0.9583829535895535	0.5534975723790685	0.7489056567321474	NPC
LPROT002_NPC.TAK_6H:O02	DB00864	Tacrolimus	0.20228701848269673	0.9581095589096249	0.5537098560354374	0.7489056567321474	NPC.TAK
AML001_U937_6H:BRD-A19037878:1.11111	DB04297	Trichostatin A	-0.21301926276206798	-0.9627919655826979	0.5538461538461539	0.7489056567321474	U937
DOSBIO002_NEU_24H:BRD-A75409952:10	DB08059	Wortmannin	0.2194177784352069	0.9651222766322646	0.5538599640933572	0.7489056567321474	NEU
CPC006_THP1_6H:BRD-K01976263-003-04-5:0.63	DB01735	3-Chloroalaninate	0.20836410089548824	0.9644521794492592	0.5544942060757908	0.7495815787973921	THP1
CPC016_NEU_24H:BRD-K61496577-001-03-8:10	DB00663	Flumethasone	0.1887996125018577	0.9679122791871452	0.5550584996558844	0.7501626379796945	NEU
NMH001_NEU_6H:BRD-K39981244-001-01-5:10	DB00368	Norepinephrine	0.1917325176451455	0.9612348021613789	0.5557398194214115	0.7509015385207205	NEU
AML001_HL60_6H:BRD-A19037878:3.33333	DB04297	Trichostatin A	-0.20241443466853914	-0.9611441723466166	0.5565951201614383	0.7514217696365657	HL60
CPC015_NPC_24H:BRD-K84658672-001-03-0:10	DB00731	Nateglinide	-0.21444417417913172	-0.9620997870890349	0.556696108856529	0.7514217696365657	NPC
LJP008_NPC.TAK_24H:P15	DB11662	Rabusertib	0.200057416440146	0.9575817001340707	0.5568010347057556	0.7514217696365657	NPC.TAK
NMH002_NEU_24H:BRD-K71879491-001-30-9:10	DB00982	Isotretinoin	0.17084831570532938	0.9684155304288118	0.5568181818181818	0.7514217696365657	NEU
LJP007_NEU_24H:K19	DB01590	Everolimus	0.18751028111008733	0.9614633772837912	0.5568685376661743	0.7514217696365657	NEU
CPC006_THP1_6H:BRD-K17561142-003-16-8:10	DB01118	Amiodarone	-0.215837650929119	-0.9634955594643563	0.5569329660238751	0.7514217696365657	THP1
NMH001_NEU_24H:BRD-A95696066-001-01-7:10	DB09186	Nisoxetine	0.18766212233511678	0.9675102676206813	0.5574789169995561	0.7519765178773026	NEU
NMH001_NPC_6H:BRD-K21283037-001-16-5:10	DB00740	Riluzole	0.19621198023490277	0.9644263648598762	0.5580357142857143	0.7523680952867244	NPC
LJP007_NPC.CAS9_24H:B18	DB12200	Tivantinib	-0.19892845787166052	-0.9635920589879333	0.5581456953642384	0.7523680952867244	NPC.CAS9
LJP007_NPC.TAK_24H:D09	DB08875	Cabozantinib	0.17574756827163832	0.9669649047311349	0.5581737849779087	0.7523680952867244	NPC.TAK
LJP008_NEU_24H:F02	DB12376	Ricolinostat	-0.18256333523000823	-0.9639470963733409	0.5589509143407122	0.7531579059400562	NEU
NMH001_NPC_24H:BRD-A75409952-001-04-0:10	DB08059	Wortmannin	-0.211186956401204	-0.960353438229616	0.5590732479493452	0.7531579059400562	NPC
CPC006_NOMO1_6H:BRD-K19216856-001-02-7:88.8	DB12116	Epigallocatechin gallate	0.17085680310262052	0.9736465530725182	0.5591647331786543	0.7531579059400562	NOMO1
CPC006_WSUDLCL2_6H:BRD-K02113016-001-01-4:44.4	DB09074	Olaparib	0.20154824153433545	0.9592485833410032	0.5597619441229955	0.7537803249486343	WSUDLCL2
LJP009_NPC.CAS9_24H:I15	DB12146	Rigosertib	0.197589284893314	0.9675745971949707	0.5599459642012834	0.7538461713993629	NPC.CAS9
CPC017_NPC_24H:BRD-K54759182-003-02-3:10	DB09167	Dosulepin	0.19975321395329207	0.9577902912635605	0.5605333333333333	0.754416178389375	NPC
LJP007_JURKAT_24H:E04	DB11743	Ipatasertib	-0.19361324930230506	-0.9607338535709885	0.5606398056286698	0.754416178389375	JURKAT
LJP008_NPC.TAK_24H:K07	DB11962	GSK-1059615	-0.17554153782219864	-0.9759685742428559	0.5611285266457681	0.7547745882834349	NPC.TAK
NMH002_NEU_24H:BRD-K58550667-001-04-6:10	DB12731	Daporinad	-0.2227303515956648	-0.9644576822893626	0.561176732783597	0.7547745882834349	NEU
CPC006_WSUDLCL2_6H:BRD-K12994359-001-07-7:177.6	DB00580	Valdecoxib	0.20575079242969546	0.9586382161770816	0.561471982157792	0.7549896814794702	WSUDLCL2
LJP007_JURKAT_24H:B03	DB00877	Sirolimus	0.2080586400729943	0.956652669263782	0.5617386073093699	0.7550965164811447	JURKAT
NMH002_NEU_6H:BRD-K43164539-001-09-9:10	DB02659	Cholic Acid	-0.19337577230273004	-0.9657300894825412	0.561822125813449	0.7550965164811447	NEU
LJP009_NPC.TAK_24H:O06	DB07101	PD-0325901	-0.2135957160033288	-0.9572269433753514	0.5625839540847478	0.7559383140266879	NPC.TAK
LJP008_NPC.TAK_24H:I02	DB16239	Molibresib	-0.19887388744767737	-0.9606761863635163	0.5635910224438903	0.7571024749969534	NPC.TAK
CPC014_NEU_24H:BRD-K32610195-001-11-5:10	DB01536	Androstenedione	-0.2098978043788815	-0.9559366676355066	0.5637217567910637	0.7571024749969534	NEU
CPC014_NEU_24H:BRD-K10916986-001-01-6:10	DB00361	Vinorelbine	0.19481528136783804	0.9588792194968587	0.5638594534300055	0.7571051481795429	NEU
LJP009_NPC.CAS9_24H:G07	DB08521	4-[4-(4-Fluorophenyl)-2-[4-[(R)-methylsulfinyl]phenyl]-1H-imidazol-5-yl]pyridine	-0.20168024530908282	-0.9572302073488275	0.5639974779319041	0.7571082601978087	NPC.CAS9
CPC014_NEU_24H:BRD-K81528515-001-03-9:10	DB04868	Nilotinib	0.20808014613583842	0.958026198742548	0.5643579296816056	0.7574098844584262	NEU
CPC014_NEU_24H:BRD-K91696562-001-01-8:10	DB12072	Orantinib	-0.19599753563846567	-0.9588665532729956	0.56462731581215	0.7574786965063334	NEU
CPC006_SKM1_6H:BRD-A45889380-300-04-8:10	DB01103	Quinacrine	0.20179542106483564	0.9596693803264357	0.5648060548722801	0.7574786965063334	SKM1
LJP008_NPC.CAS9_24H:F05	DB12376	Ricolinostat	-0.19996242439375664	-0.9566020051632729	0.5648165222201733	0.7574786965063334	NPC.CAS9
LJP007_NPC_24H:P07	DB07859	4-(4-CHLOROPHENYL)-4-[4-(1H-PYRAZOL-4-YL)PHENYL]PIPERIDINE	-0.18473308765007027	-0.9687327515316512	0.5651623787431463	0.7577299526605994	NPC
CPC015_NPC_24H:BRD-A48720949-001-03-2:10	DB01420	Testosterone propionate	-0.20962272356795114	-0.9572257454355356	0.5652755086885489	0.7577299526605994	NPC
LJP008_NPC.TAK_24H:K11	DB11962	GSK-1059615	-0.19513833289045585	-0.9599371072832322	0.5660478880817864	0.7585197280144366	NPC.TAK
CPC006_U937_6H:BRD-K27316855-001-02-6:1	DB00136	Calcitriol	-0.19785728106634043	-0.9586353620802474	0.5661366100469822	0.7585197280144366	U937
CPC014_NPC_24H:BRD-K24656285-001-03-6:10	DB02509	Farnesol	0.22045931674829847	0.9610547719528518	0.5666779776043434	0.758885923355454	NPC
NMH001_NEU_6H:BRD-K67097529-001-01-1:10	DB04466	SR12813	0.19684046921014073	0.9548275268280246	0.566681978257541	0.758885923355454	NEU
CPC015_NPC_24H:BRD-K29673530-001-03-9:10	DB13014	Hypericin	0.203698052508136	0.9535110164745213	0.5673327541268463	0.7595750984578055	NPC
CPC016_NEU_24H:BRD-K21283037-003-06-2:10	DB00740	Riluzole	0.20447698489681174	0.9544722525605042	0.5676413881748072	0.7598059751984764	NEU
LJP008_NEU_24H:A10	DB07232	Veliparib	0.19090908300757986	0.9598417359181691	0.5678926671293083	0.7599599879861864	NEU
CPC006_NOMO1_6H:BRD-K48692744-001-01-2:10	DB02690	NU1025	-0.18290416456584815	-0.966153902988434	0.5683665927568367	0.7604118035948181	NOMO1
LJP009_NPC_24H:L10	DB05984	RAF-265	0.20643379772037515	0.9546780310947911	0.5689445313858459	0.7610025271161913	NPC
CPC013_NEU_24H:BRD-K49865102-001-01-9:10	DB07101	PD-0325901	-0.2181942863349856	-0.9561058775701933	0.5694185032997137	0.7614539381373687	NEU
PCLB001_JURKAT_24H:BRD-A58955223-001-02-0:3.33	DB12422	Sulforaphane	-0.20814423987799455	-0.9554173567845672	0.569574888779041	0.7614805426547496	JURKAT
LJP007_NPC.CAS9_24H:B09	DB07970	5-[(2-methyl-5-{[3-(trifluoromethyl)phenyl]carbamoyl}phenyl)amino]pyridine-3-carboxamide	0.20200107866516617	0.9564377100963447	0.5699642043605597	0.7618184705624251	NPC.CAS9
LJP009_NPC_24H:N10	DB08896	Regorafenib	-0.22298391746149165	-0.9630507487282085	0.5707121364092277	0.7626354512639716	NPC
LJP007_NPC_24H:I08	DB06589	Pazopanib	-0.19335529836492085	-0.9611839557961064	0.5708922899220329	0.7626794258373205	NPC
NMH002_NPC_24H:BRD-K01638814-050-01-2:10	DB11738	Rilmenidine	-0.215221313236146	-0.9591586766379154	0.5711624849348088	0.7626794258373205	NPC
LJP007_NEU_24H:K11	DB11962	GSK-1059615	0.20276990375322906	0.9552996840844445	0.5712883779615869	0.7626794258373205	NEU
CPC006_U937_6H:BRD-K89732114-001-05-9:10	DB00831	Trifluoperazine	0.17977504931123614	0.96012420010164	0.5713478383724215	0.7626794258373205	U937
LJP007_NEU_24H:F05	DB12848	PF-04217903	0.20087800285842766	0.9506567732719119	0.5714285714285714	0.7626794258373205	NEU
CPC006_PL21_6H:BRD-A93255169-001-13-5:10	DB01041	Thalidomide	0.1939011963763074	0.9590092377408895	0.5716862037871957	0.7627817865548898	PL21
NMH002_NEU_24H:BRD-K24656285-001-04-4:10	DB02509	Farnesol	-0.20188207718773674	-0.9567062174161088	0.5717787114845938	0.7627817865548898	NEU
CPC015_NPC_24H:BRD-A69636825-003-03-9:10	DB00343	Diltiazem	0.20116109724175701	0.955659320848427	0.5720384204909285	0.762945815902197	NPC
LPROT003_NPC_6H:N03	DB08895	Tofacitinib	-0.20376786810116462	-0.9537651705777104	0.5722100656455142	0.7629739308486154	NPC
NMH002_NPC_6H:BRD-K81418486-001-22-8:10	DB02546	Vorinostat	-0.20436408230895278	-0.9572788197398264	0.5723330167774612	0.7629739308486154	NPC
LJP008_NPC.CAS9_24H:C07	DB13877	Iniparib	0.20059923812383978	0.9558231076575409	0.572498298162015	0.763011945878137	NPC.CAS9
LJP007_JURKAT_24H:L10	DB11836	Sapanisertib	0.21633993036251026	0.9537886101403417	0.5731918044927179	0.7636163351519153	JURKAT
CPC016_NEU_24H:BRD-A63043573-001-01-6:10	DB00248	Cabergoline	0.20077565276881715	0.9563081355963665	0.573510150622135	0.7636163351519153	NEU
LJP008_NPC.CAS9_24H:K23	DB12332	Rucaparib	-0.19257114228949224	-0.9632884921423487	0.5736507936507936	0.7636163351519153	NPC.CAS9
LJP008_NPC.CAS9_24H:M02	DB02709	Resveratrol	-0.19082260503250034	-0.9602580818360403	0.573849104859335	0.7636163351519153	NPC.CAS9
LJP009_NPC.CAS9_24H:N10	DB08896	Regorafenib	-0.20327125149866973	-0.9511821608710912	0.5739117942824307	0.7636163351519153	NPC.CAS9
CPC006_NOMO1_6H:BRD-K61250553-003-13-2:10	DB00836	Loperamide	0.17251026037692863	0.9629776640400545	0.5739130434782609	0.7636163351519153	NOMO1
LJP009_NEU_24H:D23	DB13061	MLN8054	-0.19761787650247573	-0.9551897939840424	0.5739610005909002	0.7636163351519153	NEU
LJP008_NEU_24H:F03	DB12376	Ricolinostat	-0.18870787404101366	-0.9544804543882417	0.5740467663787655	0.7636163351519153	NEU
LJP007_NPC.TAK_24H:D07	DB08875	Cabozantinib	-0.18817119477515595	-0.959762223225396	0.5742411812961444	0.763692860655826	NPC.TAK
LJP009_NEU_24H:M15	DB06314	SGX-523	0.19086352844479149	0.9584469317152284	0.5745272525027809	0.7638912158515287	NEU
CPC016_NPC_24H:BRD-K41160163-001-01-9:10	DB12931	Fenobam	-0.19983022206596457	-0.9537944634585821	0.5754701816428227	0.764962626491615	NPC
CPC006_U937_6H:BRD-K69932463-001-03-1:10	DB12774	AZD-8055	0.20380962284188667	0.9532058729128581	0.5756495160468671	0.7649935475760085	U937
CPC014_NEU_24H:BRD-K50720187-050-04-1:10	DB06623	Flupirtine	-0.18185449001204543	-0.9582667617797718	0.576	0.7649935475760085	NEU
CPC006_PL21_6H:BRD-K01976263-003-04-5:0.63	DB01735	3-Chloroalaninate	0.1883630399060455	0.956747710964997	0.5761506276150627	0.7649935475760085	PL21
CPC014_NPC_24H:BRD-K79404599-001-02-8:10	DB06486	Enzastaurin	-0.19877619283602194	-0.9549482261020575	0.5765480253534861	0.7649935475760085	NPC
CPC006_NOMO1_6H:BRD-A62025033-001-01-8:10	DB06287	Temsirolimus	0.20255648247971156	0.956203669163275	0.5766857399304387	0.7649935475760085	NOMO1
CPC013_NPC_24H:BRD-K87909389-001-02-0:10	DB03496	Alvocidib	-0.17684531289330788	-0.9670667195626306	0.5766932270916335	0.7649935475760085	NPC
LJP009_NPC_24H:H07	DB08912	Dabrafenib	0.19331418806576103	0.9499631647339832	0.5767157743442328	0.7649935475760085	NPC
CPC006_U937_6H:BRD-K12184916-001-03-0:0.63	DB11651	Dactolisib	0.2085551535778742	0.9496146944079427	0.5767261830440754	0.7649935475760085	U937
CPC006_NOMO1_6H:BRD-K12184916-001-03-0:0.63	DB11651	Dactolisib	0.22006358856403113	0.9557274458335416	0.5767275248440028	0.7649935475760085	NOMO1
NMH002_NPC_6H:BRD-K59946561-001-07-5:10	DB03374	3,5-Diiodotyrosine	0.17727060478246814	0.9652368256035694	0.5772020725388601	0.7654410179924651	NPC
CPC006_SKM1_6H:BRD-K26657438-001-01-2:10	DB00724	Imiquimod	-0.20297085316206046	-0.952720176211242	0.5773752780425803	0.7654887538497042	SKM1
LJP009_NPC.CAS9_24H:M14	DB06314	SGX-523	0.18437829979011375	0.9626593758695347	0.5775240384615384	0.7655040652356672	NPC.CAS9
NMH001_NEU_6H:BRD-K10852020-001-02-9:10	DB00323	Tolcapone	0.1991549097711399	0.9523304915269223	0.5778153326163773	0.7657082519398501	NEU
CPC006_SKM1_6H:BRD-K19295594-001-08-5:11.1	DB13044	Gossypol	0.19111225286516365	0.9544172861061249	0.5782143745336981	0.7660550927388985	SKM1
LJP008_NPC_24H:N07	DB02665	(1R,2S)-2-Phenylcyclopropanaminium	0.18851965383377298	0.9630225996588867	0.5802997858672377	0.7686354476147482	NPC
CPC015_NPC_24H:BRD-A67799922-003-15-3:10	DB00925	Phenoxybenzamine	-0.19948785290735443	-0.9535227895063069	0.5806248027769012	0.7687273514903457	NPC
LJP009_NEU_24H:E07	DB01782	Pyrazolanthrone	0.20185761472074132	0.9536869851576839	0.5806577155088538	0.7687273514903457	NEU
LJP009_NPC.CAS9_24H:M13	DB06314	SGX-523	-0.20523633470966107	-0.9498015220013087	0.5807825392600479	0.7687273514903457	NPC.CAS9
CPC006_THP1_6H:BRD-K73319509-001-02-3:40	DB12848	PF-04217903	0.18244512528635717	0.9586076214631064	0.5810473815461347	0.768895479517525	THP1
CPC006_PL21_6H:BRD-K50128260-001-01-6:160	DB00203	Sildenafil	0.19897832196046364	0.9511201742843316	0.5821489482660602	0.7701704961765118	PL21
CPC006_THP1_6H:BRD-A56359832-001-03-8:160	DB00744	Zileuton	0.1980197809861135	0.95365581832011	0.5826056584002794	0.7705919791880416	THP1
CPC018_NPC_24H:BRD-A93255169-001-13-5:10	DB01041	Thalidomide	0.17779249222046145	0.9587808389666849	0.5827653359298929	0.7706204809558834	NPC
LJP009_NPC.CAS9_24H:N09	DB08896	Regorafenib	-0.19240916584745613	-0.9549435336491273	0.5833553500660502	0.7712178905257094	NPC.CAS9
CPC006_WSUDLCL2_6H:BRD-K81418486:10	DB02546	Vorinostat	-0.20441916005930558	-0.955147404384861	0.5836933045356372	0.771481863540469	WSUDLCL2
CPC006_U937_6H:BRD-K76205745-237-05-8:160	DB00678	Losartan	0.18952595746398412	0.9545269882382711	0.5839009287925696	0.7715734916470265	U937
LJP007_JURKAT_24H:F13	DB12247	AZD-4547	0.20820057866466846	0.9497522440155497	0.5845103212789073	0.7721958518624258	JURKAT
LJP007_JURKAT_24H:P06	DB09054	Idelalisib	0.19999367470776294	0.9480539288234858	0.5848670756646217	0.7723523501172267	JURKAT
LJP007_NEU_24H:M11	DB05575	Motesanib	-0.18488019710486536	-0.9520527934016152	0.5849056603773585	0.7723523501172267	NEU
AML001_U937_6H:BRD-K43389675:0.37037	DB00694	Daunorubicin	-0.19998363189450477	-0.9532356372820758	0.5852657500513031	0.7725253803410874	U937
CPC014_NEU_24H:BRD-K07736136-001-01-2:10	DB05470	VX-702	0.23009790352541767	0.9546404582581521	0.5853136373367587	0.7725253803410874	NEU
CPC013_NPC_24H:BRD-K13390322-001-01-4:10	DB08142	AT-7519	-0.1973597477862866	-0.9519201498264357	0.5856198347107437	0.7727383046198788	NPC
LJP007_NPC.CAS9_24H:P17	DB05294	Vandetanib	0.18228202865221727	0.9583881227975906	0.5857519788918206	0.7727383046198788	NPC.CAS9
LJP009_NPC.CAS9_24H:B14	DB11805	Saracatinib	0.19970223145281996	0.9515740461411263	0.5863924658850663	0.7733315583859431	NPC.CAS9
CPC006_THP1_6H:BRD-K35723520-001-01-0:10	DB06179	Darinaparsin	-0.1983759522237046	-0.9509037916098022	0.5864928909952607	0.7733315583859431	THP1
CPC014_NPC_24H:BRD-K65331431-001-04-7:10	DB12112	Zuretinol acetate	-0.2007104710074093	-0.9494598600779742	0.5866175219733485	0.7733315583859431	NPC
LJP008_NEU_24H:G20	DB00928	Azacitidine	-0.1950907771381737	-0.9540373999287074	0.586845039018952	0.7734487296684937	NEU
LJP009_NPC.TAK_24H:F06	DB11962	GSK-1059615	-0.2026422606443954	-0.9469059061987385	0.587477736676257	0.7739662852257899	NPC.TAK
CPC006_PL21_6H:BRD-K73319509-001-02-3:40	DB12848	PF-04217903	-0.20432319096834417	-0.9490568137410189	0.5875362719358851	0.7739662852257899	PL21
CPC016_NPC_24H:BRD-K97158071-001-08-2:10	DB00450	Droperidol	0.16733151795308104	0.9611605475857463	0.5876543209876544	0.7739662852257899	NPC
NMH001_NEU_6H:BRD-A19500257-001-03-9:10	DB02424	Geldanamycin	-0.20610958758733902	-0.9489982309589701	0.5877926421404682	0.7739662852257899	NEU
CPC018_NPC_24H:BRD-K14965640-001-03-3:10	DB09213	Dexibuprofen	-0.19707936586141725	-0.9498799142540142	0.5891930577920916	0.775619170025693	NPC
LJP007_NPC_24H:K03	DB12064	BMS-777607	-0.20829734639483263	-0.9499619381483918	0.5893259834627913	0.775619170025693	NPC
NMH001_NEU_6H:BRD-K09557221-001-01-6:10	DB13070	Surinabant	-0.19851691535938185	-0.9500267137135235	0.5896032831737346	0.7757508625993925	NEU
LJP007_NPC_24H:I21	DB13005	Rebastinib	0.21264663174752457	0.9495362467787841	0.5897041420118343	0.7757508625993925	NPC
LJP007_NPC_24H:B10	DB07970	5-[(2-methyl-5-{[3-(trifluoromethyl)phenyl]carbamoyl}phenyl)amino]pyridine-3-carboxamide	0.18634163732107598	0.9555554939275444	0.5898480918858836	0.7757573089654277	NPC
CPC014_NPC_24H:BRD-K43764301-001-07-6:10	DB09214	Dexketoprofen	0.20849397823093632	0.9473656834086034	0.5901483194992516	0.7759692374466945	NPC
CPC006_NOMO1_6H:BRD-A70155556-001-04-4:40	DB03785	Mevinolinic acid	0.1705108409476679	0.9612527100992722	0.5905555555555555	0.7762301236749116	NOMO1
CPC006_THP1_6H:BRD-K76188144-001-01-2:160	DB08263	N-(carboxycarbonyl)-D-phenylalanine	-0.16378478354718518	-0.9618857601036404	0.590625	0.7762301236749116	THP1
LJP008_NPC.TAK_24H:L18	DB08756	Y-27632	0.19177468225199415	0.9523413358301116	0.5909248354693454	0.7762792543080201	NPC.TAK
NMH001_NEU_24H:BRD-K75527158-001-01-5:10	DB00630	Alendronic acid	-0.2001718347096325	-0.947819772560175	0.5910566173818969	0.7762792543080201	NEU
LJP008_NPC.CAS9_24H:G14	DB01254	Dasatinib	0.2157872650946125	0.9495337490603766	0.5910798122065728	0.7762792543080201	NPC.CAS9
LJP008_NPC_24H:A24	DB11740	MK-1775	0.21869888682710933	0.9510711213792448	0.5915570175438597	0.7767073701295042	NPC
LPROT001_NPC.TAK_6H:K24	DB00877	Sirolimus	0.19658701996039604	0.9491316083543679	0.5916842306955356	0.7767073701295042	NPC.TAK
LJP007_NPC.CAS9_24H:M16	DB07460	2-({5-CHLORO-2-[(2-METHOXY-4-MORPHOLIN-4-YLPHENYL)AMINO]PYRIMIDIN-4-YL}AMINO)-N-METHYLBENZAMIDE	0.2037158377923791	0.9477477778124261	0.5919100421677339	0.7768210127625942	NPC.CAS9
LJP007_NPC_24H:F17	DB12247	AZD-4547	0.20099037401483655	0.9464060018979541	0.5923880597014926	0.7772655185970431	NPC
CPC006_WSUDLCL2_6H:BRD-K18849474-001-01-0:79.44	DB12181	Dalcetrapib	0.1922649398546383	0.9531774140900575	0.592638036809816	0.7774106765487804	WSUDLCL2
LJP009_NPC_24H:B11	DB12242	AZD-7762	-0.17106446800104264	-0.9821353962858698	0.5928571428571429	0.7775152797367183	NPC
LJP009_NPC.TAK_24H:B24	DB16107	BI 2536	-0.17867927876213496	-0.9617508783159854	0.5930122757318225	0.7775359544789276	NPC.TAK
NMH002_NPC_6H:BRD-A75409952-001-04-0:10	DB08059	Wortmannin	0.1992193783356878	0.9522093023055636	0.593638170974155	0.7780753296868075	NPC
CPC006_U937_6H:BRD-A04706586-236-01-7:10	DB13242	Bucladesine	-0.19101110251501324	-0.9531824674383578	0.59375	0.7780753296868075	U937
PCLB001_JURKAT_6H:BRD-K07572174-001-22-0:2.5	DB11672	Curcumin	-0.18826492044615936	-0.9531633796829295	0.5940732457366509	0.7780753296868075	JURKAT
CPC016_NPC_24H:BRD-K79116891-003-03-7:10	DB00807	Proparacaine	0.19607839848653175	0.9477927558357447	0.5940816982952718	0.7780753296868075	NPC
CPC014_NPC_24H:BRD-K63915849-001-01-1:10	DB07503	(5E)-5-[(2,2-DIFLUORO-1,3-BENZODIOXOL-5-YL)METHYLENE]-1,3-THIAZOLIDINE-2,4-DIONE	-0.18956472203032199	-0.9555719831671254	0.5941209723007349	0.7780753296868075	NPC
CPC018_NPC_24H:BRD-K39965020-001-03-4:10	DB03756	Doconexent	0.17155755322585062	0.9631089630311841	0.5943661971830986	0.7782138028830103	NPC
AML001_HL60_6H:BRD-K26684619:1.11111	DB08784	2-(4-CHLORO-PHENYLAMINO)-NICOTINIC ACID	-0.2045044312006866	-0.9452858716273999	0.5949277079876748	0.7787238487594285	HL60
LJP007_NPC_24H:K21	DB01590	Everolimus	0.21048066781586464	0.9451361904787868	0.5950349107835532	0.7787238487594285	NPC
LJP009_NPC.CAS9_24H:K22	DB12432	CC-401	-0.18662048971844997	-0.9609421526743286	0.5955951265229615	0.779274205176267	NPC.CAS9
LJP007_NPC.CAS9_24H:P14	DB05294	Vandetanib	0.19851480722528247	0.9474547851653446	0.5962954167656138	0.7799963991547065	NPC.CAS9
LJP009_NPC.CAS9_24H:E23	DB08901	Ponatinib	-0.1926826555794843	-0.9485659823800109	0.5965570514235268	0.7799963991547065	NPC.CAS9
PCLB001_JURKAT_24H:BRD-K07572174-001-22-0:0.37	DB11672	Curcumin	0.1709175676214692	0.9586059332041038	0.5965665236051502	0.7799963991547065	JURKAT
PCLB001_JURKAT_6H:BRD-A58955223-001-02-0:1.11	DB12422	Sulforaphane	-0.19441595000630357	-0.9457715281331877	0.5968479117415287	0.7801814666368296	JURKAT
CPC018_NPC_24H:BRD-K19533706-001-01-9:10	DB07615	Tranilast	0.17854326247434726	0.9540213694857599	0.5973431058176821	0.7806458625806626	NPC
CPC016_NEU_24H:BRD-K70778732-003-15-0:10	DB00656	Trazodone	0.19175360428810692	0.9497408931715875	0.5987006496751625	0.7821115928227204	NEU
LJP008_NPC.CAS9_24H:D23	DB13978	Selisistat	0.2177897811785861	0.9484154499931987	0.5987450462351387	0.7821115928227204	NPC.CAS9
NMH002_NPC_6H:BRD-K70131229-003-01-2:10	DB02678	beta-D-Galactosamine	-0.19372901448397128	-0.949832131714582	0.5991221653255303	0.7823016434073935	NPC
LJP008_NPC_24H:K23	DB12332	Rucaparib	0.19092549952870122	0.9482713895085529	0.5991709844559585	0.7823016434073935	NPC
LJP007_NPC.CAS9_24H:M10	DB05575	Motesanib	0.18356902334051362	0.9478033427906748	0.5993214065391733	0.7823149572021637	NPC.CAS9
LJP007_NPC_24H:M05	DB07794	5-(2-PHENYLPYRAZOLO[1,5-A]PYRIDIN-3-YL)-1H-PYRAZOLO[3,4-C]PYRIDAZIN-3-AMINE	-0.19415726948718448	-0.9486973665452169	0.5997652582159625	0.7825375169352243	NPC
LJP008_NPC.CAS9_24H:I11	DB11830	Mocetinostat	-0.20407484341642163	-0.9428901964650039	0.5997724363532926	0.7825375169352243	NPC.CAS9
CPC014_NEU_24H:BRD-K04923131-001-06-3:10	DB03444	6-bromoindirubin-3'-oxime	-0.1983330256888713	-0.9484164784879028	0.6007111482953357	0.7835231859480706	NEU
LJP008_NEU_24H:A08	DB07232	Veliparib	0.18548335163990542	0.9516362757342566	0.6008087810514153	0.7835231859480706	NEU
LJP008_NPC.CAS9_24H:C09	DB13877	Iniparib	-0.20021498139343658	-0.9437331133498051	0.6012999365884591	0.7838965294683551	NPC.CAS9
NMH002_NEU_24H:BRD-K53597484-001-01-9:10	DB08633	TNP-470	-0.17970188714372382	-0.9541892158906411	0.6014990630855716	0.7838965294683551	NEU
LJP007_NPC.CAS9_24H:M18	DB07460	2-({5-CHLORO-2-[(2-METHOXY-4-MORPHOLIN-4-YLPHENYL)AMINO]PYRIMIDIN-4-YL}AMINO)-N-METHYLBENZAMIDE	0.1967531204984239	0.9429458743063152	0.6015165876777251	0.7838965294683551	NPC.CAS9
LJP009_NPC.CAS9_24H:O19	DB07232	Veliparib	0.1957058227631371	0.9438497231201289	0.6022906793048973	0.7847220223825367	NPC.CAS9
LJP009_NPC.TAK_24H:G10	DB08521	4-[4-(4-Fluorophenyl)-2-[4-[(R)-methylsulfinyl]phenyl]-1H-imidazol-5-yl]pyridine	-0.1946804723274969	-0.9456546914595698	0.6025641025641025	0.7848949633913445	NPC.TAK
LJP007_NPC.TAK_24H:P09	DB07859	4-(4-CHLOROPHENYL)-4-[4-(1H-PYRAZOL-4-YL)PHENYL]PIPERIDINE	-0.19530200738378142	-0.9473968133913637	0.6028352312340228	0.7850399900262807	NPC.TAK
CPC014_NEU_24H:BRD-K83837640-001-01-4:10	DB12985	Quisinostat	-0.20084888798769948	-0.9421594002051537	0.6029568663313519	0.7850399900262807	NEU
AML001_U937_24H:BRD-K27316855:0.37037	DB00136	Calcitriol	0.185817957476939	0.9513143350086707	0.6038260869565217	0.7859882732455518	U937
CPC015_NPC_24H:BRD-K75958195-037-04-5:10	DB06153	Pizotifen	-0.19109548871220267	-0.9455749209109009	0.6042376087779039	0.7862019315457728	NPC
DOSBIO002_NPC_24H:BRD-K81418486:3.33333	DB02546	Vorinostat	0.20345043717684597	0.9447487932299631	0.604393575779952	0.7862019315457728	NPC
LJP007_NEU_24H:M19	DB12874	Quizartinib	-0.1772451258770216	-0.9457398589858345	0.6044378698224852	0.7862019315457728	NEU
LJP007_JURKAT_24H:D04	DB12494	SGI-1776	-0.19980537246443766	-0.9410248018580857	0.6045877446262432	0.7862019315457728	JURKAT
NMH002_NPC_6H:BRD-K93258693-001-12-4:10	DB07863	2-chloro-5-nitro-N-phenylbenzamide	0.19518550312842867	0.944918680677029	0.6046948356807512	0.7862019315457728	NPC
CPC006_THP1_6H:BRD-K98548675-001-02-6:10	DB13063	Parthenolide	-0.18830128767616122	-0.9489477375125244	0.604876523913723	0.7862549223939098	THP1
NMH002_NEU_6H:BRD-K77175907-001-04-9:10	DB00146	Calcifediol	-0.19471266745514912	-0.9444111940193887	0.6055345479546236	0.7869269142881073	NEU
LPROT003_NPC_6H:B07	DB03496	Alvocidib	-0.18557528985866667	-0.9453741993022966	0.6058536585365853	0.7871582582616696	NPC
NMH002_NEU_24H:BRD-A97437073-050-09-5:10	DB00412	Rosiglitazone	0.18387331108681362	0.9474197984294799	0.6060938185006576	0.7872869414237879	NEU
NMH001_NPC_6H:BRD-K95739795-001-02-9:10	DB12161	Deutetrabenazine	0.18862130752001766	0.9472792744354911	0.6062527328377787	0.7873100550516684	NPC
CPC014_NPC_24H:BRD-K64800655-001-01-7:10	DB12686	PHA-793887	0.19486646635559787	0.9437672120031336	0.6065529379907934	0.7873648880546104	NPC
LJP008_NPC.CAS9_24H:N12	DB02665	(1R,2S)-2-Phenylcyclopropanaminium	-0.20035195397153013	-0.9439025451718256	0.6067068459279864	0.7873648880546104	NPC.CAS9
CPC006_U937_6H:BRD-K48692744-001-01-2:10	DB02690	NU1025	-0.19472716129152318	-0.937823976295417	0.60671834625323	0.7873648880546104	U937
NMH001_NEU_24H:BRD-A19500257-001-03-9:10	DB02424	Geldanamycin	0.19949034543236432	0.9403149416647008	0.6071064696892512	0.7876853475340309	NEU
CPC006_U937_6H:BRD-K22134346-001-09-0:10	DB00641	Simvastatin	0.1992643874432748	0.9439433882433553	0.6073465280107346	0.7877675568175768	U937
CPC006_THP1_6H:BRD-K41895714-001-02-2:10	DB04769	5-QUINOXALIN-6-YLMETHYLENE-THIAZOLIDINE-2,4-DIONE	0.204772791561815	0.941436685247862	0.6074522368577192	0.7877675568175768	THP1
CPC014_NPC_24H:BRD-K62012036-001-06-0:10	DB00459	Acitretin	0.18099989459912763	0.9485859541344845	0.6087630864676231	0.7891482871368664	NPC
CPC014_NPC_24H:BRD-K05396879-001-05-9:10	DB08435	(5E,14E)-11-oxoprosta-5,9,12,14-tetraen-1-oic acid	0.19383890578984164	0.9420940015706664	0.6087998257460249	0.7891482871368664	NPC
NMH001_NPC_6H:BRD-K24125544-001-01-3:10	DB12161	Deutetrabenazine	-0.18319531150698407	-0.951647562108044	0.6091421000331235	0.7894085426445518	NPC
CPC006_PL21_6H:BRD-A46335897-003-05-4:6.23	DB01069	Promethazine	-0.19105803314246977	-0.940013297258097	0.6099167822468793	0.7902289196830793	PL21
LJP007_NPC.CAS9_24H:G18	DB01254	Dasatinib	0.19234660792396963	0.94378124708079	0.6100815418828762	0.7902588628197275	NPC.CAS9
LPROT001_NPC.TAK_6H:E22	DB13978	Selisistat	0.2095963095993483	0.9398292927466729	0.6106810129904212	0.7908517575379665	NPC.TAK
LJP007_JURKAT_24H:G14	DB01254	Dasatinib	-0.19268489655626247	-0.9464006205952742	0.6118198385837021	0.7919395729174299	JURKAT
NMH002_NPC_24H:BRD-K38775274-001-17-1:10	DB01234	Dexamethasone	0.1925421001173124	0.9425818571525046	0.611824111087734	0.7919395729174299	NPC
NMH002_NPC_6H:BRD-K02404261-001-12-6:10	DB00201	Caffeine	-0.2049425295520865	-0.9401458722345539	0.6119468540682991	0.7919395729174299	NPC
CPC006_NOMO1_6H:BRD-U88459701-000-01-8:10	DB01076	Atorvastatin	0.1978230209093202	0.9396148056253943	0.6129673108181326	0.7930762122111229	NOMO1
LJP008_NPC.CAS9_24H:H18	DB11841	Entinostat	0.2006746881545282	0.9359302969169792	0.6136178530705326	0.7936699942265636	NPC.CAS9
CPC013_NEU_24H:BRD-A45664787-001-01-4:10	DB01088	Iloprost	0.19869137525877864	0.9406253736179588	0.6137107644906605	0.7936699942265636	NEU
CPC006_WSUDLCL2_6H:BRD-A75817871-001-04-2:40	DB01944	(S)-blebbistatin	-0.1986407360922858	-0.9355526305079283	0.61514552133371	0.7947962610889268	WSUDLCL2
LJP007_NPC.TAK_24H:P24	DB11886	Infigratinib	-0.20177069682548948	-0.9388000308846566	0.6152216674232108	0.7947962610889268	NPC.TAK
LPROT003_NPC_6H:N07	DB01782	Pyrazolanthrone	-0.20473830452510694	-0.9364811895696417	0.6152439881873154	0.7947962610889268	NPC
LJP009_NPC_24H:G08	DB08521	4-[4-(4-Fluorophenyl)-2-[4-[(R)-methylsulfinyl]phenyl]-1H-imidazol-5-yl]pyridine	-0.19285944840143657	-0.9443353361414218	0.6152520465316674	0.7947962610889268	NPC
CPC006_U937_6H:BRD-A35108200-001-04-7:10	DB01234	Dexamethasone	0.19280356777419558	0.9404165596457011	0.6156963105139689	0.7947962610889268	U937
LJP008_NPC_24H:L16	DB08756	Y-27632	0.2119957285780219	0.9389370275759096	0.6157024793388429	0.7947962610889268	NPC
LJP008_NPC_24H:G11	DB02546	Vorinostat	0.19226577070630993	0.9447598399169115	0.6157205240174672	0.7947962610889268	NPC
CPC006_PL21_6H:BRD-K77947974-001-05-6:4.21	DB04842	Fluspirilene	-0.19179814789374403	-0.9402463376764744	0.6157213551579749	0.7947962610889268	PL21
CPC015_NPC_24H:BRD-K68867920-001-05-2:10	DB01224	Quetiapine	-0.17016878965116497	-0.953547439055829	0.6159420289855072	0.7948971963243453	NPC
LJP007_NPC_24H:P08	DB07859	4-(4-CHLOROPHENYL)-4-[4-(1H-PYRAZOL-4-YL)PHENYL]PIPERIDINE	0.1955946188437593	0.9441545915911845	0.6163583252190847	0.7952504848282317	NPC
LJP007_JURKAT_24H:K09	DB11962	GSK-1059615	0.18824488191924008	0.946415324865363	0.6168432794199665	0.7956921747708655	JURKAT
LJP009_NEU_24H:I17	DB12146	Rigosertib	0.17876614292223	0.9520536466588012	0.6177024482109228	0.7966162641166755	NEU
CPC006_SKM1_6H:BRD-K41260949-236-02-8:10	DB00313	Valproic acid	0.20446344524276075	0.9348923236242109	0.6180284527256704	0.7968524931260724	SKM1
CPC006_PL21_6H:BRD-K59597909-001-10-1:10	DB11447	Phenothiazine	0.19311924287977475	0.9379407715703865	0.6188230856280649	0.7975261289259152	PL21
LJP009_NPC.TAK_24H:E23	DB08901	Ponatinib	0.2007859814306494	0.9383705216514626	0.6188368188062892	0.7975261289259152	NPC.TAK
LJP008_NEU_24H:H13	DB11841	Entinostat	0.19580745832795543	0.9407660746285189	0.6190786614515428	0.7976535455515374	NEU
NMH002_NPC_6H:BRD-K17561142-003-25-9:10	DB01118	Amiodarone	-0.16973688080026322	-0.9498443261433571	0.6195153896529142	0.7978922109107248	NPC
LJP009_NPC.TAK_24H:I16	DB12146	Rigosertib	-0.19871061021865855	-0.9376398293732254	0.6195499296765119	0.7978922109107248	NPC.TAK
LJP008_NPC.CAS9_24H:I10	DB11830	Mocetinostat	-0.20651256489964	-0.9377988830129748	0.6197991391678622	0.7980289400917386	NPC.CAS9
CPC006_U937_6H:BRD-U94846492-000-01-1:10	DB00908	Quinidine	0.20718917644058377	0.9341379083468486	0.6203222799307497	0.7985182279034732	U937
CPC006_SKM1_6H:BRD-K17561142-003-16-8:10	DB01118	Amiodarone	-0.19613410400076833	-0.941756557115299	0.6205747605164514	0.7986589593820721	SKM1
LJP008_NEU_24H:I09	DB11830	Mocetinostat	0.19494324599761892	0.9421702309082967	0.6207885304659498	0.7987498181433428	NEU
CPC006_THP1_6H:BRD-K48692744-001-01-2:10	DB02690	NU1025	0.16920672014646465	0.9641533217575384	0.6209386281588448	0.7987587287291205	THP1
CPC006_U937_6H:BRD-K36927236-001-17-7:10	DB01016	Glyburide	-0.19646028645091956	-0.9375904458558549	0.6212242288636727	0.7989419024505371	U937
CPC006_U937_6H:BRD-K50590187-001-10-8:160	DB09120	Zucapsaicin	-0.19666894259655232	-0.9389957450154686	0.6227372694975469	0.8007032096166892	U937
CPC015_NPC_24H:BRD-K34415467-003-08-0:10	DB00662	Trimethobenzamide	-0.22912863679380888	-0.9463722709398383	0.6231487117062284	0.8010476181126839	NPC
NMH001_NEU_24H:BRD-K12539581-001-18-7:10	DB08313	Nocodazole	-0.20918899538550545	-0.9372129276875142	0.6233704102380098	0.80114801168345	NEU
NMH002_NPC_24H:BRD-K79254416-001-11-9:10	DB01262	Decitabine	-0.202410423300955	-0.9348692237873065	0.6239049561982479	0.8016503340925898	NPC
CPC017_NPC_24H:BRD-K26521938-001-04-9:10	DB00917	Dinoprostone	-0.184986847639923	-0.948300294958641	0.6241830065359477	0.8017414214489104	NPC
CPC012_NEU_24H:BRD-K15402119-001-01-2:10	DB04864	Huperzine A	-0.21172171846287988	-0.9316452660026205	0.6242632612966601	0.8017414214489104	NEU
CPC014_NEU_24H:BRD-K83988098-003-01-8:10	DB12442	Alvespimycin	0.20024900568729398	0.9331450185434417	0.6244280630401627	0.8017685071809132	NEU
AML001_U937_24H:BRD-K93754473:13.4584	DB00675	Tamoxifen	-0.19738693085650108	-0.9326123216442013	0.6252960682141165	0.8026982891317432	U937
DOSBIO002_NPC_24H:BRD-A19037878:0.37037	DB04297	Trichostatin A	0.19895323656182626	0.9408994282256237	0.6255765199161426	0.8027127192705628	NPC
CPC015_NPC_24H:BRD-K54771420-001-03-2:10	DB02691	Glycocholic acid	-0.1996971224444959	-0.9337880141214779	0.6255950714085691	0.8027127192705628	NPC
CPC006_U937_6H:BRD-K91623615-001-01-9:10	DB12254	ABT-751	0.18188222738896997	0.9496576456488276	0.6261682242990654	0.8032633992560326	U937
LPROT001_NPC.TAK_6H:A22	DB12387	OSI-027	0.1892809482435817	0.9412525952546753	0.6263858093126385	0.8033578000356806	NPC.TAK
NMH001_NEU_6H:BRD-K73251053-001-01-0:10	DB04017	Clorgiline	0.2056921957960481	0.9333834964716792	0.6265781595730834	0.803419800564981	NEU
CPC006_WSUDLCL2_6H:BRD-K92241597-001-02-9:80	DB11781	Tosedostat	-0.19706257397559898	-0.9355776879566108	0.6267243154210418	0.8034225541668181	WSUDLCL2
LJP007_NPC_24H:P16	DB05294	Vandetanib	0.1921487457923795	0.9423020660731983	0.626984126984127	0.8035169584222497	NPC
LJP008_NPC.TAK_24H:O06	DB07101	PD-0325901	0.17813503170671868	0.9498373113346246	0.6270860077021823	0.8035169584222497	NPC.TAK
CPC006_NOMO1_6H:BRD-K44241590-001-03-3:11.1	DB07697	1-(2,3-dihydro-1,4-benzodioxin-6-ylsulfonyl)-4-[(4-methoxyphenyl)sulfonyl]piperazine	0.15351839323572022	0.9622673965700845	0.6280193236714976	0.8043941475121321	NOMO1
LJP008_NPC.CAS9_24H:G13	DB01254	Dasatinib	0.20700304693079857	0.9274946860582903	0.6280589543937709	0.8043941475121321	NPC.CAS9
CPC016_NPC_24H:BRD-A51410489-003-02-8:10	DB01392	Yohimbine	-0.16910645057839985	-0.9450612601645941	0.6282312925170068	0.8044301998972644	NPC
LJP007_NPC_24H:D03	DB12494	SGI-1776	0.1922516253569081	0.9420453888298838	0.6292221084953941	0.8053326521639738	NPC
LJP007_NEU_24H:P17	DB05294	Vandetanib	-0.20884838802021558	-0.929750232234619	0.6292247769820329	0.8053326521639738	NEU
CPC006_PL21_6H:BRD-K04430056-001-09-4:80	DB02207	7-Nitroindazole	-0.19199058424570709	-0.9362360300294628	0.6295127935506485	0.805516485141988	PL21
CPC017_NPC_24H:BRD-A26384407-001-15-2:10	DB08046	2-chloro-5-[(1S)-1-hydroxy-3-oxo-2H-isoindol-1-yl]benzenesulfonamide	-0.1919817618169638	-0.9403083948481237	0.629699692598723	0.8055708748012557	NPC
LJP007_NPC.TAK_24H:C01	DB11800	Tivozanib	-0.1847106229039945	-0.9398744894915557	0.6299513551077137	0.8056088226268253	NPC.TAK
LJP009_NEU_24H:N08	DB08896	Regorafenib	0.18942405402336585	0.937285144233901	0.6300181561428283	0.8056088226268253	NEU
LJP007_NEU_24H:A15	DB12742	Amuvatinib	-0.18860728060590837	-0.9401255529956271	0.6307230422817113	0.8063253558408954	NEU
LJP008_NEU_24H:N10	DB02665	(1R,2S)-2-Phenylcyclopropanaminium	0.1943640941109796	0.9317512355449298	0.6317423994769532	0.807243447475024	NEU
NMH002_NEU_6H:BRD-K01493881-001-24-5:10	DB07352	Apigenin	-0.16767880189466083	-0.9485552448313114	0.6318471337579618	0.807243447475024	NEU
CPC006_SKM1_6H:BRD-K78513633-001-07-4:177.6	DB06266	Lonidamine	-0.20127117920306012	-0.93104024486692	0.631875270679948	0.807243447475024	SKM1
LJP009_NPC.CAS9_24H:F02	DB11962	GSK-1059615	0.2066882153844782	0.929391359210561	0.6333498882542836	0.8089420848376027	NPC.CAS9
CPC006_WSUDLCL2_6H:BRD-K80738081-001-21-1:10	DB02709	Resveratrol	0.19187633999108375	0.9338018158235216	0.633737723859041	0.8091799369984354	WSUDLCL2
CPC006_WSUDLCL2_6H:BRD-U88459701-000-01-8:10	DB01076	Atorvastatin	-0.1986791461994063	-0.9287334483014994	0.633826191913096	0.8091799369984354	WSUDLCL2
LJP007_JURKAT_24H:K21	DB01590	Everolimus	-0.19565125595383284	-0.9443939731294988	0.6340486409155937	0.8092787388854031	JURKAT
LJP008_NPC_24H:A09	DB07232	Veliparib	0.22093687937922019	0.9345500265420011	0.6345843639100979	0.809774215767407	NPC
CPC006_NOMO1_6H:BRD-K00766422-001-01-9:80	DB03459	Sparfosic acid	-0.20191583995126758	-0.9274097484685305	0.6347271277201777	0.809774215767407	NOMO1
LJP007_NPC.CAS9_24H:N17	DB09330	Osimertinib	0.17863493966744284	0.9454321728966644	0.6351706036745407	0.8101547320302384	NPC.CAS9
LJP007_NPC_24H:M23	DB12874	Quizartinib	-0.1962278309199565	-0.9272067141806333	0.6356275303643725	0.8105522267206478	NPC
LJP009_NPC_24H:M17	DB06314	SGX-523	-0.20189908386522537	-0.9299164106246021	0.6361699104986503	0.8109021385988354	NPC
NMH001_NPC_24H:BRD-A47564106-001-07-5:10	DB12161	Deutetrabenazine	-0.18752258279488943	-0.9297529233947156	0.6361926260346125	0.8109021385988354	NPC
LJP007_NPC_24H:N15	DB09330	Osimertinib	0.19360138291992315	0.9372963223075637	0.6364039955604883	0.810986270267694	NPC
LJP008_NPC.CAS9_24H:G18	DB01254	Dasatinib	0.2130221326736625	0.9289352318846728	0.6370521080592291	0.8114812492293998	NPC.CAS9
CPC018_NPC_24H:BRD-K36616567-003-01-5:10	DB14750	Cidoxepin	0.18832563580440176	0.9361313154885441	0.6372007366482505	0.8114812492293998	NPC
CPC006_WSUDLCL2_6H:BRD-A38030642-001-02-0:10	DB00091	Cyclosporine	0.18502642739591033	0.9430466232874944	0.6372287780738485	0.8114812492293998	WSUDLCL2
CPC016_NPC_24H:BRD-K62996583-001-03-8:10	DB13766	Lidoflazine	-0.20460399353800307	-0.9295814804325964	0.6375044394459571	0.8116470259399806	NPC
LJP009_NPC.CAS9_24H:L22	DB12588	AZD-1480	0.19213602784825592	0.9411570421760266	0.6378378378378379	0.8118862188677385	NPC.CAS9
LJP007_NPC_24H:K02	DB12064	BMS-777607	-0.2045723008047498	-0.9263210522984623	0.638646977155118	0.8127307220685226	NPC
CPC014_NEU_24H:BRD-K84085265-001-01-3:10	DB11798	Tanzisertib	-0.20373866058059206	-0.9272300173626492	0.6388349514563106	0.812784536869956	NEU
LJP007_NEU_24H:K09	DB11962	GSK-1059615	0.21894164982432454	0.9301881610596658	0.63915857605178	0.8128981795590358	NEU
AML001_U937_24H:BRD-K19706299:10	DB00374	Treprostinil	0.1796967589992402	0.9399513093312057	0.6392156862745098	0.8128981795590358	U937
LJP009_NPC_24H:E17	DB13113	JNJ-38877605	0.2185922006179231	0.9279257983375724	0.6400554252824557	0.8137805874318188	NPC
CPC016_NEU_24H:BRD-K71059170-001-02-5:10	DB00671	Cefixime	0.198193513331085	0.9272886691923049	0.640210886292391	0.8137927852871382	NEU
LJP007_NEU_24H:M17	DB07460	2-({5-CHLORO-2-[(2-METHOXY-4-MORPHOLIN-4-YLPHENYL)AMINO]PYRIMIDIN-4-YL}AMINO)-N-METHYLBENZAMIDE	0.22419025053347308	0.9327545758275302	0.6408167698490279	0.8143773938468625	NEU
LJP007_NPC.TAK_24H:G14	DB01254	Dasatinib	-0.19430164921501059	-0.9330514115528666	0.6412639405204461	0.8147600829340853	NPC.TAK
LJP009_NPC_24H:K22	DB12432	CC-401	-0.19962122532455306	-0.9256756698503229	0.6419078558771412	0.8153925154687091	NPC
CPC013_NPC_24H:BRD-A45664787-001-01-4:10	DB01088	Iloprost	0.1940724823034624	0.930952194537493	0.6424010217113666	0.8155624795507007	NPC
LJP008_NPC.TAK_24H:L24	DB05015	Belinostat	-0.1806774762504132	-0.939446927514729	0.6424242424242425	0.8155624795507007	NPC.TAK
AML001_U937_6H:BRD-K43389675:1.11111	DB00694	Daunorubicin	-0.1932942697339966	-0.9306732882834549	0.6424802110817942	0.8155624795507007	U937
NMH001_NEU_6H:BRD-K58550667-001-05-3:10	DB12731	Daporinad	0.20561187497416153	0.927311178869795	0.6432599355531686	0.8162754623331819	NEU
LJP008_NPC_24H:O04	DB07101	PD-0325901	0.18348351303668145	0.9362034549770971	0.6433345058037284	0.8162754623331819	NPC
NMH001_NEU_24H:BRD-A69512159-001-04-0:10	DB00190	Carbidopa	-0.1922650796593095	-0.9340355700077371	0.6440009282896264	0.8169352385010973	NEU
LJP008_NEU_24H:K08	DB11962	GSK-1059615	0.21554475814942592	0.9259611256959505	0.6444193912063134	0.8172802417685889	NEU
CPC014_NPC_24H:BRD-K36627727-001-01-3:10	DB04942	Tamibarotene	0.20416890841238738	0.9271122959332757	0.6446014627494732	0.8173253546998434	NPC
LJP007_NPC.TAK_24H:P16	DB05294	Vandetanib	-0.18365515261068138	-0.9403199057068676	0.6454081632653061	0.8181622683156426	NPC.TAK
CPC016_NEU_24H:BRD-A97479839-003-08-3:10	DB13351	Piperidolate	0.2075840212453606	0.9236394619089054	0.6461173681090694	0.8187796778552399	NEU
NMH002_NPC_6H:BRD-K30466858-335-01-5:10	DB08846	Ellagic acid	0.1968970425413509	0.9204350686602926	0.6462789243277048	0.8187796778552399	NPC
PCLB001_JURKAT_6H:BRD-A58955223-001-02-0:3.33	DB12422	Sulforaphane	-0.1989929241838806	-0.9268595996395499	0.6466980615485708	0.8187796778552399	JURKAT
LJP007_JURKAT_24H:I15	DB11526	Masitinib	0.19193671206570653	0.9325922801189547	0.6467378410438909	0.8187796778552399	JURKAT
CPC013_NEU_24H:BRD-K64785675-001-01-6:10	DB05552	TG100-115	-0.22190280319623082	-0.9261196273681211	0.6469449225473322	0.8187796778552399	NEU
NMH002_NEU_6H:BRD-A99117172-001-01-1:10	DB01611	Hydroxychloroquine	-0.19135361639309817	-0.9218681970642777	0.6469540887701895	0.8187796778552399	NEU
LJP007_JURKAT_24H:O06	DB07101	PD-0325901	0.20413662894470808	0.9263492115710019	0.6470226377952756	0.8187796778552399	JURKAT
CPC006_SKM1_6H:BRD-K58550667-001-01-2:0.08	DB12731	Daporinad	-0.19292123906558753	-0.9235920742064919	0.6472384124340828	0.8187796778552399	SKM1
CPC006_U937_6H:BRD-K04430056-001-09-4:80	DB02207	7-Nitroindazole	-0.194914739833712	-0.9296089175658959	0.6472435450104675	0.8187796778552399	U937
AML001_U937_6H:BRD-K71879491:1.11111	DB00982	Isotretinoin	0.1995334973980164	0.9272748682417827	0.6474274887042705	0.8187796778552399	U937
NMH002_NPC_24H:BRD-K21283037-001-15-7:10	DB00740	Riluzole	0.1773444578133181	0.9469178966587496	0.6475095785440613	0.8187796778552399	NPC
CPC006_NOMO1_6H:BRD-K69932463-001-03-1:10	DB12774	AZD-8055	-0.17722794542470635	-0.9383667116543568	0.6478241363840287	0.81899180985418	NOMO1
CPC006_U937_6H:BRD-A19633847-050-20-6:10	DB01074	Perhexiline	0.18037377027208806	0.9369738995801763	0.6482721671577819	0.8191746171128409	U937
LJP007_NPC_24H:L10	DB11836	Sapanisertib	0.244214285101507	0.9406370434218952	0.6483272873841193	0.8191746171128409	NPC
LJP008_NPC.CAS9_24H:M17	DB01262	Decitabine	-0.2051505137299655	-0.9258765381384991	0.6484092326887086	0.8191746171128409	NPC.CAS9
AML001_HL60_24H:BRD-K43389675:0.37037	DB00694	Daunorubicin	-0.17916897260171258	-0.9316377021865436	0.6488294314381271	0.8194170618028629	HL60
AML001_HL60_24H:BRD-K26684619:10	DB08784	2-(4-CHLORO-PHENYLAMINO)-NICOTINIC ACID	-0.19052828808975125	-0.926504406696308	0.648894887801586	0.8194170618028629	HL60
LJP007_NPC_24H:I17	DB11526	Masitinib	-0.18362237078754143	-0.9400977486367247	0.6495448634590377	0.8199406443748385	NPC
LJP007_NPC_24H:M18	DB07460	2-({5-CHLORO-2-[(2-METHOXY-4-MORPHOLIN-4-YLPHENYL)AMINO]PYRIMIDIN-4-YL}AMINO)-N-METHYLBENZAMIDE	0.19732975375123085	0.9263146176398973	0.6498366013071896	0.8199406443748385	NPC
LJP008_NPC.TAK_24H:G15	DB01254	Dasatinib	0.2113451202226198	0.9208526265448005	0.6498977969566205	0.8199406443748385	NPC.TAK
LJP007_NPC.TAK_24H:J24	DB03044	Doramapimod	-0.18944552316142496	-0.9317503736136801	0.6500691562932227	0.8199406443748385	NPC.TAK
NMH002_NEU_24H:BRD-K22429181-001-12-6:10	DB00162	Vitamin A	0.19249613025490142	0.927703390541485	0.6501132601498519	0.8199406443748385	NEU
NMH002_NPC_24H:BRD-K24994810-001-02-7:10	DB01889	16,17-Androstene-3-Ol	0.18072917840909317	0.9332197509321446	0.6501913265306123	0.8199406443748385	NPC
LPROT001_NPC.TAK_6H:A18	DB11841	Entinostat	0.1888577199420541	0.9381077483103099	0.6505944517833554	0.8202636037286644	NPC.TAK
CPC014_NEU_24H:BRD-A75409952:10	DB08059	Wortmannin	-0.201887166831931	-0.9219265056314703	0.6510452247574805	0.8205287484144498	NEU
LJP008_NPC_24H:G17	DB01254	Dasatinib	0.19444196209053483	0.9284329119781367	0.6510989010989011	0.8205287484144498	NPC
LJP007_NPC_24H:I12	DB06589	Pazopanib	-0.18308056763988623	-0.9400498421012073	0.6514373716632443	0.8205996500119641	NPC
LJP009_NPC.TAK_24H:G17	DB01254	Dasatinib	0.1933108697587182	0.9277593344180829	0.6514550264550265	0.8205996500119641	NPC.TAK
LJP009_NPC_24H:L12	DB05984	RAF-265	0.2019259376279877	0.9191924530719029	0.6515964240102171	0.8205996500119641	NPC
NMH001_NEU_6H:BRD-K09416995-001-32-4:10	DB00227	Lovastatin	0.18970456416244275	0.9293347052225239	0.6522351993556182	0.8211894545541233	NEU
CPC006_PL21_6H:BRD-A70155556-001-04-4:40	DB03785	Mevinolinic acid	0.20903414271584786	0.9255685182034797	0.652359143678773	0.8211894545541233	PL21
LJP008_NPC.TAK_24H:D24	DB13978	Selisistat	-0.17845378195382053	-0.9391396901141326	0.6525096525096525	0.8211936276452406	NPC.TAK
CPC016_NEU_24H:BRD-K36007650-300-02-3:10	DB08437	Puromycin	-0.20070504635100972	-0.9217052422824527	0.6529921473057135	0.8212973526104093	NEU
CPC016_NEU_24H:BRD-K97118047-001-02-0:10	DB04462	Tetrabromo-2-Benzotriazole	-0.18471611495252468	-0.938129578379381	0.6529980657640232	0.8212973526104093	NEU
NMH002_NEU_24H:BRD-K08316444-001-06-8:10	DB11457	Rotenone	-0.1783202226096107	-0.9291192800909647	0.6530337078651686	0.8212973526104093	NEU
NMH002_NPC_24H:BRD-K77947974-001-14-8:10	DB04842	Fluspirilene	-0.16603804793737179	-0.9467285703227053	0.6532534246575342	0.8213885184053152	NPC
LPROT001_NPC.TAK_6H:C18	DB12291	Tacedinaline	0.20234171809787263	0.918970595372423	0.6534296028880866	0.8214249108861278	NPC.TAK
CPC006_SKM1_6H:BRD-K92241597-001-02-9:80	DB11781	Tosedostat	0.20519272046881815	0.9214765243470717	0.6535991436981536	0.8214529449632799	SKM1
LJP007_NEU_24H:P03	DB09054	Idelalisib	-0.18769496544690142	-0.9273271132040052	0.6547743966421826	0.8227446754204363	NEU
CPC014_NPC_24H:BRD-K01507359-001-05-4:10	DB01045	Rifampicin	-0.19459146944115058	-0.9231704540515088	0.6551724137931034	0.8230594227767899	NPC
LJP007_NPC.TAK_24H:B17	DB12200	Tivantinib	-0.17387751617611932	-0.9371730031007479	0.6554428044280443	0.8232137338820483	NPC.TAK
CPC006_PL21_6H:BRD-K19216856-001-02-7:88.8	DB12116	Epigallocatechin gallate	-0.17603444723383566	-0.9328385458750541	0.6556372549019608	0.8232726187481519	PL21
CPC016_NPC_24H:BRD-K37561857-001-06-4:10	DB02918	Zardaverine	-0.18250651826264222	-0.9281264166261588	0.6558749651130338	0.8233857854108045	NPC
LJP009_NPC_24H:D22	DB13061	MLN8054	0.20892046788842888	0.9195407961893219	0.6562427611767431	0.8235488611368195	NPC
LJP007_NPC.CAS9_24H:K21	DB01590	Everolimus	-0.185333203256564	-0.9342544902328097	0.6563000961846746	0.8235488611368195	NPC.CAS9
CPC006_NOMO1_6H:BRD-A56592690-001-01-9:30	DB05448	PX-12	-0.19418058584404854	-0.9249232856284098	0.6574246371417938	0.8247744660701748	NOMO1
LJP009_NPC_24H:M13	DB06314	SGX-523	-0.19667586005003607	-0.9230910316647875	0.6576841417605749	0.8249145294249657	NPC
NMH002_NEU_6H:BRD-A38878059-001-02-8:10	DB07557	3,20-Pregnanedione	0.22826576454690764	0.9267267793165319	0.6584911518162061	0.8256798495272979	NEU
CPC016_NEU_24H:BRD-K18779551-003-03-7:10	DB13550	Bifemelane	-0.18428896662601224	-0.9351481292643546	0.6585903083700441	0.8256798495272979	NEU
AML001_U937_6H:BRD-K93754473:13.4584	DB00675	Tamoxifen	-0.1970219062942607	-0.9180607235726727	0.6607362802791843	0.8281841625876363	U937
LJP007_NPC.CAS9_24H:M24	DB12874	Quizartinib	-0.195779107169043	-0.9223471520135642	0.6610667101614744	0.8284122138344263	NPC.CAS9
CPC018_NPC_24H:BRD-K98530306-003-06-8:10	DB00575	Clonidine	0.19855414178011713	0.9174459360813684	0.6614890885750963	0.8287553615900431	NPC
CPC006_U937_6H:BRD-K16406336-311-01-2:10	DB08167	Methylthioninium	-0.1920248237702782	-0.9274617278984785	0.6619552414605419	0.8290924173664621	U937
NMH002_NEU_6H:BRD-K79254416-001-12-7:10	DB01262	Decitabine	0.20444651321592466	0.915466019397739	0.6620553359683794	0.8290924173664621	NEU
LJP007_NPC_24H:G10	DB11963	Dacomitinib	0.19044282648411487	0.9235477397034259	0.6629766297662977	0.8300598333631451	NPC
LJP008_NPC.TAK_24H:J11	DB05223	Pracinostat	-0.19838868440156263	-0.9208530753770672	0.6641757584815424	0.8308778144926849	NPC.TAK
KHW001_SKM1_6H:BRD-K33240821-001-01-3:10	DB06809	Plerixafor	-0.19432491855029269	-0.9194522396779993	0.6642925626626489	0.8308778144926849	SKM1
KHW001_U937_6H:BRD-K81651477-001-01-9:10	DB13063	Parthenolide	-0.18900025722829045	-0.9287548285183505	0.6643251379829402	0.8308778144926849	U937
LJP008_NPC.TAK_24H:M05	DB02709	Resveratrol	0.17900773205936343	0.9338774200797006	0.6643835616438356	0.8308778144926849	NPC.TAK
LJP009_NEU_24H:D15	DB16108	TAK-715	0.1863916543459291	0.9240872609633581	0.6644701691896705	0.8308778144926849	NEU
CPC015_NPC_24H:BRD-A27887842-001-03-2:10	DB00860	Prednisolone	-0.1850082404960973	-0.9275539922492426	0.6645235361653272	0.8308778144926849	NPC
LJP007_JURKAT_24H:D08	DB08875	Cabozantinib	0.18624254383591793	0.9272422094525373	0.6649609480204687	0.8312384335662547	JURKAT
LJP007_JURKAT_24H:G07	DB11963	Dacomitinib	-0.1783329545342203	-0.9370415514872149	0.6652985074626866	0.8313452039193819	JURKAT
CPC015_NPC_24H:BRD-A87445400-003-03-6:10	DB01392	Yohimbine	0.18946268007139777	0.9273925734950749	0.665374363944754	0.8313452039193819	NPC
NMH002_NPC_24H:BRD-K01292756-001-20-1:10	DB01100	Pimozide	0.18941482405716953	0.9120495180962416	0.6654934003771213	0.8313452039193819	NPC
LJP008_NPC_24H:D20	DB13978	Selisistat	0.194935654107406	0.914827149787351	0.6657681940700808	0.8315022956608419	NPC
CPC006_PL21_6H:BRD-A62025033-001-01-8:10	DB06287	Temsirolimus	-0.17494628796967315	-0.9387029763609251	0.666006600660066	0.8316138820686008	PL21
LJP007_JURKAT_24H:M13	DB07460	2-({5-CHLORO-2-[(2-METHOXY-4-MORPHOLIN-4-YLPHENYL)AMINO]PYRIMIDIN-4-YL}AMINO)-N-METHYLBENZAMIDE	0.1970764291789788	0.9231611469615053	0.6666666666666666	0.8322518087566196	JURKAT
LJP007_NEU_24H:E06	DB11743	Ipatasertib	0.17839185106608454	0.9349697885609589	0.6668339187155042	0.8322743696898878	NEU
NMH002_NPC_24H:BRD-A13946108-001-13-0:10	DB00605	Sulindac	-0.19739891593604011	-0.9200445371322032	0.6674418604651163	0.8328468216360734	NPC
CPC017_NPC_24H:BRD-K37289225-001-19-0:10	DB00363	Clozapine	0.21066813105128748	0.9181409360698685	0.6678783873099802	0.8329111132853982	NPC
NMH001_NEU_24H:BRD-K56060837-001-01-9:10	DB04275	N-acetylserotonin	0.16950757864599994	0.9361636615073702	0.6680327868852459	0.8329111132853982	NEU
NMH001_NEU_24H:BRD-K67097529-001-01-1:10	DB04466	SR12813	-0.18669876770102475	-0.9309076592219441	0.6680512287988923	0.8329111132853982	NEU
CPC016_NEU_24H:BRD-K70799801-311-02-7:10	DB00908	Quinidine	0.1811094823826135	0.9294319784821435	0.6680905595899188	0.8329111132853982	NEU
CPC015_NPC_24H:BRD-K81839095-001-04-6:10	DB00655	Estrone	-0.16627472194840878	-0.9371615256557129	0.6686991869918699	0.8331278184066487	NPC
NMH002_NEU_24H:BRD-A84228258-001-03-6:10	DB07348	Brefeldin A	-0.19028059472165695	-0.9279851479100814	0.6687088722486952	0.8331278184066487	NEU
LJP008_NPC_24H:A23	DB11740	MK-1775	0.2082176171252874	0.9149813423666319	0.6687123805027735	0.8331278184066487	NPC
DOSBIO001_NEU_24H:BRD-K81418486:0.37037	DB02546	Vorinostat	-0.19595642302383107	-0.9253866687252563	0.6691189994482252	0.8334482915654494	NEU
CPC006_SKM1_6H:BRD-K80738081-001-21-1:10	DB02709	Resveratrol	-0.18687801317354275	-0.919725879208078	0.6700525394045534	0.834424802977233	SKM1
LJP008_NPC.TAK_24H:G22	DB00928	Azacitidine	0.19674203911840557	0.9178386627502688	0.6710097719869706	0.83526078244192	NPC.TAK
CPC013_NPC_24H:BRD-K15600710-066-01-7:10	DB12191	Obatoclax	0.17547483269508085	0.931708903046895	0.6710232706407395	0.83526078244192	NPC
AML001_U937_24H:BRD-K27316855:1.11111	DB00136	Calcitriol	0.19260420936626352	0.9143680523405955	0.671879654453381	0.8361402168626841	U937
LJP007_NPC.TAK_24H:D22	DB06616	Bosutinib	-0.2068102556884283	-0.9132376850655135	0.6725798276735935	0.8366555078225558	NPC.TAK
CPC014_NPC_24H:BRD-M30523314-002-01-5:10	DB00361	Vinorelbine	-0.18530896379630893	-0.9241205091326171	0.6725936462778568	0.8366555078225558	NPC
NMH002_NEU_24H:BRD-A30142024-001-01-1:10	DB04447	1,4-Dithiothreitol	0.19135079690257356	0.924369977322288	0.6730310262529833	0.8370129503935341	NEU
NMH001_NEU_24H:BRD-K04809113-001-01-7:10	DB12771	Hydroxytyrosol	-0.1981851412008084	-0.9095236735518221	0.6737188528443817	0.8375964566333618	NEU
DOSBIO002_NPC_24H:BRD-A90490067:3.33333	DB00947	Fulvestrant	0.20055024589836268	0.9112639697617256	0.6739043023723361	0.8375964566333618	NPC
NMH002_NPC_6H:BRD-K39965020-001-06-7:10	DB03756	Doconexent	0.19194998671297647	0.9105516368612122	0.6739506172839507	0.8375964566333618	NPC
DOSBIO001_NPC_24H:BRD-A90490067:0.37037	DB00947	Fulvestrant	0.17349670654294047	0.9425786776773319	0.6741214057507987	0.837622120864968	NPC
LJP009_NPC_24H:F01	DB11962	GSK-1059615	0.19185643344148576	0.9190714343075802	0.6745457752690068	0.837844618472412	NPC
CPC017_NPC_24H:BRD-K13646352-001-01-2:10	DB06595	Midostaurin	-0.16458952938781926	-0.9343279864506358	0.6746411483253588	0.837844618472412	NPC
CPC016_NPC_24H:BRD-K79425933-001-03-6:10	DB12867	Benperidol	-0.19924688550964192	-0.9148866758685649	0.6748560999578829	0.837844618472412	NPC
CPC006_PL21_6H:BRD-K53414658-001-01-7:10	DB11800	Tivozanib	-0.1829617438189184	-0.9297525350229617	0.674901185770751	0.837844618472412	PL21
CPC018_NPC_24H:BRD-A78322124-003-06-6:10	DB00841	Dobutamine	-0.18882451037178724	-0.926018189765415	0.6754176610978521	0.838299250559492	NPC
LJP008_NEU_24H:D24	DB13978	Selisistat	-0.1738022152180318	-0.9220655604184708	0.6757322175732218	0.8385031231852768	NEU
AML001_U937_6H:BRD-K26684619:0.37037	DB08784	2-(4-CHLORO-PHENYLAMINO)-NICOTINIC ACID	-0.2002481577415944	-0.9099633275402361	0.6759404862707149	0.8385750440080761	U937
LJP008_NPC.TAK_24H:H13	DB11841	Entinostat	-0.1879958808417815	-0.9185161343668325	0.6765067650676507	0.8390909831730599	NPC.TAK
LJP007_NPC_24H:D20	DB06616	Bosutinib	-0.191635062380592	-0.9175506087613389	0.6771886989884897	0.8395146366440888	NPC
LPROT002_NPC.TAK_6H:O06	DB00864	Tacrolimus	-0.20114031795547438	-0.9120812447505096	0.677207454934311	0.8395146366440888	NPC.TAK
CPC006_THP1_6H:BRD-K77947974-001-05-6:4.21	DB04842	Fluspirilene	-0.1849803879758578	-0.926299552249142	0.6773643851178642	0.8395146366440888	THP1
LJP008_NPC.TAK_24H:P16	DB11662	Rabusertib	0.1945506872147515	0.9146959341537813	0.6774661508704062	0.8395146366440888	NPC.TAK
LJP008_NPC_24H:F04	DB12376	Ricolinostat	-0.19125294259488992	-0.9201493037953975	0.6776418242491657	0.8395146366440888	NPC
LJP009_NPC_24H:H09	DB08912	Dabrafenib	-0.1861814444673462	-0.9214514437372066	0.6777511961722488	0.8395146366440888	NPC
NMH002_NEU_24H:BRD-K76773351-001-03-5:10	DB04769	5-QUINOXALIN-6-YLMETHYLENE-THIAZOLIDINE-2,4-DIONE	-0.18932808240889595	-0.9165327397702373	0.6779225545971738	0.8395404954711726	NEU
LJP007_NPC_24H:E11	DB05913	OSI-930	-0.18948417741924112	-0.9148008144691365	0.6784417299438759	0.8398166390576902	NPC
LJP007_NPC.TAK_24H:C04	DB11800	Tivozanib	-0.19867073292701962	-0.9098060100402229	0.6784466019417476	0.8398166390576902	NPC.TAK
LJP008_NPC.TAK_24H:C07	DB13877	Iniparib	-0.20380140550888304	-0.9087332885559439	0.6788677403611518	0.8401515358196243	NPC.TAK
NMH002_NEU_6H:BRD-K26521938-001-06-4:10	DB00917	Dinoprostone	0.18386364909115033	0.9319866366223715	0.6796992481203008	0.8409940353211707	NEU
CPC014_NEU_24H:BRD-K41170226-001-05-4:10	DB03619	Deoxycholic acid	0.18125815771989925	0.9293727655046768	0.6802721088435374	0.8413702830607209	NEU
NMH001_NPC_6H:BRD-K69726342-001-02-6:10	DB01076	Atorvastatin	-0.18566225794973432	-0.9266768450475978	0.680304955527319	0.8413702830607209	NPC
NMH001_NEU_6H:BRD-K69726342-001-02-6:10	DB01076	Atorvastatin	-0.20548965412996906	-0.9084968107880251	0.6806649168853893	0.8416288943491992	NEU
CPC015_NPC_24H:BRD-K35941380-050-17-0:10	DB00247	Methysergide	0.172288690083237	0.922897080714744	0.6818181818181818	0.8427749194063653	NPC
CPC006_NOMO1_6H:BRD-A12409803-001-01-3:40	DB12066	Orteronel	0.18189416994250496	0.9228554635952424	0.6818938853200095	0.8427749194063653	NOMO1
LJP007_NEU_24H:P08	DB07859	4-(4-CHLOROPHENYL)-4-[4-(1H-PYRAZOL-4-YL)PHENYL]PIPERIDINE	-0.21139815133501344	-0.9125931297617935	0.6830776276620105	0.8438811002459441	NEU
CPC014_NEU_24H:BRD-K70557564-305-01-0:10	DB06191	Zosuquidar	0.16391317162111368	0.9314501999293819	0.6831746031746032	0.8438811002459441	NEU
NMH001_NEU_24H:BRD-K37289225-001-30-7:10	DB00363	Clozapine	-0.18871405661072363	-0.9206464662415886	0.6832426832426832	0.8438811002459441	NEU
LJP009_NEU_24H:B04	DB01204	Mitoxantrone	-0.1671955715787459	-0.935285368720737	0.6835352815395581	0.8440556298603795	NEU
LJP009_NPC.TAK_24H:I01	DB11798	Tanzisertib	0.20031063500329782	0.9079899322437451	0.6839938239835306	0.8444349510962862	NPC.TAK
LJP007_NPC.CAS9_24H:L10	DB11836	Sapanisertib	0.20651171732560872	0.9079384655789601	0.6845522898154477	0.8448519328908985	NPC.CAS9
LJP009_NPC_24H:G13	DB01254	Dasatinib	-0.18258232264409655	-0.9327361579569627	0.684634448574969	0.8448519328908985	NPC
NMH001_NPC_24H:BRD-K09557221-001-01-6:10	DB13070	Surinabant	0.19532111806324454	0.906147938870216	0.6850645359557468	0.8451867474816429	NPC
LJP007_JURKAT_24H:P15	DB05294	Vandetanib	-0.1999798962922615	-0.9076697426181051	0.6852087576374746	0.8451867474816429	JURKAT
LJP007_NPC.TAK_24H:B14	DB12200	Tivantinib	-0.18444992141442046	-0.9183061914855075	0.6856815578465063	0.8455829821453711	NPC.TAK
LJP007_NPC.CAS9_24H:J19	DB03044	Doramapimod	-0.1984217746179563	-0.9104849536107245	0.6862418258751122	0.8460127411989985	NPC.CAS9
LJP007_JURKAT_24H:I09	DB06589	Pazopanib	0.18022379580557668	0.9233432474312305	0.6863333333333334	0.8460127411989985	JURKAT
CPC013_NPC_24H:BRD-A47706533-001-01-8:10	DB12870	Buthionine sulfoximine	-0.17300463973717647	-0.9316456112736408	0.6868191721132898	0.8463685947296044	NPC
NMH002_NEU_6H:BRD-K18910433-001-24-2:10	DB00783	Estradiol	0.1794274669726291	0.9314982857861833	0.6869254341164454	0.8463685947296044	NEU
CPC006_WSUDLCL2_6H:BRD-A23770159-001-02-3:11.1	DB00877	Sirolimus	0.18501663587051548	0.9201162609755186	0.6874553677695787	0.846834510220022	WSUDLCL2
LJP008_NPC_24H:P14	DB11662	Rabusertib	0.20040743683283752	0.9088883335215207	0.6878612716763006	0.8471474690247419	NPC
NMH002_NEU_6H:BRD-K81062487-001-03-3:10	DB04348	Taurocholic acid	0.19801168478903464	0.9096178656412668	0.6885074626865672	0.8477561541223478	NEU
NMH001_NPC_24H:BRD-A69512159-001-04-0:10	DB00190	Carbidopa	-0.19293575423805273	-0.9080887462171606	0.6888659184878914	0.8478363081724326	NPC
LJP007_NPC.CAS9_24H:E11	DB05913	OSI-930	0.1896028509838741	0.9176121567829048	0.6888764984666853	0.8478363081724326	NPC.CAS9
DOSBIO002_NEU_24H:BRD-A13084692:10	DB08607	(5R)-5-(4-{[(2R)-6-HYDROXY-2,5,7,8-TETRAMETHYL-3,4-DIHYDRO-2H-CHROMEN-2-YL]METHOXY}BENZYL)-1,3-THIAZOLIDINE-2,4-DIONE	-0.18661224840451482	-0.904426200845812	0.6891141684769491	0.8479417613438242	NEU
NMH002_NPC_6H:BRD-K75516118-001-02-5:10	DB04149	(R)-Rolipram	0.19537783505348982	0.9080001089303001	0.689520998255736	0.8482552699600333	NPC
CPC013_NEU_24H:BRD-K31283835-001-01-9:10	DB08895	Tofacitinib	-0.2012132104122893	-0.9071448700422139	0.6900916104146577	0.8487700825624725	NEU
PCLB001_JURKAT_24H:BRD-A58955223-001-02-0:0.37	DB12422	Sulforaphane	-0.21063082501904684	-0.9052834675015805	0.6903652324699252	0.8487702083786772	JURKAT
CPC017_NPC_24H:BRD-A44008656-036-15-9:10	DB00366	Doxylamine	-0.19674115384516466	-0.9065386009132036	0.6904196357878069	0.8487702083786772	NPC
NMH002_NEU_24H:BRD-A56798952-001-01-5:10	DB06733	Bafilomycin A1	-0.18359687265058652	-0.9237541486477272	0.6905481225722918	0.8487702083786772	NEU
CPC006_SKM1_6H:BRD-A91699651-316-06-7:10	DB00608	Chloroquine	0.1767045636379342	0.9299350569562337	0.6909650924024641	0.8490956498928077	SKM1
CPC006_SKM1_6H:BRD-K55966568-001-01-3:6	DB12072	Orantinib	0.18897409615406635	0.9091308528176133	0.6914667971936694	0.8495250520906148	SKM1
CPC006_SKM1_6H:BRD-A70449690-001-01-4:10	DB02587	Colforsin	0.20328795650602283	0.9036026105061584	0.6919815438333957	0.8499702846865951	SKM1
NMH002_NPC_24H:BRD-K05396879-001-06-7:10	DB08435	(5E,14E)-11-oxoprosta-5,9,12,14-tetraen-1-oic acid	-0.1864723221811845	-0.9196036366595882	0.6923076923076923	0.8501837145904942	NPC
CPC014_NEU_24H:BRD-K22429181-001-08-4:10	DB00162	Vitamin A	-0.1911100148798766	-0.9141216713459906	0.692505510653931	0.8502394903033188	NEU
CPC018_NPC_24H:BRD-K72029282-001-15-4:10	DB01599	Probucol	0.1610768249526004	0.938717219509787	0.6933333333333334	0.8507029405120695	NPC
LJP008_NPC.TAK_24H:J04	DB12116	Epigallocatechin gallate	0.18002512706957785	0.9205682003728322	0.6934281842818428	0.8507029405120695	NPC.TAK
LJP007_NPC.CAS9_24H:G14	DB01254	Dasatinib	-0.18377739419470063	-0.9244161391116025	0.6934408979305506	0.8507029405120695	NPC.CAS9
LJP008_NPC.CAS9_24H:P16	DB11662	Rabusertib	-0.196448765129883	-0.9044763007440787	0.6934929151189985	0.8507029405120695	NPC.CAS9
CPC014_NEU_24H:BRD-K94294671-003-01-3:10	DB12387	OSI-027	-0.19108468555535557	-0.9137020155686364	0.6940920623414281	0.850999771344345	NEU
LJP009_NEU_24H:F03	DB11962	GSK-1059615	0.18051727056551634	0.9155687773716941	0.6941283568502503	0.850999771344345	NEU
LJP008_NPC_24H:J05	DB12116	Epigallocatechin gallate	-0.19290016169943414	-0.9057405561493963	0.6941925003384324	0.850999771344345	NPC
CPC014_NEU_24H:BRD-K23192422-001-01-1:10	DB06469	Lestaurtinib	0.1974376608681397	0.9063830079767314	0.6944404332129964	0.8510702049737138	NEU
LJP007_NPC.CAS9_24H:I14	DB11526	Masitinib	-0.18324297020800817	-0.9185452397251938	0.6947218259629101	0.8510702049737138	NPC.CAS9
NMH002_NPC_6H:BRD-A97437073-050-09-5:10	DB00412	Rosiglitazone	-0.19510473610540688	-0.91143885462514	0.6947734091267962	0.8510702049737138	NPC
NMH002_NPC_24H:BRD-K37846922-001-08-6:10	DB11875	3,3'-diindolylmethane	-0.2015943422222272	-0.9038024101319472	0.6950643069143674	0.8510702049737138	NPC
LJP008_NEU_24H:N08	DB02665	(1R,2S)-2-Phenylcyclopropanaminium	0.18578663302052625	0.9131629241781525	0.6951452194191223	0.8510702049737138	NEU
NMH001_NPC_6H:BRD-K25075681-001-01-2:10	DB06455	Meclinertant	-0.1769796836471213	-0.9190784569632678	0.6953818827708703	0.8510702049737138	NPC
LJP007_NPC_24H:I23	DB13005	Rebastinib	0.19438899069658788	0.9140969158690684	0.6955238563698967	0.8510702049737138	NPC
LJP008_NPC_24H:G20	DB00928	Azacitidine	0.20055960175695234	0.9022159593991647	0.695553478435038	0.8510702049737138	NPC
CPC012_NEU_24H:BRD-K18855837-046-01-4:10	DB01273	Varenicline	0.19541952179325378	0.9033297777918544	0.6956228956228956	0.8510702049737138	NEU
CPC017_NPC_24H:BRD-K18618618-001-01-6:10	DB00501	Cimetidine	-0.1774975094367734	-0.9206415460137616	0.6958090480155426	0.8511113086776391	NPC
CPC006_SKM1_6H:BRD-K68185022-001-06-4:70.07	DB15588	Ursolic acid	0.1872556567517708	0.9091070187542226	0.6966052671639519	0.8518984624085242	SKM1
LJP009_NEU_24H:I20	DB11363	Alectinib	-0.2063354496286298	-0.9022530987757902	0.6970466082141209	0.8519308218568336	NEU
CPC006_NOMO1_6H:BRD-K55395145-001-01-7:88.8	DB00642	Pemetrexed	0.20964506833615354	0.9046118548624157	0.697224015493867	0.8519308218568336	NOMO1
LJP007_NPC.TAK_24H:I17	DB11526	Masitinib	-0.20236362210373934	-0.9028396685825821	0.6973768394113884	0.8519308218568336	NPC.TAK
LJP007_NPC.TAK_24H:D05	DB12494	SGI-1776	0.19570004594959373	0.90376140133293	0.6973890339425588	0.8519308218568336	NPC.TAK
CPC006_NOMO1_6H:BRD-K01292756-001-10-2:10	DB01100	Pimozide	-0.18658593187669933	-0.9169568600865872	0.6973952434881088	0.8519308218568336	NOMO1
LJP007_NEU_24H:I03	DB01268	Sunitinib	0.18571301840139148	0.9194098919800794	0.6975819807883405	0.8519723885328704	NEU
CPC016_NPC_24H:BRD-K70799801-311-02-7:10	DB00908	Quinidine	-0.20120277878031764	-0.9046488253658531	0.6981350631298505	0.8522747324313158	NPC
LJP008_NPC.CAS9_24H:H15	DB11841	Entinostat	-0.1915367345112548	-0.9112516135356371	0.6982690794649882	0.8522747324313158	NPC.CAS9
DOSBIO002_NPC_24H:BRD-A13084692:1.11111	DB08607	(5R)-5-(4-{[(2R)-6-HYDROXY-2,5,7,8-TETRAMETHYL-3,4-DIHYDRO-2H-CHROMEN-2-YL]METHOXY}BENZYL)-1,3-THIAZOLIDINE-2,4-DIONE	0.18449142853904102	0.9151205858916298	0.6982878297084683	0.8522747324313158	NPC
LPROT003_NPC_6H:J07	DB12006	BMS-906024	0.18590632181269118	0.9170868708989045	0.6991194968553459	0.8525239461803066	NPC
LJP007_NPC_24H:O04	DB07101	PD-0325901	-0.20266512141925574	-0.9000853410624557	0.6992036405005688	0.8525239461803066	NPC
LJP008_NPC.CAS9_24H:D22	DB13978	Selisistat	0.20059009860873342	0.8998859198104862	0.699644477136202	0.8525239461803066	NPC.CAS9
CPC018_NPC_24H:BRD-A39415247-001-06-2:10	DB00717	Norethisterone	-0.1815518440707107	-0.9280091689022434	0.6998135487880671	0.8525239461803066	NPC
LJP007_NPC.TAK_24H:J21	DB03044	Doramapimod	-0.19701684388298024	-0.900788704181585	0.6999219562955254	0.8525239461803066	NPC.TAK
NMH002_NPC_24H:BRD-K53597484-001-01-9:10	DB08633	TNP-470	-0.18485632995948542	-0.9095309043918033	0.6999804801873902	0.8525239461803066	NPC
LJP007_NPC_24H:M12	DB05575	Motesanib	-0.20238790253122918	-0.9002232235990286	0.7000814048145133	0.8525239461803066	NPC
CPC006_U937_6H:BRD-K88560311-011-02-2:10	DB12332	Rucaparib	0.1907747887126653	0.9072575419683934	0.7001228285664152	0.8525239461803066	U937
LJP007_NPC.CAS9_24H:F17	DB12247	AZD-4547	0.19674222646961828	0.9017026239637991	0.7001468069488622	0.8525239461803066	NPC.CAS9
CPC018_NPC_24H:BRD-K15567136-003-18-1:10	DB01113	Papaverine	0.18945506237120846	0.907531853952796	0.7003897944720057	0.8525239461803066	NPC
NMH002_NPC_6H:BRD-A16694057-001-05-0:10	DB14083	Bisphenol A diglycidyl ether	0.19480643734170777	0.9004427026518991	0.7004266786436111	0.8525239461803066	NPC
CPC006_NOMO1_6H:BRD-K98530306-003-07-6:10	DB00575	Clonidine	0.1746812145466702	0.9339747304107422	0.7005307050796058	0.8525239461803066	NOMO1
CPC006_WSUDLCL2_6H:BRD-A09533288-003-20-5:10	DB14063	Dexverapamil	-0.20359410554570365	-0.9033131246298486	0.7007090576395243	0.8525239461803066	WSUDLCL2
DOSBIO002_NEU_24H:BRD-A75409952:1.11111	DB08059	Wortmannin	0.19648587913801527	0.8974544615416769	0.7007356219349086	0.8525239461803066	NEU
LJP009_NEU_24H:M17	DB06314	SGX-523	-0.18889501874154488	-0.9014543565286024	0.7009461127108186	0.8525239461803066	NEU
CPC006_SKM1_6H:BRD-K40892394-001-01-9:11.1	DB07002	4-({4-[(4-methoxypyridin-2-yl)amino]piperidin-1-yl}carbonyl)benzonitrile	-0.18850987912448364	-0.8999832669293683	0.70097494755029	0.8525239461803066	SKM1
LJP008_NPC.TAK_24H:M06	DB02709	Resveratrol	-0.18515397168278167	-0.9167051726847693	0.7010897768552153	0.8525239461803066	NPC.TAK
LJP008_NPC.TAK_24H:L14	DB08756	Y-27632	-0.18522263646841533	-0.909137975888391	0.7029250457038391	0.8545693680500585	NPC.TAK
CPC006_PL21_6H:BRD-K40892394-001-01-9:11.1	DB07002	4-({4-[(4-methoxypyridin-2-yl)amino]piperidin-1-yl}carbonyl)benzonitrile	-0.2052949534163651	-0.8997153019551921	0.7031267142073505	0.8546283090550781	PL21
LJP008_NPC_24H:H18	DB11841	Entinostat	-0.19002742919976187	-0.9069718030523322	0.7034793145231089	0.8547050984358792	NPC
AML001_HL60_24H:BRD-K27316855:10	DB00136	Calcitriol	0.19957133574365107	0.9063372918458568	0.7034962918117148	0.8547050984358792	HL60
CPC006_U937_6H:BRD-K64634304-001-01-5:40	DB00162	Vitamin A	-0.18551846829467503	-0.9208684452788324	0.7048088064889919	0.8561132879168487	U937
LJP009_NPC.TAK_24H:N10	DB08896	Regorafenib	-0.18892688736620664	-0.9147916934185135	0.7050655695551555	0.8562387489221186	NPC.TAK
LJP009_NPC_24H:I01	DB11798	Tanzisertib	-0.1982097885949171	-0.9011389652961688	0.7052670900261486	0.8562794498315609	NPC
CPC016_NEU_24H:BRD-A97104540-004-08-5:10	DB01288	Fenoterol	-0.17169983660290236	-0.9235656696014841	0.7055296469020653	0.8562794498315609	NEU
NMH001_NEU_6H:BRD-K25210139-001-01-3:10	DB13575	Bietaserpine	-0.20086066000090189	-0.8969291294650202	0.7055595323311858	0.8562794498315609	NEU
LJP007_NPC.TAK_24H:N16	DB09330	Osimertinib	0.18912206248707122	0.9111695653310686	0.705895008605852	0.8565002725124071	NPC.TAK
CPC006_SKM1_6H:BRD-K01292756-001-10-2:10	DB01100	Pimozide	-0.20223807208858566	-0.8962325474310671	0.7062726176115802	0.8567721099489032	SKM1
PCLB001_JURKAT_6H:BRD-A19037878-001-02-3:0.37	DB04297	Trichostatin A	0.18965606860235126	0.9138601630623225	0.7066279376815421	0.8569333324934194	JURKAT
LJP007_NPC_24H:B09	DB07970	5-[(2-methyl-5-{[3-(trifluoromethyl)phenyl]carbamoyl}phenyl)amino]pyridine-3-carboxamide	-0.19260770355978737	-0.9025378713004779	0.7067127196275718	0.8569333324934194	NPC
LJP007_NEU_24H:I17	DB11526	Masitinib	0.183350900175261	0.9114816612243083	0.7071616871704746	0.8572914065024071	NEU
LJP008_NPC_24H:J09	DB05223	Pracinostat	-0.19898179350699488	-0.9049303771424733	0.7076385580435128	0.8576831447588004	NPC
CPC018_NPC_24H:BRD-K24023109-003-11-2:10	DB00343	Diltiazem	-0.17677799340341985	-0.9167463075646826	0.7083578575632725	0.8583684811784312	NPC
CPC015_NPC_24H:BRD-K69608737-001-03-7:10	DB00864	Tacrolimus	-0.17667007515625546	-0.9153639356692332	0.7093235831809872	0.859332312681762	NPC
PCLB001_JURKAT_24H:BRD-K36452089-001-01-8:2.5	DB07726	t-Butylhydroquinone	0.1955640137044302	0.9019990988293921	0.7094613070823079	0.859332312681762	JURKAT
LJP007_NPC.TAK_24H:O04	DB07101	PD-0325901	-0.19760288315791355	-0.899694758508186	0.7099593746152899	0.8597489366135669	NPC.TAK
CPC006_PL21_6H:BRD-K22134346-001-09-0:10	DB00641	Simvastatin	0.1835680292611631	0.9143180378551046	0.7103448275862069	0.8599493168855435	PL21
CPC006_NOMO1_6H:BRD-K82135108-001-01-9:10	DB05719	Elesclomol	-0.18575937683356292	-0.916788214464743	0.71043312448924	0.8599493168855435	NOMO1
CPC014_NPC_24H:BRD-K83837640-001-01-4:10	DB12985	Quisinostat	-0.1852908683728755	-0.9127744620416587	0.7111004555262527	0.8605703777399054	NPC
LPROT001_NPC.TAK_6H:A20	DB12387	OSI-027	0.19343487755945263	0.8994818681971951	0.7114210985178727	0.8606322361263613	NPC.TAK
LJP008_NPC.CAS9_24H:A08	DB07232	Veliparib	0.19361418383521958	0.9059465970758482	0.7115967458924869	0.8606322361263613	NPC.CAS9
CPC013_NEU_24H:BRD-K87909389-001-01-2:10	DB03496	Alvocidib	0.19457851526237477	0.896174182945733	0.711744966442953	0.8606322361263613	NEU
NMH001_NPC_24H:BRD-K95739795-001-02-9:10	DB12161	Deutetrabenazine	-0.18162081546174944	-0.9116945803629781	0.7119834710743802	0.8606322361263613	NPC
NMH002_NEU_24H:BRD-K82261406-001-02-0:10	DB07374	Anisomycin	0.2004590473432909	0.8990619515089227	0.7120747554387502	0.8606322361263613	NEU
CPC006_WSUDLCL2_6H:BRD-K01976263-003-04-5:0.63	DB01735	3-Chloroalaninate	0.19295650627904096	0.8990498495113196	0.7120771467932038	0.8606322361263613	WSUDLCL2
LJP008_NPC_24H:G16	DB01254	Dasatinib	0.1928825027751095	0.8990887397516376	0.7124966334500404	0.8609527221177768	NPC
LJP007_JURKAT_24H:D23	DB06616	Bosutinib	-0.1973240543957864	-0.898439333506604	0.712770243050893	0.8610968354224625	JURKAT
LJP007_JURKAT_24H:I04	DB01268	Sunitinib	0.18722005151574714	0.9059994544374613	0.7133895314644187	0.8616584100541226	JURKAT
CPC016_NEU_24H:BRD-K89046952-001-03-4:10	DB01000	Cyclacillin	0.19859826075442394	0.8937579423979226	0.7136783284742468	0.8616770045254531	NEU
LPROT001_NPC.TAK_6H:K04	DB01262	Decitabine	-0.1736104335800712	-0.9310123314461701	0.7139588100686499	0.8616770045254531	NPC.TAK
CPC014_NEU_24H:BRD-K66615216-001-01-9:10	DB00218	Moxifloxacin	0.18196977970963854	0.9085832790519347	0.7141168124852211	0.8616770045254531	NEU
LJP009_NPC.CAS9_24H:H15	DB07138	Neflamapimod	-0.18007707109008886	-0.9171285156711664	0.7141342756183745	0.8616770045254531	NPC.CAS9
LJP008_NPC.TAK_24H:P17	DB11662	Rabusertib	-0.19345841288194085	-0.8997027723932026	0.7141771767208631	0.8616770045254531	NPC.TAK
NMH002_NEU_24H:BRD-A56798952-001-01-5:1	DB06733	Bafilomycin A1	-0.16569780866458897	-0.9194662252443848	0.7146638433033351	0.8620777474139042	NEU
LJP009_NPC.CAS9_24H:N12	DB08896	Regorafenib	-0.1875362682322786	-0.905455191555044	0.7150878464046369	0.8622642999887505	NPC.CAS9
LJP009_NPC.CAS9_24H:D21	DB13061	MLN8054	0.18207589016544462	0.9145081434344081	0.7154096581660336	0.8622642999887505	NPC.CAS9
NMH002_NPC_6H:BRD-K97399794-001-12-0:10	DB04216	Quercetin	0.1896332184360008	0.9040759659154134	0.7155071248952222	0.8622642999887505	NPC
LJP009_NEU_24H:P23	DB09074	Olaparib	0.20809891528013927	0.8955470323021298	0.7155124958714081	0.8622642999887505	NEU
AML001_HL60_6H:BRD-K26684619:3.33333	DB08784	2-(4-CHLORO-PHENYLAMINO)-NICOTINIC ACID	-0.18858127881102232	-0.9003619857600057	0.7157338034376377	0.8622642999887505	HL60
CPC006_THP1_6H:BRD-A14395271-001-01-5:10	DB00933	Mesoridazine	0.1989730536089478	0.8933459192690241	0.7157917856358444	0.8622642999887505	THP1
LJP008_NEU_24H:G12	DB02546	Vorinostat	-0.18787062444426084	-0.90556809890381	0.7159003831417624	0.8622642999887505	NEU
CPC006_PL21_6H:BRD-K41260949-236-02-8:10	DB00313	Valproic acid	0.2072453333265708	0.8924292589115458	0.7164643969498443	0.8626651838577943	PL21
CPC014_NEU_24H:BRD-K50168500-001-01-2:10	DB05424	Canertinib	-0.17982392745270676	-0.914622455293661	0.7165424739195231	0.8626651838577943	NEU
CPC006_U937_6H:BRD-A45889380-300-04-8:10	DB01103	Quinacrine	0.18337263626985975	0.920114601432641	0.7176938369781312	0.863815390180445	U937
NMH002_NPC_24H:BRD-K76723084-001-19-0:10	DB00982	Isotretinoin	-0.18785846315829371	-0.9007592591613857	0.7178881008668243	0.863815390180445	NPC
LJP009_NPC.TAK_24H:P22	DB09074	Olaparib	0.21719395207579015	0.8938104018083541	0.7179623524407104	0.863815390180445	NPC.TAK
LJP008_NPC.CAS9_24H:N07	DB02665	(1R,2S)-2-Phenylcyclopropanaminium	-0.19699330414892569	-0.8920087100924611	0.7183010618363522	0.8640365726573974	NPC.CAS9
LJP008_NPC.CAS9_24H:L23	DB05015	Belinostat	-0.18653345399779014	-0.9092616959096619	0.719047619047619	0.8647481497449163	NPC.CAS9
LJP009_NPC.TAK_24H:O02	DB07101	PD-0325901	-0.20650780447313266	-0.8922903418656818	0.7199071515419476	0.8655751831107282	NPC.TAK
LJP009_NEU_24H:H13	DB07138	Neflamapimod	0.19408909673526722	0.8935657344761818	0.720108695652174	0.8655751831107282	NEU
LPROT001_NPC.TAK_6H:M20	DB02010	Staurosporine	-0.17012182201239628	-0.9288934193398992	0.7202007528230866	0.8655751831107282	NPC.TAK
LJP007_NEU_24H:G17	DB01254	Dasatinib	0.18817064044382587	0.9088537536361221	0.7208450097003665	0.8661628923364947	NEU
CPC006_THP1_6H:BRD-K82818427-001-01-4:44.4	DB03880	Batimastat	-0.1934094378657375	-0.8930489101602849	0.7211910802510348	0.8663167027416225	THP1
LJP007_NPC.TAK_24H:P01	DB09054	Idelalisib	-0.19376890084394702	-0.8902370232668965	0.7212835784611644	0.8663167027416225	NPC.TAK
CPC014_NPC_24H:BRD-A31374339-001-01-9:10	DB04441	2-Fluoroadenosine	0.20339330124713906	0.8909832030861191	0.721638141809291	0.8664733198555142	NPC
LJP009_NEU_24H:H12	DB08912	Dabrafenib	0.19127578295058836	0.9050893892116436	0.721880650994575	0.8664733198555142	NEU
CPC014_NPC_24H:BRD-K84937637-001-03-2:10	DB00877	Sirolimus	0.18675229367556123	0.8963591076731988	0.7220245795601552	0.8664733198555142	NPC
CPC014_NPC_24H:BRD-K89085489-001-11-7:10	DB05076	Fenretinide	0.1856560800907247	0.8928074659094533	0.722035214914552	0.8664733198555142	NPC
CPC006_PL21_6H:BRD-K54256913-001-01-2:10	DB11740	MK-1775	0.1973969784677301	0.8907356432072076	0.7224245577523413	0.8667541091828628	PL21
CPC018_NPC_24H:BRD-K37814297-050-05-4:10	DB01614	Acepromazine	0.1862956106599441	0.9061386567216169	0.7230036788573901	0.8671186122772411	NPC
CPC014_NPC_24H:BRD-K89014967-001-01-9:10	DB14904	Pimasertib	0.17337528618136216	0.9188008782370363	0.7230392156862745	0.8671186122772411	NPC
CPC006_U937_6H:BRD-A62025033-001-01-8:10	DB06287	Temsirolimus	0.19259285238820528	0.9005403090814138	0.7238442822384428	0.8677818681671504	U937
CPC006_SKM1_6H:BRD-U88459701-000-01-8:10	DB01076	Atorvastatin	0.18405571902731857	0.9084657629818687	0.7239033544452264	0.8677818681671504	SKM1
LJP009_NEU_24H:B21	DB16107	BI 2536	-0.17293313268552057	-0.9197474606757255	0.7241641337386018	0.8678972990896485	NEU
LJP007_NPC.TAK_24H:L11	DB11836	Sapanisertib	0.20614014080631332	0.8890793307273894	0.7243107769423559	0.8678972990896485	NPC.TAK
LJP007_NPC.CAS9_24H:D07	DB08875	Cabozantinib	0.20257102074909686	0.887934007162952	0.724762933621414	0.8682006622177706	NPC.CAS9
LJP007_NPC.TAK_24H:K07	DB11962	GSK-1059615	0.20378976435952628	0.8922137365731998	0.7248751899283699	0.8682006622177706	NPC.TAK
AML001_U937_6H:BRD-A45664787:10	DB01088	Iloprost	-0.19384925323343394	-0.8920832426180277	0.7251968503937007	0.8683671392651867	U937
LJP009_NPC.TAK_24H:B21	DB16107	BI 2536	0.19411945750731	0.8898940416681493	0.7258743097554562	0.8683671392651867	NPC.TAK
LJP009_NPC.CAS9_24H:I04	DB11798	Tanzisertib	-0.19208150146141478	-0.8943769815492058	0.7259190934246936	0.8683671392651867	NPC.CAS9
AML001_HL60_6H:BRD-A45664787:3.33333	DB01088	Iloprost	0.17512243453713075	0.9198101618400092	0.7259528130671506	0.8683671392651867	HL60
LJP008_NEU_24H:L16	DB08756	Y-27632	-0.20147454123636088	-0.8888742336618919	0.7260147601476015	0.8683671392651867	NEU
CPC006_U937_6H:BRD-K50128260-001-01-6:160	DB00203	Sildenafil	-0.19372517789014293	-0.8902834244833687	0.7260177489787294	0.8683671392651867	U937
CPC018_NPC_24H:BRD-K43860855-065-03-6:10	DB06704	Iobenguane	-0.1777330126313472	-0.9065195689950405	0.7261037291041578	0.8683671392651867	NPC
NMH002_NPC_6H:BRD-K52313696-001-08-1:10	DB12291	Tacedinaline	-0.19811134014457502	-0.893401081161976	0.7271634615384616	0.8692946405665107	NPC
LJP007_NPC_24H:N18	DB09330	Osimertinib	-0.20539166792322866	-0.8911259679733918	0.7271909101136236	0.8692946405665107	NPC
LJP007_NEU_24H:J21	DB03044	Doramapimod	-0.18748315906837992	-0.9014011176554277	0.7280239099859352	0.8701039832501141	NEU
CPC014_NPC_24H:BRD-K66615216-001-01-9:10	DB00218	Moxifloxacin	-0.18256479921655722	-0.907358126760347	0.7282528791962755	0.8701912214684131	NPC
LJP008_NPC.TAK_24H:G24	DB00928	Azacitidine	-0.18789612637427427	-0.9001236484244958	0.7287972243639167	0.8704796174409068	NPC.TAK
LJP008_NPC.TAK_24H:N12	DB02665	(1R,2S)-2-Phenylcyclopropanaminium	-0.19163912546993866	-0.8944179757934962	0.7288062902072909	0.8704796174409068	NPC.TAK
LJP009_NEU_24H:D14	DB16108	TAK-715	-0.18881693270583494	-0.8933936329200561	0.7295756808106396	0.8712120554885613	NEU
LJP008_NEU_24H:G21	DB00928	Azacitidine	0.18567966034305072	0.8995707591384182	0.7297422800092872	0.8712245196173365	NEU
CPC006_NOMO1_6H:BRD-K91623615-001-01-9:10	DB12254	ABT-751	-0.1885433044230139	-0.893117037563986	0.729909784871617	0.8712380594349061	NOMO1
CPC006_NOMO1_6H:BRD-K01638814-051-10-1:10	DB11738	Rilmenidine	0.18723807114627858	0.9063670585050887	0.7304457527333894	0.8716913057753112	NOMO1
LJP009_NPC_24H:K08	DB11962	GSK-1059615	0.19758516252311903	0.8909577836548416	0.7307413668196088	0.8718575888551321	NPC
NMH002_NPC_6H:BRD-A56798952-001-01-5:10	DB06733	Bafilomycin A1	-0.18166031829493137	-0.9146225290858151	0.7315558802045289	0.8726427743555841	NPC
LJP009_NPC.CAS9_24H:D19	DB13061	MLN8054	0.19819644813748552	0.8867307834958756	0.7319497949546415	0.8729260166848963	NPC.CAS9
CPC016_NPC_24H:BRD-K06926592-001-01-7:10	DB00982	Isotretinoin	0.17198669790074833	0.9087267955824024	0.7321552321552321	0.8729686307096438	NPC
LJP007_NPC.CAS9_24H:P06	DB09054	Idelalisib	0.1814674276022097	0.9028022111013426	0.7322984749455338	0.8729686307096438	NPC.CAS9
LJP007_NEU_24H:M01	DB07794	5-(2-PHENYLPYRAZOLO[1,5-A]PYRIDIN-3-YL)-1H-PYRAZOLO[3,4-C]PYRIDAZIN-3-AMINE	-0.20982558806224547	-0.8898346415265536	0.7326556277509956	0.8732078075673583	NEU
CPC006_NOMO1_6H:BRD-K76964878-001-01-8:24	DB13978	Selisistat	0.17063354204125464	0.9206138207906734	0.7336512261580381	0.8742076443262911	NOMO1
CPC006_NOMO1_6H:BRD-K76205745-237-05-8:160	DB00678	Losartan	0.1842506413863271	0.9060395216490351	0.7341341795104261	0.8744131052057831	NOMO1
CPC013_NEU_24H:BRD-K62982419-001-01-2:10	DB03849	Cilomilast	0.18749829761915474	0.9034929687028018	0.7342705692555889	0.8744131052057831	NEU
DOSBIO002_NPC_24H:BRD-A75409952:0.37037	DB08059	Wortmannin	0.1919750166876021	0.8938450719600605	0.7342938515664266	0.8744131052057831	NPC
CPC016_NPC_24H:BRD-A44780397-001-01-1:10	DB00834	Mifepristone	0.20516927037334654	0.8871915879303117	0.7348766106136712	0.874920318099375	NPC
CPC016_NPC_24H:BRD-K47631482-003-03-9:10	DB09019	Bromhexine	-0.1825728479062035	-0.9030417911085035	0.7354761904761905	0.8754473366047935	NPC
CPC016_NEU_24H:BRD-K36927236-001-15-1:10	DB01016	Glyburide	0.18058391779687966	0.9160625875906496	0.7361990950226245	0.8761208940126327	NEU
NMH001_NEU_24H:BRD-K41160163-001-02-7:10	DB12931	Fenobam	0.1918860177934424	0.8852524017257652	0.7375273946113188	0.8774334843482827	NEU
CPC006_THP1_6H:BRD-K81418486:10	DB02546	Vorinostat	-0.15975697221166096	-0.9235896879746739	0.7376543209876543	0.8774334843482827	THP1
NMH002_NPC_6H:BRD-K21283037-001-15-7:10	DB00740	Riluzole	0.1955985029109827	0.883500292358869	0.7378932254274899	0.8774334843482827	NPC
LJP009_NPC.CAS9_24H:E08	DB01782	Pyrazolanthrone	-0.18215024700091842	-0.898429251753002	0.7379495962808906	0.8774334843482827	NPC.CAS9
CPC006_WSUDLCL2_6H:BRD-A04352665-001-01-2:10	DB04835	Maraviroc	0.1820142880933614	0.9084323919862485	0.7382061735585324	0.8774334843482827	WSUDLCL2
PCLB001_JURKAT_6H:BRD-K36452089-001-01-8:0.37	DB07726	t-Butylhydroquinone	0.181642541592746	0.8830597752199661	0.7382457027300303	0.8774334843482827	JURKAT
LJP009_NPC_24H:D16	DB16108	TAK-715	-0.19532861011278094	-0.8825381855019164	0.7385176796275325	0.8774356704635291	NPC
CPC006_THP1_6H:BRD-A35108200-001-04-7:10	DB01234	Dexamethasone	-0.17357286175305467	-0.9226653467852437	0.738562091503268	0.8774356704635291	THP1
LJP007_NPC.CAS9_24H:F18	DB12247	AZD-4547	0.20009174278134806	0.8873929268775506	0.7390052356020942	0.8777017477089991	NPC.CAS9
LJP007_NEU_24H:C01	DB11800	Tivozanib	-0.18238590567241914	-0.8935652827398536	0.7391007009745255	0.8777017477089991	NEU
CPC006_PL21_6H:BRD-A14395271-001-01-5:10	DB00933	Mesoridazine	-0.18615160057427144	-0.8931443465118176	0.7393721386527142	0.8778372337823989	PL21
LJP008_NPC_24H:O05	DB07101	PD-0325901	-0.1807913457160916	-0.9084246055898929	0.7396844660194175	0.8778670241775018	NPC
CPC015_NPC_24H:BRD-A55594068-065-03-1:10	DB00570	Vinblastine	0.1868460054716654	0.9072328707580076	0.7397119341563786	0.8778670241775018	NPC
LJP009_NPC_24H:F03	DB11962	GSK-1059615	-0.1905424529387574	-0.8895042753780428	0.7400084139671855	0.8780321015574071	NPC
LJP007_NPC.CAS9_24H:A13	DB12742	Amuvatinib	-0.18279816298865006	-0.9012899213375853	0.7402101241642789	0.8780846869471639	NPC.CAS9
LJP008_NEU_24H:O05	DB07101	PD-0325901	-0.17244563740134522	-0.9272362893547665	0.740506329113924	0.8781488134340887	NEU
CPC012_NPC_24H:BRD-K35483542-001-03-1:10	DB00982	Isotretinoin	-0.19447253406348905	-0.8840688546012104	0.740578986773147	0.8781488134340887	NPC
DOSBIO002_NPC_24H:BRD-A90490067:0.37037	DB00947	Fulvestrant	-0.19234398206261605	-0.8828954850680523	0.7413234057883992	0.8788447260717125	NPC
LJP008_NPC.TAK_24H:I06	DB16239	Molibresib	0.18988278042670356	0.8887928910335924	0.7416306263014576	0.8788824989858337	NPC.TAK
LJP008_NPC.TAK_24H:G19	DB00928	Azacitidine	0.20337054695410178	0.8864195867897379	0.7416703361221195	0.8788824989858337	NPC.TAK
CPC006_NOMO1_6H:BRD-A13122391-001-01-9:0.08	DB12025	Triptolide	-0.1604916119210413	-0.9112804554223533	0.743124634289058	0.8802065300367508	NOMO1
CPC006_THP1_6H:BRD-K00766422-001-01-9:80	DB03459	Sparfosic acid	0.19971112391519455	0.8836103054385002	0.7433675087200085	0.8802065300367508	THP1
NMH001_NEU_6H:BRD-A31159102-001-02-7:10	DB08544	(S)-Fluoxetine	0.18993335583712737	0.885738533059071	0.7433889791697444	0.8802065300367508	NEU
LJP007_JURKAT_24H:E03	DB11743	Ipatasertib	-0.18864832493001854	-0.8948698399689899	0.7434187434187434	0.8802065300367508	JURKAT
CPC006_PL21_6H:BRD-A13122391-001-01-9:0.08	DB12025	Triptolide	-0.17846402932871785	-0.9057464902855982	0.7437223042836041	0.8803791079139035	PL21
LJP007_NPC_24H:I18	DB11526	Masitinib	-0.18956185884285	-0.894787402490311	0.7444276856041562	0.8810271654615163	NPC
NMH002_NPC_24H:BRD-K00959089-001-02-2:10	DB04795	Thenoyltrifluoroacetone	-0.17406898502725013	-0.9069406320199297	0.7449174078780177	0.8814197706365771	NPC
DOSBIO002_NPC_24H:BRD-A75409952:10	DB08059	Wortmannin	0.18694910551998944	0.8915268681741975	0.7452560873215786	0.8816335265409428	NPC
CPC006_WSUDLCL2_6H:BRD-K77947974-001-05-6:4.21	DB04842	Fluspirilene	0.1755143098390106	0.9128977274818729	0.7454819277108434	0.8817137321812158	WSUDLCL2
CPC006_PL21_6H:BRD-K27316855-001-02-6:1	DB00136	Calcitriol	0.1846184998106169	0.9000574909496513	0.746031746031746	0.882177005322406	PL21
CPC016_NEU_24H:BRD-K62736196-015-03-7:10	DB00629	Guanabenz	-0.18834924692322236	-0.8837879464713022	0.7463139038170042	0.8823236425927244	NEU
LJP007_NEU_24H:D03	DB12494	SGI-1776	0.18713104794430735	0.8964287430668372	0.7468328976472954	0.8827501559267502	NEU
LJP007_NPC.TAK_24H:P22	DB11886	Infigratinib	-0.18601806563545958	-0.8981465176181207	0.7474844274077623	0.8833331117364766	NPC.TAK
AML001_U937_6H:BRD-K93754473:4.48614	DB00675	Tamoxifen	0.17262289503703288	0.9138941055681421	0.7477592829705506	0.8834707835012074	U937
NMH002_NEU_24H:BRD-K32164935-001-25-8:10	DB00839	Tolazamide	0.16630332343256324	0.9026407778951089	0.7480605836719616	0.883639635042531	NEU
LJP007_NPC.CAS9_24H:K10	DB11962	GSK-1059615	0.2017904011099947	0.8810276659562224	0.7483054676909173	0.8836586660808115	NPC.CAS9
LJP008_NPC_24H:G19	DB00928	Azacitidine	0.19995354382284797	0.8881163212370017	0.7483934750370737	0.8836586660808115	NPC
CPC014_NPC_24H:BRD-K43164539-001-05-7:10	DB02659	Cholic Acid	0.1842452241003177	0.8972838644864211	0.7495665097844935	0.8848564447921475	NPC
CPC014_NPC_24H:BRD-K91696562-001-01-8:10	DB12072	Orantinib	0.17247851973078265	0.9113754108622897	0.7503617945007236	0.8856078805837819	NPC
LJP009_NPC.TAK_24H:I03	DB11798	Tanzisertib	-0.1929583664450728	-0.8791236388697529	0.7506420447596919	0.8857512622069207	NPC.TAK
LJP007_JURKAT_24H:B16	DB12200	Tivantinib	-0.18704025957730624	-0.8991150169311595	0.7508599508599508	0.8857782944225777	JURKAT
CPC017_NPC_24H:BRD-K79145749-001-01-8:10	DB13225	Dibenzepin	-0.19888528026390878	-0.8756263747033819	0.750982493747767	0.8857782944225777	NPC
LJP008_NPC.TAK_24H:J03	DB12116	Epigallocatechin gallate	-0.19685514783231137	-0.8752754806502788	0.7512206463613114	0.885793515436347	NPC.TAK
NMH002_NPC_6H:BRD-K52313696-001-09-9:10	DB12291	Tacedinaline	-0.16588119480120456	-0.9016673937649934	0.7513129440840284	0.885793515436347	NPC
LJP007_NPC_24H:J23	DB03044	Doramapimod	-0.1882315471690945	-0.8878198039557519	0.7520115867396202	0.8862495115445937	NPC
LJP007_NPC.CAS9_24H:M08	DB05575	Motesanib	0.19311680742778498	0.8740899749836136	0.7520174202638658	0.8862495115445937	NPC.CAS9
CPC006_WSUDLCL2_6H:BRD-A69951442-001-01-3:10	DB01234	Dexamethasone	0.18591684649380563	0.8918311251669695	0.7524786324786324	0.886491084814581	WSUDLCL2
CPC015_NPC_24H:BRD-A35338386-001-04-6:10	DB03719	N-Ethyl-5'-Carboxamido Adenosine	0.16665231645967676	0.9147310489875825	0.7526205450733753	0.886491084814581	NPC
NMH001_NPC_6H:BRD-K52075040-001-06-3:10	DB01034	Cerulenin	0.1906766319485872	0.882034721631798	0.7526990981836656	0.886491084814581	NPC
CPC006_THP1_6H:BRD-K14888893-001-05-6:10	DB00350	Minoxidil	-0.17650064016262723	-0.8971879126735143	0.7531328320802005	0.8868147045537017	THP1
LJP007_NPC.TAK_24H:B13	DB12200	Tivantinib	0.1937288453541887	0.8787455781258247	0.7535759096612296	0.8868903714388263	NPC.TAK
CPC006_THP1_6H:BRD-K19216856-001-02-7:88.8	DB12116	Epigallocatechin gallate	0.18354685970378576	0.8951765486869206	0.7539053656327824	0.8868903714388263	THP1
LPROT002_NPC.TAK_6H:G08	DB01234	Dexamethasone	0.18499314713805262	0.8924650115694376	0.7539054966248795	0.8868903714388263	NPC.TAK
LJP007_NPC_24H:M11	DB05575	Motesanib	-0.18297421922711865	-0.8927529810532234	0.753918791312559	0.8868903714388263	NPC
CPC018_NPC_24H:BRD-K51318897-001-07-0:10	DB11410	Fenbendazole	0.19203581374800777	0.8749622289424952	0.754248966467616	0.8868903714388263	NPC
CPC017_NPC_24H:BRD-K22031190-001-13-7:10	DB00861	Diflunisal	0.19641074013545115	0.8751677999617329	0.7542691050018167	0.8868903714388263	NPC
CPC015_NPC_24H:BRD-K47635719-001-03-9:10	DB14649	Dexamethasone acetate	-0.18006089070397588	-0.8929098404454375	0.7544455544455545	0.8868903714388263	NPC
LJP007_NEU_24H:H09	DB09053	Ibrutinib	-0.16847879753030695	-0.8894234056300241	0.7545900745319033	0.8868903714388263	NEU
CPC018_NPC_24H:BRD-A84205515-001-02-5:10	DB13386	Epimestrol	-0.18395228113339915	-0.888032595550303	0.7547070209396446	0.8868903714388263	NPC
LJP008_NPC.CAS9_24H:L14	DB08756	Y-27632	0.18033351892079136	0.8943861444435812	0.7549065420560748	0.8868903714388263	NPC.CAS9
LJP008_NPC_24H:M17	DB01262	Decitabine	0.18015479917935034	0.8989527328377697	0.7549457562220804	0.8868903714388263	NPC
LJP009_NEU_24H:G16	DB01254	Dasatinib	0.19317749295517245	0.8855867473772676	0.7554011179936546	0.8872384920603366	NEU
CPC015_NPC_24H:BRD-A62525898-001-04-5:10	DB00635	Prednisone	0.1798521355997326	0.8956467000872879	0.7555768769489086	0.8872581343923303	NPC
CPC015_NPC_24H:BRD-K34157611-001-07-9:10	DB00501	Cimetidine	0.19046087515649374	0.87443942762452	0.7559819413092551	0.8873233586122654	NPC
PCLB001_JURKAT_6H:BRD-A58955223-001-02-0:0.63	DB12422	Sulforaphane	0.1867685027573278	0.8895593367741591	0.7561024012700933	0.8873233586122654	JURKAT
LJP008_NEU_24H:J10	DB05223	Pracinostat	-0.18731103047450193	-0.8843123124739978	0.7561095620797114	0.8873233586122654	NEU
CPC006_THP1_6H:BRD-A71390734-001-01-7:0.08	DB01177	Idarubicin	0.1911126690018322	0.8775687941465665	0.7563508947566012	0.8874199036481762	THP1
LJP007_NPC_24H:D21	DB06616	Bosutinib	-0.18184641585936542	-0.9007119111231254	0.7565368971528181	0.8874515031992373	NPC
CPC015_NPC_24H:BRD-K51033547-003-01-8:10	DB00193	Tramadol	-0.20360013187809659	-0.8728566652424555	0.7569237559307073	0.8877186534238839	NPC
LJP009_NPC_24H:I05	DB11798	Tanzisertib	-0.19378982168752984	-0.8748458978899971	0.7574127361441261	0.8880443165317652	NPC
LJP007_NPC.CAS9_24H:I24	DB13005	Rebastinib	-0.18428704911005622	-0.8973242385123281	0.7575197889182058	0.8880443165317652	NPC.CAS9
CPC016_NPC_24H:BRD-K93460210-001-09-6:10	DB00555	Lamotrigine	-0.1806206716564149	-0.8887342824469983	0.7581699346405228	0.8886197616301422	NPC
CPC006_NOMO1_6H:BRD-A69951442-001-01-3:10	DB01234	Dexamethasone	0.18099118155316885	0.8990269677551013	0.7592592592592593	0.8897096003796278	NOMO1
CPC017_NPC_24H:BRD-K13533483-001-03-0:10	DB00091	Cyclosporine	-0.18500533398192304	-0.8979533408908473	0.759508348794063	0.8897227219587145	NPC
AML001_HL60_6H:BRD-A19037878:10	DB04297	Trichostatin A	-0.1905277247607652	-0.8913555759427465	0.7595894111291194	0.8897227219587145	HL60
CPC014_NPC_24H:BRD-K29582115-311-02-0:10	DB00246	Ziprasidone	-0.18458357091583202	-0.8750243519770076	0.7603534687417568	0.8904307309215495	NPC
CPC017_NPC_24H:BRD-K56699285-001-04-5:10	DB13520	Metergoline	-0.18305351104726042	-0.8860245698353726	0.7607828234847045	0.8907465629005596	NPC
LJP008_NPC_24H:I04	DB16239	Molibresib	-0.18225010089234603	-0.8955542602627571	0.7615551930396954	0.8914637897541883	NPC
CPC006_PL21_6H:BRD-U94846492-000-01-1:10	DB00908	Quinidine	-0.18187276479802691	-0.877188664042664	0.7621212121212121	0.8916491020137679	PL21
CPC014_NPC_24H:BRD-A18497530-001-05-3:10	DB04604	5-iodotubercidin	-0.19157246371484368	-0.8771523647222085	0.7621283255086072	0.8916491020137679	NPC
LJP008_NPC.TAK_24H:H14	DB11841	Entinostat	-0.1907941870919234	-0.8826098665462697	0.762455099172263	0.8916491020137679	NPC.TAK
PCLB001_JURKAT_24H:BRD-K07572174-001-22-0:0.63	DB11672	Curcumin	0.1798919622275742	0.9020098186762621	0.7624624624624624	0.8916491020137679	JURKAT
CPC016_NEU_24H:BRD-K11399644-003-03-0:10	DB00914	Phenformin	0.1831740461174518	0.8897980398646789	0.7627972591696897	0.8916491020137679	NEU
CPC006_U937_6H:BRD-K20285085-001-01-4:10	DB07159	Tamatinib	-0.18000963832873618	-0.8906780508822626	0.7630446979614737	0.8916491020137679	U937
CPC018_NPC_24H:BRD-K18059238-001-02-1:10	DB13854	Gamolenic acid	0.17281138218059858	0.8956703220020518	0.763046544428773	0.8916491020137679	NPC
CPC016_NPC_24H:BRD-K92760278-001-02-4:10	DB00140	Riboflavin	-0.17407409976916524	-0.8967521402012938	0.7631466438648995	0.8916491020137679	NPC
LJP009_NPC.TAK_24H:B07	DB12242	AZD-7762	-0.19223238321494168	-0.8828755503683362	0.7632686084142395	0.8916491020137679	NPC.TAK
CPC006_THP1_6H:BRD-K89732114-001-05-9:10	DB00831	Trifluoperazine	0.1836603775620635	0.8880057538695132	0.7635230243313895	0.8916491020137679	THP1
CPC014_NPC_24H:BRD-K77390737-001-03-2:10	DB15359	Xanthohumol	-0.1872257510214916	-0.8808495796498462	0.7635885447106955	0.8916491020137679	NPC
LJP008_NPC.CAS9_24H:D05	DB09074	Olaparib	0.1913290825461808	0.8729647429348395	0.7636313693174015	0.8916491020137679	NPC.CAS9
LJP007_JURKAT_24H:P10	DB07859	4-(4-CHLOROPHENYL)-4-[4-(1H-PYRAZOL-4-YL)PHENYL]PIPERIDINE	0.17638329380967038	0.9024437272564229	0.7638127372416702	0.891674254252203	JURKAT
LJP009_NPC.CAS9_24H:P24	DB09074	Olaparib	0.2049714528885338	0.8702321387814342	0.7651786684044749	0.8930819646503275	NPC.CAS9
LJP007_NPC.CAS9_24H:I17	DB11526	Masitinib	0.2103952974355785	0.8670146016967838	0.7659327925840093	0.8935943745684126	NPC.CAS9
NMH002_NEU_24H:BRD-K02637541-001-13-1:10	DB00482	Celecoxib	0.19057434053874747	0.8767752564892665	0.7660195591884397	0.8935943745684126	NEU
LJP009_NPC.CAS9_24H:D23	DB13061	MLN8054	0.18468981046520985	0.8797938063966434	0.7660982064098795	0.8935943745684126	NPC.CAS9
LJP009_NPC_24H:D24	DB13061	MLN8054	-0.18325647099179607	-0.8884178733746734	0.7666397741024606	0.8940391512787683	NPC
AML001_U937_24H:BRD-K26684619:0.37037	DB08784	2-(4-CHLORO-PHENYLAMINO)-NICOTINIC ACID	-0.18623232259773614	-0.8821300684860528	0.7671374440234241	0.8944325601267885	U937
CPC014_NPC_24H:BRD-K18135438-001-08-4:10	DB06777	Chenodeoxycholic acid	-0.18846701786963624	-0.877479844599383	0.7674206770912403	0.894575837336404	NPC
LJP009_NPC.CAS9_24H:M17	DB06314	SGX-523	0.18173512452364918	0.8923214925215144	0.7686342093925033	0.8958032701484804	NPC.CAS9
LJP009_NEU_24H:O05	DB07101	PD-0325901	-0.181054309381216	-0.8824582327569883	0.7692159134801082	0.8962939810579623	NEU
CPC015_NPC_24H:BRD-K34776109-001-03-4:10	DB00222	Glimepiride	0.18304747224559317	0.884060779970956	0.7693935119887165	0.8963137196460742	NPC
CPC014_NPC_24H:BRD-K16485616-001-03-0:10	DB11830	Mocetinostat	0.19846129003646312	0.8658180473588689	0.7697070204532891	0.8964917467868266	NPC
CPC015_NPC_24H:BRD-K82255054-001-08-4:10	DB00818	Propofol	0.18774916504491232	0.8762301479956578	0.7702740105175754	0.8969648726106352	NPC
CPC016_NEU_24H:BRD-A91008255-003-16-4:10	DB01244	Bepridil	0.1856405518557905	0.8880997776780548	0.7706349206349207	0.8969665508111518	NEU
CPC018_NPC_24H:BRD-K46652470-001-02-6:10	DB00585	Nizatidine	0.17861250232792872	0.8887872388231164	0.7706580900544285	0.8969665508111518	NPC
NMH002_NEU_6H:BRD-A91699651-001-02-4:10	DB00608	Chloroquine	-0.1868684184039842	-0.8883640982878803	0.7707577782019469	0.8969665508111518	NEU
LJP009_NPC.TAK_24H:O23	DB07232	Veliparib	-0.15383947196844466	-0.9242299452405626	0.7709923664122137	0.897052432161364	NPC.TAK
LJP008_NPC.CAS9_24H:G11	DB02546	Vorinostat	0.18837760907570686	0.8732136448147282	0.7711840628507295	0.8970883833703545	NPC.CAS9
LJP009_NPC.TAK_24H:K11	DB11962	GSK-1059615	0.19078565096391342	0.8707288077929797	0.7717686634752232	0.8975812744482532	NPC.TAK
KMS002_NOMO1_24H:BRD-K81418486-001-01-2:9.99	DB02546	Vorinostat	-0.18142819204733493	-0.8624621336426381	0.7729545454545454	0.8987070819201005	NOMO1
LJP007_NPC_24H:D12	DB08875	Cabozantinib	-0.17337498534023962	-0.9119662567686482	0.7733516483516484	0.8987070819201005	NPC
LJP009_NEU_24H:K19	DB12432	CC-401	-0.1759661718299355	-0.8963695090697631	0.773724884080371	0.8987070819201005	NEU
CPC016_NEU_24H:BRD-K18250272-003-03-7:10	DB09342	Propoxycaine	0.19398972865979816	0.8707861014602006	0.7738681102362205	0.8987070819201005	NEU
CPC013_NPC_24H:BRD-K23984367-075-05-3:10	DB15414	CM-4307	-0.17803625361056677	-0.890631080609413	0.7740112994350282	0.8987070819201005	NPC
DOSBIO001_NEU_24H:BRD-A90490067:0.37037	DB00947	Fulvestrant	-0.183771911318672	-0.8683398385210847	0.7740438871473354	0.8987070819201005	NEU
LJP009_NPC.CAS9_24H:L09	DB05984	RAF-265	0.18824603108733015	0.8832855364150676	0.7741554453106544	0.8987070819201005	NPC.CAS9
LJP008_NPC_24H:M06	DB02709	Resveratrol	0.19335823568939658	0.8691578485063205	0.7741574431040915	0.8987070819201005	NPC
LJP008_NPC.CAS9_24H:L18	DB08756	Y-27632	0.20354067484200425	0.8639250837324661	0.7741864555848724	0.8987070819201005	NPC.CAS9
LJP007_NPC.TAK_24H:B10	DB07970	5-[(2-methyl-5-{[3-(trifluoromethyl)phenyl]carbamoyl}phenyl)amino]pyridine-3-carboxamide	0.18907076074036505	0.869169924138114	0.774475767254548	0.8987648996572505	NPC.TAK
LJP009_NPC.CAS9_24H:E22	DB08901	Ponatinib	-0.1771568753993612	-0.893711978792203	0.7746264104910033	0.8987648996572505	NPC.CAS9
LJP009_NPC_24H:E22	DB08901	Ponatinib	0.1920846022875496	0.8669792088610356	0.7747195559153464	0.8987648996572505	NPC
CPC018_NPC_24H:BRD-K35531059-001-02-4:10	DB09282	Molsidomine	0.19240569283658945	0.8667336621021671	0.7753256150506512	0.8992809992448199	NPC
LJP008_NEU_24H:K22	DB12332	Rucaparib	-0.18647911875179732	-0.8869021185342066	0.7756702073849266	0.8994936784453348	NEU
CPC014_NEU_24H:BRD-K38775274-001-13-0:10	DB01234	Dexamethasone	0.17408885905456997	0.8985400931866372	0.7760617760617761	0.8996748714580947	NEU
LJP009_NPC.TAK_24H:K08	DB11962	GSK-1059615	0.19805940312005885	0.8668356491107375	0.7765216398309923	0.8996748714580947	NPC.TAK
LJP007_NPC_24H:E01	DB11743	Ipatasertib	0.18515724005136974	0.8834690674106463	0.7765351769011793	0.8996748714580947	NPC
CPC006_SKM1_6H:BRD-K61250553-003-13-2:10	DB00836	Loperamide	0.17961540447473395	0.8729844206261067	0.7766318168974287	0.8996748714580947	SKM1
AML001_HL60_24H:BRD-K26684619:0.37037	DB08784	2-(4-CHLORO-PHENYLAMINO)-NICOTINIC ACID	-0.15888903263862117	-0.8624431309431918	0.7766327623126338	0.8996748714580947	HL60
LJP007_NPC.TAK_24H:M19	DB12874	Quizartinib	-0.18789917478878052	-0.8738523151052914	0.7771093629492519	0.9000400946426981	NPC.TAK
LJP007_NPC.TAK_24H:O05	DB07101	PD-0325901	-0.18668765161439493	-0.8727264902801797	0.7775432672013508	0.9002896988204577	NPC.TAK
LJP007_JURKAT_24H:M09	DB05575	Motesanib	0.17329837528229936	0.8964725060541895	0.7776923076923077	0.9002896988204577	JURKAT
CPC015_NPC_24H:BRD-A36010170-001-03-2:10	DB00288	Amcinonide	-0.19168022782623256	-0.8742458013645605	0.7778089887640449	0.9002896988204577	NPC
LJP009_NPC.TAK_24H:P23	DB09074	Olaparib	-0.17207994215835815	-0.9072863726517755	0.7781350482315113	0.9004802808719355	NPC.TAK
NMH001_NEU_6H:BRD-K52075040-001-06-3:10	DB01034	Cerulenin	0.19232947790989072	0.86363688416922	0.7794580208081296	0.9015445705547204	NEU
LJP007_NPC.CAS9_24H:B12	DB07970	5-[(2-methyl-5-{[3-(trifluoromethyl)phenyl]carbamoyl}phenyl)amino]pyridine-3-carboxamide	-0.18028853252812324	-0.8827422119651874	0.779574656623837	0.9015445705547204	NPC.CAS9
NMH002_NEU_24H:BRD-K62012036-001-10-2:10	DB00459	Acitretin	0.17817429982330268	0.8950762676184381	0.7796096904441454	0.9015445705547204	NEU
CPC006_THP1_6H:BRD-K16406336-311-01-2:10	DB08167	Methylthioninium	-0.19439020292496245	-0.8670918681673784	0.7797011207970113	0.9015445705547204	THP1
AML001_HL60_24H:BRD-K27316855:0.37037	DB00136	Calcitriol	0.16430454548861145	0.8852308576227165	0.781679942070963	0.9036453370936391	HL60
LJP009_NPC.TAK_24H:H09	DB08912	Dabrafenib	-0.178474884533412	-0.8948666911001744	0.7819548872180451	0.9036946313356792	NPC.TAK
LJP009_NPC.TAK_24H:H15	DB07138	Neflamapimod	-0.18975076203845295	-0.8637279986740116	0.782046545991873	0.9036946313356792	NPC.TAK
LJP009_NEU_24H:I04	DB11798	Tanzisertib	-0.1861491245334526	-0.8686279035416068	0.7830498785193655	0.9045792893754626	NEU
CPC006_WSUDLCL2_6H:BRD-K22134346-001-09-0:10	DB00641	Simvastatin	0.17862545483107017	0.8811349403882304	0.7831509846827134	0.9045792893754626	WSUDLCL2
LJP007_NPC.TAK_24H:F02	DB12848	PF-04217903	0.1842022822158373	0.8699522487790005	0.7832985386221294	0.9045792893754626	NPC.TAK
LJP008_NPC.TAK_24H:C12	DB13877	Iniparib	-0.19409212333622144	-0.861759798633777	0.783845800826067	0.9050239492567526	NPC.TAK
LPROT002_NPC.TAK_6H:O04	DB00864	Tacrolimus	0.19148769056965217	0.8638783500120784	0.7846133579238572	0.9056639894486112	NPC.TAK
DOSBIO002_NPC_24H:BRD-A13084692:3.33333	DB08607	(5R)-5-(4-{[(2R)-6-HYDROXY-2,5,7,8-TETRAMETHYL-3,4-DIHYDRO-2H-CHROMEN-2-YL]METHOXY}BENZYL)-1,3-THIAZOLIDINE-2,4-DIONE	-0.17054244829934212	-0.9023875668756939	0.7849720223820943	0.9056639894486112	NPC
CPC015_NPC_24H:BRD-K05977355-001-09-1:10	DB00196	Fluconazole	0.16283026373926524	0.8919228067051486	0.784972299168975	0.9056639894486112	NPC
CPC013_NEU_24H:BRD-K13390322-001-01-4:10	DB08142	AT-7519	-0.19040579708084426	-0.8744263287303178	0.7850671665104655	0.9056639894486112	NEU
CPC006_WSUDLCL2_6H:BRD-K01292756-001-10-2:10	DB01100	Pimozide	0.17742269096212898	0.8857331790272266	0.7852941176470588	0.9056639894486112	WSUDLCL2
CPC015_NPC_24H:BRD-K52075715-001-03-4:10	DB04910	Oxibendazole	0.1804888984886405	0.8945937812435945	0.785374149659864	0.9056639894486112	NPC
LPROT003_NPC_6H:F15	DB11794	Berzosertib	0.17815373977594703	0.8918263760130475	0.7855595667870036	0.9056906020055162	NPC
LJP009_NPC.CAS9_24H:B22	DB16107	BI 2536	-0.1918015718595304	-0.8625655082298546	0.7867584873746527	0.9068854547651214	NPC.CAS9
LJP009_NPC_24H:E15	DB13113	JNJ-38877605	-0.1904051818788422	-0.8590792208096214	0.7869707630716972	0.9069338055136317	NPC
CPC016_NEU_24H:BRD-K47631482-003-03-9:10	DB09019	Bromhexine	-0.1612199405289039	-0.8982509558304843	0.787125557680051	0.9069338055136317	NEU
LJP007_NPC.TAK_24H:G11	DB11963	Dacomitinib	0.183297359337017	0.874532298312249	0.7873004220957974	0.9069479774669531	NPC.TAK
LJP008_NPC_24H:I09	DB11830	Mocetinostat	-0.19456929536806522	-0.8712347395592325	0.7879145173176124	0.9073721537887272	NPC
AML001_U937_6H:BRD-K27316855:10	DB00136	Calcitriol	0.18099515918585718	0.8830088743115002	0.7879939209726444	0.9073721537887272	U937
CPC017_NPC_24H:BRD-A10188456-001-03-1:10	DB01234	Dexamethasone	-0.18397008481121652	-0.8631139408807535	0.7883265607683783	0.9075678668028854	NPC
NMH002_NPC_6H:BRD-K58550667-001-04-6:10	DB12731	Daporinad	0.18587261959718232	0.8746944053741477	0.7884997706071265	0.9075799917922754	NPC
LJP009_NEU_24H:I23	DB11363	Alectinib	-0.1803358865490949	-0.8860996880000701	0.7890971879625062	0.907882004695315	NEU
LJP007_NPC.CAS9_24H:J23	DB03044	Doramapimod	-0.18597605041041834	-0.8643761868483179	0.789132734003173	0.907882004695315	NPC.CAS9
CPC006_THP1_6H:BRD-K55966568-001-01-3:6	DB12072	Orantinib	-0.18427379054248644	-0.8801876733012394	0.7892503536067893	0.907882004695315	THP1
LJP007_NEU_24H:G13	DB01254	Dasatinib	0.18846584495837534	0.8653546436674744	0.7896503496503496	0.9081548754276028	NEU
CPC015_NPC_24H:BRD-A40639672-234-09-9:10	DB00465	Ketorolac	0.20219857356647689	0.8555304613319724	0.7900498590938652	0.9082304338265883	NPC
CPC006_SKM1_6H:BRD-A34817987-001-11-8:10	DB01167	Itraconazole	0.17596961312938025	0.8877210588458545	0.7901785714285714	0.9082304338265883	SKM1
LJP008_NPC.CAS9_24H:N10	DB02665	(1R,2S)-2-Phenylcyclopropanaminium	0.18772956990038314	0.8639254926375038	0.790341578327444	0.9082304338265883	NPC.CAS9
LJP008_NEU_24H:P17	DB11662	Rabusertib	0.1845022960071902	0.874635164184159	0.7903672264255398	0.9082304338265883	NEU
CPC006_THP1_6H:BRD-K54233340-300-01-0:10	DB08597	Dorsomorphin	0.183988884586177	0.8698497151477622	0.7906880353688864	0.9083277198666849	THP1
LJP007_NPC_24H:I14	DB11526	Masitinib	-0.18909746637740038	-0.8636773048347771	0.7908377696833847	0.9083277198666849	NPC
LJP009_NEU_24H:L20	DB12588	AZD-1480	0.19308830444200323	0.8611384146746174	0.7909403231963354	0.9083277198666849	NEU
LJP007_NEU_24H:O02	DB07101	PD-0325901	-0.16987734432145826	-0.8532439707510024	0.7922722868217055	0.9096701148751378	NEU
NMH002_NPC_24H:BRD-A99117172-001-01-1:10	DB01611	Hydroxychloroquine	0.18398393938919733	0.8757419251052432	0.7931534142365514	0.9102083163046123	NPC
NMH002_NPC_24H:BRD-K79602928-003-15-7:10	DB00331	Metformin	-0.19769597558270327	-0.8604788084200918	0.7934436337478162	0.9102083163046123	NPC
CPC013_NPC_24H:BRD-K11663430-001-01-5:10	DB12847	Pyroxamide	-0.17358687324040928	-0.894156447249128	0.7934828607702074	0.9102083163046123	NPC
LJP008_NPC.TAK_24H:D03	DB09074	Olaparib	0.1770938574799938	0.8808406734684218	0.7935518829585478	0.9102083163046123	NPC.TAK
DOSBIO002_NEU_24H:BRD-A13084692:3.33333	DB08607	(5R)-5-(4-{[(2R)-6-HYDROXY-2,5,7,8-TETRAMETHYL-3,4-DIHYDRO-2H-CHROMEN-2-YL]METHOXY}BENZYL)-1,3-THIAZOLIDINE-2,4-DIONE	0.1885362010242395	0.8670839142842417	0.7935567754984109	0.9102083163046123	NEU
NMH002_NEU_24H:BRD-K38775274-001-17-1:10	DB01234	Dexamethasone	0.1769336615213487	0.8807506610177527	0.794301424643839	0.9108751589081147	NEU
AML001_U937_24H:BRD-K27316855:3.33333	DB00136	Calcitriol	0.17438758977136282	0.883671917553716	0.7949943757030371	0.9114824541815134	U937
PCLB001_JURKAT_6H:BRD-K07572174-001-22-0:3.33	DB11672	Curcumin	0.17592203588551586	0.8777254811138191	0.795355587808418	0.9116483680885158	JURKAT
PCLB001_JURKAT_6H:BRD-A19037878-001-02-3:3.33	DB04297	Trichostatin A	-0.18239089442763715	-0.8734439403602734	0.7956052282629286	0.9116483680885158	JURKAT
NMH002_NPC_24H:BRD-K71879491-001-29-1:10	DB00982	Isotretinoin	0.17850314602080466	0.8848370507673363	0.7957457094512932	0.9116483680885158	NPC
LJP007_JURKAT_24H:M06	DB07794	5-(2-PHENYLPYRAZOLO[1,5-A]PYRIDIN-3-YL)-1H-PYRAZOLO[3,4-C]PYRIDAZIN-3-AMINE	0.1927880878994489	0.8608152145882093	0.7957927142124166	0.9116483680885158	JURKAT
CPC006_SKM1_6H:BRD-A47829399-001-01-1:10	DB09274	Artesunate	-0.18716582803887705	-0.8651699647752	0.7961053837342497	0.9116850173830703	SKM1
NMH001_NPC_24H:BRD-A14240607-001-01-8:10	DB13251	Octopamine	0.16207894767240558	0.8937782220818137	0.7961515333734215	0.9116850173830703	NPC
AML001_HL60_6H:BRD-K43389675:1.11111	DB00694	Daunorubicin	0.19007997171844204	0.8528713023466004	0.7972406181015452	0.9126224090319288	HL60
CPC016_NPC_24H:BRD-A36066264-001-03-1:10	DB13953	Estradiol benzoate	0.159598435429306	0.8953470151705039	0.7972972972972973	0.9126224090319288	NPC
LJP007_NPC.TAK_24H:H10	DB09053	Ibrutinib	-0.1664769598378634	-0.8960626610032496	0.7984790874524715	0.9136019046328042	NPC.TAK
NMH002_NEU_24H:BRD-K67102207-236-03-6:10	DB06819	Phenylbutyric acid	0.17863292572654307	0.8712845323150105	0.7984805318138651	0.9136019046328042	NEU
NMH002_NEU_6H:BRD-A79067928-001-04-3:10	DB00773	Etoposide	-0.18581079375770831	-0.8567430742756584	0.7987893462469734	0.9137151972612623	NEU
CPC015_NPC_24H:BRD-K62200014-003-05-5:10	DB00261	Anagrelide	0.1758435595548621	0.8495306714023363	0.7989071038251366	0.9137151972612623	NPC
CPC016_NPC_24H:BRD-K97440753-066-03-3:10	DB13345	Dihydroergocristine	0.17393294991825292	0.881819955472042	0.799252536038441	0.9138035324860881	NPC
NMH002_NEU_6H:BRD-K67860401-001-04-9:10	DB01950	AR-AO-14418	0.16452460252248594	0.8850590414517051	0.7993119266055045	0.9138035324860881	NEU
LJP008_NPC.TAK_24H:N10	DB02665	(1R,2S)-2-Phenylcyclopropanaminium	-0.18339362289806682	-0.8700174393600778	0.7996729354047425	0.9140289503427697	NPC.TAK
NMH002_NEU_6H:BRD-K81418486-001-22-8:10	DB02546	Vorinostat	0.18289315361023867	0.881978333613622	0.8000442380004423	0.9142660392880926	NEU
LJP007_JURKAT_24H:F18	DB12247	AZD-4547	-0.17550074531478593	-0.8716363649963446	0.8006985822888844	0.9148264162583833	JURKAT
CPC017_NPC_24H:BRD-A98725278-103-01-9:10	DB00247	Methysergide	0.186257453555146	0.8615895906870609	0.8011789924973205	0.9150582244072689	NPC
CPC016_NPC_24H:BRD-A58207013-001-01-2:10	DB06762	Pinacidil	0.18025139397931472	0.8736893944290146	0.8012295081967213	0.9150582244072689	NPC
LJP009_NPC.TAK_24H:G08	DB08521	4-[4-(4-Fluorophenyl)-2-[4-[(R)-methylsulfinyl]phenyl]-1H-imidazol-5-yl]pyridine	-0.18942370333741462	-0.8534375137511846	0.8022392457277548	0.9160238951934392	NPC.TAK
CPC015_NPC_24H:BRD-A41250306-001-03-4:10	DB13532	Cyclopenthiazide	-0.17078461603371478	-0.8650222746930762	0.8031645569620253	0.9168927897055738	NPC
CPC006_NOMO1_6H:BRD-K22134346-001-09-0:10	DB00641	Simvastatin	-0.18128856074356842	-0.8729957281669822	0.8036700868192581	0.9170606424070791	NOMO1
DOSBIO002_NPC_24H:BRD-A75409952:1.11111	DB08059	Wortmannin	-0.17751440207157174	-0.8721695838860408	0.8037962424946736	0.9170606424070791	NPC
LJP007_NPC.TAK_24H:B07	DB07970	5-[(2-methyl-5-{[3-(trifluoromethyl)phenyl]carbamoyl}phenyl)amino]pyridine-3-carboxamide	-0.18100866837039378	-0.8752938445199838	0.8038047215218886	0.9170606424070791	NPC.TAK
LJP007_NPC.CAS9_24H:K24	DB01590	Everolimus	0.1829819097185803	0.8648576828711604	0.804273364867069	0.9174077085654013	NPC.CAS9
NMH002_NEU_24H:BRD-K01567962-001-16-4:10	DB01782	Pyrazolanthrone	-0.17995768731336442	-0.8802052909099235	0.8059666975023126	0.9187997073841101	NEU
CPC006_SKM1_6H:BRD-A62025033-001-01-8:10	DB06287	Temsirolimus	0.20078510334163863	0.8504330672998254	0.8060904143993303	0.9187997073841101	SKM1
LPROT003_NPC_6H:J05	DB08881	Vemurafenib	0.17865438003449882	0.8823102573935647	0.806135357368754	0.9187997073841101	NPC
CPC006_PL21_6H:BRD-A70449690-001-01-4:10	DB02587	Colforsin	0.17532309830497406	0.8845830091027622	0.8064285714285714	0.9187997073841101	PL21
LJP008_NEU_24H:K10	DB11962	GSK-1059615	0.1949151511867133	0.8507377861801595	0.8064966818023053	0.9187997073841101	NEU
CPC006_WSUDLCL2_6H:BRD-A97437073-001-03-1:80	DB00412	Rosiglitazone	0.1806231359187595	0.8721728972515564	0.8065760097422366	0.9187997073841101	WSUDLCL2
NMH002_NPC_6H:BRD-A09533288-003-26-2:10	DB14063	Dexverapamil	0.15540987765689035	0.9016745592382645	0.8066465256797583	0.9187997073841101	NPC
LJP007_JURKAT_24H:M22	DB12874	Quizartinib	0.18292881845995607	0.8658197218707324	0.8069186223712282	0.9189220237209803	JURKAT
LJP008_NEU_24H:G10	DB02546	Vorinostat	-0.1788911330583397	-0.8538512154660389	0.8073535044044428	0.9192176704737431	NEU
NMH002_NPC_6H:BRD-K24656285-001-04-4:10	DB02509	Farnesol	-0.1858095888460547	-0.8594226407898338	0.807507761783799	0.9192176704737431	NPC
CPC006_SKM1_6H:BRD-K76205745-237-05-8:160	DB00678	Losartan	-0.18218562167967603	-0.8681130031689138	0.8078055964653903	0.9193193093155271	SKM1
NMH002_NEU_24H:BRD-K52313696-001-09-9:10	DB12291	Tacedinaline	-0.18009624707100821	-0.8747564937491669	0.8080065359477124	0.9193193093155271	NEU
LJP007_NPC_24H:B11	DB07970	5-[(2-methyl-5-{[3-(trifluoromethyl)phenyl]carbamoyl}phenyl)amino]pyridine-3-carboxamide	-0.2024625588041862	-0.8496415704503784	0.8080913950319673	0.9193193093155271	NPC
CPC006_PL21_6H:BRD-K54233340-300-01-0:10	DB08597	Dorsomorphin	0.18434940175581357	0.8454831369800139	0.8094083948441115	0.9206209319668133	PL21
LJP008_NEU_24H:H16	DB11841	Entinostat	0.18553293857439543	0.8641478633687276	0.8097020999511639	0.9206209319668133	NEU
LJP009_NPC.TAK_24H:F03	DB11962	GSK-1059615	0.17548030222300254	0.877114756687659	0.8101568731720287	0.9206209319668133	NPC.TAK
LJP009_NPC.TAK_24H:H12	DB08912	Dabrafenib	0.18190384994736325	0.8642594794392857	0.8103149878850814	0.9206209319668133	NPC.TAK
CPC006_NOMO1_6H:BRD-K81651477-001-03-5:20	DB13063	Parthenolide	0.18324677359132696	0.8619373171825374	0.8103277060575969	0.9206209319668133	NOMO1
CPC014_NEU_24H:BRD-A11706664-001-01-1:10	DB12405	Triciribine	0.17450398047799415	0.8706205507900886	0.8105285592497868	0.9206209319668133	NEU
NMH002_NEU_24H:BRD-A81585303-001-01-1:10	DB04944	Acadesine	-0.17334934877587999	-0.8832583233471915	0.8107335662114957	0.9206209319668133	NEU
LJP009_NPC.CAS9_24H:K21	DB12432	CC-401	0.17280560691841867	0.8850647393468173	0.8108419838523645	0.9206209319668133	NPC.CAS9
LJP008_NPC_24H:G08	DB02546	Vorinostat	-0.17767392622342087	-0.8809101671163085	0.810901938746839	0.9206209319668133	NPC
CPC006_WSUDLCL2_6H:BRD-K15108141-001-01-7:0.08	DB00441	Gemcitabine	0.18092395827330643	0.8686733859770298	0.8109935841858852	0.9206209319668133	WSUDLCL2
NMH001_NEU_6H:BRD-K04809113-001-01-7:10	DB12771	Hydroxytyrosol	-0.19622284079399108	-0.8480053659737484	0.8110507045378897	0.9206209319668133	NEU
NMH002_NPC_24H:BRD-K39965020-001-06-7:10	DB03756	Doconexent	-0.17953400781391338	-0.8642086380531976	0.8117209001133237	0.9211942436395917	NPC
NMH002_NEU_6H:BRD-K22429181-001-12-6:10	DB00162	Vitamin A	-0.18677267716500176	-0.8551944112445936	0.8121138866505506	0.9214527910562176	NEU
LJP008_NPC.TAK_24H:A09	DB07232	Veliparib	0.1809398800189296	0.8612222980371457	0.8123554674595309	0.9215391726139529	NPC.TAK
NMH002_NEU_24H:BRD-K30466858-335-01-5:10	DB08846	Ellagic acid	0.1759329061034246	0.862513227106164	0.8125203782197588	0.9215391726139529	NEU
CPC006_SKM1_6H:BRD-A31107743-001-01-3:0.09	DB07348	Brefeldin A	0.19209063870051418	0.8500022989034348	0.8127853881278538	0.9216523740579872	SKM1
CPC012_NPC_24H:BRD-K48935217-001-01-3:10	DB03010	Patupilone	0.18081257328207986	0.8471590791227941	0.8130091039770004	0.9217187138971114	NPC
CPC006_U937_6H:BRD-A97437073-001-03-1:80	DB00412	Rosiglitazone	-0.17986782654167235	-0.8516123831193889	0.8133350138643811	0.9219008619157623	U937
NMH002_NPC_24H:BRD-K80738081-001-33-6:10	DB02709	Resveratrol	0.16892835599708203	0.8861761179912526	0.8136241867585151	0.9220413036615388	NPC
LJP009_NEU_24H:I05	DB11798	Tanzisertib	0.1851121421583816	0.8587742312180205	0.8144604767879549	0.9226526112644471	NEU
CPC015_NPC_24H:BRD-K26801045-001-01-1:10	DB09286	Pipamperone	0.1767106006597611	0.8666717844266167	0.8146575595347979	0.9226526112644471	NPC
NMH001_NPC_6H:BRD-K32501161-001-02-5:10	DB03701	Vanoxerine	-0.1639874500722196	-0.8886190749399464	0.8148760330578513	0.9226526112644471	NPC
CPC014_NPC_24H:BRD-K84639753-066-01-9:10	DB06654	Safinamide	-0.18552243217405506	-0.8525879027098449	0.8149004495825305	0.9226526112644471	NPC
DOSBIO001_NPC_24H:BRD-A13084692:3.33333	DB08607	(5R)-5-(4-{[(2R)-6-HYDROXY-2,5,7,8-TETRAMETHYL-3,4-DIHYDRO-2H-CHROMEN-2-YL]METHOXY}BENZYL)-1,3-THIAZOLIDINE-2,4-DIONE	-0.16813013521287212	-0.8915598724428208	0.8149905123339658	0.9226526112644471	NPC
LJP007_NPC_24H:O05	DB07101	PD-0325901	-0.1895153058875697	-0.8414542807529944	0.815742196272176	0.9233162331106655	NPC
LJP007_JURKAT_24H:F06	DB12848	PF-04217903	-0.17392657619169183	-0.8764460008022048	0.8160853271836264	0.9234036501106319	JURKAT
PCLB001_JURKAT_6H:BRD-K36452089-001-01-8:0.63	DB07726	t-Butylhydroquinone	0.17750839519072947	0.8563011096782323	0.8162588792423047	0.9234036501106319	JURKAT
CPC016_NEU_24H:BRD-K18574842-323-03-3:10	DB00607	Nafcillin	-0.1849495184586792	-0.8622759357414835	0.8163159710244912	0.9234036501106319	NEU
CPC006_SKM1_6H:BRD-A93255169-001-13-5:10	DB01041	Thalidomide	0.18273290775513476	0.8558047283867773	0.8168487206344456	0.9238189767726681	SKM1
LJP007_NEU_24H:J19	DB03044	Doramapimod	0.17852212795505287	0.8588192862406161	0.8174053894860845	0.9240866125280968	NEU
CPC016_NPC_24H:BRD-K35629949-001-01-2:10	DB04867	Lintitript	-0.19219309035478166	-0.8360698262434451	0.8174166396892198	0.9240866125280968	NPC
LJP007_NPC_24H:K19	DB01590	Everolimus	-0.17477473429499935	-0.8828337495408203	0.8176372712146422	0.9241487714964525	NPC
CPC018_NPC_24H:BRD-K01095011-001-03-5:10	DB01216	Finasteride	-0.17411857066565206	-0.850622723367756	0.8180240320427237	0.9243986377894178	NPC
CPC018_NPC_24H:BRD-K92778217-001-17-8:10	DB00784	Mefenamic acid	-0.17508405295710108	-0.8760033926893876	0.8182626083092646	0.9244809825349102	NPC
LJP008_NEU_24H:K12	DB11962	GSK-1059615	0.18501171876604405	0.8569263158124915	0.8188440221694379	0.9249505567287495	NEU
NMH002_NPC_6H:BRD-K47192521-001-04-7:10	DB00159	Icosapent	0.1837934727587858	0.8544495946489808	0.8191933240611962	0.9250875991532602	NPC
NMH002_NEU_24H:BRD-K21283037-001-15-7:10	DB00740	Riluzole	-0.1946333409074592	-0.8473542522045685	0.8193208871068789	0.9250875991532602	NEU
LJP007_NPC.TAK_24H:G10	DB11963	Dacomitinib	0.1690655230225995	0.8799790505710754	0.8194627917217085	0.9250875991532602	NPC.TAK
CPC015_NPC_24H:BRD-K23913458-001-13-2:10	DB04665	Coumarin	-0.1792917053497632	-0.8571521244700419	0.820133355017076	0.9254833471438508	NPC
CPC016_NEU_24H:BRD-A20243730-001-01-4:10	DB01406	Danazol	0.1818719194878916	0.8609591037960652	0.8201451278507257	0.9254833471438508	NEU
LJP009_NPC.CAS9_24H:E17	DB13113	JNJ-38877605	-0.18521801224718337	-0.8454167598571855	0.8204451150509242	0.9256346404184239	NPC.CAS9
LJP007_NPC.CAS9_24H:P09	DB07859	4-(4-CHLOROPHENYL)-4-[4-(1H-PYRAZOL-4-YL)PHENYL]PIPERIDINE	-0.18525978845590058	-0.8442521682526639	0.821256038647343	0.9261822958771221	NPC.CAS9
CPC006_THP1_6H:BRD-K98530306-003-07-6:10	DB00575	Clonidine	-0.17954636638975202	-0.8570095121477949	0.8213718640838361	0.9261822958771221	THP1
CPC016_NEU_24H:BRD-K90553655-001-03-6:10	DB01420	Testosterone propionate	-0.17087474481475604	-0.8884521330113085	0.8214285714285714	0.9261822958771221	NEU
CPC016_NEU_24H:BRD-K99621550-003-03-4:10	DB01199	Tubocurarine	0.1849235852227902	0.8470760239029265	0.8228139802842146	0.9275569197829123	NEU
CPC016_NEU_24H:BRD-K70487031-001-01-0:10	DB00875	Flupentixol	0.18511458033957076	0.858739854500868	0.82303281299777	0.9276161744877897	NEU
LJP007_NPC.CAS9_24H:F15	DB12247	AZD-4547	-0.16735753963353484	-0.8883994289901334	0.8233173076923077	0.9277493960039154	NPC.CAS9
LJP009_NPC.CAS9_24H:L10	DB05984	RAF-265	0.1898378882651745	0.844414395527185	0.8235040895393887	0.9277724789055432	NPC.CAS9
LPROT003_NPC_6H:L11	DB00460	Verteporfin	-0.2120052700023578	-0.8421104956736768	0.8240163515585079	0.9281621694619253	NPC
AML001_U937_24H:BRD-K71879491:10	DB00982	Isotretinoin	-0.1735966823320664	-0.8814341659009189	0.8244170096021948	0.9284260186860406	U937
PCLB001_JURKAT_6H:BRD-A19037878-001-02-3:10	DB04297	Trichostatin A	0.18161594985517637	0.8657760337446214	0.8248725338062514	0.9287515370545057	JURKAT
CPC017_NPC_24H:BRD-K86301799-001-19-9:10	DB00975	Dipyridamole	0.17042871747112642	0.875525464640622	0.8254531126871553	0.9292176988865293	NPC
CPC017_NPC_24H:BRD-K72166146-066-03-9:10	DB00320	Dihydroergotamine	0.17018001760948884	0.8736221343766035	0.825964252116651	0.9296055199836183	NPC
LJP009_NEU_24H:I06	DB11798	Tanzisertib	0.18379980690027103	0.8570584035845242	0.8262253341820497	0.929711807059632	NEU
LJP009_NPC.CAS9_24H:B11	DB12242	AZD-7762	-0.17932050557122448	-0.8708346400219356	0.8264134275618374	0.9297359371581954	NPC.CAS9
NMH002_NEU_6H:BRD-K93754473-048-14-5:10	DB00675	Tamoxifen	0.17977012339615778	0.8646493469599921	0.8269838320014867	0.930190080390382	NEU
CPC006_NOMO1_6H:BRD-K15108141-001-01-7:0.08	DB00441	Gemcitabine	0.18130380869005935	0.8550581410482886	0.8272434960537854	0.9302945907043074	NOMO1
CPC018_NPC_24H:BRD-K50398167-236-12-8:10	DB00939	Meclofenamic acid	-0.17454811198832237	-0.8682782929041538	0.8274799753542822	0.9303729912336841	NPC
CPC016_NPC_24H:BRD-K71059170-001-02-5:10	DB00671	Cefixime	-0.18774613982034247	-0.8421171629334595	0.8280210157618214	0.9307937229367724	NPC
LJP009_NPC.TAK_24H:B20	DB16107	BI 2536	0.18895434253737622	0.8389087388412786	0.8284448701065485	0.9310284262817156	NPC.TAK
LJP007_NEU_24H:K06	DB12064	BMS-777607	-0.16795382100752618	-0.8689707891343464	0.8285635663181068	0.9310284262817156	NEU
LJP007_NPC_24H:G13	DB01254	Dasatinib	-0.17253838882423478	-0.8756441454519236	0.8294914013904134	0.931742551873855	NPC
CPC017_NPC_24H:BRD-K56515112-001-03-4:10	DB00253	Medrysone	0.17468073012926016	0.8839452131175259	0.8295331161780674	0.931742551873855	NPC
CPC015_NPC_24H:BRD-A28746609-001-05-7:10	DB01229	Paclitaxel	0.17798926511807495	0.8404418441767052	0.830071715084478	0.9320346074635811	NPC
LJP007_JURKAT_24H:G11	DB11963	Dacomitinib	-0.1779641806428023	-0.8726984702242373	0.8301272565847884	0.9320346074635811	JURKAT
CPC006_PL21_6H:BRD-K55395145-001-01-7:88.8	DB00642	Pemetrexed	0.17593439999621152	0.8668841985693649	0.8311044003451251	0.9329439536268518	PL21
CPC014_NEU_24H:BRD-K49685476-001-09-2:10	DB02877	Arotinoid acid	-0.1897447783793803	-0.8291630373375685	0.8317778814745683	0.9335121305062597	NEU
LJP008_NPC_24H:P15	DB11662	Rabusertib	0.17894985258156482	0.8511864757186758	0.8323538054657655	0.9338936317663408	NPC
PCLB001_JURKAT_24H:BRD-K36452089-001-01-8:0.37	DB07726	t-Butylhydroquinone	0.18164963116456212	0.8504957906363373	0.8324525955859496	0.9338936317663408	JURKAT
CPC016_NPC_24H:BRD-A63043573-001-01-6:10	DB00248	Cabergoline	-0.17779012019711332	-0.83015610473488	0.8327292696320703	0.93401620331269	NPC
NMH002_NPC_6H:BRD-K24994810-001-02-7:10	DB01889	16,17-Androstene-3-Ol	0.19623052062012	0.8332210374475676	0.8332632464255677	0.9343120349327584	NPC
LJP009_NPC_24H:E21	DB08901	Ponatinib	-0.1630174533775897	-0.8805714240111417	0.8333333333333334	0.9343120349327584	NPC
LJP007_NPC.TAK_24H:P14	DB05294	Vandetanib	0.1776287013197188	0.8586711106442052	0.8334954289048824	0.9343120349327584	NPC.TAK
PCLB001_JURKAT_6H:BRD-A19037878-001-02-3:0.16	DB04297	Trichostatin A	0.1799776393108387	0.8673460723929631	0.8342555994729908	0.9348876516607543	JURKAT
LJP009_NEU_24H:B11	DB12242	AZD-7762	0.17457175532516703	0.8714877491420957	0.8343440791573572	0.9348876516607543	NEU
CPC006_U937_6H:BRD-A93255169-001-13-5:10	DB01041	Thalidomide	-0.19000836386636902	-0.8341102423921841	0.8347727272727272	0.9351801296093464	U937
LJP008_NPC_24H:A22	DB11740	MK-1775	0.19002043543017297	0.8297955169925711	0.8351536989077807	0.9354190897824751	NPC
CPC006_NOMO1_6H:BRD-K82746043-001-03-7:10	DB12340	Navitoclax	-0.18081783639939678	-0.8509996586882282	0.8360337005832793	0.9356957074190974	NOMO1
CPC014_NEU_24H:BRD-K16485616-001-03-0:10	DB11830	Mocetinostat	-0.1720596330113834	-0.8608815170442983	0.8361117633247241	0.9356957074190974	NEU
LJP009_NPC_24H:E13	DB13113	JNJ-38877605	-0.1694965482646497	-0.8803933847635085	0.8361814967589865	0.9356957074190974	NPC
CPC006_SKM1_6H:BRD-K92991072-001-02-3:10	DB13048	PAC-1	-0.18706099535808687	-0.8477073609008938	0.8363279056709714	0.9356957074190974	SKM1
LJP007_JURKAT_24H:E08	DB05913	OSI-930	-0.17827340214683537	-0.8579161105642836	0.8363600859207186	0.9356957074190974	JURKAT
LPROT002_NPC.TAK_6H:A20	DB11763	Momelotinib	0.17493303930939255	0.8702124945863575	0.8365084863179771	0.9356957074190974	NPC.TAK
NMH002_NPC_24H:BRD-K46018455-001-23-5:10	DB01393	Bezafibrate	-0.17519243759330694	-0.8326655000490274	0.8370779908246089	0.9356957074190974	NPC
CPC014_NEU_24H:BRD-K53972329-001-01-3:10	DB08877	Ruxolitinib	-0.17599616164184098	-0.8591767499770262	0.8371807967313585	0.9356957074190974	NEU
CPC006_PL21_6H:BRD-K82746043-001-03-7:10	DB12340	Navitoclax	-0.1808745986358001	-0.8328990252870985	0.8373507805325987	0.9356957074190974	PL21
CPC006_U937_6H:BRD-K54256913-001-01-2:10	DB11740	MK-1775	0.19166802683546896	0.8362294369528377	0.8373993368072004	0.9356957074190974	U937
CPC017_NPC_24H:BRD-K50422030-003-01-8:10	DB06470	Clomethiazole	0.17142678893657448	0.8345848076618326	0.8375429858887703	0.9356957074190974	NPC
NMH002_NPC_6H:BRD-A13946108-001-13-0:10	DB00605	Sulindac	-0.18742059432631536	-0.8292258795913741	0.8375595172184697	0.9356957074190974	NPC
LPROT001_NPC.TAK_6H:C24	DB02709	Resveratrol	-0.17322452157490917	-0.8786946711602334	0.8375809935205184	0.9356957074190974	NPC.TAK
CPC006_PL21_6H:BRD-K00766422-001-01-9:80	DB03459	Sparfosic acid	-0.18336151696960215	-0.8334084847913067	0.8381469500924215	0.9360517826025526	PL21
NMH002_NPC_24H:BRD-K43797669-001-16-3:10	DB01645	Genistein	0.15144704774648585	0.8897469978054035	0.8382352941176471	0.9360517826025526	NPC
LJP008_NPC_24H:J01	DB12116	Epigallocatechin gallate	0.18109567476304633	0.8442654650997208	0.83853104051297	0.9361946517954493	NPC
LJP008_NPC.TAK_24H:G17	DB01254	Dasatinib	0.183872580873647	0.8431250624477308	0.8389830508474576	0.9365118928927503	NPC.TAK
LJP009_NPC_24H:B24	DB16107	BI 2536	0.19755837124100936	0.8257792248120578	0.840102882863573	0.9374008080808082	NPC
DOSBIO001_NPC_24H:BRD-K81418486:0.37037	DB02546	Vorinostat	0.18036728622111944	0.8431402625492025	0.8401154401154401	0.9374008080808082	NPC
LJP009_NPC.TAK_24H:G07	DB08521	4-[4-(4-Fluorophenyl)-2-[4-[(R)-methylsulfinyl]phenyl]-1H-imidazol-5-yl]pyridine	0.17746698406875652	0.8627792021064964	0.8406901187542012	0.9378544636132151	NPC.TAK
LJP009_NPC.CAS9_24H:E24	DB08901	Ponatinib	-0.16298978883470353	-0.8792663012596619	0.8412087912087912	0.9382454710423523	NPC.CAS9
NMH002_NEU_6H:BRD-K32164935-001-25-8:10	DB00839	Tolazamide	0.176780224750598	0.8574063943108056	0.8415259062440691	0.9384115592515814	NEU
LJP007_NPC.CAS9_24H:K05	DB12064	BMS-777607	-0.17785926992856974	-0.8509279392289779	0.8417950180642708	0.9385240619065881	NPC.CAS9
CPC006_WSUDLCL2_6H:BRD-K48692744-001-01-2:10	DB02690	NU1025	-0.18657351954310347	-0.8318403828662552	0.8423542989036353	0.9387735461461753	WSUDLCL2
CPC006_THP1_6H:BRD-A26711594-003-06-4:10	DB00622	Nicardipine	-0.17796728239918588	-0.8550777961428623	0.8424669300807421	0.9387735461461753	THP1
CPC016_NPC_24H:BRD-K76810206-001-06-5:10	DB00699	Nicergoline	0.17988963051421616	0.8497109230097589	0.8425235966219573	0.9387735461461753	NPC
LJP008_NEU_24H:M14	DB01262	Decitabine	0.16249613835892596	0.8637348912331027	0.8428311215196461	0.938928679504414	NEU
LJP007_NEU_24H:K05	DB12064	BMS-777607	-0.17313933134062556	-0.8411955932936697	0.8430839650979831	0.9389646612891963	NEU
NMH001_NEU_6H:BRD-A47564106-001-07-5:10	DB12161	Deutetrabenazine	-0.1895831018432556	-0.8273542581292701	0.8432390631904552	0.9389646612891963	NEU
LJP007_JURKAT_24H:H09	DB09053	Ibrutinib	0.1763327994620596	0.8608908198689973	0.8433683308335119	0.9389646612891963	JURKAT
LJP008_NPC_24H:D24	DB13978	Selisistat	-0.15913367158637448	-0.8904889482753275	0.8437956204379562	0.9392529462137584	NPC
AML001_HL60_24H:BRD-K19706299:3.33333	DB00374	Treprostinil	-0.13760217953263135	-0.8664611795297048	0.8443743427970557	0.9395763004858183	HL60
CPC014_NPC_24H:BRD-A75409952:10	DB08059	Wortmannin	-0.1866859314138485	-0.8357391807251394	0.8446994393010823	0.9395763004858183	NPC
CPC006_U937_6H:BRD-A13122391-001-01-9:0.08	DB12025	Triptolide	-0.1698803166767192	-0.8595895530671861	0.8447355652595827	0.9395763004858183	U937
AML001_U937_6H:BRD-K71879491:10	DB00982	Isotretinoin	0.1841003585643489	0.8446218295039156	0.8447597639786457	0.9395763004858183	U937
NMH001_NPC_24H:BRD-K09416995-001-32-4:10	DB00227	Lovastatin	-0.18147320425410207	-0.844792291326234	0.846047348747058	0.9408208408729991	NPC
LJP009_NPC_24H:F04	DB11962	GSK-1059615	-0.1785499533846761	-0.8396654950950756	0.8464666292765003	0.9410391528241085	NPC
NMH001_NPC_6H:BRD-K56060837-001-01-9:10	DB04275	N-acetylserotonin	-0.17526610323684225	-0.8324450787953577	0.847016319920269	0.9410391528241085	NPC
LJP007_NEU_24H:P24	DB11886	Infigratinib	0.1862837927726126	0.8450166206340807	0.8470394736842105	0.9410391528241085	NEU
CPC006_U937_6H:BRD-A17883755-001-02-0:177.6	DB00480	Lenalidomide	-0.17304258263576144	-0.8518097687275896	0.8471778487752929	0.9410391528241085	U937
LJP007_NPC_24H:D08	DB08875	Cabozantinib	0.17187827467299596	0.8586326178855029	0.847246449040618	0.9410391528241085	NPC
CPC006_THP1_6H:BRD-K49456190-001-01-0:10	DB11684	APR-246	-0.1901510470216727	-0.8255969055047344	0.8473299863076221	0.9410391528241085	THP1
CPC014_NPC_24H:BRD-K91900765-001-01-9:10	DB07138	Neflamapimod	0.18213107277804658	0.8345402815287055	0.8474831984638596	0.9410391528241085	NPC
CPC013_NEU_24H:BRD-K79254416-001-08-5:10	DB01262	Decitabine	-0.18489761289524131	-0.8228836338669008	0.8476726229869843	0.9410391528241085	NEU
LPROT003_NPC_6H:F17	DB11794	Berzosertib	0.17789215909217188	0.8525134620165244	0.8477617462079171	0.9410391528241085	NPC
LJP007_NPC.CAS9_24H:D08	DB08875	Cabozantinib	0.17662228662638574	0.8489514575469859	0.8484317504818644	0.9414530675977069	NPC.CAS9
CPC006_THP1_6H:BRD-U94846492-000-01-1:10	DB00908	Quinidine	0.19957894004341992	0.8254093880195227	0.8485221674876847	0.9414530675977069	THP1
NMH002_NPC_6H:BRD-K18135438-001-11-8:10	DB06777	Chenodeoxycholic acid	0.1901149027660436	0.8310623803699241	0.848640881331577	0.9414530675977069	NPC
LJP008_NPC_24H:N11	DB02665	(1R,2S)-2-Phenylcyclopropanaminium	0.1691009281661467	0.8733109736945827	0.8489722966934763	0.9416334877242354	NPC
LJP009_NPC_24H:H10	DB08912	Dabrafenib	0.19304349002475368	0.823228615536081	0.8499672417558419	0.9423504187425376	NPC
LJP009_NPC_24H:I23	DB11363	Alectinib	0.1695930483244675	0.8659774038782669	0.8502358490566038	0.9423504187425376	NPC
LJP008_NPC.CAS9_24H:O03	DB07101	PD-0325901	-0.17999569730322076	-0.8522832379115138	0.8503442689347914	0.9423504187425376	NPC.CAS9
CPC006_U937_6H:BRD-K19796430-001-01-5:10	DB09143	Sonidegib	0.18317010000452588	0.8321468667038117	0.8505619365196987	0.9423504187425376	U937
LJP007_NPC_24H:G17	DB01254	Dasatinib	0.17217905231593764	0.8537699203401863	0.8507462686567164	0.9423504187425376	NPC
CPC016_NEU_24H:BRD-A69815203-001-05-0:10	DB00091	Cyclosporine	-0.1661519103630282	-0.8639238438427751	0.8508462623413258	0.9423504187425376	NEU
LJP008_NPC.CAS9_24H:I12	DB11830	Mocetinostat	0.17689310588033344	0.8595113206954702	0.8509036144578314	0.9423504187425376	NPC.CAS9
CPC014_NEU_24H:BRD-K35483542-001-04-9:10	DB00982	Isotretinoin	-0.1806809117835114	-0.8471241278973708	0.8511753494282084	0.9423504187425376	NEU
NMH001_NEU_6H:BRD-K32501161-001-02-5:10	DB03701	Vanoxerine	0.17266048332396242	0.8733702268324345	0.8512126865671642	0.9423504187425376	NEU
LJP009_NPC_24H:M15	DB06314	SGX-523	-0.17941320074349984	-0.8322763628334586	0.851443922095366	0.9423504187425376	NPC
LJP009_NPC.CAS9_24H:D24	DB13061	MLN8054	0.17590581565481714	0.8537616762457279	0.8515250335699214	0.9423504187425376	NPC.CAS9
LJP009_NEU_24H:G09	DB08521	4-[4-(4-Fluorophenyl)-2-[4-[(R)-methylsulfinyl]phenyl]-1H-imidazol-5-yl]pyridine	-0.18480023772389503	-0.824956485897436	0.8517428167687235	0.9423504187425376	NEU
LJP008_NPC_24H:J10	DB05223	Pracinostat	0.1828042695409992	0.8482377862206888	0.8518319928507596	0.9423504187425376	NPC
NMH002_NPC_24H:BRD-A81585303-001-01-1:10	DB04944	Acadesine	0.16269254915433776	0.8778172944228217	0.85198342214328	0.9423504187425376	NPC
CPC006_SKM1_6H:BRD-A67373739-001-01-4:10	DB01700	AICA ribonucleotide	-0.18190101916003426	-0.8269984760567621	0.8521780528445608	0.9423788616094757	SKM1
LJP007_NPC_24H:M13	DB07460	2-({5-CHLORO-2-[(2-METHOXY-4-MORPHOLIN-4-YLPHENYL)AMINO]PYRIMIDIN-4-YL}AMINO)-N-METHYLBENZAMIDE	-0.1595979081632717	-0.8842369187537218	0.8526946107784431	0.9427632250362533	NPC
LJP008_NPC.TAK_24H:G20	DB00928	Azacitidine	-0.16629555795589218	-0.8890776862137297	0.8529121421520237	0.9428168894523757	NPC.TAK
CPC015_NPC_24H:BRD-A16332958-001-04-0:10	DB06413	Armodafinil	-0.1863606961342905	-0.8220878247409963	0.8535564853556485	0.9433422408476948	NPC
LJP008_NEU_24H:I07	DB11830	Mocetinostat	0.17527729234331105	0.8300270828830465	0.8538906752411576	0.943453841712465	NEU
NMH002_NPC_6H:BRD-K79602928-003-15-7:10	DB00331	Metformin	-0.17197693741854686	-0.8590980811781611	0.8539956803455724	0.943453841712465	NPC
LJP007_NPC.TAK_24H:G12	DB11963	Dacomitinib	0.18220221520565608	0.8279122382843485	0.8545841683366734	0.9439170610077808	NPC.TAK
CPC006_NOMO1_6H:BRD-K80738081-001-21-1:10	DB02709	Resveratrol	0.1907504468987292	0.8240506439051514	0.8558426966292135	0.9443489579089739	NOMO1
DOSBIO002_NEU_24H:BRD-A90490067:0.37037	DB00947	Fulvestrant	-0.18076927183670055	-0.8242316765842805	0.8559053196681308	0.9443489579089739	NEU
CPC006_SKM1_6H:BRD-K11853856-003-01-3:10	DB08348	N~2~,N~2~-DIMETHYL-N~1~-(6-OXO-5,6-DIHYDROPHENANTHRIDIN-2-YL)GLYCINAMIDE	-0.16490445272500573	-0.8692180875356617	0.8559077809798271	0.9443489579089739	SKM1
CPC014_NPC_24H:BRD-A50454580-001-01-1:10	DB07101	PD-0325901	-0.18167449482308964	-0.846626651897527	0.8560029017047516	0.9443489579089739	NPC
LPROT003_NPC_6H:B09	DB03496	Alvocidib	-0.16168207060468223	-0.8644292139479813	0.856071964017991	0.9443489579089739	NPC
LJP007_NPC.TAK_24H:H09	DB09053	Ibrutinib	-0.17505175715904553	-0.8342498390685693	0.8563351696143809	0.9443489579089739	NPC.TAK
NMH002_NPC_6H:BRD-K26521938-001-06-4:10	DB00917	Dinoprostone	-0.1826340367243674	-0.8123664051972102	0.8564064801178203	0.9443489579089739	NPC
LJP007_NPC_24H:P09	DB07859	4-(4-CHLOROPHENYL)-4-[4-(1H-PYRAZOL-4-YL)PHENYL]PIPERIDINE	0.17890035549615005	0.8333749860768542	0.8564117145294284	0.9443489579089739	NPC
LJP009_NPC_24H:I21	DB11363	Alectinib	0.1881188772855706	0.8194736373322717	0.856643750704384	0.9443489579089739	NPC
NMH001_NPC_24H:BRD-A57226833-001-01-1:10	DB07780	Farnesyl diphosphate	-0.1871471150781353	-0.8113225452017512	0.8569902808928762	0.9443489579089739	NPC
LJP007_NPC.TAK_24H:M02	DB07794	5-(2-PHENYLPYRAZOLO[1,5-A]PYRIDIN-3-YL)-1H-PYRAZOLO[3,4-C]PYRIDAZIN-3-AMINE	-0.196189718377616	-0.817402063069402	0.8571876305892185	0.9443489579089739	NPC.TAK
NMH002_NEU_6H:BRD-K95785537-001-19-9:10	DB03023	1-Tert-Butyl-3-(4-Chloro-Phenyl)-1h-Pyrazolo[3,4-D]Pyrimidin-4-Ylamine	-0.1633323814514337	-0.8619947263343688	0.8571881942240559	0.9443489579089739	NEU
LJP007_NPC.TAK_24H:M13	DB07460	2-({5-CHLORO-2-[(2-METHOXY-4-MORPHOLIN-4-YLPHENYL)AMINO]PYRIMIDIN-4-YL}AMINO)-N-METHYLBENZAMIDE	0.17757375692912922	0.8195370180284492	0.8573060664914887	0.9443489579089739	NPC.TAK
LJP009_NEU_24H:D06	DB11775	PF-03758309	0.18282333277466015	0.8291637029884328	0.8574561403508771	0.9443489579089739	NEU
LJP009_NEU_24H:D17	DB16108	TAK-715	0.18408345297595222	0.8285870697588071	0.8575917546505781	0.9443489579089739	NEU
LJP007_JURKAT_24H:M11	DB05575	Motesanib	0.18826986001045662	0.8166652884031903	0.8576834862385321	0.9443489579089739	JURKAT
AML001_U937_6H:BRD-A19037878:10	DB04297	Trichostatin A	-0.18227009925186327	-0.8481992919072343	0.8580310880829015	0.9443794979210711	U937
PCLB001_JURKAT_24H:BRD-K07572174-001-22-0:10	DB11672	Curcumin	-0.17228264843568236	-0.8568078101683329	0.8580497714575926	0.9443794979210711	JURKAT
LJP007_NPC.CAS9_24H:A17	DB12742	Amuvatinib	-0.1779164707208913	-0.8431111817045124	0.859432387312187	0.9457146526261718	NPC.CAS9
LJP009_NPC.TAK_24H:B03	DB00877	Sirolimus	0.18668732348798076	0.8185268889489774	0.8598162640353861	0.9457370743050878	NPC.TAK
LJP007_JURKAT_24H:D01	DB12494	SGI-1776	0.17251341867429654	0.8362287418335677	0.8599167822468793	0.9457370743050878	JURKAT
NMH002_NPC_24H:BRD-K13005598-001-01-5:10	DB13034	Foxy-5	0.17538433086274755	0.8487676720165287	0.8599613152804643	0.9457370743050878	NPC
LJP009_NPC.TAK_24H:K20	DB12432	CC-401	0.17584071435834525	0.8400731936208661	0.8603554588320639	0.9459840569223659	NPC.TAK
DOSBIO001_NPC_24H:BRD-K27305650:0.37037	DB02656	LY-294002	-0.18457072938032829	-0.8180545292940951	0.8610145934676859	0.9463076750953202	NPC
CPC015_NPC_24H:BRD-A17411484-001-05-1:10	DB00821	Carprofen	0.16407717054189128	0.8538840485222051	0.8613569321533924	0.9463076750953202	NPC
LJP008_NPC.CAS9_24H:I01	DB16239	Molibresib	0.16805209124713516	0.8630862338163005	0.8615316117542298	0.9463076750953202	NPC.CAS9
NMH002_NPC_24H:BRD-K86465814-001-04-5:10	DB06926	(9Z,11E,13S)-13-hydroxyoctadeca-9,11-dienoic acid	-0.18022360356461176	-0.8322607461614323	0.8615322144017326	0.9463076750953202	NPC
LJP008_NPC.TAK_24H:F03	DB12376	Ricolinostat	0.16345002326476074	0.8724298977744385	0.8616504854368932	0.9463076750953202	NPC.TAK
CPC006_PL21_6H:BRD-A31107743-001-01-3:0.09	DB07348	Brefeldin A	0.1850148957314547	0.8236222367301237	0.8616675012518779	0.9463076750953202	PL21
CPC017_NPC_24H:BRD-A23723433-001-01-2:10	DB01229	Paclitaxel	-0.1603819694511518	-0.8669421657097045	0.8621399176954733	0.9464850389730382	NPC
PCLB001_JURKAT_6H:BRD-K36452089-001-01-8:0.16	DB07726	t-Butylhydroquinone	-0.1657478059200247	-0.8631324868150295	0.8625063419583967	0.9464850389730382	JURKAT
LJP008_NEU_24H:O02	DB07101	PD-0325901	0.2067350938892806	0.8166727723946046	0.8626272912423625	0.9464850389730382	NEU
CPC014_NPC_24H:BRD-K53972329-001-01-3:10	DB08877	Ruxolitinib	0.16362535564854339	0.8651440801406748	0.8628640776699029	0.9464850389730382	NPC
LJP007_NPC.CAS9_24H:P22	DB11886	Infigratinib	0.17920710792161754	0.8305916667607014	0.8629279153910381	0.9464850389730382	NPC.CAS9
LJP009_NEU_24H:P20	DB09074	Olaparib	-0.1709659435841786	-0.8182925753445515	0.8630003650079086	0.9464850389730382	NEU
CPC006_SKM1_6H:BRD-A09533288-003-20-5:10	DB14063	Dexverapamil	-0.17775021081208925	-0.8184424360736509	0.8630734756457129	0.9464850389730382	SKM1
LJP008_NPC_24H:P13	DB11662	Rabusertib	-0.1738845128571862	-0.8620443647298316	0.8634177621032382	0.9464850389730382	NPC
NMH002_NEU_24H:BRD-K41260949-236-10-1:10	DB00313	Valproic acid	0.18027406128879633	0.8192515526212901	0.8634503286617884	0.9464850389730382	NEU
CPC017_NPC_24H:BRD-A16694057-001-03-5:10	DB14083	Bisphenol A diglycidyl ether	0.16500190839585566	0.8626572887222813	0.8635467980295567	0.9464850389730382	NPC
CPC006_PL21_6H:BRD-K32107296-001-03-7:10	DB00853	Temozolomide	0.18147288156418387	0.8196592651307854	0.8636951664118546	0.9464850389730382	PL21
CPC006_NOMO1_6H:BRD-A47829399-001-01-1:10	DB09274	Artesunate	-0.16844272311982952	-0.8643984188959449	0.864106988783434	0.9467503712534913	NOMO1
CPC006_NOMO1_6H:BRD-A56359832-001-03-8:160	DB00744	Zileuton	-0.1740533977578082	-0.8445428740685411	0.8643368786629043	0.9468163059219209	NOMO1
LJP007_NPC_24H:K07	DB11962	GSK-1059615	0.1857066577898748	0.814705387172422	0.8645490279400828	0.9468627850172207	NPC
LJP007_NEU_24H:F18	DB12247	AZD-4547	0.18189644076207015	0.8331479831937606	0.8654840061461098	0.9476356097240881	NEU
NMH002_NEU_24H:BRD-K41260949-001-14-1:10	DB00313	Valproic acid	0.175380179963583	0.8553910588888892	0.8656398104265403	0.9476356097240881	NEU
CPC017_NPC_24H:BRD-A07875874-001-01-6:10	DB09232	Cilnidipine	0.16518542640955064	0.8731144997684037	0.8657642413987592	0.9476356097240881	NPC
NMH001_NEU_24H:BRD-A93269281-001-01-4:10	DB00758	Clopidogrel	-0.18398951274160752	-0.8198011228501945	0.8664144020181171	0.9481612296702776	NEU
CPC006_NOMO1_6H:BRD-K15563106-001-08-1:177.6	DB07810	Phloretin	-0.15937007518916563	-0.8817400841384044	0.8671586715867159	0.9487793753558141	NOMO1
LJP009_NPC_24H:L20	DB12588	AZD-1480	0.18465147205367485	0.8110660842828311	0.8673193787981094	0.9487793753558141	NPC
LPROT003_NPC_6H:N15	DB11648	Afuresertib	-0.1775504721301371	-0.8374901666639676	0.8682615629984051	0.949148367458522	NPC
LJP008_NPC_24H:H15	DB11841	Entinostat	-0.17802189068814428	-0.8481419688267838	0.8682707993474714	0.949148367458522	NPC
CPC006_SKM1_6H:BRD-K69932463-001-03-1:10	DB12774	AZD-8055	0.18458345702048212	0.814837256955698	0.8683008356545961	0.949148367458522	SKM1
LJP009_NEU_24H:M13	DB06314	SGX-523	0.17038319014310677	0.8496957070939702	0.8683517640863613	0.949148367458522	NEU
CPC006_WSUDLCL2_6H:BRD-K33583600-001-09-6:10	DB03285	Isoliquiritigenin	0.1756889653978454	0.8397347172160904	0.8685073339085418	0.949148367458522	WSUDLCL2
NMH002_NEU_24H:BRD-K77175907-001-04-9:10	DB00146	Calcifediol	-0.17032730894721768	-0.8428034771354435	0.8688104162556717	0.9492936373463362	NEU
NMH001_NPC_6H:BRD-K53857191-001-17-7:10	DB00734	Risperidone	0.17801646570626825	0.836820311173112	0.8689935064935065	0.9493077683037543	NPC
CPC006_U937_6H:BRD-K01638814-051-10-1:10	DB11738	Rilmenidine	0.19267222708208465	0.8094300229345306	0.8696239351755661	0.9498104804903061	U937
LJP007_NPC.TAK_24H:K04	DB12064	BMS-777607	0.170864344702571	0.8495680735234461	0.8702171664943124	0.9502723765652317	NPC.TAK
LJP008_NPC.TAK_24H:H15	DB11841	Entinostat	-0.17403415843831485	-0.8406499278081446	0.8704438149197355	0.9503110239113871	NPC.TAK
LJP007_NPC.CAS9_24H:B08	DB07970	5-[(2-methyl-5-{[3-(trifluoromethyl)phenyl]carbamoyl}phenyl)amino]pyridine-3-carboxamide	0.18125106808784563	0.8236047150448924	0.8705932323375336	0.9503110239113871	NPC.CAS9
CPC013_NPC_24H:BRD-K16621777-001-01-9:10	DB12078	Enobosarm	0.17073062446276288	0.852694679443569	0.871331828442438	0.9509311953991317	NPC
LJP007_NEU_24H:M14	DB07460	2-({5-CHLORO-2-[(2-METHOXY-4-MORPHOLIN-4-YLPHENYL)AMINO]PYRIMIDIN-4-YL}AMINO)-N-METHYLBENZAMIDE	0.172191028815826	0.8523621082614183	0.8715668323306304	0.9510016345731639	NEU
CPC012_NPC_24H:BRD-M07438658-001-01-1:10	DB01259	Lapatinib	-0.17316691339802223	-0.8361734893375898	0.8723439032363518	0.9514519349440097	NPC
NMH002_NPC_6H:BRD-K40438880-001-03-8:10	DB03566	Spermidine	0.16014822989680186	0.8522078517971683	0.8723472668810289	0.9514519349440097	NPC
CPC006_WSUDLCL2_6H:BRD-K82746043-001-03-7:10	DB12340	Navitoclax	0.17179927160020164	0.8436806605758717	0.872491145218418	0.9514519349440097	WSUDLCL2
LJP008_NPC_24H:N08	DB02665	(1R,2S)-2-Phenylcyclopropanaminium	0.17334321408613726	0.8366812643429008	0.873026034997866	0.9517376599868218	NPC
CPC006_THP1_6H:BRD-K35960502-001-10-1:10	DB06803	Niclosamide	0.1841981216585183	0.8173548153552573	0.8731486715658564	0.9517376599868218	THP1
CPC015_NPC_24H:BRD-A26334849-003-16-7:10	DB15410	(S)-Propafenone	0.14981697537207722	0.8512952153397173	0.8732649366324683	0.9517376599868218	NPC
CPC006_THP1_6H:BRD-K27316855-001-02-6:1	DB00136	Calcitriol	0.19229922899911225	0.8056454853045458	0.8743816982687551	0.9527686512971455	THP1
PCLB001_JURKAT_24H:BRD-K07572174-001-22-0:3.33	DB11672	Curcumin	0.16744559524833816	0.8594254969484981	0.875	0.9532561999609451	JURKAT
LJP009_NPC.TAK_24H:L09	DB05984	RAF-265	0.18325911940198034	0.8228335813133767	0.8753177068624682	0.9533616884295455	NPC.TAK
NMH002_NPC_6H:BRD-K50590187-001-17-3:10	DB09120	Zucapsaicin	-0.16366982890113058	-0.8621493373464001	0.875438596491228	0.9533616884295455	NPC
CPC006_NOMO1_6H:BRD-A79768653-001-02-1:10	DB00877	Sirolimus	-0.17947390159596607	-0.8280321919376268	0.8762665905523048	0.9539586238427249	NOMO1
AML001_U937_24H:BRD-K26684619:10	DB08784	2-(4-CHLORO-PHENYLAMINO)-NICOTINIC ACID	0.17809269428550575	0.814337537065457	0.8763287232826609	0.9539586238427249	U937
LJP008_NEU_24H:G15	DB01254	Dasatinib	-0.1667904710259234	-0.8550341385845136	0.8766832034018427	0.9540528177120428	NEU
LJP007_NPC_24H:I07	DB06589	Pazopanib	0.18712202555059868	0.8182016751481056	0.8768115942028986	0.9540528177120428	NPC
CPC006_THP1_6H:BRD-K22134346-001-09-0:10	DB00641	Simvastatin	0.19162372966947622	0.8027131560422681	0.8769326553906818	0.9540528177120428	THP1
LJP007_NPC.CAS9_24H:K19	DB01590	Everolimus	-0.17248362733119538	-0.8524660831584446	0.8771648492623476	0.9540528177120428	NPC.CAS9
LJP009_NPC_24H:F02	DB11962	GSK-1059615	0.17641879396173818	0.8258414822624183	0.8774251767183036	0.9540528177120428	NPC
AML001_HL60_24H:BRD-A45664787:1.11111	DB01088	Iloprost	-0.163952346435266	-0.796699083402639	0.8774412991002852	0.9540528177120428	HL60
CPC014_NEU_24H:BRD-A39052811-377-01-4:10	DB11675	Mosapride	-0.17402847274612446	-0.8291807707234385	0.8782209092401116	0.9545473816178764	NEU
LJP007_JURKAT_24H:E12	DB05913	OSI-930	-0.1697742891680845	-0.8486269928502762	0.8782383419689119	0.9545473816178764	JURKAT
NMH002_NPC_24H:BRD-K52313696-001-09-9:10	DB12291	Tacedinaline	0.16582324816901664	0.8281429601381349	0.8784975669099757	0.9546431487710858	NPC
LJP008_NPC_24H:A19	DB11740	MK-1775	-0.15655928387843926	-0.8740361076764139	0.8791064388961892	0.954964486782	NPC
CPC006_SKM1_6H:BRD-K87142802-001-02-7:10	DB07232	Veliparib	-0.15889151955653955	-0.865822415929741	0.8792497069167644	0.954964486782	SKM1
LJP008_NPC.CAS9_24H:G15	DB01254	Dasatinib	0.2027749329992412	0.8039507082991402	0.8793067877037343	0.954964486782	NPC.CAS9
LJP007_NPC.CAS9_24H:M03	DB07794	5-(2-PHENYLPYRAZOLO[1,5-A]PYRIDIN-3-YL)-1H-PYRAZOLO[3,4-C]PYRIDAZIN-3-AMINE	0.16605882148688259	0.8513290600496448	0.8796108633968382	0.9550081303650658	NPC.CAS9
LJP009_NPC.CAS9_24H:K23	DB12432	CC-401	-0.17828010802738425	-0.8268624612096379	0.8796893317702228	0.9550081303650658	NPC.CAS9
LJP007_NPC_24H:P22	DB11886	Infigratinib	0.17847876968815293	0.8072863578106797	0.8800497906529365	0.9552135762748508	NPC
LJP009_NPC_24H:G12	DB08521	4-[4-(4-Fluorophenyl)-2-[4-[(R)-methylsulfinyl]phenyl]-1H-imidazol-5-yl]pyridine	-0.17493834007246917	-0.8166810363095992	0.8804120840874287	0.9553190759307874	NPC
LJP008_NPC.TAK_24H:I07	DB11830	Mocetinostat	-0.17993651287231005	-0.8281324866821911	0.8805090006207325	0.9553190759307874	NPC.TAK
LJP008_NPC_24H:I06	DB16239	Molibresib	-0.17632700796072112	-0.8220533117810934	0.8807692307692307	0.9553190759307874	NPC
LJP009_NPC_24H:O02	DB07101	PD-0325901	0.16676032611189023	0.8634166847277247	0.880831928049466	0.9553190759307874	NPC
LJP009_NPC.CAS9_24H:G13	DB01254	Dasatinib	0.18205102477643315	0.8162078585384387	0.8815104166666666	0.9558312874225056	NPC.CAS9
LJP009_NPC.CAS9_24H:D22	DB13061	MLN8054	-0.16044239698577942	-0.8682730222414426	0.8817733990147784	0.9558312874225056	NPC.CAS9
DOSBIO001_NEU_24H:BRD-A19500257:0.37037	DB02424	Geldanamycin	-0.19000697927680324	-0.8043062022765418	0.8818181818181818	0.9558312874225056	NEU
LJP007_NPC.TAK_24H:E05	DB11743	Ipatasertib	-0.17370994373789936	-0.8189058782188495	0.8820393657736468	0.9558853188910598	NPC.TAK
LJP007_NPC.CAS9_24H:K20	DB01590	Everolimus	0.1786906135300292	0.8193562849906016	0.8825848233140926	0.9562906834859822	NPC.CAS9
CPC006_SKM1_6H:BRD-K50590187-001-10-8:160	DB09120	Zucapsaicin	0.1709214003831515	0.847590407777148	0.8828963051251489	0.9563103783546982	SKM1
LJP009_NPC.CAS9_24H:O03	DB07101	PD-0325901	-0.1836915747658149	-0.8055109471754107	0.8829458252204787	0.9563103783546982	NPC.CAS9
LJP009_NEU_24H:K07	DB11962	GSK-1059615	0.1896040777952309	0.7961894616231558	0.883160785970843	0.9563575358950569	NEU
CPC014_NEU_24H:BRD-K46212057-001-01-2:10	DB00582	Voriconazole	0.17515198195244794	0.8199666905040056	0.8838174273858921	0.9568277712436968	NEU
LJP007_NPC.CAS9_24H:P05	DB09054	Idelalisib	0.16950195107342714	0.8508496836632546	0.8840694006309149	0.9568277712436968	NPC.CAS9
CPC015_NPC_24H:BRD-A49765801-001-03-3:10	DB00846	Flurandrenolide	-0.17682583541437924	-0.8263364442355096	0.8841095466501625	0.9568277712436968	NPC
DOSBIO002_NEU_24H:BRD-A90490067:1.11111	DB00947	Fulvestrant	-0.19380184726615468	-0.8016634772729917	0.8844435418359058	0.9570035919128236	NEU
CPC014_NEU_24H:BRD-K63915849-001-01-1:10	DB07503	(5E)-5-[(2,2-DIFLUORO-1,3-BENZODIOXOL-5-YL)METHYLENE]-1,3-THIAZOLIDINE-2,4-DIONE	0.16832264963932003	0.8516914605826843	0.8846699787083038	0.9570629845285296	NEU
NMH002_NPC_6H:BRD-K28912512-001-19-0:10	DB02701	Nicotinamide	0.16993027357226653	0.8186730275963485	0.8856839228783968	0.9576486743754193	NPC
LJP009_NPC.CAS9_24H:I06	DB11798	Tanzisertib	0.1630378591323145	0.8614768201237252	0.8858447488584474	0.9576486743754193	NPC.CAS9
CPC006_THP1_6H:BRD-K50590187-001-10-8:160	DB09120	Zucapsaicin	0.1744261645469912	0.8282283641940313	0.885955319481331	0.9576486743754193	THP1
LJP008_NEU_24H:J03	DB12116	Epigallocatechin gallate	-0.17450105583971368	-0.8435917833934174	0.8862911795961743	0.9576486743754193	NEU
LJP009_NPC.TAK_24H:K21	DB12432	CC-401	-0.17530448756223752	-0.8275510167686567	0.8863675731855188	0.9576486743754193	NPC.TAK
NMH002_NPC_6H:BRD-A99117172-001-01-1:10	DB01611	Hydroxychloroquine	0.1735622307549149	0.8166542460912535	0.8864148816234498	0.9576486743754193	NPC
LJP008_NPC_24H:G07	DB02546	Vorinostat	-0.17939014347797452	-0.8312109055334619	0.8864450127877238	0.9576486743754193	NPC
LJP007_JURKAT_24H:B11	DB07970	5-[(2-methyl-5-{[3-(trifluoromethyl)phenyl]carbamoyl}phenyl)amino]pyridine-3-carboxamide	0.16810226953412863	0.8566801225012916	0.8866189989785496	0.9576486743754193	JURKAT
LJP009_NPC.CAS9_24H:H13	DB07138	Neflamapimod	-0.18879648078361186	-0.7954230613391587	0.8867562380038387	0.9576486743754193	NPC.CAS9
CPC006_SKM1_6H:BRD-K85606544-001-01-8:10	DB11828	Neratinib	0.17055326143240726	0.8542677359429308	0.8869402985074627	0.9576620718740342	SKM1
LPROT002_NPC.TAK_6H:O14	DB02169	9,10-Deepithio-9,10-Didehydroacanthifolicin	0.1826411242640253	0.8175695341461634	0.8873832390474937	0.957884945920177	NPC.TAK
CPC013_NEU_24H:BRD-K76908866-001-01-9:10	DB12302	CP-724714	0.1798115545399336	0.8072445315735525	0.8876543209876543	0.957884945920177	NEU
LJP007_NPC.TAK_24H:O03	DB07101	PD-0325901	-0.18161305109733664	-0.8046674036181237	0.8876617978862368	0.957884945920177	NPC.TAK
LJP007_JURKAT_24H:G15	DB01254	Dasatinib	0.1848756684622557	0.7998537511121729	0.8880986776308478	0.9581710544386965	JURKAT
LJP007_JURKAT_24H:E06	DB11743	Ipatasertib	-0.17114890764748636	-0.8455556298719832	0.8885470894462849	0.9582480215305358	JURKAT
NMH001_NPC_6H:BRD-K10852020-001-02-9:10	DB00323	Tolcapone	-0.18063181249784824	-0.7936347511473757	0.8885689912561314	0.9582480215305358	NPC
CPC006_THP1_6H:BRD-K85606544-001-01-8:10	DB11828	Neratinib	-0.18319156025972044	-0.8066767129806759	0.8886852954649564	0.9582480215305358	THP1
CPC017_NPC_24H:BRD-K52930707-001-04-8:10	DB01180	Rescinnamine	-0.1732225545521394	-0.8222715523230445	0.8895111245648555	0.9587643677173262	NPC
CPC006_NOMO1_6H:BRD-K64890080-001-03-9:10	DB16107	BI 2536	-0.16059003460003393	-0.8461976201922542	0.8896193771626297	0.9587643677173262	NOMO1
LJP009_NEU_24H:E18	DB13113	JNJ-38877605	-0.16200492435464112	-0.8473176162548304	0.8896797153024911	0.9587643677173262	NEU
NMH002_NPC_6H:BRD-K79254416-001-11-9:10	DB01262	Decitabine	0.17080384024996803	0.8414961040950747	0.8901162790697674	0.9588798680413887	NPC
CPC006_WSUDLCL2_6H:BRD-K67844266-001-01-3:11.1	DB11759	Pevonedistat	-0.17765252907114942	-0.8117756420912178	0.8904272151898734	0.9588798680413887	WSUDLCL2
CPC006_SKM1_6H:BRD-A38030642-001-02-0:10	DB00091	Cyclosporine	0.16936291678749102	0.8428436334960735	0.8904339486933589	0.9588798680413887	SKM1
LJP008_NPC.TAK_24H:G12	DB02546	Vorinostat	0.17093199534555062	0.8320519843886456	0.8905038759689923	0.9588798680413887	NPC.TAK
NMH002_NEU_24H:BRD-K37270826-001-21-9:10	DB00834	Mifepristone	0.16871244783659967	0.8250134087584936	0.8906462585034014	0.9588798680413887	NEU
LJP007_NPC.TAK_24H:M01	DB07794	5-(2-PHENYLPYRAZOLO[1,5-A]PYRIDIN-3-YL)-1H-PYRAZOLO[3,4-C]PYRIDAZIN-3-AMINE	-0.1769461125342646	-0.7926529860895599	0.8912308385933273	0.9593241073725975	NPC.TAK
CPC006_THP1_6H:BRD-K62965247-001-01-5:10	DB04960	Tipifarnib	-0.16860956955570844	-0.8375719950943952	0.8921458939360036	0.9593530178184637	THP1
CPC018_NPC_24H:BRD-K61250553-003-16-5:10	DB00836	Loperamide	0.17644852333819383	0.8120012466540536	0.8923117430226435	0.9593530178184637	NPC
LJP007_NPC.TAK_24H:H07	DB09053	Ibrutinib	0.19193236073197195	0.7886424512830089	0.8923125794155019	0.9593530178184637	NPC.TAK
LJP009_NPC_24H:P20	DB09074	Olaparib	-0.1639797061249446	-0.849683571282794	0.8926394749179559	0.9593530178184637	NPC
LJP008_NPC.TAK_24H:D19	DB13978	Selisistat	-0.16932850788089945	-0.840906181439451	0.8928358208955224	0.9593530178184637	NPC.TAK
NMH001_NPC_24H:BRD-K58550667-001-05-3:10	DB12731	Daporinad	-0.1713469739816383	-0.7923672574554013	0.8929810813836337	0.9593530178184637	NPC
CPC014_NEU_24H:BRD-K05396879-001-05-9:10	DB08435	(5E,14E)-11-oxoprosta-5,9,12,14-tetraen-1-oic acid	-0.17069745680978707	-0.8518300906747203	0.8929924242424242	0.9593530178184637	NEU
LJP007_NPC_24H:I19	DB13005	Rebastinib	0.18631389676405152	0.7957690050465082	0.893035089579137	0.9593530178184637	NPC
NMH002_NEU_6H:BRD-K52313696-001-10-7:10	DB12291	Tacedinaline	-0.18144090820743142	-0.8232610568024425	0.8932394779293151	0.9593530178184637	NEU
LJP009_NPC.CAS9_24H:L19	DB12588	AZD-1480	-0.17256916036271058	-0.8434974787470036	0.8936885669943093	0.9593530178184637	NPC.CAS9
LJP009_NPC.TAK_24H:D06	DB11775	PF-03758309	-0.18217531359547198	-0.7992715895913662	0.8938277569754801	0.9593530178184637	NPC.TAK
NMH002_NEU_24H:BRD-K66956375-001-09-7:10	DB16495	Oleic monoethanolamide	0.16983171619856768	0.8253218767363787	0.8938609467455622	0.9593530178184637	NEU
LJP007_JURKAT_24H:P16	DB05294	Vandetanib	0.17758796964391038	0.8108466358794274	0.8939658648031179	0.9593530178184637	JURKAT
CPC017_NPC_24H:BRD-K08287586-001-08-5:10	DB14084	Butylparaben	0.1753137648194835	0.822135463170846	0.8939883645765999	0.9593530178184637	NPC
LJP007_JURKAT_24H:D10	DB08875	Cabozantinib	-0.16478024065488908	-0.8497075249890976	0.89419795221843	0.9593530178184637	JURKAT
CPC006_SKM1_6H:BRD-K76188144-001-01-2:160	DB08263	N-(carboxycarbonyl)-D-phenylalanine	0.16416430357618733	0.8559920523609844	0.8943661971830986	0.9593530178184637	SKM1
LJP007_JURKAT_24H:I20	DB13005	Rebastinib	-0.17900090217077388	-0.8022263772372218	0.8945540255551421	0.9593530178184637	JURKAT
LJP007_NPC.CAS9_24H:K03	DB12064	BMS-777607	0.1721336010534689	0.821565268533339	0.8946173800259404	0.9593530178184637	NPC.CAS9
LJP009_NPC.TAK_24H:E18	DB13113	JNJ-38877605	-0.17178921640330677	-0.8297746458720433	0.8946179129005751	0.9593530178184637	NPC.TAK
LJP007_JURKAT_24H:F02	DB12848	PF-04217903	-0.1763282196111131	-0.8196351239607232	0.8946968545813706	0.9593530178184637	JURKAT
LPROT003_NPC_6H:D07	DB09073	Palbociclib	-0.17287640035852864	-0.8272352921134072	0.8954207920792079	0.9599447730610878	NPC
CPC006_THP1_6H:BRD-K50128260-001-01-6:160	DB00203	Sildenafil	0.1689787540861326	0.8265641943934915	0.8961196443007275	0.9602528410810418	THP1
NMH002_NPC_6H:BRD-K86465814-001-04-5:10	DB06926	(9Z,11E,13S)-13-hydroxyoctadeca-9,11-dienoic acid	0.17116439390598148	0.8039249861618061	0.8962019052332055	0.9602528410810418	NPC
AML001_HL60_6H:BRD-A19037878:1.11111	DB04297	Trichostatin A	-0.17654891756188815	-0.8363088407423653	0.8962245103977388	0.9602528410810418	HL60
CPC017_NPC_24H:BRD-K67277431-002-03-0:10	DB13327	Picotamide	-0.15451707109290355	-0.851265443368156	0.8967861557478368	0.960670115767508	NPC
LJP009_NPC.TAK_24H:K22	DB12432	CC-401	-0.17763341611703456	-0.8141326467854482	0.8970942593905031	0.9608126792928176	NPC.TAK
CPC013_NPC_24H:BRD-K63068307-001-01-4:10	DB12904	ZSTK-474	-0.1620065035636944	-0.847790964547175	0.8974250738708316	0.9608126792928176	NPC
NMH002_NPC_6H:BRD-A56798952-001-01-5:1	DB06733	Bafilomycin A1	0.17650127755389405	0.8223186138810104	0.8974358974358975	0.9608126792928176	NPC
CPC014_NEU_24H:BRD-K86930074-001-01-9:10	DB04849	Cediranib	0.17824949382010175	0.7952720392758816	0.8977722492366844	0.9609552583061434	NEU
NMH001_NPC_24H:BRD-K25075681-001-01-2:10	DB06455	Meclinertant	-0.15493980838079938	-0.8558639501299885	0.8979135618479881	0.9609552583061434	NPC
CPC018_NPC_24H:BRD-A18917088-001-03-1:10	DB00783	Estradiol	0.17277611597875317	0.8054978947551942	0.8983200707338639	0.9611378512944507	NPC
LJP009_NPC.TAK_24H:B11	DB12242	AZD-7762	-0.17456934451996992	-0.812505980769036	0.8984287317620651	0.9611378512944507	NPC.TAK
LJP008_NPC.CAS9_24H:I09	DB11830	Mocetinostat	-0.1779703555059403	-0.824214161975893	0.8991336633663366	0.961301315592409	NPC.CAS9
CPC017_NPC_24H:BRD-K30240666-051-08-4:10	DB00283	Clemastine	0.17712150963550066	0.801341576764594	0.8991394583649709	0.961301315592409	NPC
LJP008_NPC.TAK_24H:D22	DB13978	Selisistat	0.18593404686524442	0.7837298721765602	0.899492604987585	0.961301315592409	NPC.TAK
CPC006_WSUDLCL2_6H:BRD-K08316444-001-04-3:0.63	DB11457	Rotenone	-0.17097094009658026	-0.8251100128399335	0.8997545780630546	0.961301315592409	WSUDLCL2
LJP009_NPC.CAS9_24H:D04	DB11775	PF-03758309	-0.18456774738613455	-0.8082155949037215	0.8999003274953723	0.961301315592409	NPC.CAS9
LJP007_NPC.TAK_24H:E11	DB05913	OSI-930	0.17924415203459948	0.8075742467654375	0.900271985494107	0.961301315592409	NPC.TAK
LJP009_NPC_24H:B18	DB11805	Saracatinib	-0.1766089692653808	-0.8031794590134532	0.9005270092226614	0.961301315592409	NPC
AML001_HL60_6H:BRD-A75409952:0.37037	DB08059	Wortmannin	0.17912005454407576	0.7898554436752055	0.9005355776587605	0.961301315592409	HL60
LPROT001_NPC.TAK_6H:K22	DB00877	Sirolimus	-0.17236258506698046	-0.8266091787266109	0.9009527590313616	0.961301315592409	NPC.TAK
NMH002_NEU_24H:BRD-K43164539-001-09-9:10	DB02659	Cholic Acid	-0.17883964678838274	-0.7762581321491302	0.9009561421741842	0.961301315592409	NEU
LJP007_NPC.CAS9_24H:M19	DB12874	Quizartinib	-0.18297165258612247	-0.8033505808499461	0.900987525987526	0.961301315592409	NPC.CAS9
CPC006_U937_6H:BRD-A58280226-001-01-2:4	DB08756	Y-27632	0.16739024031716904	0.8228772514760833	0.9009998360924438	0.961301315592409	U937
CPC017_NPC_24H:BRD-K68246049-001-01-4:10	DB02877	Arotinoid acid	-0.1696479266117958	-0.8336556722161852	0.9013248058474189	0.961301315592409	NPC
NMH002_NPC_6H:BRD-K33127281-001-02-3:10	DB00210	Adapalene	-0.17845655365004348	-0.7926411624042621	0.9013276327632763	0.961301315592409	NPC
NMH002_NEU_6H:BRD-K02404261-001-12-6:10	DB00201	Caffeine	-0.1726342921646172	-0.7856133446032366	0.9015739303923742	0.961301315592409	NEU
LJP007_NPC.CAS9_24H:M02	DB07794	5-(2-PHENYLPYRAZOLO[1,5-A]PYRIDIN-3-YL)-1H-PYRAZOLO[3,4-C]PYRIDAZIN-3-AMINE	-0.17440501903909236	-0.7990136959434024	0.9016715830875123	0.961301315592409	NPC.CAS9
LJP009_NPC.TAK_24H:B08	DB12242	AZD-7762	0.18849656242251353	0.7782800981813686	0.9016916693265241	0.961301315592409	NPC.TAK
CPC016_NEU_24H:BRD-K93460210-001-09-6:10	DB00555	Lamotrigine	-0.18113338514029464	-0.7911273046274715	0.9017675050985724	0.961301315592409	NEU
NMH001_NPC_6H:BRD-K89997465-001-08-7:10	DB00477	Chlorpromazine	0.17850626406932693	0.7807434615900699	0.9018553658022349	0.961301315592409	NPC
NMH002_NEU_24H:BRD-K89732114-300-10-5:10	DB00831	Trifluoperazine	-0.16954174987951784	-0.8368855744009224	0.9027710257656781	0.9620268755619603	NEU
CPC015_NPC_24H:BRD-A49447682-001-01-6:10	DB00547	Desoximetasone	-0.16410719742315946	-0.8445444273373256	0.9029754204398448	0.9620268755619603	NPC
CPC015_NPC_24H:BRD-K92731339-227-03-1:10	DB00790	Perindopril	0.16960137861870822	0.8383996340471797	0.9031976744186047	0.9620268755619603	NPC
LJP007_NPC.CAS9_24H:P04	DB09054	Idelalisib	0.1702010646726674	0.8262310847583404	0.9032258064516129	0.9620268755619603	NPC.CAS9
CPC015_NPC_24H:BRD-K29458283-001-17-4:10	DB00291	Chlorambucil	0.16747957634853505	0.8415606897950836	0.9035016286644951	0.9621369700933801	NPC
CPC006_U937_6H:BRD-K19295594-001-08-5:11.1	DB13044	Gossypol	-0.17245767912965748	-0.8165828852963483	0.9037227214377407	0.9621887524620526	U937
LJP007_NPC_24H:B12	DB07970	5-[(2-methyl-5-{[3-(trifluoromethyl)phenyl]carbamoyl}phenyl)amino]pyridine-3-carboxamide	-0.18363902217342967	-0.7826646754061046	0.904296455424275	0.9626158986475921	NPC
LJP008_NPC.TAK_24H:I03	DB16239	Molibresib	0.1658787388230419	0.8373935842350319	0.9046233430326543	0.9627801661158296	NPC.TAK
CPC006_THP1_6H:BRD-A45889380-300-04-8:10	DB01103	Quinacrine	0.16815796034805996	0.8377791369631172	0.9050184292599943	0.9630169400803945	THP1
CPC006_U937_6H:BRD-K76964878-001-01-8:24	DB13978	Selisistat	0.17320483016853708	0.8127398113894136	0.9053581828771112	0.9631947563446613	U937
LJP008_NEU_24H:H17	DB11841	Entinostat	0.1709875883721999	0.8367447584807203	0.9058122205663189	0.9633112049747213	NEU
AML001_U937_6H:BRD-K19706299:10	DB00374	Treprostinil	-0.17188038451310775	-0.8146818881663597	0.9058129738837405	0.9633112049747213	U937
CPC018_NPC_24H:BRD-K77947974-001-10-6:10	DB04842	Fluspirilene	0.16934925419797742	0.8186800582770041	0.9063331559340074	0.9636807083963841	NPC
LJP007_NEU_24H:I06	DB01268	Sunitinib	0.16875931625236146	0.8237451390793715	0.9073033707865169	0.9645284881131817	NEU
LPROT003_NPC_6H:P09	DB02546	Vorinostat	0.18285137478688285	0.7852979401113179	0.9083388484447386	0.9654453106254899	NPC
AML001_U937_24H:BRD-K26684619:1.11111	DB08784	2-(4-CHLORO-PHENYLAMINO)-NICOTINIC ACID	0.16939164921894487	0.8064641814435052	0.9085844879302957	0.9655224491739275	U937
LJP007_NPC.TAK_24H:I14	DB11526	Masitinib	0.16450966205684606	0.8386466283274002	0.9088078291814946	0.9655758672640561	NPC.TAK
CPC013_NPC_24H:BRD-K16478699-001-01-9:10	DB06999	PLX-4720	-0.1743001672008472	-0.807813383119846	0.9090269966254219	0.9656248313353444	NPC
LJP007_NPC.TAK_24H:D04	DB12494	SGI-1776	-0.15600358563916417	-0.8548439109431248	0.9103139013452914	0.9665351297793496	NPC.TAK
LJP007_NPC.TAK_24H:F15	DB12247	AZD-4547	0.17592781547457872	0.8038458388502121	0.9103362391033624	0.9665351297793496	NPC.TAK
NMH002_NEU_24H:BRD-K93258693-001-13-2:10	DB07863	2-chloro-5-nitro-N-phenylbenzamide	-0.16589435694255353	-0.8355885643171294	0.910403675746636	0.9665351297793496	NEU
LJP008_NEU_24H:G08	DB02546	Vorinostat	-0.18399454426814527	-0.7933254392221895	0.910598753087872	0.9665583035535079	NEU
NMH002_NEU_24H:BRD-K01638814-050-01-2:10	DB11738	Rilmenidine	-0.16164212036549297	-0.8255482516493134	0.9109701667841202	0.9666026221782069	NEU
LJP009_NPC_24H:G14	DB01254	Dasatinib	-0.16503760576904514	-0.8395602831752688	0.9112554112554112	0.9666026221782069	NPC
CPC006_WSUDLCL2_6H:BRD-K41895714-001-02-2:10	DB04769	5-QUINOXALIN-6-YLMETHYLENE-THIAZOLIDINE-2,4-DIONE	0.1739293727748514	0.7979687170511847	0.9115384615384615	0.9666026221782069	WSUDLCL2
LPROT002_NPC.TAK_6H:E08	DB12463	Semagacestat	-0.17296345016706444	-0.8105222451148032	0.9115765909817717	0.9666026221782069	NPC.TAK
NMH002_NPC_6H:BRD-K22429181-001-12-6:10	DB00162	Vitamin A	0.167493476093353	0.8298181550290826	0.9117413199045852	0.9666026221782069	NPC
CPC006_NOMO1_6H:BRD-A23770159-001-02-3:11.1	DB00877	Sirolimus	0.1753922545501488	0.7730907289553577	0.9117647058823529	0.9666026221782069	NOMO1
LJP009_NPC.CAS9_24H:L23	DB12588	AZD-1480	0.1729632415044096	0.7898942862225745	0.9118533071381795	0.9666026221782069	NPC.CAS9
CPC016_NPC_24H:BRD-K35708212-331-03-1:10	DB01092	Ouabain	0.17163830541098113	0.7861075046725933	0.9129290617848971	0.9675591253225571	NPC
CPC006_WSUDLCL2_6H:BRD-K53414658-001-01-7:10	DB11800	Tivozanib	-0.1714035216509496	-0.821677582356639	0.9131797235023041	0.9676409643721471	WSUDLCL2
LPROT001_NPC.TAK_6H:C20	DB02709	Resveratrol	0.1661992821052102	0.8344116901373513	0.913659793814433	0.9679658165003269	NPC.TAK
NMH002_NPC_6H:BRD-K01507359-001-11-2:10	DB01045	Rifampicin	-0.15994660784974685	-0.8309705841426049	0.9141104294478528	0.9682593669811222	NPC
NMH002_NEU_6H:BRD-K98530306-003-13-4:10	DB00575	Clonidine	-0.16236568461052647	-0.7876800509966162	0.9146779574031306	0.9686321328600289	NEU
LJP007_NEU_24H:G14	DB01254	Dasatinib	-0.16983514757428522	-0.8316932545097547	0.9148095909732017	0.9686321328600289	NEU
LJP007_NPC_24H:P14	DB05294	Vandetanib	0.16707875903751873	0.8310192672380431	0.9153159113463447	0.9689843395448305	NPC
CPC006_SKM1_6H:BRD-K32164935-001-17-5:10	DB00839	Tolazamide	-0.1687499365548842	-0.8056619917568756	0.9158525055152852	0.9693140292155185	SKM1
LJP007_JURKAT_24H:C03	DB11800	Tivozanib	0.17012149596366083	0.816295070601984	0.9161086309523809	0.9693140292155185	JURKAT
LJP007_JURKAT_24H:P19	DB11886	Infigratinib	-0.17154196639434396	-0.8132788270313995	0.9162371134020618	0.9693140292155185	JURKAT
CPC006_U937_6H:BRD-A14395271-001-01-5:10	DB00933	Mesoridazine	0.16815084026249497	0.8000340642780579	0.9163223140495868	0.9693140292155185	U937
CPC018_NPC_24H:BRD-A34255068-001-16-2:10	DB04149	(R)-Rolipram	0.16368319228715422	0.8052559650390042	0.9167053005717818	0.9695353311639755	NPC
LJP008_NEU_24H:M02	DB02709	Resveratrol	0.14418403132564928	0.8510566951820165	0.9169096209912536	0.9695676223484087	NEU
CPC017_NPC_24H:BRD-A37704979-001-04-0:10	DB08521	4-[4-(4-Fluorophenyl)-2-[4-[(R)-methylsulfinyl]phenyl]-1H-imidazol-5-yl]pyridine	-0.17354085831670646	-0.7732749057081131	0.9172757475083056	0.9697021783066663	NPC
NMH001_NPC_24H:BRD-K12807006-001-14-4:10	DB01852	Kaempherol	0.16021281644915628	0.8319997601341346	0.9173844949099452	0.9697021783066663	NPC
LPROT001_NPC.TAK_6H:G14	DB05015	Belinostat	0.16364671233058437	0.8262308122030584	0.9182473951375901	0.9704089958054279	NPC.TAK
CPC006_U937_6H:BRD-K47335880-001-01-3:0.08	DB12980	CHS-828	-0.17115299726753316	-0.8127108284797102	0.918401057152296	0.9704089958054279	U937
LJP007_JURKAT_24H:I10	DB06589	Pazopanib	0.17389487587460156	0.7964197878985082	0.918700320736299	0.9705413916659368	JURKAT
LJP009_NPC.TAK_24H:L12	DB05984	RAF-265	0.16809188266841146	0.8231248969945332	0.919069296914517	0.9707473698383359	NPC.TAK
CPC006_SKM1_6H:BRD-A35588707-001-03-0:1.25	DB00444	Teniposide	0.16495627516362216	0.7757131228657907	0.9202213511643994	0.9715807783677831	SKM1
LJP008_NEU_24H:M18	DB01262	Decitabine	-0.1591582787913127	-0.809405825126232	0.9203338391502276	0.9715807783677831	NEU
LJP007_NEU_24H:L08	DB11836	Sapanisertib	0.17322745462153902	0.7715945241575096	0.9203807875378623	0.9715807783677831	NEU
LJP008_NPC.TAK_24H:C11	DB13877	Iniparib	0.16513814252222725	0.8176700212664577	0.9217996786288163	0.97217649813199	NPC.TAK
LJP009_NPC.TAK_24H:K09	DB11962	GSK-1059615	0.18015860428698127	0.7739462515277005	0.9220580186097428	0.97217649813199	NPC.TAK
LJP007_NPC.CAS9_24H:J21	DB03044	Doramapimod	0.16156186355790034	0.8303108584083103	0.9223021582733812	0.97217649813199	NPC.CAS9
CPC016_NPC_24H:BRD-K59058766-003-15-1:10	DB01239	Chlorprothixene	0.18400338869787425	0.7639386353522117	0.922341939418581	0.97217649813199	NPC
DOSBIO001_NEU_24H:BRD-A90490067:3.33333	DB00947	Fulvestrant	-0.1710900019962438	-0.8129479503446027	0.9225181598062954	0.97217649813199	NEU
LJP007_NEU_24H:P11	DB07859	4-(4-CHLOROPHENYL)-4-[4-(1H-PYRAZOL-4-YL)PHENYL]PIPERIDINE	-0.1814390001014495	-0.7722113593810574	0.9226137377341659	0.97217649813199	NEU
CPC013_NEU_24H:BRD-A47706533-001-01-8:10	DB12870	Buthionine sulfoximine	-0.17101461558056286	-0.8007630048994452	0.923007923456421	0.97217649813199	NEU
LJP008_NPC.TAK_24H:G09	DB02546	Vorinostat	-0.17372550798137065	-0.7887983588864291	0.923146590762065	0.97217649813199	NPC.TAK
LJP007_NPC.CAS9_24H:G08	DB11963	Dacomitinib	0.17834826243274585	0.7835120875600762	0.9232890448734019	0.97217649813199	NPC.CAS9
LJP009_NPC.TAK_24H:D05	DB11775	PF-03758309	0.17711413281760988	0.8217139703713467	0.9235622421742296	0.97217649813199	NPC.TAK
LPROT002_NPC.TAK_6H:O12	DB02546	Vorinostat	-0.1733302538471281	-0.7986048953198657	0.9237325495958854	0.97217649813199	NPC.TAK
LJP007_JURKAT_24H:A16	DB12742	Amuvatinib	0.1665934781863192	0.823121062296457	0.9237518278671402	0.97217649813199	JURKAT
LJP007_NPC_24H:I22	DB13005	Rebastinib	-0.16002364156815516	-0.8428313927555201	0.9237749546279492	0.97217649813199	NPC
CPC014_NEU_24H:BRD-K19687926-379-01-7:10	DB01259	Lapatinib	0.175999796324122	0.7877863888370761	0.9238131699846861	0.97217649813199	NEU
CPC006_U937_6H:BRD-K81418486:10	DB02546	Vorinostat	0.16818704305701096	0.8176789180267391	0.9240374609781478	0.97217649813199	U937
LJP009_NEU_24H:I21	DB11363	Alectinib	-0.1662539276021733	-0.8177360316809218	0.9243677617584496	0.97217649813199	NEU
LJP007_JURKAT_24H:K12	DB11962	GSK-1059615	0.17698009069416842	0.7847949801391546	0.9244657332350774	0.97217649813199	JURKAT
CPC006_WSUDLCL2_6H:BRD-A84481105-003-17-2:10	DB00679	Thioridazine	0.1772824868666171	0.776144231875829	0.9247787610619469	0.97217649813199	WSUDLCL2
LJP007_NPC.TAK_24H:L07	DB11836	Sapanisertib	-0.15729136285109332	-0.8442405476054999	0.9248366013071896	0.97217649813199	NPC.TAK
NMH001_NEU_24H:BRD-K58550667-001-05-3:10	DB12731	Daporinad	0.16093695146610107	0.8164406863073846	0.9250828729281768	0.97217649813199	NEU
LJP007_NPC.CAS9_24H:E12	DB05913	OSI-930	0.17497536795819466	0.7884469777536606	0.9250941366325982	0.97217649813199	NPC.CAS9
CPC014_NPC_24H:BRD-A19500257:10	DB02424	Geldanamycin	0.17146414795642326	0.7628211917189652	0.9251700680272109	0.97217649813199	NPC
LJP008_NPC.CAS9_24H:H13	DB11841	Entinostat	0.1691345763119076	0.8175567331793744	0.9255342110943233	0.97217649813199	NPC.CAS9
LJP007_NPC.CAS9_24H:I16	DB11526	Masitinib	0.16553263599492368	0.8035606123214147	0.9257131130720295	0.97217649813199	NPC.CAS9
CPC018_NPC_24H:BRD-K43887077-001-02-8:10	DB00988	Dopamine	0.16652578807302426	0.8058810188867397	0.9257616660239105	0.97217649813199	NPC
CPC017_NPC_24H:BRD-K76133116-001-01-2:10	DB02464	Benzylamine	-0.17600752720435447	-0.758740586499757	0.9258870459794247	0.97217649813199	NPC
CPC016_NPC_24H:BRD-K99621550-003-03-4:10	DB01199	Tubocurarine	0.15381750911486655	0.8432421760906449	0.92625	0.97217649813199	NPC
LJP007_NEU_24H:D19	DB06616	Bosutinib	0.1619673423398982	0.8013443122044909	0.9264523005862498	0.97217649813199	NEU
NMH002_NPC_24H:BRD-A56798952-001-01-5:1	DB06733	Bafilomycin A1	-0.17655338803388712	-0.7897564027943653	0.9266561514195584	0.97217649813199	NPC
LJP009_NEU_24H:L12	DB05984	RAF-265	-0.17671780092465603	-0.7660395529823242	0.9266813671444322	0.97217649813199	NEU
NMH002_NEU_24H:BRD-K91509126-001-19-4:10	DB08399	Piceatannol	0.1750138702518636	0.770858447004819	0.9267905711695377	0.97217649813199	NEU
LJP009_NEU_24H:G12	DB08521	4-[4-(4-Fluorophenyl)-2-[4-[(R)-methylsulfinyl]phenyl]-1H-imidazol-5-yl]pyridine	-0.16561270131313713	-0.8272255673526313	0.9268443893366398	0.97217649813199	NEU
DOSBIO001_NPC_24H:BRD-K81418486:3.33333	DB02546	Vorinostat	0.17447811767017743	0.8027852659942871	0.9270037392293936	0.97217649813199	NPC
CPC006_PL21_6H:BRD-K48692744-001-01-2:10	DB02690	NU1025	-0.1640421770604566	-0.8121900052247666	0.9270296084049666	0.97217649813199	PL21
LPROT002_NPC.TAK_6H:I10	DB09074	Olaparib	-0.16808264330755632	-0.8065657627763713	0.9271269177126917	0.97217649813199	NPC.TAK
LJP007_NEU_24H:B11	DB07970	5-[(2-methyl-5-{[3-(trifluoromethyl)phenyl]carbamoyl}phenyl)amino]pyridine-3-carboxamide	-0.156342017381481	-0.8160498030280035	0.9272183449651047	0.97217649813199	NEU
LJP009_NEU_24H:G13	DB01254	Dasatinib	0.19673150699949354	0.7626528199177579	0.927932506607034	0.972742475452958	NEU
LJP007_NPC.TAK_24H:M15	DB07460	2-({5-CHLORO-2-[(2-METHOXY-4-MORPHOLIN-4-YLPHENYL)AMINO]PYRIMIDIN-4-YL}AMINO)-N-METHYLBENZAMIDE	0.1716623842610588	0.8000950324953375	0.9282042778975295	0.9728445738099412	NPC.TAK
LJP008_NPC.TAK_24H:D06	DB09074	Olaparib	0.1695709481204455	0.805481056548357	0.9287823519194025	0.9732676073174956	NPC.TAK
AML001_U937_6H:BRD-K43389675:3.33333	DB00694	Daunorubicin	0.16803054354301417	0.8142122484975988	0.9293589220089833	0.9736889062700691	U937
NMH001_NPC_6H:BRD-K60511616-001-01-2:10	DB00175	Pravastatin	0.16732033645373298	0.8060376216411597	0.9303335306887704	0.9745128225804461	NPC
LJP009_NPC_24H:I24	DB11363	Alectinib	-0.1643487482518648	-0.8077894519159007	0.9304946775203506	0.9745128225804461	NPC
CPC018_NPC_24H:BRD-K30816563-003-01-1:10	DB00863	Ranitidine	-0.16089733147694016	-0.8368288180659923	0.9317226890756303	0.9754677267636643	NPC
LJP008_NPC.TAK_24H:I05	DB16239	Molibresib	-0.1686380865838553	-0.7796157577692711	0.9317561419472248	0.9754677267636643	NPC.TAK
LJP007_NPC.TAK_24H:K06	DB12064	BMS-777607	-0.1657436436075741	-0.7731121810868524	0.9322916666666666	0.9758392017886748	NPC.TAK
LJP009_NPC.CAS9_24H:M16	DB06314	SGX-523	0.16996826048620306	0.7819836461859595	0.9325574873808189	0.9758392017886748	NPC.CAS9
CPC015_NPC_24H:BRD-K88429204-001-18-7:10	DB00205	Pyrimethamine	-0.17430039678559348	-0.7599686496309077	0.9326357096141269	0.9758392017886748	NPC
LJP008_NPC.TAK_24H:K12	DB11962	GSK-1059615	0.17320292303829915	0.7853876322555706	0.9333234772324068	0.9763396362623167	NPC.TAK
NMH001_NPC_6H:BRD-A47564106-001-07-5:10	DB12161	Deutetrabenazine	-0.16928862482607124	-0.7729204697552728	0.9334675032555937	0.9763396362623167	NPC
CPC015_NPC_24H:BRD-K57718010-001-08-5:10	DB13415	Pentetrazol	-0.16580789488470343	-0.8080417154760682	0.9336389961389961	0.9763396362623167	NPC
CPC006_THP1_6H:BRD-K71799949-001-20-8:96	DB00564	Carbamazepine	-0.16324445639577667	-0.812410353578335	0.9338862559241706	0.9763812427440656	THP1
LJP009_NPC.TAK_24H:K12	DB11962	GSK-1059615	-0.1533903429943304	-0.8288226890377339	0.9341397849462365	0.9763812427440656	NPC.TAK
CPC015_NPC_24H:BRD-A14966924-001-03-0:10	DB13233	Alaproclate	0.14183272254279433	0.823543176586258	0.9342245989304813	0.9763812427440656	NPC
LJP007_NEU_24H:M16	DB07460	2-({5-CHLORO-2-[(2-METHOXY-4-MORPHOLIN-4-YLPHENYL)AMINO]PYRIMIDIN-4-YL}AMINO)-N-METHYLBENZAMIDE	0.17790927708570498	0.7591896598638007	0.9343788232677122	0.9763812427440656	NEU
CPC006_U937_6H:BRD-K56343971-001-02-3:10	DB08881	Vemurafenib	0.1684841779192719	0.7945249242485064	0.9362225295835255	0.9781246240723761	U937
LJP008_NEU_24H:L13	DB08756	Y-27632	-0.16484293440790457	-0.81393029064568	0.9368882019577537	0.9786368243254648	NEU
CPC006_THP1_6H:BRD-K15108141-001-01-7:0.08	DB00441	Gemcitabine	-0.16620814819697213	-0.8033951698060003	0.937386386588568	0.9789739144098879	THP1
CPC006_U937_6H:BRD-A58048407-001-10-5:10	DB00393	Nimodipine	0.17001943913288628	0.7790791619862548	0.9375910957996555	0.9790044401022419	U937
NMH002_NPC_24H:BRD-K59773493-001-01-9:10	DB01924	Benzhydroxamic Acid	0.16406686548757493	0.8124092736855397	0.938475665748393	0.9796588893629474	NPC
NMH002_NEU_24H:BRD-A16694057-001-05-0:10	DB14083	Bisphenol A diglycidyl ether	-0.16888064472473102	-0.8016862658423798	0.9389034998988468	0.9796588893629474	NEU
LJP008_NEU_24H:A21	DB11740	MK-1775	0.16766598442923944	0.7511716391534944	0.9389228206551916	0.9796588893629474	NEU
LJP009_NPC.TAK_24H:K07	DB11962	GSK-1059615	-0.1519573340960373	-0.8323651099183704	0.9391965255157437	0.9796588893629474	NPC.TAK
LJP007_NEU_24H:P18	DB05294	Vandetanib	0.1663894506377392	0.814786607940318	0.939384979302188	0.9796588893629474	NEU
LJP009_NPC.CAS9_24H:H10	DB08912	Dabrafenib	0.17390950127482693	0.7652656615416299	0.9394385026737968	0.9796588893629474	NPC.CAS9
CPC006_NOMO1_6H:BRD-K68185022-001-06-4:70.07	DB15588	Ursolic acid	0.16795878158089525	0.7704476533039538	0.9395658608781451	0.9796588893629474	NOMO1
CPC006_U937_6H:BRD-K02113016-001-01-4:44.4	DB09074	Olaparib	0.16156729282779247	0.8184533106099667	0.939622641509434	0.9796588893629474	U937
NMH001_NPC_6H:BRD-K88611939-001-18-2:10	DB04599	Aniracetam	-0.1682302579544775	-0.7953489021969301	0.9399328859060403	0.9797992470982434	NPC
LJP007_NPC.CAS9_24H:I08	DB06589	Pazopanib	-0.16575248051480201	-0.7871143713667256	0.9402939839369602	0.9798420147299948	NPC.CAS9
LJP007_JURKAT_24H:G12	DB11963	Dacomitinib	0.164596811013799	0.7903518669197567	0.9403251742004646	0.9798420147299948	JURKAT
LJP008_NPC.CAS9_24H:O05	DB07101	PD-0325901	-0.16706232784330122	-0.8005927040065373	0.940799006416891	0.9801526903454406	NPC.CAS9
NMH002_NPC_24H:BRD-K75516118-001-02-5:10	DB04149	(R)-Rolipram	-0.1694045879372511	-0.7583925457256112	0.9415850603507174	0.9807884711905624	NPC
CPC016_NEU_24H:BRD-K33453211-003-03-2:10	DB01106	Levocabastine	-0.16891591146531998	-0.7657620033788366	0.942364824717766	0.9813527717010821	NEU
CPC015_NPC_24H:BRD-A08187463-001-03-8:10	DB11696	Racecadotril	0.1734312637397792	0.7725445270000969	0.9425053940855439	0.9813527717010821	NPC
CPC006_SKM1_6H:BRD-K81418486:10	DB02546	Vorinostat	0.16977986419502497	0.8010930168469962	0.9426545086119554	0.9813527717010821	SKM1
CPC014_NPC_24H:BRD-K81783531-001-01-4:10	DB11954	Lomibuvir	-0.1684198616296873	-0.7678014643637333	0.9432570928633921	0.9817885658513434	NPC
NMH002_NPC_6H:BRD-K98530306-003-13-4:10	DB00575	Clonidine	-0.16079319875338163	-0.7481131108849406	0.9434250764525994	0.9817885658513434	NPC
CPC014_NEU_24H:BRD-K05104363-001-04-3:10	DB12429	CI-1040	-0.1614225097989542	-0.8115567056836184	0.943698468786808	0.9818334950042635	NEU
LJP007_NPC.TAK_24H:P21	DB11886	Infigratinib	0.16343935695243814	0.7813812855045187	0.9438202247191011	0.9818334950042635	NPC.TAK
LJP007_NPC.TAK_24H:M03	DB07794	5-(2-PHENYLPYRAZOLO[1,5-A]PYRIDIN-3-YL)-1H-PYRAZOLO[3,4-C]PYRIDAZIN-3-AMINE	-0.17685827073672128	-0.7453666565660539	0.9445376389180121	0.9823966233265454	NPC.TAK
CPC006_THP1_6H:BRD-K60623809-001-02-0:10	DB08009	SU-11652	0.17953429651961364	0.7431850128727736	0.9452862808908776	0.9829920151146704	THP1
LJP008_NPC.TAK_24H:H16	DB11841	Entinostat	-0.17460005540459467	-0.7607315078700039	0.9459553292443005	0.9833065150563151	NPC.TAK
LJP008_NEU_24H:A22	DB11740	MK-1775	0.1715799477880713	0.7751216183818488	0.9459991562368162	0.9833065150563151	NEU
KHW001_SKM1_6H:BRD-A37630846-001-02-2:1	DB00694	Daunorubicin	0.16164019761204795	0.7689842438292084	0.9461174713787954	0.9833065150563151	SKM1
NMH002_NPC_6H:BRD-K54028654-001-01-8:10	DB12310	Trehalose	-0.16622142697879816	-0.7436524172296488	0.9463050993949871	0.9833183366594586	NPC
LJP007_NPC_24H:C01	DB11800	Tivozanib	0.170458329627311	0.7541530027420115	0.9468806509945751	0.9836013136991534	NPC
LJP009_NPC.CAS9_24H:I23	DB11363	Alectinib	-0.16741157038170915	-0.7606102721849514	0.9469300333174678	0.9836013136991534	NPC.CAS9
CPC006_THP1_6H:BRD-K80738081-001-21-1:10	DB02709	Resveratrol	-0.16417075921613922	-0.7956588671230482	0.9478196049198658	0.9841659826721386	THP1
LJP008_NPC_24H:J08	DB05223	Pracinostat	-0.16668620721198324	-0.7996355258837454	0.9478433098591549	0.9841659826721386	NPC
LJP008_NPC.CAS9_24H:M01	DB02709	Resveratrol	-0.1709513672463158	-0.7556151644447662	0.9480968858131488	0.9841659826721386	NPC.CAS9
LJP007_NPC.TAK_24H:G16	DB01254	Dasatinib	0.1691676537688419	0.7615357317878447	0.9481792717086834	0.9841659826721386	NPC.TAK
NMH002_NPC_6H:BRD-K67102207-236-03-6:10	DB06819	Phenylbutyric acid	-0.16780209338465202	-0.7324648086705975	0.9486833920796185	0.9842905161058395	NPC
LJP007_NPC.CAS9_24H:P12	DB07859	4-(4-CHLOROPHENYL)-4-[4-(1H-PYRAZOL-4-YL)PHENYL]PIPERIDINE	-0.17270629066478466	-0.7408697026896666	0.9487432773570409	0.9842905161058395	NPC.CAS9
NMH002_NEU_24H:BRD-K64994968-001-24-2:10	DB00396	Progesterone	-0.17269940804217868	-0.7570800262165742	0.9488285347942651	0.9842905161058395	NEU
CPC006_SKM1_6H:BRD-K48692744-001-01-2:10	DB02690	NU1025	-0.16124117387650408	-0.7559957585071689	0.9497282608695652	0.985040707825117	SKM1
LJP007_NPC.TAK_24H:I04	DB01268	Sunitinib	0.15209940693956708	0.8116233702483349	0.9501495513459621	0.9852944882823649	NPC.TAK
LJP008_NPC_24H:G24	DB00928	Azacitidine	0.16562383888914545	0.7822310824147698	0.950693131695022	0.985674964082239	NPC
LJP007_JURKAT_24H:N18	DB09330	Osimertinib	0.1621329790686195	0.791263615624177	0.9511090991398823	0.9857731492989807	JURKAT
CPC006_THP1_6H:BRD-K78513633-001-07-4:177.6	DB06266	Lonidamine	-0.1624794392431357	-0.7831403748749504	0.9512619669277633	0.9857731492989807	THP1
LJP007_NPC_24H:J24	DB03044	Doramapimod	0.16175806526105413	0.7953879708798572	0.9513179128563743	0.9857731492989807	NPC
CPC018_NPC_24H:BRD-K90259198-003-07-1:10	DB04513	N-(6-Aminohexyl)-5-Chloro-1-Naphthalenesulfonamide	-0.1777487435320689	-0.7340922640669971	0.9518832781456954	0.9860235811149952	NPC
LJP007_NEU_24H:I10	DB06589	Pazopanib	-0.1637684730716938	-0.8105646743288061	0.952161002969317	0.9860235811149952	NEU
NMH002_NPC_24H:BRD-K98530306-003-13-4:10	DB00575	Clonidine	-0.15888472487612132	-0.7429079387962869	0.952291135027183	0.9860235811149952	NPC
NMH001_NEU_6H:BRD-K89997465-001-08-7:10	DB00477	Chlorpromazine	-0.15865707141951962	-0.8058137330089562	0.9523632303684406	0.9860235811149952	NEU
CPC015_NPC_24H:BRD-A55913614-316-06-2:10	DB01087	Primaquine	-0.16413195721455126	-0.7953627467213684	0.9525561580170411	0.9860235811149952	NPC
CPC014_NPC_24H:BRD-K79404599-001-03-6:10	DB06486	Enzastaurin	-0.1633743328092967	-0.8021481598847922	0.9526822558459422	0.9860235811149952	NPC
LJP007_NEU_24H:I08	DB06589	Pazopanib	-0.1730563107990307	-0.7585581553337913	0.9527967603138446	0.9860235811149952	NEU
LJP009_NPC.TAK_24H:B14	DB11805	Saracatinib	-0.15177688883632603	-0.8118866786395639	0.9532710280373832	0.9861083264711848	NPC.TAK
CPC014_NPC_24H:BRD-K77908580-001-05-4:10	DB11841	Entinostat	-0.16698728912449146	-0.7698634903940725	0.953687592022487	0.9861083264711848	NPC
LJP008_NPC.TAK_24H:I10	DB11830	Mocetinostat	0.16173106435832169	0.7937475200653128	0.9541257934218119	0.9861083264711848	NPC.TAK
CPC015_NPC_24H:BRD-K52662033-003-14-7:10	DB00281	Lidocaine	-0.17635767830560473	-0.7307280419818916	0.9542463177687245	0.9861083264711848	NPC
LJP009_NPC_24H:D18	DB16108	TAK-715	0.16111250378695574	0.7782579409955456	0.9543113473999003	0.9861083264711848	NPC
LJP009_NEU_24H:P21	DB09074	Olaparib	-0.1648453048967877	-0.7337995753853547	0.9544711905021239	0.9861083264711848	NEU
LJP007_NEU_24H:I12	DB06589	Pazopanib	-0.1609811309900193	-0.7367959948433196	0.9545305138599759	0.9861083264711848	NEU
LJP009_NPC_24H:P21	DB09074	Olaparib	-0.16350060689311285	-0.7977776742701871	0.9545345200866009	0.9861083264711848	NPC
CPC013_NPC_24H:BRD-K64785675-001-01-6:10	DB05552	TG100-115	-0.1771390754230582	-0.731549142251343	0.9549188961449336	0.9861083264711848	NPC
LJP008_NPC.CAS9_24H:I08	DB11830	Mocetinostat	0.16483519297759935	0.8075414178719109	0.9552659387108137	0.9861083264711848	NPC.CAS9
AML001_U937_24H:BRD-A19037878:0.37037	DB04297	Trichostatin A	-0.15521296115480007	-0.8062302634800641	0.9553491159724303	0.9861083264711848	U937
LJP009_NPC.CAS9_24H:P23	DB09074	Olaparib	-0.1495703685260742	-0.8138458143575188	0.9554347826086956	0.9861083264711848	NPC.CAS9
CPC016_NPC_24H:BRD-A82371568-001-01-5:10	DB00631	Clofarabine	-0.16847763126936716	-0.7677372740642118	0.9554592037839968	0.9861083264711848	NPC
LJP007_NPC_24H:G09	DB11963	Dacomitinib	-0.16298898712740126	-0.7673793373623455	0.9554794520547946	0.9861083264711848	NPC
NMH002_NEU_6H:BRD-K77947974-001-14-8:10	DB04842	Fluspirilene	0.15286129131082107	0.7925099462397892	0.9555299539170506	0.9861083264711848	NEU
CPC015_NPC_24H:BRD-A43882281-001-11-4:10	DB06762	Pinacidil	-0.15577303520688035	-0.777518876048451	0.9561901671263995	0.986607165229921	NPC
CPC016_NEU_24H:BRD-A18579359-001-02-3:10	DB01731	(S)-wiskostatin	-0.16558823447278984	-0.7764652845086857	0.9565355835058111	0.9867810688570489	NEU
CPC013_NEU_24H:BRD-K46056750-001-01-3:10	DB12242	AZD-7762	0.16626588325084593	0.7674102757500025	0.9573432579444604	0.9873757247302064	NEU
CPC016_NPC_24H:BRD-K35498378-001-05-3:10	DB02020	Alrestatin	-0.16425093175753347	-0.7714985990265665	0.9576968272620446	0.9873757247302064	NPC
LJP007_JURKAT_24H:C02	DB11800	Tivozanib	0.1646245277215851	0.7518707771092178	0.9581589958158996	0.9873757247302064	JURKAT
LJP009_NEU_24H:H07	DB08912	Dabrafenib	-0.16264839860148336	-0.7445340681950513	0.9583531651594479	0.9873757247302064	NEU
CPC016_NPC_24H:BRD-K90553655-001-03-6:10	DB01420	Testosterone propionate	-0.16845758944513115	-0.7276726337666775	0.9585465176986531	0.9873757247302064	NPC
LJP007_NPC.CAS9_24H:F03	DB12848	PF-04217903	0.15976548083539982	0.7831115573896803	0.9586075143281682	0.9873757247302064	NPC.CAS9
LJP009_NPC_24H:O24	DB07232	Veliparib	-0.16240774734873084	-0.7729694327671134	0.9587395543175488	0.9873757247302064	NPC
LJP007_JURKAT_24H:D22	DB06616	Bosutinib	0.15995845368058206	0.7956412626768282	0.9587765957446809	0.9873757247302064	JURKAT
CPC015_NPC_24H:BRD-K60038276-001-03-3:10	DB01029	Irbesartan	0.1620590547791025	0.770031887403966	0.9590109525389977	0.9873757247302064	NPC
LJP008_NPC_24H:O06	DB07101	PD-0325901	-0.16513139252321213	-0.7498345087159536	0.9590942293644996	0.9873757247302064	NPC
LJP007_JURKAT_24H:B18	DB12200	Tivantinib	0.1650460316267045	0.7634248360417535	0.9591203834226106	0.9873757247302064	JURKAT
CPC015_NPC_24H:BRD-K04218075-048-03-4:10	DB06735	Enclomiphene	-0.14813148690709263	-0.7570305632249171	0.9593732667775929	0.9873757247302064	NPC
CPC016_NPC_24H:BRD-K80334323-001-03-5:10	DB09371	Norethynodrel	-0.16467629637648148	-0.7561612198061262	0.9595649392194497	0.9873757247302064	NPC
PCLB001_JURKAT_6H:BRD-A19037878-001-02-3:2.5	DB04297	Trichostatin A	-0.1664049741056425	-0.7886822407555422	0.9595897435897436	0.9873757247302064	JURKAT
NMH002_NEU_6H:BRD-A81585303-001-01-1:10	DB04944	Acadesine	0.1510120081678397	0.7991590580251196	0.9599507085643869	0.987565001490082	NEU
NMH001_NEU_24H:BRD-K49808142-001-01-1:10	DB14630	Tyramine O-sulfate	0.14671132393730194	0.8134605325523002	0.9602484472049689	0.9876891753238425	NEU
CPC006_SKM1_6H:BRD-K81651477-001-03-5:20	DB13063	Parthenolide	0.16964852014807633	0.7212086175251814	0.960530470476792	0.9877971418967784	SKM1
LJP007_NPC_24H:P19	DB11886	Infigratinib	0.16159972712636334	0.7427784943706784	0.9609796109678931	0.9880768981920154	NPC
LJP009_NPC_24H:P19	DB09074	Olaparib	0.16285176757790462	0.7501024999630417	0.9614356624665903	0.9883636559611401	NPC
LJP007_NPC.CAS9_24H:P19	DB11886	Infigratinib	0.16332092895671196	0.7500456613024707	0.9622975708502024	0.9887979309615087	NPC.CAS9
LJP009_NEU_24H:I16	DB12146	Rigosertib	-0.15801000315828706	-0.7740513629676838	0.9628278221208666	0.9887979309615087	NEU
LJP007_NPC.CAS9_24H:I09	DB06589	Pazopanib	0.1731917600431063	0.7213653332343906	0.96287101996762	0.9887979309615087	NPC.CAS9
CPC006_WSUDLCL2_6H:BRD-K40892394-001-01-9:11.1	DB07002	4-({4-[(4-methoxypyridin-2-yl)amino]piperidin-1-yl}carbonyl)benzonitrile	0.16237966401479442	0.7573107426526432	0.9630124182133796	0.9887979309615087	WSUDLCL2
LJP008_NEU_24H:K09	DB11962	GSK-1059615	0.17631633016005954	0.7178607580806523	0.9631940112289458	0.9887979309615087	NEU
LJP007_JURKAT_24H:K03	DB12064	BMS-777607	0.16929324406350682	0.7524988410476111	0.9633004302708175	0.9887979309615087	JURKAT
LJP007_NPC_24H:M08	DB05575	Motesanib	0.1604527816431333	0.7883295980036621	0.9633943427620633	0.9887979309615087	NPC
LJP009_NEU_24H:E11	DB01782	Pyrazolanthrone	0.15984342018210454	0.7705411753604688	0.9634703196347032	0.9887979309615087	NEU
NMH002_NEU_6H:BRD-A64479082-310-01-0:10	DB00908	Quinidine	-0.16106438966839792	-0.7360583482117002	0.9636815331834852	0.9887979309615087	NEU
CPC015_NPC_24H:BRD-A00546892-001-01-8:10	DB00810	Biperiden	-0.16391880639919115	-0.7447010671229154	0.9638434868746905	0.9887979309615087	NPC
LJP009_NEU_24H:P24	DB09074	Olaparib	0.16265816731418858	0.7312994341443881	0.9638948437323706	0.9887979309615087	NEU
NMH001_NEU_24H:BRD-K09416995-001-32-4:10	DB00227	Lovastatin	0.16330386720430418	0.7915736063241693	0.9641444766675454	0.9887979309615087	NEU
LJP009_NPC.TAK_24H:K23	DB12432	CC-401	0.16324438465164923	0.7543313063780407	0.9641621696416217	0.9887979309615087	NPC.TAK
CPC015_NPC_24H:BRD-K70330367-003-03-8:10	DB00915	Amantadine	-0.15076203985915304	-0.7739865646633403	0.964710627142569	0.9890478600523606	NPC
LJP009_NPC_24H:I06	DB11798	Tanzisertib	-0.1612373297980408	-0.7603045311691105	0.9647604327666152	0.9890478600523606	NPC
PCLB001_JURKAT_24H:BRD-A58955223-001-02-0:10	DB12422	Sulforaphane	0.15327922741960487	0.8137321635680153	0.9653035935563816	0.9891969642590576	JURKAT
LPROT003_NPC_6H:L09	DB00460	Verteporfin	-0.16898677259414963	-0.7242314063632321	0.96537365768135	0.9891969642590576	NPC
LJP007_NPC_24H:E06	DB11743	Ipatasertib	-0.15692897475851236	-0.7925206746819522	0.965609476499809	0.9891969642590576	NPC
NMH002_NEU_6H:BRD-K60623809-001-04-6:10	DB08009	SU-11652	-0.14391659457153164	-0.8009379287225457	0.9656387665198238	0.9891969642590576	NEU
CPC006_WSUDLCL2_6H:BRD-A13084692-001-04-1:10	DB08607	(5R)-5-(4-{[(2R)-6-HYDROXY-2,5,7,8-TETRAMETHYL-3,4-DIHYDRO-2H-CHROMEN-2-YL]METHOXY}BENZYL)-1,3-THIAZOLIDINE-2,4-DIONE	0.14932018073154085	0.8043789047207432	0.9659192825112107	0.9891969642590576	WSUDLCL2
CPC015_NPC_24H:BRD-K82562631-236-03-8:10	DB00500	Tolmetin	-0.16179511623109077	-0.763489358575909	0.965969718817592	0.9891969642590576	NPC
CPC015_NPC_24H:BRD-K47869605-001-18-9:10	DB12802	Picropodophyllin	0.15065874509879487	0.7474766763071757	0.9663865546218487	0.9894422074206817	NPC
CPC014_NEU_24H:BRD-K24656285-001-03-6:10	DB02509	Farnesol	-0.17143605444104568	-0.7200546725152377	0.9667256245854521	0.9895696304797588	NEU
LJP008_NPC.CAS9_24H:F03	DB12376	Ricolinostat	-0.16186572966294288	-0.7520959360362579	0.9668657565415245	0.9895696304797588	NPC.CAS9
LJP007_JURKAT_24H:D21	DB06616	Bosutinib	0.15954891938779042	0.7861765762715711	0.9672789896670494	0.9897937535187674	JURKAT
LJP008_NEU_24H:G16	DB01254	Dasatinib	0.16540967180538416	0.7648005706904408	0.9674395658608781	0.9897937535187674	NEU
NMH002_NEU_6H:BRD-K12184916-001-08-9:10	DB11651	Dactolisib	0.1690275415244088	0.7105142511518601	0.9681914893617021	0.9903814299869702	NEU
NMH002_NEU_6H:BRD-A08027849-236-01-7:10	DB03619	Deoxycholic acid	0.15450435586793865	0.7865807970178788	0.9688405797101449	0.9908637202938402	NEU
CPC016_NEU_24H:BRD-K35629949-001-01-2:10	DB04867	Lintitript	-0.1629153169731394	-0.7114009793944148	0.9690600661474448	0.9909065449113993	NEU
NMH002_NPC_24H:BRD-K77830450-001-03-2:10	DB02587	Colforsin	0.1568245147749068	0.742960516757506	0.9694334313850876	0.9911066728417453	NPC
CPC016_NPC_24H:BRD-A63667919-103-01-9:10	DB00353	Methylergometrine	0.15262652748653877	0.7973226974011944	0.9697406340057637	0.9912390980429013	NPC
CPC013_NPC_24H:BRD-K71512533-001-01-7:10	DB06134	SNS-314	-0.16610938345517384	-0.7484435023904831	0.9699277741300065	0.9912487730117799	NPC
LPROT003_NPC_6H:H15	DB12270	Losmapimod	-0.16388400377486914	-0.7697073478637018	0.9702538840469875	0.9913732664529736	NPC
LJP009_NPC.CAS9_24H:L07	DB05984	RAF-265	0.16773115985414808	0.7385802664691766	0.9704049844236761	0.9913732664529736	NPC.CAS9
LJP009_NEU_24H:G10	DB08521	4-[4-(4-Fluorophenyl)-2-[4-[(R)-methylsulfinyl]phenyl]-1H-imidazol-5-yl]pyridine	-0.1584044949499911	-0.7692030492897305	0.9706407458837533	0.9914325743840094	NEU
LJP007_NPC.TAK_24H:B11	DB07970	5-[(2-methyl-5-{[3-(trifluoromethyl)phenyl]carbamoyl}phenyl)amino]pyridine-3-carboxamide	-0.14914535947581828	-0.781194692280161	0.9712065813528337	0.9918289433218852	NPC.TAK
CPC014_NEU_24H:BRD-K08206212-001-01-2:10	DB00442	Entecavir	0.15116256097515013	0.7952078655487475	0.9715170278637771	0.9919644030841898	NEU
NMH002_NPC_6H:BRD-K52313696-001-10-7:10	DB12291	Tacedinaline	-0.1516704156667631	-0.7619427672497976	0.9718543046357616	0.9919724232304896	NPC
CPC018_NPC_24H:BRD-K39339537-001-03-8:10	DB08991	Epirizole	-0.1471346186773515	-0.7924669521258445	0.9718804920913884	0.9919724232304896	NPC
CPC016_NEU_24H:BRD-A00993607-003-15-4:10	DB00866	Alprenolol	0.1544974871497226	0.7369587036692435	0.9721734431987032	0.9920899285907382	NEU
CPC018_NPC_24H:BRD-K20482099-001-01-1:10	DB01698	Rutin	-0.1599083310572863	-0.7649108360267706	0.9727854855923159	0.9925329597877707	NPC
NMH002_NEU_24H:BRD-A41145729-001-04-3:10	DB08175	(2E,4E)-11-METHOXY-3,7,11-TRIMETHYLDODECA-2,4-DIENOIC ACID	0.1550895363936439	0.7410294414216142	0.9730971128608924	0.9926693714849001	NEU
CPC006_WSUDLCL2_6H:BRD-K35723520-001-01-0:10	DB06179	Darinaparsin	-0.15876236320249437	-0.7515065376228731	0.9735735735735735	0.9928776724824071	WSUDLCL2
NMH001_NEU_24H:BRD-K25210139-001-01-3:10	DB13575	Bietaserpine	0.1554229758688318	0.730637664032372	0.9737100737100737	0.9928776724824071	NEU
NMH002_NPC_24H:BRD-K71879491-001-30-9:10	DB00982	Isotretinoin	-0.15445941546233455	-0.722041090778633	0.9738352077117283	0.9928776724824071	NPC
AML001_U937_6H:BRD-A19037878:0.37037	DB04297	Trichostatin A	-0.1630656022345909	-0.765996841197819	0.9743399033097806	0.9929712825455521	U937
LJP009_NPC_24H:O20	DB07232	Veliparib	0.1593384991257222	0.7487213050872338	0.9744175422567383	0.9929712825455521	NPC
NMH002_NEU_24H:BRD-K18135438-001-11-8:10	DB06777	Chenodeoxycholic acid	0.155525477776523	0.754422275358895	0.9745442036463708	0.9929712825455521	NEU
LJP008_NPC_24H:I05	DB16239	Molibresib	0.1532261461829438	0.7860132926414838	0.9746389573793589	0.9929712825455521	NPC
CPC014_NEU_24H:BRD-K79404599-001-02-8:10	DB06486	Enzastaurin	0.15484961894632576	0.783014157493322	0.9748743718592965	0.9930297828378702	NEU
CPC006_WSUDLCL2_6H:BRD-K92991072-001-02-3:10	DB13048	PAC-1	-0.16077107989906814	-0.7292164464073925	0.9757754421943091	0.9937661905808781	WSUDLCL2
CPC016_NPC_24H:BRD-K33396764-001-02-0:10	DB00132	alpha-Linolenic acid	-0.1582552661885757	-0.7538655714505299	0.9760012714558169	0.993814764273043	NPC
KHW001_SKM1_6H:BRD-K09416995-001-18-3:1	DB00227	Lovastatin	0.1401654193271507	0.78185281227023	0.9762675296655879	0.9939044795628312	SKM1
LJP009_NPC.CAS9_24H:E18	DB13113	JNJ-38877605	0.16027183191487188	0.7259701241806564	0.9772899318697956	0.994763825926216	NPC.CAS9
NMH001_NPC_6H:BRD-A75409952-001-04-0:10	DB08059	Wortmannin	-0.1526997034895143	-0.7607375341603003	0.9776725304465493	0.9948521029656066	NPC
LJP009_NEU_24H:K08	DB11962	GSK-1059615	0.1584261978795426	0.7268441444885374	0.9777332999749813	0.9948521029656066	NEU
LJP009_NPC_24H:D05	DB11775	PF-03758309	-0.1691465392756803	-0.7352250871457844	0.9781314878892734	0.9950757787990986	NPC
LPROT001_NPC.TAK_6H:C22	DB02709	Resveratrol	-0.16417068426267378	-0.7099917446936895	0.9788101983002833	0.9952942896905894	NPC.TAK
AML001_HL60_6H:BRD-A19037878:0.37037	DB04297	Trichostatin A	0.15938205847647602	0.7631202580079111	0.978891820580475	0.9952942896905894	HL60
LJP007_NPC_24H:E09	DB05913	OSI-930	-0.1603938863412207	-0.7314121041879107	0.9790756191232949	0.9952942896905894	NPC
LJP007_NEU_24H:B14	DB12200	Tivantinib	-0.1443394000167622	-0.7784612474844005	0.9791783905458639	0.9952942896905894	NEU
LJP007_NPC.CAS9_24H:P07	DB07859	4-(4-CHLOROPHENYL)-4-[4-(1H-PYRAZOL-4-YL)PHENYL]PIPERIDINE	0.1589619719284642	0.7384833145720913	0.9792382785645538	0.9952942896905894	NPC.CAS9
CPC018_NPC_24H:BRD-K91263825-001-03-6:10	DB00540	Nortriptyline	0.15392644818063864	0.7407930897159487	0.9796017484215639	0.9953427422442606	NPC
LJP009_NPC.TAK_24H:B12	DB12242	AZD-7762	0.15682117898916925	0.761028413139623	0.9800796812749004	0.9953427422442606	NPC.TAK
CPC006_SKM1_6H:BRD-K22134346-001-09-0:10	DB00641	Simvastatin	0.15178621298155184	0.7611580947620549	0.9800930713547052	0.9953427422442606	SKM1
LJP009_NPC.TAK_24H:F04	DB11962	GSK-1059615	0.14329871537962596	0.7732539350333808	0.9801652892561984	0.9953427422442606	NPC.TAK
LPROT002_NPC.TAK_6H:E10	DB12463	Semagacestat	0.1526042851264674	0.7726764264647455	0.9801779935275081	0.9953427422442606	NPC.TAK
NMH002_NEU_6H:BRD-K27316855-001-10-9:10	DB00136	Calcitriol	-0.14975160196162857	-0.6952400055870481	0.9806811836962591	0.9956724884151829	NEU
CPC016_NPC_24H:BRD-K70487031-001-01-0:10	DB00875	Flupentixol	0.16015002708158457	0.6832177932202252	0.9808627288714182	0.9956756121494983	NPC
LJP008_NPC.TAK_24H:I08	DB11830	Mocetinostat	-0.1658085764632342	-0.7270662834558195	0.9811143852129655	0.9957498917779033	NPC.TAK
CPC015_NPC_24H:BRD-K10995081-001-15-4:10	DB00850	Perphenazine	0.1432844345349288	0.7136889500678848	0.9817374762206722	0.9960173281233455	NPC
CPC018_NPC_24H:BRD-K75641298-001-01-5:10	DB01233	Metoclopramide	0.14907729026374655	0.7697269842506397	0.9818758495695514	0.9960173281233455	NPC
LJP008_NEU_24H:C10	DB13877	Iniparib	-0.15966593533930132	-0.726121186940881	0.9824918566775245	0.9960173281233455	NEU
CPC006_U937_6H:BRD-K01292756-001-10-2:10	DB01100	Pimozide	0.15072754973015734	0.7424913606093692	0.9825129533678757	0.9960173281233455	U937
AML001_HL60_6H:BRD-K93754473:1.49538	DB00675	Tamoxifen	-0.1607632217143692	-0.6998812915021174	0.9826901874310915	0.9960173281233455	HL60
LJP007_NPC.CAS9_24H:I23	DB13005	Rebastinib	-0.15914356178534414	-0.7405334968138195	0.9827558677949865	0.9960173281233455	NPC.CAS9
LPROT001_NPC.TAK_6H:C16	DB12291	Tacedinaline	-0.16222818582542195	-0.7305866214125329	0.9828753484667463	0.9960173281233455	NPC.TAK
CPC006_SKM1_6H:BRD-K77947974-001-05-6:4.21	DB04842	Fluspirilene	0.15140048860779687	0.7207381636570789	0.9829173895635926	0.9960173281233455	SKM1
AML001_HL60_24H:BRD-K71879491:3.33333	DB00982	Isotretinoin	-0.15927274225754665	-0.7625069602549457	0.9829846582984658	0.9960173281233455	HL60
LJP007_NPC_24H:O03	DB07101	PD-0325901	-0.15654040184304732	-0.7249579445369398	0.9832470716426042	0.9961023084608841	NPC
NMH002_NPC_6H:BRD-K18910433-001-24-2:10	DB00783	Estradiol	0.15111278030870287	0.7450597127225385	0.983433734939759	0.9961105314504204	NPC
LJP009_NPC.TAK_24H:D19	DB13061	MLN8054	0.15396169104552854	0.7383629721919374	0.9838882921589689	0.9962310009503498	NPC.TAK
LJP008_NPC.CAS9_24H:C12	DB13877	Iniparib	0.1612432564938375	0.6911386698542432	0.9839098073555166	0.9962310009503498	NPC.CAS9
LJP007_NPC.TAK_24H:M20	DB12874	Quizartinib	0.15250030058458391	0.7718561498698557	0.9843513377082281	0.9962557925791171	NPC.TAK
LJP008_NPC.TAK_24H:G16	DB01254	Dasatinib	0.1634564873068472	0.677235415105463	0.9844414479825744	0.9962557925791171	NPC.TAK
CPC016_NEU_24H:BRD-K77771411-003-03-2:10	DB09242	Moxonidine	-0.16038745858819145	-0.6936492833391056	0.9846639603067208	0.9962557925791171	NEU
LJP007_NPC.TAK_24H:N15	DB09330	Osimertinib	-0.15482969026558308	-0.6900087231048069	0.9846887828691889	0.9962557925791171	NPC.TAK
CPC016_NPC_24H:BRD-K97118047-001-02-0:10	DB04462	Tetrabromo-2-Benzotriazole	-0.1540771725806012	-0.7350305492358085	0.9848271547004536	0.9962557925791171	NPC
NMH002_NPC_24H:BRD-K17561142-003-25-9:10	DB01118	Amiodarone	0.1541264859261478	0.6790125420791931	0.9851474644600042	0.9963991486987607	NPC
LPROT001_NPC.TAK_6H:A24	DB12387	OSI-027	0.16116289236621287	0.6862843627124633	0.9857449088960343	0.9966281922427935	NPC.TAK
CPC016_NEU_24H:BRD-A44780397-001-01-1:10	DB00834	Mifepristone	0.1532613277247562	0.7593395844178229	0.9859943977591037	0.9966281922427935	NEU
LJP009_NPC.CAS9_24H:M15	DB06314	SGX-523	0.16026492830893105	0.6785593549887475	0.9861169987282747	0.9966281922427935	NPC.CAS9
CPC017_NPC_24H:BRD-A72758037-001-01-8:10	DB14054	Asiatic acid	-0.15057615713318587	-0.718161346638318	0.9863700454331819	0.9966281922427935	NPC
LJP009_NPC_24H:I16	DB12146	Rigosertib	0.17150940527896952	0.6681601774625456	0.9864451691805952	0.9966281922427935	NPC
CPC014_NPC_24H:BRD-K60460488-066-01-0:10	DB00220	Nelfinavir	0.157478774031125	0.7124125919079946	0.9864459980025682	0.9966281922427935	NPC
LJP007_NEU_24H:K22	DB01590	Everolimus	-0.15032949419872477	-0.7411145606700752	0.9867957746478874	0.9966281922427935	NEU
LJP008_NPC_24H:I08	DB11830	Mocetinostat	0.15651952189855373	0.7587724872868166	0.9868030353018805	0.9966281922427935	NPC
LJP008_NPC.TAK_24H:G10	DB02546	Vorinostat	0.14587147969935116	0.7431089504274319	0.9874835309617919	0.9971349537078438	NPC.TAK
LJP009_NPC.TAK_24H:B19	DB16107	BI 2536	0.15948948556447035	0.6889802039684271	0.9877464631836916	0.997219963463955	NPC.TAK
LJP009_NPC_24H:K07	DB11962	GSK-1059615	0.15430369912320024	0.6724068276869756	0.9882725832012679	0.9975706064193728	NPC
LJP009_NPC_24H:P23	DB09074	Olaparib	0.15703849972371098	0.6870359269565206	0.9885380379817957	0.9976580524421922	NPC
LJP009_NPC.CAS9_24H:D15	DB16108	TAK-715	0.14938304902633437	0.726069563295697	0.9888633551352307	0.9977515589929172	NPC.CAS9
LJP007_NPC.CAS9_24H:H08	DB09053	Ibrutinib	0.16414602627428512	0.6562907894576875	0.9889883708963672	0.9977515589929172	NPC.CAS9
CPC006_U937_6H:BRD-K26657438-001-01-2:10	DB00724	Imiquimod	-0.1520176132346424	-0.7293411642852122	0.9892245186362834	0.9978093634915612	U937
CPC012_NPC_24H:BRD-K15402119-001-01-2:10	DB04864	Huperzine A	-0.14951382796443355	-0.7001508969518165	0.9896547264968317	0.9978640240275463	NPC
LPROT001_NPC.TAK_6H:A16	DB11841	Entinostat	0.15633408736077226	0.7297476077669763	0.9902414819715515	0.9978640240275463	NPC.TAK
CPC016_NPC_24H:BRD-K89046952-001-03-4:10	DB01000	Cyclacillin	0.14810795128894763	0.7463733349769093	0.9902712264150944	0.9978640240275463	NPC
LPROT003_NPC_6H:H17	DB12270	Losmapimod	0.14383685155419923	0.7500093854561863	0.9904109589041096	0.9978640240275463	NPC
LJP009_NPC_24H:O22	DB07232	Veliparib	-0.14949716284417616	-0.6951735995692868	0.9904306220095693	0.9978640240275463	NPC
LJP008_NPC.TAK_24H:G18	DB01254	Dasatinib	-0.1481142718867238	-0.7783744771678633	0.9905741216795202	0.9978640240275463	NPC.TAK
LJP008_NEU_24H:C09	DB13877	Iniparib	-0.1425143235135829	-0.7556894283903964	0.9906487434248977	0.9978640240275463	NEU
CPC006_NOMO1_6H:BRD-K47335880-001-01-3:0.08	DB12980	CHS-828	0.14907484190292147	0.7244387132628946	0.9907095947461156	0.9978640240275463	NOMO1
LJP007_NPC.CAS9_24H:B15	DB12200	Tivantinib	0.1526342132979205	0.6738214258818707	0.9909547738693467	0.9979308092810623	NPC.CAS9
LPROT001_NPC.TAK_6H:E02	DB16239	Molibresib	0.16562074022817003	0.6441401960846173	0.991162129215766	0.9979594872576716	NPC.TAK
CPC016_NEU_24H:BRD-K80315159-051-01-2:10	DB04905	Tesmilifene	0.15101024543518377	0.7447755037871221	0.9914965986394558	0.9981161176126893	NEU
LJP007_NPC.TAK_24H:A18	DB12742	Amuvatinib	0.14832750225880503	0.6710608781775257	0.9917943107221007	0.9982356953849179	NPC.TAK
LJP008_NPC.TAK_24H:I01	DB16239	Molibresib	-0.15366366853514585	-0.7064863012471535	0.9921863030488739	0.9984501054671118	NPC.TAK
LJP008_NPC_24H:A21	DB11740	MK-1775	0.15082728904000156	0.6491028768971475	0.9930997876857749	0.998819763358257	NPC
CPC006_SKM1_6H:BRD-A84481105-003-17-2:10	DB00679	Thioridazine	-0.14854643692781372	-0.7331503580482075	0.9931050879695673	0.998819763358257	SKM1
LJP007_JURKAT_24H:I17	DB11526	Masitinib	-0.14865366540479735	-0.7098659129616476	0.9932671863926293	0.998819763358257	JURKAT
CPC016_NPC_24H:BRD-K73999723-001-02-2:10	DB00966	Telmisartan	0.14912492239304756	0.7345050138757719	0.9932697700504767	0.998819763358257	NPC
LJP007_NPC.TAK_24H:H08	DB09053	Ibrutinib	-0.14755321386873402	-0.7348859962864924	0.9937821032711543	0.9991548664894162	NPC.TAK
NMH001_NPC_24H:BRD-A95696066-001-01-7:10	DB09186	Nisoxetine	0.13913938456562747	0.7615347799780766	0.9941118743866536	0.999187760678234	NPC
LJP009_NEU_24H:B17	DB11805	Saracatinib	0.14570128017174905	0.7184229777860002	0.9941730165844913	0.999187760678234	NEU
CPC014_NEU_24H:BRD-K81418486:10	DB02546	Vorinostat	0.1485114065755032	0.6427527502372266	0.994494441503441	0.9993307797456228	NEU
CPC006_SKM1_6H:BRD-K93754473-001-06-0:28.39	DB00675	Tamoxifen	0.14792394195581024	0.6839269026521426	0.9950928381962865	0.9996630662089973	SKM1
NMH002_NPC_6H:BRD-K39965020-001-05-9:10	DB03756	Doconexent	0.1466730780280886	0.6629236772237667	0.9951834862385321	0.9996630662089973	NPC
CPC006_NOMO1_6H:BRD-A04352665-001-01-2:10	DB04835	Maraviroc	0.1488689636711815	0.6921899184941184	0.9954863813229572	0.9997873125833984	NOMO1
NMH002_NEU_24H:BRD-A99117172-001-01-1:10	DB01611	Hydroxychloroquine	-0.14237459218035842	-0.7123465258519665	0.9957100925716866	0.9998320026021309	NEU
LJP007_NEU_24H:G16	DB01254	Dasatinib	-0.12492569174314438	-0.7171450715609714	0.9967213114754099	1.0	NEU
NMH002_NEU_6H:BRD-K17953061-001-12-7:10	DB02010	Staurosporine	0.13955092411636072	0.6558044890861071	0.9969615519457754	1.0	NEU
CPC018_NPC_24H:BRD-K68095457-001-04-4:10	DB14043	Palmidrol	-0.14731255142757832	-0.6115567493171047	0.9971225978830541	1.0	NPC
LJP009_NPC_24H:N11	DB08896	Regorafenib	-0.14411340564066374	-0.6915342155176907	0.9973299827234177	1.0	NPC
LJP007_NPC.TAK_24H:I05	DB01268	Sunitinib	-0.14175532346857242	-0.6781712141921815	0.9975770162686051	1.0	NPC.TAK
NMH001_NEU_24H:BRD-K89997465-001-08-7:10	DB00477	Chlorpromazine	-0.14090359875096772	-0.6711158779574006	0.9978389281083417	1.0	NEU
LJP007_JURKAT_24H:H07	DB09053	Ibrutinib	0.1428029408670298	0.6875339039784041	0.9978453435480009	1.0	JURKAT
CPC006_NOMO1_6H:BRD-K63195589-001-01-4:10	DB04960	Tipifarnib	-0.142976538040883	-0.5777365079147229	0.9979859013091642	1.0	NOMO1
NMH002_NEU_24H:BRD-K27305650-001-11-7:10	DB02656	LY-294002	0.14495105099824973	0.6437585287241343	0.9980032887009631	1.0	NEU
LJP008_NPC_24H:A20	DB11740	MK-1775	0.1404626031333085	0.6181635593582824	0.9982376913757022	1.0	NPC
LJP009_NPC.TAK_24H:N11	DB08896	Regorafenib	-0.13847575351406835	-0.6871010050766673	0.998672331386086	1.0	NPC.TAK
LJP007_NPC.CAS9_24H:P16	DB05294	Vandetanib	-0.14275028992723274	-0.6105171743496007	0.998747723132969	1.0	NPC.CAS9
LJP009_NEU_24H:D13	DB16108	TAK-715	0.1331162965455926	0.5794313322986594	0.9990355765109301	1.0	NEU
LJP007_NPC.TAK_24H:P15	DB05294	Vandetanib	0.1337899312080101	0.6482128972661115	0.9990976358058112	1.0	NPC.TAK
LJP008_NPC_24H:C12	DB13877	Iniparib	0.14179489152181365	0.6372839324454065	0.9992396400963123	1.0	NPC
LJP007_JURKAT_24H:F05	DB12848	PF-04217903	-0.13223938989490686	-0.6720694496124967	0.999633431085044	1.0	JURKAT
LJP007_NPC.TAK_24H:P02	DB09054	Idelalisib	-0.13118495416633957	-0.6065048627822721	0.9997152214153495	1.0	NPC.TAK
LJP007_JURKAT_24H:E10	DB05913	OSI-930	0.1376394643082041	0.6469060940603212	0.9998356884653302	1.0	JURKAT
KHW001_U937_6H:BRD-K09416995-001-18-3:10	DB00227	Lovastatin	-0.130529295511291	-0.6030349055435612	0.999871696176546	1.0	U937
NMH002_NEU_24H:BRD-K50590187-001-17-3:10	DB09120	Zucapsaicin	0.128989740817207	0.5730318493385861	0.9998857795545403	1.0	NEU
LPROT003_NPC_6H:B11	DB03496	Alvocidib	0.12533878468588877	0.5644913492958397	0.9998858056412013	1.0	NPC
LJP009_NPC.TAK_24H:O24	DB07232	Veliparib	0.13297234329664417	0.5691665790799435	0.9998934696921274	1.0	NPC.TAK
LJP008_NEU_24H:N09	DB02665	(1R,2S)-2-Phenylcyclopropanaminium	0.12796920980173523	0.6458699861762811	1.0	1.0	NEU
