GO_ID	Name	Gene Count	Gene Ratio	Fold Enrichment	p-value	FDR	-log10 FDR	FWER	Associated Genes
HP:0007768	Central retinal vessel vascular tortuosity	10	0.00414765657403567	7.119798147380064	2.5037839076066802e-08	1.455165257488696e-06	5.8370876827331015	0.0002575642505754992	MT-ND5, MT-ATP6, MT-ND4, NEK1, MT-CO3, MT-CYB, MT-ND1, SELENOI, MT-ND4L, MT-ND2
HP:0001112	Leber optic atrophy	8	0.0033181252592285357	6.835006221484861	1.2603941610638107e-06	5.661866696446909e-05	4.2470403599230595	0.012965674734863422	MT-ND5, MT-ATP6, MT-ND4, MT-CO3, MT-CYB, MT-ND1, MT-ND4L, MT-ND2
HP:0004309	Ventricular preexcitation	10	0.00414765657403567	6.572121366812367	9.70169513897046e-08	5.091904994621894e-06	5.293119708061662	0.0009980133789458912	MT-ND5, MT-ATP6, MT-ND4, PRKAG2, MT-CO3, MT-CYB, MT-ND1, MT-ND4L, MT-CO1, MT-ND2
HP:0000576	Centrocecal scotoma	10	0.00414765657403567	6.572121366812367	9.70169513897046e-08	5.091904994621894e-06	5.293119708061662	0.0009980133789458912	OPA1, MT-ND5, MT-ATP6, MT-ND4, MT-CO3, MT-CYB, MT-ND1, MT-ND4L, MT-CO1, MT-ND2
HP:0032036	Reduced contrast sensitivity	9	0.0037328909166321027	6.407818332642057	6.419545689681824e-07	3.085881612605464e-05	4.510620739315777	0.006603786650975692	MT-ND5, MT-ATP6, MT-ND4, MT-CO3, MT-CYB, MT-ND1, MT-ND4L, MT-CO1, MT-ND2
HP:0100033	Tics	11	0.004562422231439237	5.8738334715885525	1.375316878983456e-07	7.145396330354955e-06	5.145973677396102	0.001414788473410281	GATAD2B, ACBD6, BCR, VPS13A, ZBTB20, SPTBN1, KMT5B, FRYL, ZSWIM6, MAPK1, POGZ
HP:0011172	Complex febrile seizure	10	0.00414765657403567	5.695838517904051	8.14790698199598e-07	3.795669676998533e-05	4.420711589632228	0.008381751912379264	GABRA1, SCN8A, PRRT2, PDE2A, SCN1A, ADORA2A, GABRG2, CACNA1A, SCN2A, FAR1
HP:0007166	Paroxysmal dyskinesia	12	0.004977187888842804	5.695838517904051	6.058494399459329e-08	3.2975519517057206e-06	5.481808353579508	0.0006232373188723812	SPTAN1, SCN8A, PRRT2, PNKD, PDE2A, RHOBTB2, GRIN1, CACNA1A, SCN2A, KCNMA1, ADCY5, ATP1A3
HP:0200125	Mitochondrial respiratory chain defects	12	0.004977187888842804	5.396057543277522	1.468304669366205e-07	7.552225066885075e-06	5.121925075933271	0.001510445013377015	MT-ND5, CAMKMT, MT-ATP6, MT-ND4, PPM1B, PREPL, MT-CYB, MT-CO3, MT-ND1, MT-ND4L, MT-CO1, MT-ND2
HP:0025268	Stuttering	11	0.004562422231439237	5.221185308078713	8.001762388570353e-07	3.7586360589599645e-05	4.424969724096609	0.008231412969122323	MT-ND5, MT-CO2, MT-ND4, HEXB, KANSL1, MT-CO3, MT-ND1, NSD1, NEXMIF, MAPT, MT-CO1
HP:0009836	Broad distal phalanx of finger	11	0.004562422231439237	4.946386081337728	1.6985266752476053e-06	7.403705045878015e-05	4.130550891310161	0.017472743908272116	FBXO11, GATAD2B, WLS, SETD5, CREBBP, FLNB, EP300, WDR19, HS2ST1, SMARCA2, AMMECR1
HP:0001427	Mitochondrial inheritance	13	0.005391953546246371	4.829080482570826	2.746933523365196e-07	1.378424641700379e-05	4.860616971733242	0.002825770515485777	MT-ND5, MT-ATP6, MT-CO2, MT-ND4, COX10, NDUFS4, MT-CYB, MT-CO3, MT-ND1, MT-ND4L, MT-CO1, MT-ND2, FASTKD2
HP:0002883	Hyperventilation	19	0.007880547490667772	4.774452875301924	6.016492719100185e-10	4.584567451954341e-08	7.338701633187191	6.18916606013836e-06	GABRA1, CAMK2B, MT-ND5, CPLANE1, CNTNAP2, CDKL5, DEPDC5, GABRG2, MT-ND2, MT-ND3, GABRB3, MT-ATP6, MT-ND4, HLCS, KCNT1, SYT1, MT-ND1, NRXN1, ARL13B
HP:0031546	Cardiac conduction abnormality	15	0.006221484861053505	4.577013094744326	8.538933632273308e-08	4.575000535166433e-06	5.339608850795387	0.0008784001027519552	MT-ND5, MT-ATP6, MT-CO2, MT-ND4, MT-ND3, RHOBTB2, CREBBP, MT-CO3, ATP1A3, EP300, MT-ND1, CACNA1A, SCN2A, MT-CO1, MT-ND2
HP:0011169	Generalized clonic seizure	18	0.007465781833264205	4.523165881864982	5.498144100711186e-09	3.579709390127593e-07	6.446152229050782	5.6559408364015975e-05	WWOX, GABRA1, SCN8A, GNAO1, KCNQ3, PSAP, DMXL2, SCN1A, KCNA1, KCNT1, PRRT2, GRIN2A, GRIN1, CDKL5, GRM7, SCN2A, GABRG2, CASK
HP:0007270	Atypical absence seizure	19	0.007880547490667772	4.509205493340707	2.2080244631581847e-09	1.514263176833883e-07	6.819798638499169	2.2713947652508244e-05	GABRA1, CHD2, CACNB4, OTUD7A, GABRG2, UBE3A, FRRS1L, PPP3CA, KCNB1, SCN1A, CACNA1A, MAPK10, GABRB3, SCN2A, GRIN2A, HNRNPU, CEP85L, KCNMA1, PAFAH1B1
HP:0010841	Multifocal epileptiform discharges	29	0.012028204064703443	4.504890464160477	1.349509855991593e-13	1.87600106602507e-11	10.726766919171947	1.3882407888585517e-09	GABRA1, CHD2, SCN8A, DPYD, TBCK, CDKL5, DEPDC5, GABRG2, ST3GAL5, SPTAN1, PPP3CA, GNAO1, SCN1A, PLCB1, GNB1, FGF12, ADK, LRPPRC, SPTBN1, DOCK7, SCN2A, MED13L, SLC12A5, ARFGEF1, MECP2, KCNT1, KCNMA1, ATP1A3, STXBP1
HP:0003763	Bruxism	21	0.008710078805474907	4.48547283284944	3.5692216880211617e-10	2.891069567297141e-08	7.53894145785208	3.671658350467369e-06	MYT1L, CAMK2B, CDKL5, NEXMIF, HTT, ANK3, MBD5, AFF3, CERT1, CACNA2D1, ATG7, SPTBN1, CACNA1B, TRAPPC9, FOXG1, ITPR1, PDE2A, MECP2, VPS13A, RHOBTB2, GRIN1
HP:0006813	Focal hemiclonic seizure	13	0.005391953546246371	4.442754043965159	9.946716816712775e-07	4.588424927960732e-05	4.338336369471052	0.010232187589352432	FRRS1L, GABRA1, SCN8A, SCN1A, KCNT1, KANSL1, PLCB1, GRIN2A, GNB1, SCN2A, SLC12A5, GABRG2, ATP1A3
HP:0011153	Focal motor seizure	28	0.011613438407299876	4.430096625036485	6.16164035923716e-13	7.729852972618618e-11	10.111828766597547	6.338479437547267e-09	SCN8A, PRRT2, DPYD, CDKL5, GRM7, CASK, FRRS1L, PPP3CA, GNAO1, PAFAH1B1, SCN1A, SLC35A3, ATXN10, AKT3, CACNA1A, KCNQ3, GRIN2A, SCN2A, PIK3CA, YWHAG, DMXL2, KCNT1, KCNA1, RHOBTB2, GRIN1, FAR1, ATP1A3, STXBP1
HP:0002236	Frontal upsweep of hair	14	0.005806719203649938	4.430096625036485	3.9565197956115473e-07	1.9474028295433484e-05	4.710544203306726	0.004070071913745599	FOXP1, FBXO11, BRD4, UBR1, HERC2, FRMPD4, CREBBP, CAMK2A, TRIO, EP300, CAMTA1, MED13L, MED27, OGT
HP:0010794	Impaired visuospatial constructive cognition	14	0.005806719203649938	4.271878888428038	7.05914622799576e-07	3.361918391082981e-05	4.4734128330537475	0.007261743724739238	GABRA1, MT-ND5, MT-ND4, MT-CO2, BPTF, PRKAR1B, MT-CO3, GABRG2, MT-ND1, MAPT, GABRB3, HTT, MT-CO1, NF1
HP:0045084	Limb myoclonus	14	0.005806719203649938	4.271878888428038	7.05914622799576e-07	3.361918391082981e-05	4.4734128330537475	0.007261743724739238	GABRA1, DRD2, SCN8A, KCNQ3, PRRT2, MECP2, PRNP, KCTD7, GABRG2, CDKL5, SCN2A, MAPT, GABRB3, SGCE
HP:0010844	EEG with multifocal slow activity	26	0.010783907092492741	4.191277399967132	2.129071918764778e-11	2.0858821741269784e-09	8.680710227343674	2.1901762828333272e-07	SCN3A, CELF2, SCN8A, GABRA2, CYFIP2, GABRG2, WWOX, CLTC, PPP3CA, KCNB1, ATP6V1A, SCN1A, SYNJ1, CACNA1A, FGF12, CACNA2D1, GABRB2, CACNA1B, GRIN2A, CNKSR2, KCNA2, FOXG1, YWHAG, NTRK2, CDK19, ATP1A3
HP:0011182	Interictal epileptiform activity	24	0.009954375777685608	4.184697686623385	1.3117875536183219e-10	1.1245298803393064e-08	7.9490290002603015	1.3494358564071677e-06	GABRA1, ADARB1, CHD2, SCN8A, PRRT2, CNTNAP2, GRM7, NBEA, DEPDC5, NEXMIF, GABRG2, FRRS1L, GRIA1, SCN1A, MAP1B, KANSL1, CAMK2A, GOSR2, GRIA3, KCNQ3, SCN2A, GRIN2A, STRADA, KCNT1
HP:0002263	Exaggerated cupid's bow	20	0.00829531314807134	4.167686720417598	5.012707744781702e-09	3.284441055450278e-07	6.483538527835617	5.156572457056936e-05	EXOC2, MYT1L, NRCAM, TBCK, MED27, TRIP12, CAMSAP1, CACNA1A, SMARCA2, B3GLCT, DNMT3A, CLCN3, SCN2A, ZNF462, POGZ, KMT2A, RHOBTB2, JARID2, HNRNPU, ATP1A3
HP:0012547	Abnormal involuntary eye movements	32	0.013272501036914143	4.0806007292446935	2.689724984903456e-13	3.5473334512438273e-11	10.450097985695361	2.766920091970185e-09	SCN3A, COL25A1, CELF2, SCN8A, GABRA2, TBCK, CYFIP2, HTT, GABRG2, WWOX, CLTC, PPP3CA, KCNB1, ATP6V1A, SCN1A, SYNJ1, CACNA1A, FGF12, CACNA2D1, GABRB2, CACNA1B, GRIN2A, CNKSR2, SCN2A, KCNA2, FOXG1, YWHAG, KIF21A, RHOBTB2, NTRK2, CDK19, ATP1A3
HP:0009928	Thick nasal alae	18	0.007465781833264205	4.047043157458141	5.2672184922912305e-08	2.8821210973510576e-06	5.5402877754975846	0.0005418387663019989	CHD2, ABCA5, TRPS1, ANTXR1, SCN1A, SMARCC2, SMARCE1, KANSL1, EXT1, KCNH1, PIK3C2A, RPS6KA3, ANKRD17, NEXMIF, ARID1B, ZSWIM6, SMARCA2, NF1
HP:0011443	Abnormality of coordination	26	0.010783907092492741	4.0388673126956	6.152006166567677e-11	5.600503312874486e-09	8.251772941532783	6.328568743548169e-07	SCN3A, CELF2, SCN8A, MYT1L, GABRA2, CYFIP2, GABRG2, WWOX, CLTC, PPP3CA, KCNB1, ATP6V1A, SCN1A, SYNJ1, CACNA1A, FGF12, CACNA2D1, GABRB2, CACNA1B, CNKSR2, KCNA2, FOXG1, YWHAG, NTRK2, CDK19, ATP1A3
HP:0032792	Tonic seizure	39	0.016175860638739114	4.014536786715506	1.351526634654515e-15	2.317192415115166e-13	12.635037901750325	1.3903154490690995e-11	CHD2, ARHGEF9, SCN8A, NSF, CNTNAP2, SV2A, NEXMIF, GABRG2, PHACTR1, PPP3CA, ATP6V1A, SCN1A, PSAP, ATP6V0A1, PLCB1, SLC25A12, GNB1, SYNJ1, CACNA1A, FGF12, GRIA2, VPS53, MAST3, CACNA1C, ST3GAL3, CACNA1B, DOCK7, CLCN3, SCN2A, TBL1XR1, CUL3, ARFGEF1, GRIK2, DMXL2, MECP2, HNRNPU, CEP85L, ATP1A3, KCNQ5
HP:0012171	Stereotypical hand wringing	15	0.006221484861053505	4.004886457901286	8.154398742263786e-07	3.795669676998533e-05	4.420711589632228	0.008388429986166757	CELF2, PUM1, KCNB1, MECP2, VAMP2, CNTNAP2, DYRK1A, CACNA1B, IQSEC2, GRIN1, CDKL5, GRIN2A, NEXMIF, GRIA2, CASK
HP:0100023	Recurrent hand flapping	14	0.005806719203649938	3.987086962532836	2.0369217225998147e-06	8.69452853127979e-05	4.060753963036199	0.020953813760384292	UBE3A, BCL11A, HERC2, MBD5, PRKAR1B, SLC4A10, KMT5B, NOVA2, TRAPPC6B, NEXMIF, HECW2, CDK19, GRIK2, TRAPPC9
HP:0200134	Epileptic encephalopathy	60	0.02488593944421402	3.973840826444687	6.018692964738344e-23	3.095714726413167e-20	19.509239066869263	6.191429452826334e-19	GLS, GABRA1, CELF2, CHD2, ARHGEF9, STXBP1, NSF, SCN3A, SCN8A, GABRB1, CYFIP2, ADAM22, DCX, CDKL5, GRM7, GRIN2B, NEXMIF, GABRG2, CASK, WWOX, PHACTR1, FRRS1L, SPTAN1, PPP3CA, KCNB1, KCNQ5, SCN1A, GNAO1, DNM1L, ATP6V1A, PLCB1, SLC25A12, SYNJ1, CACNA1A, AFF3, FGF12, GABRB3, NRXN1, MAST3, KMT2E, ALG9, ST3GAL3, GABRB2, CACNA1B, RNF13, DOCK7, CACNA1E, GRIN2A, SCN2A, KCNA2, STAG1, DMXL2, KCNT1, KCNA1, MDH1, GRIN1, HNRNPU, ABAT, NTRK2, PAFAH1B1
HP:0007334	Bilateral tonic-clonic seizure with focal onset	25	0.010369141435089175	3.9554434152111466	2.5197630081546386e-10	2.0736641651909416e-08	7.683261577269177	2.5920802064886767e-06	SCN8A, PRRT2, FIG4, TBCK, ADAM22, CNTNAP2, DEPDC5, GABRG2, WWOX, KCNB1, SCN1A, PSAP, KCTD7, PLCB1, EHMT1, MAST3, KCNQ3, GRIN2A, SCN2A, SLC12A5, PPP2CA, KCNT1, CEP85L, KCNMA1, STXBP1
HP:0011167	Focal tonic seizure	17	0.007051016175860639	3.925510329906846	2.161607551972212e-07	1.0900223964283406e-05	4.962564578623306	0.0022236456887138145	WWOX, GRIA3, SCN8A, GNAO1, KCNQ3, DMXL2, PRRT2, KCNA1, KCNT1, AKT3, GRIN1, CDKL5, CACNA1A, GRM7, SCN2A, PIK3CA, CASK
HP:0010819	Atonic seizure	44	0.018249688925756947	3.9158889810590347	6.68332767138758e-17	1.4323206615742504e-14	13.84395974322756	6.875139175556404e-13	GABRA1, CHD2, STXBP1, PRRT2, CAMK2B, CNTNAP2, CDKL5, GRM7, NEXMIF, GABRG2, CASK, FRRS1L, SPTAN1, KCNB1, GNAO1, SCN1A, ACBD6, AKT3, GNB1, CACNA1A, MAPK10, GOSR2, GABRB3, ADGRV1, EHMT1, MAST3, ST3GAL3, FGF13, DOCK7, GRIN2A, SCN2A, PIK3CA, ARFGEF1, GRIK2, DMXL2, KCNA1, CTNNA2, DYRK1A, IQSEC2, GRIN1, RPS6KA3, HNRNPU, CEP85L, PAFAH1B1
HP:0010850	EEG with spike-wave complexes	21	0.008710078805474907	3.9004111589995136	9.3635735618389e-09	5.873358611624192e-07	6.231113481483825	9.632308123063675e-05	GABRA1, CACNB4, SCN8A, PRRT2, PRNP, CDKL5, GRM7, GABRG2, CASK, GNAO1, SCN1A, PIGL, GOSR2, ADGRV1, FGF13, SCN2A, DMXL2, KCNA1, SYT1, GRIN1, PAFAH1B1
HP:0025269	Panic attack	25	0.010369141435089175	3.8835262622073077	4.106898334402862e-10	3.3005986848439254e-08	7.481407277715473	4.2247663166002245e-06	USP48, KCNN2, SPECC1L, EP300, CDKL5, PRKN, SNCA, NF1, DRD2, UCHL1, SYNJ1, NR3C1, LRRK2, KIF1B, VPS13C, DNMT3A, DNAJC6, SGCE, SPART, SDHAF2, BRAF, MECP2, CREBBP, ATRX, SDHC
HP:0012760	Reduced social responsiveness	31	0.012857735379510576	3.8384998707614253	4.8487420048762715e-12	5.421631413495892e-10	9.265870011013376	4.9879009004162206e-08	CHD2, CNTNAP2, EP300, CDKL5, NEXMIF, PRKN, SNCA, ZMYND11, NF1, CLTC, NLGN1, UCHL1, SCN1A, TTC19, MBD5, SYNJ1, LRRK2, HERC1, VPS13C, SPTBN1, OPHN1, SNRPN, DNAJC6, GRIK2, POGZ, FOXG1, MECP2, CREBBP, IQSEC2, GRIN1, TET3
HP:0010818	Generalized tonic seizure	28	0.011613438407299876	3.737894027374534	1.126696604200436e-10	9.822311836788038e-09	8.007786282091354	1.1590327967409884e-06	GABRA1, CHD2, CACNB4, ARHGEF9, PRRT2, SCN8A, CDKL5, GRM7, GABRG2, CASK, GNAO1, PAFAH1B1, SCN1A, GNB1, CACNA1A, MAPK10, GABRB3, ADGRV1, KCNQ3, DOCK7, GRIN2A, SCN2A, DMXL2, KCNT1, KCNA1, VPS50, GRIN1, STXBP1
HP:0010862	Delayed fine motor development	24	0.009954375777685608	3.7281852117190155	2.552744482913698e-09	1.7276370062982376e-07	6.762547501858279	2.6260082495733212e-05	TNRC6B, CDH2, SNX14, MYT1L, FIG4, CIT, NFIA, GRIA1, WLS, PI4KA, TRAPPC6B, CDC40, SPTBN1, ASCC3, CLCN3, TRRAP, FNIP1, POGZ, CDH11, ITPR1, CTNNA2, AUTS2, TET3, HNRNPC
HP:0002373	Febrile seizure (within the age range of 3 months to 6 years)	53	0.02198257984238905	3.7116324768309186	8.931203771980613e-19	2.4177708737464363e-16	15.616584858554862	9.187529320236456e-15	GLS, GABRA1, CHD2, CACNB4, SCN8A, PRRT2, DPYD, OTUD7A, SLC44A1, CDKL5, GRM7, ACADM, GABRG2, CASK, SPTAN1, EFHC1, WDR26, SETBP1, SCN1A, GNAO1, ATP6V1A, MBD5, KCTD7, KMT5B, SLC25A12, CAMK2A, GNB1, RFX7, APP, GRIA2, GABRB3, ADGRV1, EHMT1, KCNQ3, HERC2, SPTBN1, DNMT3A, FGF13, AP4S1, GRIN2A, HS6ST2, RSRC1, CNKSR2, SLC12A5, SCN2A, POGZ, KCNA2, DMXL2, KCNA1, DYRK1A, GRIN1, CEP85L, SLC13A3
HP:0011097	Epileptic spasm	32	0.013272501036914143	3.694597957559384	7.824450418544107e-12	8.384387651621169e-10	9.076528650318844	8.049012145556323e-08	CELF2, CHD2, SCN8A, NSF, GRIN2B, NEXMIF, CASK, WWOX, PHACTR1, PPP3CA, SETBP1, SCN1A, ATP6V0A1, AKT3, GAD1, PLCB1, SYNJ1, SMARCA2, EHMT1, ST3GAL3, CACNA1B, GRIN2A, SCN2A, TBL1XR1, PIK3CA, SLC12A5, GRIK2, NCDN, KCNT1, GRIN1, ATP1A3, STXBP1
HP:0007302	Bipolar affective disorder	16	0.006636250518457071	3.694597957559384	1.3524185083270705e-06	6.022653331238344e-05	4.220212134449081	0.013912329195160575	ATP2A2, GRIA1, GP1BB, MT-ND4, MECP2, MT-ND5, MT-CO2, JMJD1C, TBCK, DNMT3A, MT-CO3, MT-ND1, RPS6KA3, CEP85L, MT-CO1, EHMT1
HP:0002487	Hyperkinetic movements	19	0.007880547490667772	3.6893499490969415	1.4277320327751324e-07	7.380441920179792e-06	5.1319176330618514	0.0014687079421157787	PRRT2, CAMK2B, FRRS1L, GNAO1, PNKD, SCN1A, PSAP, PDE10A, GAD1, THOC2, CACNA1B, CACNA1E, GRIN2A, SCN2A, SYT1, VPS13A, IQSEC2, GRIN1, RTTN
HP:0410263	Brain imaging abnormality	33	0.013687266694317711	3.6616104757954613	4.999930871819403e-12	5.530568696602816e-10	9.257230208822293	5.1434288878406196e-08	COL25A1, CHD2, SCN8A, PRRT2, DEAF1, PRNP, PDP1, EP300, DEPDC5, NEXMIF, VPS33A, NF1, UBE3A, WDR26, DNM1L, SCN1A, CACNA1A, NSD1, RERE, EHMT1, KCNQ3, KMT2C, SNRPN, SCN2A, TBL1XR1, FOXP1, PDE2A, CACNG2, DYRK1A, CREBBP, RHOBTB2, ATP1A3, SPRED1
HP:0100660	Dyskinesia	75	0.031107424305267525	3.501540072481999	4.473016962517095e-24	2.8758703433383347e-21	20.54123069771962	4.6013925493413355e-20	SCN3A, SLC30A9, STXBP1, CELF2, SLC20A2, KCNN2, PRRT2, XPR1, DEAF1, CAMK2B, SCN8A, MT-ND5, NDUFS4, GABRA2, CYFIP2, CDKL5, GRM7, GRIN2B, BMPR1A, PRKN, SNCA, MT-ND2, CASK, GABRG2, WWOX, CLTC, PPP3CA, KCNB1, GNAO1, UCHL1, SCN1A, ATP6V1A, PNKD, MT-ND3, PDE10A, ATXN10, MSH2, SYNJ1, CACNA1A, FGF12, STX16, GABRB3, LRRK2, ATM, VPS13C, LRPPRC, CACNA2D1, SIL1, ATG7, GIGYF2, CACNA1B, GABRB2, ATP1A3, DNAJC6, SCN2A, CNKSR2, PIK3CA, ADCY5, KCNA2, UNC80, FOXG1, YWHAG, ITPR1, DMXL2, MT-ATP6, MT-ND4, KCNA1, SYT1, GRIN1, MT-ND1, BCAS3, NTRK2, CDK19, HECW2, FASTKD2
HP:0002384	Focal impaired awareness seizure	51	0.021153048527581916	3.4858531729572793	1.0142702581874743e-16	2.0064996434566438e-14	13.697560913101748	1.0433798145974548e-12	GABRA1, SCN3A, ARHGEF9, STXBP1, SCN8A, MYT1L, PRRT2, CAMK2B, CDH2, FIG4, CNTNAP2, GRIN2B, DEPDC5, CACNA1D, GABRG2, HTT, FRRS1L, SPTAN1, KCNB1, GNAO1, PAFAH1B1, SCN1A, DNM1L, ATXN10, ATP6V0A1, PLCB1, GNB1, CACNA1A, NSD1, RERE, ADGRV1, MAST3, KCNQ3, FGF13, DOCK7, OPHN1, GRIN2A, SCN2A, MACF1, SLC12A5, GRIK2, POGZ, ITPR1, PDE2A, STRADA, KCNT1, GRIN1, CEP85L, FMN2, ATP1A3, KCNQ5
HP:0012447	Abnormal myelination	28	0.011613438407299876	3.4670321413329006	9.366525316488338e-10	6.931902584943563e-08	7.159147549120084	9.635344593071552e-06	SCN3A, CELF2, SCN8A, GABRA2, RAB3GAP2, CYFIP2, GABRG2, WWOX, CLTC, PPP3CA, KCNB1, ATP6V1A, SCN1A, SYNJ1, CACNA1A, FGF12, CACNA2D1, GABRB2, CACNA1B, GRIN2A, CNKSR2, KCNA2, FOXG1, YWHAG, ZFR, NTRK2, CDK19, ATP1A3
HP:0002121	Generalized non-motor (absence) seizure	55	0.022812111157196183	3.4299757498327312	1.529898783496154e-17	3.497348619072208e-15	14.456261074641548	1.5738068785824935e-13	CDK13, GABRA1, CHD2, CACNB4, SCN8A, MYT1L, PRRT2, GATAD2B, CDKL5, GRM7, NBEA, NEXMIF, GABRG2, CASK, DHFR, WWOX, SPTAN1, EFHC1, WDR26, SON, SCN1A, GNAO1, SLC35A3, CAMK2A, GNB1, RFX7, AFF3, NSD1, GOSR2, SMARCA2, GABRB3, ADGRV1, EHMT1, MAST3, PAK3, KCNQ3, CACNA2D1, FGF13, DOCK7, GRIN2A, SCN2A, NEDD4L, SLC12A5, PPP2CA, YWHAG, DMXL2, MECP2, KCNA1, SETD5, GRIN1, CEP85L, NTRK2, KCNMA1, FAR1, ATP1A3
HP:0010851	EEG with burst suppression	24	0.009954375777685608	3.4175031107424307	2.0571705543277902e-08	1.2092636281354274e-06	5.917479009508527	0.0002116211349236998	GLS, NSF, CYFIP2, SV2A, CDKL5, GRM7, CASK, GNAO1, PRKAG2, ATP6V0A1, CAMSAP1, AKT3, GAD1, GNB1, ZNF148, FGF13, SCN2A, PIK3CA, CUL3, DMXL2, KCNA1, GRIN1, ABAT, STXBP1
HP:0001273	Abnormal corpus callosum morphology	42	0.017420157610949814	3.3852625153580678	1.6802762449493445e-13	2.304666897572521e-11	10.637391836001067	1.7285001731793908e-09	SCN3A, CELF2, PDHX, SCN8A, GLI3, GABRA2, CYFIP2, EP300, DISP1, GABRG2, WWOX, CLTC, PPP3CA, KCNB1, ATP6V1A, SCN1A, PLCB1, SYNJ1, CACNA1A, FGF12, RPGRIP1L, KMT2E, CDON, CACNA2D1, GABRB2, CACNA1B, CSPP1, GFM2, CNKSR2, SCN2A, SLC12A5, KMT2A, KCNA2, FOXG1, YWHAG, KCNT1, CREBBP, ABAT, NTRK2, CDK19, ATP1A3, PAFAH1B1
HP:0004305	Involuntary movements	54	0.022397345499792616	3.3191576974836554	1.6594901009709408e-16	3.133404351246673e-14	13.503983557820488	1.7071174668688068e-12	SCN3A, CELF2, GPR88, SLC20A2, MICU1, PRRT2, SCN8A, XPR1, DEAF1, PRNP, GABRA2, CYFIP2, CDKL5, DEPDC5, HTT, GABRG2, WWOX, CLTC, PPP3CA, KCNB1, GNAO1, SCN1A, HPCA, ATP6V1A, PNKD, GTF2I, CAMK2A, SYNJ1, CACNA1A, FGF12, MAPT, CACNA2D1, GABRB2, CACNA1B, DNAJC6, GFM2, CNKSR2, MACF1, ADCY5, GRIK2, KCNA2, FOXG1, YWHAG, PDE2A, MECP2, KCNT1, KCNA1, SYT1, VPS13A, GRIN1, CEP85L, NTRK2, CDK19, ATP1A3
HP:0025336	Delayed ability to sit	33	0.013687266694317711	3.278418681816867	1.7853650790831425e-10	1.4931748429697793e-08	7.825889335683479	1.8366050568528288e-06	CDK13, CELF2, SNX14, OTUD7A, RAB3GAP2, HIVEP2, GRIN2B, SLC39A8, NEXMIF, CASK, KAT6A, WDR26, SON, MBD5, ALMS1, VRK1, LARGE1, WASF1, TRIO, OPHN1, SIK3, MACF1, CUL3, ADCY5, GRIK2, ADGRL1, SLC9A7, FOXG1, ITPR1, MECP2, DPYSL5, GRIN1, PAFAH1B1
HP:0000733	Motor stereotypy	75	0.031107424305267525	3.2692950676745194	6.498850753816583e-22	2.9066816393265734e-19	18.53660253267924	6.685367770451119e-18	KCNN2, MYT1L, DEAF1, ASH1L, ZBTB20, CNTNAP2, NIPBL, TMEM67, EP300, CDKL5, DEPDC5, NAA15, NEXMIF, HTT, KAT6A, WDR26, TAOK1, FLCN, SCN1A, EXT2, MBD5, RFX7, AFF3, TRAPPC6B, CERT1, GRIA2, MAPT, RERE, TCF20, SMARCA2, EHMT1, KIF5C, THOC2, ATP9A, NLGN4X, SPTBN1, CAMTA1, TRIO, OPHN1, CLCN3, SNRPN, AP4S1, GABBR1, DOCK7, MACF1, PPP2CA, TARDBP, GRIK2, FOXP1, ADGRL1, POGZ, HUWE1, FOXG1, KMT2A, PDE2A, MECP2, KCNT1, TANC2, SYT1, AUTS2, DYRK1A, SETD5, CREBBP, DPYSL5, IQSEC2, ATRX, RHOBTB2, GRIN1, TMEM106B, RTTN, NTRK2, LUZP1, CEP85L, UBE4B, ZMYM2
HP:0002521	Hypsarrhythmia	70	0.02903359601824969	3.2327732128644615	3.1881147022390564e-20	1.0932045313977724e-17	16.9612985767992	3.2796135941933172e-16	SCN3A, CELF2, STXBP1, ATAD1, SCN8A, GABRB1, GABRA2, OTUD7A, CYFIP2, DCX, CDKL5, GRM7, GRIN2B, DEPDC5, SLC39A8, NEXMIF, GABRG2, CASK, NF1, WWOX, PHACTR1, CLTC, SPTAN1, PPP3CA, KCNB1, SETBP1, SCN1A, GNAO1, ATP6V1A, ATP6V0A1, GNB5, CAMSAP1, PLCB1, GAD1, GNB1, SYNJ1, CACNA1A, FGF12, GABRB3, ST3GAL3, CACNA2D1, CCDC88A, GABRB2, SPTBN1, CACNA1B, FGF13, DOCK7, CACNA1E, GFM2, CNKSR2, TBL1XR1, SCN2A, SLC12A5, CUL3, ARFGEF1, NEDD4L, KCNA2, FOXG1, YWHAG, DMXL2, KCNT1, KCNA1, CTNNA2, HIBCH, MDH1, GRIN1, NTRK2, CDK19, ATP1A3, PAFAH1B1
HP:0000729	Autistic behavior	166	0.06885109912899212	3.216017666571675	4.429786779395123e-46	2.2784608299818816e-42	41.64235843316402	4.556921659963763e-42	GATAD2B, CAMK2B, BCL11A, PRKAR1B, ASH1L, DPYD, NIPBL, HIVEP2, PDE4D, SETD2, ZFPM2, GABRG2, KAT6A, FRRS1L, VPS13B, SPTAN1, TAOK1, SETBP1, SON, ANK3, MED12L, CACNA1A, RIMS2, RFX7, PIGL, SMARCA2, WAC, RPGRIP1L, GRIA3, THOC2, SRRM2, SPTBN1, FGF13, ZSWIM6, GABBR1, SCN2A, GRIK2, POGZ, CDH11, SYT1, TANC2, VAMP2, SPATA7, JARID2, NOVA2, CEP85L, ARID1B, NTRK2, HECW2, ZMYM2, PHF21A, TNRC6B, MED13, SCN8A, KCNN2, SPECC1L, DEAF1, SBF2, DCX, CDKL5, USP9X, FRA10AC1, DEPDC5, NBEA, NAA15, GRM7, NF1, GRIA1, NLGN1, QRICH1, SCN1A, ACBD6, MAP1B, ATP6V0A1, ALMS1, KANSL1, MAPK10, GRIA2, TCF20, ADGRV1, TRIO, PTEN, RSRC1, MEIS2, TBL1XR1, CUL3, FOXP1, STAG1, PACS1, DMXL2, SETD5, DPYSL5, IQSEC2, STAG2, COG5, ZNF292, BCL11B, STXBP1, CHD2, MYT1L, GNAQ, GABRA2, CNTNAP2, PRORP, UBE3C, TIAM1, PHACTR1, ATP2B1, GNAO1, EXT2, KDM5A, MBD5, SLC35A3, KMT5B, ZBTB7A, LSS, ATP9A, NLGN4X, HERC2, ATG7, CLCN3, TRRAP, GRIN2A, MED13L, PPP2CA, ADGRL1, FRMPD4, AUTS2, GRIN1, TET3, ATP1A3, FBXO11, GABRA1, CELF2, CDH2, SNX14, PRRT2, CDK8, EP300, RORA, NEXMIF, CASK, TRIP12, UBE3A, WDR26, TCF12, SMARCE1, AFF3, NSD1, RERE, GABRB3, EHMT1, KMT2C, SMARCC2, CAMTA1, OPHN1, SNRPN, TOGARAM1, ANKRD17, ZNF462, MECP2, KCNA1, CTNNA2, HEXB, DYRK1A, CREBBP
HP:0000713	Agitation	30	0.01244296972210701	3.2039091663210284	2.2699317103145696e-09	1.546409768477217e-07	6.81067541558688	2.3350787504005977e-05	GLS, DEAF1, COX10, TRANK1, TMEM67, DCX, CDKL5, PRKN, SNCA, HTT, UCHL1, ATP6V0A1, SYNJ1, CACNA1A, FGF12, APP, LRRK2, WAC, LSS, VPS13C, PAK3, GIGYF2, SPTBN1, IGF1R, DNAJC6, MED13L, ADCY5, TSHR, MECP2, SYT1
HP:0002463	Language impairment	30	0.01244296972210701	3.1643547321689174	3.2036227088495155e-09	2.1261720519958042e-07	6.672401594841396	3.2955666805934963e-05	ATXN2, GATAD2B, PRRT2, TAF15, PRKAR1B, FIG4, CNTNAP2, DCX, NF1, FLCN, SCN1A, MBD5, PPARGC1A, PI4KA, CACNA1A, APP, MAPT, UNC13A, EHMT1, ANXA11, KMT2C, HNRNPA2B1, ERBB4, GRIN2A, MAPK1, TARDBP, FOXP1, BCR, NEK1, PAFAH1B1
HP:0032794	Myoclonic seizure	51	0.021153048527581916	3.1347600476234527	1.7362596512020165e-14	2.515620145340161e-12	11.599354936055496	1.7860903031915144e-10	GABRA1, SV2A, CDKL5, GRIN2B, NBEA, CACNA1D, PPP1R21, GABRG2, CASK, SPTAN1, PPP3CA, EFHC1, ATP6V1A, SCN1A, KCTD7, MT-ATP8, CAMK2A, GAD1, GNB1, SYNJ1, CACNA1A, RFX7, FARS2, PLCB1, GOSR2, GABRB3, PIGL, VPS53, MAST3, CACNA1C, CDC40, ST3GAL3, CACNA1B, CLCN3, SCN2A, MACF1, SLC12A5, ARFGEF1, GRIK2, KCNA2, NCDN, YWHAG, DMXL2, MT-ATP6, KCNT1, CTNNA2, HEXB, GRIN1, CEP85L, KCNMA1, DNAJC5
HP:0012469	Infantile spasms	57	0.02364164247200332	3.121757649235874	6.272920164176772e-16	1.1320970127874817e-13	12.946116355556747	6.452952972888645e-12	ATAD1, STXBP1, CDH2, PRRT2, MT-ND5, GNAQ, CNTNAP2, OTUD7A, DCX, CDKL5, GRM7, GRIN2B, DEPDC5, NEXMIF, GABRG2, MT-ND2, CASK, PHACTR1, SPTAN1, ATP2B1, KCNB1, GNAO1, PAFAH1B1, ATP6V1A, ACBD6, MT-ND3, PI4KA, PLCB1, GNB1, GABRB3, VPS53, CDC40, SPTBN1, RNF13, DOCK7, SCN2A, RALGAPA1, MAPK1, MACF1, CUL3, ARFGEF1, NEDD4L, DMXL2, MT-ATP6, MT-ND4, STRADA, KCNA1, CTNNA2, MECP2, HIBCH, GRIN1, MT-ND1, ERCC5, CEP85L, NTRK2, CDK19, KCNQ5
HP:0002133	Status epilepticus	69	0.02861883036084612	3.102733087384575	8.089559697191084e-19	2.249116232567694e-16	15.647988099985273	8.321730060500468e-15	GABRA1, CELF2, CHD2, CACNB4, MICU1, PRRT2, SCN3A, DEAF1, SCN8A, COX10, GABRA2, FIG4, TBCK, CYFIP2, CNTNAP2, GRIN2B, GRM7, NEXMIF, GABRG2, WWOX, ST3GAL5, CLTC, PPP3CA, KCNB1, EFHC1, SCN1A, SON, DNM1L, PSAP, ATP6V1A, ATXN10, AKT3, SLC25A12, GNB1, SYNJ1, BSCL2, CACNA1A, FGF12, PUM1, SMARCA2, ADGRV1, EHMT1, GRIA3, KCNQ3, CACNA2D1, CCDC88A, GABRB2, CACNA1B, FGF13, CACNA1E, SCN2A, CNKSR2, PIK3CA, SLC12A5, KCNA2, FOXG1, YWHAG, STRADA, IQSEC1, MECP2, KCNT1, RHOBTB2, DIS3L2, GRIN1, NTRK2, KCNMA1, CDK19, ATP1A3, STXBP1
HP:0007359	Focal-onset seizure	72	0.02986312733305682	3.091208843887625	1.8016746754387323e-19	5.4511257018347766e-17	16.26351380311562	1.853382738623824e-15	GABRA1, SCN3A, CHD2, SCN8A, PRRT2, MT-CO2, MT-ND5, CTNND2, CNTNAP2, DCX, CDKL5, GRM7, NBEA, DEPDC5, NEXMIF, GABRG2, CASK, NF1, FRRS1L, SPTAN1, GNAO1, DNM1L, ATP6V1A, SCN1A, ACBD6, MAP1B, SMARCE1, PI4KA, KANSL1, MT-CO3, FRYL, GNB1, PLCB1, AFF3, CACNA1A, FGF12, MAPK10, GRIA2, GOSR2, GABRB3, ADGRV1, EHMT1, CACNA1C, KCNQ3, CDC40, SPTBN1, FGF13, SUFU, CLCN3, AP4S1, GRIN2A, SCN2A, PIK3CA, NEDD4L, SLC12A5, PPP2CA, MT-CO1, NCDN, FOXG1, DYNC1H1, DMXL2, PDE2A, MT-ND4, YEATS2, KCNT1, KCNA1, VAMP2, DPYSL5, GRIN1, MT-ND1, ATP1A3, SAMD12
HP:0000752	Hyperactivity	77	0.03193695562007466	3.088588492102901	1.0577892908082146e-20	4.0301771979792974e-18	17.3946758584711	1.0881478434544104e-16	GATAD2B, DPYD, ASH1L, HIVEP2, PDE4D, SETBP1, ANK3, SLC4A10, CACNA1A, SPTBN1, ZSWIM6, SCN2A, POGZ, TRAPPC9, TSHR, DPP6, ARID1B, CDKL5, GRM7, DYM, GRIA1, FLCN, SCN1A, ATP6V0A1, KANSL1, BSCL2, MAPK10, TCF20, ATR, CNKSR2, CUL3, HUWE1, KMT2A, DMXL2, THRB, ATRX, STAG2, SPRED1, STXBP1, HGSNAT, CHD2, MICU1, CNTNAP2, UBE3C, GNAO1, SMAD4, MBD5, GNB5, ATP9A, HERC2, CLCN3, GRIN2A, MED13L, IL1RAPL1, VPS13A, FRMPD4, AUTS2, GRIN1, FBXO11, EP300, NEXMIF, HTT, CASK, TRIP12, UBE3A, SMARCE1, GABRB3, PAK3, SMARCC2, CAMTA1, OPHN1, SNRPN, MECP2, BBS2, KCNA1, DYRK1A, CREBBP
HP:0000736	Short attention span	53	0.02198257984238905	3.0390547796870604	2.3632485224907548e-14	3.376491326508666e-12	11.471534361552939	2.4310737550862394e-10	FBXO11, GABRA1, TTC8, MT-CO2, MT-ND5, PRNP, PRKAR1B, EP300, WDPCP, BBS5, PRKN, SNCA, DISP1, NF1, GABRG2, UBE3A, CLTC, TAOK1, UCHL1, SCN1A, PSAP, MBD5, SCAPER, MT-CO3, SYNJ1, BBS1, FOCAD, SMARCA2, LRRK2, ATP9A, CDON, VPS13C, PAK3, SPTBN1, PTEN, SNRPN, DNAJC6, GRIN2A, SCN2A, GRIK2, MT-CO1, FOXP1, KMT2A, BBS9, MT-ND4, BBS2, SDCCAG8, VPS13A, CREBBP, SCLT1, MT-ND1, SYNE1, SPRED1
HP:0100716	Self-injurious behavior	54	0.022397345499792616	3.035282368093606	1.4314530347637795e-14	2.1654937306786765e-12	11.664443069258358	1.4725357368614999e-10	GLS, CDH2, BCL11A, DEAF1, NRCAM, DPYD, ZBTB20, NIPBL, EP300, CDKL5, GRM7, CASK, GRIA1, GNAO1, TAOK1, SETBP1, ACBD6, MBD5, ATP6V0A1, RFX7, RERE, GRIA2, WAC, EHMT1, KIF5C, GRIA3, KMT2E, HPRT1, WASF1, KMT2C, HERC2, SMARCC2, TRIO, CLCN3, SNRPN, SCN2A, PPP2CA, POGZ, FOXP1, DMXL2, KCNA1, SYT1, VPS13A, VAMP2, RHOBTB2, CREBBP, IQSEC2, GRIN1, ATRX, RPS6KA3, RTTN, LUZP1, UBE4B, HECW2
HP:0100710	Impulsivity	54	0.022397345499792616	3.035282368093606	1.4314530347637795e-14	2.1654937306786765e-12	11.664443069258358	1.4725357368614999e-10	GABRA1, CELF2, SCN3A, SCN8A, MYT1L, CDH2, DEAF1, GABRA2, CYFIP2, HIVEP2, EP300, DEPDC5, PRKN, SNCA, DISP1, GABRG2, WWOX, CLTC, PPP3CA, KCNB1, ATP6V1A, UCHL1, SCN1A, KANSL1, SYNJ1, CACNA1A, FGF12, MAPT, GABRB3, LRRK2, CDON, VPS13C, CACNA2D1, GIGYF2, PHIP, SPTBN1, CACNA1B, GABRB2, DNAJC6, GRIN2A, CNKSR2, SCN2A, GRIK2, KCNA2, IL1RAPL1, FOXG1, YWHAG, RHOBTB2, CREBBP, DPYSL5, IQSEC2, NTRK2, CDK19, ATP1A3
HP:0002069	Bilateral tonic-clonic seizure	125	0.05184570717544587	3.016863621771213	1.0805580673414228e-31	1.5879572626773166e-28	27.799161190091024	1.1115700838741216e-27	ARHGEF9, CAMK2B, GRIN2B, GABRG2, MT-ND2, ST3GAL5, FRRS1L, SPTAN1, PSAP, KCTD7, PLCB1, GNB1, SYNJ1, CACNA1A, RFX7, PUM1, PIGL, WAC, GRIA3, THOC2, CDC40, FGF13, SCN2A, MT-CO1, GRIK2, KCNT1, CEP85L, SCN8A, KCNN2, ARNT2, DEAF1, MT-ND5, NDUFS4, CDKL5, GRM7, NBEA, DEPDC5, GPHN, HACE1, PPP3CA, SCN1A, ACBD6, ATP6V0A1, MT-CO3, TRAPPC6B, MAPK10, GRIA2, ADGRV1, ST3GAL3, ADORA2A, RNF13, DOCK7, SLC12A5, ARFGEF1, MT-ATP6, DMXL2, YEATS2, SETD5, RHOBTB2, NEK1, MT-CYB, DPYSL5, IQSEC2, ATRX, HNRNPU, KCNMA1, DNAJC5, STXBP1, SCN3A, CHD2, MT-CO2, CNTNAP2, SV2A, ACADM, WWOX, GNAO1, DNM1L, RAP1GDS1, CERT1, GOSR2, CRADD, KCNQ3, CLCN3, GRIN2A, PPP2CA, VPS13A, GRIN1, TMEM106B, HNRNPC, ATP1A3, GABRA1, CACNB4, PRRT2, FIG4, CACNA1D, NEXMIF, CASK, ZMYND11, UBE3A, EFHC1, WDR26, KCNB1, ATP6V1A, MT-ND3, CAMK2A, AFF3, NSD1, FGF12, MAPT, GABRB3, EHMT1, HERC1, PAK3, CCDC88A, CACNA1B, CAMTA1, MACF1, MT-ND4, MECP2, KCNA1, HEXB, DYRK1A, MT-ND1, FAR1, SAMD12
HP:0000319	Smooth philtrum	68	0.028204064703442555	2.994719220753676	1.2585454800171292e-17	3.0095318430579407e-15	14.521501057160195	1.2946657352936208e-13	FBXO11, CDK13, EXOC2, MED13, PIGN, AP3B1, CDH2, ASH1L, CNTNAP2, NIPBL, KDM5B, EP300, USP9X, FRA10AC1, FBN1, CASK, TRIP12, DYM, ATP6V1A, SON, FLCN, QRICH1, KDM5A, NALCN, GAD1, RAP1GDS1, AFF3, RERE, CERT1, SMARCA2, ATP9A, ALG9, TRPS1, SRRM2, WDR37, ZNF148, ATG7, SPTBN1, WDR19, TRRAP, ANKRD17, IGF1R, TBL1XR1, MAPK1, MEIS2, PIK3CA, TRAPPC9, UNC80, PACS1, FOXG1, ANKRD11, TASP1, BBS2, BCR, SYT1, SETD5, DYRK1A, CREBBP, RHOBTB2, PPP1CB, JARID2, DIS3L2, STAG2, HNRNPU, ZNF292, RTTN, HNRNPC, FAR1
HP:0000574	Thick eyebrow	55	0.022812111157196183	2.9930361638667784	1.623029562553519e-14	2.3851578728554356e-12	11.62248286985623	1.6696105109988049e-10	CDK13, CNOT2, SPECC1L, NRCAM, TBCK, NIPBL, AFF4, EP300, DOCK7, DEPDC5, PPP1R21, DYM, VPS13B, BPTF, LEMD3, MBD5, SMARCE1, SMAD4, KCNH1, SMARCA2, WAC, CDON, TRPS1, KMT2C, BRD4, SMARCC2, PHIP, SPTBN1, DNMT3A, ASCC3, EXT1, TRIO, CLCN3, ZSWIM6, IGF1R, NBAS, KCNN3, TBL1XR1, RALGAPA1, MAP3K7, KMT2A, CDH11, ANKRD11, TASP1, AUTS2, HDAC8, FRMD4A, CREBBP, RHOBTB2, JARID2, RPS6KA3, BCAS3, ABCA5, ARID1B, HECW2
HP:0002311	Incoordination	35	0.014516798009124844	2.96070814049468	1.2995202021940971e-09	9.480967602816083e-08	7.023147337438362	1.3368164319970677e-05	GABRA1, KCND3, PRRT2, PRNP, EP300, MTR, RORA, GABRG2, LMBRD1, SCN1A, TTC19, ATXN10, ALMS1, BSCL2, CACNA1A, BBS1, NSD1, TCF20, ADGRV1, GRID2, ATP9A, LYST, FGF13, SCN2A, MED13L, POGZ, HUWE1, YWHAG, PDE2A, KCNA1, VPS13A, HEXB, DYRK1A, CREBBP, ATP1A3
HP:0005484	Secondary microcephaly	45	0.018664454583160513	2.9574546150655645	6.23232538578276e-12	6.748624341426027e-10	9.170784745956462	6.411193124354725e-08	GLS, EXOC2, ARNT2, RAB3GAP2, ADAM22, DCX, CDKL5, PRORP, FRA10AC1, EP300, NEXMIF, DHFR, UBE3A, WWOX, CLTC, SCN1A, MBD5, SLC25A12, FTO, FGF12, CERT1, VPS53, KIF5C, ATP9A, WDR37, GABRB2, CACNA1B, JAM3, TRIO, SNRPN, GRIN2A, SLC12A5, TRAPPC9, TMEM165, ITPR1, MECP2, CTNNA2, DYRK1A, CREBBP, VPS50, IQSEC2, COG6, NTRK2, PPP1R12A, PAFAH1B1
HP:0000219	Thin upper lip vermilion	112	0.046453753629199505	2.9263023578222644	3.3959565374381324e-27	3.1758368091478243e-24	23.498141821958882	3.493420490062607e-23	CDK13, GATAD2B, BCL11A, PRKAR1B, NIPBL, AFF4, CIT, HIVEP2, PDE4D, FBN1, TBCE, KAT6A, CDK6, SETBP1, NALCN, MED12L, RFX7, SMARCA2, ARHGEF2, WAC, MAPRE2, OGT, CACNA1C, TRPS1, SRRM2, MCPH1, SPTBN1, WDR19, POGZ, TRAPPC9, CDH11, SLC9A7, SYT1, HDAC8, ARID1B, TNRC6B, ADARB1, MED13, PIGN, SPECC1L, PRKDC, KAT6B, USP9X, CLTC, QRICH1, SCN1A, ACBD6, BPTF, GAD1, HS2ST1, TCF20, TRIO, MEIS2, MAPK1, TBL1XR1, HUWE1, KMT2A, PBX1, PACS1, FOXG1, SETD5, RHOBTB2, ATRX, STAG2, ZNF292, KCNMA1, BCL11B, EXOC2, CHD2, CNOT2, CNTNAP2, NFIA, LMBRD1, SMAD4, MBD5, AMMECR1, ATP9A, HERC2, CLCN3, TRRAP, UNC80, TASP1, BCR, PPP1CB, HNRNPC, FBXO11, ARMC9, CDH2, AP3B1, FIG4, EP300, NEXMIF, ZNF407, TRIP12, WDR26, CUX1, SMARCE1, AFF3, ALG9, PAK3, B3GLCT, SMARCC2, ASCC3, EXT1, OPHN1, SNRPN, IGF1R, ANKRD17, ANKRD11, DYRK1A, CREBBP, FAR1
HP:0000722	Compulsive behaviors	36	0.01493156366652841	2.9016535845926295	1.4269218556310329e-09	1.0337144456955235e-07	6.985599414613553	1.4678745128876436e-05	SCN8A, NIPBL, EP300, USP9X, NFIA, HTT, UBE3A, GRIA1, DRD2, NLGN1, TTC19, MAP1B, GTF2I, GRIA2, TCF20, EHMT1, CHD7, BRD4, SPTBN1, TRIO, CLCN3, SNRPN, TRRAP, MAPK1, ADCY5, POGZ, SGCE, FOXP1, BCR, VPS13A, AUTS2, HDAC8, SETD5, CREBBP, JARID2, ARID1B
HP:0000717	Autism	90	0.03732890916632103	2.879918351749239	1.4912620306039802e-21	6.391921878676309e-19	18.194368541558134	1.5340612508823145e-17	CDK13, DPYD, ZBTB20, TBCK, NIPBL, BBS5, PDE4D, SETD2, GABRG2, TAOK1, GNB1, SYNJ1, CACNA1A, PIGL, HECTD4, GRIA3, CACNA1C, SPTBN1, SCN2A, HDAC8, NTRK2, UBE4B, SCN8A, ARNT2, DEAF1, CYFIP2, WDPCP, CLTC, PPP3CA, FLCN, SCN1A, BRD4, CACNA2D1, GABRB2, DOCK7, PTEN, CNKSR2, PIK3CA, MEIS2, KMT2A, FOXG1, BRAF, IQSEC2, ATRX, LUZP1, CDK19, SCN3A, TTC8, GABRA2, CNTNAP2, REV3L, WWOX, DICER1, EXT2, SMAD4, GTF2I, SCAPER, BBS1, CHD7, HERC2, MED13L, IL1RAPL1, YWHAG, JMJD1C, SDCCAG8, ATP1A3, CELF2, EP300, UBE3A, KCNB1, ATP6V1A, TCF12, FRYL, FGF12, RERE, EHMT1, CACNA1B, ASCC3, SNRPN, KCNA2, BBS9, ANKRD11, STS, GP1BB, MECP2, BBS2, DYRK1A, CREBBP, SCLT1, SDHC
HP:0000817	Reduced eye contact	39	0.016175860638739114	2.87247028704644	4.199542684118026e-10	3.348891131125747e-08	7.475098970680456	4.320069559152213e-06	GLS, MYT1L, CAMK2B, DEAF1, COX10, NDUFS1, GABRA2, NDUFS4, CNTNAP2, ADAM22, CDKL5, GRIN2B, NEXMIF, GPHN, MT-ND2, WWOX, FLCN, MBD5, MT-ND3, NALCN, GNB5, SLC25A12, GRIA3, ST3GAL3, SPTBN1, DOCK7, OPHN1, GFM2, ADCY5, FOXG1, MECP2, KCNT1, SYT1, NDUFAF2, FRMPD4, GRIN1, MT-ND1, NTRK2, AGTPBP1
HP:0002317	Unsteady gait	68	0.028204064703442555	2.8479192589520252	2.463391071159846e-16	4.525161419468096e-14	13.344365924230292	2.534090394902134e-12	SCN3A, CELF2, CHD2, ATXN2, OPA1, PDHX, SLC20A2, XPR1, DEAF1, PRNP, SCN8A, GABRA2, CYFIP2, KDM5B, EP300, NEXMIF, REEP1, GABRG2, CASK, HTT, WWOX, DCC, HACE1, PPP3CA, KCNB1, QRICH1, SCN1A, CLTC, SPTAN1, WLS, ATP6V1A, PDE10A, EXT2, PPP2R2B, ATXN10, CAMK2A, SYT14, SYNJ1, BSCL2, CACNA1A, FGF12, MAPT, DOCK3, VPS13D, HERC2, CACNA2D1, SACS, GABRB2, CACNA1B, CAMTA1, GDAP1, ZSWIM6, CCDC88C, CNKSR2, KCNA2, PACS1, FOXG1, YWHAG, MME, SPATA7, FGD4, CREBBP, STAG2, NTRK2, CDK19, BCL11B, ATP1A3, KCNQ5
HP:0002509	Limb hypertonia	43	0.01783492326835338	2.8260121877293174	9.858898680486305e-11	8.66824707061219e-09	8.062068718501932	1.0141849072616262e-06	SCN3A, CELF2, SLC30A9, SCN8A, GABRA2, CYFIP2, GRM7, GPHN, GABRG2, WWOX, CLTC, PPP3CA, KCNB1, ATP6V1A, SCN1A, KIDINS220, PI4KA, CAMSAP1, GNB1, SYNJ1, CACNA1A, FGF12, CACNA2D1, GABRB2, CACNA1B, FGF13, DNAJC6, ELOVL4, GFM2, CNKSR2, PCCA, ADCY5, GRIK2, KCNA2, FOXG1, YWHAG, NDUFA9, DYRK1A, FRMD4A, RHOBTB2, NTRK2, CDK19, ATP1A3
HP:0033725	Thin corpus callosum	48	0.019908751555371217	2.808906666363642	1.04709272601665e-11	1.099352158164577e-09	8.958863166676474	1.0771442872533279e-07	SYT2, MYT1L, NRCAM, TBCK, KAT6B, OTUD7A, SV2A, HIVEP2, CNTNAP2, DIAPH1, UBE3C, DEPDC5, TIAM1, MED27, LMBRD2, WWOX, CLTC, WDR26, ATP6V1A, SLC4A10, PI4KA, FRYL, VRK1, NT5C2, SYNJ1, RERE, PUM1, PIGL, SMARCA2, MAST3, SMARCC2, AHI1, ATP11A, ROBO1, CLCN3, MACF1, ADCY5, GRIK2, POGZ, GNPTAB, ITPR1, KIF2A, KCNT1, DYRK1A, BCAS3, CEP85L, AGTPBP1, ATP1A3
HP:0012332	Abnormal autonomic nervous system physiology	29	0.012028204064703443	2.783921073357598	1.5357419736487042e-07	7.844573581260435e-06	5.105430659003601	0.001579817768292422	SCN3A, ATXN2, AKAP9, PRNP, DEPDC5, PRKN, SNCA, CALM2, TSPYL1, UCHL1, SNCAIP, SYNJ1, CACNA1A, MAPT, LRRK2, CACNA1C, VPS13C, ANK2, LIFR, CALM3, ATP1A3, CALM1, DNAJC6, SCN2A, MECP2, VPS13A, RHOBTB2, SYNE1, SCN4B
HP:0001336	Myoclonus	105	0.04355039402737453	2.7773825590399013	1.5855579195300092e-23	9.061463510114002e-21	20.04280165408513	1.6310634318205205e-19	ANO3, NFASC, GRIN2B, GABRG2, ST3GAL5, FRRS1L, SPTAN1, DRD2, PSAP, KCTD7, AKT3, PLCB1, GNB1, SYNJ1, CACNA1A, PIGL, GRIA3, KIF1B, VPS13D, SCN2A, MT-CO1, GRIK2, NTRK2, LIN28B, SCN8A, KCNN2, MT-ND5, CYFIP2, CDKL5, GRM7, GPHN, SNCA, HACE1, TSPYL1, PPP3CA, CLTC, SCN1A, ATP6V0A1, MT-CO3, BSCL2, APP, MAPK10, CACNA2D1, GABRB2, DOCK7, CNKSR2, PIK3CA, SGCE, ADCY5, FOXG1, MT-ATP6, DMXL2, YEATS2, GLRB, HIBCH, HNRNPU, CDK19, DNAJC5, SCN3A, KCND3, CHD2, ATXN2, MT-CO2, PRNP, GABRA2, WWOX, PHACTR1, GNAO1, SLC25A12, FARS2, GOSR2, GRIN2A, YWHAG, ITPR1, GRIN1, ATP1A3, GABRA1, CELF2, ATAD1, CACNB4, CTNND2, HTT, CASK, UBE3A, EFHC1, KCNB1, ATP6V1A, AFF3, FGF12, GABRB3, VPS53, ATM, CCDC88A, CACNA1B, CACNA1E, DNAJC6, KCNA2, MT-ND4, MECP2, FRMD5, KCNA1, HEXB, QDPR, MT-ND1, SAMD12
HP:0000455	Broad nasal tip	53	0.02198257984238905	2.7610924522766584	1.9139520024363453e-12	2.2122274437149081e-10	9.655170224350888	1.9688824249062685e-08	FBXO11, PHF21A, GATAD2B, PRKAR1B, DPYD, ZBTB20, CPLANE1, NIPBL, RAB3GAP2, TBC1D32, SETD2, CASK, KAT6A, WDR26, ATP6V1A, SETBP1, QRICH1, BPTF, EXT2, KDM5A, SMARCE1, FLNB, RFX7, KCNH1, NSD1, RAB3GAP1, RARB, HS2ST1, WAC, SMARCC2, PHIP, APC, DOCK7, SNRPN, ZSWIM6, IGF1R, KCNN3, TBL1XR1, MAP3K7, PPP2CA, POGZ, HUWE1, CDH11, FOXP1, KMT2A, DYRK1A, HDAC8, NEK1, RHOBTB2, RPS6KA3, COG6, ARID1B, ZMYM2
HP:0002197	Generalized-onset seizure	38	0.015761094981335544	2.751379623055346	2.79698390981042e-09	1.8805603581843002e-07	6.725712722967077	2.877257348021979e-05	GABRA1, CACNB4, PRRT2, CTNND2, CNTNAP2, DCX, MTR, CDKL5, PRORP, DEPDC5, RARS2, GPHN, GABRG2, PPP3CA, EFHC1, SETBP1, SCN1A, SON, ATXN10, KANSL1, SLC25A12, FRYL, GUCY1A1, PUM1, GOSR2, ADGRV1, EHMT1, KCNQ3, LRPPRC, FGF13, SCN2A, MAPK1, YEATS2, GRIN1, CEP85L, KCNMA1, HECW2, SAMD12
HP:0002353	EEG abnormality	90	0.03732890916632103	2.746207856846596	5.60436333694512e-20	1.8597446982953048e-17	16.730546670691567	5.765208564715446e-16	DPYD, SLC44A1, GRIN2B, PSAP, GNB1, CACNA1A, LARGE1, SPTBN1, SCN2A, MT-CO1, POGZ, PDE2A, SYT1, VAMP2, RTTN, SPTBN4, CEP85L, UBE4B, HECW2, MT-ND5, DEAF1, LRRC8C, SYN2, CDKL5, GRM7, EPG5, FLCN, SCN1A, KANSL1, MT-CO3, MAPK10, GABRB2, FOXP1, FOXG1, NDUFA9, DMXL2, BRAF, YEATS2, RHOBTB2, IQSEC2, LUZP1, HNRNPU, KCNMA1, CHD2, MYT1L, MT-CO2, PRNP, PEX3, CNTNAP2, WWOX, GNAO1, KCNH1, RBPJ, FARS2, LSS, NLGN4X, ANTXR1, B3GALNT2, MED13L, YWHAG, GRIN1, ABCA5, TET3, ABAT, ATP1A3, PAFAH1B1, PRRT2, CTNND2, EP300, CRPPA, CASK, UBE3A, CAMK2A, FGF12, RERE, GABRB3, SNRPN, CACNA1E, ANKRD17, GFM2, LARS2, ANKRD11, MT-ND4, MECP2, KCNA1, CTNNA2, CREBBP, MT-ND1, ERCC5, SAMD12
HP:0007018	Attention deficit hyperactivity disorder	135	0.055993363749481544	2.739684797804205	2.916205678435279e-29	3.333223090451524e-26	25.477135618319757	2.9999007814063717e-25	PRKAR1B, ZBTB20, FANCL, NIPBL, BMPR1A, GABRG2, SH3KBP1, SPTAN1, TAOK1, SETBP1, MSH2, GNB1, SYNJ1, CACNA1A, MED12L, RFX7, SMARCA2, PRKD1, WAC, CACNA1C, SRRM2, SPTBN1, GABBR1, SMC5, GRIK2, POGZ, CDH11, DYNC1I2, SLC9A7, RIC1, KCNT1, TANC2, HDAC8, JARID2, NTRK2, ZMYM2, PHF21A, TNRC6B, MED13, SCN8A, KCNN2, DEAF1, TMEM67, CYFIP2, NBEA, DEPDC5, PPP1R21, NAA15, DISP1, NF1, CLTC, GRIA1, PPP3CA, NLGN1, SCN1A, PCNT, MAP1B, ATP6V0A1, KANSL1, CDON, BRD4, CACNA2D1, PHIP, GABRB2, TRIO, PTEN, CNKSR2, PIK3CA, MAPK1, RSRC1, FOXP1, FOXG1, SETD5, IQSEC2, THRB, STAG2, ZNF292, CDK19, SPRED1, SCN3A, CHD2, MYT1L, PRNP, GNAQ, GABRA2, CNTNAP2, NFIA, TIAM1, WWOX, GTF2I, SCAPER, GNB5, KMT5B, CHD7, ATP9A, HERC2, GRIN2A, PPP2CA, ADGRL1, YWHAG, BCR, JMJD1C, AUTS2, TET3, ATP1A3, TNIK, GABRA1, CELF2, CDH2, CDK8, NEXMIF, ANAPC1, UBE3A, KCNB1, ATP6V1A, FRYL, NSD1, FGF12, RERE, GABRB3, EHMT1, ATM, CACNA1B, ASCC3, CAMTA1, OPHN1, SNRPN, ANKRD17, KCNA2, STS, ANKRD11, GP1BB, IQSEC1, DYRK1A, PPP1R12A
HP:0002002	Deep philtrum	25	0.010369141435089175	2.738383902838486	1.530378547187241e-06	6.727779536288525e-05	4.172128248444106	0.015743004114915148	SNX14, ARNT2, NRCAM, DPYD, EP300, CDKL5, FBN1, NSD1, HS2ST1, TRPS1, ZNF148, DNMT3A, EXT1, MAP3K7, PBX1, PRKACB, ITPR1, BRAF, AUTS2, SUZ12, SETD5, CREBBP, PPP1CB, JARID2, NOVA2
HP:0000194	Open mouth	39	0.016175860638739114	2.731201256535959	2.2053805564331762e-09	1.514263176833883e-07	6.819798638499169	2.2686749784028084e-05	PIGN, DST, DEAF1, DPYD, ASH1L, TBCK, ADAM22, REV3L, PDE4D, NEXMIF, CLTC, VPS13B, SETBP1, MBD5, KANSL1, MED12L, KCNH1, PIGL, TCF20, OGT, GRIA3, PAK3, CCDC88A, AHI1, ZSWIM6, GFM2, MED13L, POGZ, FOXP1, UNC80, IL1RAPL1, STRADA, BRAF, IQSEC2, DIS3L2, ATRX, RPS6KA3, BCAS3, TET3
HP:0000322	Short philtrum	82	0.034010783907092494	2.726023882109721	4.200161446864725e-18	1.0538307513145713e-15	14.977229132645586	4.3207060803897426e-14	CDK13, GATAD2B, ASH1L, HIVEP2, PDE4D, KAT6A, TSPAN7, VPS13B, TAOK1, SETBP1, SON, GNB1, MED12L, RAB3GAP1, PIGL, SMARCA2, HECTD4, GRIA3, SPTBN1, MAP3K7, POGZ, TRAPPC9, CDH11, STIM1, JARID2, ARID1B, PHF21A, DEAF1, ADAMTSL1, DISP1, EPB41L1, PPP3CA, ACBD6, BPTF, KIDINS220, CDON, PHIP, TRIO, DOCK7, MEIS2, HUWE1, ADAMTS3, SETD5, DPYSL5, IQSEC2, STAG2, ZNF292, BCL11B, CNTNAP2, RAB3GAP2, SLC35A1, ITCH, EXT2, SMAD4, RAP1GDS1, KCNH1, APC, CLCN3, TRRAP, PPP2CA, UNC80, JMJD1C, AUTS2, BCAS3, FBXO11, CDH2, FIG4, NEXMIF, TRIP12, WDR26, WLS, SMARCE1, FRYL, AFF3, SUFU, OPHN1, AP4S1, ANKRD17, PRKACB, GP1BB, MTX2, CREBBP
HP:0000414	Bulbous nose	65	0.026959767731231855	2.722275762233554	1.3166324102746815e-14	2.0521511521963105e-12	11.687790654209742	1.354419760449565e-10	FBXO11, CDK13, SNX14, MYT1L, TBCK, KAT6B, CNTNAP2, KDM5B, CIT, USP9X, FRA10AC1, FBN1, ZNF292, ATP6V1A, QRICH1, MIPEP, EXT2, CUX1, MBD5, KANSL1, RAP1GDS1, MED12L, AFF3, KCNH1, RERE, PIGL, SMARCA2, TCF20, WAC, TRPS1, SRRM2, ALDH1A2, SPTBN1, CAMTA1, EXT1, TRIO, CLCN3, DOCK7, SMC5, AP4S1, TRRAP, KCNN3, MED13L, MAP3K7, HUWE1, CDH11, UNC80, DYNC1I2, PACS1, FOXG1, KMT2A, GP1BB, BRAF, BBS2, MTX2, JMJD1C, SETD5, DYRK1A, JARID2, STAG2, ABCA5, HECW2, CDK19, ZMYM2, STXBP1
HP:0100704	Cerebral visual impairment	55	0.022812111157196183	2.7162235706767874	1.5518462710403254e-12	1.834924435654233e-10	9.736381815801053	1.5963842590191828e-08	SCN3A, ADARB1, MT-CO2, MT-ND5, GABRB1, GABRA2, TBCK, RAB3GAP2, SV2A, CDKL5, GRM7, SELENOI, DIAPH1, CACNA1D, DISP1, ST3GAL5, KAT6A, PPP3CA, SON, SCN1A, FBXW7, CAMSAP1, MT-CO3, GNB1, AFF3, FGF12, CERT1, PUM1, RERE, RAB3GAP1, CDON, CACNA2D1, GABRB2, CACNA1B, RNF13, DOCK7, SNRPN, CACNA1E, RALGAPA1, MACF1, NEDD4L, MT-CO1, GRIK2, POGZ, ITPR1, BRAF, VAMP2, MT-CYB, GRIN1, SPTBN4, STAG2, MT-ND1, COG5, CEP85L, HECW2
HP:0012448	Delayed myelination	36	0.01493156366652841	2.6980287716387608	1.2976021809430984e-08	7.945496211524794e-07	6.099878975083703	0.00013348433635361655	PIGN, GATAD2B, DCX, CDKL5, GRM7, EP300, ADAMTSL1, VPS33A, CASK, DHFR, TBCE, UBE3A, HACE1, CLTC, GNAO1, FLCN, SCN1A, PLCB1, GNB1, KMT2E, ALG9, SPTBN1, RNF13, SCN2A, SLC12A5, POGZ, DMXL2, KCNT1, KCNA1, SYT1, CREBBP, GRIN1, HNRNPU, COG5, NTRK2, STXBP1
HP:0001182	Tapered finger	47	0.019493985897967647	2.695010842363997	8.644142654174462e-11	7.800201358201113e-09	8.107894186075303	8.892229548349269e-07	FBXO11, PHF21A, SMARCAD1, PIGN, PRKAR1B, FIG4, TBCK, HIVEP2, CDKL5, USP9X, ADAMTSL1, VPS13B, ACBD6, MAP1B, SLC4A10, EXOC6B, SLC25A12, WNK1, GNB1, CHD4, PUM1, MAPRE2, AMMECR1, TCF20, EHMT1, SMARCA2, HECTD4, DOCK3, KMT2E, WASF1, KMT2C, CCDC88A, PHIP, RNF13, TRIO, MAPK1, HUWE1, KMT2A, UNC80, TRAPPC9, SETD5, DYRK1A, HDAC8, DPYSL5, ATRX, RPS6KA3, ZMYM2
HP:0000527	Long eyelashes	41	0.017005391953546247	2.6740005255809094	1.7576206248202695e-09	1.2469409218983526e-07	6.904154122224215	1.8080643367526114e-05	FBXO11, SLC30A9, CNOT2, NRCAM, DPYD, TBCK, NIPBL, CNTNAP2, AFF4, EP300, DEPDC5, VPS33A, FBN1, MED27, VPS13B, CAMKMT, MBD5, SMAD4, SLC4A10, SMARCE1, KCNH1, SMARCA2, ARHGEF2, HECTD4, PPM1B, BRD4, SMARCC2, PREPL, ASCC3, CAMTA1, DOCK7, KCNN3, KMT2A, STAG1, PACS1, HDAC8, FRMD4A, CREBBP, RHOBTB2, EGFR, ARID1B
HP:0000718	Aggressive behavior	94	0.03898797179593529	2.6681502691842893	7.728393694160079e-20	2.484437060369523e-17	16.604772001003553	7.9501985931824735e-16	CAMK2B, NFASC, PRKAR1B, DPYD, ZBTB20, NIPBL, HIVEP2, KDM5B, SETD2, FRRS1L, SETBP1, ANK3, SLC4A10, GNB1, MED12L, CACNA1A, RFX7, SMARCA2, WAC, HECTD4, GRIA3, SPTBN1, SCN2A, GRIK2, POGZ, DYNC1I2, PDE2A, KCNT1, JARID2, CEP85L, ARID1B, DEAF1, NRCAM, TMEM67, USP9X, NBEA, SCN1A, TTC19, BPTF, ACBD6, MAPK10, TCF20, PHIP, DNMT3A, TRIO, MAPK1, KMT2A, FOXP1, PACS1, RHOBTB2, DPYSL5, IQSEC2, CHD2, MYT1L, PRNP, CNTNAP2, UBE3C, MBD5, KMT5B, RAP1GDS1, KMT2E, ATP9A, KCNQ3, HERC2, GRIN2A, MED13L, FGF14, VPS13A, FRMPD4, TMEM106B, ATP1A3, GABRA1, CACNB4, PRRT2, FIG4, EP300, NEXMIF, HTT, ZMYND11, TRIP12, EFHC1, ATXN10, SMARCE1, NSD1, MAPT, GABRB3, EHMT1, PAK3, SMARCC2, CAMTA1, IQSEC1, MECP2, DYRK1A, CREBBP
HP:0000490	Deeply set eye	93	0.038573206138531727	2.6574229874502175	1.6501923310380225e-19	5.144099548299436e-17	16.288690635562293	1.6975528509388137e-15	GATAD2B, CAMK2B, DPYD, ASH1L, ZBTB20, TBCK, FBN1, TBCE, KAT6A, SETBP1, SON, NALCN, MED12L, RAB3GAP1, WAC, GRIA3, CHN1, ARIH1, SRRM2, SPTBN1, PIK3R1, SLC9A7, STIM1, THSD4, HDAC8, JARID2, NOVA2, UBE4B, HECW2, ARNT2, DEAF1, PRKDC, LRRC8C, TMEM67, CDKL5, RARS2, NF1, HACE1, EPB41L1, MIPEP, ACBD6, BPTF, KIDINS220, ALMS1, TCF20, WASF1, PHIP, PIK3CA, MAPK1, MEIS2, TBL1XR1, HUWE1, STAG1, RHOBTB2, DPYSL5, IQSEC2, LUZP1, PRKG1, MYT1L, RAB3GAP2, SLC35A1, DNM1L, SMAD4, KMT2E, TRRAP, RALGAPA1, NEDD4L, BCR, GRIN1, HNRNPC, FBXO11, CDH2, EP300, CRPPA, SMAD3, UBE3A, WDR26, LEMD3, FRYL, RERE, PAK3, LIFR, CAMTA1, OPHN1, SNRPN, TOGARAM1, IGF1R, ANKRD17, HS6ST2, BBS2, DYRK1A, CREBBP, DIS3L2
HP:0002307	Drooling	50	0.02073828287017835	2.6369622768074312	5.291905884136334e-11	4.860521056259863e-09	8.31331717112278	5.443783583011046e-07	GABRA1, ATXN2, DEAF1, TAF15, FIG4, HIVEP2, NEXMIF, MED27, GABRG2, UBE3A, DNM1L, SCN1A, MBD5, PPARGC1A, PDE10A, NALCN, PI4KA, SLC25A12, CERT1, PIGL, SMARCA2, UNC13A, ANXA11, HERC1, PAK3, SPTBN1, CAMTA1, SNRPN, AP4S1, GFM2, RSRC1, ERBB4, GRIN2A, SCN2A, GRIK2, SPART, TARDBP, FOXP1, SLC9A7, FOXG1, ITPR1, TASP1, MECP2, STRADA, VPS13A, SETD5, NEK1, ATRX, NRXN1, ATP1A3
HP:0002067	Bradykinesia	37	0.015346329323931979	2.634325314530624	1.6802634234192497e-08	1.0108111015622118e-06	5.995329996945304	0.00017284869836713823	GABRA1, SLC20A2, ATXN2, KCNN2, PRRT2, XPR1, PRNP, PRKAR1B, PRKN, ATXN1, SNCA, GABRG2, ATCAY, HTT, CLTC, UCHL1, SCN1A, TTC19, ATXN10, PPP2R2B, SNCAIP, SYNJ1, FARS2, MAPT, LRRK2, ADGRV1, VPS13C, GIGYF2, FGF13, DNAJC6, SCN2A, ATL1, PDE8B, MECP2, VPS13A, TENM4, ATP1A3
HP:0001852	Sandal gap	30	0.01244296972210701	2.6154360541396153	4.3899557235817977e-07	2.130163892853111e-05	4.671586981057279	0.004515947452848596	FBXO11, EP300, KAT6A, TRIP12, VPS13B, SETBP1, BPTF, PCNT, MBD5, SMARCE1, CHST11, FLNB, RFX7, NSD1, SMARCA2, TCF20, HERC2, TRIO, NBAS, ATR, IGF1R, MEIS2, MAPK1, PIK3CA, MTX2, BCR, SETD5, SUZ12, CREBBP, ARID1B
HP:0002123	Generalized myoclonic seizure	43	0.01783492326835338	2.6055431518071726	1.7481115719471284e-09	1.2469409218983526e-07	6.904154122224215	1.798282374062011e-05	GABRA1, CHD2, STXBP1, PRRT2, MT-ND5, SAMD12, CDKL5, GRM7, NEXMIF, GPHN, GABRG2, MT-ND2, CASK, HACE1, EFHC1, GNAO1, DNM1L, SCN1A, ACBD6, PSAP, MT-ND3, KCTD7, CACNA1A, NSD1, MAPK10, GABRB3, ADGRV1, FGF13, OPHN1, ELOVL4, SCN2A, SLC12A5, TRAPPC9, DMXL2, MT-ATP6, MT-ND4, MECP2, KCNA1, SETD5, DYRK1A, GRIN1, MT-ND1, PAFAH1B1
HP:0002136	Broad-based gait	36	0.01493156366652841	2.584666218208561	4.5148378914937696e-08	2.4836437106843e-06	5.60491070542859	0.0004644413738979641	KCND3, SNX14, BCL11A, DEAF1, NBEA, HTT, ATCAY, UBE3A, HACE1, CLTC, WDR26, SPTAN1, EXT2, MAP1B, VLDLR, RFX7, TRAPPC6B, CERT1, PIGL, WASF1, SPTBN1, CAMTA1, SNRPN, ZSWIM6, CCDC88C, FNIP1, KMT2A, SLC9A7, YWHAG, ITPR1, TRIM2, MECP2, NDUFAF2, DYRK1A, TMEM106B, NRXN1
HP:0001266	Choreoathetosis	40	0.01659062629614268	2.5695512110845344	9.916082249452552e-09	6.182226551522327e-07	6.208855083990732	0.0001020067381001184	SLC30A9, SLC20A2, MICU1, PIGN, PRRT2, SCN8A, XPR1, CDKL5, GRM7, GABRG2, CASK, FRRS1L, ST3GAL5, GNAO1, PNKD, SCN1A, CACNA1A, SETX, ATM, HPRT1, ATG7, CACNA1B, SCN2A, ADCY5, GRIK2, NDUFA9, DMXL2, PDE2A, MT-ATP6, MECP2, KCNA1, SYT1, RHOBTB2, QDPR, GRIN1, SPTBN4, TMEM106B, ABAT, ATP1A3, STXBP1
HP:0012444	Brain atrophy	56	0.023226876814599753	2.5585584786306965	1.4439267832161766e-11	1.4706608731628524e-09	8.832487461802616	1.485367481894481e-07	SCN3A, CELF2, SCN8A, MT-CO2, MT-ND5, PRKDC, NDUFS1, GABRA2, TBCK, CYFIP2, TBC1D32, TMEM106B, USP9X, DIAPH1, RARS2, VPS33A, GABRG2, WWOX, CLTC, PPP3CA, KCNB1, ATP6V1A, SCN1A, ACBD6, PDE10A, MT-CO3, FTO, SYNJ1, CACNA1A, AFF3, FGF12, RAB3GAP1, MAPT, GRID2, LYST, CACNA2D1, HNRNPA2B1, GABRB2, CACNA1B, DNAJC6, ELOVL4, CNKSR2, MT-CO1, KCNA2, STAG1, LRP12, FOXG1, YWHAG, MT-ND4, KCNT1, MT-ND1, COG5, NTRK2, CDK19, ATP1A3, KCNQ5
HP:0002072	Chorea	50	0.02073828287017835	2.558011310435951	1.7730756376668344e-10	1.4931748429697793e-08	7.825889335683479	1.8239629084678726e-06	SLC20A2, GPR88, ATXN2, MICU1, KCNN2, PRRT2, XPR1, SCN8A, PRNP, ATXN7, MT-ND5, GABRA2, CDKL5, GRIN2B, ATXN1, HTT, MT-ND2, FRRS1L, JAZF1, GNAO1, PNKD, SCN1A, PSAP, MT-ND3, PDE10A, SLC4A10, CACNA1A, GRIA2, SETX, LRPPRC, CACNA2D1, SCN2A, ADCY5, FOXG1, ITPR1, PDE2A, MT-ATP6, MECP2, KCNA1, SYT1, VPS13A, VAMP2, MT-ND4, RHOBTB2, DPYSL5, RNF216, MT-ND1, GRIN1, KCNMA1, ATP1A3
HP:0001344	Absent speech	134	0.05557859809207798	2.5498074434269804	1.1682807887845748e-25	8.584360338733515e-23	22.06629206063215	1.201810447422692e-21	CAMK2B, DPYD, ASH1L, TBCK, HIVEP2, GRIN2B, GABRG2, TBCE, KAT6A, ST3GAL5, FRRS1L, SETBP1, GRM1, NALCN, SLC4A10, KCTD7, LARGE1, SMARCA2, WAC, SPTBN1, FGF13, ZSWIM6, GRIK2, POGZ, KCNT1, SYT1, SPTBN4, ARID1B, ARL13B, NTRK2, AGTPBP1, UBE4B, HECW2, ADARB1, PIGN, DEAF1, CNNM2, CYFIP2, FRA10AC1, RARS2, DISP1, DYM, GRIA1, PPP3CA, CLTC, SCN1A, ACBD6, TRAPPC6B, GRIA2, DOCK3, CDON, CACNA2D1, GABRB2, TRIO, DOCK7, CNKSR2, TBL1XR1, ARFGEF1, HUWE1, PACS1, FOXG1, INTS8, SETD5, RHOBTB2, FRMD4A, DPYSL5, IQSEC2, LUZP1, STAG2, HNRNPU, BCL11B, STXBP1, SCN3A, CNTNAP2, RAB3GAP2, VPS33A, GNAO1, DNM1L, SLC33A1, KDM5A, GNB5, KMT5B, SLC25A12, KCNH1, FARS2, ATP9A, ATG7, CLCN3, CSPP1, TRRAP, RALGAPA1, NEDD4L, UNC80, STRADA, FRMPD4, GRIN1, BCAS3, TMEM106B, HNRNPC, KCNQ5, SNX14, EP300, NEXMIF, HTT, CASK, UBE3A, WDR26, KCNB1, ATP6V1A, SMARCE1, CAMK2A, NSD1, FGF12, RERE, EHMT1, HERC1, KIF5C, WDR37, CCDC88A, SMARCC2, CACNA1B, CCND2, OPHN1, SNRPN, TOGARAM1, CACNA1E, GFM2, MACF1, KCNA2, IQSEC1, MECP2, CTNNA2, DYRK1A, CREBBP
HP:0000154	Wide mouth	67	0.02778929904603899	2.544141204663809	1.980954365434301e-13	2.681325994371402e-11	10.571650381485298	2.037807755722265e-09	FBXO11, CHD2, MED13, PIGN, MYT1L, GATAD2B, DPYD, CNTNAP2, TMEM67, NEXMIF, ZMYND11, UBE3A, KAT6A, DYM, TRIP12, WDR26, SETBP1, SCN1A, MIPEP, FLCN, WLS, MBD5, SOS1, GTF2I, SMARCE1, QRICH1, NALCN, CAMK2A, KCNH1, AFF3, HS2ST1, SMARCA2, PIGL, WAC, HECTD4, ALG9, B3GLCT, ZNF148, SMARCC2, TRIO, SNRPN, ZSWIM6, AP4S1, TRRAP, KCNN3, RALGAPA1, MAPK1, MAP3K7, MED13L, POGZ, HUWE1, PIK3CA, STAG1, PACS1, ANKRD11, GNPTAB, TASP1, STRADA, AUTS2, DPYSL5, ATRX, RPS6KA3, ARID1B, NRXN1, KCNMA1, CDK19, HECW2
HP:0000739	Anxiety	137	0.05682289506428868	2.52806655600277	1.2878109362916854e-25	8.831807401088379e-23	22.053950410352712	1.3247711101632567e-21	XPR1, NFASC, PRKAR1B, ASH1L, ZBTB20, NIPBL, HIVEP2, BBS5, BMPR1A, PRKN, SETD2, GABRG2, DRD2, SETBP1, PPARGC1A, SLC4A10, MSH2, GNB1, SYNJ1, CACNA1A, MED12L, RIMS2, RFX7, UNC13A, LRRK2, WAC, HECTD4, ANXA11, THOC2, SRRM2, SPTBN1, FGF13, SMC5, SCN2A, ERBB4, TARDBP, MT-CO1, GRIK2, POGZ, KCNT1, SYT1, TANC2, HDAC8, PHF21A, KCNN2, MT-ND5, SPECC1L, DEAF1, WDPCP, DEPDC5, DISP1, SNCA, SCN1A, TTC19, BPTF, KANSL1, MT-CO3, TCF20, ADGRV1, CDON, BRD4, PHIP, DNMT3A, PIK3CA, MAPK1, ADCY5, SGCE, KMT2A, FOXP1, NEK1, IQSEC2, THRB, STAG2, BCL11B, TTC8, ATXN2, MYT1L, MT-CO2, PRNP, TRANK1, MBD5, GTF2I, SCAPER, BBS1, NR3C1, CHD7, KMT2E, VPS13C, CLCN3, GRIN2A, YWHAG, JMJD1C, SDCCAG8, CFTR, VPS13A, PPP1CB, TMEM106B, TET3, ATP1A3, GABRA1, SLC20A2, CDH2, PRRT2, TAF15, FIG4, NEXMIF, HTT, TRIP12, MAMLD1, EFHC1, UCHL1, TCF12, PDE10A, PPP2R2B, FRYL, NSD1, STX16, MAPT, GABRB3, EHMT1, ATM, PAK3, ASCC3, SNRPN, IGF1R, DNAJC6, SPART, BBS9, GP1BB, MT-ND4, MECP2, BBS2, FRMD5, HEXB, DYRK1A, SCLT1, MT-ND1
HP:0000248	Brachycephaly	78	0.03235172127747823	2.52429207043475	3.3858065632793775e-15	5.442155018196087e-13	12.264229091628605	3.482979211645496e-11	ZBTB20, TBCK, NIPBL, PDE4D, FBN1, SETBP1, NALCN, RFX7, RAB3GAP1, PIGL, PRKD1, WAC, GRIA3, ZSWIM6, POGZ, TRAPPC9, CDH11, THSD4, HDAC8, RNF216, NOVA2, ARID1B, UBE4B, PHF21A, ADARB1, SPECC1L, DEAF1, USP9X, ADAMTSL1, KIDINS220, TCF20, LRPPRC, BRD4, NBAS, TBL1XR1, HUWE1, BRAF, SETD5, NEK1, DPYSL5, IQSEC2, LUZP1, STXBP1, TTC8, RAB3GAP2, ATP2B1, EXT2, MBD5, PCLO, CLCN3, RALGAPA1, MED13L, UNC80, PTPN11, AUTS2, TET3, HNRNPC, FBXO11, SMAD3, ZMYND11, TRIP12, UBE3A, WDR26, TCF12, CAMK2A, RERE, EHMT1, ALG9, KMT2C, B3GLCT, CHD6, SUFU, SNRPN, ANKRD17, ANKRD11, MECP2, MTX2, ASPH
HP:0002342	Moderate intellectual disability	36	0.01493156366652841	2.521108852187039	9.131566936513698e-08	4.867172490980124e-06	5.312723262231241	0.0009393642907591641	MYT1L, CNTNAP2, TMEM67, CWC27, USP9X, CASK, CAMKMT, ANK3, EXT2, SLC35A3, SMARCE1, KANSL1, NSD1, PIGL, RPGRIP1L, GRIA3, THOC2, HPRT1, PPM1B, SMARCC2, PREPL, DNMT3A, OPHN1, SNRPN, GRIN2A, MED13L, CDH11, FOXP1, ANKRD11, ITPR1, DMXL2, MECP2, GRIN1, STAG2, COG5, ARID1B
HP:0000709	Psychosis	38	0.015761094981335544	2.5167658567483016	4.265395536449361e-08	2.3590389184653e-06	5.627264894241449	0.0004387812388345458	USP48, SLC20A2, CHD2, KCNN2, MT-CO2, XPR1, MT-ND5, PRNP, ATXN7, PRORP, SCN1A, TTC19, SMAD4, MT-CO3, CACNA1A, MAPK10, MAPT, NR3C1, GABRB3, EHMT1, PAK3, HERC2, BRD4, SNRPN, TRRAP, MT-CO1, SPART, BRAF, MECP2, MT-ND4, KCNT1, VPS13A, JARID2, MT-ND1, ATRX, RPS6KA3, TMEM106B, ZMYM2
HP:0002063	Rigidity	58	0.024056408129406886	2.515421071358642	1.3551735449687602e-11	1.3940670257093636e-09	8.855716345179227	1.3940670257093637e-07	GABRA1, CELF2, MYO5A, ATXN2, SLC20A2, PRRT2, SCN3A, XPR1, RANBP2, PRNP, SCN8A, GABRA2, CYFIP2, PRKN, GPHN, SNCA, CASK, HTT, GABRG2, WWOX, FRRS1L, CLTC, PPP3CA, KCNB1, ATP6V1A, UCHL1, SCN1A, PSAP, PNKD, SNCAIP, SYNJ1, CACNA1A, FGF12, MAPT, LRRK2, VPS13C, CACNA2D1, SIL1, GIGYF2, CACNA1B, GABRB2, DNAJC6, SCN2A, CNKSR2, ATL1, KCNA2, FOXG1, YWHAG, MT-ATP6, ATAD1, PDE8B, MECP2, MME, GLRB, RHOBTB2, NTRK2, CDK19, ATP1A3
HP:0011344	Severe global developmental delay	68	0.028204064703442555	2.5150455793342563	2.4109888425611047e-13	3.221018470574816e-11	10.492006784759408	2.4801842223426084e-09	RNASET2, SLC30A9, EXOC2, PIGN, SNX14, ARNT2, DEAF1, CTNND2, MT-ND5, FUT8, DPYD, GABRA2, FIG4, TBCK, RAB3GAP2, PEX3, KDM5B, MTR, CDKL5, GRM7, DEPDC5, PRORP, NEXMIF, PPP1R21, GPHN, GABRG2, MT-ND2, CASK, PHACTR1, DYM, WDR26, SLC33A1, GRM1, MT-ND3, FTO, KCNH1, NIN, ADK, VPS53, ABAT, ST3GAL3, FGF13, GFM2, SCN2A, TBL1XR1, RALGAPA1, MEIS2, UNC80, DYNC1I2, GNPTAB, MT-ATP6, BRAF, MT-ND4, MECP2, CTNNA2, SYT1, STRADA, DYRK1A, VPS50, DPYSL5, SPTBN4, MT-ND1, RPS6KA3, ERCC5, GRIN1, NTRK2, RTTN, STXBP1
HP:0000233	Thin vermilion border	40	0.01659062629614268	2.512869934369434	1.9931998853189198e-08	1.178393518406651e-06	5.928709654936613	0.00020504047220275729	CDK13, PIGN, SPECC1L, FIG4, NIPBL, KDM5B, PRORP, NEXMIF, ZFPM2, NF1, TBCE, SON, LEMD3, SMAD4, RAP1GDS1, FTO, RAB3GAP1, SMARCA2, AMMECR1, CACNA1C, BRD4, B3GLCT, LIFR, PHIP, GRB10, DNMT3A, CAMTA1, NBAS, WDR19, IGF1R, HS6ST2, TBL1XR1, POGZ, CDH11, PRKACB, BBS2, HDAC8, PPP1CB, HNRNPU, STXBP1
HP:0010864	Severe intellectual disability	66	0.027374533388635422	2.4950797047455797	1.325410604768479e-12	1.585406847820156e-10	9.799859270297985	1.3634498891253343e-08	STXBP1, PDHX, GATAD2B, SNX14, MYT1L, CTNND2, GLI3, CNTNAP2, NIPBL, RAB3GAP2, CIT, CACNA1D, CDK6, UBE3A, KAT6A, DYM, SON, EXT2, MBD5, SLC35A3, SMARCE1, GNB5, AKT3, KANSL1, KCNH1, NSD1, RAB3GAP1, NIN, LARGE1, SMARCA2, AMMECR1, PIGL, HERC1, GRIA3, THOC2, ATP9A, MCPH1, BRD4, SMARCC2, DNMT3A, OPHN1, SNRPN, AP4S1, GRIN2A, PIK3CA, MACF1, ADCY5, POGZ, TSHR, FOXP1, STAG1, TRAPPC9, FOXG1, L2HGDH, MT-ATP6, MECP2, HDAC8, FRMD4A, IQSEC2, GRIN1, RTTN, HNRNPU, COG5, ARID1B, CEP85L, PAFAH1B1
HP:0000348	High forehead	91	0.03774367482372459	2.476057190107971	7.273693228895862e-17	1.4964896449130348e-14	13.824926283950878	7.482448224565173e-13	HIVEP2, SETD2, FBN1, GABRG2, TBCE, TAOK1, SETBP1, AKT3, SYNJ1, CACNA1A, MED12L, THOC2, SPTBN1, SCN2A, CDH11, STIM1, SYT1, MDH1, NPHP3, NTRK2, FUT8, SCN8A, CYFIP2, CDKL5, FRA10AC1, PPP1R21, CLTC, EPB41L1, PPP3CA, SCN1A, SOS1, KANSL1, SOS2, TCF20, CACNA2D1, PHIP, GABRB2, TRIO, CNKSR2, PIK3CA, MAPK1, TBL1XR1, HUWE1, KMT2A, FOXG1, BRAF, SETD5, RHOBTB2, HNRNPU, CDK19, SCN3A, GLI3, GABRA2, PEX3, WWOX, EXT2, GTF2I, KMT5B, RAP1GDS1, KCNH1, FOCAD, ANTXR1, APC, UNC80, GNPTAB, YWHAG, STRADA, PTPN11, FRMPD4, PPP1CB, TET3, ATP1A3, PAFAH1B1, FBXO11, CELF2, FIG4, SMAD3, KCNB1, ATP6V1A, WLS, NSD1, FGF12, WDR37, RRAS2, CACNA1B, ASCC3, CCND2, KCNA2, ANKRD11, MTX2, DIS3L2
HP:0001357	Plagiocephaly	42	0.017420157610949814	2.4747436319169327	1.4601102668835533e-08	8.887665275403026e-07	6.051212310028351	0.0001502015431543111	FBXO11, CDK13, COL25A1, PHF21A, ADARB1, NRCAM, PRKAR1B, ZBTB20, CYFIP2, AFF4, PPP1R21, CASK, KAT6A, ATP2B1, PPP3CA, KIDINS220, CUX1, FOCAD, PIGL, SMARCA2, TCF20, EHMT1, CHN1, NLGN4X, ANTXR1, KMT2C, HERC2, SPTBN1, CLCN3, MAPK1, MED13L, PPP2CA, POGZ, UNC80, GNPTAB, DYNC1H1, KIF21A, EML1, DPYSL5, ZNF292, ARID1B, STXBP1
HP:0002553	Highly arched eyebrow	61	0.025300705101617586	2.4583453980576446	1.4831006328701117e-11	1.4957506088563568e-09	8.825140811703097	1.525665621033484e-07	FBXO11, CDK13, ARMC9, SPECC1L, TBCK, NIPBL, CYFIP2, SV2A, CPLANE1, AFF4, EP300, TMEM67, SETD2, MED27, CASK, KAT6A, ACBD6, MBD5, SMAD4, GAD1, RAP1GDS1, KCNH1, PIGL, SMARCA2, RPGRIP1L, CHD7, EHMT1, PIBF1, LRPPRC, BRD4, AHI1, TRIO, ROBO1, SUFU, TOGARAM1, CSPP1, TRRAP, IGF1R, MEIS2, MAPK1, ZNF462, ZSWIM6, POGZ, KMT2A, CDH11, PACS1, ANKRD11, TASP1, STRADA, BCR, AUTS2, HDAC8, FRMD4A, CREBBP, PPP1CB, RHOBTB2, STAG2, RPS6KA3, ARL13B, FAR1, STXBP1
HP:0001773	Short foot	42	0.017420157610949814	2.4577933330681865	3.0151051187229416e-08	1.7327590143185978e-06	5.761261833148223	0.000310163863563029	FBXO11, PIGN, NIPBL, CDKL5, USP9X, TTC21B, DYNC2H1, FBN1, HTT, TBCE, WDR26, SON, MBD5, SMAD4, LMBR1, BBS1, RERE, CERT1, PIGL, KIF5C, TRPS1, HERC2, BRD4, B3GLCT, CHD6, ASCC3, SNRPN, WDR19, TRRAP, IGF1R, TBL1XR1, MAP3K7, SPART, HUWE1, DYNC1H1, IFT80, MECP2, DYRK1A, HDAC8, LUZP1, UBE4B, ZMYM2
HP:0001298	Encephalopathy	59	0.024471173786810452	2.446998586575284	3.787989851685602e-11	3.6417805237654006e-09	8.438686231025926	3.8967051604289786e-07	SCN3A, CELF2, CHD2, ATAD1, SCN8A, MT-CO2, MT-ND5, RANBP2, PRNP, NDUFS1, GABRA2, NDUFS4, TBCK, CYFIP2, SLC35A1, GABRG2, MT-ND2, TBCE, WWOX, CLTC, PPP3CA, KCNB1, DNM1L, SCN1A, PSAP, ATP6V1A, MT-ND3, MT-ATP8, MT-CO3, SYNJ1, BSCL2, CACNA1A, FGF12, MAPK10, GABRB3, LRPPRC, CACNA2D1, ATG7, CACNA1B, GABRB2, ATP1A3, SMC5, SCN2A, CNKSR2, MT-CO1, GRIK2, KCNA2, FOXG1, YWHAG, MT-ATP6, MT-ND4, MECP2, NDUFAF2, MT-CYB, HIBCH, MT-ND1, NTRK2, CDK19, HECW2
HP:0002059	Cerebral atrophy	109	0.0452094566569888	2.431513309862434	3.035280536488291e-19	8.9211231082443e-17	16.049580467483857	3.122393087885505e-15	SYT2, ATXN7, DPYD, TBCK, MTR, PRKN, GABRG2, FRRS1L, SPTAN1, SETBP1, NALCN, KCTD7, PLCB1, SYNJ1, CACNA1A, RAB3GAP1, PUM1, PIGL, TRPM7, FGF13, SCN2A, PCCA, POGZ, DYNC1I2, KCNT1, RNF216, RTTN, COG6, NTRK2, HECW2, PDHX, PIGN, SCN8A, CYFIP2, ADAM22, GRM7, RARS2, MED27, HACE1, CLTC, PPP3CA, SCN1A, TTC19, KIDINS220, GAD1, BSCL2, GRIA2, CACNA2D1, GABRB2, ATP11A, CNKSR2, SLC12A5, HUWE1, STAG1, FOXG1, NDUFA9, BRAF, TMX2, ATRX, COG5, KCNMA1, CDK19, STXBP1, SCN3A, MYT1L, GABRA2, CNTNAP2, DHFR, WWOX, GNAO1, DNM1L, SLC33A1, NT5C2, FARS2, ATG7, PCLO, RALGAPA1, UNC80, YWHAG, ITPR1, REPS1, GRIN1, BCAS3, ABAT, ATP1A3, FASTKD2, CELF2, ATAD1, SLC39A8, HTT, KCNB1, ATP6V1A, UCHL1, SLC17A5, PPP2R2B, NSD1, FGF12, MAPT, ADK, VPS53, ALG9, B3GLCT, SMARCC2, CACNA1B, GFM2, KCNA2, MECP2, HEXB, FAR1
HP:0100022	Abnormality of movement	33	0.013687266694317711	2.4305517813469875	1.2938565513091252e-06	5.786914062311726e-05	4.237552967012801	0.01330990234331697	ATAD1, MYO5A, MT-ND5, CPLANE1, PEX3, RAB3GAP2, CDKL5, CRPPA, GPHN, UBE3A, DCC, ATP8A2, VLDLR, SYNJ1, LARGE1, ATM, HPRT1, LRPPRC, LYST, CEP126, B3GALNT2, SPTBN1, DNAJC6, ELOVL4, ADCY5, ITPR1, PDE8B, MECP2, KCNA1, GLRB, ZFR, GRIN1, ATRX
HP:0012471	Thick vermilion border	44	0.018249688925756947	2.4253247882688216	1.6965349439512776e-08	1.0146659865364415e-06	5.993676897728456	0.00017452254968426792	FBXO11, SNX14, TBCK, CNTNAP2, ADAM22, CWC27, CIT, CDKL5, USP9X, FRA10AC1, PPP1R21, VPS33A, NF1, EPG5, VPS13B, GRIA1, PPP3CA, WDR26, SETBP1, SOS1, KCNH1, PIGL, AMMECR1, KREMEN1, HECTD4, GRIA3, OGT, ANTXR1, SPTBN1, TRIO, DOCK7, AP4S1, COG6, FOXP1, ANKRD11, GNPTAB, BRAF, AUTS2, DPYSL5, JARID2, ATRX, STAG2, BCAS3, ZMYM2
HP:0000448	Prominent nose	32	0.013272501036914143	2.4194712288441984	2.020960742806951e-06	8.662342983856292e-05	4.062364624456651	0.020789623161255103	FBXO11, ASH1L, PEX3, KAT6B, EP300, USP9X, PDE4D, QRICH1, BPTF, PCNT, MBD5, LMBR1, PUM1, NIN, OPHN1, SNRPN, ATR, SMC5, AP4S1, SPART, UNC80, DYNC1I2, ITPR1, STIM1, SETD5, CREBBP, STAG2, COG5, HNRNPC, CDK19, BCL11B, ASPH
HP:0001268	Mental deterioration	50	0.02073828287017835	2.4134908974169704	1.89687011401873e-09	1.3184528961426132e-07	6.879935381464604	1.9513102862910678e-05	SCN3A, CELF2, CHD2, SLC20A2, SCN8A, XPR1, PRNP, ATXN7, GABRA2, CNTNAP2, CYFIP2, SLC44A1, SNCA, HTT, GABRG2, WWOX, CLTC, PPP3CA, KCNB1, ATP6V1A, SCN1A, PSAP, PDE10A, SYNJ1, BSCL2, CACNA1A, FGF12, APP, MAPK10, GOSR2, MAPT, GABRB3, LRRK2, VPS13C, CACNA2D1, GIGYF2, GABRB2, CACNA1B, SCN2A, CNKSR2, KCNA2, FOXG1, YWHAG, BRAF, VPS13A, HEXB, TMEM106B, NTRK2, CDK19, ATP1A3
HP:0002421	Poor head control	68	0.028204064703442555	2.410686841602544	2.244098325528388e-12	2.565004386078947e-10	9.590911887921266	2.3085039474710527e-08	SYT2, SCN3A, CELF2, SCN8A, CAMK2B, NDUFS1, GABRA2, NDUFS4, CYFIP2, HIVEP2, CDKL5, GRM7, RARS2, SLC39A8, GPHN, GABRG2, CASK, MT-ND2, DHFR, WWOX, PHACTR1, CLTC, PPP3CA, KCNB1, GNAO1, SCN1A, PSAP, ATP6V1A, HEXA, MT-ND3, SNAP25, GNB5, SLC25A12, SYNJ1, CACNA1A, FARS2, FGF12, MEGF10, LYRM4, HPRT1, CACNA2D1, GABRB2, CACNA1B, PCLO, GFM2, CNKSR2, RALGAPA1, GRIN2A, SCN2A, ADCY5, KCNA2, FOXG1, GNPTAB, YWHAG, ITPR1, DMXL2, KCNA1, NDUFAF2, NDUFA10, MYO9A, VPS50, GRIN1, SPTBN4, MT-ND1, NTRK2, CDK19, ATP1A3, PAFAH1B1
HP:0012450	Chronic constipation	33	0.013687266694317711	2.4097778344978678	1.4192107368647445e-06	6.265845858423875e-05	4.203020293089702	0.014599420850127626	MED13, OPA1, CAMK2B, GATAD2B, ASH1L, HIVEP2, RORA, USP9X, EP300, PPP1R21, SNCA, GRIA1, TAOK1, KMT5B, AFF3, FGF12, HS2ST1, LRRK2, EHMT1, WASF1, HERC2, GIGYF2, CAMTA1, TRIO, POGZ, SPART, MECP2, TANC2, CREBBP, PPP1CB, ZNF292, ARSB, FAR1
HP:0002376	Developmental regression	119	0.04935711323102447	2.4035630625197943	1.503785462170938e-20	5.524800374768728e-18	17.257683409534735	1.5469441049352437e-16	ARHGEF9, CAMK2B, COX10, NDUFS1, ZBTB20, TBCK, GRIN2B, BMPR1A, GABRG2, MT-ND2, TBCE, ST3GAL5, FRRS1L, SPTAN1, SON, PSAP, NALCN, SLC4A10, KCTD7, PLCB1, MSH2, GNB1, SYNJ1, CACNA1A, SPTBN1, FGF13, SCN2A, PDE2A, KCNT1, TANC2, NTRK2, AGTPBP1, SCN8A, MT-ND5, DEAF1, RANBP2, NDUFS4, CYFIP2, CDKL5, GRM7, NBEA, MED27, HACE1, CLTC, PPP3CA, SCN1A, BSCL2, MAPK10, ADGRV1, WASF1, LRPPRC, CACNA2D1, GABRB2, ATP11A, DNMT3A, CNKSR2, PIK3CA, SLC12A5, FOXG1, MT-ATP6, DMXL2, RHOBTB2, HIBCH, IQSEC2, HNRNPU, CDK19, STXBP1, SCN3A, SLC30A9, CHD2, GABRA2, PEX3, SV2A, WWOX, PHACTR1, GNAO1, DNM1L, FBXW7, GTF2I, FARS2, UBAC2, GRIN2A, PPP2CA, L2HGDH, YWHAG, ITPR1, GRIN1, NRXN1, ATP1A3, FASTKD2, FBXO11, PAFAH1B1, CELF2, GABRA1, PRRT2, GABRB1, REEP1, HTT, CASK, KCNB1, ATP6V1A, WLS, MT-ND3, FGF12, GABRB3, EHMT1, ATM, CACNA1B, ASCC3, CACNA1E, GFM2, KCNA2, MT-ND4, MECP2, KCNA1, HEXB, MT-ND1, ERCC5, FAR1
HP:0002194	Delayed gross motor development	52	0.021567814184985483	2.3758043015856467	1.514210179733643e-09	1.0892783299944045e-07	6.962861136097056	1.5576680118919985e-05	GLS, TNRC6B, COL25A1, MED13, CDH2, SNX14, MYT1L, FIG4, CNTNAP2, CWC27, CIT, CDKL5, EP300, NFIA, SELENOI, PHKB, DMD, GRIA1, KIDINS220, WLS, PDE10A, PI4KA, CAMK2A, RBPJ, TRAPPC6B, EHMT1, CACNA1C, PAK3, KMT2C, TMEM63C, CDC40, ASCC3, CLCN3, PTEN, TRRAP, NEDD4L, ADCY5, FNIP1, POGZ, FOXP1, KMT2A, ITPR1, KIF21A, MECP2, CTNNA2, FRMPD4, GRIN1, SPTBN4, BCAS3, TET3, HNRNPC, SYNE1
HP:0010804	Tented upper lip vermilion	33	0.013687266694317711	2.369277366691181	1.8189768056542793e-06	7.850504643535454e-05	4.105102425183599	0.01871181439976557	FBXO11, MICU1, PIGN, DEAF1, NRCAM, TBCK, CNTNAP2, CYFIP2, OTUD7A, PPP1R21, NEXMIF, ADAMTSL1, DISP1, MBD5, SLC4A10, KCNH1, PIGL, TCF20, CDON, CACNA2D1, PREPL, SUFU, CLCN3, MEIS2, IL1RAPL1, FOXG1, ANKRD11, PRKACB, STRADA, MECP2, IQSEC2, DIS3L2, ATRX
HP:0000582	Upslanted palpebral fissure	93	0.038573206138531727	2.3647900989512354	1.245444078277589e-15	2.1715056327528062e-13	12.663239039766966	1.2811883233241557e-11	CDK13, GATAD2B, PRKAR1B, DPYD, FANCL, TBCK, CIT, HIVEP2, SETD2, CDK6, LMBRD2, CHD4, RFX7, PIGL, MAPRE2, HECTD4, MCPH1, SPTBN1, MAP3K7, POGZ, DYNC1I2, JARID2, RTTN, ARID1B, ADARB1, PIGN, SPECC1L, DEAF1, NRCAM, LRRC8C, NDUFS4, USP9X, PPP1R21, CLTC, QRICH1, ACBD6, BPTF, PCNT, KANSL1, GAD1, HS2ST1, WASF1, ZNF148, PHIP, FANCM, TRIO, MEIS2, HUWE1, ADAMTS3, SETD5, IQSEC2, ATRX, HNRNPU, ZNF292, BCL11B, SLC30A9, EXOC2, CNOT2, PEX3, CNTNAP2, NFIA, WWOX, CERT1, HERC2, TRRAP, MED13L, IL1RAPL1, ITPR1, UBR1, JMJD1C, AUTS2, PPP1CB, AP3B1, FIG4, EP300, ZMYND11, TRIP12, WDR26, FRYL, RERE, EHMT1, HERC1, PAK3, B3GLCT, SNRPN, IGF1R, ANKRD17, ANKRD11, GP1BB, MECP2, DYRK1A, CREBBP, PPP1R12A
HP:0000341	Narrow forehead	52	0.021567814184985483	2.363167044662319	1.833989633530631e-09	1.2834184598727618e-07	6.891631718385002	1.8866251360129602e-05	PIGN, CAMK2B, FUT8, NRCAM, PRKAR1B, TBCK, NIPBL, ADAM22, AFF4, CNTNAP2, CDKL5, USP9X, FRA10AC1, RARS2, NEXMIF, PPP1R21, NF1, EPG5, WWOX, KAT6A, WDR26, SETBP1, SON, FRYL, RAB3GAP1, PUM1, HS2ST1, VPS53, HERC2, ZNF148, CACNA2D1, CCDC88A, SPTBN1, RNF13, NBAS, DOCK7, SNRPN, AP4S1, HS6ST2, MEIS2, MAPK1, MED13L, POGZ, TRAPPC9, CDH11, GNPTAB, BRAF, SETD5, DYRK1A, FRMD4A, PPP1CB, ATRX
HP:0000426	Prominent nasal bridge	66	0.027374533388635422	2.3593640722698788	1.6360949608912145e-11	1.618318159873839e-09	8.790936092430709	1.6830508862687924e-07	FBXO11, CDK13, ARMC9, PHF21A, MED13, TTC8, SPECC1L, NFASC, ASH1L, TBCK, CPLANE1, RAB3GAP2, KAT6B, HIVEP2, KDM5B, WDPCP, BBS5, TMEM67, RARS2, NEXMIF, FBN1, CASK, KAT6A, VPS13B, PCNT, EXT2, LEMD3, SMAD4, SCAPER, KANSL1, MED12L, BBS1, PUM1, PIGL, ANKH, PRKD1, RPGRIP1L, HERC1, PIBF1, WDR37, PAK3, AHI1, TRIO, SUFU, DOCK7, TOGARAM1, CSPP1, TRRAP, MEIS2, MAPK1, STAG1, UNC80, BBS9, ANKRD11, GP1BB, MECP2, BBS2, BCR, SDCCAG8, JMJD1C, DYRK1A, HDAC8, SCLT1, RTTN, ARL13B, ASPH
HP:0001319	Neonatal hypotonia	49	0.020323517212774783	2.351933320595212	6.34354457715843e-09	4.1041536519011804e-07	6.386776388411914	6.525604306522876e-05	PDHX, GATAD2B, MYT1L, DST, ATXN7, PRKAR1B, TMEM260, GABRA2, TBCK, CWC27, PDP1, CDKL5, PDE4D, NEXMIF, CRPPA, CASK, KAT6A, VPS13B, SON, FXR1, KANSL1, NSD1, MEGF10, LARGE1, LYRM4, WAC, VPS53, CNTN1, HERC2, ZNF148, CCDC88A, PHIP, PCLO, CAMTA1, SNRPN, WDR19, ERCC6L2, STAG1, FOXG1, GNPTAB, ITPR1, BRAF, MECP2, SYT1, SPTBN4, ARID1B, COA6, SYNE1, PAFAH1B1
HP:0002079	Hypoplasia of the corpus callosum	130	0.05391953546246371	2.3432247067326792	3.2488324538341485e-21	1.3368295781036754e-18	17.873923953999537	3.342073945259189e-17	CDK13, ZBTB20, TBCK, CIT, HIVEP2, KDM5B, SETD2, TBCE, SPTAN1, SETBP1, PSAP, SON, SLC4A10, KCTD7, AKT3, MED12L, RAB3GAP1, LARGE1, MAPRE2, WAC, GRIA3, ZSWIM6, SCN2A, ATL1, MT-CO1, TRAPPC9, POGZ, DYNC1I2, KCNT1, VAMP2, RTTN, NOVA2, COG6, ARID1B, ADARB1, PDHX, PIGN, ARNT2, MT-ND5, PRKDC, DCX, CDKL5, USP9X, FRA10AC1, GRM7, PPP1R21, NF1, HACE1, FLCN, ACBD6, PCNT, KIDINS220, MAP1B, KANSL1, GAD1, MT-CO3, TRAPPC6B, HS2ST1, BRD4, ZNF148, CACNA2D1, RNF13, DOCK7, HUWE1, FOXG1, KIF2A, DMXL2, ZFR, TMX2, RHOBTB2, STAG2, STXBP1, SCN3A, EXOC2, MT-CO2, GLI3, RAB3GAP2, DIAPH1, NFIA, WWOX, GNAO1, KDM5A, NT5C2, LSS, ATP9A, SACS, PCLO, CSPP1, GRIN2A, TRRAP, RALGAPA1, NEDD4L, PPP2CA, UNC80, DYNC1H1, REPS1, FRMPD4, GRIN1, TMEM106B, PAFAH1B1, GABRB1, FIG4, RORA, NEXMIF, CRPPA, CASK, UBE3A, WDR26, ATP6V1A, WLS, SMARCE1, RERE, VPS53, EHMT1, KIF5C, KMT2C, CCDC88A, TOGARAM1, AP4S1, GFM2, IGF1R, MACF1, ZNF462, ANKRD11, MT-ND4, KCNA1, CTNNA2, DYRK1A, VPS50, MT-ND1
HP:0000232	Everted lower lip vermilion	39	0.016175860638739114	2.3301157573243847	2.906543280774525e-07	1.4444256390979486e-05	4.840304811286519	0.0029899610729327538	FBXO11, HGSNAT, BCL11A, SPECC1L, RAB3GAP2, CDKL5, REV3L, QRICH1, ACBD6, MBD5, GTF2I, KANSL1, KCNH1, MED12L, RAB3GAP1, PIGL, SMARCA2, EHMT1, CHN1, ANTXR1, KMT2C, DOCK7, SNRPN, ZSWIM6, WDR19, IGF1R, TBL1XR1, MED13L, POGZ, CDH11, FOXG1, MECP2, FRMD4A, MDH1, ATRX, RPS6KA3, ERCC5, KCNMA1, BCAS3
HP:0000712	Emotional lability	45	0.018664454583160513	2.3301157573243843	3.526084130998573e-08	1.993012497559468e-06	5.7004899779657965	0.0003627282745558232	USP48, TTC8, ATXN2, DEAF1, PRNP, TAF15, FIG4, EP300, WDPCP, BBS5, GABRG2, PSAP, BPTF, PPARGC1A, SMARCE1, SCAPER, RFX7, CACNA1A, BBS1, NR3C1, UNC13A, ANXA11, SPTBN1, ATP1A3, SUFU, ERBB4, GRIN2A, SCN2A, PIK3CA, GRIK2, SPART, TARDBP, BBS9, BRAF, MECP2, BBS2, SDCCAG8, VPS13A, HDAC8, NEK1, CREBBP, RHOBTB2, SCLT1, ATRX, TNIK
HP:0006610	Wide intermamillary distance	34	0.014102032351721278	2.3239021153048527	1.8239239912559284e-06	7.850504643535454e-05	4.105102425183599	0.018762706098049736	CDK13, EXOC2, PIGN, ASH1L, FRAS1, NF1, KAT6A, WLS, SOS1, KANSL1, CERT1, MAPRE2, AMMECR1, SOS2, CHD7, SMARCA2, ARHGEF2, WASF1, RRAS2, ALG9, WDR37, B3GLCT, ZNF148, GRIP1, TOGARAM1, CSPP1, IGF1R, TBL1XR1, CDH11, PACS1, GNPTAB, BRAF, PTPN11, PPP1CB
HP:0000494	Downslanted palpebral fissures	146	0.06055578598092078	2.3057091227744677	5.1782807544341927e-23	2.803630216887607e-20	19.552279267936306	5.326897412086454e-19	BCL11A, DPYD, ZBTB20, AFF4, KDM5B, BBS5, BMPR1A, SETD2, FBN1, GABRG2, VPS13B, SETBP1, SON, NALCN, SYNJ1, CACNA1A, MED12L, SMARCA2, ARHGEF2, WAC, HECTD4, MAPRE2, ARIH1, ZSWIM6, KCNN3, MAP3K7, POGZ, CDH11, SLC9A7, THSD4, JARID2, NOVA2, ARID1B, NTRK2, ZMYM2, TNRC6B, SCN8A, SPECC1L, KAT6B, CYFIP2, WDPCP, USP9X, NF1, CLTC, PPP3CA, FLCN, SCN1A, BPTF, PCNT, SOS1, GAD1, SOS2, DOCK3, KREMEN1, BRD4, ZNF148, CACNA2D1, ALDH1A2, GABRB2, TRIO, PTEN, ATR, CNKSR2, PIK3CA, MAPK1, HUWE1, FOXP1, KMT2A, PACS1, FOXG1, DMXL2, BRAF, SETD5, DPYSL5, PRKG1, KCNMA1, CDK19, SPRED1, SCN3A, TTC8, GLI3, GABRA2, PEX3, OTUD7A, RAB3GAP2, CWC27, CNTNAP2, WWOX, KDM5A, SMAD4, SCAPER, KCNH1, BBS1, AMMECR1, CHD7, KMT2E, APC, CLCN3, UNC80, YWHAG, DYNC1H1, TASP1, PTPN11, JMJD1C, SDCCAG8, AUTS2, SUZ12, PPP1CB, RPS6KA3, ABCA5, ABAT, HNRNPC, ATP1A3, PAFAH1B1, FBXO11, CELF2, CDH2, CTNND2, EP300, NEXMIF, SMAD3, CASK, UBE3A, KCNB1, ATP6V1A, CAMK2A, FRYL, NSD1, FGF12, RERE, HERC1, RRAS2, CACNA1B, CAMTA1, HS6ST2, ZNF462, SPART, KCNA2, BBS9, ANKRD11, GP1BB, BBS2, DYRK1A, CREBBP, SCLT1, ASPH
HP:0001302	Pachygyria	43	0.01783492326835338	2.2961349025300706	1.5403945401133544e-07	7.844573581260435e-06	5.105430659003601	0.0015846038634146078	SLC30A9, PRKDC, FIG4, KAT6B, RAB3GAP2, DCX, CDKL5, CIT, GRM7, CRPPA, CASK, CDK6, WDR26, GNAO1, ATP6V1A, CAMSAP1, AKT3, VLDLR, RAB3GAP1, LARGE1, CRADD, MCPH1, CCDC88A, B3GALNT2, ATR, GFM2, SCN2A, PIK3CA, MACF1, ADAMTS3, FOXG1, DYNC1H1, DMXL2, KIF2A, FRMD5, KCNA1, CTNNA2, TMX2, NEK1, GRIN1, RTTN, CEP85L, PAFAH1B1
HP:0000504	Abnormality of vision	47	0.019493985897967647	2.2946092314984887	3.6452760347808886e-08	2.0491232005350274e-06	5.688431929493372	0.00037498954569791003	SCN3A, CELF2, JAK2, SCN8A, PRNP, DPYD, GNAQ, GABRA2, FANCL, CYFIP2, GABRG2, WWOX, CLTC, KCNB1, PPP3CA, ATP6V1A, SCN1A, KCTD7, ATP8A2, VLDLR, SYNJ1, CACNA1A, FGF12, APP, RERE, WAC, CHD7, IL17RA, B3GLCT, CACNA2D1, LIFR, GABRB2, CACNA1B, FANCM, SNRPN, CNKSR2, KCNA2, FOXG1, YWHAG, BRAF, DYRK1A, LUZP1, ARID1B, NTRK2, CDK19, UBE4B, ATP1A3
HP:0002360	Sleep disturbance	61	0.025300705101617586	2.2858299315272834	5.114038301853654e-10	4.015886413066301e-08	7.396218579447736	5.260811201116854e-06	ATAD1, ATXN2, GATAD2B, MYT1L, ARNT2, DEAF1, PRNP, TAF15, ASH1L, GNAQ, FIG4, NIPBL, CDKL5, GRM7, GPHN, SNCA, CASK, NF1, EPG5, GNAO1, ANK3, MBD5, PPARGC1A, ATXN10, ALMS1, BSCL2, UNC13A, WAC, ANXA11, EHMT1, LRRK2, GRIA3, ATP9A, BRD4, GIGYF2, PHIP, TRIO, SNRPN, ERBB4, GRIN2A, SCN2A, TARDBP, TSHR, SPART, POGZ, KMT2A, DMXL2, BRAF, MECP2, KCNA1, SYT1, VPS13A, GLRB, DYRK1A, HDAC8, HIBCH, NEK1, IQSEC2, GRIN1, STAG2, RTTN
HP:0002465	Poor speech	52	0.021567814184985483	2.266711246921	9.09932637551737e-09	5.742623952450747e-07	6.240889621943228	9.36047704249472e-05	GPR88, GATAD2B, NDUFS1, TBCK, CNTNAP2, SLC35A1, DIAPH1, SLC39A8, DISP1, UBE3A, KAT6A, DYM, ATP6V1A, EXT2, SNAP25, NALCN, KANSL1, VLDLR, FGF12, RERE, LARGE1, MAPT, SMARCA2, ADK, CDON, ALG9, PAK3, LRPPRC, ZNF148, TRIO, DOCK7, SNRPN, OPHN1, TRRAP, AP4S1, HS6ST2, MED13L, UNC80, GNPTAB, ITPR1, SYT1, DYRK1A, FRMD4A, HDAC8, IQSEC2, RTTN, STAG2, LUZP1, TMEM106B, RNASET2, FMN2, UBE4B
HP:0000256	Macrocephaly	109	0.0452094566569888	2.260363101158525	9.441456009018918e-17	1.9043972149956395e-14	13.720242462312477	9.71242579647776e-13	DPYD, ASH1L, ZBTB20, TBCK, BMPR1A, SETD2, FBN1, TRIM37, TAOK1, SON, ANK3, NALCN, AKT3, GNB1, CHD4, RFX7, LARGE1, RPGRIP1L, HECTD4, GRIA3, SRRM2, SPTBN1, ZSWIM6, JARID2, HECW2, PHF21A, TNRC6B, PIGN, DEAF1, TMEM67, DEPDC5, DISP1, NF1, FAR1, SOS1, KANSL1, GAD1, TCF20, CDON, PIBF1, AGGF1, ALDH1A2, DNMT3A, TRIO, PTEN, PIK3CA, HUWE1, FOXP1, BRAF, EML1, DPYSL5, STAG2, SPRED1, MYT1L, GLI3, GNAQ, PEX3, CNTNAP2, CWC27, NFIA, ACADM, FBXW7, EXT2, DICER1, SMAD4, KMT5B, ZBTB7A, KCNH1, BBS1, KMT2E, B3GALNT2, CLCN3, PPP2CA, ADGRL1, L2HGDH, STRADA, PTPN11, SUZ12, PPP1CB, IDS, TET3, FBXO11, CDH2, FIG4, CRPPA, DYNC2H1, UBE3A, CAMK2A, NSD1, RERE, ANKH, ADK, HERC1, BRWD3, B3GLCT, CAMTA1, CCND2, SUFU, OPHN1, CACNA1E, ANKRD17, IFT80, MECP2, CTNNA2, HEXB, DIS3L2, SDHC, ARSB, PPP1R12A
HP:0008947	Floppy infant	50	0.02073828287017835	2.260253380120655	1.9458427266676735e-08	1.157045325389038e-06	5.93664962792743	0.00020016884129230356	GABRA1, CPE, MYT1L, MT-ND5, DEAF1, GATAD2B, DPYD, CDKL5, USP9X, GRM7, ITCH, DISP1, MT-ND2, CASK, GABRG2, UBE3A, GNAO1, ATP6V1A, SON, SCN1A, MT-ND3, SMARCE1, PI4KA, GNB1, KCNH1, LARGE1, PIGL, CDON, TRPS1, SMARCC2, DNMT3A, SNRPN, GRIN2A, KCNN3, SCN2A, POGZ, PACS1, DMXL2, MT-ATP6, MT-ND4, MECP2, KCNA1, SYT1, NEK1, GRIN1, MT-ND1, STAG2, ATRX, COG5, ARID1B
HP:0000540	Hypermetropia	64	0.026545002073828285	2.259506188920615	2.3369659446973914e-10	1.938739409121134e-08	7.712480561620795	2.4040368673102065e-06	FBXO11, ATF6, GATAD2B, MYT1L, ASH1L, HIVEP2, RORA, USP9X, EP300, PDE4D, SLC39A8, RAD50, FBN1, LMBRD2, WDR26, TAOK1, SETBP1, SON, FLCN, PCNT, ATP6V1A, MBD5, SMAD4, KIDINS220, ACBD6, CAMSAP1, KANSL1, MED12L, NSD1, BCL11B, PIGL, WAC, EHMT1, PPP1R12A, SRRM2, RRAS2, KMT2C, HERC2, ZNF148, PHIP, NBAS, ROBO1, CLCN3, SNRPN, WDR19, PIK3R1, MED13L, POGZ, HUWE1, PBX1, ADGRL1, ITPR1, BRAF, TASP1, SPATA7, SYT1, DYRK1A, HDAC8, NEK1, IQSEC2, CREBBP, MARK3, SYNE1, ZMYM2
HP:0001007	Hirsutism	37	0.015346329323931979	2.2579931267405344	1.7622683903946085e-06	7.649137102105205e-05	4.11638755477203	0.01812845493198934	FBXO11, USP48, HGSNAT, CNOT2, FUT8, GLI3, TBCK, NIPBL, HIVEP2, EP300, SETD2, VPS33A, WDR26, SETBP1, MAP1B, SMARCE1, ALMS1, BSCL2, BBS1, KCNH1, PUM1, NR3C1, WAC, LRPPRC, SMARCC2, TRIO, MAP3K7, TASP1, BRAF, HDAC8, FRMD4A, CREBBP, ATRX, ABCA5, ARID1B, ARSB, BCL11B
HP:0001332	Dystonia	111	0.04603898797179593	2.2579931267405344	5.0882598917376576e-17	1.1136793511979847e-14	13.953239832547034	5.234292950630528e-13	XPR1, NDUFS1, SLC44A1, HIVEP2, GRIN2B, PRKN, MT-ND2, KAT6A, FRRS1L, SPTAN1, DRD2, PSAP, SNCAIP, SYNJ1, CACNA1A, GNB1, RFX7, LRRK2, VPS13D, CDC40, SPTBN1, SCN2A, PCCA, PDE2A, SYT1, VAMP2, AGTPBP1, HECW2, PDHX, SCN8A, KCNN2, MT-ND5, TMEM67, CDKL5, GRM7, NBEA, ATXN1, MED27, SNCA, HACE1, CLTC, SCN1A, TTC19, ACBD6, GAD1, MT-CO3, BSCL2, GRIA2, LRPPRC, GABRB2, ADCY5, SGCE, FOXG1, NDUFA9, MT-ATP6, DMXL2, RHOBTB2, HIBCH, MT-CYB, TTBK2, KCNMA1, SPRED1, STXBP1, SLC30A9, ATXN2, MICU1, CNTNAP2, ATCAY, GNAO1, DNM1L, PNKD, PI4KA, FARS2, SETX, HPRT1, VPS13C, TMEM63C, ATG7, MT-ND4L, GRIN2A, ITPR1, REPS1, VPS13A, GRIN1, BCAS3, TMEM106B, ATP1A3, SLC20A2, PRRT2, SLC39A8, HTT, CASK, UCHL1, MT-ND3, MT-ATP8, MAPT, ATM, GIGYF2, CACNA1B, CACNA1E, AP4S1, GFM2, DNAJC6, MT-ND4, MECP2, FRMD5, KCNA1, HEXB, QDPR, MT-ND1, RNASET2
HP:0000708	Atypical behavior	122	0.05060141020323517	2.2561438285204356	1.7770506273236564e-18	4.570129950819613e-16	15.340071450669432	1.8280519803278452e-14	DPYD, GRIN2B, BBS5, BMPR1A, GABRG2, PPARGC1A, MSH2, GNB1, SYNJ1, CACNA1A, UNC13A, WAC, ANXA11, GRIA3, THOC2, SPTBN1, SCN2A, ERBB4, TARDBP, KCNT1, VAMP2, HDAC8, RNF216, ARID1B, NTRK2, UBE4B, USP48, SCN8A, CYFIP2, DCX, WDPCP, DIP2B, DEPDC5, DISP1, NF1, CLTC, EPB41L1, PPP3CA, SCN1A, BPTF, KANSL1, APP, MAPK10, CDON, CACNA2D1, GABRB2, DNMT3A, TRIO, CNKSR2, PIK3CA, KMT2A, FOXP1, FOXG1, BRAF, EML1, RHOBTB2, NEK1, IQSEC2, ATRX, LUZP1, STAG2, CDK19, SPRED1, STXBP1, SCN3A, TTC8, CHD2, ATXN2, PRNP, GNAQ, GABRA2, PEX3, CNTNAP2, WWOX, SMAD4, SCAPER, BBS1, NR3C1, HPRT1, HERC2, SACS, UBAC2, HNRNPA2B1, GRIN2A, MED13L, L2HGDH, YWHAG, JMJD1C, SDCCAG8, VPS13A, GRIN1, RPS6KA3, TMEM106B, ATP1A3, CELF2, TAF15, FIG4, EP300, HTT, UBE3A, KCNB1, ATP6V1A, SMARCE1, PPP2R2B, NSD1, FGF12, RERE, MAPT, GABRB3, EHMT1, ATM, KMT2C, SMARCC2, CACNA1B, SNRPN, KCNA2, BBS9, GP1BB, BBS2, DYRK1A, CREBBP, SCLT1
HP:0001315	Reduced tendon reflexes	47	0.019493985897967647	2.2433330475543887	6.597873936770335e-08	3.572227851976654e-06	5.4470608477397615	0.0006787232918755643	SCN3A, CELF2, SCN8A, OBSCN, PRNP, GABRA2, TBCK, CNTNAP2, RAB3GAP2, CYFIP2, PEX3, ACADM, GABRG2, TRIM37, WWOX, CLTC, PPP3CA, KCNB1, ATP6V1A, SCN1A, MT-ATP8, MT-CO3, SYNJ1, CACNA1A, FGF12, LARGE1, PIGL, SETX, DOCK3, ATM, CACNA2D1, GABRB2, CACNA1B, GDAP1, CNKSR2, MT-CO1, KCNA2, LRP12, FOXG1, YWHAG, VPS13A, HEXB, ERCC5, NTRK2, CDK19, SYNE1, ATP1A3
HP:0001337	Tremor	120	0.04977187888842804	2.2336621638839413	6.600779608733753e-18	1.6167195198820028e-15	14.791365318085708	6.790221983504412e-14	XPR1, ATXN7, PRKAR1B, PRKN, GABRG2, PSAP, GRM1, SNCAIP, SYNJ1, CACNA1A, LRRK2, RPGRIP1L, THOC2, KIF1B, VPS13D, AHI1, FGF13, SCN2A, NTRK2, ARL13B, PIGN, OPA1, SCN8A, CPLANE1, SBF2, TMEM67, CYFIP2, CDKL5, GRM7, SNCA, NF1, CLTC, PPP3CA, HPCA, SCN1A, TTC19, ACBD6, OXR1, BSCL2, ADGRV1, PIBF1, LRPPRC, CEP126, CACNA2D1, GABRB2, DNMT3A, TRIO, CCDC88C, CNKSR2, ADCY5, SGCE, FOXG1, DMXL2, PDE8B, YEATS2, RHOBTB2, CDK19, STXBP1, SCN3A, CHD2, ATXN2, MICU1, PRNP, GABRA2, PRORP, UBE3C, WWOX, DCC, GNAO1, DNM1L, GTF2I, GOSR2, SETX, CHD7, VPS13C, LYST, ATG7, CSPP1, YWHAG, ITPR1, REPS1, FGF14, MME, FRMPD4, GRIN1, ATP1A3, SLC20A2, ARMC9, CELF2, MYO5A, PRRT2, RORA, NEXMIF, HTT, CASK, UBE3A, KCNB1, ATP6V1A, UCHL1, LEMD3, PDE10A, MT-ATP8, NSD1, FGF12, MAPT, ATM, CACNA1B, SUFU, TOGARAM1, DNAJC6, KCNA2, LRP12, SDHAF2, MECP2, KCNA1, HEXB, QDPR, ERCC5, SDHC, SAMD12
HP:0001328	Specific learning disability	72	0.02986312733305682	2.2288063765711503	3.7737502098772845e-11	3.6417805237654006e-09	8.438686231025926	3.8820568409007626e-07	GABRA1, TTC8, MYO5A, MICU1, MYT1L, MT-CO2, PRRT2, MT-ND5, PRNP, DPYD, SBF2, KAT6B, WDPCP, PIK3C2A, BBS5, CRPPA, DISP1, GABRG2, NF1, DMD, DCC, EFHC1, FBXW7, LEMD3, SOS1, SMAD4, SCAPER, ALMS1, PI4KA, MT-CO3, BBS1, NSD1, LARGE1, SMARCA2, SOS2, PRKD1, EHMT1, GABRB3, GRIA3, CDON, RRAS2, LYST, HERC2, B3GALNT2, SIL1, GRB10, TRIO, SNRPN, GRIN2A, CNKSR2, MED13L, MT-CO1, SPART, BBS9, GNPTAB, GP1BB, ITPR1, BRAF, MT-ND4, KCNA1, PTPN11, SDCCAG8, JMJD1C, AUTS2, HDAC8, BBS2, THRB, DIS3L2, MT-ND1, STAG2, SCLT1, SPRED1
HP:0002126	Polymicrogyria	43	0.01783492326835338	2.226555056998856	3.009149057140887e-07	1.4882267476350148e-05	4.827330894230732	0.0030955116350808304	SCN3A, COL25A1, ARMC9, FIG4, CPLANE1, RAB3GAP2, PEX3, TMEM67, DEPDC5, CRPPA, GPHN, ATP6V1A, SON, MAP1B, PI4KA, AKT3, GNB1, LARGE1, RPGRIP1L, KIF5C, PIBF1, CCDC88A, B3GALNT2, AHI1, CCND2, ROBO1, PTEN, TOGARAM1, CSPP1, TRRAP, SUFU, PIK3CA, NEDD4L, BMPER, KIF21A, MECP2, EML1, SUZ12, TMX2, GRIN1, RTTN, ARL13B, PPP1R12A
HP:0000726	Dementia	48	0.019908751555371217	2.2167587745356307	9.594399707182631e-08	5.087504628236481e-06	5.2934951826774554	0.0009869758978778773	USP48, SLC20A2, ATXN2, OPA1, MT-CO2, XPR1, MT-ND5, PRNP, PRKAR1B, PRKN, SNCA, HTT, DNM1L, ATP6V1A, UCHL1, PSAP, HEXA, ATXN10, PDE10A, PPP2R2B, KCTD7, MT-ATP8, MT-CO3, SNCAIP, SYNJ1, APP, MAPT, NR3C1, LRRK2, ANXA11, TRPM7, VPS13C, LYST, GIGYF2, DNAJC6, ERBB4, MT-CO1, MT-ATP6, BRAF, MT-ND4, MME, VPS13A, MT-CYB, RNF216, MT-ND1, ATRX, TMEM106B, DNAJC5
HP:0002540	Inability to walk	70	0.02903359601824969	2.2150483125182423	9.115166926565433e-11	8.0834243253085e-09	8.092404623069179	9.376772217357861e-07	SCN3A, CELF2, SNX14, CAMK2B, DPYD, GABRA2, TBCK, OTUD7A, SBF2, CDKL5, SELENOI, SLC39A8, PPP1R21, VPS33A, DISP1, HTT, DMD, FAR1, DYM, HACE1, SYNE1, GNAO1, DNM1L, SCN1A, CLTC, SLC33A1, GRM1, SLC17A5, ATP6V1A, ATP8A2, PLCB1, CAMK2A, GNB1, SYNJ1, FGF12, GRIA2, ATM, CDON, LRPPRC, LYST, ST3GAL3, GABRB2, CACNA1B, GDAP1, DOCK7, CACNA1E, DNAJC6, SCN2A, ATL1, SLC12A5, GRIK2, UNC80, DYNC1I2, GNPTAB, INTS8, ITPR1, TRIM2, MECP2, STRADA, KCNT1, CTNNA2, SYT1, VAMP2, RHOBTB2, GRIN1, STAG2, BCAS3, NTRK2, AGTPBP1, STXBP1
HP:0002167	Abnormal speech pattern	64	0.026545002073828285	2.21376719724206	7.288855231658976e-10	5.513268659417344e-08	7.258590844005477	7.498045376807589e-06	EYA1, TTC8, PRRT2, OBSCN, DEAF1, TRANK1, NIPBL, WDPCP, BBS5, BMPR1A, CRPPA, UBE3A, VPS13B, PNKD, SCN1A, GRM1, SOS1, NALCN, GTF2I, SMARCE1, SCAPER, MSH2, MT-CO3, CACNA1A, BBS1, RERE, LARGE1, MAPT, SOS2, GRID2, ATM, RRAS2, BRD4, B3GALNT2, SIL1, ALDH3A2, SPTBN1, SUFU, PTEN, PIK3R1, OPHN1, ELOVL4, CCDC88C, PIK3CA, MT-CO1, BBS9, STS, ITPR1, STIM1, BRAF, MT-ATP6, PTPN11, MECP2, SDCCAG8, BBS2, HDAC8, DPYSL5, RNF216, IQSEC2, RPS6KA3, LUZP1, TMEM106B, SCLT1, UBE4B
HP:0002714	Downturned corners of mouth	58	0.024056408129406886	2.2122229957930912	3.5427280631718248e-09	2.3361566401184977e-07	6.631498040986689	3.644404358584856e-05	FBXO11, CDK13, PHF21A, PRKAR1B, ASH1L, ZBTB20, NIPBL, AFF4, NEXMIF, ZNF407, KAT6A, TRIP12, HACE1, SON, EXT2, LEMD3, MBD5, LMBR1, MED12L, CACNA1A, AFF3, KCNH1, PIGL, TCF20, WAC, EHMT1, CACNA1C, WDR37, HERC2, BRD4, LIFR, GRB10, PCLO, CAMTA1, NBAS, ATP1A3, SNRPN, PIK3R1, SMC5, SCN2A, HS6ST2, TBL1XR1, MED13L, ZSWIM6, POGZ, TRAPPC9, CDH11, FOXP1, PACS1, TASP1, UBR1, SETD5, DYRK1A, HDAC8, RHOBTB2, NOVA2, KCNMA1, ZMYM2
HP:0003829	Typified by incomplete penetrance	39	0.016175860638739114	2.206665915876735	1.3724149019812181e-06	6.0853586623624095e-05	4.21571381998207	0.014118032096680791	USP48, EYA1, ANO3, CACNB4, OPA1, PRRT2, MT-ND5, RANBP2, HNRNPDL, DCX, DEPDC5, GABRG2, MT-ND2, DCC, FLCN, UCHL1, ATXN10, SMARCE1, ACTN4, MT-CO3, CACNA1A, GABRB3, LRRK2, KIF1B, SUFU, MT-ND4L, PTEN, ELOVL4, GRIN2A, ATL1, SLC12A5, SGCE, BMPR2, MT-ATP6, MT-ND4, MT-CYB, MT-ND1, TENM4, ATP1A3
HP:0001513	Obesity	78	0.03235172127747823	2.1993831900817624	1.2909558148150414e-11	1.3414204512123567e-09	8.872435076718366	1.328006246700233e-07	PRKAR1B, DPYD, ADCY3, AFF4, BBS5, PDE4D, SETD2, SH3KBP1, VPS13B, SETBP1, EXOC6B, WAC, HECTD4, SRRM2, SPTBN1, POGZ, TRAPPC9, NTRK2, ARL13B, UBE4B, SYNE1, PHF21A, ARNT2, DEAF1, TMEM67, WDPCP, HACE1, ACBD6, KIDINS220, ALMS1, TCF20, PHIP, DNMT3A, PTEN, PIK3CA, FOXP1, BRAF, MEF2A, IQSEC2, ATRX, LUZP1, TTC8, MYT1L, CNTNAP2, PRORP, UBE3C, DCC, SMAD4, GTF2I, SCAPER, BBS1, CHD7, HERC2, JMJD1C, SDCCAG8, RPS6KA3, FBXO11, CPE, EP300, TRIP12, UBE3A, FXR1, SMARCE1, RERE, STX16, NIN, EHMT1, SUFU, SNRPN, TOGARAM1, AP1S3, BBS9, LARS2, GP1BB, MECP2, BBS2, CREBBP, SCLT1
HP:0002188	Delayed CNS myelination	52	0.021567814184985483	2.177820609786843	3.943988591105734e-08	2.2049897085165592e-06	5.656593433200632	0.0004057181063670469	GLS, ADARB1, KCNN2, ARNT2, NRCAM, ASH1L, FANCL, NIPBL, VPS33A, GABRG2, WWOX, PHACTR1, CLTC, PPP3CA, GNAO1, DNM1L, KIDINS220, RAP1GDS1, RFX7, RERE, RAB3GAP1, FOCAD, HS2ST1, ATP9A, PIBF1, ALG9, CDC40, ZNF148, RNF13, CLCN3, TRRAP, ELOVL4, NEDD4L, SLC12A5, PPP2CA, GRIK2, POGZ, FOXP1, CUL3, NCDN, FOXG1, KCNT1, FRMD5, FRMPD4, RHOBTB2, TMEM106B, ARID1B, HNRNPC, CDK19, FAR1, ATP1A3, STXBP1
HP:0000400	Macrotia	68	0.028204064703442555	2.1759383102105363	5.386513448806501e-10	4.197807867263067e-08	7.376977442861046	5.541106384787248e-06	FBXO11, EYA1, TTC8, CPE, ZBTB20, CNTNAP2, NIPBL, RAB3GAP2, OTUD7A, CIT, WDPCP, CWC27, BBS5, ADAMTSL1, NEXMIF, CASK, LMBRD2, FAR1, ATP6V1A, QRICH1, NALCN, SLC4A10, GTF2I, SCAPER, KANSL1, BSCL2, BBS1, NSD1, RAB3GAP1, KCNH1, SMARCA2, HECTD4, HERC1, LSS, GRIA3, THOC2, BRWD3, TRPS1, PAK3, BRD4, CACNA2D1, PHIP, PCLO, TRIO, OPHN1, CLCN3, PTEN, PIK3R1, TBL1XR1, MED13L, BBS9, ANKRD11, PACS1, BRAF, TENM3, MECP2, BBS2, SDCCAG8, DYRK1A, SUZ12, HDAC8, DPYSL5, PPP1CB, IQSEC2, RHOBTB2, SCLT1, SYNE1, HECW2
HP:0002104	Apnea	47	0.019493985897967647	2.170576300066138	2.0872120497215322e-07	1.057692135738197e-05	4.975640724745897	0.00214711503554854	ARMC9, OPA1, PRRT2, DST, CAMK2B, SCN8A, PRNP, MT-ND5, NDUFS1, NDUFS4, CPLANE1, KAT6B, ADAM22, TMEM67, CDKL5, RARS2, GPHN, FBN1, MT-ND2, TSPYL1, MT-ND3, PRKAG2, PI4KA, SLC25A12, CACNA1A, RPGRIP1L, PIBF1, KCNQ3, LIFR, AHI1, SUFU, TOGARAM1, CSPP1, SCN2A, PCCA, GRIK2, MT-ATP6, MT-ND4, MECP2, NDUFAF2, MYO9A, RHOBTB2, NEK1, GRIN1, MT-ND1, ARL13B, ATP1A3
HP:0002120	Cerebral cortical atrophy	79	0.032766486934881794	2.17027930666119	1.524019222143139e-11	1.5220957027365505e-09	8.817558040164853	1.567758573818647e-07	NIPBL, SPTAN1, SETBP1, SYNJ1, CACNA1A, RAB3GAP1, LARGE1, PIGL, LRRK2, ZSWIM6, ELOVL4, MT-CO1, TRAPPC9, POGZ, KCNT1, HDAC8, NOVA2, AGTPBP1, UBE4B, PIGN, MT-ND5, RARS2, SNCA, EPG5, TTC19, MT-CO3, APP, TRAPPC6B, ADGRV1, BRD4, CNKSR2, MT-ATP6, BRAF, RHOBTB2, ATRX, LUZP1, ATXN2, MT-CO2, PRNP, GNAQ, RAB3GAP2, CWC27, PHACTR1, GTF2I, FARS2, VPS13C, TRRAP, GNPTAB, ITPR1, VPS13A, FRMPD4, GRIN1, RPS6KA3, PAFAH1B1, MYO5A, SNX14, SLC39A8, NEXMIF, CASK, UBE3A, PPP2R2B, ATP8A2, MT-ATP8, VRK1, RERE, EHMT1, HERC1, B3GLCT, GIGYF2, CAMTA1, SNRPN, CACNA1E, AP4S1, MT-ND4, MECP2, HEXB, DYRK1A, MT-ND1, ERCC5
HP:0011968	Feeding difficulties	209	0.0866860223973455	2.1539751210650424	3.932124027228894e-28	4.0449759868103634e-25	24.393084052253613	4.0449759868103635e-24	SYT2, CDK13, COL25A1, GATAD2B, CAMK2B, ATXN7, NFASC, ASH1L, FANCL, NDUFS1, NIPBL, TBCK, HIVEP2, GRIN2B, KDM5B, PDP1, MTR, SETD2, FBN1, MT-ND2, GABRG2, KAT6A, TAOK1, SON, PSAP, NALCN, SNAP25, GNB1, SYNJ1, CACNA1A, BCKDHB, LARGE1, SMARCA2, PRKD1, WAC, RPGRIP1L, THOC2, SRRM2, NR3C2, AHI1, SPTBN1, SIK3, ZSWIM6, SCN2A, MAP3K7, POGZ, TSHR, SYT1, SPTBN4, NOVA2, NTRK2, ARID1B, AGTPBP1, ZMYM2, ADARB1, FUT8, OPA1, DST, DEAF1, SCN8A, NDUFS4, KAT6B, CYFIP2, CDKL5, USP9X, FRA10AC1, DEPDC5, PPP1R21, NAA15, RARS2, WDPCP, MED27, DISP1, GPHN, EPG5, CLTC, GRIA1, PPP3CA, QRICH1, SCN1A, MIPEP, BPTF, HPCA, PRKAG2, ATP6V0A1, CAMSAP1, KANSL1, HS2ST1, TCF20, CA12, CDON, WASF1, LRPPRC, ZNF148, CACNA2D1, PHIP, GABRB2, RNF13, TRIO, CNKSR2, MEIS2, TBL1XR1, CUL3, KMT2A, FOXP1, STAG1, PBX1, PACS1, FOXG1, ADAMTS3, DMXL2, BRAF, NDUFAF2, SETD5, HIBCH, STAG2, ZNF292, CDK19, BCL11B, SCN3A, SLC30A9, GABRA2, PEX3, CNTNAP2, CWC27, PRORP, UBE3C, DHFR, WWOX, LMBRD1, GNAO1, DNM1L, FBXW7, EXT2, KDM5A, MBD5, PI4KA, KMT5B, ZBTB7A, FARS2, FOCAD, GOSR2, CHD7, KMT2E, CNTN1, PREPL, HNRNPA2B1, ATG7, CLCN3, CSPP1, TRRAP, NEDD4L, PPP2CA, UNC80, KLHL7, YWHAG, STRADA, ITPR1, TASP1, MYO9A, AUTS2, PPP1CB, GRIN1, TMEM106B, ABAT, NRXN1, HNRNPC, ATP1A3, PAFAH1B1, CELF2, FIG4, EP300, NEXMIF, HTT, CASK, UBE3A, MAMLD1, WDR26, KCNB1, ATP6V1A, MT-ND3, PDE10A, GRM7, SMARCE1, VRK1, NSD1, FGF12, RERE, ANKH, EHMT1, CCDC88A, SMARCC2, LIFR, CACNA1B, ANKRD17, HS6ST2, GFM2, MACF1, ZNF462, KCNA2, ANKRD11, MECP2, FRMD5, KCNA1, DYRK1A, CREBBP, VPS50, MT-ND1, LYRM4
HP:0000325	Triangular face	43	0.01783492326835338	2.1484303181567914	9.394869367096713e-07	4.353379332401977e-05	4.3611734888749085	0.009664502117932388	FBXO11, TNRC6B, FRA10AC1, FBN1, TRIM37, EPG5, KAT6A, TAOK1, FLCN, ATP6V1A, BPTF, LEMD3, SOS1, NALCN, RAP1GDS1, BSCL2, MED12L, NSD1, RERE, FOCAD, SMARCA2, SOS2, HERC1, TRPS1, RRAS2, ZNF148, GRB10, PIK3R1, SMC5, ANKRD17, HS6ST2, IGF1R, MED13L, HUWE1, UNC80, ANKRD11, BRAF, MTX2, PTPN11, JARID2, STAG2, ZMYM2, SPRED1
HP:0000303	Mandibular prognathia	56	0.023226876814599753	2.145517647999732	2.298721021506501e-08	1.34357631524076e-06	5.871737660569362	0.00023646943148237376	FBXO11, KCTD1, DEAF1, TBCK, CNTNAP2, PDE4D, ADAMTSL1, NEXMIF, SETD2, FBN1, UBE3A, KAT6A, DYM, FLCN, ACBD6, MBD5, SMAD4, SLC4A10, ATP6V0A1, BSCL2, AFF3, RFX7, NSD1, KCNH1, PIGL, ANKH, DOCK3, EHMT1, HERC1, GRIA3, ANTXR1, HERC2, ASCC3, DNMT3A, APC, SUFU, CLCN3, PTEN, SNRPN, OPHN1, HS6ST2, MED13L, POGZ, CDH11, FOXP1, IL1RAPL1, FOXG1, GNPTAB, PRKACB, PTPN11, SETD5, SUZ12, IQSEC2, ATRX, STAG2, RPS6KA3
HP:0008936	Axial hypotonia	85	0.035255080879303194	2.142240150539134	5.44564679564871e-12	5.959507296472157e-10	9.224789644163868	5.6019368586838275e-08	CAMK2B, ASH1L, NDUFS1, PDP1, GRIN2B, TBCE, KAT6A, PSAP, GRM1, NALCN, SLC4A10, PLCB1, GNB1, MEGF10, PUM1, GRIA3, CACNA1C, VPS13D, ZSWIM6, PCCA, GRIK2, POGZ, PDE2A, KCNT1, VAMP2, MDH1, RTTN, CEP85L, ADARB1, PDHX, OPA1, DCX, GRM7, RARS2, GPHN, DISP1, HACE1, SCN1A, KIDINS220, GAD1, CDON, CACNA2D1, ARFGEF1, ADCY5, STAG2, KCNMA1, STXBP1, SLC30A9, PEX3, RAB3GAP2, TIAM1, WWOX, DNM1L, SLC25A12, RAP1GDS1, NT5C2, FARS2, CERT1, GOSR2, KCNQ3, ATG7, PCLO, GRIN2A, NEDD4L, GNPTAB, REPS1, GRIN1, PAFAH1B1, GLS, CDH2, NEXMIF, HTT, CASK, PDE10A, CAMK2A, FGF12, ASCC3, CAMTA1, CACNA1E, AP4S1, GFM2, MACF1, MECP2, HEXB, FAR1
HP:0001321	Cerebellar hypoplasia	68	0.028204064703442555	2.135939444214019	8.709903326043872e-10	6.540056606935279e-08	7.184418492658418	8.959877551501332e-06	EXOC2, MYO5A, SNX14, GLI3, FANCL, FIG4, TBCK, CNTNAP2, CIT, RORA, USP9X, UBE3C, RARS2, DYNC2H1, CRPPA, GPHN, SETD2, CASK, DHFR, EPG5, ATCAY, VPS13B, WDR26, ATP6V1A, SON, KIDINS220, OXR1, SMARCE1, ATP6V0A1, PI4KA, CAMSAP1, VLDLR, VRK1, RAB3GAP1, LARGE1, WAC, EHMT1, HERC1, KMT2C, CDC40, B3GALNT2, SIL1, ATG7, CHD6, PCLO, CAMTA1, JAM3, OPHN1, CLCN3, CSPP1, GFM2, POGZ, TRAPPC9, PACS1, INTS8, ITPR1, IFT80, DMXL2, CTNNA2, RHOBTB2, FRMD4A, DPYSL5, RTTN, STAG2, ERCC5, ZNF292, ABAT, PAFAH1B1
HP:0001320	Cerebellar vermis hypoplasia	46	0.01907922024056408	2.135939444214019	4.3099848410252237e-07	2.101270808513103e-05	4.67751797278975	0.004433681405962647	SYT2, ARMC9, EXOC2, PRKDC, FIG4, TBCK, RAB3GAP2, CPLANE1, CNTNAP2, TMEM67, USP9X, RARS2, PPP1R21, EPG5, ACBD6, WLS, MBD5, PI4KA, RFX7, NSD1, RERE, RAB3GAP1, LARGE1, ARHGEF2, RPGRIP1L, GRIA3, THOC2, ATP9A, PIBF1, LRPPRC, AHI1, SACS, ROBO1, SUFU, TOGARAM1, ATR, CSPP1, TRRAP, OPHN1, MACF1, DYNC1H1, ITPR1, FRMD4A, NEK1, ARL13B, PAFAH1B1
HP:0001257	Spasticity	167	0.06926586478639568	2.129563505574574	4.604623322488498e-22	2.1530800053835988e-19	18.666939832112853	4.736776011843918e-18	ATXN7, CIT, GRIN2B, MTR, BBS5, PRKN, GABRG2, MT-ND2, TBCE, LMBRD2, FRRS1L, SPTAN1, SETBP1, PSAP, ANK3, SON, GRM1, PPARGC1A, PLCB1, SYNJ1, CACNA1A, RAB3GAP1, UNC13A, LRRK2, ANXA11, GRIA3, THOC2, ADD3, VPS13D, SPTBN1, JAM3, ELOVL4, SCN2A, ERBB4, TARDBP, DYNC1I2, KCNT1, RTTN, NOVA2, CEP85L, NTRK2, SYNE1, AGTPBP1, ADARB1, PIGN, OPA1, ARNT2, MT-ND5, RANBP2, SCN8A, LRRC8C, NDUFS4, TMEM67, CYFIP2, ADAM22, DCX, CDKL5, WDPCP, GRM7, RARS2, ATXN1, MED27, DISP1, RAD50, GPHN, SNCA, HACE1, CLTC, PPP3CA, SCN1A, ACBD6, GAD1, BSCL2, GRIA2, TCF20, CDON, LRPPRC, CACNA2D1, GABRB2, RNF13, CNKSR2, FOXP1, FOXG1, MT-ATP6, DMXL2, EML1, GLRB, NEK1, ATRX, STAG2, CDK19, BCL11B, STXBP1, SCN3A, TTC8, ATXN2, PRNP, GABRA2, PEX3, CNTNAP2, RAB3GAP2, WWOX, GNAO1, DNM1L, GTF2I, SCAPER, PI4KA, SLC25A12, BBS1, HPRT1, VPS13C, SACS, SIL1, PCLO, CLCN3, RALGAPA1, UNC80, YWHAG, ITPR1, SDCCAG8, FRMPD4, SUZ12, AUTS2, GRIN1, BCAS3, ATP1A3, CELF2, ATAD1, MYO5A, SNX14, TAF15, FIG4, CACNA1D, HTT, CASK, KCNB1, ATP6V1A, UCHL1, SLC17A5, MT-ND3, CAMK2A, VRK1, NSD1, FGF12, VPS53, ATM, ALDH3A2, CACNA1B, OPHN1, AP4S1, GFM2, DNAJC6, MACF1, SPART, KCNA2, BBS9, MT-ND4, MECP2, BBS2, FRMD5, KCNA1, HEXB, SCLT1, MT-ND1, ERCC5, RNASET2, FAR1
HP:0001385	Hip dysplasia	43	0.01783492326835338	2.1235929734382157	1.2260859178340048e-06	5.580860989716109e-05	4.253298794926646	0.012612745836758407	NRCAM, GLI3, ZBTB20, NIPBL, HIVEP2, EP300, USP9X, FBN1, WDR26, ATP6V1A, SETBP1, PCNT, MBD5, SLC35A3, KANSL1, FARS2, RERE, NIN, PIGL, SMARCA2, THOC2, TRPS1, HERC2, BRD4, SIL1, PHIP, RNF13, EXT1, SNRPN, WDR19, ATR, PIK3CA, ANKRD11, GNPTAB, HDAC8, CREBBP, DPYSL5, LUZP1, COG6, TET3, ARSB, UBE4B, ATP1A3
HP:0001265	Hyporeflexia	95	0.03940273745333887	2.119208848045241	8.013398397198242e-13	9.813551108568846e-11	10.008173811397917	8.243382931197831e-09	SYT2, NFASC, HNRNPDL, TBCK, ZFHX3, FBN1, MT-ND2, GABRG2, TAOK1, PSAP, SNAP25, SYNJ1, CACNA1A, MEGF10, PUM1, LARGE1, ARHGEF2, ANXA11, GRIA3, KIF1B, ZSWIM6, ELOVL4, TARDBP, TSHR, NTRK2, AGTPBP1, SYNE1, PIGN, SCN8A, MT-ND5, DEAF1, NDUFS4, SBF2, CYFIP2, PPP1R21, ATXN1, CLTC, TSPYL1, PPP3CA, QRICH1, SCN1A, DOCK3, CACNA2D1, GABRB2, CNKSR2, DCAF8, FOXG1, NDUFA9, MT-ATP6, NDUFAF2, IQSEC2, CDK19, SCN3A, KCND3, ATXN2, GABRA2, CNTNAP2, SLC35A1, VPS33A, WWOX, RAP1GDS1, SETX, LYST, B3GALNT2, SIL1, GRIN2A, GNPTAB, DYNC1H1, YWHAG, MME, VPS13A, MYO9A, ATP1A3, CELF2, SNX14, FIG4, CRPPA, REEP1, DMD, KCNB1, ATP6V1A, ATXN10, MT-ND3, VRK1, WNK1, FGF12, STX16, CACNA1B, GDAP1, SNRPN, DNAJC6, KCNA2, MT-ND4, FGD4, MT-ND1
HP:0001276	Hypertonia	90	0.03732890916632103	2.1182870521130766	2.5812466002021477e-12	2.9179432721186257e-10	9.534923155501282	2.6553283776279495e-08	ARHGEF9, NFASC, DPYD, NIPBL, CIT, BMPR1A, MT-ND2, SETBP1, PSAP, NALCN, PLCB1, MSH2, CACNA1A, LARGE1, GRIA3, CDC40, SPTBN1, ZSWIM6, SCN2A, HLCS, KCNT1, HDAC8, MDH1, NPHP3, RTTN, ARL13B, OPA1, SCN8A, MT-ND5, RANBP2, GPHN, SCN1A, MIPEP, HEXA, GAD1, FTO, APP, HS2ST1, BRD4, RNF13, PIK3CA, TBL1XR1, SLC12A5, MT-ATP6, BRAF, GLRB, TMX2, FRMD4A, ZNF292, CDK19, EYA1, PRORP, SMAD4, PI4KA, RBPJ, KCNQ3, LYST, B3GALNT2, SIL1, GRIN2A, UNC80, GNPTAB, ITPR1, VPS13A, AUTS2, SUZ12, RPS6KA3, TMEM106B, HNRNPC, ATAD1, MYO5A, PRRT2, CRPPA, REEP1, HTT, CASK, WLS, MT-ND3, NSD1, VPS53, KIF5C, ATM, AP4S1, MT-ND4, CTNNA2, KCNA1, DYRK1A, QDPR, MT-ND1, ERCC5
HP:0000483	Astigmatism	58	0.024056408129406886	2.1176835515284296	2.6481123443725998e-08	1.530400656548367e-06	5.8151948566665475	0.00027241131686560934	TTC8, GATAD2B, MYT1L, CAMK2B, PRKAR1B, ASH1L, LRRC8C, DPYD, NIPBL, FANCL, KDM5B, WDPCP, USP9X, BBS5, SLC39A8, SMAD3, FBN1, TRIM37, TBCE, LMBRD2, KAT6A, GRIA1, SETBP1, FBXW7, KIDINS220, MBD5, SMAD4, SCAPER, CAMSAP1, ZBTB7A, CHD4, BBS1, NSD1, RERE, ARHGEF2, WAC, ARIH1, ALDH3A2, ZEB1, CAMTA1, FANCM, PIK3R1, MAP3K7, POGZ, PBX1, BBS9, ANKRD11, BBS2, GLRB, THSD4, SDCCAG8, SETD5, DYRK1A, SCLT1, PRKG1, ARID1B, PPP1R12A, STXBP1
HP:0002015	Dysphagia	129	0.053504769805060144	2.1113884161196053	7.133221893039626e-17	1.4964896449130348e-14	13.824926283950878	7.337945361369863e-13	SYT2, XPR1, ATXN7, NDUFS1, SLC44A1, PDP1, MT-ND2, KAT6A, SETBP1, PSAP, SON, GRM1, PPARGC1A, SNAP25, SNCAIP, SYNJ1, CACNA1A, GNB1, MEGF10, UNC13A, LRRK2, WAC, ANXA11, CACNA1C, ADD3, CDC73, SCN2A, ERBB4, TARDBP, SPTBN4, CEP85L, UBE4B, ZMYM2, PIGN, OPA1, MT-ND5, KAT6B, DCX, CDKL5, GRM7, ATXN1, NOS1, DISP1, SNCA, NF1, EPG5, HPCA, TTC19, GUCY1A1, APP, TRAPPC6B, CDON, LRPPRC, TRIO, KMT2A, NDUFA9, MT-ATP6, BRAF, DMXL2, PDE8B, NDUFAF2, RHOBTB2, NEK1, DPYSL5, LUZP1, STAG2, TTBK2, STXBP1, SCN3A, KCND3, HGSNAT, ATXN2, PRNP, GNAQ, REV3L, GNAO1, DNM1L, PNKD, EXT2, PI4KA, SYT14, GOSR2, SETX, CHD7, HPRT1, VPS13C, SACS, ATG7, HNRNPA2B1, CSPP1, MRPS28, KLHL7, ITPR1, REPS1, VPS13A, MYO9A, GRIN1, ATP1A3, SLC20A2, TAF15, FIG4, REEP1, HTT, CASK, UBE3A, AOPEP, UCHL1, ATXN10, MT-ND3, MT-ATP8, VRK1, RERE, MAPT, GIGYF2, LIFR, ASCC3, EXT1, MACF1, SPART, LRP12, ANKRD11, MT-ND4, MECP2, KCNA1, HEXB, DYRK1A, QDPR, MT-ND1, SDHC
HP:0002020	Gastroesophageal reflux	135	0.055993363749481544	2.104757846488267	1.2872499377325691e-17	3.0095318430579407e-15	14.521501057160195	1.324194010945494e-13	SYT2, CDK13, CAMK2B, NIPBL, AFF4, HIVEP2, FBN1, GABRG2, KAT6A, SPTAN1, SON, PSAP, NALCN, SNAP25, SYNJ1, CACNA1A, MED12L, MEGF10, SMARCA2, WAC, HECTD4, CACNA1C, GRB10, ZSWIM6, SMC5, ATL1, MAP3K7, POGZ, THSD4, SYT1, HDAC8, SPTBN4, NTRK2, UBE4B, PIGN, SCN8A, DST, ARNT2, DEAF1, NRCAM, KAT6B, CYFIP2, CDKL5, USP9X, RARS2, FAM13A, GPHN, DISP1, NOS1, CLTC, GRIA1, PPP3CA, TSPYL1, FLCN, SCN1A, MAP1B, ATP6V0A1, ALMS1, CDON, LRPPRC, BRD4, CACNA2D1, PHIP, GABRB2, ATP11A, CNKSR2, MEIS2, MAPK1, KMT2A, STAG1, PACS1, FOXG1, MT-ATP6, BRAF, GLRB, DPYSL5, IQSEC2, ATRX, LUZP1, STAG2, CDK19, SCN3A, MYT1L, GABRA2, SV2A, ITCH, WWOX, FBXW7, EXT2, MBD5, GTF2I, GNB5, PI4KA, ZBTB7A, KCNH1, CHD7, ATP9A, KCNQ3, CSPP1, NEDD4L, YWHAG, ITPR1, JMJD1C, CFTR, MYO9A, GRIN1, NRXN1, ATP1A3, FBXO11, CELF2, ATAD1, AP3B1, EP300, NEXMIF, SMAD3, WDR26, KCNB1, ATP6V1A, WNK1, AFF3, NSD1, FGF12, RERE, EHMT1, ALG9, KMT2C, CACNA1B, CAMTA1, KCNA2, GP1BB, MECP2, DYRK1A, CREBBP, ASPH, LYRM4
HP:0001272	Cerebellar atrophy	104	0.043135628369970966	2.100592928588728	1.0121716270493011e-13	1.4263300722542685e-11	10.845779961180527	1.041220952745616e-09	CAMK2B, ATXN7, NFASC, NDUFS1, TBCK, ZFHX3, SLC44A1, TBCE, FRRS1L, SPTAN1, GRM1, NALCN, KCTD7, VLDLR, CACNA1A, VPS13D, ELOVL4, SCN2A, GRIK2, POGZ, RNF216, RTTN, COG6, AGTPBP1, SYNE1, PIGN, OPA1, SCN8A, NDUFS4, CYFIP2, CDKL5, GRM7, RARS2, ATXN1, MED27, SCN1A, TTC19, ACBD6, ATP6V0A1, GAD1, TRAPPC6B, GRIA2, RNF13, PACS1, NDUFA9, MT-ATP6, DMXL2, TMX2, COG5, TTBK2, KCNMA1, SLC13A3, SLC9A1, KCND3, ATXN2, PRNP, ATCAY, WWOX, GNAO1, DNM1L, SLC33A1, PI4KA, SYT14, FARS2, SETX, LYST, SACS, SIL1, PCLO, L2HGDH, ITPR1, REPS1, FGF14, GRIN1, BCAS3, ABAT, ATP1A3, GLS, ARMC9, SNX14, PRRT2, SLC39A8, CRPPA, HTT, CASK, ATP6V1A, UCHL1, ATXN10, PPP2R2B, ATP8A2, MT-ATP8, FGF12, VPS53, HERC1, GRID2, ALG9, CCDC88A, AP4S1, GFM2, SPART, KCNA1, HEXB, VPS50, FAR1
HP:0002066	Gait ataxia	62	0.025715470759021152	2.093727202233505	1.0436364189740338e-08	6.467402314449329e-07	6.189270122273732	0.00010735887841985886	SLC9A1, KCND3, ATXN2, SCN8A, MT-ND5, DEAF1, PRNP, KDM5B, CDKL5, PDP1, PPP1R21, PRKN, ZFPM2, MT-ND2, ATCAY, HTT, WWOX, WDR26, UCHL1, PSAP, TTC19, GRM1, MT-ND3, ATXN10, VLDLR, SYNJ1, BSCL2, CACNA1A, TRAPPC6B, GRIA2, PIGL, SMARCA2, SETX, DOCK3, HERC1, GRID2, VPS13D, SIL1, SACS, CAMTA1, TRIO, OPHN1, DNAJC6, ELOVL4, GRIN2A, CCDC88C, GRIK2, LARS2, ITPR1, IQSEC1, MT-ATP6, MT-ND4, MME, FGF14, MECP2, HEXB, MT-ND1, ARID1B, TMEM106B, TTBK2, SYNE1, ATP1A3
HP:0000337	Broad forehead	69	0.02861883036084612	2.090493924124359	1.8153381000396702e-09	1.279067331171787e-07	6.89310659329562	1.8674383035108088e-05	FBXO11, CDH2, PIGN, FUT8, DEAF1, GATAD2B, TMEM260, ZBTB20, TBCK, KAT6B, CNTNAP2, PEX3, CDKL5, NFIA, NAA15, FBN1, CASK, NF1, ZFPM2, SETBP1, FLCN, CUX1, MBD5, SOS1, GTF2I, TCF12, NALCN, KANSL1, CHD4, KCNH1, NSD1, ANKH, AMMECR1, WAC, CHD7, EHMT1, HECTD4, CACNA1C, THOC2, PRKD1, ANTXR1, TAB2, ALDH1A2, SPTBN1, DNMT3A, CAMTA1, ROBO1, PTEN, PIK3CA, MED13L, PPP2CA, POGZ, KMT2A, CDH11, RYR3, UNC80, ADAMTS3, ANKRD11, PKD1L1, PRKACB, BRAF, PTPN11, DYRK1A, SUZ12, IQSEC2, JARID2, RBFOX2, TET3, TLL1
HP:0001558	Decreased fetal movement	54	0.022397345499792616	2.0876150223992225	1.2666522021417284e-07	6.61423918955937e-06	5.179520103823969	0.001303005120343196	SYT2, SCN3A, COL25A1, CELF2, SCN8A, MYT1L, DEAF1, NFASC, GABRA2, TBCK, PEX3, CYFIP2, CRPPA, GABRG2, WWOX, CLTC, VPS13B, PPP3CA, KCNB1, DNM1L, SCN1A, FXR1, CAMKMT, ATP6V1A, SNAP25, SYNJ1, CACNA1A, NSD1, FGF12, MEGF10, GOSR2, CNTN1, ALG9, HERC2, PPM1B, CACNA2D1, PREPL, GABRB2, CACNA1B, B3GLCT, SNRPN, CNKSR2, MAP3K7, KCNA2, FOXG1, YWHAG, MYO9A, DPYSL5, IQSEC2, ERCC5, NTRK2, CDK19, SYNE1, ATP1A3
HP:0012758	Neurodevelopmental delay	49	0.020323517212774783	2.0828066222186457	4.2583812753461844e-07	2.0859984847374383e-05	4.680686011379482	0.00438059681794862	TTC8, CHD2, GNAQ, EP300, WDPCP, PIK3C2A, BBS5, NF1, UBE3A, LMBRD1, SETBP1, SCN1A, MYSM1, LEMD3, SOS1, NALCN, SCAPER, PLCB1, MT-ATP8, CACNA1A, BBS1, MAPK10, FOCAD, GABRB3, SOS2, RRAS2, PHIP, PIK3R1, SCN2A, MACF1, SLC12A5, ZNF462, PBX1, BBS9, ITPR1, BRAF, MT-ATP6, BBS2, KCNT1, PTPN11, SDCCAG8, HEXB, RHOBTB2, CREBBP, THRB, SCLT1, CEP85L, ATP1A3, PAFAH1B1
HP:0000750	Delayed speech and language development	327	0.13562836997096642	2.0664266220650425	1.9886042692003644e-40	4.09135442345283e-37	36.388132897064175	2.0456772117264148e-36	CIT, KDM5B, PDE4D, SETD2, GABRG2, TBCE, VPS13B, TAOK1, SETBP1, ANK3, GRM1, EXOC6B, VLDLR, CACNA1A, SMARCA2, PRKD1, MAPRE2, CACNA1C, TRPS1, DYNC1I2, PDE3A, COG6, HYDIN, ZMYM2, SPECC1L, NBEA, NF1, HACE1, SCN1A, KIDINS220, OXR1, ALMS1, KANSL1, BSCL2, LRPPRC, BRD4, GABRB2, ATR, CNKSR2, TBL1XR1, ADCY5, NCDN, FOXG1, BRAF, NEK1, STAG2, HNRNPU, ZNF292, CDK19, BCL11B, STXBP1, SCN3A, CNOT2, MYT1L, RAB3GAP2, TIAM1, VPS33A, ZBTB7A, RBPJ, CRADD, NLGN4X, TMEM63C, TAB2, PPP2CA, ADGRL1, TMEM165, REPS1, SDCCAG8, MYO9A, AUTS2, HNRNPC, EP300, NEXMIF, SMAD3, DLG1, DMD, WLS, SMARCE1, FRYL, RERE, NIN, GRID2, BRWD3, PAK3, KMT2C, LIFR, ASCC3, CAMTA1, HS6ST2, BBS2, CDK13, PHKB, TRIM37, LMBRD2, SYNJ1, ARHGEF2, WAC, GRIA3, SRRM2, CDC73, SPTBN1, RNPC3, PIK3R1, GABBR1, BMPER, RIC1, ARID1B, SCN8A, KCNN2, CPLANE1, KAT6B, PPP1R21, NAA15, MTAP, MED27, CLTC, GRIA1, PPP3CA, ACBD6, BPTF, ATP6V0A1, TCF20, CACNA2D1, HUWE1, FOXP1, PBX1, THRB, CHD2, GLI3, WWOX, FBXW7, SMAD4, SCAPER, KMT2E, LSS, ATP9A, HERC2, ATG7, MED13L, NEDD4L, FRMPD4, TET3, CCDC39, TNIK, ATP1A3, FBXO11, GLS, FIG4, TTC21B, ZMYND11, TRIP12, KCNB1, CUX1, TCF12, LMBR1, NSD1, RSPH3, ANKH, EHMT1, ALG9, EXT1, IGF1R, ANKRD17, KCNA2, DYRK1A, RNASET2, ARSB, CAMK2B, PRKAR1B, DPYD, ZBTB20, NIPBL, SELENOI, FBN1, SPTAN1, NALCN, GNB1, SIK3, WDR19, SCN2A, MAP3K7, POGZ, TSHR, RYR3, SLC9A7, PDE2A, RTTN, FMN2, TNRC6B, MED13, LRRC8C, CNNM2, CYFIP2, CDKL5, WDPCP, FRA10AC1, ANO5, DYM, QRICH1, PCNT, MAP1B, GAS2, GRIA2, HS2ST1, NEK10, DNMT3A, PTEN, RSRC1, NSMCE2, STAG1, MT-ATP6, IQSEC2, HGSNAT, PRNP, OTUD7A, CWC27, GNB5, KMT5B, FOCAD, BTRC, YWHAG, DYNC1H1, PPP1CB, KCNQ5, ARMC9, CELF2, RORA, DYNC2H1, UBE3A, WDR26, ATP6V1A, LEMD3, FBXW4, ADK, CFAP298, RRAS2, CACNA1B, SNRPN, SPART, BBS9, PRKACB, IFT80, MECP2, KCNA1, SCLT1, FAR1, NME5, ASH1L, TBCK, SLC44A1, HIVEP2, BBS5, TSPAN7, FLNB, MED12L, RFX7, RIMS2, RPGRIP1L, THOC2, ADD3, GRB10, ZSWIM6, GRIK2, TRAPPC9, STIM1, TANC2, HDAC8, NOVA2, NTRK2, UBE4B, PHF21A, DEAF1, TMEM67, USP9X, SOS1, SOS2, WASF1, NBAS, TRIO, MEIS2, MAPK1, CUL3, KMT2A, PACS1, SETD5, RHOBTB2, LUZP1, COG5, KCNMA1, SPRED1, TTC8, SLC30A9, MICU1, GNAQ, GABRA2, CNTNAP2, ACADM, DCC, EXT2, MBD5, CHST11, PI4KA, NT5C2, BBS1, AMMECR1, CLCN3, TRRAP, GRIN2A, GNPTAB, ITPR1, PTPN11, RPS6KA3, IDS, TMEM106B, SNX14, ZNF407, SLC17A5, CAMK2A, AFF3, FGF12, ATM, SMARCC2, GFM2, ZNF462, ANKRD11, TENM3, CREBBP
HP:0000565	Esotropia	58	0.024056408129406886	2.0647414627402183	7.606057004682385e-08	4.096518764773177e-06	5.387585051443233	0.0007824350840716769	SYT2, COL25A1, PIGN, CAMK2B, PRKAR1B, TBCK, CPLANE1, CDKL5, RORA, PDE4D, PPP1R21, NEXMIF, SMAD3, FBN1, KAT6A, SON, KIDINS220, GRM1, MBD5, SNAP25, SMAD4, NALCN, VRK1, GNB1, CACNA1A, NSD1, RERE, PIGL, AMMECR1, ARIH1, GRID2, ALG9, RRAS2, ANTXR1, LRPPRC, HERC2, ZEB1, CLCN3, ZSWIM6, PIK3R1, SCN2A, HUWE1, UNC80, NCDN, ITPR1, KIF21A, TENM3, FRMD5, SYT1, GLRB, THSD4, MYO9A, DYRK1A, RHOBTB2, PRKG1, KCNMA1, AGTPBP1, ATP1A3
HP:0000054	Micropenis	66	0.027374533388635422	2.050501866445458	1.1986915807270126e-08	7.383796581400467e-07	6.131720276336449	0.0001233094029093878	PHF21A, ARMC9, CPE, MYT1L, CDH2, PRKDC, GLI3, FANCL, FIG4, FRAS1, RAB3GAP2, KAT6B, DCX, CDKL5, GRM7, BBS5, DYNC2H1, ZFPM2, CASK, TBCE, WWOX, DCC, MAMLD1, GNAO1, SETBP1, ATP6V1A, EXT2, MBD5, TCF12, ALMS1, CAMK2A, CHD4, BBS1, LARGE1, CHD7, EHMT1, LSS, GRIA3, THOC2, HERC1, SRRM2, SMCHD1, HERC2, SPTBN1, OPHN1, TOGARAM1, SCN2A, TBL1XR1, POGZ, HUWE1, CDH11, PBX1, DMXL2, BBS2, KCNA1, UBR1, PTPN11, DYRK1A, HDAC8, NEK1, DPYSL5, GRIN1, ATRX, COG5, PPP1R12A, STXBP1
HP:0000463	Anteverted nares	136	0.05640812940688511	2.0492963979760606	1.3976295173139659e-16	2.712719782001654e-14	13.566595065588098	1.4377414844608768e-12	KCTD1, BCL11A, DPYD, ASH1L, ZBTB20, TBCK, NIPBL, AFF4, HIVEP2, PDE4D, FBN1, LMBRD2, SETBP1, NALCN, SLC4A10, FLNB, MED12L, RAB3GAP1, SMARCA2, PRKD1, RPGRIP1L, CHN1, AHI1, SPTBN1, WDR19, SCN2A, MAP3K7, CDH11, DYNC1I2, RIC1, THSD4, HDAC8, NOVA2, ARID1B, ARL13B, ZMYM2, HECW2, PIGN, SPECC1L, DEAF1, LRRC8C, CPLANE1, TMEM67, CDKL5, GRM7, PPP1R21, MED27, DISP1, SCN1A, MIPEP, GAD1, FTO, DOCK3, CDON, PIBF1, LRPPRC, BRD4, PHIP, DNMT3A, TRIO, NBAS, PTEN, DOCK7, MAPK1, TRIM33, PBX1, ADAMTS3, DMXL2, BRAF, SETD5, RHOBTB2, FRMD4A, IQSEC2, ATRX, ZNF292, EYA1, CHD2, MICU1, CNOT2, GLI3, PEX3, RAB3GAP2, NFIA, WWOX, GNAO1, DICER1, KDM5A, KCNH1, CERT1, AMMECR1, ANTXR1, CSPP1, TRRAP, RALGAPA1, NEDD4L, UNC80, GNPTAB, AUTS2, PPP1CB, GRIN1, RPS6KA3, PAFAH1B1, FBXO11, ARMC9, SNX14, FIG4, NEXMIF, SMAD3, CASK, TRIP12, WDR26, ATP6V1A, WLS, SLC17A5, SMARCE1, FRYL, NSD1, RERE, EHMT1, PAK3, B3GLCT, SMARCC2, LIFR, CACNA1B, ASCC3, CAMTA1, SUFU, SNRPN, TOGARAM1, ZNF462, ANKRD11, MECP2, KCNA1, CREBBP, DIS3L2, ASPH
HP:0001256	Mild intellectual disability	48	0.019908751555371217	2.0403003646223468	1.2489632435740753e-06	5.6351249502835584e-05	4.24909644969471	0.012848084886646512	MYT1L, PRRT2, DPYD, GLI3, RAB3GAP2, CDKL5, BBS5, DEPDC5, SELENOI, BMPR1A, FBN1, UBE3A, DYM, DCC, ANK3, BPTF, EXT2, LEMD3, SLC35A3, KANSL1, NSD1, WAC, GRIA3, THOC2, HPRT1, APC, DNMT3A, CAMTA1, TRIO, PTEN, SNRPN, POGZ, FOXP1, GP1BB, ITPR1, BRAF, MT-ATP6, KCNT1, PTPN11, FGF14, JMJD1C, MECP2, DYRK1A, ZFR, GRIN1, COG5, ARID1B, PAFAH1B1
HP:0000506	Telecanthus	48	0.019908751555371217	2.0403003646223468	1.2489632435740753e-06	5.6351249502835584e-05	4.24909644969471	0.012848084886646512	CDK13, KCTD1, SNX14, CDH2, GLI3, TBC1D32, USP9X, PDE4D, PPP1R21, SMAD3, VPS33A, FBN1, GRIA1, ACBD6, AKT3, FLNB, RFX7, KCNH1, PIGL, ANKH, ALG9, BRD4, ZNF148, CHD6, CCND2, SUFU, DOCK7, ZSWIM6, ASPH, PIK3R1, KCNN3, TBL1XR1, MAP3K7, KMT2A, CDH11, ANKRD11, GP1BB, THSD4, JMJD1C, HDAC8, NEK1, CREBBP, ATRX, RPS6KA3, HNRNPU, HECW2, ZMYM2, STXBP1
HP:0000276	Long face	69	0.02861883036084612	2.025839472862781	6.857805259675445e-09	4.4091401691425815e-07	6.355646094478843	7.05462427062813e-05	SYT2, FBXO11, EYA1, ARMC9, NRCAM, CPLANE1, TMEM67, FRA10AC1, SETD2, SMAD3, FBN1, NF1, KAT6A, TSPAN7, SETBP1, ACBD6, CUX1, SMAD4, SNAP25, SLC4A10, KANSL1, FRYL, NSD1, MAPRE2, TCF20, RPGRIP1L, ANKH, HERC1, PPP1R12A, DOCK3, ARIH1, BRWD3, PIBF1, B3GLCT, AHI1, ATG7, APC, CAMTA1, NBAS, SUFU, CLCN3, TOGARAM1, SMC5, CSPP1, OPHN1, MEIS2, MAPK1, NEDD4L, HUWE1, PBX1, SLC9A7, ANKRD11, RIC1, GP1BB, BRAF, STRADA, PRKACB, THSD4, BCR, JMJD1C, MYO9A, DYRK1A, GRIN1, PRKG1, BCAS3, TET3, ARL13B, SYNE1, ASPH
HP:0000431	Wide nasal bridge	122	0.05060141020323517	2.020035753442716	1.3157815048692174e-14	2.0521511521963105e-12	11.687790654209742	1.353544434058964e-10	CDK13, GATAD2B, NFASC, ZBTB20, FANCL, FRAS1, TBCK, HIVEP2, PDE4D, SETD2, FBN1, TRIM37, SON, NALCN, SLC4A10, FLNB, RFX7, RAB3GAP1, PUM1, PIGL, SMARCA2, MAPRE2, WAC, HECTD4, CHN1, TRPS1, AHI1, SPTBN1, GRIP1, WDR19, GABBR1, ZSWIM6, PIK3R1, KCNN3, MAP3K7, TRAPPC9, CDH11, JARID2, RTTN, ARID1B, UBE4B, ZMYM2, MED13, FUT8, PIGN, SPECC1L, DEAF1, PRKDC, KAT6B, USP9X, PIK3C2A, PPP1R21, ADAMTSL1, SCN1A, BPTF, PCNT, CAMSAP1, GAD1, KANSL1, HS2ST1, KREMEN1, LRPPRC, TRIO, RSRC1, MAPK1, TRIM33, KMT2A, PBX1, ADAMTS3, BRAF, SETD5, NEK1, DPYSL5, IQSEC2, ATRX, LUZP1, STAG2, COG5, KCNMA1, EXOC2, CHD2, MYT1L, GLI3, PEX3, RAB3GAP2, VPS33A, GTF2I, KMT5B, KCNH1, TRRAP, MED13L, STRADA, TASP1, PTPN11, JMJD1C, FRMPD4, AUTS2, BCAS3, FBXO11, ARMC9, SNX14, AP3B1, CTNND2, EP300, NEXMIF, CASK, ATP6V1A, WLS, RERE, RARB, ANKH, EXT1, SUFU, OPHN1, TOGARAM1, AP4S1, IGF1R, GP1BB, MECP2, CREBBP, DIS3L2, ERCC5
HP:0001250	Seizure	416	0.17254251347988386	2.0182869024259666	2.9870811736595446e-49	3.0728104033435735e-45	44.51246423548781	3.0728104033435735e-45	CIT, PDE4D, SETD2, ZFPM2, GABRG2, TBCE, VPS13B, TAOK1, SETBP1, PSAP, ANK3, GRM1, AKT3, VLDLR, CACNA1A, MEGF10, SMARCA2, MAPRE2, HECTD4, CACNA1C, MCPH1, PCCA, MT-CO1, DYNC1I2, COG6, ARL13B, PPA2, AGTPBP1, HECW2, ZMYM2, ADARB1, ADAM22, GRM7, NBEA, DIP2B, NF1, HACE1, SCN1A, OXR1, KANSL1, MT-CO3, BSCL2, CDON, PIBF1, LRPPRC, BRD4, GABRB2, ATR, CNKSR2, TBL1XR1, FOXG1, KIF2A, BRAF, MT-CYB, HIBCH, ATRX, STAG2, HNRNPU, ZNF292, CDK19, BCL11B, SCN4B, STXBP1, SCN3A, MYT1L, RAB3GAP2, DIAPH1, TIAM1, PHACTR1, SLC33A1, ZBTB7A, SLC25A12, RBPJ, CRADD, HPRT1, NLGN4X, LYST, UNC80, ADGRL1, TMEM165, SDCCAG8, MYO9A, AUTS2, GRIN1, SLC20A2, MYO5A, CDK8, EP300, SLC39A8, NEXMIF, HTT, WLS, ATXN10, SMARCE1, MT-ATP8, FRYL, RERE, NIN, WDR37, PAK3, KMT2C, LIFR, ASCC3, CAMTA1, TOGARAM1, DNAJC6, MACF1, GP1BB, BBS2, FRMD5, ERCC5, CDK13, FRAS1, LMBRD2, FRRS1L, SON, SYNJ1, RAB3GAP1, LARGE1, WAC, GRIA3, SPTBN1, GABBR1, JARID2, ARID1B, JAK2, FUT8, PIGN, SCN8A, CPLANE1, KAT6B, DCX, DEPDC5, NAA15, MED27, JAZF1, CLTC, GRIA1, PPP3CA, ACBD6, BPTF, ATP6V0A1, TCF20, CACNA2D1, CALM3, RNF13, PIK3CA, HUWE1, FOXP1, RAPGEF2, EML1, GLRB, NDUFAF2, AKAP9, GLI3, PRORP, WWOX, LMBRD1, FBXW7, SMAD4, SCAPER, KCNH1, CHD7, IL17RA, KMT2E, LSS, ATP9A, SMCHD1, HERC2, B3GALNT2, ATG7, ROBO1, NEDD4L, L2HGDH, STRADA, FRMPD4, TET3, ATP1A3, FASTKD2, FBXO11, GLS, ATAD1, FIG4, CACNA1D, CASK, TRIP12, CALM2, KCNB1, VRK1, NSD1, ANKH, EHMT1, HERC1, ATP2A2, ALG9, PPM1B, ALDH3A2, ANKRD17, KCNA2, STS, MT-ND4, CACNG2, DYRK1A, QDPR, DIS3L2, SDHC, RNASET2, ARSB, CAMK2B, XPR1, COX10, PRKAR1B, NDUFS1, ZBTB20, DPYD, NIPBL, SELENOI, BMPR1A, KAT6A, SPTAN1, NALCN, MSH2, GNB1, PIGL, VPS13D, AHI1, SIK3, SMC5, ELOVL4, SCN2A, POGZ, CDH11, RYR3, PDE2A, SPATA7, RTTN, SPTBN4, TNRC6B, PDHX, OPA1, LRRC8C, CNNM2, CYFIP2, CDKL5, WDPCP, FRA10AC1, RARS2, EPG5, FLCN, PCNT, HEXA, PRKAG2, CAMSAP1, FTO, DNMT3A, PTEN, CCDC88C, RSRC1, STAG1, MT-ATP6, TMX2, IQSEC2, HGSNAT, PRNP, PEX3, ATP2B1, DNM1L, KDM5A, GNB5, FARS2, PCLO, IL1RAPL1, YWHAG, DYNC1H1, TASP1, BCR, VPS13A, BCAS3, ABCA5, ABAT, PAFAH1B1, KCNQ5, ARMC9, CELF2, PRRT2, RYR2, GABRB1, RORA, UBE3A, WDR26, ATP6V1A, MT-ND3, ADK, B3GLCT, CACNA1B, CCND2, SNRPN, AP4S1, BBS9, MECP2, KCNA1, HEXB, SCLT1, MT-ND1, FAR1, SYT2, NFASC, ASH1L, TBCK, HIVEP2, GRIN2B, MTR, PDP1, BBS5, MT-ND2, CDK6, CAMKMT, SNAP25, SLC4A10, MED12L, BCKDHB, RPGRIP1L, CHN1, THOC2, ADD3, JAM3, ZSWIM6, KCNN3, TRAPPC9, HLCS, TANC2, HDAC8, MDH1, NOVA2, NTRK2, UBE4B, PHF21A, ARNT2, DEAF1, MT-ND5, RANBP2, PRKDC, TMEM67, USP9X, GPHN, DISP1, MIPEP, APP, WASF1, PHIP, ATP11A, NBAS, TRIO, CALM1, MEIS2, MAPK1, CUL3, SLC12A5, KMT2A, PACS1, ADAMTS3, INTS8, DMXL2, YEATS2, RHOBTB2, LUZP1, COG5, KCNMA1, DNAJC5, SPRED1, EXOC2, TTC8, MICU1, MT-CO2, GNAQ, GABRA2, CNTNAP2, SLC35A1, NFIA, ACADM, DCC, GNAO1, EXT2, MBD5, PI4KA, RAP1GDS1, BBS1, ANTXR1, ANK2, PREPL, UBAC2, CSPP1, TRRAP, GRIN2A, ITPR1, JMJD1C, RPS6KA3, IDS, TMEM106B, SNX14, CRPPA, SLC17A5, PDE10A, ATP8A2, FGF12, KIF5C, ATM, SMARCC2, OPHN1, SUFU, GFM2, LARS2, ANKRD11, IQSEC1, CTNNA2, CREBBP
HP:0001274	Agenesis of corpus callosum	79	0.032766486934881794	2.0147966100645673	9.039337449779759e-10	6.738236546803216e-08	7.171453747114452	9.298766434588438e-06	CDK13, DPYD, CIT, CDK6, MED12L, RAB3GAP1, LARGE1, RPGRIP1L, HECTD4, MCPH1, CDC40, AHI1, ZSWIM6, MT-CO1, DYNC1I2, RTTN, ARID1B, UBE4B, PDHX, PIGN, ARNT2, MT-ND5, CPLANE1, KAT6B, DCX, FRA10AC1, DISP1, EPG5, ACBD6, KIDINS220, CAMSAP1, MT-CO3, KANSL1, HS2ST1, CDON, ZNF148, FOXG1, EML1, FRMD4A, HIBCH, DPYSL5, MT-CYB, ATRX, LUZP1, HNRNPU, STAG2, BCL11B, SLC30A9, MT-CO2, GLI3, RAB3GAP2, NFIA, DCC, B3GALNT2, ROBO1, CLCN3, SUZ12, ABAT, ARMC9, CDH2, CDK8, FIG4, EP300, CRPPA, DYNC2H1, SMARCE1, RERE, EHMT1, B3GLCT, SMARCC2, SUFU, ZNF462, IFT80, MT-ND4, CREBBP, DIS3L2, MT-ND1, ERCC5, PPP1R12A
HP:0000316	Hypertelorism	206	0.0854417254251348	2.0091485183017714	1.1096720990669052e-23	6.714821695941914e-21	20.172965515012635	1.1415196883101255e-19	CDK13, COL25A1, GATAD2B, NFASC, DPYD, ASH1L, ZBTB20, FANCL, FRAS1, TBC1D32, TBCK, CIT, HIVEP2, AFF4, BBS5, PDE4D, BMPR1A, SETD2, FBN1, TRIM37, TBCE, TAOK1, SETBP1, NALCN, AKT3, FLNB, MED12L, CHD4, PUM1, PIGL, SMARCA2, MAPRE2, WAC, RPGRIP1L, HECTD4, PPP1R12A, THOC2, OGT, SPTBN1, GRIP1, SIK3, ZSWIM6, PIK3R1, KCNN3, BMPER, MAP3K7, POGZ, TRAPPC9, CDH11, THSD4, HDAC8, JARID2, ARID1B, ZMYM2, MED13, PDHX, PIGN, SPECC1L, DEAF1, NRCAM, CPLANE1, KAT6B, TMEM67, WDPCP, FRA10AC1, DEPDC5, PPP1R21, MED27, NF1, EPG5, HACE1, EPB41L1, PPP3CA, FLCN, QRICH1, SCN1A, BPTF, SOS1, GAD1, HS2ST1, SOS2, KREMEN1, GFRA1, LRPPRC, BRD4, PHIP, DNMT3A, NBAS, FANCM, PTEN, TRIO, RSRC1, PIK3CA, MAPK1, TBL1XR1, TRIM33, HUWE1, FOXP1, KMT2A, NCDN, PACS1, ADAMTS3, INTS8, BRAF, NEK1, DPYSL5, IQSEC2, ATRX, PRKG1, HNRNPU, ZNF292, KCNMA1, CDK19, BCL11B, SPRED1, EXOC2, TTC8, MICU1, GLI3, PEX3, CNTNAP2, PRORP, ITCH, PHACTR1, DICER1, EXT2, KDM5A, SMAD4, MBD5, SCAPER, SLC25A12, RAP1GDS1, KCNH1, BBS1, CHD7, CNTN1, ANTXR1, SMCHD1, APC, CLCN3, CSPP1, TRRAP, MED13L, NEDD4L, PPP2CA, IL1RAPL1, GNPTAB, STRADA, TASP1, KIF21A, PTPN11, JMJD1C, SDCCAG8, AUTS2, SUZ12, PPP1CB, RPS6KA3, BCAS3, HNRNPC, PAFAH1B1, FBXO11, CDH2, CTNND2, FIG4, EP300, SMAD3, CASK, ZMYND11, TRIP12, WDR26, ATP6V1A, LEMD3, TCF12, LMBR1, FRYL, AFF3, NSD1, RERE, ANKH, ADK, EHMT1, HERC1, WDR37, RRAS2, ALG9, B3GLCT, ASCC3, CAMTA1, CCND2, SUFU, SNRPN, TOGARAM1, AP4S1, MACF1, ZNF462, SPART, BBS9, ANKRD11, PRKACB, GP1BB, TENM3, BBS2, CREBBP, SCLT1, FAR1, ASPH
HP:0001290	Generalized hypotonia	162	0.06719203649937786	2.0030228073092395	1.5453397453300193e-18	4.076130759028182e-16	15.389751892621074	1.5896909960209908e-14	COX10, NDUFS1, TBCK, PDP1, GRIN2B, BMPR1A, SETD2, FBN1, GABRG2, TBCE, KAT6A, SPTAN1, PSAP, ANK3, VLDLR, GNB1, SYNJ1, CACNA1A, MED12L, LARGE1, MAPRE2, PRKD1, WAC, RPGRIP1L, TRPS1, KCNN3, BMPER, GRIK2, POGZ, DYNC1I2, SLC9A7, HLCS, KCNT1, TANC2, THSD4, HDAC8, SPTBN4, NOVA2, COG6, NTRK2, FMN2, ARL13B, SYNE1, HECW2, PHF21A, ADARB1, PIGN, SCN8A, DST, CPLANE1, KAT6B, TMEM67, CYFIP2, ADAM22, CDKL5, USP9X, RARS2, ATXN1, GPHN, DISP1, HACE1, CLTC, PPP3CA, FLCN, SCN1A, BPTF, HEXA, KANSL1, CD59, CDON, WASF1, LRPPRC, CACNA2D1, ACTN2, GABRB2, RNF13, PTEN, CNKSR2, PIK3CA, MAPK1, HUWE1, FOXP1, PBX1, PACS1, FOXG1, BRAF, IQSEC2, STAG2, HNRNPU, KCNMA1, CDK19, BCL11B, SLC13A3, SCN3A, ATXN2, CNOT2, PRNP, GABRA2, PEX3, CNTNAP2, SLC35A1, ITCH, ACADM, ATCAY, DHFR, WWOX, LMBRD1, GNAO1, DNM1L, SLC35A3, KCNH1, AMMECR1, KMT2E, HERC2, APC, CSPP1, MRPS28, MED13L, UNC80, GNPTAB, YWHAG, STRADA, ITPR1, TASP1, UBR1, AUTS2, SUZ12, PPP1CB, TET3, NRXN1, ATP1A3, FASTKD2, CELF2, MYO5A, CDK8, EP300, RORA, CRPPA, SMAD3, UBE3A, MAMLD1, KCNB1, ATP6V1A, ATXN10, SLC17A5, WNK1, FGF12, GABRB3, GRID2, KMT2C, LIFR, CACNA1B, OPHN1, SNRPN, TOGARAM1, ZNF462, SPART, KCNA2, IQSEC1, MTX2, DYRK1A, ASPH
HP:0002019	Constipation	88	0.036499377851513894	1.999602883945039	1.253555995072647e-10	1.0836412202783462e-08	7.965114483337149	1.289533052131232e-06	CDK13, AFF4, BMPR1A, PRKN, NALCN, MSH2, SNCAIP, SYNJ1, CACNA1A, MED12L, RFX7, SMARCA2, LRRK2, WAC, CACNA1C, CDC73, GRB10, SPTBN1, FGF13, SIK3, ZSWIM6, SCN2A, PCCA, MT-CO1, TSHR, POGZ, UBE4B, ARNT2, DEAF1, MT-ND5, CDKL5, DISP1, SNCA, MT-CO3, TCF20, CDON, PHIP, PIK3CA, KMT2A, FOXP1, PACS1, FOXG1, BRAF, RHOBTB2, IQSEC2, ATRX, LUZP1, STAG2, STXBP1, ATXN2, MT-CO2, PRNP, CNTNAP2, FBXW7, EXT2, MBD5, GTF2I, KCNH1, VPS13C, UNC80, JMJD1C, GRIN1, NRXN1, ATP1A3, FBXO11, EP300, UBE3A, WDR26, UCHL1, CHRM3, NSD1, RERE, MAPT, ATM, ASCC3, CAMTA1, SNRPN, DNAJC6, SPART, GP1BB, MT-ND4, MECP2, FRMD5, HEXB, DYRK1A, CREBBP, MT-ND1, SDHC
HP:0003196	Short nose	88	0.036499377851513894	1.9630566171366441	3.3858731110191245e-10	2.7643235470677568e-08	7.5584111268251	3.4830476693053735e-06	DPYD, NIPBL, AFF4, PDE4D, FBN1, SETBP1, SON, NALCN, FLNB, RFX7, RAB3GAP1, SMARCA2, WAC, HECTD4, SPTBN1, ZSWIM6, BMPER, CDH11, SYT1, HDAC8, ARID1B, ZMYM2, FUT8, PIGN, SPECC1L, DEAF1, NRCAM, LRRC8C, PPP1R21, DISP1, FAR1, TCF20, CDON, BRD4, PHIP, RNF13, NBAS, TRIO, PTEN, TBL1XR1, HUWE1, FOXP1, KMT2A, FOXG1, BRAF, DPYSL5, IQSEC2, ATRX, GLI3, CNTNAP2, RAB3GAP2, NFIA, VPS33A, MBD5, GTF2I, ANTXR1, APC, TRRAP, GRIN2A, MED13L, NEDD4L, IL1RAPL1, UBR1, PPP1CB, RPS6KA3, PAFAH1B1, FBXO11, NEXMIF, CASK, TRIP12, ATP6V1A, SMARCE1, FRYL, VPS53, EHMT1, ALG9, PAK3, B3GLCT, CCDC88A, SMARCC2, LIFR, SUFU, SNRPN, ZNF462, DYRK1A, CREBBP, DIS3L2, PPP1R12A
HP:0001347	Hyperreflexia	141	0.05848195769390294	1.958812758596271	1.6269364855532495e-15	2.7436550208010287e-13	12.561670496456983	1.6736295626886277e-11	XPR1, ATXN7, NFASC, DPYD, NDUFS1, FANCL, CIT, SELENOI, PRKN, MT-ND2, CDK6, SPTAN1, PSAP, GRM1, PPARGC1A, SLC4A10, NALCN, PLCB1, VLDLR, GNB1, SYNJ1, CACNA1A, RFX7, RAB3GAP1, UNC13A, LRRK2, RPGRIP1L, HECTD4, ANXA11, GRIA3, VPS13D, MCPH1, JAM3, ELOVL4, SCN2A, ERBB4, ATL1, TARDBP, DYNC1I2, KCNT1, NTRK2, AGTPBP1, SYNE1, PIGN, OPA1, MT-ND5, NDUFS4, TMEM67, CYFIP2, CDKL5, GRM7, RARS2, ATXN1, GPHN, SNCA, DYM, TTC19, KIDINS220, CAMSAP1, GAD1, BSCL2, TRAPPC6B, FANCM, TRIO, CCDC88C, ADCY5, HUWE1, MT-ATP6, DMXL2, GLRB, ZFR, TMX2, RHOBTB2, HIBCH, NEK1, ATRX, TTBK2, KCND3, EYA1, ATXN2, PRNP, GNAQ, PEX3, WWOX, DCC, GNAO1, SLC33A1, GTF2I, PI4KA, NT5C2, SETX, HPRT1, VPS13C, TMEM63C, SACS, UBAC2, PCLO, ITPR1, FRMPD4, AUTS2, GRIN1, BCAS3, TMEM106B, ABAT, ATP1A3, SLC20A2, ATAD1, TAF15, FIG4, EP300, SLC39A8, REEP1, HTT, CASK, UBE3A, ATP6V1A, UCHL1, WLS, ATXN10, MT-ND3, PPP2R2B, ATP8A2, VRK1, NSD1, MAPT, GRID2, ALG9, CCDC88A, SNRPN, CACNA1E, AP4S1, GFM2, DNAJC6, SPART, MT-ND4, MECP2, KCNA1, CTNNA2, HEXB, CREBBP, MT-ND1
HP:0000160	Narrow mouth	54	0.022397345499792616	1.954927626907746	1.1073917422227465e-06	5.0855977018952646e-05	4.293657997828667	0.011391738852245393	FBXO11, CDK13, STXBP1, PIGN, ZBTB20, HIVEP2, EP300, NFIA, BMPR1A, FBN1, KAT6A, PHACTR1, SETBP1, SCN1A, SON, BPTF, SMAD4, NALCN, AKT3, MED12L, RERE, BCL11B, RAB3GAP1, MAPRE2, AMMECR1, CHD7, HECTD4, CACNA1C, CHD6, GRB10, APC, CAMTA1, CCND2, CLCN3, PTEN, IGF1R, PIK3CA, MAPK1, TRIM33, NEDD4L, POGZ, HUWE1, ADAMTS3, GP1BB, MECP2, MTX2, BCR, JMJD1C, AUTS2, CREBBP, RTTN, LUZP1, UBE4B, PAFAH1B1
HP:0000486	Strabismus	241	0.09995852343425965	1.9535537231710765	1.1013816149462078e-25	8.584360338733515e-23	22.06629206063215	1.132991267295164e-21	CDK13, COL25A1, GATAD2B, CAMK2B, BCL11A, DPYD, ASH1L, ZBTB20, FANCL, TRIM44, SLC44A1, TBC1D32, NDUFS1, NIPBL, TBCK, KDM5B, BBS5, AFF4, FBN1, MT-ND2, TRIM37, KAT6A, VPS13B, SPTAN1, TAOK1, SETBP1, SON, GRM1, NALCN, VLDLR, GNB1, MED12L, CACNA1A, LARGE1, PIGL, ARHGEF2, MAPRE2, WAC, RPGRIP1L, THOC2, ARIH1, CHN1, SRRM2, ADD3, AHI1, SPTBN1, ZSWIM6, ELOVL4, SCN2A, MAP3K7, GRIK2, POGZ, CDH11, SLC9A7, RIC1, THSD4, SYT1, HDAC8, CEP85L, ARID1B, ARL13B, SYNE1, HECW2, UBE4B, AGTPBP1, PHF21A, PIGN, OPA1, ARNT2, SPECC1L, DEAF1, NRCAM, SCN8A, NDUFS4, CPLANE1, TMEM67, CDKL5, USP9X, WDPCP, GRM7, DISP1, NF1, HACE1, ACBD6, KIDINS220, SOS1, KANSL1, TRAPPC6B, TCF20, SOS2, CDON, PIBF1, WASF1, LRPPRC, BRD4, PHIP, DNMT3A, NBAS, FANCM, TRIO, ATR, TBL1XR1, HUWE1, FOXP1, STAG1, PBX1, PACS1, ADAMTS3, KMT2A, MT-ATP6, BRAF, DMXL2, NDUFAF2, SETD5, FRMD4A, HIBCH, DPYSL5, IQSEC2, LUZP1, PRKG1, HNRNPU, COG5, ZNF292, KCNMA1, STXBP1, SLC30A9, TTC8, MYT1L, GNAQ, CNTNAP2, PEX3, RAB3GAP2, REV3L, ATCAY, DCC, GNAO1, DNM1L, FBXW7, EXT2, KDM5A, SMAD4, GTF2I, SCAPER, NT5C2, BBS1, RBPJ, FARS2, AMMECR1, SETX, CHD7, ATP9A, ANTXR1, TMEM63C, HERC2, LYST, B3GALNT2, SIL1, ATG7, ROBO1, CLCN3, CSPP1, MED13L, IL1RAPL1, L2HGDH, STRADA, ITPR1, KIF21A, TASP1, FGF14, PTPN11, SDCCAG8, UBR1, FRMPD4, AUTS2, JMJD1C, GRIN1, RPS6KA3, BCAS3, TET3, NRXN1, FBXO11, ARMC9, MYO5A, CDH2, AP3B1, CDK8, FIG4, EP300, RORA, SLC39A8, NEXMIF, CRPPA, ZNF407, SMAD3, CASK, TRIP12, UBE3A, WDR26, ATP6V1A, TCF12, MT-ND3, SMARCE1, ATP8A2, MT-ATP8, CAMK2A, VRK1, AFF3, NSD1, RERE, VPS53, EHMT1, ATM, RRAS2, SMARCC2, CHD6, CACNA1B, ASCC3, CAMTA1, SUFU, SNRPN, TOGARAM1, AP4S1, ANKRD17, IGF1R, OPHN1, MACF1, BBS9, ANKRD11, LARS2, PRKACB, GP1BB, BBS2, FRMD5, KCNA1, DYRK1A, CREBBP, SCLT1, MT-ND1, ERCC5, PPP1R12A, ASPH
HP:0001156	Brachydactyly	86	0.03566984653670676	1.9438179069037633	1.1581621963933088e-09	8.510010367355691e-08	7.070069910834023	1.1914014514297968e-05	PRKAR1B, NIPBL, AFF4, BBS5, PDE4D, ZFPM2, FBN1, KAT6A, FLNB, PIGL, SMARCA2, WAC, CHN1, TRPS1, GRB10, SIK3, WDR19, PIK3R1, MAP3K7, POGZ, CDH11, PDE3A, UBE4B, PIGN, SPECC1L, DEAF1, CPLANE1, KAT6B, TMEM67, WDPCP, DYM, EPB41L1, PPP3CA, MYSM1, PCNT, SOS1, FTO, SOS2, NBAS, TRIO, PTEN, PIK3CA, HUWE1, BRAF, NEK1, DPYSL5, IQSEC2, ATRX, LUZP1, TTC8, GLI3, CWC27, REV3L, SMAD4, SCAPER, CHST11, RBPJ, BBS1, CHD7, LSS, SIL1, CSPP1, TASP1, PTPN11, SDCCAG8, PPP1CB, SNX14, TTC21B, DYNC2H1, TCF12, RERE, STX16, EHMT1, RRAS2, B3GLCT, LIFR, EXT1, SUFU, SNRPN, SPART, BBS9, PRKACB, IFT80, BBS2, SCLT1, SDHC
HP:0001629	Ventricular septal defect	117	0.04852758191621734	1.937247402891785	1.0566382404319441e-12	1.278780891685107e-10	9.893203861841792	1.0869637579323409e-08	CDK13, TBCK, NIPBL, AFF4, FBN1, KAT6A, VPS13B, TAOK1, SON, AKT3, FLNB, CHD4, RFX7, PIGL, WAC, CACNA1C, SPTBN1, JAM3, SCN2A, MAP3K7, THSD4, HDAC8, COG6, ARID1B, ZMYM2, DST, SPECC1L, KAT6B, CDKL5, GRM7, FRA10AC1, NF1, SOS1, DTNA, KANSL1, FTO, SOS2, BRD4, ALDH1A2, DNMT3A, TRIO, PIK3CA, MAPK1, MEIS2, STAG1, PACS1, DMXL2, BRAF, SETD5, NEK1, MT-CYB, DPYSL5, ATRX, STAG2, EXOC2, MICU1, TMEM260, GLI3, PEX3, CWC27, TIAM1, GNAO1, EXT2, KDM5A, SMAD4, GTF2I, PI4KA, ZBTB7A, FOCAD, CHD7, TAB2, TRRAP, MED13L, NEDD4L, TASP1, PTPN11, BCR, UBR1, JMJD1C, PPP1CB, GRIN1, TET3, CDK8, FIG4, EP300, CACNA1D, SMAD3, CASK, WDR26, ATP6V1A, CUX1, SMARCE1, CHRM3, CAMK2A, FRYL, NSD1, RERE, RARB, EHMT1, WDR37, RRAS2, ALG9, B3GLCT, SMARCC2, CCND2, IGF1R, MACF1, ZNF462, LARS2, ANKRD11, PRKACB, PKD1L1, GP1BB, KCNA1, DYRK1A, CREBBP, ASPH
HP:0001251	Ataxia	204	0.08461219411032767	1.9258857309156239	4.59375779805409e-21	1.817537941099324e-18	17.74051651447823	4.725598646858242e-17	SYT2, SPTB, CAMK2B, ATXN7, COX10, NFASC, NDUFS1, ZBTB20, HIVEP2, BBS5, GABRG2, MT-ND2, TBCE, SPTAN1, PSAP, GRM1, NALCN, SLC4A10, SNAP25, VLDLR, SYNJ1, CACNA1A, RIMS2, PUM1, PIGL, RPGRIP1L, KIF1B, VPS13D, AHI1, SPTBN1, FGF13, WDR19, ZSWIM6, ELOVL4, SCN2A, MT-CO1, GRIK2, PDE2A, HLCS, SYT1, RNF216, NPHP3, NTRK2, ARL13B, SYNE1, AGTPBP1, LIN28B, PDHX, OPA1, KCNN2, MT-ND5, SCN8A, NRCAM, NDUFS4, CPLANE1, TMEM67, CYFIP2, DCX, WDPCP, RAD50, GPHN, HACE1, CLTC, PPP3CA, SCN1A, TTC19, ACBD6, OXR1, ATP6V0A1, ALMS1, MT-CO3, BSCL2, APP, GPI, TCF20, ADGRV1, PIBF1, LRPPRC, CACNA2D1, GABRB2, PTEN, CCDC88C, CNKSR2, PIK3CA, FOXG1, MT-ATP6, BRAF, DMXL2, GLRB, NDUFAF2, SETD5, RHOBTB2, FRMD4A, HIBCH, DPYSL5, MT-CYB, KCNMA1, CDK19, SLC13A3, STXBP1, DNAJC5, SCN3A, KCND3, SLC9A1, ATXN2, MICU1, CHD2, MT-CO2, TTC8, PRNP, GABRA2, PEX3, CNTNAP2, SLC35A1, UBE3C, ACADM, ATCAY, DHFR, WWOX, DCC, DNM1L, FBXW7, KDM5A, SMAD4, GTF2I, SCAPER, MBD5, PI4KA, SYT14, BBS1, GOSR2, SETX, CHD7, LYST, SACS, UBAC2, SIL1, ATG7, MT-ND4L, CSPP1, MED13L, NEDD4L, L2HGDH, YWHAG, ITPR1, REPS1, MME, SDCCAG8, MYO9A, FRMPD4, ABCA5, ATP1A3, FASTKD2, PAFAH1B1, ARMC9, CELF2, CACNB4, ATAD1, SNX14, PRRT2, MYO5A, GABRB1, RORA, NEXMIF, HTT, INVS, UBE3A, KCNB1, ATP6V1A, UCHL1, SLC17A5, MT-ND3, SMARCE1, PPP2R2B, ATP8A2, MT-ATP8, VRK1, FGF12, GABRB3, GRID2, ATM, SPIDR, CACNA1B, CAMTA1, SUFU, SNRPN, TOGARAM1, OPHN1, KCNA2, LRP12, BBS9, MT-ND4, MECP2, BBS2, FRMD5, KCNA1, CTNNA2, HEXB, DYRK1A, SCLT1, MT-ND1, ERCC5, SDHC, RNASET2
HP:0001643	Patent ductus arteriosus	91	0.03774367482372459	1.9244602913215418	5.64995793429715e-10	4.3373968112025955e-08	7.362770844156892	5.812111727011478e-06	FANCL, NIPBL, AFF4, BMPR1A, FBN1, KAT6A, SON, CHD4, SMARCA2, WAC, CACNA1C, SIK3, SMC5, KCNN3, MAP3K7, POGZ, THSD4, NPHP3, COG6, ARID1B, COA6, UBE4B, ZMYM2, FUT8, PIGN, SPECC1L, KAT6B, WDPCP, USP9X, FRA10AC1, PCNT, SOS1, MAP1B, DTNA, KANSL1, FTO, SOS2, ZNF148, AGGF1, DNMT3A, FANCM, TRIO, PTEN, PIK3CA, TRIM33, KMT2A, PACS1, BRAF, SETD5, LUZP1, STAG2, PRKG1, STXBP1, GLI3, VPS33A, LMBRD1, EXT2, SMAD4, GTF2I, ZBTB7A, KCNH1, FOCAD, AMMECR1, CHD7, CADM3, TRRAP, NEDD4L, PTPN11, JMJD1C, PPP1CB, SNX14, EP300, SMAD3, WLS, CUX1, SMARCE1, CHRM3, FRYL, NSD1, RERE, EHMT1, WDR37, RRAS2, B3GLCT, SMARCC2, SNRPN, LARS2, GP1BB, DYRK1A, CREBBP, ASPH
HP:0001270	Motor delay	166	0.06885109912899212	1.9191661582653705	3.8899657305085155e-17	8.699147276030673e-15	14.060523316515246	4.00160774697411e-13	SYT2, CDK13, ATXN7, COX10, DPYD, TBCK, NIPBL, SELENOI, BMPR1A, FBN1, LMBRD2, VPS13B, SPTAN1, TAOK1, SETBP1, GRM1, NALCN, SNAP25, MED12L, RFX7, MEGF10, LARGE1, ARHGEF2, MAPRE2, WAC, HECTD4, GRIA3, CACNA1C, VPS13D, AHI1, GRB10, SPTBN1, ZSWIM6, GABBR1, SMC5, ATL1, MT-CO1, GRIK2, TSHR, DYNC1I2, POGZ, THSD4, SYT1, TANC2, SPATA7, SPTBN4, NOVA2, SYNE1, AGTPBP1, ADARB1, OPA1, KCNN2, MT-ND5, DEAF1, SCN8A, NRCAM, SBF2, KAT6B, DCX, FRA10AC1, NAA15, MED27, EPG5, DYM, GRIA1, QRICH1, SCN1A, BPTF, MT-CO3, HS2ST1, PDK3, TCF20, TRIO, PTEN, RSRC1, CUL3, ADCY5, HUWE1, FOXP1, PBX1, FOXG1, MT-ATP6, BRAF, DMXL2, GLRB, SETD5, NEK1, HIBCH, COG5, BCL11B, SPRED1, STXBP1, SLC9A1, HGSNAT, MICU1, CNOT2, MYT1L, MT-CO2, CNTNAP2, ITCH, REV3L, UBE3C, VPS33A, WWOX, DNM1L, EXT2, MBD5, GNB5, ZBTB7A, RAP1GDS1, NT5C2, CHD7, ATP9A, HPRT1, ANTXR1, HERC2, PREPL, HNRNPA2B1, RALGAPA1, MED13L, GNPTAB, DYNC1H1, ITPR1, REPS1, MYO9A, RPS6KA3, ATP1A3, FASTKD2, CPE, AP3B1, CDK8, FIG4, RORA, CRPPA, SMAD3, ZMYND11, DMD, TRIP12, UBE3A, ATP6V1A, FXR1, CUX1, PDE10A, MT-ATP8, VRK1, NSD1, EHMT1, RRAS2, KMT2C, GDAP1, SNRPN, IGF1R, ANKRD17, ZNF462, SPART, LARS2, STS, IQSEC1, MT-ND4, FRMD5, KCNA1, DYRK1A, FGD4, CREBBP, MT-ND1, ASPH
HP:0008872	Feeding difficulties in infancy	101	0.041891331397760266	1.9175989676943637	8.756424884011314e-11	7.832812415810816e-09	8.106082274038748	9.00773427818244e-07	COX10, DPYD, NIPBL, FBN1, ST3GAL5, VPS13B, SON, PSAP, NALCN, MED12L, RAB3GAP1, LARGE1, RPGRIP1L, AHI1, GRB10, WDR19, PCCA, MAP3K7, POGZ, TSHR, RIC1, HLCS, THSD4, HDAC8, ARID1B, ARL13B, UBE4B, PIGN, OPA1, DEAF1, NDUFS4, CPLANE1, TMEM67, DCX, EPG5, TSPYL1, EPB41L1, FLCN, SOS1, KANSL1, SOS2, PIBF1, BRD4, ACTN2, PHIP, RNF13, TRIO, FOXP1, BRAF, DPYSL5, IQSEC2, ATRX, LUZP1, CNOT2, MYT1L, PEX3, RAB3GAP2, ITCH, REV3L, WWOX, FARS2, CHD7, IL17RA, HERC2, CSPP1, PTPN11, JMJD1C, AUTS2, SUZ12, PPP1CB, RPS6KA3, TET3, ABAT, ARMC9, CDK8, EP300, TTC21B, DYNC2H1, SMAD3, CASK, DLG1, UBE3A, WDR26, VRK1, WNK1, NSD1, RERE, RRAS2, B3GLCT, LIFR, SUFU, SNRPN, TOGARAM1, GFM2, GP1BB, IFT80, MECP2, DYRK1A, CREBBP, ERCC5, ASPH
HP:0002007	Frontal bossing	104	0.043135628369970966	1.914980191364293	4.0556026041130903e-11	3.827521466835905e-09	8.417082364861646	4.171998398851136e-07	SPTB, GATAD2B, KCTD1, FANCL, PDE4D, BMPR1A, FBN1, TRIM37, TBCE, KAT6A, SETBP1, CAMKMT, SON, FLNB, RFX7, PIGL, SMARCA2, PRKD1, HECTD4, CACNA1C, TRPS1, GRB10, RNPC3, SIK3, WDR19, SMC5, PIK3R1, THSD4, JARID2, ARID1B, UBE4B, PIGN, SPECC1L, DEAF1, CPLANE1, DEPDC5, MED27, EPB41L1, KIDINS220, TCF20, ZNF148, FANCM, TRIO, PTEN, PIK3CA, BRAF, DPYSL5, IQSEC2, LUZP1, STAG2, HNRNPU, GLI3, CNTNAP2, CWC27, ITCH, NFIA, WWOX, DICER1, KDM5A, MBD5, ANTXR1, EPB41, PREPL, APC, CLCN3, CSPP1, MED13L, PPP2CA, UNC80, ITPR1, PPP1CB, GRIN1, RPS6KA3, PAFAH1B1, FBXO11, CDH2, SNX14, EP300, CRPPA, SMAD3, DYNC2H1, WDR26, CUX1, LEMD3, FRYL, NSD1, RERE, ANKH, ADK, HERC1, BRWD3, ALG9, PPM1B, B3GLCT, LIFR, CHD6, SUFU, OPHN1, TOGARAM1, ANKRD11, IFT80, MTX2, CREBBP, ASPH
HP:0000126	Hydronephrosis	60	0.02488593944421402	1.905670879596151	7.448717987761497e-07	3.5311042368710836e-05	4.452089462037654	0.007662496194010252	EYA1, TTC8, PIGN, ARNT2, GLI3, PEX3, NIPBL, RAB3GAP2, KAT6B, EP300, RORA, WDPCP, BBS5, USP9X, NFIA, DYNC2H1, NF1, KAT6A, PPP3CA, SETBP1, WLS, SOS1, SCAPER, CHRM3, KANSL1, CAMK2A, GNB1, RFX7, BBS1, NSD1, RERE, RAB3GAP1, FOCAD, PIGL, CHD7, EHMT1, GRIA3, ALG9, B3GLCT, APC, TOGARAM1, TRRAP, MAP3K7, SPART, BBS9, TASP1, IFT80, BRAF, BBS2, UBR1, SDCCAG8, DYRK1A, CREBBP, DPYSL5, SCLT1, ATRX, LUZP1, ARID1B, UBE4B, ZMYM2
HP:0004209	Clinodactyly of the 5th finger	106	0.0439651596847781	1.9026015217368573	4.210791967496729e-11	3.9378560881489866e-09	8.40474015951959	4.331641696963885e-07	KCTD1, FANCL, NIPBL, BBS5, ZFPM2, FBN1, VPS13B, FLNB, CHD4, PIGL, SMARCA2, PRKD1, MAPRE2, OGT, CACNA1C, TRPS1, GRB10, SIK3, WDR19, GABBR1, TRAPPC9, CDH11, SLC9A7, HDAC8, RNF216, ARID1B, UBE4B, ZMYM2, PHF21A, PIGN, SPECC1L, DEAF1, KAT6B, FRA10AC1, NAA15, NF1, DYM, QRICH1, BPTF, PCNT, SOS1, MAP1B, SOS2, TCF20, BRD4, ALDH1A2, PHIP, FANCM, TRIO, ATR, MAPK1, KMT2A, STAG1, PACS1, BRAF, NEK1, IQSEC2, RBFOX2, ATRX, LUZP1, STAG2, ZNF292, TLL1, SPRED1, CNOT2, TMEM260, REV3L, ATP2B1, EXT2, KDM5A, SMAD4, GTF2I, MBD5, AMMECR1, CHD7, TAB2, ATG7, CLCN3, TRRAP, MED13L, NEDD4L, PTPN11, BCR, UBR1, AUTS2, PAFAH1B1, EP300, NEXMIF, UBE3A, WDR26, LEMD3, NSD1, RERE, NIN, EHMT1, RRAS2, B3GLCT, CHD6, SNRPN, ZNF462, ANKRD11, PRKACB, PKD1L1, MECP2, DYRK1A, CREBBP
HP:0100543	Cognitive impairment	88	0.036499377851513894	1.8890720712646598	3.1914106249753898e-09	2.1261720519958042e-07	6.672401594841396	3.2830041099121836e-05	XPR1, TBCK, BBS5, PRKN, FBN1, GABRG2, FRRS1L, PPARGC1A, PLCB1, SYNJ1, LARGE1, UNC13A, LRRK2, ANXA11, ADD3, SPTBN1, FGF13, SCN2A, ERBB4, TARDBP, KCNT1, OPA1, MT-ND5, DEAF1, DCX, WDPCP, DEPDC5, ATXN1, SNCA, SCN1A, TTC19, PCNT, ALMS1, BSCL2, ADGRV1, PTEN, ATR, PIK3CA, SLC12A5, BRAF, NEK1, IQSEC2, SPRED1, KCND3, TTC8, ATXN2, PRNP, TRANK1, PEX3, NFIA, DCC, DNM1L, SCAPER, PI4KA, BBS1, VPS13C, LYST, B3GALNT2, HNRNPA2B1, GRIN2A, GNPTAB, ITPR1, SDCCAG8, ABCA5, ATP1A3, GABRA1, PRRT2, TAF15, FIG4, CRPPA, DMD, UCHL1, SMARCE1, PPP2R2B, CHRM3, MT-ATP8, GRID2, ATM, SUFU, DNAJC6, SPART, BBS9, LARS2, BBS2, HEXB, SCLT1, ERCC5, SDHC
HP:0000358	Posteriorly rotated ears	110	0.045624222314392365	1.883393497904145	4.4171929201221e-11	4.093663384621265e-09	8.387887871544503	4.543966356929604e-07	CDK13, KCTD1, PRKAR1B, FRAS1, NIPBL, AFF4, BBS5, PDE4D, FBN1, TBCE, KAT6A, CAMKMT, SLC4A10, GNB1, RFX7, RAB3GAP1, LARGE1, SMARCA2, MAPRE2, WAC, RPGRIP1L, TRPS1, SRRM2, AHI1, GRIP1, MAP3K7, POGZ, CDH11, THSD4, HDAC8, RTTN, ARID1B, UBE4B, ZMYM2, PIGN, NRCAM, CPLANE1, KAT6B, TMEM67, WDPCP, USP9X, FRA10AC1, NF1, SOS1, MAP1B, HS2ST1, SOS2, TCF20, BRD4, ZNF148, TBL1XR1, MAPK1, HUWE1, BRAF, FRMD4A, ATRX, LUZP1, COG5, BCL11B, SPRED1, TTC8, GLI3, PEX3, RAB3GAP2, ITCH, GTF2I, SCAPER, KCNH1, BBS1, CHD7, B3GALNT2, PREPL, CLCN3, CSPP1, MRPS28, TRRAP, UNC80, TMEM165, KIF21A, PTPN11, SDCCAG8, SUZ12, PPP1CB, FBXO11, CDH2, AP3B1, CTNND2, EP300, CRPPA, SMAD3, FRYL, NSD1, RERE, ANKH, HERC1, ALG9, RRAS2, PPM1B, B3GLCT, ASCC3, CAMTA1, EXT1, TOGARAM1, HS6ST2, BBS9, ANKRD11, BBS2, DIS3L2, SCLT1, ASPH
HP:0001249	Intellectual disability	427	0.1771049357113231	1.8814773443618074	2.7999762678706973e-42	7.200838966896466e-39	38.14261690114274	2.8803355867585864e-38	COL25A1, BCL11A, CRYM, CIT, PDE4D, SETD2, GABRG2, TBCE, VPS13B, TAOK1, SETBP1, ANK3, GRM1, AKT3, EXOC6B, VLDLR, CACNA1A, MEGF10, SMARCA2, MAPRE2, HECTD4, CACNA1C, TRPS1, MCPH1, PCCA, PDE3A, KCNT1, VAMP2, COG6, ARL13B, HECW2, ZMYM2, ADARB1, SPECC1L, GRM7, DIP2B, RAD50, NF1, HACE1, SCN1A, KIDINS220, OXR1, ALMS1, KANSL1, CDON, PIBF1, BRD4, ZNF148, AGGF1, GABRB2, FANCM, ATR, CNKSR2, TBL1XR1, ADCY5, NCDN, FOXG1, BRAF, FRMD4A, NEK1, DPYSL5, ATRX, STAG2, HNRNPU, ZNF292, CDK19, BCL11B, STXBP1, SCN3A, MYT1L, RAB3GAP2, DIAPH1, TIAM1, VPS33A, PHACTR1, SYT14, ZBTB7A, RBPJ, CERT1, CRADD, HPRT1, KCNQ3, TAB2, LYST, HNRNPA2B1, ADGRL1, TMEM165, UBR1, SDCCAG8, MYO9A, AUTS2, GRIN1, GABRA1, MYO5A, CTNND2, CDK8, EP300, SLC39A8, NEXMIF, SMAD3, EFHC1, UCHL1, WLS, SMARCE1, FRYL, RERE, NIN, MAST3, GRID2, BRWD3, WDR37, PAK3, KMT2C, LIFR, CHD6, CAMTA1, TOGARAM1, DNAJC6, GP1BB, BBS2, FRMD5, ERCC5, SAMD12, CDK13, FRAS1, ADCY3, TRIM37, FRRS1L, SON, KCTD7, SYNJ1, RAB3GAP1, LARGE1, ARHGEF2, WAC, OGT, GRIA3, CDC73, SPTBN1, RNPC3, PIK3R1, GABBR1, BMPER, RIC1, THSD4, SYT1, JARID2, ARID1B, FUT8, KCNN2, PIGN, SCN8A, CPLANE1, KAT6B, DCX, DEPDC5, PPP1R21, NAA15, MTAP, MED27, CLTC, GRIA1, PPP3CA, BPTF, ATP6V0A1, GPI, CACNA2D1, PIK3CA, HUWE1, FOXP1, GLRB, CHD2, GLI3, PRORP, WWOX, LMBRD1, FBXW7, SMAD4, GTF2I, SCAPER, KCNH1, CHD7, LSS, SMCHD1, HERC2, B3GALNT2, SACS, ROBO1, NEDD4L, L2HGDH, STRADA, FRMPD4, TET3, TNIK, ATP1A3, FBXO11, FASTKD2, ATAD1, CACNB4, CPE, FIG4, CACNA1D, TTC21B, CASK, TRIP12, KCNB1, CUX1, TCF12, LMBR1, VRK1, NSD1, ANKH, VPS53, EHMT1, HERC1, ATP2A2, ALG9, ALDH3A2, EXT1, IGF1R, KCNA2, STS, DYRK1A, QDPR, DIS3L2, SDHC, ARSB, ASPH, GPR88, CAMK2B, COX10, DPYD, ZBTB20, FANCL, NIPBL, BMPR1A, FBN1, KAT6A, SPTAN1, NALCN, GNB1, PUM1, PIGL, AHI1, GRIP1, WDR19, SCN2A, MAP3K7, POGZ, TSHR, CDH11, DPP6, SPATA7, WDFY3, CEP85L, FMN2, TNRC6B, PDHX, OPA1, NRCAM, CNNM2, CYFIP2, CDKL5, WDPCP, FRA10AC1, ANO5, EPG5, DYM, QRICH1, PCNT, MAP1B, GRIA2, HS2ST1, TUSC3, DNMT3A, PTEN, CCDC88C, RSRC1, NSMCE2, STAG1, IQSEC2, HGSNAT, EYA1, CWC27, ATP2B1, SLC35A3, KDM5A, GNB5, KMT5B, SIL1, BTRC, YWHAG, DYNC1H1, KIF21A, BCR, PPP1CB, PAFAH1B1, KCNQ5, ARMC9, CELF2, CDH2, PRRT2, RORA, DYNC2H1, ANAPC1, UBE3A, WDR26, ATP6V1A, LEMD3, RARB, FBXW4, RRAS2, B3GLCT, CACNA1B, SNRPN, BBS9, PRKACB, IFT80, MECP2, KCNA1, SCLT1, FAR1, SYT2, SLC1A1, ASH1L, AFF4, HIVEP2, GRIN2B, MTR, PDP1, BBS5, TSPAN7, SNAP25, FLNB, MED12L, RFX7, CHD4, RPGRIP1L, THOC2, ZSWIM6, KCNN3, GRIK2, TRAPPC9, STIM1, TANC2, HDAC8, NOVA2, NTRK2, SYNE1, UBE4B, PHF21A, ARNT2, DEAF1, RANBP2, TMEM67, USP9X, GPHN, DISP1, MYSM1, SOS1, APP, MAPK10, SOS2, ST3GAL3, PHIP, NBAS, TRIO, DOCK7, MEIS2, MAPK1, SLC12A5, KMT2A, PACS1, ADAMTS3, DMXL2, YEATS2, SETD5, RHOBTB2, LUZP1, COG5, SPRED1, TTC8, GNAQ, GABRA2, CNTNAP2, SLC35A1, NFIA, DCC, GNAO1, EXT2, MBD5, CHST11, PI4KA, RAP1GDS1, NT5C2, BBS1, AMMECR1, ANTXR1, CLCN3, CSPP1, TRRAP, GRIN2A, SLC4A4, KLHL7, GNPTAB, ITPR1, PTPN11, JMJD1C, SUZ12, RPS6KA3, IDS, TMEM106B, SNX14, CRPPA, SLC17A5, PDE10A, ATP8A2, CAMK2A, AFF3, FGF12, GABRB3, SMARCC2, OPHN1, SUFU, ANKRD11, TENM3, CREBBP
HP:0000508	Ptosis	163	0.06760680215678141	1.8718179000370168	1.022039554226417e-15	1.8127104990219227e-13	12.74167154985737	1.0513720894327152e-11	SYT2, CDK13, COL25A1, COX10, NDUFS1, ZBTB20, FANCL, TRIM44, NIPBL, TBCK, KDM5B, AFF4, PDE4D, FBN1, MT-ND2, GABRG2, KAT6A, SETBP1, PSAP, GRM1, NALCN, SNAP25, SYNJ1, CACNA1A, CHD4, RAB3GAP1, PUM1, PIGL, SMARCA2, ARHGEF2, RPGRIP1L, MAPRE2, ANXA11, PPP1R12A, GRIA3, CHN1, AHI1, ZSWIM6, MAP3K7, TARDBP, POGZ, CDH11, THSD4, HDAC8, JARID2, ARID1B, NTRK2, ARL13B, SYNE1, HECW2, OPA1, KCNN2, SCN8A, SPECC1L, NDUFS4, CPLANE1, SBF2, TMEM67, CYFIP2, NF1, EPG5, CLTC, PPP3CA, QRICH1, SCN1A, BPTF, SOS1, KANSL1, SOS2, PIBF1, BRD4, CACNA2D1, PHIP, GABRB2, FANCM, TRIO, CNKSR2, PIK3CA, MAPK1, HUWE1, FOXP1, KMT2A, PACS1, FOXG1, MT-ATP6, BRAF, NDUFAF2, SETD5, ATRX, MARK3, CDK19, SPRED1, SCN3A, SLC30A9, MICU1, GLI3, GABRA2, PEX3, ITCH, REV3L, WWOX, DCC, DNM1L, SMAD4, BBS1, FARS2, CHD7, PREPL, HNRNPA2B1, ATG7, APC, ROBO1, CSPP1, MRPS28, MED13L, UNC80, YWHAG, ITPR1, KIF21A, PTPN11, JMJD1C, MYO9A, AUTS2, PPP1CB, IDS, BCAS3, TET3, ATP1A3, FASTKD2, ARMC9, CELF2, CDK8, EP300, SMAD3, ZMYND11, KCNB1, ATP6V1A, TCF12, SLC17A5, MT-ND3, SMARCE1, MT-ATP8, FGF12, RERE, RRAS2, B3GLCT, SMARCC2, CACNA1B, ASCC3, SUFU, TOGARAM1, ZNF462, KCNA2, LRP12, ANKRD11, GP1BB, TENM3, MECP2, CREBBP, DIS3L2, MT-ND1, FAR1, ASPH
HP:0000028	Cryptorchidism	173	0.0717544587308171	1.8662501204496231	1.675291526378604e-16	3.133404351246673e-14	13.503983557820488	1.72337239318567e-12	ASH1L, ZBTB20, FANCL, FRAS1, NIPBL, TBCK, KDM5B, GRIN2B, AFF4, BBS5, PDE4D, ZFPM2, FBN1, TBCE, KAT6A, VPS13B, SETBP1, NALCN, FLNB, CHD4, RAB3GAP1, PUM1, LARGE1, SMARCA2, MAPRE2, RPGRIP1L, OGT, GRIA3, THOC2, GRB10, JAM3, GRIP1, ZSWIM6, MAP3K7, POGZ, THSD4, HDAC8, RTTN, ARID1B, UBE4B, SYNE1, ZMYM2, TNRC6B, PIGN, ARNT2, SPECC1L, KAT6B, TMEM67, WDPCP, PIK3C2A, DEPDC5, NF1, TSPYL1, ACBD6, SOS1, CAMSAP1, KANSL1, FTO, GRIA2, HS2ST1, SOS2, CDON, BRD4, ALDH1A2, PHIP, DNMT3A, FANCM, ATR, USP9Y, TBL1XR1, MAPK1, HUWE1, KMT2A, STAG1, PBX1, PACS1, BRAF, HIBCH, DPYSL5, ATRX, LUZP1, COG5, STXBP1, TTC8, MYT1L, GLI3, PEX3, RAB3GAP2, CWC27, TIAM1, WWOX, PHACTR1, DCC, FBXW7, EXT2, SMAD4, MBD5, GTF2I, SCAPER, KMT5B, BBS1, CHD7, KMT2E, SMCHD1, HERC2, B3GALNT2, ROBO1, CLCN3, CSPP1, MRPS28, TRRAP, MED13L, NEDD4L, ITPR1, TASP1, KIF21A, PTPN11, UBR1, SDCCAG8, JMJD1C, AUTS2, SUZ12, PPP1CB, FBXO11, CPE, CDH2, CDK8, FIG4, EP300, RORA, CRPPA, SMAD3, DYNC2H1, ANAPC1, MAMLD1, ATP6V1A, FXR1, TCF12, SMARCE1, LMBR1, CHRM3, CAMK2A, FRYL, NSD1, RERE, RARB, EHMT1, BRWD3, RRAS2, B3GLCT, SMARCC2, CHD6, SUFU, SNRPN, TOGARAM1, OPHN1, GFM2, ZNF462, BBS9, ANKRD11, PRKACB, STS, GP1BB, IFT80, MECP2, BBS2, DYRK1A, CREBBP, DIS3L2, SCLT1, ERCC5, PPP1R12A, ASPH
HP:0000639	Nystagmus	217	0.09000414765657404	1.861441202387318	1.6999564907821187e-20	6.030156007129536e-18	17.219671452012573	1.7487452420675655e-16	ATF6, SYT2, CAMK2B, ATXN7, COX10, DPYD, NDUFS1, FANCL, TRIM44, NIPBL, TBCK, PDP1, MTR, BBS5, MERTK, FBN1, MT-ND2, GABRG2, LMBRD2, FRRS1L, TSPAN7, VPS13B, SPTAN1, TAOK1, SON, NALCN, SNAP25, GNB1, SYNJ1, CACNA1A, RIMS2, RFX7, PIGL, PRKD1, RPGRIP1L, OGT, THOC2, CHN1, ADD3, AHI1, WDR19, GABBR1, ELOVL4, SCN2A, POGZ, SYT1, SPATA7, HDAC8, RNF216, NTRK2, ARL13B, ARID1B, UBE4B, SYNE1, HECW2, AGTPBP1, PHF21A, PIGN, OPA1, ARNT2, MT-ND5, SCN8A, NDUFS4, CPLANE1, TMEM67, CYFIP2, DCX, WDPCP, ATXN1, EPG5, DTNBP1, CLTC, PPP3CA, SCN1A, TTC19, ACBD6, KIDINS220, OXR1, SOS1, ALMS1, SOS2, ADGRV1, PIBF1, LRPPRC, BRD4, CACNA2D1, PHIP, GABRB2, FANCM, CNKSR2, HUWE1, FOXP1, PBX1, PACS1, FOXG1, MT-ATP6, BRAF, KIF2A, NDUFAF2, RHOBTB2, HIBCH, LUZP1, ZNF292, TTBK2, KCNMA1, CDK19, SCN3A, KCND3, SLC9A1, ATXN2, HGSNAT, MYT1L, TTC8, KIZ, PRNP, GABRA2, CNTNAP2, PEX3, SLC35A1, VPS33A, ATCAY, WWOX, DCC, DNM1L, EXT2, SLC33A1, SCAPER, ARHGEF18, GNB5, PI4KA, SYT14, NT5C2, TTLL5, BBS1, FOCAD, GOSR2, SETX, CHD7, ANTXR1, TMEM63C, LYST, SACS, SIL1, APC, SLC6A6, ROBO1, CLCN3, CSPP1, SLC7A14, UNC80, KLHL7, L2HGDH, YWHAG, ITPR1, REPS1, PTPN11, SDCCAG8, MME, MYO9A, FRMPD4, PPP1CB, BCAS3, TMEM106B, TET3, ATP1A3, FASTKD2, ARMC9, CELF2, CACNB4, MYO5A, SNX14, AP3B1, EP300, RORA, SLC39A8, CASK, UBE3A, KCNB1, ATP6V1A, ATXN10, SLC17A5, MT-ND3, MT-ATP8, VRK1, AFF3, NSD1, FGF12, RERE, STX16, ANKH, GRID2, ATM, RRAS2, B3GLCT, CHD6, CACNA1B, CAMTA1, SUFU, SNRPN, TOGARAM1, OPHN1, CACNA1E, SPART, KCNA2, RAB28, BBS9, ANKRD11, MT-ND4, BBS2, FRMD5, CREBBP, SCLT1, RIMS1, MT-ND1, ERCC5, BLOC1S6, RNASET2
HP:0000648	Optic atrophy	135	0.055993363749481544	1.8603343546380167	5.475531177919663e-13	6.953924595957972e-11	10.157770022847025	5.632678922725958e-09	ATXN7, COX10, DPYD, NDUFS1, NIPBL, SLC44A1, AFF4, SELENOI, MERTK, GABRG2, MT-ND2, TBCE, KAT6A, ST3GAL5, VPS13B, SON, PSAP, NALCN, KCTD7, AKT3, SYNJ1, CACNA1A, RAB3GAP1, LARGE1, RPGRIP1L, AHI1, MT-CO1, POGZ, SPATA7, RNF216, COG6, NTRK2, UBE4B, AGTPBP1, SYNE1, PDHX, OPA1, SCN8A, MT-ND5, NRCAM, LRRC8C, SBF2, TMEM67, CYFIP2, ADAM22, PPP1R21, ATXN1, EPG5, CLTC, PPP3CA, SCN1A, KANSL1, MT-CO3, CACNA2D1, GABRB2, NBAS, CNKSR2, PIK3CA, HUWE1, FOXG1, INTS8, MT-ATP6, BRAF, ELP4, NDUFAF2, MT-CYB, DPYSL5, ATRX, LUZP1, CDK19, SCN3A, SLC30A9, HGSNAT, MICU1, TTC8, MT-CO2, KIZ, GNAQ, GABRA2, PEX3, RAB3GAP2, SV2A, DIAPH1, VPS33A, WWOX, DNM1L, SCAPER, ARHGEF18, PI4KA, NT5C2, BBS1, CHD7, ANTXR1, SMCHD1, B3GALNT2, SIL1, ATG7, PCLO, MT-ND4L, CLCN3, CSPP1, SLC7A14, KLHL7, L2HGDH, YWHAG, JMJD1C, FRMPD4, RPS6KA3, ATP1A3, FASTKD2, CELF2, MYO5A, CRPPA, CASK, KCNB1, ATP6V1A, UCHL1, MT-ND3, MT-ATP8, VRK1, FGF12, RERE, ANKH, VPS53, B3GLCT, CCDC88A, CACNA1B, KCNA2, GP1BB, MT-ND4, BBS2, CTNNA2, DYRK1A, MT-ND1, ERCC5
HP:0001263	Global developmental delay	468	0.19411032766486935	1.84858004603266	2.0401348923722855e-44	6.995622545944567e-41	40.155173631245354	2.09868676378337e-40	BCL11A, ATXN7, CIT, KDM5B, PDE4D, SETD2, GABRG2, TBCE, VPS13B, TAOK1, SETBP1, PSAP, ANK3, GRM1, AKT3, EXOC6B, VLDLR, CACNA1A, SMARCA2, PRKD1, MAPRE2, HECTD4, CACNA1C, TRPS1, MCPH1, PCCA, MT-CO1, DYNC1I2, ACACA, PDE3A, VAMP2, COG6, ARL13B, AGTPBP1, HECW2, ZMYM2, ADARB1, SPECC1L, GRM7, NBEA, DIP2B, NF1, HACE1, EPB41L1, SCN1A, TTC19, KIDINS220, OXR1, ALMS1, KANSL1, MT-CO3, CDON, PIBF1, LRPPRC, BRD4, ZNF148, GABRB2, FANCM, ATR, CNKSR2, TBL1XR1, ADCY5, FOXG1, KIF2A, BRAF, FRMD4A, NEK1, HIBCH, DPYSL5, ATRX, STAG2, HNRNPU, ZNF292, CDK19, BCL11B, STXBP1, SCN3A, MYT1L, RAB3GAP2, DIAPH1, TIAM1, VPS33A, ATCAY, SYT14, ZBTB7A, SLC25A12, RBPJ, CERT1, HPRT1, KCNQ3, TAB2, PPP2CA, ADGRL1, TMEM165, SDCCAG8, AUTS2, GRIN1, HNRNPC, GABRA1, SLC20A2, MYO5A, EP300, SLC39A8, NEXMIF, SMAD3, REEP1, HTT, DMD, SMARCE1, FRYL, RERE, NIN, GRID2, WDR37, PAK3, KMT2C, LIFR, ASCC3, CAMTA1, TOGARAM1, HS6ST2, MACF1, GP1BB, BBS2, FRMD5, ERCC5, PPP1R12A, CDK13, GATAD2B, TBC1D32, TRIM37, LMBRD2, FRRS1L, SON, SYNJ1, RAB3GAP1, VPS45, LARGE1, WAC, OGT, GRIA3, SRRM2, CDC73, SPTBN1, RNPC3, PIK3R1, BMPER, RIC1, THSD4, SYT1, NDUFA10, JARID2, ARID1B, PIGN, KCNN2, SCN8A, CPLANE1, KAT6B, PPP1R21, NAA15, MTAP, MED27, CLTC, GRIA1, PPP3CA, NLGN1, ACBD6, BPTF, ATP6V0A1, GAD1, TCF20, CACNA2D1, PIK3CA, HUWE1, FOXP1, PBX1, EML1, ZFR, NDUFAF2, CHD2, GLI3, SV2A, PRORP, WWOX, LMBRD1, FBXW7, SMAD4, KCNH1, CHD7, KMT2E, HERC2, B3GALNT2, ROBO1, MED13L, NEDD4L, STRADA, FRMPD4, TET3, ATP1A3, FASTKD2, FBXO11, GLS, ATAD1, FIG4, CACNA1D, TTC21B, CASK, ZMYND11, TRIP12, KCNB1, CUX1, TCF12, LMBR1, VRK1, NSD1, ANKH, VPS53, EHMT1, HERC1, ALG9, PPM1B, EXT1, IGF1R, ANKRD17, FNIP1, KCNA2, STS, MT-ND4, DYRK1A, QDPR, DIS3L2, SDHC, RNASET2, ARSB, ASPH, GPR88, ARHGEF9, CAMK2B, XPR1, COX10, PRKAR1B, NDUFS1, ZBTB20, FANCL, NIPBL, DPYD, FBN1, KAT6A, NALCN, GNB1, PUM1, PIGL, AHI1, SIK3, WDR19, ELOVL4, SCN2A, MAP3K7, POGZ, TSHR, CDH11, RYR3, SLC9A7, PDE2A, SPATA7, NPHP3, SPTBN4, CEP85L, FMN2, TNRC6B, MED13, PDHX, OPA1, NRCAM, NDUFS4, CNNM2, CYFIP2, CDKL5, WDPCP, ANO5, EPG5, DYM, FLCN, PCNT, MAP1B, CAMSAP1, TRAPPC6B, GRIA2, HS2ST1, DOCK3, TUSC3, DNMT3A, PTEN, RSRC1, ARFGEF1, NSMCE2, STAG1, MT-ATP6, TMX2, IQSEC2, HGSNAT, EYA1, PEX3, OTUD7A, CWC27, DHFR, ATP2B1, DNM1L, DICER1, SLC35A3, KDM5A, GNB5, KMT5B, FARS2, SIL1, PCLO, BTRC, YWHAG, DYNC1H1, TASP1, BCR, PPP1CB, BCAS3, ABAT, PAFAH1B1, KCNQ5, ARMC9, CELF2, CDH2, GABRB1, RORA, DYNC2H1, ANAPC1, INVS, UBE3A, WDR26, ATP6V1A, LEMD3, MT-ND3, FBXW4, RRAS2, B3GLCT, CACNA1B, CCND2, SNRPN, AP4S1, SPART, BBS9, PRKACB, IFT80, MECP2, KCNA1, MT-ND1, FAR1, NFASC, ASH1L, TBCK, AFF4, HIVEP2, GRIN2B, MTR, PDP1, MT-ND2, CDK6, ST3GAL5, CAMKMT, SNAP25, SLC4A10, FLNB, CHD4, RIMS2, RPGRIP1L, CHN1, ADD3, GRB10, JAM3, ZSWIM6, KCNN3, GRIK2, TRAPPC9, STIM1, HLCS, HDAC8, MDH1, NTRK2, UBE4B, PHF21A, ARNT2, DEAF1, MT-ND5, TMEM67, USP9X, PIK3C2A, MIPEP, MYSM1, SOS1, APP, SOS2, PHIP, ATP11A, NBAS, TRIO, DOCK7, MEIS2, MAPK1, SLC12A5, KMT2A, PACS1, INTS8, DMXL2, SETD5, RHOBTB2, LUZP1, KCNMA1, SPRED1, TTC8, SLC30A9, MICU1, MT-CO2, GABRA2, CNTNAP2, SLC35A1, ITCH, NFIA, UBE3C, ACADM, DCC, GNAO1, EXT2, MBD5, CHST11, PI4KA, RAP1GDS1, NT5C2, BBS1, AMMECR1, CNTN1, PREPL, CLCN3, CSPP1, TRRAP, GRIN2A, GNPTAB, ITPR1, PTPN11, JMJD1C, SUZ12, RPS6KA3, IDS, TMEM106B, SNX14, CRPPA, ZNF407, SLC17A5, CAMK2A, AFF3, FGF12, GABRB3, KIF5C, SMARCC2, OPHN1, SUFU, GFM2, ANKRD11, IQSEC1, TENM3, CREBBP, BLOC1S6
HP:0000218	High palate	166	0.06885109912899212	1.841901027218323	2.0967047758236846e-15	3.478839036919071e-13	12.458565665243514	2.1568802028898242e-11	SYT2, GATAD2B, COX10, DPYD, ASH1L, ZBTB20, FANCL, FRAS1, TBC1D32, NIPBL, HIVEP2, TBCK, AFF4, BBS5, FBN1, SPTAN1, SETBP1, SON, NALCN, SNAP25, FLNB, GNB1, RFX7, RAB3GAP1, MEGF10, PUM1, PIGL, ARHGEF2, THOC2, ARIH1, TRPS1, SPTBN1, GRIP1, SIK3, PIK3R1, SMC5, KCNN3, MAP3K7, POGZ, CDH11, RYR3, THSD4, HDAC8, SPTBN4, ARID1B, ZMYM2, ADARB1, PDHX, FUT8, PIGN, DST, DEAF1, NRCAM, CPLANE1, ADAM22, WDPCP, USP9X, FRA10AC1, PPP1R21, DISP1, NF1, EPG5, CLTC, FLCN, QRICH1, SOS1, MAP1B, CAMSAP1, KANSL1, SOS2, DOCK3, CDON, BRD4, CACNA2D1, ACTN2, PHIP, FANCM, TRIO, PTEN, ATR, PIK3CA, MAPK1, HUWE1, KMT2A, STAG1, NCDN, DMXL2, BRAF, NEK1, DPYSL5, ATRX, STAG2, HNRNPU, COG5, PRKG1, ZNF292, CDK19, SPRED1, EYA1, TTC8, PEX3, CNTNAP2, RAB3GAP2, REV3L, LMBRD1, SMAD4, SCAPER, KCNH1, BBS1, CNTN1, ATP9A, SMCHD1, ATG7, APC, PCLO, CLCN3, MED13L, PPP2CA, KLHL7, ITPR1, TASP1, PTPN11, SDCCAG8, MYO9A, FRMPD4, PPP1CB, RPS6KA3, TET3, FASTKD2, FBXO11, PAFAH1B1, ARMC9, ATAD1, CDH2, SNX14, CTNND2, FIG4, EP300, SMAD3, REEP1, CASK, TRIP12, MAMLD1, ATP6V1A, WLS, SLC17A5, NSD1, RERE, HERC1, RRAS2, PAK3, CAMTA1, SNRPN, TOGARAM1, AP4S1, IGF1R, LRP12, BBS9, ANKRD11, MECP2, MTX2, BBS2, CREBBP, SCLT1, SDHC, ASPH
HP:0001260	Dysarthria	124	0.051430941518042304	1.839281188073183	1.0473073928271464e-11	1.099352158164577e-09	8.958863166676474	1.0773651150012855e-07	SYT2, XPR1, ATXN7, NFASC, ZFHX3, SLC44A1, SELENOI, BMPR1A, TRIM37, TBCE, SPTAN1, PSAP, GRM1, PPARGC1A, SNAP25, KCTD7, MSH2, VLDLR, SNCAIP, SYNJ1, CACNA1A, UNC13A, WAC, ANXA11, ADD3, VPS13D, SCN2A, ELOVL4, ERBB4, ATL1, TARDBP, DYNC1I2, RNF216, RTTN, SYNE1, JAK2, OPA1, SCN8A, RANBP2, DCX, PPP1R21, ATXN1, SNCA, HACE1, GRIA1, HPCA, SCN1A, TTC19, SOS1, SOS2, CCDC88C, PIK3CA, ADCY5, PACS1, NDUFA9, MT-ATP6, BRAF, DMXL2, PDE8B, RHOBTB2, NEK1, TTBK2, SLC13A3, SLC9A1, KCND3, ATXN2, PRNP, SLC35A1, ATCAY, WWOX, DCC, PNKD, GTF2I, PI4KA, SYT14, NT5C2, FARS2, GOSR2, SETX, CHD7, HPRT1, TMEM63C, SACS, SIL1, ATG7, GRIN2A, MED13L, ITPR1, REPS1, FGF14, PTPN11, MME, VPS13A, TMEM106B, ATP1A3, SLC20A2, CACNB4, PRRT2, TAF15, FIG4, REEP1, UCHL1, ATXN10, SLC17A5, PDE10A, PPP2R2B, ATP8A2, MT-ATP8, RERE, MAPT, GRID2, ATM, RRAS2, ALDH3A2, CAMTA1, SUFU, DNAJC6, GFM2, SPART, LRP12, KCNA1, HEXB, ERCC5, FAR1
HP:0001288	Gait disturbance	143	0.059311489008710076	1.828978086961705	3.942200673901135e-13	5.133344092711516e-11	10.289599623610405	4.055341833242098e-09	SYT2, XPR1, ZBTB20, MTR, BMPR1A, PRKN, GABRG2, FRRS1L, SPTAN1, PSAP, SNAP25, MSH2, VLDLR, SYNJ1, CACNA1A, MEGF10, LARGE1, PIGL, RPGRIP1L, THOC2, AHI1, ELOVL4, ATL1, MT-CO1, SLC9A7, RIC1, JARID2, NTRK2, ARL13B, UBE4B, SYNE1, OPA1, SCN8A, MT-ND5, DEAF1, RANBP2, CPLANE1, SBF2, TMEM67, CYFIP2, CDKL5, USP9X, ANO5, ATXN1, GPHN, SNCA, HACE1, DYM, PPP3CA, CLTC, HPCA, SCN1A, MT-CO3, BSCL2, APP, PDK3, PIBF1, SGCD, CACNA2D1, ACTN2, PHIP, GABRB2, CNKSR2, PIK3CA, ADCY5, FOXG1, MT-ATP6, PDE8B, GLRB, IQSEC2, LUZP1, TTBK2, CDK19, SCN3A, SLC30A9, KCND3, MICU1, MT-CO2, PRNP, GABRA2, WWOX, DCC, DNM1L, KDM5A, GTF2I, PI4KA, SYT14, GOSR2, SETX, CHD7, SMCHD1, LYST, B3GALNT2, SACS, UBAC2, CSPP1, GNPTAB, DYNC1H1, STRADA, YWHAG, ITPR1, FGF14, MYO9A, RPS6KA3, TMEM106B, ATP1A3, SLC20A2, ARMC9, CELF2, ATAD1, OBSCN, CDK8, FIG4, CRPPA, REEP1, HTT, CASK, DMD, KCNB1, ATP6V1A, AOPEP, SMARCE1, PPP2R2B, ATP8A2, FGF12, RERE, MAPT, HERC1, GRID2, ATM, CACNA1B, GDAP1, SUFU, TOGARAM1, AP4S1, SPART, KCNA2, LRP12, MT-ND4, MECP2, HEXB, DYRK1A, MT-ND1
HP:0000023	Inguinal hernia	70	0.02903359601824969	1.817820803586399	5.96742515335783e-07	2.882014204347042e-05	4.54030388304516	0.0061386902552592	TNRC6B, ATAD1, CTNND2, GLI3, IDS, NIPBL, RAB3GAP2, TMEM67, KDM5B, CWC27, GRIN2B, NFIA, DEPDC5, SMAD3, GPHN, FBN1, ATP6V1A, SETBP1, DICER1, SMAD4, NALCN, GTF2I, FLNB, NSD1, FOCAD, PIGL, MAPRE2, SMARCA2, RPGRIP1L, EHMT1, LRPPRC, SMCHD1, KMT2C, BRD4, SMARCC2, B3GLCT, ZEB1, RNF13, WDR19, TRRAP, ELOVL4, PIK3R1, MEIS2, MAPK1, BMPER, PPP2CA, TRIM33, POGZ, PACS1, GNPTAB, RIC1, GP1BB, BRAF, TASP1, THSD4, BCR, JMJD1C, AUTS2, DYRK1A, SUZ12, CREBBP, DPYSL5, DIS3L2, NPHP3, RPS6KA3, PRKG1, ARID1B, ARSB, ASPH, PAFAH1B1
HP:0000716	Depression	91	0.03774367482372459	1.7832154992979425	4.012790129741446e-08	2.2313282197108247e-06	5.651436541986484	0.0004127957206465026	XPR1, BBS5, BMPR1A, PRKN, GABRG2, DRD2, PSAP, PPARGC1A, MSH2, SNCAIP, SYNJ1, UNC13A, LRRK2, ANXA11, THOC2, SPTBN1, ERBB4, TARDBP, MT-CO1, KCNT1, CEP85L, USP48, MT-ND5, WDPCP, DEPDC5, DISP1, SNCA, JAZF1, TTC19, MT-CO3, ADGRV1, CDON, PIK3CA, MAPK1, SGCE, BRAF, NEK1, ATRX, STAG2, DNAJC5, TTC8, ATXN2, MT-CO2, PRNP, TRANK1, PER3, GTF2I, SCAPER, BBS1, NR3C1, CHD7, ATP9A, VPS13C, GRIN2A, ITPR1, FGF14, BCR, SDCCAG8, CFTR, JMJD1C, VPS13A, RPS6KA3, TMEM106B, TET3, ATP1A3, GABRA1, SLC20A2, TAF15, FIG4, HTT, MAMLD1, AOPEP, UCHL1, ATXN10, PPP2R2B, FRYL, STX16, MAPT, GABRB3, EHMT1, ATP2A2, ATM, GIGYF2, DNAJC6, BBS9, GP1BB, MT-ND4, MECP2, BBS2, SCLT1, MT-ND1
HP:0000821	Hypothyroidism	69	0.02861883036084612	1.7810250350545898	1.6044021577227941e-06	7.023185104891228e-05	4.1534658850546755	0.016504484996494383	PHF21A, TTC8, OPA1, MYT1L, MT-CO2, DEAF1, MT-ND5, FUT8, LRRC8C, ASH1L, ZBTB20, TBCK, KAT6B, AFF4, WDPCP, GRM7, PIK3C2A, BBS5, GRIN2B, ITCH, TIAM1, ANAPC1, FBN1, DISP1, GRIA1, DNM1L, FLCN, EXT2, GTF2I, SCAPER, ALMS1, MT-ATP8, MT-CO3, KANSL1, BBS1, NSD1, RERE, CHD7, CACNA1C, CDON, LIFR, CHD6, ATP11A, APC, FGF13, ROBO1, PTEN, SUFU, PIK3CA, ADCY5, MT-CO1, TSHR, FOXP1, BBS9, GP1BB, MT-ATP6, MT-ND4, BBS2, UBR1, SDCCAG8, JMJD1C, DYRK1A, IQSEC2, SCLT1, MT-ND1, LUZP1, JAK1, LRBA, UBE4B
HP:0001252	Hypotonia	375	0.1555371215263376	1.7769878903610807	3.2888691507109688e-31	4.229074619170467e-28	27.373754651952158	3.383259695336374e-27	COL25A1, PDE4D, SETD2, GABRG2, TBCE, VPS13B, TAOK1, SETBP1, PSAP, ANK3, EXOC6B, VLDLR, CACNA1A, MEGF10, SMARCA2, MAPRE2, HECTD4, CACNA1C, TRPS1, ACACA, PDE3A, KCNT1, ARL13B, PPA2, AGTPBP1, HECW2, ZMYM2, DST, SPECC1L, NBEA, NF1, HACE1, EPB41L1, SCN1A, OXR1, ALMS1, KANSL1, PIBF1, LRPPRC, BRD4, ATR, TBL1XR1, ADCY5, FOXG1, BRAF, NEK1, HIBCH, DPYSL5, ATRX, HNRNPU, ZNF292, BCL11B, STXBP1, SCN3A, ATXN2, RAB3GAP2, DIAPH1, VPS33A, ATCAY, PHACTR1, SLC33A1, ZBTB7A, SLC25A12, RBPJ, HPRT1, TAB2, PPP2CA, ADGRL1, TMEM165, REPS1, UBR1, MYO9A, GRIN1, HNRNPC, MYO5A, CTNND2, EP300, SLC39A8, NEXMIF, SMAD3, REEP1, DMD, WLS, SMARCE1, MT-ATP8, FRYL, RERE, NIN, GRID2, BRWD3, PAK3, KMT2C, LIFR, TOGARAM1, MACF1, GP1BB, FRMD5, ERCC5, CDK13, PHKB, DOCK11, TRIM37, FRRS1L, SON, PLCB1, SYNJ1, RAB3GAP1, LARGE1, ARHGEF2, SRRM2, CDC73, CDC40, SPTBN1, RNPC3, PIK3R1, GABBR1, BMPER, THSD4, NDUFA10, JARID2, ARID1B, FUT8, PIGN, SCN8A, CPLANE1, KAT6B, PPP1R21, MTAP, MED27, CLTC, PPP3CA, ACBD6, TCF20, CACNA2D1, PIK3CA, FOXP1, NDUFAF2, CHD2, GLI3, SV2A, REV3L, LMBRD1, FBXW7, SMAD4, GTF2I, KCNH1, CHD7, LSS, ATP9A, B3GALNT2, RALGAPA1, MED13L, NEDD4L, L2HGDH, STRADA, NRXN1, ATP1A3, FASTKD2, FBXO11, GLS, FIG4, TTC21B, CASK, ZMYND11, TRIP12, KCNB1, CUX1, TCF12, LMBR1, VRK1, NSD1, ANKH, EHMT1, HERC1, ALG9, PPM1B, ALDH3A2, EXT1, IGF1R, KCNA2, QDPR, DIS3L2, ARSB, ASPH, CAMK2B, COX10, DPYD, NDUFS1, ZBTB20, NIPBL, BMPR1A, FBN1, KAT6A, SPTAN1, NALCN, MSH2, GNB1, PUM1, PIGL, AHI1, WDR19, SCN2A, MAP3K7, POGZ, TSHR, SLC9A7, SPATA7, RNF216, SPTBN4, TNRC6B, MED13, NRCAM, NDUFS4, CDKL5, FRA10AC1, RARS2, ANO5, EPG5, DYM, QRICH1, PCNT, HEXA, CAMSAP1, TRAPPC6B, HS2ST1, DOCK3, DNMT3A, PTEN, RSRC1, NSMCE2, STAG1, MT-ATP6, IQSEC2, HGSNAT, PEX3, OTUD7A, DHFR, ATP2B1, DNM1L, KDM5A, GNB5, FARS2, FOCAD, SIL1, BTRC, YWHAG, DYNC1H1, KIF21A, VPS13A, PPP1CB, BCAS3, ABAT, PAFAH1B1, KCNQ5, ARMC9, CELF2, PRRT2, GABRB1, DYNC2H1, UBE3A, WDR26, ATP6V1A, LEMD3, MT-ND3, FBXW4, ADK, RRAS2, CCDC88A, CACNA1B, SNRPN, AP4S1, PRKACB, TRIM2, IFT80, MECP2, HEXB, MT-ND1, FAR1, SYT2, NFASC, ASH1L, TBCK, HIVEP2, GRIN2B, MTR, PDP1, MT-ND2, ST3GAL5, CAMKMT, SNAP25, SLC4A10, FLNB, RFX7, CHD4, RPGRIP1L, THOC2, FGF13, ZSWIM6, GRIK2, TRAPPC9, STIM1, HLCS, HDAC8, NTRK2, COA6, SYNE1, UBE4B, DEAF1, TMEM67, USP9X, ATXN1, MIPEP, SOS1, CD59, SOS2, ADGRV1, ST3GAL3, PHIP, NBAS, TRIO, DOCK7, MAPK1, SLC12A5, SGCE, KMT2A, SETD5, RHOBTB2, LUZP1, COG5, KCNMA1, SPRED1, MICU1, GABRA2, CNTNAP2, ITCH, NFIA, UBE3C, ACADM, DCC, EXT2, MBD5, CHST11, GOSR2, AMMECR1, CNTN1, PREPL, CLCN3, CSPP1, TRRAP, GRIN2A, GNPTAB, ITPR1, PTPN11, JMJD1C, RPS6KA3, IDS, TMEM106B, SNX14, CRPPA, ZNF407, SLC17A5, ATP8A2, CAMK2A, WNK1, AFF3, FGF12, ATM, SMARCC2, OPHN1, SUFU, ZNF462, ANKRD11, CTNNA2, CREBBP, LYRM4
HP:0031936	Delayed ability to walk	175	0.07258399004562423	1.7715137570495418	1.5470709425117023e-14	2.3064809834228815e-12	11.637050121731438	1.5914718785617882e-10	CDK13, BCL11A, NFASC, NIPBL, HIVEP2, KDM5B, PDE4D, SETD2, FBN1, TRIM37, TBCE, KAT6A, VPS13B, SON, SNAP25, FLNB, EXOC6B, VLDLR, RAB3GAP1, PUM1, LARGE1, SMARCA2, RPGRIP1L, TRPS1, SRRM2, CDC73, AHI1, RNPC3, WDR19, ZSWIM6, PIK3R1, BMPER, MAP3K7, GRIK2, TRAPPC9, RYR3, DYNC1I2, SLC9A7, STIM1, PDE3A, SYT1, HDAC8, ARID1B, ARL13B, SYNE1, HECW2, ADARB1, SCN8A, SPECC1L, CPLANE1, KAT6B, TMEM67, NBEA, PPP1R21, ANO5, MTAP, NF1, DYM, ACBD6, PCNT, SOS1, ATP6V0A1, ALMS1, HS2ST1, TCF20, SOS2, DOCK3, WASF1, ZNF148, ACTN2, DNMT3A, NBAS, TRIO, ATR, CNKSR2, MAPK1, CUL3, ADCY5, NSMCE2, HUWE1, FOXP1, KMT2A, NCDN, FOXG1, BRAF, SETD5, NEK1, DPYSL5, STAG2, BCL11B, SPRED1, SLC9A1, HGSNAT, MYT1L, GLI3, CNTNAP2, OTUD7A, RAB3GAP2, CWC27, VPS33A, EXT2, SMAD4, CHST11, SLC25A12, RBPJ, AMMECR1, LSS, KMT2E, TAB2, HERC2, ATG7, CADM3, CLCN3, BTRC, TRRAP, PPP2CA, ADGRL1, GNPTAB, DYNC1H1, ITPR1, TMEM165, PTPN11, MYO9A, FRMPD4, PPP1CB, GRIN1, IDS, TMEM106B, HNRNPC, FASTKD2, FBXO11, CELF2, FIG4, EP300, RORA, TTC21B, DYNC2H1, ZNF407, SMAD3, CASK, UBE3A, WDR26, ATP6V1A, LEMD3, TCF12, SLC17A5, LMBR1, SMARCE1, CAMK2A, AFF3, NSD1, NIN, FBXW4, ANKH, ALG9, RRAS2, PAK3, LIFR, ASCC3, EXT1, OPHN1, SNRPN, AP4S1, IGF1R, HS6ST2, MACF1, ANKRD11, PRKACB, TRIM2, IFT80, MECP2, IQSEC1, CREBBP, ARSB, FAR1
HP:0001631	Atrial septal defect	101	0.041891331397760266	1.7646616267126047	8.78882119708868e-09	5.580901460151311e-07	6.253295645587683	9.041060365445124e-05	CDK13, FANCL, NIPBL, KDM5B, BMPR1A, FBN1, KAT6A, SETBP1, SON, FLNB, CHD4, AHI1, FGF13, SIK3, MAP3K7, POGZ, THSD4, SYT1, HDAC8, NPHP3, COG6, ARID1B, ZMYM2, FUT8, PIGN, SPECC1L, KAT6B, USP9X, PPP1R21, NF1, EPG5, FLCN, PCNT, SOS1, KANSL1, SOS2, BRD4, AGGF1, DNMT3A, FANCM, TRIO, PTEN, PIK3CA, MAPK1, CUL3, MEIS2, KMT2A, PACS1, BRAF, SETD5, NEK1, DPYSL5, TLL1, TMEM260, GLI3, VPS33A, LMBRD1, EXT2, KDM5A, SMAD4, GTF2I, ZBTB7A, KCNH1, FOCAD, CHD7, CLCN3, PPP2CA, STRADA, ITPR1, TASP1, PTPN11, BCR, UBR1, JMJD1C, AUTS2, PPP1CB, FBXO11, CPE, SNX14, FIG4, EP300, SMAD3, ATP6V1A, CUX1, SMARCE1, CHRM3, FRYL, NSD1, EHMT1, WDR37, RRAS2, ALG9, B3GLCT, SMARCC2, IGF1R, PRKACB, GP1BB, BBS2, FRMD5, CREBBP, ASPH
HP:0003593	Infantile onset	287	0.11903774367482373	1.7439960753610908	2.0988384508399373e-22	1.0281310068471636e-19	18.98795154300049	2.1590751143790437e-18	ARHGEF9, GATAD2B, CAMK2B, COX10, PRKAR1B, ASH1L, FANCL, NDUFS1, NIPBL, TBCK, ADCY3, HIVEP2, GRIN2B, KDM5B, MTR, PHKB, DOCK11, GABRG2, TRIM37, TBCE, LMBRD2, ST3GAL5, SH3KBP1, FRRS1L, SPTAN1, DPYD, SETBP1, PSAP, SON, GRM1, KCTD7, PLCB1, VLDLR, GNB1, SYNJ1, CACNA1A, RFX7, MEGF10, VPS45, BCKDHB, PIGL, PUM1, LARGE1, WAC, RPGRIP1L, HECTD4, GRIA3, CACNA1C, SRRM2, ADD3, VPS13D, RNPC3, FGF13, ZSWIM6, GABBR1, SCN2A, PIK3R1, GRIK2, TRAPPC9, POGZ, DYNC1I2, SLC9A7, PDE2A, KCNT1, SYT1, SPATA7, VAMP2, NDUFA10, NPHP3, NTRK2, PPA2, FMN2, HYDIN, ZMYM2, AGTPBP1, JAK2, OPA1, KCNN2, DST, DEAF1, RANBP2, PRKDC, SCN8A, NDUFS4, CPLANE1, KAT6B, CNNM2, TMEM67, DCX, CDKL5, ADAM22, DIP2B, DEPDC5, NBEA, GPHN, NF1, EPG5, CLTC, GRIA1, PPP3CA, TSPYL1, SCN1A, MIPEP, KIDINS220, HEXA, ATP6V0A1, CAMSAP1, GAD1, GUCY1A1, CD59, TRAPPC6B, SASH1, TCF20, ADGRV1, DOCK3, CA12, SGCD, LRPPRC, NEK10, ST3GAL3, CACNA2D1, BRD4, PHIP, NBAS, TRIO, CALM1, PTEN, ATR, DOCK7, RSRC1, TBL1XR1, CUL3, ADCY5, SLC12A5, HUWE1, FOXP1, STAG1, ARFGEF1, NCDN, FOXG1, BRAF, SETD5, TMX2, RHOBTB2, HIBCH, IQSEC2, HNRNPU, KCNMA1, MAGI2, BCL11B, STXBP1, SCN3A, SLC30A9, CHD2, EXOC2, MYT1L, CNTNAP2, OTUD7A, ATP13A3, SV2A, SLC35A1, DIAPH1, NFIA, UBE3C, TIAM1, VPS33A, ATCAY, WWOX, LMBRD1, PLCG2, ATP2B1, GNAO1, PNKD, DCC, EXT2, SLC33A1, MBD5, GNB5, PI4KA, SLC25A12, RAP1GDS1, KMT5B, KCNH1, NT5C2, FOCAD, GOSR2, AMMECR1, KMT2E, CNTN1, ATP9A, HPRT1, ANTXR1, TMEM63C, HERC2, LYST, B3GALNT2, SACS, SIL1, ATG7, PCLO, HNRNPA2B1, SLC6A6, CADM3, CLCN3, JPH1, MED13L, NEDD4L, PPP2CA, KLHL7, GNPTAB, L2HGDH, DYNC1H1, YWHAG, ITPR1, REPS1, CFTR, FRMPD4, AUTS2, GRIN1, RPS6KA3, BCAS3, TMEM106B, IDS, CCDC39, HNRNPC, TNIK, KCNQ5, ATP1A3, FASTKD2, CELF2, MYO5A, GLS, GABRA1, SNX14, PRRT2, GABRB1, DGKE, FIG4, EP300, NEXMIF, ZNF407, HTT, CASK, ZMYND11, WDR26, KCNB1, ATP6V1A, CUX1, WLS, PDE10A, CAMK2A, WNK1, FGF12, RERE, ANKH, ADK, GABRB3, VPS53, MAST3, GRID2, BRWD3, ALG9, SMARCC2, CACNA1B, CAMTA1, GDAP1, OPHN1, TOGARAM1, MACF1, ZNF462, FNIP1, KCNA2, TET2, STS, TRIM2, MECP2, MTX2, FRMD5, CTNNA2, HEXB, DYRK1A, CREBBP, QDPR, ERCC5, RNASET2, ARSB, FAR1
HP:0000006	Autosomal dominant inheritance	457	0.18954790543343011	1.743857661466381	2.3791940404456538e-36	4.079128182344073e-33	32.38943264721783	2.447476909406444e-32	KCTD1, SPTB, BCL11A, ATXN7, CRYM, PDE4D, SETD2, ZFPM2, GABRG2, VPS13B, TAOK1, SETBP1, PSAP, GRM1, AKT3, CACNA1A, SMARCA2, PRKD1, MAPRE2, ANXA11, CACNA1C, TRPS1, NR3C2, MYO6, ERBB4, TARDBP, PDE3A, KCNT1, VAMP2, HECW2, ZMYM2, USP48, SPECC1L, NBEA, DIP2B, NF1, EPB41L1, SCN1A, KIDINS220, ALMS1, KANSL1, BSCL2, SASH1, CDON, BRD4, ZNF148, ACTN2, GABRB2, ATR, TBL1XR1, ADCY5, DCAF8, NCDN, FOXG1, CACNB2, KIF2A, ELP4, BRAF, NEK1, DPYSL5, HNRNPU, ZNF292, CDK19, BCL11B, SCN4B, TLL1, STXBP1, SCN3A, ATXN2, CNOT2, MYT1L, KIZ, DIAPH1, IVNS1ABP, PHACTR1, SLC33A1, ZBTB7A, ACTN1, RBPJ, CERT1, SETX, ROBO2, KCNQ3, EPB41, TAB2, HNRNPA2B1, SLC6A6, LPP, PPP2CA, ADGRL1, SDCCAG8, AUTS2, GRIN1, HNRNPC, GABRA1, SLC20A2, NSF, CDK8, GLMN, EP300, SMAD3, REEP1, HTT, EFHC1, UCHL1, ATXN10, SMARCE1, PPP2R2B, FRYL, AAGAB, RERE, MAST3, WDR37, KMT2C, CAMTA1, MACF1, SDHAF2, BBS2, FRMD5, PPP1R12A, SAMD12, CDK13, ANO3, GATAD2B, MERTK, LMBRD2, NEXN, SON, MSH3, PALLD, WAC, PICALM, TNRC6A, SRRM2, MLLT10, CDC73, SPTBN1, PIK3R1, PRLR, THSD4, SYT1, JARID2, ARID1B, JAK2, SCN8A, KCNN2, CPLANE1, KAT6B, DEPDC5, NAA15, MTAP, CLTC, GRIA1, PPP3CA, SCN3B, NLGN1, BPTF, ACTN4, DTNA, ATP6V0A1, TCF20, CALM3, RNF13, PIK3CA, FOXP1, PBX1, RAPGEF2, PDE8B, THRB, RBFOX2, PRKG1, CHD2, AKAP9, TMEM260, GLI3, FBXW7, SMAD4, ATP2B2, SCAPER, ARHGEF18, KCNH1, TRPC6, CHD7, KMT2E, ZNF644, SMCHD1, HERC2, CADM3, ROBO1, MED13L, NEDD4L, DLC1, BMPR2, SRGAP1, CFTR, ADAM10, TET3, RASA1, ATP1A3, FBXO11, GLS, CACNB4, FIG4, CACNA1D, TTC21B, ZMYND11, TRIP12, CALM2, KCNB1, CUX1, TCF12, LMBR1, NSD1, MAPT, ANKH, EHMT1, ATP2A2, EXT1, GDAP1, CACNA1E, IGF1R, ANKRD17, AP1S3, KCNA2, LRP12, PKD1L1, CACNG2, DYRK1A, TENM4, SDHC, ASPH, CAMK2B, XPR1, PRKAR1B, ZBTB20, HNRNPDL, ZFHX3, NIPBL, BMPR1A, PRKN, FBN1, OPCML, KAT6A, SPTAN1, NALCN, MSH2, SNCAIP, GNB1, PUM1, LRRK2, AHI1, SCD5, WDR19, ELOVL4, SCN2A, ATL1, MAP3K7, POGZ, TSHR, CDH11, DPP6, SPATA7, WDFY3, NPHP3, CEP85L, TNRC6B, MED13, OPA1, SMARCAD1, LRRC8C, CNNM2, CYFIP2, SYN2, WDPCP, RBM20, ANO5, SNCA, NFKB1, FLCN, QRICH1, PRKAG2, MAP1B, GRIA2, ALDH1A2, DNMT3A, PTEN, CCDC88C, ARFGEF1, KLHL3, STAG1, MEF2A, HGSNAT, KCND3, EYA1, PRNP, CWC27, GNAL, ATP2B1, PLCG2, DNM1L, DICER1, KDM5A, KMT5B, TTLL5, NR3C1, ZEB1, SLC7A14, YWHAG, DYNC1H1, KIF21A, ANKRD26, PPP1CB, PAFAH1B1, KCNQ5, CELF2, CDH2, PRRT2, RYR2, GABRB1, RORA, DYNC2H1, TNNI3K, INVS, UBE3A, ARHGAP26, WDR26, ATP6V1A, LEMD3, STX16, RARB, RRAS2, CCND2, SNRPN, RGS9, BBS9, PRKACB, KCNA1, RIMS1, EGFR, FAR1, SYT2, ATF6, ASH1L, TRIM44, AFF4, HIVEP2, GRIN2B, BBS5, SNAP25, SLC4A10, LPL, FLNB, MED12L, RFX7, CHD4, RIMS2, RPGRIP1L, TRPM7, CHN1, ARIH1, KIF1B, ZSWIM6, KCNN3, GRIK2, STIM1, TANC2, YPEL2, SLC4A7, NOVA2, NTRK2, ATP2C1, SYNE1, PHF21A, DEAF1, RANBP2, TMEM67, ATXN1, GPHN, SOS1, RB1CC1, APP, SOS2, ADGRV1, WASF1, SGCD, PHIP, ATP11A, NBAS, TRIO, CALM1, MEIS2, MAPK1, CUL3, SGCE, SLC12A5, KMT2A, PACS1, DMXL2, YEATS2, SETD5, RHOBTB2, TTBK2, KCNMA1, DNAJC5, SPRED1, TTC8, KLHL24, GNAQ, GABRA2, CTNNA3, NFIA, RUNX1, PER3, DCC, GNAO1, PNKD, EXT2, MBD5, BBS1, ANTXR1, ANK2, MXI1, APC, CLCN3, JPH1, CSPP1, TRRAP, GRIN2A, KLHL7, ITPR1, PTPN11, AGBL1, MME, FGF14, SUZ12, ETV6, TMEM106B, JAK1, COCH, EPHA10, PDE10A, CAMK2A, WNK1, AFF3, FGF12, MIB1, GABRB3, VWA8, KIF5C, ATM, SMARCC2, GIGYF2, SUFU, ZNF462, RAB28, ANKRD11, CREBBP
HP:0000252	Microcephaly	336	0.1393612608875985	1.7303813218949016	1.1410920644955303e-25	8.584360338733515e-23	22.06629206063215	1.173841406746552e-21	BCL11A, CIT, PDE4D, SETD2, GABRG2, TBCE, VPS13B, PSAP, ANK3, EXOC6B, CACNA1A, SMARCA2, PRKD1, MAPRE2, TRPS1, MCPH1, DYNC1I2, PDE3A, KCNT1, COG6, AGTPBP1, ZMYM2, ADARB1, SPECC1L, GRM7, NBEA, ADAMTSL1, RAD50, NF1, HACE1, SCN1A, ALMS1, KANSL1, CDON, LRPPRC, BRD4, ZNF148, AGGF1, GABRB2, FANCM, ATR, CNKSR2, TBL1XR1, FOXG1, KIF2A, BRAF, FRMD4A, NEK1, ATRX, STAG2, HNRNPU, ZNF292, CDK19, STXBP1, SCN3A, MYT1L, RAB3GAP2, DIAPH1, VPS33A, PHACTR1, RBPJ, TAB2, MRPS28, ERCC6L2, PPP2CA, UNC80, TMEM165, UBR1, AUTS2, GRIN1, HNRNPC, AP3B1, CTNND2, EP300, NEXMIF, SMAD3, WLS, SMARCE1, MT-ATP8, FRYL, RERE, NIN, PAK3, KMT2C, LIFR, CHD6, ASCC3, MACF1, GP1BB, ERCC5, CDK13, FRAS1, TBC1D32, TRIM37, LMBRD2, KCTD7, PLCB1, SYNJ1, RAB3GAP1, LARGE1, OGT, SRRM2, CDC73, SPTBN1, RNPC3, PIK3R1, BMPER, THSD4, JARID2, ARID1B, FUT8, KCNN2, SCN8A, CPLANE1, KAT6B, PPP1R21, MTAP, MED27, CLTC, PPP3CA, BPTF, CACNA2D1, RNF13, PIK3CA, HUWE1, NDUFAF2, CHD2, TMEM260, GLI3, SV2A, WWOX, FBXW7, SMAD4, GTF2I, KCNH1, CHD7, LSS, B3GALNT2, TET3, ATP1A3, FBXO11, FIG4, TTC21B, CASK, TRIP12, KCNB1, TCF12, LMBR1, VRK1, NSD1, ANKH, VPS53, EHMT1, ALG9, SPIDR, ALDH3A2, EXT1, IGF1R, ANKRD17, KCNA2, DYRK1A, QDPR, RNASET2, ARSB, ASPH, CAMK2B, PRKAR1B, NDUFS1, FANCL, DPYD, NIPBL, SELENOI, FBN1, KAT6A, SPTAN1, NALCN, GNB1, PUM1, VPS13D, GRIP1, WDR19, SMC5, ELOVL4, SCN2A, MAP3K7, POGZ, CDH11, PDE2A, DPP6, WDFY3, RTTN, TNRC6B, PDHX, NRCAM, LRRC8C, NDUFS4, CNNM2, CYFIP2, CDKL5, RARS2, ANO5, EPG5, DYM, FLCN, QRICH1, PCNT, MAP1B, HS2ST1, TUSC3, DNMT3A, RSRC1, NSMCE2, STAG1, MT-ATP6, TMX2, IQSEC2, HGSNAT, PEX3, DNM1L, SLC35A3, KDM5A, GNB5, FARS2, SIL1, BTRC, YWHAG, DYNC1H1, TASP1, BCR, PPP1CB, BCAS3, CELF2, DYNC2H1, WDR26, ATP6V1A, LEMD3, MT-ND3, FBXW4, RRAS2, B3GLCT, CACNA1B, SNRPN, AP4S1, SPART, PRKACB, IFT80, MECP2, KCNA1, MT-ND1, FAR1, NFASC, ASH1L, TBCK, AFF4, HIVEP2, GRIN2B, MTR, MT-ND2, CDK6, ST3GAL5, SLC4A10, FLNB, RFX7, RPGRIP1L, CHN1, THOC2, ADD3, ZSWIM6, GRIK2, TRAPPC9, STIM1, ACE, TANC2, HDAC8, NTRK2, SYNE1, UBE4B, DEAF1, PRKDC, TMEM67, DISP1, MIPEP, MYSM1, SOS1, SOS2, ATP11A, NBAS, TRIO, MEIS2, MAPK1, CUL3, SLC12A5, KMT2A, PACS1, INTS8, DMXL2, RHOBTB2, LUZP1, COG5, KCNMA1, SPRED1, SLC30A9, MICU1, GABRA2, CNTNAP2, SLC35A1, DCC, GNAO1, EXT2, MBD5, CHST11, PI4KA, RAP1GDS1, AMMECR1, CLCN3, CSPP1, TRRAP, GNPTAB, ITPR1, PTPN11, JMJD1C, RPS6KA3, IDS, CRPPA, SLC17A5, CAMK2A, AFF3, FGF12, KIF5C, ATM, SMARCC2, SUFU, GFM2, ANKRD11, IQSEC1, CREBBP
HP:0000369	Low-set ears	169	0.07009539610120281	1.7047167228909996	1.6906700040274545e-12	1.9763548103898207e-10	9.704135084868994	1.7391922331430423e-08	SYT2, CDK13, KCTD1, BCL11A, ASH1L, FANCL, FRAS1, NIPBL, TBCK, BMPR1A, FBN1, TBCE, KAT6A, TAOK1, SETBP1, SON, NALCN, SLC4A10, SNAP25, FLNB, CHD4, RAB3GAP1, PUM1, LARGE1, SMARCA2, MAPRE2, RPGRIP1L, OGT, CACNA1C, SRRM2, AHI1, GRIP1, ZSWIM6, SMC5, PIK3R1, BMPER, MAP3K7, POGZ, CDH11, THSD4, JARID2, ARID1B, ARL13B, ZMYM2, PIGN, DST, SPECC1L, PRKDC, CPLANE1, KAT6B, TMEM67, USP9X, FRA10AC1, DEPDC5, PPP1R21, MED27, NF1, EPG5, QRICH1, MYSM1, PCNT, SOS1, GAD1, HS2ST1, TCF20, GFRA1, PIBF1, LRPPRC, BRD4, ZNF148, CACNA2D1, ALDH1A2, NBAS, PTEN, ATR, MEIS2, MAPK1, HUWE1, KMT2A, STAG1, PBX1, PACS1, ADAMTS3, BRAF, SETD5, FRMD4A, DPYSL5, ATRX, STAG2, COG5, ZNF292, STXBP1, SPRED1, EYA1, EXOC2, CNOT2, TMEM260, PEX3, RAB3GAP2, CWC27, ITCH, NFIA, LMBRD1, PHACTR1, ATP2B1, KDM5A, SMAD4, MBD5, RAP1GDS1, KCNH1, CHD7, ANTXR1, B3GALNT2, PCLO, CLCN3, CSPP1, MRPS28, TRRAP, RALGAPA1, MED13L, UNC80, GNPTAB, TMEM165, TASP1, PTPN11, JMJD1C, MYO9A, AUTS2, PPP1CB, PAFAH1B1, FBXO11, ARMC9, CDH2, AP3B1, FIG4, EP300, SLC39A8, CRPPA, SMAD3, TRIP12, ATP6V1A, CUX1, FRYL, AFF3, NSD1, RERE, ANKH, HERC1, WDR37, ALG9, B3GLCT, LIFR, CAMTA1, SUFU, TOGARAM1, IGF1R, HS6ST2, MACF1, ZNF462, SPART, GP1BB, TENM3, MECP2, DYRK1A, CREBBP, DIS3L2, ERCC5, PPP1R12A, ASPH
HP:0002119	Ventriculomegaly	132	0.054749066777270844	1.7035891639652598	5.457440492717784e-10	4.221104537487808e-08	7.374573892220876	5.614069034858784e-06	NME5, ZBTB20, FANCL, NIPBL, TBCK, CIT, SETD2, FBN1, TRIM37, TBCE, CDK6, SETBP1, PSAP, SON, AKT3, CHD4, LARGE1, MAPRE2, WAC, GRIA3, THOC2, TRPS1, MCPH1, SPTBN1, JAM3, ZSWIM6, GRIK2, POGZ, PDE2A, HDAC8, RTTN, COG6, ARID1B, HYDIN, UBE4B, HECW2, PDHX, PIGN, DEAF1, NRCAM, CYFIP2, USP9X, PPP1R21, ACBD6, PCNT, KIDINS220, KANSL1, TRAPPC6B, WASF1, NEK10, ZNF148, BRD4, ATP11A, DNMT3A, NBAS, FANCM, CCDC88C, PIK3CA, TBL1XR1, HUWE1, MT-ATP6, EML1, TMX2, RHOBTB2, HIBCH, DPYSL5, IQSEC2, LUZP1, HNRNPU, ZNF292, MYT1L, PRNP, GLI3, RAB3GAP2, SV2A, DIAPH1, NFIA, PHACTR1, GNAO1, PI4KA, KMT5B, FARS2, GOSR2, ANTXR1, HERC2, B3GALNT2, ROBO1, CSPP1, TRRAP, PPP2CA, STRADA, ITPR1, GRIN1, RPS6KA3, TET3, CCDC39, ATP1A3, PAFAH1B1, ARMC9, CELF2, FIG4, SLC39A8, NEXMIF, CRPPA, DYNC2H1, HTT, WDR26, ATP6V1A, AFF3, NSD1, RERE, RSPH3, VPS53, EHMT1, HERC1, CFAP298, RRAS2, KMT2C, B3GLCT, CCDC88A, LIFR, CCND2, OPHN1, SNRPN, EXT1, GFM2, ZNF462, ANKRD11, IFT80, DYRK1A, ERCC5, RNASET2
HP:0004322	Short stature	265	0.10991289921194525	1.69595191825233	5.968380685123596e-19	1.7054647807740676e-16	15.768157244695992	6.1396732107866435e-15	CDK13, KCTD1, CAMK2B, BCL11A, ZBTB20, FANCL, NIPBL, TBC1D32, AFF4, CIT, MTR, BBS5, PDE4D, BMPR1A, SETD2, PHKB, FBN1, GABRG2, TRIM37, TBCE, KAT6A, CDK6, VPS13B, TAOK1, SON, GRM1, NALCN, FLNB, EXOC6B, VLDLR, SYNJ1, CACNA1A, CHD4, RAB3GAP1, PUM1, LARGE1, SMARCA2, MAPRE2, GRIA3, THOC2, TRPS1, MCPH1, RNPC3, WDR19, PIK3R1, PCCA, MAP3K7, MT-CO1, TSHR, POGZ, DYNC1I2, STIM1, DPP6, PDE3A, HDAC8, RNF216, RTTN, NPHP3, NTRK2, ARID1B, UBE4B, ZMYM2, ADARB1, FUT8, SCN8A, ARNT2, SPECC1L, DEAF1, NRCAM, MT-ND5, LRRC8C, CPLANE1, KAT6B, TMEM67, CYFIP2, WDPCP, USP9X, FRA10AC1, GRM7, PIK3C2A, RAD50, DISP1, NF1, EPG5, HACE1, DYM, PPP3CA, CLTC, FLCN, QRICH1, SCN1A, BPTF, MYSM1, SOS1, PCNT, ALMS1, KANSL1, MT-CO3, TRAPPC6B, SOS2, CDON, BRD4, ZNF148, CACNA2D1, GABRB2, NBAS, FANCM, PTEN, ATR, CNKSR2, PIK3CA, MAPK1, MEIS2, TBL1XR1, HUWE1, KMT2A, STAG1, PBX1, NCDN, FOXG1, INTS8, MT-ATP6, BRAF, WRN, DMXL2, NEK1, DPYSL5, IQSEC2, ATRX, LUZP1, HNRNPU, COG5, STAG2, KCNMA1, CDK19, SPRED1, SCN3A, SLC9A1, EYA1, TTC8, MYT1L, MT-CO2, GLI3, GABRA2, PEX3, RAB3GAP2, CWC27, ITCH, DIAPH1, WWOX, LMBRD1, EXT2, SMAD4, MBD5, GTF2I, SCAPER, RAP1GDS1, KCNH1, BBS1, AMMECR1, CHD7, LSS, HPRT1, ANTXR1, HERC2, PREPL, SIL1, HNRNPA2B1, PCLO, ROBO1, CSPP1, GRIN2A, SLC4A4, TRRAP, MED13L, GNPTAB, YWHAG, ITPR1, TMEM165, PTPN11, BCR, SDCCAG8, UBR1, AUTS2, JMJD1C, PPP1CB, GRIN1, RPS6KA3, BCAS3, IDS, JAK1, ATP1A3, FBXO11, CELF2, CTNND2, FIG4, EP300, TTC21B, SLC39A8, DYNC2H1, ZNF407, ANAPC1, CASK, INVS, UBE3A, KCNB1, ATP6V1A, FXR1, WLS, LEMD3, CUX1, SMARCE1, LMBR1, ATP8A2, MT-ATP8, FRYL, AFF3, NSD1, FGF12, RERE, NIN, STX16, ANKH, VPS53, EHMT1, ATM, RRAS2, PAK3, SPIDR, KMT2C, B3GLCT, LIFR, ALDH3A2, CACNA1B, ASCC3, CAMTA1, EXT1, SUFU, SNRPN, TOGARAM1, AP4S1, ANKRD17, IGF1R, MACF1, SPART, KCNA2, BBS9, ANKRD11, STS, GP1BB, IFT80, MT-ND4, MECP2, IQSEC1, CTNNA2, BBS2, MTX2, DYRK1A, CREBBP, SCLT1, MT-ND1, ERCC5, SDHC, ARSB, FAR1
HP:0002650	Scoliosis	212	0.0879303193695562	1.6959519182523297	2.890638193002064e-15	4.719999220859085e-13	12.326058073055876	2.9735995091412234e-11	SYT2, CDK13, COL25A1, ZBTB20, FANCL, TBCK, PDE4D, ZFPM2, FBN1, TBCE, VPS13B, SPTAN1, SETBP1, SON, NALCN, FLNB, PLCB1, EXOC6B, SYNJ1, RAB3GAP1, MEGF10, PUM1, PIGL, SMARCA2, PRKD1, RPGRIP1L, HECTD4, LARGE1, GRIA3, ARIH1, TRPS1, AHI1, GRB10, SPTBN1, GABBR1, SCN2A, ATL1, MAP3K7, POGZ, RYR3, DPP6, KCNT1, SYT1, TANC2, THSD4, JARID2, SPTBN4, ARID1B, ARL13B, SYNE1, UBE4B, ZMYM2, DEAF1, NRCAM, CPLANE1, KAT6B, SBF2, TMEM67, DCX, CDKL5, USP9X, PIK3C2A, PPP1R21, ANO5, DISP1, NF1, HACE1, DYM, FLCN, QRICH1, SCN1A, BPTF, TTC19, OXR1, ACBD6, MAP1B, SOS1, ALMS1, CAMSAP1, GAD1, KANSL1, HS2ST1, TCF20, SOS2, CDON, PIBF1, BRD4, ACTN2, DNMT3A, RNF13, NBAS, FANCM, PTEN, TRIO, ATR, PIK3CA, MAPK1, MEIS2, SLC12A5, TBL1XR1, HUWE1, KMT2A, STAG1, PACS1, FOXG1, BRAF, SETD5, NEK1, DPYSL5, IQSEC2, ATRX, LUZP1, HNRNPU, STAG2, PRKG1, CDK19, SPRED1, CNOT2, GNAQ, OTUD7A, RAB3GAP2, PRORP, PHACTR1, ATP2B1, DCC, DNM1L, EXT2, SMAD4, MBD5, GTF2I, CHST11, SLC35A3, KCNH1, BBS1, GOSR2, SETX, CHD7, LSS, ANTXR1, SMCHD1, HERC2, SACS, SIL1, APC, CADM3, CSPP1, TRRAP, NEDD4L, UNC80, KLHL7, GNPTAB, YWHAG, ITPR1, KIF21A, PTPN11, JMJD1C, AUTS2, SUZ12, PPP1CB, GRIN1, RPS6KA3, PCNT, NRXN1, PAFAH1B1, ARMC9, SNX14, CTNND2, EP300, TTC21B, DYNC2H1, ZNF407, SMAD3, HTT, CASK, DMD, UBE3A, WLS, LEMD3, TCF12, SMARCE1, CHRM3, VRK1, AFF3, NSD1, RERE, VPS53, EHMT1, HERC1, RRAS2, KMT2C, B3GLCT, SMARCC2, LIFR, ALDH3A2, CAMTA1, GDAP1, SUFU, SNRPN, TOGARAM1, DNAJC6, ANKRD17, GFM2, SLC25A21, ANKRD11, GP1BB, MECP2, KCNA1, DYRK1A, FGD4, CREBBP, SDHC, ASPH
HP:0005280	Depressed nasal bridge	194	0.080464537536292	1.6541806474152483	7.601352706636013e-13	9.421098228092128e-11	10.025898468056416	7.819511529316467e-09	GATAD2B, KCTD1, PRKAR1B, ASH1L, ZBTB20, FRAS1, NIPBL, DPYD, BBS5, PDE4D, BMPR1A, SETD2, FBN1, TRIM37, TBCE, TAOK1, SETBP1, CAMKMT, SON, AKT3, FLNB, EXOC6B, MED12L, RAB3GAP1, PIGL, MAPRE2, PRKD1, WAC, RPGRIP1L, CACNA1C, TRPS1, CDC73, RNPC3, GRIP1, WDR19, ZSWIM6, SCN2A, PIK3R1, BMPER, MAP3K7, POGZ, CDH11, RYR3, STIM1, PDE3A, HDAC8, MDH1, JARID2, ARID1B, UBE4B, SYNE1, HECW2, PIGN, SPECC1L, DEAF1, NRCAM, CPLANE1, KAT6B, TMEM67, CDKL5, USP9X, WDPCP, GRM7, PPP1R21, ANO5, PIK3C2A, MTAP, MED27, NF1, EPG5, DYM, MIPEP, ACBD6, PCNT, SOS1, ALMS1, GAD1, HS2ST1, TCF20, SOS2, KREMEN1, BRD4, DNMT3A, NBAS, TRIO, PTEN, ATR, PIK3CA, MAPK1, NSMCE2, HUWE1, KMT2A, FOXG1, ADAMTS3, DMXL2, BRAF, SETD5, RHOBTB2, NEK1, DPYSL5, IQSEC2, ATRX, LUZP1, STAG2, ZNF292, SPRED1, EYA1, HGSNAT, TTC8, GLI3, PEX3, RAB3GAP2, VPS33A, GNAO1, DICER1, EXT2, SMAD4, SCAPER, CHST11, KCNH1, RBPJ, BBS1, FOCAD, AMMECR1, CHD7, ANTXR1, TAB2, PREPL, PCLO, BTRC, CSPP1, TRRAP, RALGAPA1, MED13L, KLHL7, GNPTAB, TMEM165, KIF21A, PTPN11, SDCCAG8, AUTS2, PPP1CB, GRIN1, RPS6KA3, IDS, CDH2, SNX14, FIG4, EP300, TTC21B, NEXMIF, DYNC2H1, SMAD3, CASK, TRIP12, WDR26, LEMD3, TCF12, SLC17A5, LMBR1, SMARCE1, FRYL, AFF3, NSD1, RERE, STX16, NIN, FBXW4, ANKH, ALG9, RRAS2, PPM1B, B3GLCT, SMARCC2, LIFR, ASCC3, CCND2, SUFU, EXT1, IGF1R, MACF1, BBS9, ANKRD11, PRKACB, IFT80, MECP2, MTX2, KCNA1, BBS2, CREBBP, DIS3L2, SCLT1, ARSB, FAR1
HP:0000286	Epicanthus	202	0.08378266279552053	1.6389734766618493	4.519027599618096e-13	5.81090461465892e-11	10.235756253397447	4.6487236917271355e-09	CDK13, GATAD2B, KCTD1, BCL11A, PRKAR1B, ZBTB20, FANCL, NIPBL, TBCK, PDE4D, SETD2, FBN1, TRIM37, TBCE, KAT6A, SON, NALCN, FLNB, EXOC6B, CHD4, RFX7, PUM1, PIGL, SMARCA2, MAPRE2, WAC, RPGRIP1L, PPP1R12A, TRPS1, SRRM2, CDC73, AHI1, RNPC3, WDR19, ZSWIM6, SMC5, PIK3R1, BMPER, MAP3K7, POGZ, TRAPPC9, RYR3, RIC1, STIM1, PDE3A, SYT1, HDAC8, JARID2, COG6, ARID1B, UBE4B, HECW2, ZMYM2, PHF21A, PDHX, PIGN, SPECC1L, DEAF1, CPLANE1, KAT6B, TMEM67, PIK3C2A, PPP1R21, ANO5, MTAP, NF1, EPG5, DYM, ACBD6, BPTF, PCNT, SOS1, MAP1B, ALMS1, KANSL1, HS2ST1, SOS2, TCF20, DOCK3, GFRA1, ZNF148, PHIP, DNMT3A, NBAS, FANCM, PTEN, TRIO, ATR, PIK3CA, MAPK1, TRIM33, NSMCE2, KMT2A, PBX1, NCDN, FOXG1, ADAMTS3, DMXL2, BRAF, SETD5, RHOBTB2, NEK1, HIBCH, ATRX, LUZP1, HNRNPU, STAG2, ZNF292, BCL11B, SPRED1, HGSNAT, MICU1, GLI3, PEX3, CNTNAP2, RAB3GAP2, PRORP, REV3L, VPS33A, WWOX, LMBRD1, EXT2, SMAD4, GTF2I, CHST11, KMT5B, KCNH1, RBPJ, CERT1, FOCAD, AMMECR1, CHD7, ATP9A, ANTXR1, TAB2, PREPL, CLCN3, BTRC, CSPP1, TRRAP, MED13L, PPP2CA, UNC80, GNPTAB, TMEM165, TASP1, PTPN11, JMJD1C, AUTS2, PPP1CB, RPS6KA3, BCAS3, ABCA5, IDS, PAFAH1B1, FBXO11, SNX14, AP3B1, CTNND2, FIG4, EP300, TTC21B, DYNC2H1, ZNF407, SMAD3, CASK, TRIP12, UBE3A, LEMD3, TCF12, SLC17A5, LMBR1, SMARCE1, CAMK2A, FRYL, AFF3, NSD1, RERE, NIN, FBXW4, ANKH, VPS53, WDR37, RRAS2, ALG9, CCDC88A, LIFR, EXT1, SUFU, IGF1R, MACF1, ZNF462, SPART, ANKRD11, PRKACB, GP1BB, IFT80, MECP2, CREBBP, DIS3L2, ARSB, FAR1
HP:0000664	Synophrys	137	0.05682289506428868	1.590346216615873	3.2127585011055446e-08	1.8360914833818187e-06	5.736105683843872	0.00033049646700872737	ASH1L, ZBTB20, TBCK, NIPBL, AFF4, HIVEP2, PDE4D, SETD2, FBN1, TRIM37, TBCE, SETBP1, SLC4A10, FLNB, EXOC6B, SMARCA2, MAPRE2, WAC, RPGRIP1L, HECTD4, OGT, TRPS1, CDC73, SPTBN1, RNPC3, WDR19, ZSWIM6, PIK3R1, KCNN3, BMPER, MAP3K7, TRAPPC9, CDH11, STIM1, PDE3A, HDAC8, JARID2, ARID1B, MED13, PIGN, SPECC1L, DEAF1, CPLANE1, KAT6B, TMEM67, CDKL5, FRA10AC1, PPP1R21, ANO5, MTAP, MED27, NF1, DYM, BPTF, PCNT, SOS1, MAP1B, ALMS1, HS2ST1, SOS2, CDON, BRD4, PHIP, DNMT3A, NBAS, TRIO, DOCK7, ATR, MAPK1, NSMCE2, KMT2A, STAG1, PACS1, ADAMTS3, BRAF, SETD5, NEK1, IQSEC2, HNRNPU, ZNF292, KCNMA1, SPRED1, HGSNAT, GLI3, CNTNAP2, VPS33A, EXT2, SMAD4, MBD5, CHST11, KCNH1, RBPJ, CERT1, AMMECR1, SMCHD1, TAB2, CLCN3, BTRC, IL1RAPL1, GNPTAB, TMEM165, TASP1, PTPN11, PPP1CB, IDS, BCAS3, ABCA5, CDH2, FIG4, EP300, TTC21B, DYNC2H1, ZNF407, SMAD3, ZMYND11, LEMD3, TCF12, SLC17A5, LMBR1, SMARCE1, AFF3, NSD1, NIN, FBXW4, ANKH, EHMT1, ALG9, RRAS2, LIFR, EXT1, IGF1R, ANKRD11, PRKACB, IFT80, CREBBP, ARSB, FAR1
HP:0001382	Joint hypermobility	171	0.07092492741600996	1.5897525351930242	4.4309685825865957e-10	3.506259523774486e-08	7.455155941758526	4.558137380906831e-06	SYT2, CDK13, GATAD2B, BCL11A, DPYD, ZBTB20, NIPBL, BBS5, PDE4D, SETD2, FBN1, TRIM37, TBCE, VPS13B, SPTAN1, TAOK1, SON, SNAP25, FLNB, EXOC6B, GNB1, RFX7, RAB3GAP1, PUM1, SMARCA2, RPGRIP1L, GRIA3, THOC2, ARIH1, TRPS1, CDC73, SPTBN1, RNPC3, WDR19, ZSWIM6, PIK3R1, KCNN3, BMPER, MAP3K7, POGZ, STIM1, PDE3A, THSD4, SYT1, TANC2, HDAC8, JARID2, ARID1B, ZMYM2, TNRC6B, SPECC1L, DEAF1, CPLANE1, KAT6B, TMEM67, WDPCP, USP9X, PPP1R21, ANO5, MTAP, NF1, DYM, ACBD6, PCNT, SOS1, MAP1B, ALMS1, KANSL1, HS2ST1, SOS2, WASF1, PHIP, DNMT3A, RNF13, NBAS, PTEN, ATR, PIK3CA, MAPK1, TBL1XR1, TRIM33, NSMCE2, KMT2A, STAG1, BRAF, NEK1, DPYSL5, PRKG1, SPRED1, HGSNAT, TTC8, MICU1, GLI3, RAB3GAP2, VPS33A, EXT2, SMAD4, GTF2I, SCAPER, CHST11, RAP1GDS1, KCNH1, RBPJ, BBS1, FOCAD, AMMECR1, ANTXR1, TAB2, BTRC, NEDD4L, ADGRL1, IL1RAPL1, GNPTAB, YWHAG, STRADA, TMEM165, PTPN11, BCR, SDCCAG8, UBR1, MYO9A, SUZ12, JMJD1C, PPP1CB, RPS6KA3, IDS, TET3, FBXO11, CTNND2, FIG4, EP300, TTC21B, SLC39A8, DYNC2H1, SMAD3, UBE3A, MAMLD1, LEMD3, TCF12, SLC17A5, LMBR1, SMARCE1, CAMK2A, AFF3, NSD1, NIN, FBXW4, ANKH, EHMT1, HERC1, ALG9, RRAS2, B3GLCT, SMARCC2, LIFR, EXT1, TOGARAM1, IGF1R, ANKRD17, SPART, BBS9, ANKRD11, PRKACB, GP1BB, IFT80, BBS2, CREBBP, SCLT1, ARSB, FAR1, ASPH
HP:0001508	Failure to thrive	188	0.07797594359187059	1.5701138436451048	1.7727282829792306e-10	1.4931748429697793e-08	7.825889335683479	1.8236055847007346e-06	SYT2, ATXN7, COX10, DPYD, NDUFS1, NFASC, NIPBL, CIT, HIVEP2, MTR, BMPR1A, SETD2, DOCK11, MT-ND2, FBN1, GABRG2, ST3GAL5, TAOK1, SETBP1, PSAP, CAMKMT, SON, NALCN, SLC4A10, PLCB1, GNB1, SYNJ1, CACNA1A, RAB3GAP1, MEGF10, VPS45, SMARCA2, KIF1B, NR3C2, GRB10, SPTBN1, ZSWIM6, PIK3R1, SCN2A, PCCA, MAP3K7, MT-CO1, POGZ, RYR3, KCNT1, HDAC8, NPHP3, COG6, NTRK2, ARID1B, LRBA, UBE4B, AGTPBP1, PDHX, FUT8, SCN8A, MT-ND5, NRCAM, NDUFS4, CPLANE1, KAT6B, CYFIP2, CDKL5, GRM7, RARS2, DISP1, EPG5, DYM, CLTC, PPP3CA, FLCN, SCN1A, MIPEP, KANSL1, MT-CO3, FTO, CA12, CDON, LRPPRC, BRD4, CACNA2D1, GABRB2, RNF13, TRIO, PTEN, CNKSR2, PIK3CA, TBL1XR1, CUL3, ADCY5, SLC12A5, KMT2A, FOXP1, STAG1, PBX1, PACS1, FOXG1, MT-ATP6, BRAF, DMXL2, NDUFAF2, RHOBTB2, HIBCH, MT-CYB, LUZP1, STAG2, CDK19, TLL1, SCN3A, MYT1L, MT-CO2, GABRA2, PEX3, SV2A, NFIA, WWOX, LMBRD1, GNAO1, DNM1L, SMAD4, KMT5B, RBPJ, FOCAD, CHD7, ATP9A, PREPL, SIL1, ROBO1, CLCN3, CSPP1, MRPS28, NEDD4L, GNPTAB, YWHAG, STRADA, TMEM165, TASP1, UBR1, JMJD1C, CFTR, PPP1CB, GRIN1, TMEM106B, ABAT, JAK1, ATP1A3, FASTKD2, CELF2, EP300, NEXMIF, CASK, WDR26, KCNB1, ATP6V1A, LEMD3, SLC17A5, MT-ND3, CHRM3, VRK1, AFF3, FGF12, RERE, ADK, VPS53, EHMT1, ATM, ALG9, KMT2C, PPM1B, SMARCC2, CACNA1B, SNRPN, SLC25A21, RASGRP1, KCNA2, PRKACB, GP1BB, MT-ND4, MECP2, KCNA1, HEXB, DYRK1A, CREBBP, EGFR, MT-ND1, ERCC5, SDHC, LYRM4
HP:0000347	Micrognathia	152	0.06304437992534218	1.564639978412197	1.5131655972927542e-08	9.156432058441507e-07	6.038273722750454	0.00015565934499350563	COL25A1, GATAD2B, BCL11A, NFASC, DPYD, FANCL, TBCK, NIPBL, AFF4, PDE4D, SETD2, FBN1, TBCE, LMBRD2, VPS13B, SETBP1, NALCN, FLNB, RAB3GAP1, LARGE1, PIGL, MAPRE2, RPGRIP1L, HECTD4, CACNA1C, ARIH1, CHN1, TRPS1, GRB10, GRIP1, PIK3R1, SMC5, KCNN3, BMPER, MAP3K7, POGZ, RYR3, THSD4, HDAC8, ARID1B, PHF21A, TNRC6B, PIGN, SPECC1L, DEAF1, NRCAM, CPLANE1, KAT6B, TMEM67, NF1, EPG5, PPP3CA, FLCN, MIPEP, BPTF, PCNT, SOS1, KIDINS220, SOS2, LRPPRC, BRD4, ALDH1A2, PHIP, FANCM, TRIO, PTEN, ATR, PIK3CA, MAPK1, NSMCE2, HUWE1, KMT2A, STAG1, BRAF, SETD5, RHOBTB2, NEK1, DPYSL5, IQSEC2, ATRX, STAG2, HNRNPU, PRKG1, ZNF292, BCL11B, SPRED1, EYA1, CNOT2, PEX3, RAB3GAP2, CWC27, REV3L, WWOX, DICER1, EXT2, KDM5A, SMAD4, GTF2I, MBD5, PI4KA, KCNH1, FOCAD, AMMECR1, CHD7, ANTXR1, APC, ROBO1, CLCN3, CSPP1, TRRAP, NEDD4L, GNPTAB, KIF21A, PTPN11, JMJD1C, AUTS2, SUZ12, FBXO11, ARMC9, CPE, FIG4, EP300, DYNC2H1, SMAD3, CASK, WDR26, WLS, LEMD3, AFF3, NSD1, RERE, RARB, VPS53, ALG9, RRAS2, B3GLCT, LIFR, CHD6, CAMTA1, SNRPN, IGF1R, ANKRD11, GP1BB, IFT80, MECP2, MTX2, DYRK1A, CREBBP, DIS3L2, ERCC5, PPP1R12A, ASPH
HP:0000343	Long philtrum	160	0.06636250518457072	1.5622871363393969	7.067885080257085e-09	4.5159834671183e-07	6.345247656683393	7.270733382060464e-05	TBCK, NIPBL, AFF4, BBS5, PDE4D, SETD2, FBN1, TRIM37, TBCE, SETBP1, NALCN, SLC4A10, FLNB, EXOC6B, RFX7, SMARCA2, ARHGEF2, RPGRIP1L, HECTD4, MAPRE2, PPP1R12A, TRPS1, CDC73, RNPC3, WDR19, GABBR1, ZSWIM6, PIK3R1, BMPER, MAP3K7, CDH11, SLC9A7, RIC1, STIM1, PDE3A, HDAC8, ARID1B, UBE4B, SYNE1, PIGN, SPECC1L, PRKDC, CPLANE1, KAT6B, TMEM67, WDPCP, USP9X, PPP1R21, ANO5, MTAP, NF1, EPG5, DYM, CLTC, SCN1A, PCNT, SOS1, ALMS1, GAD1, HS2ST1, SOS2, BRD4, PHIP, DNMT3A, NBAS, TRIO, PTEN, ATR, MEIS2, MAPK1, NSMCE2, HUWE1, KMT2A, BRAF, SETD5, RHOBTB2, NEK1, LUZP1, STAG2, BCL11B, SPRED1, HGSNAT, CHD2, EXOC2, TTC8, GLI3, RAB3GAP2, VPS33A, WWOX, EXT2, SMAD4, GTF2I, SCAPER, CHST11, KCNH1, RBPJ, BBS1, AMMECR1, ANTXR1, TAB2, APC, PCLO, CLCN3, BTRC, MRPS28, GNPTAB, TMEM165, TASP1, PTPN11, UBR1, SDCCAG8, JMJD1C, SUZ12, PPP1CB, IDS, TET3, FBXO11, CDH2, SNX14, AP3B1, FIG4, EP300, TTC21B, NEXMIF, DYNC2H1, SMAD3, CASK, TRIP12, ATP6V1A, LEMD3, TCF12, SLC17A5, LMBR1, SMARCE1, FRYL, AFF3, NSD1, RERE, NIN, FBXW4, ANKH, ALG9, RRAS2, B3GLCT, LIFR, CAMTA1, EXT1, IGF1R, BBS9, ANKRD11, PRKACB, GP1BB, IFT80, TENM3, MTX2, BBS2, CREBBP, SCLT1, ARSB, FAR1
HP:0003577	Congenital onset	206	0.0854417254251348	1.5575346035684527	3.9134546696044295e-11	3.727565572798219e-09	8.428574707994633	4.0257708186220764e-07	SYT2, CDK13, COL25A1, ARHGEF9, CAMK2B, BCL11A, PRKAR1B, ASH1L, ZBTB20, FANCL, TRIM44, NIPBL, TBCK, CIT, HIVEP2, AFF4, BBS5, PDE4D, CATSPER2, DOCK11, ZFPM2, KIAA0825, FBN1, KAT6A, TBCE, CDK6, SPTAN1, DPYD, PSAP, NALCN, SLC4A10, FLNB, EXOC6B, VLDLR, CACNA1A, RAB3GAP1, MEGF10, LARGE1, ARHGEF2, PRKD1, RPGRIP1L, HECTD4, MAPRE2, TRPS1, MCPH1, CDC40, JAM3, MYO6, SIK3, WDR19, ZSWIM6, ELOVL4, MAP3K7, POGZ, TSHR, CDH11, DPP6, THSD4, NPHP3, SPTBN4, COG6, COA6, AGTPBP1, USP48, PDHX, FUT8, PIGN, OPA1, SPECC1L, SCN8A, NRCAM, LRRC8C, CPLANE1, TMEM67, WDPCP, DEPDC5, RARS2, NF1, EPG5, PPP3CA, QRICH1, MYSM1, PRKAG2, MSRB3, GAS2, DTNA, ALMS1, FTO, BSCL2, HS2ST1, GFRA1, LRPPRC, BRD4, ZNF148, DNMT3A, RNF13, CALM3, ATR, PIK3CA, MEIS2, STAG1, ADAMTS3, DMXL2, BRAF, ELP4, EML1, GLRB, PPIP5K2, STAG2, MARK3, BCL11B, TLL1, EXOC2, TTC8, KLHL24, GLI3, PEX3, RAB3GAP2, CWC27, ATCAY, ATP2B1, DCC, DICER1, EXT2, SLC35A3, ATP2B2, SLC25A12, ZBTB7A, BBS1, RBPJ, FOCAD, GOSR2, CHD7, LSS, ATP9A, TAB2, HERC2, B3GALNT2, PREPL, PCLO, SLC6A6, ROBO1, CSPP1, NEDD4L, ITPR1, TASP1, MYO9A, PPP1CB, GRIN1, TMEM106B, CCDC39, ATP1A3, PAFAH1B1, GLS, ARMC9, ATAD1, AP3B1, FIG4, COCH, EP300, CACNA1D, SLC39A8, SMAD3, REEP1, CASK, MAMLD1, ATP6V1A, WLS, LEMD3, TCF12, OTOF, LMBR1, ATP8A2, VRK1, RERE, RSPH3, NIN, ATP11C, RARB, ANKH, HERC1, ATP2A2, BRWD3, ALG9, CCDC88A, LIFR, ALDH3A2, GDAP1, SUFU, CCND2, IGF1R, GFM2, BBS9, LARS2, PRKACB, PKD1L1, GP1BB, STS, TENM3, MECP2, ADAMTS19, BBS2, DYRK1A, CREBBP, EGFR, ASPH
HP:0001763	Pes planus	154	0.06387391124014932	1.5406776318920794	3.302737659690769e-08	1.8770863152065712e-06	5.726515756491052	0.0003397526230523894	SYT2, FANCL, NIPBL, HIVEP2, GRIN2B, MTR, PDE4D, SETD2, FBN1, GABRG2, TRIM37, TBCE, KAT6A, VPS13B, SPTAN1, TAOK1, FLNB, EXOC6B, VLDLR, GNB1, MED12L, SMARCA2, MAPRE2, WAC, RPGRIP1L, GRIA3, CACNA1C, ARIH1, TRPS1, CDC73, RNPC3, FGF13, WDR19, ZSWIM6, SMC5, SCN2A, PIK3R1, KCNN3, BMPER, MAP3K7, SLC9A7, STIM1, PDE3A, THSD4, HDAC8, JARID2, ARID1B, SPECC1L, DEAF1, CPLANE1, KAT6B, SBF2, TMEM67, USP9X, PPP1R21, ANO5, MTAP, NF1, DYM, SCN1A, BPTF, PCNT, SOS1, ALMS1, KANSL1, BSCL2, HS2ST1, SOS2, ADGRV1, WASF1, ZNF148, DNMT3A, NBAS, FANCM, TRIO, ATR, TBL1XR1, MAPK1, NSMCE2, KMT2A, PACS1, FOXG1, BRAF, NEK1, IQSEC2, ATRX, STAG2, PRKG1, SPRED1, HGSNAT, GLI3, RAB3GAP2, CWC27, VPS33A, ATCAY, DCC, EXT2, SMAD4, GTF2I, CHST11, KCNH1, RBPJ, AMMECR1, CHD7, TAB2, SIL1, CADM3, BTRC, GNPTAB, TMEM165, PTPN11, BCR, PPP1CB, RPS6KA3, IDS, TET3, FBXO11, GABRA1, PRRT2, FIG4, EP300, TTC21B, DYNC2H1, SMAD3, DMD, UCHL1, LEMD3, TCF12, SLC17A5, LMBR1, SMARCE1, AFF3, NSD1, NIN, FBXW4, ANKH, EHMT1, HERC1, BRWD3, ALG9, RRAS2, LIFR, ASCC3, EXT1, SNRPN, AP4S1, IGF1R, ANKRD11, PRKACB, IFT80, CREBBP, ARSB, FAR1, ASPH
HP:0000668	Hypodontia	131	0.05433430111986728	1.5145226911612262	1.1459586996572545e-06	5.239323174832968e-05	4.28072481233314	0.011788477143374177	NIPBL, BBS5, PDE4D, SETD2, FBN1, GABRG2, TRIM37, TBCE, FLNB, EXOC6B, SYNJ1, CACNA1A, PIGL, RPGRIP1L, HECTD4, TRPS1, CDC73, RNPC3, WDR19, ZSWIM6, PIK3R1, KCNN3, BMPER, MAP3K7, STIM1, PDE3A, HDAC8, CEP85L, ARID1B, NTRK2, SCN8A, SPECC1L, CPLANE1, KAT6B, TMEM67, CYFIP2, WDPCP, PPP1R21, ANO5, MTAP, NF1, DYM, CLTC, PPP3CA, SCN1A, PCNT, SOS1, ALMS1, HS2ST1, SOS2, CACNA2D1, GABRB2, DNMT3A, RNF13, NBAS, ATR, CNKSR2, MAPK1, NSMCE2, KMT2A, FOXG1, BRAF, NEK1, CDK19, BCL11B, SPRED1, SCN3A, HGSNAT, TTC8, GLI3, GABRA2, UBE3C, VPS33A, WWOX, EXT2, SMAD4, GTF2I, SCAPER, CHST11, KCNH1, RBPJ, BBS1, AMMECR1, TAB2, APC, BTRC, GNPTAB, YWHAG, TMEM165, PTPN11, SDCCAG8, PPP1CB, RPS6KA3, IDS, ATP1A3, CELF2, FIG4, EP300, TTC21B, DYNC2H1, SMAD3, KCNB1, ATP6V1A, LEMD3, TCF12, SLC17A5, LMBR1, SMARCE1, AFF3, NSD1, FGF12, NIN, FBXW4, ANKH, ALG9, RRAS2, LIFR, CACNA1B, EXT1, IGF1R, KCNA2, BBS9, ANKRD11, PRKACB, IFT80, BBS2, MTX2, CREBBP, SCLT1, ARSB, FAR1
HP:0000365	Hearing impairment	144	0.05972625466611364	1.48766761773552	7.959343362207911e-07	3.755860787478568e-05	4.425290513410807	0.008187776516703278	SYT2, NME5, ZBTB20, FANCL, NIPBL, TBCK, AFF4, BBS5, PDE4D, SETD2, ST3GAL5, SETBP1, PSAP, SON, NALCN, SLC4A10, FLNB, CHD4, CACNA1A, PIGL, WAC, HECTD4, CACNA1C, CHN1, SPTBN1, ATL1, MAP3K7, GRIK2, CDH11, SPATA7, HDAC8, ARID1B, HYDIN, SYNE1, TNRC6B, NRCAM, KAT6B, TMEM67, WDPCP, USP9X, GRM7, PIK3C2A, DYM, EPB41L1, FLCN, SCN1A, TTC19, MYSM1, SOS1, MSRB3, KANSL1, NEK10, CALM3, FANCM, CALM1, PTEN, PIK3CA, TBL1XR1, HUWE1, PBX1, NDUFA9, MT-ATP6, BRAF, THRB, STAG2, COG5, SCN4B, SPRED1, EYA1, HGSNAT, MICU1, CNOT2, TTC8, AKAP9, GLI3, CNTNAP2, PEX3, RAB3GAP2, REV3L, UBE3C, SLC33A1, SMAD4, SCAPER, PI4KA, KCNH1, BBS1, FARS2, CERT1, AMMECR1, CHD7, LSS, ANTXR1, ANK2, SMCHD1, APC, PCLO, TRRAP, MED13L, L2HGDH, TASP1, PTPN11, JMJD1C, SDCCAG8, CFTR, PPP1CB, RPS6KA3, IDS, CCDC39, ATP1A3, SNX14, PRRT2, FIG4, EP300, CACNA1D, SLC39A8, ZNF407, CASK, EPHA10, CALM2, TCF12, SMARCE1, MT-ATP8, FRYL, NSD1, RERE, RSPH3, ANKH, EHMT1, CFAP298, SPIDR, KMT2C, B3GLCT, SMARCC2, ZNF462, BBS9, ANKRD11, GP1BB, BBS2, DYRK1A, CREBBP, SCLT1, ERCC5, SDHC, ARSB
HP:0000175	Cleft palate	161	0.06677727084197428	1.4774919463736071	2.7845560549767295e-07	1.3905207833760008e-05	4.856822515582232	0.0028644728137545614	NFASC, FANCL, FRAS1, NIPBL, TBC1D32, SELENOI, PDE4D, SETD2, FBN1, TRIM37, TBCE, KAT6A, SON, FLNB, EXOC6B, GNB1, MEGF10, LARGE1, PIGL, MAPRE2, RPGRIP1L, CHN1, TRPS1, CDC73, AHI1, RNPC3, WDR19, ZSWIM6, SCN2A, PIK3R1, KCNN3, BMPER, MAP3K7, POGZ, CDH11, RIC1, STIM1, PDE3A, HDAC8, JARID2, ARID1B, PIGN, ARNT2, SPECC1L, DEAF1, CPLANE1, KAT6B, TMEM67, CDKL5, USP9X, GRM7, PPP1R21, ANO5, MTAP, DISP1, NF1, EPG5, DYM, PPP3CA, ACBD6, PCNT, SOS1, ALMS1, KANSL1, GAD1, FTO, HS2ST1, SOS2, GFRA1, CDON, BRD4, DNMT3A, NBAS, FANCM, ATR, MEIS2, MAPK1, NSMCE2, KMT2A, DMXL2, BRAF, SETD5, NEK1, MT-CYB, DPYSL5, IQSEC2, STAG2, SPRED1, EYA1, HGSNAT, GLI3, REV3L, VPS33A, LMBRD1, DCC, GNAO1, EXT2, SMAD4, CHST11, KCNH1, RBPJ, AMMECR1, CHD7, SMCHD1, TAB2, B3GALNT2, BTRC, CSPP1, TRRAP, NEDD4L, GNPTAB, TMEM165, KIF21A, PTPN11, BCR, JMJD1C, PPP1CB, GRIN1, IDS, FBXO11, FIG4, EP300, TTC21B, CRPPA, SMAD3, DYNC2H1, CASK, DLG1, MAMLD1, WDR26, LEMD3, TCF12, SLC17A5, LMBR1, SMARCE1, AFF3, NSD1, RARB, NIN, FBXW4, ANKH, ALG9, RRAS2, B3GLCT, LIFR, ASCC3, EXT1, SUFU, SNRPN, IGF1R, ANKRD17, LARS2, ANKRD11, PRKACB, GP1BB, IFT80, KCNA1, CREBBP, ERCC5, ARSB, FAR1
